Region,Reef,Plot,TagID,Q,L,W,H,% Live,Colony Type,Isolates,RM Rank,RM1,RM2,RM3,Bleach Rank,R Present,W Present,Dmsl Rank,Snail Count,TS df,TS df juv,YT df,YT df juv
Florida Keys,Carysfort Reef,CF1,CF1-t023,01,75,60,55,60%,BC,,3,WBD,none,none,0,N,N,0,0,0,0,0,0
Florida Keys,Carysfort Reef,CF1,CF1-t024,01,72,55,57,75%,BC,,1,PFB,none,none,0,N,N,0,0,0,0,0,0
Florida Keys,Carysfort Reef,CF1,CF1-t025,01,85,75,52,85%,BC,,2,FS,none,none,0,N,N,0,4,0,0,0,0
Florida Keys,Carysfort Reef,CF1,CF1-t026,01,8,7,8,100%,JC,,0,none,none,none,0,N,N,0,0,0,0,0,0
Florida Keys,Carysfort Reef,CF1,CF1-t027,01,135,105,105,40%,BC,,2,RTL,FS,PFB,0,N,N,0,1,0,0,0,0
Florida Keys,Carysfort Reef,CF1,CF1-t028,01,34,16,28,90%,JC,,2,PFB,FS,none,0,N,N,0,1,0,0,0,0
Florida Keys,Carysfort Reef,CF1,CF1-t029,01,105,80,95,80%,BC,,0,none,none,none,0,N,N,0,0,0,0,0,0
Florida Keys,Carysfort Reef,CF1,CF1-t030,01,12,11,12,100%,JC,,0,none,none,none,0,N,N,0,0,0,0,0,0
Florida Keys,Carysfort Reef,CF1,CF1-t031,01,135,95,75,45%,BC,,2,RTL,FS,none,0,N,N,0,1,0,0,0,0
Florida Keys,Carysfort Reef,CF1,CF1-t032,01,90,40,70,15%,RC,,0,none,none,none,0,N,N,0,0,0,0,0,0
Florida Keys,Carysfort Reef,CF1,CF1-t033,01,240,120,120,65%,BC,,1,RTL,none,none,0,N,N,0,4,1,0,0,0
Florida Keys,Carysfort Reef,CF1,CF1-t034,01,60,60,80,90%,BC,,0,none,none,none,0,N,N,0,0,1,0,0,0
Florida Keys,Carysfort Reef,CF1,CF1-t035,01,20,14,4,75%,EC,,5,WBD,PFB,none,0,N,N,0,0,0,0,0,0
Florida Keys,Carysfort Reef,CF1,CF1-t036,01,120,80,60,10%,RC,,0,none,none,none,0,N,N,0,0,0,0,0,0
Florida Keys,Carysfort Reef,CF2,CF2-t038,01,220,180,90,40%,BC,,1,FS,none,none,0,N,N,1,3,1,0,0,0
Florida Keys,Carysfort Reef,CF2,CF2-t039,01,100,85,60,75%,BC,,1,FS,none,none,0,N,N,0,4,0,0,0,0
Florida Keys,Carysfort Reef,CF2,CF2-t040,01,125,80,55,65%,BC,,0,none,none,none,0,N,N,0,0,0,0,0,0
Florida Keys,Carysfort Reef,CF2,CF2-t041,01,115,50,75,35%,BC,,0,none,none,none,0,N,N,0,2,0,0,0,0
Florida Keys,Carysfort Reef,CF2,CF2-t042,01,45,32,10,55%,EC,,1,PFB,none,none,0,N,N,0,0,0,0,0,0
Florida Keys,Carysfort Reef,CF2,CF2-t043,01,110,83,63,98%,BC,,0,none,none,none,0,N,N,0,0,0,0,0,0
Florida Keys,Carysfort Reef,CF2,CF2-t044,01,100,90,50,50%,BC,,1,FS,none,none,0,N,N,0,2,0,0,0,0
Florida Keys,Carysfort Reef,CF2,CF2-t045,01,102,84,75,90%,BC,,0,none,none,none,0,N,N,3,0,1,0,0,0
Florida Keys,Carysfort Reef,CF2,CF2-t046,01,60,32,35,30%,BC,,0,none,none,none,0,N,N,0,0,0,0,0,0
Florida Keys,Carysfort Reef,CF2,CF2-t047,01,180,120,62,80%,BC,,0,none,none,none,0,N,N,1,0,1,0,0,0
Florida Keys,Carysfort Reef,CF2,CF2-t048,01,110,85,65,85%,BC,,0,none,none,none,0,N,N,1,0,0,0,0,0
Florida Keys,Carysfort Reef,CF2,CF2-t049,01,160,95,70,70%,BC,,3,FS,CB,CL,0,N,N,1,3,1,0,0,0
Florida Keys,Carysfort Reef,CF3,CF3-t087,01,38,30,30,95%,JC,,0,none,none,none,0,N,N,1,1,0,0,0,0
Florida Keys,Carysfort Reef,CF3,CF3-t088,01,380,280,150,80%,BC,,2,RTL,CL,none,0,N,N,3,0,10,0,0,0
Florida Keys,Carysfort Reef,CF3,CF3-t089,01,14,8,9,60%,EC,,0,none,none,none,0,N,N,0,0,0,0,0,0
Florida Keys,Carysfort Reef,CF3,CF3-t090,01,295,142,60,80%,BC,,2,RTL,none,none,0,N,N,3,1,4,0,0,0
Florida Keys,Carysfort Reef,CF3,CF3-t091,01,12,11,10,100%,JC,,0,none,none,none,0,N,N,0,0,0,0,0,0
Florida Keys,Carysfort Reef,CF3,CF3-t092,01,310,200,85,80%,BC,,2,RTL,none,none,0,N,N,3,1,6,0,0,0
Florida Keys,Carysfort Reef,CF3,CF3-t093,01,52,48,30,85%,BC,,0,none,none,none,0,N,N,2,0,1,0,0,0
Florida Keys,Carysfort Reef,CF3,CF3-t094,01,9,5,4,99%,EC,,1,FP,none,none,0,N,N,0,0,0,0,0,0
Florida Keys,Carysfort Reef,CF3,CF3-t095,01,215,132,88,80%,BC,,0,none,none,none,0,N,N,3,1,4,0,0,0
Florida Keys,Carysfort Reef,CF3,CF3-t096,01,100,90,70,90%,SF,,5,WPx,none,none,0,N,N,2,0,1,0,0,0
Florida Keys,Carysfort Reef,CF3,CF3-t097,01,51,30,30,15%,RC,,0,none,none,none,0,N,N,0,0,0,0,0,0
Florida Keys,Carysfort Reef,CF3,CF3-t098,01,32,22,16,99%,AF,,5,FS,none,none,0,N,N,0,1,0,0,0,0
Florida Keys,Elbow Reef,EL1,EL1-t050,01,17,11,7,100%,EC,,0,none,none,none,0,N,N,0,0,0,0,0,0
Florida Keys,Elbow Reef,EL1,EL1-t051,01,160,140,110,80%,BC,,2,WBD,none,none,0,N,N,1,0,3,0,0,0
Florida Keys,Elbow Reef,EL1,EL1-t052,01,270,160,70,85%,BC,,2,CL,none,none,0,N,N,1,0,4,0,0,0
Florida Keys,Elbow Reef,EL1,EL1-t053,01,80,80,45,99%,SF,,0,none,none,none,0,N,N,3,0,1,0,0,0
Florida Keys,Elbow Reef,EL1,EL1-t054,01,148,106,55,99%,BC,,0,none,none,none,0,N,Y,1,0,2,0,0,0
Florida Keys,Elbow Reef,EL1,EL1-t055,01,205,140,60,90%,BC,,0,none,none,none,1,N,N,1,0,1,0,0,0
Florida Keys,Elbow Reef,EL1,EL1-t056,01,140,89,6,80%,BC,,0,none,none,none,0,N,N,1,0,1,0,0,0
Florida Keys,Elbow Reef,EL1,EL1-t057,01,40,30,25,80%,SF,,0,none,none,none,0,N,N,0,0,0,0,0,0
Florida Keys,Elbow Reef,EL1,EL1-t058,01,45,40,45,75%,AF,,4,WBD,none,none,0,N,N,0,0,0,0,0,0
Florida Keys,Elbow Reef,EL1,EL1-t059,01,165,125,90,85%,BC,,2,WBD,none,none,1,N,N,1,0,1,0,0,0
Florida Keys,Elbow Reef,EL1,EL1-t060,01,45,35,35,99%,BC,,0,none,none,none,0,N,N,0,0,0,0,0,0
Florida Keys,Elbow Reef,EL1,EL1-t061,01,65,55,55,100%,BC,,0,none,none,none,0,Y,N,0,1,0,0,0,0
Florida Keys,Elbow Reef,EL1,EL1-t062,01,170,100,125,65%,BC,,1,RTL,none,none,0,N,N,0,0,0,0,0,0
Florida Keys,Elbow Reef,EL2,EL2-t063,01,22,17,17,85%,JC,,0,none,none,none,0,N,N,0,0,0,0,0,0
Florida Keys,Elbow Reef,EL2,EL2-t064,01,125,95,85,10%,RC,,0,none,none,none,0,N,N,0,0,0,0,0,0
Florida Keys,Elbow Reef,EL2,EL2-t065,01,102,85,82,80%,BC,,4,RTL,WBD,FS,1,N,N,0,2,0,0,0,0
Florida Keys,Elbow Reef,EL2,EL2-t066,01,110,95,85,65%,BC,,1,WBD,CB,none,0,N,N,0,0,0,0,0,0
Florida Keys,Elbow Reef,EL2,EL2-t067,01,85,40,35,40%,BC,,1,RTL,none,none,0,N,N,0,0,0,0,0,0
Florida Keys,Elbow Reef,EL2,EL2-t068,01,62,60,40,100%,BC,,0,none,none,none,0,N,N,0,0,0,0,0,0
Florida Keys,Elbow Reef,EL2,EL2-t069,01,140,70,65,70%,BC,,0,none,none,none,0,N,N,0,0,0,0,0,0
Florida Keys,Elbow Reef,EL2,EL2-t070,01,115,80,55,90%,BC,,0,none,none,none,1,N,N,0,0,0,0,0,0
Florida Keys,Elbow Reef,EL2,EL2-t071,01,110,60,60,15%,RC,,1,FS,none,none,0,N,N,0,2,0,0,0,0
Florida Keys,Elbow Reef,EL2,EL2-t072,01,105,80,20,20%,BC,,0,none,none,none,0,N,N,0,0,0,0,0,0
Florida Keys,Elbow Reef,EL2,EL2-t073,01,107,105,60,90%,BC,,0,none,none,none,0,N,N,0,0,0,0,0,0
Florida Keys,Elbow Reef,EL2,EL2-t074,01,29,26,20,90%,JC,,0,none,none,none,4,N,N,0,0,0,0,0,0
Florida Keys,Elbow Reef,EL3,EL3-t075,01,35,30,30,99%,JC,,0,none,none,none,0,N,N,0,0,0,0,0,0
Florida Keys,Elbow Reef,EL3,EL3-t076,01,157,135,110,65%,BC,,1,FS,CB,CL,0,N,N,1,1,1,0,0,0
Florida Keys,Elbow Reef,EL3,EL3-t077,01,85,45,55,85%,BC,,2,CB,none,none,0,N,N,0,0,0,0,0,0
Florida Keys,Elbow Reef,EL3,EL3-t078,01,70,55,50,85%,BC,,0,none,none,none,0,N,N,0,0,0,0,0,0
Florida Keys,Elbow Reef,EL3,EL3-t079,01,35,25,32,30%,RC,,0,none,none,none,0,N,N,0,0,0,0,0,0
Florida Keys,Elbow Reef,EL3,EL3-t080,01,13,8,12,95%,JC,,1,FS,none,none,2,N,N,0,1,0,0,0,0
Florida Keys,Elbow Reef,EL3,EL3-t081,01,142,129,130,50%,BC,,1,CL,none,none,0,N,N,0,0,0,0,0,0
Florida Keys,Elbow Reef,EL3,EL3-t082,01,28,27,29,25%,RC,,0,none,none,none,2,N,N,0,0,0,0,0,0
Florida Keys,Elbow Reef,EL3,EL3-t083,01,122,92,60,80%,BC,,2,FS,none,none,0,N,N,0,1,0,0,0,0
Florida Keys,Elbow Reef,EL3,EL3-t084,01,140,95,80,35%,BC,,1,RTL,FS,CL,0,N,N,0,5,0,0,0,0
Florida Keys,Elbow Reef,EL3,EL3-t085,01,30,30,38,20%,AF,,1,FS,none,none,0,N,N,0,1,0,0,0,0
Florida Keys,Elbow Reef,EL3,EL3-t086,01,152,110,62,80%,BC,,2,CL,WPx,none,0,N,N,0,0,0,0,0,0
Florida Keys,Elbow Reef,EL4,EL4-t153,01,155,112,65,70%,BC,,1,FS,CL,none,0,N,N,0,0,0,0,0,0
Florida Keys,Elbow Reef,EL4,EL4-t154,01,115,98,75,70%,BC,,0,none,none,none,0,Y,N,0,0,0,0,1,0
Florida Keys,Elbow Reef,EL4,EL4-t155,01,58,50,45,100%,BC,,0,none,none,none,0,Y,N,0,0,0,0,0,0
Florida Keys,Elbow Reef,EL4,EL4-t156,01,45,33,35,90%,BC,,0,none,none,none,0,N,N,0,0,0,0,0,0
Florida Keys,Elbow Reef,EL4,EL4-t157,01,12,7,11,100%,EC,,0,none,none,none,0,N,N,0,0,0,0,0,0
Florida Keys,Elbow Reef,EL4,EL4-t158,01,40,30,37,70%,BC,,0,none,none,none,0,N,N,0,1,0,0,0,0
Florida Keys,Elbow Reef,EL4,EL4-t159,01,90,55,45,75%,BC,,0,none,none,none,0,Y,N,0,0,0,0,0,0
Florida Keys,Elbow Reef,EL4,EL4-t160,01,33,29,30,95%,JC,,0,none,none,none,0,N,N,0,0,0,0,0,0
Florida Keys,Elbow Reef,EL4,EL4-t161,01,52,40,30,40%,BC,,0,none,none,none,0,Y,N,0,0,0,0,0,0
Florida Keys,Elbow Reef,EL4,EL4-t162,01,45,32,25,100%,BC,,0,none,none,none,0,N,N,0,0,0,0,0,0
Florida Keys,Elbow Reef,EL4,EL4-t163,01,75,55,60,85%,BC,,0,none,none,none,2,N,N,0,0,0,0,0,0
Florida Keys,Elbow Reef,EL4,EL4-t164,01,17,14,15,100%,JC,,0,none,none,none,0,N,N,0,0,0,0,0,0
Florida Keys,Elbow Reef,EL4,EL4-t165,01,11,6,9,100%,EC,,0,none,none,none,0,N,N,0,0,0,0,0,0
Florida Keys,Elbow Reef,EL4,EL4-t166,01,7,6,6,100%,EC,,0,none,none,none,0,N,N,0,0,0,0,0,0
Florida Keys,Elbow Reef,EL4,EL4-t167,01,8,7,9,100%,EC,,0,none,none,none,0,N,N,0,0,0,0,0,0
Florida Keys,Elbow Reef,EL4,EL4-t168,01,98,85,71,100%,BC,,0,none,none,none,0,N,N,0,0,0,0,0,0
Florida Keys,Elbow Reef,EL4,EL4-t169,01,45,25,30,65%,BC,,1,FS,none,none,1,N,N,0,2,0,0,0,0
Florida Keys,Elbow Reef,EL5,EL5-t170,01,23,15,27,100%,JC,,0,none,none,none,0,N,N,0,0,0,0,0,0
Florida Keys,Elbow Reef,EL5,EL5-t171,01,13,11,11,100%,JC,,0,none,none,none,0,N,N,0,0,0,0,0,0
Florida Keys,Elbow Reef,EL5,EL5-t172,01,24,21,14,100%,JC,,0,none,none,none,0,N,N,0,0,0,0,0,0
Florida Keys,Elbow Reef,EL5,EL5-t173,01,17,17,15,100%,JC,,0,none,none,none,1,N,N,0,0,0,0,0,0
Florida Keys,Elbow Reef,EL5,EL5-t174,01,43,26,37,90%,BC,,0,none,none,none,0,N,N,0,0,0,0,0,0
Florida Keys,Elbow Reef,EL5,EL5-t175,01,55,27,35,90%,BC,,0,none,none,none,0,N,N,0,0,0,0,0,0
Florida Keys,Elbow Reef,EL5,EL5-t176,01,23,14,16,60%,RC,,0,none,none,none,0,N,Y,0,0,0,0,0,0
Florida Keys,Elbow Reef,EL5,EL5-t177,01,57,51,35,85%,BC,,0,none,none,none,0,N,N,0,3,0,0,0,0
Florida Keys,Elbow Reef,EL5,EL5-t180,01,85,80,55,70%,BC,,0,none,none,none,0,N,N,0,0,0,0,0,0
Florida Keys,Elbow Reef,EL5,EL5-t181,01,85,72,45,90%,BC,,0,none,none,none,0,Y,N,0,2,0,0,0,0
Florida Keys,Elbow Reef,EL5,EL5-t182,01,27,21,20,95%,JC,,0,none,none,none,0,N,N,0,1,0,0,0,0
Florida Keys,Elbow Reef,EL5,EL5-t183,01,12,11,7,100%,EC,,0,none,none,none,0,N,N,0,0,0,0,0,0
Florida Keys,French Reef,FR1,FR1-t001,01,20,18,20,100%,JC,,0,none,none,none,1,N,N,1,0,1,0,0,0
Florida Keys,French Reef,FR1,FR1-t002,01,63,45,38,98%,BC,,5,FP,none,none,0,N,N,0,0,0,0,0,0
Florida Keys,French Reef,FR1,FR1-t003,01,16,14,13,100%,JC,,0,none,none,none,0,N,N,0,0,0,0,0,0
Florida Keys,French Reef,FR1,FR1-t004,01,120,105,103,40%,BC,,0,none,none,none,0,N,N,1,0,1,0,0,0
Florida Keys,French Reef,FR1,FR1-t005,01,150,130,70,75%,BC,,1,RTL,none,none,0,N,N,1,0,2,0,0,0
Florida Keys,French Reef,FR1,FR1-t006,01,180,145,90,85%,BC,,2,WPx,FS,none,0,N,N,1,4,1,0,0,0
Florida Keys,French Reef,FR1,FR1-t007,01,45,35,35,75%,RC,,0,none,none,none,0,N,N,0,0,0,0,0,0
Florida Keys,French Reef,FR1,FR1-t008,01,170,90,51,75%,BC,,4,RTL,FS,none,1,N,N,2,1,4,0,0,0
Florida Keys,French Reef,FR1,FR1-t009,01,205,165,70,80%,BC,,2,FP,none,none,0,N,N,1,0,2,0,0,0
Florida Keys,French Reef,FR1,FR1-t010,01,60,56,42,50%,BC,,0,none,none,none,0,N,N,0,0,1,0,0,0
Florida Keys,French Reef,FR1,FR1-t011,01,4,4,2,100%,EC,,0,none,none,none,0,N,N,0,0,0,0,0,0
Florida Keys,French Reef,FR1,FR1-t012,01,18,15,16,95%,JC,,0,none,none,none,0,N,N,0,0,0,0,0,0
Florida Keys,Key Largo Dry Rocks,KL1,KL1-t101,01,135,65,70,20%,BC,,1,RTL,FS,none,0,N,N,1,2,1,0,0,0
Florida Keys,Key Largo Dry Rocks,KL1,KL1-t102,01,155,110,65,60%,BC,,1,CL,none,none,0,N,N,1,1,1,0,0,0
Florida Keys,Key Largo Dry Rocks,KL1,KL1-t103,01,135,70,60,85%,BC,,0,none,none,none,2,N,N,2,1,1,0,0,0
Florida Keys,Key Largo Dry Rocks,KL1,KL1-t104,01,125,90,70,90%,BC,,0,none,none,none,0,N,N,1,0,2,0,0,0
Florida Keys,Key Largo Dry Rocks,KL1,KL1-t105,01,220,158,94,45%,BC,,0,none,none,none,0,N,N,1,0,1,0,0,0
Florida Keys,Key Largo Dry Rocks,KL1,KL1-t106,01,165,80,55,75%,BC,,0,none,none,none,0,N,N,1,0,1,0,0,0
Florida Keys,Key Largo Dry Rocks,KL1,KL1-t107,01,110,78,60,80%,BC,,0,none,none,none,0,N,N,2,0,2,0,0,0
Florida Keys,Key Largo Dry Rocks,KL1,KL1-t108,01,170,120,93,60%,BC,,0,none,none,none,0,N,N,2,0,2,0,0,0
Florida Keys,Key Largo Dry Rocks,KL1,KL1-t109,01,73,56,50,20%,RC,,0,none,none,none,0,N,N,0,0,0,0,0,0
Florida Keys,Key Largo Dry Rocks,KL1,KL1-t110,01,205,125,80,45%,BC,,1,FP,PFB,none,0,N,N,1,0,2,0,0,0
Florida Keys,Key Largo Dry Rocks,KL1,KL1-t111,01,79,50,45,90%,BC,,0,none,none,none,0,N,N,0,2,0,0,0,0
Florida Keys,Key Largo Dry Rocks,KL1,KL1-t112,01,45,34,22,90%,BC,,0,none,none,none,0,N,N,0,0,0,0,0,0
Florida Keys,Key Largo Dry Rocks,KL1,KL1-t113,01,85,50,50,15%,RC,,0,none,none,none,0,N,N,0,0,0,0,0,0
Florida Keys,Key Largo Dry Rocks,KL2,KL2-t114,01,43,35,30,60%,BC,,0,none,none,none,0,N,N,0,0,0,0,0,0
Florida Keys,Key Largo Dry Rocks,KL2,KL2-t115,01,20,18,17,40%,EC,,0,none,none,none,0,N,N,0,0,0,0,0,0
Florida Keys,Key Largo Dry Rocks,KL2,KL2-t116,01,13,7,10,100%,EC,,0,none,none,none,0,N,N,0,0,0,0,0,0
Florida Keys,Key Largo Dry Rocks,KL2,KL2-t117,01,95,55,40,25%,BC,,0,none,none,none,0,N,N,0,0,0,0,0,0
Florida Keys,Key Largo Dry Rocks,KL2,KL2-t118,01,92,60,70,70%,BC,,0,none,none,none,,N,N,0,0,0,0,0,0
Florida Keys,Key Largo Dry Rocks,KL2,KL2-t119,01,70,45,65,70%,RC,,0,none,none,none,0,N,N,0,0,0,0,0,0
Florida Keys,Key Largo Dry Rocks,KL2,KL2-t120,01,60,60,50,30%,BC,,1,RTL,none,none,0,N,N,0,0,0,0,0,0
Florida Keys,Key Largo Dry Rocks,KL2,KL2-t121,01,20,15,15,95%,JC,,3,RTL,none,none,0,N,N,0,0,0,0,0,0
Florida Keys,Key Largo Dry Rocks,KL2,KL2-t122,01,18,16,20,100%,JC,,0,none,none,none,,N,N,0,0,0,0,0,0
Florida Keys,Key Largo Dry Rocks,KL2,KL2-t123,01,95,63,55,75%,BC,,1,FS,none,none,0,N,N,0,7,0,0,0,0
Florida Keys,Key Largo Dry Rocks,KL2,KL2-t124,01,35,28,30,98%,JC,,0,none,none,none,,N,N,0,0,0,0,0,0
Florida Keys,Key Largo Dry Rocks,KL2,KL2-t125,01,23,22,33,30%,RC,,0,none,none,none,0,N,N,0,0,0,0,0,0
Florida Keys,Molasses Reef,ML1,ML1-t013,01,135,100,75,85%,BC,,0,none,none,none,0,N,Y,1,1,1,0,0,0
Florida Keys,Molasses Reef,ML1,ML1-t014,01,110,100,40,70%,BC,,1,FS,none,none,0,N,N,1,12,2,0,0,0
Florida Keys,Molasses Reef,ML1,ML1-t015,01,35,34,30,90%,JC,,2,CL,none,none,0,N,N,0,0,0,0,0,0
Florida Keys,Molasses Reef,ML1,ML1-t016,01,75,62,42,85%,BC,,2,FS,none,none,0,N,N,0,3,0,0,0,0
Florida Keys,Molasses Reef,ML1,ML1-t017,01,80,75,50,70%,BC,,0,none,none,none,0,N,N,3,0,1,0,0,0
Florida Keys,Molasses Reef,ML1,ML1-t018,01,200,145,100,90%,BC,,0,none,none,none,0,N,N,2,0,2,1,1,2
Florida Keys,Molasses Reef,ML1,ML1-t019,01,15,9,7,100%,AF,,0,none,none,none,0,N,N,0,0,0,0,0,0
Florida Keys,Molasses Reef,ML1,ML1-t020,01,230,140,105,45%,BC,,0,none,none,none,0,N,N,0,0,0,0,0,0
Florida Keys,Molasses Reef,ML1,ML1-t021,01,10,8,9,100%,JC,,0,none,none,none,0,N,N,0,0,0,0,0,0
Florida Keys,Molasses Reef,ML1,ML1-t022,01,20,15,24,100%,JC,,0,none,none,none,0,N,N,0,0,0,0,0,0
Florida Keys,Molasses Reef,ML2,ML2-t126,01,270,190,130,40%,BC,,1,FS,none,none,0,N,N,0,16,4,0,0,0
Florida Keys,Molasses Reef,ML2,ML2-t127,01,32,30,35,90%,JC,,0,none,none,none,0,Y,N,0,0,1,0,0,0
Florida Keys,Molasses Reef,ML2,ML2-t128,01,30,22,15,98%,EC,,0,none,none,none,0,Y,N,0,0,0,0,0,0
Florida Keys,Molasses Reef,ML2,ML2-t129,01,175,175,95,45%,BC,,1,FS,none,none,0,N,N,2,5,2,0,0,0
Florida Keys,Molasses Reef,ML2,ML2-t130,01,165,90,70,65%,BC,,3,FS,none,none,0,Y,N,3,15,1,1,0,0
Florida Keys,Molasses Reef,ML2,ML2-t131,01,185,120,65,70%,BC,,1,FS,none,none,0,Y,N,0,1,1,0,0,0
Florida Keys,Molasses Reef,ML2,ML2-t132,01,190,83,72,80%,BC,,0,none,none,none,0,Y,N,0,0,0,0,0,0
Florida Keys,Molasses Reef,ML2,ML2-t133,01,10,9,4,99%,EC,,4,PFB,none,none,2,N,N,0,0,0,0,0,0
Florida Keys,Molasses Reef,ML2,ML2-t134,01,60,50,30,40%,BC,,0,none,none,none,0,N,N,0,0,0,0,0,0
Florida Keys,Molasses Reef,ML2,ML2-t135,01,45,36,42,98%,BC,,0,none,none,none,0,N,N,0,0,0,0,0,0
Florida Keys,Molasses Reef,ML2,ML2-t136,01,37,33,20,90%,AF,,0,none,none,none,1,N,N,0,0,0,0,0,0
Florida Keys,Molasses Reef,ML2,ML2-t137,01,45,45,35,15%,RC,,0,none,none,none,0,Y,N,0,0,0,0,0,0
Florida Keys,Molasses Reef,ML2,ML2-t138,01,39,30,12,5%,RC,,0,none,none,none,0,N,N,0,0,0,0,0,0
Florida Keys,Molasses Reef,ML2,ML2-t139,01,11,10,9,75%,JC,,1,CL,none,none,0,N,N,0,0,0,0,0,0
Florida Keys,Molasses Reef,ML2,ML2-t140,01,21,16,11,75%,AF,,0,none,none,none,0,N,N,0,0,0,0,0,0
Florida Keys,Molasses Reef,ML2,ML2-t141,01,37,25,18,90%,JC,,0,none,none,none,0,N,N,0,0,0,0,0,0
Florida Keys,Molasses Reef,ML2,ML2-t142,01,35,35,35,25%,RC,,0,none,none,none,0,N,N,0,0,1,0,0,0
Florida Keys,Molasses Reef,ML2,ML2-t143,01,16,15,15,40%,RC,,0,none,none,none,0,N,N,0,0,0,0,0,0
Florida Keys,Molasses Reef,ML3,ML3-t144,01,135,110,80,85%,BC,,2,FS,CB,none,0,N,N,0,8,0,0,0,0
Florida Keys,Molasses Reef,ML3,ML3-t145,01,100,78,50,100%,BC,,0,none,none,none,0,Y,N,0,0,0,0,0,0
Florida Keys,Molasses Reef,ML3,ML3-t146,01,130,95,75,85%,BC,,0,none,none,none,0,Y,N,1,2,1,0,0,0
Florida Keys,Molasses Reef,ML3,ML3-t147,01,240,210,75,70%,BC,,1,FS,none,none,0,Y,N,2,7,1,0,0,0
Florida Keys,Molasses Reef,ML3,ML3-t148,01,97,70,55,98%,BC,,5,FS,none,none,0,Y,Y,2,5,1,0,0,0
Florida Keys,Molasses Reef,ML3,ML3-t150,01,31,22,21,100%,JC,,0,none,none,none,0,N,N,1,0,1,0,0,0
Florida Keys,Molasses Reef,ML3,ML3-t151,01,190,115,65,75%,BC,,1,FS,none,none,0,Y,N,0,4,1,0,0,0
Florida Keys,Molasses Reef,ML3,ML3-t152,01,90,85,40,100%,BC,,0,none,none,none,2,N,Y,1,0,1,0,0,0
Florida Keys,Molasses Reef,ML3,ML3-t184,01,180,160,75,99%,BC,,1,FP,none,none,0,N,N,0,0,1,0,0,0
Florida Keys,Molasses Reef,ML3,ML3-t185,01,11,11,6,100%,EC,,0,none,none,none,0,Y,N,0,0,0,0,0,0
Florida Keys,Molasses Reef,ML3,ML3-t186,01,25,22,10,95%,JC,,0,none,none,none,0,Y,N,0,0,0,0,0,0
Florida Keys,Carysfort Reef,CF1,CF1-t023,02,75,60,58,50%,BC,,1,WPx,none,none,0,N,N,0,0,0,0,0,0
Florida Keys,Carysfort Reef,CF1,CF1-t024,02,76,60,52,70%,BC,,1,RTL,none,none,0,N,N,0,0,0,0,0,0
Florida Keys,Carysfort Reef,CF1,CF1-t025,02,85,75,52,80%,BC,,4,FS,none,none,0,N,N,0,11,0,0,0,0
Florida Keys,Carysfort Reef,CF1,CF1-t026,02,9,8,8,100%,JC,,0,none,none,none,0,N,N,0,0,0,0,0,0
Florida Keys,Carysfort Reef,CF1,CF1-t027,02,140,105,107,30%,BC,,1,RTL,WPx,none,0,N,N,0,0,0,0,1,0
Florida Keys,Carysfort Reef,CF1,CF1-t028,02,37,20,30,70%,JC,,3,WPx,none,none,0,N,N,0,0,0,0,0,0
Florida Keys,Carysfort Reef,CF1,CF1-t029,02,113,80,95,80%,BC,,2,RTL,WPx,FS,0,N,N,0,1,0,0,1,1
Florida Keys,Carysfort Reef,CF1,CF1-t030,02,15,13,14,100%,JC,,0,none,none,none,0,N,N,0,0,0,0,0,0
Florida Keys,Carysfort Reef,CF1,CF1-t031,02,135,95,75,40%,BC,,2,WPx,FS,none,0,N,N,0,3,0,0,1,0
Florida Keys,Carysfort Reef,CF1,CF1-t032,02,90,40,70,10%,RC,,1,RTL,none,none,0,N,N,0,0,0,0,0,0
Florida Keys,Carysfort Reef,CF1,CF1-t033,02,240,123,120,65%,BC,,1,WPx,FS,none,0,N,N,0,4,1,0,0,0
Florida Keys,Carysfort Reef,CF1,CF1-t034,02,63,62,80,80%,BC,,4,RTL,WPx,none,0,N,N,0,0,1,0,0,0
Florida Keys,Carysfort Reef,CF1,CF1-t035,02,5,5,1,100%,EC,,0,none,none,none,0,N,N,0,0,0,0,0,0
Florida Keys,Carysfort Reef,CF1,CF1-t036,02,120,80,60,10%,RC,,1,RTL,none,none,0,N,N,0,0,0,0,0,0
Florida Keys,Carysfort Reef,CF2,CF2-t038,02,220,180,90,40%,BC,,1,FS,RTL,CB,0,N,N,1,10,1,0,1,0
Florida Keys,Carysfort Reef,CF2,CF2-t039,02,103,90,60,75%,BC,,1,FS,CL,none,0,N,N,0,8,0,0,1,0
Florida Keys,Carysfort Reef,CF2,CF2-t040,02,130,85,55,65%,BC,,1,WPx,CL,none,0,N,N,0,0,0,0,0,0
Florida Keys,Carysfort Reef,CF2,CF2-t041,02,115,55,75,35%,BC,,0,none,none,none,0,N,N,0,0,0,0,0,0
Florida Keys,Carysfort Reef,CF2,CF2-t042,02,45,33,10,55%,EC,,0,none,none,none,0,N,N,0,0,0,0,0,0
Florida Keys,Carysfort Reef,CF2,CF2-t043,02,117,85,63,99%,BC,,5,WPx,none,none,0,N,N,0,0,0,0,2,0
Florida Keys,Carysfort Reef,CF2,CF2-t044,02,105,94,50,40%,BC,,1,FS,WPx,CB,0,N,N,0,7,0,0,0,0
Florida Keys,Carysfort Reef,CF2,CF2-t045,02,105,85,75,90%,BC,,2,WPx,none,none,0,N,N,2,0,1,0,0,0
Florida Keys,Carysfort Reef,CF2,CF2-t046,02,61,32,35,30%,BC,,0,none,none,none,0,N,N,0,0,0,0,0,0
Florida Keys,Carysfort Reef,CF2,CF2-t047,02,185,110,63,80%,BC,,2,WPx,CL,none,0,N,N,0,0,1,0,1,0
Florida Keys,Carysfort Reef,CF2,CF2-t048,02,108,82,65,85%,BC,,0,none,none,none,0,N,N,0,0,0,0,1,0
Florida Keys,Carysfort Reef,CF2,CF2-t049,02,165,100,70,65%,BC,,1,FS,CL,none,0,N,N,1,1,1,0,0,0
Florida Keys,Carysfort Reef,CF3,CF3-t087,02,40,33,32,85%,BC,,5,FS,RTL,FP,0,N,N,0,2,0,0,0,0
Florida Keys,Carysfort Reef,CF3,CF3-t088,02,385,285,150,70%,BC,,2,RTL,FS,none,0,N,N,3,4,11,0,0,0
Florida Keys,Carysfort Reef,CF3,CF3-t089,02,11,8,9,70%,JC,,0,none,none,none,0,N,N,0,0,0,0,0,0
Florida Keys,Carysfort Reef,CF3,CF3-t090,02,307,145,61,75%,BC,,4,WPx,none,none,0,N,N,3,0,6,0,0,0
Florida Keys,Carysfort Reef,CF3,CF3-t091,02,14,13,12,100%,JC,,0,none,none,none,0,N,N,0,0,0,0,0,0
Florida Keys,Carysfort Reef,CF3,CF3-t092,02,310,200,85,70%,BC,,3,RTL,WPx,none,0,N,N,2,0,8,0,0,0
Florida Keys,Carysfort Reef,CF3,CF3-t093,02,57,50,33,90%,BC,,2,FS,none,none,0,N,N,1,2,1,0,0,0
Florida Keys,Carysfort Reef,CF3,CF3-t094,02,9,5,6,100%,EC,,0,none,none,none,0,N,N,0,0,0,0,0,0
Florida Keys,Carysfort Reef,CF3,CF3-t095,02,220,135,90,60%,BC,,5,RTL,FS,none,0,N,N,3,3,3,0,0,0
Florida Keys,Carysfort Reef,CF3,CF3-t096,02,110,97,65,15%,SF,,3,RTL,FS,none,0,N,N,1,3,1,0,0,0
Florida Keys,Carysfort Reef,CF3,CF3-t097,02,,,,,G,,,,,,,N,N,,,,,,
Florida Keys,Carysfort Reef,CF3,CF3-t098,02,32,18,18,75%,AF,,4,FS,none,none,0,N,N,0,3,0,0,0,0
Florida Keys,Elbow Reef,EL1,EL1-t050,02,17,11,7,100%,EC,,0,none,none,none,0,N,N,0,0,0,0,0,0
Florida Keys,Elbow Reef,EL1,EL1-t051,02,160,143,110,75%,BC,,1,RTL,WPx,none,0,N,N,2,0,2,0,1,0
Florida Keys,Elbow Reef,EL1,EL1-t052,02,275,163,70,85%,BC,,0,none,none,none,0,N,N,1,0,2,0,1,0
Florida Keys,Elbow Reef,EL1,EL1-t053,02,84,78,45,95%,SF,,3,FP,CL,none,0,N,N,0,0,0,0,0,0
Florida Keys,Elbow Reef,EL1,EL1-t054,02,153,118,57,99%,BC,,0,none,none,none,0,N,Y,2,0,2,0,1,0
Florida Keys,Elbow Reef,EL1,EL1-t055,02,205,142,61,90%,BC,,0,none,none,none,0,N,N,1,0,2,0,1,0
Florida Keys,Elbow Reef,EL1,EL1-t056,02,142,92,71,85%,BC,,2,CL,none,none,0,N,N,1,0,1,0,0,0
Florida Keys,Elbow Reef,EL1,EL1-t057,02,43,28,18,10%,SF,,2,RTL,none,none,0,N,N,0,0,0,0,0,0
Florida Keys,Elbow Reef,EL1,EL1-t058,02,43,42,48,65%,AF,,0,none,none,none,0,N,N,0,0,0,0,0,0
Florida Keys,Elbow Reef,EL1,EL1-t059,02,170,126,90,80%,BC,,2,WPx,CL,none,0,N,N,1,0,0,0,1,0
Florida Keys,Elbow Reef,EL1,EL1-t060,02,49,42,42,95%,BC,,2,CL,none,none,0,N,N,0,0,0,0,0,0
Florida Keys,Elbow Reef,EL1,EL1-t061,02,70,55,45,100%,BC,,0,none,none,none,0,N,N,0,0,0,0,0,0
Florida Keys,Elbow Reef,EL1,EL1-t062,02,170,100,125,65%,BC,,1,CL,none,none,0,N,N,0,0,0,0,0,0
Florida Keys,Elbow Reef,EL2,EL2-t063,02,26,19,17,85%,JC,,0,none,none,none,0,N,N,0,0,0,0,0,0
Florida Keys,Elbow Reef,EL2,EL2-t064,02,125,95,85,10%,RC,,0,none,none,none,0,N,N,0,0,0,0,0,0
Florida Keys,Elbow Reef,EL2,EL2-t065,02,107,90,85,70%,BC,,3,RTL,WBD,FS,0,N,N,0,3,0,0,0,0
Florida Keys,Elbow Reef,EL2,EL2-t066,02,112,95,85,60%,BC,,3,WPx,PFB,none,0,N,N,0,0,0,0,0,0
Florida Keys,Elbow Reef,EL2,EL2-t067,02,88,42,35,40%,BC,,0,none,none,none,0,N,N,0,0,0,0,0,0
Florida Keys,Elbow Reef,EL2,EL2-t068,02,65,65,40,98%,BC,,0,none,none,none,0,N,N,0,0,0,0,0,0
Florida Keys,Elbow Reef,EL2,EL2-t069,02,140,75,65,70%,BC,,0,none,none,none,0,N,N,0,0,0,0,0,0
Florida Keys,Elbow Reef,EL2,EL2-t070,02,118,85,56,80%,BC,,2,CL,none,none,0,N,N,0,0,0,0,0,0
Florida Keys,Elbow Reef,EL2,EL2-t071,02,105,65,60,15%,BC,,1,FS,none,none,0,N,N,0,4,0,0,0,0
Florida Keys,Elbow Reef,EL2,EL2-t072,02,105,80,20,20%,BC,,0,none,none,none,0,N,N,0,0,0,0,0,0
Florida Keys,Elbow Reef,EL2,EL2-t073,02,110,105,60,90%,BC,,0,none,none,none,0,N,N,0,0,0,0,0,0
Florida Keys,Elbow Reef,EL2,EL2-t074,02,35,35,20,99%,JC,,0,none,none,none,2,N,N,0,0,0,0,0,0
Florida Keys,Elbow Reef,EL3,EL3-t075,02,35,33,30,85%,JC,,0,none,none,none,0,N,N,0,0,0,0,0,0
Florida Keys,Elbow Reef,EL3,EL3-t076,02,160,137,110,65%,BC,,1,FS,none,none,0,N,N,0,2,0,0,1,0
Florida Keys,Elbow Reef,EL3,EL3-t077,02,88,48,55,85%,BC,,2,CL,none,none,0,N,N,0,0,0,0,1,0
Florida Keys,Elbow Reef,EL3,EL3-t078,02,70,57,50,85%,BC,,2,CL,none,none,0,N,N,0,0,0,0,0,0
Florida Keys,Elbow Reef,EL3,EL3-t079,02,35,25,32,35%,RC,,0,none,none,none,0,N,N,0,0,0,0,0,0
Florida Keys,Elbow Reef,EL3,EL3-t080,02,12,9,10,80%,JC,,2,FS,none,none,0,N,N,0,2,0,0,0,0
Florida Keys,Elbow Reef,EL3,EL3-t081,02,145,135,130,50%,BC,,1,WPx,none,none,0,N,N,0,0,0,0,0,0
Florida Keys,Elbow Reef,EL3,EL3-t082,02,27,26,23,20%,RC,,0,none,none,none,0,N,N,0,0,0,0,0,0
Florida Keys,Elbow Reef,EL3,EL3-t083,02,125,95,60,80%,BC,,2,FS,none,none,0,N,N,0,1,0,0,1,0
Florida Keys,Elbow Reef,EL3,EL3-t084,02,140,95,80,30%,BC,,1,FS,CL,none,0,N,N,0,5,0,0,1,0
Florida Keys,Elbow Reef,EL3,EL3-t085,02,30,30,25,25%,AF,,0,none,none,none,0,N,N,0,1,0,0,0,0
Florida Keys,Elbow Reef,EL3,EL3-t086,02,152,110,63,75%,BC,,1,CL,none,none,0,N,N,0,0,0,0,0,0
Florida Keys,Elbow Reef,EL4,EL4-t153,02,157,115,65,70%,BC,,1,CB,CL,none,0,N,N,0,0,0,0,0,0
Florida Keys,Elbow Reef,EL4,EL4-t154,02,105,95,75,70%,BC,,1,CL,none,none,0,N,N,0,0,0,0,0,0
Florida Keys,Elbow Reef,EL4,EL4-t155,02,60,55,45,99%,BC,,5,FP,none,none,0,N,N,0,0,0,0,0,0
Florida Keys,Elbow Reef,EL4,EL4-t156,02,41,36,26,90%,BC,,0,none,none,none,0,N,N,0,0,0,0,0,0
Florida Keys,Elbow Reef,EL4,EL4-t157,02,12,8,11,100%,EC,,0,none,none,none,0,N,N,0,0,0,0,0,0
Florida Keys,Elbow Reef,EL4,EL4-t158,02,40,30,37,70%,BC,,1,FS,CL,none,0,N,N,0,1,0,0,0,0
Florida Keys,Elbow Reef,EL4,EL4-t159,02,90,55,45,75%,BC,,0,none,none,none,0,N,N,0,0,0,0,0,0
Florida Keys,Elbow Reef,EL4,EL4-t160,02,34,28,30,95%,JC,,0,none,none,none,0,N,N,0,0,0,0,0,0
Florida Keys,Elbow Reef,EL4,EL4-t161,02,53,41,32,35%,BC,,1,FS,none,none,0,N,N,0,4,0,0,0,0
Florida Keys,Elbow Reef,EL4,EL4-t162,02,50,38,28,99%,BC,,0,none,none,none,0,N,N,0,0,0,0,0,0
Florida Keys,Elbow Reef,EL4,EL4-t163,02,75,60,65,95%,BC,,0,none,none,none,0,N,N,0,0,0,0,0,0
Florida Keys,Elbow Reef,EL4,EL4-t164,02,18,15,15,100%,JC,,0,none,none,none,0,N,N,0,0,0,0,0,0
Florida Keys,Elbow Reef,EL4,EL4-t165,02,11,9,9,100%,EC,,0,none,none,none,0,N,N,0,0,0,0,0,0
Florida Keys,Elbow Reef,EL4,EL4-t166,02,8,7,6,100%,EC,,0,none,none,none,0,N,N,0,0,0,0,0,0
Florida Keys,Elbow Reef,EL4,EL4-t167,02,10,8,9,100%,EC,,0,none,none,none,0,N,N,0,0,0,0,0,0
Florida Keys,Elbow Reef,EL4,EL4-t168,02,100,88,71,98%,BC,,1,FP,none,none,0,N,N,0,0,0,0,0,0
Florida Keys,Elbow Reef,EL4,EL4-t169,02,45,25,30,50%,BC,,2,FS,CB,none,0,N,N,0,4,0,0,0,0
Florida Keys,Elbow Reef,EL5,EL5-t170,02,24,19,27,100%,JC,,0,none,none,none,0,N,N,0,0,0,0,0,0
Florida Keys,Elbow Reef,EL5,EL5-t171,02,14,13,11,100%,JC,,0,none,none,none,0,N,N,0,0,0,0,0,0
Florida Keys,Elbow Reef,EL5,EL5-t172,02,24,21,16,100%,JC,,0,none,none,none,0,N,N,0,0,0,0,0,0
Florida Keys,Elbow Reef,EL5,EL5-t173,02,20,18,17,99%,JC,,0,none,none,none,0,N,N,0,0,0,0,0,0
Florida Keys,Elbow Reef,EL5,EL5-t174,02,43,26,37,90%,BC,,0,none,none,none,0,N,N,0,0,0,0,0,0
Florida Keys,Elbow Reef,EL5,EL5-t175,02,62,36,38,95%,BC,,0,none,none,none,0,N,N,0,0,0,0,0,0
Florida Keys,Elbow Reef,EL5,EL5-t176,02,23,14,16,60%,RC,,0,none,none,none,1,N,Y,0,0,0,0,0,0
Florida Keys,Elbow Reef,EL5,EL5-t177,02,60,51,35,85%,BC,,0,none,none,none,0,Y,N,0,1,0,0,0,0
Florida Keys,Elbow Reef,EL5,EL5-t180,02,87,80,55,70%,BC,,0,none,none,none,0,Y,N,0,0,0,0,0,0
Florida Keys,Elbow Reef,EL5,EL5-t181,02,85,75,45,90%,BC,,2,FS,none,none,1,N,N,0,1,0,0,0,0
Florida Keys,Elbow Reef,EL5,EL5-t182,02,28,24,20,90%,JC,,0,none,none,none,0,N,N,0,0,0,0,0,0
Florida Keys,Elbow Reef,EL5,EL5-t183,02,13,11,7,100%,EC,,0,none,none,none,0,N,N,0,0,0,0,0,0
Florida Keys,French Reef,FR1,FR1-t001,02,21,18,20,100%,JC,,0,none,none,none,0,N,N,1,0,1,0,0,0
Florida Keys,French Reef,FR1,FR1-t002,02,65,45,38,99%,BC,,0,none,none,none,0,N,N,0,1,0,0,0,0
Florida Keys,French Reef,FR1,FR1-t003,02,19,16,17,75%,JC,,5,RTL,none,none,0,N,N,0,0,0,0,0,0
Florida Keys,French Reef,FR1,FR1-t004,02,122,105,105,35%,BC,,1,WPx,none,none,0,N,Y,1,0,1,0,0,0
Florida Keys,French Reef,FR1,FR1-t005,02,150,135,70,75%,BC,,1,WPx,none,none,0,N,N,1,0,1,0,0,0
Florida Keys,French Reef,FR1,FR1-t006,02,182,150,90,80%,BC,,4,WPx,FS,none,0,N,N,1,2,1,0,0,0
Florida Keys,French Reef,FR1,FR1-t007,02,45,35,35,75%,RC,,0,none,none,none,0,N,N,0,0,1,0,0,0
Florida Keys,French Reef,FR1,FR1-t008,02,173,90,53,60%,BC,,1,Oth,none,none,0,N,N,1,0,3,0,0,0
Florida Keys,French Reef,FR1,FR1-t009,02,205,165,70,75%,BC,,1,WPx,CB,none,0,N,N,1,0,3,0,0,0
Florida Keys,French Reef,FR1,FR1-t010,02,60,56,42,55%,BC,,0,none,none,none,0,N,N,1,0,1,0,0,0
Florida Keys,French Reef,FR1,FR1-t011,02,4,4,2,100%,EC,,0,none,none,none,0,N,N,0,0,0,0,0,0
Florida Keys,French Reef,FR1,FR1-t012,02,20,18,18,98%,JC,,0,none,none,none,1,N,N,0,0,0,0,0,0
Florida Keys,Key Largo Dry Rocks,KL1,KL1-t101,02,135,65,70,10%,BC,,1,FS,RTL,none,0,N,N,1,4,1,0,0,0
Florida Keys,Key Largo Dry Rocks,KL1,KL1-t102,02,155,110,67,60%,BC,,1,RTL,CL,none,0,N,N,1,0,2,0,1,0
Florida Keys,Key Largo Dry Rocks,KL1,KL1-t103,02,138,65,63,85%,BC,,2,WPx,none,none,0,N,N,2,0,1,1,0,0
Florida Keys,Key Largo Dry Rocks,KL1,KL1-t104,02,130,105,70,95%,BC,,3,WPx,CL,none,0,N,N,1,0,1,0,0,0
Florida Keys,Key Largo Dry Rocks,KL1,KL1-t105,02,220,158,94,45%,BC,,1,CL,none,none,0,N,N,0,0,0,0,0,0
Florida Keys,Key Largo Dry Rocks,KL1,KL1-t106,02,165,80,57,80%,BC,,2,WPx,none,none,0,N,N,1,0,1,0,0,0
Florida Keys,Key Largo Dry Rocks,KL1,KL1-t107,02,115,80,60,80%,BC,,0,none,none,none,0,N,N,2,0,2,0,0,0
Florida Keys,Key Largo Dry Rocks,KL1,KL1-t108,02,170,120,95,60%,BC,,1,RTL,WPx,none,0,N,N,2,0,2,0,0,0
Florida Keys,Key Largo Dry Rocks,KL1,KL1-t109,02,73,56,50,20%,RC,,0,none,none,none,0,N,N,0,0,0,0,0,0
Florida Keys,Key Largo Dry Rocks,KL1,KL1-t110,02,205,127,82,40%,BC,,2,WPx,none,none,0,N,N,1,0,2,0,0,0
Florida Keys,Key Largo Dry Rocks,KL1,KL1-t111,02,79,50,45,90%,BC,,0,none,none,none,0,N,N,0,1,0,1,0,0
Florida Keys,Key Largo Dry Rocks,KL1,KL1-t112,02,45,41,22,90%,BC,,0,none,none,none,0,N,N,0,0,0,0,0,0
Florida Keys,Key Largo Dry Rocks,KL1,KL1-t113,02,92,50,50,15%,RC,,0,none,none,none,0,N,N,0,0,0,0,0,0
Florida Keys,Key Largo Dry Rocks,KL2,KL2-t114,02,42,33,30,65%,BC,,0,none,none,none,0,N,N,0,0,0,0,0,0
Florida Keys,Key Largo Dry Rocks,KL2,KL2-t115,02,14,8,17,85%,JC,,0,none,none,none,0,N,N,0,0,0,0,0,0
Florida Keys,Key Largo Dry Rocks,KL2,KL2-t116,02,12,8,7,90%,EC,,0,none,none,none,0,N,N,0,0,0,0,0,0
Florida Keys,Key Largo Dry Rocks,KL2,KL2-t117,02,95,55,40,20%,BC,,1,WPx,none,none,0,N,N,0,0,0,0,0,0
Florida Keys,Key Largo Dry Rocks,KL2,KL2-t118,02,94,63,70,70%,BC,,1,WPx,none,none,0,N,N,0,0,0,0,0,0
Florida Keys,Key Largo Dry Rocks,KL2,KL2-t119,02,70,45,67,70%,RC,,0,none,none,none,0,N,N,0,0,0,0,0,0
Florida Keys,Key Largo Dry Rocks,KL2,KL2-t120,02,65,62,53,30%,BC,,1,CL,none,none,0,N,N,0,0,0,0,0,0
Florida Keys,Key Largo Dry Rocks,KL2,KL2-t121,02,,,,0%,D,,,,,,,N,N,,,,,,
Florida Keys,Key Largo Dry Rocks,KL2,KL2-t122,02,18,16,23,100%,JC,,0,none,none,none,0,N,N,0,0,0,0,0,0
Florida Keys,Key Largo Dry Rocks,KL2,KL2-t123,02,99,66,55,65%,BC,,3,FS,RTL,none,0,N,N,0,5,0,0,0,0
Florida Keys,Key Largo Dry Rocks,KL2,KL2-t124,02,37,30,33,98%,JC,,0,none,none,none,0,N,N,0,0,0,0,0,0
Florida Keys,Key Largo Dry Rocks,KL2,KL2-t125,02,23,24,32,30%,RC,,1,PFB,none,none,0,N,N,0,0,0,0,0,0
Florida Keys,Molasses Reef,ML1,ML1-t013,02,140,105,78,85%,BC,,2,CL,none,none,0,N,Y,1,0,1,0,1,1
Florida Keys,Molasses Reef,ML1,ML1-t014,02,113,104,40,75%,BC,,1,FS,none,none,0,N,N,1,14,1,0,0,0
Florida Keys,Molasses Reef,ML1,ML1-t015,02,36,33,33,85%,JC,,0,none,none,none,0,N,N,0,0,0,0,0,0
Florida Keys,Molasses Reef,ML1,ML1-t016,02,79,65,43,85%,BC,,2,FS,none,none,0,N,Y,0,2,0,0,1,0
Florida Keys,Molasses Reef,ML1,ML1-t017,02,85,72,53,75%,BC,,1,CL,none,none,0,N,N,3,0,1,0,0,0
Florida Keys,Molasses Reef,ML1,ML1-t018,02,205,145,100,90%,BC,,0,none,none,none,0,N,N,2,0,1,0,1,3
Florida Keys,Molasses Reef,ML1,ML1-t019,02,16,10,5,95%,AF,,0,none,none,none,0,N,N,0,2,0,0,0,0
Florida Keys,Molasses Reef,ML1,ML1-t020,02,230,140,105,40%,BC,,2,WPx,FS,CB,0,Y,N,0,3,0,0,1,0
Florida Keys,Molasses Reef,ML1,ML1-t021,02,11,10,13,100%,JC,,0,none,none,none,0,N,N,0,0,0,0,0,0
Florida Keys,Molasses Reef,ML1,ML1-t022,02,23,16,25,100%,JC,,0,none,none,none,0,N,N,0,0,1,0,0,0
Florida Keys,Molasses Reef,ML2,ML2-t126,02,270,190,133,40%,BC,,2,FS,RTL,CB,0,Y,N,1,15,2,0,0,0
Florida Keys,Molasses Reef,ML2,ML2-t127,02,32,32,38,85%,JC,,0,none,none,none,0,Y,N,0,0,1,0,0,0
Florida Keys,Molasses Reef,ML2,ML2-t128,02,34,24,17,98%,JC,,0,none,none,none,0,N,N,0,0,0,0,0,0
Florida Keys,Molasses Reef,ML2,ML2-t129,02,175,175,100,45%,BC,,1,FS,CB,WPx,2,N,N,2,5,2,0,0,0
Florida Keys,Molasses Reef,ML2,ML2-t130,02,170,90,70,60%,BC,,3,FS,WPx,none,0,Y,N,2,12,1,0,0,0
Florida Keys,Molasses Reef,ML2,ML2-t131,02,187,125,65,70%,BC,,1,FS,CB,none,0,Y,N,0,1,2,1,0,0
Florida Keys,Molasses Reef,ML2,ML2-t132,02,193,83,72,75%,BC,,3,WPx,none,none,0,Y,N,1,0,1,0,0,0
Florida Keys,Molasses Reef,ML2,ML2-t133,02,13,11,5,0%,D,,2,RTL,none,none,,N,N,,0,0,0,0,0
Florida Keys,Molasses Reef,ML2,ML2-t134,02,60,52,30,30%,BC,,1,WPx,FS,none,0,Y,N,0,2,0,0,0,0
Florida Keys,Molasses Reef,ML2,ML2-t135,02,47,37,42,95%,BC,,0,none,none,none,1,Y,N,0,0,0,0,0,0
Florida Keys,Molasses Reef,ML2,ML2-t136,02,37,33,22,80%,AF,,5,WPx,FS,none,0,N,N,0,1,0,0,0,0
Florida Keys,Molasses Reef,ML2,ML2-t137,02,47,45,33,15%,RC,,0,none,none,none,1,N,N,0,0,0,0,0,0
Florida Keys,Molasses Reef,ML2,ML2-t138,02,37,30,15,5%,RC,,2,RTL,none,none,0,N,N,0,0,0,0,0,0
Florida Keys,Molasses Reef,ML2,ML2-t139,02,10,9,10,50%,EC,,0,none,none,none,0,N,N,0,0,0,0,0,0
Florida Keys,Molasses Reef,ML2,ML2-t140,02,21,16,11,70%,AF,,3,WPx,none,none,0,N,N,0,0,0,0,0,0
Florida Keys,Molasses Reef,ML2,ML2-t141,02,37,25,18,80%,JC,,4,WPx,none,none,0,N,N,0,0,0,0,0,0
Florida Keys,Molasses Reef,ML2,ML2-t142,02,36,33,32,25%,RC,,0,none,none,none,0,N,N,0,0,1,0,0,0
Florida Keys,Molasses Reef,ML2,ML2-t143,02,9,5,2,80%,EC,,0,none,none,none,0,N,N,0,0,0,0,0,0
Florida Keys,Molasses Reef,ML3,ML3-t144,02,140,112,80,80%,BC,,2,FS,none,none,0,Y,N,0,4,0,0,1,0
Florida Keys,Molasses Reef,ML3,ML3-t145,02,105,78,50,100%,BC,,0,none,none,none,0,N,N,0,0,0,0,0,0
Florida Keys,Molasses Reef,ML3,ML3-t146,02,137,100,75,85%,BC,,0,none,none,none,2,Y,N,1,3,1,0,0,0
Florida Keys,Molasses Reef,ML3,ML3-t147,02,240,210,75,70%,BC,,1,FS,none,none,1,N,Y,0,3,3,0,1,0
Florida Keys,Molasses Reef,ML3,ML3-t148,02,100,72,55,95%,BC,,3,FS,none,none,0,N,N,0,11,1,0,1,0
Florida Keys,Molasses Reef,ML3,ML3-t150,02,31,22,22,100%,JC,,0,none,none,none,0,Y,N,0,0,0,0,0,0
Florida Keys,Molasses Reef,ML3,ML3-t151,02,195,115,67,75%,BC,,1,FS,none,none,0,Y,N,1,5,1,0,1,0
Florida Keys,Molasses Reef,ML3,ML3-t152,02,95,85,45,100%,BC,,0,none,none,none,0,Y,N,0,0,0,0,0,0
Florida Keys,Molasses Reef,ML3,ML3-t184,02,183,163,75,99%,BC,,1,RTL,none,none,0,Y,N,1,0,1,0,0,0
Florida Keys,Molasses Reef,ML3,ML3-t185,02,12,10,6,100%,EC,,0,none,none,none,3,N,N,0,0,0,0,0,0
Florida Keys,Molasses Reef,ML3,ML3-t186,02,26,22,10,95%,JC,,0,none,none,none,1,Y,N,0,0,0,0,0,0
Florida Keys,Carysfort Reef,CF1,CF1-t023,03,75,63,60,40%,BC,,1,RTL,none,none,0,N,N,0,0,0,0,1,0
Florida Keys,Carysfort Reef,CF1,CF1-t024,03,76,61,52,70%,BC,,1,Oth,none,none,0,N,N,0,0,0,0,1,0
Florida Keys,Carysfort Reef,CF1,CF1-t025,03,90,75,55,70%,BC,,3,FS,none,none,0,N,N,0,16,0,0,0,0
Florida Keys,Carysfort Reef,CF1,CF1-t026,03,10,7,10,90%,JC,,5,PFB,none,none,0,N,N,0,0,0,0,0,0
Florida Keys,Carysfort Reef,CF1,CF1-t027,03,143,110,110,30%,BC,,1,RTL,none,none,0,N,N,0,0,0,0,1,0
Florida Keys,Carysfort Reef,CF1,CF1-t028,03,35,17,27,70%,JC,,1,FS,none,none,0,N,N,0,1,0,0,0,0
Florida Keys,Carysfort Reef,CF1,CF1-t029,03,118,80,95,75%,BC,,1,CL,none,none,0,N,N,0,0,0,0,2,1
Florida Keys,Carysfort Reef,CF1,CF1-t030,03,19,14,17,100%,JC,,0,none,none,none,0,N,N,0,0,0,0,0,0
Florida Keys,Carysfort Reef,CF1,CF1-t031,03,135,95,75,35%,BC,,1,RTL,FS,none,0,N,N,0,3,0,0,1,0
Florida Keys,Carysfort Reef,CF1,CF1-t032,03,90,40,70,5%,RC,,1,PFB,none,none,0,N,N,0,0,0,0,0,0
Florida Keys,Carysfort Reef,CF1,CF1-t033,03,240,123,120,60%,BC,,1,RTL,CL,FS,0,N,N,1,5,1,0,1,0
Florida Keys,Carysfort Reef,CF1,CF1-t034,03,64,64,80,75%,BC,,1,WBD,none,none,0,N,N,1,0,1,0,1,0
Florida Keys,Carysfort Reef,CF1,CF1-t035,03,5,5,1,100%,EC,,0,none,none,none,0,N,N,0,0,0,0,0,0
Florida Keys,Carysfort Reef,CF1,CF1-t036,03,120,80,60,10%,RC,,0,none,none,none,0,N,N,0,0,0,0,1,0
Florida Keys,Carysfort Reef,CF2,CF2-t038,03,220,182,90,40%,BC,,1,RTL,FS,none,0,N,N,1,7,1,0,1,0
Florida Keys,Carysfort Reef,CF2,CF2-t039,03,106,93,55,75%,BC,,1,Oth,FS,none,0,N,N,0,5,0,0,1,0
Florida Keys,Carysfort Reef,CF2,CF2-t040,03,135,90,57,60%,BC,,2,WPx,CL,none,0,N,N,0,0,0,0,0,0
Florida Keys,Carysfort Reef,CF2,CF2-t041,03,118,55,75,35%,BC,,1,FS,none,none,0,N,N,0,1,0,0,1,0
Florida Keys,Carysfort Reef,CF2,CF2-t042,03,45,33,10,55%,EC,,0,none,none,none,0,N,N,0,0,0,0,0,0
Florida Keys,Carysfort Reef,CF2,CF2-t043,03,120,87,63,98%,BC,,0,none,none,none,0,N,N,0,0,0,0,0,0
Florida Keys,Carysfort Reef,CF2,CF2-t044,03,105,95,50,40%,BC,,1,FS,none,none,0,N,N,0,11,0,0,0,0
Florida Keys,Carysfort Reef,CF2,CF2-t045,03,115,85,75,95%,BC,,0,none,none,none,0,N,N,2,0,1,0,0,0
Florida Keys,Carysfort Reef,CF2,CF2-t046,03,62,32,35,30%,BC,,1,PFB,none,none,0,N,N,0,0,0,0,0,0
Florida Keys,Carysfort Reef,CF2,CF2-t047,03,185,115,65,75%,BC,,1,PFB,none,none,0,N,N,0,0,1,0,1,0
Florida Keys,Carysfort Reef,CF2,CF2-t048,03,113,80,67,85%,BC,,0,none,none,none,0,N,N,0,0,0,1,1,0
Florida Keys,Carysfort Reef,CF2,CF2-t049,03,167,100,70,65%,BC,,1,RTL,FS,CL,0,N,N,1,4,1,0,1,0
Florida Keys,Carysfort Reef,CF3,CF3-t087,03,42,35,27,80%,BC,,2,FS,none,none,0,N,N,0,2,1,0,0,0
Florida Keys,Carysfort Reef,CF3,CF3-t088,03,390,285,150,65%,BC,,1,RTL,FS,CL,0,N,N,3,3,10,2,1,0
Florida Keys,Carysfort Reef,CF3,CF3-t089,03,15,9,10,75%,JC,,0,none,none,none,0,N,N,0,0,0,0,0,0
Florida Keys,Carysfort Reef,CF3,CF3-t090,03,313,148,62,75%,BC,,1,FS,none,none,0,N,N,3,3,5,0,1,0
Florida Keys,Carysfort Reef,CF3,CF3-t091,03,15,13,11,100%,JC,,0,none,none,none,0,N,N,0,0,0,0,0,0
Florida Keys,Carysfort Reef,CF3,CF3-t092,03,305,200,90,65%,BC,,0,none,none,none,0,N,N,2,0,6,1,1,2
Florida Keys,Carysfort Reef,CF3,CF3-t093,03,58,52,35,80%,BC,,2,FS,none,none,0,N,N,1,7,0,0,0,0
Florida Keys,Carysfort Reef,CF3,CF3-t094,03,9,7,7,100%,EC,,0,none,none,none,0,N,N,0,0,0,0,0,0
Florida Keys,Carysfort Reef,CF3,CF3-t095,03,224,135,92,55%,BC,,1,WPx,FS,none,0,N,N,3,6,4,1,2,0
Florida Keys,Carysfort Reef,CF3,CF3-t096,03,116,97,65,10%,SF,,1,FS,RTL,none,0,N,N,1,7,1,0,0,0
Florida Keys,Carysfort Reef,CF3,CF3-t098,03,32,18,18,40%,AF,,1,FS,none,none,0,N,N,0,4,0,0,0,0
Florida Keys,Elbow Reef,EL1,EL1-t050,03,17,10,8,100%,JC,,0,none,none,none,0,N,N,0,0,0,0,0,0
Florida Keys,Elbow Reef,EL1,EL1-t051,03,147,135,85,60%,BC,,1,FS,none,none,0,N,N,1,1,1,1,1,0
Florida Keys,Elbow Reef,EL1,EL1-t052,03,275,163,70,85%,BC,,2,WPx,none,none,0,N,Y,2,0,2,0,0,0
Florida Keys,Elbow Reef,EL1,EL1-t053,03,86,74,45,70%,SF,,1,FS,none,none,0,N,N,0,1,0,0,0,0
Florida Keys,Elbow Reef,EL1,EL1-t054,03,155,116,57,100%,BC,,0,none,none,none,0,N,Y,2,0,1,1,1,0
Florida Keys,Elbow Reef,EL1,EL1-t055,03,208,145,62,90%,BC,,2,CL,none,none,0,N,N,1,0,2,1,1,2
Florida Keys,Elbow Reef,EL1,EL1-t056,03,145,96,72,85%,BC,,2,Oth,CL,none,0,N,N,1,0,1,0,1,0
Florida Keys,Elbow Reef,EL1,EL1-t057,03,,,,0%,D,,,,,,,N,N,,,,,,
Florida Keys,Elbow Reef,EL1,EL1-t058,03,47,38,50,40%,AF,,2,WPx,none,none,0,N,N,0,0,0,0,0,0
Florida Keys,Elbow Reef,EL1,EL1-t059,03,172,128,93,75%,BC,,1,RTL,none,none,0,N,N,1,0,1,0,1,0
Florida Keys,Elbow Reef,EL1,EL1-t060,03,52,45,35,99%,BC,,0,none,none,none,0,N,N,0,0,0,0,0,0
Florida Keys,Elbow Reef,EL1,EL1-t061,03,72,61,50,99%,BC,,1,FS,none,none,0,N,N,0,2,0,0,1,0
Florida Keys,Elbow Reef,EL1,EL1-t062,03,173,104,125,60%,BC,,1,RTL,none,none,0,N,Y,0,0,0,0,0,0
Florida Keys,Elbow Reef,EL2,EL2-t063,03,30,23,19,85%,JC,,0,none,none,none,0,N,N,0,0,0,0,0,0
Florida Keys,Elbow Reef,EL2,EL2-t064,03,125,95,85,5%,RC,,1,RTL,PFB,none,0,N,N,0,0,0,0,0,0
Florida Keys,Elbow Reef,EL2,EL2-t065,03,110,93,85,60%,BC,,1,WBD,PFB,FS,0,N,N,0,1,0,0,0,0
Florida Keys,Elbow Reef,EL2,EL2-t066,03,115,95,87,55%,BC,,2,WPx,RTL,none,0,N,N,0,0,0,0,0,0
Florida Keys,Elbow Reef,EL2,EL2-t067,03,88,42,35,40%,BC,,0,none,none,none,0,N,N,0,0,0,0,0,0
Florida Keys,Elbow Reef,EL2,EL2-t068,03,67,67,40,99%,BC,,0,none,none,none,0,N,N,0,0,0,0,0,0
Florida Keys,Elbow Reef,EL2,EL2-t069,03,134,80,67,70%,BC,,1,CL,none,none,0,N,N,0,0,0,1,1,0
Florida Keys,Elbow Reef,EL2,EL2-t070,03,118,85,58,75%,BC,,4,WPx,none,none,0,N,N,0,0,0,0,0,0
Florida Keys,Elbow Reef,EL2,EL2-t071,03,110,63,60,10%,BC,,1,FS,none,none,0,N,N,0,5,0,0,0,0
Florida Keys,Elbow Reef,EL2,EL2-t072,03,105,80,20,10%,RC,,1,RTL,none,none,0,N,N,0,0,0,0,0,0
Florida Keys,Elbow Reef,EL2,EL2-t073,03,115,110,60,90%,BC,,0,none,none,none,0,N,N,0,0,0,1,1,2
Florida Keys,Elbow Reef,EL2,EL2-t074,03,,,,,G,,,,,,,N,N,,,,,,
Florida Keys,Elbow Reef,EL3,EL3-t075,03,36,33,30,85%,JC,,2,WPx,CL,none,0,N,N,0,0,0,0,1,0
Florida Keys,Elbow Reef,EL3,EL3-t076,03,163,140,110,60%,BC,,3,WPx,FS,none,0,N,N,1,4,1,2,0,0
Florida Keys,Elbow Reef,EL3,EL3-t077,03,88,48,50,85%,BC,,2,WPx,CL,none,0,N,Y,0,0,0,0,0,0
Florida Keys,Elbow Reef,EL3,EL3-t078,03,73,57,50,85%,BC,,2,WPx,PFB,none,0,N,N,0,0,0,0,1,0
Florida Keys,Elbow Reef,EL3,EL3-t079,03,35,25,32,35%,RC,,0,none,none,none,0,N,N,0,0,0,0,0,0
Florida Keys,Elbow Reef,EL3,EL3-t080,03,14,11,14,80%,JC,,2,CL,none,none,0,N,N,0,1,0,0,0,0
Florida Keys,Elbow Reef,EL3,EL3-t081,03,148,137,130,50%,BC,,1,CL,none,none,0,N,N,0,0,0,0,1,0
Florida Keys,Elbow Reef,EL3,EL3-t082,03,27,18,21,40%,RC,,0,none,none,none,0,N,N,0,0,0,0,0,0
Florida Keys,Elbow Reef,EL3,EL3-t083,03,131,100,60,85%,BC,,2,FS,none,none,1,N,N,0,1,0,0,1,0
Florida Keys,Elbow Reef,EL3,EL3-t084,03,143,95,80,25%,BC,,1,WPx,FS,none,0,N,N,1,3,0,0,1,0
Florida Keys,Elbow Reef,EL3,EL3-t085,03,4,3,2,100%,EC,,0,none,none,none,0,N,N,0,0,0,0,0,0
Florida Keys,Elbow Reef,EL3,EL3-t086,03,155,112,63,70%,BC,,1,CL,none,none,0,N,N,0,0,1,1,0,0
Florida Keys,Elbow Reef,EL4,EL4-t153,03,157,116,65,70%,BC,,1,CL,none,none,0,N,N,0,0,0,0,0,0
Florida Keys,Elbow Reef,EL4,EL4-t154,03,107,95,75,70%,BC,,1,CB,none,none,0,N,N,0,0,0,0,0,0
Florida Keys,Elbow Reef,EL4,EL4-t155,03,62,58,45,95%,BC,,0,none,none,none,0,N,N,0,0,0,0,0,0
Florida Keys,Elbow Reef,EL4,EL4-t156,03,45,37,27,90%,BC,,0,none,none,none,0,N,N,0,0,0,0,0,0
Florida Keys,Elbow Reef,EL4,EL4-t157,03,12,7,10,100%,EC,,0,none,none,none,0,N,N,0,0,0,0,0,0
Florida Keys,Elbow Reef,EL4,EL4-t158,03,40,31,38,70%,BC,,1,FS,none,none,0,N,N,0,0,0,0,0,0
Florida Keys,Elbow Reef,EL4,EL4-t159,03,95,55,45,70%,BC,,0,none,none,none,0,N,N,0,0,0,0,0,0
Florida Keys,Elbow Reef,EL4,EL4-t160,03,35,33,30,95%,JC,,0,none,none,none,1,N,N,0,0,0,0,0,0
Florida Keys,Elbow Reef,EL4,EL4-t161,03,55,30,21,40%,BC,,0,none,none,none,0,N,N,0,0,0,0,0,0
Florida Keys,Elbow Reef,EL4,EL4-t162,03,55,40,30,100%,BC,,0,none,none,none,0,N,N,0,0,0,0,0,0
Florida Keys,Elbow Reef,EL4,EL4-t163,03,90,60,40,50%,SF,,1,FS,none,none,0,N,Y,0,3,0,1,0,0
Florida Keys,Elbow Reef,EL4,EL4-t164,03,18,12,15,100%,JC,,0,none,none,none,0,N,N,0,0,0,0,0,0
Florida Keys,Elbow Reef,EL4,EL4-t165,03,11,7,8,100%,EC,,0,none,none,none,0,N,N,0,0,0,0,0,0
Florida Keys,Elbow Reef,EL4,EL4-t166,03,8,8,6,100%,EC,,0,none,none,none,0,N,N,0,0,0,0,0,0
Florida Keys,Elbow Reef,EL4,EL4-t167,03,10,8,11,100%,JC,,0,none,none,none,1,N,N,0,0,0,0,0,0
Florida Keys,Elbow Reef,EL4,EL4-t168,03,105,92,71,98%,BC,,1,FP,none,none,0,N,N,0,0,0,0,0,0
Florida Keys,Elbow Reef,EL4,EL4-t169,03,45,25,30,35%,BC,,1,FS,none,none,0,N,N,0,5,0,0,0,0
Florida Keys,Elbow Reef,EL5,EL5-t170,03,24,21,28,100%,JC,,0,none,none,none,0,N,N,0,0,0,0,0,0
Florida Keys,Elbow Reef,EL5,EL5-t171,03,18,15,14,100%,JC,,0,none,none,none,0,N,N,0,0,0,0,0,0
Florida Keys,Elbow Reef,EL5,EL5-t172,03,27,22,17,100%,JC,,0,none,none,none,0,N,N,0,0,0,0,0,0
Florida Keys,Elbow Reef,EL5,EL5-t173,03,21,20,18,100%,JC,,0,none,none,none,1,N,N,0,0,0,0,0,0
Florida Keys,Elbow Reef,EL5,EL5-t174,03,43,27,38,90%,BC,,0,none,none,none,0,N,N,0,0,0,0,0,0
Florida Keys,Elbow Reef,EL5,EL5-t175,03,63,32,43,95%,BC,,0,none,none,none,0,N,N,0,0,0,0,0,0
Florida Keys,Elbow Reef,EL5,EL5-t176,03,23,17,16,65%,RC,,0,none,none,none,0,N,N,0,0,0,0,0,0
Florida Keys,Elbow Reef,EL5,EL5-t177,03,61,53,35,90%,BC,,2,FS,none,none,0,N,N,0,6,0,0,0,0
Florida Keys,Elbow Reef,EL5,EL5-t180,03,90,80,55,70%,BC,,0,none,none,none,0,N,N,0,0,0,0,0,0
Florida Keys,Elbow Reef,EL5,EL5-t181,03,87,85,45,85%,BC,,2,FS,none,none,1,N,N,0,3,0,0,0,0
Florida Keys,Elbow Reef,EL5,EL5-t182,03,30,26,23,90%,JC,,0,none,none,none,0,N,N,0,0,0,0,0,0
Florida Keys,Elbow Reef,EL5,EL5-t183,03,13,11,7,100%,EC,,0,none,none,none,0,N,N,0,0,0,0,0,0
Florida Keys,French Reef,FR1,FR1-t001,03,21,18,20,100%,JC,,0,none,none,none,0,N,N,1,0,1,0,0,0
Florida Keys,French Reef,FR1,FR1-t002,03,66,45,40,99%,BC,,0,none,none,none,0,N,N,0,1,0,0,0,0
Florida Keys,French Reef,FR1,FR1-t003,03,13,9,11,70%,JC,,0,none,none,none,0,N,N,0,0,0,1,0,0
Florida Keys,French Reef,FR1,FR1-t004,03,130,105,105,35%,BC,,0,none,none,none,0,N,Y,1,0,1,0,0,0
Florida Keys,French Reef,FR1,FR1-t005,03,155,135,70,70%,BC,,0,none,none,none,0,N,N,1,0,2,1,1,1
Florida Keys,French Reef,FR1,FR1-t006,03,182,153,92,80%,BC,,2,WPx,FS,none,0,N,N,1,0,2,1,1,0
Florida Keys,French Reef,FR1,FR1-t007,03,45,35,35,65%,RC,,3,RTL,none,none,0,N,N,0,0,0,1,0,0
Florida Keys,French Reef,FR1,FR1-t008,03,173,90,53,60%,BC,,1,FP,none,none,0,N,N,2,0,2,0,1,0
Florida Keys,French Reef,FR1,FR1-t009,03,208,167,70,75%,BC,,0,none,none,none,0,N,N,1,0,2,0,1,0
Florida Keys,French Reef,FR1,FR1-t010,03,60,55,42,50%,BC,,2,WPx,none,none,0,N,N,1,0,1,0,0,0
Florida Keys,French Reef,FR1,FR1-t011,03,5,4,2,100%,EC,,0,none,none,none,0,N,N,0,0,0,0,0,0
Florida Keys,French Reef,FR1,FR1-t012,03,20,18,19,98%,JC,,0,none,none,none,0,N,N,0,0,0,0,0,0
Florida Keys,Key Largo Dry Rocks,KL1,KL1-t101,03,135,65,70,5%,BC,,1,FS,RTL,none,0,N,N,1,5,1,0,1,0
Florida Keys,Key Largo Dry Rocks,KL1,KL1-t102,03,160,114,70,55%,BC,,1,FS,CL,none,0,N,N,1,2,1,0,1,0
Florida Keys,Key Largo Dry Rocks,KL1,KL1-t103,03,140,73,64,85%,BC,,2,FS,none,none,0,N,N,2,1,1,1,0,0
Florida Keys,Key Largo Dry Rocks,KL1,KL1-t104,03,133,98,72,90%,BC,,2,WPx,none,none,0,N,N,2,0,1,0,0,0
Florida Keys,Key Largo Dry Rocks,KL1,KL1-t105,03,222,160,95,50%,BC,,0,none,none,none,0,N,N,0,0,0,1,1,0
Florida Keys,Key Largo Dry Rocks,KL1,KL1-t106,03,170,82,57,80%,BC,,0,none,none,none,0,N,N,1,0,1,0,1,0
Florida Keys,Key Largo Dry Rocks,KL1,KL1-t107,03,114,84,60,80%,BC,,0,none,none,none,0,N,N,2,0,2,1,1,0
Florida Keys,Key Largo Dry Rocks,KL1,KL1-t108,03,175,120,95,60%,BC,,0,none,none,none,0,N,N,3,0,2,1,0,0
Florida Keys,Key Largo Dry Rocks,KL1,KL1-t109,03,74,56,50,25%,RC,,0,none,none,none,0,N,N,0,0,1,0,1,0
Florida Keys,Key Largo Dry Rocks,KL1,KL1-t110,03,205,127,86,45%,BC,,0,none,none,none,0,N,N,1,0,2,0,0,0
Florida Keys,Key Largo Dry Rocks,KL1,KL1-t111,03,80,52,45,90%,BC,,2,FS,none,none,0,N,N,0,3,0,0,0,0
Florida Keys,Key Largo Dry Rocks,KL1,KL1-t112,03,48,44,25,95%,BC,,0,none,none,none,0,N,N,0,0,1,0,0,0
Florida Keys,Key Largo Dry Rocks,KL1,KL1-t113,03,95,52,50,20%,RC,,0,none,none,none,0,N,N,0,0,0,0,0,0
Florida Keys,Key Largo Dry Rocks,KL2,KL2-t114,03,44,38,30,60%,BC,,0,none,none,none,0,N,N,0,0,0,0,0,0
Florida Keys,Key Largo Dry Rocks,KL2,KL2-t115,03,,,,,G,,,,,,,N,N,,,,,,
Florida Keys,Key Largo Dry Rocks,KL2,KL2-t116,03,11,7,7,80%,EC,,0,none,none,none,0,N,N,0,0,0,0,0,0
Florida Keys,Key Largo Dry Rocks,KL2,KL2-t117,03,95,55,40,20%,BC,,0,none,none,none,0,N,N,0,0,0,0,0,0
Florida Keys,Key Largo Dry Rocks,KL2,KL2-t118,03,95,65,73,70%,BC,,0,none,none,none,0,N,N,0,0,0,0,0,0
Florida Keys,Key Largo Dry Rocks,KL2,KL2-t119,03,74,47,68,75%,RC,,0,none,none,none,0,N,N,0,0,0,0,0,0
Florida Keys,Key Largo Dry Rocks,KL2,KL2-t120,03,70,30,48,35%,BC,,0,none,none,none,0,N,N,0,0,0,0,1,0
Florida Keys,Key Largo Dry Rocks,KL2,KL2-t122,03,18,15,20,0%,D,,2,RTL,none,none,,N,N,,0,0,0,0,0
Florida Keys,Key Largo Dry Rocks,KL2,KL2-t123,03,102,67,58,60%,BC,,1,FS,none,none,0,N,N,0,10,0,0,1,0
Florida Keys,Key Largo Dry Rocks,KL2,KL2-t124,03,39,32,33,99%,JC,,0,none,none,none,0,N,N,0,0,0,0,1,0
Florida Keys,Key Largo Dry Rocks,KL2,KL2-t125,03,25,25,33,30%,RC,,0,none,none,none,0,N,N,0,0,0,0,0,0
Florida Keys,Key Largo Dry Rocks,KL3,KL3-t215,03,85,78,55,85%,BC,,2,RTL,FS,CL,0,Y,N,2,3,1,0,0,0
Florida Keys,Key Largo Dry Rocks,KL3,KL3-t216,03,135,70,65,70%,BC,,1,RTL,none,none,0,N,N,0,2,1,0,1,0
Florida Keys,Key Largo Dry Rocks,KL3,KL3-t217,03,90,60,48,60%,BC,,0,none,none,none,0,N,N,2,0,1,1,0,0
Florida Keys,Key Largo Dry Rocks,KL3,KL3-t218,03,55,45,50,10%,BC,,2,RTL,none,none,0,N,N,1,0,1,0,0,0
Florida Keys,Key Largo Dry Rocks,KL3,KL3-t219,03,195,125,65,40%,BC,,2,RTL,none,none,0,N,N,1,0,2,0,0,0
Florida Keys,Key Largo Dry Rocks,KL3,KL3-t220,03,75,70,45,60%,BC,,3,RTL,WBD,none,0,N,N,2,0,1,0,0,0
Florida Keys,Key Largo Dry Rocks,KL3,KL3-t222,03,37,17,13,25%,RC,,0,none,none,none,0,N,N,1,0,1,0,0,0
Florida Keys,Key Largo Dry Rocks,KL3,KL3-t223,03,45,22,37,45%,BC,,2,RTL,none,none,0,N,N,0,0,1,0,0,0
Florida Keys,Key Largo Dry Rocks,KL3,KL3-t224,03,70,45,25,10%,RC,,0,none,none,none,0,N,N,0,0,1,0,0,0
Florida Keys,Key Largo Dry Rocks,KL3,KL3-t225,03,32,30,25,5%,RC,,0,none,none,none,0,N,N,0,0,1,0,0,0
Florida Keys,Key Largo Dry Rocks,KL3,KL3-t226,03,32,26,22,2%,RC,,0,none,none,none,0,N,N,0,0,0,0,0,0
Florida Keys,Key Largo Dry Rocks,KL3,KL3-t227,03,7,6,3,100%,JC,,0,none,none,none,0,N,N,0,0,0,0,0,0
Florida Keys,Molasses Reef,ML1,ML1-t013,03,142,110,81,85%,BC,,0,none,none,none,0,N,Y,1,0,1,1,1,1
Florida Keys,Molasses Reef,ML1,ML1-t014,03,115,107,42,75%,BC,,1,FS,Oth,none,0,N,N,1,17,3,1,0,0
Florida Keys,Molasses Reef,ML1,ML1-t015,03,36,32,38,90%,JC,,0,none,none,none,0,N,N,0,0,0,0,1,0
Florida Keys,Molasses Reef,ML1,ML1-t016,03,83,66,45,80%,BC,,2,WPx,FS,none,0,N,Y,0,8,0,1,1,0
Florida Keys,Molasses Reef,ML1,ML1-t017,03,73,55,50,45%,BC,,2,WPx,CL,FS,0,N,N,2,1,1,0,1,0
Florida Keys,Molasses Reef,ML1,ML1-t018,03,205,147,100,85%,BC,,2,WPx,FP,none,0,N,N,2,0,0,2,0,3
Florida Keys,Molasses Reef,ML1,ML1-t019,03,,,,,G,,,,,,,N,N,,,,,,
Florida Keys,Molasses Reef,ML1,ML1-t020,03,233,140,105,35%,BC,,2,WPx,FS,none,0,N,N,0,1,0,2,1,0
Florida Keys,Molasses Reef,ML1,ML1-t021,03,15,11,14,100%,JC,,0,none,none,none,0,N,N,0,0,0,1,0,0
Florida Keys,Molasses Reef,ML1,ML1-t022,03,23,18,25,100%,JC,,0,none,none,none,1,N,N,0,0,1,1,0,0
Florida Keys,Molasses Reef,ML2,ML2-t126,03,270,190,133,40%,BC,,1,FS,RTL,CB,0,N,N,1,14,2,0,1,0
Florida Keys,Molasses Reef,ML2,ML2-t127,03,36,28,38,95%,JC,,0,none,none,none,0,N,N,0,0,1,0,0,0
Florida Keys,Molasses Reef,ML2,ML2-t128,03,37,26,19,98%,JC,,5,FP,CL,none,0,Y,N,0,0,0,0,0,0
Florida Keys,Molasses Reef,ML2,ML2-t129,03,180,175,100,40%,BC,,0,none,none,none,0,N,N,3,0,2,0,0,0
Florida Keys,Molasses Reef,ML2,ML2-t130,03,172,93,70,60%,BC,,1,FS,none,none,0,Y,N,1,2,1,0,0,0
Florida Keys,Molasses Reef,ML2,ML2-t131,03,190,127,67,70%,BC,,0,none,none,none,0,Y,Y,0,0,1,0,1,1
Florida Keys,Molasses Reef,ML2,ML2-t132,03,194,84,72,75%,BC,,1,Oth,none,none,0,Y,N,1,0,1,0,0,0
Florida Keys,Molasses Reef,ML2,ML2-t134,03,62,53,33,25%,BC,,1,FS,none,none,0,N,N,0,2,1,0,0,0
Florida Keys,Molasses Reef,ML2,ML2-t135,03,47,35,45,90%,BC,,0,none,none,none,0,N,N,0,0,0,0,0,0
Florida Keys,Molasses Reef,ML2,ML2-t136,03,37,33,24,60%,AF,,1,FS,none,none,0,N,N,0,4,0,0,0,0
Florida Keys,Molasses Reef,ML2,ML2-t137,03,47,47,33,15%,RC,,0,none,none,none,0,N,N,0,0,0,0,0,0
Florida Keys,Molasses Reef,ML2,ML2-t138,03,7,6,3,100%,EC,,0,none,none,none,0,N,N,0,0,0,0,0,0
Florida Keys,Molasses Reef,ML2,ML2-t139,03,10,9,10,40%,EC,,0,none,none,none,0,N,N,0,0,0,0,0,0
Florida Keys,Molasses Reef,ML2,ML2-t140,03,21,17,12,70%,AF,,1,FS,none,none,0,N,N,0,1,0,0,0,0
Florida Keys,Molasses Reef,ML2,ML2-t141,03,37,25,22,85%,JC,,0,none,none,none,0,Y,N,0,0,0,0,0,0
Florida Keys,Molasses Reef,ML2,ML2-t142,03,35,33,35,20%,RC,,0,none,none,none,0,N,N,1,0,1,0,0,0
Florida Keys,Molasses Reef,ML2,ML2-t143,03,8,3,2,100%,EC,,0,none,none,none,0,N,N,0,0,0,0,0,0
Florida Keys,Molasses Reef,ML3,ML3-t144,03,140,114,82,80%,BC,,2,FS,none,none,0,N,Y,0,5,0,0,1,0
Florida Keys,Molasses Reef,ML3,ML3-t145,03,113,78,52,100%,BC,,0,none,none,none,0,N,N,0,0,0,0,0,0
Florida Keys,Molasses Reef,ML3,ML3-t146,03,142,105,77,85%,BC,,0,none,none,none,0,N,N,1,1,1,0,1,0
Florida Keys,Molasses Reef,ML3,ML3-t147,03,240,210,75,70%,BC,,1,FS,CB,none,0,Y,Y,0,4,3,0,2,0
Florida Keys,Molasses Reef,ML3,ML3-t148,03,102,75,57,90%,BC,,2,FS,none,none,0,N,N,1,12,1,0,1,0
Florida Keys,Molasses Reef,ML3,ML3-t150,03,33,22,25,100%,JC,,0,none,none,none,0,Y,N,0,0,1,0,0,0
Florida Keys,Molasses Reef,ML3,ML3-t151,03,198,115,67,70%,BC,,1,Oth,CB,FS,0,N,Y,1,7,1,0,0,0
Florida Keys,Molasses Reef,ML3,ML3-t152,03,96,87,47,100%,BC,,0,none,none,none,0,N,N,0,0,1,0,1,1
Florida Keys,Molasses Reef,ML3,ML3-t184,03,185,165,78,99%,BC,,5,FP,none,none,0,N,N,0,0,1,0,1,0
Florida Keys,Molasses Reef,ML3,ML3-t185,03,13,12,7,100%,JC,,0,none,none,none,0,Y,N,0,0,0,0,0,0
Florida Keys,Molasses Reef,ML3,ML3-t186,03,26,22,10,98%,JC,,0,none,none,none,0,N,N,0,0,0,0,0,0
Florida Keys,Carysfort Reef,CF1,CF1-t023,04,75,63,60,35%,BC,,1,CL,PFB,none,0,N,N,0,0,0,0,0,0
Florida Keys,Carysfort Reef,CF1,CF1-t024,04,77,64,55,70%,BC,,0,none,none,none,0,N,N,0,0,0,0,0,0
Florida Keys,Carysfort Reef,CF1,CF1-t025,04,90,78,55,60%,BC,,3,FS,none,none,0,N,N,0,15,0,0,0,0
Florida Keys,Carysfort Reef,CF1,CF1-t026,04,,,,0%,D,,,,,,,N,N,,,,,,
Florida Keys,Carysfort Reef,CF1,CF1-t027,04,141,110,110,30%,BC,,1,PFB,Oth,none,0,N,N,0,0,0,0,1,0
Florida Keys,Carysfort Reef,CF1,CF1-t028,04,20,17,27,60%,JC,,0,none,none,none,0,N,N,0,0,0,0,0,0
Florida Keys,Carysfort Reef,CF1,CF1-t029,04,118,80,95,75%,BC,,1,RTL,none,none,0,N,N,0,0,0,0,3,1
Florida Keys,Carysfort Reef,CF1,CF1-t030,04,14,13,17,99%,JC,,0,none,none,none,0,N,N,0,0,0,0,0,0
Florida Keys,Carysfort Reef,CF1,CF1-t031,04,135,95,75,30%,BC,,1,WBD,PFB,FS,0,N,N,0,3,0,0,1,0
Florida Keys,Carysfort Reef,CF1,CF1-t032,04,90,40,70,1%,RC,,0,none,none,none,0,N,N,0,0,0,0,1,0
Florida Keys,Carysfort Reef,CF1,CF1-t033,04,240,125,125,55%,BC,,1,RTL,PFB,FS,0,N,N,0,1,0,0,1,0
Florida Keys,Carysfort Reef,CF1,CF1-t034,04,70,66,80,75%,BC,,1,RTL,FS,none,0,N,N,0,4,0,0,0,0
Florida Keys,Carysfort Reef,CF1,CF1-t035,04,6,5,1,100%,EC,,0,none,none,none,0,N,N,0,0,0,0,0,0
Florida Keys,Carysfort Reef,CF1,CF1-t036,04,120,80,60,5%,RC,,1,RTL,none,none,0,N,N,0,0,0,0,0,0
Florida Keys,Carysfort Reef,CF2,CF2-t038,04,220,182,91,40%,BC,,1,FS,none,none,0,N,N,1,7,2,0,2,0
Florida Keys,Carysfort Reef,CF2,CF2-t039,04,65,35,45,20%,RC,,1,FS,none,none,0,N,N,0,7,1,0,1,0
Florida Keys,Carysfort Reef,CF2,CF2-t040,04,137,60,57,55%,BC,,0,none,none,none,0,N,N,0,0,0,0,0,0
Florida Keys,Carysfort Reef,CF2,CF2-t041,04,119,55,75,35%,BC,,1,WPx,FS,none,0,N,N,0,0,0,0,1,0
Florida Keys,Carysfort Reef,CF2,CF2-t042,04,45,33,10,60%,EC,,0,none,none,none,0,N,N,0,0,0,0,0,0
Florida Keys,Carysfort Reef,CF2,CF2-t043,04,120,83,63,99%,BC,,0,none,none,none,0,N,N,0,0,0,0,0,0
Florida Keys,Carysfort Reef,CF2,CF2-t044,04,105,90,50,30%,BC,,1,FS,none,none,0,N,N,0,9,0,0,0,0
Florida Keys,Carysfort Reef,CF2,CF2-t045,04,112,89,75,90%,BC,,0,none,none,none,0,N,N,2,0,1,0,0,0
Florida Keys,Carysfort Reef,CF2,CF2-t046,04,63,32,35,30%,BC,,0,none,none,none,0,N,N,0,0,0,0,0,0
Florida Keys,Carysfort Reef,CF2,CF2-t047,04,185,115,70,75%,BC,,1,CL,none,none,0,N,N,0,0,0,0,1,0
Florida Keys,Carysfort Reef,CF2,CF2-t048,04,114,82,67,85%,BC,,0,none,none,none,0,N,N,0,0,1,0,1,0
Florida Keys,Carysfort Reef,CF2,CF2-t049,04,168,95,70,65%,BC,,1,FS,none,none,0,N,N,1,2,1,0,0,0
Florida Keys,Carysfort Reef,CF3,CF3-t087,04,42,37,30,80%,BC,,2,FS,none,none,0,N,N,1,2,1,0,0,0
Florida Keys,Carysfort Reef,CF3,CF3-t088,04,390,285,150,65%,BC,,1,RTL,none,none,0,N,N,3,2,10,0,1,0
Florida Keys,Carysfort Reef,CF3,CF3-t089,04,15,9,10,75%,JC,,1,Oth,PFB,none,0,N,N,0,0,0,0,0,
Florida Keys,Carysfort Reef,CF3,CF3-t090,04,315,150,63,75%,BC,,0,none,none,none,0,N,N,3,3,6,0,1,0
Florida Keys,Carysfort Reef,CF3,CF3-t091,04,15,14,12,100%,JC,,0,none,none,none,0,N,N,0,0,1,0,0,0
Florida Keys,Carysfort Reef,CF3,CF3-t092,04,305,200,90,65%,BC,,1,RTL,CL,none,0,N,N,3,1,7,2,1,1
Florida Keys,Carysfort Reef,CF3,CF3-t093,04,60,52,37,50%,BC,,1,RTL,CB,FS,0,N,N,0,7,0,0,0,0
Florida Keys,Carysfort Reef,CF3,CF3-t094,04,9,7,7,80%,EC,,4,Abr,none,none,3,N,N,0,0,0,0,0,0
Florida Keys,Carysfort Reef,CF3,CF3-t095,04,225,135,93,55%,BC,,1,FS,RTL,none,0,N,N,3,5,4,0,2,1
Florida Keys,Carysfort Reef,CF3,CF3-t096,04,115,97,65,1%,SF,,1,RTL,FS,none,0,N,N,0,9,1,0,0,0
Florida Keys,Carysfort Reef,CF3,CF3-t098,04,32,19,18,20%,AF,,1,RTL,FS,none,0,N,N,0,4,0,0,0,0
Florida Keys,Elbow Reef,EL1,EL1-t050,04,17,10,9,100%,JC,,0,none,none,none,0,N,N,0,0,0,0,0,0
Florida Keys,Elbow Reef,EL1,EL1-t051,04,147,135,85,55%,BC,,2,RTL,FS,none,0,N,N,1,2,2,0,1,0
Florida Keys,Elbow Reef,EL1,EL1-t052,04,275,165,70,85%,BC,,0,none,none,none,0,N,Y,2,0,2,0,1,0
Florida Keys,Elbow Reef,EL1,EL1-t053,04,85,75,45,60%,SF,,1,FS,none,none,0,N,N,0,1,0,0,0,0
Florida Keys,Elbow Reef,EL1,EL1-t054,04,156,119,60,98%,BC,,5,FP,none,none,0,N,Y,1,0,1,2,1,0
Florida Keys,Elbow Reef,EL1,EL1-t055,04,210,147,62,90%,BC,,0,none,none,none,0,N,N,1,0,2,1,1,2
Florida Keys,Elbow Reef,EL1,EL1-t056,04,147,98,74,85%,BC,,0,none,none,none,0,N,N,1,0,2,0,1,0
Florida Keys,Elbow Reef,EL1,EL1-t058,04,47,40,50,25%,RC,,1,RTL,none,none,0,N,N,0,0,0,0,0,0
Florida Keys,Elbow Reef,EL1,EL1-t059,04,173,128,94,75%,BC,,4,RTL,none,none,0,N,N,1,0,1,0,1,0
Florida Keys,Elbow Reef,EL1,EL1-t060,04,62,47,40,99%,BC,,0,none,none,none,0,N,N,0,0,0,0,0,0
Florida Keys,Elbow Reef,EL1,EL1-t061,04,65,50,50,100%,BC,,0,none,none,none,0,N,N,0,1,0,0,0,0
Florida Keys,Elbow Reef,EL1,EL1-t062,04,176,105,125,60%,BC,,0,none,none,none,0,N,Y,0,0,0,0,1,0
Florida Keys,Elbow Reef,EL2,EL2-t063,04,31,24,19,85%,JC,,0,none,none,none,0,N,N,0,0,0,0,0,0
Florida Keys,Elbow Reef,EL2,EL2-t064,04,125,95,85,5%,RC,,1,PFB,none,none,0,N,N,0,0,0,0,0,0
Florida Keys,Elbow Reef,EL2,EL2-t065,04,110,95,88,50%,BC,,4,WBD,RTL,CB,0,N,N,0,0,0,0,0,0
Florida Keys,Elbow Reef,EL2,EL2-t066,04,116,95,87,40%,BC,,2,RTL,CB,none,0,N,N,0,0,0,0,0,0
Florida Keys,Elbow Reef,EL2,EL2-t067,04,90,40,35,40%,BC,,0,none,none,none,0,N,N,0,0,0,0,0,0
Florida Keys,Elbow Reef,EL2,EL2-t068,04,68,68,43,98%,BC,,0,none,none,none,1,N,N,0,0,0,0,0,0
Florida Keys,Elbow Reef,EL2,EL2-t069,04,137,85,68,70%,BC,,1,RTL,CL,none,0,N,N,0,0,0,0,0,0
Florida Keys,Elbow Reef,EL2,EL2-t070,04,120,87,60,70%,BC,,1,WPx,none,none,1,N,N,0,0,0,0,1,0
Florida Keys,Elbow Reef,EL2,EL2-t071,04,20,9,2,100%,RC,,0,none,none,none,0,N,N,0,0,0,0,0,0
Florida Keys,Elbow Reef,EL2,EL2-t072,04,80,70,20,5%,RC,,0,none,none,none,0,N,N,0,0,0,0,0,2
Florida Keys,Elbow Reef,EL2,EL2-t073,04,117,110,60,90%,BC,,0,none,none,none,0,N,N,0,0,0,0,0,0
Florida Keys,Elbow Reef,EL3,EL3-t075,04,37,34,30,80%,JC,,2,WBD,none,none,0,N,N,0,0,0,0,0,0
Florida Keys,Elbow Reef,EL3,EL3-t076,04,165,140,110,60%,BC,,1,FS,WPx,none,0,N,N,1,2,1,0,0,0
Florida Keys,Elbow Reef,EL3,EL3-t077,04,92,51,55,85%,BC,,2,CL,none,none,0,N,Y,0,0,0,1,1,0
Florida Keys,Elbow Reef,EL3,EL3-t078,04,76,58,50,80%,BC,,2,FP,none,none,0,N,N,0,0,0,0,1,0
Florida Keys,Elbow Reef,EL3,EL3-t079,04,35,25,32,35%,RC,,0,none,none,none,0,N,N,0,0,0,0,0,0
Florida Keys,Elbow Reef,EL3,EL3-t080,04,15,12,14,20%,RC,,3,RTL,FS,CB,0,N,N,0,1,0,0,0,0
Florida Keys,Elbow Reef,EL3,EL3-t081,04,142,123,130,50%,BC,,1,Oth,none,none,0,N,N,0,0,0,0,0,0
Florida Keys,Elbow Reef,EL3,EL3-t082,04,18,13,20,70%,RC,,0,none,none,none,0,N,N,0,0,0,0,0,0
Florida Keys,Elbow Reef,EL3,EL3-t083,04,137,105,60,85%,BC,,2,FP,none,none,1,N,N,0,1,0,0,0,0
Florida Keys,Elbow Reef,EL3,EL3-t084,04,147,95,80,20%,BC,,1,RTL,FS,CL,0,N,N,0,6,0,1,1,0
Florida Keys,Elbow Reef,EL3,EL3-t085,04,,,,,G,,,,,,,N,N,,,,,,
Florida Keys,Elbow Reef,EL3,EL3-t086,04,158,113,65,70%,BC,,1,CL,PFB,none,1,N,N,0,0,0,0,1,0
Florida Keys,Elbow Reef,EL4,EL4-t153,04,159,120,65,70%,BC,,1,PFB,CL,none,0,N,N,0,0,0,0,0,0
Florida Keys,Elbow Reef,EL4,EL4-t154,04,110,98,76,70%,BC,,1,WBD,none,none,0,N,N,0,0,0,0,1,0
Florida Keys,Elbow Reef,EL4,EL4-t155,04,65,60,47,99%,BC,,0,none,none,none,0,N,N,0,0,0,0,0,0
Florida Keys,Elbow Reef,EL4,EL4-t156,04,47,30,32,90%,BC,,0,none,none,none,0,Y,N,0,0,0,0,0,0
Florida Keys,Elbow Reef,EL4,EL4-t157,04,12,8,12,100%,EC,,0,none,none,none,2,N,N,0,0,0,0,0,0
Florida Keys,Elbow Reef,EL4,EL4-t158,04,40,31,38,70%,BC,,0,none,none,none,0,N,N,0,0,0,0,0,0
Florida Keys,Elbow Reef,EL4,EL4-t159,04,37,36,30,70%,BC,,1,FS,none,none,0,N,N,0,2,0,0,0,0
Florida Keys,Elbow Reef,EL4,EL4-t160,04,36,33,31,95%,JC,,0,none,none,none,0,N,N,0,0,0,0,0,0
Florida Keys,Elbow Reef,EL4,EL4-t161,04,55,30,20,35%,BC,,1,RTL,none,none,0,Y,N,0,0,0,0,0,0
Florida Keys,Elbow Reef,EL4,EL4-t162,04,57,40,30,99%,BC,,5,FS,none,none,0,N,N,0,2,0,0,0,0
Florida Keys,Elbow Reef,EL4,EL4-t163,04,90,60,40,30%,SF,,1,RTL,none,none,0,N,N,0,0,0,0,0,0
Florida Keys,Elbow Reef,EL4,EL4-t164,04,13,12,15,95%,JC,,3,PFB,none,none,0,N,N,0,0,0,0,0,0
Florida Keys,Elbow Reef,EL4,EL4-t165,04,11,7,8,100%,EC,,0,none,none,none,0,N,N,0,0,0,0,0,0
Florida Keys,Elbow Reef,EL4,EL4-t166,04,8,8,7,100%,EC,,0,none,none,none,0,N,N,0,0,0,1,1,0
Florida Keys,Elbow Reef,EL4,EL4-t167,04,10,9,11,100%,JC,,0,none,none,none,0,N,N,0,0,0,0,0,0
Florida Keys,Elbow Reef,EL4,EL4-t168,04,108,95,73,99%,BC,,0,none,none,none,0,N,N,0,0,0,0,0,0
Florida Keys,Elbow Reef,EL4,EL4-t169,04,45,25,30,15%,RC,,3,RTL,FS,CB,0,N,N,0,5,0,0,0,0
Florida Keys,Elbow Reef,EL5,EL5-t170,04,25,24,28,100%,JC,,0,none,none,none,0,N,N,0,0,0,0,0,0
Florida Keys,Elbow Reef,EL5,EL5-t171,04,19,15,16,100%,JC,,0,none,none,none,0,N,N,0,0,0,0,1,0
Florida Keys,Elbow Reef,EL5,EL5-t172,04,30,25,18,100%,JC,,0,none,none,none,0,N,N,0,0,0,0,0,0
Florida Keys,Elbow Reef,EL5,EL5-t173,04,22,21,20,100%,JC,,0,none,none,none,0,N,N,0,0,0,0,0,0
Florida Keys,Elbow Reef,EL5,EL5-t174,04,43,30,41,90%,BC,,0,none,none,none,0,N,N,0,0,0,0,0,0
Florida Keys,Elbow Reef,EL5,EL5-t175,04,65,32,43,90%,BC,,0,none,none,none,0,N,N,0,0,0,0,0,0
Florida Keys,Elbow Reef,EL5,EL5-t176,04,24,17,18,65%,RC,,0,none,none,none,0,N,N,0,0,0,0,0,0
Florida Keys,Elbow Reef,EL5,EL5-t177,04,62,53,36,90%,BC,,2,PFB,none,none,0,N,Y,0,0,0,0,0,0
Florida Keys,Elbow Reef,EL5,EL5-t180,04,90,80,56,70%,BC,,0,none,none,none,0,N,N,0,0,0,0,0,0
Florida Keys,Elbow Reef,EL5,EL5-t181,04,90,86,47,85%,BC,,0,none,none,none,2,N,N,0,0,0,0,0,0
Florida Keys,Elbow Reef,EL5,EL5-t182,04,34,27,24,90%,JC,,0,none,none,none,1,N,N,0,0,0,0,0,0
Florida Keys,Elbow Reef,EL5,EL5-t183,04,13,11,7,100%,EC,,0,none,none,none,0,N,N,0,0,0,0,0,0
Florida Keys,French Reef,FR1,FR1-t001,04,22,18,20,98%,JC,,1,Oth,none,none,0,N,N,0,0,1,0,0,0
Florida Keys,French Reef,FR1,FR1-t002,04,64,45,40,98%,BC,,5,Oth,none,none,1,N,N,0,0,0,0,0,0
Florida Keys,French Reef,FR1,FR1-t003,04,14,10,10,50%,JC,,0,none,none,none,0,N,N,0,0,0,0,0,0
Florida Keys,French Reef,FR1,FR1-t004,04,132,105,107,35%,BC,,0,none,none,none,1,N,Y,1,0,1,0,0,0
Florida Keys,French Reef,FR1,FR1-t005,04,155,137,70,70%,BC,,0,none,none,none,0,N,N,2,0,2,0,0,1
Florida Keys,French Reef,FR1,FR1-t006,04,185,156,93,80%,BC,,2,FS,none,none,1,N,N,1,0,2,0,1,0
Florida Keys,French Reef,FR1,FR1-t007,04,45,35,35,65%,RC,,0,none,none,none,2,N,N,0,0,0,0,0,0
Florida Keys,French Reef,FR1,FR1-t008,04,175,90,55,60%,BC,,0,none,none,none,0,N,N,3,0,1,0,0,0
Florida Keys,French Reef,FR1,FR1-t009,04,172,148,73,80%,BC,,2,RTL,CL,none,0,N,N,1,0,2,1,0,0
Florida Keys,French Reef,FR1,FR1-t010,04,60,55,42,45%,BC,,0,none,none,none,0,N,N,1,0,1,0,1,0
Florida Keys,French Reef,FR1,FR1-t011,04,5,4,3,100%,EC,,0,none,none,none,0,N,N,0,0,0,0,0,0
Florida Keys,French Reef,FR1,FR1-t012,04,20,18,19,99%,JC,,0,none,none,none,0,N,N,0,0,0,0,0,0
Florida Keys,Key Largo Dry Rocks,KL1,KL1-t101,04,135,67,70,5%,BC,,1,FS,RTL,none,0,N,N,0,4,1,0,1,0
Florida Keys,Key Largo Dry Rocks,KL1,KL1-t102,04,163,118,75,45%,BC,,2,RTL,FS,CL,0,N,N,1,0,1,0,1,0
Florida Keys,Key Largo Dry Rocks,KL1,KL1-t103,04,140,75,65,85%,BC,,2,RTL,none,none,0,N,N,1,1,1,0,0,0
Florida Keys,Key Largo Dry Rocks,KL1,KL1-t104,04,133,99,72,95%,BC,,0,none,none,none,0,N,N,2,0,1,0,1,0
Florida Keys,Key Largo Dry Rocks,KL1,KL1-t105,04,225,160,95,50%,BC,,1,PFB,none,none,0,N,N,0,0,0,1,0,0
Florida Keys,Key Largo Dry Rocks,KL1,KL1-t106,04,170,82,58,80%,BC,,0,none,none,none,0,N,N,1,0,1,0,0,0
Florida Keys,Key Largo Dry Rocks,KL1,KL1-t107,04,118,85,64,80%,BC,,0,none,none,none,0,N,N,2,0,2,0,0,0
Florida Keys,Key Largo Dry Rocks,KL1,KL1-t108,04,177,120,95,65%,BC,,0,none,none,none,0,N,N,3,0,1,1,0,0
Florida Keys,Key Largo Dry Rocks,KL1,KL1-t109,04,75,56,50,25%,RC,,1,RTL,none,none,0,N,N,1,0,1,0,1,0
Florida Keys,Key Largo Dry Rocks,KL1,KL1-t110,04,205,129,87,45%,BC,,1,RTL,none,none,0,N,N,1,0,2,1,0,0
Florida Keys,Key Largo Dry Rocks,KL1,KL1-t111,04,83,53,47,90%,BC,,0,none,none,none,0,N,N,0,4,0,0,0,0
Florida Keys,Key Largo Dry Rocks,KL1,KL1-t112,04,44,25,25,95%,BC,,3,CL,none,none,0,N,N,0,0,0,0,0,0
Florida Keys,Key Largo Dry Rocks,KL1,KL1-t113,04,96,52,50,20%,RC,,0,none,none,none,0,N,N,0,0,0,0,0,0
Florida Keys,Key Largo Dry Rocks,KL2,KL2-t114,04,42,40,30,65%,BC,,0,none,none,none,0,N,N,0,0,0,0,0,0
Florida Keys,Key Largo Dry Rocks,KL2,KL2-t116,04,7,5,7,90%,EC,,0,none,none,none,0,N,N,0,0,0,0,0,0
Florida Keys,Key Largo Dry Rocks,KL2,KL2-t117,04,95,55,40,15%,BC,,0,none,none,none,0,N,N,0,0,0,0,0,0
Florida Keys,Key Largo Dry Rocks,KL2,KL2-t118,04,98,65,73,70%,BC,,0,none,none,none,0,N,Y,0,0,0,0,1,0
Florida Keys,Key Largo Dry Rocks,KL2,KL2-t119,04,75,47,68,75%,RC,,0,none,none,none,0,N,N,0,0,0,0,0,0
Florida Keys,Key Largo Dry Rocks,KL2,KL2-t120,04,50,30,30,10%,RC,,1,RTL,none,none,0,N,N,0,0,0,0,0,0
Florida Keys,Key Largo Dry Rocks,KL2,KL2-t123,04,100,50,55,50%,BC,,4,WPx,FS,none,0,N,N,0,3,0,0,0,0
Florida Keys,Key Largo Dry Rocks,KL2,KL2-t124,04,40,32,33,98%,BC,,0,none,none,none,0,N,N,0,0,0,0,0,0
Florida Keys,Key Largo Dry Rocks,KL2,KL2-t125,04,25,25,33,30%,RC,,0,none,none,none,0,N,N,0,0,0,0,0,0
Florida Keys,Key Largo Dry Rocks,KL3,KL3-t215,04,92,80,55,65%,BC,,5,RTL,FS,none,0,N,N,3,3,1,0,0,0
Florida Keys,Key Largo Dry Rocks,KL3,KL3-t216,04,137,70,65,70%,BC,,1,FS,CL,none,0,N,N,2,3,3,0,1,0
Florida Keys,Key Largo Dry Rocks,KL3,KL3-t217,04,90,60,48,45%,BC,,2,RTL,CB,none,0,N,N,1,0,2,0,0,0
Florida Keys,Key Largo Dry Rocks,KL3,KL3-t218,04,,,,0%,D,,,,,,,N,N,,,,,,
Florida Keys,Key Largo Dry Rocks,KL3,KL3-t219,04,195,123,65,35%,BC,,1,Oth,FS,none,0,N,N,1,2,2,0,1,0
Florida Keys,Key Largo Dry Rocks,KL3,KL3-t220,04,75,70,45,35%,BC,,2,RTL,none,none,0,N,N,0,0,1,0,0,0
Florida Keys,Key Largo Dry Rocks,KL3,KL3-t222,04,3,3,1,100%,EC,,0,none,none,none,0,N,N,0,0,0,0,0,0
Florida Keys,Key Largo Dry Rocks,KL3,KL3-t223,04,45,25,37,5%,RC,,1,Oth,none,none,0,N,N,0,0,0,0,0,0
Florida Keys,Key Largo Dry Rocks,KL3,KL3-t224,04,70,45,25,10%,RC,,0,none,none,none,0,N,N,0,0,1,0,0,0
Florida Keys,Key Largo Dry Rocks,KL3,KL3-t225,04,33,31,25,5%,RC,,0,none,none,none,0,N,N,1,0,1,0,0,0
Florida Keys,Key Largo Dry Rocks,KL3,KL3-t226,04,32,26,22,2%,RC,,0,none,none,none,0,N,N,0,0,0,0,0,0
Florida Keys,Key Largo Dry Rocks,KL3,KL3-t227,04,7,7,4,100%,JC,,0,none,none,none,0,N,N,0,0,0,0,0,0
Florida Keys,Molasses Reef,ML1,ML1-t013,04,144,112,81,80%,BC,,2,Oth,none,none,0,N,Y,1,0,1,0,0,1
Florida Keys,Molasses Reef,ML1,ML1-t014,04,116,107,42,70%,BC,,3,FS,RTL,none,1,N,N,1,10,1,1,0,0
Florida Keys,Molasses Reef,ML1,ML1-t015,04,20,18,15,60%,RC,,0,none,none,none,0,N,N,0,0,0,0,0,0
Florida Keys,Molasses Reef,ML1,ML1-t016,04,85,66,46,80%,BC,,2,RTL,CL,FS,0,Y,Y,0,4,1,0,0,0
Florida Keys,Molasses Reef,ML1,ML1-t017,04,75,58,53,40%,BC,,2,RTL,none,none,0,N,N,1,0,1,0,0,0
Florida Keys,Molasses Reef,ML1,ML1-t018,04,208,150,100,80%,BC,,2,RTL,none,none,0,N,N,1,0,0,1,2,4
Florida Keys,Molasses Reef,ML1,ML1-t020,04,234,140,105,30%,BC,,1,RTL,none,none,0,N,N,0,0,0,0,1,0
Florida Keys,Molasses Reef,ML1,ML1-t021,04,15,11,15,98%,JC,,5,FS,none,none,0,N,N,0,1,0,0,0,0
Florida Keys,Molasses Reef,ML1,ML1-t022,04,25,20,25,100%,JC,,0,none,none,none,1,N,N,1,0,1,0,0,0
Florida Keys,Molasses Reef,ML2,ML2-t126,04,270,190,135,45%,BC,,1,FS,CB,none,0,Y,N,1,5,3,0,2,0
Florida Keys,Molasses Reef,ML2,ML2-t127,04,37,30,38,90%,JC,,0,none,none,none,0,Y,N,0,0,1,0,0,0
Florida Keys,Molasses Reef,ML2,ML2-t128,04,37,27,20,98%,JC,,0,none,none,none,0,N,N,0,0,0,0,0,0
Florida Keys,Molasses Reef,ML2,ML2-t129,04,180,140,70,40%,BC,,0,none,none,none,0,N,N,2,0,2,1,0,0
Florida Keys,Molasses Reef,ML2,ML2-t130,04,172,93,70,55%,BC,,1,RTL,FS,none,0,N,N,0,5,1,0,0,0
Florida Keys,Molasses Reef,ML2,ML2-t131,04,190,115,67,65%,BC,,0,none,none,none,0,Y,N,1,0,1,0,0,1
Florida Keys,Molasses Reef,ML2,ML2-t132,04,195,85,73,70%,BC,,0,none,none,none,0,Y,N,1,0,1,0,1,1
Florida Keys,Molasses Reef,ML2,ML2-t134,04,62,53,33,20%,BC,,1,FS,none,none,0,N,N,0,1,0,0,0,0
Florida Keys,Molasses Reef,ML2,ML2-t135,04,48,37,45,98%,BC,,0,none,none,none,0,N,N,0,0,0,0,0,0
Florida Keys,Molasses Reef,ML2,ML2-t136,04,37,33,25,50%,AF,,1,FS,none,none,1,N,N,0,4,0,0,0,0
Florida Keys,Molasses Reef,ML2,ML2-t137,04,48,38,35,15%,RC,,0,none,none,none,0,Y,N,0,0,0,0,0,0
Florida Keys,Molasses Reef,ML2,ML2-t138,04,7,6,3,100%,EC,,0,none,none,none,0,N,N,0,0,0,0,0,0
Florida Keys,Molasses Reef,ML2,ML2-t139,04,10,8,10,25%,RC,,0,none,none,none,0,N,N,0,0,0,0,0,0
Florida Keys,Molasses Reef,ML2,ML2-t140,04,22,17,12,60%,AF,,0,none,none,none,0,N,N,0,0,0,0,0,0
Florida Keys,Molasses Reef,ML2,ML2-t141,04,37,25,23,85%,JC,,0,none,none,none,0,N,N,0,0,1,0,0,0
Florida Keys,Molasses Reef,ML2,ML2-t142,04,35,33,35,20%,RC,,0,none,none,none,0,N,N,0,0,1,0,0,0
Florida Keys,Molasses Reef,ML2,ML2-t143,04,5,3,2,100%,EC,,0,none,none,none,0,N,N,0,0,0,0,0,0
Florida Keys,Molasses Reef,ML3,ML3-t144,04,140,115,83,75%,BC,,1,FS,Oth,none,0,Y,N,0,2,0,0,1,0
Florida Keys,Molasses Reef,ML3,ML3-t145,04,116,80,52,100%,BC,,0,none,none,none,0,Y,N,0,0,0,0,0,0
Florida Keys,Molasses Reef,ML3,ML3-t146,04,143,105,77,85%,BC,,0,none,none,none,0,Y,N,1,1,1,0,0,0
Florida Keys,Molasses Reef,ML3,ML3-t147,04,240,210,75,65%,BC,,1,FS,CB,none,0,Y,Y,0,3,2,0,1,0
Florida Keys,Molasses Reef,ML3,ML3-t148,04,102,75,60,85%,BC,,2,FS,none,none,0,Y,N,0,10,1,0,1,0
Florida Keys,Molasses Reef,ML3,ML3-t150,04,35,22,26,100%,JC,,0,none,none,none,0,Y,N,0,0,0,0,0,0
Florida Keys,Molasses Reef,ML3,ML3-t151,04,200,120,70,70%,BC,,1,FS,none,none,0,N,Y,1,4,1,1,1,0
Florida Keys,Molasses Reef,ML3,ML3-t152,04,99,88,47,100%,BC,,0,none,none,none,0,N,N,1,0,1,0,0,0
Florida Keys,Molasses Reef,ML3,ML3-t184,04,187,165,77,99%,BC,,0,none,none,none,0,N,N,1,0,1,0,0,0
Florida Keys,Molasses Reef,ML3,ML3-t185,04,14,12,7,100%,JC,,0,none,none,none,0,N,N,0,0,0,0,0,1
Florida Keys,Molasses Reef,ML3,ML3-t186,04,26,22,10,98%,JC,,0,none,none,none,0,Y,N,0,0,0,0,0,0
Florida Keys,Carysfort Reef,CF1,CF1-t023,05,75,67,60,35%,BC,,0,none,none,none,0,N,N,0,0,0,0,1,0
Florida Keys,Carysfort Reef,CF1,CF1-t024,05,80,65,55,70%,BC,,1,Oth,none,none,0,N,N,0,0,0,0,0,0
Florida Keys,Carysfort Reef,CF1,CF1-t025,05,90,78,55,50%,BC,,2,FS,none,none,0,N,N,0,27,0,0,0,0
Florida Keys,Carysfort Reef,CF1,CF1-t027,05,145,112,113,30%,BC,,1,WPx,none,none,0,N,N,0,0,0,0,0,0
Florida Keys,Carysfort Reef,CF1,CF1-t028,05,21,17,27,85%,JC,,0,none,none,none,0,N,N,0,0,0,0,0,0
Florida Keys,Carysfort Reef,CF1,CF1-t029,05,115,80,95,75%,BC,,0,none,none,none,0,N,N,0,0,0,0,2,1
Florida Keys,Carysfort Reef,CF1,CF1-t030,05,16,14,17,100%,JC,,0,none,none,none,0,N,N,0,0,0,0,0,0
Florida Keys,Carysfort Reef,CF1,CF1-t031,05,135,95,75,30%,BC,,1,FS,WPx,none,0,N,N,0,5,0,0,1,0
Florida Keys,Carysfort Reef,CF1,CF1-t032,05,15,12,6,65%,RC,,0,none,none,none,0,N,N,0,0,0,0,0,0
Florida Keys,Carysfort Reef,CF1,CF1-t033,05,240,125,125,55%,BC,,0,none,none,none,0,N,N,0,0,1,0,1,0
Florida Keys,Carysfort Reef,CF1,CF1-t034,05,72,68,80,70%,BC,,1,FP,FS,none,0,N,N,0,3,1,0,0,0
Florida Keys,Carysfort Reef,CF1,CF1-t035,05,6,5,2,100%,EC,,0,none,none,none,0,N,N,0,0,0,0,0,0
Florida Keys,Carysfort Reef,CF1,CF1-t036,05,120,80,60,5%,RC,,0,none,none,none,0,N,N,0,0,0,0,0,0
Florida Keys,Carysfort Reef,CF2,CF2-t038,05,220,183,91,40%,BC,,1,FS,CL,none,0,N,N,1,13,1,0,2,0
Florida Keys,Carysfort Reef,CF2,CF2-t039,05,65,35,45,10%,RC,,1,FS,none,none,0,N,N,0,6,1,0,0,0
Florida Keys,Carysfort Reef,CF2,CF2-t040,05,140,60,57,55%,BC,,1,CL,none,none,0,N,N,0,0,0,0,0,0
Florida Keys,Carysfort Reef,CF2,CF2-t041,05,120,55,75,35%,BC,,0,none,none,none,0,N,N,0,0,0,0,1,0
Florida Keys,Carysfort Reef,CF2,CF2-t042,05,45,35,10,60%,EC,,0,none,none,none,0,N,N,0,0,0,0,0,0
Florida Keys,Carysfort Reef,CF2,CF2-t043,05,120,85,63,100%,BC,,0,none,none,none,0,N,N,0,0,0,0,0,0
Florida Keys,Carysfort Reef,CF2,CF2-t044,05,107,90,50,30%,BC,,1,FS,CB,none,0,N,N,0,11,0,0,0,0
Florida Keys,Carysfort Reef,CF2,CF2-t045,05,118,93,75,90%,BC,,0,none,none,none,0,N,N,2,0,1,0,0,0
Florida Keys,Carysfort Reef,CF2,CF2-t046,05,63,33,36,30%,BC,,0,none,none,none,0,N,N,0,0,0,0,0,0
Florida Keys,Carysfort Reef,CF2,CF2-t047,05,185,105,71,80%,BC,,2,CL,none,none,0,N,N,1,0,1,0,1,0
Florida Keys,Carysfort Reef,CF2,CF2-t048,05,118,85,68,85%,BC,,2,CL,none,none,0,N,N,0,0,0,0,1,0
Florida Keys,Carysfort Reef,CF2,CF2-t049,05,170,95,70,65%,BC,,1,FS,CL,none,0,N,N,0,5,1,0,1,0
Florida Keys,Carysfort Reef,CF3,CF3-t087,05,45,45,35,80%,BC,,0,none,none,none,0,N,N,1,0,2,1,0,0
Florida Keys,Carysfort Reef,CF3,CF3-t088,05,395,300,150,65%,BC,,1,RTL,CL,none,0,N,N,3,0,10,0,2,0
Florida Keys,Carysfort Reef,CF3,CF3-t089,05,16,9,10,80%,JC,,0,none,none,none,0,N,N,0,0,0,0,0,0
Florida Keys,Carysfort Reef,CF3,CF3-t090,05,318,152,64,75%,BC,,0,none,none,none,0,N,N,3,0,5,0,1,0
Florida Keys,Carysfort Reef,CF3,CF3-t091,05,16,15,15,100%,JC,,0,none,none,none,0,N,N,0,0,1,0,0,0
Florida Keys,Carysfort Reef,CF3,CF3-t092,05,305,205,90,65%,BC,,1,RTL,CL,CB,0,N,N,3,0,7,1,2,1
Florida Keys,Carysfort Reef,CF3,CF3-t093,05,60,52,39,40%,BC,,1,FS,CB,none,0,N,N,0,12,0,0,0,0
Florida Keys,Carysfort Reef,CF3,CF3-t094,05,8,5,6,80%,EC,,0,none,none,none,0,N,N,0,0,0,0,0,0
Florida Keys,Carysfort Reef,CF3,CF3-t095,05,225,140,95,55%,BC,,1,FS,none,none,0,N,N,2,4,4,0,2,1
Florida Keys,Carysfort Reef,CF3,CF3-t096,05,,,,0%,D,,,,,,,N,N,,,,,,
Florida Keys,Carysfort Reef,CF3,CF3-t098,05,33,21,20,10%,AF,,0,none,none,none,0,N,N,0,0,0,0,0,0
Florida Keys,Elbow Reef,EL1,EL1-t050,05,17,11,11,100%,JC,,0,none,none,none,0,N,N,0,0,0,0,0,0
Florida Keys,Elbow Reef,EL1,EL1-t051,05,153,137,85,50%,BC,,2,RTL,FS,none,0,N,N,1,2,1,1,1,1
Florida Keys,Elbow Reef,EL1,EL1-t052,05,275,170,70,80%,BC,,2,PFB,none,none,0,N,N,1,0,4,1,1,1
Florida Keys,Elbow Reef,EL1,EL1-t053,05,85,75,45,60%,SF,,0,none,none,none,0,Y,N,0,0,0,0,0,0
Florida Keys,Elbow Reef,EL1,EL1-t054,05,159,126,60,95%,BC,,0,none,none,none,0,N,Y,1,0,1,1,1,1
Florida Keys,Elbow Reef,EL1,EL1-t055,05,212,148,63,90%,BC,,2,Oth,none,none,0,N,N,1,0,1,1,1,1
Florida Keys,Elbow Reef,EL1,EL1-t056,05,147,100,75,85%,BC,,0,none,none,none,0,N,N,1,0,1,0,1,0
Florida Keys,Elbow Reef,EL1,EL1-t058,05,45,40,50,20%,RC,,0,none,none,none,0,N,N,0,0,0,0,0,0
Florida Keys,Elbow Reef,EL1,EL1-t059,05,175,130,95,65%,BC,,1,RTL,CL,CB,0,N,N,1,0,1,0,1,0
Florida Keys,Elbow Reef,EL1,EL1-t060,05,45,45,38,98%,BC,,0,none,none,none,0,N,N,0,0,0,0,0,0
Florida Keys,Elbow Reef,EL1,EL1-t061,05,70,50,50,98%,BC,,5,FS,none,none,1,N,N,0,3,0,0,0,0
Florida Keys,Elbow Reef,EL1,EL1-t062,05,180,105,125,60%,BC,,1,CL,PFB,none,0,N,N,0,1,0,0,0,0
Florida Keys,Elbow Reef,EL2,EL2-t063,05,32,29,22,90%,JC,,0,none,none,none,0,N,N,0,0,0,0,0,0
Florida Keys,Elbow Reef,EL2,EL2-t064,05,125,95,85,5%,RC,,0,none,none,none,0,N,N,0,0,0,0,0,0
Florida Keys,Elbow Reef,EL2,EL2-t065,05,110,92,88,40%,BC,,2,WBD,FS,PFB,0,N,N,0,1,0,0,1,0
Florida Keys,Elbow Reef,EL2,EL2-t066,05,120,95,85,40%,BC,,1,Oth,CB,none,0,N,N,0,0,0,0,0,0
Florida Keys,Elbow Reef,EL2,EL2-t067,05,94,42,35,30%,BC,,0,none,none,none,0,N,N,0,0,0,0,0,0
Florida Keys,Elbow Reef,EL2,EL2-t068,05,68,68,45,95%,BC,,0,none,none,none,0,N,N,0,0,0,0,0,0
Florida Keys,Elbow Reef,EL2,EL2-t069,05,140,85,68,65%,BC,,0,none,none,none,0,N,N,0,0,0,0,1,1
Florida Keys,Elbow Reef,EL2,EL2-t070,05,124,90,60,75%,BC,,1,FP,none,none,1,N,N,0,0,0,0,0,0
Florida Keys,Elbow Reef,EL2,EL2-t071,05,18,8,2,50%,RC,,1,PFB,none,none,0,N,N,0,0,0,0,0,0
Florida Keys,Elbow Reef,EL2,EL2-t072,05,80,70,20,5%,RC,,0,none,none,none,0,N,N,0,0,0,0,0,0
Florida Keys,Elbow Reef,EL2,EL2-t073,05,120,113,60,90%,BC,,2,CL,none,none,1,N,N,0,0,0,0,0,0
Florida Keys,Elbow Reef,EL3,EL3-t075,05,40,35,30,60%,RC,,3,WBD,CB,none,2,N,N,0,0,0,0,0,0
Florida Keys,Elbow Reef,EL3,EL3-t076,05,165,145,110,60%,BC,,1,FS,CB,CL,0,N,N,1,2,1,0,0,0
Florida Keys,Elbow Reef,EL3,EL3-t077,05,92,50,55,85%,BC,,2,CL,none,none,0,N,N,0,0,0,1,1,0
Florida Keys,Elbow Reef,EL3,EL3-t078,05,80,60,50,80%,BC,,2,CL,none,none,0,N,N,0,0,0,0,0,0
Florida Keys,Elbow Reef,EL3,EL3-t079,05,35,25,32,40%,RC,,0,none,none,none,0,N,N,0,0,0,0,0,0
Florida Keys,Elbow Reef,EL3,EL3-t080,05,,,,0%,D,,,,,,,N,N,,,,,,
Florida Keys,Elbow Reef,EL3,EL3-t081,05,147,124,135,55%,BC,,0,none,none,none,0,N,N,0,0,0,1,0,1
Florida Keys,Elbow Reef,EL3,EL3-t082,05,18,13,20,70%,RC,,0,none,none,none,0,N,N,0,0,0,0,0,0
Florida Keys,Elbow Reef,EL3,EL3-t083,05,137,105,63,85%,BC,,0,none,none,none,0,N,N,0,0,0,0,1,0
Florida Keys,Elbow Reef,EL3,EL3-t084,05,150,73,80,30%,BC,,1,CB,CL,none,0,N,N,0,0,0,0,0,0
Florida Keys,Elbow Reef,EL3,EL3-t086,05,160,115,65,70%,BC,,1,CL,none,none,0,N,N,0,1,0,0,1,0
Florida Keys,Elbow Reef,EL4,EL4-t153,05,162,122,67,70%,BC,,1,CL,none,none,0,N,N,0,0,0,0,2,0
Florida Keys,Elbow Reef,EL4,EL4-t154,05,115,100,77,65%,BC,,0,none,none,none,0,N,N,0,0,0,0,1,0
Florida Keys,Elbow Reef,EL4,EL4-t155,05,68,61,50,100%,BC,,0,none,none,none,0,N,N,0,0,0,0,0,0
Florida Keys,Elbow Reef,EL4,EL4-t156,05,49,35,30,90%,BC,,0,none,none,none,0,N,N,0,0,0,0,0,0
Florida Keys,Elbow Reef,EL4,EL4-t157,05,12,9,13,100%,JC,,0,none,none,none,0,N,N,0,0,0,0,0,0
Florida Keys,Elbow Reef,EL4,EL4-t158,05,41,32,40,70%,BC,,0,none,none,none,0,N,N,0,0,0,0,0,0
Florida Keys,Elbow Reef,EL4,EL4-t159,05,41,37,30,75%,BC,,1,FS,none,none,0,N,N,0,2,0,0,0,0
Florida Keys,Elbow Reef,EL4,EL4-t160,05,37,35,33,95%,JC,,0,none,none,none,0,N,N,0,0,0,0,1,0
Florida Keys,Elbow Reef,EL4,EL4-t161,05,55,30,20,20%,BC,,1,FS,CB,none,0,N,N,0,7,0,0,0,0
Florida Keys,Elbow Reef,EL4,EL4-t162,05,60,40,30,100%,BC,,0,none,none,none,2,Y,N,0,2,0,0,0,0
Florida Keys,Elbow Reef,EL4,EL4-t163,05,90,60,40,25%,SF,,1,FS,CB,none,0,N,N,0,3,0,0,0,0
Florida Keys,Elbow Reef,EL4,EL4-t164,05,20,15,15,100%,JC,,0,none,none,none,0,N,N,0,0,0,1,0,0
Florida Keys,Elbow Reef,EL4,EL4-t165,05,10,7,8,100%,EC,,0,none,none,none,0,N,N,0,0,0,0,0,0
Florida Keys,Elbow Reef,EL4,EL4-t166,05,8,8,8,100%,EC,,0,none,none,none,0,N,N,0,0,0,0,1,0
Florida Keys,Elbow Reef,EL4,EL4-t167,05,10,10,11,100%,JC,,0,none,none,none,2,N,N,0,0,0,0,0,0
Florida Keys,Elbow Reef,EL4,EL4-t168,05,110,98,74,98%,BC,,1,FS,none,none,0,N,N,0,4,0,0,0,0
Florida Keys,Elbow Reef,EL4,EL4-t169,05,43,20,29,1%,RC,,0,none,none,none,1,Y,N,0,0,0,0,0,0
Florida Keys,Elbow Reef,EL5,EL5-t170,05,28,28,28,99%,JC,,0,none,none,none,0,N,N,0,0,0,0,1,0
Florida Keys,Elbow Reef,EL5,EL5-t171,05,20,16,19,100%,JC,,0,none,none,none,0,N,N,0,0,0,0,1,0
Florida Keys,Elbow Reef,EL5,EL5-t172,05,31,26,20,100%,JC,,0,none,none,none,0,N,N,0,0,0,0,0,0
Florida Keys,Elbow Reef,EL5,EL5-t173,05,25,24,22,95%,JC,,0,none,none,none,0,Y,N,0,0,0,0,0,0
Florida Keys,Elbow Reef,EL5,EL5-t174,05,43,30,45,90%,BC,,0,none,none,none,0,N,N,0,0,0,0,0,0
Florida Keys,Elbow Reef,EL5,EL5-t175,05,67,35,45,90%,BC,,0,none,none,none,0,N,N,0,0,0,0,0,0
Florida Keys,Elbow Reef,EL5,EL5-t176,05,24,17,18,65%,RC,,0,none,none,none,0,N,Y,0,0,0,0,0,0
Florida Keys,Elbow Reef,EL5,EL5-t177,05,64,53,36,85%,BC,,0,none,none,none,0,N,N,0,3,0,0,0,0
Florida Keys,Elbow Reef,EL5,EL5-t180,05,98,81,56,70%,BC,,0,none,none,none,0,N,N,0,0,0,0,1,0
Florida Keys,Elbow Reef,EL5,EL5-t181,05,91,90,47,85%,BC,,0,none,none,none,0,N,N,0,2,0,0,0,0
Florida Keys,Elbow Reef,EL5,EL5-t182,05,36,28,25,90%,JC,,0,none,none,none,0,N,N,0,0,0,0,0,0
Florida Keys,Elbow Reef,EL5,EL5-t183,05,13,11,8,98%,EC,,0,none,none,none,0,N,N,0,0,0,0,0,0
Florida Keys,French Reef,FR1,FR1-t001,05,24,20,20,98%,JC,,0,none,none,none,1,N,N,0,0,0,0,0,0
Florida Keys,French Reef,FR1,FR1-t002,05,63,46,40,95%,BC,,3,Oth,PFB,none,1,N,N,0,0,0,0,0,0
Florida Keys,French Reef,FR1,FR1-t003,05,15,11,14,25%,RC,,2,RTL,none,none,1,N,N,0,0,0,0,0,0
Florida Keys,French Reef,FR1,FR1-t004,05,135,105,110,35%,BC,,0,none,none,none,1,N,N,1,0,1,0,0,0
Florida Keys,French Reef,FR1,FR1-t005,05,155,140,70,65%,BC,,0,none,none,none,2,N,N,2,0,2,0,1,0
Florida Keys,French Reef,FR1,FR1-t006,05,185,160,95,80%,BC,,2,Oth,none,none,2,N,N,2,2,2,0,1,0
Florida Keys,French Reef,FR1,FR1-t007,05,45,35,35,70%,RC,,0,none,none,none,0,N,N,0,0,0,0,0,0
Florida Keys,French Reef,FR1,FR1-t008,05,175,90,55,40%,BC,,2,RTL,none,none,2,N,N,2,0,3,0,1,0
Florida Keys,French Reef,FR1,FR1-t009,05,178,150,75,75%,BC,,1,WPx,none,none,2,N,N,1,0,3,1,0,0
Florida Keys,French Reef,FR1,FR1-t010,05,60,55,42,45%,BC,,1,Oth,none,none,3,N,N,1,0,1,0,0,0
Florida Keys,French Reef,FR1,FR1-t011,05,6,5,4,100%,JC,,0,none,none,none,1,N,N,0,0,0,0,0,0
Florida Keys,French Reef,FR1,FR1-t012,05,20,18,19,99%,JC,,5,Oth,none,none,2,N,N,0,0,0,0,0,0
Florida Keys,Key Largo Dry Rocks,KL1,KL1-t101,05,140,70,70,5%,RC,,1,FS,none,none,0,N,N,0,3,1,0,1,0
Florida Keys,Key Largo Dry Rocks,KL1,KL1-t102,05,165,120,75,45%,BC,,1,Oth,none,none,0,N,N,1,2,1,0,1,0
Florida Keys,Key Largo Dry Rocks,KL1,KL1-t103,05,145,80,65,85%,BC,,2,FS,none,none,1,N,N,2,1,1,1,1,0
Florida Keys,Key Largo Dry Rocks,KL1,KL1-t104,05,135,100,73,95%,BC,,3,Abr,none,none,0,N,N,2,0,1,0,0,0
Florida Keys,Key Largo Dry Rocks,KL1,KL1-t105,05,230,162,95,50%,BC,,0,none,none,none,0,N,N,0,0,0,1,0,0
Florida Keys,Key Largo Dry Rocks,KL1,KL1-t106,05,170,85,60,85%,BC,,2,CL,none,none,0,N,N,1,0,1,0,0,0
Florida Keys,Key Largo Dry Rocks,KL1,KL1-t107,05,120,87,65,75%,BC,,0,none,none,none,1,N,N,2,0,2,1,0,0
Florida Keys,Key Largo Dry Rocks,KL1,KL1-t108,05,180,120,97,65%,BC,,0,none,none,none,0,N,N,3,0,1,1,0,1
Florida Keys,Key Largo Dry Rocks,KL1,KL1-t109,05,75,56,50,25%,RC,,1,CB,none,none,0,N,N,1,0,1,0,1,0
Florida Keys,Key Largo Dry Rocks,KL1,KL1-t110,05,205,130,90,45%,BC,,0,none,none,none,1,N,N,1,0,1,0,1,0
Florida Keys,Key Largo Dry Rocks,KL1,KL1-t111,05,85,53,50,90%,BC,,2,FS,none,none,0,N,N,0,5,0,0,0,0
Florida Keys,Key Largo Dry Rocks,KL1,KL1-t112,05,45,28,27,95%,BC,,0,none,none,none,0,N,N,0,0,0,0,1,0
Florida Keys,Key Largo Dry Rocks,KL1,KL1-t113,05,100,53,50,25%,RC,,0,none,none,none,0,N,N,0,0,0,0,0,0
Florida Keys,Key Largo Dry Rocks,KL2,KL2-t114,05,48,41,33,70%,BC,,0,none,none,none,0,N,N,0,0,0,0,0,0
Florida Keys,Key Largo Dry Rocks,KL2,KL2-t116,05,7,5,7,90%,JC,,0,none,none,none,0,N,N,0,0,0,0,0,0
Florida Keys,Key Largo Dry Rocks,KL2,KL2-t117,05,95,55,43,15%,BC,,0,none,none,none,0,N,N,0,0,0,0,0,0
Florida Keys,Key Largo Dry Rocks,KL2,KL2-t118,05,100,60,75,60%,BC,,3,RTL,FS,none,0,N,Y,0,5,0,0,0,0
Florida Keys,Key Largo Dry Rocks,KL2,KL2-t119,05,75,47,68,75%,RC,,1,FS,none,none,0,N,N,0,1,0,0,0,0
Florida Keys,Key Largo Dry Rocks,KL2,KL2-t120,05,30,28,32,40%,RC,,0,none,none,none,0,N,N,0,0,0,0,0,0
Florida Keys,Key Largo Dry Rocks,KL2,KL2-t123,05,100,50,55,35%,BC,,2,WPx,FS,none,0,N,N,0,5,0,0,0,0
Florida Keys,Key Largo Dry Rocks,KL2,KL2-t124,05,41,32,33,98%,BC,,0,none,none,none,0,N,N,0,0,0,0,0,0
Florida Keys,Key Largo Dry Rocks,KL2,KL2-t125,05,25,25,35,30%,RC,,0,none,none,none,0,N,N,0,0,0,0,0,0
Florida Keys,Key Largo Dry Rocks,KL3,KL3-t215,05,95,85,55,60%,BC,,1,CL,none,none,0,N,N,3,0,1,0,0,0
Florida Keys,Key Largo Dry Rocks,KL3,KL3-t216,05,137,70,67,65%,BC,,1,FS,WBD,CB,0,N,N,2,3,1,0,1,0
Florida Keys,Key Largo Dry Rocks,KL3,KL3-t217,05,90,60,48,45%,BC,,0,none,none,none,0,N,N,1,0,1,0,0,0
Florida Keys,Key Largo Dry Rocks,KL3,KL3-t219,05,193,123,65,25%,BC,,1,FS,WBD,none,0,N,N,1,3,2,0,0,0
Florida Keys,Key Largo Dry Rocks,KL3,KL3-t220,05,78,70,45,30%,BC,,1,RTL,none,none,0,N,N,0,0,1,0,0,0
Florida Keys,Key Largo Dry Rocks,KL3,KL3-t222,05,3,3,2,95%,EC,,0,none,none,none,0,N,N,0,0,1,0,0,0
Florida Keys,Key Largo Dry Rocks,KL3,KL3-t223,05,45,25,35,5%,RC,,0,none,none,none,0,N,N,0,0,0,0,0,0
Florida Keys,Key Largo Dry Rocks,KL3,KL3-t224,05,70,45,25,10%,RC,,0,none,none,none,0,N,N,0,0,1,0,0,0
Florida Keys,Key Largo Dry Rocks,KL3,KL3-t225,05,34,32,25,10%,RC,,0,none,none,none,0,N,N,0,0,0,0,0,0
Florida Keys,Key Largo Dry Rocks,KL3,KL3-t226,05,32,26,22,5%,RC,,1,FS,none,none,0,N,N,0,1,1,0,0,0
Florida Keys,Key Largo Dry Rocks,KL3,KL3-t227,05,8,8,5,100%,JC,,0,none,none,none,0,N,N,0,0,0,0,0,0
Florida Keys,Molasses Reef,ML1,ML1-t013,05,145,115,82,80%,BC,,2,CL,none,none,0,N,Y,2,0,1,0,1,1
Florida Keys,Molasses Reef,ML1,ML1-t014,05,118,105,45,60%,BC,,3,FS,RTL,none,0,N,Y,1,8,2,1,1,0
Florida Keys,Molasses Reef,ML1,ML1-t015,05,20,18,15,65%,RC,,0,none,none,none,0,N,N,0,0,0,0,0,0
Florida Keys,Molasses Reef,ML1,ML1-t016,05,85,67,47,80%,BC,,2,PFB,CL,none,0,N,Y,1,3,1,0,0,0
Florida Keys,Molasses Reef,ML1,ML1-t017,05,75,60,55,35%,BC,,1,CL,none,none,0,N,N,1,0,1,0,0,0
Florida Keys,Molasses Reef,ML1,ML1-t018,05,210,155,100,80%,BC,,2,WBD,FP,none,1,N,N,1,0,0,1,0,4
Florida Keys,Molasses Reef,ML1,ML1-t020,05,235,140,105,25%,BC,,1,RTL,none,none,0,N,N,0,0,0,0,0,0
Florida Keys,Molasses Reef,ML1,ML1-t021,05,14,11,16,98%,JC,,0,none,none,none,0,N,N,0,0,0,0,0,0
Florida Keys,Molasses Reef,ML1,ML1-t022,05,28,22,25,100%,JC,,0,none,none,none,3,N,N,1,0,1,0,0,0
Florida Keys,Molasses Reef,ML2,ML2-t126,05,270,190,135,45%,BC,,1,FS,CL,none,0,Y,N,1,8,3,0,2,0
Florida Keys,Molasses Reef,ML2,ML2-t127,05,38,33,40,95%,JC,,0,none,none,none,0,N,N,0,0,1,0,0,0
Florida Keys,Molasses Reef,ML2,ML2-t128,05,37,28,22,98%,JC,,0,none,none,none,0,Y,N,0,0,0,0,0,0
Florida Keys,Molasses Reef,ML2,ML2-t129,05,180,140,70,40%,BC,,0,none,none,none,2,N,N,2,0,2,1,0,0
Florida Keys,Molasses Reef,ML2,ML2-t130,05,175,95,70,55%,BC,,1,FS,none,none,1,Y,N,0,8,1,0,0,0
Florida Keys,Molasses Reef,ML2,ML2-t131,05,195,120,70,65%,BC,,0,none,none,none,2,N,Y,1,0,1,0,1,1
Florida Keys,Molasses Reef,ML2,ML2-t132,05,195,85,73,75%,BC,,0,none,none,none,1,Y,N,1,0,1,0,1,1
Florida Keys,Molasses Reef,ML2,ML2-t134,05,65,55,35,20%,BC,,1,FS,CB,none,0,Y,N,0,3,0,0,0,0
Florida Keys,Molasses Reef,ML2,ML2-t135,05,48,40,47,99%,BC,,0,none,none,none,2,Y,N,0,0,0,0,0,0
Florida Keys,Molasses Reef,ML2,ML2-t136,05,37,33,26,40%,RC,,1,Oth,FS,none,0,N,N,0,6,0,0,0,0
Florida Keys,Molasses Reef,ML2,ML2-t137,05,46,38,35,15%,RC,,0,none,none,none,0,N,N,0,0,0,0,0,0
Florida Keys,Molasses Reef,ML2,ML2-t138,05,7,6,3,100%,EC,,0,none,none,none,0,N,N,0,0,0,0,0,0
Florida Keys,Molasses Reef,ML2,ML2-t139,05,10,8,10,10%,RC,,0,none,none,none,0,N,N,0,0,0,0,0,0
Florida Keys,Molasses Reef,ML2,ML2-t140,05,23,17,12,55%,AF,,0,none,none,none,0,N,N,0,0,0,0,0,0
Florida Keys,Molasses Reef,ML2,ML2-t141,05,38,25,25,85%,JC,,0,none,none,none,2,N,N,0,0,0,0,0,0
Florida Keys,Molasses Reef,ML2,ML2-t142,05,37,35,35,15%,RC,,3,FS,none,none,0,N,N,0,4,1,0,0,0
Florida Keys,Molasses Reef,ML2,ML2-t143,05,,,,0%,D,,,,,,,N,N,,,,,,
Florida Keys,Molasses Reef,ML3,ML3-t144,05,145,117,85,75%,BC,,1,FS,CB,CL,0,N,N,0,10,0,0,1,0
Florida Keys,Molasses Reef,ML3,ML3-t145,05,120,85,54,100%,BC,,0,none,none,none,0,Y,N,0,0,0,0,0,0
Florida Keys,Molasses Reef,ML3,ML3-t146,05,145,108,77,85%,BC,,0,none,none,none,0,N,N,3,0,1,0,0,0
Florida Keys,Molasses Reef,ML3,ML3-t147,05,240,210,75,65%,BC,,1,CB,FS,none,0,Y,Y,0,6,2,0,1,0
Florida Keys,Molasses Reef,ML3,ML3-t148,05,107,77,60,80%,BC,,2,FS,none,none,0,N,N,1,13,1,0,1,
Florida Keys,Molasses Reef,ML3,ML3-t150,05,35,23,26,99%,JC,,5,FS,none,none,0,N,N,0,6,1,0,0,0
Florida Keys,Molasses Reef,ML3,ML3-t151,05,200,123,70,55%,BC,,2,RTL,FS,CB,0,Y,Y,1,4,1,1,1,0
Florida Keys,Molasses Reef,ML3,ML3-t152,05,105,90,48,100%,BC,,0,none,none,none,0,Y,N,0,0,1,0,0,0
Florida Keys,Molasses Reef,ML3,ML3-t184,05,190,165,77,99%,BC,,5,FP,none,none,1,N,N,1,0,1,0,0,0
Florida Keys,Molasses Reef,ML3,ML3-t185,05,15,13,9,100%,JC,,0,none,none,none,0,N,N,0,0,0,0,0,0
Florida Keys,Molasses Reef,ML3,ML3-t186,05,27,22,10,100%,JC,,0,none,none,none,3,N,N,0,0,0,0,0,0
Florida Keys,Carysfort Reef,CF1,CF1-t023,06,75,65,50,25%,BC,,1,RTL,CL,none,0,N,N,0,0,0,0,1,0
Florida Keys,Carysfort Reef,CF1,CF1-t024,06,83,65,53,60%,BC,,3,RTL,none,none,0,N,N,0,0,0,0,0,0
Florida Keys,Carysfort Reef,CF1,CF1-t025,06,90,75,55,40%,BC,,2,FS,RTL,none,0,N,N,0,15,0,0,0,0
Florida Keys,Carysfort Reef,CF1,CF1-t027,06,135,95,90,25%,BC,,1,RTL,CL,none,0,N,N,0,0,0,0,0,0
Florida Keys,Carysfort Reef,CF1,CF1-t028,06,10,7,13,70%,JC,,5,RTL,none,none,0,N,N,0,0,0,0,0,0
Florida Keys,Carysfort Reef,CF1,CF1-t029,06,112,80,95,35%,BC,,4,RTL,none,none,0,N,N,0,0,0,0,0,0
Florida Keys,Carysfort Reef,CF1,CF1-t030,06,19,16,20,100%,JC,,0,none,none,none,0,N,N,0,0,0,0,0,0
Florida Keys,Carysfort Reef,CF1,CF1-t031,06,115,75,65,20%,BC,,1,RTL,FS,none,0,N,N,0,2,0,0,0,0
Florida Keys,Carysfort Reef,CF1,CF1-t032,06,15,12,6,60%,RC,,0,none,none,none,0,N,N,0,0,0,0,0,0
Florida Keys,Carysfort Reef,CF1,CF1-t033,06,240,115,105,35%,BC,,3,RTL,none,none,0,N,N,0,0,1,0,1,0
Florida Keys,Carysfort Reef,CF1,CF1-t034,06,55,33,58,40%,BC,,2,RTL,FS,none,0,N,N,0,6,0,0,0,0
Florida Keys,Carysfort Reef,CF1,CF1-t035,06,6,5,2,100%,EC,,0,none,none,none,0,N,N,0,0,0,0,0,0
Florida Keys,Carysfort Reef,CF1,CF1-t036,06,120,80,60,2%,RC,,0,none,none,none,0,N,N,0,0,0,0,0,0
Florida Keys,Carysfort Reef,CF2,CF2-t038,06,220,185,91,40%,BC,,1,WPx,FS,none,0,N,N,1,6,1,0,1,0
Florida Keys,Carysfort Reef,CF2,CF2-t039,06,,,,0%,D,,,,,,,N,N,,,,,,
Florida Keys,Carysfort Reef,CF2,CF2-t040,06,120,50,60,50%,BC,,2,RTL,none,none,0,N,N,0,0,0,0,0,0
Florida Keys,Carysfort Reef,CF2,CF2-t041,06,120,55,75,25%,BC,,2,RTL,FS,none,0,N,N,0,1,0,0,0,0
Florida Keys,Carysfort Reef,CF2,CF2-t042,06,45,35,10,70%,EC,,0,none,none,none,0,N,N,0,0,0,0,0,0
Florida Keys,Carysfort Reef,CF2,CF2-t043,06,115,70,50,80%,BC,,5,RTL,none,none,0,N,N,0,0,0,0,0,0
Florida Keys,Carysfort Reef,CF2,CF2-t044,06,110,65,40,10%,RC,,1,RTL,FS,PFB,0,N,N,0,1,0,0,0,0
Florida Keys,Carysfort Reef,CF2,CF2-t045,06,120,95,75,90%,BC,,2,RTL,none,none,0,N,N,1,0,1,0,0,0
Florida Keys,Carysfort Reef,CF2,CF2-t046,06,65,33,36,40%,BC,,0,none,none,none,0,N,N,0,0,0,0,0,0
Florida Keys,Carysfort Reef,CF2,CF2-t047,06,180,105,60,60%,BC,,4,RTL,WPx,none,0,N,N,0,0,1,0,1,0
Florida Keys,Carysfort Reef,CF2,CF2-t048,06,118,87,65,85%,BC,,0,none,none,none,0,N,N,0,0,0,0,1,0
Florida Keys,Carysfort Reef,CF2,CF2-t049,06,155,95,60,50%,BC,,4,RTL,FS,none,0,N,N,0,4,1,0,1,0
Florida Keys,Carysfort Reef,CF3,CF3-t087,06,,,,,G,,,,,,,N,N,,,,,,
Florida Keys,Carysfort Reef,CF3,CF3-t088,06,300,180,115,40%,BC,,3,RTL,FS,CB,0,N,N,3,0,11,0,2,0
Florida Keys,Carysfort Reef,CF3,CF3-t089,06,18,12,10,80%,JC,,0,none,none,none,0,N,N,0,0,0,1,0,0
Florida Keys,Carysfort Reef,CF3,CF3-t090,06,300,150,64,65%,BC,,3,RTL,FS,none,0,N,N,3,0,5,0,1,0
Florida Keys,Carysfort Reef,CF3,CF3-t091,06,17,15,15,90%,JC,,5,FS,FP,none,0,N,N,0,0,1,0,0,0
Florida Keys,Carysfort Reef,CF3,CF3-t092,06,242,135,80,50%,BC,,1,RTL,FS,none,0,N,N,2,0,6,1,1,1
Florida Keys,Carysfort Reef,CF3,CF3-t093,06,50,36,30,30%,BC,,1,FS,none,none,0,N,N,0,4,0,0,0,0
Florida Keys,Carysfort Reef,CF3,CF3-t094,06,9,6,5,0%,D,,2,RTL,none,none,,N,N,,,,,,
Florida Keys,Carysfort Reef,CF3,CF3-t095,06,190,120,90,50%,BC,,2,RTL,FS,none,0,N,N,2,4,3,0,1,0
Florida Keys,Carysfort Reef,CF3,CF3-t098,06,,,,0%,D,,,,,,,N,N,,,,,,
Florida Keys,Carysfort Reef,CF3,CF3-t916,06,30,22,25,95%,JC,,3,RTL,none,none,0,N,N,0,0,0,0,0,0
Florida Keys,Carysfort Reef,CF3,CF3-t917,06,5,4,4,85%,JC,,5,Oth,none,none,0,N,N,0,0,0,0,0,0
Florida Keys,Carysfort Reef,CF3,CF3-t918,06,5,4,2,100%,EC,,0,none,none,none,0,N,N,0,0,0,0,0,0
Florida Keys,Carysfort Reef,CF3,CF3-t919,06,8,5,3,100%,JC,,0,none,none,none,0,N,N,0,0,0,0,0,0
Florida Keys,Elbow Reef,EL1,EL1-t050,06,18,12,7,90%,JC,,0,none,none,none,0,N,N,0,0,0,0,0,0
Florida Keys,Elbow Reef,EL1,EL1-t051,06,155,138,85,35%,BC,,3,RTL,FS,none,0,N,N,1,7,1,1,1,1
Florida Keys,Elbow Reef,EL1,EL1-t052,06,270,170,70,65%,BC,,4,RTL,none,none,0,N,N,1,0,3,0,1,1
Florida Keys,Elbow Reef,EL1,EL1-t053,06,,,,,G,,,,,,,N,N,,,,,,
Florida Keys,Elbow Reef,EL1,EL1-t054,06,139,108,56,80%,BC,,4,RTL,none,none,0,N,N,1,0,3,0,1,1
Florida Keys,Elbow Reef,EL1,EL1-t055,06,211,149,63,80%,BC,,4,RTL,none,none,0,N,N,2,0,2,0,1,1
Florida Keys,Elbow Reef,EL1,EL1-t056,06,140,85,70,70%,BC,,3,WPx,none,none,0,N,N,1,0,1,0,0,0
Florida Keys,Elbow Reef,EL1,EL1-t058,06,43,35,35,25%,RC,,1,RTL,none,none,0,N,N,0,0,0,0,0,0
Florida Keys,Elbow Reef,EL1,EL1-t059,06,175,120,70,50%,BC,,4,RTL,none,none,0,N,N,1,0,1,0,1,0
Florida Keys,Elbow Reef,EL1,EL1-t060,06,57,46,40,95%,BC,,3,Oth,none,none,0,N,N,0,0,0,0,0,0
Florida Keys,Elbow Reef,EL1,EL1-t061,06,49,34,43,85%,BC,,2,FS,none,none,0,Y,N,0,4,0,0,0,0
Florida Keys,Elbow Reef,EL1,EL1-t062,06,155,80,105,65%,BC,,1,FP,none,none,0,N,N,0,0,0,0,0,1
Florida Keys,Elbow Reef,EL2,EL2-t063,06,,,,,G,,,,,,,N,N,,,,,,
Florida Keys,Elbow Reef,EL2,EL2-t064,06,125,70,75,2%,RC,,0,none,none,none,0,N,N,0,0,0,0,0,0
Florida Keys,Elbow Reef,EL2,EL2-t065,06,105,90,85,30%,BC,,2,WBD,FS,WPx,0,N,N,0,1,0,0,0,0
Florida Keys,Elbow Reef,EL2,EL2-t066,06,105,75,85,45%,BC,,2,WPx,none,none,0,N,Y,0,0,0,0,0,0
Florida Keys,Elbow Reef,EL2,EL2-t067,06,62,30,22,20%,RC,,0,none,none,none,1,N,N,0,0,0,0,0,0
Florida Keys,Elbow Reef,EL2,EL2-t068,06,65,35,35,85%,BC,,0,none,none,none,0,N,N,0,0,0,0,0,0
Florida Keys,Elbow Reef,EL2,EL2-t069,06,142,85,68,55%,BC,,2,WPx,none,none,0,N,N,0,0,0,0,1,0
Florida Keys,Elbow Reef,EL2,EL2-t070,06,25,20,20,80%,EC,,0,none,none,none,0,N,N,0,0,0,0,0,0
Florida Keys,Elbow Reef,EL2,EL2-t071,06,18,8,2,40%,EC,,0,none,none,none,0,N,N,0,0,0,0,0,0
Florida Keys,Elbow Reef,EL2,EL2-t072,06,80,70,20,5%,RC,,0,none,none,none,0,N,N,0,0,0,0,0,0
Florida Keys,Elbow Reef,EL2,EL2-t073,06,115,105,55,80%,BC,,4,WPx,none,none,0,N,N,0,0,0,0,0,0
Florida Keys,Elbow Reef,EL2,EL2-t913,06,210,170,105,75%,BC,,3,WPx,none,none,0,N,N,0,0,0,0,1,1
Florida Keys,Elbow Reef,EL2,EL2-t914,06,80,55,40,75%,BC,,0,none,none,none,0,N,N,0,0,0,0,0,0
Florida Keys,Elbow Reef,EL3,EL3-t075,06,35,28,30,50%,RC,,2,RTL,none,none,0,N,N,0,0,0,0,0,0
Florida Keys,Elbow Reef,EL3,EL3-t076,06,170,110,90,40%,BC,,2,WPx,none,none,1,N,N,1,2,1,1,1,0
Florida Keys,Elbow Reef,EL3,EL3-t077,06,67,28,45,60%,BC,,0,none,none,none,0,N,N,0,0,0,0,1,0
Florida Keys,Elbow Reef,EL3,EL3-t078,06,44,27,45,75%,RC,,1,WPx,none,none,0,N,N,0,0,0,0,0,0
Florida Keys,Elbow Reef,EL3,EL3-t079,06,35,25,32,35%,RC,,1,RTL,none,none,0,N,N,0,0,0,0,0,0
Florida Keys,Elbow Reef,EL3,EL3-t081,06,135,63,95,20%,RC,,1,WPx,none,none,0,N,N,0,0,0,1,0,0
Florida Keys,Elbow Reef,EL3,EL3-t082,06,15,14,13,50%,RC,,1,RTL,none,none,0,N,N,0,0,0,0,0,0
Florida Keys,Elbow Reef,EL3,EL3-t083,06,86,80,60,60%,BC,,4,RTL,none,none,0,N,N,0,0,0,0,1,1
Florida Keys,Elbow Reef,EL3,EL3-t084,06,130,72,80,20%,BC,,2,WPx,none,none,0,N,N,0,0,0,0,1,0
Florida Keys,Elbow Reef,EL3,EL3-t086,06,153,80,60,40%,BC,,3,RTL,CB,none,0,N,N,0,0,0,0,0,0
Florida Keys,Elbow Reef,EL3,EL3-t911,06,70,37,42,60%,RC,,3,WPx,none,none,0,N,N,0,0,0,0,0,0
Florida Keys,Elbow Reef,EL3,EL3-t912,06,15,6,5,100%,AF,,0,none,none,none,0,N,N,0,0,0,0,0,0
Florida Keys,Elbow Reef,EL4,EL4-t153,06,162,122,67,70%,BC,,1,CL,none,none,0,N,N,0,0,0,1,0,0
Florida Keys,Elbow Reef,EL4,EL4-t154,06,110,85,68,60%,BC,,0,none,none,none,0,N,N,0,0,0,0,1,0
Florida Keys,Elbow Reef,EL4,EL4-t155,06,,,,,G,,,,,,,N,N,,,,,,
Florida Keys,Elbow Reef,EL4,EL4-t156,06,48,38,30,95%,BC,,0,none,none,none,0,N,N,0,0,0,0,0,0
Florida Keys,Elbow Reef,EL4,EL4-t157,06,11,9,13,100%,JC,,0,none,none,none,0,Y,N,0,0,0,0,0,0
Florida Keys,Elbow Reef,EL4,EL4-t158,06,43,32,40,75%,BC,,0,none,none,none,0,N,N,0,0,0,0,0,0
Florida Keys,Elbow Reef,EL4,EL4-t159,06,46,32,31,60%,BC,,3,FS,CB,none,0,N,N,0,2,0,0,0,0
Florida Keys,Elbow Reef,EL4,EL4-t160,06,39,26,35,95%,JC,,3,FS,none,none,0,N,N,0,5,0,0,0,0
Florida Keys,Elbow Reef,EL4,EL4-t161,06,,,,,G,,,,,,,N,N,,,,,,
Florida Keys,Elbow Reef,EL4,EL4-t162,06,35,33,20,90%,RC,,0,none,none,none,0,N,N,0,0,0,0,0,0
Florida Keys,Elbow Reef,EL4,EL4-t163,06,90,60,20,5%,SF,,0,none,none,none,0,N,Y,0,0,0,0,0,0
Florida Keys,Elbow Reef,EL4,EL4-t164,06,20,15,16,90%,JC,,2,WBD,none,none,0,N,N,0,0,0,0,0,0
Florida Keys,Elbow Reef,EL4,EL4-t165,06,11,6,8,100%,EC,,0,none,none,none,0,N,N,0,0,0,0,0,0
Florida Keys,Elbow Reef,EL4,EL4-t166,06,,,,,G,,,,,,,N,N,,,,,,
Florida Keys,Elbow Reef,EL4,EL4-t167,06,10,10,11,50%,EC,,5,RTL,none,none,0,N,N,0,0,0,0,0,0
Florida Keys,Elbow Reef,EL4,EL4-t168,06,112,98,74,98%,BC,,5,WPx,FS,FP,0,Y,N,0,6,0,0,0,0
Florida Keys,Elbow Reef,EL4,EL4-t169,06,,,,,G,,,,,,,N,N,,,,,,
Florida Keys,Elbow Reef,EL5,EL5-t170,06,30,24,30,95%,JC,,0,none,none,none,0,N,N,0,0,0,0,1,0
Florida Keys,Elbow Reef,EL5,EL5-t171,06,15,12,18,100%,JC,,0,none,none,none,0,N,N,0,0,0,0,1,0
Florida Keys,Elbow Reef,EL5,EL5-t172,06,,,,,G,,,,,,,N,N,,,,,,
Florida Keys,Elbow Reef,EL5,EL5-t173,06,,,,,G,,,,,,,N,N,,,,,,
Florida Keys,Elbow Reef,EL5,EL5-t174,06,35,32,22,90%,JC,,2,FP,none,none,0,N,N,0,0,0,0,0,0
Florida Keys,Elbow Reef,EL5,EL5-t175,06,65,40,30,85%,BC,,0,none,none,none,0,N,N,0,0,0,0,0,0
Florida Keys,Elbow Reef,EL5,EL5-t176,06,22,11,12,75%,EC,,0,none,none,none,0,N,Y,0,0,0,0,0,0
Florida Keys,Elbow Reef,EL5,EL5-t177,06,67,54,36,80%,BC,,2,FS,none,none,0,N,N,0,4,0,0,0,0
Florida Keys,Elbow Reef,EL5,EL5-t180,06,100,83,57,70%,BC,,0,none,none,none,0,N,N,0,0,0,0,1,1
Florida Keys,Elbow Reef,EL5,EL5-t181,06,,,,,G,,,,,,,N,N,,,,,,
Florida Keys,Elbow Reef,EL5,EL5-t182,06,38,30,25,100%,JC,,0,none,none,none,0,N,N,0,0,0,0,0,0
Florida Keys,Elbow Reef,EL5,EL5-t183,06,13,11,8,100%,EC,,0,none,none,none,0,N,N,0,0,0,0,0,0
Florida Keys,French Reef,FR1,FR1-t001,06,25,20,20,95%,JC,,3,WPx,none,none,0,N,N,0,0,0,0,0,0
Florida Keys,French Reef,FR1,FR1-t002,06,63,45,40,85%,BC,,5,RTL,none,none,0,N,N,0,0,0,0,0,0
Florida Keys,French Reef,FR1,FR1-t003,06,18,10,12,25%,RC,,0,none,none,none,0,N,N,0,0,0,0,0,0
Florida Keys,French Reef,FR1,FR1-t004,06,110,80,85,30%,RC,,1,WPx,none,none,0,N,N,0,0,1,0,0,0
Florida Keys,French Reef,FR1,FR1-t005,06,160,141,70,50%,BC,,4,RTL,none,none,0,N,N,2,0,2,1,0,0
Florida Keys,French Reef,FR1,FR1-t006,06,122,110,65,55%,BC,,4,RTL,WPx,none,0,N,N,2,0,2,1,1,0
Florida Keys,French Reef,FR1,FR1-t007,06,40,35,25,50%,RC,,0,none,none,none,0,N,N,0,0,0,0,0,0
Florida Keys,French Reef,FR1,FR1-t008,06,185,80,55,40%,BC,,2,RTL,none,none,0,N,N,2,0,3,0,0,0
Florida Keys,French Reef,FR1,FR1-t009,06,172,145,65,65%,BC,,3,RTL,none,none,0,N,N,1,1,5,0,1,0
Florida Keys,French Reef,FR1,FR1-t010,06,60,50,42,45%,BC,,1,CL,none,none,3,N,N,1,0,1,0,0,0
Florida Keys,French Reef,FR1,FR1-t011,06,6,6,7,100%,JC,,0,none,none,none,0,N,N,0,0,0,0,0,0
Florida Keys,French Reef,FR1,FR1-t012,06,4,3,1,80%,EC,,4,Oth,none,none,0,N,N,0,0,0,0,0,0
Florida Keys,Key Largo Dry Rocks,KL1,KL1-t101,06,85,70,70,2%,BC,,1,RTL,none,none,0,N,N,0,0,0,0,0,0
Florida Keys,Key Largo Dry Rocks,KL1,KL1-t102,06,145,105,70,10%,RC,,3,RTL,none,none,0,N,N,0,0,1,0,1,0
Florida Keys,Key Largo Dry Rocks,KL1,KL1-t103,06,147,60,65,70%,BC,,3,RTL,none,none,0,N,N,2,0,2,0,1,0
Florida Keys,Key Largo Dry Rocks,KL1,KL1-t104,06,135,105,75,5%,RC,,3,RTL,none,none,0,N,N,2,0,1,0,1,0
Florida Keys,Key Largo Dry Rocks,KL1,KL1-t105,06,210,155,75,20%,BC,,3,RTL,none,none,0,N,N,0,0,0,0,1,0
Florida Keys,Key Largo Dry Rocks,KL1,KL1-t106,06,110,75,45,20%,RC,,5,RTL,FS,none,0,N,N,0,2,1,0,1,0
Florida Keys,Key Largo Dry Rocks,KL1,KL1-t107,06,105,90,58,45%,RC,,3,RTL,none,none,0,N,N,1,0,2,0,1,0
Florida Keys,Key Largo Dry Rocks,KL1,KL1-t108,06,165,105,80,30%,BC,,4,RTL,none,none,0,N,N,2,0,2,0,1,1
Florida Keys,Key Largo Dry Rocks,KL1,KL1-t109,06,75,55,42,15%,RC,,1,RTL,none,none,0,N,N,0,0,1,0,1,0
Florida Keys,Key Largo Dry Rocks,KL1,KL1-t110,06,175,105,85,25%,RC,,2,RTL,none,none,0,N,N,0,0,0,0,1,0
Florida Keys,Key Largo Dry Rocks,KL1,KL1-t111,06,18,8,5,90%,EC,,2,Oth,none,none,0,N,N,0,0,0,0,0,0
Florida Keys,Key Largo Dry Rocks,KL1,KL1-t112,06,,,,,G,,,,,,,N,N,,,,,,
Florida Keys,Key Largo Dry Rocks,KL1,KL1-t113,06,10,5,7,0%,D,,2,RTL,none,none,,N,N,,0,0,0,0,0
Florida Keys,Key Largo Dry Rocks,KL1,KL1-t904,06,63,60,55,50%,RC,,1,RTL,none,none,0,N,N,0,0,0,0,0,0
Florida Keys,Key Largo Dry Rocks,KL2,KL2-t114,06,49,45,35,20%,RC,,3,RTL,none,none,0,N,N,0,0,0,0,0,0
Florida Keys,Key Largo Dry Rocks,KL2,KL2-t116,06,7,7,9,100%,JC,,0,none,none,none,0,N,N,0,0,0,0,0,0
Florida Keys,Key Largo Dry Rocks,KL2,KL2-t117,06,42,28,32,20%,BC,,3,FS,none,none,0,N,N,0,3,0,0,1,0
Florida Keys,Key Largo Dry Rocks,KL2,KL2-t118,06,,,,,G,,,,,,,N,N,,,,,,
Florida Keys,Key Largo Dry Rocks,KL2,KL2-t119,06,75,47,68,55%,RC,,4,RTL,Abr,none,0,N,N,0,1,0,0,0,0
Florida Keys,Key Largo Dry Rocks,KL2,KL2-t120,06,30,20,32,20%,RC,,2,RTL,none,none,0,N,N,0,0,0,0,0,0
Florida Keys,Key Largo Dry Rocks,KL2,KL2-t123,06,100,50,45,15%,RC,,1,RTL,none,none,0,N,N,0,0,0,0,0,0
Florida Keys,Key Largo Dry Rocks,KL2,KL2-t124,06,43,31,26,35%,BC,,5,RTL,none,none,0,N,N,0,0,0,1,0,0
Florida Keys,Key Largo Dry Rocks,KL2,KL2-t125,06,25,25,25,20%,RC,,1,RTL,none,none,0,N,N,0,0,0,0,0,0
Florida Keys,Key Largo Dry Rocks,KL2,KL2-t905,06,50,34,52,20%,RC,,3,RTL,FS,none,0,N,N,0,2,0,0,0,0
Florida Keys,Key Largo Dry Rocks,KL2,KL2-t906,06,50,30,60,20%,RC,,3,RTL,FS,none,0,N,N,0,2,0,0,0,0
Florida Keys,Key Largo Dry Rocks,KL2,KL2-t907,06,11,7,11,85%,EC,,0,none,none,none,0,N,N,0,0,0,0,0,0
Florida Keys,Key Largo Dry Rocks,KL2,KL2-t908,06,25,24,27,20%,RC,,2,RTL,none,none,0,N,N,0,0,0,0,0,0
Florida Keys,Key Largo Dry Rocks,KL3,KL3-t215,06,70,45,40,45%,RC,,3,RTL,none,none,0,N,N,0,0,0,0,0,0
Florida Keys,Key Largo Dry Rocks,KL3,KL3-t216,06,137,74,67,55%,BC,,2,RTL,FS,none,0,N,N,2,8,2,0,0,0
Florida Keys,Key Largo Dry Rocks,KL3,KL3-t217,06,90,60,48,35%,BC,,2,RTL,none,none,2,N,N,1,0,1,0,0,0
Florida Keys,Key Largo Dry Rocks,KL3,KL3-t219,06,194,122,49,20%,BC,,2,RTL,FS,none,0,N,N,1,5,2,0,1,0
Florida Keys,Key Largo Dry Rocks,KL3,KL3-t220,06,82,72,45,20%,BC,,3,RTL,none,none,0,N,N,0,0,1,0,0,0
Florida Keys,Key Largo Dry Rocks,KL3,KL3-t222,06,4,3,3,100%,EC,,0,none,none,none,0,N,N,0,0,1,0,0,0
Florida Keys,Key Largo Dry Rocks,KL3,KL3-t223,06,43,20,30,10%,RC,,0,none,none,none,0,N,N,0,0,0,0,0,0
Florida Keys,Key Largo Dry Rocks,KL3,KL3-t224,06,73,45,25,10%,RC,,1,RTL,none,none,0,N,N,0,0,1,0,1,0
Florida Keys,Key Largo Dry Rocks,KL3,KL3-t225,06,35,30,22,10%,RC,,1,RTL,none,none,0,N,N,0,0,0,0,0,0
Florida Keys,Key Largo Dry Rocks,KL3,KL3-t226,06,,,,,G,,,,,,,N,N,,,,,,
Florida Keys,Key Largo Dry Rocks,KL3,KL3-t227,06,9,9,5,65%,EC,,3,RTL,none,none,0,N,N,0,0,0,0,0,0
Florida Keys,Key Largo Dry Rocks,KL3,KL3-t909,06,11,9,9,100%,AF,,0,none,none,none,0,N,N,0,0,0,0,0,0
Florida Keys,Key Largo Dry Rocks,KL3,KL3-t910,06,17,10,10,100%,SF,,0,none,none,none,0,N,N,0,0,1,0,0,0
Florida Keys,Molasses Reef,ML1,ML1-t013,06,148,113,78,70%,BC,,1,RTL,none,none,1,N,Y,1,0,1,0,1,0
Florida Keys,Molasses Reef,ML1,ML1-t014,06,113,95,40,55%,BC,,2,RTL,FS,CB,0,N,Y,1,12,2,0,1,0
Florida Keys,Molasses Reef,ML1,ML1-t015,06,21,18,18,75%,RC,,0,none,none,none,0,N,N,0,0,0,0,0,0
Florida Keys,Molasses Reef,ML1,ML1-t016,06,80,70,35,70%,BC,,3,RTL,none,none,0,N,Y,1,0,1,0,1,0
Florida Keys,Molasses Reef,ML1,ML1-t017,06,50,44,39,20%,RC,,0,none,none,none,0,N,N,0,0,1,0,0,0
Florida Keys,Molasses Reef,ML1,ML1-t018,06,200,140,100,70%,BC,,3,RTL,WPx,none,2,N,N,0,0,0,0,1,5
Florida Keys,Molasses Reef,ML1,ML1-t020,06,220,155,105,25%,BC,,2,RTL,FS,none,0,N,N,0,3,0,0,0,0
Florida Keys,Molasses Reef,ML1,ML1-t021,06,15,14,17,100%,JC,,0,none,none,none,0,N,N,0,0,0,0,1,0
Florida Keys,Molasses Reef,ML1,ML1-t022,06,26,19,27,100%,JC,,0,none,none,none,0,N,N,1,0,0,0,0,0
Florida Keys,Molasses Reef,ML1,ML1-t920,06,12,9,5,100%,AF,,0,none,none,none,0,N,N,0,0,0,0,0,0
Florida Keys,Molasses Reef,ML1,ML1-t921,06,38,26,15,45%,RC,,1,FP,FS,none,0,N,N,0,1,0,0,0,0
Florida Keys,Molasses Reef,ML2,ML2-t126,06,270,185,105,45%,BC,,2,RTL,FS,none,0,N,N,1,21,4,0,1,0
Florida Keys,Molasses Reef,ML2,ML2-t127,06,38,33,40,80%,JC,,4,RTL,none,none,0,N,N,0,0,1,0,0,0
Florida Keys,Molasses Reef,ML2,ML2-t128,06,36,30,23,95%,JC,,0,none,none,none,0,N,N,0,0,0,0,0,0
Florida Keys,Molasses Reef,ML2,ML2-t129,06,160,120,65,30%,BC,,1,RTL,none,none,0,Y,Y,1,0,3,0,0,0
Florida Keys,Molasses Reef,ML2,ML2-t130,06,175,98,65,45%,BC,,3,RTL,CB,none,0,Y,N,1,2,1,0,1,0
Florida Keys,Molasses Reef,ML2,ML2-t131,06,165,110,57,35%,BC,,3,RTL,CL,CB,0,Y,Y,1,2,3,1,1,0
Florida Keys,Molasses Reef,ML2,ML2-t132,06,198,85,73,60%,BC,,3,RTL,none,none,0,Y,N,1,0,1,0,1,1
Florida Keys,Molasses Reef,ML2,ML2-t134,06,,,,,G,,,,,,,N,N,,,,,,
Florida Keys,Molasses Reef,ML2,ML2-t135,06,,,,,G,,,,,,,N,N,,,,,,
Florida Keys,Molasses Reef,ML2,ML2-t136,06,,,,,G,,,,,,,N,N,,,,,,
Florida Keys,Molasses Reef,ML2,ML2-t137,06,35,30,30,10%,RC,,1,FS,none,none,0,N,N,0,1,0,0,0,0
Florida Keys,Molasses Reef,ML2,ML2-t138,06,10,7,3,90%,EC,,2,Unk,none,none,0,N,N,0,0,0,0,0,0
Florida Keys,Molasses Reef,ML2,ML2-t139,06,7,6,2,100%,EC,,0,none,none,none,0,N,N,0,0,0,0,0,0
Florida Keys,Molasses Reef,ML2,ML2-t140,06,25,16,12,40%,RC,,1,FS,Abr,none,0,N,N,0,2,0,0,0,0
Florida Keys,Molasses Reef,ML2,ML2-t141,06,35,25,28,85%,JC,,2,RTL,none,none,0,N,N,0,0,0,0,0,0
Florida Keys,Molasses Reef,ML2,ML2-t142,06,38,35,28,5%,RC,,0,none,none,none,0,N,N,0,0,1,0,0,0
Florida Keys,Molasses Reef,ML3,ML3-t144,06,150,110,78,65%,BC,,3,RTL,FS,CB,0,Y,N,0,5,0,0,1,0
Florida Keys,Molasses Reef,ML3,ML3-t145,06,122,85,54,100%,BC,,0,none,none,none,1,N,N,0,0,0,0,0,0
Florida Keys,Molasses Reef,ML3,ML3-t146,06,147,108,77,80%,BC,,2,RTL,none,none,0,Y,N,1,0,1,0,0,0
Florida Keys,Molasses Reef,ML3,ML3-t147,06,240,210,75,60%,BC,,1,FS,none,none,0,Y,N,1,6,2,0,1,0
Florida Keys,Molasses Reef,ML3,ML3-t148,06,110,77,60,60%,BC,,4,RTL,FS,CB,0,Y,N,0,4,1,0,1,1
Florida Keys,Molasses Reef,ML3,ML3-t150,06,35,23,27,100%,JC,,0,none,none,none,0,N,N,0,0,1,0,0,0
Florida Keys,Molasses Reef,ML3,ML3-t151,06,172,95,50,45%,BC,,2,RTL,FS,none,1,N,Y,1,4,3,1,1,0
Florida Keys,Molasses Reef,ML3,ML3-t152,06,110,93,50,100%,BC,,0,none,none,none,0,Y,N,1,0,1,0,0,0
Florida Keys,Molasses Reef,ML3,ML3-t184,06,190,155,75,98%,BC,,5,WPx,none,none,1,N,N,1,0,1,0,0,0
Florida Keys,Molasses Reef,ML3,ML3-t185,06,15,13,10,100%,JC,,0,none,none,none,2,N,N,0,0,0,0,0,0
Florida Keys,Molasses Reef,ML3,ML3-t186,06,27,22,10,100%,JC,,0,none,none,none,0,Y,N,0,0,0,0,0,0
Florida Keys,Molasses Reef,ML3,ML3-t915,06,28,21,21,100%,JC,,0,none,none,none,1,Y,N,0,0,1,0,0,0
Florida Keys,Carysfort Reef,CF1,CF1-t023,07,77,65,50,20%,BC,,1,FS,none,none,0,N,N,0,2,0,0,1,0
Florida Keys,Carysfort Reef,CF1,CF1-t024,07,83,65,55,35%,BC,,1,RTL,none,none,0,N,N,0,0,0,0,1,0
Florida Keys,Carysfort Reef,CF1,CF1-t025,07,90,75,55,20%,RC,,1,FS,RTL,none,0,N,N,0,11,0,0,0,0
Florida Keys,Carysfort Reef,CF1,CF1-t027,07,105,85,75,20%,RC,,1,PFB,none,none,0,N,N,0,1,0,0,1,0
Florida Keys,Carysfort Reef,CF1,CF1-t028,07,,,,0%,D,,,,,,,N,N,,,,,,
Florida Keys,Carysfort Reef,CF1,CF1-t029,07,,,,,G,,,,,,,N,N,,,,,,
Florida Keys,Carysfort Reef,CF1,CF1-t030,07,,,,0%,D,,,,,,,N,N,,,,,,
Florida Keys,Carysfort Reef,CF1,CF1-t031,07,115,75,65,15%,RC,,1,FS,none,none,0,N,N,0,2,0,0,0,0
Florida Keys,Carysfort Reef,CF1,CF1-t032,07,15,12,6,50%,RC,,0,none,none,none,0,N,N,0,0,0,0,0,0
Florida Keys,Carysfort Reef,CF1,CF1-t033,07,240,115,105,25%,RC,,1,FS,none,none,0,N,N,0,6,2,0,1,0
Florida Keys,Carysfort Reef,CF1,CF1-t034,07,55,33,58,30%,RC,,0,none,none,none,0,N,N,0,0,1,0,0,0
Florida Keys,Carysfort Reef,CF1,CF1-t035,07,,,,0%,D,,,,,,,N,N,,,,,,
Florida Keys,Carysfort Reef,CF1,CF1-t036,07,120,80,60,2%,RC,,1,FS,none,none,0,N,N,0,0,0,0,0,0
Florida Keys,Carysfort Reef,CF2,CF2-t038,07,220,185,93,35%,BC,,1,FS,none,none,0,N,N,1,8,1,0,1,0
Florida Keys,Carysfort Reef,CF2,CF2-t040,07,117,40,60,35%,BC,,1,FS,none,none,0,N,N,0,1,0,0,0,0
Florida Keys,Carysfort Reef,CF2,CF2-t041,07,120,55,75,25%,BC,,1,FS,none,none,0,N,N,0,0,1,0,0,0
Florida Keys,Carysfort Reef,CF2,CF2-t042,07,45,35,10,70%,EC,,2,CL,PFB,none,0,N,N,0,0,0,0,0,0
Florida Keys,Carysfort Reef,CF2,CF2-t043,07,115,70,50,70%,BC,,1,PFB,FS,none,0,N,N,0,2,1,1,0,0
Florida Keys,Carysfort Reef,CF2,CF2-t044,07,105,65,40,5%,RC,,1,FS,none,none,0,N,N,0,0,0,0,0,0
Florida Keys,Carysfort Reef,CF2,CF2-t045,07,125,95,75,70%,BC,,2,RTL,PFB,none,0,N,N,1,0,1,0,0,0
Florida Keys,Carysfort Reef,CF2,CF2-t046,07,68,34,36,55%,BC,,1,FS,none,none,0,N,N,0,3,0,0,1,0
Florida Keys,Carysfort Reef,CF2,CF2-t047,07,180,105,60,60%,BC,,1,Oth,none,none,0,N,N,1,0,1,0,0,0
Florida Keys,Carysfort Reef,CF2,CF2-t048,07,118,78,65,70%,BC,,3,PFB,none,none,0,N,N,0,1,2,0,1,0
Florida Keys,Carysfort Reef,CF2,CF2-t049,07,155,75,55,35%,BC,,1,FS,none,none,0,N,N,0,7,1,0,1,0
Florida Keys,Carysfort Reef,CF3,CF3-t088,07,260,130,90,40%,RC,,0,none,none,none,0,N,N,2,0,4,0,4,0
Florida Keys,Carysfort Reef,CF3,CF3-t089,07,,,,,G,,,,,,,N,N,,,,,,
Florida Keys,Carysfort Reef,CF3,CF3-t090,07,307,150,65,65%,BC,,0,none,none,none,0,N,N,3,,,,,
Florida Keys,Carysfort Reef,CF3,CF3-t091,07,19,17,15,90%,JC,,0,none,none,none,0,N,N,0,0,1,0,0,0
Florida Keys,Carysfort Reef,CF3,CF3-t092,07,180,125,60,30%,RC,,0,none,none,none,0,N,N,1,4,1,0,0,0
Florida Keys,Carysfort Reef,CF3,CF3-t093,07,50,37,30,20%,BC,,1,FS,none,none,0,N,N,0,2,0,0,0,0
Florida Keys,Carysfort Reef,CF3,CF3-t095,07,190,120,90,45%,BC,,1,RTL,none,none,0,N,N,2,,,,,
Florida Keys,Carysfort Reef,CF3,CF3-t916,07,25,22,25,90%,JC,,0,none,none,none,0,N,N,0,1,0,0,0,0
Florida Keys,Carysfort Reef,CF3,CF3-t917,07,6,4,4,90%,JC,,0,none,none,none,0,N,N,0,0,0,0,0,0
Florida Keys,Carysfort Reef,CF3,CF3-t919,07,10,7,6,100%,JC,,0,none,none,none,0,N,N,0,0,1,0,0,0
Florida Keys,Elbow Reef,EL1,EL1-t050,07,16,10,7,95%,JC,,,,,,,,,,,,,,
Florida Keys,Elbow Reef,EL1,EL1-t051,07,155,138,85,35%,BC,,,,,,,,,,,,,,
Florida Keys,Elbow Reef,EL1,EL1-t052,07,270,170,70,60%,BC,,,,,,,,,,,,,,
Florida Keys,Elbow Reef,EL1,EL1-t054,07,136,108,56,75%,BC,,,,,,,,,,,,,,
Florida Keys,Elbow Reef,EL1,EL1-t055,07,211,150,63,75%,BC,,,,,,,,,,,,,,
Florida Keys,Elbow Reef,EL1,EL1-t056,07,85,55,40,55%,RC,,,,,,,,,,,,,,
Florida Keys,Elbow Reef,EL1,EL1-t058,07,45,30,15,10%,EC,,,,,,,,,,,,,,
Florida Keys,Elbow Reef,EL1,EL1-t059,07,5,4,2,100%,EC,,,,,,,,,,,,,,
Florida Keys,Elbow Reef,EL1,EL1-t060,07,25,18,24,80%,RC,,,,,,,,,,,,,,
Florida Keys,Elbow Reef,EL1,EL1-t061,07,35,26,33,80%,RC,,,,,,,,,,,,,,
Florida Keys,Elbow Reef,EL1,EL1-t062,07,10,9,2,100%,EC,,,,,,,,,,,,,,
Florida Keys,Elbow Reef,EL2,EL2-t065,07,105,90,85,25%,RC,,2,RTL,none,none,0,N,N,0,,,,,
Florida Keys,Elbow Reef,EL2,EL2-t066,07,100,75,85,35%,BC,,1,WPx,none,none,0,N,N,0,,,,,
Florida Keys,Elbow Reef,EL2,EL2-t067,07,60,30,22,15%,RC,,0,none,none,none,0,N,N,0,,,,,
Florida Keys,Elbow Reef,EL2,EL2-t068,07,55,35,32,60%,RC,,3,RTL,none,none,0,N,N,0,,,,,
Florida Keys,Elbow Reef,EL2,EL2-t069,07,120,60,50,50%,BC,,0,none,none,none,0,N,N,0,,,,,
Florida Keys,Elbow Reef,EL2,EL2-t070,07,25,20,20,60%,EC,,1,Unk,none,none,0,N,N,0,,,,,
Florida Keys,Elbow Reef,EL2,EL2-t913,07,200,125,85,60%,BC,,3,RTL,none,none,0,N,N,0,,,,,
Florida Keys,Elbow Reef,EL2,EL2-t914,07,,,,,G,,,,,,,N,N,,,,,,
Florida Keys,Elbow Reef,EL3,EL3-t912,07,,,,,G,,,,,,,,,,,,,,
Florida Keys,Elbow Reef,EL4,EL4-t153,07,163,122,70,70%,BC,,1,FS,PFB,none,1,N,N,0,0,0,0,1,0
Florida Keys,Elbow Reef,EL4,EL4-t154,07,110,80,65,60%,BC,,1,Abr,none,none,0,N,N,0,,,,,
Florida Keys,Elbow Reef,EL4,EL4-t156,07,,,,,G,,,,,,,N,N,,,,,,
Florida Keys,Elbow Reef,EL4,EL4-t157,07,,,,,G,,,,,,,N,N,,,,,,
Florida Keys,Elbow Reef,EL4,EL4-t158,07,45,34,40,75%,BC,,0,none,none,none,0,N,N,0,0,0,0,0,0
Florida Keys,Elbow Reef,EL4,EL4-t159,07,16,15,17,30%,EC,,0,none,none,none,0,N,N,0,0,0,0,0,0
Florida Keys,Elbow Reef,EL4,EL4-t160,07,30,28,28,80%,JC,,2,FS,PFB,none,0,Y,N,0,3,0,0,0,0
Florida Keys,Elbow Reef,EL4,EL4-t162,07,35,33,20,80%,RC,,1,FS,PFB,none,1,Y,N,0,0,0,0,0,0
Florida Keys,Elbow Reef,EL4,EL4-t163,07,,,,,G,,,,,,,N,N,,,,,,
Florida Keys,Elbow Reef,EL4,EL4-t164,07,20,15,16,70%,JC,,1,WBD,PFB,none,0,N,N,0,0,0,0,0,0
Florida Keys,Elbow Reef,EL4,EL4-t165,07,11,6,7,100%,EC,,0,none,none,none,0,N,N,0,0,0,0,0,0
Florida Keys,Elbow Reef,EL4,EL4-t167,07,,,,0%,D,,,,,,,N,N,,,,,,
Florida Keys,Elbow Reef,EL4,EL4-t168,07,115,98,75,95%,BC,,1,FS,none,none,1,N,N,0,0,0,0,0,0
Florida Keys,Elbow Reef,EL5,EL5-t170,07,20,17,27,80%,RC,,3,FS,Abr,none,0,N,N,0,1,0,0,1,0
Florida Keys,Elbow Reef,EL5,EL5-t171,07,,,,,G,,,,,,,N,N,,,,,,
Florida Keys,Elbow Reef,EL5,EL5-t174,07,,,,,G,,,,,,,N,N,,,,,,
Florida Keys,Elbow Reef,EL5,EL5-t175,07,,,,,G,,,,,,,N,N,,,,,,
Florida Keys,Elbow Reef,EL5,EL5-t176,07,,,,,G,,,,,,,N,N,,,,,,
Florida Keys,Elbow Reef,EL5,EL5-t177,07,54,53,35,70%,BC,,1,FS,PFB,none,1,N,N,0,1,0,0,0,1
Florida Keys,Elbow Reef,EL5,EL5-t180,07,101,83,57,70%,BC,,0,none,none,none,0,Y,N,0,0,0,0,0,0
Florida Keys,Elbow Reef,EL5,EL5-t182,07,,,,,G,,,,,,,N,N,,,,,,
Florida Keys,Elbow Reef,EL5,EL5-t183,07,13,11,8,95%,EC,,0,none,none,none,0,N,N,0,0,0,0,0,0
Florida Keys,Key Largo Dry Rocks,KL1,KL1-t101,07,,,,0%,D,,,,,,,,,,,,,,
Florida Keys,Key Largo Dry Rocks,KL1,KL1-t102,07,145,105,70,10%,RC,,,,,,,,,,,,,,
Florida Keys,Key Largo Dry Rocks,KL1,KL1-t103,07,140,60,65,70%,BC,,,,,,,,,,,,,,
Florida Keys,Key Largo Dry Rocks,KL1,KL1-t104,07,120,72,67,5%,RC,,,,,,,,,,,,,,
Florida Keys,Key Largo Dry Rocks,KL1,KL1-t105,07,215,155,75,20%,RC,,,,,,,,,,,,,,
Florida Keys,Key Largo Dry Rocks,KL1,KL1-t106,07,108,75,45,20%,RC,,,,,,,,,,,,,,
Florida Keys,Key Largo Dry Rocks,KL1,KL1-t107,07,105,85,55,45%,RC,,,,,,,,,,,,,,
Florida Keys,Key Largo Dry Rocks,KL1,KL1-t108,07,160,90,80,35%,RC,,,,,,,,,,,,,,
Florida Keys,Key Largo Dry Rocks,KL1,KL1-t109,07,75,50,42,5%,RC,,,,,,,,,,,,,,
Florida Keys,Key Largo Dry Rocks,KL1,KL1-t110,07,175,105,85,25%,RC,,,,,,,,,,,,,,
Florida Keys,Key Largo Dry Rocks,KL1,KL1-t111,07,,,,,G,,,,,,,,,,,,,,
Florida Keys,Key Largo Dry Rocks,KL1,KL1-t904,07,8,8,9,99%,JC,,,,,,,,,,,,,,
Florida Keys,Key Largo Dry Rocks,KL2,KL2-t114,07,,,,0%,D,,,,,,,,,,,,,,
Florida Keys,Key Largo Dry Rocks,KL2,KL2-t116,07,7,7,9,30%,EC,,,,,,,,,,,,,,
Florida Keys,Key Largo Dry Rocks,KL2,KL2-t117,07,,,,0%,D,,,,,,,,,,,,,,
Florida Keys,Key Largo Dry Rocks,KL2,KL2-t119,07,,,,0%,D,,,,,,,,,,,,,,
Florida Keys,Key Largo Dry Rocks,KL2,KL2-t120,07,,,,0%,D,,,,,,,,,,,,,,
Florida Keys,Key Largo Dry Rocks,KL2,KL2-t123,07,100,50,45,1%,RC,,,,,,,,,,,,,,
Florida Keys,Key Largo Dry Rocks,KL2,KL2-t124,07,,,,0%,D,,,,,,,,,,,,,,
Florida Keys,Key Largo Dry Rocks,KL2,KL2-t125,07,25,25,25,15%,RC,,,,,,,,,,,,,,
Florida Keys,Key Largo Dry Rocks,KL2,KL2-t905,07,40,38,40,10%,RC,,,,,,,,,,,,,,
Florida Keys,Key Largo Dry Rocks,KL2,KL2-t906,07,,,,0%,D,,,,,,,,,,,,,,
Florida Keys,Key Largo Dry Rocks,KL2,KL2-t907,07,7,5,8,60%,EC,,,,,,,,,,,,,,
Florida Keys,Key Largo Dry Rocks,KL2,KL2-t908,07,,,,0%,D,,,,,,,,,,,,,,
Florida Keys,Key Largo Dry Rocks,KL3,KL3-t215,07,65,45,40,35%,RC,,,,,,,,,,,,,,
Florida Keys,Key Largo Dry Rocks,KL3,KL3-t216,07,55,45,40,80%,BC,,,,,,,,,,,,,,
Florida Keys,Key Largo Dry Rocks,KL3,KL3-t217,07,65,60,48,25%,RC,,,,,,,,,,,,,,
Florida Keys,Key Largo Dry Rocks,KL3,KL3-t219,07,194,122,49,20%,BC,,,,,,,,,,,,,,
Florida Keys,Key Largo Dry Rocks,KL3,KL3-t220,07,82,72,45,15%,BC,,,,,,,,,,,,,,
Florida Keys,Key Largo Dry Rocks,KL3,KL3-t222,07,5,4,4,100%,EC,,,,,,,,,,,,,,
Florida Keys,Key Largo Dry Rocks,KL3,KL3-t223,07,40,20,30,15%,RC,,,,,,,,,,,,,,
Florida Keys,Key Largo Dry Rocks,KL3,KL3-t224,07,70,45,25,1%,RC,,,,,,,,,,,,,,
Florida Keys,Key Largo Dry Rocks,KL3,KL3-t225,07,,,,,G,,,,,,,,,,,,,,
Florida Keys,Key Largo Dry Rocks,KL3,KL3-t227,07,10,10,6,75%,EC,,,,,,,,,,,,,,
Florida Keys,Key Largo Dry Rocks,KL3,KL3-t909,07,,,,0%,D,,,,,,,,,,,,,,
Florida Keys,Key Largo Dry Rocks,KL3,KL3-t910,07,,,,,G,,,,,,,,,,,,,,
Florida Keys,Molasses Reef,ML1,ML1-t013,07,132,80,60,60%,BC,,0,none,none,none,0,N,Y,1,1,1,0,1,0
Florida Keys,Molasses Reef,ML1,ML1-t014,07,105,80,40,30%,BC,,1,Oth,FS,none,0,N,Y,1,14,0,0,0,0
Florida Keys,Molasses Reef,ML1,ML1-t015,07,22,20,20,80%,RC,,0,none,none,none,0,N,N,0,0,0,0,0,0
Florida Keys,Molasses Reef,ML1,ML1-t016,07,70,62,28,70%,RC,,1,Abr,none,none,0,N,Y,0,0,0,0,0,0
Florida Keys,Molasses Reef,ML1,ML1-t017,07,50,45,35,20%,RC,,0,none,none,none,0,N,N,0,0,0,0,0,0
Florida Keys,Molasses Reef,ML1,ML1-t018,07,21,12,14,90%,JC,,0,none,none,none,0,N,Y,0,0,0,0,0,0
Florida Keys,Molasses Reef,ML1,ML1-t020,07,215,145,105,20%,BC,,1,RTL,FS,none,0,N,N,0,1,0,0,0,0
Florida Keys,Molasses Reef,ML1,ML1-t021,07,17,14,8,65%,EC,,0,none,none,none,1,N,N,0,0,0,0,0,0
Florida Keys,Molasses Reef,ML1,ML1-t022,07,24,15,20,85%,EC,,2,Abr,none,none,0,N,N,0,0,0,0,0,0
Florida Keys,Molasses Reef,ML1,ML1-t920,07,13,7,6,100%,AF,,0,none,none,none,0,N,N,0,0,0,0,0,0
Florida Keys,Molasses Reef,ML1,ML1-t921,07,16,7,10,90%,EC,,0,none,none,none,0,N,N,0,0,0,0,0,0
Florida Keys,Molasses Reef,ML2,ML2-t126,07,235,160,85,35%,BC,,1,FS,none,none,0,Y,N,1,10,2,1,1,0
Florida Keys,Molasses Reef,ML2,ML2-t127,07,37,32,36,85%,JC,,0,none,none,none,0,N,N,0,0,0,0,0,0
Florida Keys,Molasses Reef,ML2,ML2-t128,07,34,27,23,85%,JC,,0,none,none,none,1,N,N,0,0,0,0,0,0
Florida Keys,Molasses Reef,ML2,ML2-t129,07,140,120,65,25%,RC,,1,RTL,none,none,0,N,N,3,2,3,0,0,0
Florida Keys,Molasses Reef,ML2,ML2-t130,07,165,85,65,40%,BC,,1,WBD,CB,none,0,N,N,1,0,1,0,1,0
Florida Keys,Molasses Reef,ML2,ML2-t131,07,115,108,55,25%,RC,,1,FS,none,none,0,N,N,1,2,1,0,1,0
Florida Keys,Molasses Reef,ML2,ML2-t132,07,195,85,73,60%,BC,,1,RTL,FS,none,0,Y,N,0,1,1,0,1,0
Florida Keys,Molasses Reef,ML2,ML2-t137,07,35,30,30,5%,RC,,1,Oth,none,none,0,N,N,0,0,0,0,0,0
Florida Keys,Molasses Reef,ML2,ML2-t138,07,,,,0%,D,,,,,,,N,N,,,,,,
Florida Keys,Molasses Reef,ML2,ML2-t139,07,7,5,2,100%,EC,,0,none,none,none,0,N,N,0,0,0,0,0,0
Florida Keys,Molasses Reef,ML2,ML2-t140,07,,,,,G,,,,,,,N,N,,,,,,
Florida Keys,Molasses Reef,ML2,ML2-t141,07,35,25,25,25%,RC,,1,Abr,none,none,0,N,N,0,0,1,0,0,0
Florida Keys,Molasses Reef,ML2,ML2-t142,07,40,35,22,10%,RC,,0,none,none,none,0,N,N,0,0,0,0,0,0
Florida Keys,Molasses Reef,ML3,ML3-t144,07,110,85,65,60%,RC,,1,WPx,FS,none,0,Y,N,0,5,0,1,0,0
Florida Keys,Molasses Reef,ML3,ML3-t145,07,124,74,54,99%,BC,,0,none,none,none,0,Y,N,0,0,1,0,1,0
Florida Keys,Molasses Reef,ML3,ML3-t146,07,148,108,77,80%,BC,,1,FP,none,none,0,Y,N,1,2,1,0,0,0
Florida Keys,Molasses Reef,ML3,ML3-t147,07,230,200,70,45%,BC,,1,FS,none,none,0,N,Y,1,5,1,0,2,0
Florida Keys,Molasses Reef,ML3,ML3-t148,07,110,80,60,55%,BC,,1,FS,RTL,CB,0,Y,N,0,7,1,0,1,0
Florida Keys,Molasses Reef,ML3,ML3-t150,07,37,24,25,99%,JC,,0,none,none,none,0,Y,N,0,0,1,0,0,0
Florida Keys,Molasses Reef,ML3,ML3-t151,07,,,,,G,,,,,,,N,N,,,,,,
Florida Keys,Molasses Reef,ML3,ML3-t152,07,,,,,G,,,,,,,N,N,,,,,,
Florida Keys,Molasses Reef,ML3,ML3-t184,07,192,160,78,99%,BC,,0,none,none,none,0,Y,N,0,0,0,0,1,0
Florida Keys,Molasses Reef,ML3,ML3-t185,07,15,13,10,100%,JC,,0,none,none,none,0,N,N,0,0,0,0,0,0
Florida Keys,Molasses Reef,ML3,ML3-t186,07,28,22,10,100%,JC,,0,none,none,none,0,N,N,0,0,0,0,0,0
Florida Keys,Molasses Reef,ML3,ML3-t915,07,30,21,22,99%,JC,,0,none,none,none,1,Y,N,0,0,1,0,0,0
Florida Keys,Carysfort Reef,CF1,CF1-t023,08,78,61,47,15%,RC,,2,WBD,FS,none,0,N,N,0,7,0,0,0,0
Florida Keys,Carysfort Reef,CF1,CF1-t024,08,85,67,55,35%,BC,,0,none,none,none,0,N,N,1,1,0,0,0,0
Florida Keys,Carysfort Reef,CF1,CF1-t025,08,90,75,54,10%,RC,,1,FS,none,none,0,N,N,0,7,0,0,0,0
Florida Keys,Carysfort Reef,CF1,CF1-t027,08,105,85,75,15%,RC,,0,none,none,none,0,N,N,0,0,0,0,1,0
Florida Keys,Carysfort Reef,CF1,CF1-t031,08,105,75,62,0%,D,,2,RTL,none,none,,N,N,,0,0,0,0,0
Florida Keys,Carysfort Reef,CF1,CF1-t032,08,15,12,5,45%,RC,,0,none,none,none,0,N,N,0,0,0,0,0,0
Florida Keys,Carysfort Reef,CF1,CF1-t033,08,240,115,105,30%,RC,,1,RTL,FS,none,0,N,N,0,11,1,0,1,0
Florida Keys,Carysfort Reef,CF1,CF1-t034,08,55,34,58,30%,RC,,0,none,none,none,0,N,N,0,0,1,0,0,0
Florida Keys,Carysfort Reef,CF1,CF1-t036,08,120,80,50,1%,RC,,1,FS,none,none,0,N,N,0,3,0,0,0,0
Florida Keys,Carysfort Reef,CF2,CF2-t038,08,220,185,93,35%,BC,,1,FS,none,none,1,N,N,1,9,1,0,2,0
Florida Keys,Carysfort Reef,CF2,CF2-t040,08,120,40,60,35%,BC,,1,FS,CB,none,0,N,N,0,2,0,0,0,0
Florida Keys,Carysfort Reef,CF2,CF2-t041,08,120,55,75,25%,BC,,1,Oth,none,none,0,N,N,0,0,0,0,0,0
Florida Keys,Carysfort Reef,CF2,CF2-t042,08,45,35,10,70%,EC,,0,none,none,none,0,N,N,0,0,0,0,0,0
Florida Keys,Carysfort Reef,CF2,CF2-t043,08,122,70,50,70%,BC,,1,FS,none,none,0,N,N,0,5,0,0,0,0
Florida Keys,Carysfort Reef,CF2,CF2-t044,08,105,66,40,5%,RC,,0,none,none,none,0,N,N,0,0,0,0,0,0
Florida Keys,Carysfort Reef,CF2,CF2-t045,08,120,100,75,75%,BC,,0,none,none,none,0,N,N,1,0,1,0,1,0
Florida Keys,Carysfort Reef,CF2,CF2-t046,08,70,36,37,40%,BC,,1,FS,none,none,0,N,N,0,7,0,0,1,0
Florida Keys,Carysfort Reef,CF2,CF2-t047,08,180,100,60,65%,BC,,0,none,none,none,0,N,N,1,1,2,0,0,0
Florida Keys,Carysfort Reef,CF2,CF2-t048,08,120,78,65,65%,BC,,1,FS,none,none,1,N,N,0,0,0,0,1,0
Florida Keys,Carysfort Reef,CF2,CF2-t049,08,160,75,55,30%,BC,,1,FS,none,none,0,N,N,0,11,0,0,0,0
Florida Keys,Carysfort Reef,CF3,CF3-t088,08,260,130,90,40%,RC,,1,PFB,none,none,0,N,N,1,0,1,0,5,0
Florida Keys,Carysfort Reef,CF3,CF3-t090,08,308,152,65,65%,BC,,0,none,none,none,0,N,N,3,0,3,0,1,0
Florida Keys,Carysfort Reef,CF3,CF3-t091,08,22,18,14,98%,JC,,0,none,none,none,0,N,N,0,0,1,0,0,0
Florida Keys,Carysfort Reef,CF3,CF3-t092,08,180,125,65,30%,RC,,1,CL,CB,Oth,0,N,N,1,0,2,0,1,0
Florida Keys,Carysfort Reef,CF3,CF3-t093,08,50,37,31,35%,BC,,2,FS,none,none,0,N,N,0,4,0,0,0,0
Florida Keys,Carysfort Reef,CF3,CF3-t095,08,190,125,92,50%,BC,,1,FS,none,none,0,N,N,1,4,3,0,2,0
Florida Keys,Carysfort Reef,CF3,CF3-t916,08,25,24,27,95%,JC,,3,Oth,none,none,0,N,N,0,0,0,0,0,0
Florida Keys,Carysfort Reef,CF3,CF3-t917,08,6,4,5,90%,JC,,0,none,none,none,0,N,N,0,0,0,0,0,0
Florida Keys,Carysfort Reef,CF3,CF3-t918,08,5,5,3,100%,EC,,0,none,none,none,0,N,N,0,0,0,0,0,0
Florida Keys,Carysfort Reef,CF3,CF3-t919,08,13,11,14,45%,JC,,0,none,none,none,0,N,N,0,0,0,0,0,0
Florida Keys,Elbow Reef,EL1,EL1-t050,08,16,10,7,100%,JC,,0,none,none,none,0,N,N,0,0,0,0,0,0
Florida Keys,Elbow Reef,EL1,EL1-t051,08,157,140,88,30%,BC,,1,RTL,FS,PFB,0,N,N,1,2,1,0,1,0
Florida Keys,Elbow Reef,EL1,EL1-t052,08,270,170,70,60%,BC,,0,none,none,none,0,N,N,1,0,3,1,1,2
Florida Keys,Elbow Reef,EL1,EL1-t054,08,136,108,56,75%,BC,,1,WBD,none,none,0,N,N,1,0,2,0,0,2
Florida Keys,Elbow Reef,EL1,EL1-t055,08,211,155,63,75%,BC,,0,none,none,none,0,N,N,2,2,2,0,0,1
Florida Keys,Elbow Reef,EL1,EL1-t056,08,85,55,40,55%,RC,,0,none,none,none,0,N,N,0,0,0,1,0,0
Florida Keys,Elbow Reef,EL1,EL1-t058,08,45,30,15,10%,EC,,1,PFB,none,none,0,N,N,0,0,0,0,0,0
Florida Keys,Elbow Reef,EL1,EL1-t059,08,5,4,2,100%,EC,,2,Abr,none,none,2,N,N,0,0,0,0,0,0
Florida Keys,Elbow Reef,EL1,EL1-t060,08,26,18,24,80%,RC,,0,none,none,none,0,N,N,0,0,0,0,0,0
Florida Keys,Elbow Reef,EL1,EL1-t061,08,33,26,33,75%,EC,,1,FS,none,none,1,N,N,0,2,0,0,0,0
Florida Keys,Elbow Reef,EL1,EL1-t062,08,11,10,3,100%,EC,,0,none,none,none,0,N,N,0,0,0,0,0,0
Florida Keys,Elbow Reef,EL2,EL2-t064,08,10,9,4,85%,EC,,0,none,none,none,0,N,N,0,0,0,0,0,0
Florida Keys,Elbow Reef,EL2,EL2-t065,08,105,90,85,15%,RC,,2,RTL,FS,CB,0,N,N,0,6,0,0,1,0
Florida Keys,Elbow Reef,EL2,EL2-t066,08,100,75,80,35%,BC,,1,Oth,PFB,none,0,N,N,0,0,0,0,1,0
Florida Keys,Elbow Reef,EL2,EL2-t067,08,58,30,22,15%,RC,,0,none,none,none,0,N,N,0,0,0,0,0,0
Florida Keys,Elbow Reef,EL2,EL2-t068,08,55,35,32,20%,RC,,3,RTL,none,none,0,N,N,0,0,0,0,0,0
Florida Keys,Elbow Reef,EL2,EL2-t069,08,120,60,50,45%,BC,,0,none,none,none,0,N,N,0,0,0,0,1,0
Florida Keys,Elbow Reef,EL2,EL2-t070,08,20,10,5,90%,EC,,0,none,none,none,0,N,N,0,0,0,0,0,0
Florida Keys,Elbow Reef,EL2,EL2-t071,08,18,8,2,30%,EC,,0,none,none,none,0,N,N,0,0,0,0,0,0
Florida Keys,Elbow Reef,EL2,EL2-t072,08,80,70,20,5%,RC,,1,PFB,none,none,0,N,N,0,0,0,0,0,0
Florida Keys,Elbow Reef,EL2,EL2-t073,08,115,100,55,65%,BC,,0,none,none,none,1,N,N,0,0,0,0,0,0
Florida Keys,Elbow Reef,EL2,EL2-t913,08,205,125,85,55%,BC,,1,RTL,none,none,0,N,N,0,0,1,0,1,2
Florida Keys,Elbow Reef,EL3,EL3-t075,08,35,30,30,40%,RC,,0,none,none,none,0,N,N,0,0,0,0,0,0
Florida Keys,Elbow Reef,EL3,EL3-t076,08,120,100,70,35%,BC,,1,FS,none,none,0,N,N,0,4,1,0,0,0
Florida Keys,Elbow Reef,EL3,EL3-t077,08,63,23,22,40%,RC,,0,none,none,none,0,N,N,0,0,0,0,1,0
Florida Keys,Elbow Reef,EL3,EL3-t078,08,34,24,32,50%,RC,,0,none,none,none,0,N,N,0,0,0,0,0,0
Florida Keys,Elbow Reef,EL3,EL3-t079,08,35,25,32,35%,RC,,0,none,none,none,0,N,N,0,0,0,0,0,0
Florida Keys,Elbow Reef,EL3,EL3-t081,08,45,38,62,60%,RC,,0,none,none,none,0,N,N,0,0,0,0,0,0
Florida Keys,Elbow Reef,EL3,EL3-t082,08,,,,0%,D,,,,,,,N,N,,,,,,
Florida Keys,Elbow Reef,EL3,EL3-t083,08,85,68,45,45%,RC,,1,CB,none,none,0,N,N,0,0,0,0,1,1
Florida Keys,Elbow Reef,EL3,EL3-t084,08,111,58,65,25%,BC,,0,none,none,none,0,N,N,0,0,0,0,1,0
Florida Keys,Elbow Reef,EL3,EL3-t086,08,154,80,60,35%,BC,,0,none,none,none,0,N,N,0,0,0,0,1,0
Florida Keys,Elbow Reef,EL3,EL3-t911,08,73,37,42,60%,RC,,0,none,none,none,0,N,N,0,0,0,0,0,0
Florida Keys,Elbow Reef,EL4,EL4-t153,08,163,120,70,65%,BC,,3,PFB,none,none,0,Y,N,0,0,0,0,0,0
Florida Keys,Elbow Reef,EL4,EL4-t154,08,110,80,68,60%,BC,,1,PFB,none,none,2,Y,N,0,1,0,0,1,0
Florida Keys,Elbow Reef,EL4,EL4-t158,08,43,31,44,75%,BC,,0,none,none,none,0,Y,N,0,0,0,0,0,0
Florida Keys,Elbow Reef,EL4,EL4-t159,08,14,12,15,25%,EC,,1,RTL,none,none,0,N,N,0,0,0,0,0,0
Florida Keys,Elbow Reef,EL4,EL4-t160,08,30,30,28,75%,JC,,1,FS,PFB,none,0,N,N,0,3,0,0,0,0
Florida Keys,Elbow Reef,EL4,EL4-t162,08,37,34,20,85%,RC,,0,none,none,none,0,N,N,0,0,0,0,0,0
Florida Keys,Elbow Reef,EL4,EL4-t164,08,20,15,16,50%,EC,,1,WBD,none,none,0,N,N,0,0,0,0,0,0
Florida Keys,Elbow Reef,EL4,EL4-t165,08,11,4,8,90%,EC,,5,PFB,none,none,0,N,N,0,0,0,0,0,0
Florida Keys,Elbow Reef,EL4,EL4-t168,08,117,99,75,95%,BC,,3,PFB,none,none,0,N,N,0,0,0,0,0,0
Florida Keys,Elbow Reef,EL4,EL4-t922,08,30,12,9,85%,EC,,0,none,none,none,0,N,N,0,0,0,0,0,0
Florida Keys,Elbow Reef,EL5,EL5-t170,08,20,17,23,55%,RC,,2,FS,CB,none,0,N,N,0,2,0,0,0,0
Florida Keys,Elbow Reef,EL5,EL5-t174,08,,,,,G,,,,,,,N,N,,,,,,
Florida Keys,Elbow Reef,EL5,EL5-t177,08,57,54,36,70%,BC,,1,PFB,none,none,0,N,N,0,0,0,0,0,0
Florida Keys,Elbow Reef,EL5,EL5-t180,08,102,85,57,65%,BC,,1,PFB,none,none,0,N,Y,0,0,0,0,0,1
Florida Keys,Elbow Reef,EL5,EL5-t183,08,13,11,9,95%,EC,,0,none,none,none,0,N,N,0,0,0,0,0,0
Florida Keys,French Reef,FR1,FR1-t001,08,25,20,20,90%,JC,,0,none,none,none,0,N,N,0,0,0,0,0,0
Florida Keys,French Reef,FR1,FR1-t002,08,63,45,38,65%,BC,,0,none,none,none,0,N,N,0,3,0,0,1,0
Florida Keys,French Reef,FR1,FR1-t003,08,7,6,3,100%,EC,,0,none,none,none,0,N,N,0,0,0,0,0,0
Florida Keys,French Reef,FR1,FR1-t004,08,95,80,85,30%,RC,,0,none,none,none,0,N,N,1,0,1,0,0,0
Florida Keys,French Reef,FR1,FR1-t005,08,130,85,70,35%,BC,,0,none,none,none,0,N,N,1,0,1,0,0,0
Florida Keys,French Reef,FR1,FR1-t006,08,121,106,65,50%,BC,,1,Oth,none,none,0,N,N,1,0,2,0,2,0
Florida Keys,French Reef,FR1,FR1-t007,08,40,35,25,35%,RC,,0,none,none,none,0,N,N,0,0,0,0,0,0
Florida Keys,French Reef,FR1,FR1-t008,08,130,72,60,50%,BC,,0,none,none,none,0,N,N,2,0,3,0,1,0
Florida Keys,French Reef,FR1,FR1-t009,08,170,140,60,45%,BC,,0,none,none,none,0,N,N,1,0,3,0,0,0
Florida Keys,French Reef,FR1,FR1-t010,08,63,50,42,45%,BC,,0,none,none,none,0,N,N,1,0,1,0,0,0
Florida Keys,French Reef,FR1,FR1-t011,08,8,6,7,100%,EC,,0,none,none,none,0,N,N,0,0,0,0,0,0
Florida Keys,French Reef,FR1,FR1-t012,08,4,3,1,100%,EC,,0,none,none,none,0,N,N,0,0,0,0,0,0
Florida Keys,Key Largo Dry Rocks,KL1,KL1-t101,08,,,,0%,D,,,,,,,N,N,,,,,,
Florida Keys,Key Largo Dry Rocks,KL1,KL1-t102,08,145,103,70,10%,RC,,1,FS,none,none,0,N,N,1,2,1,0,1,0
Florida Keys,Key Largo Dry Rocks,KL1,KL1-t103,08,120,65,65,70%,BC,,0,none,none,none,2,N,N,2,0,1,0,0,0
Florida Keys,Key Largo Dry Rocks,KL1,KL1-t104,08,120,72,67,5%,RC,,0,none,none,none,0,N,N,0,0,1,0,1,0
Florida Keys,Key Largo Dry Rocks,KL1,KL1-t105,08,220,155,75,20%,RC,,0,none,none,none,1,N,N,0,0,0,0,1,0
Florida Keys,Key Largo Dry Rocks,KL1,KL1-t106,08,106,75,45,20%,RC,,0,none,none,none,0,N,N,0,0,0,0,0,0
Florida Keys,Key Largo Dry Rocks,KL1,KL1-t107,08,105,80,55,45%,RC,,1,FS,none,none,0,N,N,1,4,1,0,1,0
Florida Keys,Key Largo Dry Rocks,KL1,KL1-t108,08,160,90,80,35%,BC,,1,WPx,none,none,0,N,N,2,0,1,0,0,1
Florida Keys,Key Largo Dry Rocks,KL1,KL1-t109,08,75,50,42,5%,RC,,0,none,none,none,0,N,N,0,0,1,0,0,0
Florida Keys,Key Largo Dry Rocks,KL1,KL1-t110,08,175,105,85,25%,RC,,0,none,none,none,0,N,N,0,0,0,0,1,0
Florida Keys,Key Largo Dry Rocks,KL1,KL1-t111,08,,,,,G,,,,,,,N,N,,,,,,
Florida Keys,Key Largo Dry Rocks,KL1,KL1-t904,08,8,8,9,99%,JC,,0,none,none,none,0,N,N,0,0,0,0,0,0
Florida Keys,Key Largo Dry Rocks,KL2,KL2-t114,08,,,,0%,D,,,,,,,N,N,,,,,,
Florida Keys,Key Largo Dry Rocks,KL2,KL2-t116,08,7,4,5,50%,EC,,0,none,none,none,0,N,N,0,0,0,0,0,0
Florida Keys,Key Largo Dry Rocks,KL2,KL2-t117,08,,,,0%,D,,,,,,,N,N,,,,,,
Florida Keys,Key Largo Dry Rocks,KL2,KL2-t119,08,,,,0%,D,,,,,,,N,N,,,,,,
Florida Keys,Key Largo Dry Rocks,KL2,KL2-t120,08,,,,0%,D,,,,,,,N,N,,,,,,
Florida Keys,Key Largo Dry Rocks,KL2,KL2-t123,08,100,50,45,2%,RC,,0,none,none,none,0,N,N,0,0,0,0,0,0
Florida Keys,Key Largo Dry Rocks,KL2,KL2-t124,08,,,,0%,D,,,,,,,N,N,,,,,,
Florida Keys,Key Largo Dry Rocks,KL2,KL2-t125,08,,,,0%,D,,,,,,,N,N,,,,,,
Florida Keys,Key Largo Dry Rocks,KL2,KL2-t905,08,40,38,40,5%,RC,,2,FS,none,none,0,N,N,0,6,0,0,0,0
Florida Keys,Key Largo Dry Rocks,KL2,KL2-t906,08,,,,0%,D,,,,,,,N,N,,,,,,
Florida Keys,Key Largo Dry Rocks,KL2,KL2-t907,08,5,4,7,30%,EC,,0,none,none,none,0,N,N,0,0,0,0,0,0
Florida Keys,Key Largo Dry Rocks,KL2,KL2-t908,08,,,,0%,D,,,,,,,N,N,,,,,,
Florida Keys,Key Largo Dry Rocks,KL3,KL3-t215,08,63,42,40,25%,RC,,0,none,none,none,0,N,N,0,0,0,0,0,0
Florida Keys,Key Largo Dry Rocks,KL3,KL3-t216,08,55,45,40,80%,BC,,0,none,none,none,0,N,N,1,0,1,0,1,0
Florida Keys,Key Largo Dry Rocks,KL3,KL3-t217,08,65,60,48,20%,RC,,1,CB,Oth,none,0,N,N,1,0,1,0,0,0
Florida Keys,Key Largo Dry Rocks,KL3,KL3-t219,08,190,120,49,15%,BC,,1,RTL,FS,none,0,N,N,1,7,1,0,1,0
Florida Keys,Key Largo Dry Rocks,KL3,KL3-t220,08,83,72,45,15%,BC,,0,none,none,none,0,N,N,1,0,1,0,0,0
Florida Keys,Key Largo Dry Rocks,KL3,KL3-t222,08,6,5,4,100%,JC,,0,none,none,none,0,N,N,0,0,0,0,0,0
Florida Keys,Key Largo Dry Rocks,KL3,KL3-t223,08,40,20,30,15%,RC,,0,none,none,none,0,N,N,0,0,0,0,0,0
Florida Keys,Key Largo Dry Rocks,KL3,KL3-t224,08,27,24,12,15%,RC,,0,none,none,none,1,N,N,0,0,0,0,0,0
Florida Keys,Key Largo Dry Rocks,KL3,KL3-t225,08,,,,,G,,,,,,,N,N,,,,,,
Florida Keys,Key Largo Dry Rocks,KL3,KL3-t227,08,12,12,6,80%,EC,,0,none,none,none,0,N,N,0,0,0,0,0,0
Florida Keys,Key Largo Dry Rocks,KL3,KL3-t909,08,,,,0%,D,,,,,,,N,N,,,,,,
Florida Keys,Key Largo Dry Rocks,KL3,KL3-t910,08,,,,,G,,,,,,,N,N,,,,,,
Florida Keys,Molasses Reef,ML1,ML1-t013,08,133,80,60,60%,BC,,0,none,none,none,0,N,Y,1,4,1,0,1,0
Florida Keys,Molasses Reef,ML1,ML1-t014,08,105,85,40,30%,BC,,1,FS,none,none,0,N,N,1,9,1,0,1,0
Florida Keys,Molasses Reef,ML1,ML1-t015,08,23,23,21,85%,RC,,0,none,none,none,0,N,N,0,0,0,0,0,0
Florida Keys,Molasses Reef,ML1,ML1-t016,08,70,64,28,75%,RC,,0,none,none,none,0,N,Y,0,2,0,0,0,0
Florida Keys,Molasses Reef,ML1,ML1-t017,08,50,45,35,20%,RC,,0,none,none,none,0,N,N,0,0,0,0,0,0
Florida Keys,Molasses Reef,ML1,ML1-t018,08,21,12,15,90%,JC,,0,none,none,none,0,N,N,0,0,0,0,0,0
Florida Keys,Molasses Reef,ML1,ML1-t020,08,215,140,105,15%,RC,,1,RTL,none,none,0,N,N,0,0,0,0,0,0
Florida Keys,Molasses Reef,ML1,ML1-t021,08,16,14,8,75%,EC,,0,none,none,none,2,N,N,0,0,0,0,0,0
Florida Keys,Molasses Reef,ML1,ML1-t022,08,25,20,10,85%,EC,,2,FS,none,none,0,N,N,0,1,0,0,0,0
Florida Keys,Molasses Reef,ML1,ML1-t920,08,13,7,8,100%,AF,,0,none,none,none,0,N,N,0,0,0,0,0,0
Florida Keys,Molasses Reef,ML1,ML1-t921,08,14,7,3,100%,EC,,0,none,none,none,0,N,N,0,0,0,0,0,0
Florida Keys,Molasses Reef,ML2,ML2-t126,08,235,160,80,35%,BC,,1,FS,none,none,0,Y,N,1,14,3,0,1,0
Florida Keys,Molasses Reef,ML2,ML2-t127,08,38,34,37,90%,JC,,0,none,none,none,0,N,N,0,0,1,0,0,0
Florida Keys,Molasses Reef,ML2,ML2-t128,08,35,26,25,90%,JC,,0,none,none,none,0,N,N,0,0,0,0,0,0
Florida Keys,Molasses Reef,ML2,ML2-t129,08,140,120,65,20%,RC,,0,none,none,none,0,N,N,1,0,3,0,0,0
Florida Keys,Molasses Reef,ML2,ML2-t130,08,165,85,65,40%,BC,,1,FS,PFB,none,0,N,N,2,3,2,0,0,0
Florida Keys,Molasses Reef,ML2,ML2-t131,08,115,108,55,25%,RC,,1,PFB,none,none,1,N,N,1,2,1,0,1,0
Florida Keys,Molasses Reef,ML2,ML2-t132,08,197,85,74,60%,BC,,1,FS,none,none,0,N,N,1,9,1,0,1,0
Florida Keys,Molasses Reef,ML2,ML2-t137,08,35,30,30,5%,RC,,0,none,none,none,0,N,N,0,0,0,0,0,0
Florida Keys,Molasses Reef,ML2,ML2-t138,08,,,,0%,D,,,,,,,N,N,,,,,,
Florida Keys,Molasses Reef,ML2,ML2-t139,08,5,5,3,100%,EC,,0,none,none,none,0,N,N,0,0,0,0,0,0
Florida Keys,Molasses Reef,ML2,ML2-t141,08,35,25,25,25%,RC,,0,none,none,none,0,N,N,0,0,0,0,0,0
Florida Keys,Molasses Reef,ML2,ML2-t142,08,40,35,30,10%,RC,,0,none,none,none,0,N,N,0,0,2,0,0,0
Florida Keys,Molasses Reef,ML3,ML3-t144,08,110,85,65,60%,RC,,1,FS,none,none,0,Y,N,0,7,1,0,1,0
Florida Keys,Molasses Reef,ML3,ML3-t145,08,127,75,55,99%,BC,,0,none,none,none,0,N,N,0,0,1,0,1,0
Florida Keys,Molasses Reef,ML3,ML3-t146,08,148,110,78,75%,BC,,0,none,none,none,0,N,N,1,1,1,0,0,0
Florida Keys,Molasses Reef,ML3,ML3-t147,08,230,200,70,45%,BC,,1,WBD,FS,CB,0,N,Y,0,9,2,0,3,0
Florida Keys,Molasses Reef,ML3,ML3-t148,08,115,80,60,55%,BC,,0,none,none,none,0,N,N,0,5,1,0,1,0
Florida Keys,Molasses Reef,ML3,ML3-t150,08,38,24,25,95%,JC,,3,FS,none,none,0,N,N,0,1,0,0,0,0
Florida Keys,Molasses Reef,ML3,ML3-t184,08,193,160,78,98%,BC,,5,Oth,none,none,0,N,N,1,0,1,0,1,0
Florida Keys,Molasses Reef,ML3,ML3-t185,08,14,13,11,100%,JC,,0,none,none,none,0,Y,N,0,0,0,0,0,0
Florida Keys,Molasses Reef,ML3,ML3-t186,08,28,22,10,90%,JC,,5,WPx,PFB,none,0,Y,N,0,0,0,0,0,0
Florida Keys,Molasses Reef,ML3,ML3-t915,08,30,21,23,98%,JC,,0,none,none,none,0,Y,N,0,0,0,0,0,0
Florida Keys,Carysfort Reef,CF1,CF1-t023,09,77,60,45,5%,RC,,2,FS,CB,none,0,N,N,0,11,0,0,1,0
Florida Keys,Carysfort Reef,CF1,CF1-t024,09,85,70,55,35%,BC,,1,FS,none,none,0,N,N,1,4,0,0,1,0
Florida Keys,Carysfort Reef,CF1,CF1-t025,09,90,70,54,1%,RC,,1,FS,CB,none,0,N,N,0,1,0,0,1,0
Florida Keys,Carysfort Reef,CF1,CF1-t027,09,106,85,75,15%,RC,,1,FS,none,none,0,N,N,0,2,0,0,0,0
Florida Keys,Carysfort Reef,CF1,CF1-t032,09,15,12,4,45%,RC,,0,none,none,none,0,N,N,0,0,0,0,0,0
Florida Keys,Carysfort Reef,CF1,CF1-t033,09,240,115,100,35%,BC,,1,RTL,FS,none,0,N,N,1,6,1,0,1,0
Florida Keys,Carysfort Reef,CF1,CF1-t034,09,55,35,58,35%,BC,,0,none,none,none,0,N,N,0,0,0,0,0,0
Florida Keys,Carysfort Reef,CF1,CF1-t036,09,,,,0%,D,,,,,,,N,N,,,,,,
Florida Keys,Carysfort Reef,CF2,CF2-t038,09,212,180,93,35%,BC,,1,RTL,FS,CL,0,N,N,0,6,1,0,1,0
Florida Keys,Carysfort Reef,CF2,CF2-t040,09,122,42,55,40%,BC,,1,FS,PFB,none,0,N,N,0,2,0,0,0,0
Florida Keys,Carysfort Reef,CF2,CF2-t041,09,120,55,75,25%,BC,,1,FP,PFB,none,0,N,N,0,0,1,0,0,0
Florida Keys,Carysfort Reef,CF2,CF2-t042,09,45,35,10,75%,EC,,0,none,none,none,0,N,N,0,0,0,0,0,0
Florida Keys,Carysfort Reef,CF2,CF2-t043,09,125,72,50,75%,BC,,1,FS,WPx,none,0,N,N,0,7,1,0,0,0
Florida Keys,Carysfort Reef,CF2,CF2-t044,09,105,65,40,5%,RC,,1,FS,none,none,0,N,N,0,1,0,0,0,0
Florida Keys,Carysfort Reef,CF2,CF2-t045,09,125,100,75,75%,BC,,0,none,none,none,1,N,N,1,0,1,0,0,0
Florida Keys,Carysfort Reef,CF2,CF2-t046,09,70,37,37,45%,BC,,1,FS,none,none,0,N,N,0,1,0,0,0,0
Florida Keys,Carysfort Reef,CF2,CF2-t047,09,180,105,60,70%,BC,,1,FS,CL,CB,0,N,N,1,4,1,0,0,0
Florida Keys,Carysfort Reef,CF2,CF2-t048,09,115,80,67,75%,BC,,0,none,none,none,0,N,N,0,0,0,0,1,0
Florida Keys,Carysfort Reef,CF2,CF2-t049,09,162,75,55,30%,BC,,1,FS,none,none,0,N,N,0,8,0,0,0,0
Florida Keys,Carysfort Reef,CF3,CF3-t088,09,260,130,90,40%,BC,,1,FS,CB,none,0,N,N,1,4,5,0,0,0
Florida Keys,Carysfort Reef,CF3,CF3-t090,09,310,153,65,70%,BC,,0,none,none,none,0,N,N,3,0,6,1,1,0
Florida Keys,Carysfort Reef,CF3,CF3-t091,09,25,24,17,100%,JC,,0,none,none,none,0,N,N,0,0,1,0,0,0
Florida Keys,Carysfort Reef,CF3,CF3-t092,09,180,125,55,35%,RC,,0,none,none,none,0,N,N,2,0,3,0,1,1
Florida Keys,Carysfort Reef,CF3,CF3-t093,09,50,42,32,25%,BC,,1,FS,none,none,0,N,N,0,8,0,0,0,0
Florida Keys,Carysfort Reef,CF3,CF3-t095,09,190,128,95,55%,BC,,0,none,none,none,0,N,N,1,0,3,0,2,0
Florida Keys,Carysfort Reef,CF3,CF3-t916,09,27,27,27,85%,JC,,2,FS,none,none,0,N,N,1,2,0,0,0,0
Florida Keys,Carysfort Reef,CF3,CF3-t917,09,5,4,5,85%,JC,,5,FS,none,none,0,N,N,0,1,0,0,0,0
Florida Keys,Carysfort Reef,CF3,CF3-t918,09,4,4,2,100%,EC,,0,none,none,none,0,N,N,0,0,0,0,0,0
Florida Keys,Carysfort Reef,CF3,CF3-t919,09,10,8,9,90%,JC,,0,none,none,none,0,N,N,0,0,0,0,0,0
Florida Keys,Elbow Reef,EL1,EL1-t050,09,18,12,9,100%,JC,,0,none,none,none,0,N,N,0,0,0,0,0,0
Florida Keys,Elbow Reef,EL1,EL1-t051,09,160,140,89,30%,BC,,1,FS,WBD,none,0,N,N,0,1,1,0,1,0
Florida Keys,Elbow Reef,EL1,EL1-t052,09,270,175,70,60%,BC,,0,none,none,none,0,N,N,1,0,2,0,1,8
Florida Keys,Elbow Reef,EL1,EL1-t054,09,140,110,57,70%,BC,,3,WBD,FS,none,0,N,Y,2,4,2,0,1,0
Florida Keys,Elbow Reef,EL1,EL1-t055,09,211,156,63,80%,BC,,2,FS,none,none,0,N,Y,2,0,2,1,3,1
Florida Keys,Elbow Reef,EL1,EL1-t056,09,85,55,40,55%,RC,,0,none,none,none,0,N,N,0,0,0,0,0,0
Florida Keys,Elbow Reef,EL1,EL1-t058,09,45,30,15,10%,EC,,0,none,none,none,0,N,N,0,0,0,0,0,0
Florida Keys,Elbow Reef,EL1,EL1-t059,09,6,4,2,85%,EC,,0,none,none,none,0,N,N,0,0,0,0,0,0
Florida Keys,Elbow Reef,EL1,EL1-t060,09,27,19,25,80%,JC,,0,none,none,none,0,N,N,0,0,0,0,0,0
Florida Keys,Elbow Reef,EL1,EL1-t061,09,36,25,35,80%,EC,,0,none,none,none,0,N,N,0,2,0,0,0,0
Florida Keys,Elbow Reef,EL1,EL1-t062,09,11,10,3,100%,EC,,0,none,none,none,0,N,N,0,0,0,0,0,0
Florida Keys,Elbow Reef,EL2,EL2-t064,09,10,8,4,100%,JC,,0,none,none,none,0,N,N,0,0,0,0,0,0
Florida Keys,Elbow Reef,EL2,EL2-t065,09,105,90,85,15%,RC,,1,FS,CB,none,0,N,N,0,5,0,0,1,0
Florida Keys,Elbow Reef,EL2,EL2-t066,09,100,75,80,30%,BC,,0,none,none,none,0,N,N,0,0,0,0,0,0
Florida Keys,Elbow Reef,EL2,EL2-t067,09,58,30,22,20%,RC,,0,none,none,none,0,N,N,0,0,0,0,0,0
Florida Keys,Elbow Reef,EL2,EL2-t068,09,55,35,32,5%,RC,,1,RTL,CB,none,1,N,N,0,0,0,0,0,0
Florida Keys,Elbow Reef,EL2,EL2-t069,09,121,62,50,45%,BC,,0,none,none,none,0,N,N,0,0,0,0,0,2
Florida Keys,Elbow Reef,EL2,EL2-t070,09,17,10,5,90%,EC,,0,none,none,none,0,N,N,0,0,0,0,0,0
Florida Keys,Elbow Reef,EL2,EL2-t071,09,18,8,2,40%,EC,,0,none,none,none,0,N,N,0,0,0,0,0,0
Florida Keys,Elbow Reef,EL2,EL2-t072,09,80,70,20,5%,RC,,0,none,none,none,1,N,N,0,0,0,0,0,0
Florida Keys,Elbow Reef,EL2,EL2-t073,09,115,102,55,80%,BC,,0,none,none,none,0,N,N,0,0,0,0,0,0
Florida Keys,Elbow Reef,EL2,EL2-t913,09,208,130,85,55%,BC,,0,none,none,none,0,N,N,0,0,1,0,1,0
Florida Keys,Elbow Reef,EL3,EL3-t075,09,35,30,30,40%,RC,,1,CB,none,none,0,N,N,0,0,0,0,1,0
Florida Keys,Elbow Reef,EL3,EL3-t076,09,122,62,68,55%,BC,,1,FS,none,none,0,N,N,0,5,1,0,0,0
Florida Keys,Elbow Reef,EL3,EL3-t077,09,63,23,23,40%,RC,,0,none,none,none,0,N,N,0,0,0,0,1,0
Florida Keys,Elbow Reef,EL3,EL3-t078,09,34,25,32,50%,RC,,0,none,none,none,0,N,N,0,0,0,0,0,0
Florida Keys,Elbow Reef,EL3,EL3-t079,09,37,25,32,35%,RC,,0,none,none,none,0,N,N,0,0,0,0,0,0
Florida Keys,Elbow Reef,EL3,EL3-t081,09,45,25,62,60%,RC,,0,none,none,none,0,N,N,0,0,0,0,1,0
Florida Keys,Elbow Reef,EL3,EL3-t083,09,85,70,45,50%,RC,,1,CB,none,none,0,N,N,0,0,0,0,1,0
Florida Keys,Elbow Reef,EL3,EL3-t084,09,111,58,60,25%,BC,,0,none,none,none,0,N,N,0,0,1,1,1,0
Florida Keys,Elbow Reef,EL3,EL3-t086,09,155,83,62,40%,BC,,1,CL,none,none,0,N,Y,0,0,0,0,1,0
Florida Keys,Elbow Reef,EL3,EL3-t911,09,76,37,43,60%,RC,,0,none,none,none,0,N,N,0,0,0,0,1,0
Florida Keys,Elbow Reef,EL4,EL4-t153,09,165,122,70,70%,BC,,1,CL,CB,none,0,N,N,0,0,0,0,0,0
Florida Keys,Elbow Reef,EL4,EL4-t154,09,110,82,71,65%,BC,,1,FS,none,none,2,N,N,0,3,0,0,1,0
Florida Keys,Elbow Reef,EL4,EL4-t158,09,42,31,43,75%,BC,,0,none,none,none,0,N,N,0,0,0,0,0,0
Florida Keys,Elbow Reef,EL4,EL4-t159,09,13,12,11,20%,EC,,0,none,none,none,0,N,N,0,0,0,0,0,0
Florida Keys,Elbow Reef,EL4,EL4-t160,09,30,30,28,70%,JC,,0,none,none,none,0,N,N,0,2,0,0,0,0
Florida Keys,Elbow Reef,EL4,EL4-t162,09,37,34,22,85%,JC,,0,none,none,none,1,N,N,0,5,0,0,0,0
Florida Keys,Elbow Reef,EL4,EL4-t164,09,20,15,16,60%,EC,,0,none,none,none,0,N,N,0,0,0,0,0,0
Florida Keys,Elbow Reef,EL4,EL4-t165,09,10,7,7,80%,EC,,0,none,none,none,0,N,N,0,0,0,0,0,0
Florida Keys,Elbow Reef,EL4,EL4-t168,09,119,101,75,98%,BC,,0,none,none,none,1,N,N,0,0,0,0,0,1
Florida Keys,Elbow Reef,EL4,EL4-t922,09,30,13,10,80%,EC,,0,none,none,none,0,N,N,0,0,0,0,0,0
Florida Keys,Elbow Reef,EL5,EL5-t170,09,20,17,23,35%,RC,,3,FS,CB,none,0,N,N,0,2,0,0,1,0
Florida Keys,Elbow Reef,EL5,EL5-t177,09,58,55,37,75%,BC,,0,none,none,none,1,N,N,0,0,0,0,0,0
Florida Keys,Elbow Reef,EL5,EL5-t180,09,102,87,57,65%,BC,,0,none,none,none,1,N,N,0,0,0,0,2,1
Florida Keys,Elbow Reef,EL5,EL5-t183,09,14,12,9,95%,EC,,0,none,none,none,0,N,N,0,0,0,0,0,0
Florida Keys,French Reef,FR1,FR1-t001,09,25,18,18,75%,JC,,0,none,none,none,0,N,N,0,0,0,0,0,0
Florida Keys,French Reef,FR1,FR1-t002,09,63,45,38,60%,BC,,1,FS,CB,none,0,N,N,0,2,0,0,0,0
Florida Keys,French Reef,FR1,FR1-t003,09,7,6,4,100%,EC,,0,none,none,none,0,N,N,0,0,0,0,0,0
Florida Keys,French Reef,FR1,FR1-t004,09,95,80,85,30%,RC,,1,CB,none,none,0,N,N,1,0,1,0,0,0
Florida Keys,French Reef,FR1,FR1-t005,09,130,87,70,35%,BC,,0,none,none,none,1,N,N,1,0,2,0,0,1
Florida Keys,French Reef,FR1,FR1-t006,09,125,105,65,55%,BC,,0,none,none,none,0,N,N,1,0,1,0,1,0
Florida Keys,French Reef,FR1,FR1-t007,09,42,35,28,35%,RC,,0,none,none,none,0,N,N,0,0,0,0,0,0
Florida Keys,French Reef,FR1,FR1-t008,09,73,63,60,75%,BC,,0,none,none,none,0,N,N,1,0,1,0,0,0
Florida Keys,French Reef,FR1,FR1-t009,09,180,160,60,50%,BC,,1,FS,none,none,0,N,N,1,5,4,0,1,0
Florida Keys,French Reef,FR1,FR1-t010,09,62,50,42,45%,BC,,1,PFB,none,none,0,N,N,1,0,1,0,0,0
Florida Keys,French Reef,FR1,FR1-t011,09,8,6,6,100%,EC,,0,none,none,none,1,N,N,0,0,0,0,0,0
Florida Keys,French Reef,FR1,FR1-t012,09,4,4,1,100%,EC,,0,none,none,none,3,N,N,0,0,0,0,0,0
Florida Keys,Key Largo Dry Rocks,KL1,KL1-t102,09,145,103,70,15%,RC,,1,FS,none,none,0,N,N,2,2,1,0,1,0
Florida Keys,Key Largo Dry Rocks,KL1,KL1-t103,09,125,60,65,70%,BC,,1,FS,none,none,0,N,N,3,1,1,0,0,0
Florida Keys,Key Largo Dry Rocks,KL1,KL1-t104,09,120,72,67,15%,RC,,1,PFB,none,none,0,N,N,0,0,1,0,1,0
Florida Keys,Key Largo Dry Rocks,KL1,KL1-t105,09,220,155,75,20%,RC,,0,none,none,none,0,N,N,0,0,0,0,1,0
Florida Keys,Key Largo Dry Rocks,KL1,KL1-t106,09,105,70,45,20%,RC,,0,none,none,none,0,N,N,0,0,0,0,0,0
Florida Keys,Key Largo Dry Rocks,KL1,KL1-t107,09,105,80,60,40%,RC,,1,FS,CB,none,0,N,N,1,13,2,0,1,0
Florida Keys,Key Largo Dry Rocks,KL1,KL1-t108,09,160,90,80,40%,BC,,0,none,none,none,0,N,N,2,0,2,0,0,0
Florida Keys,Key Largo Dry Rocks,KL1,KL1-t109,09,75,54,42,2%,RC,,0,none,none,none,0,N,N,0,0,0,0,1,0
Florida Keys,Key Largo Dry Rocks,KL1,KL1-t110,09,175,105,85,30%,RC,,0,none,none,none,0,N,N,0,0,0,0,1,0
Florida Keys,Key Largo Dry Rocks,KL1,KL1-t904,09,7,7,9,90%,JC,,0,none,none,none,0,N,N,0,0,0,0,1,0
Florida Keys,Key Largo Dry Rocks,KL2,KL2-t116,09,7,5,6,60%,EC,,0,none,none,none,0,N,N,0,0,0,0,0,0
Florida Keys,Key Largo Dry Rocks,KL2,KL2-t123,09,100,50,45,1%,RC,,1,RTL,none,none,0,N,N,0,0,0,0,0,0
Florida Keys,Key Largo Dry Rocks,KL2,KL2-t905,09,,,,0%,D,,,,,,,N,N,,,,,,
Florida Keys,Key Largo Dry Rocks,KL2,KL2-t907,09,5,4,6,40%,EC,,0,none,none,none,0,N,N,0,0,0,0,0,0
Florida Keys,Key Largo Dry Rocks,KL3,KL3-t215,09,63,44,40,25%,RC,,0,none,none,none,0,N,N,0,0,0,0,0,0
Florida Keys,Key Largo Dry Rocks,KL3,KL3-t216,09,55,48,40,80%,BC,,2,FS,none,none,0,N,N,2,3,1,0,1,0
Florida Keys,Key Largo Dry Rocks,KL3,KL3-t217,09,65,60,48,15%,RC,,0,none,none,none,0,N,N,0,0,1,0,0,0
Florida Keys,Key Largo Dry Rocks,KL3,KL3-t219,09,190,120,50,15%,BC,,1,FS,CB,none,0,N,N,2,3,1,0,0,0
Florida Keys,Key Largo Dry Rocks,KL3,KL3-t220,09,83,72,45,10%,BC,,0,none,none,none,0,N,N,1,1,2,0,0,0
Florida Keys,Key Largo Dry Rocks,KL3,KL3-t222,09,6,5,4,100%,JC,,0,none,none,none,0,N,N,0,0,0,0,0,0
Florida Keys,Key Largo Dry Rocks,KL3,KL3-t223,09,41,22,30,15%,RC,,0,none,none,none,0,N,N,0,0,0,0,0,0
Florida Keys,Key Largo Dry Rocks,KL3,KL3-t224,09,27,24,12,15%,RC,,0,none,none,none,0,N,N,0,0,0,0,0,0
Florida Keys,Key Largo Dry Rocks,KL3,KL3-t227,09,12,11,5,80%,EC,,0,none,none,none,0,N,N,0,0,0,0,0,0
Florida Keys,Molasses Reef,ML1,ML1-t013,09,135,81,62,65%,BC,,0,none,none,none,0,N,Y,0,0,1,0,1,0
Florida Keys,Molasses Reef,ML1,ML1-t014,09,105,85,42,25%,BC,,1,FS,CB,none,0,N,N,1,9,1,0,0,0
Florida Keys,Molasses Reef,ML1,ML1-t015,09,26,22,21,85%,JC,,0,none,none,none,0,N,N,0,0,0,0,0,0
Florida Keys,Molasses Reef,ML1,ML1-t016,09,71,70,28,80%,RC,,0,none,none,none,0,N,Y,0,0,0,0,0,0
Florida Keys,Molasses Reef,ML1,ML1-t017,09,50,45,35,25%,RC,,1,FS,none,none,0,N,N,0,3,0,0,0,0
Florida Keys,Molasses Reef,ML1,ML1-t018,09,21,15,15,90%,JC,,0,none,none,none,0,N,Y,0,1,0,0,0,0
Florida Keys,Molasses Reef,ML1,ML1-t020,09,212,135,105,15%,RC,,1,RTL,CB,none,0,N,N,0,1,0,0,1,0
Florida Keys,Molasses Reef,ML1,ML1-t021,09,18,14,8,85%,EC,,0,none,none,none,1,N,N,0,0,0,0,0,0
Florida Keys,Molasses Reef,ML1,ML1-t022,09,27,20,10,95%,EC,,3,FS,none,none,1,N,N,0,0,0,0,0,0
Florida Keys,Molasses Reef,ML1,ML1-t920,09,13,10,8,100%,AF,,0,none,none,none,0,N,N,0,0,0,0,0,0
Florida Keys,Molasses Reef,ML1,ML1-t921,09,14,8,4,100%,EC,,0,none,none,none,0,N,N,0,0,0,0,0,0
Florida Keys,Molasses Reef,ML2,ML2-t126,09,235,160,80,35%,BC,,2,FS,CB,none,0,Y,N,2,17,4,0,1,0
Florida Keys,Molasses Reef,ML2,ML2-t127,09,41,36,37,90%,BC,,0,none,none,none,0,N,N,0,0,0,0,0,0
Florida Keys,Molasses Reef,ML2,ML2-t128,09,35,26,23,95%,JC,,3,CB,none,none,0,N,N,0,0,0,0,0,0
Florida Keys,Molasses Reef,ML2,ML2-t129,09,140,120,65,25%,BC,,0,none,none,none,0,N,N,2,0,1,0,0,0
Florida Keys,Molasses Reef,ML2,ML2-t130,09,165,85,65,40%,BC,,1,FS,CB,none,0,N,N,0,3,2,0,1,0
Florida Keys,Molasses Reef,ML2,ML2-t131,09,115,108,56,25%,BC,,1,CB,CL,none,0,Y,N,0,0,2,0,1,0
Florida Keys,Molasses Reef,ML2,ML2-t132,09,198,87,74,60%,BC,,1,FS,CB,CL,0,N,N,0,13,1,0,1,1
Florida Keys,Molasses Reef,ML2,ML2-t137,09,7,7,3,100%,EC,,0,none,none,none,0,N,N,0,0,0,0,0,0
Florida Keys,Molasses Reef,ML2,ML2-t139,09,2,1,1,80%,EC,,0,none,none,none,0,N,N,0,0,0,0,0,0
Florida Keys,Molasses Reef,ML2,ML2-t141,09,35,25,26,25%,RC,,0,none,none,none,1,N,N,0,0,0,0,0,0
Florida Keys,Molasses Reef,ML2,ML2-t142,09,32,29,25,5%,RC,,0,none,none,none,0,N,N,0,0,0,0,0,0
Florida Keys,Molasses Reef,ML3,ML3-t144,09,110,85,65,60%,RC,,1,FS,CB,none,1,N,N,0,6,0,0,0,0
Florida Keys,Molasses Reef,ML3,ML3-t145,09,129,75,55,98%,BC,,0,none,none,none,1,N,N,1,0,1,0,0,0
Florida Keys,Molasses Reef,ML3,ML3-t146,09,150,113,78,75%,BC,,1,FS,none,none,0,Y,N,1,3,1,0,0,0
Florida Keys,Molasses Reef,ML3,ML3-t147,09,230,200,70,40%,BC,,1,FS,CB,none,0,N,N,0,7,2,0,1,0
Florida Keys,Molasses Reef,ML3,ML3-t148,09,115,82,62,55%,BC,,1,FS,none,none,0,N,N,1,6,1,0,1,0
Florida Keys,Molasses Reef,ML3,ML3-t150,09,40,24,26,90%,BC,,2,FS,none,none,0,Y,N,0,3,0,0,0,0
Florida Keys,Molasses Reef,ML3,ML3-t184,09,199,160,78,98%,BC,,0,none,none,none,0,N,N,0,1,1,0,1,0
Florida Keys,Molasses Reef,ML3,ML3-t185,09,16,14,11,100%,JC,,0,none,none,none,0,N,N,0,0,0,0,0,0
Florida Keys,Molasses Reef,ML3,ML3-t186,09,29,24,10,100%,JC,,0,none,none,none,0,N,N,0,0,0,0,0,0
Florida Keys,Molasses Reef,ML3,ML3-t915,09,30,23,25,95%,JC,,0,none,none,none,0,N,N,0,0,0,0,0,0
Florida Keys,Carysfort Reef,CF1,CF1-t023,10,,,,0%,D,,,,,,,N,N,,,,,,
Florida Keys,Carysfort Reef,CF1,CF1-t024,10,88,73,57,25%,BC,,1,FS,PFB,none,0,N,N,0,4,0,0,0,0
Florida Keys,Carysfort Reef,CF1,CF1-t025,10,,,,0%,D,,,,,,,N,N,,,,,,
Florida Keys,Carysfort Reef,CF1,CF1-t027,10,100,85,75,15%,RC,,1,FS,none,none,0,N,N,0,1,0,0,1,0
Florida Keys,Carysfort Reef,CF1,CF1-t032,10,15,12,4,40%,RC,,0,none,none,none,0,N,N,0,0,0,0,0,0
Florida Keys,Carysfort Reef,CF1,CF1-t033,10,240,115,100,35%,BC,,1,FS,RTL,none,0,N,N,0,12,2,0,1,0
Florida Keys,Carysfort Reef,CF1,CF1-t034,10,55,37,60,35%,BC,,0,none,none,none,0,N,N,0,0,1,0,0,0
Florida Keys,Carysfort Reef,CF2,CF2-t038,10,212,180,94,30%,BC,,1,FS,CL,none,0,N,N,0,10,1,0,1,0
Florida Keys,Carysfort Reef,CF2,CF2-t040,10,125,42,60,40%,BC,,1,FS,PFB,none,0,N,N,0,3,0,0,0,0
Florida Keys,Carysfort Reef,CF2,CF2-t041,10,120,55,75,30%,BC,,0,none,none,none,0,N,N,0,0,0,0,0,0
Florida Keys,Carysfort Reef,CF2,CF2-t042,10,47,35,12,75%,EC,,1,PFB,none,none,0,N,N,0,0,0,0,0,0
Florida Keys,Carysfort Reef,CF2,CF2-t043,10,128,74,50,80%,BC,,2,FS,none,none,0,N,N,0,2,1,0,1,0
Florida Keys,Carysfort Reef,CF2,CF2-t044,10,105,65,38,1%,RC,,0,none,none,none,0,N,N,0,0,0,0,0,0
Florida Keys,Carysfort Reef,CF2,CF2-t045,10,127,102,78,75%,BC,,1,PFB,none,none,1,N,N,1,0,1,1,0,0
Florida Keys,Carysfort Reef,CF2,CF2-t046,10,69,41,37,50%,BC,,1,PFB,FS,none,0,N,N,0,2,0,0,0,1
Florida Keys,Carysfort Reef,CF2,CF2-t047,10,180,104,60,70%,BC,,1,PFB,none,none,0,N,N,1,0,1,0,1,0
Florida Keys,Carysfort Reef,CF2,CF2-t048,10,118,85,69,75%,BC,,1,PFB,CL,none,0,N,N,0,0,0,0,0,0
Florida Keys,Carysfort Reef,CF2,CF2-t049,10,140,75,55,35%,BC,,1,FS,PFB,none,0,N,N,0,4,0,0,0,0
Florida Keys,Carysfort Reef,CF3,CF3-t088,10,265,130,90,40%,BC,,1,FS,CB,FP,0,N,N,1,7,5,0,1,0
Florida Keys,Carysfort Reef,CF3,CF3-t090,10,312,155,66,70%,BC,,1,WPx,CL,none,0,N,N,3,4,7,0,1,3
Florida Keys,Carysfort Reef,CF3,CF3-t091,10,27,22,20,100%,JC,,0,none,none,none,0,N,N,0,0,1,0,0,0
Florida Keys,Carysfort Reef,CF3,CF3-t092,10,185,130,55,35%,BC,,0,none,none,none,0,N,N,1,0,5,0,1,0
Florida Keys,Carysfort Reef,CF3,CF3-t093,10,55,43,33,30%,BC,,1,FS,RTL,CB,0,N,N,0,5,0,0,0,0
Florida Keys,Carysfort Reef,CF3,CF3-t095,10,190,130,95,60%,BC,,1,PFB,CL,none,0,N,N,1,3,4,1,1,0
Florida Keys,Carysfort Reef,CF3,CF3-t916,10,31,30,25,80%,JC,,4,FS,none,none,0,N,N,1,4,0,0,0,0
Florida Keys,Carysfort Reef,CF3,CF3-t917,10,4,3,4,30%,JC,,2,FS,none,none,0,N,N,0,2,0,0,0,0
Florida Keys,Carysfort Reef,CF3,CF3-t918,10,5,5,4,95%,EC,,0,none,none,none,0,N,N,0,0,0,0,0,0
Florida Keys,Carysfort Reef,CF3,CF3-t919,10,11,9,6,100%,JC,,0,none,none,none,0,N,N,0,0,0,0,0,0
Florida Keys,Elbow Reef,EL1,EL1-t050,10,20,11,8,100%,JC,,0,none,none,none,0,Y,N,0,0,0,0,0,0
Florida Keys,Elbow Reef,EL1,EL1-t051,10,165,142,90,30%,BC,,1,FS,WBD,none,0,N,N,0,9,1,0,1,0
Florida Keys,Elbow Reef,EL1,EL1-t052,10,270,175,75,65%,BC,,1,WBD,FS,CL,0,Y,Y,1,5,3,1,2,7
Florida Keys,Elbow Reef,EL1,EL1-t054,10,145,112,57,65%,BC,,1,WBD,FS,CB,0,N,Y,1,4,2,0,1,0
Florida Keys,Elbow Reef,EL1,EL1-t055,10,212,157,64,80%,BC,,2,PFB,CL,none,0,N,N,2,0,3,0,1,3
Florida Keys,Elbow Reef,EL1,EL1-t056,10,85,55,42,60%,RC,,1,CL,none,none,0,N,N,0,0,1,0,1,0
Florida Keys,Elbow Reef,EL1,EL1-t058,10,42,25,30,5%,EC,,0,none,none,none,0,N,N,0,0,0,0,0,0
Florida Keys,Elbow Reef,EL1,EL1-t059,10,6,4,2,90%,EC,,0,none,none,none,0,N,N,0,0,0,0,0,0
Florida Keys,Elbow Reef,EL1,EL1-t060,10,27,19,27,80%,JC,,0,none,none,none,0,Y,N,0,0,0,0,0,0
Florida Keys,Elbow Reef,EL1,EL1-t061,10,32,28,33,80%,JC,,2,FS,none,none,0,Y,N,0,4,0,0,0,0
Florida Keys,Elbow Reef,EL1,EL1-t062,10,12,11,4,100%,EC,,0,none,none,none,0,Y,N,0,0,0,0,0,0
Florida Keys,Elbow Reef,EL2,EL2-t064,10,10,7,6,95%,JC,,0,none,none,none,0,N,N,0,0,0,0,0,0
Florida Keys,Elbow Reef,EL2,EL2-t065,10,105,90,85,15%,RC,,1,FS,none,none,0,N,N,0,5,0,0,1,0
Florida Keys,Elbow Reef,EL2,EL2-t066,10,107,75,80,40%,BC,,0,none,none,none,0,Y,N,0,0,0,0,0,0
Florida Keys,Elbow Reef,EL2,EL2-t067,10,59,30,23,20%,BC,,0,none,none,none,0,N,N,0,0,0,0,0,0
Florida Keys,Elbow Reef,EL2,EL2-t068,10,6,5,1,95%,EC,,0,none,none,none,1,N,N,0,0,0,0,0,0
Florida Keys,Elbow Reef,EL2,EL2-t069,10,125,65,53,50%,BC,,0,none,none,none,0,N,N,0,0,0,0,0,2
Florida Keys,Elbow Reef,EL2,EL2-t070,10,17,12,7,98%,EC,,1,FS,none,none,0,N,N,0,1,0,0,1,0
Florida Keys,Elbow Reef,EL2,EL2-t071,10,17,8,2,45%,EC,,0,none,none,none,0,N,N,0,0,0,0,0,0
Florida Keys,Elbow Reef,EL2,EL2-t072,10,80,68,20,5%,RC,,0,none,none,none,1,N,N,0,0,0,0,0,0
Florida Keys,Elbow Reef,EL2,EL2-t073,10,117,104,55,75%,BC,,1,CL,none,none,0,N,N,0,0,0,0,1,1
Florida Keys,Elbow Reef,EL2,EL2-t913,10,210,130,85,60%,BC,,0,none,none,none,0,N,N,0,0,0,0,1,1
Florida Keys,Elbow Reef,EL3,EL3-t075,10,35,27,34,35%,RC,,1,CL,none,none,0,N,N,0,0,0,0,0,0
Florida Keys,Elbow Reef,EL3,EL3-t076,10,122,63,70,55%,BC,,1,FS,CL,none,0,N,N,0,7,1,0,0,0
Florida Keys,Elbow Reef,EL3,EL3-t077,10,63,25,23,40%,RC,,0,none,none,none,0,N,N,0,0,0,0,1,0
Florida Keys,Elbow Reef,EL3,EL3-t078,10,34,25,33,50%,RC,,0,none,none,none,0,N,N,0,0,0,0,0,0
Florida Keys,Elbow Reef,EL3,EL3-t079,10,37,22,32,35%,RC,,0,none,none,none,0,N,N,0,0,0,0,1,0
Florida Keys,Elbow Reef,EL3,EL3-t081,10,45,25,62,60%,RC,,0,none,none,none,0,N,N,0,0,0,0,0,0
Florida Keys,Elbow Reef,EL3,EL3-t083,10,87,70,46,50%,RC,,0,none,none,none,0,N,N,0,0,0,0,1,0
Florida Keys,Elbow Reef,EL3,EL3-t084,10,112,59,53,25%,RC,,1,CL,CB,none,0,N,N,0,0,0,0,1,0
Florida Keys,Elbow Reef,EL3,EL3-t086,10,155,83,62,45%,BC,,1,CL,FS,none,0,N,Y,0,1,0,1,1,0
Florida Keys,Elbow Reef,EL3,EL3-t911,10,76,37,43,65%,BC,,0,none,none,none,0,N,N,0,1,0,0,1,0
Florida Keys,Elbow Reef,EL4,EL4-t153,10,165,125,70,70%,BC,,1,CL,CB,FS,0,N,N,0,1,0,0,1,0
Florida Keys,Elbow Reef,EL4,EL4-t154,10,115,84,72,65%,BC,,1,FS,CL,CB,0,N,N,0,4,0,0,0,0
Florida Keys,Elbow Reef,EL4,EL4-t158,10,45,32,45,75%,BC,,0,none,none,none,0,N,N,0,0,0,0,0,0
Florida Keys,Elbow Reef,EL4,EL4-t159,10,11,7,3,80%,EC,,0,none,none,none,0,N,N,0,1,0,0,0,0
Florida Keys,Elbow Reef,EL4,EL4-t160,10,36,32,29,75%,JC,,0,none,none,none,0,N,N,0,6,0,0,0,0
Florida Keys,Elbow Reef,EL4,EL4-t162,10,40,34,25,90%,BC,,2,FS,none,none,1,N,N,0,5,0,0,0,0
Florida Keys,Elbow Reef,EL4,EL4-t164,10,17,14,16,60%,EC,,0,none,none,none,0,N,N,0,0,0,0,0,0
Florida Keys,Elbow Reef,EL4,EL4-t165,10,9,6,5,95%,EC,,0,none,none,none,0,N,N,0,0,0,0,0,0
Florida Keys,Elbow Reef,EL4,EL4-t168,10,126,105,76,98%,BC,,0,none,none,none,0,N,N,0,0,0,0,1,1
Florida Keys,Elbow Reef,EL4,EL4-t922,10,30,12,10,80%,EC,,0,none,none,none,0,N,N,0,0,0,0,0,0
Florida Keys,Elbow Reef,EL5,EL5-t170,10,20,17,23,5%,RC,,2,WBD,CB,none,0,N,N,0,0,0,0,0,0
Florida Keys,Elbow Reef,EL5,EL5-t177,10,60,57,39,80%,BC,,0,none,none,none,0,N,N,0,0,0,0,0,0
Florida Keys,Elbow Reef,EL5,EL5-t180,10,105,89,58,65%,BC,,0,none,none,none,1,Y,N,0,0,0,0,1,0
Florida Keys,Elbow Reef,EL5,EL5-t183,10,14,12,10,95%,EC,,0,none,none,none,0,N,N,0,0,0,0,0,0
Florida Keys,French Reef,FR1,FR1-t001,10,25,18,20,85%,JC,,0,none,none,none,0,N,N,0,0,0,0,0,0
Florida Keys,French Reef,FR1,FR1-t002,10,64,45,38,60%,BC,,1,FS,CB,none,0,N,N,0,5,0,0,1,0
Florida Keys,French Reef,FR1,FR1-t003,10,8,7,5,100%,JC,,0,none,none,none,0,N,N,0,0,0,0,0,0
Florida Keys,French Reef,FR1,FR1-t004,10,95,80,85,30%,RC,,1,CB,none,none,0,N,N,1,0,1,0,0,0
Florida Keys,French Reef,FR1,FR1-t005,10,130,90,70,35%,BC,,0,none,none,none,1,N,N,1,0,2,0,1,1
Florida Keys,French Reef,FR1,FR1-t006,10,125,105,65,60%,BC,,0,none,none,none,1,N,N,1,0,1,0,0,0
Florida Keys,French Reef,FR1,FR1-t007,10,42,35,28,40%,RC,,0,none,none,none,0,N,N,0,0,0,0,0,0
Florida Keys,French Reef,FR1,FR1-t008,10,75,65,60,75%,BC,,0,none,none,none,0,N,N,1,0,3,0,1,0
Florida Keys,French Reef,FR1,FR1-t009,10,180,163,62,55%,BC,,0,none,none,none,0,N,N,1,0,3,0,0,0
Florida Keys,French Reef,FR1,FR1-t010,10,60,50,42,45%,BC,,1,CL,none,none,0,N,N,1,0,1,0,0,0
Florida Keys,French Reef,FR1,FR1-t011,10,9,8,7,100%,JC,,0,none,none,none,0,N,N,0,0,0,0,0,0
Florida Keys,French Reef,FR1,FR1-t012,10,,,,0%,D,,,,,,,N,N,,,,,,
Florida Keys,Key Largo Dry Rocks,KL1,KL1-t102,10,145,103,70,10%,RC,,1,FS,none,none,0,N,N,3,2,1,0,1,0
Florida Keys,Key Largo Dry Rocks,KL1,KL1-t103,10,120,64,66,75%,BC,,1,FS,none,none,0,N,N,3,6,1,0,0,0
Florida Keys,Key Largo Dry Rocks,KL1,KL1-t104,10,120,73,66,15%,BC,,0,none,none,none,0,N,N,0,0,2,0,0,0
Florida Keys,Key Largo Dry Rocks,KL1,KL1-t105,10,220,155,80,25%,RC,,0,none,none,none,0,N,N,0,0,0,0,1,0
Florida Keys,Key Largo Dry Rocks,KL1,KL1-t106,10,105,70,45,20%,RC,,0,none,none,none,0,N,N,0,0,0,0,0,0
Florida Keys,Key Largo Dry Rocks,KL1,KL1-t107,10,107,80,61,45%,RC,,1,FS,PFB,WPx,0,N,N,1,8,2,0,0,0
Florida Keys,Key Largo Dry Rocks,KL1,KL1-t108,10,160,90,80,40%,BC,,1,WPx,none,none,0,N,N,2,0,2,0,1,0
Florida Keys,Key Largo Dry Rocks,KL1,KL1-t109,10,75,55,42,2%,RC,,0,none,none,none,0,N,N,0,0,0,0,0,0
Florida Keys,Key Largo Dry Rocks,KL1,KL1-t110,10,175,105,85,30%,RC,,0,none,none,none,0,N,N,0,1,0,0,1,0
Florida Keys,Key Largo Dry Rocks,KL1,KL1-t904,10,8,7,11,95%,JC,,0,none,none,none,0,N,N,0,0,0,0,0,0
Florida Keys,Key Largo Dry Rocks,KL2,KL2-t116,10,8,6,6,75%,EC,,0,none,none,none,0,N,N,0,0,0,0,0,0
Florida Keys,Key Largo Dry Rocks,KL2,KL2-t123,10,,,,0%,D,,,,,,,N,N,,,,,,
Florida Keys,Key Largo Dry Rocks,KL2,KL2-t907,10,6,4,2,70%,EC,,0,none,none,none,0,N,N,0,0,0,0,0,0
Florida Keys,Key Largo Dry Rocks,KL3,KL3-t215,10,62,44,40,25%,RC,,0,none,none,none,3,N,N,0,0,0,0,0,0
Florida Keys,Key Largo Dry Rocks,KL3,KL3-t216,10,58,49,40,80%,BC,,2,FS,CL,none,0,N,N,1,2,1,0,0,0
Florida Keys,Key Largo Dry Rocks,KL3,KL3-t217,10,65,60,48,15%,RC,,1,RTL,none,none,0,N,N,1,1,1,0,0,0
Florida Keys,Key Largo Dry Rocks,KL3,KL3-t219,10,190,119,50,15%,BC,,1,FS,none,none,0,N,N,0,5,2,0,1,0
Florida Keys,Key Largo Dry Rocks,KL3,KL3-t220,10,85,71,45,10%,BC,,0,none,none,none,0,N,N,1,0,1,0,0,0
Florida Keys,Key Largo Dry Rocks,KL3,KL3-t222,10,6,5,5,100%,JC,,0,none,none,none,0,N,N,0,0,1,0,0,0
Florida Keys,Key Largo Dry Rocks,KL3,KL3-t223,10,42,21,30,20%,BC,,0,none,none,none,0,N,N,0,0,1,0,0,0
Florida Keys,Key Largo Dry Rocks,KL3,KL3-t224,10,27,24,12,20%,RC,,0,none,none,none,0,N,N,0,0,1,0,0,0
Florida Keys,Key Largo Dry Rocks,KL3,KL3-t227,10,12,11,5,80%,EC,,0,none,none,none,0,N,N,0,0,0,0,0,0
Florida Keys,Molasses Reef,ML1,ML1-t013,10,136,82,63,70%,BC,,1,CL,none,none,0,N,Y,1,0,1,0,0,1
Florida Keys,Molasses Reef,ML1,ML1-t014,10,105,85,43,25%,BC,,1,FS,CB,none,0,N,Y,0,7,1,0,1,0
Florida Keys,Molasses Reef,ML1,ML1-t015,10,23,22,22,90%,JC,,0,none,none,none,0,N,N,0,0,0,0,0,0
Florida Keys,Molasses Reef,ML1,ML1-t016,10,75,71,28,85%,BC,,0,none,none,none,0,N,Y,0,0,0,0,1,2
Florida Keys,Molasses Reef,ML1,ML1-t017,10,48,45,36,25%,BC,,1,FS,none,none,0,N,N,0,3,0,0,0,0
Florida Keys,Molasses Reef,ML1,ML1-t018,10,22,15,15,90%,JC,,0,none,none,none,0,N,Y,0,0,0,0,0,0
Florida Keys,Molasses Reef,ML1,ML1-t020,10,200,140,105,15%,RC,,1,WPx,FS,none,0,N,N,0,2,0,0,1,0
Florida Keys,Molasses Reef,ML1,ML1-t021,10,17,13,7,90%,EC,,0,none,none,none,0,N,N,0,0,0,0,0,0
Florida Keys,Molasses Reef,ML1,ML1-t022,10,27,22,12,80%,JC,,5,FS,CB,none,0,N,N,0,2,0,0,0,0
Florida Keys,Molasses Reef,ML1,ML1-t920,10,13,9,6,100%,EC,,0,none,none,none,1,N,N,0,0,0,0,0,0
Florida Keys,Molasses Reef,ML1,ML1-t921,10,20,8,7,90%,EC,,0,none,none,none,0,N,N,0,0,0,0,0,0
Florida Keys,Molasses Reef,ML2,ML2-t126,10,235,160,85,35%,BC,,2,FS,RTL,CB,0,N,N,1,14,4,1,1,1
Florida Keys,Molasses Reef,ML2,ML2-t127,10,44,39,35,95%,BC,,0,none,none,none,0,N,N,0,0,1,0,0,0
Florida Keys,Molasses Reef,ML2,ML2-t128,10,31,26,22,70%,JC,,3,FS,none,none,0,N,N,0,3,0,0,0,0
Florida Keys,Molasses Reef,ML2,ML2-t129,10,140,120,65,25%,BC,,0,none,none,none,0,N,N,1,0,2,0,1,0
Florida Keys,Molasses Reef,ML2,ML2-t130,10,165,87,65,40%,BC,,1,FS,WBD,CB,0,N,N,1,2,1,0,1,0
Florida Keys,Molasses Reef,ML2,ML2-t131,10,115,108,56,30%,BC,,1,CB,none,none,0,N,N,1,0,1,0,1,0
Florida Keys,Molasses Reef,ML2,ML2-t132,10,160,88,75,60%,BC,,1,WBD,CB,none,1,N,N,1,6,1,0,1,0
Florida Keys,Molasses Reef,ML2,ML2-t137,10,6,5,1,100%,EC,,0,none,none,none,0,N,N,0,0,0,0,0,0
Florida Keys,Molasses Reef,ML2,ML2-t139,10,,,,0%,D,,,,,,,N,N,,,,,,
Florida Keys,Molasses Reef,ML2,ML2-t141,10,33,22,26,30%,RC,,0,none,none,none,0,Y,N,0,2,1,0,0,0
Florida Keys,Molasses Reef,ML2,ML2-t142,10,36,29,31,5%,RC,,0,none,none,none,0,N,N,0,0,0,0,0,0
Florida Keys,Molasses Reef,ML3,ML3-t144,10,110,85,65,60%,RC,,1,CB,none,none,0,Y,N,0,0,0,0,1,0
Florida Keys,Molasses Reef,ML3,ML3-t145,10,130,75,55,85%,BC,,2,CB,none,none,0,Y,N,1,0,1,0,0,0
Florida Keys,Molasses Reef,ML3,ML3-t146,10,150,115,78,75%,BC,,1,CB,none,none,0,Y,N,1,0,1,0,0,0
Florida Keys,Molasses Reef,ML3,ML3-t147,10,230,200,70,35%,BC,,2,RTL,FS,CB,0,N,Y,0,7,3,0,2,0
Florida Keys,Molasses Reef,ML3,ML3-t148,10,116,82,62,50%,BC,,0,none,none,none,0,Y,N,0,2,1,0,1,0
Florida Keys,Molasses Reef,ML3,ML3-t150,10,40,24,28,95%,BC,,0,none,none,none,0,Y,N,0,0,0,0,0,0
Florida Keys,Molasses Reef,ML3,ML3-t184,10,203,167,80,98%,BC,,5,CB,none,none,0,Y,N,1,0,1,0,1,0
Florida Keys,Molasses Reef,ML3,ML3-t185,10,16,14,11,100%,JC,,0,none,none,none,1,N,N,0,0,0,0,0,0
Florida Keys,Molasses Reef,ML3,ML3-t186,10,30,24,10,95%,JC,,0,none,none,none,0,Y,N,0,0,0,0,0,0
Florida Keys,Molasses Reef,ML3,ML3-t915,10,30,23,27,98%,JC,,0,none,none,none,1,Y,N,0,0,1,0,1,0
Florida Keys,Carysfort Reef,CF1,CF1-t024,11,90,74,57,25%,BC,,1,FS,none,none,0,N,N,0,3,0,0,1,0
Florida Keys,Carysfort Reef,CF1,CF1-t027,11,85,80,70,10%,RC,,1,RTL,CL,none,0,N,N,0,0,0,0,1,0
Florida Keys,Carysfort Reef,CF1,CF1-t032,11,16,12,5,20%,RC,,0,none,none,none,0,N,N,0,0,0,0,0,0
Florida Keys,Carysfort Reef,CF1,CF1-t033,11,235,115,100,40%,BC,,2,RTL,FS,CB,0,N,N,1,13,1,0,1,0
Florida Keys,Carysfort Reef,CF1,CF1-t034,11,55,41,60,20%,BC,,2,RTL,none,none,0,N,N,1,0,1,0,0,0
Florida Keys,Carysfort Reef,CF2,CF2-t038,11,213,181,95,30%,BC,,1,FS,PFB,none,0,N,N,1,9,1,0,1,0
Florida Keys,Carysfort Reef,CF2,CF2-t040,11,127,43,62,35%,BC,,2,RTL,FS,FP,0,N,N,0,4,0,0,0,0
Florida Keys,Carysfort Reef,CF2,CF2-t041,11,126,58,75,30%,BC,,1,PFB,FP,none,0,N,N,1,0,1,0,1,0
Florida Keys,Carysfort Reef,CF2,CF2-t042,11,47,35,12,80%,EC,,0,none,none,none,0,N,N,1,0,0,0,0,0
Florida Keys,Carysfort Reef,CF2,CF2-t043,11,129,76,50,80%,BC,,2,FS,CL,none,0,N,N,0,6,1,0,0,0
Florida Keys,Carysfort Reef,CF2,CF2-t044,11,105,65,45,1%,RC,,0,none,none,none,0,N,N,0,0,0,0,0,0
Florida Keys,Carysfort Reef,CF2,CF2-t045,11,130,102,78,75%,BC,,1,PFB,none,none,0,N,N,1,0,1,0,1,0
Florida Keys,Carysfort Reef,CF2,CF2-t046,11,69,42,37,45%,BC,,2,FS,PFB,CB,0,N,N,0,1,0,0,0,0
Florida Keys,Carysfort Reef,CF2,CF2-t047,11,182,105,60,65%,BC,,1,PFB,none,none,0,N,N,1,0,0,0,0,0
Florida Keys,Carysfort Reef,CF2,CF2-t048,11,120,86,70,75%,BC,,1,PFB,FP,none,0,N,N,0,0,0,0,1,0
Florida Keys,Carysfort Reef,CF2,CF2-t049,11,140,75,55,35%,BC,,1,FS,PFB,none,0,N,N,0,9,0,0,1,0
Florida Keys,Carysfort Reef,CF3,CF3-t088,11,265,135,95,45%,BC,,1,FS,CL,CB,0,N,N,1,6,5,0,1,0
Florida Keys,Carysfort Reef,CF3,CF3-t090,11,317,155,68,65%,BC,,1,FS,FP,CL,0,N,N,3,8,6,1,1,0
Florida Keys,Carysfort Reef,CF3,CF3-t091,11,28,26,21,100%,JC,,0,none,none,none,0,N,N,0,0,1,0,0,0
Florida Keys,Carysfort Reef,CF3,CF3-t092,11,185,130,58,35%,BC,,0,none,none,none,0,N,N,1,0,3,1,1,0
Florida Keys,Carysfort Reef,CF3,CF3-t093,11,60,43,35,20%,RC,,3,RTL,FS,none,0,N,N,0,3,0,3,0,0
Florida Keys,Carysfort Reef,CF3,CF3-t095,11,190,133,90,65%,BC,,1,Oth,none,none,0,N,N,1,3,4,0,1,1
Florida Keys,Carysfort Reef,CF3,CF3-t916,11,33,30,31,80%,JC,,4,FS,CL,none,2,N,N,0,2,0,0,0,0
Florida Keys,Carysfort Reef,CF3,CF3-t917,11,7,7,6,10%,RC,,0,none,none,none,0,N,N,0,0,0,0,0,0
Florida Keys,Carysfort Reef,CF3,CF3-t918,11,6,5,5,90%,JC,,0,none,none,none,0,N,N,0,0,0,0,0,0
Florida Keys,Carysfort Reef,CF3,CF3-t919,11,13,11,11,75%,JC,,0,none,none,none,0,N,N,0,0,0,0,0,0
Florida Keys,Elbow Reef,EL1,EL1-t050,11,20,11,8,99%,JC,,0,none,none,none,0,Y,N,0,0,0,0,0,0
Florida Keys,Elbow Reef,EL1,EL1-t051,11,167,145,92,25%,BC,,1,FS,WBD,PFB,0,N,N,0,7,1,0,1,0
Florida Keys,Elbow Reef,EL1,EL1-t052,11,275,175,75,70%,BC,,1,WBD,CB,FP,0,Y,Y,1,6,3,1,2,10
Florida Keys,Elbow Reef,EL1,EL1-t054,11,145,115,57,65%,BC,,1,FP,PFB,none,0,Y,N,2,2,1,0,1,0
Florida Keys,Elbow Reef,EL1,EL1-t055,11,212,157,64,80%,BC,,2,CL,FP,CB,0,N,N,2,0,2,1,1,3
Florida Keys,Elbow Reef,EL1,EL1-t056,11,87,56,42,60%,BC,,0,none,none,none,0,N,N,0,0,0,0,0,0
Florida Keys,Elbow Reef,EL1,EL1-t058,11,42,25,15,5%,EC,,1,PFB,none,none,0,N,N,0,0,0,0,0,0
Florida Keys,Elbow Reef,EL1,EL1-t059,11,6,4,3,100%,EC,,0,none,none,none,0,N,N,0,0,0,0,0,0
Florida Keys,Elbow Reef,EL1,EL1-t060,11,28,20,23,80%,RC,,2,PFB,none,none,1,N,N,0,0,0,0,0,0
Florida Keys,Elbow Reef,EL1,EL1-t061,11,35,25,35,75%,JC,,1,FS,none,none,1,Y,N,0,3,0,0,0,0
Florida Keys,Elbow Reef,EL1,EL1-t062,11,13,13,3,100%,EC,,0,none,none,none,1,Y,N,0,0,0,0,0,0
Florida Keys,Elbow Reef,EL2,EL2-t064,11,10,8,8,100%,JC,,0,none,none,none,0,N,N,0,0,0,0,0,0
Florida Keys,Elbow Reef,EL2,EL2-t065,11,105,90,83,10%,BC,,1,FS,CB,none,0,N,N,0,4,0,0,0,0
Florida Keys,Elbow Reef,EL2,EL2-t066,11,107,76,80,40%,BC,,1,WBD,none,none,0,N,N,0,0,1,0,0,0
Florida Keys,Elbow Reef,EL2,EL2-t067,11,59,30,23,20%,BC,,0,none,none,none,0,N,N,0,0,0,0,0,0
Florida Keys,Elbow Reef,EL2,EL2-t068,11,6,6,1,90%,EC,,0,none,none,none,2,N,N,0,0,0,0,1,0
Florida Keys,Elbow Reef,EL2,EL2-t069,11,127,65,53,50%,BC,,1,CL,none,none,0,N,N,0,0,0,1,1,3
Florida Keys,Elbow Reef,EL2,EL2-t070,11,17,14,10,100%,JC,,0,none,none,none,0,N,N,0,0,0,0,0,0
Florida Keys,Elbow Reef,EL2,EL2-t071,11,16,7,2,50%,EC,,0,none,none,none,0,N,N,0,0,0,0,0,0
Florida Keys,Elbow Reef,EL2,EL2-t072,11,80,68,20,5%,RC,,0,none,none,none,0,N,N,0,0,0,0,0,0
Florida Keys,Elbow Reef,EL2,EL2-t073,11,125,104,55,80%,BC,,2,FP,none,none,0,N,N,0,0,0,0,5,5
Florida Keys,Elbow Reef,EL2,EL2-t913,11,215,135,85,65%,BC,,0,none,none,none,0,N,N,0,0,0,0,1,0
Florida Keys,Elbow Reef,EL3,EL3-t075,11,35,27,40,40%,BC,,0,none,none,none,0,Y,N,0,0,0,1,0,0
Florida Keys,Elbow Reef,EL3,EL3-t076,11,125,63,70,60%,BC,,1,FS,Oth,none,0,Y,N,0,5,1,1,0,0
Florida Keys,Elbow Reef,EL3,EL3-t077,11,63,26,25,40%,RC,,1,CL,none,none,0,N,N,0,0,0,0,0,0
Florida Keys,Elbow Reef,EL3,EL3-t078,11,35,25,33,45%,RC,,1,CL,none,none,0,N,N,0,0,0,0,0,0
Florida Keys,Elbow Reef,EL3,EL3-t079,11,37,22,32,35%,RC,,0,none,none,none,0,N,N,0,0,0,0,1,1
Florida Keys,Elbow Reef,EL3,EL3-t081,11,44,28,62,55%,RC,,1,FS,RTL,none,0,N,N,0,4,0,0,0,0
Florida Keys,Elbow Reef,EL3,EL3-t083,11,87,70,46,50%,BC,,0,none,none,none,0,N,N,0,0,0,0,1,1
Florida Keys,Elbow Reef,EL3,EL3-t084,11,111,60,62,25%,RC,,1,WPx,none,none,0,Y,N,0,0,1,0,0,1
Florida Keys,Elbow Reef,EL3,EL3-t086,11,155,86,65,40%,BC,,2,WPx,FS,none,0,Y,Y,0,1,1,0,1,1
Florida Keys,Elbow Reef,EL3,EL3-t911,11,78,37,44,65%,BC,,1,FS,none,none,0,N,N,0,2,0,0,0,0
Florida Keys,Elbow Reef,EL4,EL4-t153,11,168,127,72,70%,BC,,1,CL,none,none,0,N,N,0,0,0,0,0,0
Florida Keys,Elbow Reef,EL4,EL4-t154,11,117,84,72,55%,BC,,2,FS,CL,CB,0,N,N,0,8,0,0,0,0
Florida Keys,Elbow Reef,EL4,EL4-t158,11,47,34,47,75%,BC,,0,none,none,none,0,N,N,0,0,0,0,0,0
Florida Keys,Elbow Reef,EL4,EL4-t159,11,12,7,5,85%,EC,,0,none,none,none,0,N,N,0,0,0,0,0,0
Florida Keys,Elbow Reef,EL4,EL4-t160,11,37,34,29,75%,JC,,0,none,none,none,0,N,N,0,0,0,1,0,0
Florida Keys,Elbow Reef,EL4,EL4-t162,11,40,36,27,80%,BC,,4,FS,none,none,0,Y,N,0,7,0,0,0,0
Florida Keys,Elbow Reef,EL4,EL4-t164,11,16,14,16,60%,EC,,0,none,none,none,0,N,N,0,0,0,0,0,0
Florida Keys,Elbow Reef,EL4,EL4-t165,11,11,9,5,90%,EC,,0,none,none,none,0,N,N,0,0,0,0,0,0
Florida Keys,Elbow Reef,EL4,EL4-t168,11,127,113,78,98%,BC,,5,FP,none,none,0,N,N,0,0,0,0,0,0
Florida Keys,Elbow Reef,EL4,EL4-t922,11,29,10,11,80%,JC,,0,none,none,none,0,N,N,0,0,0,0,0,0
Florida Keys,Elbow Reef,EL5,EL5-t170,11,,,,0%,D,,,,,,,N,N,,,,,,
Florida Keys,Elbow Reef,EL5,EL5-t177,11,61,59,39,85%,BC,,0,none,none,none,0,N,N,0,0,0,0,0,0
Florida Keys,Elbow Reef,EL5,EL5-t180,11,107,90,58,70%,BC,,0,none,none,none,0,N,N,0,0,0,0,0,0
Florida Keys,Elbow Reef,EL5,EL5-t183,11,13,11,10,95%,EC,,0,none,none,none,0,N,N,0,0,0,0,0,0
Florida Keys,French Reef,FR1,FR1-t001,11,25,18,20,70%,RC,,5,RTL,none,none,0,N,N,0,0,0,0,0,0
Florida Keys,French Reef,FR1,FR1-t002,11,64,45,38,55%,BC,,2,FS,PFB,PFB,0,N,N,0,3,0,0,0,0
Florida Keys,French Reef,FR1,FR1-t003,11,8,7,6,40%,EC,,5,RTL,none,none,0,N,N,0,0,0,0,0,0
Florida Keys,French Reef,FR1,FR1-t004,11,93,82,85,25%,RC,,1,CB,none,none,0,N,Y,1,0,1,0,0,0
Florida Keys,French Reef,FR1,FR1-t005,11,130,90,70,35%,BC,,0,none,none,none,0,N,N,0,0,1,0,1,2
Florida Keys,French Reef,FR1,FR1-t006,11,125,105,65,60%,BC,,1,FP,none,none,0,N,N,1,0,1,0,1,1
Florida Keys,French Reef,FR1,FR1-t007,11,45,35,28,15%,RC,,3,RTL,none,none,0,N,N,0,0,0,0,0,0
Florida Keys,French Reef,FR1,FR1-t008,11,78,68,60,80%,BC,,1,WPx,none,none,0,N,N,1,0,3,1,2,2
Florida Keys,French Reef,FR1,FR1-t009,11,185,162,65,60%,BC,,1,WPx,none,none,0,N,N,2,0,4,0,0,0
Florida Keys,French Reef,FR1,FR1-t010,11,60,50,42,45%,BC,,0,none,none,none,0,N,N,1,0,1,0,1,1
Florida Keys,French Reef,FR1,FR1-t011,11,9,8,7,100%,JC,,0,none,none,none,0,N,N,0,0,0,0,0,0
Florida Keys,Key Largo Dry Rocks,KL1,KL1-t102,11,142,103,70,10%,BC,,1,FS,none,none,0,N,N,2,0,1,0,1,2
Florida Keys,Key Largo Dry Rocks,KL1,KL1-t103,11,123,62,66,70%,BC,,3,FS,none,none,0,N,N,3,3,1,0,0,0
Florida Keys,Key Largo Dry Rocks,KL1,KL1-t104,11,120,75,65,15%,BC,,1,FS,none,none,0,N,N,0,1,0,0,1,0
Florida Keys,Key Largo Dry Rocks,KL1,KL1-t105,11,223,155,80,25%,BC,,1,CL,none,none,0,N,N,0,0,0,0,1,0
Florida Keys,Key Largo Dry Rocks,KL1,KL1-t106,11,105,70,45,25%,RC,,0,none,none,none,0,N,N,0,0,0,0,1,0
Florida Keys,Key Largo Dry Rocks,KL1,KL1-t107,11,108,79,55,45%,BC,,1,FS,RTL,none,0,N,N,1,8,2,0,0,0
Florida Keys,Key Largo Dry Rocks,KL1,KL1-t108,11,160,90,80,40%,BC,,1,CB,none,none,0,N,N,2,0,1,1,2,0
Florida Keys,Key Largo Dry Rocks,KL1,KL1-t109,11,70,50,42,5%,RC,,0,none,none,none,0,N,N,0,0,1,0,0,0
Florida Keys,Key Largo Dry Rocks,KL1,KL1-t110,11,175,105,85,30%,RC,,1,WBD,FP,none,0,N,N,0,0,0,0,1,0
Florida Keys,Key Largo Dry Rocks,KL1,KL1-t904,11,8,8,12,80%,JC,,0,none,none,none,0,N,N,0,0,0,0,0,0
Florida Keys,Key Largo Dry Rocks,KL2,KL2-t116,11,9,7,8,85%,EC,,0,none,none,none,0,N,N,0,0,0,0,0,0
Florida Keys,Key Largo Dry Rocks,KL2,KL2-t907,11,,,,0%,D,,,,,,,N,N,,,,,,
Florida Keys,Key Largo Dry Rocks,KL3,KL3-t215,11,62,44,42,30%,RC,,0,none,none,none,0,N,N,0,0,0,0,0,0
Florida Keys,Key Largo Dry Rocks,KL3,KL3-t216,11,61,50,45,80%,BC,,2,CL,none,none,0,N,N,1,1,1,0,1,0
Florida Keys,Key Largo Dry Rocks,KL3,KL3-t217,11,65,60,47,10%,RC,,1,CB,none,none,0,N,N,1,0,0,0,0,0
Florida Keys,Key Largo Dry Rocks,KL3,KL3-t219,11,188,118,51,20%,BC,,1,FS,none,none,0,N,N,1,9,1,0,0,0
Florida Keys,Key Largo Dry Rocks,KL3,KL3-t220,11,88,70,45,15%,BC,,0,none,none,none,0,N,N,1,0,1,0,0,0
Florida Keys,Key Largo Dry Rocks,KL3,KL3-t222,11,7,5,5,100%,JC,,0,none,none,none,0,N,N,0,0,1,0,0,0
Florida Keys,Key Largo Dry Rocks,KL3,KL3-t223,11,42,18,33,20%,BC,,0,none,none,none,0,N,N,0,0,1,0,0,0
Florida Keys,Key Largo Dry Rocks,KL3,KL3-t224,11,13,12,13,80%,RC,,0,none,none,none,0,N,N,0,0,0,0,0,0
Florida Keys,Key Largo Dry Rocks,KL3,KL3-t227,11,12,11,5,80%,EC,,0,none,none,none,0,N,N,1,0,0,0,0,0
Florida Keys,Molasses Reef,ML1,ML1-t013,11,140,85,63,75%,BC,,1,CL,none,none,0,N,Y,1,0,1,0,1,0
Florida Keys,Molasses Reef,ML1,ML1-t014,11,110,85,45,20%,BC,,1,FS,CB,none,0,N,Y,1,8,1,0,1,0
Florida Keys,Molasses Reef,ML1,ML1-t015,11,23,23,22,90%,JC,,2,FS,none,none,0,N,N,0,1,0,0,0,0
Florida Keys,Molasses Reef,ML1,ML1-t016,11,76,72,32,90%,BC,,0,none,none,none,0,N,Y,0,0,0,0,0,0
Florida Keys,Molasses Reef,ML1,ML1-t017,11,49,45,37,25%,BC,,1,FS,none,none,0,N,N,0,2,0,0,0,0
Florida Keys,Molasses Reef,ML1,ML1-t018,11,22,16,15,95%,JC,,0,none,none,none,0,N,N,0,0,0,1,0,0
Florida Keys,Molasses Reef,ML1,ML1-t020,11,200,140,105,15%,RC,,1,FS,none,none,0,N,N,0,2,0,0,1,0
Florida Keys,Molasses Reef,ML1,ML1-t021,11,20,13,8,90%,EC,,2,FS,none,none,0,N,N,0,2,0,0,0,0
Florida Keys,Molasses Reef,ML1,ML1-t022,11,27,20,10,85%,EC,,5,FS,none,none,0,N,N,0,2,0,0,0,0
Florida Keys,Molasses Reef,ML1,ML1-t920,11,13,9,4,100%,EC,,0,none,none,none,0,N,N,0,0,0,0,0,0
Florida Keys,Molasses Reef,ML1,ML1-t921,11,20,14,11,95%,JC,,0,none,none,none,1,N,N,0,0,0,0,0,0
Florida Keys,Molasses Reef,ML2,ML2-t126,11,240,160,85,40%,BC,,1,FS,FP,CB,0,Y,N,1,9,5,0,1,0
Florida Keys,Molasses Reef,ML2,ML2-t127,11,45,44,40,85%,BC,,0,none,none,none,0,N,N,0,1,1,0,0,0
Florida Keys,Molasses Reef,ML2,ML2-t128,11,35,26,21,75%,JC,,0,none,none,none,0,N,N,0,0,0,0,0,0
Florida Keys,Molasses Reef,ML2,ML2-t129,11,140,120,67,20%,BC,,1,FS,none,none,0,N,N,2,0,2,0,1,0
Florida Keys,Molasses Reef,ML2,ML2-t130,11,165,88,65,35%,BC,,2,WBD,FS,none,1,N,N,1,3,1,0,0,0
Florida Keys,Molasses Reef,ML2,ML2-t131,11,115,108,57,30%,BC,,1,CB,none,none,0,N,N,0,0,2,0,1,0
Florida Keys,Molasses Reef,ML2,ML2-t132,11,161,90,75,55%,BC,,2,WBD,FS,CB,0,Y,N,1,7,1,0,1,0
Florida Keys,Molasses Reef,ML2,ML2-t137,11,7,6,1,90%,EC,,0,none,none,none,0,Y,N,0,0,0,0,0,0
Florida Keys,Molasses Reef,ML2,ML2-t141,11,34,25,24,30%,RC,,0,none,none,none,0,N,N,0,0,0,0,0,0
Florida Keys,Molasses Reef,ML2,ML2-t142,11,75,30,25,1%,RC,,2,Oth,none,none,0,N,N,0,0,0,0,0,0
Florida Keys,Molasses Reef,ML3,ML3-t144,11,112,85,65,65%,BC,,0,none,none,none,0,N,Y,0,1,1,0,0,1
Florida Keys,Molasses Reef,ML3,ML3-t145,11,134,77,57,85%,BC,,0,none,none,none,0,Y,N,1,0,1,0,0,0
Florida Keys,Molasses Reef,ML3,ML3-t146,11,150,116,78,75%,BC,,0,none,none,none,0,Y,N,1,0,1,0,0,0
Florida Keys,Molasses Reef,ML3,ML3-t147,11,230,200,70,40%,BC,,1,FS,none,none,0,Y,N,1,8,3,2,2,0
Florida Keys,Molasses Reef,ML3,ML3-t148,11,117,83,63,50%,BC,,1,FS,none,none,0,Y,Y,1,5,1,0,1,0
Florida Keys,Molasses Reef,ML3,ML3-t150,11,42,26,30,99%,BC,,0,none,none,none,0,Y,N,0,0,0,1,0,0
Florida Keys,Molasses Reef,ML3,ML3-t184,11,205,167,80,98%,BC,,5,WPx,FS,none,0,Y,N,0,2,1,0,1,0
Florida Keys,Molasses Reef,ML3,ML3-t185,11,16,15,12,100%,JC,,0,none,none,none,1,N,N,0,0,0,0,0,0
Florida Keys,Molasses Reef,ML3,ML3-t186,11,32,24,11,95%,JC,,0,none,none,none,1,Y,N,0,0,0,0,0,0
Florida Keys,Molasses Reef,ML3,ML3-t915,11,35,25,30,98%,JC,,0,none,none,none,0,N,N,0,0,1,0,0,0
Florida Keys,Carysfort Reef,CF1,CF1-t024,13,95,80,65,30%,BC,,0,none,none,none,0,N,N,0,0,0,0,1,0
Florida Keys,Carysfort Reef,CF1,CF1-t027,13,80,80,70,5%,RC,,1,RTL,none,none,0,N,N,0,0,0,0,0,0
Florida Keys,Carysfort Reef,CF1,CF1-t032,13,,,,0%,D,,,,,,,N,N,,,,,,
Florida Keys,Carysfort Reef,CF1,CF1-t033,13,235,110,100,30%,BC,,1,FS,CB,PFB,0,N,N,0,8,1,0,1,0
Florida Keys,Carysfort Reef,CF1,CF1-t034,13,55,42,62,30%,BC,,0,none,none,none,0,N,N,0,0,0,0,1,0
Florida Keys,Carysfort Reef,CF2,CF2-t038,13,213,181,95,25%,BC,,1,FS,PFB,none,0,N,N,0,7,0,0,1,0
Florida Keys,Carysfort Reef,CF2,CF2-t040,13,130,43,65,35%,BC,,1,FS,CB,PFB,0,N,N,0,1,0,0,0,0
Florida Keys,Carysfort Reef,CF2,CF2-t041,13,130,58,75,30%,BC,,0,none,none,none,0,N,N,0,0,0,0,0,0
Florida Keys,Carysfort Reef,CF2,CF2-t042,13,48,35,12,80%,EC,,2,CL,none,none,0,N,N,0,0,0,0,0,0
Florida Keys,Carysfort Reef,CF2,CF2-t043,13,128,82,51,80%,BC,,2,CL,none,none,0,N,N,1,0,1,0,0,1
Florida Keys,Carysfort Reef,CF2,CF2-t044,13,,,,0%,D,,,,,,,N,N,,,,,,
Florida Keys,Carysfort Reef,CF2,CF2-t045,13,128,102,78,80%,BC,,2,PFB,none,none,1,N,N,1,0,1,0,0,0
Florida Keys,Carysfort Reef,CF2,CF2-t046,13,71,43,40,45%,BC,,1,FS,none,none,0,N,N,0,2,0,0,0,0
Florida Keys,Carysfort Reef,CF2,CF2-t047,13,184,105,60,65%,BC,,1,FS,FP,PFB,0,N,N,0,5,0,0,0,0
Florida Keys,Carysfort Reef,CF2,CF2-t048,13,120,87,70,85%,BC,,0,none,none,none,0,N,N,1,0,1,0,1,0
Florida Keys,Carysfort Reef,CF2,CF2-t049,13,142,75,55,35%,BC,,1,FS,FP,none,0,N,N,0,7,0,0,1,0
Florida Keys,Carysfort Reef,CF3,CF3-t088,13,265,137,95,45%,BC,,1,FS,CB,none,0,N,N,1,13,3,0,1,0
Florida Keys,Carysfort Reef,CF3,CF3-t090,13,324,157,70,65%,BC,,0,none,none,none,0,N,N,3,0,5,0,1,0
Florida Keys,Carysfort Reef,CF3,CF3-t091,13,33,29,24,100%,JC,,0,none,none,none,0,N,N,0,0,1,0,0,0
Florida Keys,Carysfort Reef,CF3,CF3-t092,13,190,135,60,40%,BC,,1,CL,CB,none,0,N,N,1,0,2,0,1,0
Florida Keys,Carysfort Reef,CF3,CF3-t093,13,,,,0%,D,,,,,,,N,N,,,,,,
Florida Keys,Carysfort Reef,CF3,CF3-t095,13,190,134,90,65%,BC,,1,FS,Oth,none,0,N,N,1,2,3,0,1,0
Florida Keys,Carysfort Reef,CF3,CF3-t916,13,37,29,33,70%,JC,,1,FS,none,none,0,N,N,0,2,0,0,0,0
Florida Keys,Carysfort Reef,CF3,CF3-t917,13,5,4,5,1%,EC,,0,none,none,none,0,N,N,0,0,0,0,0,0
Florida Keys,Carysfort Reef,CF3,CF3-t918,13,6,6,5,100%,JC,,0,none,none,none,0,N,N,0,0,0,0,0,0
Florida Keys,Carysfort Reef,CF3,CF3-t919,13,14,12,14,80%,JC,,0,none,none,none,0,N,N,0,0,0,0,0,0
Florida Keys,Elbow Reef,EL1,EL1-t050,13,,,,,G,,,,,,,N,N,,,,,,
Florida Keys,Elbow Reef,EL1,EL1-t051,13,170,150,94,25%,BC,,1,FS,RTL,none,0,N,N,1,7,1,0,1,0
Florida Keys,Elbow Reef,EL1,EL1-t052,13,275,180,75,75%,BC,,0,none,none,none,0,N,Y,1,0,4,0,1,4
Florida Keys,Elbow Reef,EL1,EL1-t054,13,150,123,59,60%,BC,,3,FS,none,none,0,N,Y,2,4,2,0,0,0
Florida Keys,Elbow Reef,EL1,EL1-t055,13,212,157,64,85%,BC,,2,CL,none,none,0,N,Y,2,0,2,0,1,1
Florida Keys,Elbow Reef,EL1,EL1-t056,13,85,56,42,65%,RC,,0,none,none,none,0,N,N,0,0,1,0,1,0
Florida Keys,Elbow Reef,EL1,EL1-t058,13,,,,0%,D,,,,,,,N,N,,,,,,
Florida Keys,Elbow Reef,EL1,EL1-t059,13,7,5,3,100%,EC,,0,none,none,none,0,N,N,0,0,0,0,0,0
Florida Keys,Elbow Reef,EL1,EL1-t060,13,29,21,25,85%,JC,,2,FS,none,none,0,N,N,0,3,0,0,0,0
Florida Keys,Elbow Reef,EL1,EL1-t061,13,35,25,32,70%,JC,,0,none,none,none,0,N,N,0,3,0,0,0,0
Florida Keys,Elbow Reef,EL1,EL1-t062,13,15,15,5,98%,JC,,1,FS,none,none,2,N,N,0,1,0,0,0,0
Florida Keys,Elbow Reef,EL2,EL2-t064,13,13,9,7,90%,JC,,0,none,none,none,0,N,N,0,0,0,0,0,0
Florida Keys,Elbow Reef,EL2,EL2-t065,13,105,90,83,5%,RC,,1,RTL,FS,none,0,N,N,0,2,0,0,0,0
Florida Keys,Elbow Reef,EL2,EL2-t066,13,115,78,80,40%,BC,,2,WBD,CB,none,0,N,N,0,0,1,0,0,0
Florida Keys,Elbow Reef,EL2,EL2-t067,13,59,30,24,15%,RC,,0,none,none,none,1,N,N,0,0,0,0,0,0
Florida Keys,Elbow Reef,EL2,EL2-t068,13,7,5,1,90%,EC,,0,none,none,none,0,N,N,0,0,0,0,0,0
Florida Keys,Elbow Reef,EL2,EL2-t069,13,130,67,55,55%,BC,,1,CL,none,none,0,N,N,0,0,1,0,1,1
Florida Keys,Elbow Reef,EL2,EL2-t070,13,17,15,14,100%,JC,,0,none,none,none,0,N,N,0,1,0,0,0,0
Florida Keys,Elbow Reef,EL2,EL2-t071,13,8,7,2,90%,EC,,0,none,none,none,0,N,N,0,0,0,0,0,0
Florida Keys,Elbow Reef,EL2,EL2-t072,13,80,68,20,5%,RC,,0,none,none,none,0,N,N,0,0,0,0,0,0
Florida Keys,Elbow Reef,EL2,EL2-t073,13,130,104,57,80%,BC,,2,CL,CB,none,1,N,N,0,0,0,0,0,1
Florida Keys,Elbow Reef,EL2,EL2-t913,13,217,140,87,70%,BC,,0,none,none,none,0,N,N,0,0,0,0,3,3
Florida Keys,Elbow Reef,EL3,EL3-t075,13,26,23,32,20%,RC,,1,Oth,CB,none,0,N,N,0,0,0,1,1,0
Florida Keys,Elbow Reef,EL3,EL3-t076,13,127,63,70,60%,BC,,1,FS,CL,none,0,N,N,0,5,1,0,0,0
Florida Keys,Elbow Reef,EL3,EL3-t077,13,64,26,25,40%,RC,,0,none,none,none,0,N,N,0,0,0,0,0,0
Florida Keys,Elbow Reef,EL3,EL3-t078,13,36,25,33,50%,RC,,0,none,none,none,0,N,N,0,0,0,0,0,0
Florida Keys,Elbow Reef,EL3,EL3-t079,13,38,22,32,35%,RC,,0,none,none,none,0,N,N,0,0,0,0,1,0
Florida Keys,Elbow Reef,EL3,EL3-t081,13,40,30,62,1%,RC,,0,none,none,none,0,N,N,0,0,0,0,0,0
Florida Keys,Elbow Reef,EL3,EL3-t083,13,87,70,50,65%,BC,,1,CL,none,none,0,N,N,0,0,0,0,1,0
Florida Keys,Elbow Reef,EL3,EL3-t084,13,112,63,70,25%,RC,,0,none,none,none,0,N,N,0,0,1,0,1,0
Florida Keys,Elbow Reef,EL3,EL3-t086,13,155,89,65,45%,BC,,1,FS,none,none,0,N,Y,0,4,1,0,1,0
Florida Keys,Elbow Reef,EL3,EL3-t911,13,78,38,45,70%,BC,,1,FS,none,none,0,N,N,0,1,0,0,0,0
Florida Keys,Elbow Reef,EL4,EL4-t153,13,170,128,73,75%,BC,,1,CL,CB,none,0,N,N,0,0,0,0,0,0
Florida Keys,Elbow Reef,EL4,EL4-t154,13,109,80,75,60%,BC,,1,FS,WBD,none,0,N,N,0,1,0,0,1,0
Florida Keys,Elbow Reef,EL4,EL4-t158,13,50,36,48,80%,BC,,0,none,none,none,0,N,N,0,0,0,0,0,0
Florida Keys,Elbow Reef,EL4,EL4-t159,13,13,7,5,90%,EC,,0,none,none,none,0,N,N,0,0,0,0,0,0
Florida Keys,Elbow Reef,EL4,EL4-t160,13,45,32,29,80%,BC,,0,none,none,none,0,N,N,0,0,0,0,0,0
Florida Keys,Elbow Reef,EL4,EL4-t162,13,38,35,22,20%,RC,,2,FS,none,none,0,N,N,0,9,0,0,0,0
Florida Keys,Elbow Reef,EL4,EL4-t164,13,16,14,16,60%,EC,,0,none,none,none,0,N,N,0,0,0,0,0,0
Florida Keys,Elbow Reef,EL4,EL4-t165,13,11,7,4,90%,EC,,0,none,none,none,0,N,N,0,0,0,0,0,0
Florida Keys,Elbow Reef,EL4,EL4-t168,13,134,117,80,98%,BC,,5,FP,none,none,0,N,N,0,0,0,0,0,1
Florida Keys,Elbow Reef,EL4,EL4-t922,13,2,2,1,100%,EC,,0,none,none,none,0,N,N,0,0,0,0,0,0
Florida Keys,Elbow Reef,EL5,EL5-t177,13,64,59,41,85%,BC,,2,WPx,FS,none,1,N,N,0,1,0,0,0,0
Florida Keys,Elbow Reef,EL5,EL5-t180,13,110,93,58,70%,BC,,0,none,none,none,0,N,N,0,0,0,0,0,0
Florida Keys,Elbow Reef,EL5,EL5-t183,13,11,9,8,80%,EC,,4,Oth,none,none,0,N,N,0,0,0,0,0,0
Florida Keys,French Reef,FR1,FR1-t001,13,27,15,18,40%,RC,,3,RTL,none,none,0,N,N,0,0,1,0,0,0
Florida Keys,French Reef,FR1,FR1-t002,13,64,45,38,50%,BC,,2,FS,none,none,0,N,N,0,2,0,1,1,0
Florida Keys,French Reef,FR1,FR1-t003,13,7,7,9,75%,JC,,0,none,none,none,0,N,N,0,0,0,0,0,0
Florida Keys,French Reef,FR1,FR1-t004,13,80,69,75,15%,RC,,1,CB,none,none,0,N,Y,0,0,1,0,0,0
Florida Keys,French Reef,FR1,FR1-t005,13,130,92,70,40%,BC,,0,none,none,none,0,N,N,0,0,1,0,0,1
Florida Keys,French Reef,FR1,FR1-t006,13,125,105,65,55%,BC,,2,WPx,RTL,FP,1,N,N,0,0,1,0,1,0
Florida Keys,French Reef,FR1,FR1-t007,13,27,12,28,5%,RC,,0,none,none,none,0,N,N,0,0,0,0,0,0
Florida Keys,French Reef,FR1,FR1-t008,13,84,74,63,80%,BC,,0,none,none,none,0,N,N,1,0,3,0,1,0
Florida Keys,French Reef,FR1,FR1-t009,13,190,170,70,70%,BC,,1,WPx,none,none,1,N,N,0,0,2,0,0,0
Florida Keys,French Reef,FR1,FR1-t010,13,60,52,42,40%,BC,,0,none,none,none,0,N,N,1,0,1,0,1,0
Florida Keys,French Reef,FR1,FR1-t011,13,10,8,8,100%,JC,,0,none,none,none,0,N,N,0,0,0,0,0,0
Florida Keys,Key Largo Dry Rocks,KL1,KL1-t102,13,140,100,65,15%,BC,,0,none,none,none,0,N,N,1,0,1,0,0,0
Florida Keys,Key Largo Dry Rocks,KL1,KL1-t103,13,120,62,68,55%,BC,,2,FS,FP,none,0,N,N,2,6,1,0,0,0
Florida Keys,Key Largo Dry Rocks,KL1,KL1-t104,13,115,77,65,20%,BC,,1,FS,none,none,0,N,N,0,2,0,0,0,0
Florida Keys,Key Largo Dry Rocks,KL1,KL1-t105,13,213,155,80,25%,BC,,0,none,none,none,0,N,N,0,0,0,0,1,0
Florida Keys,Key Largo Dry Rocks,KL1,KL1-t106,13,80,50,45,35%,RC,,0,none,none,none,0,N,N,0,1,0,0,0,0
Florida Keys,Key Largo Dry Rocks,KL1,KL1-t107,13,110,75,60,40%,BC,,1,FS,none,none,0,N,N,1,8,2,0,1,0
Florida Keys,Key Largo Dry Rocks,KL1,KL1-t108,13,161,90,80,45%,BC,,0,none,none,none,0,N,N,1,0,1,0,1,1
Florida Keys,Key Largo Dry Rocks,KL1,KL1-t109,13,67,50,42,5%,RC,,0,none,none,none,0,N,N,0,0,1,0,0,0
Florida Keys,Key Largo Dry Rocks,KL1,KL1-t110,13,175,105,85,35%,BC,,0,none,none,none,0,N,N,1,0,0,0,0,0
Florida Keys,Key Largo Dry Rocks,KL1,KL1-t904,13,10,10,11,90%,JC,,0,none,none,none,0,N,N,0,0,0,0,0,0
Florida Keys,Key Largo Dry Rocks,KL2,KL2-t116,13,,,,0%,D,,,,,,,N,N,,,,,,
Florida Keys,Key Largo Dry Rocks,KL3,KL3-t215,13,62,46,44,35%,BC,,1,FS,CL,none,0,N,N,0,2,0,0,0,0
Florida Keys,Key Largo Dry Rocks,KL3,KL3-t216,13,65,50,45,80%,BC,,2,FS,none,none,0,N,N,2,7,1,0,0,0
Florida Keys,Key Largo Dry Rocks,KL3,KL3-t217,13,65,60,47,10%,BC,,1,Oth,none,none,0,N,N,0,0,0,0,0,0
Florida Keys,Key Largo Dry Rocks,KL3,KL3-t219,13,185,118,54,20%,BC,,1,Oth,none,none,0,N,N,1,3,2,0,0,0
Florida Keys,Key Largo Dry Rocks,KL3,KL3-t220,13,89,70,46,20%,BC,,0,none,none,none,0,N,N,2,0,3,0,0,0
Florida Keys,Key Largo Dry Rocks,KL3,KL3-t222,13,11,7,7,100%,JC,,0,none,none,none,0,N,N,1,0,1,0,0,0
Florida Keys,Key Largo Dry Rocks,KL3,KL3-t223,13,42,22,35,20%,BC,,0,none,none,none,0,N,N,0,0,1,0,0,0
Florida Keys,Key Largo Dry Rocks,KL3,KL3-t224,13,,,,0%,D,,,,,,,N,N,,,,,,
Florida Keys,Key Largo Dry Rocks,KL3,KL3-t227,13,15,13,5,60%,EC,,0,none,none,none,0,N,N,0,0,0,0,0,0
Florida Keys,Molasses Reef,ML1,ML1-t013,13,142,87,66,75%,BC,,1,FS,CL,none,1,N,Y,1,0,1,0,0,0
Florida Keys,Molasses Reef,ML1,ML1-t014,13,110,85,46,15%,BC,,1,FS,none,none,0,N,N,2,6,1,0,0,0
Florida Keys,Molasses Reef,ML1,ML1-t015,13,28,25,25,90%,JC,,2,FS,CB,none,0,N,N,0,1,0,1,0,0
Florida Keys,Molasses Reef,ML1,ML1-t016,13,93,74,34,85%,BC,,0,none,none,none,0,N,Y,0,0,0,0,0,0
Florida Keys,Molasses Reef,ML1,ML1-t017,13,50,45,37,25%,BC,,1,FS,none,none,0,N,N,0,2,0,0,0,0
Florida Keys,Molasses Reef,ML1,ML1-t018,13,24,19,16,95%,JC,,0,none,none,none,0,N,Y,0,0,0,0,0,1
Florida Keys,Molasses Reef,ML1,ML1-t020,13,200,140,105,15%,RC,,0,none,none,none,0,N,N,0,2,0,0,0,0
Florida Keys,Molasses Reef,ML1,ML1-t021,13,,,,,FU,,,,,,,N,N,,,,,,
Florida Keys,Molasses Reef,ML1,ML1-t022,13,30,17,10,70%,EC,,1,FS,none,none,0,N,N,0,1,0,0,0,0
Florida Keys,Molasses Reef,ML1,ML1-t920,13,10,7,5,90%,EC,,0,none,none,none,0,N,N,0,0,0,0,0,0
Florida Keys,Molasses Reef,ML1,ML1-t921,13,22,11,13,99%,JC,,0,none,none,none,1,N,N,0,0,0,0,0,0
Florida Keys,Molasses Reef,ML2,ML2-t126,13,240,160,90,40%,BC,,1,FS,WPx,none,0,Y,N,1,16,4,1,1,1
Florida Keys,Molasses Reef,ML2,ML2-t127,13,48,45,42,90%,BC,,0,none,none,none,0,Y,N,0,0,1,0,0,0
Florida Keys,Molasses Reef,ML2,ML2-t128,13,27,26,24,75%,JC,,1,Oth,none,none,0,N,N,0,0,0,1,0,0
Florida Keys,Molasses Reef,ML2,ML2-t129,13,142,123,67,20%,BC,,1,FS,none,none,0,Y,N,3,4,2,0,0,0
Florida Keys,Molasses Reef,ML2,ML2-t130,13,165,90,65,30%,BC,,1,WBD,FS,CB,0,Y,N,0,6,1,0,2,0
Florida Keys,Molasses Reef,ML2,ML2-t131,13,115,108,57,35%,BC,,1,CB,CL,none,1,Y,N,0,2,2,0,1,0
Florida Keys,Molasses Reef,ML2,ML2-t132,13,164,90,75,50%,BC,,2,WBD,CB,none,1,N,N,1,0,1,0,1,0
Florida Keys,Molasses Reef,ML2,ML2-t137,13,7,6,1,100%,EC,,0,none,none,none,0,N,N,0,0,0,0,0,0
Florida Keys,Molasses Reef,ML2,ML2-t141,13,33,23,20,25%,RC,,0,none,none,none,0,N,N,0,0,0,0,0,0
Florida Keys,Molasses Reef,ML2,ML2-t142,13,,,,0%,D,,,,,,,N,N,,,,,,
Florida Keys,Molasses Reef,ML3,ML3-t144,13,115,85,65,65%,BC,,1,FS,none,none,0,N,N,0,4,1,0,0,0
Florida Keys,Molasses Reef,ML3,ML3-t145,13,138,78,57,85%,BC,,0,none,none,none,0,N,N,1,0,1,0,0,0
Florida Keys,Molasses Reef,ML3,ML3-t146,13,160,117,78,80%,BC,,0,none,none,none,0,N,N,1,0,1,0,0,0
Florida Keys,Molasses Reef,ML3,ML3-t147,13,235,200,70,40%,BC,,1,FS,CB,CL,0,Y,Y,1,5,3,1,1,0
Florida Keys,Molasses Reef,ML3,ML3-t148,13,120,83,63,50%,BC,,1,FS,none,none,0,N,N,1,3,1,0,0,0
Florida Keys,Molasses Reef,ML3,ML3-t150,13,46,31,32,100%,BC,,0,none,none,none,0,N,N,0,0,0,0,0,0
Florida Keys,Molasses Reef,ML3,ML3-t184,13,205,170,80,95%,BC,,0,none,none,none,1,N,N,1,0,1,0,1,0
Florida Keys,Molasses Reef,ML3,ML3-t185,13,16,16,12,99%,JC,,0,none,none,none,0,N,N,0,1,0,0,0,0
Florida Keys,Molasses Reef,ML3,ML3-t186,13,33,24,13,95%,JC,,3,Oth,FP,none,0,N,N,0,0,0,0,0,0
Florida Keys,Molasses Reef,ML3,ML3-t915,13,43,29,34,95%,BC,,3,Oth,FP,none,1,N,N,0,0,1,0,0,0
Florida Keys,Carysfort Reef,CF1,CF1-t024,15,98,85,66,20%,BC,,1,Oth,none,none,0,N,N,1,0,1,0,0,0
Florida Keys,Carysfort Reef,CF1,CF1-t027,15,10,9,2,100%,EC,,0,none,none,none,0,N,N,0,0,0,0,0,0
Florida Keys,Carysfort Reef,CF1,CF1-t033,15,235,110,100,20%,BC,,1,RTL,FS,PFB,0,N,N,0,3,1,0,1,0
Florida Keys,Carysfort Reef,CF1,CF1-t034,15,58,43,65,35%,BC,,0,none,none,none,0,N,N,0,0,0,0,0,0
Florida Keys,Carysfort Reef,CF2,CF2-t038,15,213,183,95,30%,BC,,1,FS,none,none,0,N,N,0,4,1,1,0,1
Florida Keys,Carysfort Reef,CF2,CF2-t040,15,130,43,65,35%,BC,,1,FS,PFB,none,0,N,N,0,4,0,0,0,0
Florida Keys,Carysfort Reef,CF2,CF2-t041,15,130,58,77,35%,BC,,0,none,none,none,0,N,N,0,0,0,0,0,0
Florida Keys,Carysfort Reef,CF2,CF2-t042,15,48,35,12,80%,EC,,2,PFB,none,none,0,N,N,0,0,0,0,0,0
Florida Keys,Carysfort Reef,CF2,CF2-t043,15,130,88,55,80%,BC,,2,PFB,none,none,1,N,N,0,0,0,2,1,2
Florida Keys,Carysfort Reef,CF2,CF2-t045,15,130,104,80,80%,BC,,2,PFB,none,none,0,N,N,1,0,1,1,1,1
Florida Keys,Carysfort Reef,CF2,CF2-t046,15,75,44,45,40%,BC,,1,CL,FS,none,0,N,N,0,2,0,0,0,0
Florida Keys,Carysfort Reef,CF2,CF2-t047,15,190,100,60,60%,BC,,1,RTL,FS,PFB,0,N,N,0,1,2,0,0,1
Florida Keys,Carysfort Reef,CF2,CF2-t048,15,125,88,74,85%,BC,,2,RTL,CB,PFB,0,N,N,0,0,1,0,1,0
Florida Keys,Carysfort Reef,CF2,CF2-t049,15,145,75,55,35%,BC,,0,none,none,none,0,N,N,0,2,0,0,0,0
Florida Keys,Carysfort Reef,CF3,CF3-t088,15,270,140,100,50%,BC,,1,FS,CL,CB,0,N,N,1,10,4,0,0,0
Florida Keys,Carysfort Reef,CF3,CF3-t090,15,328,160,72,65%,BC,,1,FS,none,none,0,N,N,3,1,5,2,1,0
Florida Keys,Carysfort Reef,CF3,CF3-t091,15,40,38,27,100%,BC,,0,none,none,none,0,N,N,1,0,1,0,0,0
Florida Keys,Carysfort Reef,CF3,CF3-t092,15,190,135,60,45%,BC,,1,CL,none,none,0,N,N,1,0,3,0,1,0
Florida Keys,Carysfort Reef,CF3,CF3-t095,15,195,137,95,65%,BC,,1,RTL,none,none,0,N,N,1,0,3,0,1,0
Florida Keys,Carysfort Reef,CF3,CF3-t916,15,40,36,30,75%,BC,,4,FS,CL,none,0,N,N,1,3,1,0,0,0
Florida Keys,Carysfort Reef,CF3,CF3-t917,15,,,,0%,D,,,,,,,N,N,,,,,,
Florida Keys,Carysfort Reef,CF3,CF3-t918,15,7,6,7,100%,JC,,0,none,none,none,0,N,N,0,0,0,0,0,0
Florida Keys,Carysfort Reef,CF3,CF3-t919,15,11,7,16,90%,JC,,0,none,none,none,0,N,N,0,0,0,0,0,0
Florida Keys,Elbow Reef,EL1,EL1-t051,15,178,155,95,35%,BC,,1,FS,RTL,none,0,N,N,1,5,1,0,0,0
Florida Keys,Elbow Reef,EL1,EL1-t052,15,250,180,70,65%,BC,,3,RTL,WBD,CB,0,N,Y,1,0,2,0,1,1
Florida Keys,Elbow Reef,EL1,EL1-t054,15,155,125,60,55%,BC,,1,PFB,FS,none,0,N,Y,2,2,2,0,1,0
Florida Keys,Elbow Reef,EL1,EL1-t055,15,212,158,66,85%,BC,,2,RTL,CB,CL,0,N,N,2,0,3,1,1,3
Florida Keys,Elbow Reef,EL1,EL1-t056,15,90,57,43,65%,RC,,0,none,none,none,1,N,N,0,0,0,0,0,0
Florida Keys,Elbow Reef,EL1,EL1-t059,15,8,6,4,100%,EC,,0,none,none,none,0,N,N,0,0,0,0,0,0
Florida Keys,Elbow Reef,EL1,EL1-t060,15,29,22,26,85%,JC,,0,none,none,none,0,N,N,0,0,0,0,0,0
Florida Keys,Elbow Reef,EL1,EL1-t061,15,37,37,28,85%,JC,,0,none,none,none,0,N,N,0,0,0,0,0,0
Florida Keys,Elbow Reef,EL1,EL1-t062,15,16,16,9,95%,JC,,3,FS,none,none,0,N,N,0,1,0,0,0,0
Florida Keys,Elbow Reef,EL2,EL2-t064,15,12,11,9,85%,JC,,0,none,none,none,0,N,N,0,0,0,0,0,0
Florida Keys,Elbow Reef,EL2,EL2-t065,15,100,90,83,5%,RC,,0,none,none,none,0,N,N,0,0,0,0,0,0
Florida Keys,Elbow Reef,EL2,EL2-t066,15,117,80,80,40%,BC,,0,none,none,none,0,N,N,0,0,1,0,0,0
Florida Keys,Elbow Reef,EL2,EL2-t067,15,60,30,24,15%,RC,,0,none,none,none,0,N,N,0,0,0,0,0,0
Florida Keys,Elbow Reef,EL2,EL2-t068,15,6,5,2,100%,EC,,0,none,none,none,0,N,N,0,0,0,0,0,0
Florida Keys,Elbow Reef,EL2,EL2-t069,15,134,70,55,55%,BC,,0,none,none,none,0,N,N,0,0,2,0,0,1
Florida Keys,Elbow Reef,EL2,EL2-t070,15,20,15,18,99%,JC,,0,none,none,none,0,N,N,0,1,0,0,0,0
Florida Keys,Elbow Reef,EL2,EL2-t071,15,8,6,2,95%,EC,,0,none,none,none,0,N,N,0,0,0,0,0,0
Florida Keys,Elbow Reef,EL2,EL2-t072,15,80,67,20,5%,RC,,0,none,none,none,0,N,N,0,0,0,0,0,0
Florida Keys,Elbow Reef,EL2,EL2-t073,15,138,105,57,85%,BC,,2,FS,none,none,0,N,N,0,4,0,0,0,1
Florida Keys,Elbow Reef,EL2,EL2-t913,15,220,140,87,70%,BC,,0,none,none,none,0,N,N,0,0,0,0,1,2
Florida Keys,Elbow Reef,EL3,EL3-t075,15,25,25,28,10%,RC,,1,CB,none,none,0,N,N,0,0,0,0,0,0
Florida Keys,Elbow Reef,EL3,EL3-t076,15,127,63,73,65%,BC,,1,FS,CB,none,0,N,N,0,8,1,0,1,0
Florida Keys,Elbow Reef,EL3,EL3-t077,15,64,27,25,40%,RC,,0,none,none,none,0,N,N,0,0,0,0,0,0
Florida Keys,Elbow Reef,EL3,EL3-t078,15,38,26,35,50%,RC,,0,none,none,none,0,N,N,0,0,0,0,0,0
Florida Keys,Elbow Reef,EL3,EL3-t079,15,38,23,31,30%,RC,,0,none,none,none,0,N,N,0,0,0,0,1,0
Florida Keys,Elbow Reef,EL3,EL3-t081,15,7,2,1,40%,EC,,0,none,none,none,0,N,N,0,2,0,0,0,0
Florida Keys,Elbow Reef,EL3,EL3-t083,15,88,70,56,65%,BC,,0,none,none,none,0,N,N,0,0,0,0,0,0
Florida Keys,Elbow Reef,EL3,EL3-t084,15,112,65,70,30%,RC,,0,none,none,none,0,N,N,0,0,1,0,1,0
Florida Keys,Elbow Reef,EL3,EL3-t086,15,158,94,65,50%,BC,,1,FS,CL,none,0,N,Y,0,2,1,0,1,0
Florida Keys,Elbow Reef,EL3,EL3-t911,15,82,40,45,70%,BC,,0,none,none,none,0,N,N,0,0,0,0,0,0
Florida Keys,Elbow Reef,EL4,EL4-t153,15,177,130,75,75%,BC,,1,FS,none,none,0,Y,N,0,2,1,0,1,1
Florida Keys,Elbow Reef,EL4,EL4-t154,15,110,85,78,65%,BC,,1,FS,Oth,none,1,Y,N,0,5,0,0,0,0
Florida Keys,Elbow Reef,EL4,EL4-t158,15,50,38,48,80%,BC,,0,none,none,none,0,N,N,0,0,0,0,1,0
Florida Keys,Elbow Reef,EL4,EL4-t159,15,13,8,6,90%,EC,,0,none,none,none,0,N,N,0,0,0,0,0,0
Florida Keys,Elbow Reef,EL4,EL4-t160,15,48,33,30,80%,BC,,0,none,none,none,0,N,N,0,0,0,0,0,0
Florida Keys,Elbow Reef,EL4,EL4-t162,15,,,,0%,D,,,,,,,N,N,,,,,,
Florida Keys,Elbow Reef,EL4,EL4-t164,15,16,14,15,65%,EC,,0,none,none,none,0,N,N,0,0,0,0,0,0
Florida Keys,Elbow Reef,EL4,EL4-t165,15,10,5,4,90%,EC,,0,none,none,none,0,N,N,0,0,0,0,0,0
Florida Keys,Elbow Reef,EL4,EL4-t168,15,135,119,81,99%,BC,,0,none,none,none,0,N,N,0,0,0,0,0,2
Florida Keys,Elbow Reef,EL4,EL4-t922,15,2,2,1,100%,EC,,0,none,none,none,0,N,N,0,0,0,0,0,0
Florida Keys,Elbow Reef,EL5,EL5-t177,15,72,59,43,80%,BC,,0,none,none,none,0,N,N,0,4,0,0,0,0
Florida Keys,Elbow Reef,EL5,EL5-t180,15,114,95,59,70%,BC,,0,none,none,none,0,N,N,0,0,0,0,0,0
Florida Keys,Elbow Reef,EL5,EL5-t183,15,11,9,8,85%,EC,,0,none,none,none,0,N,N,0,0,0,0,0,0
Florida Keys,French Reef,FR1,FR1-t001,15,15,10,15,15%,RC,,3,RTL,none,none,0,N,N,0,0,1,0,0,0
Florida Keys,French Reef,FR1,FR1-t002,15,64,45,38,50%,BC,,1,FS,none,none,0,N,N,0,3,1,0,0,0
Florida Keys,French Reef,FR1,FR1-t003,15,7,7,11,85%,JC,,0,none,none,none,0,N,N,0,0,0,0,0,0
Florida Keys,French Reef,FR1,FR1-t004,15,80,65,75,15%,RC,,0,none,none,none,0,N,Y,0,0,1,0,1,0
Florida Keys,French Reef,FR1,FR1-t005,15,130,92,70,40%,BC,,1,CB,CL,none,0,N,N,1,0,1,0,1,0
Florida Keys,French Reef,FR1,FR1-t006,15,126,103,66,50%,BC,,2,FS,WPx,CB,0,N,N,0,1,2,0,1,0
Florida Keys,French Reef,FR1,FR1-t007,15,28,10,10,15%,RC,,0,none,none,none,0,N,N,0,0,0,0,0,0
Florida Keys,French Reef,FR1,FR1-t008,15,85,75,65,80%,BC,,1,WPx,none,none,1,N,N,2,0,2,0,1,0
Florida Keys,French Reef,FR1,FR1-t009,15,190,170,70,65%,BC,,2,RTL,CB,none,0,N,N,1,0,3,0,0,0
Florida Keys,French Reef,FR1,FR1-t010,15,60,55,42,40%,BC,,0,none,none,none,0,N,N,1,0,1,0,1,0
Florida Keys,French Reef,FR1,FR1-t011,15,11,9,8,100%,JC,,0,none,none,none,0,N,N,0,0,0,0,0,0
Florida Keys,French Reef,FR2,FR2-t250,15,102,62,55,15%,BC,,,,,,0,N,N,0,,,,,
Florida Keys,French Reef,FR2,FR2-t251,15,18,15,25,100%,JC,,0,none,none,none,0,N,N,0,,,,,
Florida Keys,French Reef,FR2,FR2-t252,15,10,7,10,60%,EC,,,,,,0,N,N,0,,,,,
Florida Keys,French Reef,FR2,FR2-t254,15,25,14,23,100%,JC,,,,,,0,N,N,0,,,,,
Florida Keys,French Reef,FR2,FR2-t255,15,20,13,15,90%,JC,,0,none,none,none,0,N,N,0,,,,,
Florida Keys,French Reef,FR2,FR2-t256,15,35,13,26,85%,JC,,,,,,,N,N,,,,,,
Florida Keys,French Reef,FR2,FR2-t257,15,7,5,1,100%,EC,,0,none,none,none,0,N,N,0,,,,,
Florida Keys,French Reef,FR2,FR2-t258,15,25,12,15,75%,JC,,1,Unk,none,none,2,N,N,0,,,,,
Florida Keys,French Reef,FR2,FR2-t259,15,17,8,21,90%,JC,,,,,,1,N,N,0,,,,,
Florida Keys,French Reef,FR2,FR2-t260,15,15,8,11,95%,JC,,,,,,0,N,N,0,,,,,
Florida Keys,French Reef,FR2,FR2-t261,15,85,60,50,10%,BC,,,,,,0,N,N,0,,,,,
Florida Keys,French Reef,FR2,FR2-t262,15,15,10,15,100%,JC,,0,none,none,none,0,N,N,0,,,,,
Florida Keys,Key Largo Dry Rocks,KL1,KL1-t102,15,140,100,65,15%,BC,,0,none,none,none,0,N,N,3,0,1,0,0,0
Florida Keys,Key Largo Dry Rocks,KL1,KL1-t103,15,125,65,69,50%,BC,,2,FS,RTL,FP,1,N,N,3,5,1,0,1,0
Florida Keys,Key Largo Dry Rocks,KL1,KL1-t104,15,115,79,65,20%,BC,,1,FS,CB,none,0,N,N,0,1,0,0,0,0
Florida Keys,Key Largo Dry Rocks,KL1,KL1-t105,15,220,157,82,25%,BC,,1,RTL,none,none,0,N,N,0,0,1,0,1,0
Florida Keys,Key Largo Dry Rocks,KL1,KL1-t106,15,80,50,45,35%,RC,,0,none,none,none,0,N,N,0,0,0,0,1,0
Florida Keys,Key Largo Dry Rocks,KL1,KL1-t107,15,115,75,55,35%,BC,,2,FS,RTL,none,0,N,N,0,6,1,0,1,0
Florida Keys,Key Largo Dry Rocks,KL1,KL1-t108,15,161,90,80,40%,BC,,2,RTL,none,none,0,N,Y,0,0,1,0,0,1
Florida Keys,Key Largo Dry Rocks,KL1,KL1-t109,15,12,10,5,95%,EC,,0,none,none,none,0,N,N,0,0,0,0,0,0
Florida Keys,Key Largo Dry Rocks,KL1,KL1-t110,15,175,100,85,30%,BC,,1,RTL,WPx,none,0,N,N,0,0,0,0,2,0
Florida Keys,Key Largo Dry Rocks,KL1,KL1-t904,15,13,12,12,85%,JC,,5,CL,none,none,0,N,N,0,0,0,0,0,0
Florida Keys,Key Largo Dry Rocks,KL3,KL3-t215,15,69,48,45,40%,BC,,0,none,none,none,0,Y,N,0,0,0,0,0,0
Florida Keys,Key Largo Dry Rocks,KL3,KL3-t216,15,70,52,47,85%,BC,,5,FS,none,none,0,N,N,0,8,1,0,0,0
Florida Keys,Key Largo Dry Rocks,KL3,KL3-t217,15,65,60,47,10%,BC,,0,none,none,none,1,N,N,0,0,1,0,0,0
Florida Keys,Key Largo Dry Rocks,KL3,KL3-t219,15,183,115,55,20%,BC,,1,FS,none,none,0,N,N,1,5,2,0,1,0
Florida Keys,Key Largo Dry Rocks,KL3,KL3-t220,15,94,70,49,20%,BC,,0,none,none,none,0,N,N,0,0,1,1,0,0
Florida Keys,Key Largo Dry Rocks,KL3,KL3-t222,15,11,8,7,100%,JC,,0,none,none,none,0,N,N,0,0,1,0,0,0
Florida Keys,Key Largo Dry Rocks,KL3,KL3-t223,15,44,25,35,25%,BC,,0,none,none,none,0,N,N,0,0,1,0,0,0
Florida Keys,Key Largo Dry Rocks,KL3,KL3-t227,15,17,15,5,70%,EC,,0,none,none,none,0,N,N,0,0,0,0,0,0
Florida Keys,Molasses Reef,ML1,ML1-t013,15,142,90,66,75%,BC,,1,CL,none,none,0,N,Y,1,0,1,0,2,2
Florida Keys,Molasses Reef,ML1,ML1-t014,15,115,85,48,10%,BC,,1,FS,RTL,none,0,N,Y,1,8,1,0,1,0
Florida Keys,Molasses Reef,ML1,ML1-t015,15,28,27,25,90%,JC,,2,Oth,none,none,0,N,N,0,0,0,0,0,0
Florida Keys,Molasses Reef,ML1,ML1-t016,15,95,75,40,85%,BC,,2,FP,none,none,0,N,Y,0,0,0,0,0,1
Florida Keys,Molasses Reef,ML1,ML1-t017,15,50,45,40,20%,BC,,1,FS,none,none,0,N,N,0,1,0,0,0,0
Florida Keys,Molasses Reef,ML1,ML1-t018,15,25,20,17,95%,JC,,0,none,none,none,0,N,Y,0,0,0,0,1,1
Florida Keys,Molasses Reef,ML1,ML1-t020,15,200,140,105,15%,RC,,1,FS,none,none,0,Y,N,0,2,0,0,1,0
Florida Keys,Molasses Reef,ML1,ML1-t022,15,32,18,12,75%,JC,,4,FS,none,none,0,N,N,0,2,0,0,0,0
Florida Keys,Molasses Reef,ML1,ML1-t920,15,10,7,5,80%,EC,,2,PFB,none,none,0,N,N,0,0,0,0,0,0
Florida Keys,Molasses Reef,ML1,ML1-t921,15,22,12,15,15%,RC,,5,RTL,none,none,0,N,N,0,0,0,0,0,0
Florida Keys,Molasses Reef,ML2,ML2-t126,15,240,160,90,40%,BC,,1,FS,none,none,0,Y,N,1,6,5,0,1,0
Florida Keys,Molasses Reef,ML2,ML2-t127,15,53,46,45,95%,BC,,0,none,none,none,0,N,N,1,0,1,0,0,0
Florida Keys,Molasses Reef,ML2,ML2-t128,15,29,26,24,70%,JC,,1,FS,none,none,0,Y,N,0,0,1,0,0,0
Florida Keys,Molasses Reef,ML2,ML2-t129,15,145,125,68,20%,BC,,0,none,none,none,0,Y,N,3,5,2,0,0,0
Florida Keys,Molasses Reef,ML2,ML2-t130,15,165,90,65,20%,BC,,1,FS,CB,none,0,Y,N,0,3,1,0,0,0
Florida Keys,Molasses Reef,ML2,ML2-t131,15,118,108,60,35%,BC,,0,none,none,none,0,N,N,1,1,2,0,0,0
Florida Keys,Molasses Reef,ML2,ML2-t132,15,167,91,78,50%,BC,,1,WBD,CB,none,0,Y,N,1,0,2,0,0,0
Florida Keys,Molasses Reef,ML2,ML2-t137,15,9,8,3,95%,EC,,0,none,none,none,0,Y,N,0,0,0,0,0,0
Florida Keys,Molasses Reef,ML2,ML2-t141,15,22,18,18,60%,RC,,0,none,none,none,0,N,N,0,0,1,0,0,0
Florida Keys,Molasses Reef,ML3,ML3-t144,15,117,87,65,75%,BC,,1,FP,none,none,3,N,N,0,0,2,0,0,0
Florida Keys,Molasses Reef,ML3,ML3-t145,15,146,84,58,85%,BC,,2,Oth,CL,none,0,N,N,1,0,1,0,0,0
Florida Keys,Molasses Reef,ML3,ML3-t146,15,160,121,78,80%,BC,,2,FP,none,none,0,N,N,1,0,1,0,0,0
Florida Keys,Molasses Reef,ML3,ML3-t147,15,235,200,75,45%,BC,,1,FS,CL,none,0,Y,Y,1,8,6,1,3,0
Florida Keys,Molasses Reef,ML3,ML3-t148,15,124,85,67,50%,BC,,1,FS,none,none,0,N,N,1,3,1,0,1,0
Florida Keys,Molasses Reef,ML3,ML3-t150,15,46,35,33,99%,BC,,5,FS,none,none,0,N,N,0,1,1,0,0,0
Florida Keys,Molasses Reef,ML3,ML3-t184,15,210,172,83,95%,BC,,3,FP,CL,none,0,N,N,1,0,1,0,1,0
Florida Keys,Molasses Reef,ML3,ML3-t185,15,16,16,13,85%,JC,,5,FS,none,none,0,N,N,0,0,1,0,0,0
Florida Keys,Molasses Reef,ML3,ML3-t186,15,33,23,14,95%,JC,,0,none,none,none,0,Y,N,0,0,0,0,0,0
Florida Keys,Molasses Reef,ML3,ML3-t915,15,43,38,35,99%,BC,,0,none,none,none,1,Y,N,0,0,1,0,0,0
Florida Keys,Carysfort Reef,CF1,CF1-t024,16,99,85,67,20%,BC,,0,none,none,none,0,N,N,0,0,0,0,1,0
Florida Keys,Carysfort Reef,CF1,CF1-t027,16,10,8,3,90%,JC,,0,none,none,none,0,N,N,0,0,0,0,0,0
Florida Keys,Carysfort Reef,CF1,CF1-t033,16,235,110,100,20%,BC,,1,RTL,none,none,0,N,N,0,0,1,0,0,0
Florida Keys,Carysfort Reef,CF1,CF1-t034,16,58,45,68,35%,BC,,0,none,none,none,0,N,N,0,0,1,0,0,0
Florida Keys,Carysfort Reef,CF2,CF2-t038,16,215,183,96,35%,BC,,1,FS,none,none,0,N,N,0,3,1,0,1,0
Florida Keys,Carysfort Reef,CF2,CF2-t040,16,131,44,67,30%,BC,,1,FS,PFB,none,0,N,N,0,5,0,0,0,0
Florida Keys,Carysfort Reef,CF2,CF2-t041,16,130,57,77,40%,BC,,0,none,none,none,0,N,N,0,0,0,0,1,0
Florida Keys,Carysfort Reef,CF2,CF2-t042,16,48,35,12,80%,BC,,0,none,none,none,0,N,N,0,0,0,0,0,0
Florida Keys,Carysfort Reef,CF2,CF2-t043,16,132,92,59,80%,BC,,2,PFB,none,none,0,N,N,0,0,2,0,0,1
Florida Keys,Carysfort Reef,CF2,CF2-t045,16,130,106,80,80%,BC,,2,PFB,none,none,0,N,N,0,0,1,0,1,1
Florida Keys,Carysfort Reef,CF2,CF2-t046,16,75,44,45,40%,BC,,1,FS,PFB,none,0,N,N,0,4,1,0,1,1
Florida Keys,Carysfort Reef,CF2,CF2-t047,16,195,100,60,60%,BC,,1,PFB,none,none,0,N,N,0,0,1,0,0,1
Florida Keys,Carysfort Reef,CF2,CF2-t048,16,128,90,75,85%,BC,,2,WBD,none,none,0,N,N,0,0,1,0,1,0
Florida Keys,Carysfort Reef,CF2,CF2-t049,16,145,75,60,40%,BC,,1,PFB,none,none,0,N,N,0,0,0,0,0,1
Florida Keys,Carysfort Reef,CF3,CF3-t088,16,270,142,100,50%,BC,,1,FS,none,none,0,N,N,1,4,4,0,2,0
Florida Keys,Carysfort Reef,CF3,CF3-t090,16,335,162,73,70%,BC,,0,none,none,none,0,N,N,3,0,7,0,1,0
Florida Keys,Carysfort Reef,CF3,CF3-t091,16,43,39,30,100%,BC,,0,none,none,none,0,N,N,1,0,1,0,0,0
Florida Keys,Carysfort Reef,CF3,CF3-t092,16,190,135,60,45%,BC,,1,CL,FS,none,0,N,N,1,1,3,0,1,0
Florida Keys,Carysfort Reef,CF3,CF3-t095,16,195,142,100,70%,BC,,0,none,none,none,0,N,N,1,0,4,0,1,0
Florida Keys,Carysfort Reef,CF3,CF3-t916,16,35,30,30,80%,JC,,5,FS,CB,none,0,N,N,0,5,0,0,0,0
Florida Keys,Carysfort Reef,CF3,CF3-t918,16,8,8,9,100%,JC,,0,none,none,none,0,N,N,0,0,1,0,0,0
Florida Keys,Carysfort Reef,CF3,CF3-t919,16,18,12,12,100%,JC,,0,none,none,none,0,N,N,0,1,0,0,0,0
Florida Keys,Elbow Reef,EL1,EL1-t051,16,155,100,95,30%,BC,,1,RTL,FS,none,0,N,N,0,3,2,0,0,0
Florida Keys,Elbow Reef,EL1,EL1-t052,16,250,180,75,70%,BC,,1,WBD,none,none,0,N,Y,0,0,2,0,1,1
Florida Keys,Elbow Reef,EL1,EL1-t054,16,155,130,62,50%,BC,,2,FS,none,none,0,N,N,2,3,2,0,1,1
Florida Keys,Elbow Reef,EL1,EL1-t055,16,213,158,66,85%,BC,,0,none,none,none,0,N,N,2,0,2,0,0,1
Florida Keys,Elbow Reef,EL1,EL1-t056,16,90,57,43,75%,BC,,0,none,none,none,0,N,N,0,0,1,0,0,0
Florida Keys,Elbow Reef,EL1,EL1-t059,16,8,6,5,95%,EC,,0,none,none,none,0,N,N,0,0,0,0,0,0
Florida Keys,Elbow Reef,EL1,EL1-t060,16,30,26,29,90%,JC,,0,none,none,none,0,N,N,0,0,0,0,0,0
Florida Keys,Elbow Reef,EL1,EL1-t061,16,35,30,35,85%,JC,,2,FS,none,none,0,N,N,0,2,0,0,0,0
Florida Keys,Elbow Reef,EL1,EL1-t062,16,17,14,7,90%,JC,,2,FS,none,none,0,N,N,0,2,0,0,0,0
Florida Keys,Elbow Reef,EL2,EL2-t064,16,12,11,7,80%,JC,,0,none,none,none,0,N,N,0,0,0,0,0,0
Florida Keys,Elbow Reef,EL2,EL2-t065,16,100,90,83,5%,RC,,0,none,none,none,0,N,N,0,0,0,0,0,0
Florida Keys,Elbow Reef,EL2,EL2-t066,16,118,80,80,45%,BC,,1,WBD,none,none,1,N,N,0,0,1,0,1,0
Florida Keys,Elbow Reef,EL2,EL2-t067,16,60,30,24,20%,RC,,0,none,none,none,0,N,N,0,0,0,0,0,0
Florida Keys,Elbow Reef,EL2,EL2-t068,16,6,5,2,100%,EC,,0,none,none,none,0,N,N,0,0,0,0,0,0
Florida Keys,Elbow Reef,EL2,EL2-t069,16,137,73,55,60%,BC,,0,none,none,none,0,N,N,0,0,1,0,1,0
Florida Keys,Elbow Reef,EL2,EL2-t070,16,20,18,18,99%,JC,,0,none,none,none,0,N,N,0,0,0,0,0,0
Florida Keys,Elbow Reef,EL2,EL2-t071,16,8,6,2,100%,EC,,0,none,none,none,0,N,N,0,0,0,0,0,0
Florida Keys,Elbow Reef,EL2,EL2-t072,16,80,67,21,5%,RC,,0,none,none,none,0,N,N,0,0,0,0,0,0
Florida Keys,Elbow Reef,EL2,EL2-t073,16,145,105,60,80%,BC,,2,FS,none,none,0,N,N,0,1,0,0,0,1
Florida Keys,Elbow Reef,EL2,EL2-t913,16,222,145,88,70%,BC,,0,none,none,none,0,N,N,0,0,1,0,2,4
Florida Keys,Elbow Reef,EL3,EL3-t075,16,10,9,7,90%,EC,,0,none,none,none,0,N,N,0,0,0,1,0,0
Florida Keys,Elbow Reef,EL3,EL3-t076,16,128,63,75,60%,BC,,1,FS,none,none,0,N,N,0,7,1,0,0,0
Florida Keys,Elbow Reef,EL3,EL3-t077,16,64,27,25,40%,RC,,0,none,none,none,0,N,N,0,0,0,0,0,0
Florida Keys,Elbow Reef,EL3,EL3-t078,16,38,26,35,50%,RC,,0,none,none,none,0,N,N,0,0,0,0,0,0
Florida Keys,Elbow Reef,EL3,EL3-t079,16,38,23,31,30%,RC,,0,none,none,none,0,N,N,0,0,0,0,0,0
Florida Keys,Elbow Reef,EL3,EL3-t081,16,6,3,1,45%,EC,,0,none,none,none,0,N,N,0,0,0,0,0,0
Florida Keys,Elbow Reef,EL3,EL3-t083,16,90,71,57,65%,BC,,1,WPx,none,none,0,N,N,0,3,0,0,0,0
Florida Keys,Elbow Reef,EL3,EL3-t084,16,116,70,70,40%,BC,,1,CL,none,none,0,N,N,0,0,0,0,0,0
Florida Keys,Elbow Reef,EL3,EL3-t086,16,160,97,65,50%,BC,,1,FS,WPx,none,0,N,Y,1,1,0,1,1,1
Florida Keys,Elbow Reef,EL3,EL3-t911,16,82,42,50,70%,BC,,0,none,none,none,0,N,N,0,0,0,0,0,0
Florida Keys,Elbow Reef,EL4,EL4-t153,16,182,130,75,75%,BC,,1,CL,CB,none,1,N,N,0,1,1,0,0,0
Florida Keys,Elbow Reef,EL4,EL4-t154,16,115,90,78,60%,BC,,1,FS,CL,CB,0,N,N,0,3,0,0,0,0
Florida Keys,Elbow Reef,EL4,EL4-t158,16,50,40,50,80%,BC,,0,none,none,none,0,Y,N,0,0,0,0,1,0
Florida Keys,Elbow Reef,EL4,EL4-t159,16,11,6,6,90%,JC,,0,none,none,none,2,N,N,0,0,0,0,0,0
Florida Keys,Elbow Reef,EL4,EL4-t160,16,50,38,30,85%,BC,,0,none,none,none,0,N,N,0,0,1,0,0,0
Florida Keys,Elbow Reef,EL4,EL4-t164,16,16,15,15,60%,EC,,0,none,none,none,0,N,N,0,0,0,0,0,0
Florida Keys,Elbow Reef,EL4,EL4-t165,16,11,6,4,90%,EC,,0,none,none,none,0,N,N,0,0,0,0,0,0
Florida Keys,Elbow Reef,EL4,EL4-t168,16,138,125,82,99%,BC,,5,CL,none,none,0,N,N,0,0,0,0,0,0
Florida Keys,Elbow Reef,EL4,EL4-t922,16,2,2,2,100%,EC,,0,none,none,none,0,N,N,0,0,0,0,0,0
Florida Keys,Elbow Reef,EL5,EL5-t177,16,73,59,44,75%,BC,,1,FS,none,none,0,Y,N,0,4,0,0,0,0
Florida Keys,Elbow Reef,EL5,EL5-t180,16,115,97,59,70%,BC,,1,PFB,none,none,0,Y,N,0,0,0,0,0,0
Florida Keys,Elbow Reef,EL5,EL5-t183,16,11,10,8,85%,JC,,0,none,none,none,0,N,N,0,0,0,0,0,0
Florida Keys,French Reef,FR1,FR1-t001,16,15,8,10,20%,RC,,0,none,none,none,0,N,N,0,0,1,0,1,0
Florida Keys,French Reef,FR1,FR1-t002,16,65,48,39,55%,BC,,1,FS,none,none,0,N,N,0,1,1,0,1,0
Florida Keys,French Reef,FR1,FR1-t003,16,8,7,11,95%,JC,,0,none,none,none,0,N,N,0,0,0,0,0,0
Florida Keys,French Reef,FR1,FR1-t004,16,80,65,72,15%,RC,,0,none,none,none,0,N,N,1,0,1,0,0,0
Florida Keys,French Reef,FR1,FR1-t005,16,130,94,70,40%,BC,,1,RTL,none,none,0,N,N,1,0,1,0,0,0
Florida Keys,French Reef,FR1,FR1-t006,16,128,103,66,50%,BC,,1,FP,none,none,2,N,N,0,1,1,0,0,0
Florida Keys,French Reef,FR1,FR1-t007,16,30,10,10,15%,RC,,0,none,none,none,0,N,N,0,0,0,0,0,0
Florida Keys,French Reef,FR1,FR1-t008,16,85,75,65,65%,BC,,1,Oth,none,none,0,N,N,2,0,2,0,0,0
Florida Keys,French Reef,FR1,FR1-t009,16,190,170,70,70%,BC,,0,none,none,none,0,N,N,1,0,3,0,0,0
Florida Keys,French Reef,FR1,FR1-t010,16,60,55,42,40%,RC,,0,none,none,none,0,N,N,1,0,1,0,0,0
Florida Keys,French Reef,FR1,FR1-t011,16,11,10,9,99%,JC,,5,Abr,none,none,0,N,N,0,0,0,0,0,0
Florida Keys,Key Largo Dry Rocks,KL1,KL1-t102,16,140,95,65,15%,BC,,0,none,none,none,0,N,N,1,0,2,0,1,0
Florida Keys,Key Largo Dry Rocks,KL1,KL1-t103,16,125,67,69,45%,BC,,1,FS,none,none,0,N,N,3,8,1,0,0,0
Florida Keys,Key Largo Dry Rocks,KL1,KL1-t104,16,115,80,65,25%,BC,,1,FS,none,none,0,N,N,0,2,1,0,1,0
Florida Keys,Key Largo Dry Rocks,KL1,KL1-t105,16,215,157,82,20%,BC,,1,RTL,none,none,1,N,N,0,0,0,0,0,0
Florida Keys,Key Largo Dry Rocks,KL1,KL1-t106,16,80,50,45,35%,RC,,1,FS,none,none,0,N,N,0,2,0,0,1,0
Florida Keys,Key Largo Dry Rocks,KL1,KL1-t107,16,115,75,60,25%,RC,,2,RTL,FS,CB,0,N,N,0,5,1,0,1,0
Florida Keys,Key Largo Dry Rocks,KL1,KL1-t108,16,161,90,80,40%,BC,,1,WBD,FS,none,0,N,N,0,4,1,0,1,0
Florida Keys,Key Largo Dry Rocks,KL1,KL1-t109,16,17,8,3,95%,EC,,0,none,none,none,0,N,N,0,0,1,0,2,0
Florida Keys,Key Largo Dry Rocks,KL1,KL1-t110,16,175,100,85,35%,BC,,1,Oth,none,none,0,N,N,0,0,0,0,1,0
Florida Keys,Key Largo Dry Rocks,KL1,KL1-t904,16,13,13,14,80%,JC,,2,CL,none,none,0,N,N,0,0,0,0,0,0
Florida Keys,Key Largo Dry Rocks,KL3,KL3-t215,16,71,48,45,40%,BC,,1,Oth,FS,none,0,N,N,0,1,0,0,0,0
Florida Keys,Key Largo Dry Rocks,KL3,KL3-t216,16,70,55,50,85%,BC,,2,FS,none,none,0,N,N,2,12,1,0,0,0
Florida Keys,Key Largo Dry Rocks,KL3,KL3-t217,16,67,57,47,15%,RC,,0,none,none,none,0,N,N,0,0,1,0,1,0
Florida Keys,Key Largo Dry Rocks,KL3,KL3-t219,16,180,120,55,20%,BC,,1,FS,none,none,0,N,N,1,5,2,0,1,0
Florida Keys,Key Largo Dry Rocks,KL3,KL3-t220,16,97,69,52,25%,BC,,0,none,none,none,0,N,N,0,0,1,1,0,0
Florida Keys,Key Largo Dry Rocks,KL3,KL3-t222,16,12,8,7,100%,JC,,0,none,none,none,0,N,N,0,0,1,0,0,0
Florida Keys,Key Largo Dry Rocks,KL3,KL3-t223,16,41,18,36,25%,BC,,0,none,none,none,0,N,N,0,0,1,0,0,0
Florida Keys,Key Largo Dry Rocks,KL3,KL3-t227,16,17,9,5,60%,EC,,0,none,none,none,0,N,N,0,0,0,0,0,0
Florida Keys,Molasses Reef,ML1,ML1-t013,16,145,90,66,80%,BC,,1,FS,none,none,0,N,Y,1,4,1,0,1,2
Florida Keys,Molasses Reef,ML1,ML1-t014,16,115,85,46,10%,BC,,1,FS,none,none,0,N,N,1,8,1,0,1,0
Florida Keys,Molasses Reef,ML1,ML1-t015,16,34,26,25,95%,JC,,0,none,none,none,0,N,N,0,0,0,0,0,0
Florida Keys,Molasses Reef,ML1,ML1-t016,16,95,75,40,90%,BC,,0,none,none,none,0,N,Y,0,0,0,0,0,1
Florida Keys,Molasses Reef,ML1,ML1-t017,16,50,45,40,20%,BC,,1,FS,CL,none,1,N,N,0,1,0,0,0,0
Florida Keys,Molasses Reef,ML1,ML1-t018,16,28,22,18,95%,JC,,0,none,none,none,1,N,Y,0,0,0,0,1,0
Florida Keys,Molasses Reef,ML1,ML1-t020,16,200,140,105,20%,RC,,0,none,none,none,0,N,N,0,1,0,0,1,0
Florida Keys,Molasses Reef,ML1,ML1-t022,16,30,17,15,45%,RC,,5,RTL,none,none,0,N,N,0,1,1,0,0,0
Florida Keys,Molasses Reef,ML1,ML1-t920,16,10,6,4,85%,EC,,0,none,none,none,0,N,N,0,0,0,0,0,0
Florida Keys,Molasses Reef,ML1,ML1-t921,16,,,,0%,D,,,,,,,N,N,,,,,,
Florida Keys,Molasses Reef,ML2,ML2-t126,16,240,160,90,40%,BC,,1,FS,none,none,0,Y,N,1,,,,,
Florida Keys,Molasses Reef,ML2,ML2-t127,16,57,50,45,95%,BC,,0,none,none,none,0,N,N,2,,,,,
Florida Keys,Molasses Reef,ML2,ML2-t128,16,29,26,25,70%,JC,,0,none,none,none,0,N,N,0,,,,,
Florida Keys,Molasses Reef,ML2,ML2-t129,16,145,127,71,20%,BC,,0,none,none,none,0,N,N,3,,,,,
Florida Keys,Molasses Reef,ML2,ML2-t130,16,165,87,65,20%,BC,,1,FS,none,none,0,Y,N,0,,,,,
Florida Keys,Molasses Reef,ML2,ML2-t131,16,120,108,61,35%,BC,,0,none,none,none,0,N,N,0,,,,,
Florida Keys,Molasses Reef,ML2,ML2-t132,16,168,93,78,50%,BC,,0,none,none,none,0,Y,N,1,,,,,
Florida Keys,Molasses Reef,ML2,ML2-t137,16,9,8,2,95%,EC,,0,none,none,none,0,N,N,0,,,,,
Florida Keys,Molasses Reef,ML2,ML2-t141,16,15,14,14,50%,RC,,1,Oth,none,none,0,N,N,0,,,,,
Florida Keys,Molasses Reef,ML3,ML3-t144,16,117,87,65,75%,BC,,0,none,none,none,0,Y,N,1,0,1,0,0,0
Florida Keys,Molasses Reef,ML3,ML3-t145,16,147,89,60,80%,BC,,2,Oth,none,none,0,N,N,2,0,1,0,0,0
Florida Keys,Molasses Reef,ML3,ML3-t146,16,160,122,78,75%,BC,,0,none,none,none,0,Y,N,1,0,1,0,1,0
Florida Keys,Molasses Reef,ML3,ML3-t147,16,235,200,75,40%,BC,,2,FS,CL,PFB,0,Y,Y,0,9,5,0,2,0
Florida Keys,Molasses Reef,ML3,ML3-t148,16,124,89,68,50%,BC,,1,FS,none,none,0,Y,N,1,3,1,0,1,0
Florida Keys,Molasses Reef,ML3,ML3-t150,16,50,38,33,100%,BC,,0,none,none,none,0,N,N,0,0,0,0,0,0
Florida Keys,Molasses Reef,ML3,ML3-t184,16,210,175,83,90%,BC,,2,Oth,CB,none,1,Y,N,1,0,1,0,0,0
Florida Keys,Molasses Reef,ML3,ML3-t185,16,16,16,13,90%,JC,,0,none,none,none,2,N,N,0,0,0,0,0,0
Florida Keys,Molasses Reef,ML3,ML3-t186,16,33,23,14,95%,JC,,0,none,none,none,0,N,N,0,0,0,0,0,0
Florida Keys,Molasses Reef,ML3,ML3-t915,16,46,41,38,95%,BC,,0,none,none,none,1,N,N,1,0,1,0,0,0
Florida Keys,Carysfort Reef,CF1,CF1-t024,17,103,55,60,20%,BC,,0,none,none,none,0,N,N,0,0,0,0,1,0
Florida Keys,Carysfort Reef,CF1,CF1-t027,17,10,9,4,100%,JC,,0,none,none,none,0,N,N,0,0,0,0,1,0
Florida Keys,Carysfort Reef,CF1,CF1-t033,17,235,110,100,20%,BC,,0,none,none,none,0,N,N,0,0,3,0,1,0
Florida Keys,Carysfort Reef,CF1,CF1-t034,17,59,45,70,40%,BC,,0,none,none,none,0,N,N,0,0,1,0,0,0
Florida Keys,Carysfort Reef,CF2,CF2-t038,17,215,183,96,35%,BC,,0,none,none,none,0,N,N,0,2,1,1,1,0
Florida Keys,Carysfort Reef,CF2,CF2-t040,17,135,47,68,30%,BC,,1,FS,none,none,0,N,N,0,4,0,0,0,0
Florida Keys,Carysfort Reef,CF2,CF2-t041,17,130,60,79,45%,BC,,1,FS,none,none,0,N,N,0,1,0,0,0,0
Florida Keys,Carysfort Reef,CF2,CF2-t042,17,48,37,12,85%,BC,,0,none,none,none,0,N,N,0,0,0,0,0,0
Florida Keys,Carysfort Reef,CF2,CF2-t043,17,133,95,60,80%,BC,,0,none,none,none,0,N,N,0,2,0,0,2,1
Florida Keys,Carysfort Reef,CF2,CF2-t045,17,130,86,80,80%,BC,,2,FS,none,none,0,N,N,0,2,1,1,1,0
Florida Keys,Carysfort Reef,CF2,CF2-t046,17,75,48,45,40%,BC,,1,FS,none,none,0,N,N,0,5,0,0,0,0
Florida Keys,Carysfort Reef,CF2,CF2-t047,17,195,102,60,60%,BC,,0,none,none,none,0,N,N,0,0,1,0,0,1
Florida Keys,Carysfort Reef,CF2,CF2-t048,17,130,92,75,80%,BC,,0,none,none,none,0,N,N,0,2,1,0,0,0
Florida Keys,Carysfort Reef,CF2,CF2-t049,17,145,75,60,40%,BC,,1,FS,none,none,0,N,N,0,1,0,0,1,0
Florida Keys,Carysfort Reef,CF3,CF3-t088,17,270,143,100,50%,BC,,1,Oth,none,none,0,N,N,2,0,4,0,0,0
Florida Keys,Carysfort Reef,CF3,CF3-t090,17,339,165,75,70%,BC,,1,RTL,CB,none,0,N,N,2,0,5,0,3,0
Florida Keys,Carysfort Reef,CF3,CF3-t091,17,47,44,32,100%,BC,,0,none,none,none,0,N,N,1,0,1,0,0,0
Florida Keys,Carysfort Reef,CF3,CF3-t092,17,195,135,65,50%,BC,,1,CB,CL,none,0,N,N,1,0,1,0,1,0
Florida Keys,Carysfort Reef,CF3,CF3-t095,17,197,145,100,70%,BC,,0,none,none,none,0,N,N,2,0,4,0,1,0
Florida Keys,Carysfort Reef,CF3,CF3-t916,17,43,39,33,75%,BC,,1,FS,none,none,0,N,N,1,1,1,0,0,0
Florida Keys,Carysfort Reef,CF3,CF3-t918,17,9,7,10,98%,JC,,0,none,none,none,0,N,N,0,0,0,0,0,0
Florida Keys,Carysfort Reef,CF3,CF3-t919,17,20,14,15,98%,JC,,5,FP,none,none,0,N,N,0,0,0,0,0,0
Florida Keys,Elbow Reef,EL1,EL1-t051,17,158,100,95,30%,BC,,1,FS,none,none,0,N,N,0,2,1,0,0,0
Florida Keys,Elbow Reef,EL1,EL1-t052,17,250,185,75,75%,BC,,1,WBD,CB,FP,1,N,Y,2,1,4,0,1,3
Florida Keys,Elbow Reef,EL1,EL1-t054,17,155,132,62,55%,BC,,1,FS,none,none,0,N,N,2,5,1,0,1,0
Florida Keys,Elbow Reef,EL1,EL1-t055,17,213,159,66,85%,BC,,2,FP,none,none,0,N,N,2,0,2,0,1,1
Florida Keys,Elbow Reef,EL1,EL1-t056,17,94,61,43,75%,RC,,0,none,none,none,0,N,N,0,0,2,0,0,0
Florida Keys,Elbow Reef,EL1,EL1-t059,17,9,6,6,100%,JC,,0,none,none,none,0,N,N,0,0,0,0,0,0
Florida Keys,Elbow Reef,EL1,EL1-t060,17,35,26,31,95%,JC,,0,none,none,none,0,N,N,0,0,0,0,0,0
Florida Keys,Elbow Reef,EL1,EL1-t061,17,41,29,26,90%,BC,,2,FS,none,none,1,N,N,0,5,0,0,0,0
Florida Keys,Elbow Reef,EL1,EL1-t062,17,22,16,8,95%,JC,,0,none,none,none,0,N,N,0,0,0,0,0,0
Florida Keys,Elbow Reef,EL2,EL2-t064,17,13,11,10,80%,JC,,0,none,none,none,0,N,N,0,0,0,0,0,0
Florida Keys,Elbow Reef,EL2,EL2-t065,17,100,90,83,2%,RC,,0,none,none,none,0,N,N,0,0,0,0,0,0
Florida Keys,Elbow Reef,EL2,EL2-t066,17,120,82,80,45%,BC,,1,WBD,CB,none,0,N,N,0,0,1,0,0,0
Florida Keys,Elbow Reef,EL2,EL2-t067,17,60,30,24,20%,RC,,0,none,none,none,0,N,N,0,0,0,0,0,0
Florida Keys,Elbow Reef,EL2,EL2-t068,17,7,6,2,100%,EC,,0,none,none,none,0,N,N,0,0,0,0,0,0
Florida Keys,Elbow Reef,EL2,EL2-t069,17,139,77,60,60%,BC,,0,none,none,none,0,N,N,0,0,3,0,1,0
Florida Keys,Elbow Reef,EL2,EL2-t070,17,21,20,19,99%,JC,,0,none,none,none,0,N,N,0,0,1,0,0,0
Florida Keys,Elbow Reef,EL2,EL2-t071,17,8,6,2,100%,EC,,0,none,none,none,0,N,N,0,0,0,0,0,0
Florida Keys,Elbow Reef,EL2,EL2-t072,17,80,67,21,5%,RC,,0,none,none,none,0,N,N,0,0,0,0,0,0
Florida Keys,Elbow Reef,EL2,EL2-t073,17,149,108,60,80%,BC,,2,FS,CL,none,0,N,N,0,3,2,0,0,1
Florida Keys,Elbow Reef,EL2,EL2-t913,17,225,148,90,65%,BC,,0,none,none,none,0,N,N,0,0,1,0,1,2
Florida Keys,Elbow Reef,EL3,EL3-t075,17,,,,0%,D,,,,,,,N,N,,,,,,
Florida Keys,Elbow Reef,EL3,EL3-t076,17,132,65,76,55%,BC,,1,FS,none,none,0,N,N,0,6,1,0,2,0
Florida Keys,Elbow Reef,EL3,EL3-t077,17,64,29,26,45%,RC,,0,none,none,none,0,N,N,0,0,0,0,0,0
Florida Keys,Elbow Reef,EL3,EL3-t078,17,40,27,36,55%,RC,,0,none,none,none,0,N,N,0,0,0,0,1,0
Florida Keys,Elbow Reef,EL3,EL3-t079,17,38,22,31,30%,RC,,0,none,none,none,0,N,N,0,0,0,0,0,0
Florida Keys,Elbow Reef,EL3,EL3-t081,17,6,3,1,45%,EC,,0,none,none,none,0,N,N,0,0,0,0,0,0
Florida Keys,Elbow Reef,EL3,EL3-t083,17,92,71,58,70%,BC,,1,CL,CB,none,0,N,N,0,0,0,0,1,0
Florida Keys,Elbow Reef,EL3,EL3-t084,17,118,70,65,40%,BC,,1,FP,none,none,0,N,N,0,0,0,0,1,1
Florida Keys,Elbow Reef,EL3,EL3-t086,17,160,103,65,50%,BC,,1,CL,CB,none,0,N,Y,0,1,1,0,0,0
Florida Keys,Elbow Reef,EL3,EL3-t911,17,85,44,51,75%,BC,,1,CL,none,none,0,N,N,0,0,0,0,0,0
Florida Keys,Elbow Reef,EL4,EL4-t153,17,189,135,80,70%,BC,,1,CL,CB,FS,0,N,N,0,3,1,0,0,0
Florida Keys,Elbow Reef,EL4,EL4-t154,17,125,90,79,60%,BC,,1,FS,none,none,0,Y,N,0,1,0,0,1,0
Florida Keys,Elbow Reef,EL4,EL4-t158,17,55,40,52,80%,BC,,0,none,none,none,0,N,N,0,0,0,0,0,0
Florida Keys,Elbow Reef,EL4,EL4-t159,17,11,6,6,90%,JC,,2,FP,none,none,2,N,N,0,0,0,0,1,0
Florida Keys,Elbow Reef,EL4,EL4-t160,17,54,34,30,85%,BC,,0,none,none,none,0,N,N,0,0,0,0,0,0
Florida Keys,Elbow Reef,EL4,EL4-t164,17,16,13,14,60%,EC,,0,none,none,none,0,N,N,0,0,0,0,0,0
Florida Keys,Elbow Reef,EL4,EL4-t165,17,7,5,4,100%,EC,,0,none,none,none,0,N,N,0,0,0,0,0,0
Florida Keys,Elbow Reef,EL4,EL4-t168,17,138,130,82,98%,BC,,0,none,none,none,0,N,N,0,0,0,0,0,0
Florida Keys,Elbow Reef,EL4,EL4-t922,17,2,2,2,100%,EC,,0,none,none,none,0,N,N,0,0,0,0,0,0
Florida Keys,Elbow Reef,EL5,EL5-t177,17,74,61,46,75%,BC,,1,FS,none,none,1,N,N,0,2,0,0,0,0
Florida Keys,Elbow Reef,EL5,EL5-t180,17,117,98,59,70%,BC,,1,FS,CB,CL,0,N,N,0,0,0,0,0,0
Florida Keys,Elbow Reef,EL5,EL5-t183,17,13,10,8,85%,JC,,0,none,none,none,0,N,N,0,0,0,0,0,0
Florida Keys,French Reef,FR1,FR1-t001,17,12,8,6,70%,EC,,0,none,none,none,0,N,N,0,0,1,0,1,0
Florida Keys,French Reef,FR1,FR1-t002,17,66,48,39,60%,BC,,1,FS,none,none,0,N,N,1,5,1,0,1,0
Florida Keys,French Reef,FR1,FR1-t003,17,9,7,15,98%,JC,,5,Oth,none,none,0,N,N,0,0,0,0,0,0
Florida Keys,French Reef,FR1,FR1-t004,17,80,65,70,15%,BC,,0,none,none,none,0,N,N,1,0,0,0,0,0
Florida Keys,French Reef,FR1,FR1-t005,17,130,95,70,40%,BC,,0,none,none,none,0,N,N,1,0,2,0,1,0
Florida Keys,French Reef,FR1,FR1-t006,17,128,103,66,45%,BC,,2,FS,CB,none,2,N,N,2,2,1,0,1,0
Florida Keys,French Reef,FR1,FR1-t007,17,30,11,11,15%,RC,,0,none,none,none,0,N,N,0,0,0,0,0,0
Florida Keys,French Reef,FR1,FR1-t008,17,85,75,65,65%,BC,,1,WPx,none,none,0,N,N,3,0,2,0,0,0
Florida Keys,French Reef,FR1,FR1-t009,17,195,172,70,70%,BC,,1,Oth,none,none,1,N,N,1,0,1,0,1,0
Florida Keys,French Reef,FR1,FR1-t010,17,60,55,42,40%,RC,,0,none,none,none,0,N,N,1,0,1,0,0,0
Florida Keys,French Reef,FR1,FR1-t011,17,13,10,11,90%,JC,,5,PFB,none,none,0,N,N,0,0,0,0,0,0
Florida Keys,French Reef,FR2,FR2-t250,17,102,62,55,15%,RC,,0,none,none,none,0,N,N,0,0,0,0,0,0
Florida Keys,French Reef,FR2,FR2-t251,17,18,18,27,98%,JC,,0,none,none,none,0,N,N,0,0,0,0,0,0
Florida Keys,French Reef,FR2,FR2-t252,17,13,11,9,70%,JC,,0,none,none,none,0,N,N,0,0,0,0,0,0
Florida Keys,French Reef,FR2,FR2-t254,17,28,20,29,100%,JC,,0,none,none,none,0,N,N,0,0,1,0,1,0
Florida Keys,French Reef,FR2,FR2-t255,17,24,12,17,85%,JC,,0,none,none,none,0,N,N,0,0,0,0,0,0
Florida Keys,French Reef,FR2,FR2-t256,17,36,16,28,80%,JC,,0,none,none,none,0,N,N,0,0,0,0,0,0
Florida Keys,French Reef,FR2,FR2-t257,17,8,7,4,100%,EC,,0,none,none,none,0,N,N,0,0,0,0,1,0
Florida Keys,French Reef,FR2,FR2-t258,17,25,15,16,70%,JC,,0,none,none,none,1,N,N,0,0,1,0,0,0
Florida Keys,French Reef,FR2,FR2-t259,17,22,15,25,90%,JC,,0,none,none,none,0,N,N,0,0,0,0,0,1
Florida Keys,French Reef,FR2,FR2-t260,17,12,10,11,90%,JC,,0,none,none,none,0,N,N,0,0,0,0,0,0
Florida Keys,French Reef,FR2,FR2-t261,17,85,60,50,10%,RC,,1,FS,none,none,0,N,N,0,2,0,0,0,0
Florida Keys,French Reef,FR2,FR2-t262,17,15,10,13,90%,EC,,0,none,none,none,0,N,N,0,0,0,0,0,0
Florida Keys,Key Largo Dry Rocks,KL1,KL1-t102,17,140,96,60,15%,BC,,0,none,none,none,0,N,N,1,1,2,0,0,0
Florida Keys,Key Largo Dry Rocks,KL1,KL1-t103,17,130,68,69,40%,BC,,2,FS,CB,none,0,N,N,3,7,1,0,0,0
Florida Keys,Key Largo Dry Rocks,KL1,KL1-t104,17,115,81,65,25%,BC,,1,FS,none,none,0,N,N,0,1,1,0,0,0
Florida Keys,Key Largo Dry Rocks,KL1,KL1-t105,17,220,157,85,20%,BC,,0,none,none,none,0,N,N,0,0,0,0,0,0
Florida Keys,Key Largo Dry Rocks,KL1,KL1-t106,17,80,50,45,25%,RC,,1,FS,none,none,0,N,N,0,4,1,0,1,0
Florida Keys,Key Largo Dry Rocks,KL1,KL1-t107,17,117,75,55,10%,BC,,1,FS,CB,none,0,N,N,0,1,1,0,0,0
Florida Keys,Key Largo Dry Rocks,KL1,KL1-t108,17,162,90,80,40%,BC,,1,FS,CB,none,0,N,N,0,8,1,1,0,0
Florida Keys,Key Largo Dry Rocks,KL1,KL1-t109,17,14,9,3,95%,EC,,0,none,none,none,0,N,N,0,0,0,0,1,0
Florida Keys,Key Largo Dry Rocks,KL1,KL1-t110,17,175,100,85,30%,BC,,0,none,none,none,0,N,N,0,0,0,0,1,0
Florida Keys,Key Largo Dry Rocks,KL1,KL1-t904,17,15,13,14,80%,JC,,0,none,none,none,0,N,N,0,0,0,0,0,0
Florida Keys,Key Largo Dry Rocks,KL3,KL3-t215,17,74,48,47,40%,BC,,1,FS,CB,CL,0,N,N,0,3,0,0,0,0
Florida Keys,Key Largo Dry Rocks,KL3,KL3-t216,17,73,56,50,75%,BC,,4,FS,none,none,0,N,N,2,12,1,0,1,0
Florida Keys,Key Largo Dry Rocks,KL3,KL3-t217,17,68,57,46,15%,BC,,0,none,none,none,0,N,N,1,2,1,0,1,0
Florida Keys,Key Largo Dry Rocks,KL3,KL3-t219,17,179,120,57,25%,BC,,1,FS,none,none,0,N,N,1,8,2,0,1,0
Florida Keys,Key Largo Dry Rocks,KL3,KL3-t220,17,98,70,53,20%,BC,,0,none,none,none,0,N,N,1,0,1,0,0,0
Florida Keys,Key Largo Dry Rocks,KL3,KL3-t222,17,15,11,7,100%,JC,,0,none,none,none,0,N,N,0,0,1,0,0,0
Florida Keys,Key Largo Dry Rocks,KL3,KL3-t223,17,42,27,38,25%,BC,,0,none,none,none,0,N,N,0,0,0,0,0,0
Florida Keys,Key Largo Dry Rocks,KL3,KL3-t227,17,16,16,9,60%,EC,,0,none,none,none,0,N,N,0,0,0,0,0,0
Florida Keys,Molasses Reef,ML1,ML1-t013,17,136,87,68,80%,BC,,2,FS,CB,CL,0,N,Y,1,8,1,0,1,1
Florida Keys,Molasses Reef,ML1,ML1-t014,17,107,87,42,5%,BC,,1,FS,none,none,0,N,N,1,8,1,0,1,0
Florida Keys,Molasses Reef,ML1,ML1-t015,17,31,28,24,90%,JC,,2,CB,none,none,1,N,N,0,0,0,0,0,1
Florida Keys,Molasses Reef,ML1,ML1-t016,17,96,78,45,90%,BC,,0,none,none,none,0,N,Y,0,0,1,0,1,1
Florida Keys,Molasses Reef,ML1,ML1-t017,17,51,34,37,25%,BC,,1,FS,CB,none,0,N,N,0,2,1,0,0,0
Florida Keys,Molasses Reef,ML1,ML1-t018,17,31,22,19,99%,JC,,0,none,none,none,0,N,N,0,0,0,0,0,0
Florida Keys,Molasses Reef,ML1,ML1-t020,17,205,145,105,25%,RC,,0,none,none,none,0,N,N,0,1,0,0,1,0
Florida Keys,Molasses Reef,ML1,ML1-t022,17,35,18,20,5%,RC,,0,none,none,none,0,N,N,0,0,0,0,0,0
Florida Keys,Molasses Reef,ML1,ML1-t920,17,9,6,4,85%,EC,,0,none,none,none,0,N,N,0,0,0,0,0,0
Florida Keys,Molasses Reef,ML2,ML2-t126,17,245,162,95,35%,BC,,1,FS,CB,CL,0,Y,N,1,4,2,0,0,0
Florida Keys,Molasses Reef,ML2,ML2-t127,17,60,52,45,90%,BC,,0,none,none,none,0,N,N,3,0,1,0,0,0
Florida Keys,Molasses Reef,ML2,ML2-t128,17,29,26,26,75%,JC,,0,none,none,none,0,N,N,0,0,1,0,0,0
Florida Keys,Molasses Reef,ML2,ML2-t129,17,147,130,71,20%,BC,,1,FS,none,none,0,N,N,2,2,1,0,0,0
Florida Keys,Molasses Reef,ML2,ML2-t130,17,165,83,65,15%,RC,,1,FS,CB,none,0,Y,N,0,3,1,0,0,0
Florida Keys,Molasses Reef,ML2,ML2-t131,17,123,110,61,40%,BC,,1,CB,none,none,0,N,Y,0,1,2,0,1,0
Florida Keys,Molasses Reef,ML2,ML2-t132,17,170,95,80,50%,BC,,1,FS,CB,none,0,N,N,1,3,2,0,1,0
Florida Keys,Molasses Reef,ML2,ML2-t137,17,9,7,1,100%,EC,,0,none,none,none,0,N,N,0,0,0,0,0,0
Florida Keys,Molasses Reef,ML2,ML2-t141,17,12,10,13,40%,RC,,0,none,none,none,0,N,N,0,0,1,0,0,0
Florida Keys,Molasses Reef,ML3,ML3-t144,17,120,89,65,75%,BC,,0,none,none,none,0,Y,Y,1,0,1,0,0,0
Florida Keys,Molasses Reef,ML3,ML3-t145,17,148,90,62,85%,BC,,0,none,none,none,0,Y,N,2,0,1,0,0,0
Florida Keys,Molasses Reef,ML3,ML3-t146,17,165,126,78,80%,BC,,0,none,none,none,0,Y,N,1,0,1,0,0,0
Florida Keys,Molasses Reef,ML3,ML3-t147,17,235,200,75,35%,BC,,2,FS,RTL,CB,0,Y,Y,1,10,4,0,2,0
Florida Keys,Molasses Reef,ML3,ML3-t148,17,124,90,70,50%,BC,,1,FS,CB,none,0,N,N,0,3,0,0,0,0
Florida Keys,Molasses Reef,ML3,ML3-t150,17,52,43,34,100%,BC,,0,none,none,none,0,N,N,0,0,1,0,0,0
Florida Keys,Molasses Reef,ML3,ML3-t184,17,212,175,83,90%,BC,,2,CB,none,none,0,Y,N,0,0,1,0,1,0
Florida Keys,Molasses Reef,ML3,ML3-t185,17,18,17,14,60%,RC,,3,FS,CB,none,1,N,N,0,5,0,0,0,0
Florida Keys,Molasses Reef,ML3,ML3-t186,17,37,23,15,95%,JC,,0,none,none,none,0,Y,N,0,0,0,0,0,0
Florida Keys,Molasses Reef,ML3,ML3-t915,17,50,41,39,95%,BC,,0,none,none,none,0,Y,N,2,0,1,0,0,0
Florida Keys,Carysfort Reef,CF1,CF1-t024,19,80,55,60,2%,RC,,1,RTL,none,none,0,N,N,0,0,0,0,0,0
Florida Keys,Carysfort Reef,CF1,CF1-t027,19,10,9,7,100%,JC,,0,none,none,none,0,N,N,0,0,0,0,0,0
Florida Keys,Carysfort Reef,CF1,CF1-t033,19,235,110,100,20%,BC,,1,PFB,RTL,FS,0,N,N,0,5,1,0,2,0
Florida Keys,Carysfort Reef,CF1,CF1-t034,19,55,27,65,0%,D,,2,RTL,none,none,,N,N,,0,0,0,0,0
Florida Keys,Carysfort Reef,CF2,CF2-t038,19,205,186,84,30%,BC,,2,RTL,none,none,0,N,N,0,0,1,0,2,0
Florida Keys,Carysfort Reef,CF2,CF2-t040,19,90,42,50,25%,BC,,1,RTL,none,none,0,N,N,0,1,0,0,0,0
Florida Keys,Carysfort Reef,CF2,CF2-t041,19,13,8,8,95%,JC,,0,none,none,none,0,N,N,0,0,0,0,0,0
Florida Keys,Carysfort Reef,CF2,CF2-t042,19,52,41,14,85%,BC,,2,CL,none,none,0,N,N,0,0,0,0,0,0
Florida Keys,Carysfort Reef,CF2,CF2-t043,19,120,77,57,85%,BC,,2,RTL,none,none,0,N,N,0,0,1,0,0,0
Florida Keys,Carysfort Reef,CF2,CF2-t045,19,137,88,80,80%,BC,,0,none,none,none,0,N,N,0,0,1,0,1,1
Florida Keys,Carysfort Reef,CF2,CF2-t046,19,76,49,45,30%,BC,,2,RTL,FS,none,0,N,N,0,6,1,0,0,1
Florida Keys,Carysfort Reef,CF2,CF2-t047,19,195,102,64,60%,BC,,1,RTL,none,none,0,N,N,0,0,1,0,3,2
Florida Keys,Carysfort Reef,CF2,CF2-t048,19,130,95,77,80%,BC,,2,FS,CL,none,0,N,N,0,2,1,0,0,0
Florida Keys,Carysfort Reef,CF2,CF2-t049,19,146,75,65,40%,BC,,0,none,none,none,0,N,N,0,0,0,0,1,2
Florida Keys,Carysfort Reef,CF3,CF3-t088,19,275,145,100,30%,BC,,3,RTL,none,none,0,N,N,2,0,4,0,1,0
Florida Keys,Carysfort Reef,CF3,CF3-t090,19,345,170,77,70%,BC,,1,RTL,none,none,0,N,N,3,0,5,0,2,1
Florida Keys,Carysfort Reef,CF3,CF3-t091,19,,,,,G,,,,,,,N,N,,,,,,
Florida Keys,Carysfort Reef,CF3,CF3-t092,19,198,135,65,55%,BC,,1,RTL,none,none,0,N,N,2,0,2,0,0,0
Florida Keys,Carysfort Reef,CF3,CF3-t095,19,199,148,100,70%,BC,,1,RTL,none,none,0,N,N,2,0,3,0,0,0
Florida Keys,Carysfort Reef,CF3,CF3-t916,19,46,43,35,60%,BC,,3,RTL,FS,CL,0,N,N,1,3,1,0,0,0
Florida Keys,Carysfort Reef,CF3,CF3-t918,19,9,7,10,0%,D,,1,RTL,none,none,,N,N,,,,,,
Florida Keys,Carysfort Reef,CF3,CF3-t919,19,22,13,14,70%,RC,,3,RTL,CL,none,0,N,N,0,0,0,0,0,0
Florida Keys,Elbow Reef,EL1,EL1-t051,19,160,105,96,25%,BC,,1,FS,CB,none,0,N,N,0,1,2,1,1,0
Florida Keys,Elbow Reef,EL1,EL1-t052,19,255,185,77,75%,BC,,1,RTL,WBD,CB,0,N,Y,1,0,3,0,1,0
Florida Keys,Elbow Reef,EL1,EL1-t054,19,142,135,55,55%,BC,,1,FS,none,none,0,N,N,0,6,1,0,0,0
Florida Keys,Elbow Reef,EL1,EL1-t055,19,214,161,65,85%,BC,,2,RTL,CL,none,0,N,N,3,0,3,0,2,1
Florida Keys,Elbow Reef,EL1,EL1-t056,19,95,61,45,75%,BC,,0,none,none,none,0,N,N,0,0,1,0,0,0
Florida Keys,Elbow Reef,EL1,EL1-t059,19,9,8,7,100%,JC,,0,none,none,none,0,N,N,0,0,0,0,0,0
Florida Keys,Elbow Reef,EL1,EL1-t060,19,40,31,31,98%,BC,,0,none,none,none,0,N,N,0,0,1,0,0,0
Florida Keys,Elbow Reef,EL1,EL1-t061,19,39,30,28,80%,JC,,2,FS,none,none,0,Y,N,0,5,1,0,0,1
Florida Keys,Elbow Reef,EL1,EL1-t062,19,24,17,8,98%,JC,,0,none,none,none,0,Y,N,0,0,0,0,0,0
Florida Keys,Elbow Reef,EL2,EL2-t064,19,12,11,12,65%,JC,,0,none,none,none,0,N,N,0,0,0,0,0,0
Florida Keys,Elbow Reef,EL2,EL2-t065,19,95,90,80,1%,RC,,0,none,none,none,0,N,N,0,0,1,0,0,0
Florida Keys,Elbow Reef,EL2,EL2-t066,19,125,84,80,45%,BC,,1,WBD,FP,none,0,N,Y,0,0,2,0,2,0
Florida Keys,Elbow Reef,EL2,EL2-t067,19,60,30,25,20%,BC,,0,none,none,none,0,N,N,0,0,0,0,0,0
Florida Keys,Elbow Reef,EL2,EL2-t068,19,9,7,2,100%,EC,,0,none,none,none,0,N,N,0,0,0,0,0,0
Florida Keys,Elbow Reef,EL2,EL2-t069,19,132,85,60,65%,BC,,0,none,none,none,0,N,N,0,0,2,0,1,0
Florida Keys,Elbow Reef,EL2,EL2-t070,19,21,20,20,80%,JC,,4,FS,none,none,0,N,N,0,3,1,0,0,0
Florida Keys,Elbow Reef,EL2,EL2-t071,19,7,5,2,85%,EC,,0,none,none,none,1,N,N,0,0,0,0,0,0
Florida Keys,Elbow Reef,EL2,EL2-t072,19,85,67,23,10%,RC,,0,none,none,none,0,N,N,0,0,1,0,0,0
Florida Keys,Elbow Reef,EL2,EL2-t073,19,157,113,62,80%,BC,,2,FS,none,none,0,N,N,0,3,0,0,1,2
Florida Keys,Elbow Reef,EL2,EL2-t913,19,205,110,85,55%,BC,,2,RTL,WPx,none,0,N,N,0,0,1,0,1,1
Florida Keys,Elbow Reef,EL3,EL3-t076,19,132,65,77,50%,BC,,1,FP,CL,FS,0,N,N,0,2,0,0,0,0
Florida Keys,Elbow Reef,EL3,EL3-t077,19,64,29,26,45%,BC,,0,none,none,none,0,N,N,0,0,0,0,1,0
Florida Keys,Elbow Reef,EL3,EL3-t078,19,40,27,37,60%,BC,,1,FS,none,none,0,N,N,0,1,0,0,0,0
Florida Keys,Elbow Reef,EL3,EL3-t079,19,39,22,30,25%,RC,,0,none,none,none,0,N,N,0,0,1,0,1,0
Florida Keys,Elbow Reef,EL3,EL3-t081,19,,,,0%,D,,,,,,,N,N,,,,,,
Florida Keys,Elbow Reef,EL3,EL3-t083,19,92,72,58,70%,BC,,1,RTL,none,none,0,N,N,0,0,0,0,2,0
Florida Keys,Elbow Reef,EL3,EL3-t084,19,,,,,G,,,,,,,N,N,,,,,,
Florida Keys,Elbow Reef,EL3,EL3-t086,19,160,112,67,55%,BC,,0,none,none,none,0,N,Y,0,1,0,0,1,0
Florida Keys,Elbow Reef,EL3,EL3-t911,19,82,46,52,75%,BC,,0,none,none,none,0,N,N,0,0,0,0,1,1
Florida Keys,Elbow Reef,EL4,EL4-t153,19,195,140,65,60%,BC,,1,FS,CL,none,0,N,N,0,7,1,0,1,0
Florida Keys,Elbow Reef,EL4,EL4-t154,19,130,92,83,55%,BC,,1,FS,CL,none,0,N,N,0,1,0,0,0,0
Florida Keys,Elbow Reef,EL4,EL4-t158,19,62,41,52,80%,BC,,0,none,none,none,0,N,N,0,0,1,0,0,0
Florida Keys,Elbow Reef,EL4,EL4-t159,19,12,6,6,30%,JC,,2,RTL,none,none,1,N,N,0,0,0,0,0,0
Florida Keys,Elbow Reef,EL4,EL4-t160,19,61,34,31,90%,BC,,0,none,none,none,0,N,N,0,0,1,0,0,0
Florida Keys,Elbow Reef,EL4,EL4-t164,19,15,14,14,55%,EC,,0,none,none,none,0,N,N,0,0,0,0,0,0
Florida Keys,Elbow Reef,EL4,EL4-t165,19,7,5,2,100%,EC,,0,none,none,none,0,N,N,0,0,0,0,0,0
Florida Keys,Elbow Reef,EL4,EL4-t168,19,141,122,84,95%,BC,,0,none,none,none,0,N,N,0,0,0,0,0,1
Florida Keys,Elbow Reef,EL4,EL4-t922,19,3,2,3,100%,EC,,0,none,none,none,0,N,N,0,0,0,0,0,0
Florida Keys,Elbow Reef,EL5,EL5-t177,19,74,62,48,70%,BC,,1,FS,none,none,0,N,N,0,8,0,0,0,0
Florida Keys,Elbow Reef,EL5,EL5-t180,19,118,100,59,65%,BC,,1,FP,CB,CL,0,N,N,0,2,0,0,0,1
Florida Keys,Elbow Reef,EL5,EL5-t183,19,13,10,10,90%,JC,,0,none,none,none,0,N,N,0,0,0,0,0,0
Florida Keys,French Reef,FR1,FR1-t001,19,14,8,9,75%,EC,,0,none,none,none,0,N,N,0,0,1,0,1,0
Florida Keys,French Reef,FR1,FR1-t002,19,72,49,43,60%,BC,,1,FS,none,none,1,N,N,1,1,0,0,0,0
Florida Keys,French Reef,FR1,FR1-t003,19,10,9,16,35%,RC,,3,RTL,none,none,0,N,N,0,0,1,0,0,0
Florida Keys,French Reef,FR1,FR1-t004,19,78,63,70,15%,RC,,0,none,none,none,1,N,N,1,0,1,0,0,0
Florida Keys,French Reef,FR1,FR1-t005,19,130,95,70,45%,BC,,1,RTL,FP,none,0,N,N,2,0,2,0,0,0
Florida Keys,French Reef,FR1,FR1-t006,19,133,103,67,40%,BC,,2,RTL,FS,FP,0,N,N,1,2,1,0,1,0
Florida Keys,French Reef,FR1,FR1-t007,19,30,13,13,15%,RC,,0,none,none,none,0,N,N,0,0,0,0,0,0
Florida Keys,French Reef,FR1,FR1-t008,19,87,77,68,50%,BC,,2,RTL,none,none,0,N,N,3,0,2,0,1,0
Florida Keys,French Reef,FR1,FR1-t009,19,195,175,70,70%,BC,,1,RTL,none,none,0,N,N,1,0,2,0,2,0
Florida Keys,French Reef,FR1,FR1-t010,19,60,56,42,40%,RC,,0,none,none,none,0,N,N,2,0,1,0,0,0
Florida Keys,French Reef,FR1,FR1-t011,19,14,12,12,100%,JC,,0,none,none,none,0,N,N,0,0,0,0,0,0
Florida Keys,French Reef,FR2,FR2-t250,19,102,62,55,15%,RC,,0,none,none,none,0,N,N,0,0,1,0,1,1
Florida Keys,French Reef,FR2,FR2-t251,19,23,21,30,98%,JC,,0,none,none,none,0,N,N,0,0,0,0,0,0
Florida Keys,French Reef,FR2,FR2-t252,19,14,11,13,75%,JC,,0,none,none,none,,N,N,,0,0,0,0,0
Florida Keys,French Reef,FR2,FR2-t254,19,31,20,28,100%,AF,,0,none,none,none,,N,N,,0,1,0,1,0
Florida Keys,French Reef,FR2,FR2-t255,19,24,16,15,75%,JC,,0,none,none,none,0,N,N,0,0,0,0,0,0
Florida Keys,French Reef,FR2,FR2-t256,19,37,18,29,80%,JC,,0,none,none,none,0,N,N,0,0,1,0,1,0
Florida Keys,French Reef,FR2,FR2-t257,19,7,7,5,85%,EC,,0,none,none,none,,N,N,,0,1,0,0,0
Florida Keys,French Reef,FR2,FR2-t258,19,25,16,21,65%,JC,,0,none,none,none,0,N,N,0,0,0,0,0,0
Florida Keys,French Reef,FR2,FR2-t259,19,21,12,27,85%,JC,,0,none,none,none,0,N,N,,0,0,1,0,0
Florida Keys,French Reef,FR2,FR2-t260,19,14,10,16,98%,JC,,0,none,none,none,,N,N,,0,0,0,0,0
Florida Keys,French Reef,FR2,FR2-t261,19,85,60,50,10%,RC,,1,FS,none,none,,N,N,,1,0,0,0,0
Florida Keys,French Reef,FR2,FR2-t262,19,14,7,14,85%,EC,,0,none,none,none,0,N,N,0,0,1,0,1,0
Florida Keys,Key Largo Dry Rocks,KL1,KL1-t102,19,,,,,G,,,,,,,N,N,,,,,,
Florida Keys,Key Largo Dry Rocks,KL1,KL1-t103,19,,,,,G,,,,,,,N,N,,,,,,
Florida Keys,Key Largo Dry Rocks,KL1,KL1-t104,19,114,81,64,25%,BC,,1,FS,none,none,0,N,N,0,2,0,0,0,0
Florida Keys,Key Largo Dry Rocks,KL1,KL1-t105,19,220,160,85,15%,BC,,1,WPx,none,none,0,N,N,0,0,1,0,0,0
Florida Keys,Key Largo Dry Rocks,KL1,KL1-t106,19,80,50,45,25%,BC,,1,FS,none,none,0,N,N,0,2,0,0,0,0
Florida Keys,Key Largo Dry Rocks,KL1,KL1-t107,19,118,75,55,15%,BC,,0,none,none,none,0,N,N,0,0,1,0,0,0
Florida Keys,Key Largo Dry Rocks,KL1,KL1-t108,19,164,90,80,35%,BC,,2,RTL,none,none,0,N,N,0,0,1,0,1,0
Florida Keys,Key Largo Dry Rocks,KL1,KL1-t109,19,13,8,4,95%,EC,,0,none,none,none,0,N,N,0,0,1,0,1,0
Florida Keys,Key Largo Dry Rocks,KL1,KL1-t110,19,175,100,85,25%,BC,,1,RTL,none,none,0,N,N,0,0,0,0,1,1
Florida Keys,Key Largo Dry Rocks,KL1,KL1-t904,19,16,13,13,85%,JC,,0,none,none,none,0,N,N,0,0,0,0,0,0
Florida Keys,Key Largo Dry Rocks,KL3,KL3-t215,19,74,50,52,35%,BC,,2,RTL,FS,none,0,N,N,0,2,0,0,0,0
Florida Keys,Key Largo Dry Rocks,KL3,KL3-t216,19,73,56,50,45%,BC,,2,RTL,FS,none,0,N,N,1,9,2,0,0,0
Florida Keys,Key Largo Dry Rocks,KL3,KL3-t217,19,70,58,46,20%,BC,,0,none,none,none,0,N,N,1,0,1,0,1,0
Florida Keys,Key Largo Dry Rocks,KL3,KL3-t219,19,175,120,60,15%,BC,,2,RTL,none,none,0,N,N,1,4,2,0,0,0
Florida Keys,Key Largo Dry Rocks,KL3,KL3-t220,19,75,62,50,20%,BC,,0,none,none,none,0,N,N,1,0,1,0,0,0
Florida Keys,Key Largo Dry Rocks,KL3,KL3-t222,19,18,12,9,100%,JC,,0,none,none,none,0,N,N,0,0,1,0,0,0
Florida Keys,Key Largo Dry Rocks,KL3,KL3-t223,19,46,27,42,35%,BC,,0,none,none,none,0,N,N,0,0,1,0,0,0
Florida Keys,Key Largo Dry Rocks,KL3,KL3-t227,19,,,,,G,,,,,,,N,N,,,,,,
Florida Keys,Molasses Reef,ML1,ML1-t013,19,140,90,70,85%,BC,,1,CL,none,none,0,N,Y,2,6,1,0,1,2
Florida Keys,Molasses Reef,ML1,ML1-t014,19,107,75,45,5%,BC,,1,FS,none,none,0,N,N,0,5,1,0,1,0
Florida Keys,Molasses Reef,ML1,ML1-t015,19,33,28,25,95%,JC,,0,none,none,none,0,N,N,0,1,0,0,0,0
Florida Keys,Molasses Reef,ML1,ML1-t016,19,98,78,45,95%,BC,,0,none,none,none,0,N,Y,0,4,1,0,1,0
Florida Keys,Molasses Reef,ML1,ML1-t017,19,52,34,37,20%,BC,,1,FS,none,none,0,N,N,0,7,0,0,0,0
Florida Keys,Molasses Reef,ML1,ML1-t018,19,33,22,25,100%,JC,,0,none,none,none,0,N,N,0,3,0,0,0,1
Florida Keys,Molasses Reef,ML1,ML1-t020,19,205,145,105,25%,BC,,2,RTL,none,none,0,N,N,0,3,0,0,0,1
Florida Keys,Molasses Reef,ML1,ML1-t022,19,,,,0%,D,,,,,,,N,N,,,,,,
Florida Keys,Molasses Reef,ML1,ML1-t920,19,9,6,4,60%,EC,,0,none,none,none,0,N,N,0,0,0,0,0,0
Florida Keys,Molasses Reef,ML2,ML2-t126,19,245,162,95,30%,BC,,0,none,none,none,1,N,N,1,0,3,0,0,0
Florida Keys,Molasses Reef,ML2,ML2-t127,19,61,53,47,65%,BC,,0,none,none,none,0,Y,N,0,0,1,0,0,0
Florida Keys,Molasses Reef,ML2,ML2-t128,19,30,26,28,75%,JC,,1,FS,none,none,0,Y,N,0,1,1,0,0,0
Florida Keys,Molasses Reef,ML2,ML2-t129,19,150,130,72,20%,BC,,1,FS,none,none,0,Y,N,0,1,2,0,0,0
Florida Keys,Molasses Reef,ML2,ML2-t130,19,165,81,65,10%,RC,,1,Oth,none,none,0,Y,N,1,0,1,0,1,0
Florida Keys,Molasses Reef,ML2,ML2-t131,19,127,112,62,45%,BC,,1,FS,none,none,0,N,N,1,0,2,0,1,0
Florida Keys,Molasses Reef,ML2,ML2-t132,19,173,98,80,45%,BC,,1,FS,FP,none,1,N,N,1,6,2,0,0,0
Florida Keys,Molasses Reef,ML2,ML2-t137,19,9,8,2,100%,EC,,0,none,none,none,0,N,N,0,0,0,0,0,0
Florida Keys,Molasses Reef,ML2,ML2-t141,19,6,6,3,100%,EC,,0,none,none,none,0,N,N,0,0,1,0,0,0
Florida Keys,Molasses Reef,ML3,ML3-t144,19,119,90,65,75%,BC,,1,Oth,FP,none,0,Y,N,0,0,3,0,0,0
Florida Keys,Molasses Reef,ML3,ML3-t145,19,154,95,62,85%,BC,,2,FS,FP,none,0,N,N,2,4,2,0,0,0
Florida Keys,Molasses Reef,ML3,ML3-t146,19,170,128,78,80%,BC,,2,CL,FP,none,0,N,N,1,0,2,0,1,0
Florida Keys,Molasses Reef,ML3,ML3-t147,19,240,205,80,35%,BC,,1,FS,FP,none,0,N,Y,0,7,1,0,1,0
Florida Keys,Molasses Reef,ML3,ML3-t148,19,125,94,71,50%,BC,,1,FS,none,none,0,Y,N,0,8,1,0,0,0
Florida Keys,Molasses Reef,ML3,ML3-t150,19,54,44,35,100%,BC,,0,none,none,none,0,N,N,0,0,1,0,0,0
Florida Keys,Molasses Reef,ML3,ML3-t184,19,212,178,84,90%,BC,,2,FP,none,none,0,Y,N,1,0,1,0,0,0
Florida Keys,Molasses Reef,ML3,ML3-t185,19,17,16,11,75%,RC,,0,none,none,none,0,N,N,0,0,0,0,0,0
Florida Keys,Molasses Reef,ML3,ML3-t186,19,35,23,15,95%,JC,,0,none,none,none,0,N,N,0,0,1,0,0,0
Florida Keys,Molasses Reef,ML3,ML3-t915,19,55,46,40,85%,BC,,0,none,none,none,0,Y,N,2,0,1,0,0,0
Florida Keys,Carysfort Reef,CF1,CF1-t024,20,10,3,7,100%,EC,,0,none,none,none,0,N,N,0,0,0,0,0,0
Florida Keys,Carysfort Reef,CF1,CF1-t027,20,11,6,7,100%,JC,,0,none,none,none,0,N,N,0,0,0,0,0,0
Florida Keys,Carysfort Reef,CF1,CF1-t033,20,235,110,100,15%,BC,,1,RTL,FS,none,0,N,N,0,6,1,0,1,0
Florida Keys,Carysfort Reef,CF1,CF1-t034,20,,,,0%,D,,,,,,,N,N,,,,,,
Florida Keys,Carysfort Reef,CF2,CF2-t038,20,207,184,85,30%,BC,,1,FS,none,none,0,N,N,0,2,0,0,1,0
Florida Keys,Carysfort Reef,CF2,CF2-t040,20,92,44,50,20%,BC,,1,RTL,FS,none,0,N,N,0,1,0,0,0,0
Florida Keys,Carysfort Reef,CF2,CF2-t041,20,16,12,9,80%,JC,,5,FS,none,none,0,N,N,0,4,0,0,0,0
Florida Keys,Carysfort Reef,CF2,CF2-t042,20,52,42,14,85%,BC,,0,none,none,none,0,N,N,0,0,0,0,0,0
Florida Keys,Carysfort Reef,CF2,CF2-t043,20,125,82,57,85%,BC,,2,RTL,FS,none,0,N,N,0,3,1,0,0,0
Florida Keys,Carysfort Reef,CF2,CF2-t045,20,140,89,80,80%,BC,,0,none,none,none,0,N,N,0,0,1,0,1,1
Florida Keys,Carysfort Reef,CF2,CF2-t046,20,77,39,45,35%,BC,,1,FS,none,none,0,N,N,0,6,1,0,0,0
Florida Keys,Carysfort Reef,CF2,CF2-t047,20,197,102,64,65%,BC,,1,CL,Oth,none,0,N,N,0,0,1,0,0,2
Florida Keys,Carysfort Reef,CF2,CF2-t048,20,125,98,78,75%,BC,,0,none,none,none,0,N,N,0,0,1,0,1,0
Florida Keys,Carysfort Reef,CF2,CF2-t049,20,146,80,70,45%,BC,,0,none,none,none,0,N,N,0,0,0,0,0,0
Florida Keys,Carysfort Reef,CF3,CF3-t088,20,280,148,100,30%,BC,,1,RTL,none,none,0,N,N,1,0,3,0,0,0
Florida Keys,Carysfort Reef,CF3,CF3-t090,20,348,172,79,70%,BC,,1,FS,none,none,0,N,Y,1,2,3,2,1,1
Florida Keys,Carysfort Reef,CF3,CF3-t092,20,195,140,75,65%,BC,,0,none,none,none,0,N,N,1,0,2,0,1,0
Florida Keys,Carysfort Reef,CF3,CF3-t095,20,200,152,105,65%,BC,,0,none,none,none,0,N,N,2,0,3,0,1,0
Florida Keys,Carysfort Reef,CF3,CF3-t916,20,45,36,34,40%,BC,,3,RTL,CB,none,0,N,N,1,0,1,0,0,0
Florida Keys,Carysfort Reef,CF3,CF3-t919,20,,,,0%,D,,,,,,,N,N,,,,,,
Florida Keys,Elbow Reef,EL1,EL1-t051,20,163,105,96,25%,BC,,1,FS,none,none,0,N,N,1,1,1,1,0,0
Florida Keys,Elbow Reef,EL1,EL1-t052,20,255,190,77,75%,BC,,1,WBD,CL,WPx,0,N,Y,1,0,2,0,1,0
Florida Keys,Elbow Reef,EL1,EL1-t054,20,142,135,56,55%,BC,,1,FS,none,none,0,N,N,0,8,1,0,0,0
Florida Keys,Elbow Reef,EL1,EL1-t055,20,215,161,65,85%,BC,,0,none,none,none,0,N,N,2,0,2,0,0,2
Florida Keys,Elbow Reef,EL1,EL1-t056,20,95,63,45,70%,BC,,1,CL,none,none,0,N,N,0,0,1,0,1,0
Florida Keys,Elbow Reef,EL1,EL1-t059,20,12,8,9,100%,JC,,0,none,none,none,0,N,N,0,0,0,0,0,0
Florida Keys,Elbow Reef,EL1,EL1-t060,20,45,34,35,98%,BC,,0,none,none,none,0,N,N,0,0,0,0,0,0
Florida Keys,Elbow Reef,EL1,EL1-t061,20,34,34,37,85%,JC,,2,FS,none,none,0,N,N,0,7,0,0,0,0
Florida Keys,Elbow Reef,EL1,EL1-t062,20,25,18,13,100%,JC,,0,none,none,none,0,N,N,0,0,0,0,0,0
Florida Keys,Elbow Reef,EL2,EL2-t064,20,13,7,12,85%,JC,,0,none,none,none,0,N,N,0,0,0,0,0,0
Florida Keys,Elbow Reef,EL2,EL2-t065,20,95,90,80,1%,RC,,1,RTL,none,none,0,N,N,0,0,0,0,0,0
Florida Keys,Elbow Reef,EL2,EL2-t066,20,125,85,80,40%,BC,,1,WBD,none,none,0,N,N,0,0,1,0,0,0
Florida Keys,Elbow Reef,EL2,EL2-t067,20,62,32,25,20%,BC,,0,none,none,none,0,N,N,0,0,0,0,0,0
Florida Keys,Elbow Reef,EL2,EL2-t068,20,9,7,2,85%,EC,,5,PFB,none,none,0,N,N,0,0,0,0,0,0
Florida Keys,Elbow Reef,EL2,EL2-t069,20,140,90,62,65%,BC,,1,RTL,none,none,0,N,N,0,0,0,0,1,0
Florida Keys,Elbow Reef,EL2,EL2-t070,20,22,20,20,20%,RC,,3,RTL,FS,CB,0,N,N,0,1,0,0,0,0
Florida Keys,Elbow Reef,EL2,EL2-t071,20,6,3,2,85%,EC,,0,none,none,none,1,N,N,0,0,0,0,0,0
Florida Keys,Elbow Reef,EL2,EL2-t072,20,85,66,25,10%,RC,,0,none,none,none,0,N,N,0,0,0,0,0,0
Florida Keys,Elbow Reef,EL2,EL2-t073,20,141,110,63,75%,BC,,2,FS,none,none,0,N,N,0,2,0,0,0,0
Florida Keys,Elbow Reef,EL2,EL2-t913,20,205,110,85,55%,BC,,0,none,none,none,0,N,N,0,0,0,0,1,0
Florida Keys,Elbow Reef,EL3,EL3-t076,20,134,65,77,50%,BC,,1,FS,CL,none,1,N,N,0,6,0,0,0,0
Florida Keys,Elbow Reef,EL3,EL3-t077,20,65,29,26,45%,BC,,0,none,none,none,0,N,N,0,0,0,0,0,0
Florida Keys,Elbow Reef,EL3,EL3-t078,20,40,27,37,65%,BC,,1,FS,RTL,none,0,N,N,0,2,0,0,0,0
Florida Keys,Elbow Reef,EL3,EL3-t079,20,40,21,30,25%,RC,,1,CL,none,none,0,N,N,0,0,0,0,0,0
Florida Keys,Elbow Reef,EL3,EL3-t083,20,98,72,58,70%,BC,,0,none,none,none,0,N,N,0,0,0,0,1,0
Florida Keys,Elbow Reef,EL3,EL3-t086,20,160,115,68,60%,BC,,1,FS,FP,CL,0,N,Y,0,3,0,0,1,1
Florida Keys,Elbow Reef,EL3,EL3-t911,20,86,47,55,75%,BC,,1,Oth,none,none,0,N,N,0,0,0,0,0,0
Florida Keys,Elbow Reef,EL4,EL4-t153,20,198,140,67,60%,BC,,1,FS,RTL,none,0,N,N,0,17,1,0,1,0
Florida Keys,Elbow Reef,EL4,EL4-t154,20,135,88,83,55%,BC,,1,CL,FS,none,0,N,N,0,3,0,0,1,0
Florida Keys,Elbow Reef,EL4,EL4-t158,20,63,49,56,80%,BC,,0,none,none,none,0,N,N,0,0,0,0,0,0
Florida Keys,Elbow Reef,EL4,EL4-t159,20,12,6,6,0%,D,,2,RTL,none,none,,N,N,,,,,,
Florida Keys,Elbow Reef,EL4,EL4-t160,20,63,37,30,90%,BC,,0,none,none,none,0,N,N,0,0,0,0,0,0
Florida Keys,Elbow Reef,EL4,EL4-t164,20,15,14,13,50%,EC,,0,none,none,none,0,N,N,0,0,0,0,0,0
Florida Keys,Elbow Reef,EL4,EL4-t165,20,6,5,2,100%,EC,,0,none,none,none,0,N,N,0,0,0,0,0,0
Florida Keys,Elbow Reef,EL4,EL4-t168,20,145,128,84,95%,BC,,3,FS,none,none,0,N,N,0,0,0,0,0,0
Florida Keys,Elbow Reef,EL4,EL4-t922,20,3,2,3,100%,EC,,0,none,none,none,0,N,N,0,0,0,0,0,0
Florida Keys,Elbow Reef,EL5,EL5-t177,20,75,62,50,70%,BC,,1,FS,FP,none,0,N,N,0,6,0,0,0,0
Florida Keys,Elbow Reef,EL5,EL5-t180,20,120,100,60,65%,BC,,1,FS,RTL,none,0,N,N,0,5,0,0,0,0
Florida Keys,Elbow Reef,EL5,EL5-t183,20,13,11,11,100%,JC,,0,none,none,none,0,N,N,0,0,0,0,0,0
Florida Keys,French Reef,FR1,FR1-t001,20,15,8,11,80%,EC,,0,none,none,none,0,N,N,0,0,1,0,0,0
Florida Keys,French Reef,FR1,FR1-t002,20,76,50,43,65%,BC,,1,FS,none,none,0,N,N,0,2,1,0,0,0
Florida Keys,French Reef,FR1,FR1-t003,20,10,9,13,40%,RC,,0,none,none,none,0,N,N,0,0,1,0,0,0
Florida Keys,French Reef,FR1,FR1-t004,20,78,63,69,20%,RC,,0,none,none,none,0,N,N,1,0,1,0,0,0
Florida Keys,French Reef,FR1,FR1-t005,20,130,98,70,45%,BC,,0,none,none,none,0,N,N,1,0,1,0,0,0
Florida Keys,French Reef,FR1,FR1-t006,20,136,102,67,40%,BC,,1,FS,CB,none,0,N,N,1,0,1,0,1,0
Florida Keys,French Reef,FR1,FR1-t007,20,30,12,16,20%,RC,,0,none,none,none,0,N,N,0,0,0,0,0,0
Florida Keys,French Reef,FR1,FR1-t008,20,87,77,68,50%,BC,,0,none,none,none,0,N,N,3,6,2,0,1,0
Florida Keys,French Reef,FR1,FR1-t009,20,195,176,70,75%,BC,,1,RTL,none,none,0,N,N,2,0,2,0,1,0
Florida Keys,French Reef,FR1,FR1-t010,20,60,56,42,35%,BC,,1,RTL,none,none,0,N,N,2,0,1,0,0,0
Florida Keys,French Reef,FR1,FR1-t011,20,16,12,13,100%,JC,,0,none,none,none,0,N,N,0,0,0,0,0,0
Florida Keys,French Reef,FR2,FR2-t250,20,102,62,55,15%,RC,,0,none,none,none,0,N,N,0,0,0,0,0,0
Florida Keys,French Reef,FR2,FR2-t251,20,24,23,35,98%,JC,,0,none,none,none,0,N,N,0,0,0,0,0,0
Florida Keys,French Reef,FR2,FR2-t252,20,15,12,14,70%,JC,,0,none,none,none,0,N,N,0,0,0,0,0,0
Florida Keys,French Reef,FR2,FR2-t254,20,28,20,20,5%,AF,,1,RTL,none,none,0,N,N,0,0,0,0,0,0
Florida Keys,French Reef,FR2,FR2-t255,20,23,14,18,75%,JC,,0,none,none,none,0,N,N,0,0,0,0,0,0
Florida Keys,French Reef,FR2,FR2-t256,20,38,22,28,80%,JC,,0,none,none,none,0,N,N,0,0,0,1,1,0
Florida Keys,French Reef,FR2,FR2-t257,20,8,8,4,95%,EC,,0,none,none,none,0,N,N,0,0,0,0,0,0
Florida Keys,French Reef,FR2,FR2-t258,20,27,19,20,60%,JC,,0,none,none,none,0,N,N,0,0,0,0,0,0
Florida Keys,French Reef,FR2,FR2-t259,20,21,15,28,85%,JC,,0,none,none,none,0,N,N,0,0,0,1,0,0
Florida Keys,French Reef,FR2,FR2-t260,20,16,12,17,95%,JC,,0,none,none,none,0,N,N,0,0,0,0,0,0
Florida Keys,French Reef,FR2,FR2-t261,20,85,60,50,10%,BC,,0,none,none,none,0,N,N,0,0,0,0,0,0
Florida Keys,French Reef,FR2,FR2-t262,20,12,8,14,85%,EC,,0,none,none,none,0,N,N,0,0,0,0,0,0
Florida Keys,Key Largo Dry Rocks,KL1,KL1-t104,20,114,82,64,25%,BC,,1,FS,none,none,0,N,N,0,2,0,0,0,0
Florida Keys,Key Largo Dry Rocks,KL1,KL1-t105,20,220,160,85,15%,BC,,1,WPx,none,none,0,N,N,0,0,0,0,1,0
Florida Keys,Key Largo Dry Rocks,KL1,KL1-t106,20,80,50,45,20%,BC,,1,RTL,FS,none,0,N,N,0,1,0,0,0,0
Florida Keys,Key Largo Dry Rocks,KL1,KL1-t107,20,118,75,55,15%,BC,,0,none,none,none,0,N,N,0,0,1,0,1,0
Florida Keys,Key Largo Dry Rocks,KL1,KL1-t108,20,165,90,80,40%,BC,,1,RTL,CB,none,0,N,N,1,0,1,0,0,0
Florida Keys,Key Largo Dry Rocks,KL1,KL1-t109,20,12,7,5,80%,EC,,0,none,none,none,0,N,N,0,0,1,0,0,0
Florida Keys,Key Largo Dry Rocks,KL1,KL1-t110,20,175,100,85,20%,BC,,1,FS,PFB,none,0,N,N,0,4,1,0,1,0
Florida Keys,Key Largo Dry Rocks,KL1,KL1-t904,20,17,13,13,70%,JC,,1,Oth,none,none,0,N,N,0,0,0,0,0,0
Florida Keys,Key Largo Dry Rocks,KL3,KL3-t215,20,74,50,49,20%,BC,,2,RTL,CB,none,0,N,N,0,0,0,0,0,0
Florida Keys,Key Largo Dry Rocks,KL3,KL3-t216,20,73,58,50,15%,BC,,0,none,none,none,0,N,N,1,0,1,0,0,0
Florida Keys,Key Largo Dry Rocks,KL3,KL3-t217,20,71,60,46,20%,BC,,0,none,none,none,0,N,N,1,5,1,0,0,0
Florida Keys,Key Largo Dry Rocks,KL3,KL3-t219,20,175,120,60,10%,BC,,1,RTL,FS,none,0,N,N,2,6,2,0,0,0
Florida Keys,Key Largo Dry Rocks,KL3,KL3-t220,20,75,62,51,15%,BC,,0,none,none,none,0,N,N,0,0,1,0,0,0
Florida Keys,Key Largo Dry Rocks,KL3,KL3-t222,20,20,14,12,100%,JC,,0,none,none,none,0,N,N,1,0,1,0,0,0
Florida Keys,Key Largo Dry Rocks,KL3,KL3-t223,20,46,27,45,40%,BC,,1,CL,none,none,0,N,N,0,1,0,0,0,0
Florida Keys,Molasses Reef,ML1,ML1-t013,20,143,95,70,85%,BC,,0,none,none,none,0,N,Y,2,0,1,0,0,1
Florida Keys,Molasses Reef,ML1,ML1-t014,20,105,75,30,5%,RC,,1,FS,RTL,none,0,N,N,0,5,0,0,0,0
Florida Keys,Molasses Reef,ML1,ML1-t015,20,37,37,28,90%,JC,,2,Oth,none,none,0,N,N,0,0,0,0,0,0
Florida Keys,Molasses Reef,ML1,ML1-t016,20,98,98,47,95%,BC,,3,FS,none,none,0,N,Y,1,0,1,0,1,0
Florida Keys,Molasses Reef,ML1,ML1-t017,20,54,35,35,20%,BC,,1,FS,none,none,0,N,N,0,2,0,0,0,0
Florida Keys,Molasses Reef,ML1,ML1-t018,20,34,22,25,100%,JC,,0,none,none,none,0,N,N,0,2,0,1,0,0
Florida Keys,Molasses Reef,ML1,ML1-t020,20,205,145,105,15%,BC,,1,RTL,none,none,0,N,N,0,0,0,0,1,0
Florida Keys,Molasses Reef,ML1,ML1-t920,20,7,4,3,100%,EC,,0,none,none,none,0,N,N,0,0,0,0,0,0
Florida Keys,Molasses Reef,ML2,ML2-t126,20,245,165,100,30%,BC,,1,FS,none,none,0,N,N,2,0,2,0,0,0
Florida Keys,Molasses Reef,ML2,ML2-t127,20,62,53,48,55%,BC,,0,none,none,none,0,N,N,3,0,1,0,0,0
Florida Keys,Molasses Reef,ML2,ML2-t128,20,30,26,28,70%,JC,,1,FS,none,none,0,N,N,0,2,1,0,0,0
Florida Keys,Molasses Reef,ML2,ML2-t129,20,150,130,73,20%,BC,,1,FS,none,none,0,N,N,1,5,2,0,1,0
Florida Keys,Molasses Reef,ML2,ML2-t130,20,165,85,65,10%,BC,,0,none,none,none,0,N,N,0,0,1,0,0,0
Florida Keys,Molasses Reef,ML2,ML2-t131,20,129,112,62,45%,BC,,1,FS,none,none,0,Y,N,1,5,1,0,0,0
Florida Keys,Molasses Reef,ML2,ML2-t132,20,175,102,80,45%,BC,,1,WPx,FS,none,0,N,N,1,2,1,0,1,0
Florida Keys,Molasses Reef,ML2,ML2-t137,20,9,8,2,80%,EC,,0,none,none,none,0,N,N,0,0,0,0,0,0
Florida Keys,Molasses Reef,ML2,ML2-t141,20,7,7,3,100%,EC,,0,none,none,none,0,N,N,0,0,1,0,0,0
Florida Keys,Molasses Reef,ML3,ML3-t144,20,120,92,65,70%,BC,,1,CB,none,none,0,Y,N,1,0,1,0,0,0
Florida Keys,Molasses Reef,ML3,ML3-t145,20,156,96,63,85%,BC,,0,none,none,none,0,Y,N,3,0,2,0,0,0
Florida Keys,Molasses Reef,ML3,ML3-t146,20,172,129,78,85%,BC,,0,none,none,none,1,N,N,2,2,1,0,1,0
Florida Keys,Molasses Reef,ML3,ML3-t147,20,240,205,80,35%,BC,,1,FS,CB,none,0,N,Y,2,2,3,1,1,0
Florida Keys,Molasses Reef,ML3,ML3-t148,20,125,95,75,55%,BC,,1,CB,CL,FS,0,N,N,0,6,1,0,0,0
Florida Keys,Molasses Reef,ML3,ML3-t150,20,54,46,38,98%,BC,,5,FS,none,none,0,N,N,0,2,1,0,0,0
Florida Keys,Molasses Reef,ML3,ML3-t184,20,213,178,84,85%,BC,,2,CL,none,none,0,Y,N,0,0,1,0,0,0
Florida Keys,Molasses Reef,ML3,ML3-t185,20,19,17,14,75%,RC,,1,FS,none,none,0,N,N,0,1,0,0,0,0
Florida Keys,Molasses Reef,ML3,ML3-t186,20,35,24,16,95%,JC,,0,none,none,none,0,Y,N,0,0,0,0,0,0
Florida Keys,Molasses Reef,ML3,ML3-t915,20,59,45,40,85%,BC,,0,none,none,none,2,N,N,2,2,1,0,0,0
Florida Keys,Carysfort Reef,CF1,CF1-t024,21,9,3,6,100%,EC,,0,none,none,none,0,N,N,0,0,0,0,0,0
Florida Keys,Carysfort Reef,CF1,CF1-t027,21,11,11,8,100%,JC,,0,none,none,none,0,N,N,0,0,0,0,0,0
Florida Keys,Carysfort Reef,CF1,CF1-t033,21,235,110,95,15%,BC,,1,fs,none,none,0,N,N,0,3,1,0,0,0
Florida Keys,Carysfort Reef,CF2,CF2-t038,21,210,187,85,35%,BC,,0,none,none,none,0,N,N,0,1,2,0,0,0
Florida Keys,Carysfort Reef,CF2,CF2-t040,21,92,43,52,25%,BC,,0,none,none,none,0,N,N,0,0,0,0,0,0
Florida Keys,Carysfort Reef,CF2,CF2-t041,21,,,,,G,,,,,,,N,N,,,,,,
Florida Keys,Carysfort Reef,CF2,CF2-t042,21,52,40,16,90%,BC,,0,none,none,none,0,N,N,0,0,0,0,0,0
Florida Keys,Carysfort Reef,CF2,CF2-t043,21,129,86,57,85%,BC,,2,FS,none,none,0,N,N,0,4,1,0,0,0
Florida Keys,Carysfort Reef,CF2,CF2-t045,21,140,90,80,80%,BC,,0,none,none,none,0,N,N,0,0,0,0,0,1
Florida Keys,Carysfort Reef,CF2,CF2-t046,21,78,38,45,30%,BC,,1,FS,CB,none,0,N,N,0,3,0,0,0,0
Florida Keys,Carysfort Reef,CF2,CF2-t047,21,197,95,65,65%,BC,,0,none,none,none,0,N,N,0,0,1,0,0,0
Florida Keys,Carysfort Reef,CF2,CF2-t048,21,105,100,73,75%,BC,,0,none,none,none,0,N,N,0,0,1,0,1,0
Florida Keys,Carysfort Reef,CF2,CF2-t049,21,146,80,75,45%,BC,,0,none,none,none,0,N,N,0,5,1,0,0,0
Florida Keys,Carysfort Reef,CF3,CF3-t088,21,280,150,100,35%,BC,,0,none,none,none,0,N,N,1,2,2,0,1,0
Florida Keys,Carysfort Reef,CF3,CF3-t090,21,350,174,80,75%,BC,,0,none,none,none,0,N,N,0,0,3,0,1,0
Florida Keys,Carysfort Reef,CF3,CF3-t092,21,200,145,75,65%,BC,,0,none,none,none,0,N,N,2,0,2,0,1,0
Florida Keys,Carysfort Reef,CF3,CF3-t095,21,202,155,110,70%,BC,,0,none,none,none,0,N,N,2,0,2,0,1,1
Florida Keys,Carysfort Reef,CF3,CF3-t916,21,47,41,30,20%,BC,,1,FS,CB,CL,0,N,N,2,2,1,0,0,0
Florida Keys,Elbow Reef,EL1,EL1-t051,21,165,110,96,20%,BC,,1,FS,none,none,0,N,N,0,2,2,0,0,1
Florida Keys,Elbow Reef,EL1,EL1-t052,21,257,190,80,75%,BC,,0,none,none,none,0,N,Y,2,0,3,0,1,0
Florida Keys,Elbow Reef,EL1,EL1-t054,21,135,129,57,60%,BC,,1,FS,none,none,0,N,N,0,5,1,0,0,0
Florida Keys,Elbow Reef,EL1,EL1-t055,21,215,163,65,85%,BC,,0,none,none,none,0,N,N,2,0,3,0,1,3
Florida Keys,Elbow Reef,EL1,EL1-t056,21,97,63,45,75%,BC,,0,none,none,none,0,N,N,0,0,1,0,0,0
Florida Keys,Elbow Reef,EL1,EL1-t059,21,12,10,10,100%,JC,,0,none,none,none,0,N,N,0,0,0,0,0,0
Florida Keys,Elbow Reef,EL1,EL1-t060,21,52,40,37,100%,BC,,0,none,none,none,0,N,N,0,0,1,0,0,0
Florida Keys,Elbow Reef,EL1,EL1-t061,21,35,27,40,60%,JC,,0,none,none,none,0,N,N,0,0,0,0,0,0
Florida Keys,Elbow Reef,EL1,EL1-t062,21,25,20,10,98%,JC,,5,FS,none,none,0,N,N,0,2,0,0,0,0
Florida Keys,Elbow Reef,EL2,EL2-t064,21,14,9,9,70%,JC,,0,none,none,none,0,N,N,0,0,0,0,0,0
Florida Keys,Elbow Reef,EL2,EL2-t065,21,95,90,80,1%,RC,,0,none,none,none,0,N,N,0,0,0,0,0,0
Florida Keys,Elbow Reef,EL2,EL2-t066,21,126,87,82,45%,BC,,1,WBD,none,none,0,N,N,0,0,1,0,0,0
Florida Keys,Elbow Reef,EL2,EL2-t067,21,62,35,23,25%,BC,,0,none,none,none,0,N,N,0,0,0,0,0,0
Florida Keys,Elbow Reef,EL2,EL2-t068,21,10,8,2,100%,JC,,0,none,none,none,0,N,N,0,0,0,0,0,0
Florida Keys,Elbow Reef,EL2,EL2-t069,21,105,60,55,65%,BC,,0,none,none,none,0,N,N,0,0,0,0,0,0
Florida Keys,Elbow Reef,EL2,EL2-t070,21,18,14,16,25%,RC,,0,none,none,none,0,N,N,0,0,0,0,0,0
Florida Keys,Elbow Reef,EL2,EL2-t071,21,4,4,1,100%,EC,,0,none,none,none,0,N,N,0,0,0,0,0,0
Florida Keys,Elbow Reef,EL2,EL2-t072,21,85,65,28,15%,RC,,0,none,none,none,0,N,N,0,0,0,0,0,0
Florida Keys,Elbow Reef,EL2,EL2-t073,21,145,113,63,75%,BC,,2,FS,none,none,0,N,N,0,9,0,0,0,0
Florida Keys,Elbow Reef,EL2,EL2-t913,21,205,112,85,60%,BC,,0,none,none,none,0,N,N,0,0,1,0,1,1
Florida Keys,Elbow Reef,EL3,EL3-t076,21,138,67,79,55%,BC,,1,FS,none,none,0,N,N,0,7,0,1,0,0
Florida Keys,Elbow Reef,EL3,EL3-t077,21,65,30,26,45%,BC,,0,none,none,none,0,N,N,0,0,1,0,0,0
Florida Keys,Elbow Reef,EL3,EL3-t078,21,41,29,40,60%,BC,,1,FS,none,none,0,N,N,0,2,1,0,1,0
Florida Keys,Elbow Reef,EL3,EL3-t079,21,40,20,30,25%,RC,,0,none,none,none,0,N,N,0,0,0,0,1,0
Florida Keys,Elbow Reef,EL3,EL3-t083,21,98,73,59,75%,BC,,0,none,none,none,0,N,N,0,0,0,0,1,0
Florida Keys,Elbow Reef,EL3,EL3-t086,21,160,120,70,60%,BC,,1,CL,CB,none,0,N,N,0,0,1,0,0,0
Florida Keys,Elbow Reef,EL3,EL3-t911,21,92,48,58,80%,BC,,0,none,none,none,0,N,N,0,0,0,0,0,0
Florida Keys,Elbow Reef,EL4,EL4-t153,21,198,144,68,60%,BC,,1,FS,FP,none,0,N,N,0,18,1,0,0,0
Florida Keys,Elbow Reef,EL4,EL4-t154,21,140,90,84,60%,BC,,1,FS,none,none,0,N,N,0,4,0,0,1,0
Florida Keys,Elbow Reef,EL4,EL4-t158,21,66,51,58,80%,BC,,0,none,none,none,0,N,N,0,0,0,0,0,0
Florida Keys,Elbow Reef,EL4,EL4-t160,21,67,39,32,95%,BC,,0,none,none,none,0,N,N,0,0,0,0,0,0
Florida Keys,Elbow Reef,EL4,EL4-t164,21,14,13,13,50%,EC,,0,none,none,none,0,N,N,0,0,0,0,0,0
Florida Keys,Elbow Reef,EL4,EL4-t165,21,6,4,2,100%,EC,,0,none,none,none,0,N,N,0,0,0,0,0,0
Florida Keys,Elbow Reef,EL4,EL4-t168,21,149,135,84,99%,BC,,0,none,none,none,0,N,N,0,0,0,0,0,0
Florida Keys,Elbow Reef,EL4,EL4-t922,21,3,2,3,100%,EC,,0,none,none,none,0,N,N,0,0,0,0,0,0
Florida Keys,Elbow Reef,EL5,EL5-t177,21,78,62,52,70%,BC,,1,FS,none,none,0,N,N,0,4,0,0,0,0
Florida Keys,Elbow Reef,EL5,EL5-t180,21,121,100,60,65%,BC,,1,FS,none,none,0,N,N,0,4,0,0,0,0
Florida Keys,Elbow Reef,EL5,EL5-t183,21,14,12,12,100%,JC,,0,none,none,none,0,N,N,0,0,0,0,0,0
Florida Keys,French Reef,FR1,FR1-t001,21,16,10,12,90%,JC,,0,none,none,none,0,N,N,0,0,1,0,0,0
Florida Keys,French Reef,FR1,FR1-t002,21,80,50,44,65%,BC,,0,none,none,none,0,N,N,0,2,0,0,1,0
Florida Keys,French Reef,FR1,FR1-t003,21,10,9,12,60%,RC,,0,none,none,none,0,N,N,0,0,0,0,0,0
Florida Keys,French Reef,FR1,FR1-t004,21,78,63,67,20%,BC,,0,none,none,none,0,N,N,1,0,1,0,0,0
Florida Keys,French Reef,FR1,FR1-t005,21,130,100,70,50%,BC,,0,none,none,none,0,N,N,1,0,2,0,2,0
Florida Keys,French Reef,FR1,FR1-t006,21,142,100,67,40%,BC,,1,FS,none,none,1,N,Y,0,4,1,0,1,0
Florida Keys,French Reef,FR1,FR1-t007,21,30,13,18,20%,RC,,0,none,none,none,0,N,N,0,0,0,0,0,0
Florida Keys,French Reef,FR1,FR1-t008,21,88,78,70,50%,BC,,0,none,none,none,1,N,N,3,0,2,0,0,0
Florida Keys,French Reef,FR1,FR1-t009,21,195,180,70,75%,BC,,0,none,none,none,1,N,Y,1,0,3,0,0,0
Florida Keys,French Reef,FR1,FR1-t010,21,70,56,42,35%,BC,,0,none,none,none,0,Y,N,1,0,1,0,1,0
Florida Keys,French Reef,FR1,FR1-t011,21,20,12,14,100%,JC,,0,none,none,none,0,N,N,0,0,0,0,0,0
Florida Keys,French Reef,FR2,FR2-t250,21,102,62,55,15%,RC,,0,none,none,none,0,N,N,0,0,0,0,1,0
Florida Keys,French Reef,FR2,FR2-t251,21,26,25,38,99%,JC,,0,none,none,none,0,N,N,0,0,1,0,0,0
Florida Keys,French Reef,FR2,FR2-t252,21,16,15,12,75%,JC,,0,none,none,none,0,N,N,0,0,0,0,0,0
Florida Keys,French Reef,FR2,FR2-t254,21,30,20,18,5%,AF,,0,none,none,none,0,N,N,0,0,1,0,1,1
Florida Keys,French Reef,FR2,FR2-t255,21,26,15,24,70%,JC,,0,none,none,none,0,N,N,0,0,1,0,1,0
Florida Keys,French Reef,FR2,FR2-t256,21,40,23,35,90%,BC,,1,CL,none,none,0,N,N,0,0,1,0,0,0
Florida Keys,French Reef,FR2,FR2-t257,21,10,9,5,98%,EC,,0,none,none,none,0,N,N,0,0,0,0,0,0
Florida Keys,French Reef,FR2,FR2-t258,21,30,20,24,70%,JC,,0,none,none,none,0,N,N,0,0,0,0,0,0
Florida Keys,French Reef,FR2,FR2-t259,21,25,18,28,85%,JC,,0,none,none,none,0,N,N,0,0,1,0,0,0
Florida Keys,French Reef,FR2,FR2-t260,21,16,12,20,98%,JC,,0,none,none,none,0,N,N,0,0,0,0,0,0
Florida Keys,French Reef,FR2,FR2-t261,21,85,60,50,15%,BC,,0,none,none,none,0,N,N,0,0,2,0,1,0
Florida Keys,French Reef,FR2,FR2-t262,21,15,8,12,90%,JC,,0,none,none,none,0,N,N,0,0,0,0,0,0
Florida Keys,Key Largo Dry Rocks,KL1,KL1-t104,21,114,81,64,25%,BC,,1,FS,RTL,none,0,N,N,0,2,0,0,1,0
Florida Keys,Key Largo Dry Rocks,KL1,KL1-t105,21,220,160,85,15%,BC,,1,FP,none,none,0,N,N,0,0,1,0,1,0
Florida Keys,Key Largo Dry Rocks,KL1,KL1-t106,21,81,49,45,20%,RC,,0,none,none,none,0,N,N,0,0,0,0,1,0
Florida Keys,Key Largo Dry Rocks,KL1,KL1-t107,21,120,75,55,15%,BC,,0,none,none,none,0,N,N,2,0,1,0,0,0
Florida Keys,Key Largo Dry Rocks,KL1,KL1-t108,21,165,90,80,40%,BC,,1,FP,none,none,0,N,N,0,0,1,0,1,0
Florida Keys,Key Largo Dry Rocks,KL1,KL1-t109,21,12,7,3,65%,EC,,0,none,none,none,0,N,N,0,0,0,0,1,0
Florida Keys,Key Largo Dry Rocks,KL1,KL1-t110,21,175,100,85,25%,RC,,1,FS,none,none,0,N,N,0,6,1,0,1,0
Florida Keys,Key Largo Dry Rocks,KL1,KL1-t904,21,21,15,14,75%,JC,,0,none,none,none,0,N,N,0,0,0,0,0,0
Florida Keys,Key Largo Dry Rocks,KL3,KL3-t215,21,74,50,43,25%,BC,,1,FS,none,none,0,N,N,0,0,0,0,0,0
Florida Keys,Key Largo Dry Rocks,KL3,KL3-t216,21,73,55,50,10%,RC,,0,none,none,none,0,N,N,0,0,1,0,0,0
Florida Keys,Key Largo Dry Rocks,KL3,KL3-t217,21,71,60,48,20%,BC,,1,WBD,none,none,0,N,N,1,0,1,0,0,0
Florida Keys,Key Largo Dry Rocks,KL3,KL3-t219,21,175,74,62,10%,BC,,1,FS,CB,none,0,N,N,2,3,1,0,0,0
Florida Keys,Key Largo Dry Rocks,KL3,KL3-t220,21,77,63,51,15%,BC,,0,none,none,none,0,N,N,2,0,1,0,1,0
Florida Keys,Key Largo Dry Rocks,KL3,KL3-t222,21,22,20,16,100%,JC,,0,none,none,none,0,N,N,0,0,1,0,0,0
Florida Keys,Key Largo Dry Rocks,KL3,KL3-t223,21,46,29,48,30%,BC,,2,FS,none,none,0,N,N,0,9,1,0,1,0
Florida Keys,Molasses Reef,ML1,ML1-t013,21,144,92,72,85%,BC,,2,Oth,FS,none,0,N,Y,2,2,1,0,1,4
Florida Keys,Molasses Reef,ML1,ML1-t014,21,95,72,25,1%,RC,,1,FS,none,none,0,N,N,0,9,0,0,1,0
Florida Keys,Molasses Reef,ML1,ML1-t015,21,40,37,28,90%,BC,,2,FS,none,none,0,N,N,0,1,0,0,0,1
Florida Keys,Molasses Reef,ML1,ML1-t016,21,100,80,48,90%,BC,,2,FS,none,none,0,N,Y,2,7,1,0,1,1
Florida Keys,Molasses Reef,ML1,ML1-t017,21,55,35,37,25%,BC,,1,FS,none,none,0,N,N,0,3,0,0,0,1
Florida Keys,Molasses Reef,ML1,ML1-t018,21,36,23,25,99%,JC,,0,none,none,none,0,N,N,0,0,0,0,0,0
Florida Keys,Molasses Reef,ML1,ML1-t020,21,205,150,105,20%,BC,,0,none,none,none,0,N,N,0,0,0,0,1,0
Florida Keys,Molasses Reef,ML1,ML1-t920,21,7,4,3,100%,EC,,0,none,none,none,0,N,N,0,0,0,0,0,0
Florida Keys,Molasses Reef,ML2,ML2-t126,21,247,165,100,35%,BC,,1,FS,none,none,0,N,N,2,2,2,0,6,0
Florida Keys,Molasses Reef,ML2,ML2-t127,21,64,58,50,55%,BC,,0,none,none,none,0,N,N,3,0,1,0,0,0
Florida Keys,Molasses Reef,ML2,ML2-t128,21,31,21,28,65%,JC,,1,FS,none,none,0,Y,N,2,3,1,0,0,0
Florida Keys,Molasses Reef,ML2,ML2-t129,21,153,130,70,20%,BC,,1,FS,none,none,0,N,N,2,3,1,0,0,0
Florida Keys,Molasses Reef,ML2,ML2-t130,21,165,85,65,10%,BC,,1,CB,none,none,0,Y,N,0,0,0,0,1,0
Florida Keys,Molasses Reef,ML2,ML2-t131,21,132,115,63,50%,BC,,1,FS,CL,CB,0,Y,N,1,4,1,0,0,0
Florida Keys,Molasses Reef,ML2,ML2-t132,21,175,102,80,45%,BC,,1,FS,none,none,0,Y,N,1,5,1,0,1,0
Florida Keys,Molasses Reef,ML2,ML2-t137,21,10,10,3,90%,EC,,0,none,none,none,0,N,N,0,0,0,0,0,0
Florida Keys,Molasses Reef,ML2,ML2-t141,21,7,4,3,100%,EC,,0,none,none,none,0,N,N,0,0,0,0,0,0
Florida Keys,Molasses Reef,ML3,ML3-t144,21,124,94,65,75%,BC,,1,FS,none,none,0,Y,Y,1,1,1,0,0,0
Florida Keys,Molasses Reef,ML3,ML3-t145,21,161,97,63,80%,BC,,0,none,none,none,0,N,N,3,0,1,0,0,0
Florida Keys,Molasses Reef,ML3,ML3-t146,21,173,130,78,80%,BC,,0,none,none,none,0,N,N,3,0,1,0,0,0
Florida Keys,Molasses Reef,ML3,ML3-t147,21,240,205,80,40%,BC,,0,none,none,none,0,Y,N,2,6,3,0,2,0
Florida Keys,Molasses Reef,ML3,ML3-t148,21,128,95,75,60%,BC,,1,FS,Cl,none,0,Y,N,0,5,1,0,0,0
Florida Keys,Molasses Reef,ML3,ML3-t150,21,57,50,39,98%,BC,,0,none,none,none,0,N,N,0,0,1,1,0,0
Florida Keys,Molasses Reef,ML3,ML3-t184,21,214,180,85,85%,BC,,2,WBD,none,none,0,Y,N,0,0,1,0,0,0
Florida Keys,Molasses Reef,ML3,ML3-t185,21,19,18,15,85%,JC,,0,none,none,none,0,N,N,0,0,0,0,0,0
Florida Keys,Molasses Reef,ML3,ML3-t186,21,37,28,16,95%,JC,,0,none,none,none,0,Y,N,0,0,0,0,0,0
Florida Keys,Molasses Reef,ML3,ML3-t915,21,59,47,40,95%,BC,,3,FS,none,none,1,N,N,2,2,1,0,0,0
Florida Keys,Sand Island,SI1,SI1-t301,21,22,13,12,100%,EC,,0,none,none,none,0,N,N,0,0,0,0,0,0
Florida Keys,Sand Island,SI1,SI1-t302,21,111,74,55,70%,BC,,1,FS,none,none,0,N,N,0,3,0,0,0,0
Florida Keys,Sand Island,SI1,SI1-t304,21,55,35,17,100%,AF,,0,none,none,none,0,N,N,0,0,0,0,0,0
Florida Keys,Sand Island,SI1,SI1-t305,21,10,8,8,60%,EC,,0,none,none,none,2,N,N,0,0,0,0,0,0
Florida Keys,Sand Island,SI1,SI1-t308,21,85,45,55,65%,BC,,1,CL,none,none,0,N,N,0,0,0,0,0,0
Florida Keys,Sand Island,SI1,SI1-t309,21,155,143,100,35%,BC,,1,FS,none,none,0,N,N,0,9,0,0,0,0
Florida Keys,Sand Island,SI1,SI1-t311,21,34,17,12,100%,JC,,0,none,none,none,0,N,N,0,0,0,0,0,0
Florida Keys,Sand Island,SI1,SI1-t312,21,21,21,20,95%,JC,,5,FP,none,none,0,N,N,0,0,0,0,0,0
Florida Keys,Sand Island,SI1,SI1-t318,21,28,18,13,80%,EC,,0,none,none,none,1,N,N,0,0,0,0,0,0
Florida Keys,Sand Island,SI1,SI1-t319,21,85,65,75,40%,RC,,1,FS,none,none,0,N,N,0,5,0,0,0,0
Florida Keys,Sand Island,SI1,SI1-t320,21,11,11,6,100%,EC,,0,none,none,none,0,N,N,0,0,0,0,0,0
Florida Keys,Sand Island,SI1,SI1-t321,21,50,36,52,65%,BC,,2,FS,none,none,0,N,N,0,3,0,0,0,0
Florida Keys,Sand Island,SI2,SI2-t322,21,50,26,37,45%,AF,,1,FS,none,none,0,N,N,0,3,0,0,0,0
Florida Keys,Sand Island,SI2,SI2-t323,21,88,83,60,50%,RC,,0,none,none,none,0,N,N,0,0,0,0,0,0
Florida Keys,Sand Island,SI2,SI2-t324,21,107,85,95,90%,BC,,0,none,none,none,0,N,N,0,0,0,0,1,0
Florida Keys,Sand Island,SI2,SI2-t325,21,10,7,3,100%,EC,,0,none,none,none,0,N,N,0,0,0,0,0,0
Florida Keys,Sand Island,SI2,SI2-t326,21,121,80,83,80%,BC,,1,FS,none,none,0,N,Y,1,9,1,0,1,0
Florida Keys,Sand Island,SI2,SI2-t327,21,70,30,43,25%,AF,,0,none,none,none,0,N,N,0,0,0,0,0,0
Florida Keys,Sand Island,SI2,SI2-t328,21,57,19,25,85%,AF,,0,none,none,none,0,Y,N,0,0,1,0,0,0
Florida Keys,Sand Island,SI2,SI2-t329,21,11,10,10,100%,JC,,0,none,none,none,0,N,N,0,0,0,0,0,0
Florida Keys,Sand Island,SI2,SI2-t330,21,26,24,23,100%,JC,,0,none,none,none,0,N,N,0,0,0,0,0,0
Florida Keys,Sand Island,SI2,SI2-t333,21,48,40,33,98%,BC,,0,none,none,none,0,N,N,0,0,0,0,0,1
Florida Keys,Sand Island,SI2,SI2-t334,21,290,170,140,65%,BC,,1,FS,none,none,0,N,Y,1,4,4,0,1,0
Florida Keys,Sand Island,SI2,SI2-t335,21,11,6,9,85%,EC,,2,FS,none,none,0,N,N,0,1,0,0,0,0
Florida Keys,Turtle Rocks,TR1,TR1-t289,21,45,35,25,75%,AF,,0,none,none,none,0,N,N,0,0,0,0,0,0
Florida Keys,Turtle Rocks,TR1,TR1-t290,21,15,7,6,75%,AF,,0,none,none,none,0,N,N,0,0,0,0,0,0
Florida Keys,Turtle Rocks,TR1,TR1-t291,21,110,105,55,95%,BC,,0,none,none,none,0,N,N,0,0,0,0,0,0
Florida Keys,Turtle Rocks,TR1,TR1-t292,21,22,20,11,100%,AF,,0,none,none,none,0,N,N,0,0,0,0,0,0
Florida Keys,Turtle Rocks,TR1,TR1-t293,21,85,94,50,80%,BC,,0,none,none,none,0,N,N,0,0,0,0,0,0
Florida Keys,Turtle Rocks,TR1,TR1-t294,21,25,16,15,20%,AF,,0,none,none,none,0,N,N,0,0,0,0,0,0
Florida Keys,Turtle Rocks,TR1,TR1-t295,21,4,3,4,100%,JC,,0,none,none,none,0,N,N,0,0,0,0,0,0
Florida Keys,Turtle Rocks,TR1,TR1-t296,21,36,20,22,65%,JC,,0,none,none,none,0,N,N,0,0,0,0,0,0
Florida Keys,Turtle Rocks,TR1,TR1-t297,21,45,40,25,90%,AF,,0,none,none,none,0,N,N,0,0,0,0,0,0
Florida Keys,Turtle Rocks,TR1,TR1-t298,21,7,5,4,100%,AF,,0,none,none,none,0,N,N,0,0,0,0,0,0
Florida Keys,Turtle Rocks,TR1,TR1-t299,21,100,87,40,99%,BC,,0,none,none,none,0,N,N,0,0,0,0,0,0
Florida Keys,Turtle Rocks,TR1,TR1-t300,21,200,130,60,75%,BC,,0,none,none,none,0,N,N,0,0,0,0,0,0
Florida Keys,Turtle Rocks,TR2,TR2-t348,21,12,13,10,99%,AF,,0,none,none,none,0,N,N,0,0,0,0,0,0
Florida Keys,Turtle Rocks,TR2,TR2-t349,21,148,102,63,80%,BC,,4,FP,CL,WBD,0,N,N,0,0,0,0,0,0
Florida Keys,Turtle Rocks,TR2,TR2-t350,21,50,32,26,20%,AF,,0,none,none,none,0,N,N,0,0,0,0,0,0
Florida Keys,Turtle Rocks,TR2,TR2-t351,21,12,9,10,100%,JC,,0,none,none,none,0,N,N,0,0,0,0,0,0
Florida Keys,Turtle Rocks,TR2,TR2-t352,21,23,12,14,100%,JC,,0,none,none,none,0,N,N,0,0,0,0,0,0
Florida Keys,Turtle Rocks,TR2,TR2-t353,21,35,29,26,85%,JC,,0,none,none,none,0,N,N,0,0,0,0,0,0
Florida Keys,Turtle Rocks,TR2,TR2-t354,21,33,24,10,30%,AF,,0,none,none,none,0,N,N,0,0,0,0,0,0
Florida Keys,Turtle Rocks,TR2,TR2-t355,21,16,11,15,75%,JC,,0,none,none,none,0,N,N,0,0,0,0,0,0
Florida Keys,Turtle Rocks,TR2,TR2-t356,21,66,37,30,75%,BC,,0,none,none,none,1,N,N,0,0,0,0,0,0
Florida Keys,Turtle Rocks,TR2,TR2-t357,21,6,8,13,100%,JC,,0,none,none,none,0,N,N,0,0,0,0,0,0
Florida Keys,Turtle Rocks,TR2,TR2-t358,21,7,6,4,100%,AF,,0,none,none,none,0,N,N,0,0,0,0,0,0
Florida Keys,Turtle Rocks,TR2,TR2-t359,21,12,9,4,85%,AF,,0,none,none,none,0,N,N,0,0,0,0,0,0
Florida Keys,Turtle Rocks,TR3,TR3-t360,21,30,23,23,100%,AF,,0,none,none,none,0,N,N,0,0,0,0,0,0
Florida Keys,Turtle Rocks,TR3,TR3-t361,21,35,32,20,75%,AF,,0,none,none,none,0,N,N,0,0,0,0,0,0
Florida Keys,Turtle Rocks,TR3,TR3-t362,21,14,13,11,100%,JC,,0,none,none,none,0,N,N,0,0,0,0,0,0
Florida Keys,Turtle Rocks,TR3,TR3-t363,21,16,9,7,70%,AF,,0,none,none,none,0,N,N,0,0,0,0,0,0
Florida Keys,Turtle Rocks,TR3,TR3-t364,21,183,132,70,80%,BC,,2,FP,WPx,FS,0,N,Y,0,5,0,0,1,1
Florida Keys,Turtle Rocks,TR3,TR3-t365,21,34,14,23,100%,JC,,0,none,none,none,0,N,N,0,0,0,0,0,0
Florida Keys,Turtle Rocks,TR3,TR3-t366,21,20,14,14,100%,JC,,0,none,none,none,0,N,N,0,0,0,0,0,0
Florida Keys,Turtle Rocks,TR3,TR3-t367,21,9,7,3,100%,EC,,0,none,none,none,0,N,N,0,0,0,0,0,0
Florida Keys,Turtle Rocks,TR3,TR3-t368,21,32,21,17,100%,AF,,0,none,none,none,0,N,N,0,0,0,0,0,0
Florida Keys,Turtle Rocks,TR3,TR3-t369,21,36,18,17,100%,AF,,0,none,none,none,0,N,N,0,0,0,0,0,0
Florida Keys,Turtle Rocks,TR3,TR3-t370,21,77,44,48,100%,BC,,0,none,none,none,0,N,N,0,0,0,0,0,0
Florida Keys,Turtle Rocks,TR3,TR3-t371,21,48,33,27,80%,BC,,0,none,none,none,0,N,N,0,0,0,0,0,0
Florida Keys,Carysfort Reef,CF1,CF1-t024,23,10,3,9,100%,EC,,0,none,none,none,0,N,N,0,0,0,0,0,0
Florida Keys,Carysfort Reef,CF1,CF1-t027,23,13,11,14,100%,JC,,0,none,none,none,0,N,N,0,0,0,0,0,0
Florida Keys,Carysfort Reef,CF1,CF1-t033,23,235,110,95,15%,BC,,1,FS,none,none,0,N,N,0,2,1,0,2,0
Florida Keys,Carysfort Reef,CF2,CF2-t038,23,213,189,87,35%,BC,,1,RTL,WPx,none,0,N,N,0,0,0,0,1,0
Florida Keys,Carysfort Reef,CF2,CF2-t040,23,94,43,53,25%,BC,,1,RTL,none,none,0,N,N,0,0,0,0,0,0
Florida Keys,Carysfort Reef,CF2,CF2-t042,23,57,40,18,90%,BC,,0,none,none,none,0,N,N,0,0,0,0,0,0
Florida Keys,Carysfort Reef,CF2,CF2-t043,23,137,93,58,80%,BC,,2,WPx,none,none,0,N,N,0,2,0,0,0,0
Florida Keys,Carysfort Reef,CF2,CF2-t045,23,146,95,80,80%,BC,,2,WPx,none,none,0,N,N,0,0,0,0,0,1
Florida Keys,Carysfort Reef,CF2,CF2-t046,23,78,34,45,25%,BC,,1,FS,WPx,none,0,N,N,0,4,0,0,1,0
Florida Keys,Carysfort Reef,CF2,CF2-t047,23,200,100,67,60%,BC,,1,WPx,RTL,none,0,N,N,0,0,1,0,1,0
Florida Keys,Carysfort Reef,CF2,CF2-t048,23,105,100,75,75%,BC,,1,WPx,RTL,none,0,N,N,0,0,0,0,1,0
Florida Keys,Carysfort Reef,CF2,CF2-t049,23,148,85,70,40%,BC,,2,FS,WPx,none,0,N,N,0,12,0,0,0,0
Florida Keys,Carysfort Reef,CF3,CF3-t088,23,282,154,100,35%,BC,,1,RTL,CB,none,0,N,N,2,0,3,0,1,0
Florida Keys,Carysfort Reef,CF3,CF3-t090,23,357,179,82,70%,BC,,2,RTL,FS,CB,0,N,N,2,9,5,0,1,0
Florida Keys,Carysfort Reef,CF3,CF3-t092,23,208,148,77,55%,BC,,2,RTL,none,none,0,N,N,2,0,3,0,1,0
Florida Keys,Carysfort Reef,CF3,CF3-t095,23,205,160,110,70%,BC,,1,RTL,FS,CB,0,N,N,1,2,4,0,1,0
Florida Keys,Carysfort Reef,CF3,CF3-t916,23,45,37,30,0%,D,,2,Oth,none,none,,N,N,,0,0,0,0,0
Florida Keys,Elbow Reef,EL1,EL1-t051,23,170,115,97,20%,BC,,1,FS,none,none,0,N,N,0,2,2,0,0,1
Florida Keys,Elbow Reef,EL1,EL1-t052,23,259,200,82,70%,BC,,1,CB,CL,none,0,N,Y,1,0,2,0,1,0
Florida Keys,Elbow Reef,EL1,EL1-t054,23,135,130,60,65%,BC,,0,none,none,none,0,N,N,1,0,0,0,0,0
Florida Keys,Elbow Reef,EL1,EL1-t055,23,222,164,67,75%,BC,,4,RTL,FP,CL,0,N,N,2,0,2,0,0,3
Florida Keys,Elbow Reef,EL1,EL1-t056,23,100,64,45,70%,BC,,1,CL,none,none,0,N,N,0,0,1,0,0,0
Florida Keys,Elbow Reef,EL1,EL1-t059,23,14,12,12,100%,JC,,0,none,none,none,0,N,N,0,0,0,0,0,0
Florida Keys,Elbow Reef,EL1,EL1-t060,23,55,44,40,99%,BC,,5,FP,none,none,0,N,N,0,0,0,0,0,2
Florida Keys,Elbow Reef,EL1,EL1-t061,23,35,33,42,60%,JC,,0,none,none,none,0,N,N,0,0,1,0,0,0
Florida Keys,Elbow Reef,EL1,EL1-t062,23,26,22,14,90%,JC,,2,FS,CB,none,0,N,N,0,3,0,0,0,0
Florida Keys,Elbow Reef,EL2,EL2-t064,23,13,8,12,60%,EC,,0,none,none,none,0,N,N,0,0,0,0,0,0
Florida Keys,Elbow Reef,EL2,EL2-t065,23,95,90,80,1%,RC,,0,none,none,none,0,N,N,0,0,0,0,0,0
Florida Keys,Elbow Reef,EL2,EL2-t066,23,130,90,85,45%,BC,,0,none,none,none,0,N,Y,0,0,1,0,0,0
Florida Keys,Elbow Reef,EL2,EL2-t067,23,64,38,25,25%,BC,,0,none,none,none,0,N,N,0,0,0,0,1,0
Florida Keys,Elbow Reef,EL2,EL2-t068,23,11,10,4,100%,JC,,0,none,none,none,0,N,N,0,0,0,0,0,0
Florida Keys,Elbow Reef,EL2,EL2-t069,23,105,62,55,65%,BC,,0,none,none,none,0,N,N,0,0,1,0,1,0
Florida Keys,Elbow Reef,EL2,EL2-t070,23,18,15,16,25%,RC,,0,none,none,none,0,N,N,0,0,0,0,0,0
Florida Keys,Elbow Reef,EL2,EL2-t071,23,4,4,1,100%,EC,,0,none,none,none,0,N,N,0,0,0,0,0,0
Florida Keys,Elbow Reef,EL2,EL2-t072,23,85,65,30,15%,BC,,0,none,none,none,0,N,N,0,0,1,0,0,0
Florida Keys,Elbow Reef,EL2,EL2-t073,23,148,116,63,75%,BC,,4,FS,none,none,0,N,N,0,7,0,0,0,1
Florida Keys,Elbow Reef,EL2,EL2-t913,23,207,118,85,60%,BC,,1,WPx,none,none,0,N,N,0,0,0,0,0,2
Florida Keys,Elbow Reef,EL3,EL3-t076,23,140,70,80,60%,BC,,1,FS,none,none,0,N,N,0,7,0,0,1,0
Florida Keys,Elbow Reef,EL3,EL3-t077,23,65,30,26,45%,BC,,1,FP,none,none,0,N,N,0,0,0,0,1,1
Florida Keys,Elbow Reef,EL3,EL3-t078,23,41,30,41,60%,BC,,1,FS,none,none,0,N,N,0,3,1,0,0,0
Florida Keys,Elbow Reef,EL3,EL3-t079,23,40,20,30,25%,RC,,0,none,none,none,0,N,N,0,0,0,0,0,0
Florida Keys,Elbow Reef,EL3,EL3-t083,23,100,75,60,65%,BC,,3,RTL,CB,CL,0,N,N,0,0,0,0,0,0
Florida Keys,Elbow Reef,EL3,EL3-t086,23,162,121,70,65%,BC,,1,WPx,FS,none,0,N,N,0,1,1,0,0,0
Florida Keys,Elbow Reef,EL3,EL3-t911,23,100,50,60,80%,BC,,0,none,none,none,0,N,N,0,0,0,0,0,0
Florida Keys,Elbow Reef,EL4,EL4-t153,23,206,152,72,60%,BC,,1,FS,RTL,none,0,N,N,0,18,1,1,0,0
Florida Keys,Elbow Reef,EL4,EL4-t154,23,140,100,84,60%,BC,,1,FP,none,none,0,N,N,0,2,0,0,1,0
Florida Keys,Elbow Reef,EL4,EL4-t158,23,72,53,60,90%,BC,,0,none,none,none,0,N,N,0,0,0,0,0,1
Florida Keys,Elbow Reef,EL4,EL4-t160,23,74,41,33,95%,BC,,0,none,none,none,0,N,N,0,0,0,0,0,0
Florida Keys,Elbow Reef,EL4,EL4-t164,23,14,10,11,30%,EC,,2,WBD,none,none,0,N,N,0,0,0,0,0,0
Florida Keys,Elbow Reef,EL4,EL4-t165,23,6,4,2,100%,EC,,0,none,none,none,0,N,N,0,0,0,0,0,0
Florida Keys,Elbow Reef,EL4,EL4-t168,23,155,140,85,95%,BC,,3,Oth,CB,FS,0,N,N,0,1,0,0,0,0
Florida Keys,Elbow Reef,EL4,EL4-t922,23,5,4,5,100%,JC,,0,none,none,none,0,N,N,0,0,0,0,0,0
Florida Keys,Elbow Reef,EL5,EL5-t177,23,80,62,52,65%,BC,,1,FS,none,none,0,N,N,0,3,0,0,0,0
Florida Keys,Elbow Reef,EL5,EL5-t180,23,124,101,60,75%,BC,,0,none,none,none,0,N,Y,0,0,0,1,0,0
Florida Keys,Elbow Reef,EL5,EL5-t183,23,15,14,13,100%,JC,,0,none,none,none,0,N,N,0,0,0,0,0,0
Florida Keys,French Reef,FR1,FR1-t001,23,15,10,13,30%,RC,,2,RTL,none,none,0,N,N,0,0,0,0,0,0
Florida Keys,French Reef,FR1,FR1-t002,23,80,50,45,65%,BC,,1,FS,CB,FP,0,N,N,0,1,0,0,0,0
Florida Keys,French Reef,FR1,FR1-t003,23,9,8,13,70%,JC,,0,none,none,none,0,N,N,0,0,1,0,0,0
Florida Keys,French Reef,FR1,FR1-t004,23,75,65,67,20%,RC,,0,none,none,none,0,N,Y,0,0,1,0,0,0
Florida Keys,French Reef,FR1,FR1-t005,23,130,102,70,50%,BC,,1,Oth,CL,none,0,N,N,1,0,1,0,1,0
Florida Keys,French Reef,FR1,FR1-t006,23,144,100,68,35%,BC,,2,RTL,FS,CB,0,N,N,1,3,1,0,1,0
Florida Keys,French Reef,FR1,FR1-t007,23,32,17,18,25%,RC,,0,none,none,none,0,N,N,0,0,0,0,1,0
Florida Keys,French Reef,FR1,FR1-t008,23,88,78,73,45%,BC,,2,RTL,CB,none,0,N,N,3,0,1,0,0,0
Florida Keys,French Reef,FR1,FR1-t009,23,201,185,74,55%,BC,,3,WBD,RTL,CB,1,N,N,2,0,6,0,2,0
Florida Keys,French Reef,FR1,FR1-t010,23,70,56,42,30%,RC,,1,RTL,CB,none,0,N,N,0,0,1,0,0,0
Florida Keys,French Reef,FR1,FR1-t011,23,21,12,14,15%,RC,,3,RTL,none,none,0,N,N,0,0,0,0,0,0
Florida Keys,French Reef,FR2,FR2-t250,23,102,62,55,15%,RC,,0,none,none,none,0,N,N,0,0,0,0,0,0
Florida Keys,French Reef,FR2,FR2-t251,23,30,28,35,90%,JC,,0,none,none,none,0,N,N,0,0,0,0,0,0
Florida Keys,French Reef,FR2,FR2-t252,23,17,13,14,70%,RC,,3,FS,none,none,0,N,N,0,1,0,0,0,0
Florida Keys,French Reef,FR2,FR2-t254,23,,,,0%,D,,,,,,,N,N,,,,,,
Florida Keys,French Reef,FR2,FR2-t255,23,25,15,22,60%,JC,,2,RTL,CB,none,0,N,N,0,0,1,0,0,0
Florida Keys,French Reef,FR2,FR2-t256,23,42,25,33,80%,BC,,3,WPx,none,none,0,N,N,0,0,0,0,0,0
Florida Keys,French Reef,FR2,FR2-t257,23,9,6,9,100%,EC,,0,none,none,none,0,N,N,0,0,0,0,0,0
Florida Keys,French Reef,FR2,FR2-t258,23,30,22,27,70%,JC,,0,none,none,none,0,N,N,0,0,1,0,0,0
Florida Keys,French Reef,FR2,FR2-t259,23,27,18,29,90%,JC,,0,none,none,none,0,N,N,0,0,1,0,0,0
Florida Keys,French Reef,FR2,FR2-t260,23,16,15,24,98%,JC,,0,none,none,none,0,N,N,0,0,0,0,0,0
Florida Keys,French Reef,FR2,FR2-t261,23,84,60,50,20%,BC,,1,FS,CL,none,0,N,N,0,1,0,0,0,0
Florida Keys,French Reef,FR2,FR2-t262,23,12,12,14,80%,EC,,0,none,none,none,0,N,N,0,0,0,0,0,0
Florida Keys,Key Largo Dry Rocks,KL1,KL1-t104,23,113,84,64,15%,BC,,2,RTL,none,none,0,N,N,0,0,0,0,0,0
Florida Keys,Key Largo Dry Rocks,KL1,KL1-t105,23,220,162,87,20%,BC,,1,RTL,FP,WPx,0,N,N,0,0,0,0,1,0
Florida Keys,Key Largo Dry Rocks,KL1,KL1-t106,23,82,49,45,20%,RC,,0,none,none,none,0,N,N,0,0,0,0,0,0
Florida Keys,Key Largo Dry Rocks,KL1,KL1-t107,23,120,75,55,15%,BC,,1,RTL,none,none,0,N,N,0,0,1,0,0,0
Florida Keys,Key Largo Dry Rocks,KL1,KL1-t108,23,166,90,80,35%,BC,,2,RTL,none,none,0,N,N,0,3,0,0,1,0
Florida Keys,Key Largo Dry Rocks,KL1,KL1-t109,23,11,9,3,60%,EC,,0,none,none,none,0,N,N,0,0,0,0,0,0
Florida Keys,Key Largo Dry Rocks,KL1,KL1-t110,23,175,100,85,25%,BC,,1,Oth,none,none,0,N,N,0,0,0,0,1,0
Florida Keys,Key Largo Dry Rocks,KL1,KL1-t904,23,23,18,15,80%,JC,,2,Oth,none,none,0,N,N,0,0,0,0,0,0
Florida Keys,Key Largo Dry Rocks,KL3,KL3-t215,23,67,50,45,30%,BC,,0,none,none,none,0,N,N,0,0,0,0,0,0
Florida Keys,Key Largo Dry Rocks,KL3,KL3-t216,23,73,55,50,1%,RC,,0,none,none,none,0,N,N,0,0,1,0,0,0
Florida Keys,Key Largo Dry Rocks,KL3,KL3-t217,23,73,63,48,20%,BC,,0,none,none,none,0,N,N,1,0,1,0,0,0
Florida Keys,Key Largo Dry Rocks,KL3,KL3-t219,23,174,74,63,5%,RC,,1,FS,none,none,0,N,N,2,5,2,0,0,0
Florida Keys,Key Largo Dry Rocks,KL3,KL3-t220,23,77,63,51,10%,BC,,1,FS,none,none,0,N,N,1,4,1,0,0,0
Florida Keys,Key Largo Dry Rocks,KL3,KL3-t222,23,26,24,18,98%,JC,,0,none,none,none,0,N,N,1,0,1,0,0,0
Florida Keys,Key Largo Dry Rocks,KL3,KL3-t223,23,45,27,47,5%,RC,,2,FS,RTL,none,0,N,N,0,2,1,0,1,0
Florida Keys,Molasses Reef,ML1,ML1-t013,23,147,94,72,85%,BC,,2,FS,CB,none,0,N,Y,2,8,1,0,1,4
Florida Keys,Molasses Reef,ML1,ML1-t014,23,,,,0%,D,,,,,,,N,N,,,,,,
Florida Keys,Molasses Reef,ML1,ML1-t015,23,43,35,30,65%,BC,,5,FS,none,none,0,N,N,0,4,0,0,0,0
Florida Keys,Molasses Reef,ML1,ML1-t016,23,100,83,50,90%,BC,,2,FS,none,none,0,N,Y,0,1,1,2,0,1
Florida Keys,Molasses Reef,ML1,ML1-t017,23,57,37,38,20%,BC,,1,FS,CL,none,0,N,N,0,3,0,0,0,0
Florida Keys,Molasses Reef,ML1,ML1-t018,23,39,28,26,95%,JC,,0,none,none,none,0,N,N,0,0,0,0,0,0
Florida Keys,Molasses Reef,ML1,ML1-t020,23,205,150,105,25%,BC,,1,FS,none,none,0,N,N,0,3,0,0,1,0
Florida Keys,Molasses Reef,ML1,ML1-t920,23,7,4,3,90%,EC,,0,none,none,none,0,N,N,0,0,0,0,0,0
Florida Keys,Molasses Reef,ML2,ML2-t126,23,247,165,100,40%,BC,,0,none,none,none,0,Y,N,2,4,2,0,1,0
Florida Keys,Molasses Reef,ML2,ML2-t127,23,64,60,50,50%,BC,,0,none,none,none,0,Y,N,3,0,1,0,0,0
Florida Keys,Molasses Reef,ML2,ML2-t128,23,32,26,30,45%,RC,,2,FS,none,none,0,N,N,2,1,1,0,0,0
Florida Keys,Molasses Reef,ML2,ML2-t129,23,153,130,70,25%,BC,,1,FS,none,none,0,Y,N,2,1,1,0,0,0
Florida Keys,Molasses Reef,ML2,ML2-t130,23,165,89,65,5%,RC,,0,none,none,none,0,N,N,0,0,0,0,1,0
Florida Keys,Molasses Reef,ML2,ML2-t131,23,136,118,65,50%,BC,,1,FP,none,none,0,N,N,1,2,2,0,0,0
Florida Keys,Molasses Reef,ML2,ML2-t132,23,177,107,83,45%,BC,,1,FS,CL,FP,0,Y,N,1,2,1,0,0,0
Florida Keys,Molasses Reef,ML2,ML2-t137,23,11,11,3,90%,EC,,0,none,none,none,0,Y,N,0,0,0,0,0,0
Florida Keys,Molasses Reef,ML2,ML2-t141,23,4,3,1,65%,EC,,0,none,none,none,0,N,N,0,0,0,0,0,0
Florida Keys,Molasses Reef,ML3,ML3-t144,23,126,90,67,80%,BC,,0,none,none,none,0,N,N,2,0,1,1,0,0
Florida Keys,Molasses Reef,ML3,ML3-t145,23,163,104,63,65%,BC,,3,RTL,none,none,0,N,N,3,0,2,0,0,0
Florida Keys,Molasses Reef,ML3,ML3-t146,23,175,135,78,75%,BC,,1,RTL,none,none,1,N,N,3,0,2,0,0,0
Florida Keys,Molasses Reef,ML3,ML3-t147,23,240,210,85,40%,BC,,1,RTL,FS,none,0,N,N,2,3,6,0,2,0
Florida Keys,Molasses Reef,ML3,ML3-t148,23,133,97,76,55%,BC,,1,CL,none,none,0,N,N,0,0,1,0,1,0
Florida Keys,Molasses Reef,ML3,ML3-t150,23,58,55,39,100%,BC,,0,none,none,none,0,N,N,0,0,1,0,0,0
Florida Keys,Molasses Reef,ML3,ML3-t184,23,215,182,84,80%,BC,,0,none,none,none,0,Y,N,0,0,1,0,1,0
Florida Keys,Molasses Reef,ML3,ML3-t185,23,19,19,17,90%,JC,,2,FS,none,none,1,N,N,0,2,0,0,0,0
Florida Keys,Molasses Reef,ML3,ML3-t186,23,36,31,18,98%,JC,,0,none,none,none,0,N,N,0,0,0,0,0,0
Florida Keys,Molasses Reef,ML3,ML3-t915,23,59,50,40,70%,BC,,5,WBD,FS,CB,0,N,N,3,1,1,0,0,0
Florida Keys,Sand Island,SI1,SI1-t301,23,22,18,8,100%,EC,,0,none,none,none,0,N,N,0,0,0,0,1,0
Florida Keys,Sand Island,SI1,SI1-t302,23,115,78,55,70%,BC,,1,FS,FP,none,0,N,N,0,6,0,0,1,0
Florida Keys,Sand Island,SI1,SI1-t304,23,57,37,17,100%,AF,,0,none,none,none,0,N,N,0,0,0,0,1,0
Florida Keys,Sand Island,SI1,SI1-t305,23,10,7,7,70%,EC,,0,none,none,none,0,N,N,0,0,0,0,0,0
Florida Keys,Sand Island,SI1,SI1-t308,23,85,52,55,60%,BC,,1,WBD,CL,none,0,N,N,0,0,0,0,1,0
Florida Keys,Sand Island,SI1,SI1-t309,23,150,142,100,20%,BC,,1,FS,RTL,none,0,N,N,0,18,0,0,1,0
Florida Keys,Sand Island,SI1,SI1-t311,23,32,19,12,100%,AF,,0,none,none,none,0,N,N,0,0,0,0,0,0
Florida Keys,Sand Island,SI1,SI1-t312,23,24,21,21,98%,JC,,0,none,none,none,0,N,N,0,0,0,0,0,0
Florida Keys,Sand Island,SI1,SI1-t318,23,28,19,14,85%,EC,,0,none,none,none,0,N,N,0,0,0,0,0,0
Florida Keys,Sand Island,SI1,SI1-t319,23,92,64,80,30%,BC,,1,FS,CB,none,0,N,N,0,7,0,0,0,0
Florida Keys,Sand Island,SI1,SI1-t320,23,13,11,6,100%,EC,,0,none,none,none,0,N,N,0,0,0,0,0,0
Florida Keys,Sand Island,SI1,SI1-t321,23,55,37,53,55%,BC,,3,FS,none,none,0,N,N,0,3,0,0,1,0
Florida Keys,Sand Island,SI2,SI2-t322,23,53,27,33,35%,AF,,1,Oth,none,none,0,N,N,0,0,0,0,0,0
Florida Keys,Sand Island,SI2,SI2-t323,23,88,83,60,50%,RC,,1,Oth,none,none,0,N,N,0,0,1,0,0,0
Florida Keys,Sand Island,SI2,SI2-t324,23,115,88,85,90%,BC,,0,none,none,none,0,N,N,0,0,0,0,1,0
Florida Keys,Sand Island,SI2,SI2-t325,23,10,6,3,100%,EC,,0,none,none,none,0,N,N,0,0,0,0,0,0
Florida Keys,Sand Island,SI2,SI2-t326,23,132,82,83,70%,BC,,2,RTL,FS,CB,0,N,Y,2,12,1,0,0,0
Florida Keys,Sand Island,SI2,SI2-t327,23,74,35,43,30%,AF,,1,FS,none,none,0,N,N,0,1,0,0,0,0
Florida Keys,Sand Island,SI2,SI2-t328,23,57,21,24,70%,AF,,3,RTL,FS,none,0,N,N,0,1,0,0,0,0
Florida Keys,Sand Island,SI2,SI2-t329,23,12,11,10,100%,JC,,0,none,none,none,0,N,N,0,0,0,0,0,0
Florida Keys,Sand Island,SI2,SI2-t330,23,31,26,23,100%,JC,,0,none,none,none,1,N,N,0,0,0,0,0,0
Florida Keys,Sand Island,SI2,SI2-t333,23,50,45,38,90%,BC,,4,FS,Oth,none,0,N,N,0,1,0,0,0,0
Florida Keys,Sand Island,SI2,SI2-t334,23,295,170,140,65%,BC,,1,FS,WPx,FP,0,N,Y,1,3,1,0,1,0
Florida Keys,Sand Island,SI2,SI2-t335,23,11,6,7,85%,EC,,0,none,none,none,0,N,N,0,0,0,0,0,0
Florida Keys,Sand Island,SI3,SI3-t336,23,6,6,5,65%,EC,,0,none,none,none,0,N,N,0,0,0,0,0,0
Florida Keys,Sand Island,SI3,SI3-t337,23,7,6,4,100%,EC,,0,none,none,none,0,N,N,0,0,0,0,0,0
Florida Keys,Sand Island,SI3,SI3-t338,23,20,10,19,80%,JC,,0,none,none,none,0,N,N,0,0,0,0,0,0
Florida Keys,Sand Island,SI3,SI3-t339,23,9,8,5,80%,EC,,0,none,none,none,0,N,N,0,0,0,0,0,0
Florida Keys,Sand Island,SI3,SI3-t340,23,28,21,7,65%,EC,,2,Oth,none,none,0,N,N,0,0,0,0,0,0
Florida Keys,Sand Island,SI3,SI3-t341,23,114,85,75,85%,BC,,2,WPx,FS,none,0,N,N,0,3,0,0,0,1
Florida Keys,Sand Island,SI3,SI3-t342,23,48,44,47,75%,BC,,1,FS,CB,FP,0,N,N,0,5,0,0,0,0
Florida Keys,Sand Island,SI3,SI3-t343,23,13,7,8,80%,JC,,0,none,none,none,0,N,N,0,0,0,0,0,0
Florida Keys,Sand Island,SI3,SI3-t344,23,112,37,55,15%,BC,,1,Oth,none,none,0,N,N,0,0,0,0,1,0
Florida Keys,Sand Island,SI3,SI3-t345,23,7,4,6,65%,EC,,0,none,none,none,0,N,N,0,0,0,0,0,0
Florida Keys,Sand Island,SI3,SI3-t346,23,13,9,7,100%,JC,,0,none,none,none,0,N,N,0,0,0,0,0,0
Florida Keys,Sand Island,SI3,SI3-t347,23,11,9,8,100%,JC,,0,none,none,none,0,N,N,0,0,0,0,0,0
Florida Keys,Turtle Rocks,TR1,TR1-t289,23,15,12,13,100%,AF,,0,none,none,none,0,N,N,0,0,0,0,0,0
Florida Keys,Turtle Rocks,TR1,TR1-t290,23,15,6,6,100%,AF,,0,none,none,none,0,N,N,0,0,0,0,0,0
Florida Keys,Turtle Rocks,TR1,TR1-t291,23,90,61,55,85%,BC,,1,FP,none,none,1,N,N,0,0,1,0,2,0
Florida Keys,Turtle Rocks,TR1,TR1-t292,23,29,24,13,45%,AF,,0,none,none,none,0,N,N,0,0,0,0,1,0
Florida Keys,Turtle Rocks,TR1,TR1-t293,23,97,86,47,75%,BC,,1,FP,none,none,0,N,N,1,0,0,0,0,0
Florida Keys,Turtle Rocks,TR1,TR1-t294,23,21,15,18,40%,EC,,0,none,none,none,0,N,N,0,0,0,0,0,0
Florida Keys,Turtle Rocks,TR1,TR1-t295,23,3,2,2,100%,JC,,0,none,none,none,0,N,N,0,0,0,0,0,0
Florida Keys,Turtle Rocks,TR1,TR1-t296,23,37,24,20,60%,JC,,0,none,none,none,0,N,N,0,0,0,0,0,0
Florida Keys,Turtle Rocks,TR1,TR1-t297,23,48,43,28,90%,AF,,1,FP,none,none,0,N,N,0,0,1,0,0,0
Florida Keys,Turtle Rocks,TR1,TR1-t298,23,7,5,6,100%,JC,,0,none,none,none,0,N,N,0,0,0,0,0,0
Florida Keys,Turtle Rocks,TR1,TR1-t299,23,160,106,37,80%,BC,,2,FP,none,none,0,N,N,1,0,0,0,0,0
Florida Keys,Turtle Rocks,TR1,TR1-t300,23,200,118,55,65%,BC,,1,FP,none,none,0,N,N,0,0,1,0,2,0
Florida Keys,Turtle Rocks,TR2,TR2-t348,23,14,17,12,95%,AF,,0,none,none,none,0,N,N,0,0,0,0,0,0
Florida Keys,Turtle Rocks,TR2,TR2-t349,23,145,103,65,75%,BC,,1,FP,none,none,0,N,N,0,0,1,0,0,0
Florida Keys,Turtle Rocks,TR2,TR2-t350,23,35,30,25,25%,AF,,0,none,none,none,0,N,N,0,0,0,0,0,0
Florida Keys,Turtle Rocks,TR2,TR2-t351,23,15,9,15,100%,JC,,0,none,none,none,0,N,N,0,0,0,0,0,0
Florida Keys,Turtle Rocks,TR2,TR2-t352,23,27,14,18,100%,JC,,0,none,none,none,0,N,N,0,0,0,0,0,0
Florida Keys,Turtle Rocks,TR2,TR2-t353,23,33,37,27,95%,JC,,0,none,none,none,0,N,N,0,0,0,0,0,0
Florida Keys,Turtle Rocks,TR2,TR2-t354,23,33,23,10,60%,AF,,0,none,none,none,0,N,N,0,0,0,0,0,0
Florida Keys,Turtle Rocks,TR2,TR2-t355,23,19,12,16,70%,JC,,0,none,none,none,0,N,N,0,0,0,0,0,0
Florida Keys,Turtle Rocks,TR2,TR2-t356,23,72,35,26,75%,BC,,0,none,none,none,0,N,N,1,0,0,0,0,0
Florida Keys,Turtle Rocks,TR2,TR2-t357,23,30,12,20,100%,JC,,0,none,none,none,0,N,N,0,0,0,0,0,0
Florida Keys,Turtle Rocks,TR2,TR2-t358,23,9,7,6,90%,SF,,0,none,none,none,0,N,N,0,0,0,0,0,0
Florida Keys,Turtle Rocks,TR2,TR2-t359,23,12,12,5,65%,AF,,0,none,none,none,0,N,N,0,0,0,0,0,0
Florida Keys,Turtle Rocks,TR3,TR3-t360,23,35,28,24,100%,JC,,0,none,none,none,0,N,N,0,0,0,0,0,0
Florida Keys,Turtle Rocks,TR3,TR3-t361,23,34,27,11,70%,AF,,0,none,none,none,0,N,N,1,0,0,0,0,0
Florida Keys,Turtle Rocks,TR3,TR3-t362,23,18,13,16,100%,JC,,0,none,none,none,0,N,N,0,0,0,0,0,0
Florida Keys,Turtle Rocks,TR3,TR3-t363,23,16,9,9,85%,AF,,0,none,none,none,0,N,N,0,0,0,0,0,0
Florida Keys,Turtle Rocks,TR3,TR3-t364,23,185,126,75,75%,BC,,2,FS,none,none,0,N,Y,0,1,1,0,1,0
Florida Keys,Turtle Rocks,TR3,TR3-t365,23,34,18,20,100%,JC,,0,none,none,none,0,N,N,0,0,0,0,0,0
Florida Keys,Turtle Rocks,TR3,TR3-t366,23,24,16,18,100%,JC,,0,none,none,none,0,N,N,0,0,0,0,0,0
Florida Keys,Turtle Rocks,TR3,TR3-t367,23,8,7,5,100%,JC,,0,none,none,none,0,N,N,0,0,0,0,0,0
Florida Keys,Turtle Rocks,TR3,TR3-t368,23,36,25,22,98%,JC,,5,FP,none,none,0,N,N,0,0,0,0,0,0
Florida Keys,Turtle Rocks,TR3,TR3-t369,23,40,22,20,100%,AF,,0,none,none,none,0,N,N,0,0,0,0,0,0
Florida Keys,Turtle Rocks,TR3,TR3-t370,23,79,50,38,90%,BC,,1,FP,none,none,0,N,N,0,0,0,0,0,0
Florida Keys,Turtle Rocks,TR3,TR3-t371,23,45,35,25,90%,AF,,0,none,none,none,0,N,N,0,0,0,0,0,0
Florida Keys,Carysfort Reef,CF1,CF1-t024,24,10,3,8,100%,EC,,0,none,none,none,0,N,N,0,0,0,0,0,0
Florida Keys,Carysfort Reef,CF1,CF1-t027,24,13,12,17,100%,JC,,0,none,none,none,0,N,N,0,0,0,0,0,0
Florida Keys,Carysfort Reef,CF1,CF1-t033,24,235,110,95,10%,BC,,1,FS,none,none,0,N,N,0,5,0,0,1,0
Florida Keys,Carysfort Reef,CF2,CF2-t038,24,215,192,87,30%,BC,,1,RTL,FS,none,0,N,N,0,2,0,0,1,0
Florida Keys,Carysfort Reef,CF2,CF2-t040,24,95,43,53,20%,BC,,0,none,none,none,0,N,N,0,0,0,0,0,0
Florida Keys,Carysfort Reef,CF2,CF2-t042,24,57,44,18,90%,BC,,2,CL,none,none,0,N,N,0,0,0,0,0,0
Florida Keys,Carysfort Reef,CF2,CF2-t043,24,139,96,58,80%,BC,,2,FS,Abr,none,0,N,N,0,2,0,0,0,0
Florida Keys,Carysfort Reef,CF2,CF2-t045,24,148,98,82,80%,BC,,2,FS,none,none,0,N,N,0,2,0,0,0,1
Florida Keys,Carysfort Reef,CF2,CF2-t046,24,82,33,45,20%,BC,,1,RTL,FS,none,0,N,N,0,4,0,0,0,0
Florida Keys,Carysfort Reef,CF2,CF2-t047,24,200,105,67,60%,BC,,1,FS,RTL,none,0,N,N,0,1,0,0,0,0
Florida Keys,Carysfort Reef,CF2,CF2-t048,24,111,106,77,70%,BC,,1,CB,none,none,0,N,N,0,0,1,0,1,0
Florida Keys,Carysfort Reef,CF2,CF2-t049,24,130,85,64,30%,BC,,1,FS,none,none,0,N,N,0,21,0,0,1,0
Florida Keys,Carysfort Reef,CF3,CF3-t088,24,283,155,100,40%,BC,,1,RTL,FS,CB,0,N,N,2,1,3,0,0,0
Florida Keys,Carysfort Reef,CF3,CF3-t090,24,362,180,83,65%,BC,,1,RTL,FS,Abr,0,N,N,3,8,4,0,1,0
Florida Keys,Carysfort Reef,CF3,CF3-t092,24,200,150,80,50%,BC,,1,RTL,FS,CL,0,N,N,2,1,3,1,1,0
Florida Keys,Carysfort Reef,CF3,CF3-t095,24,205,155,100,60%,BC,,1,FS,none,none,0,N,N,2,2,2,1,1,0
Florida Keys,Elbow Reef,EL1,EL1-t051,24,170,115,97,25%,BC,,1,FS,none,none,0,N,N,1,5,1,0,0,0
Florida Keys,Elbow Reef,EL1,EL1-t052,24,260,205,82,70%,BC,,0,none,none,none,0,N,Y,2,0,4,2,1,0
Florida Keys,Elbow Reef,EL1,EL1-t054,24,135,134,62,70%,BC,,0,none,none,none,0,N,N,0,0,0,1,0,0
Florida Keys,Elbow Reef,EL1,EL1-t055,24,225,164,67,70%,BC,,1,FS,FP,none,0,N,N,3,2,2,0,1,3
Florida Keys,Elbow Reef,EL1,EL1-t056,24,102,65,45,65%,BC,,0,none,none,none,0,N,N,2,0,1,0,0,0
Florida Keys,Elbow Reef,EL1,EL1-t059,24,15,12,12,100%,JC,,0,none,none,none,0,N,N,0,0,0,0,0,0
Florida Keys,Elbow Reef,EL1,EL1-t060,24,60,46,40,100%,BC,,0,none,none,none,0,N,N,0,0,1,0,0,2
Florida Keys,Elbow Reef,EL1,EL1-t061,24,40,30,40,60%,BC,,1,FS,none,none,0,N,N,0,1,0,1,0,0
Florida Keys,Elbow Reef,EL1,EL1-t062,24,26,22,18,70%,JC,,3,FS,none,none,0,N,N,0,2,0,0,0,0
Florida Keys,Elbow Reef,EL2,EL2-t064,24,13,7,11,55%,EC,,0,none,none,none,0,N,N,0,0,0,0,0,0
Florida Keys,Elbow Reef,EL2,EL2-t065,24,90,90,80,1%,RC,,0,none,none,none,0,N,N,0,0,0,0,0,0
Florida Keys,Elbow Reef,EL2,EL2-t066,24,130,92,85,45%,BC,,1,Oth,none,none,0,N,Y,0,0,1,0,0,0
Florida Keys,Elbow Reef,EL2,EL2-t067,24,68,42,27,35%,BC,,0,none,none,none,0,N,N,0,0,0,0,0,0
Florida Keys,Elbow Reef,EL2,EL2-t068,24,12,12,6,100%,JC,,0,none,none,none,0,N,N,0,0,0,0,1,0
Florida Keys,Elbow Reef,EL2,EL2-t069,24,105,65,56,70%,BC,,1,WPx,RTL,none,0,N,N,0,0,0,0,1,0
Florida Keys,Elbow Reef,EL2,EL2-t070,24,19,15,17,30%,RC,,0,none,none,none,0,N,N,0,0,0,0,0,0
Florida Keys,Elbow Reef,EL2,EL2-t071,24,3,3,1,100%,EC,,0,none,none,none,0,N,N,0,0,0,0,0,0
Florida Keys,Elbow Reef,EL2,EL2-t072,24,85,65,33,20%,BC,,0,none,none,none,0,N,N,0,0,0,0,0,0
Florida Keys,Elbow Reef,EL2,EL2-t073,24,150,115,65,70%,BC,,3,FS,RTL,FP,0,N,N,0,8,0,0,0,1
Florida Keys,Elbow Reef,EL2,EL2-t913,24,207,125,85,65%,BC,,0,none,none,none,0,N,N,0,0,0,0,0,2
Florida Keys,Elbow Reef,EL3,EL3-t076,24,140,73,80,60%,BC,,3,FS,RTL,CL,0,N,N,0,15,1,0,4,0
Florida Keys,Elbow Reef,EL3,EL3-t077,24,66,31,28,50%,BC,,1,oth,none,none,0,N,N,0,0,0,0,0,1
Florida Keys,Elbow Reef,EL3,EL3-t078,24,41,30,42,60%,BC,,1,FS,CL,none,0,N,N,0,4,0,0,0,0
Florida Keys,Elbow Reef,EL3,EL3-t079,24,40,20,30,20%,RC,,0,none,none,none,0,N,N,0,0,0,0,0,0
Florida Keys,Elbow Reef,EL3,EL3-t083,24,103,77,60,65%,BC,,1,CL,none,none,0,N,N,0,0,0,0,1,0
Florida Keys,Elbow Reef,EL3,EL3-t086,24,162,122,72,70%,BC,,1,FS,CL,none,0,N,Y,0,1,0,0,1,0
Florida Keys,Elbow Reef,EL3,EL3-t911,24,102,53,62,80%,BC,,2,CL,Oth,none,0,N,N,0,0,0,0,0,0
Florida Keys,Elbow Reef,EL4,EL4-t153,24,210,156,75,55%,BC,,1,FS,CL,none,0,N,N,0,14,1,0,2,0
Florida Keys,Elbow Reef,EL4,EL4-t154,24,143,100,85,55%,BC,,1,CL,FS,PFB,0,N,N,0,2,0,0,1,1
Florida Keys,Elbow Reef,EL4,EL4-t158,24,74,55,60,80%,BC,,0,none,none,none,0,N,N,0,0,0,0,1,1
Florida Keys,Elbow Reef,EL4,EL4-t160,24,79,44,35,95%,BC,,3,Oth,none,none,0,N,N,0,0,0,0,1,0
Florida Keys,Elbow Reef,EL4,EL4-t164,24,,,,0%,D,,,,,,,N,N,,,,,,
Florida Keys,Elbow Reef,EL4,EL4-t165,24,6,4,3,100%,EC,,0,none,none,none,0,N,N,0,0,0,0,0,0
Florida Keys,Elbow Reef,EL4,EL4-t168,24,158,143,85,85%,BC,,2,FS,FP,PFB,0,N,N,0,1,0,1,0,0
Florida Keys,Elbow Reef,EL4,EL4-t922,24,4,4,5,100%,JC,,0,none,none,none,0,N,N,0,0,0,0,0,0
Florida Keys,Elbow Reef,EL5,EL5-t177,24,81,62,53,55%,BC,,2,FS,PFB,none,0,N,N,0,8,0,0,0,0
Florida Keys,Elbow Reef,EL5,EL5-t180,24,126,103,60,70%,BC,,1,FP,none,none,0,N,N,0,0,0,0,0,0
Florida Keys,Elbow Reef,EL5,EL5-t183,24,17,15,15,98%,JC,,0,none,none,none,0,N,N,0,0,0,0,0,0
Florida Keys,French Reef,FR1,FR1-t001,24,,,,0%,D,,,,,,,N,N,,,,,,
Florida Keys,French Reef,FR1,FR1-t002,24,83,50,45,65%,BC,,0,none,none,none,0,N,N,0,1,0,0,1,0
Florida Keys,French Reef,FR1,FR1-t003,24,10,9,14,75%,JC,,0,none,none,none,0,N,N,0,0,1,0,0,0
Florida Keys,French Reef,FR1,FR1-t004,24,75,65,67,10%,RC,,0,none,none,none,0,N,N,0,0,1,0,0,0
Florida Keys,French Reef,FR1,FR1-t005,24,130,102,70,55%,BC,,0,none,none,none,1,N,N,2,0,1,0,1,0
Florida Keys,French Reef,FR1,FR1-t006,24,145,102,68,35%,BC,,1,FS,FP,none,0,N,N,1,4,1,0,1,0
Florida Keys,French Reef,FR1,FR1-t007,24,34,17,18,30%,RC,,0,none,none,none,0,N,N,0,0,0,0,0,0
Florida Keys,French Reef,FR1,FR1-t008,24,91,81,73,45%,BC,,0,none,none,none,0,N,N,3,0,1,0,0,0
Florida Keys,French Reef,FR1,FR1-t009,24,204,188,75,55%,BC,,1,RTL,none,none,0,N,N,3,0,5,0,1,0
Florida Keys,French Reef,FR1,FR1-t010,24,60,56,42,25%,RC,,0,none,none,none,0,N,N,2,0,1,0,1,0
Florida Keys,French Reef,FR1,FR1-t011,24,20,14,15,5%,RC,,0,none,none,none,0,N,N,0,0,0,0,0,0
Florida Keys,French Reef,FR2,FR2-t250,24,102,62,57,15%,RC,,0,none,none,none,0,N,Y,0,0,0,0,1,0
Florida Keys,French Reef,FR2,FR2-t251,24,33,30,39,90%,JC,,0,none,none,none,0,N,N,0,0,0,0,0,0
Florida Keys,French Reef,FR2,FR2-t252,24,19,12,15,60%,RC,,2,FS,none,none,0,N,N,0,1,0,0,0,0
Florida Keys,French Reef,FR2,FR2-t255,24,26,16,25,55%,RC,,0,none,none,none,0,N,N,0,0,1,0,0,0
Florida Keys,French Reef,FR2,FR2-t256,24,44,26,35,65%,BC,,1,Oth,none,none,0,N,N,0,0,0,0,0,0
Florida Keys,French Reef,FR2,FR2-t257,24,9,7,9,100%,EC,,0,none,none,none,0,N,N,0,0,0,0,0,0
Florida Keys,French Reef,FR2,FR2-t258,24,29,26,28,75%,JC,,0,none,none,none,0,N,N,0,0,0,0,0,0
Florida Keys,French Reef,FR2,FR2-t259,24,29,19,25,80%,JC,,0,none,none,none,0,N,N,1,0,1,0,0,0
Florida Keys,French Reef,FR2,FR2-t260,24,22,21,23,98%,JC,,0,none,none,none,0,N,N,0,0,0,0,0,0
Florida Keys,French Reef,FR2,FR2-t261,24,84,60,50,20%,BC,,1,FS,CL,Oth,0,N,N,0,1,1,0,1,0
Florida Keys,French Reef,FR2,FR2-t262,24,16,9,16,80%,JC,,0,none,none,none,0,N,N,0,0,1,0,0,0
Florida Keys,Key Largo Dry Rocks,KL1,KL1-t104,24,113,86,65,15%,RC,,1,RTL,none,none,0,N,N,0,0,0,0,0,0
Florida Keys,Key Largo Dry Rocks,KL1,KL1-t105,24,220,162,87,20%,BC,,1,RTL,FS,CB,0,N,N,0,2,0,0,0,1
Florida Keys,Key Largo Dry Rocks,KL1,KL1-t106,24,82,49,45,20%,RC,,0,none,none,none,0,N,N,0,0,0,0,0,0
Florida Keys,Key Largo Dry Rocks,KL1,KL1-t107,24,123,75,55,15%,BC,,1,RTL,none,none,1,N,N,0,0,1,0,1,0
Florida Keys,Key Largo Dry Rocks,KL1,KL1-t108,24,168,90,80,30%,BC,,1,RTL,FS,none,0,N,N,0,3,0,0,1,0
Florida Keys,Key Largo Dry Rocks,KL1,KL1-t109,24,12,10,3,85%,EC,,0,none,none,none,0,N,N,0,0,0,0,0,0
Florida Keys,Key Largo Dry Rocks,KL1,KL1-t110,24,175,100,85,15%,BC,,2,RTL,none,none,0,N,N,0,1,0,0,1,0
Florida Keys,Key Largo Dry Rocks,KL1,KL1-t904,24,24,18,15,15%,RC,,2,RTL,none,none,0,N,N,0,0,0,0,0,0
Florida Keys,Key Largo Dry Rocks,KL3,KL3-t215,24,67,51,52,30%,RC,,1,FS,none,none,0,N,N,0,2,0,0,0,0
Florida Keys,Key Largo Dry Rocks,KL3,KL3-t216,24,73,55,50,1%,RC,,0,none,none,none,0,N,N,0,0,1,0,0,0
Florida Keys,Key Largo Dry Rocks,KL3,KL3-t217,24,76,64,48,20%,BC,,0,none,none,none,0,N,N,1,0,1,0,1,0
Florida Keys,Key Largo Dry Rocks,KL3,KL3-t219,24,174,74,63,2%,RC,,1,Oth,none,none,0,N,N,1,0,2,0,1,0
Florida Keys,Key Largo Dry Rocks,KL3,KL3-t220,24,80,62,50,5%,RC,,1,FS,none,none,0,N,N,1,6,1,0,0,0
Florida Keys,Key Largo Dry Rocks,KL3,KL3-t222,24,28,26,16,98%,JC,,0,none,none,none,0,N,N,1,0,1,0,0,0
Florida Keys,Key Largo Dry Rocks,KL3,KL3-t223,24,45,27,46,1%,RC,,1,FS,none,none,0,N,N,0,1,0,0,0,0
Florida Keys,Molasses Reef,ML1,ML1-t013,24,145,95,75,80%,BC,,2,FS,none,none,0,N,Y,1,3,1,0,0,2
Florida Keys,Molasses Reef,ML1,ML1-t015,24,42,34,31,30%,BC,,2,FS,PFB,none,0,N,N,0,4,0,0,0,1
Florida Keys,Molasses Reef,ML1,ML1-t016,24,100,87,52,85%,BC,,2,FS,FP,none,0,N,Y,1,5,1,1,1,0
Florida Keys,Molasses Reef,ML1,ML1-t017,24,52,34,39,10%,BC,,0,none,none,none,0,N,N,0,1,1,0,0,0
Florida Keys,Molasses Reef,ML1,ML1-t018,24,41,28,26,98%,BC,,0,none,none,none,0,N,N,0,0,0,0,0,0
Florida Keys,Molasses Reef,ML1,ML1-t020,24,205,150,105,25%,BC,,1,FS,none,none,0,N,N,0,2,0,0,0,0
Florida Keys,Molasses Reef,ML1,ML1-t920,24,8,4,3,85%,EC,,0,none,none,none,0,N,N,0,0,0,0,0,0
Florida Keys,Molasses Reef,ML2,ML2-t126,24,247,166,105,40%,BC,,1,FS,none,none,0,Y,N,3,2,3,0,1,0
Florida Keys,Molasses Reef,ML2,ML2-t127,24,65,60,52,50%,BC,,0,none,none,none,0,N,N,3,0,1,0,0,0
Florida Keys,Molasses Reef,ML2,ML2-t128,24,34,26,29,15%,RC,,2,FS,CB,none,0,N,N,2,1,1,0,0,0
Florida Keys,Molasses Reef,ML2,ML2-t129,24,157,130,67,20%,BC,,1,FS,none,none,0,Y,N,3,3,1,1,0,0
Florida Keys,Molasses Reef,ML2,ML2-t130,24,165,93,65,5%,RC,,0,none,none,none,0,N,N,0,0,1,0,1,0
Florida Keys,Molasses Reef,ML2,ML2-t131,24,141,123,67,50%,BC,,1,FS,none,none,0,N,N,1,2,2,0,1,0
Florida Keys,Molasses Reef,ML2,ML2-t132,24,178,109,83,40%,BC,,1,FS,CB,none,1,N,N,2,3,1,0,0,0
Florida Keys,Molasses Reef,ML2,ML2-t137,24,13,11,3,95%,EC,,0,none,none,none,0,N,N,0,0,0,0,0,0
Florida Keys,Molasses Reef,ML2,ML2-t141,24,,,,0%,D,,,,,,,N,N,,,,,,
Florida Keys,Molasses Reef,ML3,ML3-t144,24,127,90,68,80%,BC,,2,FS,none,none,0,Y,N,1,4,1,0,0,0
Florida Keys,Molasses Reef,ML3,ML3-t145,24,168,109,63,60%,BC,,1,FS,none,none,0,Y,N,3,2,2,0,0,0
Florida Keys,Molasses Reef,ML3,ML3-t146,24,177,138,78,70%,BC,,0,none,none,none,0,Y,N,3,0,2,0,0,0
Florida Keys,Molasses Reef,ML3,ML3-t147,24,240,210,85,40%,BC,,1,Oth,none,none,0,N,N,2,0,5,0,1,0
Florida Keys,Molasses Reef,ML3,ML3-t148,24,134,97,76,50%,BC,,0,none,none,none,0,N,N,0,0,1,0,1,1
Florida Keys,Molasses Reef,ML3,ML3-t150,24,62,58,39,99%,BC,,0,none,none,none,0,N,N,2,0,1,0,0,0
Florida Keys,Molasses Reef,ML3,ML3-t184,24,215,185,85,80%,BC,,2,CB,none,none,0,Y,N,0,0,1,0,1,0
Florida Keys,Molasses Reef,ML3,ML3-t185,24,21,20,17,80%,JC,,2,FS,none,none,0,N,N,0,2,0,0,0,0
Florida Keys,Molasses Reef,ML3,ML3-t186,24,40,34,18,98%,BC,,0,none,none,none,0,Y,N,0,0,0,0,0,0
Florida Keys,Molasses Reef,ML3,ML3-t915,24,60,52,40,60%,BC,,1,RTL,none,none,0,N,N,0,1,1,0,0,0
Florida Keys,Sand Island,SI1,SI1-t301,24,21,18,9,95%,EC,,5,FS,none,none,0,N,N,0,1,0,0,0,0
Florida Keys,Sand Island,SI1,SI1-t302,24,118,84,58,70%,BC,,1,FS,none,none,0,N,N,0,8,0,0,0,0
Florida Keys,Sand Island,SI1,SI1-t304,24,57,38,14,85%,AF,,2,RTL,FS,none,0,N,N,0,1,0,0,0,0
Florida Keys,Sand Island,SI1,SI1-t305,24,10,3,5,70%,EC,,0,none,none,none,0,N,N,0,0,0,0,0,0
Florida Keys,Sand Island,SI1,SI1-t308,24,89,53,55,50%,BC,,1,Oth,none,none,0,N,N,0,0,0,0,1,0
Florida Keys,Sand Island,SI1,SI1-t309,24,150,140,93,5%,RC,,1,RTL,FS,none,0,N,N,0,9,0,0,0,0
Florida Keys,Sand Island,SI1,SI1-t311,24,,,,0%,D,,,,,,,N,N,,,,,,
Florida Keys,Sand Island,SI1,SI1-t312,24,24,23,21,98%,JC,,0,none,none,none,0,N,N,0,0,0,0,0,0
Florida Keys,Sand Island,SI1,SI1-t318,24,29,18,11,75%,EC,,3,RTL,none,none,0,N,N,0,0,0,0,0,0
Florida Keys,Sand Island,SI1,SI1-t319,24,92,67,86,25%,RC,,1,FS,none,none,0,N,N,0,2,0,0,1,0
Florida Keys,Sand Island,SI1,SI1-t320,24,13,12,6,95%,EC,,0,none,none,none,0,N,N,0,0,0,0,0,0
Florida Keys,Sand Island,SI1,SI1-t321,24,55,36,54,40%,BC,,3,RTL,FS,none,0,N,N,0,2,0,0,0,0
Florida Keys,Sand Island,SI2,SI2-t322,24,53,27,33,1%,AF,,2,RTL,none,none,0,N,N,0,0,0,0,0,0
Florida Keys,Sand Island,SI2,SI2-t323,24,90,83,60,45%,RC,,1,RTL,none,none,0,N,Y,0,0,0,0,0,0
Florida Keys,Sand Island,SI2,SI2-t324,24,120,89,85,85%,BC,,0,none,none,none,0,N,N,0,0,0,0,1,0
Florida Keys,Sand Island,SI2,SI2-t325,24,,,,0%,D,,,,,,,N,N,,,,,,
Florida Keys,Sand Island,SI2,SI2-t326,24,137,82,85,60%,BC,,2,FS,WBD,none,0,N,Y,1,16,1,0,0,0
Florida Keys,Sand Island,SI2,SI2-t327,24,,,,0%,D,,,,,,,N,N,,,,,,
Florida Keys,Sand Island,SI2,SI2-t328,24,,,,0%,D,,,,,,,N,N,,,,,,
Florida Keys,Sand Island,SI2,SI2-t329,24,,,,0%,D,,,,,,,N,N,,,,,,
Florida Keys,Sand Island,SI2,SI2-t330,24,35,29,27,98%,JC,,5,FP,none,none,0,N,N,0,0,0,0,0,0
Florida Keys,Sand Island,SI2,SI2-t333,24,54,49,36,20%,RC,,5,RTL,none,none,0,N,N,0,0,0,0,0,0
Florida Keys,Sand Island,SI2,SI2-t334,24,302,172,142,60%,BC,,1,RTL,WBD,none,0,N,Y,1,4,1,0,0,0
Florida Keys,Sand Island,SI2,SI2-t335,24,12,6,7,80%,EC,,0,none,none,none,0,N,N,0,0,0,0,0,0
Florida Keys,Sand Island,SI3,SI3-t336,24,7,5,7,80%,EC,,0,none,none,none,0,N,N,0,0,0,0,0,0
Florida Keys,Sand Island,SI3,SI3-t337,24,8,6,2,100%,EC,,0,none,none,none,0,N,N,0,0,0,0,0,0
Florida Keys,Sand Island,SI3,SI3-t338,24,21,11,18,65%,JC,,1,CB,none,none,0,N,N,0,0,0,0,0,0
Florida Keys,Sand Island,SI3,SI3-t339,24,,,,0%,D,,,,,,,N,N,,,,,,
Florida Keys,Sand Island,SI3,SI3-t340,24,28,22,9,60%,EC,,2,FS,none,none,0,N,N,0,1,0,0,0,0
Florida Keys,Sand Island,SI3,SI3-t341,24,120,90,72,80%,BC,,1,FS,none,none,0,N,N,0,6,0,0,0,1
Florida Keys,Sand Island,SI3,SI3-t342,24,56,41,46,55%,BC,,1,FS,CB,none,0,N,N,0,4,0,0,0,0
Florida Keys,Sand Island,SI3,SI3-t343,24,14,8,10,90%,JC,,0,none,none,none,0,N,N,0,0,0,0,0,0
Florida Keys,Sand Island,SI3,SI3-t344,24,115,37,55,5%,RC,,1,RTL,none,none,0,N,N,0,0,0,0,0,0
Florida Keys,Sand Island,SI3,SI3-t345,24,7,4,6,80%,EC,,0,none,none,none,0,N,N,0,0,0,0,0,0
Florida Keys,Sand Island,SI3,SI3-t346,24,13,9,8,100%,JC,,0,none,none,none,0,N,N,0,0,0,0,0,0
Florida Keys,Sand Island,SI3,SI3-t347,24,10,10,8,100%,JC,,0,none,none,none,0,N,N,0,0,0,0,0,0
Florida Keys,Turtle Rocks,TR1,TR1-t289,24,16,12,15,100%,AF,,0,none,none,none,0,N,N,0,0,0,0,0,0
Florida Keys,Turtle Rocks,TR1,TR1-t290,24,,,,,G,,,,,,,N,N,,,,,,
Florida Keys,Turtle Rocks,TR1,TR1-t291,24,92,65,50,85%,BC,,0,none,none,none,0,N,N,0,0,0,0,0,0
Florida Keys,Turtle Rocks,TR1,TR1-t292,24,25,25,13,55%,AF,,0,none,none,none,0,N,N,0,0,0,0,0,0
Florida Keys,Turtle Rocks,TR1,TR1-t293,24,103,90,52,80%,BC,,0,none,none,none,0,N,N,0,0,0,1,0,0
Florida Keys,Turtle Rocks,TR1,TR1-t294,24,22,20,12,25%,EC,,0,none,none,none,0,N,N,0,0,0,0,0,0
Florida Keys,Turtle Rocks,TR1,TR1-t295,24,3,2,2,100%,EC,,0,none,none,none,0,N,N,0,0,0,0,0,0
Florida Keys,Turtle Rocks,TR1,TR1-t296,24,37,25,22,60%,JC,,0,none,none,none,0,N,N,0,0,0,0,0,0
Florida Keys,Turtle Rocks,TR1,TR1-t297,24,47,45,28,90%,AF,,0,none,none,none,0,N,N,0,0,0,0,0,0
Florida Keys,Turtle Rocks,TR1,TR1-t298,24,7,5,7,100%,JC,,0,none,none,none,0,N,N,0,0,0,0,0,0
Florida Keys,Turtle Rocks,TR1,TR1-t299,24,165,109,37,85%,BC,,0,none,none,none,0,N,N,0,0,0,0,0,0
Florida Keys,Turtle Rocks,TR1,TR1-t300,24,208,125,55,60%,BC,,0,none,none,none,0,N,N,0,0,0,0,1,0
Florida Keys,Turtle Rocks,TR2,TR2-t348,24,17,15,12,90%,AF,,0,none,none,none,0,N,N,0,0,0,0,0,0
Florida Keys,Turtle Rocks,TR2,TR2-t349,24,160,108,65,85%,BC,,0,none,none,none,0,N,N,0,0,0,0,1,0
Florida Keys,Turtle Rocks,TR2,TR2-t350,24,50,32,25,20%,AF,,0,none,none,none,0,N,N,0,0,0,0,0,0
Florida Keys,Turtle Rocks,TR2,TR2-t351,24,17,11,15,100%,JC,,0,none,none,none,0,N,N,0,0,0,0,0,0
Florida Keys,Turtle Rocks,TR2,TR2-t352,24,29,15,23,100%,JC,,0,none,none,none,0,N,N,0,0,0,0,0,0
Florida Keys,Turtle Rocks,TR2,TR2-t353,24,41,34,28,95%,BC,,0,none,none,none,0,N,N,0,0,0,0,0,0
Florida Keys,Turtle Rocks,TR2,TR2-t354,24,26,17,15,80%,AF,,0,none,none,none,0,N,N,0,0,0,0,0,0
Florida Keys,Turtle Rocks,TR2,TR2-t355,24,18,14,15,75%,JC,,0,none,none,none,0,N,N,0,0,0,0,0,0
Florida Keys,Turtle Rocks,TR2,TR2-t356,24,70,37,30,80%,BC,,0,none,none,none,0,N,N,0,0,0,0,0,0
Florida Keys,Turtle Rocks,TR2,TR2-t357,24,32,14,20,100%,JC,,0,none,none,none,0,N,N,0,0,0,0,0,0
Florida Keys,Turtle Rocks,TR2,TR2-t358,24,9,7,7,90%,AF,,0,none,none,none,0,N,N,0,0,0,0,0,0
Florida Keys,Turtle Rocks,TR2,TR2-t359,24,12,11,6,75%,AF,,0,none,none,none,0,N,N,0,0,0,0,0,0
Florida Keys,Turtle Rocks,TR3,TR3-t360,24,36,30,24,100%,JC,,0,none,none,none,0,N,N,0,0,0,0,0,0
Florida Keys,Turtle Rocks,TR3,TR3-t361,24,34,33,13,75%,AF,,0,none,none,none,0,N,N,0,0,0,0,0,0
Florida Keys,Turtle Rocks,TR3,TR3-t362,24,20,15,19,100%,JC,,0,none,none,none,0,N,N,0,0,0,0,0,0
Florida Keys,Turtle Rocks,TR3,TR3-t363,24,16,7,9,80%,AF,,0,none,none,none,0,N,N,0,0,0,0,0,0
Florida Keys,Turtle Rocks,TR3,TR3-t364,24,190,133,80,75%,BC,,0,none,none,none,0,N,N,0,1,0,0,1,0
Florida Keys,Turtle Rocks,TR3,TR3-t365,24,40,23,21,100%,BC,,0,none,none,none,0,N,N,0,0,0,0,0,0
Florida Keys,Turtle Rocks,TR3,TR3-t366,24,,,,,G,,,,,,,N,N,,0,0,0,0,0
Florida Keys,Turtle Rocks,TR3,TR3-t367,24,8,5,4,100%,JC,,0,none,none,none,0,N,N,0,0,0,0,0,0
Florida Keys,Turtle Rocks,TR3,TR3-t368,24,,,,,G,,,,,,,N,N,,,,,,
Florida Keys,Turtle Rocks,TR3,TR3-t369,24,38,22,20,98%,AF,,0,none,none,none,0,N,N,0,0,0,0,0,0
Florida Keys,Turtle Rocks,TR3,TR3-t370,24,83,52,40,95%,BC,,0,none,none,none,0,N,N,0,0,0,0,0,0
Florida Keys,Turtle Rocks,TR3,TR3-t371,24,46,36,28,90%,AF,,0,none,none,none,0,N,N,0,0,0,0,0,0
Florida Keys,Carysfort Reef,CF1,CF1-t024,25,10,3,9,100%,EC,,0,none,none,none,0,N,N,0,8,0,0,0,0
Florida Keys,Carysfort Reef,CF1,CF1-t027,25,15,13,18,100%,JC,,0,none,none,none,0,N,N,0,0,0,0,0,0
Florida Keys,Carysfort Reef,CF1,CF1-t033,25,235,110,95,10%,BC,,1,FS,none,none,0,N,N,0,0,0,0,0,0
Florida Keys,Carysfort Reef,CF1,CF1-t229,25,6,6,3,100%,EC,,0,none,none,none,0,N,N,0,,,,,
Florida Keys,Carysfort Reef,CF1,CF1-t949,25,26,17,19,100%,JC,,0,none,none,none,0,N,N,0,0,0,0,0,0
Florida Keys,Carysfort Reef,CF1,CF1-t950,25,17,11,15,100%,JC,,0,none,none,none,0,N,N,0,0,0,0,0,0
Florida Keys,Carysfort Reef,CF1,CF1-t951,25,14,9,6,100%,JC,,0,none,none,none,0,N,N,0,0,0,0,0,0
Florida Keys,Carysfort Reef,CF2,CF2-t038,25,215,193,87,30%,BC,,1,FS,WPx,none,0,N,N,0,5,0,0,1,0
Florida Keys,Carysfort Reef,CF2,CF2-t040,25,98,45,55,25%,BC,,0,none,none,none,0,N,N,0,0,0,0,0,0
Florida Keys,Carysfort Reef,CF2,CF2-t042,25,60,44,22,90%,BC,,0,none,none,none,0,N,N,0,0,0,0,0,0
Florida Keys,Carysfort Reef,CF2,CF2-t043,25,143,100,58,75%,BC,,1,FS,none,none,0,N,N,0,2,0,0,1,0
Florida Keys,Carysfort Reef,CF2,CF2-t045,25,150,100,82,80%,BC,,2,FS,WPx,none,0,N,N,0,4,0,0,1,0
Florida Keys,Carysfort Reef,CF2,CF2-t046,25,83,37,45,15%,RC,,1,FS,none,none,0,N,N,0,6,0,0,0,0
Florida Keys,Carysfort Reef,CF2,CF2-t047,25,200,115,67,65%,BC,,0,none,none,none,0,N,N,0,0,0,0,0,0
Florida Keys,Carysfort Reef,CF2,CF2-t048,25,115,105,77,70%,BC,,0,none,none,none,0,N,N,0,0,0,0,1,0
Florida Keys,Carysfort Reef,CF2,CF2-t049,25,130,85,60,25%,BC,,1,FS,CB,none,0,N,N,0,17,0,0,0,0
Florida Keys,Carysfort Reef,CF2,CF2-t946,25,50,47,34,80%,BC,,0,none,none,none,0,N,N,0,0,0,0,0,0
Florida Keys,Carysfort Reef,CF2,CF2-t947,25,61,50,35,20%,RC,,0,none,none,none,0,N,N,0,0,0,0,0,0
Florida Keys,Carysfort Reef,CF2,CF2-t948,25,57,51,36,40%,BC,,0,none,none,none,0,N,N,0,0,0,0,0,0
Florida Keys,Carysfort Reef,CF3,CF3-t088,25,283,160,100,40%,BC,,1,WPx,FS,CL,0,N,N,2,4,3,0,1,0
Florida Keys,Carysfort Reef,CF3,CF3-t090,25,368,185,85,65%,BC,,1,FS,CB,Oth,0,N,N,2,8,4,0,1,0
Florida Keys,Carysfort Reef,CF3,CF3-t092,25,205,155,70,50%,BC,,1,CL,CB,none,0,N,N,1,0,2,0,0,0
Florida Keys,Carysfort Reef,CF3,CF3-t095,25,210,158,100,65%,BC,,1,RTL,none,none,0,N,N,2,0,4,0,1,0
Florida Keys,Carysfort Reef,CF3,CF3-t971,25,20,17,9,100%,AF,,0,none,none,none,0,N,N,0,0,0,0,0,0
Florida Keys,Carysfort Reef,CF3,CF3-t972,25,23,15,10,100%,AF,,0,none,none,none,0,N,N,0,0,0,0,0,0
Florida Keys,Carysfort Reef,CF3,CF3-t973,25,46,40,40,60%,AF,,3,RTL,none,none,0,N,N,1,0,1,0,0,0
Florida Keys,Carysfort Reef,CF3,CF3-t974,25,14,14,7,100%,AF,,0,none,none,none,0,N,N,0,0,0,0,0,0
Florida Keys,Carysfort Reef,CF4,CF4-t801,25,141,90,82,15%,RC,,,,,,,N,N,,,,,,
Florida Keys,Carysfort Reef,CF4,CF4-t802,25,110,58,60,20%,RC,,,,,,,N,N,,,,,,
Florida Keys,Carysfort Reef,CF4,CF4-t803,25,122,86,75,20%,RC,,,,,,,N,N,,,,,,
Florida Keys,Carysfort Reef,CF4,CF4-t804,25,15,10,11,45%,EC,,,,,,,N,N,,,,,,
Florida Keys,Carysfort Reef,CF4,CF4-t805,25,59,31,40,5%,RC,,,,,,,N,N,,,,,,
Florida Keys,Carysfort Reef,CF4,CF4-t806,25,20,17,20,25%,RC,,,,,,,N,N,,,,,,
Florida Keys,Carysfort Reef,CF4,CF4-t807,25,19,13,10,65%,RC,,,,,,,N,N,,,,,,
Florida Keys,Carysfort Reef,CF4,CF4-t808,25,110,85,40,50%,BC,,,,,,,N,N,,,,,,
Florida Keys,Carysfort Reef,CF4,CF4-t809,25,130,92,40,10%,RC,,,,,,,N,N,,,,,,
Florida Keys,Carysfort Reef,CF4,CF4-t810,25,44,36,27,80%,BC,,,,,,,N,N,,,,,,
Florida Keys,Carysfort Reef,CF4,CF4-t811,25,83,35,30,15%,RC,,,,,,,N,N,,,,,,
Florida Keys,Carysfort Reef,CF4,CF4-t812,25,40,25,25,5%,RC,,,,,,,N,N,,,,,,
Florida Keys,Carysfort Reef,CF4,CF4-t813,25,20,18,18,15%,RC,,,,,,,N,N,,,,,,
Florida Keys,Carysfort Reef,CF4,CF4-t814,25,125,102,65,35%,BC,,,,,,,N,N,,,,,,
Florida Keys,Elbow Reef,EL1,EL1-t051,25,175,115,97,30%,BC,,0,none,none,none,0,N,N,1,2,1,0,1,0
Florida Keys,Elbow Reef,EL1,EL1-t052,25,268,205,82,70%,BC,,1,WPx,none,none,0,N,Y,2,1,4,0,2,0
Florida Keys,Elbow Reef,EL1,EL1-t054,25,123,89,62,75%,BC,,1,WPx,none,none,0,N,Y,0,0,1,0,0,0
Florida Keys,Elbow Reef,EL1,EL1-t055,25,222,164,68,70%,BC,,1,WPx,none,none,0,N,Y,3,2,3,1,0,2
Florida Keys,Elbow Reef,EL1,EL1-t056,25,103,67,45,65%,BC,,0,none,none,none,0,N,N,1,0,1,0,0,0
Florida Keys,Elbow Reef,EL1,EL1-t059,25,17,15,15,100%,JC,,0,none,none,none,0,N,N,0,0,0,0,1,0
Florida Keys,Elbow Reef,EL1,EL1-t060,25,63,50,42,100%,BC,,0,none,none,none,0,N,N,0,0,0,0,0,0
Florida Keys,Elbow Reef,EL1,EL1-t061,25,38,32,42,30%,RC,,2,FS,RTL,CB,0,N,N,0,27,0,0,0,0
Florida Keys,Elbow Reef,EL1,EL1-t062,25,21,20,12,75%,RC,,1,FS,none,none,0,N,N,0,3,0,0,0,0
Florida Keys,Elbow Reef,EL1,EL1-t977,25,130,123,83,80%,BC,,1,WPx,none,none,0,N,N,0,0,1,1,0,0
Florida Keys,Elbow Reef,EL1,EL1-t978,25,82,37,33,95%,BC,,0,none,none,none,0,N,N,0,0,0,0,0,0
Florida Keys,Elbow Reef,EL1,EL1-t979,25,111,81,50,95%,BC,,0,none,none,none,0,N,N,0,0,1,0,0,0
Florida Keys,Elbow Reef,EL2,EL2-t064,25,14,8,13,70%,JC,,0,none,none,none,0,N,N,0,0,0,0,0,0
Florida Keys,Elbow Reef,EL2,EL2-t065,25,90,90,80,1%,RC,,0,none,none,none,0,N,N,0,0,0,0,0,0
Florida Keys,Elbow Reef,EL2,EL2-t066,25,132,94,85,55%,BC,,1,FP,none,none,0,N,Y,0,0,1,0,0,0
Florida Keys,Elbow Reef,EL2,EL2-t067,25,67,42,27,30%,BC,,1,FS,none,none,0,N,N,2,1,1,0,0,0
Florida Keys,Elbow Reef,EL2,EL2-t068,25,13,11,6,60%,RC,,5,FS,none,none,0,N,N,0,0,0,0,0,0
Florida Keys,Elbow Reef,EL2,EL2-t069,25,105,66,57,70%,BC,,0,none,none,none,0,N,N,0,0,0,0,1,0
Florida Keys,Elbow Reef,EL2,EL2-t070,25,19,15,17,30%,RC,,0,none,none,none,0,N,N,0,0,0,0,0,0
Florida Keys,Elbow Reef,EL2,EL2-t071,25,3,2,1,100%,EC,,0,none,none,none,0,N,N,0,0,0,0,0,0
Florida Keys,Elbow Reef,EL2,EL2-t072,25,85,65,35,20%,BC,,0,none,none,none,1,N,N,0,0,0,0,1,0
Florida Keys,Elbow Reef,EL2,EL2-t073,25,156,115,65,70%,BC,,1,FS,CB,none,0,N,N,0,10,0,0,2,2
Florida Keys,Elbow Reef,EL2,EL2-t913,25,210,132,85,65%,BC,,0,none,none,none,0,N,N,0,0,0,0,1,1
Florida Keys,Elbow Reef,EL2,EL2-t980,25,5,4,5,100%,JC,,0,none,none,none,0,N,N,0,0,0,0,0,0
Florida Keys,Elbow Reef,EL3,EL3-t076,25,145,75,82,65%,BC,,1,FS,none,none,1,N,N,0,13,1,0,1,0
Florida Keys,Elbow Reef,EL3,EL3-t077,25,69,35,28,50%,BC,,0,none,none,none,0,N,N,0,0,0,0,0,1
Florida Keys,Elbow Reef,EL3,EL3-t078,25,43,32,42,60%,BC,,0,none,none,none,0,N,N,0,3,0,0,0,0
Florida Keys,Elbow Reef,EL3,EL3-t079,25,40,20,30,20%,RC,,0,none,none,none,0,N,N,0,0,0,0,0,0
Florida Keys,Elbow Reef,EL3,EL3-t083,25,105,70,63,60%,BC,,1,CB,CL,none,0,N,N,0,0,0,0,1,0
Florida Keys,Elbow Reef,EL3,EL3-t086,25,164,126,72,70%,BC,,1,FS,CB,none,0,N,N,0,1,0,3,0,0
Florida Keys,Elbow Reef,EL3,EL3-t911,25,107,55,63,85%,BC,,0,none,none,none,0,N,N,0,0,0,0,0,0
Florida Keys,Elbow Reef,EL3,EL3-t930,25,11,11,3,85%,EC,,0,none,none,none,0,N,N,0,0,0,0,0,0
Florida Keys,Elbow Reef,EL3,EL3-t931,25,13,10,4,90%,EC,,0,none,none,none,0,N,N,0,0,0,0,0,0
Florida Keys,Elbow Reef,EL3,EL3-t932,25,7,5,3,90%,EC,,0,none,none,none,0,N,N,0,0,0,0,0,0
Florida Keys,Elbow Reef,EL3,EL3-t933,25,109,63,70,75%,BC,,0,none,none,none,0,N,Y,0,0,0,0,0,0
Florida Keys,Elbow Reef,EL3,EL3-t934,25,30,25,12,20%,EC,,1,FS,none,none,0,N,N,0,3,0,0,0,0
Florida Keys,Elbow Reef,EL4,EL4-t153,25,219,162,78,55%,BC,,1,FS,none,none,0,N,N,0,17,0,0,1,0
Florida Keys,Elbow Reef,EL4,EL4-t154,25,143,100,85,55%,BC,,0,none,none,none,0,N,N,0,0,0,0,1,1
Florida Keys,Elbow Reef,EL4,EL4-t158,25,74,62,61,80%,BC,,0,none,none,none,0,N,N,0,0,0,0,0,0
Florida Keys,Elbow Reef,EL4,EL4-t160,25,84,49,35,95%,BC,,0,none,none,none,0,N,N,0,0,0,0,0,0
Florida Keys,Elbow Reef,EL4,EL4-t165,25,6,4,2,100%,EC,,0,none,none,none,0,N,N,0,0,0,0,0,0
Florida Keys,Elbow Reef,EL4,EL4-t168,25,162,146,85,85%,BC,,2,FP,none,none,0,N,N,0,0,0,0,0,0
Florida Keys,Elbow Reef,EL4,EL4-t922,25,6,5,6,100%,JC,,0,none,none,none,0,N,N,0,0,0,0,0,0
Florida Keys,Elbow Reef,EL4,EL4-t935,25,65,55,45,5%,RC,,0,none,none,none,0,N,N,0,0,0,0,0,0
Florida Keys,Elbow Reef,EL4,EL4-t936,25,32,30,10,85%,AF,,0,none,none,none,0,N,N,0,0,0,0,0,0
Florida Keys,Elbow Reef,EL4,EL4-t937,25,35,27,11,95%,AF,,0,none,none,none,0,N,N,0,0,0,0,0,0
Florida Keys,Elbow Reef,EL5,EL5-t177,25,86,63,53,50%,BC,,2,FS,none,none,0,N,N,0,11,0,0,0,0
Florida Keys,Elbow Reef,EL5,EL5-t180,25,129,103,60,70%,BC,,0,none,none,none,0,N,N,0,0,0,0,0,0
Florida Keys,Elbow Reef,EL5,EL5-t183,25,18,15,15,99%,JC,,0,none,none,none,0,N,N,0,0,0,0,0,0
Florida Keys,Elbow Reef,EL5,EL5-t939,25,30,12,11,20%,AF,,0,none,none,none,0,N,N,0,0,0,0,0,0
Florida Keys,Elbow Reef,EL5,EL5-t940,25,18,10,9,80%,AF,,0,none,none,none,0,N,N,0,0,0,0,0,0
Florida Keys,French Reef,FR1,FR1-t002,25,81,50,47,65%,BC,,0,none,none,none,0,N,N,0,0,0,0,1,0
Florida Keys,French Reef,FR1,FR1-t003,25,12,10,14,90%,JC,,0,none,none,none,0,N,N,0,0,0,0,0,0
Florida Keys,French Reef,FR1,FR1-t004,25,75,66,68,20%,RC,,1,Oth,none,none,0,N,N,0,0,1,0,0,0
Florida Keys,French Reef,FR1,FR1-t005,25,130,102,70,60%,BC,,0,none,none,none,0,N,N,2,0,1,0,0,0
Florida Keys,French Reef,FR1,FR1-t006,25,145,102,70,30%,BC,,1,FS,RTL,WPx,0,N,N,2,6,1,0,1,0
Florida Keys,French Reef,FR1,FR1-t007,25,34,17,19,35%,RC,,3,RTL,none,none,0,N,N,0,0,0,0,0,0
Florida Keys,French Reef,FR1,FR1-t008,25,93,83,75,40%,BC,,1,RTL,FS,none,0,N,N,2,3,5,0,0,0
Florida Keys,French Reef,FR1,FR1-t009,25,205,195,75,50%,BC,,2,RTL,WPx,none,0,N,N,2,0,4,0,1,0
Florida Keys,French Reef,FR1,FR1-t010,25,60,56,42,25%,RC,,0,none,none,none,0,N,N,2,0,1,0,0,0
Florida Keys,French Reef,FR1,FR1-t011,25,20,11,15,5%,RC,,0,none,none,none,0,N,N,0,0,0,0,0,0
Florida Keys,French Reef,FR1,FR1-t975,25,35,25,25,80%,JC,,3,FS,none,none,0,N,N,0,2,1,0,0,0
Florida Keys,French Reef,FR1,FR1-t976,25,70,46,58,25%,RC,,0,none,none,none,0,N,N,0,0,1,0,0,0
Florida Keys,French Reef,FR2,FR2-t250,25,102,62,59,15%,RC,,0,none,none,none,0,N,N,0,0,0,0,0,0
Florida Keys,French Reef,FR2,FR2-t251,25,34,33,36,90%,JC,,0,none,none,none,0,N,N,0,0,0,0,0,0
Florida Keys,French Reef,FR2,FR2-t252,25,21,14,14,20%,RC,,1,FS,none,none,0,N,N,0,0,0,0,0,0
Florida Keys,French Reef,FR2,FR2-t255,25,26,21,26,65%,JC,,0,none,none,none,0,N,N,0,0,0,0,0,0
Florida Keys,French Reef,FR2,FR2-t256,25,45,30,34,60%,BC,,0,none,none,none,0,N,N,0,0,0,0,0,0
Florida Keys,French Reef,FR2,FR2-t257,25,10,9,10,95%,JC,,0,none,none,none,0,N,N,0,0,0,0,0,0
Florida Keys,French Reef,FR2,FR2-t258,25,31,25,27,70%,JC,,1,FS,none,none,0,N,N,0,3,0,0,0,0
Florida Keys,French Reef,FR2,FR2-t259,25,19,13,19,75%,JC,,0,none,none,none,0,N,N,1,0,1,0,0,0
Florida Keys,French Reef,FR2,FR2-t260,25,25,21,27,98%,JC,,0,none,none,none,0,N,N,0,0,0,0,0,0
Florida Keys,French Reef,FR2,FR2-t261,25,84,60,50,25%,BC,,0,none,none,none,0,N,N,0,0,0,0,0,0
Florida Keys,French Reef,FR2,FR2-t262,25,12,9,17,90%,JC,,0,none,none,none,0,N,N,0,0,1,0,0,0
Florida Keys,French Reef,FR2,FR2-t982,25,18,13,20,100%,JC,,0,none,none,none,0,N,N,0,0,0,0,0,0
Florida Keys,French Reef,FR3,FR3-t815,25,75,72,35,90%,BC,,,,,,,N,N,,,,,,
Florida Keys,French Reef,FR3,FR3-t816,25,15,11,12,90%,JC,,,,,,,N,N,,,,,,
Florida Keys,French Reef,FR3,FR3-t817,25,34,21,10,85%,JC,,,,,,,N,N,,,,,,
Florida Keys,French Reef,FR3,FR3-t818,25,8,5,7,70%,EC,,,,,,,N,N,,,,,,
Florida Keys,French Reef,FR3,FR3-t819,25,102,57,34,30%,BC,,,,,,,N,N,,,,,,
Florida Keys,French Reef,FR3,FR3-t820,25,137,92,72,30%,BC,,,,,,,N,N,,,,,,
Florida Keys,French Reef,FR3,FR3-t821,25,122,89,55,70%,BC,,,,,,,N,N,,,,,,
Florida Keys,French Reef,FR3,FR3-t822,25,16,9,4,90%,EC,,,,,,,N,N,,,,,,
Florida Keys,French Reef,FR3,FR3-t823,25,6,3,2,100%,EC,,,,,,,N,N,,,,,,
Florida Keys,French Reef,FR3,FR3-t824,25,34,26,16,95%,JC,,,,,,,N,N,,,,,,
Florida Keys,French Reef,FR3,FR3-t825,25,34,29,31,100%,JC,,,,,,,N,N,,,,,,
Florida Keys,French Reef,FR3,FR3-t826,25,12,9,8,100%,AF,,,,,,,N,N,,,,,,
Florida Keys,Grecian Rocks,GR1,GR1-t827,25,42,42,30,95%,BC,,,,,,,N,N,,,,,,
Florida Keys,Grecian Rocks,GR1,GR1-t828,25,50,46,45,95%,BC,,,,,,,N,N,,,,,,
Florida Keys,Grecian Rocks,GR1,GR1-t829,25,64,30,22,45%,BC,,,,,,,N,N,,,,,,
Florida Keys,Grecian Rocks,GR1,GR1-t830,25,63,47,37,80%,BC,,,,,,,N,N,,,,,,
Florida Keys,Grecian Rocks,GR1,GR1-t831,25,80,74,55,95%,BC,,,,,,,N,N,,,,,,
Florida Keys,Grecian Rocks,GR1,GR1-t832,25,65,45,45,80%,BC,,,,,,,N,N,,,,,,
Florida Keys,Grecian Rocks,GR1,GR1-t833,25,73,66,37,95%,BC,,,,,,,N,N,,,,,,
Florida Keys,Grecian Rocks,GR1,GR1-t834,25,32,26,10,10%,AF,,,,,,,N,N,,,,,,
Florida Keys,Grecian Rocks,GR1,GR1-t835,25,51,50,44,95%,BC,,,,,,,N,N,,,,,,
Florida Keys,Grecian Rocks,GR1,GR1-t836,25,42,36,25,70%,BC,,,,,,,N,N,,,,,,
Florida Keys,Grecian Rocks,GR1,GR1-t837,25,62,37,31,99%,BC,,,,,,,N,N,,,,,,
Florida Keys,Grecian Rocks,GR1,GR1-t838,25,33,22,15,95%,JC,,,,,,,N,N,,,,,,
Florida Keys,Grecian Rocks,GR2,GR2-t839,25,6,3,4,100%,EC,,,,,,,N,N,,,,,,
Florida Keys,Grecian Rocks,GR2,GR2-t840,25,87,70,45,100%,BC,,,,,,,N,N,,,,,,
Florida Keys,Grecian Rocks,GR2,GR2-t841,25,120,98,75,85%,BC,,,,,,,N,N,,,,,,
Florida Keys,Grecian Rocks,GR2,GR2-t842,25,18,7,11,80%,AF,,,,,,,N,N,,,,,,
Florida Keys,Grecian Rocks,GR2,GR2-t843,25,7,3,3,100%,AF,,,,,,,N,N,,,,,,
Florida Keys,Grecian Rocks,GR2,GR2-t844,25,68,55,49,80%,BC,,,,,,,N,N,,,,,,
Florida Keys,Grecian Rocks,GR2,GR2-t845,25,8,6,4,100%,EC,,,,,,,N,N,,,,,,
Florida Keys,Grecian Rocks,GR2,GR2-t846,25,155,64,72,65%,BC,,,,,,,N,N,,,,,,
Florida Keys,Grecian Rocks,GR2,GR2-t847,25,54,30,15,100%,EC,,,,,,,N,N,,,,,,
Florida Keys,Grecian Rocks,GR2,GR2-t848,25,11,5,6,100%,AF,,,,,,,N,N,,,,,,
Florida Keys,Grecian Rocks,GR2,GR2-t849,25,7,3,3,100%,AF,,,,,,,N,N,,,,,,
Florida Keys,Grecian Rocks,GR2,GR2-t850,25,100,63,62,90%,BC,,,,,,,N,N,,,,,,
Florida Keys,Key Largo Dry Rocks,KL1,KL1-t104,25,112,87,65,10%,RC,,0,none,none,none,0,N,N,0,0,0,0,1,0
Florida Keys,Key Largo Dry Rocks,KL1,KL1-t105,25,225,162,87,20%,BC,,1,WPx,none,none,0,N,N,0,0,0,0,1,0
Florida Keys,Key Largo Dry Rocks,KL1,KL1-t106,25,82,48,45,20%,RC,,0,none,none,none,0,N,N,0,0,0,0,0,0
Florida Keys,Key Largo Dry Rocks,KL1,KL1-t107,25,125,75,55,20%,BC,,0,none,none,none,0,N,N,0,0,1,0,0,0
Florida Keys,Key Largo Dry Rocks,KL1,KL1-t108,25,170,85,80,30%,BC,,1,FS,WPx,CB,0,N,N,0,4,0,0,1,0
Florida Keys,Key Largo Dry Rocks,KL1,KL1-t109,25,11,9,4,85%,EC,,0,none,none,none,0,N,N,0,0,0,0,0,0
Florida Keys,Key Largo Dry Rocks,KL1,KL1-t110,25,175,100,85,20%,BC,,0,none,none,none,0,N,N,0,1,0,0,0,0
Florida Keys,Key Largo Dry Rocks,KL1,KL1-t904,25,20,16,12,10%,RC,,0,none,none,none,0,N,N,0,0,0,0,0,0
Florida Keys,Key Largo Dry Rocks,KL3,KL3-t215,25,68,52,57,35%,BC,,1,FS,none,none,0,N,N,0,1,0,0,0,0
Florida Keys,Key Largo Dry Rocks,KL3,KL3-t216,25,73,55,50,5%,RC,,0,none,none,none,0,N,N,0,0,1,0,0,0
Florida Keys,Key Largo Dry Rocks,KL3,KL3-t217,25,80,64,50,20%,BC,,0,none,none,none,0,N,N,0,0,0,0,0,0
Florida Keys,Key Largo Dry Rocks,KL3,KL3-t219,25,174,74,63,2%,RC,,1,CB,none,none,0,N,N,0,0,2,0,0,0
Florida Keys,Key Largo Dry Rocks,KL3,KL3-t220,25,79,62,50,2%,RC,,1,FS,CB,none,0,N,N,2,8,1,0,0,0
Florida Keys,Key Largo Dry Rocks,KL3,KL3-t222,25,32,30,18,99%,JC,,0,none,none,none,0,N,N,1,0,1,0,0,0
Florida Keys,Key Largo Dry Rocks,KL3,KL3-t223,25,45,27,45,1%,RC,,0,none,none,none,0,N,N,0,0,0,0,0,0
Florida Keys,Key Largo Dry Rocks,KL3,KL3-t966,25,30,16,22,70%,RC,,3,FS,none,none,0,N,N,0,2,2,0,0,0
Florida Keys,Key Largo Dry Rocks,KL3,KL3-t967,25,14,12,14,60%,RC,,0,none,none,none,0,N,N,0,0,0,0,0,0
Florida Keys,Key Largo Dry Rocks,KL3,KL3-t968,25,4,3,1,75%,EC,,0,none,none,none,0,N,N,0,0,1,0,0,0
Florida Keys,Key Largo Dry Rocks,KL3,KL3-t969,25,18,13,14,1%,RC,,0,none,none,none,0,N,N,0,0,1,0,1,0
Florida Keys,Key Largo Dry Rocks,KL3,KL3-t970,25,3,2,1,80%,EC,,0,none,none,none,0,N,N,0,0,1,0,0,0
Florida Keys,Key Largo Dry Rocks,KL4,KL4-t851,25,39,28,20,95%,JC,,,,,,,N,N,,,,,,
Florida Keys,Key Largo Dry Rocks,KL4,KL4-t852,25,30,29,15,80%,JC,,,,,,,N,N,,,,,,
Florida Keys,Key Largo Dry Rocks,KL4,KL4-t853,25,135,125,85,70%,BC,,,,,,,N,N,,,,,,
Florida Keys,Key Largo Dry Rocks,KL4,KL4-t854,25,55,25,28,40%,AF,,,,,,,N,N,,,,,,
Florida Keys,Key Largo Dry Rocks,KL4,KL4-t855,25,124,112,50,100%,BC,,,,,,,N,N,,,,,,
Florida Keys,Key Largo Dry Rocks,KL4,KL4-t856,25,114,70,46,80%,BC,,,,,,,N,N,,,,,,
Florida Keys,Key Largo Dry Rocks,KL4,KL4-t857,25,50,18,22,25%,AF,,,,,,,N,N,,,,,,
Florida Keys,Key Largo Dry Rocks,KL4,KL4-t858,25,8,8,3,100%,EC,,,,,,,N,N,,,,,,
Florida Keys,Key Largo Dry Rocks,KL4,KL4-t859,25,51,34,26,90%,BC,,,,,,,N,N,,,,,,
Florida Keys,Molasses Reef,ML1,ML1-t013,25,147,102,80,80%,BC,,2,FS,none,none,0,N,N,2,1,1,0,1,1
Florida Keys,Molasses Reef,ML1,ML1-t015,25,39,34,25,30%,BC,,0,none,none,none,0,N,N,0,0,1,0,1,2
Florida Keys,Molasses Reef,ML1,ML1-t016,25,100,87,52,85%,BC,,2,FS,none,none,0,N,Y,1,4,1,0,1,1
Florida Keys,Molasses Reef,ML1,ML1-t017,25,52,35,37,10%,RC,,0,none,none,none,0,N,N,0,0,0,0,0,0
Florida Keys,Molasses Reef,ML1,ML1-t018,25,42,28,28,99%,BC,,0,none,none,none,0,N,N,0,1,0,0,1,0
Florida Keys,Molasses Reef,ML1,ML1-t020,25,205,155,105,30%,BC,,0,none,none,none,0,N,N,0,0,0,0,0,0
Florida Keys,Molasses Reef,ML1,ML1-t920,25,8,3,3,80%,EC,,0,none,none,none,0,N,N,0,0,0,0,0,0
Florida Keys,Molasses Reef,ML1,ML1-t981,25,3,2,1,100%,EC,,0,none,none,none,0,N,N,0,0,0,0,0,0
Florida Keys,Molasses Reef,ML2,ML2-t126,25,250,167,105,40%,BC,,1,FS,RTL,none,0,N,N,3,3,3,0,0,0
Florida Keys,Molasses Reef,ML2,ML2-t127,25,68,61,54,10%,RC,,0,none,none,none,0,N,N,2,0,1,0,0,0
Florida Keys,Molasses Reef,ML2,ML2-t128,25,35,26,28,5%,RC,,0,none,none,none,0,N,N,0,1,0,0,0,0
Florida Keys,Molasses Reef,ML2,ML2-t129,25,155,130,67,25%,BC,,0,none,none,none,0,N,N,3,0,2,1,0,0
Florida Keys,Molasses Reef,ML2,ML2-t130,25,165,95,65,10%,RC,,0,none,none,none,0,Y,N,0,0,0,0,0,0
Florida Keys,Molasses Reef,ML2,ML2-t131,25,145,126,67,55%,BC,,0,none,none,none,0,N,N,2,2,1,0,1,0
Florida Keys,Molasses Reef,ML2,ML2-t132,25,180,112,83,40%,BC,,1,FP,FS,none,0,Y,N,2,1,1,0,2,0
Florida Keys,Molasses Reef,ML2,ML2-t137,25,15,14,5,95%,EC,,3,FS,none,none,0,N,N,0,2,0,0,0,0
Florida Keys,Molasses Reef,ML2,ML2-t952,25,13,11,10,100%,JC,,0,none,none,none,0,N,N,0,0,0,0,0,0
Florida Keys,Molasses Reef,ML2,ML2-t953,25,28,25,25,20%,RC,,0,none,none,none,0,N,N,0,0,0,0,0,0
Florida Keys,Molasses Reef,ML2,ML2-t954,25,6,4,3,100%,EC,,0,none,none,none,0,N,N,0,0,0,0,0,0
Florida Keys,Molasses Reef,ML3,ML3-t144,25,130,92,70,75%,BC,,1,FS,CB,none,0,Y,Y,1,4,1,0,0,0
Florida Keys,Molasses Reef,ML3,ML3-t145,25,175,110,63,55%,BC,,0,none,none,none,1,N,N,3,0,1,0,0,0
Florida Keys,Molasses Reef,ML3,ML3-t146,25,178,142,78,70%,BC,,1,Oth,CB,CL,1,Y,N,3,0,3,0,0,0
Florida Keys,Molasses Reef,ML3,ML3-t147,25,240,210,87,40%,BC,,1,CB,FS,FP,0,N,N,2,3,4,0,1,0
Florida Keys,Molasses Reef,ML3,ML3-t148,25,135,100,76,45%,BC,,1,FS,Oth,none,1,N,N,2,3,1,0,0,0
Florida Keys,Molasses Reef,ML3,ML3-t150,25,64,58,40,85%,BC,,0,none,none,none,0,N,N,3,0,1,0,0,0
Florida Keys,Molasses Reef,ML3,ML3-t184,25,218,185,85,80%,BC,,0,none,none,none,0,Y,N,0,0,1,0,1,0
Florida Keys,Molasses Reef,ML3,ML3-t185,25,21,21,18,80%,JC,,2,FS,none,none,0,N,N,0,6,0,0,0,0
Florida Keys,Molasses Reef,ML3,ML3-t186,25,40,35,18,95%,BC,,0,none,none,none,0,N,N,0,0,0,0,0,0
Florida Keys,Molasses Reef,ML3,ML3-t915,25,61,54,42,55%,BC,,1,FS,none,none,0,N,N,3,0,1,0,0,0
Florida Keys,Molasses Reef,ML3,ML3-t955,25,102,73,43,90%,BC,,1,FS,none,none,0,Y,N,1,3,1,0,0,0
Florida Keys,Molasses Reef,ML3,ML3-t956,25,12,8,4,80%,EC,,0,none,none,none,0,N,N,0,0,0,0,0,0
Florida Keys,Sand Island,SI1,SI1-t301,25,23,19,7,85%,EC,,2,FS,none,none,0,N,N,0,2,0,0,0,0
Florida Keys,Sand Island,SI1,SI1-t302,25,120,89,60,65%,BC,,2,FS,FP,none,0,N,N,0,10,0,0,2,0
Florida Keys,Sand Island,SI1,SI1-t304,25,55,40,15,75%,AF,,0,none,none,none,0,N,N,0,1,0,0,0,0
Florida Keys,Sand Island,SI1,SI1-t305,25,9,3,6,80%,EC,,0,none,none,none,0,N,N,0,0,0,0,0,0
Florida Keys,Sand Island,SI1,SI1-t308,25,76,50,60,50%,BC,,0,none,none,none,0,N,N,0,0,0,0,0,0
Florida Keys,Sand Island,SI1,SI1-t309,25,,,,0%,D,,,,,,,N,N,,,,,,
Florida Keys,Sand Island,SI1,SI1-t312,25,27,21,21,98%,JC,,0,none,none,none,0,N,N,0,0,0,0,0,0
Florida Keys,Sand Island,SI1,SI1-t318,25,,,,0%,D,,,,,,,N,N,,,,,,
Florida Keys,Sand Island,SI1,SI1-t319,25,90,67,87,20%,RC,,1,FS,none,none,0,N,N,0,5,0,0,0,0
Florida Keys,Sand Island,SI1,SI1-t320,25,14,12,8,99%,EC,,5,FS,none,none,0,N,N,0,2,0,0,0,0
Florida Keys,Sand Island,SI1,SI1-t321,25,67,50,55,15%,RC,,2,FS,none,none,0,N,N,0,5,0,0,1,0
Florida Keys,Sand Island,SI1,SI1-t957,25,38,36,30,25%,RC,,1,FS,CB,none,0,N,N,0,1,0,0,0,0
Florida Keys,Sand Island,SI1,SI1-t958,25,12,9,5,100%,EC,,0,none,none,none,0,N,N,0,1,0,0,0,0
Florida Keys,Sand Island,SI1,SI1-t959,25,12,12,13,95%,JC,,0,none,none,none,0,N,N,0,0,0,0,0,0
Florida Keys,Sand Island,SI2,SI2-t322,25,2,1,1,100%,EC,,0,none,none,none,0,N,N,0,0,0,0,0,0
Florida Keys,Sand Island,SI2,SI2-t323,25,92,83,60,50%,RC,,0,none,none,none,0,N,Y,0,0,0,0,0,0
Florida Keys,Sand Island,SI2,SI2-t324,25,121,90,83,85%,BC,,0,none,none,none,0,N,N,0,0,0,0,1,0
Florida Keys,Sand Island,SI2,SI2-t326,25,155,83,87,60%,BC,,1,RTL,FS,none,0,N,N,2,4,2,0,1,0
Florida Keys,Sand Island,SI2,SI2-t330,25,36,32,27,100%,JC,,0,none,none,none,0,N,N,0,0,0,0,0,0
Florida Keys,Sand Island,SI2,SI2-t333,25,4,2,1,100%,EC,,0,none,none,none,0,N,N,0,0,0,0,0,0
Florida Keys,Sand Island,SI2,SI2-t334,25,305,175,142,60%,BC,,1,FS,none,none,0,N,Y,1,5,2,0,1,0
Florida Keys,Sand Island,SI2,SI2-t335,25,15,7,7,95%,EC,,0,none,none,none,0,N,N,0,1,0,0,0,0
Florida Keys,Sand Island,SI2,SI2-t960,25,68,56,53,99%,BC,,0,none,none,none,0,N,Y,0,0,0,0,0,0
Florida Keys,Sand Island,SI2,SI2-t961,25,45,32,34,99%,BC,,0,none,none,none,0,N,N,0,0,0,0,0,1
Florida Keys,Sand Island,SI2,SI2-t962,25,168,68,40,75%,BC,,1,FS,none,none,0,N,N,2,1,1,0,0,0
Florida Keys,Sand Island,SI2,SI2-t963,25,85,70,42,30%,RC,,1,FS,CB,none,1,N,N,0,7,0,0,0,0
Florida Keys,Sand Island,SI3,SI3-t336,25,7,4,5,100%,EC,,0,none,none,none,0,N,N,0,0,0,0,1,0
Florida Keys,Sand Island,SI3,SI3-t337,25,9,3,6,90%,EC,,0,none,none,none,0,N,N,0,0,0,0,0,0
Florida Keys,Sand Island,SI3,SI3-t338,25,21,12,18,65%,JC,,0,none,none,none,0,N,N,0,0,0,0,0,0
Florida Keys,Sand Island,SI3,SI3-t340,25,28,19,10,65%,EC,,0,none,none,none,0,N,N,0,0,0,0,0,0
Florida Keys,Sand Island,SI3,SI3-t341,25,117,95,78,80%,BC,,1,WPx,none,none,0,N,N,0,0,0,0,0,1
Florida Keys,Sand Island,SI3,SI3-t342,25,55,40,47,45%,BC,,1,FS,none,none,0,N,N,0,8,0,0,0,0
Florida Keys,Sand Island,SI3,SI3-t343,25,16,8,10,100%,JC,,0,none,none,none,0,N,N,0,0,0,0,0,0
Florida Keys,Sand Island,SI3,SI3-t344,25,,,,0%,D,,,,,,,N,N,,,,,,
Florida Keys,Sand Island,SI3,SI3-t345,25,7,4,6,80%,EC,,0,none,none,none,0,N,N,0,0,0,0,0,0
Florida Keys,Sand Island,SI3,SI3-t346,25,13,10,7,100%,JC,,0,none,none,none,0,N,N,0,0,0,0,0,0
Florida Keys,Sand Island,SI3,SI3-t347,25,11,10,7,100%,JC,,0,none,none,none,0,N,N,0,1,0,0,0,0
Florida Keys,Sand Island,SI3,SI3-t964,25,87,57,50,5%,RC,,0,none,none,none,0,N,N,0,0,0,0,0,0
Florida Keys,Sand Island,SI3,SI3-t965,25,6,4,7,95%,AF,,0,none,none,none,0,N,N,0,0,0,0,0,0
Florida Keys,Turtle Rocks,TR1,TR1-t289,25,,,,,G,,,,,,,N,N,,,,,,
Florida Keys,Turtle Rocks,TR1,TR1-t291,25,99,90,53,95%,BC,,0,none,none,none,0,N,N,0,0,0,0,0,0
Florida Keys,Turtle Rocks,TR1,TR1-t292,25,22,22,13,30%,AF,,0,none,none,none,0,N,N,0,0,0,0,0,0
Florida Keys,Turtle Rocks,TR1,TR1-t293,25,112,95,55,85%,BC,,0,none,none,none,0,N,N,0,0,0,0,0,0
Florida Keys,Turtle Rocks,TR1,TR1-t294,25,22,20,14,20%,EC,,0,none,none,none,0,N,N,0,0,0,0,0,0
Florida Keys,Turtle Rocks,TR1,TR1-t295,25,2,1,1,100%,EC,,0,none,none,none,0,N,N,0,0,0,0,0,0
Florida Keys,Turtle Rocks,TR1,TR1-t296,25,36,24,22,45%,JC,,0,none,none,none,0,N,N,0,0,0,0,0,0
Florida Keys,Turtle Rocks,TR1,TR1-t297,25,47,45,24,80%,AF,,0,none,none,none,0,N,N,0,0,0,0,0,0
Florida Keys,Turtle Rocks,TR1,TR1-t298,25,6,4,5,100%,JC,,0,none,none,none,0,N,N,0,0,0,0,0,0
Florida Keys,Turtle Rocks,TR1,TR1-t299,25,165,112,43,85%,BC,,2,FP,none,none,0,N,N,0,0,0,0,0,0
Florida Keys,Turtle Rocks,TR1,TR1-t300,25,212,120,60,70%,BC,,1,FP,none,none,0,N,N,0,0,0,0,0,0
Florida Keys,Turtle Rocks,TR1,TR1-t941,25,147,145,155,30%,BC,,1,WBD,CB,none,0,N,N,0,0,0,0,0,0
Florida Keys,Turtle Rocks,TR1,TR1-t942,25,185,124,65,70%,BC,,0,none,none,none,0,N,N,0,0,0,0,0,0
Florida Keys,Turtle Rocks,TR2,TR2-t348,25,,,,,G,,,,,,,N,N,,,,,,
Florida Keys,Turtle Rocks,TR2,TR2-t349,25,160,115,65,85%,BC,,2,FP,CL,none,0,N,N,0,0,0,0,0,0
Florida Keys,Turtle Rocks,TR2,TR2-t350,25,50,27,27,30%,BC,,0,none,none,none,0,N,N,0,0,0,0,0,0
Florida Keys,Turtle Rocks,TR2,TR2-t351,25,18,13,17,100%,JC,,0,none,none,none,0,N,N,0,0,0,0,0,0
Florida Keys,Turtle Rocks,TR2,TR2-t352,25,31,19,21,100%,JC,,0,none,none,none,0,N,N,0,0,0,0,0,0
Florida Keys,Turtle Rocks,TR2,TR2-t353,25,45,42,30,95%,BC,,0,none,none,none,0,N,N,0,0,0,0,0,0
Florida Keys,Turtle Rocks,TR2,TR2-t354,25,28,18,12,80%,AF,,0,none,none,none,0,N,N,0,0,0,0,0,0
Florida Keys,Turtle Rocks,TR2,TR2-t355,25,18,14,18,70%,JC,,0,none,none,none,0,N,N,0,0,0,0,0,0
Florida Keys,Turtle Rocks,TR2,TR2-t356,25,75,36,35,85%,BC,,0,none,none,none,0,N,N,0,0,0,0,0,0
Florida Keys,Turtle Rocks,TR2,TR2-t357,25,36,18,24,100%,JC,,0,none,none,none,0,N,N,0,0,0,0,0,0
Florida Keys,Turtle Rocks,TR2,TR2-t358,25,,,,,G,,,,,,,N,N,,,,,,
Florida Keys,Turtle Rocks,TR2,TR2-t359,25,13,11,8,80%,AF,,0,none,none,none,0,N,N,0,0,0,0,0,0
Florida Keys,Turtle Rocks,TR2,TR2-t944,25,92,70,40,90%,BC,,1,FP,none,none,0,N,N,0,,,,,
Florida Keys,Turtle Rocks,TR2,TR2-t945,25,36,10,11,35%,AF,,0,none,none,none,0,N,N,0,,,,,
Florida Keys,Turtle Rocks,TR3,TR3-t360,25,41,34,26,100%,BC,,0,none,none,none,0,N,N,0,0,0,0,0,0
Florida Keys,Turtle Rocks,TR3,TR3-t361,25,35,33,13,80%,AF,,0,none,none,none,0,N,N,0,0,0,0,0,0
Florida Keys,Turtle Rocks,TR3,TR3-t362,25,21,18,17,100%,AF,,0,none,none,none,0,N,N,0,0,0,0,0,0
Florida Keys,Turtle Rocks,TR3,TR3-t363,25,17,10,12,80%,AF,,0,none,none,none,0,N,N,0,0,0,0,0,0
Florida Keys,Turtle Rocks,TR3,TR3-t364,25,195,151,78,75%,BC,,2,WPx,none,none,0,N,Y,0,0,0,0,0,0
Florida Keys,Turtle Rocks,TR3,TR3-t365,25,38,25,25,100%,JC,,0,none,none,none,0,N,N,0,0,0,0,0,0
Florida Keys,Turtle Rocks,TR3,TR3-t367,25,8,5,4,100%,JC,,0,none,none,none,0,N,N,0,0,0,0,0,0
Florida Keys,Turtle Rocks,TR3,TR3-t369,25,40,23,20,95%,AF,,4,Oth,none,none,0,N,N,0,0,0,0,0,0
Florida Keys,Turtle Rocks,TR3,TR3-t370,25,87,60,45,99%,BC,,0,none,none,none,0,N,N,0,0,0,0,0,0
Florida Keys,Turtle Rocks,TR3,TR3-t371,25,49,37,26,90%,BC,,0,none,none,none,0,N,N,0,1,0,0,0,0
Florida Keys,Turtle Rocks,TR3,TR3-t943,25,15,5,10,75%,AF,,0,none,none,none,0,N,N,0,,,,,
Florida Keys,Carysfort Reef,CF1,CF1-t024,27,10,10,3,100%,EC,,0,none,none,none,0,N,N,0,0,0,0,0,0
Florida Keys,Carysfort Reef,CF1,CF1-t027,27,20,17,15,99%,JC,,5,FS,none,none,0,N,N,0,1,0,0,0,0
Florida Keys,Carysfort Reef,CF1,CF1-t033,27,235,110,95,10%,BC,,1,FS,none,none,0,N,N,0,9,0,0,0,0
Florida Keys,Carysfort Reef,CF1,CF1-t229,27,7,7,3,100%,JC,,0,none,none,none,0,N,N,0,,,,,
Florida Keys,Carysfort Reef,CF1,CF1-t949,27,30,26,20,100%,JC,,0,none,none,none,0,N,N,0,0,0,0,0,0
Florida Keys,Carysfort Reef,CF1,CF1-t950,27,21,15,15,95%,JC,,0,none,none,none,0,N,N,0,0,0,0,0,0
Florida Keys,Carysfort Reef,CF1,CF1-t951,27,16,9,8,95%,AF,,4,FS,none,none,0,N,N,0,1,0,0,0,0
Florida Keys,Carysfort Reef,CF2,CF2-t038,27,217,196,89,20%,BC,,1,FS,RTL,none,0,N,N,0,9,0,0,1,0
Florida Keys,Carysfort Reef,CF2,CF2-t040,27,98,40,56,25%,BC,,0,none,none,none,0,N,N,0,1,0,0,0,0
Florida Keys,Carysfort Reef,CF2,CF2-t042,27,65,45,22,85%,BC,,0,none,none,none,0,N,N,0,0,0,0,1,0
Florida Keys,Carysfort Reef,CF2,CF2-t043,27,147,100,55,75%,BC,,1,FS,none,none,0,N,N,0,3,0,1,0,0
Florida Keys,Carysfort Reef,CF2,CF2-t045,27,157,102,73,80%,BC,,2,Abr,none,none,0,N,N,0,0,0,0,1,1
Florida Keys,Carysfort Reef,CF2,CF2-t046,27,79,49,46,1%,RC,,1,FS,none,none,0,N,N,0,1,0,0,0,0
Florida Keys,Carysfort Reef,CF2,CF2-t047,27,187,110,67,60%,BC,,1,CL,none,none,0,N,N,0,2,0,0,0,0
Florida Keys,Carysfort Reef,CF2,CF2-t048,27,118,108,78,70%,BC,,1,PFB,FS,none,0,N,N,0,2,0,0,1,0
Florida Keys,Carysfort Reef,CF2,CF2-t049,27,159,82,65,10%,BC,,1,FS,none,none,0,N,N,0,12,0,0,1,0
Florida Keys,Carysfort Reef,CF2,CF2-t946,27,56,55,39,55%,BC,,3,FS,none,none,0,N,N,0,10,0,0,1,0
Florida Keys,Carysfort Reef,CF2,CF2-t947,27,64,45,30,1%,RC,,1,RTL,none,none,0,N,N,0,0,0,0,0,0
Florida Keys,Carysfort Reef,CF2,CF2-t948,27,60,52,38,40%,BC,,0,none,none,none,0,N,N,0,0,0,0,0,0
Florida Keys,Carysfort Reef,CF3,CF3-t088,27,285,164,100,50%,BC,,1,RTL,FS,none,0,N,N,2,3,3,0,0,0
Florida Keys,Carysfort Reef,CF3,CF3-t090,27,367,185,85,60%,BC,,1,FS,CB,none,0,N,N,2,5,3,1,0,0
Florida Keys,Carysfort Reef,CF3,CF3-t092,27,205,131,65,50%,BC,,1,RTL,none,none,0,N,N,2,0,3,1,1,1
Florida Keys,Carysfort Reef,CF3,CF3-t095,27,212,161,101,45%,BC,,1,RTL,FS,CL,0,N,N,2,1,3,0,2,1
Florida Keys,Carysfort Reef,CF3,CF3-t971,27,,,,0%,D,,,,,,,N,N,,,,,,
Florida Keys,Carysfort Reef,CF3,CF3-t972,27,,,,0%,D,,,,,,,N,N,,,,,,
Florida Keys,Carysfort Reef,CF3,CF3-t973,27,3,3,2,100%,EC,,0,none,none,none,0,N,N,3,0,0,0,0,0
Florida Keys,Carysfort Reef,CF3,CF3-t974,27,15,13,7,100%,AF,,0,none,none,none,0,N,N,0,0,0,0,0,0
Florida Keys,Carysfort Reef,CF4,CF4-t801,27,141,90,82,15%,RC,,1,FS,none,none,0,N,N,0,1,0,0,0,0
Florida Keys,Carysfort Reef,CF4,CF4-t802,27,110,58,60,20%,RC,,0,none,none,none,0,N,N,0,0,0,0,0,0
Florida Keys,Carysfort Reef,CF4,CF4-t803,27,122,86,75,20%,RC,,0,none,none,none,0,N,Y,0,0,0,0,0,0
Florida Keys,Carysfort Reef,CF4,CF4-t804,27,15,10,11,45%,EC,,0,none,none,none,0,N,N,0,0,0,0,0,0
Florida Keys,Carysfort Reef,CF4,CF4-t805,27,59,31,40,5%,RC,,0,none,none,none,0,N,N,0,0,0,0,0,0
Florida Keys,Carysfort Reef,CF4,CF4-t806,27,20,17,20,25%,RC,,0,none,none,none,0,N,N,0,0,0,0,0,0
Florida Keys,Carysfort Reef,CF4,CF4-t807,27,19,13,10,65%,RC,,0,none,none,none,0,N,N,0,0,0,0,0,0
Florida Keys,Carysfort Reef,CF4,CF4-t808,27,110,85,40,50%,BC,,2,FS,none,none,0,N,N,0,33,0,0,1,0
Florida Keys,Carysfort Reef,CF4,CF4-t809,27,130,92,40,10%,RC,,0,none,none,none,0,N,N,0,0,0,0,1,0
Florida Keys,Carysfort Reef,CF4,CF4-t810,27,44,36,27,80%,BC,,1,FP,none,none,0,N,N,0,0,0,0,0,0
Florida Keys,Carysfort Reef,CF4,CF4-t811,27,83,35,30,15%,RC,,0,none,none,none,0,N,N,0,0,0,0,0,0
Florida Keys,Carysfort Reef,CF4,CF4-t812,27,40,25,25,5%,RC,,3,FS,CB,none,0,N,N,0,0,0,0,0,0
Florida Keys,Carysfort Reef,CF4,CF4-t813,27,20,18,18,15%,RC,,5,RTL,none,none,0,N,N,0,0,0,0,0,0
Florida Keys,Carysfort Reef,CF4,CF4-t814,27,125,102,65,35%,BC,,2,RTL,FS,CB,0,N,N,0,6,0,0,1,0
Florida Keys,Elbow Reef,EL1,EL1-t051,27,173,115,100,30%,BC,,0,none,none,none,0,N,N,1,0,2,0,1,2
Florida Keys,Elbow Reef,EL1,EL1-t052,27,265,210,82,70%,BC,,1,Oth,FS,CB,0,N,Y,2,3,2,1,1,0
Florida Keys,Elbow Reef,EL1,EL1-t054,27,125,94,62,75%,BC,,1,Oth,none,none,0,N,Y,0,0,1,0,2,2
Florida Keys,Elbow Reef,EL1,EL1-t055,27,230,175,68,65%,BC,,1,WPx,none,none,0,N,Y,3,1,1,2,1,2
Florida Keys,Elbow Reef,EL1,EL1-t056,27,105,70,47,60%,BC,,0,none,none,none,0,N,N,1,0,1,0,0,0
Florida Keys,Elbow Reef,EL1,EL1-t059,27,20,18,13,99%,JC,,0,none,none,none,0,N,N,0,0,0,0,1,0
Florida Keys,Elbow Reef,EL1,EL1-t060,27,72,55,40,99%,BC,,0,none,none,none,0,N,N,0,0,0,0,0,1
Florida Keys,Elbow Reef,EL1,EL1-t061,27,,,,0%,D,,,,,,,N,N,,,,,,
Florida Keys,Elbow Reef,EL1,EL1-t062,27,19,10,22,50%,EC,,2,FS,none,none,1,N,N,0,3,0,0,0,0
Florida Keys,Elbow Reef,EL1,EL1-t977,27,130,125,85,70%,BC,,1,Oth,none,none,0,N,N,1,0,1,1,1,0
Florida Keys,Elbow Reef,EL1,EL1-t978,27,91,37,37,95%,BC,,0,none,none,none,0,N,N,0,0,1,0,1,0
Florida Keys,Elbow Reef,EL1,EL1-t979,27,112,85,50,95%,BC,,2,FP,CL,Oth,0,N,N,1,0,1,0,0,0
Florida Keys,Elbow Reef,EL2,EL2-t064,27,12,8,13,0%,D,,2,RTL,none,none,,N,N,,,,,,
Florida Keys,Elbow Reef,EL2,EL2-t065,27,90,90,80,5%,RC,,0,none,none,none,0,N,N,0,0,0,0,0,0
Florida Keys,Elbow Reef,EL2,EL2-t066,27,130,95,85,60%,BC,,1,WPx,none,none,0,N,N,0,0,1,0,0,0
Florida Keys,Elbow Reef,EL2,EL2-t067,27,69,35,30,30%,BC,,1,FS,none,none,0,N,N,1,2,0,0,0,0
Florida Keys,Elbow Reef,EL2,EL2-t068,27,,,,0%,D,,,,,,,N,N,,,,,,
Florida Keys,Elbow Reef,EL2,EL2-t069,27,105,70,59,80%,BC,,2,FS,none,none,1,N,N,0,2,0,0,1,0
Florida Keys,Elbow Reef,EL2,EL2-t070,27,23,16,18,30%,RC,,0,none,none,none,0,N,N,0,0,0,0,0,0
Florida Keys,Elbow Reef,EL2,EL2-t071,27,2,2,1,100%,EC,,0,none,none,none,1,N,N,0,0,0,0,0,0
Florida Keys,Elbow Reef,EL2,EL2-t072,27,90,70,31,25%,BC,,1,FP,none,none,0,N,N,0,0,0,0,1,0
Florida Keys,Elbow Reef,EL2,EL2-t073,27,151,118,52,65%,BC,,2,FS,none,none,0,N,N,0,7,0,0,1,1
Florida Keys,Elbow Reef,EL2,EL2-t913,27,210,120,85,60%,BC,,1,RTL,FP,CL,0,N,N,0,0,0,0,0,2
Florida Keys,Elbow Reef,EL2,EL2-t980,27,6,4,5,100%,JC,,0,none,none,none,0,N,N,0,0,0,0,0,0
Florida Keys,Elbow Reef,EL3,EL3-t076,27,121,83,84,50%,BC,,1,FS,none,none,0,N,N,0,5,1,0,1,0
Florida Keys,Elbow Reef,EL3,EL3-t077,27,73,33,23,40%,BC,,0,none,none,none,0,N,N,0,0,0,0,0,1
Florida Keys,Elbow Reef,EL3,EL3-t078,27,47,33,47,45%,BC,,1,FS,none,none,0,N,N,0,3,0,0,0,0
Florida Keys,Elbow Reef,EL3,EL3-t079,27,43,17,24,20%,RC,,0,none,none,none,0,N,N,0,0,0,0,1,0
Florida Keys,Elbow Reef,EL3,EL3-t083,27,112,83,67,80%,BC,,2,CL,none,none,1,N,N,0,0,0,0,1,0
Florida Keys,Elbow Reef,EL3,EL3-t086,27,175,128,71,70%,BC,,1,CL,FS,CB,0,N,N,0,2,0,0,2,1
Florida Keys,Elbow Reef,EL3,EL3-t911,27,111,58,65,80%,BC,,2,CL,none,none,1,N,N,0,0,0,0,1,1
Florida Keys,Elbow Reef,EL3,EL3-t930,27,12,11,4,90%,EC,,0,none,none,none,0,N,N,0,0,0,0,0,0
Florida Keys,Elbow Reef,EL3,EL3-t931,27,,,,0%,D,,,,,,,N,N,,,,,,
Florida Keys,Elbow Reef,EL3,EL3-t932,27,6,5,3,90%,EC,,0,none,none,none,0,N,N,0,0,0,0,0,0
Florida Keys,Elbow Reef,EL3,EL3-t933,27,117,68,72,75%,BC,,1,CL,Oth,none,0,N,Y,0,0,0,0,1,1
Florida Keys,Elbow Reef,EL3,EL3-t934,27,28,12,4,20%,EC,,1,Oth,none,none,0,N,N,0,0,0,0,0,0
Florida Keys,Elbow Reef,EL4,EL4-t153,27,222,169,80,50%,BC,,1,FS,CB,RTL,0,N,N,0,19,0,0,0,1
Florida Keys,Elbow Reef,EL4,EL4-t154,27,147,102,87,55%,BC,,1,CL,FS,none,0,N,N,0,2,0,0,0,1
Florida Keys,Elbow Reef,EL4,EL4-t158,27,83,63,63,70%,BC,,3,FS,none,none,0,N,N,0,6,0,0,0,0
Florida Keys,Elbow Reef,EL4,EL4-t160,27,89,53,35,85%,BC,,0,none,none,none,0,N,N,0,0,0,0,1,0
Florida Keys,Elbow Reef,EL4,EL4-t165,27,5,4,2,100%,EC,,0,none,none,none,0,N,N,0,0,0,0,0,0
Florida Keys,Elbow Reef,EL4,EL4-t168,27,165,136,87,80%,BC,,2,FS,FP,none,0,N,N,0,3,0,0,0,0
Florida Keys,Elbow Reef,EL4,EL4-t922,27,9,5,6,75%,JC,,5,FS,none,none,0,N,N,0,1,0,0,0,0
Florida Keys,Elbow Reef,EL4,EL4-t935,27,60,52,46,5%,RC,,1,Oth,none,none,0,N,N,0,0,0,0,0,0
Florida Keys,Elbow Reef,EL4,EL4-t936,27,30,30,8,90%,AF,,0,none,none,none,0,N,N,0,1,0,0,0,0
Florida Keys,Elbow Reef,EL4,EL4-t937,27,36,30,11,80%,JC,,0,none,none,none,0,N,N,0,0,0,0,0,0
Florida Keys,Elbow Reef,EL5,EL5-t177,27,86,63,55,40%,BC,,2,FS,CB,none,0,N,N,0,12,0,0,0,0
Florida Keys,Elbow Reef,EL5,EL5-t180,27,130,100,67,60%,BC,,1,FS,none,none,1,N,N,0,4,0,0,0,0
Florida Keys,Elbow Reef,EL5,EL5-t183,27,22,17,17,99%,JC,,0,none,none,none,0,N,N,0,0,0,0,0,0
Florida Keys,Elbow Reef,EL5,EL5-t939,27,33,12,10,20%,AF,,0,none,none,none,1,N,N,0,0,0,0,0,0
Florida Keys,Elbow Reef,EL5,EL5-t940,27,17,11,11,90%,AF,,0,none,none,none,0,N,N,0,0,0,0,0,0
Florida Keys,French Reef,FR1,FR1-t002,27,84,53,47,65%,BC,,0,none,none,none,1,N,N,0,0,1,0,1,0
Florida Keys,French Reef,FR1,FR1-t003,27,18,9,15,99%,JC,,0,none,none,none,0,N,N,0,0,1,0,0,0
Florida Keys,French Reef,FR1,FR1-t004,27,75,69,70,20%,BC,,0,none,none,none,0,N,N,0,0,1,0,1,0
Florida Keys,French Reef,FR1,FR1-t005,27,130,104,70,60%,BC,,1,WPx,none,none,0,N,N,2,0,2,0,1,0
Florida Keys,French Reef,FR1,FR1-t006,27,150,105,72,35%,BC,,0,none,none,none,0,N,N,1,0,1,0,1,0
Florida Keys,French Reef,FR1,FR1-t007,27,16,11,10,100%,JC,,0,none,none,none,0,N,N,0,0,0,0,0,0
Florida Keys,French Reef,FR1,FR1-t008,27,89,88,75,50%,BC,,1,CL,none,none,1,N,N,2,0,1,0,1,0
Florida Keys,French Reef,FR1,FR1-t009,27,210,197,75,50%,BC,,1,FP,Oth,none,0,N,N,2,0,6,0,0,0
Florida Keys,French Reef,FR1,FR1-t010,27,60,56,42,25%,RC,,1,CL,none,none,1,N,N,1,0,1,1,0,0
Florida Keys,French Reef,FR1,FR1-t011,27,8,6,8,100%,JC,,0,none,none,none,0,N,N,0,0,0,0,0,0
Florida Keys,French Reef,FR1,FR1-t975,27,38,26,25,80%,JC,,2,FS,none,none,0,N,N,0,2,1,0,0,0
Florida Keys,French Reef,FR1,FR1-t976,27,70,46,58,20%,RC,,1,RTL,none,none,0,N,N,0,0,1,0,0,0
Florida Keys,French Reef,FR2,FR2-t250,27,102,62,55,15%,BC,,0,none,none,none,0,N,Y,0,0,0,0,0,0
Florida Keys,French Reef,FR2,FR2-t251,27,41,33,45,95%,BC,,1,FS,none,none,0,N,N,0,2,0,0,0,0
Florida Keys,French Reef,FR2,FR2-t252,27,14,11,14,1%,RC,,4,RTL,none,none,0,N,N,0,0,0,0,0,0
Florida Keys,French Reef,FR2,FR2-t255,27,28,19,26,60%,JC,,1,FS,none,none,0,N,N,0,3,0,0,0,0
Florida Keys,French Reef,FR2,FR2-t256,27,45,30,35,70%,BC,,0,none,none,none,0,N,N,0,0,0,0,0,1
Florida Keys,French Reef,FR2,FR2-t257,27,14,13,12,99%,JC,,0,none,none,none,0,N,N,0,0,0,0,0,0
Florida Keys,French Reef,FR2,FR2-t258,27,34,27,30,60%,JC,,2,FS,CB,none,0,N,N,0,3,0,0,0,0
Florida Keys,French Reef,FR2,FR2-t259,27,19,16,20,80%,JC,,0,none,none,none,0,N,N,0,0,1,0,1,0
Florida Keys,French Reef,FR2,FR2-t260,27,28,26,30,99%,JC,,0,none,none,none,1,N,N,0,0,0,0,0,0
Florida Keys,French Reef,FR2,FR2-t261,27,85,60,50,30%,BC,,1,CL,CB,none,0,N,N,0,0,1,0,1,0
Florida Keys,French Reef,FR2,FR2-t262,27,16,11,14,80%,JC,,1,CL,none,none,0,N,N,0,0,0,0,0,0
Florida Keys,French Reef,FR2,FR2-t982,27,19,14,23,100%,JC,,0,none,none,none,0,N,N,0,0,0,0,0,1
Florida Keys,French Reef,FR3,FR3-t815,27,75,72,35,90%,BC,,2,FS,FP,none,0,N,N,1,8,1,0,0,0
Florida Keys,French Reef,FR3,FR3-t816,27,15,11,12,90%,JC,,0,none,none,none,0,N,N,0,0,0,0,0,0
Florida Keys,French Reef,FR3,FR3-t817,27,34,21,10,85%,JC,,0,none,none,none,0,N,Y,0,1,0,0,0,0
Florida Keys,French Reef,FR3,FR3-t818,27,8,5,7,70%,EC,,0,none,none,none,0,N,N,0,0,0,0,1,0
Florida Keys,French Reef,FR3,FR3-t819,27,102,57,34,30%,BC,,1,Oth,none,none,0,N,N,0,0,0,0,0,0
Florida Keys,French Reef,FR3,FR3-t820,27,137,92,72,30%,BC,,1,RTL,FS,CB,0,N,N,0,6,1,1,1,0
Florida Keys,French Reef,FR3,FR3-t821,27,122,89,55,70%,BC,,1,FP,none,none,0,N,N,2,0,1,0,1,0
Florida Keys,French Reef,FR3,FR3-t822,27,16,9,4,90%,EC,,0,none,none,none,0,N,N,0,0,0,0,0,0
Florida Keys,French Reef,FR3,FR3-t823,27,6,3,2,100%,EC,,0,none,none,none,0,N,N,0,0,0,0,1,0
Florida Keys,French Reef,FR3,FR3-t824,27,34,26,16,95%,JC,,3,Oth,none,none,0,N,N,2,0,1,0,0,0
Florida Keys,French Reef,FR3,FR3-t825,27,34,29,31,100%,JC,,0,none,none,none,0,N,N,0,0,0,0,0,0
Florida Keys,French Reef,FR3,FR3-t826,27,12,9,8,100%,JC,,0,none,none,none,0,N,N,0,0,0,0,0,0
Florida Keys,Grecian Rocks,GR1,GR1-t827,27,42,42,30,95%,BC,,4,FP,none,none,0,N,N,0,0,0,0,0,0
Florida Keys,Grecian Rocks,GR1,GR1-t828,27,50,46,45,95%,BC,,5,FP,none,none,0,N,Y,0,0,0,0,0,0
Florida Keys,Grecian Rocks,GR1,GR1-t829,27,64,30,22,45%,BC,,2,FS,WPx,none,0,N,Y,0,0,0,0,1,0
Florida Keys,Grecian Rocks,GR1,GR1-t830,27,63,47,37,80%,BC,,1,FP,CL,none,0,N,N,0,0,0,0,1,0
Florida Keys,Grecian Rocks,GR1,GR1-t831,27,80,74,55,95%,BC,,2,FP,none,none,0,N,N,0,0,0,0,1,0
Florida Keys,Grecian Rocks,GR1,GR1-t832,27,65,45,45,75%,BC,,3,FS,none,none,0,N,Y,0,6,0,0,0,0
Florida Keys,Grecian Rocks,GR1,GR1-t833,27,73,66,37,95%,BC,,4,FP,none,none,0,N,N,0,0,0,0,1,0
Florida Keys,Grecian Rocks,GR1,GR1-t834,27,32,26,10,10%,AF,,0,none,none,none,0,N,N,0,0,0,0,0,0
Florida Keys,Grecian Rocks,GR1,GR1-t835,27,51,50,44,95%,BC,,4,FP,none,none,0,N,N,0,0,0,0,0,0
Florida Keys,Grecian Rocks,GR1,GR1-t836,27,42,36,25,70%,BC,,3,FS,CB,none,0,N,N,0,3,0,0,0,0
Florida Keys,Grecian Rocks,GR1,GR1-t837,27,62,37,31,99%,BC,,5,FP,none,none,0,N,Y,0,0,0,0,0,0
Florida Keys,Grecian Rocks,GR1,GR1-t838,27,33,22,15,85%,JC,,3,FP,none,none,0,N,N,0,0,0,0,0,0
Florida Keys,Grecian Rocks,GR2,GR2-t839,27,6,3,4,100%,EC,,0,none,none,none,0,N,N,0,0,0,0,0,0
Florida Keys,Grecian Rocks,GR2,GR2-t840,27,87,70,45,100%,BC,,0,none,none,none,0,N,N,0,0,0,0,0,0
Florida Keys,Grecian Rocks,GR2,GR2-t841,27,120,98,75,85%,BC,,1,CL,none,none,0,N,Y,0,0,0,0,0,0
Florida Keys,Grecian Rocks,GR2,GR2-t842,27,18,7,11,80%,AF,,0,none,none,none,0,N,N,0,0,0,0,0,0
Florida Keys,Grecian Rocks,GR2,GR2-t843,27,7,3,3,100%,AF,,0,none,none,none,0,N,N,0,0,0,0,0,0
Florida Keys,Grecian Rocks,GR2,GR2-t844,27,68,55,49,80%,BC,,1,CL,none,none,0,N,Y,0,0,0,0,0,0
Florida Keys,Grecian Rocks,GR2,GR2-t845,27,8,6,4,100%,EC,,0,none,none,none,0,N,N,0,0,0,0,0,0
Florida Keys,Grecian Rocks,GR2,GR2-t846,27,155,64,72,65%,BC,,0,none,none,none,0,N,N,0,0,0,0,0,1
Florida Keys,Grecian Rocks,GR2,GR2-t847,27,54,30,15,100%,EC,,0,none,none,none,0,N,N,0,0,0,0,0,0
Florida Keys,Grecian Rocks,GR2,GR2-t848,27,11,5,6,100%,AF,,0,none,none,none,0,N,N,0,0,0,0,0,0
Florida Keys,Grecian Rocks,GR2,GR2-t849,27,7,3,3,100%,AF,,0,none,none,none,0,N,N,0,0,0,0,0,0
Florida Keys,Grecian Rocks,GR2,GR2-t850,27,100,63,62,90%,BC,,0,none,none,none,0,N,Y,0,0,0,0,0,0
Florida Keys,Key Largo Dry Rocks,KL1,KL1-t104,27,114,85,67,10%,RC,,0,none,none,none,0,N,N,0,0,0,0,1,0
Florida Keys,Key Largo Dry Rocks,KL1,KL1-t105,27,227,162,88,20%,BC,,1,WPx,none,none,0,N,N,0,0,0,0,1,0
Florida Keys,Key Largo Dry Rocks,KL1,KL1-t106,27,84,48,45,15%,RC,,1,RTL,none,none,0,N,N,0,0,0,0,1,0
Florida Keys,Key Largo Dry Rocks,KL1,KL1-t107,27,127,77,55,25%,BC,,0,none,none,none,0,N,N,0,0,1,0,0,0
Florida Keys,Key Largo Dry Rocks,KL1,KL1-t108,27,172,85,80,30%,BC,,1,FS,none,none,0,N,N,0,5,0,0,1,0
Florida Keys,Key Largo Dry Rocks,KL1,KL1-t109,27,12,11,7,90%,JC,,0,none,none,none,0,N,N,0,0,0,0,0,0
Florida Keys,Key Largo Dry Rocks,KL1,KL1-t110,27,175,100,85,25%,BC,,0,none,none,none,0,N,N,0,0,0,1,0,0
Florida Keys,Key Largo Dry Rocks,KL1,KL1-t904,27,20,16,14,10%,RC,,0,none,none,none,0,N,N,0,0,0,0,0,0
Florida Keys,Key Largo Dry Rocks,KL3,KL3-t215,27,76,54,66,40%,BC,,1,FS,WPx,none,0,N,N,0,0,0,0,0,0
Florida Keys,Key Largo Dry Rocks,KL3,KL3-t216,27,76,40,57,5%,RC,,0,none,none,none,0,N,N,0,0,1,0,0,0
Florida Keys,Key Largo Dry Rocks,KL3,KL3-t217,27,83,75,45,20%,BC,,0,none,none,none,0,N,N,0,0,0,0,0,0
Florida Keys,Key Largo Dry Rocks,KL3,KL3-t219,27,173,74,63,2%,RC,,0,none,none,none,0,N,N,0,0,2,0,1,0
Florida Keys,Key Largo Dry Rocks,KL3,KL3-t220,27,75,61,50,1%,RC,,0,none,none,none,0,N,N,0,0,0,0,0,0
Florida Keys,Key Largo Dry Rocks,KL3,KL3-t222,27,37,37,20,95%,JC,,3,WPx,none,none,0,N,N,1,0,1,0,0,0
Florida Keys,Key Largo Dry Rocks,KL3,KL3-t223,27,46,23,49,1%,RC,,0,none,none,none,0,N,N,0,0,1,0,0,0
Florida Keys,Key Largo Dry Rocks,KL3,KL3-t966,27,35,12,22,75%,JC,,0,none,none,none,0,N,N,0,0,1,0,0,0
Florida Keys,Key Largo Dry Rocks,KL3,KL3-t967,27,17,14,17,70%,RC,,0,none,none,none,0,N,N,0,0,1,0,0,0
Florida Keys,Key Largo Dry Rocks,KL3,KL3-t968,27,4,4,1,85%,EC,,0,none,none,none,0,N,N,0,0,1,0,0,0
Florida Keys,Key Largo Dry Rocks,KL3,KL3-t969,27,20,14,17,5%,RC,,0,none,none,none,0,N,N,0,0,1,0,0,0
Florida Keys,Key Largo Dry Rocks,KL3,KL3-t970,27,3,2,1,100%,EC,,0,none,none,none,0,N,N,0,0,1,0,0,0
Florida Keys,Key Largo Dry Rocks,KL4,KL4-t851,27,39,28,20,95%,JC,,0,none,none,none,0,N,N,0,0,0,0,0,0
Florida Keys,Key Largo Dry Rocks,KL4,KL4-t852,27,30,29,15,80%,JC,,0,none,none,none,0,N,N,0,0,0,0,0,0
Florida Keys,Key Largo Dry Rocks,KL4,KL4-t853,27,135,125,85,70%,BC,,1,FS,none,none,0,N,N,0,3,0,0,1,1
Florida Keys,Key Largo Dry Rocks,KL4,KL4-t854,27,55,25,28,40%,AF,,1,FS,none,none,0,N,N,0,2,0,0,0,0
Florida Keys,Key Largo Dry Rocks,KL4,KL4-t855,27,124,112,50,100%,BC,,0,none,none,none,0,N,N,0,0,0,0,0,0
Florida Keys,Key Largo Dry Rocks,KL4,KL4-t856,27,114,70,46,80%,BC,,2,FS,none,none,0,N,N,0,9,0,0,0,0
Florida Keys,Key Largo Dry Rocks,KL4,KL4-t857,27,50,18,22,25%,AF,,0,none,none,none,0,N,N,0,0,0,0,0,0
Florida Keys,Key Largo Dry Rocks,KL4,KL4-t858,27,8,8,3,100%,EC,,0,none,none,none,0,N,N,0,0,0,0,0,0
Florida Keys,Key Largo Dry Rocks,KL4,KL4-t859,27,51,34,26,90%,BC,,2,FS,FP,none,0,N,N,0,3,0,0,0,0
Florida Keys,Molasses Reef,ML1,ML1-t013,27,157,104,85,75%,BC,,1,FS,none,none,0,N,Y,1,1,1,0,1,1
Florida Keys,Molasses Reef,ML1,ML1-t015,27,46,36,23,30%,BC,,1,CL,none,none,0,N,N,0,0,0,0,0,2
Florida Keys,Molasses Reef,ML1,ML1-t016,27,100,87,54,80%,BC,,2,WPx,FS,none,0,N,Y,2,8,1,1,1,4
Florida Keys,Molasses Reef,ML1,ML1-t017,27,45,21,21,10%,RC,,0,none,none,none,0,N,N,0,0,0,0,0,0
Florida Keys,Molasses Reef,ML1,ML1-t018,27,45,36,29,95%,BC,,3,WPx,none,none,0,N,N,0,0,0,0,0,0
Florida Keys,Molasses Reef,ML1,ML1-t020,27,218,150,102,30%,BC,,0,none,none,none,0,N,N,0,0,0,0,2,0
Florida Keys,Molasses Reef,ML1,ML1-t920,27,3,2,1,100%,EC,,0,none,none,none,0,N,N,0,0,0,0,0,0
Florida Keys,Molasses Reef,ML1,ML1-t981,27,3,2,1,100%,EC,,0,none,none,none,0,N,N,0,0,0,0,0,0
Florida Keys,Molasses Reef,ML2,ML2-t126,27,250,167,105,35%,BC,,1,FS,none,none,0,Y,N,2,7,4,1,1,0
Florida Keys,Molasses Reef,ML2,ML2-t127,27,67,61,54,5%,RC,,0,none,none,none,0,Y,N,1,0,1,0,0,0
Florida Keys,Molasses Reef,ML2,ML2-t128,27,35,26,25,2%,RC,,1,Oth,none,none,0,N,N,0,0,1,0,0,0
Florida Keys,Molasses Reef,ML2,ML2-t129,27,145,136,65,20%,BC,,1,FS,none,none,0,Y,N,2,4,2,0,1,0
Florida Keys,Molasses Reef,ML2,ML2-t130,27,144,95,70,15%,RC,,1,CB,none,none,0,Y,N,0,1,1,0,0,0
Florida Keys,Molasses Reef,ML2,ML2-t131,27,135,130,67,55%,BC,,1,CL,none,none,0,Y,N,0,0,2,0,1,0
Florida Keys,Molasses Reef,ML2,ML2-t132,27,184,115,83,40%,BC,,1,FS,none,none,0,Y,N,1,3,1,0,0,0
Florida Keys,Molasses Reef,ML2,ML2-t137,27,16,14,3,75%,EC,,4,CL,none,none,0,Y,N,0,0,0,0,0,0
Florida Keys,Molasses Reef,ML2,ML2-t952,27,15,14,10,100%,JC,,0,none,none,none,0,Y,N,0,0,0,0,0,0
Florida Keys,Molasses Reef,ML2,ML2-t953,27,28,25,27,20%,RC,,0,none,none,none,0,Y,N,0,0,1,0,0,0
Florida Keys,Molasses Reef,ML2,ML2-t954,27,6,4,2,100%,EC,,0,none,none,none,0,Y,N,0,0,0,0,0,0
Florida Keys,Molasses Reef,ML3,ML3-t144,27,135,94,72,75%,BC,,1,FS,none,none,0,Y,Y,0,3,1,0,0,0
Florida Keys,Molasses Reef,ML3,ML3-t145,27,178,115,60,50%,BC,,0,none,none,none,0,Y,N,3,0,2,0,0,0
Florida Keys,Molasses Reef,ML3,ML3-t146,27,185,144,78,65%,BC,,0,none,none,none,0,Y,N,3,0,2,0,0,0
Florida Keys,Molasses Reef,ML3,ML3-t147,27,222,222,89,40%,BC,,1,FS,none,none,0,Y,N,2,1,4,0,2,0
Florida Keys,Molasses Reef,ML3,ML3-t148,27,137,102,77,45%,BC,,1,Oth,CL,none,0,Y,N,2,2,1,0,1,0
Florida Keys,Molasses Reef,ML3,ML3-t150,27,66,62,40,85%,BC,,0,none,none,none,0,Y,N,2,0,1,1,0,0
Florida Keys,Molasses Reef,ML3,ML3-t184,27,215,188,85,75%,BC,,1,FP,Oth,none,0,Y,N,0,0,1,0,1,0
Florida Keys,Molasses Reef,ML3,ML3-t185,27,21,21,17,70%,RC,,0,none,none,none,0,N,N,0,0,0,0,0,0
Florida Keys,Molasses Reef,ML3,ML3-t186,27,42,37,18,95%,BC,,0,none,none,none,0,Y,N,0,0,0,0,0,0
Florida Keys,Molasses Reef,ML3,ML3-t915,27,58,52,42,55%,BC,,0,none,none,none,0,Y,N,3,0,1,0,1,0
Florida Keys,Molasses Reef,ML3,ML3-t955,27,107,78,44,85%,BC,,1,FS,none,none,0,Y,N,1,0,1,0,0,1
Florida Keys,Molasses Reef,ML3,ML3-t956,27,12,8,6,100%,EC,,0,none,none,none,0,N,N,0,0,0,0,0,0
Florida Keys,Sand Island,SI1,SI1-t301,27,22,21,11,30%,EC,,2,FS,none,none,0,N,N,0,5,0,0,1,0
Florida Keys,Sand Island,SI1,SI1-t302,27,122,94,60,65%,BC,,1,FS,none,none,0,N,N,0,7,0,0,1,0
Florida Keys,Sand Island,SI1,SI1-t304,27,55,40,15,70%,AF,,1,FS,none,none,0,N,N,0,1,0,0,0,0
Florida Keys,Sand Island,SI1,SI1-t305,27,9,4,6,90%,EC,,0,none,none,none,0,N,N,0,0,0,0,0,0
Florida Keys,Sand Island,SI1,SI1-t308,27,83,55,65,50%,BC,,1,CL,none,none,0,N,N,0,0,0,0,0,0
Florida Keys,Sand Island,SI1,SI1-t312,27,25,24,16,60%,RC,,0,none,none,none,0,N,N,0,0,0,0,0,0
Florida Keys,Sand Island,SI1,SI1-t319,27,90,65,88,10%,RC,,1,FS,none,none,0,N,N,0,3,0,0,0,0
Florida Keys,Sand Island,SI1,SI1-t320,27,,,,0%,D,,,,,,,N,N,,,,,,
Florida Keys,Sand Island,SI1,SI1-t321,27,67,50,55,0%,D,,1,Oth,none,none,,N,N,,,,,,
Florida Keys,Sand Island,SI1,SI1-t957,27,42,34,28,20%,RC,,1,FS,none,none,0,N,N,0,3,0,0,0,0
Florida Keys,Sand Island,SI1,SI1-t958,27,11,10,7,100%,EC,,0,none,none,none,0,N,N,0,0,0,0,0,0
Florida Keys,Sand Island,SI1,SI1-t959,27,13,12,13,90%,JC,,4,Oth,none,none,0,N,N,0,0,0,0,0,0
Florida Keys,Sand Island,SI2,SI2-t322,27,2,1,1,100%,EC,,0,none,none,none,0,N,N,0,0,0,0,0,0
Florida Keys,Sand Island,SI2,SI2-t323,27,93,83,60,50%,RC,,0,none,none,none,0,N,Y,0,1,1,1,0,0
Florida Keys,Sand Island,SI2,SI2-t324,27,127,90,85,80%,BC,,0,none,none,none,0,N,N,0,0,0,0,1,0
Florida Keys,Sand Island,SI2,SI2-t326,27,157,84,89,60%,BC,,0,none,none,none,0,N,Y,2,6,2,1,1,0
Florida Keys,Sand Island,SI2,SI2-t330,27,42,38,27,45%,BC,,3,RTL,FS,none,0,N,N,0,3,0,0,0,0
Florida Keys,Sand Island,SI2,SI2-t333,27,3,2,1,100%,EC,,0,none,none,none,0,N,N,0,0,0,0,0,0
Florida Keys,Sand Island,SI2,SI2-t334,27,310,175,144,60%,BC,,1,FS,none,none,0,N,Y,1,3,2,0,1,0
Florida Keys,Sand Island,SI2,SI2-t335,27,15,9,10,95%,EC,,0,none,none,none,0,N,N,0,0,0,0,0,0
Florida Keys,Sand Island,SI2,SI2-t960,27,75,55,53,99%,BC,,0,none,none,none,0,N,Y,0,0,0,0,0,0
Florida Keys,Sand Island,SI2,SI2-t961,27,49,34,36,99%,BC,,0,none,none,none,0,N,N,0,0,0,1,0,0
Florida Keys,Sand Island,SI2,SI2-t962,27,172,68,40,75%,BC,,1,FS,none,none,1,N,N,2,12,3,0,0,0
Florida Keys,Sand Island,SI2,SI2-t963,27,85,70,40,10%,RC,,2,FS,WBD,none,0,N,N,0,5,0,0,0,0
Florida Keys,Sand Island,SI3,SI3-t336,27,7,5,6,100%,EC,,0,none,none,none,0,N,N,0,0,0,0,1,0
Florida Keys,Sand Island,SI3,SI3-t337,27,9,6,3,99%,EC,,0,none,none,none,0,N,N,0,0,0,0,0,0
Florida Keys,Sand Island,SI3,SI3-t338,27,22,12,18,70%,JC,,0,none,none,none,0,N,N,0,0,0,0,0,0
Florida Keys,Sand Island,SI3,SI3-t340,27,20,15,10,60%,EC,,2,FS,none,none,0,N,N,0,1,0,0,0,0
Florida Keys,Sand Island,SI3,SI3-t341,27,117,100,78,75%,BC,,2,WPx,FS,none,0,N,N,0,1,0,0,0,0
Florida Keys,Sand Island,SI3,SI3-t342,27,61,37,50,30%,BC,,1,FS,RTL,CB,0,N,N,0,7,0,0,0,0
Florida Keys,Sand Island,SI3,SI3-t343,27,16,8,10,0%,D,,3,RTL,none,none,,N,N,,,,,,
Florida Keys,Sand Island,SI3,SI3-t345,27,9,7,6,75%,JC,,0,none,none,none,0,N,N,0,0,0,0,0,0
Florida Keys,Sand Island,SI3,SI3-t346,27,14,11,11,99%,JC,,0,none,none,none,0,N,N,0,0,0,0,0,0
Florida Keys,Sand Island,SI3,SI3-t347,27,14,9,10,95%,JC,,5,FS,none,none,0,N,N,0,2,0,0,0,0
Florida Keys,Sand Island,SI3,SI3-t964,27,85,57,50,5%,RC,,1,Oth,none,none,0,N,N,0,0,0,0,0,0
Florida Keys,Sand Island,SI3,SI3-t965,27,7,3,5,90%,AF,,0,none,none,none,0,N,N,0,0,0,0,0,0
Florida Keys,Carysfort Reef,CF1,CF1-t024,28,10,10,4,95%,JC,,0,none,none,none,0,N,N,0,0,0,0,0,0
Florida Keys,Carysfort Reef,CF1,CF1-t027,28,17,16,20,95%,JC,,2,FS,none,none,0,N,N,0,0,0,0,0,0
Florida Keys,Carysfort Reef,CF1,CF1-t033,28,220,110,95,5%,BC,,2,FS,none,none,0,N,N,0,10,0,0,2,0
Florida Keys,Carysfort Reef,CF1,CF1-t949,28,35,28,23,100%,JC,,0,none,none,none,0,N,N,0,0,0,0,0,0
Florida Keys,Carysfort Reef,CF1,CF1-t950,28,23,15,18,99%,JC,,0,none,none,none,0,N,N,0,0,0,0,0,0
Florida Keys,Carysfort Reef,CF1,CF1-t951,28,17,10,10,85%,JC,,0,none,none,none,0,N,N,0,0,0,0,0,0
Florida Keys,Carysfort Reef,CF2,CF2-t038,28,220,200,89,20%,BC,,1,RTL,FS,none,0,N,N,0,7,0,0,0,0
Florida Keys,Carysfort Reef,CF2,CF2-t040,28,95,42,59,20%,BC,,0,none,none,none,0,N,N,0,0,0,0,0,0
Florida Keys,Carysfort Reef,CF2,CF2-t042,28,61,42,27,85%,BC,,2,CL,none,none,0,N,N,0,0,0,0,0,0
Florida Keys,Carysfort Reef,CF2,CF2-t043,28,149,106,55,70%,BC,,2,FS,none,none,0,N,N,0,7,1,0,0,0
Florida Keys,Carysfort Reef,CF2,CF2-t045,28,163,87,79,80%,BC,,0,none,none,none,0,N,N,0,0,0,0,1,0
Florida Keys,Carysfort Reef,CF2,CF2-t046,28,2,2,1,100%,EC,,0,none,none,none,0,N,N,0,0,0,0,0,0
Florida Keys,Carysfort Reef,CF2,CF2-t047,28,184,110,68,60%,BC,,2,FS,CB,CL,0,N,N,0,3,0,0,0,1
Florida Keys,Carysfort Reef,CF2,CF2-t048,28,107,95,75,70%,BC,,0,none,none,none,0,N,N,0,1,0,0,0,0
Florida Keys,Carysfort Reef,CF2,CF2-t049,28,157,80,65,10%,RC,,0,none,none,none,0,N,N,0,0,0,0,0,0
Florida Keys,Carysfort Reef,CF2,CF2-t946,28,60,54,35,40%,BC,,3,FS,CB,none,0,N,N,0,20,0,0,0,0
Florida Keys,Carysfort Reef,CF2,CF2-t947,28,,,,0%,D,,,,,,,N,N,,,,,,
Florida Keys,Carysfort Reef,CF2,CF2-t948,28,48,37,37,30%,BC,,0,none,none,none,0,N,N,0,0,0,0,0,0
Florida Keys,Carysfort Reef,CF3,CF3-t088,28,285,165,100,45%,BC,,1,RTL,FS,PFB,0,N,N,2,4,2,0,1,0
Florida Keys,Carysfort Reef,CF3,CF3-t090,28,370,190,85,65%,BC,,1,FS,none,none,0,N,N,2,4,3,0,1,0
Florida Keys,Carysfort Reef,CF3,CF3-t092,28,210,135,70,55%,BC,,1,CL,none,none,0,N,N,2,0,3,1,1,0
Florida Keys,Carysfort Reef,CF3,CF3-t095,28,218,164,102,45%,BC,,1,FS,none,none,0,N,N,2,2,2,0,1,0
Florida Keys,Carysfort Reef,CF3,CF3-t973,28,3,3,2,100%,EC,,0,none,none,none,0,N,N,0,0,0,0,0,0
Florida Keys,Carysfort Reef,CF3,CF3-t974,28,18,11,10,100%,AF,,0,none,none,none,0,N,N,0,0,0,0,0,0
Florida Keys,Carysfort Reef,CF4,CF4-t801,28,146,87,75,10%,RC,,1,FS,CB,none,0,N,N,0,2,0,0,1,0
Florida Keys,Carysfort Reef,CF4,CF4-t802,28,105,57,50,20%,RC,,1,Unk,CB,none,0,N,N,0,0,0,0,0,0
Florida Keys,Carysfort Reef,CF4,CF4-t803,28,120,87,78,15%,RC,,1,Unk,CB,none,0,N,N,0,0,0,0,0,0
Florida Keys,Carysfort Reef,CF4,CF4-t804,28,15,12,11,45%,EC,,0,none,none,none,0,N,N,0,0,0,0,0,0
Florida Keys,Carysfort Reef,CF4,CF4-t805,28,59,30,35,1%,RC,,0,none,none,none,0,N,N,0,0,0,0,0,0
Florida Keys,Carysfort Reef,CF4,CF4-t806,28,20,17,18,15%,RC,,0,none,none,none,0,N,N,0,0,0,0,0,0
Florida Keys,Carysfort Reef,CF4,CF4-t807,28,20,14,12,65%,RC,,0,none,none,none,0,N,N,0,0,0,0,0,0
Florida Keys,Carysfort Reef,CF4,CF4-t808,28,112,85,42,30%,BC,,1,FS,none,none,0,N,N,0,16,0,0,0,0
Florida Keys,Carysfort Reef,CF4,CF4-t809,28,130,90,39,10%,RC,,0,none,none,none,0,N,N,0,0,0,0,0,0
Florida Keys,Carysfort Reef,CF4,CF4-t810,28,47,39,27,80%,BC,,1,FS,CL,none,0,N,N,0,0,0,0,0,0
Florida Keys,Carysfort Reef,CF4,CF4-t811,28,83,35,30,15%,RC,,0,none,none,none,0,N,N,0,0,0,0,0,0
Florida Keys,Carysfort Reef,CF4,CF4-t812,28,4,2,1,100%,EC,,0,none,none,none,0,N,N,0,0,0,0,0,0
Florida Keys,Carysfort Reef,CF4,CF4-t813,28,18,14,11,15%,EC,,0,none,none,none,0,N,N,0,0,0,0,0,0
Florida Keys,Carysfort Reef,CF4,CF4-t814,28,125,100,65,25%,BC,,1,FS,WBD,CB,0,N,N,0,3,0,0,1,1
Florida Keys,Elbow Reef,EL1,EL1-t051,28,175,119,100,35%,BC,,1,FS,none,none,0,N,N,1,4,1,0,1,0
Florida Keys,Elbow Reef,EL1,EL1-t052,28,265,210,82,70%,BC,,0,none,none,none,0,N,Y,2,0,2,0,1,0
Florida Keys,Elbow Reef,EL1,EL1-t054,28,138,95,65,70%,BC,,1,WBD,Oth,none,0,N,N,0,0,0,0,0,0
Florida Keys,Elbow Reef,EL1,EL1-t055,28,224,162,63,65%,BC,,0,none,none,none,0,N,N,2,0,1,0,2,0
Florida Keys,Elbow Reef,EL1,EL1-t056,28,107,70,50,55%,BC,,1,CB,none,none,0,N,Y,2,0,1,0,1,1
Florida Keys,Elbow Reef,EL1,EL1-t059,28,21,18,16,95%,JC,,0,none,none,none,0,N,N,0,0,0,0,0,0
Florida Keys,Elbow Reef,EL1,EL1-t060,28,77,56,45,99%,BC,,0,none,none,none,1,N,N,0,0,0,0,0,0
Florida Keys,Elbow Reef,EL1,EL1-t062,28,20,10,21,40%,EC,,3,FS,WPx,none,0,N,N,0,0,0,0,0,0
Florida Keys,Elbow Reef,EL1,EL1-t977,28,133,127,85,65%,BC,,1,FP,CL,none,0,N,N,0,0,1,0,1,0
Florida Keys,Elbow Reef,EL1,EL1-t978,28,92,41,35,95%,BC,,0,none,none,none,0,N,N,0,0,0,0,0,0
Florida Keys,Elbow Reef,EL1,EL1-t979,28,115,88,53,95%,BC,,2,FP,none,none,0,N,N,0,0,0,0,0,0
Florida Keys,Elbow Reef,EL2,EL2-t065,28,90,90,80,5%,RC,,0,none,none,none,0,N,N,0,0,0,0,0,0
Florida Keys,Elbow Reef,EL2,EL2-t066,28,130,98,85,60%,BC,,1,FS,none,none,0,N,Y,1,2,1,0,1,0
Florida Keys,Elbow Reef,EL2,EL2-t067,28,68,38,30,25%,BC,,1,FS,none,none,0,N,N,1,2,0,0,0,0
Florida Keys,Elbow Reef,EL2,EL2-t069,28,105,70,60,75%,BC,,2,FS,none,none,0,N,N,0,2,0,0,0,0
Florida Keys,Elbow Reef,EL2,EL2-t070,28,15,15,15,35%,RC,,0,none,none,none,0,N,N,0,0,0,0,0,0
Florida Keys,Elbow Reef,EL2,EL2-t071,28,2,2,1,100%,EC,,0,none,none,none,0,N,N,0,0,0,0,0,0
Florida Keys,Elbow Reef,EL2,EL2-t072,28,90,70,30,35%,BC,,1,CL,none,none,0,N,N,0,0,0,0,0,0
Florida Keys,Elbow Reef,EL2,EL2-t073,28,150,120,55,65%,BC,,3,FS,CB,none,0,N,N,0,2,0,0,0,0
Florida Keys,Elbow Reef,EL2,EL2-t913,28,215,125,85,60%,BC,,0,none,none,none,0,N,N,0,1,0,0,0,2
Florida Keys,Elbow Reef,EL2,EL2-t980,28,5,3,7,95%,JC,,0,none,none,none,0,N,N,0,0,0,0,0,0
Florida Keys,Elbow Reef,EL3,EL3-t076,28,120,84,85,45%,BC,,1,FS,none,none,0,N,N,1,10,1,0,0,0
Florida Keys,Elbow Reef,EL3,EL3-t077,28,73,35,23,40%,BC,,1,FS,none,none,0,N,N,0,2,0,0,0,0
Florida Keys,Elbow Reef,EL3,EL3-t078,28,50,34,50,45%,BC,,1,FS,none,none,0,N,N,0,1,0,0,0,0
Florida Keys,Elbow Reef,EL3,EL3-t079,28,43,21,24,25%,RC,,0,none,none,none,0,N,N,0,0,0,0,1,0
Florida Keys,Elbow Reef,EL3,EL3-t083,28,110,81,65,80%,BC,,1,Unk,Abr,none,0,N,N,0,0,0,0,0,0
Florida Keys,Elbow Reef,EL3,EL3-t086,28,177,130,70,70%,BC,,1,CL,none,none,0,N,N,0,2,0,0,0,0
Florida Keys,Elbow Reef,EL3,EL3-t911,28,116,61,66,80%,BC,,2,PFB,Unk,none,0,N,N,0,0,0,0,0,0
Florida Keys,Elbow Reef,EL3,EL3-t930,28,11,10,4,90%,EC,,0,none,none,none,0,N,N,0,0,0,0,0,0
Florida Keys,Elbow Reef,EL3,EL3-t932,28,6,6,4,80%,EC,,4,Abr,CL,none,0,N,N,0,0,0,0,0,0
Florida Keys,Elbow Reef,EL3,EL3-t933,28,97,68,75,70%,BC,,2,Abr,RTL,FP,0,N,Y,0,0,0,0,1,0
Florida Keys,Elbow Reef,EL3,EL3-t934,28,25,5,4,5%,EC,,1,RTL,CB,none,0,N,N,0,0,0,0,0,0
Florida Keys,Elbow Reef,EL4,EL4-t153,28,225,172,80,50%,BC,,1,FS,RTL,none,0,N,N,0,15,0,0,0,0
Florida Keys,Elbow Reef,EL4,EL4-t154,28,150,105,90,55%,BC,,1,FS,CL,CB,0,N,N,0,1,0,0,0,1
Florida Keys,Elbow Reef,EL4,EL4-t158,28,85,65,65,70%,BC,,1,FS,none,none,1,N,N,0,4,0,0,0,0
Florida Keys,Elbow Reef,EL4,EL4-t160,28,90,56,37,90%,BC,,1,CL,none,none,0,N,N,0,0,0,0,0,0
Florida Keys,Elbow Reef,EL4,EL4-t165,28,6,4,2,100%,EC,,0,none,none,none,0,N,N,0,0,0,0,0,0
Florida Keys,Elbow Reef,EL4,EL4-t168,28,165,136,87,85%,BC,,1,FS,FP,none,0,N,N,0,1,0,0,0,0
Florida Keys,Elbow Reef,EL4,EL4-t922,28,8,4,6,75%,JC,,2,Unk,none,none,0,N,N,0,0,0,0,0,0
Florida Keys,Elbow Reef,EL4,EL4-t935,28,60,52,46,5%,RC,,0,none,none,none,0,N,N,0,0,0,0,0,0
Florida Keys,Elbow Reef,EL4,EL4-t936,28,30,30,8,90%,AF,,0,none,none,none,1,N,N,0,0,0,0,0,0
Florida Keys,Elbow Reef,EL4,EL4-t937,28,37,30,11,80%,JC,,1,Unk,none,none,0,N,Y,0,0,0,0,0,0
Florida Keys,Elbow Reef,EL5,EL5-t177,28,89,62,55,40%,BC,,2,FS,RTL,none,0,N,N,0,3,0,0,0,0
Florida Keys,Elbow Reef,EL5,EL5-t180,28,132,100,67,60%,BC,,1,FS,none,none,0,N,N,0,10,0,0,1,0
Florida Keys,Elbow Reef,EL5,EL5-t183,28,22,18,17,95%,JC,,4,PFB,none,none,0,N,N,0,0,0,0,0,0
Florida Keys,Elbow Reef,EL5,EL5-t939,28,33,10,10,20%,AF,,1,FS,none,none,0,N,N,0,1,0,0,0,0
Florida Keys,Elbow Reef,EL5,EL5-t940,28,18,11,11,90%,AF,,0,none,none,none,0,N,N,0,0,0,0,0,0
Florida Keys,French Reef,FR1,FR1-t002,28,89,56,47,65%,BC,,1,FP,none,none,1,N,N,0,0,0,0,1,0
Florida Keys,French Reef,FR1,FR1-t003,28,12,9,13,99%,JC,,0,none,none,none,0,N,N,0,0,0,0,0,0
Florida Keys,French Reef,FR1,FR1-t004,28,75,70,70,20%,BC,,1,FS,none,none,0,N,Y,0,0,1,0,0,0
Florida Keys,French Reef,FR1,FR1-t005,28,135,105,70,60%,BC,,0,none,none,none,0,N,N,2,0,1,0,0,0
Florida Keys,French Reef,FR1,FR1-t006,28,150,105,72,35%,BC,,1,WBD,CB,none,0,N,N,2,0,1,0,1,0
Florida Keys,French Reef,FR1,FR1-t007,28,17,11,11,100%,JC,,0,none,none,none,0,N,N,0,0,0,0,0,0
Florida Keys,French Reef,FR1,FR1-t008,28,95,89,70,40%,BC,,2,RTL,none,none,0,N,N,0,0,2,0,1,0
Florida Keys,French Reef,FR1,FR1-t009,28,215,200,75,50%,BC,,1,RTL,FP,CB,1,N,N,3,0,3,0,2,0
Florida Keys,French Reef,FR1,FR1-t010,28,60,56,45,25%,RC,,0,none,none,none,0,N,N,1,0,1,0,0,0
Florida Keys,French Reef,FR1,FR1-t011,28,8,7,7,65%,EC,,2,Unk,none,none,0,N,N,0,0,0,0,0,0
Florida Keys,French Reef,FR1,FR1-t975,28,39,26,26,70%,RC,,3,RTL,none,none,0,N,N,0,0,0,0,0,0
Florida Keys,French Reef,FR1,FR1-t976,28,71,46,59,20%,BC,,1,Unk,CB,none,0,N,N,0,0,1,0,0,0
Florida Keys,French Reef,FR2,FR2-t250,28,102,62,50,10%,BC,,0,none,none,none,0,N,N,0,0,0,0,1,0
Florida Keys,French Reef,FR2,FR2-t251,28,42,38,50,90%,BC,,0,none,none,none,0,N,N,0,0,0,0,0,0
Florida Keys,French Reef,FR2,FR2-t252,28,,,,0%,D,,,,,,,N,N,,,,,,
Florida Keys,French Reef,FR2,FR2-t255,28,28,20,25,50%,RC,,2,FS,none,none,0,N,N,0,2,0,0,0,0
Florida Keys,French Reef,FR2,FR2-t256,28,45,30,38,60%,BC,,0,none,none,none,0,N,N,0,0,0,0,0,0
Florida Keys,French Reef,FR2,FR2-t257,28,12,9,12,90%,JC,,0,none,none,none,0,N,N,0,0,0,0,0,0
Florida Keys,French Reef,FR2,FR2-t258,28,35,25,30,40%,RC,,3,FS,none,none,0,N,N,0,6,0,0,1,0
Florida Keys,French Reef,FR2,FR2-t259,28,20,18,21,80%,JC,,0,none,none,none,0,N,N,0,0,0,0,0,0
Florida Keys,French Reef,FR2,FR2-t260,28,30,26,30,99%,JC,,0,none,none,none,0,N,N,0,0,0,0,0,0
Florida Keys,French Reef,FR2,FR2-t261,28,85,60,52,30%,BC,,0,none,none,none,0,N,N,0,0,1,0,1,0
Florida Keys,French Reef,FR2,FR2-t262,28,14,11,17,65%,JC,,0,none,none,none,0,N,N,0,0,0,0,0,0
Florida Keys,French Reef,FR2,FR2-t982,28,21,13,20,95%,JC,,0,none,none,none,0,N,N,0,0,0,0,0,0
Florida Keys,French Reef,FR3,FR3-t815,28,78,67,35,40%,BC,,0,none,none,none,1,N,N,3,0,1,0,0,0
Florida Keys,French Reef,FR3,FR3-t816,28,18,14,12,90%,JC,,0,none,none,none,0,N,N,0,0,1,0,0,0
Florida Keys,French Reef,FR3,FR3-t817,28,38,18,12,80%,JC,,0,none,none,none,0,N,Y,0,1,0,0,0,0
Florida Keys,French Reef,FR3,FR3-t818,28,8,6,6,65%,JC,,0,none,none,none,0,N,N,0,0,0,0,0,0
Florida Keys,French Reef,FR3,FR3-t819,28,102,58,36,20%,BC,,0,none,none,none,0,N,N,3,0,1,0,0,0
Florida Keys,French Reef,FR3,FR3-t820,28,137,100,68,25%,BC,,1,WBD,WPx,FS,0,N,N,0,0,0,1,0,0
Florida Keys,French Reef,FR3,FR3-t821,28,125,90,55,55%,BC,,3,RTL,FS,WPx,1,N,N,1,1,1,0,0,1
Florida Keys,French Reef,FR3,FR3-t822,28,19,11,5,75%,EC,,0,none,none,none,0,N,N,0,0,0,0,0,0
Florida Keys,French Reef,FR3,FR3-t823,28,,,,0%,D,,,,,,,N,N,,,,,,
Florida Keys,French Reef,FR3,FR3-t824,28,30,25,10,80%,RC,,0,none,none,none,0,N,N,2,0,0,0,1,0
Florida Keys,French Reef,FR3,FR3-t825,28,33,30,31,75%,RC,,0,none,none,none,0,N,N,0,0,0,0,0,0
Florida Keys,French Reef,FR3,FR3-t826,28,15,9,8,100%,JC,,0,none,none,none,0,N,N,0,1,0,0,0,0
Florida Keys,Grecian Rocks,GR1,GR1-t827,28,45,41,32,95%,BC,,0,none,none,none,0,N,N,0,0,0,0,0,0
Florida Keys,Grecian Rocks,GR1,GR1-t828,28,57,51,45,99%,BC,,0,none,none,none,0,N,Y,0,0,0,0,0,0
Florida Keys,Grecian Rocks,GR1,GR1-t829,28,68,33,24,30%,BC,,1,Unk,FS,none,0,N,N,0,0,0,0,0,0
Florida Keys,Grecian Rocks,GR1,GR1-t830,28,63,51,41,75%,BC,,2,Unk,none,none,0,N,N,0,0,0,0,0,0
Florida Keys,Grecian Rocks,GR1,GR1-t831,28,87,80,53,95%,BC,,1,FP,none,none,0,N,N,0,0,0,0,1,0
Florida Keys,Grecian Rocks,GR1,GR1-t832,28,70,43,45,55%,BC,,3,FS,CB,none,0,N,N,0,8,0,0,0,0
Florida Keys,Grecian Rocks,GR1,GR1-t833,28,74,70,40,95%,BC,,4,Abr,none,none,0,N,N,0,0,0,0,1,0
Florida Keys,Grecian Rocks,GR1,GR1-t834,28,30,25,10,5%,AF,,0,none,none,none,0,N,N,0,0,0,0,0,0
Florida Keys,Grecian Rocks,GR1,GR1-t835,28,58,54,44,90%,BC,,5,RTL,none,none,0,N,N,0,0,0,0,0,0
Florida Keys,Grecian Rocks,GR1,GR1-t836,28,43,37,28,70%,BC,,2,FS,none,none,0,N,N,0,0,0,0,0,0
Florida Keys,Grecian Rocks,GR1,GR1-t837,28,67,37,33,95%,BC,,0,none,none,none,1,N,N,0,0,0,0,0,0
Florida Keys,Grecian Rocks,GR1,GR1-t838,28,34,24,18,80%,JC,,0,none,none,none,0,N,N,0,0,0,0,0,0
Florida Keys,Grecian Rocks,GR2,GR2-t839,28,7,5,5,100%,EC,,0,none,none,none,0,N,N,0,0,0,0,0,0
Florida Keys,Grecian Rocks,GR2,GR2-t840,28,92,76,45,99%,BC,,5,FP,none,none,0,N,N,0,0,0,0,0,0
Florida Keys,Grecian Rocks,GR2,GR2-t841,28,124,104,75,80%,BC,,2,CL,FP,CB,0,N,Y,0,0,0,0,0,0
Florida Keys,Grecian Rocks,GR2,GR2-t842,28,18,7,13,90%,JC,,0,none,none,none,0,N,N,0,0,0,0,0,0
Florida Keys,Grecian Rocks,GR2,GR2-t843,28,8,4,3,95%,EC,,0,none,none,none,0,N,N,0,0,0,0,0,0
Florida Keys,Grecian Rocks,GR2,GR2-t844,28,74,57,49,80%,BC,,0,none,none,none,0,N,Y,0,0,0,0,0,0
Florida Keys,Grecian Rocks,GR2,GR2-t845,28,7,6,4,100%,EC,,0,none,none,none,0,N,N,0,0,0,0,0,0
Florida Keys,Grecian Rocks,GR2,GR2-t846,28,156,64,72,60%,BC,,1,CL,none,none,0,N,N,0,0,0,0,1,0
Florida Keys,Grecian Rocks,GR2,GR2-t847,28,55,35,19,100%,EC,,0,none,none,none,0,N,N,0,0,0,0,1,0
Florida Keys,Grecian Rocks,GR2,GR2-t848,28,11,5,7,100%,EC,,0,none,none,none,0,N,N,0,0,0,0,0,0
Florida Keys,Grecian Rocks,GR2,GR2-t849,28,9,4,3,100%,EC,,0,none,none,none,0,N,N,0,0,0,0,0,0
Florida Keys,Grecian Rocks,GR2,GR2-t850,28,107,55,64,99%,BC,,0,none,none,none,0,N,N,0,0,0,0,0,0
Florida Keys,Key Largo Dry Rocks,KL1,KL1-t104,28,115,80,67,10%,RC,,0,none,none,none,0,N,N,0,0,0,0,0,0
Florida Keys,Key Largo Dry Rocks,KL1,KL1-t105,28,227,162,88,20%,BC,,1,WBD,none,none,0,N,N,0,0,0,0,1,0
Florida Keys,Key Largo Dry Rocks,KL1,KL1-t106,28,84,48,45,15%,RC,,0,none,none,none,0,N,N,0,0,0,0,0,0
Florida Keys,Key Largo Dry Rocks,KL1,KL1-t107,28,122,75,55,25%,BC,,0,none,none,none,0,N,N,1,0,1,0,0,0
Florida Keys,Key Largo Dry Rocks,KL1,KL1-t108,28,172,87,80,35%,BC,,1,WBD,none,none,0,N,N,0,3,0,0,0,0
Florida Keys,Key Largo Dry Rocks,KL1,KL1-t109,28,10,7,9,80%,JC,,0,none,none,none,0,N,N,0,0,0,0,0,0
Florida Keys,Key Largo Dry Rocks,KL1,KL1-t110,28,175,100,85,20%,BC,,0,none,none,none,0,N,N,0,0,0,0,0,0
Florida Keys,Key Largo Dry Rocks,KL1,KL1-t904,28,17,15,15,10%,RC,,0,none,none,none,0,N,N,0,0,0,0,0,0
Florida Keys,Key Largo Dry Rocks,KL3,KL3-t215,28,73,50,65,40%,BC,,1,Unk,none,none,0,N,N,0,0,0,0,0,0
Florida Keys,Key Largo Dry Rocks,KL3,KL3-t216,28,50,30,50,15%,RC,,0,none,none,none,0,N,N,0,0,1,0,0,0
Florida Keys,Key Largo Dry Rocks,KL3,KL3-t217,28,84,75,45,20%,BC,,0,none,none,none,0,N,N,0,0,0,0,0,0
Florida Keys,Key Largo Dry Rocks,KL3,KL3-t219,28,175,75,63,1%,BC,,0,none,none,none,0,N,N,0,0,1,0,0,0
Florida Keys,Key Largo Dry Rocks,KL3,KL3-t220,28,80,60,50,1%,RC,,0,none,none,none,0,N,N,0,0,0,0,0,0
Florida Keys,Key Largo Dry Rocks,KL3,KL3-t222,28,40,36,24,90%,BC,,0,none,none,none,0,N,N,1,0,1,0,0,0
Florida Keys,Key Largo Dry Rocks,KL3,KL3-t223,28,49,26,45,1%,RC,,0,none,none,none,0,N,N,0,0,0,0,0,0
Florida Keys,Key Largo Dry Rocks,KL3,KL3-t966,28,35,17,22,80%,JC,,0,none,none,none,0,N,N,0,0,1,0,0,0
Florida Keys,Key Largo Dry Rocks,KL3,KL3-t967,28,21,15,17,50%,RC,,3,RTL,none,none,0,N,N,0,0,1,0,0,0
Florida Keys,Key Largo Dry Rocks,KL3,KL3-t968,28,5,4,1,90%,EC,,0,none,none,none,0,N,N,0,0,0,0,0,0
Florida Keys,Key Largo Dry Rocks,KL3,KL3-t969,28,22,16,15,5%,RC,,0,none,none,none,0,N,N,0,0,1,0,0,0
Florida Keys,Key Largo Dry Rocks,KL3,KL3-t970,28,4,3,4,100%,EC,,0,none,none,none,0,N,N,0,0,1,0,0,0
Florida Keys,Key Largo Dry Rocks,KL4,KL4-t851,28,41,30,24,95%,BC,,0,none,none,none,0,N,N,0,0,0,0,0,0
Florida Keys,Key Largo Dry Rocks,KL4,KL4-t852,28,39,30,21,85%,JC,,0,none,none,none,0,N,N,0,0,0,0,0,0
Florida Keys,Key Largo Dry Rocks,KL4,KL4-t853,28,140,128,85,70%,BC,,1,FS,none,none,0,N,N,0,5,0,1,0,1
Florida Keys,Key Largo Dry Rocks,KL4,KL4-t854,28,30,19,29,70%,JC,,1,FS,none,none,0,N,N,0,2,0,0,0,0
Florida Keys,Key Largo Dry Rocks,KL4,KL4-t855,28,130,119,60,100%,BC,,0,none,none,none,0,N,N,0,0,0,0,1,0
Florida Keys,Key Largo Dry Rocks,KL4,KL4-t856,28,118,74,47,80%,BC,,2,FS,none,none,0,N,N,0,7,0,0,0,0
Florida Keys,Key Largo Dry Rocks,KL4,KL4-t857,28,50,18,22,25%,AF,,0,none,none,none,0,N,N,0,0,0,0,0,0
Florida Keys,Key Largo Dry Rocks,KL4,KL4-t858,28,10,8,5,100%,EC,,0,none,none,none,0,N,N,0,0,0,0,0,0
Florida Keys,Key Largo Dry Rocks,KL4,KL4-t859,28,,,,,G,,,,,,,N,N,,,,,,
Florida Keys,Molasses Reef,ML1,ML1-t013,28,155,107,88,80%,BC,,1,PFB,none,none,0,N,Y,2,0,1,0,0,1
Florida Keys,Molasses Reef,ML1,ML1-t015,28,47,35,24,30%,BC,,1,CB,PFB,none,0,N,N,0,0,0,0,0,0
Florida Keys,Molasses Reef,ML1,ML1-t016,28,102,93,54,80%,BC,,1,FS,WPx,none,0,N,Y,2,6,1,1,1,2
Florida Keys,Molasses Reef,ML1,ML1-t017,28,45,20,20,10%,RC,,0,none,none,none,0,N,N,0,0,0,0,1,0
Florida Keys,Molasses Reef,ML1,ML1-t018,28,48,37,33,99%,BC,,0,none,none,none,0,N,N,0,0,0,0,0,0
Florida Keys,Molasses Reef,ML1,ML1-t020,28,215,155,104,30%,BC,,0,none,none,none,0,N,N,0,0,0,0,0,0
Florida Keys,Molasses Reef,ML1,ML1-t920,28,2,1,1,100%,EC,,0,none,none,none,0,N,N,0,0,0,0,0,0
Florida Keys,Molasses Reef,ML1,ML1-t981,28,3,2,1,100%,EC,,0,none,none,none,0,N,N,0,0,0,0,0,0
Florida Keys,Molasses Reef,ML2,ML2-t126,28,250,170,105,35%,BC,,1,FS,RTL,CB,0,N,N,2,6,3,1,1,0
Florida Keys,Molasses Reef,ML2,ML2-t127,28,65,62,54,5%,RC,,1,CB,none,none,0,N,N,0,0,1,0,1,0
Florida Keys,Molasses Reef,ML2,ML2-t128,28,35,26,25,1%,RC,,0,none,none,none,0,N,N,0,0,1,0,0,0
Florida Keys,Molasses Reef,ML2,ML2-t129,28,145,142,65,20%,BC,,1,FS,none,none,0,N,N,2,3,1,0,0,0
Florida Keys,Molasses Reef,ML2,ML2-t130,28,147,92,70,10%,RC,,1,CB,none,none,0,N,N,0,0,1,0,0,0
Florida Keys,Molasses Reef,ML2,ML2-t131,28,140,133,68,55%,BC,,0,none,none,none,0,N,N,1,0,1,0,1,0
Florida Keys,Molasses Reef,ML2,ML2-t132,28,187,118,83,40%,BC,,1,FS,WPx,none,1,N,N,1,5,1,0,0,0
Florida Keys,Molasses Reef,ML2,ML2-t137,28,16,15,4,80%,EC,,0,none,none,none,0,N,N,0,0,0,0,0,0
Florida Keys,Molasses Reef,ML2,ML2-t952,28,16,16,12,98%,JC,,5,FS,none,none,0,N,N,0,0,0,0,0,0
Florida Keys,Molasses Reef,ML2,ML2-t953,28,30,25,27,20%,RC,,0,none,none,none,0,N,N,0,0,1,0,0,0
Florida Keys,Molasses Reef,ML2,ML2-t954,28,5,4,3,100%,EC,,0,none,none,none,0,N,N,0,0,0,0,0,0
Florida Keys,Molasses Reef,ML3,ML3-t144,28,136,94,73,75%,BC,,2,CB,FS,none,0,N,Y,0,3,1,0,0,0
Florida Keys,Molasses Reef,ML3,ML3-t145,28,178,118,58,45%,BC,,1,CB,none,none,0,Y,N,3,0,1,0,0,0
Florida Keys,Molasses Reef,ML3,ML3-t146,28,190,150,78,65%,BC,,1,Oth,CB,CL,0,Y,N,3,0,2,0,0,0
Florida Keys,Molasses Reef,ML3,ML3-t147,28,225,222,90,45%,BC,,1,FS,CB,CL,0,Y,N,2,6,3,0,1,0
Florida Keys,Molasses Reef,ML3,ML3-t148,28,137,102,77,45%,BC,,1,RTL,CB,CL,0,N,N,3,0,1,0,1,0
Florida Keys,Molasses Reef,ML3,ML3-t150,28,66,62,40,85%,BC,,1,FS,Unk,none,0,Y,N,2,1,2,0,0,0
Florida Keys,Molasses Reef,ML3,ML3-t184,28,220,190,85,75%,BC,,2,WBD,CL,CB,0,Y,N,0,0,0,0,1,0
Florida Keys,Molasses Reef,ML3,ML3-t185,28,23,22,17,70%,RC,,0,none,none,none,0,N,N,0,0,0,0,0,0
Florida Keys,Molasses Reef,ML3,ML3-t186,28,42,38,20,90%,BC,,0,none,none,none,0,N,N,0,0,0,0,0,0
Florida Keys,Molasses Reef,ML3,ML3-t915,28,58,52,42,55%,BC,,0,none,none,none,0,N,N,3,0,1,0,0,0
Florida Keys,Molasses Reef,ML3,ML3-t955,28,109,79,44,80%,BC,,0,none,none,none,0,N,N,2,0,1,0,1,0
Florida Keys,Molasses Reef,ML3,ML3-t956,28,12,7,7,100%,EC,,0,none,none,none,0,N,N,0,0,1,0,0,0
Florida Keys,Sand Island,SI1,SI1-t301,28,,,,0%,D,,,,,,,N,N,,,,,,
Florida Keys,Sand Island,SI1,SI1-t302,28,125,97,64,60%,BC,,2,RTL,FS,none,0,N,N,0,2,0,0,1,0
Florida Keys,Sand Island,SI1,SI1-t304,28,,,,0%,D,,,,,,,N,N,,,,,,
Florida Keys,Sand Island,SI1,SI1-t305,28,11,5,4,95%,EC,,0,none,none,none,0,N,N,0,0,0,0,0,0
Florida Keys,Sand Island,SI1,SI1-t308,28,85,55,68,50%,BC,,0,none,none,none,0,N,N,0,0,0,0,1,0
Florida Keys,Sand Island,SI1,SI1-t312,28,25,18,16,60%,RC,,0,none,none,none,0,N,N,0,0,0,0,0,0
Florida Keys,Sand Island,SI1,SI1-t319,28,92,68,88,2%,RC,,1,FS,none,none,0,N,N,0,1,0,0,0,0
Florida Keys,Sand Island,SI1,SI1-t957,28,42,34,28,15%,RC,,1,FS,CB,none,0,N,N,0,3,0,0,0,0
Florida Keys,Sand Island,SI1,SI1-t958,28,13,10,4,85%,EC,,0,none,none,none,0,N,N,0,0,0,0,0,0
Florida Keys,Sand Island,SI1,SI1-t959,28,15,15,14,95%,JC,,0,none,none,none,0,N,N,0,0,0,0,0,0
Florida Keys,Sand Island,SI2,SI2-t322,28,,,,0%,D,,,,,,,N,N,,,,,,
Florida Keys,Sand Island,SI2,SI2-t323,28,93,83,60,45%,RC,,0,none,none,none,0,N,N,1,0,1,0,1,0
Florida Keys,Sand Island,SI2,SI2-t324,28,129,91,85,80%,BC,,0,none,none,none,0,N,N,0,0,0,0,1,0
Florida Keys,Sand Island,SI2,SI2-t326,28,159,85,90,50%,BC,,3,RTL,FS,CB,0,N,N,2,6,1,0,0,0
Florida Keys,Sand Island,SI2,SI2-t330,28,40,40,28,20%,RC,,2,RTL,CB,none,0,N,N,0,0,0,0,0,0
Florida Keys,Sand Island,SI2,SI2-t333,28,3,2,1,100%,EC,,0,none,none,none,0,N,N,0,0,0,0,0,0
Florida Keys,Sand Island,SI2,SI2-t334,28,310,180,145,55%,BC,,2,RTL,FS,CB,0,N,Y,0,5,3,1,1,0
Florida Keys,Sand Island,SI2,SI2-t335,28,17,10,10,95%,EC,,0,none,none,none,0,N,N,0,0,0,0,0,0
Florida Keys,Sand Island,SI2,SI2-t960,28,80,60,54,100%,BC,,0,none,none,none,0,N,Y,0,0,0,0,0,0
Florida Keys,Sand Island,SI2,SI2-t961,28,48,33,35,99%,BC,,0,none,none,none,0,N,N,0,0,0,0,0,0
Florida Keys,Sand Island,SI2,SI2-t962,28,175,70,42,70%,BC,,2,FS,CB,none,0,N,N,2,2,1,0,0,0
Florida Keys,Sand Island,SI2,SI2-t963,28,,,,0%,D,,,,,,,N,N,,,,,,
Florida Keys,Sand Island,SI3,SI3-t336,28,7,6,5,100%,EC,,0,none,none,none,0,N,N,0,0,0,0,0,0
Florida Keys,Sand Island,SI3,SI3-t337,28,8,5,3,95%,EC,,0,none,none,none,0,N,N,0,0,0,0,0,0
Florida Keys,Sand Island,SI3,SI3-t338,28,24,13,18,70%,JC,,0,none,none,none,0,N,N,0,0,0,0,0,0
Florida Keys,Sand Island,SI3,SI3-t340,28,18,12,7,60%,EC,,0,none,none,none,0,N,N,0,1,0,0,0,0
Florida Keys,Sand Island,SI3,SI3-t341,28,120,101,80,75%,BC,,1,FS,none,none,0,N,N,0,5,0,0,0,0
Florida Keys,Sand Island,SI3,SI3-t342,28,60,38,45,5%,RC,,2,FS,RTL,CB,0,N,N,0,8,0,0,0,0
Florida Keys,Sand Island,SI3,SI3-t345,28,7,4,5,80%,JC,,0,none,none,none,0,N,N,0,0,0,0,0,0
Florida Keys,Sand Island,SI3,SI3-t346,28,16,12,11,100%,JC,,0,none,none,none,0,N,N,0,0,0,0,0,0
Florida Keys,Sand Island,SI3,SI3-t347,28,,,,0%,D,,,,,,,N,N,,,,,,
Florida Keys,Sand Island,SI3,SI3-t964,28,85,55,50,5%,RC,,0,none,none,none,0,N,N,0,0,0,0,0,0
Florida Keys,Sand Island,SI3,SI3-t965,28,5,4,1,100%,EC,,0,none,none,none,0,N,N,0,0,0,0,0,0
Florida Keys,Carysfort Reef,CF1,CF1-t024,29,13,5,9,100%,JC,,0,none,none,none,0,N,N,0,0,0,0,0,0
Florida Keys,Carysfort Reef,CF1,CF1-t027,29,20,17,24,95%,JC,,0,none,none,none,0,N,N,0,0,0,0,0,0
Florida Keys,Carysfort Reef,CF1,CF1-t033,29,220,75,95,1%,RC,,1,FS,RTL,none,0,N,N,0,9,0,0,0,0
Florida Keys,Carysfort Reef,CF1,CF1-t229,29,8,8,2,100%,JC,,0,none,none,none,0,N,N,0,0,0,0,0,0
Florida Keys,Carysfort Reef,CF1,CF1-t230,29,45,35,36,60%,AF,,4,FS,RTL,none,0,N,N,0,11,0,0,0,0
Florida Keys,Carysfort Reef,CF1,CF1-t231,29,10,6,10,100%,EC,,0,none,none,none,0,N,N,0,0,0,0,0,0
Florida Keys,Carysfort Reef,CF1,CF1-t949,29,40,31,25,100%,BC,,0,none,none,none,0,N,N,0,0,0,0,0,0
Florida Keys,Carysfort Reef,CF1,CF1-t950,29,26,22,18,100%,JC,,0,none,none,none,0,N,N,0,0,0,0,0,0
Florida Keys,Carysfort Reef,CF1,CF1-t951,29,18,10,10,90%,JC,,3,FS,none,none,0,N,N,0,1,0,0,0,0
Florida Keys,Carysfort Reef,CF2,CF2-t038,29,225,202,90,20%,BC,,1,CB,none,none,0,N,N,0,0,0,0,1,0
Florida Keys,Carysfort Reef,CF2,CF2-t040,29,105,48,62,25%,BC,,0,none,none,none,0,N,N,0,0,0,0,0,0
Florida Keys,Carysfort Reef,CF2,CF2-t042,29,64,45,33,95%,BC,,0,none,none,none,0,N,N,0,0,0,0,0,0
Florida Keys,Carysfort Reef,CF2,CF2-t043,29,151,107,57,65%,BC,,2,FS,none,none,0,N,N,0,8,1,0,0,0
Florida Keys,Carysfort Reef,CF2,CF2-t045,29,165,88,80,80%,BC,,1,PFB,none,none,0,N,N,0,0,0,0,1,1
Florida Keys,Carysfort Reef,CF2,CF2-t046,29,2,2,1,100%,EC,,0,none,none,none,0,N,N,0,0,0,0,0,0
Florida Keys,Carysfort Reef,CF2,CF2-t047,29,185,107,68,65%,BC,,1,FS,CB,CL,0,N,N,0,0,0,0,1,1
Florida Keys,Carysfort Reef,CF2,CF2-t048,29,112,97,77,70%,BC,,1,FS,none,none,0,N,N,0,1,0,0,0,0
Florida Keys,Carysfort Reef,CF2,CF2-t049,29,157,80,65,1%,RC,,1,FS,none,none,0,N,N,0,0,0,0,1,0
Florida Keys,Carysfort Reef,CF2,CF2-t228,29,174,90,68,70%,BC,,1,FS,CB,none,0,N,N,0,3,0,0,0,0
Florida Keys,Carysfort Reef,CF2,CF2-t946,29,64,52,35,30%,BC,,2,FS,none,none,0,N,N,0,7,0,0,0,1
Florida Keys,Carysfort Reef,CF2,CF2-t948,29,48,37,35,30%,BC,,0,none,none,none,0,N,N,0,0,0,0,0,0
Florida Keys,Carysfort Reef,CF3,CF3-t088,29,287,168,101,45%,BC,,1,FS,CL,CB,0,N,N,2,8,3,0,1,0
Florida Keys,Carysfort Reef,CF3,CF3-t090,29,365,195,85,65%,BC,,1,FS,CL,none,0,N,N,2,0,3,0,1,1
Florida Keys,Carysfort Reef,CF3,CF3-t092,29,214,136,78,50%,BC,,1,CL,CB,none,0,N,N,2,8,4,0,1,0
Florida Keys,Carysfort Reef,CF3,CF3-t095,29,221,165,102,40%,BC,,1,CL,none,none,0,N,N,3,1,3,0,1,0
Florida Keys,Carysfort Reef,CF3,CF3-t973,29,4,3,3,100%,EC,,0,none,none,none,0,N,N,0,0,1,0,0,0
Florida Keys,Carysfort Reef,CF3,CF3-t974,29,21,11,10,100%,AF,,0,none,none,none,0,N,N,0,0,0,0,0,0
Florida Keys,Carysfort Reef,CF4,CF4-t801,29,147,90,75,10%,RC,,0,none,none,none,0,N,N,0,0,1,0,1,0
Florida Keys,Carysfort Reef,CF4,CF4-t802,29,92,64,52,25%,RC,,0,none,none,none,0,N,N,0,0,0,0,1,0
Florida Keys,Carysfort Reef,CF4,CF4-t803,29,93,68,45,15%,RC,,0,none,none,none,0,N,N,0,0,0,0,0,0
Florida Keys,Carysfort Reef,CF4,CF4-t804,29,15,11,9,50%,EC,,0,none,none,none,0,N,N,0,0,0,0,0,0
Florida Keys,Carysfort Reef,CF4,CF4-t805,29,57,31,35,5%,RC,,0,none,none,none,0,N,N,0,0,0,0,0,0
Florida Keys,Carysfort Reef,CF4,CF4-t806,29,16,13,17,25%,RC,,1,FS,none,none,0,N,N,0,1,0,0,1,0
Florida Keys,Carysfort Reef,CF4,CF4-t807,29,22,15,12,70%,RC,,0,none,none,none,0,N,N,0,0,0,0,0,0
Florida Keys,Carysfort Reef,CF4,CF4-t808,29,113,89,44,25%,BC,,1,FS,none,none,0,N,N,0,4,0,0,1,0
Florida Keys,Carysfort Reef,CF4,CF4-t809,29,130,90,36,5%,RC,,1,FS,none,none,0,N,N,0,1,0,0,1,0
Florida Keys,Carysfort Reef,CF4,CF4-t810,29,52,37,28,85%,BC,,0,none,none,none,0,N,N,0,0,0,0,0,0
Florida Keys,Carysfort Reef,CF4,CF4-t811,29,83,35,28,15%,RC,,1,Unk,none,none,0,N,N,0,0,0,0,0,0
Florida Keys,Carysfort Reef,CF4,CF4-t812,29,4,2,1,100%,EC,,0,none,none,none,0,N,N,0,0,0,0,0,0
Florida Keys,Carysfort Reef,CF4,CF4-t813,29,18,16,13,20%,EC,,0,none,none,none,0,N,N,0,0,0,0,0,0
Florida Keys,Carysfort Reef,CF4,CF4-t814,29,127,107,65,20%,BC,,1,FS,none,none,0,N,N,0,5,1,0,1,1
Florida Keys,Carysfort Reef,CF4,CF4-t908,29,24,17,17,65%,JC,,0,none,none,none,0,N,N,0,0,0,0,0,0
Florida Keys,Elbow Reef,EL1,EL1-t051,29,178,125,102,40%,BC,,0,none,none,none,0,N,N,2,0,2,0,1,2
Florida Keys,Elbow Reef,EL1,EL1-t052,29,260,215,85,70%,BC,,0,none,none,none,0,N,Y,2,1,3,0,0,0
Florida Keys,Elbow Reef,EL1,EL1-t054,29,132,96,65,70%,BC,,1,FS,none,none,1,N,Y,0,0,1,0,0,1
Florida Keys,Elbow Reef,EL1,EL1-t055,29,229,160,64,65%,BC,,1,FS,FP,none,0,N,Y,3,2,2,0,0,1
Florida Keys,Elbow Reef,EL1,EL1-t056,29,109,72,50,50%,BC,,1,Unk,none,none,1,N,N,2,0,1,0,0,0
Florida Keys,Elbow Reef,EL1,EL1-t059,29,17,17,18,100%,JC,,0,none,none,none,0,N,N,0,0,0,0,0,0
Florida Keys,Elbow Reef,EL1,EL1-t060,29,83,61,49,99%,BC,,0,none,none,none,0,N,N,0,0,0,0,2,0
Florida Keys,Elbow Reef,EL1,EL1-t062,29,,,,0%,D,,,,,,,N,N,,,,,,
Florida Keys,Elbow Reef,EL1,EL1-t232,29,94,58,65,75%,BC,,3,WBD,none,none,0,N,N,0,0,0,0,1,0
Florida Keys,Elbow Reef,EL1,EL1-t233,29,85,46,15,99%,AF,,5,FP,none,none,0,N,N,0,0,0,0,0,0
Florida Keys,Elbow Reef,EL1,EL1-t977,29,138,132,88,65%,BC,,1,WPx,none,none,0,N,N,1,0,1,1,1,0
Florida Keys,Elbow Reef,EL1,EL1-t978,29,95,44,38,95%,BC,,0,none,none,none,0,N,N,0,0,0,0,1,0
Florida Keys,Elbow Reef,EL1,EL1-t979,29,121,94,55,95%,BC,,0,none,none,none,1,N,N,0,0,0,0,0,0
Florida Keys,Elbow Reef,EL2,EL2-t065,29,90,90,80,10%,RC,,0,none,none,none,0,N,N,0,0,0,0,0,0
Florida Keys,Elbow Reef,EL2,EL2-t066,29,134,105,85,55%,BC,,2,FS,CB,none,0,N,N,0,8,1,0,1,0
Florida Keys,Elbow Reef,EL2,EL2-t067,29,40,38,30,70%,BC,,3,FS,none,none,0,N,N,0,2,0,0,1,0
Florida Keys,Elbow Reef,EL2,EL2-t069,29,107,70,60,70%,BC,,1,FS,CB,none,0,N,N,0,1,0,0,0,0
Florida Keys,Elbow Reef,EL2,EL2-t070,29,18,15,17,35%,RC,,0,none,none,none,0,N,N,0,0,0,0,0,0
Florida Keys,Elbow Reef,EL2,EL2-t071,29,,,,0%,D,,,,,,,N,N,,,,,,
Florida Keys,Elbow Reef,EL2,EL2-t072,29,53,32,30,95%,BC,,1,PFB,none,none,0,N,N,0,0,0,0,0,0
Florida Keys,Elbow Reef,EL2,EL2-t073,29,157,118,60,60%,BC,,1,FS,CB,none,0,N,N,0,9,0,0,0,0
Florida Keys,Elbow Reef,EL2,EL2-t244,29,15,9,8,100%,EC,,0,none,none,none,0,N,N,0,0,0,0,0,0
Florida Keys,Elbow Reef,EL2,EL2-t246,29,7,5,4,100%,JC,,0,none,none,none,0,N,N,0,0,0,0,0,0
Florida Keys,Elbow Reef,EL2,EL2-t247,29,35,20,25,80%,JC,,0,none,none,none,0,N,N,0,0,0,0,0,0
Florida Keys,Elbow Reef,EL2,EL2-t913,29,220,130,85,60%,BC,,0,none,none,none,0,N,N,0,0,0,0,2,1
Florida Keys,Elbow Reef,EL2,EL2-t980,29,7,5,7,90%,JC,,0,none,none,none,0,N,N,0,0,0,0,0,0
Florida Keys,Elbow Reef,EL3,EL3-t076,29,126,92,85,45%,BC,,2,FS,none,none,0,N,N,1,8,1,0,1,0
Florida Keys,Elbow Reef,EL3,EL3-t077,29,73,36,25,40%,BC,,1,FS,none,none,0,N,N,0,0,0,0,0,0
Florida Keys,Elbow Reef,EL3,EL3-t078,29,54,34,51,50%,BC,,2,FS,CB,none,0,N,N,0,2,0,0,0,0
Florida Keys,Elbow Reef,EL3,EL3-t079,29,41,20,23,20%,RC,,1,CL,none,none,0,N,N,0,0,0,0,1,0
Florida Keys,Elbow Reef,EL3,EL3-t083,29,116,85,64,80%,BC,,1,CL,WPx,none,0,N,N,0,0,0,0,1,0
Florida Keys,Elbow Reef,EL3,EL3-t086,29,180,136,70,70%,BC,,1,FS,CL,none,0,N,N,0,4,0,0,1,1
Florida Keys,Elbow Reef,EL3,EL3-t911,29,121,64,65,80%,BC,,1,CL,none,none,0,N,N,0,0,0,0,0,0
Florida Keys,Elbow Reef,EL3,EL3-t930,29,12,11,6,95%,EC,,0,none,none,none,0,N,N,0,0,0,0,0,0
Florida Keys,Elbow Reef,EL3,EL3-t932,29,6,4,4,75%,EC,,0,none,none,none,0,N,N,0,0,0,0,0,0
Florida Keys,Elbow Reef,EL3,EL3-t933,29,99,70,77,75%,BC,,1,WBD,FS,none,0,N,Y,0,0,0,0,1,0
Florida Keys,Elbow Reef,EL3,EL3-t934,29,2,1,1,100%,EC,,0,none,none,none,0,N,N,0,0,0,0,0,0
Florida Keys,Elbow Reef,EL4,EL4-t153,29,228,177,80,50%,BC,,2,FS,CL,CB,1,N,N,0,9,0,0,0,1
Florida Keys,Elbow Reef,EL4,EL4-t154,29,153,111,92,50%,BC,,2,FS,CB,PFB,1,N,N,0,4,0,0,0,0
Florida Keys,Elbow Reef,EL4,EL4-t158,29,87,67,67,75%,BC,,0,none,none,none,0,N,Y,0,0,0,0,1,0
Florida Keys,Elbow Reef,EL4,EL4-t160,29,94,60,39,85%,BC,,1,FS,none,none,0,N,N,0,1,0,0,1,0
Florida Keys,Elbow Reef,EL4,EL4-t165,29,5,4,3,100%,EC,,0,none,none,none,0,N,N,0,0,0,0,0,0
Florida Keys,Elbow Reef,EL4,EL4-t168,29,167,138,87,85%,BC,,2,FS,none,none,0,N,N,0,0,0,0,0,0
Florida Keys,Elbow Reef,EL4,EL4-t922,29,10,5,8,65%,JC,,3,FS,none,none,0,N,N,0,0,0,0,0,0
Florida Keys,Elbow Reef,EL4,EL4-t935,29,62,55,47,5%,RC,,0,none,none,none,0,N,N,0,0,0,0,0,0
Florida Keys,Elbow Reef,EL4,EL4-t936,29,30,30,8,90%,AF,,0,none,none,none,0,N,N,0,0,0,0,0,0
Florida Keys,Elbow Reef,EL4,EL4-t937,29,35,32,11,80%,JC,,0,none,none,none,0,N,N,0,1,0,0,0,0
Florida Keys,Elbow Reef,EL5,EL5-t177,29,95,60,55,30%,BC,,1,FS,none,none,0,N,N,0,1,0,0,1,0
Florida Keys,Elbow Reef,EL5,EL5-t180,29,132,100,67,60%,BC,,1,FS,CB,none,0,N,N,0,5,1,0,1,0
Florida Keys,Elbow Reef,EL5,EL5-t183,29,20,18,17,95%,JC,,0,none,none,none,0,N,N,0,0,0,0,0,0
Florida Keys,Elbow Reef,EL5,EL5-t939,29,30,10,10,15%,AF,,1,FS,none,none,0,N,N,0,0,0,0,0,0
Florida Keys,Elbow Reef,EL5,EL5-t940,29,17,11,11,90%,AF,,1,FS,none,none,0,N,N,0,1,0,0,0,0
Florida Keys,French Reef,FR1,FR1-t002,29,87,58,48,60%,BC,,3,WPx,none,none,0,N,N,0,0,0,0,1,0
Florida Keys,French Reef,FR1,FR1-t003,29,16,12,11,100%,JC,,0,none,none,none,0,N,N,0,0,0,0,0,0
Florida Keys,French Reef,FR1,FR1-t004,29,76,70,70,20%,BC,,1,Oth,none,none,1,N,Y,2,0,0,0,0,0
Florida Keys,French Reef,FR1,FR1-t005,29,125,109,70,60%,BC,,1,CL,none,none,0,N,N,2,0,2,0,1,0
Florida Keys,French Reef,FR1,FR1-t006,29,155,105,73,30%,BC,,1,WPx,FS,none,1,N,N,1,6,1,0,1,0
Florida Keys,French Reef,FR1,FR1-t007,29,17,11,11,100%,JC,,0,none,none,none,0,N,N,0,0,0,0,0,0
Florida Keys,French Reef,FR1,FR1-t008,29,100,90,72,35%,BC,,0,none,none,none,1,N,N,2,0,3,0,1,0
Florida Keys,French Reef,FR1,FR1-t009,29,225,205,75,45%,BC,,1,WPx,none,none,1,N,N,2,2,4,0,1,0
Florida Keys,French Reef,FR1,FR1-t010,29,60,56,44,25%,RC,,0,none,none,none,0,N,N,1,0,1,0,1,0
Florida Keys,French Reef,FR1,FR1-t011,29,8,8,7,75%,JC,,1,CL,none,none,1,N,N,2,0,0,0,0,0
Florida Keys,French Reef,FR1,FR1-t975,29,44,27,27,70%,BC,,0,none,none,none,1,N,N,1,0,0,0,0,0
Florida Keys,French Reef,FR1,FR1-t976,29,80,46,60,15%,BC,,1,FS,Unk,none,2,N,N,0,1,2,0,0,0
Florida Keys,French Reef,FR2,FR2-t236,29,7,4,2,100%,EC,,0,none,none,none,0,N,N,0,0,0,0,0,0
Florida Keys,French Reef,FR2,FR2-t250,29,102,63,52,20%,BC,,0,none,none,none,0,N,N,0,0,1,0,1,0
Florida Keys,French Reef,FR2,FR2-t251,29,45,44,52,90%,BC,,2,FS,none,none,0,N,N,0,2,0,0,1,0
Florida Keys,French Reef,FR2,FR2-t255,29,29,16,27,40%,RC,,2,FS,CB,none,0,N,N,0,4,0,0,0,0
Florida Keys,French Reef,FR2,FR2-t256,29,10,4,2,100%,EC,,0,none,none,none,0,N,N,0,0,0,0,0,0
Florida Keys,French Reef,FR2,FR2-t257,29,17,10,13,90%,JC,,0,none,none,none,0,N,N,0,0,0,0,0,0
Florida Keys,French Reef,FR2,FR2-t258,29,34,28,31,20%,RC,,2,FS,CB,none,3,N,N,0,3,1,0,0,0
Florida Keys,French Reef,FR2,FR2-t259,29,22,17,22,90%,JC,,0,none,none,none,0,N,N,0,0,0,0,0,0
Florida Keys,French Reef,FR2,FR2-t260,29,28,28,32,99%,JC,,0,none,none,none,0,N,N,0,0,0,0,0,0
Florida Keys,French Reef,FR2,FR2-t261,29,85,60,55,30%,BC,,1,CL,none,none,1,N,N,1,0,1,0,1,0
Florida Keys,French Reef,FR2,FR2-t262,29,15,10,16,35%,EC,,4,RTL,none,none,0,N,N,0,0,0,0,0,0
Florida Keys,French Reef,FR2,FR2-t982,29,21,15,22,95%,JC,,0,none,none,none,3,N,N,0,0,0,0,0,0
Florida Keys,French Reef,FR3,FR3-t815,29,78,70,38,35%,BC,,1,Unk,none,none,1,N,N,3,0,1,0,0,0
Florida Keys,French Reef,FR3,FR3-t816,29,19,12,14,90%,JC,,0,none,none,none,0,N,N,0,0,0,0,0,0
Florida Keys,French Reef,FR3,FR3-t817,29,38,18,12,80%,JC,,2,FS,none,none,1,N,Y,0,5,0,0,0,0
Florida Keys,French Reef,FR3,FR3-t818,29,10,7,7,65%,JC,,0,none,none,none,0,N,N,0,0,0,0,1,0
Florida Keys,French Reef,FR3,FR3-t819,29,103,59,37,20%,BC,,0,none,none,none,1,N,N,0,0,2,0,0,0
Florida Keys,French Reef,FR3,FR3-t820,29,136,89,70,25%,BC,,0,none,none,none,1,N,N,0,0,0,0,0,0
Florida Keys,French Reef,FR3,FR3-t821,29,128,93,55,60%,BC,,1,FS,Unk,none,1,N,N,2,3,2,0,1,1
Florida Keys,French Reef,FR3,FR3-t822,29,20,8,3,80%,EC,,0,none,none,none,0,N,N,0,0,0,0,0,0
Florida Keys,French Reef,FR3,FR3-t824,29,27,25,10,65%,RC,,0,none,none,none,0,N,N,3,0,0,0,0,0
Florida Keys,French Reef,FR3,FR3-t825,29,39,26,31,75%,RC,,0,none,none,none,0,N,N,0,0,0,0,0,0
Florida Keys,French Reef,FR3,FR3-t826,29,16,9,9,100%,JC,,0,none,none,none,0,N,N,0,0,0,0,0,0
Florida Keys,Grecian Rocks,GR1,GR1-t827,29,55,45,35,99%,BC,,0,none,none,none,0,N,N,0,0,0,0,0,0
Florida Keys,Grecian Rocks,GR1,GR1-t828,29,58,56,44,99%,BC,,0,none,none,none,0,N,Y,0,0,0,0,0,0
Florida Keys,Grecian Rocks,GR1,GR1-t829,29,71,32,25,30%,BC,,0,none,none,none,0,N,N,0,0,0,0,0,0
Florida Keys,Grecian Rocks,GR1,GR1-t830,29,63,55,41,75%,BC,,0,none,none,none,0,N,N,0,0,0,0,0,0
Florida Keys,Grecian Rocks,GR1,GR1-t831,29,91,84,52,95%,BC,,0,none,none,none,0,N,N,0,0,0,0,0,0
Florida Keys,Grecian Rocks,GR1,GR1-t832,29,73,47,49,40%,BC,,2,FS,none,none,0,N,N,0,5,0,0,0,0
Florida Keys,Grecian Rocks,GR1,GR1-t833,29,78,74,42,95%,BC,,0,none,none,none,0,N,N,0,0,0,0,0,0
Florida Keys,Grecian Rocks,GR1,GR1-t834,29,31,20,12,5%,RC,,0,none,none,none,0,N,N,0,0,0,0,0,0
Florida Keys,Grecian Rocks,GR1,GR1-t835,29,62,56,45,90%,BC,,0,none,none,none,0,N,N,0,0,0,0,0,0
Florida Keys,Grecian Rocks,GR1,GR1-t836,29,45,36,25,70%,BC,,0,none,none,none,0,N,N,0,1,0,0,0,0
Florida Keys,Grecian Rocks,GR1,GR1-t837,29,65,36,34,95%,BC,,0,none,none,none,0,N,N,0,0,0,0,0,0
Florida Keys,Grecian Rocks,GR1,GR1-t838,29,34,26,19,80%,JC,,0,none,none,none,0,N,N,0,0,0,0,0,0
Florida Keys,Grecian Rocks,GR2,GR2-t839,29,6,5,5,100%,EC,,0,none,none,none,0,N,N,0,0,0,0,0,0
Florida Keys,Grecian Rocks,GR2,GR2-t840,29,97,78,46,100%,BC,,0,none,none,none,0,N,N,0,0,0,0,0,0
Florida Keys,Grecian Rocks,GR2,GR2-t841,29,120,105,75,80%,BC,,0,none,none,none,1,N,Y,0,0,0,0,0,0
Florida Keys,Grecian Rocks,GR2,GR2-t842,29,18,9,12,99%,JC,,0,none,none,none,0,N,N,0,0,0,0,0,0
Florida Keys,Grecian Rocks,GR2,GR2-t843,29,8,4,3,100%,EC,,0,none,none,none,0,N,N,0,0,0,0,0,0
Florida Keys,Grecian Rocks,GR2,GR2-t844,29,77,57,51,75%,BC,,0,none,none,none,0,N,N,0,0,0,0,0,0
Florida Keys,Grecian Rocks,GR2,GR2-t845,29,9,7,4,70%,EC,,0,none,none,none,0,N,N,0,0,0,0,0,0
Florida Keys,Grecian Rocks,GR2,GR2-t846,29,157,64,73,65%,BC,,0,none,none,none,0,N,N,0,0,0,0,0,0
Florida Keys,Grecian Rocks,GR2,GR2-t847,29,53,37,21,100%,EC,,0,none,none,none,0,N,N,0,0,0,0,0,0
Florida Keys,Grecian Rocks,GR2,GR2-t848,29,10,5,6,100%,EC,,0,none,none,none,0,N,N,0,0,0,0,0,0
Florida Keys,Grecian Rocks,GR2,GR2-t849,29,8,4,2,100%,EC,,0,none,none,none,0,N,N,0,0,0,0,0,0
Florida Keys,Grecian Rocks,GR2,GR2-t850,29,109,57,65,95%,BC,,0,none,none,none,0,N,N,0,0,1,0,0,0
Florida Keys,Key Largo Dry Rocks,KL1,KL1-t104,29,115,80,67,10%,RC,,0,none,none,none,0,N,N,0,1,0,0,0,0
Florida Keys,Key Largo Dry Rocks,KL1,KL1-t105,29,227,162,90,20%,BC,,0,none,none,none,0,N,N,0,0,0,0,1,0
Florida Keys,Key Largo Dry Rocks,KL1,KL1-t106,29,85,47,45,15%,BC,,0,none,none,none,0,N,N,0,0,0,0,1,0
Florida Keys,Key Largo Dry Rocks,KL1,KL1-t107,29,120,58,55,20%,RC,,0,none,none,none,0,N,N,2,0,1,0,0,0
Florida Keys,Key Largo Dry Rocks,KL1,KL1-t108,29,174,88,82,30%,BC,,1,FS,none,none,0,N,N,0,3,0,0,0,0
Florida Keys,Key Largo Dry Rocks,KL1,KL1-t109,29,10,6,8,80%,JC,,0,none,none,none,0,N,N,0,0,0,0,0,0
Florida Keys,Key Largo Dry Rocks,KL1,KL1-t110,29,177,101,88,25%,BC,,0,none,none,none,0,N,N,0,0,0,0,1,0
Florida Keys,Key Largo Dry Rocks,KL1,KL1-t904,29,,,,0%,D,,,,,,,N,N,,,,,,
Florida Keys,Key Largo Dry Rocks,KL3,KL3-t215,29,35,34,35,5%,RC,,0,none,none,none,0,N,N,0,0,0,0,0,0
Florida Keys,Key Largo Dry Rocks,KL3,KL3-t216,29,50,30,50,15%,RC,,0,none,none,none,0,N,N,2,0,1,0,0,0
Florida Keys,Key Largo Dry Rocks,KL3,KL3-t217,29,87,78,47,25%,BC,,0,none,none,none,0,N,N,0,0,0,0,0,0
Florida Keys,Key Largo Dry Rocks,KL3,KL3-t219,29,175,75,63,1%,RC,,0,none,none,none,0,N,N,0,0,2,0,0,0
Florida Keys,Key Largo Dry Rocks,KL3,KL3-t220,29,76,60,50,1%,RC,,0,none,none,none,0,N,N,0,0,,,,
Florida Keys,Key Largo Dry Rocks,KL3,KL3-t222,29,45,44,25,98%,BC,,4,FP,none,none,1,N,N,0,0,1,0,0,0
Florida Keys,Key Largo Dry Rocks,KL3,KL3-t223,29,51,26,45,2%,RC,,0,none,none,none,0,N,N,0,0,1,0,0,0
Florida Keys,Key Largo Dry Rocks,KL3,KL3-t966,29,38,17,24,80%,JC,,0,none,none,none,0,N,N,0,0,1,0,0,0
Florida Keys,Key Largo Dry Rocks,KL3,KL3-t967,29,17,16,18,45%,RC,,0,none,none,none,0,N,N,0,0,0,0,0,0
Florida Keys,Key Largo Dry Rocks,KL3,KL3-t968,29,5,4,2,100%,EC,,0,none,none,none,0,N,N,0,0,0,0,0,0
Florida Keys,Key Largo Dry Rocks,KL3,KL3-t969,29,21,18,17,15%,RC,,0,none,none,none,0,N,N,0,0,1,0,0,0
Florida Keys,Key Largo Dry Rocks,KL3,KL3-t970,29,7,5,4,90%,JC,,0,none,none,none,0,N,N,1,0,1,0,0,0
Florida Keys,Key Largo Dry Rocks,KL4,KL4-t851,29,44,31,24,95%,BC,,0,none,none,none,0,N,N,0,0,0,0,0,0
Florida Keys,Key Largo Dry Rocks,KL4,KL4-t852,29,37,33,22,85%,JC,,0,none,none,none,0,N,N,0,1,0,0,0,0
Florida Keys,Key Largo Dry Rocks,KL4,KL4-t853,29,142,134,87,70%,BC,,0,none,none,none,0,N,N,0,6,0,1,0,1
Florida Keys,Key Largo Dry Rocks,KL4,KL4-t854,29,31,18,32,60%,JC,,2,FS,none,none,0,N,N,0,2,0,0,0,0
Florida Keys,Key Largo Dry Rocks,KL4,KL4-t855,29,133,125,60,100%,BC,,0,none,none,none,0,N,N,0,0,0,0,0,0
Florida Keys,Key Largo Dry Rocks,KL4,KL4-t856,29,122,77,48,80%,BC,,0,none,none,none,0,N,N,0,1,0,0,0,0
Florida Keys,Key Largo Dry Rocks,KL4,KL4-t857,29,51,18,25,30%,AF,,0,none,none,none,0,N,N,0,0,0,0,0,0
Florida Keys,Key Largo Dry Rocks,KL4,KL4-t858,29,11,9,7,100%,EC,,0,none,none,none,0,N,N,0,0,0,0,0,0
Florida Keys,Molasses Reef,ML1,ML1-t013,29,157,111,88,80%,BC,,1,FS,CL,none,0,N,Y,2,5,1,0,1,1
Florida Keys,Molasses Reef,ML1,ML1-t015,29,47,35,25,30%,BC,,1,Unk,none,none,0,N,N,0,0,0,0,1,0
Florida Keys,Molasses Reef,ML1,ML1-t016,29,105,97,55,75%,BC,,1,FS,none,none,0,N,Y,2,4,1,1,1,1
Florida Keys,Molasses Reef,ML1,ML1-t017,29,27,12,19,25%,RC,,0,none,none,none,0,N,N,0,0,0,0,0,0
Florida Keys,Molasses Reef,ML1,ML1-t018,29,55,42,34,99%,BC,,0,none,none,none,0,N,N,0,0,0,0,2,0
Florida Keys,Molasses Reef,ML1,ML1-t020,29,212,158,105,25%,BC,,1,RTL,none,none,0,N,N,0,0,0,0,1,0
Florida Keys,Molasses Reef,ML1,ML1-t234,29,6,4,1,100%,EC,,0,none,none,none,0,N,N,0,0,0,0,0,0
Florida Keys,Molasses Reef,ML1,ML1-t235,29,9,4,4,85%,AF,,0,none,none,none,0,N,N,0,0,0,0,0,0
Florida Keys,Molasses Reef,ML1,ML1-t920,29,,,,0%,D,,,,,,,N,N,,,,,,
Florida Keys,Molasses Reef,ML1,ML1-t981,29,4,2,1,100%,EC,,0,none,none,none,0,N,N,0,0,0,0,0,0
Florida Keys,Molasses Reef,ML2,ML2-t126,29,252,170,105,35%,BC,,1,FS,CB,none,0,N,N,2,2,2,0,0,0
Florida Keys,Molasses Reef,ML2,ML2-t127,29,65,61,53,5%,RC,,0,none,none,none,0,N,N,0,0,1,0,0,0
Florida Keys,Molasses Reef,ML2,ML2-t128,29,35,26,25,1%,RC,,0,none,none,none,0,N,N,0,0,0,0,0,0
Florida Keys,Molasses Reef,ML2,ML2-t129,29,149,75,65,30%,BC,,1,FS,none,none,0,N,N,2,5,2,0,0,0
Florida Keys,Molasses Reef,ML2,ML2-t130,29,152,96,70,15%,RC,,1,CB,none,none,0,N,N,2,0,1,0,0,0
Florida Keys,Molasses Reef,ML2,ML2-t131,29,146,135,70,55%,BC,,1,FS,CL,none,1,N,N,2,2,2,0,1,0
Florida Keys,Molasses Reef,ML2,ML2-t132,29,189,120,80,45%,BC,,1,FS,CB,none,0,Y,N,2,0,1,0,0,0
Florida Keys,Molasses Reef,ML2,ML2-t137,29,16,10,4,80%,EC,,0,none,none,none,0,N,N,0,0,0,0,0,0
Florida Keys,Molasses Reef,ML2,ML2-t249,29,10,4,2,85%,EC,,0,none,none,none,0,N,N,0,0,0,0,0,0
Florida Keys,Molasses Reef,ML2,ML2-t952,29,18,18,11,80%,JC,,4,FS,FP,none,0,N,N,0,4,0,0,0,0
Florida Keys,Molasses Reef,ML2,ML2-t953,29,32,30,27,20%,RC,,0,none,none,none,0,N,N,0,0,0,0,0,0
Florida Keys,Molasses Reef,ML2,ML2-t954,29,6,4,3,100%,EC,,0,none,none,none,0,N,N,0,0,0,0,0,0
Florida Keys,Molasses Reef,ML3,ML3-t144,29,136,94,73,75%,BC,,2,FS,Unk,none,0,Y,Y,0,5,1,0,0,0
Florida Keys,Molasses Reef,ML3,ML3-t145,29,180,122,60,40%,BC,,2,Unk,CB,none,1,N,N,3,0,2,0,0,0
Florida Keys,Molasses Reef,ML3,ML3-t146,29,192,153,75,60%,BC,,2,CL,Oth,FP,0,Y,N,3,0,2,0,0,0
Florida Keys,Molasses Reef,ML3,ML3-t147,29,227,220,90,45%,BC,,1,FS,CB,CL,0,N,N,3,5,5,0,1,0
Florida Keys,Molasses Reef,ML3,ML3-t148,29,138,102,79,45%,BC,,1,FS,CB,none,0,Y,N,2,5,1,0,0,0
Florida Keys,Molasses Reef,ML3,ML3-t150,29,70,62,40,85%,BC,,2,FS,none,none,0,N,N,0,1,1,1,0,0
Florida Keys,Molasses Reef,ML3,ML3-t184,29,220,190,85,70%,BC,,2,FP,CL,none,0,Y,N,0,0,2,0,1,0
Florida Keys,Molasses Reef,ML3,ML3-t185,29,23,21,18,70%,RC,,0,none,none,none,0,N,N,0,0,0,0,0,0
Florida Keys,Molasses Reef,ML3,ML3-t186,29,43,39,20,90%,BC,,0,none,none,none,0,N,N,0,0,0,0,0,0
Florida Keys,Molasses Reef,ML3,ML3-t915,29,56,51,42,50%,BC,,1,CB,Oth,none,0,N,N,3,0,1,0,0,0
Florida Keys,Molasses Reef,ML3,ML3-t955,29,110,81,45,80%,BC,,1,CL,none,none,1,Y,N,2,0,1,0,0,0
Florida Keys,Molasses Reef,ML3,ML3-t956,29,13,10,6,100%,EC,,0,none,none,none,0,N,N,0,0,0,0,0,0
Florida Keys,Sand Island,SI1,SI1-t302,29,128,99,65,60%,BC,,1,FP,none,none,1,N,N,0,1,0,0,2,0
Florida Keys,Sand Island,SI1,SI1-t303,29,8,7,5,90%,EC,,0,none,none,none,0,N,N,0,0,0,0,0,0
Florida Keys,Sand Island,SI1,SI1-t305,29,10,5,6,70%,EC,,5,Unk,none,none,1,N,N,0,0,0,0,0,0
Florida Keys,Sand Island,SI1,SI1-t306,29,5,4,1,100%,EC,,0,none,none,none,0,N,N,0,0,0,0,0,0
Florida Keys,Sand Island,SI1,SI1-t307,29,90,75,80,40%,BC,,1,Unk,CB,none,0,N,N,0,0,0,0,1,0
Florida Keys,Sand Island,SI1,SI1-t308,29,84,54,70,45%,BC,,1,PFB,none,none,0,N,N,0,1,0,0,0,0
Florida Keys,Sand Island,SI1,SI1-t310,29,5,4,3,100%,EC,,0,none,none,none,0,N,N,0,0,0,0,0,0
Florida Keys,Sand Island,SI1,SI1-t312,29,26,22,16,50%,RC,,0,none,none,none,0,N,N,0,0,0,0,0,0
Florida Keys,Sand Island,SI1,SI1-t319,29,90,62,85,1%,RC,,0,none,none,none,0,N,N,0,0,0,0,0,0
Florida Keys,Sand Island,SI1,SI1-t957,29,44,35,28,10%,RC,,1,FS,none,none,0,N,N,0,4,0,0,0,0
Florida Keys,Sand Island,SI1,SI1-t958,29,13,11,4,90%,EC,,0,none,none,none,1,N,N,0,0,0,0,0,0
Florida Keys,Sand Island,SI1,SI1-t959,29,15,14,14,100%,JC,,0,none,none,none,0,N,N,0,0,0,0,0,0
Florida Keys,Sand Island,SI2,SI2-t313,29,130,80,104,80%,BC,,0,none,none,none,0,N,N,0,0,0,0,0,1
Florida Keys,Sand Island,SI2,SI2-t314,29,86,63,48,95%,BC,,0,none,none,none,0,N,N,1,0,0,0,1,0
Florida Keys,Sand Island,SI2,SI2-t323,29,94,83,60,45%,BC,,0,none,none,none,0,N,Y,1,0,1,1,1,0
Florida Keys,Sand Island,SI2,SI2-t324,29,133,93,85,85%,BC,,0,none,none,none,1,N,N,0,1,0,0,1,0
Florida Keys,Sand Island,SI2,SI2-t326,29,162,87,92,55%,BC,,2,FS,none,none,0,N,N,1,9,1,0,0,0
Florida Keys,Sand Island,SI2,SI2-t330,29,39,37,27,10%,RC,,1,RTL,CB,none,0,N,N,0,0,0,0,0,0
Florida Keys,Sand Island,SI2,SI2-t333,29,2,2,1,100%,EC,,0,none,none,none,0,N,N,0,0,0,0,0,0
Florida Keys,Sand Island,SI2,SI2-t334,29,305,185,147,55%,BC,,1,FS,none,none,0,N,Y,1,6,2,0,1,0
Florida Keys,Sand Island,SI2,SI2-t335,29,19,9,9,100%,JC,,0,none,none,none,0,N,N,0,0,0,0,0,0
Florida Keys,Sand Island,SI2,SI2-t960,29,81,60,55,100%,BC,,0,none,none,none,0,N,Y,0,0,0,0,1,0
Florida Keys,Sand Island,SI2,SI2-t961,29,50,36,37,99%,BC,,0,none,none,none,0,N,N,0,0,0,0,0,0
Florida Keys,Sand Island,SI2,SI2-t962,29,177,72,42,60%,BC,,3,FS,none,none,0,N,N,1,7,2,0,1,0
Florida Keys,Sand Island,SI3,SI3-t315,29,20,9,10,15%,EC,,0,none,none,none,0,N,N,0,0,0,0,0,0
Florida Keys,Sand Island,SI3,SI3-t316,29,8,7,7,100%,JC,,0,none,none,none,0,N,N,0,0,0,0,0,0
Florida Keys,Sand Island,SI3,SI3-t317,29,7,5,3,100%,EC,,0,none,none,none,0,N,N,0,0,0,0,0,0
Florida Keys,Sand Island,SI3,SI3-t336,29,8,6,6,100%,EC,,0,none,none,none,0,N,N,0,0,0,0,1,0
Florida Keys,Sand Island,SI3,SI3-t337,29,8,5,3,90%,EC,,0,none,none,none,1,N,N,0,0,0,0,0,0
Florida Keys,Sand Island,SI3,SI3-t338,29,25,13,18,75%,JC,,0,none,none,none,0,N,N,0,0,0,0,0,0
Florida Keys,Sand Island,SI3,SI3-t340,29,19,12,8,60%,EC,,2,CB,none,none,1,N,N,0,0,0,0,0,0
Florida Keys,Sand Island,SI3,SI3-t341,29,126,95,80,70%,BC,,2,WPx,FS,CB,0,N,N,0,4,0,0,0,0
Florida Keys,Sand Island,SI3,SI3-t342,29,,,,0%,D,,,,,,,N,N,,,,,,
Florida Keys,Sand Island,SI3,SI3-t345,29,7,5,7,80%,JC,,0,none,none,none,0,N,N,0,0,0,0,0,0
Florida Keys,Sand Island,SI3,SI3-t346,29,17,13,13,98%,JC,,0,none,none,none,0,N,N,0,0,0,0,0,0
Florida Keys,Sand Island,SI3,SI3-t964,29,85,55,50,5%,RC,,1,Unk,none,none,0,N,N,0,0,0,0,0,0
Florida Keys,Sand Island,SI3,SI3-t965,29,3,2,1,100%,EC,,0,none,none,none,0,N,N,0,0,0,0,0,0
Florida Keys,Turtle Rocks,TR1,TR1-t291,30,120,95,50,95%,BC,,3,FP,none,none,0,N,N,0,,,,,
Florida Keys,Turtle Rocks,TR1,TR1-t292,30,27,24,14,25%,AF,,0,none,none,none,0,N,N,0,,,,,
Florida Keys,Turtle Rocks,TR1,TR1-t293,30,125,120,55,80%,BC,,1,FP,none,none,0,N,N,0,,,,,
Florida Keys,Turtle Rocks,TR1,TR1-t294,30,23,15,15,25%,JC,,0,none,none,none,0,N,N,0,,,,,
Florida Keys,Turtle Rocks,TR1,TR1-t295,30,2,1,1,100%,EC,,0,none,none,none,0,N,N,0,,,,,
Florida Keys,Turtle Rocks,TR1,TR1-t296,30,35,27,21,40%,JC,,0,none,none,none,0,N,N,0,,,,,
Florida Keys,Turtle Rocks,TR1,TR1-t297,30,55,48,32,75%,BC,,0,none,none,none,0,N,N,0,,,,,
Florida Keys,Turtle Rocks,TR1,TR1-t298,30,5,4,5,100%,JC,,0,none,none,none,0,N,N,0,,,,,
Florida Keys,Turtle Rocks,TR1,TR1-t299,30,174,122,43,80%,BC,,2,FP,none,none,0,N,N,0,,,,,
Florida Keys,Turtle Rocks,TR1,TR1-t300,30,207,127,65,70%,BC,,1,FP,none,none,0,N,N,0,,,,,
Florida Keys,Turtle Rocks,TR1,TR1-t941,30,151,150,54,20%,BC,,1,WBD,none,none,0,N,N,0,,,,,
Florida Keys,Turtle Rocks,TR1,TR1-t942,30,205,125,75,70%,BC,,0,none,none,none,0,N,N,0,,,,,
Florida Keys,Turtle Rocks,TR2,TR2-t349,30,175,115,70,80%,BC,,3,FP,RTL,CL,0,N,N,0,0,0,0,1,0
Florida Keys,Turtle Rocks,TR2,TR2-t350,30,49,37,31,60%,BC,,1,FP,none,none,0,N,N,0,0,0,0,0,0
Florida Keys,Turtle Rocks,TR2,TR2-t351,30,34,21,25,100%,JC,,0,none,none,none,0,N,N,0,0,0,0,0,0
Florida Keys,Turtle Rocks,TR2,TR2-t352,30,50,34,25,100%,BC,,0,none,none,none,0,N,N,0,0,0,0,0,0
Florida Keys,Turtle Rocks,TR2,TR2-t353,30,60,55,38,90%,BC,,3,FP,none,none,0,N,N,0,0,0,0,0,0
Florida Keys,Turtle Rocks,TR2,TR2-t354,30,42,30,17,100%,BC,,0,none,none,none,0,N,N,0,0,0,0,0,0
Florida Keys,Turtle Rocks,TR2,TR2-t355,30,,,,,G,,,,,,,N,N,,0,0,0,0,0
Florida Keys,Turtle Rocks,TR2,TR2-t356,30,90,47,36,85%,BC,,1,FP,none,none,0,N,N,0,0,0,0,0,0
Florida Keys,Turtle Rocks,TR2,TR2-t357,30,60,30,28,90%,BC,,5,WPx,none,none,0,N,N,0,0,0,0,0,0
Florida Keys,Turtle Rocks,TR2,TR2-t359,30,20,11,10,98%,JC,,0,none,none,none,0,N,N,0,0,0,0,0,0
Florida Keys,Turtle Rocks,TR2,TR2-t944,30,,,,,G,,,,,,,N,N,,,,,,
Florida Keys,Turtle Rocks,TR2,TR2-t945,30,45,21,15,55%,AF,,0,none,none,none,0,N,N,0,0,0,0,0,0
Florida Keys,Turtle Rocks,TR3,TR3-t360,30,61,55,37,95%,BC,,0,none,none,none,0,N,N,0,0,0,0,0,0
Florida Keys,Turtle Rocks,TR3,TR3-t361,30,35,33,14,75%,JC,,2,FS,none,none,0,N,N,0,2,0,0,0,0
Florida Keys,Turtle Rocks,TR3,TR3-t362,30,30,21,24,85%,JC,,0,none,none,none,0,N,N,0,0,0,0,0,0
Florida Keys,Turtle Rocks,TR3,TR3-t363,30,15,15,15,95%,JC,,0,none,none,none,0,N,N,0,0,0,0,0,0
Florida Keys,Turtle Rocks,TR3,TR3-t364,30,220,160,82,60%,BC,,3,RTL,FP,none,0,N,N,0,0,0,0,0,0
Florida Keys,Turtle Rocks,TR3,TR3-t365,30,46,30,30,98%,BC,,5,FP,none,none,0,N,N,0,0,0,0,0,0
Florida Keys,Turtle Rocks,TR3,TR3-t366,30,34,27,24,100%,JC,,0,none,none,none,0,N,N,0,0,0,0,0,0
Florida Keys,Turtle Rocks,TR3,TR3-t367,30,9,7,7,100%,JC,,0,none,none,none,0,N,N,0,0,0,0,0,0
Florida Keys,Turtle Rocks,TR3,TR3-t369,30,38,35,27,99%,JC,,5,FP,none,none,0,N,N,0,0,0,0,0,0
Florida Keys,Turtle Rocks,TR3,TR3-t370,30,85,55,53,80%,BC,,1,FP,none,none,0,N,N,0,0,0,0,0,0
Florida Keys,Turtle Rocks,TR3,TR3-t371,30,65,51,32,85%,BC,,0,none,none,none,0,N,N,0,0,0,0,0,0
Florida Keys,Turtle Rocks,TR3,TR3-t943,30,17,8,11,75%,AF,,0,none,none,none,0,N,N,0,0,0,0,0,0
Florida Keys,Carysfort Reef,CF1,CF1-t024,31,17,8,9,90%,JC,,0,none,none,none,1,N,N,0,0,0,0,0,0
Florida Keys,Carysfort Reef,CF1,CF1-t027,31,20,17,24,0%,D,,5,RTL,none,none,,N,N,,,,,,
Florida Keys,Carysfort Reef,CF1,CF1-t033,31,220,75,90,1%,RC,,0,none,none,none,0,N,N,0,0,0,0,0,0
Florida Keys,Carysfort Reef,CF1,CF1-t229,31,8,8,2,0%,D,,5,RTL,none,none,,N,N,,,,,,
Florida Keys,Carysfort Reef,CF1,CF1-t230,31,47,35,35,5%,AF,,3,FS,none,none,0,N,N,0,10,0,0,1,0
Florida Keys,Carysfort Reef,CF1,CF1-t231,31,,,,0%,D,,,,,,,N,N,,,,,,
Florida Keys,Carysfort Reef,CF1,CF1-t949,31,41,37,27,15%,RC,,5,RTL,none,none,1,N,N,0,0,0,0,0,0
Florida Keys,Carysfort Reef,CF1,CF1-t950,31,31,25,21,45%,RC,,5,RTL,none,none,2,N,N,0,1,0,0,0,0
Florida Keys,Carysfort Reef,CF1,CF1-t951,31,18,10,10,0%,D,,5,RTL,none,none,,N,N,,,,,,
Florida Keys,Carysfort Reef,CF2,CF2-t038,31,231,203,92,25%,BC,,1,RTL,none,none,2,N,N,0,0,0,1,1,0
Florida Keys,Carysfort Reef,CF2,CF2-t040,31,102,48,62,20%,BC,,1,RTL,CL,none,1,N,N,0,0,0,0,0,0
Florida Keys,Carysfort Reef,CF2,CF2-t042,31,61,45,38,90%,BC,,2,FP,none,none,1,N,N,0,0,0,0,0,0
Florida Keys,Carysfort Reef,CF2,CF2-t043,31,160,105,61,60%,BC,,1,WPx,FP,none,2,N,N,0,0,0,0,0,0
Florida Keys,Carysfort Reef,CF2,CF2-t045,31,171,91,82,75%,BC,,2,WPx,none,none,1,N,N,0,0,0,0,0,1
Florida Keys,Carysfort Reef,CF2,CF2-t046,31,1,1,1,100%,EC,,0,none,none,none,0,N,N,0,0,0,0,0,0
Florida Keys,Carysfort Reef,CF2,CF2-t047,31,189,105,68,50%,BC,,3,RTL,CB,none,1,N,N,0,0,0,1,0,0
Florida Keys,Carysfort Reef,CF2,CF2-t048,31,115,101,78,65%,BC,,2,RTL,WPx,none,1,N,N,0,0,0,0,1,0
Florida Keys,Carysfort Reef,CF2,CF2-t049,31,153,80,60,1%,RC,,0,none,none,none,0,N,N,0,0,0,0,0,0
Florida Keys,Carysfort Reef,CF2,CF2-t228,31,180,95,68,65%,BC,,1,RTL,none,none,1,N,N,0,0,0,0,0,0
Florida Keys,Carysfort Reef,CF2,CF2-t946,31,65,55,35,25%,BC,,1,RTL,none,none,1,N,N,0,0,0,0,0,0
Florida Keys,Carysfort Reef,CF2,CF2-t948,31,53,37,38,40%,BC,,0,none,none,none,1,N,N,0,2,1,0,0,0
Florida Keys,Carysfort Reef,CF3,CF3-t088,31,288,160,101,40%,BC,,1,RTL,FS,none,0,N,N,2,6,3,0,1,0
Florida Keys,Carysfort Reef,CF3,CF3-t090,31,368,198,85,60%,BC,,1,RTL,WPx,FS,1,N,N,2,3,4,0,0,1
Florida Keys,Carysfort Reef,CF3,CF3-t092,31,215,134,78,45%,BC,,1,RTL,CL,none,1,N,N,2,0,3,0,1,1
Florida Keys,Carysfort Reef,CF3,CF3-t095,31,228,166,98,35%,BC,,1,RTL,none,none,0,N,N,2,0,2,0,1,0
Florida Keys,Carysfort Reef,CF3,CF3-t902,31,28,24,22,75%,JC,,3,RTL,none,none,0,N,N,0,0,0,0,0,0
Florida Keys,Carysfort Reef,CF3,CF3-t903,31,29,6,10,10%,AF,,0,none,none,none,0,N,N,0,0,0,0,0,0
Florida Keys,Carysfort Reef,CF3,CF3-t973,31,5,4,4,100%,JC,,0,none,none,none,0,N,N,0,0,0,0,0,0
Florida Keys,Carysfort Reef,CF3,CF3-t974,31,20,12,9,100%,AF,,0,none,none,none,0,N,N,0,0,0,0,0,0
Florida Keys,Carysfort Reef,CF4,CF4-t801,31,145,100,65,15%,BC,,0,none,none,none,0,N,N,0,0,0,0,1,0
Florida Keys,Carysfort Reef,CF4,CF4-t802,31,93,60,55,20%,RC,,1,RTL,none,none,1,N,N,0,0,0,0,0,0
Florida Keys,Carysfort Reef,CF4,CF4-t803,31,92,68,45,20%,BC,,2,RTL,none,none,1,N,N,0,0,0,0,0,0
Florida Keys,Carysfort Reef,CF4,CF4-t804,31,18,11,10,65%,EC,,0,none,none,none,1,N,N,0,0,0,0,0,0
Florida Keys,Carysfort Reef,CF4,CF4-t805,31,57,33,30,5%,RC,,0,none,none,none,0,N,N,0,0,0,0,0,0
Florida Keys,Carysfort Reef,CF4,CF4-t806,31,15,10,16,40%,JC,,0,none,none,none,0,N,N,0,0,0,0,0,0
Florida Keys,Carysfort Reef,CF4,CF4-t807,31,29,19,13,75%,JC,,0,none,none,none,1,N,N,0,0,0,0,1,0
Florida Keys,Carysfort Reef,CF4,CF4-t808,31,113,94,43,20%,BC,,1,FS,none,none,1,N,N,0,10,0,0,0,0
Florida Keys,Carysfort Reef,CF4,CF4-t809,31,130,90,35,5%,RC,,1,RTL,none,none,0,N,N,0,0,0,0,0,0
Florida Keys,Carysfort Reef,CF4,CF4-t810,31,60,42,29,85%,BC,,0,none,none,none,1,N,N,0,0,0,0,0,0
Florida Keys,Carysfort Reef,CF4,CF4-t811,31,83,35,30,15%,RC,,0,none,none,none,0,N,N,0,0,0,0,0,0
Florida Keys,Carysfort Reef,CF4,CF4-t812,31,4,1,1,100%,EC,,0,none,none,none,0,N,N,0,0,0,0,0,0
Florida Keys,Carysfort Reef,CF4,CF4-t813,31,8,6,5,100%,JC,,0,none,none,none,1,N,N,0,0,0,0,0,0
Florida Keys,Carysfort Reef,CF4,CF4-t814,31,130,105,60,20%,BC,,1,RTL,FS,none,1,N,N,0,9,0,0,1,0
Florida Keys,Carysfort Reef,CF4,CF4-t908,31,28,17,18,60%,JC,,2,RTL,none,none,0,N,N,0,0,0,0,0,0
Florida Keys,Elbow Reef,EL1,EL1-t051,31,185,135,105,40%,BC,,1,RTL,CL,none,0,N,N,1,0,3,0,1,1
Florida Keys,Elbow Reef,EL1,EL1-t052,31,262,217,88,60%,BC,,2,WBD,RTL,CB,0,N,Y,2,0,2,1,1,0
Florida Keys,Elbow Reef,EL1,EL1-t054,31,132,98,67,70%,BC,,2,RTL,WBD,CL,0,N,N,0,0,1,0,1,1
Florida Keys,Elbow Reef,EL1,EL1-t055,31,232,160,65,65%,BC,,1,RTL,CB,none,0,N,N,3,0,1,1,2,0
Florida Keys,Elbow Reef,EL1,EL1-t056,31,110,72,52,55%,BC,,1,RTL,none,none,0,N,Y,1,0,0,0,0,0
Florida Keys,Elbow Reef,EL1,EL1-t059,31,21,20,20,100%,JC,,0,none,none,none,0,N,N,0,0,0,0,0,0
Florida Keys,Elbow Reef,EL1,EL1-t060,31,87,67,55,90%,BC,,3,FP,none,none,0,N,N,0,0,1,0,0,0
Florida Keys,Elbow Reef,EL1,EL1-t232,31,102,65,68,70%,BC,,1,WBD,none,none,0,N,N,0,0,1,0,0,0
Florida Keys,Elbow Reef,EL1,EL1-t233,31,88,51,15,99%,AF,,5,FP,none,none,1,N,N,0,0,0,0,0,0
Florida Keys,Elbow Reef,EL1,EL1-t977,31,145,135,85,50%,BC,,2,RTL,FS,none,0,N,N,1,0,1,0,0,0
Florida Keys,Elbow Reef,EL1,EL1-t978,31,100,43,40,99%,BC,,0,none,none,none,0,N,N,0,2,0,0,0,0
Florida Keys,Elbow Reef,EL1,EL1-t979,31,128,95,57,90%,BC,,2,WPx,none,none,0,N,N,0,0,1,1,0,0
Florida Keys,Elbow Reef,EL2,EL2-t065,31,90,90,80,5%,RC,,2,RTL,none,none,0,N,N,0,0,0,0,0,0
Florida Keys,Elbow Reef,EL2,EL2-t066,31,137,108,85,55%,BC,,1,FP,Oth,none,1,N,Y,1,0,1,0,0,0
Florida Keys,Elbow Reef,EL2,EL2-t067,31,45,37,32,70%,BC,,1,Unk,none,none,0,N,N,0,0,0,0,0,0
Florida Keys,Elbow Reef,EL2,EL2-t069,31,112,73,60,65%,BC,,1,PFB,none,none,0,N,N,0,0,0,0,0,0
Florida Keys,Elbow Reef,EL2,EL2-t070,31,19,11,18,40%,RC,,0,none,none,none,0,N,N,0,0,0,0,0,0
Florida Keys,Elbow Reef,EL2,EL2-t072,31,55,36,29,90%,BC,,4,WPx,none,none,1,N,N,0,0,0,0,0,0
Florida Keys,Elbow Reef,EL2,EL2-t073,31,157,120,60,50%,BC,,1,RTL,none,none,0,N,N,0,1,0,0,0,0
Florida Keys,Elbow Reef,EL2,EL2-t244,31,20,11,10,100%,EC,,0,none,none,none,0,N,N,0,0,0,0,0,0
Florida Keys,Elbow Reef,EL2,EL2-t246,31,9,8,4,100%,JC,,0,none,none,none,0,N,N,0,0,0,0,0,0
Florida Keys,Elbow Reef,EL2,EL2-t247,31,39,22,27,70%,JC,,0,none,none,none,0,N,N,0,0,0,0,0,0
Florida Keys,Elbow Reef,EL2,EL2-t913,31,225,135,85,55%,BC,,2,RTL,CL,none,1,N,N,0,0,0,0,1,2
Florida Keys,Elbow Reef,EL2,EL2-t980,31,8,7,8,95%,JC,,0,none,none,none,0,N,N,0,0,0,0,0,0
Florida Keys,Elbow Reef,EL3,EL3-t076,31,130,96,85,35%,BC,,2,RTL,FS,none,0,N,N,1,9,2,0,0,0
Florida Keys,Elbow Reef,EL3,EL3-t077,31,77,34,27,40%,BC,,1,CL,Oth,none,0,N,Y,0,0,0,1,0,0
Florida Keys,Elbow Reef,EL3,EL3-t078,31,57,35,51,45%,BC,,2,FS,CL,none,0,N,N,0,2,0,0,0,0
Florida Keys,Elbow Reef,EL3,EL3-t079,31,43,15,23,20%,RC,,1,Unk,none,none,0,N,N,0,0,0,0,0,0
Florida Keys,Elbow Reef,EL3,EL3-t083,31,117,84,64,70%,BC,,3,WBD,CB,FS,0,N,N,0,1,0,0,1,0
Florida Keys,Elbow Reef,EL3,EL3-t086,31,184,135,68,65%,BC,,1,FS,RTL,none,0,N,N,0,4,0,0,1,1
Florida Keys,Elbow Reef,EL3,EL3-t911,31,124,61,58,75%,BC,,3,RTL,FS,PFB,0,N,N,0,3,0,0,0,0
Florida Keys,Elbow Reef,EL3,EL3-t930,31,14,13,6,90%,EC,,0,none,none,none,0,N,N,0,0,0,0,0,0
Florida Keys,Elbow Reef,EL3,EL3-t932,31,5,3,4,100%,EC,,0,none,none,none,0,N,N,0,0,0,0,0,0
Florida Keys,Elbow Reef,EL3,EL3-t933,31,107,75,78,65%,BC,,3,RTL,WPx,CL,0,N,Y,0,0,0,0,0,0
Florida Keys,Elbow Reef,EL3,EL3-t934,31,1,1,1,100%,EC,,0,none,none,none,0,N,N,0,0,0,0,0,0
Florida Keys,Elbow Reef,EL4,EL4-t153,31,233,175,80,50%,BC,,1,FS,none,none,0,N,N,0,4,0,1,0,1
Florida Keys,Elbow Reef,EL4,EL4-t154,31,156,116,81,50%,BC,,1,FS,CL,FP,0,N,N,0,8,0,0,0,0
Florida Keys,Elbow Reef,EL4,EL4-t158,31,90,69,63,75%,BC,,1,FP,Unk,none,0,N,N,0,0,0,0,0,0
Florida Keys,Elbow Reef,EL4,EL4-t160,31,100,61,40,80%,BC,,4,FS,CL,none,0,N,N,0,5,0,0,0,0
Florida Keys,Elbow Reef,EL4,EL4-t165,31,6,3,2,100%,EC,,0,none,none,none,0,N,N,0,0,0,0,0,0
Florida Keys,Elbow Reef,EL4,EL4-t168,31,167,142,87,80%,BC,,1,FP,none,none,0,N,N,0,1,0,1,0,0
Florida Keys,Elbow Reef,EL4,EL4-t922,31,12,6,10,70%,JC,,0,none,none,none,0,N,N,0,0,0,0,0,0
Florida Keys,Elbow Reef,EL4,EL4-t935,31,59,57,46,5%,RC,,0,none,none,none,0,N,N,0,0,0,0,0,0
Florida Keys,Elbow Reef,EL4,EL4-t936,31,30,28,9,90%,AF,,0,none,none,none,0,N,N,0,2,0,0,0,0
Florida Keys,Elbow Reef,EL4,EL4-t937,31,35,30,11,85%,JC,,0,none,none,none,0,N,N,0,0,0,0,0,0
Florida Keys,Elbow Reef,EL5,EL5-t177,31,102,60,60,30%,BC,,1,FS,none,none,0,N,N,0,2,0,0,0,0
Florida Keys,Elbow Reef,EL5,EL5-t180,31,137,100,67,55%,BC,,1,FS,CL,CB,0,N,N,0,14,0,1,0,0
Florida Keys,Elbow Reef,EL5,EL5-t183,31,23,21,20,100%,JC,,0,none,none,none,1,N,N,0,0,0,0,0,0
Florida Keys,Elbow Reef,EL5,EL5-t939,31,29,10,11,10%,AF,,2,FS,none,none,0,N,N,0,4,0,0,0,0
Florida Keys,Elbow Reef,EL5,EL5-t940,31,17,11,11,100%,AF,,0,none,none,none,0,N,N,0,0,0,0,0,0
Florida Keys,French Reef,FR1,FR1-t002,31,94,58,48,65%,BC,,0,none,none,none,2,N,N,0,0,0,0,1,0
Florida Keys,French Reef,FR1,FR1-t003,31,18,14,15,100%,JC,,0,none,none,none,1,N,N,0,0,0,0,0,0
Florida Keys,French Reef,FR1,FR1-t004,31,78,70,67,15%,BC,,1,RTL,none,none,1,N,N,1,0,0,0,0,0
Florida Keys,French Reef,FR1,FR1-t005,31,131,111,73,65%,BC,,1,RTL,FP,CL,2,N,N,2,0,1,0,1,0
Florida Keys,French Reef,FR1,FR1-t006,31,158,102,73,30%,BC,,1,CL,none,none,0,N,N,2,0,2,0,1,0
Florida Keys,French Reef,FR1,FR1-t007,31,21,12,12,100%,JC,,0,none,none,none,0,N,N,0,0,1,0,0,0
Florida Keys,French Reef,FR1,FR1-t008,31,105,93,73,40%,BC,,0,none,none,none,2,N,N,1,0,3,0,0,0
Florida Keys,French Reef,FR1,FR1-t009,31,230,200,75,45%,BC,,1,RTL,none,none,2,N,N,2,0,4,0,1,0
Florida Keys,French Reef,FR1,FR1-t010,31,65,56,45,25%,RC,,0,none,none,none,1,N,N,1,0,1,0,1,0
Florida Keys,French Reef,FR1,FR1-t011,31,11,8,8,85%,JC,,0,none,none,none,4,N,N,0,0,0,0,0,0
Florida Keys,French Reef,FR1,FR1-t975,31,50,32,27,75%,BC,,0,none,none,none,2,N,N,0,0,0,0,0,0
Florida Keys,French Reef,FR1,FR1-t976,31,82,46,60,15%,BC,,1,RTL,none,none,1,N,N,0,0,2,0,0,0
Florida Keys,French Reef,FR2,FR2-t236,31,7,4,2,100%,EC,,,,,,,,,,,,,,
Florida Keys,French Reef,FR2,FR2-t250,31,102,63,50,25%,BC,,,,,,,,,,,,,,
Florida Keys,French Reef,FR2,FR2-t251,31,50,48,56,95%,BC,,,,,,,,,,,,,,
Florida Keys,French Reef,FR2,FR2-t255,31,28,16,28,45%,RC,,,,,,,,,,,,,,
Florida Keys,French Reef,FR2,FR2-t256,31,10,5,2,100%,EC,,,,,,,,,,,,,,
Florida Keys,French Reef,FR2,FR2-t257,31,15,11,14,90%,JC,,,,,,,,,,,,,,
Florida Keys,French Reef,FR2,FR2-t258,31,35,31,32,25%,RC,,,,,,,,,,,,,,
Florida Keys,French Reef,FR2,FR2-t259,31,22,20,22,85%,JC,,,,,,,,,,,,,,
Florida Keys,French Reef,FR2,FR2-t260,31,34,29,32,95%,JC,,,,,,,,,,,,,,
Florida Keys,French Reef,FR2,FR2-t261,31,88,63,55,30%,BC,,,,,,,,,,,,,,
Florida Keys,French Reef,FR2,FR2-t262,31,13,10,13,75%,EC,,,,,,,,,,,,,,
Florida Keys,French Reef,FR2,FR2-t982,31,21,16,25,98%,JC,,,,,,,,,,,,,,
Florida Keys,French Reef,FR3,FR3-t815,31,81,75,38,40%,BC,,0,none,none,none,1,N,N,3,0,1,0,0,0
Florida Keys,French Reef,FR3,FR3-t816,31,21,13,14,90%,JC,,0,none,none,none,0,N,N,0,0,0,0,1,0
Florida Keys,French Reef,FR3,FR3-t817,31,38,22,12,40%,RC,,2,FS,none,none,0,N,N,0,8,0,0,0,0
Florida Keys,French Reef,FR3,FR3-t818,31,9,8,7,80%,JC,,0,none,none,none,0,N,N,0,0,0,0,0,0
Florida Keys,French Reef,FR3,FR3-t819,31,107,61,36,25%,BC,,1,CL,none,none,1,N,N,1,0,1,0,1,0
Florida Keys,French Reef,FR3,FR3-t820,31,142,96,66,30%,BC,,1,Oth,none,none,0,N,N,0,0,0,0,0,1
Florida Keys,French Reef,FR3,FR3-t821,31,136,95,47,60%,BC,,0,none,none,none,1,N,N,1,0,2,0,1,1
Florida Keys,French Reef,FR3,FR3-t822,31,22,10,4,85%,EC,,0,none,none,none,0,N,N,0,0,0,0,1,1
Florida Keys,French Reef,FR3,FR3-t824,31,29,25,11,65%,RC,,0,none,none,none,0,N,N,0,0,0,0,0,0
Florida Keys,French Reef,FR3,FR3-t825,31,42,26,33,85%,BC,,1,CL,none,none,1,N,N,0,0,0,0,0,0
Florida Keys,French Reef,FR3,FR3-t826,31,17,11,9,100%,JC,,0,none,none,none,0,N,N,0,0,0,0,0,0
Florida Keys,Grecian Rocks,GR1,GR1-t827,31,56,48,33,90%,BC,,2,FP,none,none,1,N,N,0,0,0,0,0,0
Florida Keys,Grecian Rocks,GR1,GR1-t828,31,60,58,48,95%,BC,,4,FP,none,none,1,N,Y,0,0,0,0,1,0
Florida Keys,Grecian Rocks,GR1,GR1-t829,31,72,32,25,30%,BC,,1,FP,none,none,1,N,N,0,0,0,0,0,0
Florida Keys,Grecian Rocks,GR1,GR1-t830,31,71,57,43,70%,BC,,0,none,none,none,1,N,N,0,0,0,0,1,0
Florida Keys,Grecian Rocks,GR1,GR1-t831,31,100,90,55,90%,BC,,4,WPx,none,none,1,N,N,0,0,0,0,0,0
Florida Keys,Grecian Rocks,GR1,GR1-t832,31,75,51,48,25%,BC,,2,FS,WPx,none,1,N,N,0,11,0,0,0,0
Florida Keys,Grecian Rocks,GR1,GR1-t833,31,85,79,45,95%,BC,,4,FP,none,none,1,N,N,0,0,0,0,0,0
Florida Keys,Grecian Rocks,GR1,GR1-t834,31,32,20,14,5%,RC,,0,none,none,none,1,N,N,0,0,0,0,0,0
Florida Keys,Grecian Rocks,GR1,GR1-t835,31,63,58,45,90%,BC,,2,Oth,none,none,1,N,N,0,0,0,0,0,0
Florida Keys,Grecian Rocks,GR1,GR1-t836,31,49,37,24,55%,BC,,3,FS,WPx,none,1,N,N,0,1,0,0,0,0
Florida Keys,Grecian Rocks,GR1,GR1-t837,31,71,42,34,95%,BC,,0,none,none,none,2,N,Y,0,0,0,0,0,0
Florida Keys,Grecian Rocks,GR1,GR1-t838,31,37,28,18,80%,JC,,2,FP,none,none,2,N,N,0,0,0,0,0,0
Florida Keys,Grecian Rocks,GR2,GR2-t839,31,7,5,5,95%,EC,,5,Oth,none,none,0,N,N,0,0,0,0,0,0
Florida Keys,Grecian Rocks,GR2,GR2-t840,31,100,81,49,99%,BC,,5,FP,none,none,0,N,N,0,0,0,0,0,1
Florida Keys,Grecian Rocks,GR2,GR2-t841,31,121,107,75,80%,BC,,2,CL,none,none,0,N,Y,0,0,0,0,0,0
Florida Keys,Grecian Rocks,GR2,GR2-t842,31,20,9,13,99%,JC,,0,none,none,none,0,N,N,0,0,0,0,0,0
Florida Keys,Grecian Rocks,GR2,GR2-t843,31,10,6,3,95%,EC,,0,none,none,none,0,N,N,0,0,0,0,0,0
Florida Keys,Grecian Rocks,GR2,GR2-t844,31,79,58,51,70%,BC,,2,WBD,none,none,1,N,Y,0,0,0,0,0,0
Florida Keys,Grecian Rocks,GR2,GR2-t845,31,10,8,3,80%,EC,,0,none,none,none,0,N,N,0,0,0,0,0,0
Florida Keys,Grecian Rocks,GR2,GR2-t846,31,163,66,75,65%,BC,,1,CL,none,none,0,N,N,0,0,0,0,0,0
Florida Keys,Grecian Rocks,GR2,GR2-t847,31,54,38,21,95%,BC,,0,none,none,none,0,N,N,0,0,0,0,0,0
Florida Keys,Grecian Rocks,GR2,GR2-t848,31,10,5,3,100%,EC,,0,none,none,none,0,N,N,0,0,0,0,0,0
Florida Keys,Grecian Rocks,GR2,GR2-t849,31,9,3,2,100%,EC,,0,none,none,none,0,N,N,0,0,0,0,0,0
Florida Keys,Grecian Rocks,GR2,GR2-t850,31,110,58,65,99%,BC,,0,none,none,none,0,N,Y,0,1,0,0,0,0
Florida Keys,Grecian Rocks,GR3,GR3-t870,31,43,21,27,45%,BC,,2,FS,none,none,0,N,N,0,3,0,0,0,0
Florida Keys,Grecian Rocks,GR3,GR3-t871,31,24,16,17,90%,JC,,0,none,none,none,0,N,N,0,0,0,0,0,0
Florida Keys,Grecian Rocks,GR3,GR3-t872,31,20,11,12,90%,JC,,0,none,none,none,0,N,Y,0,0,0,0,0,0
Florida Keys,Grecian Rocks,GR3,GR3-t873,31,26,19,18,95%,JC,,0,none,none,none,0,N,N,0,0,0,0,0,0
Florida Keys,Grecian Rocks,GR3,GR3-t874,31,31,23,16,100%,JC,,0,none,none,none,1,N,N,0,0,0,0,0,0
Florida Keys,Grecian Rocks,GR3,GR3-t875,31,26,22,10,100%,JC,,0,none,none,none,0,N,N,0,0,0,0,0,0
Florida Keys,Grecian Rocks,GR3,GR3-t876,31,97,56,30,40%,BC,,0,none,none,none,0,N,N,0,0,0,0,0,0
Florida Keys,Grecian Rocks,GR3,GR3-t877,31,130,60,45,35%,BC,,1,FS,none,none,1,N,N,0,3,0,0,0,0
Florida Keys,Grecian Rocks,GR3,GR3-t878,31,36,25,15,80%,AF,,0,none,none,none,0,N,N,0,0,0,0,0,0
Florida Keys,Grecian Rocks,GR3,GR3-t879,31,13,9,3,100%,AF,,0,none,none,none,0,N,N,0,0,0,0,0,0
Florida Keys,Grecian Rocks,GR3,GR3-t880,31,26,13,11,100%,JC,,0,none,none,none,0,N,N,0,0,0,0,0,0
Florida Keys,Grecian Rocks,GR3,GR3-t881,31,32,21,20,90%,JC,,0,none,none,none,0,N,N,0,0,0,0,0,0
Florida Keys,Key Largo Dry Rocks,KL1,KL1-t104,31,115,80,67,10%,RC,,0,none,none,none,1,N,N,0,0,0,0,1,0
Florida Keys,Key Largo Dry Rocks,KL1,KL1-t105,31,233,160,90,20%,BC,,1,WPx,CL,none,1,N,N,0,0,0,0,1,0
Florida Keys,Key Largo Dry Rocks,KL1,KL1-t106,31,85,47,45,15%,BC,,0,none,none,none,1,N,N,0,0,0,0,0,0
Florida Keys,Key Largo Dry Rocks,KL1,KL1-t107,31,128,63,55,25%,BC,,1,RTL,none,none,0,N,N,1,0,2,0,0,0
Florida Keys,Key Largo Dry Rocks,KL1,KL1-t108,31,177,89,84,35%,BC,,1,WPx,none,none,1,N,N,0,0,0,0,0,0
Florida Keys,Key Largo Dry Rocks,KL1,KL1-t109,31,12,7,11,85%,JC,,0,none,none,none,0,N,N,0,0,0,0,0,0
Florida Keys,Key Largo Dry Rocks,KL1,KL1-t110,31,177,97,90,25%,BC,,1,RTL,none,none,1,N,N,0,0,0,0,1,0
Florida Keys,Key Largo Dry Rocks,KL1,KL1-t239,31,17,13,12,100%,JC,,0,none,none,none,1,N,N,0,0,0,0,0,0
Florida Keys,Key Largo Dry Rocks,KL1,KL1-t240,31,13,6,9,90%,AF,,0,none,none,none,0,N,N,0,0,0,0,0,0
Florida Keys,Key Largo Dry Rocks,KL1,KL1-t241,31,16,10,6,95%,AF,,0,none,none,none,0,N,N,0,1,0,0,0,0
Florida Keys,Key Largo Dry Rocks,KL1,KL1-t242,31,15,12,5,5%,AF,,5,RTL,none,none,0,N,N,0,0,0,0,0,0
Florida Keys,Key Largo Dry Rocks,KL1,KL1-t243,31,8,6,5,100%,JC,,0,none,none,none,0,N,N,0,0,0,0,0,0
Florida Keys,Key Largo Dry Rocks,KL3,KL3-t215,31,35,31,33,5%,RC,,0,none,none,none,0,N,N,0,0,0,0,0,0
Florida Keys,Key Largo Dry Rocks,KL3,KL3-t216,31,50,30,50,10%,RC,,2,FS,none,none,1,N,N,0,4,1,0,0,0
Florida Keys,Key Largo Dry Rocks,KL3,KL3-t217,31,91,75,51,30%,BC,,0,none,none,none,2,N,N,0,0,1,0,0,0
Florida Keys,Key Largo Dry Rocks,KL3,KL3-t219,31,175,75,63,1%,RC,,0,none,none,none,1,N,N,0,0,2,0,0,0
Florida Keys,Key Largo Dry Rocks,KL3,KL3-t220,31,76,60,50,1%,RC,,0,none,none,none,0,N,N,0,0,0,0,0,0
Florida Keys,Key Largo Dry Rocks,KL3,KL3-t222,31,54,51,28,98%,BC,,0,none,none,none,2,N,N,1,0,1,0,1,0
Florida Keys,Key Largo Dry Rocks,KL3,KL3-t223,31,51,30,47,5%,RC,,0,none,none,none,0,N,N,0,0,1,0,0,0
Florida Keys,Key Largo Dry Rocks,KL3,KL3-t966,31,44,18,25,85%,BC,,0,none,none,none,1,N,N,0,0,1,0,0,0
Florida Keys,Key Largo Dry Rocks,KL3,KL3-t967,31,20,17,21,60%,RC,,0,none,none,none,0,N,N,0,0,1,0,0,0
Florida Keys,Key Largo Dry Rocks,KL3,KL3-t968,31,8,7,6,90%,JC,,0,none,none,none,0,N,N,0,0,0,0,0,0
Florida Keys,Key Largo Dry Rocks,KL3,KL3-t969,31,19,12,17,20%,RC,,0,none,none,none,0,N,N,0,0,1,0,0,0
Florida Keys,Key Largo Dry Rocks,KL3,KL3-t970,31,5,4,4,95%,JC,,0,none,none,none,0,N,N,0,0,1,0,0,0
Florida Keys,Key Largo Dry Rocks,KL4,KL4-t244,31,24,18,10,70%,AF,,0,none,none,none,1,N,N,0,0,0,0,0,0
Florida Keys,Key Largo Dry Rocks,KL4,KL4-t245,31,32,22,27,80%,AF,,0,none,none,none,0,N,N,0,0,0,0,0,0
Florida Keys,Key Largo Dry Rocks,KL4,KL4-t851,31,48,35,25,95%,BC,,3,FP,none,none,1,N,N,0,0,0,0,0,0
Florida Keys,Key Largo Dry Rocks,KL4,KL4-t852,31,44,38,24,95%,BC,,0,none,none,none,1,N,N,0,0,0,0,0,0
Florida Keys,Key Largo Dry Rocks,KL4,KL4-t853,31,145,135,89,75%,BC,,1,PFB,FS,FP,1,N,N,0,7,0,0,0,0
Florida Keys,Key Largo Dry Rocks,KL4,KL4-t854,31,31,18,33,60%,JC,,1,PFB,none,none,0,N,N,0,0,0,0,0,0
Florida Keys,Key Largo Dry Rocks,KL4,KL4-t855,31,138,128,62,95%,BC,,5,CL,none,none,1,N,N,0,0,0,0,0,0
Florida Keys,Key Largo Dry Rocks,KL4,KL4-t856,31,133,84,47,85%,BC,,0,none,none,none,1,N,N,0,0,0,0,0,0
Florida Keys,Key Largo Dry Rocks,KL4,KL4-t857,31,53,19,25,35%,AF,,0,none,none,none,0,N,N,0,0,0,0,0,0
Florida Keys,Key Largo Dry Rocks,KL4,KL4-t858,31,10,7,7,100%,EC,,0,none,none,none,0,N,N,0,0,0,0,0,0
Florida Keys,Molasses Reef,ML1,ML1-t013,31,158,110,95,70%,BC,,3,RTL,CL,none,0,N,N,1,1,1,1,1,2
Florida Keys,Molasses Reef,ML1,ML1-t015,31,49,37,28,25%,BC,,1,RTL,none,none,0,N,N,0,0,0,0,1,0
Florida Keys,Molasses Reef,ML1,ML1-t016,31,108,100,55,70%,BC,,2,RTL,FS,none,0,N,Y,2,1,2,0,1,0
Florida Keys,Molasses Reef,ML1,ML1-t017,31,23,12,17,40%,RC,,1,RTL,none,none,1,N,N,0,0,0,0,1,0
Florida Keys,Molasses Reef,ML1,ML1-t018,31,58,44,34,85%,BC,,4,RTL,none,none,0,N,N,0,0,0,0,1,0
Florida Keys,Molasses Reef,ML1,ML1-t020,31,208,158,102,15%,BC,,2,RTL,none,none,0,N,N,0,1,0,0,1,0
Florida Keys,Molasses Reef,ML1,ML1-t234,31,7,5,1,90%,EC,,0,none,none,none,0,N,N,0,0,0,0,0,0
Florida Keys,Molasses Reef,ML1,ML1-t235,31,8,4,4,30%,AF,,3,RTL,none,none,0,N,N,0,0,0,0,0,0
Florida Keys,Molasses Reef,ML1,ML1-t981,31,3,2,1,100%,EC,,0,none,none,none,0,N,N,0,0,0,0,0,0
Florida Keys,Molasses Reef,ML2,ML2-t126,31,195,172,100,35%,BC,,1,RTL,Oth,none,0,N,N,2,0,5,0,1,0
Florida Keys,Molasses Reef,ML2,ML2-t127,31,65,64,45,5%,RC,,0,none,none,none,0,N,N,3,0,1,0,0,0
Florida Keys,Molasses Reef,ML2,ML2-t128,31,35,26,25,1%,RC,,0,none,none,none,0,N,N,0,0,0,0,0,0
Florida Keys,Molasses Reef,ML2,ML2-t129,31,153,76,68,20%,BC,,2,RTL,CL,none,0,N,N,2,0,2,0,1,0
Florida Keys,Molasses Reef,ML2,ML2-t130,31,155,93,70,15%,BC,,0,none,none,none,0,N,N,0,0,1,0,0,0
Florida Keys,Molasses Reef,ML2,ML2-t131,31,153,141,72,55%,BC,,0,none,none,none,1,N,N,1,0,3,1,1,0
Florida Keys,Molasses Reef,ML2,ML2-t132,31,195,119,80,45%,BC,,1,WPx,CL,none,0,N,Y,1,0,2,0,0,0
Florida Keys,Molasses Reef,ML2,ML2-t137,31,17,12,5,45%,EC,,4,RTL,none,none,0,N,N,0,0,0,0,0,0
Florida Keys,Molasses Reef,ML2,ML2-t249,31,9,4,2,95%,EC,,0,none,none,none,0,N,N,0,0,0,0,0,0
Florida Keys,Molasses Reef,ML2,ML2-t952,31,20,20,12,85%,JC,,0,none,none,none,1,N,N,0,0,0,1,0,0
Florida Keys,Molasses Reef,ML2,ML2-t953,31,30,23,28,20%,RC,,0,none,none,none,1,N,N,0,0,1,0,0,0
Florida Keys,Molasses Reef,ML2,ML2-t954,31,7,4,3,100%,EC,,0,none,none,none,0,N,N,0,0,0,0,0,0
Florida Keys,Molasses Reef,ML3,ML3-t144,31,136,94,73,70%,BC,,2,FS,CB,none,0,Y,N,1,3,1,0,1,0
Florida Keys,Molasses Reef,ML3,ML3-t145,31,185,123,60,40%,BC,,1,RTL,none,none,0,Y,N,3,0,4,0,0,0
Florida Keys,Molasses Reef,ML3,ML3-t146,31,198,161,75,55%,BC,,2,RTL,CB,FS,2,Y,N,2,1,4,0,1,0
Florida Keys,Molasses Reef,ML3,ML3-t147,31,232,223,95,40%,BC,,1,RTL,FP,none,2,Y,N,2,0,6,0,2,0
Florida Keys,Molasses Reef,ML3,ML3-t148,31,138,100,78,40%,BC,,1,FS,CL,none,0,Y,N,2,3,2,0,0,0
Florida Keys,Molasses Reef,ML3,ML3-t150,31,72,68,43,85%,BC,,0,none,none,none,2,N,N,1,0,1,0,0,0
Florida Keys,Molasses Reef,ML3,ML3-t184,31,210,190,85,70%,BC,,2,WPx,CB,CL,0,N,N,0,0,2,0,1,0
Florida Keys,Molasses Reef,ML3,ML3-t185,31,26,25,20,80%,JC,,0,none,none,none,2,N,Y,0,0,0,0,0,0
Florida Keys,Molasses Reef,ML3,ML3-t186,31,46,42,23,95%,BC,,2,FP,none,none,0,Y,N,0,0,1,0,0,0
Florida Keys,Molasses Reef,ML3,ML3-t915,31,59,53,41,40%,BC,,1,Unk,none,none,1,N,N,2,0,1,0,1,0
Florida Keys,Molasses Reef,ML3,ML3-t955,31,112,82,49,80%,BC,,1,FP,none,none,1,N,N,0,0,1,0,0,0
Florida Keys,Molasses Reef,ML3,ML3-t956,31,13,7,6,95%,JC,,5,Unk,FP,none,0,N,N,0,0,0,0,0,0
Florida Keys,Sand Island,SI1,SI1-t302,31,130,105,67,65%,BC,,1,FP,none,none,0,N,N,0,0,0,0,1,0
Florida Keys,Sand Island,SI1,SI1-t303,31,8,7,5,90%,EC,,0,none,none,none,0,N,N,0,0,0,0,0,0
Florida Keys,Sand Island,SI1,SI1-t305,31,10,4,9,95%,EC,,0,none,none,none,0,N,N,0,0,0,0,0,0
Florida Keys,Sand Island,SI1,SI1-t306,31,,,,0%,D,,,,,,,N,N,,,,,,
Florida Keys,Sand Island,SI1,SI1-t307,31,98,74,81,40%,BC,,1,Unk,none,none,0,N,Y,0,0,0,0,0,0
Florida Keys,Sand Island,SI1,SI1-t308,31,82,51,74,45%,BC,,1,CL,Oth,none,0,N,N,0,0,0,0,1,0
Florida Keys,Sand Island,SI1,SI1-t310,31,7,4,3,100%,EC,,0,none,none,none,0,N,N,0,0,0,0,0,0
Florida Keys,Sand Island,SI1,SI1-t312,31,24,23,15,55%,RC,,0,none,none,none,0,N,N,0,0,0,0,0,0
Florida Keys,Sand Island,SI1,SI1-t319,31,87,53,85,1%,RC,,0,none,none,none,0,N,N,0,0,0,0,0,0
Florida Keys,Sand Island,SI1,SI1-t332,31,135,124,75,45%,BC,,1,FP,none,none,0,N,Y,0,0,0,0,1,0
Florida Keys,Sand Island,SI1,SI1-t957,31,47,33,28,5%,RC,,0,none,none,none,0,N,N,0,0,0,0,0,0
Florida Keys,Sand Island,SI1,SI1-t958,31,14,13,4,95%,EC,,0,none,none,none,0,N,N,0,0,0,0,0,0
Florida Keys,Sand Island,SI1,SI1-t959,31,18,15,14,100%,JC,,0,none,none,none,1,N,N,0,1,0,0,1,0
Florida Keys,Sand Island,SI2,SI2-t313,31,130,82,107,75%,BC,,2,RTL,CL,none,0,N,N,0,0,0,0,2,0
Florida Keys,Sand Island,SI2,SI2-t314,31,87,62,50,95%,BC,,0,none,none,none,1,N,N,0,0,0,0,0,0
Florida Keys,Sand Island,SI2,SI2-t323,31,95,83,60,40%,BC,,1,CL,CB,none,0,N,Y,0,0,1,0,0,0
Florida Keys,Sand Island,SI2,SI2-t324,31,135,95,85,85%,BC,,1,FP,none,none,0,N,N,0,0,0,0,1,0
Florida Keys,Sand Island,SI2,SI2-t326,31,165,89,93,55%,BC,,1,FP,none,none,0,N,N,1,0,1,0,2,0
Florida Keys,Sand Island,SI2,SI2-t330,31,39,39,29,15%,RC,,0,none,none,none,0,N,N,0,0,0,0,0,0
Florida Keys,Sand Island,SI2,SI2-t331,31,15,12,15,100%,JC,,0,none,none,none,0,N,N,0,0,0,0,0,0
Florida Keys,Sand Island,SI2,SI2-t333,31,1,1,1,100%,EC,,0,none,none,none,0,N,N,0,0,0,0,0,0
Florida Keys,Sand Island,SI2,SI2-t334,31,305,190,149,50%,BC,,2,RTL,WBD,FP,0,N,Y,1,2,3,0,1,0
Florida Keys,Sand Island,SI2,SI2-t335,31,,,,0%,D,,,,,,,N,N,,,,,,
Florida Keys,Sand Island,SI2,SI2-t960,31,85,63,56,95%,BC,,5,FS,FP,none,0,N,Y,0,5,0,0,1,0
Florida Keys,Sand Island,SI2,SI2-t961,31,50,35,42,98%,BC,,5,RTL,none,none,0,N,N,0,0,0,1,0,0
Florida Keys,Sand Island,SI2,SI2-t962,31,181,74,43,60%,BC,,2,FS,CL,CB,0,N,Y,1,5,1,0,1,0
Florida Keys,Sand Island,SI3,SI3-t315,31,17,5,8,10%,EC,,1,FS,none,none,0,N,N,0,1,0,0,0,0
Florida Keys,Sand Island,SI3,SI3-t316,31,8,7,7,100%,JC,,0,none,none,none,1,N,N,0,0,0,0,0,0
Florida Keys,Sand Island,SI3,SI3-t317,31,8,6,4,100%,EC,,0,none,none,none,0,N,N,0,0,0,0,0,0
Florida Keys,Sand Island,SI3,SI3-t336,31,7,6,5,90%,EC,,0,none,none,none,0,N,N,0,0,0,0,0,0
Florida Keys,Sand Island,SI3,SI3-t337,31,8,4,2,90%,EC,,0,none,none,none,0,N,N,0,0,0,0,0,0
Florida Keys,Sand Island,SI3,SI3-t338,31,29,14,20,80%,JC,,0,none,none,none,1,N,N,0,0,0,0,0,0
Florida Keys,Sand Island,SI3,SI3-t340,31,18,13,8,70%,EC,,0,none,none,none,0,N,N,0,0,0,0,0,0
Florida Keys,Sand Island,SI3,SI3-t341,31,126,99,80,70%,BC,,1,RTL,WPx,none,0,N,N,0,0,0,0,0,0
Florida Keys,Sand Island,SI3,SI3-t345,31,8,6,5,80%,JC,,0,none,none,none,0,N,N,0,0,0,0,0,0
Florida Keys,Sand Island,SI3,SI3-t346,31,18,16,17,100%,JC,,0,none,none,none,0,N,N,0,0,0,0,0,0
Florida Keys,Sand Island,SI3,SI3-t964,31,84,55,50,1%,RC,,1,RTL,CL,none,0,N,N,0,0,0,0,0,0
Florida Keys,Sand Island,SI3,SI3-t965,31,,,,0%,D,,,,,,,N,N,,,,,,
Florida Keys,Carysfort Reef,CF1,CF1-t024,32,17,10,11,70%,JC,,0,none,none,none,0,N,N,0,0,0,0,0,0
Florida Keys,Carysfort Reef,CF1,CF1-t033,32,3,2,1,100%,EC,,0,none,none,none,0,N,N,0,0,0,0,1,0
Florida Keys,Carysfort Reef,CF1,CF1-t230,32,,,,0%,D,,,,,,,N,N,,,,,,
Florida Keys,Carysfort Reef,CF1,CF1-t949,32,37,31,25,1%,RC,,0,none,none,none,0,N,N,0,0,0,0,0,0
Florida Keys,Carysfort Reef,CF1,CF1-t950,32,34,22,18,20%,RC,,1,FS,none,none,0,N,N,0,2,0,0,0,0
Florida Keys,Carysfort Reef,CF2,CF2-t038,32,235,205,87,25%,BC,,1,CL,none,none,0,N,N,0,0,0,1,1,0
Florida Keys,Carysfort Reef,CF2,CF2-t040,32,106,49,62,20%,BC,,1,Unk,none,none,0,N,N,0,0,0,0,0,0
Florida Keys,Carysfort Reef,CF2,CF2-t042,32,63,45,40,90%,BC,,1,Unk,none,none,0,N,N,0,0,0,0,0,0
Florida Keys,Carysfort Reef,CF2,CF2-t043,32,154,107,55,60%,BC,,0,none,none,none,0,N,N,0,0,1,0,0,0
Florida Keys,Carysfort Reef,CF2,CF2-t045,32,156,87,75,75%,BC,,1,Unk,none,none,0,N,N,0,0,0,0,0,1
Florida Keys,Carysfort Reef,CF2,CF2-t046,32,,,,0%,D,,,,,,,N,N,,,,,,
Florida Keys,Carysfort Reef,CF2,CF2-t047,32,184,106,68,50%,BC,,1,FS,CB,Unk,0,N,N,0,3,0,0,1,1
Florida Keys,Carysfort Reef,CF2,CF2-t048,32,115,105,70,65%,BC,,0,none,none,none,0,N,N,0,0,0,0,1,0
Florida Keys,Carysfort Reef,CF2,CF2-t049,32,148,75,60,1%,RC,,0,none,none,none,0,N,N,0,0,0,0,1,0
Florida Keys,Carysfort Reef,CF2,CF2-t228,32,187,98,68,70%,BC,,2,FS,FP,none,0,N,N,0,3,0,0,0,0
Florida Keys,Carysfort Reef,CF2,CF2-t946,32,62,43,35,20%,RC,,0,none,none,none,0,N,N,0,0,0,0,0,0
Florida Keys,Carysfort Reef,CF2,CF2-t948,32,51,45,36,35%,BC,,1,FS,none,none,0,N,N,0,0,0,0,0,0
Florida Keys,Carysfort Reef,CF3,CF3-t088,32,289,155,96,40%,BC,,1,RTL,none,none,0,N,N,2,0,3,0,1,0
Florida Keys,Carysfort Reef,CF3,CF3-t090,32,364,209,85,60%,BC,,0,none,none,none,0,N,Y,2,0,4,0,1,0
Florida Keys,Carysfort Reef,CF3,CF3-t092,32,209,130,80,40%,BC,,1,CB,CL,none,0,N,N,2,0,2,0,1,0
Florida Keys,Carysfort Reef,CF3,CF3-t095,32,224,168,100,35%,BC,,1,WPx,none,none,0,N,N,2,0,2,0,1,0
Florida Keys,Carysfort Reef,CF3,CF3-t902,32,29,22,22,60%,RC,,0,none,none,none,0,N,N,0,0,1,0,1,0
Florida Keys,Carysfort Reef,CF3,CF3-t903,32,30,6,10,10%,AF,,0,none,none,none,0,N,N,0,0,0,0,0,0
Florida Keys,Carysfort Reef,CF3,CF3-t973,32,6,6,5,100%,JC,,0,none,none,none,0,N,N,0,0,0,0,0,0
Florida Keys,Carysfort Reef,CF3,CF3-t974,32,21,11,9,100%,AF,,0,none,none,none,0,N,N,0,0,0,0,0,0
Florida Keys,Carysfort Reef,CF4,CF4-t801,32,145,100,65,15%,BC,,0,none,none,none,0,N,N,0,0,0,0,1,0
Florida Keys,Carysfort Reef,CF4,CF4-t802,32,95,57,55,10%,RC,,0,none,none,none,0,N,N,0,0,0,0,0,0
Florida Keys,Carysfort Reef,CF4,CF4-t803,32,90,68,45,20%,BC,,0,none,none,none,0,N,N,0,0,0,0,0,0
Florida Keys,Carysfort Reef,CF4,CF4-t804,32,17,11,10,65%,EC,,0,none,none,none,0,N,N,0,0,0,0,0,0
Florida Keys,Carysfort Reef,CF4,CF4-t805,32,58,30,30,5%,RC,,0,none,none,none,0,N,N,0,0,0,0,0,0
Florida Keys,Carysfort Reef,CF4,CF4-t806,32,18,11,16,45%,JC,,1,FS,Unk,none,0,N,N,0,1,0,0,1,0
Florida Keys,Carysfort Reef,CF4,CF4-t807,32,31,21,16,80%,JC,,0,none,none,none,0,N,N,0,0,0,0,0,0
Florida Keys,Carysfort Reef,CF4,CF4-t808,32,115,90,45,20%,BC,,1,FS,Unk,none,0,N,N,0,4,0,0,0,0
Florida Keys,Carysfort Reef,CF4,CF4-t809,32,131,90,35,5%,RC,,0,none,none,none,0,N,N,0,0,0,0,0,0
Florida Keys,Carysfort Reef,CF4,CF4-t810,32,61,45,31,85%,BC,,0,none,none,none,0,N,N,0,0,0,0,0,0
Florida Keys,Carysfort Reef,CF4,CF4-t811,32,83,34,30,20%,RC,,0,none,none,none,0,N,N,0,1,0,0,0,0
Florida Keys,Carysfort Reef,CF4,CF4-t812,32,4,2,1,100%,EC,,0,none,none,none,0,N,N,0,0,0,0,0,0
Florida Keys,Carysfort Reef,CF4,CF4-t813,32,6,5,7,100%,JC,,0,none,none,none,0,N,N,0,0,0,0,0,0
Florida Keys,Carysfort Reef,CF4,CF4-t814,32,135,105,60,20%,BC,,1,FS,none,none,0,N,N,0,10,0,0,1,0
Florida Keys,Carysfort Reef,CF4,CF4-t908,32,30,20,19,60%,RC,,0,none,none,none,0,N,N,0,0,0,0,0,0
Florida Keys,Elbow Reef,EL1,EL1-t051,32,189,130,104,45%,BC,,0,none,none,none,0,N,N,1,2,2,0,2,1
Florida Keys,Elbow Reef,EL1,EL1-t052,32,263,221,91,65%,BC,,0,none,none,none,0,N,Y,3,0,3,0,1,0
Florida Keys,Elbow Reef,EL1,EL1-t054,32,136,101,67,75%,BC,,0,none,none,none,0,N,Y,0,0,1,0,1,0
Florida Keys,Elbow Reef,EL1,EL1-t055,32,233,162,68,65%,BC,,0,none,none,none,0,N,N,3,0,1,1,2,1
Florida Keys,Elbow Reef,EL1,EL1-t056,32,111,69,54,60%,BC,,0,none,none,none,0,N,Y,2,0,0,0,0,0
Florida Keys,Elbow Reef,EL1,EL1-t059,32,23,23,22,100%,JC,,0,none,none,none,0,N,N,0,0,0,0,0,0
Florida Keys,Elbow Reef,EL1,EL1-t060,32,97,67,55,80%,BC,,3,CL,Unk,Oth,0,N,N,1,0,0,0,0,0
Florida Keys,Elbow Reef,EL1,EL1-t232,32,66,50,45,95%,BC,,0,none,none,none,0,N,N,1,0,1,0,0,0
Florida Keys,Elbow Reef,EL1,EL1-t233,32,,,,,G,,,,,,,N,N,,,,,,
Florida Keys,Elbow Reef,EL1,EL1-t977,32,138,115,81,55%,BC,,0,none,none,none,0,N,N,2,0,1,0,1,0
Florida Keys,Elbow Reef,EL1,EL1-t978,32,101,45,40,99%,BC,,0,none,none,none,0,N,N,0,0,0,1,0,0
Florida Keys,Elbow Reef,EL1,EL1-t979,32,132,99,60,95%,BC,,0,none,none,none,0,N,N,0,0,0,1,2,0
Florida Keys,Elbow Reef,EL2,EL2-t065,32,90,90,80,10%,RC,,0,none,none,none,0,N,N,0,0,0,0,0,0
Florida Keys,Elbow Reef,EL2,EL2-t066,32,141,110,84,60%,BC,,1,PFB,none,none,0,N,N,2,0,1,0,1,0
Florida Keys,Elbow Reef,EL2,EL2-t067,32,53,41,34,75%,BC,,0,none,none,none,0,N,N,0,1,0,0,0,0
Florida Keys,Elbow Reef,EL2,EL2-t069,32,117,72,60,65%,BC,,0,none,none,none,0,N,N,0,0,0,0,0,0
Florida Keys,Elbow Reef,EL2,EL2-t070,32,20,12,20,50%,RC,,0,none,none,none,0,N,N,0,0,0,0,0,0
Florida Keys,Elbow Reef,EL2,EL2-t072,32,55,40,32,95%,BC,,1,PFB,none,none,0,N,N,0,0,0,1,0,0
Florida Keys,Elbow Reef,EL2,EL2-t073,32,121,108,62,55%,BC,,0,none,none,none,0,N,N,0,0,0,0,0,0
Florida Keys,Elbow Reef,EL2,EL2-t244,32,18,11,12,100%,EC,,0,none,none,none,0,N,N,0,0,0,0,0,0
Florida Keys,Elbow Reef,EL2,EL2-t246,32,9,9,5,100%,JC,,0,none,none,none,0,N,N,0,0,0,0,0,0
Florida Keys,Elbow Reef,EL2,EL2-t247,32,37,27,27,65%,JC,,2,CL,PFB,none,0,N,N,0,0,0,0,0,0
Florida Keys,Elbow Reef,EL2,EL2-t913,32,227,139,85,60%,BC,,1,PFB,none,none,0,N,N,0,0,0,0,1,2
Florida Keys,Elbow Reef,EL2,EL2-t980,32,9,7,9,95%,JC,,0,none,none,none,0,N,N,0,0,0,0,0,0
Florida Keys,Elbow Reef,EL3,EL3-t076,32,130,101,88,30%,BC,,2,FS,none,none,0,N,N,1,12,1,0,0,0
Florida Keys,Elbow Reef,EL3,EL3-t077,32,78,36,28,40%,BC,,1,Oth,none,none,0,N,N,0,0,1,0,0,0
Florida Keys,Elbow Reef,EL3,EL3-t078,32,61,37,48,45%,BC,,1,FS,none,none,0,N,N,0,3,2,0,0,0
Florida Keys,Elbow Reef,EL3,EL3-t079,32,42,16,22,25%,RC,,1,Unk,none,none,0,N,N,0,0,1,0,1,0
Florida Keys,Elbow Reef,EL3,EL3-t083,32,120,85,66,70%,BC,,0,none,none,none,0,N,N,0,0,2,0,1,0
Florida Keys,Elbow Reef,EL3,EL3-t086,32,188,126,68,65%,BC,,1,FS,CL,none,0,N,N,0,3,2,0,0,0
Florida Keys,Elbow Reef,EL3,EL3-t911,32,124,66,62,70%,BC,,1,FS,CL,none,1,N,N,0,4,2,0,1,0
Florida Keys,Elbow Reef,EL3,EL3-t930,32,13,12,6,90%,EC,,0,none,none,none,0,N,N,0,0,0,0,1,0
Florida Keys,Elbow Reef,EL3,EL3-t932,32,5,4,3,100%,EC,,0,none,none,none,0,N,N,0,0,0,0,0,0
Florida Keys,Elbow Reef,EL3,EL3-t933,32,104,90,83,70%,BC,,0,none,none,none,1,N,Y,0,0,1,0,2,0
Florida Keys,Elbow Reef,EL3,EL3-t934,32,,,,0%,D,,,,,,,N,N,,,,,,
Florida Keys,Elbow Reef,EL4,EL4-t153,32,237,180,80,55%,BC,,1,PFB,FS,CL,0,N,N,0,6,0,0,1,3
Florida Keys,Elbow Reef,EL4,EL4-t154,32,149,119,84,50%,BC,,1,RTL,FS,CB,0,N,N,0,5,0,0,1,0
Florida Keys,Elbow Reef,EL4,EL4-t158,32,93,74,65,75%,BC,,1,CL,PFB,none,0,N,N,0,0,0,0,0,0
Florida Keys,Elbow Reef,EL4,EL4-t160,32,101,63,45,75%,BC,,3,FS,none,none,0,N,N,0,7,0,0,1,0
Florida Keys,Elbow Reef,EL4,EL4-t165,32,5,3,2,100%,EC,,0,none,none,none,0,N,N,0,0,0,0,0,0
Florida Keys,Elbow Reef,EL4,EL4-t168,32,169,148,87,80%,BC,,2,FS,none,none,0,N,N,0,3,0,0,0,0
Florida Keys,Elbow Reef,EL4,EL4-t922,32,13,6,9,80%,JC,,0,none,none,none,0,N,N,0,0,0,0,0,0
Florida Keys,Elbow Reef,EL4,EL4-t935,32,59,57,46,5%,RC,,0,none,none,none,0,N,N,0,0,0,0,0,0
Florida Keys,Elbow Reef,EL4,EL4-t936,32,30,28,11,80%,EC,,3,PFB,FS,none,0,N,N,0,4,0,0,0,0
Florida Keys,Elbow Reef,EL4,EL4-t937,32,36,33,12,85%,JC,,2,PFB,FP,none,0,N,N,0,1,0,0,0,0
Florida Keys,Elbow Reef,EL5,EL5-t177,32,75,42,55,30%,BC,,1,FS,none,none,0,N,N,0,9,0,0,0,0
Florida Keys,Elbow Reef,EL5,EL5-t180,32,144,108,78,50%,BC,,2,FS,none,none,0,N,N,0,14,0,1,0,0
Florida Keys,Elbow Reef,EL5,EL5-t183,32,25,24,18,99%,JC,,5,PFB,none,none,0,N,N,0,0,0,0,0,0
Florida Keys,Elbow Reef,EL5,EL5-t939,32,,,,0%,D,,,,,,,N,N,,,,,,
Florida Keys,Elbow Reef,EL5,EL5-t940,32,22,13,12,95%,JC,,4,PFB,none,none,0,N,N,0,2,0,0,0,0
Florida Keys,French Reef,FR1,FR1-t002,32,87,60,46,70%,BC,,2,Unk,none,none,1,N,N,0,0,1,0,0,0
Florida Keys,French Reef,FR1,FR1-t003,32,20,16,17,100%,JC,,0,none,none,none,0,N,N,0,0,0,0,0,0
Florida Keys,French Reef,FR1,FR1-t004,32,78,70,67,15%,BC,,0,none,none,none,0,N,N,0,0,0,0,0,0
Florida Keys,French Reef,FR1,FR1-t005,32,132,114,75,60%,BC,,1,Unk,none,none,0,N,N,2,0,2,0,1,0
Florida Keys,French Reef,FR1,FR1-t006,32,160,105,73,35%,BC,,1,Unk,none,none,0,N,N,2,0,1,0,1,0
Florida Keys,French Reef,FR1,FR1-t007,32,23,13,14,100%,JC,,0,none,none,none,0,N,N,0,0,1,0,0,0
Florida Keys,French Reef,FR1,FR1-t008,32,85,74,74,50%,BC,,1,FP,Unk,none,0,N,N,1,0,3,0,0,0
Florida Keys,French Reef,FR1,FR1-t009,32,240,220,80,50%,BC,,1,Unk,none,none,0,N,N,2,0,5,0,1,0
Florida Keys,French Reef,FR1,FR1-t010,32,67,56,52,25%,RC,,1,CL,none,none,0,N,N,1,0,1,0,1,0
Florida Keys,French Reef,FR1,FR1-t011,32,,,,0%,D,,,,,,,N,N,,,,,,
Florida Keys,French Reef,FR1,FR1-t975,32,,,,,G,,,,,,,N,N,,,,,,
Florida Keys,French Reef,FR1,FR1-t976,32,85,44,57,10%,BC,,0,none,none,none,0,N,N,0,0,1,0,0,0
Florida Keys,French Reef,FR2,FR2-t236,32,8,6,2,100%,EC,,0,none,none,none,0,N,N,0,0,0,0,0,0
Florida Keys,French Reef,FR2,FR2-t250,32,105,62,50,25%,BC,,1,Oth,none,none,0,N,Y,1,0,0,0,1,0
Florida Keys,French Reef,FR2,FR2-t251,32,53,49,57,95%,BC,,0,none,none,none,0,N,N,0,0,0,0,0,0
Florida Keys,French Reef,FR2,FR2-t255,32,32,18,26,55%,RC,,0,none,none,none,0,N,N,0,0,0,0,0,0
Florida Keys,French Reef,FR2,FR2-t256,32,11,6,4,100%,EC,,0,none,none,none,0,N,N,0,0,0,0,0,0
Florida Keys,French Reef,FR2,FR2-t257,32,13,12,15,90%,JC,,1,Oth,none,none,0,N,N,0,0,0,0,0,0
Florida Keys,French Reef,FR2,FR2-t258,32,34,18,34,20%,RC,,0,none,none,none,0,N,N,0,0,0,0,0,0
Florida Keys,French Reef,FR2,FR2-t259,32,22,17,22,80%,JC,,0,none,none,none,0,N,N,0,0,0,0,0,0
Florida Keys,French Reef,FR2,FR2-t260,32,37,29,34,90%,JC,,0,none,none,none,0,N,N,0,0,0,0,0,0
Florida Keys,French Reef,FR2,FR2-t261,32,89,64,55,35%,BC,,1,CL,Oth,none,0,N,N,0,0,1,0,1,0
Florida Keys,French Reef,FR2,FR2-t262,32,16,11,14,65%,EC,,0,none,none,none,0,N,N,0,0,0,0,0,0
Florida Keys,French Reef,FR2,FR2-t982,32,25,16,25,98%,JC,,0,none,none,none,0,N,N,0,0,0,0,0,0
Florida Keys,French Reef,FR3,FR3-t815,32,81,78,41,35%,BC,,1,FP,none,none,1,N,N,3,0,1,0,0,0
Florida Keys,French Reef,FR3,FR3-t816,32,20,14,15,90%,JC,,0,none,none,none,0,N,N,2,0,0,1,0,0
Florida Keys,French Reef,FR3,FR3-t817,32,35,20,12,25%,RC,,3,FS,none,none,0,N,N,0,5,0,0,0,0
Florida Keys,French Reef,FR3,FR3-t818,32,9,6,6,70%,JC,,0,none,none,none,0,N,N,0,0,0,0,0,0
Florida Keys,French Reef,FR3,FR3-t819,32,111,61,38,25%,BC,,0,none,none,none,1,N,N,0,0,1,0,0,0
Florida Keys,French Reef,FR3,FR3-t820,32,145,102,68,30%,BC,,0,none,none,none,0,N,N,0,0,1,0,0,1
Florida Keys,French Reef,FR3,FR3-t821,32,139,98,47,60%,BC,,0,none,none,none,1,N,N,2,0,1,0,1,0
Florida Keys,French Reef,FR3,FR3-t822,32,22,11,4,85%,EC,,2,FP,none,none,0,N,N,0,0,0,0,0,0
Florida Keys,French Reef,FR3,FR3-t824,32,31,25,12,75%,RC,,0,none,none,none,0,N,N,0,0,0,0,0,0
Florida Keys,French Reef,FR3,FR3-t825,32,43,27,32,80%,BC,,0,none,none,none,0,N,N,0,0,0,0,0,0
Florida Keys,French Reef,FR3,FR3-t826,32,18,11,10,100%,JC,,0,none,none,none,0,N,N,0,0,0,0,0,0
Florida Keys,Grecian Rocks,GR1,GR1-t827,32,57,52,35,90%,BC,,0,none,none,none,0,N,N,0,0,0,0,0,0
Florida Keys,Grecian Rocks,GR1,GR1-t828,32,62,50,50,95%,BC,,0,none,none,none,0,N,Y,0,0,0,0,0,0
Florida Keys,Grecian Rocks,GR1,GR1-t829,32,74,33,25,35%,BC,,0,none,none,none,0,N,N,0,0,0,0,0,0
Florida Keys,Grecian Rocks,GR1,GR1-t830,32,73,53,39,70%,BC,,2,WPx,none,none,1,N,N,0,0,0,0,1,0
Florida Keys,Grecian Rocks,GR1,GR1-t831,32,103,96,58,90%,BC,,0,none,none,none,0,N,N,0,0,0,0,0,0
Florida Keys,Grecian Rocks,GR1,GR1-t832,32,77,55,48,15%,RC,,2,FS,none,none,0,N,N,0,11,0,0,1,0
Florida Keys,Grecian Rocks,GR1,GR1-t833,32,87,79,45,95%,BC,,0,none,none,none,1,N,N,0,0,0,0,0,0
Florida Keys,Grecian Rocks,GR1,GR1-t834,32,33,21,17,10%,RC,,0,none,none,none,0,N,N,0,0,0,0,0,0
Florida Keys,Grecian Rocks,GR1,GR1-t835,32,65,62,45,90%,BC,,1,FS,none,none,1,N,N,0,1,0,0,1,0
Florida Keys,Grecian Rocks,GR1,GR1-t836,32,51,39,23,50%,BC,,2,FS,none,none,0,N,N,0,3,0,0,0,0
Florida Keys,Grecian Rocks,GR1,GR1-t837,32,71,43,36,90%,BC,,4,WPx,Abr,none,1,N,N,0,0,0,0,0,0
Florida Keys,Grecian Rocks,GR1,GR1-t838,32,38,29,19,85%,JC,,0,none,none,none,0,N,N,0,0,0,0,0,0
Florida Keys,Grecian Rocks,GR2,GR2-t839,32,7,6,6,95%,EC,,,,,,,,,,,,,,
Florida Keys,Grecian Rocks,GR2,GR2-t840,32,102,85,52,100%,BC,,,,,,,,,,,,,,
Florida Keys,Grecian Rocks,GR2,GR2-t841,32,123,109,77,80%,BC,,,,,,,,,,,,,,
Florida Keys,Grecian Rocks,GR2,GR2-t842,32,20,10,13,99%,JC,,,,,,,,,,,,,,
Florida Keys,Grecian Rocks,GR2,GR2-t843,32,,,,0%,D,,,,,,,,,,,,,,
Florida Keys,Grecian Rocks,GR2,GR2-t844,32,82,62,53,70%,BC,,,,,,,,,,,,,,
Florida Keys,Grecian Rocks,GR2,GR2-t845,32,10,9,3,80%,EC,,,,,,,,,,,,,,
Florida Keys,Grecian Rocks,GR2,GR2-t846,32,168,65,76,65%,BC,,,,,,,,,,,,,,
Florida Keys,Grecian Rocks,GR2,GR2-t847,32,54,38,21,95%,BC,,,,,,,,,,,,,,
Florida Keys,Grecian Rocks,GR2,GR2-t848,32,,,,0%,D,,,,,,,,,,,,,,
Florida Keys,Grecian Rocks,GR2,GR2-t849,32,,,,0%,D,,,,,,,,,,,,,,
Florida Keys,Grecian Rocks,GR2,GR2-t850,32,110,59,65,99%,BC,,,,,,,,,,,,,,
Florida Keys,Grecian Rocks,GR3,GR3-t870,32,45,25,25,40%,BC,,2,FS,none,none,0,N,N,0,3,0,0,0,0
Florida Keys,Grecian Rocks,GR3,GR3-t871,32,26,16,18,85%,JC,,0,none,none,none,0,N,N,0,0,0,0,0,0
Florida Keys,Grecian Rocks,GR3,GR3-t872,32,21,12,11,90%,JC,,0,none,none,none,0,N,Y,0,0,0,0,0,0
Florida Keys,Grecian Rocks,GR3,GR3-t873,32,30,23,20,95%,JC,,0,none,none,none,0,N,N,0,0,0,0,0,0
Florida Keys,Grecian Rocks,GR3,GR3-t874,32,32,25,16,100%,JC,,0,none,none,none,0,N,N,0,0,0,0,0,0
Florida Keys,Grecian Rocks,GR3,GR3-t875,32,28,25,10,100%,JC,,0,none,none,none,0,N,N,0,0,0,0,0,0
Florida Keys,Grecian Rocks,GR3,GR3-t876,32,101,55,28,40%,BC,,0,none,none,none,0,N,N,0,0,0,0,0,0
Florida Keys,Grecian Rocks,GR3,GR3-t877,32,130,60,45,30%,BC,,1,FS,none,none,0,N,N,0,4,0,0,1,0
Florida Keys,Grecian Rocks,GR3,GR3-t878,32,36,27,15,85%,AF,,0,none,none,none,0,N,N,0,0,0,0,0,0
Florida Keys,Grecian Rocks,GR3,GR3-t879,32,12,9,4,100%,AF,,0,none,none,none,0,N,N,0,0,0,0,0,0
Florida Keys,Grecian Rocks,GR3,GR3-t880,32,26,13,16,100%,JC,,0,none,none,none,0,N,N,0,0,0,0,0,0
Florida Keys,Grecian Rocks,GR3,GR3-t881,32,34,25,19,90%,JC,,0,none,none,none,0,N,N,0,0,0,0,0,0
Florida Keys,Key Largo Dry Rocks,KL1,KL1-t104,32,115,80,67,10%,RC,,0,none,none,none,0,N,N,0,0,0,0,0,0
Florida Keys,Key Largo Dry Rocks,KL1,KL1-t105,32,230,160,90,25%,BC,,1,RTL,none,none,0,N,N,0,0,0,0,1,0
Florida Keys,Key Largo Dry Rocks,KL1,KL1-t106,32,85,47,45,15%,BC,,1,Oth,none,none,0,N,N,0,0,0,0,0,0
Florida Keys,Key Largo Dry Rocks,KL1,KL1-t107,32,132,70,56,25%,BC,,1,Unk,none,none,0,N,N,1,0,1,0,0,0
Florida Keys,Key Largo Dry Rocks,KL1,KL1-t108,32,180,93,82,40%,BC,,1,Unk,none,none,1,N,N,0,0,0,0,1,0
Florida Keys,Key Largo Dry Rocks,KL1,KL1-t109,32,13,9,11,80%,JC,,0,none,none,none,0,N,N,0,0,0,0,0,0
Florida Keys,Key Largo Dry Rocks,KL1,KL1-t110,32,182,100,87,25%,BC,,0,none,none,none,0,N,N,0,0,0,0,1,0
Florida Keys,Key Largo Dry Rocks,KL1,KL1-t239,32,17,13,13,100%,JC,,0,none,none,none,0,N,N,0,0,0,0,0,0
Florida Keys,Key Largo Dry Rocks,KL1,KL1-t240,32,15,8,10,85%,AF,,2,Unk,none,none,0,N,N,0,0,0,0,0,0
Florida Keys,Key Largo Dry Rocks,KL1,KL1-t241,32,17,9,7,99%,AF,,0,none,none,none,0,N,N,0,0,0,0,0,0
Florida Keys,Key Largo Dry Rocks,KL1,KL1-t242,32,,,,0%,D,,,,,,,N,N,,,,,,
Florida Keys,Key Largo Dry Rocks,KL1,KL1-t243,32,,,,0%,D,,,,,,,N,N,,,,,,
Florida Keys,Key Largo Dry Rocks,KL3,KL3-t215,32,37,34,33,5%,RC,,0,none,none,none,0,N,N,0,0,0,0,0,0
Florida Keys,Key Largo Dry Rocks,KL3,KL3-t216,32,50,30,50,5%,RC,,1,RTL,none,none,0,N,N,0,0,2,0,0,0
Florida Keys,Key Largo Dry Rocks,KL3,KL3-t217,32,94,78,50,35%,BC,,0,none,none,none,0,N,N,1,0,1,0,0,0
Florida Keys,Key Largo Dry Rocks,KL3,KL3-t219,32,177,76,63,2%,RC,,0,none,none,none,0,N,N,0,0,2,0,1,0
Florida Keys,Key Largo Dry Rocks,KL3,KL3-t220,32,76,57,50,1%,RC,,0,none,none,none,0,N,N,0,0,1,0,0,0
Florida Keys,Key Largo Dry Rocks,KL3,KL3-t222,32,59,57,30,95%,BC,,4,FP,none,none,0,N,N,2,0,1,0,0,0
Florida Keys,Key Largo Dry Rocks,KL3,KL3-t223,32,51,33,47,5%,RC,,0,none,none,none,0,N,N,0,0,0,0,0,0
Florida Keys,Key Largo Dry Rocks,KL3,KL3-t966,32,45,18,25,90%,BC,,0,none,none,none,0,N,N,0,0,1,0,0,0
Florida Keys,Key Largo Dry Rocks,KL3,KL3-t967,32,25,19,23,70%,JC,,0,none,none,none,1,N,N,0,0,0,0,0,0
Florida Keys,Key Largo Dry Rocks,KL3,KL3-t968,32,10,8,7,90%,JC,,0,none,none,none,0,N,N,0,0,0,0,0,0
Florida Keys,Key Largo Dry Rocks,KL3,KL3-t969,32,21,16,19,20%,RC,,0,none,none,none,0,N,N,1,0,1,0,0,0
Florida Keys,Key Largo Dry Rocks,KL3,KL3-t970,32,6,5,7,95%,JC,,0,none,none,none,0,N,N,0,0,1,0,0,0
Florida Keys,Key Largo Dry Rocks,KL4,KL4-t244,32,23,17,10,70%,AF,,2,Unk,none,none,0,N,N,0,0,0,0,0,0
Florida Keys,Key Largo Dry Rocks,KL4,KL4-t245,32,32,25,25,85%,AF,,0,none,none,none,0,N,N,0,0,0,0,0,0
Florida Keys,Key Largo Dry Rocks,KL4,KL4-t851,32,53,39,31,95%,BC,,2,FS,none,none,0,N,N,0,1,0,0,0,0
Florida Keys,Key Largo Dry Rocks,KL4,KL4-t852,32,44,41,26,99%,BC,,0,none,none,none,0,N,N,0,0,0,0,0,0
Florida Keys,Key Largo Dry Rocks,KL4,KL4-t853,32,149,134,90,75%,BC,,0,none,none,none,0,N,N,0,8,0,0,0,1
Florida Keys,Key Largo Dry Rocks,KL4,KL4-t854,32,31,18,32,65%,JC,,0,none,none,none,0,N,N,0,0,0,0,0,0
Florida Keys,Key Largo Dry Rocks,KL4,KL4-t855,32,141,126,65,99%,BC,,0,none,none,none,0,N,N,0,0,0,0,0,0
Florida Keys,Key Largo Dry Rocks,KL4,KL4-t856,32,137,91,52,95%,BC,,0,none,none,none,0,N,N,0,2,0,1,0,0
Florida Keys,Key Largo Dry Rocks,KL4,KL4-t857,32,53,23,25,40%,AF,,0,none,none,none,0,N,N,0,0,0,0,0,0
Florida Keys,Key Largo Dry Rocks,KL4,KL4-t858,32,12,9,7,100%,EC,,0,none,none,none,0,N,N,0,0,0,0,0,0
Florida Keys,Molasses Reef,ML1,ML1-t013,32,165,110,75,70%,BC,,1,Unk,none,none,0,N,N,0,0,1,0,0,0
Florida Keys,Molasses Reef,ML1,ML1-t015,32,46,35,25,35%,BC,,1,FS,none,none,0,N,N,0,1,0,0,1,0
Florida Keys,Molasses Reef,ML1,ML1-t016,32,110,98,54,70%,BC,,1,Oth,none,none,1,N,N,2,0,1,0,1,0
Florida Keys,Molasses Reef,ML1,ML1-t017,32,15,14,18,90%,JC,,0,none,none,none,0,N,N,0,0,0,0,0,0
Florida Keys,Molasses Reef,ML1,ML1-t018,32,63,45,35,85%,BC,,0,none,none,none,0,N,N,0,0,1,0,2,1
Florida Keys,Molasses Reef,ML1,ML1-t020,32,205,160,100,5%,BC,,2,RTL,CB,none,0,N,N,0,0,0,0,0,0
Florida Keys,Molasses Reef,ML1,ML1-t234,32,6,4,1,100%,EC,,0,none,none,none,0,N,N,0,0,0,0,0,0
Florida Keys,Molasses Reef,ML1,ML1-t235,32,,,,0%,D,,,,,,,N,N,,,,,,
Florida Keys,Molasses Reef,ML1,ML1-t981,32,3,2,1,70%,EC,,2,Unk,none,none,0,N,N,0,0,0,0,0,0
Florida Keys,Molasses Reef,ML2,ML2-t126,32,200,178,103,35%,BC,,0,none,none,none,1,N,N,3,0,1,0,0,0
Florida Keys,Molasses Reef,ML2,ML2-t127,32,64,62,45,5%,RC,,0,none,none,none,0,N,N,3,0,2,0,0,0
Florida Keys,Molasses Reef,ML2,ML2-t128,32,33,25,26,1%,RC,,0,none,none,none,0,N,N,0,0,0,0,0,0
Florida Keys,Molasses Reef,ML2,ML2-t129,32,152,76,68,20%,BC,,1,Unk,none,none,0,N,N,2,0,2,0,0,0
Florida Keys,Molasses Reef,ML2,ML2-t130,32,157,80,68,15%,BC,,0,none,none,none,0,N,N,0,0,1,0,1,0
Florida Keys,Molasses Reef,ML2,ML2-t131,32,164,140,75,60%,BC,,1,CB,none,none,0,N,N,1,0,2,0,1,0
Florida Keys,Molasses Reef,ML2,ML2-t132,32,201,125,80,45%,BC,,1,Unk,none,none,0,Y,N,2,0,1,0,2,0
Florida Keys,Molasses Reef,ML2,ML2-t137,32,17,10,5,65%,EC,,0,none,none,none,0,N,N,0,0,0,0,0,0
Florida Keys,Molasses Reef,ML2,ML2-t249,32,9,6,2,95%,EC,,0,none,none,none,0,N,N,0,0,0,0,0,0
Florida Keys,Molasses Reef,ML2,ML2-t952,32,23,17,13,90%,JC,,0,none,none,none,0,Y,N,0,0,0,0,0,0
Florida Keys,Molasses Reef,ML2,ML2-t953,32,12,10,18,60%,JC,,0,none,none,none,0,N,N,2,0,1,0,0,0
Florida Keys,Molasses Reef,ML2,ML2-t954,32,7,5,4,100%,EC,,0,none,none,none,0,N,N,0,0,0,0,0,0
Florida Keys,Molasses Reef,ML3,ML3-t144,32,140,95,72,70%,BC,,1,FS,CL,none,0,Y,N,1,8,1,0,0,0
Florida Keys,Molasses Reef,ML3,ML3-t145,32,187,125,60,45%,BC,,1,CB,none,none,0,Y,N,3,0,3,0,1,0
Florida Keys,Molasses Reef,ML3,ML3-t146,32,203,165,75,55%,BC,,2,FS,CB,none,0,Y,N,3,2,3,0,0,0
Florida Keys,Molasses Reef,ML3,ML3-t147,32,236,225,95,40%,BC,,1,CL,CB,none,0,N,N,2,0,6,0,2,0
Florida Keys,Molasses Reef,ML3,ML3-t148,32,141,100,79,35%,BC,,2,RTL,FS,CB,0,N,N,2,2,2,0,1,0
Florida Keys,Molasses Reef,ML3,ML3-t150,32,73,69,43,90%,BC,,0,none,none,none,0,N,N,1,0,1,0,0,0
Florida Keys,Molasses Reef,ML3,ML3-t184,32,218,192,85,70%,BC,,2,FP,Unk,none,1,N,N,0,0,1,0,1,0
Florida Keys,Molasses Reef,ML3,ML3-t185,32,28,24,20,85%,JC,,0,none,none,none,0,N,N,0,0,0,0,0,0
Florida Keys,Molasses Reef,ML3,ML3-t186,32,48,46,24,99%,BC,,0,none,none,none,0,Y,N,0,0,1,0,0,0
Florida Keys,Molasses Reef,ML3,ML3-t915,32,56,52,43,35%,BC,,2,CB,none,none,0,Y,N,2,0,1,0,0,0
Florida Keys,Molasses Reef,ML3,ML3-t955,32,115,82,50,80%,BC,,2,Unk,CL,CB,0,N,N,2,0,1,1,0,0
Florida Keys,Molasses Reef,ML3,ML3-t956,32,14,10,5,100%,JC,,0,none,none,none,0,N,N,0,0,0,0,0,0
Florida Keys,Sand Island,SI1,SI1-t302,32,135,109,68,70%,BC,,0,none,none,none,0,N,N,0,0,1,0,1,0
Florida Keys,Sand Island,SI1,SI1-t303,32,8,7,5,85%,EC,,0,none,none,none,0,N,N,0,0,0,0,0,0
Florida Keys,Sand Island,SI1,SI1-t305,32,10,5,8,99%,EC,,0,none,none,none,0,N,N,0,0,0,0,0,1
Florida Keys,Sand Island,SI1,SI1-t307,32,101,74,76,35%,BC,,1,Unk,CL,none,0,N,N,0,0,1,0,1,0
Florida Keys,Sand Island,SI1,SI1-t308,32,85,57,77,45%,BC,,1,CL,none,none,0,N,N,0,0,0,0,1,1
Florida Keys,Sand Island,SI1,SI1-t310,32,6,5,4,95%,EC,,0,none,none,none,0,N,N,0,0,0,0,0,0
Florida Keys,Sand Island,SI1,SI1-t312,32,26,25,17,60%,RC,,0,none,none,none,0,N,N,0,0,0,0,0,0
Florida Keys,Sand Island,SI1,SI1-t319,32,85,55,85,1%,RC,,0,none,none,none,0,N,N,0,0,0,0,0,0
Florida Keys,Sand Island,SI1,SI1-t332,32,135,120,75,45%,BC,,0,none,none,none,0,N,N,0,0,0,0,1,0
Florida Keys,Sand Island,SI1,SI1-t957,32,47,32,28,5%,RC,,0,none,none,none,0,N,N,0,0,0,0,0,0
Florida Keys,Sand Island,SI1,SI1-t958,32,14,13,4,95%,EC,,0,none,none,none,0,N,N,0,0,0,0,0,0
Florida Keys,Sand Island,SI1,SI1-t959,32,21,16,14,99%,JC,,0,none,none,none,0,N,N,0,0,0,0,0,0
Florida Keys,Sand Island,SI2,SI2-t313,32,133,86,115,75%,BC,,0,none,none,none,0,N,N,0,0,0,0,2,0
Florida Keys,Sand Island,SI2,SI2-t314,32,93,68,50,95%,BC,,0,none,none,none,0,N,N,0,0,0,0,1,1
Florida Keys,Sand Island,SI2,SI2-t323,32,90,90,60,40%,BC,,1,Unk,none,none,0,N,N,0,0,1,1,0,0
Florida Keys,Sand Island,SI2,SI2-t324,32,142,95,85,85%,BC,,0,none,none,none,0,N,N,0,0,1,0,1,0
Florida Keys,Sand Island,SI2,SI2-t326,32,169,93,96,60%,BC,,2,FS,Oth,none,0,N,N,1,3,0,0,1,1
Florida Keys,Sand Island,SI2,SI2-t330,32,42,37,30,20%,RC,,0,none,none,none,0,N,N,0,0,0,0,0,0
Florida Keys,Sand Island,SI2,SI2-t331,32,19,11,15,80%,JC,,4,Unk,none,none,0,N,N,0,0,0,0,0,0
Florida Keys,Sand Island,SI2,SI2-t333,32,1,1,1,50%,EC,,0,none,none,none,0,N,N,0,0,0,0,0,0
Florida Keys,Sand Island,SI2,SI2-t334,32,310,190,150,55%,BC,,1,CL,none,none,0,N,Y,1,0,0,1,1,2
Florida Keys,Sand Island,SI2,SI2-t960,32,92,64,55,99%,BC,,0,none,none,none,0,N,Y,0,0,0,0,0,0
Florida Keys,Sand Island,SI2,SI2-t961,32,53,39,40,98%,BC,,0,none,none,none,0,N,N,0,0,0,0,0,0
Florida Keys,Sand Island,SI2,SI2-t962,32,185,77,45,65%,BC,,0,none,none,none,0,N,N,1,0,0,0,1,2
Florida Keys,Sand Island,SI3,SI3-t315,32,21,8,10,5%,EC,,2,Unk,none,none,0,N,N,0,0,0,0,0,0
Florida Keys,Sand Island,SI3,SI3-t316,32,11,9,9,100%,JC,,0,none,none,none,0,N,N,0,0,0,0,0,0
Florida Keys,Sand Island,SI3,SI3-t317,32,11,8,4,100%,EC,,0,none,none,none,0,N,N,0,0,0,0,0,0
Florida Keys,Sand Island,SI3,SI3-t336,32,9,7,6,85%,JC,,0,none,none,none,0,N,N,0,0,0,0,0,0
Florida Keys,Sand Island,SI3,SI3-t337,32,,,,0%,D,,,,,,,N,N,,,,,,
Florida Keys,Sand Island,SI3,SI3-t338,32,32,18,22,90%,JC,,0,none,none,none,0,N,N,0,0,0,0,0,1
Florida Keys,Sand Island,SI3,SI3-t340,32,20,16,8,75%,EC,,0,none,none,none,0,N,N,0,0,0,0,0,0
Florida Keys,Sand Island,SI3,SI3-t341,32,122,97,81,70%,BC,,2,RTL,none,none,0,N,N,0,0,0,0,0,0
Florida Keys,Sand Island,SI3,SI3-t345,32,6,6,6,85%,JC,,0,none,none,none,0,N,N,0,0,0,0,0,0
Florida Keys,Sand Island,SI3,SI3-t346,32,22,18,18,100%,JC,,0,none,none,none,0,N,N,0,0,0,0,0,0
Florida Keys,Sand Island,SI3,SI3-t964,32,79,40,50,1%,RC,,0,none,none,none,0,N,N,0,0,0,0,0,0
Florida Keys,Carysfort Reef,CF1,CF1-t024,33,20,12,12,75%,JC,,0,none,none,none,0,N,N,0,0,0,0,0,0
Florida Keys,Carysfort Reef,CF1,CF1-t033,33,3,3,1,100%,EC,,0,none,none,none,0,N,N,0,,,,,
Florida Keys,Carysfort Reef,CF1,CF1-t949,33,,,,,G,,,,,,,N,N,,,,,,
Florida Keys,Carysfort Reef,CF1,CF1-t950,33,29,21,19,20%,RC,,1,FS,none,none,0,N,N,0,2,0,0,0,0
Florida Keys,Carysfort Reef,CF2,CF2-t038,33,240,207,87,25%,BC,,0,none,none,none,0,N,N,0,0,0,1,0,0
Florida Keys,Carysfort Reef,CF2,CF2-t040,33,95,37,57,20%,BC,,1,CL,none,none,0,N,N,0,0,0,0,0,0
Florida Keys,Carysfort Reef,CF2,CF2-t042,33,65,45,42,90%,BC,,1,CL,none,none,1,N,N,0,0,0,0,0,0
Florida Keys,Carysfort Reef,CF2,CF2-t043,33,147,102,55,65%,BC,,1,WPx,CL,none,0,N,N,0,0,2,0,0,0
Florida Keys,Carysfort Reef,CF2,CF2-t045,33,161,90,75,70%,BC,,0,none,none,none,0,N,N,0,0,0,0,0,0
Florida Keys,Carysfort Reef,CF2,CF2-t047,33,190,105,66,50%,BC,,1,Unk,none,none,0,N,N,0,0,0,0,0,1
Florida Keys,Carysfort Reef,CF2,CF2-t048,33,121,101,70,70%,BC,,2,CL,none,none,0,N,N,0,0,0,0,1,0
Florida Keys,Carysfort Reef,CF2,CF2-t049,33,5,3,1,100%,EC,,0,none,none,none,0,N,N,0,0,0,0,0,0
Florida Keys,Carysfort Reef,CF2,CF2-t228,33,191,78,68,70%,BC,,1,FS,none,none,1,N,N,0,1,1,0,0,0
Florida Keys,Carysfort Reef,CF2,CF2-t946,33,55,45,31,20%,RC,,0,none,none,none,0,N,N,0,0,0,0,0,0
Florida Keys,Carysfort Reef,CF2,CF2-t948,33,52,35,37,35%,BC,,0,none,none,none,0,N,N,0,0,0,0,0,0
Florida Keys,Carysfort Reef,CF3,CF3-t088,33,290,149,98,35%,BC,,1,CL,PFB,none,0,N,N,2,1,2,0,0,0
Florida Keys,Carysfort Reef,CF3,CF3-t090,33,343,194,88,55%,BC,,1,RTL,CL,none,0,N,N,1,0,5,0,1,0
Florida Keys,Carysfort Reef,CF3,CF3-t092,33,212,125,72,40%,BC,,1,CL,CB,none,0,N,N,2,0,1,0,0,0
Florida Keys,Carysfort Reef,CF3,CF3-t095,33,202,175,100,35%,BC,,0,none,none,none,0,N,N,2,0,2,0,1,0
Florida Keys,Carysfort Reef,CF3,CF3-t902,33,30,23,22,50%,RC,,0,none,none,none,0,N,N,0,0,1,0,0,0
Florida Keys,Carysfort Reef,CF3,CF3-t903,33,30,5,11,5%,AF,,0,none,none,none,0,N,N,0,0,0,0,0,0
Florida Keys,Carysfort Reef,CF3,CF3-t973,33,7,7,5,100%,JC,,0,none,none,none,0,N,N,0,0,0,0,0,0
Florida Keys,Carysfort Reef,CF3,CF3-t974,33,26,12,9,80%,AF,,0,none,none,none,0,N,N,0,0,0,0,0,0
Florida Keys,Carysfort Reef,CF4,CF4-t801,33,122,103,65,15%,BC,,0,none,none,none,0,N,N,0,0,0,0,1,0
Florida Keys,Carysfort Reef,CF4,CF4-t802,33,92,63,55,5%,RC,,0,none,none,none,0,N,N,0,0,0,0,0,0
Florida Keys,Carysfort Reef,CF4,CF4-t803,33,89,71,45,20%,BC,,0,none,none,none,0,N,N,0,0,0,0,0,0
Florida Keys,Carysfort Reef,CF4,CF4-t804,33,17,11,12,70%,JC,,0,none,none,none,0,N,N,0,0,0,0,0,0
Florida Keys,Carysfort Reef,CF4,CF4-t805,33,57,30,30,5%,RC,,0,none,none,none,0,N,N,0,0,0,0,0,0
Florida Keys,Carysfort Reef,CF4,CF4-t806,33,21,12,15,55%,JC,,0,none,none,none,0,N,N,0,0,0,0,0,0
Florida Keys,Carysfort Reef,CF4,CF4-t807,33,35,23,17,85%,JC,,0,none,none,none,0,N,N,0,0,0,0,1,0
Florida Keys,Carysfort Reef,CF4,CF4-t808,33,115,80,45,20%,BC,,2,FS,none,none,0,N,N,0,4,0,0,0,0
Florida Keys,Carysfort Reef,CF4,CF4-t809,33,130,90,35,5%,RC,,0,none,none,none,0,N,N,0,0,0,0,1,0
Florida Keys,Carysfort Reef,CF4,CF4-t810,33,65,48,30,85%,BC,,2,WPx,none,none,0,N,N,0,0,0,0,0,0
Florida Keys,Carysfort Reef,CF4,CF4-t811,33,75,38,30,25%,RC,,1,FS,none,none,0,N,N,0,2,0,0,0,0
Florida Keys,Carysfort Reef,CF4,CF4-t812,33,3,2,1,100%,EC,,0,none,none,none,0,N,N,0,0,0,0,0,0
Florida Keys,Carysfort Reef,CF4,CF4-t813,33,7,5,8,90%,JC,,5,Unk,none,none,0,N,N,0,0,0,0,0,0
Florida Keys,Carysfort Reef,CF4,CF4-t814,33,136,107,60,20%,BC,,1,FS,CB,none,0,N,N,0,4,0,0,1,0
Florida Keys,Carysfort Reef,CF4,CF4-t908,33,31,20,19,60%,RC,,0,none,none,none,0,N,N,0,0,0,0,0,0
Florida Keys,Elbow Reef,EL1,EL1-t051,33,189,125,105,45%,BC,,1,CL,none,none,0,N,N,1,0,2,0,1,0
Florida Keys,Elbow Reef,EL1,EL1-t052,33,265,225,92,70%,BC,,1,WPx,none,none,0,N,Y,2,0,2,0,1,0
Florida Keys,Elbow Reef,EL1,EL1-t054,33,125,91,68,70%,BC,,1,WPx,none,none,0,N,Y,0,0,1,0,1,0
Florida Keys,Elbow Reef,EL1,EL1-t055,33,235,163,69,65%,BC,,0,none,none,none,0,N,Y,3,0,1,1,0,0
Florida Keys,Elbow Reef,EL1,EL1-t056,33,111,72,55,65%,BC,,0,none,none,none,0,N,Y,2,0,0,0,0,0
Florida Keys,Elbow Reef,EL1,EL1-t059,33,25,24,22,95%,JC,,1,CL,none,none,0,N,N,0,0,0,0,0,0
Florida Keys,Elbow Reef,EL1,EL1-t060,33,98,71,55,85%,BC,,2,Unk,CL,Oth,0,N,N,0,0,1,0,0,0
Florida Keys,Elbow Reef,EL1,EL1-t232,33,70,50,45,95%,BC,,0,none,none,none,0,N,N,1,0,1,0,0,0
Florida Keys,Elbow Reef,EL1,EL1-t977,33,84,70,64,45%,RC,,0,none,none,none,0,N,N,0,0,1,0,1,0
Florida Keys,Elbow Reef,EL1,EL1-t978,33,102,47,43,98%,BC,,0,none,none,none,0,N,N,0,0,0,0,0,0
Florida Keys,Elbow Reef,EL1,EL1-t979,33,132,102,63,95%,BC,,2,WPx,none,none,0,N,N,0,0,0,1,0,0
Florida Keys,Elbow Reef,EL2,EL2-t065,33,90,90,80,15%,BC,,0,none,none,none,0,N,N,0,0,0,0,0,0
Florida Keys,Elbow Reef,EL2,EL2-t066,33,144,115,86,60%,BC,,1,Oth,PFB,none,0,N,Y,1,0,1,0,1,0
Florida Keys,Elbow Reef,EL2,EL2-t067,33,50,26,30,70%,BC,,0,none,none,none,0,N,N,0,0,0,0,0,0
Florida Keys,Elbow Reef,EL2,EL2-t069,33,,,,,G,,,,,,,N,N,,,,,,
Florida Keys,Elbow Reef,EL2,EL2-t070,33,22,11,21,60%,RC,,0,none,none,none,0,N,N,0,0,0,0,0,0
Florida Keys,Elbow Reef,EL2,EL2-t072,33,60,42,32,90%,BC,,1,PFB,none,none,0,N,N,0,0,0,0,0,0
Florida Keys,Elbow Reef,EL2,EL2-t073,33,127,102,60,50%,BC,,0,none,none,none,0,N,N,0,0,0,0,1,0
Florida Keys,Elbow Reef,EL2,EL2-t244,33,20,10,10,100%,EC,,0,none,none,none,0,N,N,0,0,0,0,0,0
Florida Keys,Elbow Reef,EL2,EL2-t246,33,10,9,6,100%,JC,,0,none,none,none,0,N,N,0,0,0,0,0,0
Florida Keys,Elbow Reef,EL2,EL2-t247,33,44,23,26,65%,BC,,0,none,none,none,0,N,N,0,0,0,0,0,0
Florida Keys,Elbow Reef,EL2,EL2-t913,33,232,143,85,65%,BC,,1,Oth,none,none,0,N,N,0,0,1,0,2,1
Florida Keys,Elbow Reef,EL2,EL2-t980,33,10,8,10,95%,JC,,0,none,none,none,0,N,N,0,1,0,0,0,0
Florida Keys,Elbow Reef,EL3,EL3-t076,33,100,73,80,25%,BC,,1,Unk,PFB,FS,1,N,N,1,0,0,0,1,0
Florida Keys,Elbow Reef,EL3,EL3-t077,33,80,37,28,40%,BC,,1,Unk,none,none,0,N,N,0,0,0,1,0,0
Florida Keys,Elbow Reef,EL3,EL3-t078,33,65,42,52,50%,BC,,1,CL,none,none,0,N,N,0,0,0,0,0,0
Florida Keys,Elbow Reef,EL3,EL3-t079,33,43,18,22,25%,RC,,0,none,none,none,0,N,N,0,0,0,0,1,0
Florida Keys,Elbow Reef,EL3,EL3-t083,33,120,90,70,70%,BC,,1,CL,Unk,none,0,N,N,0,0,0,0,1,0
Florida Keys,Elbow Reef,EL3,EL3-t086,33,192,129,70,65%,BC,,1,WBD,FS,CL,0,N,N,0,0,0,0,1,1
Florida Keys,Elbow Reef,EL3,EL3-t911,33,127,65,58,65%,BC,,2,FS,RTL,CL,0,N,N,0,6,0,0,1,0
Florida Keys,Elbow Reef,EL3,EL3-t930,33,14,12,6,95%,EC,,0,none,none,none,0,N,N,0,0,0,0,0,0
Florida Keys,Elbow Reef,EL3,EL3-t932,33,4,3,2,100%,EC,,0,none,none,none,0,N,N,0,0,0,0,0,0
Florida Keys,Elbow Reef,EL3,EL3-t933,33,107,92,65,70%,BC,,0,none,none,none,0,N,Y,0,0,0,0,0,0
Florida Keys,Elbow Reef,EL4,EL4-t153,33,248,177,77,50%,BC,,1,FS,CL,none,0,N,N,0,4,1,0,1,0
Florida Keys,Elbow Reef,EL4,EL4-t154,33,156,123,82,45%,BC,,1,FS,Unk,CB,0,N,N,0,6,0,0,0,0
Florida Keys,Elbow Reef,EL4,EL4-t158,33,94,73,65,75%,BC,,1,CL,none,none,0,N,N,0,0,0,0,0,0
Florida Keys,Elbow Reef,EL4,EL4-t160,33,105,68,45,70%,BC,,2,FS,none,none,0,N,N,0,4,0,0,0,0
Florida Keys,Elbow Reef,EL4,EL4-t165,33,5,3,2,100%,EC,,0,none,none,none,0,N,N,0,0,0,0,0,0
Florida Keys,Elbow Reef,EL4,EL4-t168,33,168,142,85,80%,BC,,1,FP,none,none,0,N,N,0,0,0,0,0,0
Florida Keys,Elbow Reef,EL4,EL4-t922,33,16,6,11,90%,JC,,0,none,none,none,0,N,N,0,0,0,0,0,0
Florida Keys,Elbow Reef,EL4,EL4-t935,33,16,12,4,85%,EC,,0,none,none,none,0,N,N,0,0,0,0,0,0
Florida Keys,Elbow Reef,EL4,EL4-t936,33,30,30,10,65%,EC,,2,FS,Unk,none,0,N,N,0,0,0,0,0,0
Florida Keys,Elbow Reef,EL4,EL4-t937,33,36,33,10,85%,JC,,2,FS,none,none,0,N,N,0,4,0,0,0,0
Florida Keys,Elbow Reef,EL5,EL5-t177,33,78,44,55,25%,BC,,1,FS,none,none,0,N,N,0,8,0,0,0,0
Florida Keys,Elbow Reef,EL5,EL5-t180,33,150,101,75,45%,BC,,2,FS,none,none,1,N,N,0,13,0,1,0,0
Florida Keys,Elbow Reef,EL5,EL5-t183,33,22,21,20,95%,JC,,0,none,none,none,1,N,N,0,0,0,0,0,0
Florida Keys,Elbow Reef,EL5,EL5-t940,33,20,15,12,90%,JC,,2,Unk,none,none,0,N,N,0,2,0,0,0,0
Florida Keys,French Reef,FR1,FR1-t002,33,87,59,47,75%,BC,,0,none,none,none,0,N,N,0,0,1,0,0,0
Florida Keys,French Reef,FR1,FR1-t003,33,20,17,20,100%,JC,,0,none,none,none,0,N,N,0,0,0,0,0,0
Florida Keys,French Reef,FR1,FR1-t004,33,72,68,68,20%,BC,,0,none,none,none,0,N,N,0,0,0,0,0,0
Florida Keys,French Reef,FR1,FR1-t005,33,136,116,75,60%,BC,,1,CL,none,none,0,N,N,2,0,2,0,0,1
Florida Keys,French Reef,FR1,FR1-t006,33,160,105,73,35%,BC,,1,WPx,FP,none,0,N,N,1,0,1,0,1,0
Florida Keys,French Reef,FR1,FR1-t007,33,26,13,17,100%,JC,,0,none,none,none,0,N,N,0,0,1,0,0,0
Florida Keys,French Reef,FR1,FR1-t008,33,85,80,75,40%,BC,,0,none,none,none,0,N,N,1,0,1,0,0,0
Florida Keys,French Reef,FR1,FR1-t009,33,240,228,75,45%,BC,,2,WPx,FP,none,0,N,N,2,0,6,0,0,0
Florida Keys,French Reef,FR1,FR1-t010,33,71,56,52,25%,RC,,0,none,none,none,0,N,N,2,0,1,0,1,0
Florida Keys,French Reef,FR1,FR1-t976,33,85,37,59,10%,RC,,0,none,none,none,0,N,N,0,0,1,0,0,0
Florida Keys,French Reef,FR2,FR2-t236,33,8,6,2,100%,EC,,0,none,none,none,0,N,N,0,0,0,0,0,0
Florida Keys,French Reef,FR2,FR2-t250,33,105,57,50,25%,BC,,1,Oth,none,none,0,N,Y,1,0,0,0,1,0
Florida Keys,French Reef,FR2,FR2-t251,33,57,51,61,99%,BC,,0,none,none,none,0,N,N,0,0,0,0,0,0
Florida Keys,French Reef,FR2,FR2-t255,33,28,17,26,60%,JC,,0,none,none,none,0,N,N,0,0,0,0,0,0
Florida Keys,French Reef,FR2,FR2-t256,33,10,6,9,100%,EC,,0,none,none,none,0,N,N,0,0,0,0,0,0
Florida Keys,French Reef,FR2,FR2-t257,33,15,13,14,80%,JC,,0,none,none,none,0,N,N,0,0,0,0,0,0
Florida Keys,French Reef,FR2,FR2-t258,33,21,17,15,15%,RC,,0,none,none,none,0,N,N,0,0,0,0,0,0
Florida Keys,French Reef,FR2,FR2-t259,33,22,18,22,90%,JC,,0,none,none,none,0,N,N,0,0,0,0,0,0
Florida Keys,French Reef,FR2,FR2-t260,33,40,27,33,90%,BC,,0,none,none,none,0,N,N,0,0,0,0,0,0
Florida Keys,French Reef,FR2,FR2-t261,33,93,65,55,30%,BC,,1,CL,none,none,0,N,N,0,0,0,0,0,0
Florida Keys,French Reef,FR2,FR2-t262,33,14,14,16,65%,EC,,0,none,none,none,0,N,N,0,0,0,0,0,0
Florida Keys,French Reef,FR2,FR2-t982,33,24,19,26,98%,JC,,0,none,none,none,0,N,N,0,0,0,0,0,0
Florida Keys,French Reef,FR3,FR3-t815,33,84,81,42,40%,BC,,0,none,none,none,1,N,N,3,0,1,0,1,0
Florida Keys,French Reef,FR3,FR3-t816,33,23,12,18,95%,JC,,0,none,none,none,0,N,N,2,0,0,0,0,0
Florida Keys,French Reef,FR3,FR3-t817,33,21,15,12,2%,RC,,2,FS,CB,none,0,N,N,0,1,0,0,0,0
Florida Keys,French Reef,FR3,FR3-t818,33,9,7,7,70%,JC,,0,none,none,none,0,N,N,0,0,0,0,0,0
Florida Keys,French Reef,FR3,FR3-t819,33,114,52,42,30%,BC,,0,none,none,none,1,N,N,0,0,1,0,0,0
Florida Keys,French Reef,FR3,FR3-t820,33,147,105,72,35%,BC,,0,none,none,none,0,N,N,0,0,1,0,0,0
Florida Keys,French Reef,FR3,FR3-t821,33,143,102,47,55%,BC,,1,FS,none,none,1,N,N,1,3,1,0,1,0
Florida Keys,French Reef,FR3,FR3-t822,33,21,13,4,95%,EC,,0,none,none,none,0,N,N,0,0,0,0,0,0
Florida Keys,French Reef,FR3,FR3-t824,33,30,25,14,80%,RC,,0,none,none,none,0,N,N,0,0,0,0,0,0
Florida Keys,French Reef,FR3,FR3-t825,33,38,23,25,85%,JC,,0,none,none,none,0,N,N,0,0,0,0,0,0
Florida Keys,French Reef,FR3,FR3-t826,33,20,14,11,90%,JC,,5,FS,none,none,0,N,N,0,1,0,0,0,0
Florida Keys,Grecian Rocks,GR1,GR1-t827,33,58,51,35,75%,BC,,0,none,none,none,1,N,N,0,0,0,0,0,0
Florida Keys,Grecian Rocks,GR1,GR1-t828,33,60,52,52,99%,BC,,0,none,none,none,0,N,Y,0,0,0,0,0,0
Florida Keys,Grecian Rocks,GR1,GR1-t829,33,75,33,26,40%,BC,,0,none,none,none,0,N,N,0,0,0,0,0,0
Florida Keys,Grecian Rocks,GR1,GR1-t830,33,75,54,41,70%,BC,,0,none,none,none,1,N,N,0,0,0,0,0,0
Florida Keys,Grecian Rocks,GR1,GR1-t831,33,107,98,55,95%,BC,,0,none,none,none,0,N,N,0,0,0,0,1,0
Florida Keys,Grecian Rocks,GR1,GR1-t832,33,77,48,48,5%,RC,,1,FS,CB,none,0,N,N,0,4,0,0,0,0
Florida Keys,Grecian Rocks,GR1,GR1-t833,33,92,81,47,95%,BC,,0,none,none,none,0,N,N,0,0,0,0,0,0
Florida Keys,Grecian Rocks,GR1,GR1-t834,33,32,21,18,10%,RC,,0,none,none,none,0,N,N,0,0,0,0,0,0
Florida Keys,Grecian Rocks,GR1,GR1-t835,33,67,64,45,85%,BC,,2,FS,none,none,0,N,N,0,3,0,0,0,0
Florida Keys,Grecian Rocks,GR1,GR1-t836,33,51,43,25,55%,BC,,0,none,none,none,0,N,N,0,0,0,0,0,0
Florida Keys,Grecian Rocks,GR1,GR1-t837,33,71,44,37,90%,BC,,0,none,none,none,0,N,N,0,0,0,0,0,0
Florida Keys,Grecian Rocks,GR1,GR1-t838,33,37,33,22,90%,JC,,0,none,none,none,0,N,N,0,0,0,0,0,0
Florida Keys,Grecian Rocks,GR2,GR2-t839,33,7,6,7,99%,JC,,0,none,none,none,0,N,N,0,0,0,0,0,0
Florida Keys,Grecian Rocks,GR2,GR2-t840,33,104,86,54,100%,BC,,0,none,none,none,0,N,N,0,0,0,0,0,0
Florida Keys,Grecian Rocks,GR2,GR2-t841,33,125,111,77,80%,BC,,0,none,none,none,0,N,Y,0,0,0,1,0,0
Florida Keys,Grecian Rocks,GR2,GR2-t842,33,20,11,13,99%,JC,,0,none,none,none,0,N,N,0,,,,,
Florida Keys,Grecian Rocks,GR2,GR2-t844,33,84,63,53,70%,BC,,0,none,none,none,0,N,N,0,0,0,0,0,0
Florida Keys,Grecian Rocks,GR2,GR2-t845,33,11,9,3,80%,EC,,0,none,none,none,0,N,N,0,0,0,0,0,0
Florida Keys,Grecian Rocks,GR2,GR2-t846,33,171,65,78,65%,BC,,0,none,none,none,0,N,N,0,0,0,0,1,0
Florida Keys,Grecian Rocks,GR2,GR2-t847,33,54,38,22,95%,BC,,0,none,none,none,0,N,N,0,0,0,0,0,0
Florida Keys,Grecian Rocks,GR2,GR2-t850,33,111,59,66,95%,BC,,0,none,none,none,0,N,N,0,0,0,0,0,0
Florida Keys,Grecian Rocks,GR3,GR3-t870,33,41,23,37,35%,BC,,2,FS,none,none,0,N,N,0,2,0,0,0,0
Florida Keys,Grecian Rocks,GR3,GR3-t871,33,26,17,17,90%,JC,,0,none,none,none,0,N,N,0,0,0,0,0,0
Florida Keys,Grecian Rocks,GR3,GR3-t872,33,20,12,12,90%,JC,,0,none,none,none,0,N,Y,0,0,0,0,0,0
Florida Keys,Grecian Rocks,GR3,GR3-t873,33,31,21,22,99%,JC,,0,none,none,none,0,N,N,0,0,0,0,0,0
Florida Keys,Grecian Rocks,GR3,GR3-t874,33,34,28,16,100%,JC,,0,none,none,none,0,N,N,0,0,0,0,0,0
Florida Keys,Grecian Rocks,GR3,GR3-t875,33,30,26,13,100%,JC,,0,none,none,none,0,N,N,0,0,0,0,0,0
Florida Keys,Grecian Rocks,GR3,GR3-t876,33,100,56,33,40%,BC,,0,none,none,none,0,N,N,0,0,0,0,0,0
Florida Keys,Grecian Rocks,GR3,GR3-t877,33,130,60,45,25%,BC,,1,FS,none,none,0,N,N,0,1,0,0,0,0
Florida Keys,Grecian Rocks,GR3,GR3-t878,33,34,28,16,90%,AF,,0,none,none,none,0,N,N,0,0,0,0,0,0
Florida Keys,Grecian Rocks,GR3,GR3-t879,33,13,9,4,100%,AF,,0,none,none,none,0,N,N,0,0,0,0,0,0
Florida Keys,Grecian Rocks,GR3,GR3-t880,33,27,13,20,100%,JC,,0,none,none,none,0,N,N,0,0,0,0,0,0
Florida Keys,Grecian Rocks,GR3,GR3-t881,33,37,27,22,95%,JC,,0,none,none,none,0,N,N,0,0,0,0,0,0
Florida Keys,Key Largo Dry Rocks,KL1,KL1-t104,33,115,80,67,10%,RC,,0,none,none,none,0,N,N,0,0,0,0,0,0
Florida Keys,Key Largo Dry Rocks,KL1,KL1-t105,33,228,160,90,20%,BC,,1,CL,none,none,0,N,N,0,0,0,0,0,0
Florida Keys,Key Largo Dry Rocks,KL1,KL1-t106,33,93,48,43,15%,BC,,0,none,none,none,0,N,N,0,0,0,0,0,0
Florida Keys,Key Largo Dry Rocks,KL1,KL1-t107,33,136,72,57,30%,BC,,0,none,none,none,0,N,N,1,0,1,0,0,0
Florida Keys,Key Largo Dry Rocks,KL1,KL1-t108,33,180,93,88,40%,BC,,0,none,none,none,0,N,N,0,0,0,0,0,0
Florida Keys,Key Largo Dry Rocks,KL1,KL1-t109,33,13,11,12,70%,JC,,0,none,none,none,0,N,N,0,0,0,0,0,0
Florida Keys,Key Largo Dry Rocks,KL1,KL1-t110,33,183,104,85,30%,BC,,0,none,none,none,0,N,N,0,0,0,0,2,0
Florida Keys,Key Largo Dry Rocks,KL1,KL1-t239,33,17,15,13,100%,JC,,0,none,none,none,0,N,N,0,0,0,0,0,0
Florida Keys,Key Largo Dry Rocks,KL1,KL1-t240,33,12,8,8,10%,EC,,1,Unk,none,none,0,N,N,0,0,0,0,0,0
Florida Keys,Key Largo Dry Rocks,KL1,KL1-t241,33,17,10,8,99%,AF,,0,none,none,none,0,N,N,0,0,0,0,0,0
Florida Keys,Key Largo Dry Rocks,KL3,KL3-t215,33,38,32,33,5%,RC,,0,none,none,none,0,N,N,0,0,0,0,0,0
Florida Keys,Key Largo Dry Rocks,KL3,KL3-t216,33,51,30,50,5%,RC,,0,none,none,none,0,N,N,2,0,1,0,0,0
Florida Keys,Key Largo Dry Rocks,KL3,KL3-t217,33,96,80,50,40%,BC,,0,none,none,none,0,N,N,1,0,0,0,0,0
Florida Keys,Key Largo Dry Rocks,KL3,KL3-t219,33,173,70,63,2%,RC,,0,none,none,none,0,N,N,0,0,2,0,0,0
Florida Keys,Key Largo Dry Rocks,KL3,KL3-t220,33,75,59,50,1%,RC,,0,none,none,none,0,N,N,0,0,0,0,0,0
Florida Keys,Key Largo Dry Rocks,KL3,KL3-t222,33,67,55,32,99%,BC,,0,none,none,none,0,N,N,0,0,1,0,0,0
Florida Keys,Key Largo Dry Rocks,KL3,KL3-t223,33,52,31,47,10%,RC,,0,none,none,none,0,N,N,0,0,1,0,0,0
Florida Keys,Key Largo Dry Rocks,KL3,KL3-t966,33,47,22,27,85%,BC,,0,none,none,none,0,N,N,0,0,0,0,0,0
Florida Keys,Key Largo Dry Rocks,KL3,KL3-t967,33,,,,,G,,,,,,,N,N,,,,,,
Florida Keys,Key Largo Dry Rocks,KL3,KL3-t968,33,10,7,9,95%,JC,,0,none,none,none,0,N,N,0,0,1,0,0,0
Florida Keys,Key Largo Dry Rocks,KL3,KL3-t969,33,21,13,18,30%,RC,,0,none,none,none,0,N,N,0,0,1,0,0,0
Florida Keys,Key Largo Dry Rocks,KL3,KL3-t970,33,8,5,9,100%,JC,,0,none,none,none,0,N,N,0,0,1,0,0,0
Florida Keys,Key Largo Dry Rocks,KL4,KL4-t244,33,,,,,G,,,,,,,N,N,,,,,,
Florida Keys,Key Largo Dry Rocks,KL4,KL4-t245,33,,,,,G,,,,,,,N,N,,,,,,
Florida Keys,Key Largo Dry Rocks,KL4,KL4-t851,33,54,41,32,95%,BC,,0,none,none,none,0,N,N,0,2,0,0,0,0
Florida Keys,Key Largo Dry Rocks,KL4,KL4-t852,33,46,42,26,99%,BC,,0,none,none,none,0,N,N,0,0,0,0,0,0
Florida Keys,Key Largo Dry Rocks,KL4,KL4-t853,33,138,106,75,75%,BC,,1,FS,Abr,RTL,0,N,N,0,8,0,0,2,0
Florida Keys,Key Largo Dry Rocks,KL4,KL4-t854,33,32,18,32,70%,JC,,1,FS,none,none,0,N,N,0,1,0,0,0,0
Florida Keys,Key Largo Dry Rocks,KL4,KL4-t855,33,145,130,67,99%,BC,,0,none,none,none,0,N,N,0,0,0,0,0,0
Florida Keys,Key Largo Dry Rocks,KL4,KL4-t856,33,139,93,53,99%,BC,,1,FS,none,none,0,N,N,0,2,0,1,0,0
Florida Keys,Key Largo Dry Rocks,KL4,KL4-t857,33,55,27,25,50%,AF,,0,none,none,none,0,N,N,0,0,0,0,0,0
Florida Keys,Key Largo Dry Rocks,KL4,KL4-t858,33,13,10,7,100%,EC,,0,none,none,none,0,N,N,0,0,0,0,0,0
Florida Keys,Molasses Reef,ML1,ML1-t013,33,168,112,75,65%,BC,,1,CL,PFB,none,0,N,Y,1,0,1,0,1,0
Florida Keys,Molasses Reef,ML1,ML1-t015,33,46,38,26,35%,BC,,0,none,none,none,0,N,N,0,0,1,0,0,0
Florida Keys,Molasses Reef,ML1,ML1-t016,33,114,102,56,75%,BC,,1,Unk,none,none,1,N,Y,2,0,1,0,1,1
Florida Keys,Molasses Reef,ML1,ML1-t017,33,17,14,18,95%,JC,,0,none,none,none,0,N,N,0,0,0,0,0,0
Florida Keys,Molasses Reef,ML1,ML1-t018,33,69,46,35,95%,BC,,0,none,none,none,0,N,N,0,0,0,0,0,0
Florida Keys,Molasses Reef,ML1,ML1-t020,33,205,160,100,5%,RC,,1,FS,none,none,0,N,N,0,2,0,0,0,0
Florida Keys,Molasses Reef,ML1,ML1-t234,33,7,4,2,100%,EC,,0,none,none,none,0,N,N,0,0,0,0,0,0
Florida Keys,Molasses Reef,ML1,ML1-t981,33,,,,0%,D,,,,,,,N,N,,,,,,
Florida Keys,Molasses Reef,ML2,ML2-t126,33,200,175,105,35%,BC,,0,none,none,none,0,N,N,3,0,2,0,0,0
Florida Keys,Molasses Reef,ML2,ML2-t127,33,64,62,45,2%,RC,,0,none,none,none,0,N,N,3,0,1,0,0,0
Florida Keys,Molasses Reef,ML2,ML2-t128,33,33,25,25,1%,RC,,0,none,none,none,0,N,N,0,0,0,0,0,0
Florida Keys,Molasses Reef,ML2,ML2-t129,33,155,85,65,20%,BC,,0,none,none,none,0,N,N,0,0,2,0,1,0
Florida Keys,Molasses Reef,ML2,ML2-t130,33,150,85,68,10%,BC,,0,none,none,none,0,N,N,0,0,0,0,0,0
Florida Keys,Molasses Reef,ML2,ML2-t131,33,148,132,75,65%,BC,,1,CL,none,none,0,N,N,1,0,2,0,1,0
Florida Keys,Molasses Reef,ML2,ML2-t132,33,205,127,80,50%,BC,,1,CL,none,none,0,N,N,2,0,1,0,1,0
Florida Keys,Molasses Reef,ML2,ML2-t137,33,18,8,4,70%,EC,,0,none,none,none,0,N,N,0,0,0,0,0,0
Florida Keys,Molasses Reef,ML2,ML2-t249,33,9,5,3,99%,EC,,0,none,none,none,0,N,N,0,0,0,0,0,0
Florida Keys,Molasses Reef,ML2,ML2-t952,33,24,20,16,85%,JC,,0,none,none,none,0,N,N,0,0,0,1,0,0
Florida Keys,Molasses Reef,ML2,ML2-t953,33,18,11,23,65%,JC,,0,none,none,none,0,N,N,0,0,0,0,0,0
Florida Keys,Molasses Reef,ML2,ML2-t954,33,8,6,4,100%,EC,,0,none,none,none,0,N,N,0,0,0,0,0,0
Florida Keys,Molasses Reef,ML3,ML3-t144,33,144,105,75,70%,BC,,2,FS,CL,none,0,N,N,1,9,1,0,1,0
Florida Keys,Molasses Reef,ML3,ML3-t145,33,191,131,60,45%,BC,,1,CL,none,none,0,N,N,3,0,2,0,0,0
Florida Keys,Molasses Reef,ML3,ML3-t146,33,205,165,74,55%,BC,,1,FS,RTL,CL,0,N,N,3,2,2,0,0,0
Florida Keys,Molasses Reef,ML3,ML3-t147,33,238,220,95,40%,BC,,1,CL,CB,none,0,N,N,2,0,4,0,2,0
Florida Keys,Molasses Reef,ML3,ML3-t148,33,145,102,82,40%,BC,,1,FS,CB,none,0,N,N,1,5,1,0,0,0
Florida Keys,Molasses Reef,ML3,ML3-t150,33,70,70,45,95%,BC,,0,none,none,none,0,N,N,2,0,1,0,0,0
Florida Keys,Molasses Reef,ML3,ML3-t184,33,220,192,85,75%,BC,,1,Unk,CL,none,1,N,N,0,0,1,0,1,0
Florida Keys,Molasses Reef,ML3,ML3-t185,33,27,25,22,90%,JC,,0,none,none,none,0,N,N,0,0,0,0,0,0
Florida Keys,Molasses Reef,ML3,ML3-t186,33,50,45,24,100%,BC,,0,none,none,none,0,N,N,0,0,1,0,0,0
Florida Keys,Molasses Reef,ML3,ML3-t915,33,59,52,43,30%,BC,,1,CB,none,none,0,N,N,2,0,1,0,0,0
Florida Keys,Molasses Reef,ML3,ML3-t955,33,118,82,50,80%,BC,,1,CL,none,none,0,N,N,1,0,1,0,0,0
Florida Keys,Molasses Reef,ML3,ML3-t956,33,14,11,6,100%,JC,,0,none,none,none,0,N,N,0,0,1,0,0,0
Florida Keys,Sand Island,SI1,SI1-t302,33,135,112,68,75%,BC,,0,none,none,none,0,N,N,0,0,0,0,2,0
Florida Keys,Sand Island,SI1,SI1-t303,33,8,6,5,90%,EC,,0,none,none,none,0,N,N,0,0,0,0,0,0
Florida Keys,Sand Island,SI1,SI1-t305,33,11,5,9,95%,EC,,0,none,none,none,0,N,N,0,0,0,0,0,0
Florida Keys,Sand Island,SI1,SI1-t307,33,97,73,76,40%,BC,,0,none,none,none,0,N,N,0,0,0,0,1,0
Florida Keys,Sand Island,SI1,SI1-t308,33,80,57,75,45%,BC,,0,none,none,none,0,N,N,0,0,0,0,0,0
Florida Keys,Sand Island,SI1,SI1-t310,33,6,4,2,100%,EC,,0,none,none,none,0,N,N,0,0,0,0,0,0
Florida Keys,Sand Island,SI1,SI1-t312,33,25,21,18,70%,RC,,0,none,none,none,0,N,N,0,0,0,0,0,0
Florida Keys,Sand Island,SI1,SI1-t319,33,85,55,85,5%,RC,,0,none,none,none,0,N,N,0,0,0,0,0,0
Florida Keys,Sand Island,SI1,SI1-t332,33,139,127,76,45%,BC,,0,none,none,none,0,N,N,0,0,0,0,0,0
Florida Keys,Sand Island,SI1,SI1-t957,33,47,32,28,5%,RC,,0,none,none,none,0,N,N,0,0,0,0,0,0
Florida Keys,Sand Island,SI1,SI1-t958,33,15,14,5,99%,EC,,0,none,none,none,0,N,N,0,0,0,0,0,0
Florida Keys,Sand Island,SI1,SI1-t959,33,17,15,17,99%,JC,,0,none,none,none,0,N,N,0,0,0,0,0,0
Florida Keys,Sand Island,SI2,SI2-t313,33,139,91,115,75%,BC,,1,Unk,FP,CL,0,N,N,0,0,0,0,1,0
Florida Keys,Sand Island,SI2,SI2-t314,33,93,68,50,95%,BC,,0,none,none,none,0,N,N,0,0,0,0,1,0
Florida Keys,Sand Island,SI2,SI2-t323,33,91,90,66,40%,BC,,1,CL,none,none,0,N,N,0,0,0,0,0,0
Florida Keys,Sand Island,SI2,SI2-t324,33,146,95,85,85%,BC,,0,none,none,none,0,N,N,0,0,0,0,1,0
Florida Keys,Sand Island,SI2,SI2-t326,33,174,95,97,60%,BC,,0,none,none,none,0,N,N,1,0,1,0,0,0
Florida Keys,Sand Island,SI2,SI2-t330,33,43,35,30,20%,RC,,0,none,none,none,0,N,N,0,0,0,0,0,0
Florida Keys,Sand Island,SI2,SI2-t331,33,14,13,16,90%,JC,,0,none,none,none,0,N,N,0,0,0,0,0,0
Florida Keys,Sand Island,SI2,SI2-t333,33,,,,0%,D,,,,,,,N,N,,,,,,
Florida Keys,Sand Island,SI2,SI2-t334,33,314,195,152,55%,BC,,0,none,none,none,0,N,Y,1,0,2,0,1,0
Florida Keys,Sand Island,SI2,SI2-t960,33,91,65,56,100%,BC,,0,none,none,none,0,N,Y,0,0,0,0,1,0
Florida Keys,Sand Island,SI2,SI2-t961,33,55,38,44,99%,BC,,0,none,none,none,0,N,N,0,0,0,0,0,1
Florida Keys,Sand Island,SI2,SI2-t962,33,187,80,48,65%,BC,,0,none,none,none,0,N,N,1,0,1,0,1,0
Florida Keys,Sand Island,SI3,SI3-t315,33,13,6,10,5%,EC,,0,none,none,none,0,N,N,0,0,0,0,0,0
Florida Keys,Sand Island,SI3,SI3-t316,33,11,9,9,100%,JC,,0,none,none,none,0,N,N,0,0,0,0,0,0
Florida Keys,Sand Island,SI3,SI3-t317,33,12,8,4,100%,EC,,0,none,none,none,0,N,N,0,0,0,0,0,0
Florida Keys,Sand Island,SI3,SI3-t336,33,11,7,7,90%,JC,,0,none,none,none,0,N,N,0,0,0,0,1,0
Florida Keys,Sand Island,SI3,SI3-t338,33,36,19,25,90%,JC,,0,none,none,none,0,N,N,0,0,0,0,0,0
Florida Keys,Sand Island,SI3,SI3-t340,33,21,16,8,80%,EC,,3,FS,none,none,0,N,N,0,2,0,0,0,0
Florida Keys,Sand Island,SI3,SI3-t341,33,124,97,82,75%,BC,,0,none,none,none,0,N,N,0,0,0,0,1,0
Florida Keys,Sand Island,SI3,SI3-t345,33,7,5,7,90%,EC,,0,none,none,none,0,N,N,0,0,0,0,0,0
Florida Keys,Sand Island,SI3,SI3-t346,33,23,18,20,99%,JC,,0,none,none,none,0,Y,N,0,0,0,0,0,0
Florida Keys,Sand Island,SI3,SI3-t964,33,80,30,50,1%,RC,,0,none,none,none,0,N,N,0,0,0,0,0,0
Florida Keys,Carysfort Reef,CF1,CF1-t024,34,24,16,12,65%,RC,1,4,RTL,none,none,0,N,N,0,0,0,0,0,0
Florida Keys,Carysfort Reef,CF1,CF1-t033,34,4,3,2,100%,EC,1,0,none,none,none,0,N,N,0,0,0,0,0,0
Florida Keys,Carysfort Reef,CF1,CF1-t950,34,,,,,G,,,,,,,N,N,,,,,,
Florida Keys,Carysfort Reef,CF2,CF2-t038,34,200,190,80,20%,BC,13,0,none,none,none,0,N,N,0,0,0,0,1,0
Florida Keys,Carysfort Reef,CF2,CF2-t040,34,96,40,57,20%,BC,4,0,none,none,none,0,N,N,1,0,0,0,0,0
Florida Keys,Carysfort Reef,CF2,CF2-t042,34,205,134,75,70%,BC,16,0,none,none,none,0,N,N,0,0,1,0,0,0
Florida Keys,Carysfort Reef,CF2,CF2-t043,34,150,105,55,70%,BC,6,0,none,none,none,0,N,N,0,0,1,0,0,2
Florida Keys,Carysfort Reef,CF2,CF2-t045,34,167,93,75,75%,BC,1,0,none,none,none,0,N,N,0,0,0,0,0,1
Florida Keys,Carysfort Reef,CF2,CF2-t047,34,180,88,65,45%,BC,17,1,WPx,none,none,0,N,N,1,0,0,0,2,2
Florida Keys,Carysfort Reef,CF2,CF2-t048,34,128,106,73,70%,BC,1,1,WPx,none,none,0,N,N,0,0,0,0,1,1
Florida Keys,Carysfort Reef,CF2,CF2-t049,34,5,3,1,100%,EC,1,0,none,none,none,0,N,N,0,0,0,0,0,0
Florida Keys,Carysfort Reef,CF2,CF2-t228,34,166,70,55,60%,BC,8,1,RTL,WPx,PFB,0,N,N,0,0,1,0,0,0
Florida Keys,Carysfort Reef,CF2,CF2-t395,34,19,7,3,100%,EC,1,0,none,none,none,0,N,N,0,0,0,0,0,0
Florida Keys,Carysfort Reef,CF2,CF2-t396,34,68,48,33,65%,BC,4,1,FS,CB,none,0,N,N,0,1,0,0,0,0
Florida Keys,Carysfort Reef,CF2,CF2-t946,34,,,,0%,D,,,,,,,N,N,,,,,,
Florida Keys,Carysfort Reef,CF2,CF2-t948,34,51,35,38,35%,BC,2,1,RTL,none,none,0,N,N,0,0,0,0,0,0
Florida Keys,Carysfort Reef,CF3,CF3-t088,34,290,145,98,20%,BC,20,2,RTL,none,none,0,N,N,2,0,4,0,1,0
Florida Keys,Carysfort Reef,CF3,CF3-t090,34,347,160,80,35%,BC,30,3,RTL,none,none,0,N,N,2,0,6,0,1,0
Florida Keys,Carysfort Reef,CF3,CF3-t092,34,200,96,72,35%,BC,28,2,RTL,CB,CL,0,N,N,2,0,2,0,1,1
Florida Keys,Carysfort Reef,CF3,CF3-t095,34,8,6,7,100%,EC,1,0,none,none,none,0,N,N,0,0,0,0,0,0
Florida Keys,Carysfort Reef,CF3,CF3-t389,34,10,6,4,100%,AF,1,0,none,none,none,0,N,N,0,0,0,0,0,0
Florida Keys,Carysfort Reef,CF3,CF3-t390,34,28,24,6,95%,AF,1,0,none,none,none,0,N,N,0,0,0,0,0,0
Florida Keys,Carysfort Reef,CF3,CF3-t391,34,9,6,2,100%,EC,1,0,none,none,none,0,N,N,0,0,0,0,0,0
Florida Keys,Carysfort Reef,CF3,CF3-t392,34,70,60,12,5%,AF,2,1,RTL,none,none,0,N,N,0,0,0,0,0,0
Florida Keys,Carysfort Reef,CF3,CF3-t393,34,22,14,5,95%,AF,1,5,RTL,none,none,0,N,N,0,0,0,0,0,0
Florida Keys,Carysfort Reef,CF3,CF3-t394,34,11,2,5,90%,SF,1,5,RTL,none,none,0,N,N,0,0,0,0,0,0
Florida Keys,Carysfort Reef,CF3,CF3-t902,34,30,25,22,30%,RC,5,2,RTL,none,none,0,N,N,0,0,0,0,0,0
Florida Keys,Carysfort Reef,CF3,CF3-t903,34,,,,0%,D,,,,,,,N,N,,,,,,
Florida Keys,Carysfort Reef,CF3,CF3-t973,34,9,8,6,100%,JC,1,0,none,none,none,0,N,N,0,0,0,0,1,0
Florida Keys,Carysfort Reef,CF3,CF3-t974,34,,,,,G,,,,,,,N,N,,,,,,
Florida Keys,Carysfort Reef,CF4,CF4-t801,34,133,100,65,10%,BC,5,1,WPx,none,none,0,N,N,0,0,0,0,0,0
Florida Keys,Carysfort Reef,CF4,CF4-t802,34,92,63,54,5%,RC,5,0,none,none,none,0,N,N,0,0,0,0,0,0
Florida Keys,Carysfort Reef,CF4,CF4-t803,34,89,73,45,10%,RC,6,2,RTL,none,none,0,N,N,0,0,0,0,0,0
Florida Keys,Carysfort Reef,CF4,CF4-t804,34,23,12,12,70%,JC,2,0,none,none,none,0,N,N,0,0,0,0,0,0
Florida Keys,Carysfort Reef,CF4,CF4-t805,34,57,30,30,5%,RC,2,0,none,none,none,0,N,N,0,0,0,0,0,0
Florida Keys,Carysfort Reef,CF4,CF4-t806,34,20,15,16,65%,JC,1,0,none,none,none,0,N,N,0,0,0,0,0,0
Florida Keys,Carysfort Reef,CF4,CF4-t807,34,29,13,14,65%,RC,2,3,RTL,FS,none,0,N,N,0,1,0,0,1,0
Florida Keys,Carysfort Reef,CF4,CF4-t808,34,105,68,44,10%,RC,6,1,RTL,FS,none,0,N,N,0,4,0,0,1,0
Florida Keys,Carysfort Reef,CF4,CF4-t809,34,130,90,35,5%,RC,4,0,none,none,none,0,N,N,0,0,0,0,0,0
Florida Keys,Carysfort Reef,CF4,CF4-t810,34,,,,,G,,,,,,,N,N,,,,,,
Florida Keys,Carysfort Reef,CF4,CF4-t811,34,60,26,20,20%,BC,5,1,RTL,FS,none,0,N,N,0,2,0,0,0,0
Florida Keys,Carysfort Reef,CF4,CF4-t812,34,3,2,1,100%,EC,1,0,none,none,none,0,N,N,0,0,0,0,0,0
Florida Keys,Carysfort Reef,CF4,CF4-t813,34,6,6,7,95%,EC,1,0,none,none,none,0,N,N,0,0,0,0,0,0
Florida Keys,Carysfort Reef,CF4,CF4-t814,34,101,97,60,10%,RC,6,1,RTL,FS,none,0,N,N,0,2,0,0,0,0
Florida Keys,Carysfort Reef,CF4,CF4-t908,34,31,20,18,50%,RC,1,2,RTL,CB,none,0,N,N,0,0,0,0,0,0
Florida Keys,Elbow Reef,EL1,EL1-t051,34,182,127,105,40%,BC,18,1,RTL,FP,none,0,N,N,0,0,2,1,1,1
Florida Keys,Elbow Reef,EL1,EL1-t052,34,267,225,92,70%,BC,18,1,RTL,FP,CB,0,N,Y,2,0,3,2,0,1
Florida Keys,Elbow Reef,EL1,EL1-t054,34,120,85,70,65%,BC,1,2,RTL,CB,none,0,N,N,0,1,1,0,0,0
Florida Keys,Elbow Reef,EL1,EL1-t055,34,235,163,68,65%,BC,13,2,RTL,CB,none,0,N,Y,3,0,2,0,1,3
Florida Keys,Elbow Reef,EL1,EL1-t056,34,111,73,50,65%,BC,4,1,RTL,FP,CL,0,N,Y,1,0,1,0,1,0
Florida Keys,Elbow Reef,EL1,EL1-t059,34,25,25,23,90%,JC,1,4,CL,Unk,none,0,N,N,0,0,0,0,0,0
Florida Keys,Elbow Reef,EL1,EL1-t060,34,98,76,58,80%,BC,5,3,RTL,FP,CL,0,N,N,0,0,1,0,1,0
Florida Keys,Elbow Reef,EL1,EL1-t232,34,77,52,48,95%,BC,1,0,none,none,none,0,N,N,1,0,1,0,0,0
Florida Keys,Elbow Reef,EL1,EL1-t454,34,22,14,11,90%,JC,1,0,none,none,none,0,N,N,0,0,0,0,0,0
Florida Keys,Elbow Reef,EL1,EL1-t977,34,85,73,65,45%,BC,5,0,none,none,none,0,N,N,1,0,1,0,0,0
Florida Keys,Elbow Reef,EL1,EL1-t978,34,72,32,39,95%,BC,1,0,none,none,none,0,N,N,0,0,0,0,0,0
Florida Keys,Elbow Reef,EL1,EL1-t979,34,132,85,62,95%,BC,1,1,FP,none,none,0,N,N,1,1,1,0,1,1
Florida Keys,Elbow Reef,EL2,EL2-t065,34,90,90,80,10%,BC,3,0,none,none,none,0,N,N,0,0,0,0,0,1
Florida Keys,Elbow Reef,EL2,EL2-t066,34,145,94,85,55%,BC,7,2,WPx,none,none,0,N,Y,1,0,1,1,1,0
Florida Keys,Elbow Reef,EL2,EL2-t067,34,55,34,34,70%,BC,5,1,WPx,none,none,0,N,N,0,0,0,0,0,0
Florida Keys,Elbow Reef,EL2,EL2-t070,34,13,6,12,100%,JC,1,0,none,none,none,0,N,N,0,0,0,0,0,0
Florida Keys,Elbow Reef,EL2,EL2-t072,34,67,47,32,95%,BC,1,5,FP,PFB,none,0,N,N,0,0,0,0,0,1
Florida Keys,Elbow Reef,EL2,EL2-t073,34,118,95,63,45%,BC,9,1,WPx,none,none,0,N,N,0,0,0,0,0,0
Florida Keys,Elbow Reef,EL2,EL2-t244,34,,,,,G,,,,,,,N,N,,,,,,
Florida Keys,Elbow Reef,EL2,EL2-t246,34,10,9,8,100%,JC,1,0,none,none,none,0,N,N,0,0,0,0,0,0
Florida Keys,Elbow Reef,EL2,EL2-t247,34,35,20,25,50%,RC,5,3,RTL,none,none,0,N,N,0,0,0,0,0,0
Florida Keys,Elbow Reef,EL2,EL2-t452,34,19,5,6,100%,AF,1,0,none,none,none,0,N,N,0,,,,,
Florida Keys,Elbow Reef,EL2,EL2-t453,34,48,21,15,90%,BC,2,0,none,none,none,0,N,N,0,,,,,
Florida Keys,Elbow Reef,EL2,EL2-t913,34,225,145,85,60%,BC,21,1,WBD,none,none,0,N,N,0,0,0,0,2,4
Florida Keys,Elbow Reef,EL2,EL2-t980,34,13,9,11,100%,JC,1,0,none,none,none,0,N,N,0,0,0,0,0,0
Florida Keys,Elbow Reef,EL3,EL3-t076,34,72,67,70,20%,RC,14,1,RTL,none,none,0,N,N,0,0,0,0,0,0
Florida Keys,Elbow Reef,EL3,EL3-t077,34,66,27,26,30%,RC,3,1,CB,CL,none,0,N,N,0,0,0,0,0,2
Florida Keys,Elbow Reef,EL3,EL3-t078,34,50,41,46,45%,RC,6,1,CB,CL,none,0,N,N,0,0,0,0,0,0
Florida Keys,Elbow Reef,EL3,EL3-t079,34,44,18,22,20%,RC,3,1,CL,none,none,0,N,N,0,0,0,0,1,0
Florida Keys,Elbow Reef,EL3,EL3-t083,34,95,77,65,65%,BC,9,1,CL,Unk,none,0,N,N,0,0,0,0,0,3
Florida Keys,Elbow Reef,EL3,EL3-t086,34,158,108,64,60%,BC,6,2,RTL,FS,CB,0,N,Y,0,1,0,0,1,2
Florida Keys,Elbow Reef,EL3,EL3-t450,34,16,4,12,85%,AF,1,5,Abr,none,none,0,N,N,0,,,,,
Florida Keys,Elbow Reef,EL3,EL3-t451,34,14,7,6,100%,AF,1,0,none,none,none,0,N,N,0,,,,,
Florida Keys,Elbow Reef,EL3,EL3-t911,34,104,68,50,65%,RC,4,1,FS,CL,CB,0,N,N,0,3,0,0,0,0
Florida Keys,Elbow Reef,EL3,EL3-t930,34,15,12,6,99%,EC,1,0,none,none,none,0,N,N,0,0,0,0,0,0
Florida Keys,Elbow Reef,EL3,EL3-t932,34,5,3,2,100%,EC,1,0,none,none,none,0,N,N,0,0,0,0,0,0
Florida Keys,Elbow Reef,EL3,EL3-t933,34,103,73,63,65%,BC,3,2,RTL,FS,CL,0,N,Y,0,1,0,0,0,0
Florida Keys,Elbow Reef,EL4,EL4-t153,34,168,120,84,45%,BC,18,1,Unk,none,none,0,N,N,0,0,0,0,0,1
Florida Keys,Elbow Reef,EL4,EL4-t154,34,156,125,94,50%,BC,19,1,RTL,FS,none,0,N,N,0,1,1,0,0,0
Florida Keys,Elbow Reef,EL4,EL4-t158,34,101,75,65,80%,BC,3,1,RTL,CB,CL,0,N,N,0,0,0,0,0,0
Florida Keys,Elbow Reef,EL4,EL4-t160,34,,,,,G,,,,,,,N,N,,,,,,
Florida Keys,Elbow Reef,EL4,EL4-t165,34,5,3,3,100%,EC,1,0,none,none,none,0,N,N,0,0,0,0,0,0
Florida Keys,Elbow Reef,EL4,EL4-t168,34,177,151,84,80%,BC,5,1,FP,FS,none,0,N,N,0,0,0,0,0,0
Florida Keys,Elbow Reef,EL4,EL4-t417,34,10,4,7,50%,AF,1,0,none,none,none,0,N,N,0,,,,,
Florida Keys,Elbow Reef,EL4,EL4-t455,34,55,21,19,80%,AF,2,1,FS,none,none,1,N,N,0,2,0,0,0,0
Florida Keys,Elbow Reef,EL4,EL4-t456,34,63,56,29,80%,AF,1,4,Oth,FS,none,0,N,N,0,2,0,0,0,0
Florida Keys,Elbow Reef,EL4,EL4-t457,34,15,7,4,85%,AF,1,0,none,none,none,0,N,N,0,0,0,0,0,0
Florida Keys,Elbow Reef,EL4,EL4-t922,34,16,11,11,85%,JC,1,0,none,none,none,0,N,N,0,0,0,0,0,0
Florida Keys,Elbow Reef,EL4,EL4-t935,34,16,12,12,80%,EC,2,0,none,none,none,0,N,N,0,0,0,0,0,0
Florida Keys,Elbow Reef,EL4,EL4-t936,34,12,9,3,80%,EC,1,0,none,none,none,0,N,N,0,0,0,0,0,0
Florida Keys,Elbow Reef,EL4,EL4-t937,34,11,8,4,80%,EC,1,0,none,none,none,0,N,N,0,0,0,0,0,0
Florida Keys,Elbow Reef,EL5,EL5-t177,34,82,41,58,25%,BC,7,2,FS,CB,none,0,N,N,0,8,0,0,0,0
Florida Keys,Elbow Reef,EL5,EL5-t180,34,151,104,70,40%,BC,9,2,FS,FP,none,0,N,N,0,13,0,0,0,0
Florida Keys,Elbow Reef,EL5,EL5-t183,34,22,22,20,95%,JC,1,0,none,none,none,0,N,N,0,0,0,0,0,0
Florida Keys,Elbow Reef,EL5,EL5-t458,34,42,13,8,25%,AF,1,3,RTL,none,none,0,N,N,0,0,0,0,0,0
Florida Keys,Elbow Reef,EL5,EL5-t459,34,57,16,17,45%,AF,2,0,none,none,none,1,N,N,0,0,0,0,0,0
Florida Keys,Elbow Reef,EL5,EL5-t460,34,100,100,10,35%,AF,2,1,FP,FS,none,0,N,N,0,2,0,0,0,0
Florida Keys,Elbow Reef,EL5,EL5-t461,34,18,7,6,65%,AF,1,4,RTL,none,none,1,N,N,0,0,0,0,0,0
Florida Keys,Elbow Reef,EL5,EL5-t462,34,65,22,7,80%,AF,1,1,FS,none,none,1,N,N,0,1,0,0,0,0
Florida Keys,Elbow Reef,EL5,EL5-t940,34,,,,,G,,,,,,,N,N,,,,,,
Florida Keys,French Reef,FR1,FR1-t002,34,86,65,48,75%,BC,1,1,WPx,none,none,0,N,N,0,0,0,0,0,0
Florida Keys,French Reef,FR1,FR1-t003,34,25,14,20,99%,JC,1,0,none,none,none,0,N,N,0,0,1,0,0,0
Florida Keys,French Reef,FR1,FR1-t004,34,77,69,68,20%,BC,3,1,RTL,none,none,0,N,N,1,0,1,0,0,0
Florida Keys,French Reef,FR1,FR1-t005,34,142,119,75,60%,BC,6,1,RTL,CL,CB,0,N,N,2,0,3,0,0,3
Florida Keys,French Reef,FR1,FR1-t006,34,162,102,73,35%,BC,12,1,RTL,FS,none,1,N,N,1,1,1,0,2,1
Florida Keys,French Reef,FR1,FR1-t007,34,29,19,16,95%,JC,1,5,RTL,none,none,1,N,N,0,0,1,0,0,0
Florida Keys,French Reef,FR1,FR1-t008,34,95,70,75,35%,BC,2,1,RTL,none,none,0,N,N,0,0,1,0,1,0
Florida Keys,French Reef,FR1,FR1-t009,34,158,151,75,60%,BC,6,2,RTL,CL,FP,0,N,N,2,0,5,0,0,0
Florida Keys,French Reef,FR1,FR1-t010,34,70,55,53,25%,RC,4,1,WPx,CL,none,0,N,N,0,0,0,0,0,1
Florida Keys,French Reef,FR1,FR1-t860,34,15,12,7,85%,EC,1,0,none,none,none,0,N,N,0,,,,,
Florida Keys,French Reef,FR1,FR1-t861,34,58,43,58,60%,BC,1,0,none,none,none,0,N,N,0,,,,,
Florida Keys,French Reef,FR1,FR1-t976,34,7,6,4,100%,JC,1,0,none,none,none,0,N,N,0,0,1,0,0,0
Florida Keys,French Reef,FR2,FR2-t236,34,12,4,2,100%,EC,1,0,none,none,none,0,N,N,0,0,0,0,0,0
Florida Keys,French Reef,FR2,FR2-t250,34,100,62,50,20%,BC,3,0,none,none,none,0,N,Y,2,0,1,0,1,0
Florida Keys,French Reef,FR2,FR2-t251,34,60,51,62,99%,BC,1,0,none,none,none,0,N,N,0,0,0,1,0,0
Florida Keys,French Reef,FR2,FR2-t255,34,30,18,26,65%,JC,2,0,none,none,none,0,N,N,0,0,0,0,0,0
Florida Keys,French Reef,FR2,FR2-t256,34,13,8,10,100%,JC,1,0,none,none,none,0,N,N,0,0,0,0,0,0
Florida Keys,French Reef,FR2,FR2-t257,34,18,13,14,80%,JC,1,0,none,none,none,0,N,N,0,0,0,0,0,0
Florida Keys,French Reef,FR2,FR2-t258,34,19,14,15,10%,RC,2,0,none,none,none,0,N,N,0,0,0,0,0,0
Florida Keys,French Reef,FR2,FR2-t259,34,22,18,22,85%,JC,1,0,none,none,none,0,N,N,0,0,0,0,0,0
Florida Keys,French Reef,FR2,FR2-t260,34,39,33,34,95%,JC,1,0,none,none,none,0,N,N,0,0,0,0,0,0
Florida Keys,French Reef,FR2,FR2-t261,34,90,60,50,25%,BC,3,0,none,none,none,0,N,N,0,0,0,0,0,0
Florida Keys,French Reef,FR2,FR2-t262,34,16,11,14,65%,JC,1,0,none,none,none,0,N,N,0,0,0,0,0,0
Florida Keys,French Reef,FR2,FR2-t982,34,27,24,29,99%,JC,1,0,none,none,none,0,N,N,0,0,0,0,0,0
Florida Keys,French Reef,FR3,FR3-t815,34,,,,,G,,,,,,,N,N,,,,,,
Florida Keys,French Reef,FR3,FR3-t816,34,23,13,15,95%,JC,1,0,none,none,none,0,N,N,2,0,1,0,0,0
Florida Keys,French Reef,FR3,FR3-t817,34,,,,0%,D,,,,,,,N,N,,,,,,
Florida Keys,French Reef,FR3,FR3-t818,34,11,8,9,70%,JC,1,0,none,none,none,0,N,N,0,0,0,0,0,0
Florida Keys,French Reef,FR3,FR3-t819,34,,,,,G,,,,,,,N,N,,,,,,
Florida Keys,French Reef,FR3,FR3-t820,34,147,91,74,30%,BC,12,2,RTL,CB,none,0,N,N,1,0,1,0,1,1
Florida Keys,French Reef,FR3,FR3-t821,34,,,,,G,,,,,,,N,N,,,,,,
Florida Keys,French Reef,FR3,FR3-t822,34,24,12,14,15%,EC,1,5,RTL,CB,none,0,N,N,0,0,0,0,0,0
Florida Keys,French Reef,FR3,FR3-t824,34,6,4,1,100%,EC,1,0,none,none,none,0,N,N,0,0,0,0,0,0
Florida Keys,French Reef,FR3,FR3-t825,34,45,28,27,90%,BC,1,2,CL,none,none,0,N,Y,0,0,0,0,1,0
Florida Keys,French Reef,FR3,FR3-t826,34,,,,0%,D,,,,,,,N,N,,,,,,
Florida Keys,French Reef,FR3,FR3-t862,34,84,62,42,70%,BC,6,0,none,none,none,0,N,N,1,0,1,0,0,0
Florida Keys,French Reef,FR3,FR3-t863,34,95,63,55,80%,BC,2,5,WBD,RTL,CB,0,N,N,0,0,1,0,0,0
Florida Keys,French Reef,FR3,FR3-t864,34,16,13,4,45%,AF,2,0,none,none,none,0,N,N,0,0,0,0,0,0
Florida Keys,French Reef,FR3,FR3-t865,34,17,13,15,100%,JC,1,0,none,none,none,0,N,N,0,0,0,0,0,0
Florida Keys,French Reef,FR3,FR3-t866,34,5,5,1,100%,EC,1,0,none,none,none,0,N,N,0,0,0,0,0,0
Florida Keys,French Reef,FR3,FR3-t867,34,6,2,2,100%,AF,1,0,none,none,none,0,N,N,0,0,0,0,0,0
Florida Keys,Grecian Rocks,GR1,GR1-t463,34,17,12,5,30%,AF,2,0,none,none,none,0,N,N,0,,,,,
Florida Keys,Grecian Rocks,GR1,GR1-t827,34,62,51,38,85%,BC,2,2,RTL,none,none,0,N,N,0,0,0,0,0,0
Florida Keys,Grecian Rocks,GR1,GR1-t828,34,60,56,56,95%,BC,1,5,RTL,none,none,0,N,Y,0,0,0,0,0,0
Florida Keys,Grecian Rocks,GR1,GR1-t829,34,,,,,G,,,,,,,N,N,,,,,,
Florida Keys,Grecian Rocks,GR1,GR1-t830,34,80,56,46,60%,BC,2,3,FS,RTL,none,0,N,N,0,5,0,0,0,0
Florida Keys,Grecian Rocks,GR1,GR1-t831,34,,,,,G,,,,,,,N,N,,,,,,
Florida Keys,Grecian Rocks,GR1,GR1-t832,34,52,42,25,1%,EC,1,0,none,none,none,0,N,N,0,0,0,0,0,0
Florida Keys,Grecian Rocks,GR1,GR1-t833,34,78,70,44,80%,BC,1,4,RTL,none,none,0,N,N,0,0,0,0,0,1
Florida Keys,Grecian Rocks,GR1,GR1-t834,34,,,,,G,,,,,,,N,N,,,,,,
Florida Keys,Grecian Rocks,GR1,GR1-t835,34,68,64,45,80%,BC,1,3,RTL,none,none,0,N,N,0,2,0,0,0,0
Florida Keys,Grecian Rocks,GR1,GR1-t836,34,87,55,38,60%,BC,5,2,CL,none,none,0,N,N,0,0,1,0,1,0
Florida Keys,Grecian Rocks,GR1,GR1-t837,34,,,,,FU,,,,,,,N,N,,,,,,
Florida Keys,Grecian Rocks,GR1,GR1-t838,34,,,,,G,,,,,,,N,N,,,,,,
Florida Keys,Grecian Rocks,GR1,GR1-t889,34,13,5,10,100%,AF,1,0,none,none,none,0,N,N,0,,,,,
Florida Keys,Grecian Rocks,GR1,GR1-t890,34,27,22,20,85%,JC,1,0,none,none,none,1,N,N,0,,,,,
Florida Keys,Grecian Rocks,GR1,GR1-t891,34,56,50,23,85%,AF,2,0,none,none,none,0,N,N,0,,,,,
Florida Keys,Grecian Rocks,GR1,GR1-t892,34,13,5,6,80%,AF,1,0,none,none,none,0,N,N,0,,,,,
Florida Keys,Grecian Rocks,GR2,GR2-t839,34,7,6,7,25%,RC,1,5,RTL,none,none,0,N,N,0,0,0,0,0,0
Florida Keys,Grecian Rocks,GR2,GR2-t840,34,73,37,44,95%,BC,1,0,none,none,none,0,N,N,0,0,0,0,0,0
Florida Keys,Grecian Rocks,GR2,GR2-t841,34,117,110,75,75%,BC,2,1,RTL,none,none,0,N,Y,0,0,0,0,1,1
Florida Keys,Grecian Rocks,GR2,GR2-t842,34,,,,,G,,,,,,,N,N,,,,,,
Florida Keys,Grecian Rocks,GR2,GR2-t844,34,65,40,45,65%,BC,3,1,WPx,CL,none,0,N,Y,0,0,0,0,0,0
Florida Keys,Grecian Rocks,GR2,GR2-t845,34,,,,0%,D,,,,,,,N,N,,,,,,
Florida Keys,Grecian Rocks,GR2,GR2-t846,34,135,66,80,65%,BC,4,1,WPx,none,none,0,N,N,0,0,0,0,1,0
Florida Keys,Grecian Rocks,GR2,GR2-t847,34,55,38,22,90%,BC,1,3,WPx,none,none,0,N,N,0,0,0,0,0,0
Florida Keys,Grecian Rocks,GR2,GR2-t850,34,112,68,69,90%,BC,1,3,WPx,RTL,FP,0,N,N,0,0,0,0,0,0
Florida Keys,Grecian Rocks,GR2,GR2-t884,34,23,8,2,95%,AF,1,0,none,none,none,0,N,N,0,,,,,
Florida Keys,Grecian Rocks,GR2,GR2-t885,34,126,73,50,95%,BC,1,2,WPx,none,none,0,N,N,0,,,,,
Florida Keys,Grecian Rocks,GR2,GR2-t886,34,25,7,9,95%,AF,1,0,none,none,none,0,N,N,0,,,,,
Florida Keys,Grecian Rocks,GR2,GR2-t887,34,12,4,2,100%,AF,1,0,none,none,none,0,N,N,0,,,,,
Florida Keys,Grecian Rocks,GR2,GR2-t888,34,10,8,5,100%,AF,1,0,none,none,none,0,N,N,0,,,,,
Florida Keys,Grecian Rocks,GR3,GR3-t397,34,52,32,37,60%,BC,1,4,RTL,none,none,0,N,N,0,0,0,0,0,0
Florida Keys,Grecian Rocks,GR3,GR3-t398,34,44,38,45,70%,BC,4,0,none,none,none,0,N,N,0,0,0,0,0,0
Florida Keys,Grecian Rocks,GR3,GR3-t870,34,42,19,27,20%,RC,13,3,RTL,none,none,0,N,N,0,0,0,0,0,0
Florida Keys,Grecian Rocks,GR3,GR3-t871,34,24,16,15,70%,RC,1,3,RTL,none,none,0,N,N,0,0,0,0,0,0
Florida Keys,Grecian Rocks,GR3,GR3-t872,34,22,14,11,90%,JC,1,0,none,none,none,0,N,Y,0,0,0,0,0,0
Florida Keys,Grecian Rocks,GR3,GR3-t873,34,31,23,22,99%,JC,1,0,none,none,none,0,N,N,0,0,0,0,0,0
Florida Keys,Grecian Rocks,GR3,GR3-t874,34,36,28,15,2%,RC,1,5,RTL,none,none,0,N,N,0,0,0,0,0,0
Florida Keys,Grecian Rocks,GR3,GR3-t875,34,30,26,12,100%,JC,1,0,none,none,none,0,N,N,0,0,0,0,0,0
Florida Keys,Grecian Rocks,GR3,GR3-t876,34,102,58,40,30%,BC,3,2,RTL,WPx,none,0,N,N,0,1,0,0,0,0
Florida Keys,Grecian Rocks,GR3,GR3-t877,34,130,60,47,15%,RC,8,3,RTL,none,none,0,N,N,0,1,0,0,0,0
Florida Keys,Grecian Rocks,GR3,GR3-t878,34,,,,,G,,,,,,,N,N,,,,,,
Florida Keys,Grecian Rocks,GR3,GR3-t879,34,14,9,4,100%,AF,1,0,none,none,none,0,N,N,0,1,0,0,0,0
Florida Keys,Grecian Rocks,GR3,GR3-t880,34,,,,,G,,,,,,,N,N,,,,,,
Florida Keys,Grecian Rocks,GR3,GR3-t881,34,39,25,20,60%,RC,3,4,RTL,none,none,0,N,N,0,0,0,0,0,0
Florida Keys,Key Largo Dry Rocks,KL1,KL1-t037,34,10,5,12,85%,JC,2,0,none,none,none,0,N,N,0,0,0,0,0,0
Florida Keys,Key Largo Dry Rocks,KL1,KL1-t100,34,8,6,3,100%,EC,1,0,none,none,none,0,N,N,0,0,0,0,0,0
Florida Keys,Key Largo Dry Rocks,KL1,KL1-t104,34,115,80,65,10%,RC,1,1,RTL,none,none,0,N,N,0,0,0,0,0,0
Florida Keys,Key Largo Dry Rocks,KL1,KL1-t105,34,53,42,35,75%,BC,2,2,RTL,none,none,0,N,N,0,0,0,0,0,0
Florida Keys,Key Largo Dry Rocks,KL1,KL1-t106,34,75,30,40,5%,RC,5,0,none,none,none,0,N,N,0,0,0,0,0,0
Florida Keys,Key Largo Dry Rocks,KL1,KL1-t107,34,120,48,57,10%,BC,6,2,RTL,none,none,0,N,N,0,0,1,0,0,0
Florida Keys,Key Largo Dry Rocks,KL1,KL1-t108,34,167,93,88,10%,RC,10,3,RTL,none,none,0,N,N,0,0,0,0,0,0
Florida Keys,Key Largo Dry Rocks,KL1,KL1-t109,34,15,10,2,90%,EC,1,0,none,none,none,0,N,N,0,0,0,0,0,0
Florida Keys,Key Largo Dry Rocks,KL1,KL1-t110,34,175,100,90,10%,RC,16,2,RTL,none,none,0,N,N,0,0,0,0,1,1
Florida Keys,Key Largo Dry Rocks,KL1,KL1-t239,34,20,18,15,75%,RC,1,5,RTL,none,none,0,N,N,0,0,0,0,0,0
Florida Keys,Key Largo Dry Rocks,KL1,KL1-t240,34,,,,0%,D,,,,,,,N,N,,,,,,
Florida Keys,Key Largo Dry Rocks,KL1,KL1-t241,34,,,,,G,,,,,,,N,N,,,,,,
Florida Keys,Key Largo Dry Rocks,KL1,KL1-t373,34,18,15,3,98%,AF,1,0,none,none,none,0,N,N,0,0,,,,
Florida Keys,Key Largo Dry Rocks,KL1,KL1-t374,34,9,9,3,90%,SF,1,0,none,none,none,0,N,N,0,0,,,,
Florida Keys,Key Largo Dry Rocks,KL1,KL1-t375,34,4,3,3,100%,EC,1,0,none,none,none,0,N,N,0,0,,,,
Florida Keys,Key Largo Dry Rocks,KL1,KL1-t388,34,10,7,3,100%,EC,1,0,none,none,none,0,N,N,0,0,,,,
Florida Keys,Key Largo Dry Rocks,KL3,KL3-t215,34,41,31,23,5%,RC,2,0,none,none,none,0,N,N,0,0,0,0,0,0
Florida Keys,Key Largo Dry Rocks,KL3,KL3-t216,34,,,,,G,,,,,,,N,N,,,,,,
Florida Keys,Key Largo Dry Rocks,KL3,KL3-t217,34,99,80,50,5%,RC,2,3,RTL,none,none,0,N,N,0,0,1,0,0,0
Florida Keys,Key Largo Dry Rocks,KL3,KL3-t219,34,,,,,G,,,,,,,N,N,,,,,,
Florida Keys,Key Largo Dry Rocks,KL3,KL3-t220,34,12,6,5,35%,EC,1,4,RTL,none,none,0,N,N,3,0,0,0,0,0
Florida Keys,Key Largo Dry Rocks,KL3,KL3-t222,34,73,68,37,10%,RC,1,5,RTL,none,none,0,N,N,0,0,1,0,0,0
Florida Keys,Key Largo Dry Rocks,KL3,KL3-t223,34,,,,0%,D,,,,,,,N,N,,,,,,
Florida Keys,Key Largo Dry Rocks,KL3,KL3-t372,34,2,2,1,100%,EC,1,0,none,none,none,0,N,N,0,0,0,0,0,0
Florida Keys,Key Largo Dry Rocks,KL3,KL3-t897,34,10,7,11,100%,JC,1,0,none,none,none,0,N,N,0,0,1,0,0,0
Florida Keys,Key Largo Dry Rocks,KL3,KL3-t898,34,2,1,1,80%,EC,1,0,none,none,none,0,N,N,0,0,0,0,0,0
Florida Keys,Key Largo Dry Rocks,KL3,KL3-t899,34,10,9,10,100%,JC,1,0,none,none,none,0,N,N,0,0,2,0,0,0
Florida Keys,Key Largo Dry Rocks,KL3,KL3-t900,34,53,45,28,20%,AF,1,2,RTL,none,none,0,N,N,2,0,1,0,0,0
Florida Keys,Key Largo Dry Rocks,KL3,KL3-t966,34,29,17,17,85%,RC,1,0,none,none,none,0,N,N,0,0,0,0,0,0
Florida Keys,Key Largo Dry Rocks,KL3,KL3-t968,34,12,9,11,95%,JC,1,0,none,none,none,0,N,N,0,0,1,0,0,0
Florida Keys,Key Largo Dry Rocks,KL3,KL3-t969,34,17,14,14,35%,RC,2,0,none,none,none,0,N,N,0,0,1,0,0,0
Florida Keys,Key Largo Dry Rocks,KL3,KL3-t970,34,,,,,G,,,,,,,N,N,,,,,,
Florida Keys,Key Largo Dry Rocks,KL4,KL4-t851,34,59,42,35,90%,BC,1,3,WPx,FS,none,0,N,N,0,0,0,0,1,0
Florida Keys,Key Largo Dry Rocks,KL4,KL4-t852,34,50,44,27,90%,BC,1,1,WPx,none,none,0,N,N,0,0,0,0,1,0
Florida Keys,Key Largo Dry Rocks,KL4,KL4-t853,34,150,106,75,75%,BC,4,1,FS,none,none,0,N,N,0,5,0,1,0,1
Florida Keys,Key Largo Dry Rocks,KL4,KL4-t854,34,34,19,35,50%,JC,2,3,FS,none,none,0,N,N,0,1,0,0,0,0
Florida Keys,Key Largo Dry Rocks,KL4,KL4-t855,34,7,6,3,95%,EC,1,0,none,none,none,0,N,N,0,0,0,0,0,0
Florida Keys,Key Largo Dry Rocks,KL4,KL4-t856,34,134,56,57,95%,BC,1,0,none,none,none,0,N,N,0,6,0,1,0,0
Florida Keys,Key Largo Dry Rocks,KL4,KL4-t857,34,,,,,G,,,,,,,N,N,,,,,,
Florida Keys,Key Largo Dry Rocks,KL4,KL4-t858,34,12,11,7,100%,EC,1,0,none,none,none,0,N,N,0,0,0,0,0,0
Florida Keys,Key Largo Dry Rocks,KL4,KL4-t893,34,86,64,24,50%,AF,2,0,none,none,none,0,N,N,0,0,0,0,0,0
Florida Keys,Key Largo Dry Rocks,KL4,KL4-t894,34,23,10,10,90%,AF,1,0,none,none,none,0,N,N,0,0,0,0,0,0
Florida Keys,Key Largo Dry Rocks,KL4,KL4-t895,34,19,6,8,20%,SF,3,3,RTL,none,none,0,N,N,0,0,0,0,0,0
Florida Keys,Key Largo Dry Rocks,KL4,KL4-t896,34,42,22,12,35%,AF,2,2,RTL,none,none,0,N,N,0,0,0,0,0,0
Florida Keys,Molasses Reef,ML1,ML1-t013,34,173,118,75,60%,BC,9,2,RTL,none,none,0,N,N,1,0,2,0,1,3
Florida Keys,Molasses Reef,ML1,ML1-t015,34,50,40,27,35%,BC,6,0,none,none,none,0,N,N,0,1,1,0,1,0
Florida Keys,Molasses Reef,ML1,ML1-t016,34,112,95,61,80%,BC,7,0,none,none,none,0,N,Y,2,0,1,0,0,3
Florida Keys,Molasses Reef,ML1,ML1-t017,34,26,16,18,99%,JC,1,0,none,none,none,0,N,N,0,0,0,0,0,0
Florida Keys,Molasses Reef,ML1,ML1-t018,34,76,48,36,99%,BC,1,5,FP,none,none,0,N,N,0,0,0,0,1,0
Florida Keys,Molasses Reef,ML1,ML1-t020,34,205,160,100,5%,RC,18,0,none,none,none,0,N,N,0,0,0,0,1,0
Florida Keys,Molasses Reef,ML1,ML1-t234,34,8,4,2,80%,EC,1,0,none,none,none,0,N,N,0,0,0,0,0,0
Florida Keys,Molasses Reef,ML1,ML1-t882,34,35,20,22,65%,AF,2,1,FS,none,none,0,N,N,0,1,0,0,0,0
Florida Keys,Molasses Reef,ML1,ML1-t883,34,49,35,25,70%,AF,1,2,FS,none,none,0,N,N,0,1,0,0,0,0
Florida Keys,Molasses Reef,ML2,ML2-t126,34,185,100,102,45%,BC,25,1,FP,none,none,0,Y,N,2,0,2,2,1,0
Florida Keys,Molasses Reef,ML2,ML2-t127,34,,,,0%,D,,,,,,,N,N,,,,,,
Florida Keys,Molasses Reef,ML2,ML2-t128,34,6,4,2,100%,EC,1,0,none,none,none,0,N,N,0,0,0,0,0,0
Florida Keys,Molasses Reef,ML2,ML2-t129,34,151,85,57,20%,BC,12,0,none,none,none,0,Y,N,2,0,2,0,0,0
Florida Keys,Molasses Reef,ML2,ML2-t130,34,43,32,20,95%,BC,1,0,none,none,none,0,Y,N,0,0,0,0,0,0
Florida Keys,Molasses Reef,ML2,ML2-t131,34,152,133,78,65%,BC,19,0,none,none,none,0,Y,N,1,0,2,3,1,0
Florida Keys,Molasses Reef,ML2,ML2-t132,34,206,128,80,50%,BC,4,1,WPx,FP,none,0,Y,N,1,0,1,0,1,0
Florida Keys,Molasses Reef,ML2,ML2-t137,34,18,8,4,70%,EC,2,0,none,none,none,0,N,N,0,0,0,0,0,0
Florida Keys,Molasses Reef,ML2,ML2-t249,34,9,7,5,100%,EC,1,0,none,none,none,0,N,N,0,0,0,0,0,0
Florida Keys,Molasses Reef,ML2,ML2-t868,34,43,30,23,75%,BC,2,2,Unk,none,none,1,Y,N,0,,,,,
Florida Keys,Molasses Reef,ML2,ML2-t869,34,26,18,11,25%,RC,2,0,none,none,none,0,N,N,0,,,,,
Florida Keys,Molasses Reef,ML2,ML2-t952,34,29,21,14,90%,JC,1,0,none,none,none,0,Y,N,0,0,0,0,0,0
Florida Keys,Molasses Reef,ML2,ML2-t953,34,,,,,G,,,,,,,N,N,,,,,,
Florida Keys,Molasses Reef,ML2,ML2-t954,34,7,6,3,80%,EC,1,5,RTL,none,none,0,N,N,0,0,0,1,0,0
Florida Keys,Molasses Reef,ML3,ML3-t144,34,151,105,77,70%,BC,2,1,FP,FS,CL,0,N,N,0,3,1,0,1,1
Florida Keys,Molasses Reef,ML3,ML3-t145,34,192,133,60,45%,BC,11,1,RTL,Unk,none,0,N,N,3,0,3,0,0,0
Florida Keys,Molasses Reef,ML3,ML3-t146,34,202,162,72,50%,BC,17,2,RTL,CB,none,0,N,N,3,0,2,0,0,0
Florida Keys,Molasses Reef,ML3,ML3-t147,34,185,105,80,50%,BC,23,1,Unk,CB,none,0,N,N,1,1,4,0,1,0
Florida Keys,Molasses Reef,ML3,ML3-t148,34,143,108,87,35%,BC,20,1,Unk,FS,CL,0,N,N,2,1,1,1,0,0
Florida Keys,Molasses Reef,ML3,ML3-t150,34,73,67,46,95%,BC,1,0,none,none,none,0,N,N,3,0,1,0,0,0
Florida Keys,Molasses Reef,ML3,ML3-t184,34,222,193,85,70%,BC,4,2,WPx,WBD,FP,0,N,N,1,0,1,0,1,0
Florida Keys,Molasses Reef,ML3,ML3-t185,34,32,32,22,99%,JC,1,0,none,none,none,0,N,N,0,0,0,0,0,0
Florida Keys,Molasses Reef,ML3,ML3-t186,34,55,47,24,100%,BC,1,0,none,none,none,0,Y,N,0,0,1,0,0,0
Florida Keys,Molasses Reef,ML3,ML3-t915,34,57,56,43,25%,BC,5,0,none,none,none,0,Y,N,1,0,1,0,0,0
Florida Keys,Molasses Reef,ML3,ML3-t955,34,122,83,50,80%,BC,3,2,CB,Oth,none,0,N,N,1,0,1,0,0,0
Florida Keys,Molasses Reef,ML3,ML3-t956,34,15,13,8,100%,JC,1,0,none,none,none,0,N,N,0,0,0,0,0,0
Florida Keys,Sand Island,SI1,SI1-t302,34,119,108,69,85%,BC,3,1,FP,none,none,0,N,N,0,0,0,0,0,0
Florida Keys,Sand Island,SI1,SI1-t303,34,10,6,5,95%,EC,1,0,none,none,none,0,N,N,0,0,0,0,1,0
Florida Keys,Sand Island,SI1,SI1-t305,34,11,7,11,90%,EC,1,0,none,none,none,0,N,N,0,0,0,0,0,0
Florida Keys,Sand Island,SI1,SI1-t307,34,97,74,75,40%,BC,8,1,CL,CB,none,0,N,Y,0,0,0,0,1,0
Florida Keys,Sand Island,SI1,SI1-t308,34,75,52,70,45%,BC,4,1,CL,none,none,0,N,N,0,0,0,0,1,0
Florida Keys,Sand Island,SI1,SI1-t310,34,7,5,4,85%,EC,1,5,FS,none,none,0,N,N,0,1,0,0,0,0
Florida Keys,Sand Island,SI1,SI1-t312,34,25,24,19,80%,RC,1,0,none,none,none,0,N,N,0,0,0,0,0,0
Florida Keys,Sand Island,SI1,SI1-t319,34,85,55,85,2%,RC,12,0,none,none,none,0,N,N,0,0,0,0,0,0
Florida Keys,Sand Island,SI1,SI1-t332,34,140,128,77,50%,BC,8,1,Unk,FP,none,0,N,N,0,0,0,0,1,0
Florida Keys,Sand Island,SI1,SI1-t957,34,48,32,28,5%,RC,5,1,Unk,none,none,0,N,N,0,0,0,0,1,0
Florida Keys,Sand Island,SI1,SI1-t958,34,17,14,6,99%,EC,1,0,none,none,none,0,N,N,0,0,0,0,0,0
Florida Keys,Sand Island,SI1,SI1-t959,34,23,17,16,99%,JC,1,0,none,none,none,0,N,N,0,0,0,0,0,0
Florida Keys,Sand Island,SI2,SI2-t313,34,141,90,116,75%,BC,5,1,FP,Unk,CL,0,N,N,0,0,1,0,1,0
Florida Keys,Sand Island,SI2,SI2-t314,34,4,3,2,100%,EC,1,0,none,none,none,0,N,N,0,0,0,0,0,0
Florida Keys,Sand Island,SI2,SI2-t323,34,96,90,65,40%,BC,3,1,FS,CL,none,0,N,Y,0,1,1,0,0,0
Florida Keys,Sand Island,SI2,SI2-t324,34,151,97,90,90%,BC,1,0,none,none,none,0,N,N,1,0,0,0,0,0
Florida Keys,Sand Island,SI2,SI2-t326,34,201,95,98,60%,BC,5,0,none,none,none,0,N,N,1,0,1,1,0,0
Florida Keys,Sand Island,SI2,SI2-t330,34,47,35,27,25%,BC,2,1,Unk,none,none,0,N,N,0,0,0,0,0,0
Florida Keys,Sand Island,SI2,SI2-t331,34,18,14,16,95%,JC,1,0,none,none,none,0,N,N,0,0,0,0,0,0
Florida Keys,Sand Island,SI2,SI2-t334,34,316,195,150,55%,BC,14,1,Unk,CL,FP,0,N,Y,1,2,4,1,2,0
Florida Keys,Sand Island,SI2,SI2-t399,34,68,52,50,75%,BC,1,1,CL,FP,none,0,N,N,0,0,0,0,1,0
Florida Keys,Sand Island,SI2,SI2-t960,34,93,65,58,99%,BC,1,5,FS,FP,none,0,N,Y,0,1,1,0,1,1
Florida Keys,Sand Island,SI2,SI2-t961,34,55,40,42,100%,BC,1,0,none,none,none,0,N,N,0,0,0,0,1,0
Florida Keys,Sand Island,SI2,SI2-t962,34,191,84,52,65%,BC,5,1,FP,none,none,1,N,N,1,0,1,0,1,0
Florida Keys,Sand Island,SI3,SI3-t315,34,8,3,5,60%,EC,2,0,none,none,none,0,N,N,0,0,0,0,0,0
Florida Keys,Sand Island,SI3,SI3-t316,34,12,11,12,100%,JC,1,0,none,none,none,0,N,N,0,0,0,0,0,0
Florida Keys,Sand Island,SI3,SI3-t317,34,15,11,4,100%,EC,1,0,none,none,none,0,N,N,0,0,0,0,0,0
Florida Keys,Sand Island,SI3,SI3-t336,34,,,,,G,,,,,,,N,N,,,,,,
Florida Keys,Sand Island,SI3,SI3-t338,34,39,19,26,90%,JC,1,0,none,none,none,0,N,N,0,0,0,0,1,0
Florida Keys,Sand Island,SI3,SI3-t340,34,23,15,9,85%,EC,1,2,FS,none,none,0,N,N,0,1,0,0,0,0
Florida Keys,Sand Island,SI3,SI3-t341,34,124,97,83,80%,BC,4,2,WPx,FS,none,0,N,N,0,2,0,0,0,1
Florida Keys,Sand Island,SI3,SI3-t345,34,8,5,8,85%,EC,1,0,none,none,none,0,N,N,0,0,0,0,1,0
Florida Keys,Sand Island,SI3,SI3-t346,34,25,23,21,100%,JC,1,0,none,none,none,0,N,N,0,0,0,0,0,0
Florida Keys,Sand Island,SI3,SI3-t964,34,80,30,50,1%,RC,4,0,none,none,none,0,N,N,0,0,0,0,1,0
Florida Keys,Carysfort Reef,CF1,CF1-t024,35,19,10,8,80%,JC,1,0,none,none,none,0,N,N,0,0,0,0,0,0
Florida Keys,Carysfort Reef,CF1,CF1-t033,35,4,4,2,100%,EC,1,0,none,none,none,0,N,N,0,,,,,
Florida Keys,Carysfort Reef,CF2,CF2-t038,35,200,190,80,15%,BC,11,0,none,none,none,0,N,N,0,0,1,0,1,0
Florida Keys,Carysfort Reef,CF2,CF2-t040,35,97,44,57,25%,BC,6,0,none,none,none,0,N,N,0,0,0,0,0,0
Florida Keys,Carysfort Reef,CF2,CF2-t042,35,207,134,73,70%,BC,18,1,CL,none,none,0,N,N,0,1,1,0,0,0
Florida Keys,Carysfort Reef,CF2,CF2-t043,35,151,108,56,70%,BC,5,0,none,none,none,0,N,N,0,0,0,0,0,2
Florida Keys,Carysfort Reef,CF2,CF2-t045,35,170,95,75,75%,BC,2,0,none,none,none,0,N,N,0,0,0,0,1,1
Florida Keys,Carysfort Reef,CF2,CF2-t047,35,182,87,68,45%,BC,17,1,CL,none,none,0,N,N,0,0,0,0,1,1
Florida Keys,Carysfort Reef,CF2,CF2-t048,35,128,103,74,70%,BC,1,0,none,none,none,0,N,N,0,0,0,0,1,0
Florida Keys,Carysfort Reef,CF2,CF2-t049,35,6,3,1,100%,EC,1,0,none,none,none,0,N,N,0,0,0,0,0,0
Florida Keys,Carysfort Reef,CF2,CF2-t228,35,171,70,58,60%,BC,8,0,none,none,none,0,N,N,0,0,1,0,1,0
Florida Keys,Carysfort Reef,CF2,CF2-t395,35,12,8,4,100%,EC,1,0,none,none,none,0,N,N,0,0,0,0,0,0
Florida Keys,Carysfort Reef,CF2,CF2-t396,35,58,45,36,55%,BC,6,2,FS,none,none,0,N,N,0,9,0,0,0,1
Florida Keys,Carysfort Reef,CF2,CF2-t948,35,52,35,40,35%,BC,2,0,none,none,none,0,N,N,0,0,0,0,0,0
Florida Keys,Carysfort Reef,CF3,CF3-t088,35,290,147,98,25%,BC,17,1,FS,CL,PFB,0,N,N,2,0,3,0,0,0
Florida Keys,Carysfort Reef,CF3,CF3-t090,35,345,155,80,30%,BC,31,1,CL,PFB,none,0,N,N,3,1,6,0,1,0
Florida Keys,Carysfort Reef,CF3,CF3-t092,35,195,92,72,35%,BC,22,1,CL,CB,none,0,N,N,1,0,1,2,1,0
Florida Keys,Carysfort Reef,CF3,CF3-t095,35,9,6,7,100%,EC,1,0,none,none,none,0,N,N,0,0,0,0,0,0
Florida Keys,Carysfort Reef,CF3,CF3-t389,35,,,,0%,D,,,,,,,N,N,,,,,,
Florida Keys,Carysfort Reef,CF3,CF3-t390,35,30,28,8,99%,AF,1,0,none,none,none,0,N,N,0,0,0,0,0,0
Florida Keys,Carysfort Reef,CF3,CF3-t391,35,9,7,2,100%,EC,1,0,none,none,none,0,N,N,0,0,0,0,0,0
Florida Keys,Carysfort Reef,CF3,CF3-t392,35,,,,0%,D,,,,,,,N,N,,,,,,
Florida Keys,Carysfort Reef,CF3,CF3-t393,35,,,,0%,D,,,,,,,N,N,,,,,,
Florida Keys,Carysfort Reef,CF3,CF3-t394,35,,,,0%,D,,,,,,,N,N,,,,,,
Florida Keys,Carysfort Reef,CF3,CF3-t902,35,28,23,22,15%,RC,3,0,none,none,none,0,N,N,0,0,0,0,0,0
Florida Keys,Carysfort Reef,CF3,CF3-t973,35,11,8,9,100%,JC,1,0,none,none,none,0,N,N,0,0,0,0,0,0
Florida Keys,Carysfort Reef,CF4,CF4-t801,35,133,100,65,10%,BC,4,0,none,none,none,0,N,N,0,0,0,0,0,0
Florida Keys,Carysfort Reef,CF4,CF4-t802,35,90,55,50,5%,RC,4,0,none,none,none,0,N,N,0,0,0,0,0,0
Florida Keys,Carysfort Reef,CF4,CF4-t803,35,85,60,45,5%,RC,4,0,none,none,none,0,N,N,0,0,0,0,0,0
Florida Keys,Carysfort Reef,CF4,CF4-t804,35,26,15,12,75%,JC,1,0,none,none,none,0,N,N,0,0,0,0,0,0
Florida Keys,Carysfort Reef,CF4,CF4-t805,35,56,30,38,5%,RC,2,0,none,none,none,0,N,N,0,0,0,0,0,0
Florida Keys,Carysfort Reef,CF4,CF4-t806,35,18,17,16,75%,JC,1,0,none,none,none,0,N,N,0,0,0,0,0,0
Florida Keys,Carysfort Reef,CF4,CF4-t807,35,,,,0%,D,,,,,,,N,N,,,,,,
Florida Keys,Carysfort Reef,CF4,CF4-t808,35,,,,0%,D,,,,,,,N,N,,,,,,
Florida Keys,Carysfort Reef,CF4,CF4-t809,35,130,90,35,5%,RC,4,0,none,none,none,0,N,N,0,0,0,0,0,0
Florida Keys,Carysfort Reef,CF4,CF4-t811,35,58,28,20,15%,BC,4,1,FS,none,none,0,N,N,0,4,0,0,1,0
Florida Keys,Carysfort Reef,CF4,CF4-t812,35,5,3,2,100%,EC,1,0,none,none,none,0,N,N,0,0,0,0,0,0
Florida Keys,Carysfort Reef,CF4,CF4-t813,35,7,4,4,99%,EC,1,0,none,none,none,0,N,N,0,0,0,0,0,0
Florida Keys,Carysfort Reef,CF4,CF4-t814,35,100,95,60,2%,RC,6,2,FS,CB,none,0,N,N,0,3,0,0,0,0
Florida Keys,Carysfort Reef,CF4,CF4-t908,35,32,21,18,40%,RC,1,3,Unk,CB,PFB,0,N,N,0,0,0,0,0,0
Florida Keys,Elbow Reef,EL1,EL1-t051,35,184,133,105,40%,BC,13,1,RTL,Unk,Abr,0,N,N,2,0,1,0,1,1
Florida Keys,Elbow Reef,EL1,EL1-t052,35,270,230,95,70%,BC,12,1,RTL,none,none,0,N,Y,2,2,1,0,1,1
Florida Keys,Elbow Reef,EL1,EL1-t054,35,128,85,70,60%,BC,1,2,RTL,none,none,0,N,Y,0,0,1,0,1,0
Florida Keys,Elbow Reef,EL1,EL1-t055,35,236,165,72,60%,BC,5,1,Unk,none,none,0,N,Y,3,0,3,1,1,3
Florida Keys,Elbow Reef,EL1,EL1-t056,35,113,72,50,65%,BC,4,0,none,none,none,0,N,Y,1,0,1,0,0,0
Florida Keys,Elbow Reef,EL1,EL1-t059,35,24,24,21,80%,JC,1,2,FS,none,none,0,N,N,0,3,0,0,0,0
Florida Keys,Elbow Reef,EL1,EL1-t060,35,106,83,59,80%,BC,7,1,CL,Unk,none,0,N,N,0,0,1,0,0,0
Florida Keys,Elbow Reef,EL1,EL1-t232,35,79,48,50,99%,BC,1,0,none,none,none,0,N,N,1,0,1,0,0,0
Florida Keys,Elbow Reef,EL1,EL1-t454,35,25,16,12,75%,JC,1,0,none,none,none,0,N,N,0,0,0,0,0,0
Florida Keys,Elbow Reef,EL1,EL1-t977,35,95,67,68,50%,BC,3,0,none,none,none,0,N,N,1,0,1,0,1,0
Florida Keys,Elbow Reef,EL1,EL1-t978,35,71,36,41,99%,BC,1,0,none,none,none,0,N,N,0,0,0,0,0,0
Florida Keys,Elbow Reef,EL1,EL1-t979,35,138,91,65,90%,BC,1,3,WPx,FP,none,0,N,N,1,1,2,0,0,0
Florida Keys,Elbow Reef,EL2,EL2-t065,35,90,90,78,10%,BC,3,0,none,none,none,0,N,N,0,0,0,0,1,0
Florida Keys,Elbow Reef,EL2,EL2-t066,35,146,95,85,55%,BC,7,0,none,none,none,1,N,N,1,0,1,1,1,1
Florida Keys,Elbow Reef,EL2,EL2-t067,35,32,25,28,70%,JC,4,0,none,none,none,0,N,N,1,0,0,0,0,0
Florida Keys,Elbow Reef,EL2,EL2-t070,35,16,3,13,100%,JC,1,0,none,none,none,0,N,N,0,0,0,0,0,0
Florida Keys,Elbow Reef,EL2,EL2-t072,35,70,51,32,95%,BC,1,0,none,none,none,1,N,N,0,0,1,0,0,0
Florida Keys,Elbow Reef,EL2,EL2-t073,35,124,98,64,50%,BC,8,0,none,none,none,0,N,N,0,1,0,0,0,0
Florida Keys,Elbow Reef,EL2,EL2-t246,35,14,12,9,100%,JC,1,0,none,none,none,0,N,N,0,0,0,0,0,0
Florida Keys,Elbow Reef,EL2,EL2-t247,35,28,18,25,50%,RC,4,0,none,none,none,0,N,N,0,0,0,0,0,0
Florida Keys,Elbow Reef,EL2,EL2-t452,35,22,7,7,20%,AF,1,0,none,none,none,0,N,N,0,0,0,0,0,0
Florida Keys,Elbow Reef,EL2,EL2-t453,35,46,24,15,90%,BC,1,0,none,none,none,0,N,N,0,0,0,1,0,0
Florida Keys,Elbow Reef,EL2,EL2-t913,35,225,145,85,60%,BC,10,0,none,none,none,0,N,N,0,0,0,0,1,0
Florida Keys,Elbow Reef,EL2,EL2-t980,35,14,9,11,100%,JC,1,0,none,none,none,0,N,N,0,0,0,0,0,0
Florida Keys,Elbow Reef,EL3,EL3-t076,35,74,57,70,20%,RC,14,0,none,none,none,0,N,N,0,0,0,0,1,0
Florida Keys,Elbow Reef,EL3,EL3-t077,35,63,28,26,35%,RC,3,0,none,none,none,0,N,N,0,0,0,0,0,1
Florida Keys,Elbow Reef,EL3,EL3-t078,35,49,41,46,50%,BC,5,1,Unk,none,none,0,N,N,0,0,0,0,0,0
Florida Keys,Elbow Reef,EL3,EL3-t079,35,44,17,22,20%,RC,4,0,none,none,none,0,N,N,0,0,0,0,0,0
Florida Keys,Elbow Reef,EL3,EL3-t083,35,98,81,65,65%,BC,12,1,FS,FP,CB,0,N,N,0,2,1,0,0,0
Florida Keys,Elbow Reef,EL3,EL3-t086,35,165,107,65,60%,BC,5,1,FS,CL,none,0,N,N,0,5,1,0,1,1
Florida Keys,Elbow Reef,EL3,EL3-t450,35,,,,0%,D,,,,,,,N,N,,,,,,
Florida Keys,Elbow Reef,EL3,EL3-t451,35,14,2,9,25%,AF,2,3,Unk,Abr,none,0,N,N,0,0,0,0,0,0
Florida Keys,Elbow Reef,EL3,EL3-t911,35,102,62,50,65%,RC,5,2,FS,none,none,0,N,N,0,5,0,0,1,0
Florida Keys,Elbow Reef,EL3,EL3-t930,35,16,14,7,100%,EC,1,0,none,none,none,0,N,N,0,0,0,0,0,0
Florida Keys,Elbow Reef,EL3,EL3-t932,35,5,3,2,100%,EC,1,0,none,none,none,0,N,N,0,0,0,0,0,0
Florida Keys,Elbow Reef,EL3,EL3-t933,35,102,76,63,70%,BC,4,2,Unk,none,none,1,N,Y,0,1,0,0,0,0
Florida Keys,Elbow Reef,EL4,EL4-t153,35,168,127,85,40%,BC,15,1,FS,none,none,0,N,N,0,4,0,0,1,0
Florida Keys,Elbow Reef,EL4,EL4-t154,35,135,129,95,50%,BC,21,1,FS,PFB,CL,0,N,N,0,5,0,0,1,0
Florida Keys,Elbow Reef,EL4,EL4-t158,35,83,73,46,80%,BC,4,0,none,none,none,0,N,N,0,0,0,0,0,0
Florida Keys,Elbow Reef,EL4,EL4-t165,35,5,4,1,100%,EC,1,0,none,none,none,0,N,N,0,0,0,0,0,0
Florida Keys,Elbow Reef,EL4,EL4-t168,35,175,148,85,80%,BC,3,1,FP,none,none,0,N,N,0,0,0,0,0,0
Florida Keys,Elbow Reef,EL4,EL4-t455,35,52,20,15,0%,D,,2,RTL,none,none,,N,N,,,,,,
Florida Keys,Elbow Reef,EL4,EL4-t456,35,,,,0%,D,,,,,,,N,N,,,,,,
Florida Keys,Elbow Reef,EL4,EL4-t457,35,,,,,G,,,,,,,N,N,,,,,,
Florida Keys,Elbow Reef,EL4,EL4-t922,35,19,10,10,25%,RC,1,4,FS,none,none,0,N,N,0,1,0,0,0,0
Florida Keys,Elbow Reef,EL4,EL4-t935,35,15,10,12,40%,EC,2,4,RTL,none,none,0,N,N,0,0,0,0,0,0
Florida Keys,Elbow Reef,EL4,EL4-t936,35,7,6,2,70%,EC,1,4,RTL,none,none,0,N,N,0,1,0,0,0,0
Florida Keys,Elbow Reef,EL4,EL4-t937,35,,,,0%,D,,,,,,,N,N,,,,,,
Florida Keys,Elbow Reef,EL5,EL5-t177,35,82,43,58,20%,BC,10,1,FS,none,none,0,N,N,0,5,0,0,0,0
Florida Keys,Elbow Reef,EL5,EL5-t180,35,153,107,70,35%,BC,15,2,FS,none,none,0,N,N,0,4,0,0,0,0
Florida Keys,Elbow Reef,EL5,EL5-t183,35,23,21,21,100%,JC,1,0,none,none,none,0,N,N,0,0,0,0,0,0
Florida Keys,Elbow Reef,EL5,EL5-t458,35,,,,0%,D,,,,,,,N,N,,,,,,
Florida Keys,Elbow Reef,EL5,EL5-t459,35,,,,0%,D,,,,,,,N,N,,,,,,
Florida Keys,Elbow Reef,EL5,EL5-t460,35,100,90,12,15%,AF,6,2,FS,none,none,1,N,N,0,2,0,0,0,0
Florida Keys,Elbow Reef,EL5,EL5-t461,35,,,,0%,D,,,,,,,N,N,,,,,,
Florida Keys,Elbow Reef,EL5,EL5-t462,35,65,23,7,30%,AF,1,3,FS,none,none,0,N,N,0,5,0,0,0,0
Florida Keys,French Reef,FR1,FR1-t002,35,87,63,53,85%,BC,1,0,none,none,none,1,N,N,0,0,0,0,0,1
Florida Keys,French Reef,FR1,FR1-t003,35,22,17,18,100%,JC,1,0,none,none,none,0,N,N,0,0,0,0,0,0
Florida Keys,French Reef,FR1,FR1-t004,35,73,68,66,20%,BC,4,0,none,none,none,0,N,N,0,0,1,0,0,0
Florida Keys,French Reef,FR1,FR1-t005,35,144,119,76,60%,BC,2,0,none,none,none,0,N,N,2,0,2,1,0,1
Florida Keys,French Reef,FR1,FR1-t006,35,167,102,72,40%,BC,15,1,FP,none,none,0,N,N,1,0,1,0,1,1
Florida Keys,French Reef,FR1,FR1-t007,35,26,15,15,25%,RC,2,0,none,none,none,0,N,N,0,0,1,0,0,0
Florida Keys,French Reef,FR1,FR1-t008,35,100,48,75,35%,BC,2,0,none,none,none,0,N,N,1,0,4,0,0,0
Florida Keys,French Reef,FR1,FR1-t009,35,164,148,75,60%,BC,12,1,FP,CB,none,0,N,N,2,0,4,0,2,0
Florida Keys,French Reef,FR1,FR1-t010,35,69,55,53,25%,BC,8,0,none,none,none,1,N,N,0,0,0,0,0,0
Florida Keys,French Reef,FR1,FR1-t860,35,15,11,9,95%,EC,1,0,none,none,none,0,N,N,0,0,0,0,0,0
Florida Keys,French Reef,FR1,FR1-t861,35,58,40,52,65%,BC,1,0,none,none,none,0,N,N,0,0,3,0,0,1
Florida Keys,French Reef,FR1,FR1-t976,35,7,5,5,100%,JC,1,0,none,none,none,0,N,N,0,0,0,0,0,0
Florida Keys,French Reef,FR2,FR2-t236,35,12,6,2,100%,EC,1,0,none,none,none,0,N,N,0,0,0,0,0,0
Florida Keys,French Reef,FR2,FR2-t250,35,103,62,55,20%,RC,3,0,none,none,none,0,N,Y,2,0,0,0,1,0
Florida Keys,French Reef,FR2,FR2-t251,35,67,53,63,99%,BC,1,0,none,none,none,0,N,N,0,0,0,0,0,0
Florida Keys,French Reef,FR2,FR2-t255,35,29,16,22,60%,RC,4,0,none,none,none,0,N,N,0,0,0,0,0,0
Florida Keys,French Reef,FR2,FR2-t256,35,14,10,11,100%,JC,1,0,none,none,none,0,N,N,0,0,0,0,0,0
Florida Keys,French Reef,FR2,FR2-t257,35,18,16,17,65%,RC,1,0,none,none,none,0,N,N,0,0,0,0,0,0
Florida Keys,French Reef,FR2,FR2-t258,35,10,5,3,80%,EC,2,0,none,none,none,0,N,N,0,0,0,0,0,0
Florida Keys,French Reef,FR2,FR2-t259,35,23,15,24,80%,JC,1,0,none,none,none,0,N,N,0,0,0,0,0,0
Florida Keys,French Reef,FR2,FR2-t260,35,28,21,32,90%,JC,1,0,none,none,none,0,N,N,0,0,0,0,0,0
Florida Keys,French Reef,FR2,FR2-t261,35,90,61,50,20%,RC,3,0,none,none,none,0,N,N,0,1,1,0,1,0
Florida Keys,French Reef,FR2,FR2-t262,35,14,11,17,65%,JC,1,0,none,none,none,0,N,N,0,0,0,0,0,0
Florida Keys,French Reef,FR2,FR2-t982,35,29,18,33,100%,JC,1,0,none,none,none,0,N,N,0,0,0,0,0,0
Florida Keys,French Reef,FR3,FR3-t816,35,23,15,15,1%,RC,2,5,RTL,FS,none,0,N,N,1,1,0,0,0,0
Florida Keys,French Reef,FR3,FR3-t818,35,11,7,8,75%,JC,1,0,none,none,none,0,N,N,0,0,0,0,0,0
Florida Keys,French Reef,FR3,FR3-t820,35,144,92,72,30%,BC,13,2,WBD,Unk,CB,1,N,N,0,0,1,0,0,0
Florida Keys,French Reef,FR3,FR3-t822,35,7,6,2,100%,EC,1,0,none,none,none,0,N,N,0,0,0,0,0,0
Florida Keys,French Reef,FR3,FR3-t824,35,7,4,1,100%,EC,1,0,none,none,none,0,N,N,0,0,0,0,0,0
Florida Keys,French Reef,FR3,FR3-t825,35,47,32,32,95%,BC,1,0,none,none,none,0,N,Y,0,0,0,0,0,0
Florida Keys,French Reef,FR3,FR3-t862,35,89,68,42,55%,BC,6,3,RTL,none,none,0,N,N,1,0,1,0,1,0
Florida Keys,French Reef,FR3,FR3-t863,35,96,64,58,75%,BC,1,5,FS,none,none,1,N,N,0,1,1,0,0,0
Florida Keys,French Reef,FR3,FR3-t864,35,18,12,4,45%,EC,2,0,none,none,none,0,N,N,0,0,0,0,0,0
Florida Keys,French Reef,FR3,FR3-t865,35,18,11,14,100%,JC,1,0,none,none,none,0,N,N,0,0,0,0,0,0
Florida Keys,French Reef,FR3,FR3-t866,35,6,5,2,100%,EC,1,0,none,none,none,0,N,N,0,0,0,0,0,0
Florida Keys,French Reef,FR3,FR3-t867,35,,,,0%,D,,,,,,,N,N,,,,,,
Florida Keys,Grecian Rocks,GR1,GR1-t463,35,20,12,5,30%,AF,2,0,none,none,none,0,N,N,0,0,0,0,0,0
Florida Keys,Grecian Rocks,GR1,GR1-t827,35,60,44,37,85%,BC,1,1,FS,none,none,0,N,N,0,0,0,0,0,0
Florida Keys,Grecian Rocks,GR1,GR1-t828,35,62,57,57,95%,BC,1,0,none,none,none,1,N,Y,0,0,0,0,1,0
Florida Keys,Grecian Rocks,GR1,GR1-t830,35,79,55,46,45%,BC,7,3,FS,WPx,none,0,N,N,0,5,0,0,0,0
Florida Keys,Grecian Rocks,GR1,GR1-t832,35,52,42,25,1%,EC,2,0,none,none,none,0,N,N,0,0,0,0,0,0
Florida Keys,Grecian Rocks,GR1,GR1-t833,35,83,72,44,85%,BC,1,0,none,none,none,0,N,N,0,0,0,0,0,0
Florida Keys,Grecian Rocks,GR1,GR1-t835,35,70,65,45,80%,BC,3,0,none,none,none,0,N,N,0,0,0,0,0,0
Florida Keys,Grecian Rocks,GR1,GR1-t836,35,87,59,36,65%,BC,3,0,none,none,none,1,N,N,0,0,1,0,0,0
Florida Keys,Grecian Rocks,GR1,GR1-t889,35,14,5,9,100%,AF,1,0,none,none,none,0,N,N,0,0,0,0,0,0
Florida Keys,Grecian Rocks,GR1,GR1-t890,35,29,24,22,90%,JC,1,0,none,none,none,1,N,N,0,0,0,0,0,0
Florida Keys,Grecian Rocks,GR1,GR1-t891,35,60,48,23,95%,AF,2,0,none,none,none,0,N,N,0,0,0,0,0,0
Florida Keys,Grecian Rocks,GR1,GR1-t892,35,,,,0%,D,,,,,,,N,N,,,,,,
Florida Keys,Grecian Rocks,GR2,GR2-t839,35,5,4,3,100%,EC,1,0,none,none,none,0,N,N,0,0,0,0,0,0
Florida Keys,Grecian Rocks,GR2,GR2-t840,35,75,38,46,95%,BC,1,0,none,none,none,0,N,N,0,0,0,0,0,0
Florida Keys,Grecian Rocks,GR2,GR2-t841,35,119,110,79,75%,BC,1,1,FS,none,none,0,N,Y,0,0,0,0,0,2
Florida Keys,Grecian Rocks,GR2,GR2-t844,35,66,42,48,60%,BC,3,0,none,none,none,0,N,Y,0,0,0,0,0,0
Florida Keys,Grecian Rocks,GR2,GR2-t846,35,134,65,80,65%,BC,4,0,none,none,none,0,N,N,0,0,0,0,0,0
Florida Keys,Grecian Rocks,GR2,GR2-t847,35,54,40,22,90%,BC,1,0,none,none,none,0,N,N,0,0,0,0,0,0
Florida Keys,Grecian Rocks,GR2,GR2-t850,35,112,72,73,90%,BC,2,2,Oth,none,none,1,N,N,0,0,0,0,0,0
Florida Keys,Grecian Rocks,GR2,GR2-t884,35,23,11,3,35%,AF,1,0,none,none,none,0,N,N,0,0,0,0,0,0
Florida Keys,Grecian Rocks,GR2,GR2-t885,35,127,87,51,95%,BC,1,0,none,none,none,0,N,N,0,0,0,0,0,0
Florida Keys,Grecian Rocks,GR2,GR2-t886,35,21,7,9,99%,AF,1,0,none,none,none,0,N,N,0,0,0,0,0,0
Florida Keys,Grecian Rocks,GR2,GR2-t887,35,,,,0%,D,,,,,,,N,N,,,,,,
Florida Keys,Grecian Rocks,GR2,GR2-t888,35,,,,0%,D,,,,,,,N,N,,,,,,
Florida Keys,Grecian Rocks,GR3,GR3-t397,35,52,32,38,60%,BC,5,0,none,none,none,0,N,N,0,0,0,0,0,0
Florida Keys,Grecian Rocks,GR3,GR3-t398,35,48,35,44,65%,BC,4,0,none,none,none,0,N,N,0,0,0,0,0,0
Florida Keys,Grecian Rocks,GR3,GR3-t870,35,40,20,32,20%,RC,9,0,none,none,none,0,N,N,0,1,0,0,0,0
Florida Keys,Grecian Rocks,GR3,GR3-t871,35,25,16,17,65%,RC,1,0,none,none,none,0,N,N,0,0,0,0,0,0
Florida Keys,Grecian Rocks,GR3,GR3-t872,35,18,12,12,90%,JC,1,0,none,none,none,0,N,N,0,0,0,0,0,0
Florida Keys,Grecian Rocks,GR3,GR3-t873,35,34,26,26,95%,JC,1,0,none,none,none,0,N,N,0,0,0,0,0,0
Florida Keys,Grecian Rocks,GR3,GR3-t874,35,5,3,1,80%,EC,1,0,none,none,none,0,N,N,0,0,0,0,0,0
Florida Keys,Grecian Rocks,GR3,GR3-t875,35,30,21,14,80%,JC,1,4,FS,none,none,0,N,N,0,2,0,0,0,0
Florida Keys,Grecian Rocks,GR3,GR3-t876,35,105,58,40,20%,BC,3,2,FS,none,none,0,N,N,0,4,0,0,0,0
Florida Keys,Grecian Rocks,GR3,GR3-t877,35,130,60,46,10%,RC,8,2,RTL,none,none,0,N,N,0,0,0,0,0,0
Florida Keys,Grecian Rocks,GR3,GR3-t879,35,,,,0%,D,,,,,,,N,N,,,,,,
Florida Keys,Grecian Rocks,GR3,GR3-t881,35,39,25,20,30%,RC,3,0,none,none,none,0,N,N,0,0,0,0,0,0
Florida Keys,Key Largo Dry Rocks,KL1,KL1-t037,35,10,6,16,95%,JC,1,0,none,none,none,0,N,N,0,0,0,0,0,0
Florida Keys,Key Largo Dry Rocks,KL1,KL1-t100,35,9,7,3,100%,EC,1,0,none,none,none,0,N,N,0,0,0,0,0,0
Florida Keys,Key Largo Dry Rocks,KL1,KL1-t104,35,115,80,65,5%,RC,6,1,RTL,none,none,0,N,N,0,0,0,0,0,0
Florida Keys,Key Largo Dry Rocks,KL1,KL1-t105,35,52,42,35,80%,BC,2,0,none,none,none,1,N,N,0,0,0,0,0,0
Florida Keys,Key Largo Dry Rocks,KL1,KL1-t106,35,74,30,35,5%,RC,6,0,none,none,none,0,N,N,0,0,0,0,0,0
Florida Keys,Key Largo Dry Rocks,KL1,KL1-t107,35,115,52,59,15%,BC,5,0,none,none,none,1,N,N,0,0,1,0,0,0
Florida Keys,Key Largo Dry Rocks,KL1,KL1-t108,35,171,93,80,10%,RC,12,1,RTL,none,none,0,N,N,0,0,0,0,0,0
Florida Keys,Key Largo Dry Rocks,KL1,KL1-t109,35,16,13,2,90%,EC,1,0,none,none,none,0,N,N,0,0,0,0,0,0
Florida Keys,Key Largo Dry Rocks,KL1,KL1-t110,35,175,100,90,10%,RC,13,0,none,none,none,0,N,N,0,0,0,0,0,0
Florida Keys,Key Largo Dry Rocks,KL1,KL1-t239,35,22,21,16,80%,RC,1,0,none,none,none,0,N,N,0,0,0,0,0,0
Florida Keys,Key Largo Dry Rocks,KL1,KL1-t373,35,18,16,4,95%,AF,1,0,none,none,none,0,N,N,0,0,0,0,0,0
Florida Keys,Key Largo Dry Rocks,KL1,KL1-t374,35,8,6,4,90%,AF,1,0,none,none,none,0,N,N,0,0,0,0,0,0
Florida Keys,Key Largo Dry Rocks,KL1,KL1-t375,35,5,3,4,85%,EC,1,5,Unk,none,none,0,N,N,0,0,0,0,0,0
Florida Keys,Key Largo Dry Rocks,KL1,KL1-t388,35,9,5,3,100%,JC,1,0,none,none,none,0,N,N,0,0,0,0,0,0
Florida Keys,Key Largo Dry Rocks,KL3,KL3-t215,35,40,29,23,5%,RC,2,0,none,none,none,0,N,N,0,0,0,0,0,0
Florida Keys,Key Largo Dry Rocks,KL3,KL3-t217,35,6,3,2,100%,EC,1,0,none,none,none,0,N,N,0,0,0,0,0,0
Florida Keys,Key Largo Dry Rocks,KL3,KL3-t220,35,6,5,3,65%,EC,3,0,none,none,none,0,N,N,0,0,0,0,0,0
Florida Keys,Key Largo Dry Rocks,KL3,KL3-t222,35,71,67,37,2%,RC,2,1,FS,none,none,0,N,N,0,1,0,0,0,0
Florida Keys,Key Largo Dry Rocks,KL3,KL3-t372,35,2,2,1,100%,EC,1,0,none,none,none,0,N,N,0,0,0,0,0,0
Florida Keys,Key Largo Dry Rocks,KL3,KL3-t897,35,11,8,12,100%,JC,1,0,none,none,none,0,N,N,0,0,0,0,0,0
Florida Keys,Key Largo Dry Rocks,KL3,KL3-t898,35,2,1,1,100%,EC,1,0,none,none,none,0,N,N,0,0,0,0,0,0
Florida Keys,Key Largo Dry Rocks,KL3,KL3-t899,35,12,8,12,100%,JC,1,0,none,none,none,0,N,N,2,0,1,0,0,0
Florida Keys,Key Largo Dry Rocks,KL3,KL3-t900,35,,,,0%,D,,,,,,,N,N,,,,,,
Florida Keys,Key Largo Dry Rocks,KL3,KL3-t966,35,30,18,20,90%,RC,1,0,none,none,none,0,N,N,0,0,1,0,0,0
Florida Keys,Key Largo Dry Rocks,KL3,KL3-t968,35,14,9,13,99%,JC,1,0,none,none,none,0,N,N,0,0,0,0,0,0
Florida Keys,Key Largo Dry Rocks,KL3,KL3-t969,35,18,13,15,45%,RC,2,0,none,none,none,0,N,N,1,0,1,0,0,0
Florida Keys,Key Largo Dry Rocks,KL4,KL4-t851,35,62,43,36,85%,BC,1,2,FS,WPx,none,0,N,N,0,1,0,0,0,0
Florida Keys,Key Largo Dry Rocks,KL4,KL4-t852,35,53,46,28,90%,BC,1,2,WBD,Unk,none,0,N,N,0,0,0,0,0,0
Florida Keys,Key Largo Dry Rocks,KL4,KL4-t853,35,148,107,76,75%,BC,3,1,FS,FP,none,0,N,N,0,7,0,0,0,1
Florida Keys,Key Largo Dry Rocks,KL4,KL4-t854,35,40,30,22,25%,AF,2,2,FS,none,none,0,N,N,0,1,0,0,0,0
Florida Keys,Key Largo Dry Rocks,KL4,KL4-t855,35,7,6,2,95%,EC,1,0,none,none,none,0,N,N,0,0,0,0,0,0
Florida Keys,Key Largo Dry Rocks,KL4,KL4-t856,35,140,61,57,90%,BC,2,0,none,none,none,0,N,N,0,2,0,1,0,0
Florida Keys,Key Largo Dry Rocks,KL4,KL4-t858,35,12,11,7,100%,EC,1,0,none,none,none,0,N,N,0,0,0,0,0,0
Florida Keys,Key Largo Dry Rocks,KL4,KL4-t893,35,80,56,26,50%,AF,3,1,Unk,none,none,0,N,N,0,0,0,0,0,0
Florida Keys,Key Largo Dry Rocks,KL4,KL4-t894,35,15,7,6,100%,EC,1,0,none,none,none,0,N,N,0,0,0,0,0,0
Florida Keys,Key Largo Dry Rocks,KL4,KL4-t895,35,,,,0%,D,,,,,,,N,N,,,,,,
Florida Keys,Key Largo Dry Rocks,KL4,KL4-t896,35,,,,0%,D,,,,,,,N,N,,,,,,
Florida Keys,Molasses Reef,ML1,ML1-t013,35,176,121,75,65%,BC,12,0,none,none,none,0,N,Y,0,0,1,0,1,1
Florida Keys,Molasses Reef,ML1,ML1-t015,35,51,40,30,40%,BC,8,0,none,none,none,0,N,N,0,0,0,0,1,0
Florida Keys,Molasses Reef,ML1,ML1-t016,35,113,100,62,80%,BC,5,1,CL,none,none,0,N,N,2,1,1,1,1,2
Florida Keys,Molasses Reef,ML1,ML1-t017,35,26,18,20,95%,JC,1,0,none,none,none,0,N,N,0,0,0,0,0,0
Florida Keys,Molasses Reef,ML1,ML1-t018,35,79,51,36,99%,BC,1,0,none,none,none,0,N,N,0,0,0,0,0,0
Florida Keys,Molasses Reef,ML1,ML1-t020,35,205,160,100,5%,RC,11,0,none,none,none,0,N,N,0,0,1,0,1,0
Florida Keys,Molasses Reef,ML1,ML1-t234,35,8,6,2,65%,EC,1,0,none,none,none,0,N,N,0,0,0,0,0,0
Florida Keys,Molasses Reef,ML1,ML1-t882,35,34,28,12,60%,AF,2,1,FS,none,none,0,N,N,0,1,0,0,0,0
Florida Keys,Molasses Reef,ML1,ML1-t883,35,45,35,30,70%,AF,1,1,FS,Oth,none,1,N,N,0,2,0,0,0,0
Florida Keys,Molasses Reef,ML2,ML2-t126,35,182,100,103,45%,BC,26,1,Oth,none,none,0,Y,N,3,0,3,1,1,0
Florida Keys,Molasses Reef,ML2,ML2-t128,35,6,5,2,100%,EC,1,0,none,none,none,0,N,N,0,0,0,0,0,0
Florida Keys,Molasses Reef,ML2,ML2-t129,35,152,89,57,20%,BC,17,1,CB,none,none,0,Y,N,3,0,2,0,0,0
Florida Keys,Molasses Reef,ML2,ML2-t130,35,43,34,19,85%,BC,1,0,none,none,none,0,Y,N,0,0,0,0,0,0
Florida Keys,Molasses Reef,ML2,ML2-t131,35,160,133,78,65%,BC,17,1,RTL,none,none,0,Y,N,1,0,2,1,1,0
Florida Keys,Molasses Reef,ML2,ML2-t132,35,208,132,82,50%,BC,6,1,CL,none,none,0,Y,N,2,0,1,1,1,0
Florida Keys,Molasses Reef,ML2,ML2-t137,35,19,8,3,60%,EC,2,1,Unk,Abr,none,0,Y,N,0,0,0,0,0,0
Florida Keys,Molasses Reef,ML2,ML2-t249,35,9,7,4,90%,EC,1,0,none,none,none,0,N,N,0,0,1,0,0,0
Florida Keys,Molasses Reef,ML2,ML2-t868,35,43,30,24,50%,RC,4,1,Unk,none,none,0,Y,N,2,0,1,0,0,0
Florida Keys,Molasses Reef,ML2,ML2-t869,35,24,14,11,25%,RC,2,0,none,none,none,0,Y,N,0,0,0,0,0,0
Florida Keys,Molasses Reef,ML2,ML2-t952,35,29,23,16,90%,JC,1,2,FS,none,none,1,Y,N,0,3,1,0,0,0
Florida Keys,Molasses Reef,ML2,ML2-t954,35,7,6,3,90%,EC,1,0,none,none,none,0,N,N,0,0,0,0,0,0
Florida Keys,Molasses Reef,ML3,ML3-t144,35,149,109,77,70%,BC,2,1,FS,none,none,0,Y,Y,0,4,1,1,0,0
Florida Keys,Molasses Reef,ML3,ML3-t145,35,195,129,62,45%,BC,13,1,CB,Oth,Unk,0,N,N,3,0,3,0,0,0
Florida Keys,Molasses Reef,ML3,ML3-t146,35,212,168,72,50%,BC,21,1,FS,RTL,Unk,0,N,N,3,5,2,0,0,0
Florida Keys,Molasses Reef,ML3,ML3-t147,35,188,110,80,50%,BC,34,1,CB,none,none,0,N,N,1,0,3,0,1,0
Florida Keys,Molasses Reef,ML3,ML3-t148,35,138,103,90,30%,BC,22,1,CL,CB,Oth,0,N,N,2,0,1,0,0,0
Florida Keys,Molasses Reef,ML3,ML3-t150,35,74,68,47,90%,BC,1,1,CL,none,none,0,N,N,1,0,0,1,0,0
Florida Keys,Molasses Reef,ML3,ML3-t184,35,224,195,85,70%,BC,5,1,Oth,CL,Unk,1,N,N,1,0,1,0,1,0
Florida Keys,Molasses Reef,ML3,ML3-t185,35,35,32,23,99%,JC,1,0,none,none,none,0,N,N,0,0,0,0,0,0
Florida Keys,Molasses Reef,ML3,ML3-t186,35,59,49,25,99%,BC,1,5,Oth,none,none,0,N,N,0,0,1,0,0,0
Florida Keys,Molasses Reef,ML3,ML3-t915,35,61,55,44,25%,BC,4,0,none,none,none,0,N,N,0,0,1,0,0,0
Florida Keys,Molasses Reef,ML3,ML3-t955,35,121,82,50,80%,BC,2,2,CL,none,none,0,N,N,2,0,1,0,0,1
Florida Keys,Molasses Reef,ML3,ML3-t956,35,17,14,9,100%,JC,1,0,none,none,none,0,N,N,0,0,0,0,0,0
Florida Keys,Sand Island,SI1,SI1-t302,35,125,110,70,85%,BC,6,1,PFB,none,none,0,N,N,0,0,0,0,1,0
Florida Keys,Sand Island,SI1,SI1-t303,35,11,8,5,99%,EC,1,0,none,none,none,0,N,N,0,0,0,0,0,0
Florida Keys,Sand Island,SI1,SI1-t305,35,12,7,11,95%,EC,1,0,none,none,none,0,N,N,0,0,0,0,0,0
Florida Keys,Sand Island,SI1,SI1-t307,35,102,74,75,40%,BC,8,1,PFB,Unk,none,0,N,N,0,0,0,0,1,0
Florida Keys,Sand Island,SI1,SI1-t308,35,75,52,74,45%,BC,6,1,PFB,Unk,none,0,N,N,0,0,0,0,1,0
Florida Keys,Sand Island,SI1,SI1-t310,35,7,5,4,10%,EC,4,3,PFB,none,none,0,N,N,0,0,0,0,0,0
Florida Keys,Sand Island,SI1,SI1-t312,35,29,28,21,85%,JC,1,0,none,none,none,0,N,N,0,0,0,0,0,0
Florida Keys,Sand Island,SI1,SI1-t319,35,85,55,85,2%,RC,11,1,Abr,none,none,1,N,N,0,0,0,0,0,0
Florida Keys,Sand Island,SI1,SI1-t332,35,142,135,78,55%,BC,10,1,WBD,none,none,0,N,N,0,0,0,0,1,0
Florida Keys,Sand Island,SI1,SI1-t957,35,3,2,1,100%,EC,1,0,none,none,none,0,N,N,0,0,0,0,0,0
Florida Keys,Sand Island,SI1,SI1-t958,35,17,16,7,99%,EC,1,0,none,none,none,0,N,N,0,0,0,0,0,0
Florida Keys,Sand Island,SI1,SI1-t959,35,23,21,18,99%,JC,1,0,none,none,none,0,Y,N,0,0,0,0,0,0
Florida Keys,Sand Island,SI2,SI2-t313,35,143,92,120,75%,BC,6,1,CB,WPx,none,0,N,N,0,0,0,0,1,0
Florida Keys,Sand Island,SI2,SI2-t314,35,4,3,2,100%,EC,1,0,none,none,none,0,N,N,0,0,0,0,0,0
Florida Keys,Sand Island,SI2,SI2-t323,35,95,90,65,40%,BC,3,1,PFB,FS,none,0,N,N,1,1,1,0,1,0
Florida Keys,Sand Island,SI2,SI2-t324,35,155,98,90,90%,BC,1,0,none,none,none,0,N,N,0,0,0,0,1,0
Florida Keys,Sand Island,SI2,SI2-t326,35,207,95,99,65%,BC,4,1,FS,Unk,none,0,N,N,1,0,1,1,1,0
Florida Keys,Sand Island,SI2,SI2-t330,35,51,35,28,25%,BC,2,0,none,none,none,0,N,N,0,0,0,0,0,0
Florida Keys,Sand Island,SI2,SI2-t331,35,19,14,20,99%,JC,1,0,none,none,none,0,N,N,0,0,0,0,0,0
Florida Keys,Sand Island,SI2,SI2-t334,35,315,195,152,55%,BC,11,1,Oth,none,none,0,N,Y,1,0,4,0,1,0
Florida Keys,Sand Island,SI2,SI2-t399,35,68,50,50,75%,BC,1,0,none,none,none,0,N,N,0,0,0,0,1,0
Florida Keys,Sand Island,SI2,SI2-t960,35,98,68,61,95%,BC,1,5,FS,none,none,0,N,N,0,2,0,0,1,1
Florida Keys,Sand Island,SI2,SI2-t961,35,55,40,43,90%,BC,1,4,FS,CB,none,0,N,N,0,0,0,1,0,0
Florida Keys,Sand Island,SI2,SI2-t962,35,198,87,56,70%,BC,3,0,none,none,none,0,N,N,1,0,1,0,1,0
Florida Keys,Sand Island,SI3,SI3-t315,35,9,6,8,40%,EC,2,0,none,none,none,0,N,N,0,0,0,0,0,0
Florida Keys,Sand Island,SI3,SI3-t316,35,13,11,12,100%,JC,1,0,none,none,none,0,N,N,0,0,0,0,0,0
Florida Keys,Sand Island,SI3,SI3-t317,35,17,12,6,100%,EC,1,0,none,none,none,0,N,N,0,0,0,0,0,0
Florida Keys,Sand Island,SI3,SI3-t338,35,42,20,27,95%,BC,1,0,none,none,none,0,N,N,0,0,0,0,1,0
Florida Keys,Sand Island,SI3,SI3-t340,35,24,15,9,45%,EC,2,4,FS,none,none,0,N,N,0,1,0,0,0,0
Florida Keys,Sand Island,SI3,SI3-t341,35,126,97,85,80%,BC,3,0,none,none,none,0,N,N,0,0,0,0,1,0
Florida Keys,Sand Island,SI3,SI3-t345,35,9,5,7,65%,EC,1,0,none,none,none,0,N,N,0,0,0,0,0,0
Florida Keys,Sand Island,SI3,SI3-t346,35,23,21,21,100%,JC,1,0,none,none,none,0,N,N,0,0,0,0,0,0
Florida Keys,Sand Island,SI3,SI3-t964,35,80,30,50,1%,RC,3,0,none,none,none,0,N,N,0,0,0,0,1,0
Florida Keys,Carysfort Reef,CF1,CF1-t024,36,20,11,9,95%,JC,1,0,none,none,none,0,N,N,0,0,0,0,0,0
Florida Keys,Carysfort Reef,CF1,CF1-t033,36,5,4,2,100%,EC,1,0,none,none,none,0,N,N,0,,,,,
Florida Keys,Carysfort Reef,CF2,CF2-t038,36,200,190,80,20%,BC,11,0,none,none,none,0,N,N,0,0,0,0,2,0
Florida Keys,Carysfort Reef,CF2,CF2-t040,36,99,47,57,30%,BC,3,0,none,none,none,0,N,N,0,0,0,0,1,0
Florida Keys,Carysfort Reef,CF2,CF2-t042,36,211,134,73,70%,BC,20,1,FS,CL,none,0,N,Y,0,2,0,0,0,0
Florida Keys,Carysfort Reef,CF2,CF2-t043,36,155,109,60,75%,BC,5,0,none,none,none,0,N,N,0,0,0,0,1,0
Florida Keys,Carysfort Reef,CF2,CF2-t045,36,172,95,75,80%,BC,2,0,none,none,none,0,N,N,0,1,0,0,1,0
Florida Keys,Carysfort Reef,CF2,CF2-t047,36,182,93,70,45%,BC,16,1,FS,none,none,0,N,N,0,1,0,0,1,0
Florida Keys,Carysfort Reef,CF2,CF2-t048,36,134,101,74,70%,BC,1,1,CL,none,none,0,N,N,0,0,0,0,1,0
Florida Keys,Carysfort Reef,CF2,CF2-t049,36,6,3,1,100%,EC,1,0,none,none,none,0,N,N,0,0,0,0,0,0
Florida Keys,Carysfort Reef,CF2,CF2-t228,36,173,74,60,60%,BC,3,1,FS,none,none,0,N,N,0,1,0,0,0,0
Florida Keys,Carysfort Reef,CF2,CF2-t395,36,12,8,4,100%,EC,1,0,none,none,none,0,N,N,0,0,0,0,1,0
Florida Keys,Carysfort Reef,CF2,CF2-t396,36,60,45,37,55%,BC,7,2,FS,none,none,0,N,N,0,7,0,0,1,0
Florida Keys,Carysfort Reef,CF2,CF2-t948,36,53,39,42,35%,BC,2,1,CL,none,none,0,N,N,0,1,0,0,0,0
Florida Keys,Carysfort Reef,CF3,CF3-t088,36,290,150,98,25%,BC,19,1,UNK,none,none,0,N,N,2,0,4,0,0,0
Florida Keys,Carysfort Reef,CF3,CF3-t090,36,351,147,80,30%,BC,29,1,FS,CL,CB,0,N,N,1,5,3,2,2,0
Florida Keys,Carysfort Reef,CF3,CF3-t092,36,185,92,74,35%,BC,27,1,CL,CB,none,0,N,N,2,0,3,0,1,0
Florida Keys,Carysfort Reef,CF3,CF3-t095,36,9,6,8,100%,EC,1,0,none,none,none,0,N,N,0,0,0,0,0,0
Florida Keys,Carysfort Reef,CF3,CF3-t390,36,30,26,11,100%,AF,1,0,none,none,none,0,N,N,0,0,0,0,0,0
Florida Keys,Carysfort Reef,CF3,CF3-t391,36,9,7,4,100%,EC,1,0,none,none,none,0,N,N,0,0,0,0,0,0
Florida Keys,Carysfort Reef,CF3,CF3-t902,36,28,22,20,15%,RC,2,0,none,none,none,0,N,N,0,0,0,0,0,0
Florida Keys,Carysfort Reef,CF3,CF3-t973,36,13,12,9,100%,JC,1,0,none,none,none,0,N,N,0,0,0,0,1,0
Florida Keys,Carysfort Reef,CF4,CF4-t801,36,130,100,65,5%,RC,4,0,none,none,none,0,N,N,0,0,0,0,0,0
Florida Keys,Carysfort Reef,CF4,CF4-t802,36,90,55,50,5%,RC,4,0,none,none,none,0,N,N,0,0,0,0,0,0
Florida Keys,Carysfort Reef,CF4,CF4-t803,36,85,60,40,5%,RC,4,0,none,none,none,0,N,N,0,0,0,0,0,0
Florida Keys,Carysfort Reef,CF4,CF4-t804,36,26,13,13,75%,JC,1,0,none,none,none,0,N,N,0,0,0,0,0,0
Florida Keys,Carysfort Reef,CF4,CF4-t805,36,56,30,35,5%,RC,2,0,none,none,none,0,N,N,0,0,0,0,0,0
Florida Keys,Carysfort Reef,CF4,CF4-t806,36,21,19,19,85%,JC,1,3,FS,none,none,0,N,N,0,4,0,0,1,0
Florida Keys,Carysfort Reef,CF4,CF4-t809,36,130,90,35,2%,RC,5,2,FS,none,none,0,N,N,0,11,0,0,0,0
Florida Keys,Carysfort Reef,CF4,CF4-t811,36,55,25,20,1%,RC,1,2,RTL,none,none,0,N,N,0,0,0,0,0,0
Florida Keys,Carysfort Reef,CF4,CF4-t812,36,5,3,2,100%,EC,1,0,none,none,none,0,N,N,0,0,0,0,0,0
Florida Keys,Carysfort Reef,CF4,CF4-t813,36,8,5,3,90%,EC,1,0,none,none,none,0,N,N,0,0,0,0,0,0
Florida Keys,Carysfort Reef,CF4,CF4-t814,36,95,95,60,1%,RC,2,0,none,none,none,0,N,N,0,0,0,0,1,0
Florida Keys,Carysfort Reef,CF4,CF4-t908,36,32,17,17,35%,RC,2,0,none,none,none,0,N,N,0,0,0,0,2,0
Florida Keys,Elbow Reef,EL1,EL1-t051,36,186,130,105,40%,BC,27,1,RTL,none,none,0,N,N,2,0,1,0,2,2
Florida Keys,Elbow Reef,EL1,EL1-t052,36,270,230,95,65%,BC,9,1,FS,WPX,PFB,1,N,Y,2,0,2,0,0,0
Florida Keys,Elbow Reef,EL1,EL1-t054,36,125,85,70,60%,BC,6,0,none,none,none,1,N,Y,0,0,1,0,1,0
Florida Keys,Elbow Reef,EL1,EL1-t055,36,237,167,73,60%,BC,5,2,RTL,CL,CB,0,N,Y,2,0,3,0,1,0
Florida Keys,Elbow Reef,EL1,EL1-t056,36,115,68,50,60%,BC,4,1,UNK,none,none,0,N,Y,0,0,1,0,1,0
Florida Keys,Elbow Reef,EL1,EL1-t059,36,27,23,22,80%,JC,1,0,none,none,none,0,N,N,0,0,0,0,0,0
Florida Keys,Elbow Reef,EL1,EL1-t060,36,105,83,60,75%,BC,6,1,CL,CB,UNK,0,N,N,1,0,1,0,1,0
Florida Keys,Elbow Reef,EL1,EL1-t232,36,82,49,52,99%,BC,1,0,none,none,none,0,N,N,0,0,1,0,0,0
Florida Keys,Elbow Reef,EL1,EL1-t454,36,24,16,13,70%,JC,1,0,none,none,none,0,N,N,0,0,0,0,1,0
Florida Keys,Elbow Reef,EL1,EL1-t977,36,100,63,70,55%,BC,6,0,none,none,none,0,N,N,2,4,1,0,1,0
Florida Keys,Elbow Reef,EL1,EL1-t978,36,66,35,42,95%,BC,2,0,none,none,none,0,N,N,0,0,0,0,0,0
Florida Keys,Elbow Reef,EL1,EL1-t979,36,145,96,67,75%,BC,1,4,RTL,FS,WPX,0,N,N,1,0,2,0,0,0
Florida Keys,Elbow Reef,EL2,EL2-t065,36,90,90,75,10%,BC,3,0,none,none,none,0,N,N,0,0,0,0,0,0
Florida Keys,Elbow Reef,EL2,EL2-t066,36,147,97,85,55%,BC,5,0,none,none,none,0,N,N,0,0,0,0,2,2
Florida Keys,Elbow Reef,EL2,EL2-t067,36,30,24,29,70%,JC,2,0,none,none,none,0,N,N,0,0,0,0,0,0
Florida Keys,Elbow Reef,EL2,EL2-t070,36,13,6,16,100%,JC,1,0,none,none,none,0,N,N,0,0,0,0,0,0
Florida Keys,Elbow Reef,EL2,EL2-t072,36,74,57,35,95%,BC,1,0,none,none,none,0,N,N,0,0,1,0,0,0
Florida Keys,Elbow Reef,EL2,EL2-t073,36,128,100,65,55%,BC,8,1,FS,CB,none,0,N,N,0,2,0,0,1,0
Florida Keys,Elbow Reef,EL2,EL2-t246,36,15,10,12,100%,JC,1,0,none,none,none,0,N,N,0,0,0,0,0,0
Florida Keys,Elbow Reef,EL2,EL2-t247,36,28,20,21,40%,RC,4,0,none,none,none,0,N,N,0,0,0,0,0,0
Florida Keys,Elbow Reef,EL2,EL2-t452,36,8,4,6,100%,EC,1,0,none,none,none,0,N,N,0,0,0,0,0,0
Florida Keys,Elbow Reef,EL2,EL2-t453,36,52,24,18,95%,BC,1,0,none,none,none,0,N,N,0,0,0,1,0,0
Florida Keys,Elbow Reef,EL2,EL2-t913,36,225,147,85,60%,BC,14,0,none,none,none,0,N,N,0,0,0,0,1,2
Florida Keys,Elbow Reef,EL2,EL2-t980,36,13,10,13,100%,JC,1,0,none,none,none,0,N,N,0,0,0,0,0,0
Florida Keys,Elbow Reef,EL3,EL3-t076,36,74,57,70,15%,RC,14,0,none,none,none,0,N,N,0,0,0,0,0,0
Florida Keys,Elbow Reef,EL3,EL3-t077,36,65,27,27,35%,RC,3,0,none,none,none,0,N,N,0,0,0,0,0,1
Florida Keys,Elbow Reef,EL3,EL3-t078,36,54,42,50,50%,BC,3,0,none,none,none,0,N,N,0,0,0,0,0,0
Florida Keys,Elbow Reef,EL3,EL3-t079,36,45,17,22,20%,RC,4,0,none,none,none,0,N,N,0,0,0,0,0,0
Florida Keys,Elbow Reef,EL3,EL3-t083,36,97,85,65,65%,BC,11,0,none,none,none,0,N,N,0,1,0,0,0,0
Florida Keys,Elbow Reef,EL3,EL3-t086,36,178,108,66,65%,BC,4,1,FP,FS,CB,0,N,Y,0,5,1,0,1,0
Florida Keys,Elbow Reef,EL3,EL3-t451,36,5,5,2,100%,EC,1,0,none,none,none,0,N,N,0,,,,,
Florida Keys,Elbow Reef,EL3,EL3-t911,36,100,63,50,65%,RC,4,0,none,none,none,0,N,N,0,0,0,0,0,0
Florida Keys,Elbow Reef,EL3,EL3-t930,36,15,14,7,100%,JC,1,0,none,none,none,0,N,N,0,0,0,0,0,0
Florida Keys,Elbow Reef,EL3,EL3-t932,36,6,3,2,100%,EC,1,0,none,none,none,0,N,N,0,0,0,0,0,0
Florida Keys,Elbow Reef,EL3,EL3-t933,36,106,75,66,75%,BC,4,1,FP,none,none,0,N,Y,0,0,0,0,0,0
Florida Keys,Elbow Reef,EL4,EL4-t153,36,169,127,83,40%,BC,20,1,FS,none,none,0,N,N,0,9,0,0,0,0
Florida Keys,Elbow Reef,EL4,EL4-t154,36,137,128,96,45%,BC,18,2,FS,CB,none,0,N,N,0,1,0,0,1,0
Florida Keys,Elbow Reef,EL4,EL4-t158,36,87,79,45,75%,BC,3,2,FS,none,none,0,N,N,0,3,0,0,0,0
Florida Keys,Elbow Reef,EL4,EL4-t165,36,5,4,1,100%,EC,1,0,none,none,none,0,N,N,0,0,0,0,0,0
Florida Keys,Elbow Reef,EL4,EL4-t168,36,181,145,85,80%,BC,3,1,FP,none,none,1,N,N,0,0,0,0,0,0
Florida Keys,Elbow Reef,EL4,EL4-t922,36,5,3,1,80%,EC,1,0,none,none,none,1,N,N,0,0,0,0,0,0
Florida Keys,Elbow Reef,EL4,EL4-t935,36,11,9,2,80%,EC,2,3,PFB,none,none,0,N,N,0,0,0,0,0,0
Florida Keys,Elbow Reef,EL4,EL4-t936,36,6,5,4,80%,EC,1,0,none,none,none,0,N,N,0,0,0,0,0,0
Florida Keys,Elbow Reef,EL5,EL5-t177,36,82,45,52,15%,RC,9,2,FS,CB,none,0,N,N,0,7,0,0,0,0
Florida Keys,Elbow Reef,EL5,EL5-t180,36,157,113,74,30%,BC,26,1,FS,FP,none,0,N,N,0,1,0,0,0,0
Florida Keys,Elbow Reef,EL5,EL5-t183,36,26,23,19,95%,JC,1,0,none,none,none,0,N,N,0,0,0,0,0,0
Florida Keys,Elbow Reef,EL5,EL5-t460,36,100,90,12,10%,AF,4,0,none,none,none,0,N,N,0,0,0,0,0,0
Florida Keys,Elbow Reef,EL5,EL5-t462,36,65,21,7,15%,AF,7,1,FS,none,none,0,N,N,0,1,0,0,0,0
Florida Keys,French Reef,FR1,FR1-t002,36,86,65,55,85%,BC,1,0,none,none,none,1,N,N,0,0,1,0,0,0
Florida Keys,French Reef,FR1,FR1-t003,36,25,16,21,80%,JC,1,0,none,none,none,2,N,N,0,0,0,0,0,0
Florida Keys,French Reef,FR1,FR1-t004,36,72,68,65,20%,BC,4,0,none,none,none,0,N,N,0,0,0,0,0,0
Florida Keys,French Reef,FR1,FR1-t005,36,147,121,74,60%,BC,3,1,UNK,none,none,1,N,N,2,0,1,0,1,1
Florida Keys,French Reef,FR1,FR1-t006,36,164,102,68,45%,BC,16,0,none,none,none,1,N,Y,2,0,1,0,0,1
Florida Keys,French Reef,FR1,FR1-t007,36,24,14,15,25%,RC,2,0,none,none,none,0,N,N,0,0,0,0,0,0
Florida Keys,French Reef,FR1,FR1-t008,36,100,56,75,40%,BC,2,1,RTL,none,none,1,N,N,0,0,0,0,0,0
Florida Keys,French Reef,FR1,FR1-t009,36,167,147,76,60%,BC,6,1,OTH,none,none,1,N,N,2,0,2,0,0,0
Florida Keys,French Reef,FR1,FR1-t010,36,68,55,52,30%,RC,8,0,none,none,none,1,N,N,0,0,1,0,0,0
Florida Keys,French Reef,FR1,FR1-t860,36,15,12,9,95%,EC,1,0,none,none,none,0,N,N,0,0,0,0,0,0
Florida Keys,French Reef,FR1,FR1-t861,36,55,39,54,60%,BC,1,2,FS,none,none,1,N,N,0,4,1,0,0,0
Florida Keys,French Reef,FR1,FR1-t976,36,9,5,5,100%,JC,1,0,none,none,none,0,N,N,0,0,0,0,0,0
Florida Keys,French Reef,FR2,FR2-t236,36,12,7,2,100%,EC,1,0,none,none,none,0,N,N,0,0,0,0,0,0
Florida Keys,French Reef,FR2,FR2-t250,36,102,62,55,20%,RC,3,0,none,none,none,0,N,Y,2,0,0,0,1,1
Florida Keys,French Reef,FR2,FR2-t251,36,71,53,67,99%,BC,1,0,none,none,none,0,N,N,0,0,0,0,0,0
Florida Keys,French Reef,FR2,FR2-t255,36,30,17,22,50%,RC,7,0,none,none,none,0,N,N,0,0,0,0,0,0
Florida Keys,French Reef,FR2,FR2-t256,36,14,9,15,100%,JC,1,0,none,none,none,0,N,N,0,0,0,0,0,0
Florida Keys,French Reef,FR2,FR2-t257,36,16,14,17,65%,RC,3,0,none,none,none,0,N,N,0,0,0,0,0,0
Florida Keys,French Reef,FR2,FR2-t258,36,10,6,7,85%,JC,2,0,none,none,none,0,N,N,0,0,0,0,0,0
Florida Keys,French Reef,FR2,FR2-t259,36,24,17,24,70%,JC,1,0,none,none,none,0,N,N,0,0,0,0,0,0
Florida Keys,French Reef,FR2,FR2-t260,36,28,23,35,90%,JC,1,0,none,none,none,0,N,N,0,0,0,0,0,0
Florida Keys,French Reef,FR2,FR2-t261,36,90,62,50,20%,RC,2,0,none,none,none,1,N,N,0,0,0,0,0,0
Florida Keys,French Reef,FR2,FR2-t262,36,17,11,12,70%,JC,1,0,none,none,none,0,N,N,0,0,0,0,0,0
Florida Keys,French Reef,FR2,FR2-t982,36,30,24,35,100%,JC,1,0,none,none,none,0,N,N,0,0,0,0,0,0
Florida Keys,French Reef,FR3,FR3-t816,36,,,,0%,D,,,,,,,N,N,,,,,,
Florida Keys,French Reef,FR3,FR3-t818,36,12,9,9,80%,JC,1,0,none,none,none,0,N,N,0,0,0,0,0,0
Florida Keys,French Reef,FR3,FR3-t820,36,149,90,72,30%,BC,16,1,UNK,none,none,1,N,N,2,0,0,0,0,0
Florida Keys,French Reef,FR3,FR3-t822,36,9,6,2,100%,JC,1,0,none,none,none,0,N,N,0,0,0,0,0,0
Florida Keys,French Reef,FR3,FR3-t824,36,6,4,1,100%,EC,1,0,none,none,none,0,N,N,0,0,0,0,0,0
Florida Keys,French Reef,FR3,FR3-t825,36,47,32,32,98%,BC,1,0,none,none,none,1,N,N,0,0,0,0,1,0
Florida Keys,French Reef,FR3,FR3-t862,36,91,69,42,40%,BC,10,1,FS,UNK,CB,0,N,N,3,1,1,0,1,0
Florida Keys,French Reef,FR3,FR3-t863,36,96,63,55,70%,BC,3,0,none,none,none,1,N,N,0,0,1,0,0,1
Florida Keys,French Reef,FR3,FR3-t864,36,21,12,4,80%,JC,2,0,none,none,none,0,N,N,0,0,0,0,0,0
Florida Keys,French Reef,FR3,FR3-t865,36,18,12,13,100%,JC,1,0,none,none,none,1,N,N,0,0,0,0,0,0
Florida Keys,French Reef,FR3,FR3-t866,36,7,5,4,100%,EC,1,0,none,none,none,0,N,N,0,0,0,0,0,0
Florida Keys,Grecian Rocks,GR1,GR1-t463,36,20,14,5,40%,AF,1,0,none,none,none,0,N,N,0,0,0,0,0,0
Florida Keys,Grecian Rocks,GR1,GR1-t827,36,62,42,38,85%,BC,1,1,FS,none,none,0,N,N,0,2,0,0,0,0
Florida Keys,Grecian Rocks,GR1,GR1-t828,36,66,60,58,98%,BC,1,0,none,none,none,0,N,Y,0,0,0,0,0,0
Florida Keys,Grecian Rocks,GR1,GR1-t830,36,78,58,44,35%,BC,15,3,FS,CB,none,0,N,N,0,6,0,0,0,0
Florida Keys,Grecian Rocks,GR1,GR1-t832,36,52,42,25,1%,EC,2,0,none,none,none,0,N,N,0,0,0,0,0,0
Florida Keys,Grecian Rocks,GR1,GR1-t833,36,85,73,45,85%,BC,1,0,none,none,none,0,N,N,0,0,0,0,1,0
Florida Keys,Grecian Rocks,GR1,GR1-t835,36,72,65,45,80%,BC,1,0,none,none,none,0,N,N,0,0,0,0,1,0
Florida Keys,Grecian Rocks,GR1,GR1-t836,36,90,64,37,70%,BC,2,0,none,none,none,0,N,N,0,0,0,0,2,1
Florida Keys,Grecian Rocks,GR1,GR1-t889,36,14,6,7,100%,AF,1,0,none,none,none,0,N,N,0,0,0,0,0,0
Florida Keys,Grecian Rocks,GR1,GR1-t890,36,36,21,24,95%,JC,1,0,none,none,none,0,N,N,0,0,0,0,0,0
Florida Keys,Grecian Rocks,GR1,GR1-t891,36,62,45,23,99%,AF,4,0,none,none,none,0,N,N,0,0,0,0,0,0
Florida Keys,Grecian Rocks,GR2,GR2-t839,36,4,4,3,90%,EC,1,0,none,none,none,0,N,N,0,0,0,0,0,0
Florida Keys,Grecian Rocks,GR2,GR2-t840,36,76,40,47,95%,BC,1,0,none,none,none,0,N,N,0,0,0,0,0,0
Florida Keys,Grecian Rocks,GR2,GR2-t841,36,120,110,84,80%,BC,6,1,Unk,CB,none,0,N,Y,0,0,0,0,0,0
Florida Keys,Grecian Rocks,GR2,GR2-t844,36,68,45,52,60%,BC,2,0,none,none,none,0,N,N,0,0,0,0,0,0
Florida Keys,Grecian Rocks,GR2,GR2-t846,36,142,65,79,70%,BC,5,0,none,none,none,1,N,Y,0,0,0,0,0,0
Florida Keys,Grecian Rocks,GR2,GR2-t847,36,54,45,23,85%,BC,1,0,none,none,none,0,N,N,0,0,0,0,0,0
Florida Keys,Grecian Rocks,GR2,GR2-t850,36,114,73,72,95%,BC,1,0,none,none,none,0,N,N,0,0,0,0,0,1
Florida Keys,Grecian Rocks,GR2,GR2-t884,36,11,8,1,100%,EC,1,0,none,none,none,0,N,N,0,0,0,0,0,0
Florida Keys,Grecian Rocks,GR2,GR2-t885,36,132,86,53,95%,BC,1,0,none,none,none,1,N,N,0,0,0,0,0,0
Florida Keys,Grecian Rocks,GR2,GR2-t886,36,20,6,9,100%,AF,1,0,none,none,none,0,N,N,0,0,0,0,0,0
Florida Keys,Grecian Rocks,GR3,GR3-t397,36,54,35,36,60%,BC,2,0,none,none,none,0,N,N,0,0,0,0,1,0
Florida Keys,Grecian Rocks,GR3,GR3-t398,36,48,35,45,65%,BC,4,1,FS,none,none,0,N,N,0,1,0,0,0,0
Florida Keys,Grecian Rocks,GR3,GR3-t870,36,40,21,32,10%,RC,8,2,FS,none,none,0,N,N,0,2,0,0,0,0
Florida Keys,Grecian Rocks,GR3,GR3-t871,36,26,17,17,60%,RC,1,0,none,none,none,0,N,N,0,0,0,0,0,0
Florida Keys,Grecian Rocks,GR3,GR3-t872,36,18,13,12,90%,JC,1,0,none,none,none,0,N,N,0,0,0,0,0,0
Florida Keys,Grecian Rocks,GR3,GR3-t873,36,36,27,29,90%,JC,1,0,none,none,none,0,N,N,0,0,0,0,0,0
Florida Keys,Grecian Rocks,GR3,GR3-t874,36,5,4,1,90%,EC,1,0,none,none,none,0,N,N,0,0,0,0,0,0
Florida Keys,Grecian Rocks,GR3,GR3-t875,36,32,21,15,80%,JC,1,1,FS,none,none,0,N,N,0,1,0,0,0,0
Florida Keys,Grecian Rocks,GR3,GR3-t876,36,105,55,40,20%,BC,10,2,FS,none,none,0,N,N,0,5,0,0,0,0
Florida Keys,Grecian Rocks,GR3,GR3-t877,36,130,60,45,15%,RC,12,0,none,none,none,0,N,N,0,0,0,0,0,0
Florida Keys,Grecian Rocks,GR3,GR3-t881,36,41,22,20,25%,RC,2,1,FS,none,none,0,N,N,0,1,0,0,0,0
Florida Keys,Key Largo Dry Rocks,KL1,KL1-t037,36,12,8,19,95%,JC,1,0,none,none,none,0,N,N,0,0,0,0,0,0
Florida Keys,Key Largo Dry Rocks,KL1,KL1-t100,36,9,7,5,100%,EC,1,0,none,none,none,0,N,N,0,0,0,0,0,0
Florida Keys,Key Largo Dry Rocks,KL1,KL1-t104,36,115,80,60,1%,RC,3,0,none,none,none,0,N,N,0,0,0,0,0,0
Florida Keys,Key Largo Dry Rocks,KL1,KL1-t105,36,56,43,38,85%,BC,2,0,none,none,none,0,N,N,0,0,0,0,1,0
Florida Keys,Key Largo Dry Rocks,KL1,KL1-t106,36,75,30,35,5%,RC,6,0,none,none,none,0,N,N,0,0,0,0,0,0
Florida Keys,Key Largo Dry Rocks,KL1,KL1-t107,36,118,50,55,20%,BC,7,0,none,none,none,0,N,N,0,0,1,0,0,0
Florida Keys,Key Largo Dry Rocks,KL1,KL1-t108,36,163,90,80,10%,RC,10,0,none,none,none,0,N,N,0,0,1,0,0,0
Florida Keys,Key Largo Dry Rocks,KL1,KL1-t109,36,18,13,3,90%,EC,1,0,none,none,none,0,N,N,0,0,0,0,0,0
Florida Keys,Key Largo Dry Rocks,KL1,KL1-t110,36,173,95,98,10%,RC,14,1,FS,none,none,0,N,N,0,2,0,0,1,0
Florida Keys,Key Largo Dry Rocks,KL1,KL1-t239,36,21,19,16,80%,RC,1,0,none,none,none,0,N,N,0,0,0,0,1,0
Florida Keys,Key Largo Dry Rocks,KL1,KL1-t373,36,19,17,4,95%,AF,1,0,none,none,none,0,N,N,0,0,0,0,0,0
Florida Keys,Key Largo Dry Rocks,KL1,KL1-t374,36,8,3,4,90%,EC,1,0,none,none,none,0,N,N,0,0,0,0,0,0
Florida Keys,Key Largo Dry Rocks,KL1,KL1-t375,36,6,5,4,95%,JC,1,0,none,none,none,0,N,N,0,0,0,0,0,0
Florida Keys,Key Largo Dry Rocks,KL1,KL1-t388,36,8,6,3,100%,JC,1,0,none,none,none,0,N,N,0,0,0,0,0,0
Florida Keys,Key Largo Dry Rocks,KL3,KL3-t215,36,38,29,24,5%,RC,2,0,none,none,none,0,N,N,0,0,0,0,0,0
Florida Keys,Key Largo Dry Rocks,KL3,KL3-t217,36,8,3,2,100%,EC,1,0,none,none,none,0,N,N,0,0,0,0,0,0
Florida Keys,Key Largo Dry Rocks,KL3,KL3-t220,36,7,5,5,70%,EC,1,0,none,none,none,0,N,N,0,0,0,0,0,0
Florida Keys,Key Largo Dry Rocks,KL3,KL3-t222,36,,,,0%,D,,,,,,,N,N,,,,,,
Florida Keys,Key Largo Dry Rocks,KL3,KL3-t372,36,3,2,1,100%,EC,1,0,none,none,none,0,N,N,0,0,0,0,0,0
Florida Keys,Key Largo Dry Rocks,KL3,KL3-t897,36,11,8,12,100%,JC,1,0,none,none,none,0,N,N,0,0,0,0,0,0
Florida Keys,Key Largo Dry Rocks,KL3,KL3-t898,36,2,2,1,100%,EC,1,0,none,none,none,0,N,N,0,0,0,0,0,0
Florida Keys,Key Largo Dry Rocks,KL3,KL3-t899,36,13,9,15,99%,JC,1,0,none,none,none,0,N,N,1,0,1,0,1,0
Florida Keys,Key Largo Dry Rocks,KL3,KL3-t966,36,31,17,21,85%,RC,1,2,FS,none,none,0,N,N,0,1,1,0,0,0
Florida Keys,Key Largo Dry Rocks,KL3,KL3-t968,36,17,14,15,100%,JC,1,0,none,none,none,0,N,N,0,0,0,0,0,0
Florida Keys,Key Largo Dry Rocks,KL3,KL3-t969,36,20,15,16,50%,RC,2,0,none,none,none,0,N,N,0,0,1,0,0,0
Florida Keys,Key Largo Dry Rocks,KL4,KL4-t851,36,62,46,37,85%,BC,1,2,FS,none,none,0,N,N,0,2,0,0,0,0
Florida Keys,Key Largo Dry Rocks,KL4,KL4-t852,36,53,44,29,90%,BC,1,0,none,none,none,0,N,N,0,0,0,0,0,0
Florida Keys,Key Largo Dry Rocks,KL4,KL4-t853,36,154,109,77,70%,BC,3,1,FS,FP,none,0,N,N,0,2,0,0,0,2
Florida Keys,Key Largo Dry Rocks,KL4,KL4-t854,36,44,26,20,20%,AF,2,0,none,none,none,0,N,N,0,0,0,0,0,0
Florida Keys,Key Largo Dry Rocks,KL4,KL4-t855,36,8,5,1,95%,EC,1,0,none,none,none,0,N,N,0,0,0,0,0,0
Florida Keys,Key Largo Dry Rocks,KL4,KL4-t856,36,143,72,58,90%,BC,1,0,none,none,none,0,N,N,0,0,0,0,0,0
Florida Keys,Key Largo Dry Rocks,KL4,KL4-t858,36,13,12,7,100%,EC,1,0,none,none,none,0,N,N,0,0,0,0,0,0
Florida Keys,Key Largo Dry Rocks,KL4,KL4-t893,36,83,64,26,55%,AF,1,0,none,none,none,0,N,N,0,0,0,0,0,0
Florida Keys,Key Largo Dry Rocks,KL4,KL4-t894,36,17,6,8,90%,EC,1,0,none,none,none,0,N,N,0,0,0,0,0,0
Florida Keys,Molasses Reef,ML1,ML1-t013,36,176,124,77,65%,BC,12,1,FS,none,none,0,N,Y,0,5,1,0,1,2
Florida Keys,Molasses Reef,ML1,ML1-t015,36,42,40,32,40%,BC,7,0,none,none,none,0,N,N,0,0,0,0,1,0
Florida Keys,Molasses Reef,ML1,ML1-t016,36,117,103,65,75%,BC,7,1,FS,CL,CB,0,N,Y,2,2,1,0,0,2
Florida Keys,Molasses Reef,ML1,ML1-t017,36,24,21,22,99%,JC,1,0,none,none,none,0,N,N,0,0,0,0,0,0
Florida Keys,Molasses Reef,ML1,ML1-t018,36,85,55,36,100%,BC,1,0,none,none,none,0,N,N,0,0,0,0,2,1
Florida Keys,Molasses Reef,ML1,ML1-t020,36,205,160,100,5%,RC,15,0,none,none,none,0,N,N,0,0,0,0,1,0
Florida Keys,Molasses Reef,ML1,ML1-t234,36,9,7,2,45%,EC,2,0,none,none,none,0,N,N,0,0,0,0,0,0
Florida Keys,Molasses Reef,ML1,ML1-t882,36,34,22,18,60%,AF,2,0,none,none,none,0,N,N,0,0,0,0,0,0
Florida Keys,Molasses Reef,ML1,ML1-t883,36,48,36,32,65%,AF,2,1,FS,none,none,0,N,N,0,5,0,0,0,0
Florida Keys,Molasses Reef,ML2,ML2-t126,36,182,100,103,45%,BC,28,1,FS,none,none,0,N,N,3,2,3,2,1,0
Florida Keys,Molasses Reef,ML2,ML2-t128,36,6,6,3,100%,EC,1,0,none,none,none,0,N,N,0,0,1,0,0,0
Florida Keys,Molasses Reef,ML2,ML2-t129,36,152,80,57,20%,BC,20,0,none,none,none,0,N,N,3,0,1,1,1,0
Florida Keys,Molasses Reef,ML2,ML2-t130,36,46,36,20,80%,BC,1,0,none,none,none,0,Y,N,0,0,0,0,0,0
Florida Keys,Molasses Reef,ML2,ML2-t131,36,166,133,78,70%,BC,17,0,none,none,none,0,Y,N,2,0,2,1,1,0
Florida Keys,Molasses Reef,ML2,ML2-t132,36,209,133,84,50%,BC,6,0,none,none,none,0,N,N,2,2,1,0,1,0
Florida Keys,Molasses Reef,ML2,ML2-t137,36,15,9,3,70%,EC,2,0,none,none,none,0,Y,N,0,0,0,0,0,0
Florida Keys,Molasses Reef,ML2,ML2-t249,36,10,8,4,95%,EC,1,0,none,none,none,0,N,N,0,0,1,0,0,0
Florida Keys,Molasses Reef,ML2,ML2-t868,36,43,30,25,40%,RC,5,0,none,none,none,0,N,N,1,0,1,0,0,0
Florida Keys,Molasses Reef,ML2,ML2-t869,36,27,16,12,25%,RC,2,0,none,none,none,0,N,N,0,0,0,0,0,0
Florida Keys,Molasses Reef,ML2,ML2-t952,36,32,22,18,80%,JC,1,3,FS,CB,none,0,N,N,0,2,0,0,0,0
Florida Keys,Molasses Reef,ML2,ML2-t954,36,7,5,4,95%,EC,1,0,none,none,none,0,N,N,0,0,0,1,0,0
Florida Keys,Molasses Reef,ML3,ML3-t144,36,149,112,80,70%,BC,1,1,FS,none,none,0,N,Y,0,9,1,0,1,0
Florida Keys,Molasses Reef,ML3,ML3-t145,36,203,129,62,45%,BC,18,1,UNK,OTH,none,1,N,N,3,0,3,0,1,0
Florida Keys,Molasses Reef,ML3,ML3-t146,36,218,170,70,50%,BC,26,1,FS,CL,FP,0,N,N,3,7,3,0,0,0
Florida Keys,Molasses Reef,ML3,ML3-t147,36,192,115,80,45%,BC,28,1,CL,CB,none,0,N,N,2,0,3,0,1,0
Florida Keys,Molasses Reef,ML3,ML3-t148,36,143,123,88,30%,BC,17,1,FS,none,none,0,N,N,2,1,1,0,0,0
Florida Keys,Molasses Reef,ML3,ML3-t150,36,79,71,47,90%,BC,1,0,none,none,none,0,N,N,1,0,1,0,1,0
Florida Keys,Molasses Reef,ML3,ML3-t184,36,225,195,85,65%,BC,5,1,CL,UNK,none,1,N,N,0,0,1,0,1,0
Florida Keys,Molasses Reef,ML3,ML3-t185,36,38,36,23,99%,JC,1,0,none,none,none,0,N,N,0,0,0,0,0,0
Florida Keys,Molasses Reef,ML3,ML3-t186,36,61,51,26,98%,BC,1,5,Oth,none,none,0,N,N,0,0,1,0,0,0
Florida Keys,Molasses Reef,ML3,ML3-t915,36,57,42,40,25%,BC,3,0,none,none,none,0,N,N,0,0,1,0,0,0
Florida Keys,Molasses Reef,ML3,ML3-t955,36,123,82,50,80%,BC,2,1,OTH,CB,FP,1,N,N,3,0,1,0,1,1
Florida Keys,Molasses Reef,ML3,ML3-t956,36,16,16,11,100%,JC,1,0,none,none,none,0,N,N,0,0,0,0,0,0
Florida Keys,Sand Island,SI1,SI1-t302,36,128,110,72,80%,BC,8,3,RTL,none,none,0,N,N,0,1,0,2,1,0
Florida Keys,Sand Island,SI1,SI1-t303,36,11,8,5,95%,EC,1,0,none,none,none,0,N,N,0,0,0,0,0,0
Florida Keys,Sand Island,SI1,SI1-t305,36,12,7,14,99%,JC,1,0,none,none,none,0,N,N,0,0,0,0,1,0
Florida Keys,Sand Island,SI1,SI1-t307,36,102,69,78,40%,BC,8,0,none,none,none,0,N,N,0,0,0,0,1,0
Florida Keys,Sand Island,SI1,SI1-t308,36,73,58,76,45%,BC,5,1,UNK,none,none,0,N,N,0,0,0,0,0,0
Florida Keys,Sand Island,SI1,SI1-t310,36,5,1,1,90%,EC,1,0,none,none,none,0,N,N,0,0,0,0,0,0
Florida Keys,Sand Island,SI1,SI1-t312,36,32,29,23,85%,JC,1,2,FS,none,none,0,N,N,0,2,0,0,0,0
Florida Keys,Sand Island,SI1,SI1-t319,36,85,55,85,2%,RC,9,0,none,none,none,0,N,N,0,0,0,0,0,0
Florida Keys,Sand Island,SI1,SI1-t332,36,150,143,79,60%,BC,11,0,none,none,none,0,N,N,0,0,0,0,0,0
Florida Keys,Sand Island,SI1,SI1-t957,36,3,3,1,100%,EC,1,0,none,none,none,0,N,N,0,0,0,0,0,0
Florida Keys,Sand Island,SI1,SI1-t958,36,17,15,8,99%,EC,1,0,none,none,none,0,N,N,0,0,0,0,0,0
Florida Keys,Sand Island,SI1,SI1-t959,36,25,21,19,99%,JC,1,0,none,none,none,0,N,N,0,0,0,0,0,0
Florida Keys,Sand Island,SI2,SI2-t313,36,146,95,126,75%,BC,4,1,CL,none,none,0,N,N,0,0,1,0,1,0
Florida Keys,Sand Island,SI2,SI2-t314,36,3,3,2,100%,EC,1,0,none,none,none,0,N,N,0,0,0,0,1,0
Florida Keys,Sand Island,SI2,SI2-t323,36,95,90,65,40%,BC,3,1,FS,none,none,0,N,Y,0,0,1,0,0,0
Florida Keys,Sand Island,SI2,SI2-t324,36,158,98,90,90%,BC,1,0,none,none,none,0,N,N,0,0,1,0,1,0
Florida Keys,Sand Island,SI2,SI2-t326,36,212,97,98,65%,BC,5,1,FS,CL,none,0,N,N,0,2,1,0,1,0
Florida Keys,Sand Island,SI2,SI2-t330,36,57,34,29,25%,BC,2,0,none,none,none,0,N,N,0,0,0,0,0,0
Florida Keys,Sand Island,SI2,SI2-t331,36,19,17,20,100%,JC,1,0,none,none,none,0,N,N,0,0,1,0,0,0
Florida Keys,Sand Island,SI2,SI2-t334,36,310,195,153,55%,BC,15,1,CL,none,none,0,N,Y,1,0,4,0,2,0
Florida Keys,Sand Island,SI2,SI2-t399,36,65,43,50,80%,BC,1,0,none,none,none,0,N,N,0,0,1,0,1,0
Florida Keys,Sand Island,SI2,SI2-t960,36,100,72,64,95%,BC,3,3,FS,none,none,0,N,N,0,2,0,0,1,1
Florida Keys,Sand Island,SI2,SI2-t961,36,57,41,43,95%,BC,1,0,none,none,none,0,N,N,0,0,0,0,0,0
Florida Keys,Sand Island,SI2,SI2-t962,36,199,92,57,70%,BC,5,0,none,none,none,0,N,N,1,2,2,0,1,0
Florida Keys,Sand Island,SI3,SI3-t315,36,5,3,5,90%,EC,1,0,none,none,none,0,N,N,0,0,0,0,0,0
Florida Keys,Sand Island,SI3,SI3-t316,36,12,10,11,100%,JC,1,0,none,none,none,0,N,N,0,0,0,0,0,0
Florida Keys,Sand Island,SI3,SI3-t317,36,20,15,6,100%,JC,1,0,none,none,none,0,N,N,0,0,0,0,0,0
Florida Keys,Sand Island,SI3,SI3-t338,36,43,21,26,90%,BC,1,0,none,none,none,0,N,N,0,0,0,0,0,0
Florida Keys,Sand Island,SI3,SI3-t340,36,23,15,9,20%,EC,8,3,FS,none,none,0,N,N,0,3,0,0,0,0
Florida Keys,Sand Island,SI3,SI3-t341,36,128,98,85,85%,BC,3,0,none,none,none,0,N,N,0,0,0,0,1,2
Florida Keys,Sand Island,SI3,SI3-t345,36,7,5,7,85%,EC,1,0,none,none,none,0,N,N,0,0,0,0,1,0
Florida Keys,Sand Island,SI3,SI3-t346,36,23,22,21,100%,JC,1,0,none,none,none,0,N,N,0,0,0,0,0,0
Florida Keys,Sand Island,SI3,SI3-t964,36,80,30,50,1%,RC,4,0,none,none,none,0,N,N,0,0,0,0,1,0
Florida Keys,Turtle Rocks,TR1,TR1-t291,37,166,110,67,90%,BC,2,2,WBD,none,none,0,N,N,0,,,,,
Florida Keys,Turtle Rocks,TR1,TR1-t292,37,,,,,G,,,,,,,N,N,,,,,,
Florida Keys,Turtle Rocks,TR1,TR1-t293,37,19,13,5,90%,JC,1,0,none,none,none,0,N,N,0,,,,,
Florida Keys,Turtle Rocks,TR1,TR1-t294,37,27,12,17,25%,JC,2,0,none,none,none,0,N,N,0,,,,,
Florida Keys,Turtle Rocks,TR1,TR1-t295,37,,,,0%,D,,,,,,,N,N,,,,,,
Florida Keys,Turtle Rocks,TR1,TR1-t296,37,,,,,G,,,,,,,N,N,,,,,,
Florida Keys,Turtle Rocks,TR1,TR1-t297,37,,,,,G,,,,,,,N,N,,,,,,
Florida Keys,Turtle Rocks,TR1,TR1-t298,37,,,,0%,D,,,,,,,N,N,,,,,,
Florida Keys,Turtle Rocks,TR1,TR1-t299,37,,,,,G,,,,,,,N,N,,,,,,
Florida Keys,Turtle Rocks,TR1,TR1-t300,37,,,,,G,,,,,,,N,N,,,,,,
Florida Keys,Turtle Rocks,TR1,TR1-t470,37,9,5,3,90%,AF,1,5,Unk,none,none,0,N,N,0,,,,,
Florida Keys,Turtle Rocks,TR1,TR1-t471,37,16,9,6,100%,AF,1,0,none,none,none,0,N,N,0,,,,,
Florida Keys,Turtle Rocks,TR1,TR1-t472,37,8,5,2,30%,AF,1,3,Oth,none,none,0,N,N,0,,,,,
Florida Keys,Turtle Rocks,TR1,TR1-t473,37,60,29,38,95%,BC,1,0,none,none,none,0,N,N,0,,,,,
Florida Keys,Turtle Rocks,TR1,TR1-t474,37,39,19,24,60%,AF,1,0,none,none,none,0,N,N,0,,,,,
Florida Keys,Turtle Rocks,TR1,TR1-t475,37,35,24,32,95%,AF,1,0,none,none,none,0,N,N,0,,,,,
Florida Keys,Turtle Rocks,TR1,TR1-t476,37,55,33,34,65%,BC,6,0,none,none,none,0,N,N,0,,,,,
Florida Keys,Turtle Rocks,TR1,TR1-t478,37,112,107,54,75%,BC,11,0,none,none,none,0,N,N,0,,,,,
Florida Keys,Turtle Rocks,TR1,TR1-t941,37,142,115,50,20%,RC,18,1,WBD,none,none,0,N,N,0,,,,,
Florida Keys,Turtle Rocks,TR1,TR1-t942,37,,,,,G,,,,,,,N,N,,,,,,
Florida Keys,Turtle Rocks,TR2,TR2-t350,37,64,57,42,80%,BC,1,0,none,none,none,0,N,N,0,,,,,
Florida Keys,Turtle Rocks,TR2,TR2-t351,37,50,33,26,80%,BC,3,1,FP,none,none,0,N,N,0,,,,,
Florida Keys,Turtle Rocks,TR2,TR2-t356,37,126,69,52,85%,BC,1,2,FP,Unk,none,0,N,N,0,,,,,
Florida Keys,Turtle Rocks,TR2,TR2-t462,37,49,16,8,95%,AF,1,0,none,none,none,0,N,N,0,,,,,
Florida Keys,Turtle Rocks,TR2,TR2-t463,37,10,4,4,50%,EC,1,0,none,none,none,0,N,N,0,,,,,
Florida Keys,Turtle Rocks,TR2,TR2-t464,37,96,57,42,40%,BC,4,0,none,none,none,0,N,N,0,,,,,
Florida Keys,Turtle Rocks,TR2,TR2-t465,37,94,94,55,25%,BC,13,0,none,none,none,0,N,N,0,,,,,
Florida Keys,Turtle Rocks,TR2,TR2-t466,37,12,7,10,95%,JC,1,0,none,none,none,0,N,N,0,,,,,
Florida Keys,Turtle Rocks,TR2,TR2-t467,37,5,3,7,100%,JC,1,0,none,none,none,0,N,N,0,,,,,
Florida Keys,Turtle Rocks,TR2,TR2-t468,37,28,27,8,75%,AF,1,0,none,none,none,0,N,N,0,,,,,
Florida Keys,Turtle Rocks,TR2,TR2-t469,37,8,4,5,100%,JC,1,0,none,none,none,0,N,N,0,,,,,
Florida Keys,Turtle Rocks,TR3,TR3-t364,37,228,183,90,80%,BC,1,1,FP,WPx,none,0,N,N,0,,,,,
Florida Keys,Turtle Rocks,TR3,TR3-t450,37,75,64,45,90%,BC,1,4,FP,none,none,0,N,N,0,,,,,
Florida Keys,Turtle Rocks,TR3,TR3-t451,37,36,22,11,25%,AF,1,0,none,none,none,0,N,N,0,,,,,
Florida Keys,Turtle Rocks,TR3,TR3-t452,37,76,63,26,95%,AF,1,2,FP,none,none,0,N,N,0,,,,,
Florida Keys,Turtle Rocks,TR3,TR3-t453,37,46,35,20,85%,BC,1,0,none,none,none,0,N,N,0,,,,,
Florida Keys,Turtle Rocks,TR3,TR3-t454,37,58,37,28,75%,BC,3,0,none,none,none,0,N,N,0,,,,,
Florida Keys,Turtle Rocks,TR3,TR3-t455,37,142,75,55,99%,BC,1,5,FP,none,none,0,N,N,0,,,,,
Florida Keys,Turtle Rocks,TR3,TR3-t456,37,57,53,43,99%,AF,1,5,FP,none,none,0,N,N,0,,,,,
Florida Keys,Turtle Rocks,TR3,TR3-t457,37,26,22,28,99%,AF,1,0,none,none,none,0,N,N,0,,,,,
Florida Keys,Turtle Rocks,TR3,TR3-t458,37,12,9,6,95%,JC,1,0,none,none,none,0,N,N,0,,,,,
Florida Keys,Turtle Rocks,TR3,TR3-t459,37,24,13,14,100%,AF,1,0,none,none,none,0,N,N,0,,,,,
Florida Keys,Turtle Rocks,TR3,TR3-t460,37,6,2,4,100%,EC,1,0,none,none,none,0,N,N,0,,,,,
Florida Keys,Carysfort Reef,CF1,CF1-t024,38,24,16,10,99%,JC,1,0,none,none,none,0,N,N,0,0,0,0,0,0
Florida Keys,Carysfort Reef,CF1,CF1-t033,38,5,4,2,100%,EC,1,0,none,none,none,0,N,N,0,0,0,0,1,0
Florida Keys,Carysfort Reef,CF2,CF2-t038,38,200,190,80,20%,BC,14,1,CL,none,none,0,N,N,0,0,1,0,2,0
Florida Keys,Carysfort Reef,CF2,CF2-t040,38,103,53,57,35%,BC,3,1,CL,none,none,0,N,N,0,0,0,0,0,0
Florida Keys,Carysfort Reef,CF2,CF2-t042,38,211,136,75,70%,BC,21,1,FP,Oth,none,0,N,N,0,0,0,0,0,1
Florida Keys,Carysfort Reef,CF2,CF2-t043,38,158,115,53,75%,BC,1,1,CL,FP,none,0,N,N,0,0,1,0,0,0
Florida Keys,Carysfort Reef,CF2,CF2-t045,38,177,97,75,80%,BC,1,1,FP,none,none,0,N,N,0,0,0,0,1,3
Florida Keys,Carysfort Reef,CF2,CF2-t047,38,190,93,70,45%,BC,13,1,CL,WPx,none,0,N,N,0,0,0,0,1,0
Florida Keys,Carysfort Reef,CF2,CF2-t048,38,133,108,75,70%,BC,4,1,CL,none,none,0,N,N,0,0,1,0,1,0
Florida Keys,Carysfort Reef,CF2,CF2-t049,38,7,5,2,100%,EC,1,0,none,none,none,0,N,N,0,0,0,0,0,0
Florida Keys,Carysfort Reef,CF2,CF2-t228,38,174,79,60,60%,BC,7,1,WPx,CB,none,0,N,N,0,0,0,0,0,0
Florida Keys,Carysfort Reef,CF2,CF2-t395,38,10,9,4,100%,EC,1,0,none,none,none,0,N,N,0,0,0,0,0,0
Florida Keys,Carysfort Reef,CF2,CF2-t396,38,63,47,37,40%,BC,12,3,RTL,none,none,0,N,N,0,0,1,0,0,0
Florida Keys,Carysfort Reef,CF2,CF2-t948,38,52,40,42,35%,BC,2,0,none,none,none,0,N,N,0,0,1,0,0,0
Florida Keys,Carysfort Reef,CF3,CF3-t088,38,280,157,98,20%,BC,19,2,RTL,CB,CL,0,N,N,2,0,4,0,0,0
Florida Keys,Carysfort Reef,CF3,CF3-t090,38,175,134,65,30%,BC,15,2,RTL,CB,none,0,N,N,1,1,3,0,1,0
Florida Keys,Carysfort Reef,CF3,CF3-t092,38,188,92,74,35%,BC,27,1,RTL,none,none,0,N,N,3,0,4,1,1,0
Florida Keys,Carysfort Reef,CF3,CF3-t095,38,10,6,6,95%,EC,1,0,none,none,none,0,N,N,0,0,0,0,0,0
Florida Keys,Carysfort Reef,CF3,CF3-t390,38,32,28,13,85%,AF,1,5,RTL,none,none,0,N,N,0,0,0,0,0,0
Florida Keys,Carysfort Reef,CF3,CF3-t391,38,13,9,6,100%,JC,1,0,none,none,none,0,N,N,0,0,0,0,0,0
Florida Keys,Carysfort Reef,CF3,CF3-t408,38,30,26,8,20%,AF,2,0,none,none,none,0,N,N,0,0,1,0,0,0
Florida Keys,Carysfort Reef,CF3,CF3-t409,38,69,59,61,25%,BC,4,1,RTL,none,none,0,N,N,1,0,1,0,1,0
Florida Keys,Carysfort Reef,CF3,CF3-t410,38,36,21,14,85%,JC,1,0,none,none,none,0,N,N,0,0,2,0,0,0
Florida Keys,Carysfort Reef,CF3,CF3-t411,38,155,120,95,30%,BC,13,2,RTL,CB,none,0,N,N,1,0,2,0,0,0
Florida Keys,Carysfort Reef,CF3,CF3-t902,38,27,20,19,10%,RC,3,2,RTL,none,none,0,N,N,0,0,0,0,0,0
Florida Keys,Carysfort Reef,CF3,CF3-t973,38,16,13,12,100%,JC,1,0,none,none,none,0,N,N,0,0,0,0,0,0
Florida Keys,Carysfort Reef,CF4,CF4-t801,38,130,100,65,1%,RC,1,2,RTL,none,none,0,N,N,0,0,0,0,0,0
Florida Keys,Carysfort Reef,CF4,CF4-t802,38,90,55,50,5%,RC,3,0,none,none,none,0,N,N,0,0,0,0,0,0
Florida Keys,Carysfort Reef,CF4,CF4-t803,38,85,60,40,5%,RC,4,1,RTL,none,none,0,N,N,0,0,0,0,0,0
Florida Keys,Carysfort Reef,CF4,CF4-t804,38,26,13,13,0%,D,,5,RTL,FS,none,,N,N,,3,,,,
Florida Keys,Carysfort Reef,CF4,CF4-t805,38,55,30,35,5%,RC,3,0,none,none,none,0,N,N,0,0,0,0,0,0
Florida Keys,Carysfort Reef,CF4,CF4-t806,38,,,,0%,D,,,,,,,N,N,,,,,,
Florida Keys,Carysfort Reef,CF4,CF4-t809,38,,,,0%,D,,,,,,,N,N,,,,,,
Florida Keys,Carysfort Reef,CF4,CF4-t811,38,,,,0%,D,,,,,,,N,N,,,,,,
Florida Keys,Carysfort Reef,CF4,CF4-t812,38,4,3,2,100%,EC,1,0,none,none,none,0,N,N,0,0,0,0,0,0
Florida Keys,Carysfort Reef,CF4,CF4-t813,38,,,,0%,D,,,,,,,N,N,,,,,,
Florida Keys,Carysfort Reef,CF4,CF4-t814,38,95,95,60,1%,RC,2,0,none,none,none,0,N,N,0,0,0,0,0,0
Florida Keys,Carysfort Reef,CF4,CF4-t908,38,34,17,17,25%,RC,4,4,RTL,FS,none,0,N,N,0,5,0,0,0,0
Florida Keys,Elbow Reef,EL1,EL1-t051,38,164,99,105,45%,BC,20,1,RTL,none,none,0,N,N,3,0,1,0,1,1
Florida Keys,Elbow Reef,EL1,EL1-t052,38,272,230,97,60%,BC,17,1,RTL,none,none,0,N,Y,3,0,2,1,1,1
Florida Keys,Elbow Reef,EL1,EL1-t054,38,130,81,73,60%,BC,4,0,none,none,none,0,N,N,1,0,1,0,2,0
Florida Keys,Elbow Reef,EL1,EL1-t055,38,236,170,75,65%,BC,9,1,WPx,CL,none,0,N,Y,1,0,3,0,0,2
Florida Keys,Elbow Reef,EL1,EL1-t056,38,112,70,52,60%,BC,2,1,CL,Unk,none,0,N,Y,0,0,1,0,1,0
Florida Keys,Elbow Reef,EL1,EL1-t059,38,28,25,22,80%,JC,1,2,Unk,CL,PFB,0,N,N,0,0,0,0,0,0
Florida Keys,Elbow Reef,EL1,EL1-t060,38,112,92,60,65%,BC,12,2,Unk,FP,CL,0,N,N,0,2,0,1,0,0
Florida Keys,Elbow Reef,EL1,EL1-t232,38,86,52,53,95%,BC,1,2,Oth,FP,none,0,N,N,0,0,0,0,1,0
Florida Keys,Elbow Reef,EL1,EL1-t454,38,3,3,2,100%,EC,1,0,none,none,none,0,N,N,0,0,0,0,0,0
Florida Keys,Elbow Reef,EL1,EL1-t977,38,100,66,74,55%,BC,6,1,CL,none,none,0,N,N,2,0,1,1,0,1
Florida Keys,Elbow Reef,EL1,EL1-t978,38,75,39,42,99%,BC,1,0,none,none,none,0,N,N,0,0,0,0,0,0
Florida Keys,Elbow Reef,EL1,EL1-t979,38,146,95,66,75%,BC,1,1,FP,none,none,1,N,N,1,0,1,0,0,0
Florida Keys,Elbow Reef,EL2,EL2-t065,38,93,90,75,10%,BC,3,1,RTL,none,none,0,N,N,0,0,0,0,1,1
Florida Keys,Elbow Reef,EL2,EL2-t066,38,150,103,83,55%,BC,5,3,RTL,WPx,none,0,N,N,1,0,1,0,1,0
Florida Keys,Elbow Reef,EL2,EL2-t067,38,30,23,30,45%,RC,6,4,RTL,CL,none,0,N,N,0,0,0,0,0,0
Florida Keys,Elbow Reef,EL2,EL2-t070,38,15,9,13,90%,JC,1,0,none,none,none,0,N,N,0,0,0,0,0,0
Florida Keys,Elbow Reef,EL2,EL2-t072,38,76,58,38,90%,BC,1,3,WPx,none,none,0,N,N,0,0,1,0,0,0
Florida Keys,Elbow Reef,EL2,EL2-t073,38,136,130,57,55%,BC,6,1,FS,none,none,0,N,N,0,0,0,0,0,2
Florida Keys,Elbow Reef,EL2,EL2-t246,38,15,12,12,95%,JC,1,0,none,none,none,0,N,N,0,0,0,0,0,0
Florida Keys,Elbow Reef,EL2,EL2-t247,38,29,17,18,45%,RC,5,0,none,none,none,0,N,N,0,0,0,0,0,0
Florida Keys,Elbow Reef,EL2,EL2-t414,38,5,4,2,100%,EC,1,0,none,none,none,0,N,N,0,0,0,0,0,0
Florida Keys,Elbow Reef,EL2,EL2-t452,38,,,,0%,D,,,,,,,N,N,,,,,,
Florida Keys,Elbow Reef,EL2,EL2-t453,38,25,25,21,75%,RC,1,3,RTL,none,none,0,N,N,0,0,0,0,0,0
Florida Keys,Elbow Reef,EL2,EL2-t913,38,224,151,84,60%,BC,13,1,WPx,CL,none,0,N,N,0,0,0,0,1,4
Florida Keys,Elbow Reef,EL2,EL2-t980,38,18,11,13,20%,RC,1,5,RTL,none,none,0,N,N,0,0,0,0,0,0
Florida Keys,Elbow Reef,EL3,EL3-t076,38,76,55,70,15%,RC,14,1,PFB,CL,none,1,N,N,0,0,2,0,0,0
Florida Keys,Elbow Reef,EL3,EL3-t077,38,65,27,27,35%,RC,3,1,FS,none,none,0,N,N,0,1,0,0,0,2
Florida Keys,Elbow Reef,EL3,EL3-t078,38,57,43,51,60%,BC,2,1,FS,none,none,0,N,N,0,1,0,0,0,0
Florida Keys,Elbow Reef,EL3,EL3-t079,38,46,17,21,15%,RC,4,1,Unk,none,none,0,N,N,0,0,0,0,0,0
Florida Keys,Elbow Reef,EL3,EL3-t083,38,99,85,65,65%,BC,11,1,CL,Unk,none,1,N,N,0,0,0,0,0,0
Florida Keys,Elbow Reef,EL3,EL3-t086,38,184,112,64,65%,BC,4,1,WPx,FS,CL,0,N,N,0,11,1,0,0,0
Florida Keys,Elbow Reef,EL3,EL3-t421,38,42,28,15,100%,AF,1,0,none,none,none,0,N,N,0,,,,,
Florida Keys,Elbow Reef,EL3,EL3-t451,38,6,5,2,100%,EC,1,0,none,none,none,0,N,N,0,0,0,0,0,0
Florida Keys,Elbow Reef,EL3,EL3-t911,38,100,65,58,70%,RC,2,1,WPx,CL,none,0,N,N,0,0,0,0,0,1
Florida Keys,Elbow Reef,EL3,EL3-t930,38,16,15,7,98%,JC,1,5,CL,none,none,0,N,N,0,0,0,0,0,0
Florida Keys,Elbow Reef,EL3,EL3-t932,38,7,4,2,100%,EC,1,0,none,none,none,0,N,N,0,0,0,0,0,0
Florida Keys,Elbow Reef,EL3,EL3-t933,38,108,80,67,70%,BC,4,1,PFB,Oth,Unk,0,N,Y,0,1,0,0,1,0
Florida Keys,Elbow Reef,EL4,EL4-t153,38,173,132,85,45%,BC,20,1,FS,none,none,0,N,N,0,10,0,0,0,0
Florida Keys,Elbow Reef,EL4,EL4-t154,38,143,131,97,45%,BC,24,1,FS,none,none,0,N,N,0,2,0,0,1,0
Florida Keys,Elbow Reef,EL4,EL4-t158,38,88,42,34,75%,BC,4,1,FS,none,none,0,N,N,0,3,0,0,0,0
Florida Keys,Elbow Reef,EL4,EL4-t165,38,4,3,2,100%,EC,1,0,none,none,none,0,N,N,0,0,0,0,0,0
Florida Keys,Elbow Reef,EL4,EL4-t168,38,180,152,91,70%,BC,2,3,RTL,none,none,0,N,N,0,0,0,0,0,0
Florida Keys,Elbow Reef,EL4,EL4-t416,38,12,10,4,100%,JC,1,0,none,none,none,0,N,N,0,,,,,
Florida Keys,Elbow Reef,EL4,EL4-t417,38,9,6,7,100%,JC,1,0,none,none,none,0,N,N,0,,,,,
Florida Keys,Elbow Reef,EL4,EL4-t418,38,84,67,33,90%,AF,1,1,Unk,none,none,0,N,N,0,,,,,
Florida Keys,Elbow Reef,EL4,EL4-t419,38,17,6,4,100%,SF,1,0,none,none,none,0,N,N,0,,,,,
Florida Keys,Elbow Reef,EL4,EL4-t420,38,6,4,1,100%,EC,1,0,none,none,none,0,N,N,0,,,,,
Florida Keys,Elbow Reef,EL4,EL4-t922,38,6,3,1,85%,EC,1,0,none,none,none,0,N,N,0,0,0,0,0,0
Florida Keys,Elbow Reef,EL4,EL4-t935,38,12,8,3,80%,EC,2,0,none,none,none,0,N,N,0,0,0,0,0,0
Florida Keys,Elbow Reef,EL4,EL4-t936,38,,,,0%,D,,,,,,,N,N,,,,,,
Florida Keys,Elbow Reef,EL5,EL5-t177,38,80,42,50,10%,RC,12,1,FS,none,none,0,N,N,0,3,0,0,0,0
Florida Keys,Elbow Reef,EL5,EL5-t180,38,164,118,75,30%,BC,22,1,FS,Oth,CL,0,N,N,0,4,0,0,0,0
Florida Keys,Elbow Reef,EL5,EL5-t183,38,26,24,21,95%,JC,1,0,none,none,none,0,N,N,0,0,0,0,0,0
Florida Keys,Elbow Reef,EL5,EL5-t460,38,100,90,12,10%,AF,4,0,none,none,none,0,N,N,0,1,0,0,0,0
Florida Keys,Elbow Reef,EL5,EL5-t462,38,65,20,7,10%,AF,2,1,PFB,none,none,0,N,N,0,1,0,0,0,0
Florida Keys,French Reef,FR1,FR1-t002,38,90,68,57,80%,BC,1,2,WPx,none,none,0,N,N,0,1,1,0,1,1
Florida Keys,French Reef,FR1,FR1-t003,38,27,17,25,80%,JC,1,0,none,none,none,0,N,N,0,0,0,0,0,0
Florida Keys,French Reef,FR1,FR1-t004,38,67,67,64,20%,BC,4,1,WPx,none,none,0,N,N,0,0,0,0,0,0
Florida Keys,French Reef,FR1,FR1-t005,38,150,125,76,60%,BC,2,1,Unk,CL,FP,0,N,N,2,0,2,0,0,0
Florida Keys,French Reef,FR1,FR1-t006,38,168,102,70,45%,BC,12,1,WPx,none,none,0,N,Y,2,0,1,0,1,1
Florida Keys,French Reef,FR1,FR1-t007,38,24,13,15,25%,RC,2,0,none,none,none,0,N,N,0,0,0,0,0,0
Florida Keys,French Reef,FR1,FR1-t008,38,102,54,75,40%,BC,2,1,CL,none,none,0,N,N,0,0,2,0,0,0
Florida Keys,French Reef,FR1,FR1-t009,38,172,145,76,55%,BC,5,2,RTL,none,none,0,N,N,2,0,3,0,0,0
Florida Keys,French Reef,FR1,FR1-t010,38,65,55,53,30%,RC,9,1,FS,Unk,none,0,N,N,0,0,0,0,0,0
Florida Keys,French Reef,FR1,FR1-t860,38,15,13,9,95%,EC,1,0,none,none,none,0,N,N,0,0,0,0,0,0
Florida Keys,French Reef,FR1,FR1-t861,38,55,42,53,70%,BC,2,0,none,none,none,0,N,N,0,0,1,0,2,0
Florida Keys,French Reef,FR1,FR1-t976,38,9,7,7,90%,JC,1,0,none,none,none,0,N,N,0,0,1,0,0,0
Florida Keys,French Reef,FR2,FR2-t236,38,12,6,2,100%,EC,1,0,none,none,none,0,N,N,0,0,0,0,0,0
Florida Keys,French Reef,FR2,FR2-t250,38,102,64,55,20%,BC,3,1,CL,none,none,0,N,Y,2,0,1,0,0,1
Florida Keys,French Reef,FR2,FR2-t251,38,77,50,68,99%,BC,1,0,none,none,none,0,N,N,0,0,0,0,0,1
Florida Keys,French Reef,FR2,FR2-t255,38,30,15,24,60%,RC,4,2,WPx,none,none,0,N,N,0,0,0,0,0,0
Florida Keys,French Reef,FR2,FR2-t256,38,16,13,17,98%,JC,1,0,none,none,none,0,N,N,0,0,0,0,0,0
Florida Keys,French Reef,FR2,FR2-t257,38,15,14,17,65%,RC,1,0,none,none,none,0,N,N,0,0,0,0,0,0
Florida Keys,French Reef,FR2,FR2-t258,38,12,8,9,90%,JC,1,0,none,none,none,0,N,N,0,0,0,0,0,0
Florida Keys,French Reef,FR2,FR2-t259,38,22,16,22,65%,JC,1,1,CL,none,none,0,N,N,0,0,0,0,0,0
Florida Keys,French Reef,FR2,FR2-t260,38,26,25,34,95%,JC,1,0,none,none,none,0,N,N,0,0,0,0,0,0
Florida Keys,French Reef,FR2,FR2-t261,38,94,62,50,20%,BC,2,1,CL,none,none,0,N,N,0,0,0,0,1,0
Florida Keys,French Reef,FR2,FR2-t262,38,14,12,17,75%,JC,1,0,none,none,none,0,N,N,0,0,0,0,0,0
Florida Keys,French Reef,FR2,FR2-t982,38,31,26,40,95%,JC,1,0,none,none,none,0,N,N,0,0,0,0,0,0
Florida Keys,French Reef,FR3,FR3-t406,38,24,14,4,80%,AF,1,3,FS,none,none,0,N,N,0,0,0,0,0,0
Florida Keys,French Reef,FR3,FR3-t407,38,11,8,2,100%,EC,1,0,none,none,none,0,N,N,0,0,0,0,0,0
Florida Keys,French Reef,FR3,FR3-t818,38,12,10,9,80%,JC,1,0,none,none,none,0,N,N,0,0,0,0,0,0
Florida Keys,French Reef,FR3,FR3-t820,38,154,92,72,25%,BC,16,2,RTL,FS,CB,1,N,N,1,4,1,0,0,0
Florida Keys,French Reef,FR3,FR3-t822,38,10,6,9,100%,JC,1,0,none,none,none,1,N,N,0,0,0,0,0,0
Florida Keys,French Reef,FR3,FR3-t824,38,7,5,3,100%,EC,1,0,none,none,none,0,N,N,0,0,0,0,0,0
Florida Keys,French Reef,FR3,FR3-t825,38,49,36,40,99%,BC,1,5,Unk,FP,none,0,N,Y,0,0,1,0,1,1
Florida Keys,French Reef,FR3,FR3-t862,38,93,66,42,40%,BC,8,0,none,none,none,1,N,N,1,0,1,0,0,0
Florida Keys,French Reef,FR3,FR3-t863,38,99,68,58,65%,BC,5,2,WPx,none,none,1,N,N,1,0,1,0,0,1
Florida Keys,French Reef,FR3,FR3-t864,38,19,12,4,80%,JC,1,1,PFB,none,none,0,N,N,0,0,0,0,0,0
Florida Keys,French Reef,FR3,FR3-t865,38,20,12,13,100%,JC,1,0,none,none,none,0,N,N,0,0,0,0,0,0
Florida Keys,French Reef,FR3,FR3-t866,38,7,7,7,100%,JC,1,0,none,none,none,0,N,N,0,0,0,0,0,0
Florida Keys,Grecian Rocks,GR1,GR1-t413,38,34,23,18,90%,JC,1,0,none,none,none,0,N,N,0,0,0,0,0,0
Florida Keys,Grecian Rocks,GR1,GR1-t463,38,12,10,8,90%,JC,1,0,none,none,none,0,N,N,0,0,0,0,0,0
Florida Keys,Grecian Rocks,GR1,GR1-t827,38,65,51,38,85%,BC,1,0,none,none,none,0,N,N,0,0,0,0,0,0
Florida Keys,Grecian Rocks,GR1,GR1-t828,38,72,65,64,95%,BC,1,1,Unk,none,none,0,N,Y,0,0,0,0,1,0
Florida Keys,Grecian Rocks,GR1,GR1-t830,38,84,64,46,35%,BC,25,1,FS,none,none,0,N,N,0,3,0,0,0,0
Florida Keys,Grecian Rocks,GR1,GR1-t832,38,52,42,25,1%,EC,2,0,none,none,none,0,N,N,0,0,0,0,0,0
Florida Keys,Grecian Rocks,GR1,GR1-t833,38,88,68,45,85%,BC,1,2,Unk,CL,none,0,N,N,0,0,0,0,1,0
Florida Keys,Grecian Rocks,GR1,GR1-t835,38,75,65,45,80%,BC,1,1,Oth,none,none,0,N,N,0,0,0,0,0,1
Florida Keys,Grecian Rocks,GR1,GR1-t836,38,94,72,44,75%,BC,2,1,Unk,none,none,0,N,N,0,0,0,0,0,1
Florida Keys,Grecian Rocks,GR1,GR1-t889,38,18,7,8,95%,AF,1,0,none,none,none,0,N,N,0,0,0,0,0,0
Florida Keys,Grecian Rocks,GR1,GR1-t890,38,35,23,22,95%,JC,1,1,Unk,none,none,0,N,N,0,0,0,0,0,0
Florida Keys,Grecian Rocks,GR1,GR1-t891,38,62,50,24,99%,AF,1,0,none,none,none,0,N,N,0,0,0,0,0,0
Florida Keys,Grecian Rocks,GR2,GR2-t415,38,52,42,17,100%,AF,1,0,none,none,none,0,N,N,0,,,,,
Florida Keys,Grecian Rocks,GR2,GR2-t839,38,6,5,4,95%,JC,1,0,none,none,none,0,N,N,0,0,0,0,0,0
Florida Keys,Grecian Rocks,GR2,GR2-t840,38,78,43,48,95%,BC,1,4,Unk,none,none,0,N,N,0,0,0,0,0,0
Florida Keys,Grecian Rocks,GR2,GR2-t841,38,121,110,85,80%,BC,1,1,Unk,none,none,0,N,Y,0,0,0,0,0,0
Florida Keys,Grecian Rocks,GR2,GR2-t844,38,70,46,53,60%,BC,2,0,none,none,none,0,N,N,0,0,0,0,0,0
Florida Keys,Grecian Rocks,GR2,GR2-t846,38,147,67,84,70%,BC,4,0,none,none,none,1,N,N,0,0,0,0,0,0
Florida Keys,Grecian Rocks,GR2,GR2-t847,38,59,45,23,85%,BC,1,0,none,none,none,1,N,N,0,0,0,0,0,0
Florida Keys,Grecian Rocks,GR2,GR2-t850,38,116,74,72,90%,BC,1,0,none,none,none,0,N,N,0,0,0,0,0,0
Florida Keys,Grecian Rocks,GR2,GR2-t884,38,14,8,2,100%,EC,1,0,none,none,none,0,N,N,0,0,0,0,0,0
Florida Keys,Grecian Rocks,GR2,GR2-t885,38,140,90,54,95%,BC,1,1,Oth,none,none,0,N,N,0,0,0,0,0,0
Florida Keys,Grecian Rocks,GR2,GR2-t886,38,22,8,11,100%,AF,1,0,none,none,none,0,N,N,0,0,0,0,0,0
Florida Keys,Grecian Rocks,GR3,GR3-t397,38,52,36,36,60%,BC,4,0,none,none,none,0,N,N,0,0,0,0,0,0
Florida Keys,Grecian Rocks,GR3,GR3-t398,38,52,34,49,65%,BC,3,2,FS,none,none,0,N,N,0,3,0,0,0,1
Florida Keys,Grecian Rocks,GR3,GR3-t412,38,16,13,5,100%,EC,1,0,none,none,none,0,N,N,0,0,0,0,0,0
Florida Keys,Grecian Rocks,GR3,GR3-t870,38,42,18,32,15%,RC,9,0,none,none,none,0,N,N,0,0,0,0,0,0
Florida Keys,Grecian Rocks,GR3,GR3-t871,38,23,15,20,70%,JC,1,0,none,none,none,0,N,N,0,0,0,0,0,0
Florida Keys,Grecian Rocks,GR3,GR3-t872,38,19,14,12,90%,JC,1,0,none,none,none,0,N,Y,0,0,0,0,0,0
Florida Keys,Grecian Rocks,GR3,GR3-t873,38,42,33,36,85%,BC,1,2,FS,none,none,0,N,N,0,0,0,0,0,0
Florida Keys,Grecian Rocks,GR3,GR3-t874,38,6,5,1,100%,EC,1,0,none,none,none,0,N,N,0,0,0,0,0,0
Florida Keys,Grecian Rocks,GR3,GR3-t875,38,32,19,16,85%,JC,1,2,FS,none,none,0,N,N,0,2,0,0,0,0
Florida Keys,Grecian Rocks,GR3,GR3-t876,38,107,59,39,20%,BC,7,1,Unk,none,none,0,N,N,0,0,0,0,0,0
Florida Keys,Grecian Rocks,GR3,GR3-t877,38,130,60,45,15%,RC,8,1,FS,none,none,0,N,N,0,4,0,0,0,0
Florida Keys,Grecian Rocks,GR3,GR3-t881,38,35,19,20,25%,RC,2,0,none,none,none,0,N,N,0,0,0,0,0,0
Florida Keys,Key Largo Dry Rocks,KL1,KL1-t037,38,13,8,20,98%,JC,1,0,none,none,none,0,N,N,0,0,0,0,0,0
Florida Keys,Key Largo Dry Rocks,KL1,KL1-t100,38,10,7,8,100%,JC,1,0,none,none,none,0,N,N,0,0,0,0,0,0
Florida Keys,Key Largo Dry Rocks,KL1,KL1-t104,38,115,80,60,1%,RC,3,0,none,none,none,0,N,N,0,0,0,0,0,0
Florida Keys,Key Largo Dry Rocks,KL1,KL1-t105,38,58,46,38,85%,BC,1,1,Unk,none,none,1,N,N,0,0,0,0,0,0
Florida Keys,Key Largo Dry Rocks,KL1,KL1-t106,38,75,30,35,5%,RC,6,1,Oth,none,none,0,N,N,0,0,0,0,0,0
Florida Keys,Key Largo Dry Rocks,KL1,KL1-t107,38,120,52,56,25%,BC,6,1,FP,none,none,0,N,N,0,0,1,0,0,1
Florida Keys,Key Largo Dry Rocks,KL1,KL1-t108,38,169,90,83,10%,RC,9,1,Unk,none,none,1,N,N,0,0,1,1,0,0
Florida Keys,Key Largo Dry Rocks,KL1,KL1-t109,38,17,14,3,95%,EC,1,0,none,none,none,0,N,N,0,0,0,0,0,0
Florida Keys,Key Largo Dry Rocks,KL1,KL1-t110,38,170,95,98,10%,RC,20,0,none,none,none,0,N,N,0,0,0,0,1,1
Florida Keys,Key Largo Dry Rocks,KL1,KL1-t239,38,25,21,19,90%,JC,1,0,none,none,none,1,N,N,0,0,0,0,0,0
Florida Keys,Key Largo Dry Rocks,KL1,KL1-t373,38,22,17,8,95%,AF,1,0,none,none,none,0,N,N,0,0,0,0,0,0
Florida Keys,Key Largo Dry Rocks,KL1,KL1-t374,38,8,3,4,95%,EC,1,0,none,none,none,0,N,N,0,0,0,0,0,0
Florida Keys,Key Largo Dry Rocks,KL1,KL1-t375,38,8,5,5,100%,JC,1,0,none,none,none,0,N,N,0,0,0,0,0,0
Florida Keys,Key Largo Dry Rocks,KL1,KL1-t388,38,10,6,4,100%,JC,1,0,none,none,none,0,N,N,0,0,0,0,0,0
Florida Keys,Key Largo Dry Rocks,KL3,KL3-t215,38,38,29,24,5%,RC,2,0,none,none,none,0,N,N,0,0,0,0,0,0
Florida Keys,Key Largo Dry Rocks,KL3,KL3-t217,38,11,5,3,100%,JC,1,0,none,none,none,0,N,N,0,0,1,0,0,0
Florida Keys,Key Largo Dry Rocks,KL3,KL3-t220,38,10,6,6,85%,JC,1,0,none,none,none,0,N,N,0,0,0,0,0,0
Florida Keys,Key Largo Dry Rocks,KL3,KL3-t372,38,4,3,2,100%,EC,1,0,none,none,none,0,N,N,0,0,0,0,0,0
Florida Keys,Key Largo Dry Rocks,KL3,KL3-t401,38,5,4,1,100%,EC,1,0,none,none,none,0,N,N,0,0,1,0,0,0
Florida Keys,Key Largo Dry Rocks,KL3,KL3-t402,38,3,2,4,100%,JC,1,0,none,none,none,0,N,N,0,0,0,0,0,0
Florida Keys,Key Largo Dry Rocks,KL3,KL3-t897,38,12,8,14,100%,JC,1,0,none,none,none,0,N,N,0,0,0,0,0,0
Florida Keys,Key Largo Dry Rocks,KL3,KL3-t898,38,13,7,6,100%,JC,1,0,none,none,none,0,N,N,0,0,1,0,0,0
Florida Keys,Key Largo Dry Rocks,KL3,KL3-t899,38,14,12,19,99%,JC,1,0,none,none,none,0,N,N,1,0,1,0,0,0
Florida Keys,Key Largo Dry Rocks,KL3,KL3-t966,38,29,18,20,85%,RC,1,0,none,none,none,0,N,N,0,0,1,0,0,0
Florida Keys,Key Largo Dry Rocks,KL3,KL3-t968,38,20,16,19,100%,JC,1,0,none,none,none,0,N,N,0,0,0,0,0,0
Florida Keys,Key Largo Dry Rocks,KL3,KL3-t969,38,22,16,18,75%,JC,2,0,none,none,none,0,N,N,0,0,1,0,0,0
Florida Keys,Key Largo Dry Rocks,KL4,KL4-t851,38,64,46,35,80%,BC,1,3,WPx,FS,none,0,N,N,0,2,0,0,1,0
Florida Keys,Key Largo Dry Rocks,KL4,KL4-t852,38,58,52,29,95%,BC,1,0,none,none,none,0,N,N,0,0,0,0,1,0
Florida Keys,Key Largo Dry Rocks,KL4,KL4-t853,38,160,112,77,70%,BC,3,2,FS,Oth,none,0,N,N,0,5,0,0,0,2
Florida Keys,Key Largo Dry Rocks,KL4,KL4-t854,38,42,27,15,10%,AF,2,0,none,none,none,0,N,N,0,0,0,0,0,0
Florida Keys,Key Largo Dry Rocks,KL4,KL4-t855,38,8,6,1,99%,EC,1,0,none,none,none,0,N,N,0,0,0,0,0,0
Florida Keys,Key Largo Dry Rocks,KL4,KL4-t856,38,146,72,59,80%,BC,4,2,WPx,FS,none,0,N,N,0,2,0,0,0,1
Florida Keys,Key Largo Dry Rocks,KL4,KL4-t858,38,15,13,7,100%,EC,1,0,none,none,none,0,N,N,0,0,0,0,0,0
Florida Keys,Key Largo Dry Rocks,KL4,KL4-t893,38,86,65,26,50%,AF,4,1,WPx,none,none,0,N,N,0,0,0,0,0,0
Florida Keys,Key Largo Dry Rocks,KL4,KL4-t894,38,17,7,8,90%,JC,1,0,none,none,none,0,N,N,0,0,0,0,0,0
Florida Keys,Molasses Reef,ML1,ML1-t013,38,178,125,78,65%,BC,8,1,CL,FS,none,0,N,Y,0,1,1,1,1,5
Florida Keys,Molasses Reef,ML1,ML1-t015,38,44,37,33,45%,BC,4,0,none,none,none,0,N,N,0,0,0,0,0,0
Florida Keys,Molasses Reef,ML1,ML1-t016,38,120,106,64,75%,BC,7,1,CL,CB,none,0,N,N,2,0,1,1,1,4
Florida Keys,Molasses Reef,ML1,ML1-t017,38,29,21,25,99%,JC,1,0,none,none,none,0,N,N,0,0,0,0,0,0
Florida Keys,Molasses Reef,ML1,ML1-t018,38,92,60,36,95%,BC,1,1,Oth,Unk,none,0,N,N,0,0,0,0,1,1
Florida Keys,Molasses Reef,ML1,ML1-t020,38,205,160,100,5%,RC,16,0,none,none,none,0,N,N,0,0,0,0,2,0
Florida Keys,Molasses Reef,ML1,ML1-t234,38,7,6,3,30%,EC,2,0,none,none,none,0,N,N,0,0,0,0,0,0
Florida Keys,Molasses Reef,ML1,ML1-t404,38,26,16,8,20%,AF,4,0,none,none,none,0,N,N,0,0,0,0,0,0
Florida Keys,Molasses Reef,ML1,ML1-t405,38,4,3,4,80%,EC,1,5,Unk,none,none,0,N,N,0,0,0,0,0,0
Florida Keys,Molasses Reef,ML1,ML1-t882,38,35,26,20,60%,AF,2,0,none,none,none,0,N,N,0,0,0,0,0,0
Florida Keys,Molasses Reef,ML1,ML1-t883,38,47,37,38,30%,AF,3,4,RTL,none,none,0,N,N,0,0,0,0,0,0
Florida Keys,Molasses Reef,ML2,ML2-t126,38,165,98,97,50%,BC,14,1,CL,WPx,Unk,0,N,N,2,0,3,1,1,1
Florida Keys,Molasses Reef,ML2,ML2-t128,38,7,7,3,100%,EC,1,0,none,none,none,0,N,N,0,0,1,0,0,0
Florida Keys,Molasses Reef,ML2,ML2-t129,38,155,71,59,15%,RC,23,1,CL,WPx,none,0,Y,N,2,0,3,0,0,0
Florida Keys,Molasses Reef,ML2,ML2-t130,38,47,34,20,80%,BC,1,0,none,none,none,0,Y,N,1,0,0,0,0,0
Florida Keys,Molasses Reef,ML2,ML2-t131,38,171,134,79,65%,BC,18,1,RTL,FP,none,0,Y,N,1,0,3,0,1,0
Florida Keys,Molasses Reef,ML2,ML2-t132,38,190,132,84,50%,BC,5,1,WBD,CB,WPx,0,Y,N,1,0,2,0,1,0
Florida Keys,Molasses Reef,ML2,ML2-t137,38,13,8,4,70%,EC,2,0,none,none,none,0,N,N,0,0,0,0,0,0
Florida Keys,Molasses Reef,ML2,ML2-t249,38,9,8,4,100%,EC,1,0,none,none,none,0,N,N,0,0,0,0,0,0
Florida Keys,Molasses Reef,ML2,ML2-t868,38,46,27,24,30%,RC,5,1,Unk,none,none,0,Y,N,0,0,1,0,0,0
Florida Keys,Molasses Reef,ML2,ML2-t869,38,26,16,10,25%,RC,2,0,none,none,none,0,N,N,0,0,0,0,0,0
Florida Keys,Molasses Reef,ML2,ML2-t952,38,33,22,18,70%,JC,1,1,Oth,none,none,0,Y,N,0,0,0,0,0,0
Florida Keys,Molasses Reef,ML2,ML2-t954,38,7,4,4,95%,EC,1,0,none,none,none,0,N,N,0,0,0,0,0,0
Florida Keys,Molasses Reef,ML3,ML3-t144,38,154,111,78,75%,BC,1,1,FS,none,none,0,Y,Y,0,8,1,0,1,0
Florida Keys,Molasses Reef,ML3,ML3-t145,38,206,132,63,40%,BC,17,1,Oth,CB,none,0,N,N,3,0,4,1,0,1
Florida Keys,Molasses Reef,ML3,ML3-t146,38,226,174,68,45%,BC,27,2,FS,Oth,none,0,N,N,3,10,3,0,0,0
Florida Keys,Molasses Reef,ML3,ML3-t147,38,193,122,80,45%,BC,16,0,none,none,none,0,Y,N,2,1,4,0,1,0
Florida Keys,Molasses Reef,ML3,ML3-t148,38,146,108,88,30%,BC,22,1,Oth,CL,none,0,Y,N,2,0,1,0,0,0
Florida Keys,Molasses Reef,ML3,ML3-t150,38,85,72,50,95%,BC,1,1,CL,none,none,0,N,N,0,0,1,0,0,0
Florida Keys,Molasses Reef,ML3,ML3-t184,38,223,200,85,70%,BC,4,1,CL,FS,Oth,0,Y,N,0,0,1,0,1,0
Florida Keys,Molasses Reef,ML3,ML3-t185,38,42,38,29,80%,BC,1,5,RTL,none,none,0,N,N,0,0,0,0,0,0
Florida Keys,Molasses Reef,ML3,ML3-t186,38,66,55,28,99%,BC,1,0,none,none,none,0,N,N,0,0,1,0,0,0
Florida Keys,Molasses Reef,ML3,ML3-t915,38,60,45,40,25%,BC,2,0,none,none,none,0,Y,N,0,0,1,0,0,0
Florida Keys,Molasses Reef,ML3,ML3-t955,38,124,83,53,65%,BC,5,1,Oth,none,none,0,N,N,3,0,1,0,0,2
Florida Keys,Molasses Reef,ML3,ML3-t956,38,17,16,12,100%,JC,1,0,none,none,none,0,N,N,0,0,0,0,0,0
Florida Keys,Sand Island,SI1,SI1-t302,38,134,118,74,85%,BC,4,0,none,none,none,0,N,N,0,1,0,0,2,0
Florida Keys,Sand Island,SI1,SI1-t303,38,12,8,7,95%,EC,1,0,none,none,none,0,N,N,0,0,0,0,0,0
Florida Keys,Sand Island,SI1,SI1-t305,38,12,10,13,99%,JC,1,0,none,none,none,0,N,N,0,0,0,0,0,0
Florida Keys,Sand Island,SI1,SI1-t307,38,102,68,77,35%,BC,8,0,none,none,none,1,N,N,0,0,0,0,1,0
Florida Keys,Sand Island,SI1,SI1-t308,38,75,60,77,40%,BC,5,2,Unk,CL,none,0,N,N,0,0,0,0,1,0
Florida Keys,Sand Island,SI1,SI1-t310,38,5,1,1,90%,EC,1,0,none,none,none,0,N,N,0,0,0,0,0,0
Florida Keys,Sand Island,SI1,SI1-t312,38,33,30,25,95%,JC,1,0,none,none,none,0,Y,N,0,0,0,0,0,0
Florida Keys,Sand Island,SI1,SI1-t319,38,85,55,85,2%,RC,8,0,none,none,none,0,N,N,0,0,0,0,0,0
Florida Keys,Sand Island,SI1,SI1-t332,38,154,144,80,65%,BC,12,2,Unk,CL,none,1,N,N,0,0,0,0,1,0
Florida Keys,Sand Island,SI1,SI1-t403,38,73,40,42,95%,BC,1,0,none,none,none,0,N,N,0,1,0,0,0,0
Florida Keys,Sand Island,SI1,SI1-t957,38,,,,0%,D,,,,,,,N,N,,,,,,
Florida Keys,Sand Island,SI1,SI1-t958,38,19,14,11,99%,JC,1,0,none,none,none,0,Y,N,0,0,0,0,0,0
Florida Keys,Sand Island,SI1,SI1-t959,38,32,26,24,100%,JC,1,0,none,none,none,1,N,N,0,0,0,0,0,0
Florida Keys,Sand Island,SI2,SI2-t313,38,152,95,130,80%,BC,4,1,CL,none,none,0,N,N,0,0,0,0,1,0
Florida Keys,Sand Island,SI2,SI2-t314,38,2,1,1,80%,EC,1,5,Oth,none,none,0,N,N,0,0,0,0,0,0
Florida Keys,Sand Island,SI2,SI2-t323,38,95,90,65,40%,BC,3,1,CL,Unk,none,0,N,Y,0,0,0,0,0,0
Florida Keys,Sand Island,SI2,SI2-t324,38,161,101,90,90%,BC,1,0,none,none,none,0,N,N,0,0,1,0,0,0
Florida Keys,Sand Island,SI2,SI2-t326,38,218,98,95,65%,BC,3,1,CL,Oth,none,0,N,N,0,0,1,0,1,0
Florida Keys,Sand Island,SI2,SI2-t330,38,60,34,30,25%,BC,2,2,WBD,CL,none,0,N,N,0,0,0,0,0,0
Florida Keys,Sand Island,SI2,SI2-t331,38,21,16,21,80%,JC,1,4,RTL,none,none,0,N,N,0,0,1,0,0,0
Florida Keys,Sand Island,SI2,SI2-t334,38,215,187,155,65%,BC,9,1,CL,none,none,0,N,Y,1,0,4,0,1,1
Florida Keys,Sand Island,SI2,SI2-t399,38,69,51,56,80%,BC,1,0,none,none,none,0,N,N,0,0,0,0,0,0
Florida Keys,Sand Island,SI2,SI2-t960,38,103,74,65,85%,BC,3,0,none,none,none,0,N,Y,0,0,0,0,0,1
Florida Keys,Sand Island,SI2,SI2-t961,38,61,41,45,95%,BC,1,0,none,none,none,0,N,N,0,0,0,0,0,0
Florida Keys,Sand Island,SI2,SI2-t962,38,202,94,56,75%,BC,3,1,FP,none,none,1,N,N,1,0,1,0,0,0
Florida Keys,Sand Island,SI3,SI3-t315,38,5,4,4,95%,EC,1,0,none,none,none,0,N,N,0,0,0,0,0,0
Florida Keys,Sand Island,SI3,SI3-t316,38,13,13,13,100%,JC,1,0,none,none,none,0,N,N,0,0,0,0,1,0
Florida Keys,Sand Island,SI3,SI3-t317,38,22,19,7,100%,JC,1,0,none,none,none,0,Y,N,0,0,0,0,0,0
Florida Keys,Sand Island,SI3,SI3-t338,38,48,28,29,90%,BC,1,0,none,none,none,0,Y,N,0,0,0,0,1,0
Florida Keys,Sand Island,SI3,SI3-t340,38,23,14,14,1%,EC,10,0,none,none,none,0,N,N,0,0,0,0,0,0
Florida Keys,Sand Island,SI3,SI3-t341,38,130,100,85,80%,BC,4,3,WPx,FS,FP,0,N,N,0,5,0,0,1,2
Florida Keys,Sand Island,SI3,SI3-t345,38,7,5,8,90%,EC,1,0,none,none,none,0,Y,N,0,0,0,0,0,0
Florida Keys,Sand Island,SI3,SI3-t346,38,29,17,25,100%,JC,1,0,none,none,none,0,N,N,0,0,0,0,0,0
Florida Keys,Sand Island,SI3,SI3-t964,38,80,30,50,1%,RC,4,0,none,none,none,0,N,N,0,0,0,0,1,0
Florida Keys,Carysfort Reef,CF1,CF1-t024,39,30,17,12,100%,JC,1,0,none,none,none,0,N,N,0,0,0,0,0,0
Florida Keys,Carysfort Reef,CF1,CF1-t033,39,6,4,4,100%,JC,1,0,none,none,none,0,N,N,0,0,0,0,0,0
Florida Keys,Carysfort Reef,CF2,CF2-t038,39,95,91,45,80%,BC,6,0,none,none,none,0,N,N,0,0,0,0,2,0
Florida Keys,Carysfort Reef,CF2,CF2-t040,39,110,59,57,40%,BC,3,1,PFB,none,none,0,N,N,0,0,0,0,0,0
Florida Keys,Carysfort Reef,CF2,CF2-t042,39,214,137,75,70%,BC,17,1,FP,WPx,CL,0,N,N,0,0,0,0,0,1
Florida Keys,Carysfort Reef,CF2,CF2-t043,39,161,121,54,75%,BC,1,2,RTL,CL,none,0,N,N,0,0,0,0,0,0
Florida Keys,Carysfort Reef,CF2,CF2-t045,39,180,100,72,80%,BC,1,0,none,none,none,0,N,N,0,0,0,0,1,1
Florida Keys,Carysfort Reef,CF2,CF2-t047,39,187,90,72,45%,BC,12,1,CL,none,none,0,N,N,0,0,0,0,1,0
Florida Keys,Carysfort Reef,CF2,CF2-t048,39,127,120,79,65%,BC,2,2,CL,RTL,Unk,0,N,N,0,0,0,0,1,0
Florida Keys,Carysfort Reef,CF2,CF2-t049,39,7,5,3,100%,EC,1,0,none,none,none,0,N,N,0,0,0,0,0,0
Florida Keys,Carysfort Reef,CF2,CF2-t228,39,166,73,54,60%,BC,7,1,FP,CL,none,0,N,N,0,0,0,0,1,0
Florida Keys,Carysfort Reef,CF2,CF2-t395,39,11,9,4,100%,EC,1,0,none,none,none,0,N,N,0,0,0,0,0,0
Florida Keys,Carysfort Reef,CF2,CF2-t396,39,63,48,37,25%,BC,8,3,FS,none,none,0,N,N,0,2,0,0,0,0
Florida Keys,Carysfort Reef,CF2,CF2-t948,39,51,44,42,35%,BC,4,1,Unk,none,none,0,N,N,0,0,1,0,0,0
Florida Keys,Carysfort Reef,CF3,CF3-t088,39,280,161,97,20%,BC,17,2,RTL,none,none,0,N,N,1,0,4,0,0,0
Florida Keys,Carysfort Reef,CF3,CF3-t090,39,176,136,65,30%,BC,11,0,none,none,none,0,N,N,1,1,5,0,1,0
Florida Keys,Carysfort Reef,CF3,CF3-t092,39,193,92,73,40%,BC,23,1,CL,none,none,0,N,N,3,0,3,1,0,0
Florida Keys,Carysfort Reef,CF3,CF3-t095,39,11,9,8,95%,JC,1,0,none,none,none,0,N,N,0,0,0,0,0,0
Florida Keys,Carysfort Reef,CF3,CF3-t390,39,31,28,13,80%,AF,1,2,PFB,none,none,0,N,N,0,0,0,0,0,0
Florida Keys,Carysfort Reef,CF3,CF3-t391,39,11,9,7,100%,JC,1,0,none,none,none,0,N,N,0,0,1,0,0,0
Florida Keys,Carysfort Reef,CF3,CF3-t408,39,30,25,8,10%,AF,2,0,none,none,none,0,N,N,0,0,0,0,0,0
Florida Keys,Carysfort Reef,CF3,CF3-t409,39,67,60,58,30%,BC,3,0,none,none,none,0,N,N,1,0,1,0,0,0
Florida Keys,Carysfort Reef,CF3,CF3-t410,39,43,24,14,85%,BC,1,0,none,none,none,0,N,N,0,0,1,0,0,0
Florida Keys,Carysfort Reef,CF3,CF3-t411,39,162,133,75,30%,BC,6,0,none,none,none,0,N,N,0,2,1,1,0,0
Florida Keys,Carysfort Reef,CF3,CF3-t902,39,27,20,19,10%,RC,3,0,none,none,none,0,N,N,0,0,1,0,0,0
Florida Keys,Carysfort Reef,CF3,CF3-t973,39,17,12,14,100%,JC,1,0,none,none,none,0,N,N,0,0,0,0,0,0
Florida Keys,Carysfort Reef,CF4,CF4-t801,39,,,,0%,D,,,,,,,N,N,,,,,,
Florida Keys,Carysfort Reef,CF4,CF4-t802,39,58,47,31,5%,RC,4,3,FS,none,none,0,N,N,0,5,0,0,0,0
Florida Keys,Carysfort Reef,CF4,CF4-t803,39,,,,0%,D,,,,,,,N,N,,,,,,
Florida Keys,Carysfort Reef,CF4,CF4-t805,39,55,30,35,5%,RC,2,0,none,none,none,0,N,N,0,0,0,0,0,0
Florida Keys,Carysfort Reef,CF4,CF4-t812,39,6,4,3,100%,EC,1,0,none,none,none,0,N,N,0,0,0,0,0,0
Florida Keys,Carysfort Reef,CF4,CF4-t814,39,90,90,60,1%,RC,2,0,none,none,none,0,N,N,0,0,0,0,0,0
Florida Keys,Carysfort Reef,CF4,CF4-t908,39,,,,0%,D,,,,,,,N,N,,,,,,
Florida Keys,Elbow Reef,EL1,EL1-t051,39,169,100,105,45%,BC,12,1,Unk,WBD,none,0,N,N,3,0,1,0,0,2
Florida Keys,Elbow Reef,EL1,EL1-t052,39,279,233,98,60%,BC,12,1,RTL,CL,CB,0,N,Y,2,0,3,0,2,2
Florida Keys,Elbow Reef,EL1,EL1-t054,39,132,84,73,60%,BC,3,0,none,none,none,0,N,Y,1,1,1,0,0,0
Florida Keys,Elbow Reef,EL1,EL1-t055,39,237,170,78,60%,BC,12,3,RTL,none,none,0,N,N,2,0,1,3,1,3
Florida Keys,Elbow Reef,EL1,EL1-t056,39,110,68,52,65%,BC,6,1,RTL,none,none,0,N,Y,0,0,1,1,0,0
Florida Keys,Elbow Reef,EL1,EL1-t059,39,29,25,23,75%,JC,1,2,CL,none,none,0,N,N,0,0,0,0,0,0
Florida Keys,Elbow Reef,EL1,EL1-t060,39,111,98,61,65%,BC,19,2,CL,Unk,none,0,N,N,1,0,0,1,0,1
Florida Keys,Elbow Reef,EL1,EL1-t232,39,85,53,53,95%,BC,1,0,none,none,none,0,N,N,0,0,0,0,0,0
Florida Keys,Elbow Reef,EL1,EL1-t454,39,5,4,3,100%,EC,1,0,none,none,none,0,N,N,0,0,0,0,1,0
Florida Keys,Elbow Reef,EL1,EL1-t977,39,104,73,72,60%,BC,7,1,Oth,none,none,0,N,N,1,0,1,1,1,0
Florida Keys,Elbow Reef,EL1,EL1-t978,39,77,40,42,99%,BC,1,0,none,none,none,0,N,N,0,0,0,0,0,0
Florida Keys,Elbow Reef,EL1,EL1-t979,39,147,100,63,80%,BC,1,0,none,none,none,0,N,N,0,0,1,0,1,0
Florida Keys,Elbow Reef,EL2,EL2-t065,39,90,90,75,5%,RC,2,2,RTL,none,none,0,N,N,0,0,0,0,0,0
Florida Keys,Elbow Reef,EL2,EL2-t066,39,152,105,83,55%,BC,5,2,RTL,Unk,none,0,N,N,1,0,1,1,1,0
Florida Keys,Elbow Reef,EL2,EL2-t067,39,32,27,27,10%,RC,2,0,none,none,none,0,N,N,0,0,0,0,0,0
Florida Keys,Elbow Reef,EL2,EL2-t070,39,16,11,15,70%,JC,1,4,RTL,none,none,0,N,N,0,0,0,0,0,0
Florida Keys,Elbow Reef,EL2,EL2-t072,39,80,60,38,90%,BC,1,0,none,none,none,0,N,N,0,0,1,0,0,0
Florida Keys,Elbow Reef,EL2,EL2-t073,39,134,132,60,55%,BC,6,0,none,none,none,0,N,N,0,0,0,0,0,1
Florida Keys,Elbow Reef,EL2,EL2-t246,39,12,10,12,10%,EC,2,5,RTL,none,none,0,N,N,0,0,0,0,0,0
Florida Keys,Elbow Reef,EL2,EL2-t247,39,31,18,19,55%,JC,4,0,none,none,none,0,N,N,0,0,0,0,0,0
Florida Keys,Elbow Reef,EL2,EL2-t414,39,,,,0%,D,,,,,,,N,N,,,,,,
Florida Keys,Elbow Reef,EL2,EL2-t453,39,23,21,21,50%,RC,1,0,none,none,none,0,N,N,0,0,0,0,0,0
Florida Keys,Elbow Reef,EL2,EL2-t913,39,229,152,80,55%,BC,14,1,RTL,none,none,0,N,N,0,0,0,0,3,3
Florida Keys,Elbow Reef,EL2,EL2-t980,39,,,,0%,D,,,,,,,N,N,,,,,,
Florida Keys,Elbow Reef,EL3,EL3-t076,39,77,59,70,15%,RC,14,1,FS,none,none,0,N,N,0,2,0,0,0,0
Florida Keys,Elbow Reef,EL3,EL3-t077,39,65,24,28,30%,RC,2,1,CL,none,none,0,N,N,0,0,0,0,0,1
Florida Keys,Elbow Reef,EL3,EL3-t078,39,59,32,52,55%,BC,3,1,FS,none,none,0,N,N,0,1,0,0,0,0
Florida Keys,Elbow Reef,EL3,EL3-t079,39,45,18,20,10%,RC,6,1,CB,none,none,0,N,N,0,0,0,0,1,0
Florida Keys,Elbow Reef,EL3,EL3-t083,39,105,87,68,70%,BC,11,1,Oth,Unk,none,0,N,N,0,0,0,0,1,0
Florida Keys,Elbow Reef,EL3,EL3-t086,39,189,116,69,70%,BC,3,1,WPx,FS,PFB,1,N,N,0,7,0,0,1,0
Florida Keys,Elbow Reef,EL3,EL3-t421,39,42,21,10,25%,RC,2,2,FS,none,none,0,N,N,0,1,0,0,0,0
Florida Keys,Elbow Reef,EL3,EL3-t451,39,8,7,3,100%,JC,1,0,none,none,none,0,N,N,0,0,0,0,0,0
Florida Keys,Elbow Reef,EL3,EL3-t911,39,104,67,56,70%,BC,1,0,none,none,none,0,N,Y,0,0,0,0,0,1
Florida Keys,Elbow Reef,EL3,EL3-t930,39,19,15,8,99%,JC,1,0,none,none,none,0,N,N,0,0,0,0,0,0
Florida Keys,Elbow Reef,EL3,EL3-t932,39,6,3,3,100%,EC,1,0,none,none,none,0,N,N,0,0,0,0,0,0
Florida Keys,Elbow Reef,EL3,EL3-t933,39,110,77,67,65%,BC,3,1,FP,none,none,0,N,Y,0,0,0,0,0,0
Florida Keys,Elbow Reef,EL4,EL4-t153,39,178,126,85,40%,BC,18,1,RTL,FS,CL,0,N,N,0,8,0,0,0,0
Florida Keys,Elbow Reef,EL4,EL4-t154,39,146,138,95,45%,BC,21,1,FS,PFB,CL,0,N,N,0,2,0,0,1,0
Florida Keys,Elbow Reef,EL4,EL4-t158,39,89,33,33,70%,BC,7,0,none,none,none,0,N,N,0,0,0,0,0,0
Florida Keys,Elbow Reef,EL4,EL4-t165,39,,,,0%,D,,,,,,,N,N,,,,,,
Florida Keys,Elbow Reef,EL4,EL4-t168,39,184,155,90,70%,BC,3,1,FS,FP,CL,0,N,N,0,5,0,0,0,0
Florida Keys,Elbow Reef,EL4,EL4-t416,39,12,9,4,85%,JC,1,3,PFB,none,none,0,N,N,0,0,0,0,0,0
Florida Keys,Elbow Reef,EL4,EL4-t417,39,8,4,6,100%,JC,1,0,none,none,none,0,N,N,0,0,0,0,0,0
Florida Keys,Elbow Reef,EL4,EL4-t418,39,88,72,35,80%,AF,3,3,RTL,FS,PFB,0,N,N,0,4,0,0,0,0
Florida Keys,Elbow Reef,EL4,EL4-t419,39,17,6,4,80%,SF,1,1,FS,none,none,0,N,N,0,0,0,0,0,0
Florida Keys,Elbow Reef,EL4,EL4-t420,39,5,4,1,95%,EC,1,3,Unk,none,none,0,N,N,0,0,0,0,0,0
Florida Keys,Elbow Reef,EL4,EL4-t922,39,,,,0%,D,,,,,,,N,N,,,,,,
Florida Keys,Elbow Reef,EL4,EL4-t935,39,12,9,2,80%,EC,2,1,PFB,none,none,0,N,N,0,0,0,0,0,0
Florida Keys,Elbow Reef,EL5,EL5-t177,39,58,36,55,20%,RC,3,1,Unk,none,none,0,Y,N,0,0,0,0,0,0
Florida Keys,Elbow Reef,EL5,EL5-t180,39,162,121,75,35%,BC,24,1,FS,CB,none,0,N,N,0,1,0,0,0,0
Florida Keys,Elbow Reef,EL5,EL5-t183,39,27,25,23,95%,JC,1,4,PFB,none,none,0,N,N,0,0,0,0,0,0
Florida Keys,Elbow Reef,EL5,EL5-t460,39,100,90,12,10%,AF,3,1,FS,none,none,0,N,N,0,0,0,0,0,0
Florida Keys,Elbow Reef,EL5,EL5-t462,39,,,,0%,D,,,,,,,N,N,,,,,,
Florida Keys,French Reef,FR1,FR1-t002,39,94,67,61,80%,BC,1,0,none,none,none,1,N,N,0,0,0,0,0,1
Florida Keys,French Reef,FR1,FR1-t003,39,29,17,25,80%,JC,1,0,none,none,none,0,N,N,2,0,0,0,0,0
Florida Keys,French Reef,FR1,FR1-t004,39,75,65,65,25%,BC,5,0,none,none,none,0,N,N,0,0,0,0,0,0
Florida Keys,French Reef,FR1,FR1-t005,39,150,125,79,65%,BC,3,1,FP,none,none,1,N,N,2,0,1,0,1,0
Florida Keys,French Reef,FR1,FR1-t006,39,172,105,73,45%,BC,18,2,FP,RTL,none,2,N,N,0,0,1,0,1,1
Florida Keys,French Reef,FR1,FR1-t007,39,25,12,12,35%,RC,2,0,none,none,none,0,N,N,0,0,0,0,0,0
Florida Keys,French Reef,FR1,FR1-t008,39,97,58,77,45%,BC,2,1,FP,none,none,0,N,N,0,0,1,0,0,0
Florida Keys,French Reef,FR1,FR1-t009,39,183,149,75,45%,BC,5,2,RTL,FP,CB,0,N,N,2,0,3,0,1,0
Florida Keys,French Reef,FR1,FR1-t010,39,65,55,40,30%,RC,12,0,none,none,none,0,N,N,0,0,0,0,0,0
Florida Keys,French Reef,FR1,FR1-t860,39,15,12,7,95%,EC,1,0,none,none,none,0,N,N,0,0,0,0,0,0
Florida Keys,French Reef,FR1,FR1-t861,39,60,41,56,70%,BC,1,0,none,none,none,0,N,N,0,0,0,0,0,0
Florida Keys,French Reef,FR1,FR1-t976,39,12,8,5,75%,EC,1,0,none,none,none,0,N,N,0,0,0,0,0,0
Florida Keys,French Reef,FR2,FR2-t236,39,13,6,2,90%,EC,1,0,none,none,none,0,N,N,0,0,0,0,0,0
Florida Keys,French Reef,FR2,FR2-t250,39,102,64,55,25%,BC,2,1,CL,none,none,0,N,N,2,0,1,0,1,0
Florida Keys,French Reef,FR2,FR2-t251,39,81,55,72,98%,BC,1,5,FP,none,none,0,N,N,0,0,0,0,0,0
Florida Keys,French Reef,FR2,FR2-t255,39,31,18,26,45%,RC,6,3,CL,CB,none,0,N,N,0,0,0,0,0,0
Florida Keys,French Reef,FR2,FR2-t256,39,18,16,19,90%,JC,1,0,none,none,none,0,N,N,0,0,0,0,0,0
Florida Keys,French Reef,FR2,FR2-t257,39,18,12,17,60%,RC,2,0,none,none,none,0,N,N,0,0,0,0,0,0
Florida Keys,French Reef,FR2,FR2-t258,39,3,2,2,95%,EC,1,0,none,none,none,0,N,N,0,0,0,0,0,0
Florida Keys,French Reef,FR2,FR2-t259,39,22,18,25,65%,JC,4,0,none,none,none,0,N,N,0,0,0,0,0,0
Florida Keys,French Reef,FR2,FR2-t260,39,30,29,34,99%,JC,1,0,none,none,none,0,N,N,0,0,0,0,0,0
Florida Keys,French Reef,FR2,FR2-t261,39,97,67,50,25%,BC,2,0,none,none,none,0,N,N,0,0,0,0,0,0
Florida Keys,French Reef,FR2,FR2-t262,39,15,13,21,80%,JC,1,0,none,none,none,0,N,N,0,0,0,0,0,0
Florida Keys,French Reef,FR2,FR2-t982,39,37,27,42,99%,BC,1,0,none,none,none,0,N,N,0,0,0,1,0,0
Florida Keys,French Reef,FR3,FR3-t406,39,,,,0%,D,,,,,,,N,N,,,,,,
Florida Keys,French Reef,FR3,FR3-t407,39,11,7,2,95%,EC,1,0,none,none,none,0,N,N,0,0,0,0,0,0
Florida Keys,French Reef,FR3,FR3-t818,39,13,11,11,70%,JC,1,0,none,none,none,0,N,N,0,0,0,0,0,0
Florida Keys,French Reef,FR3,FR3-t820,39,152,94,73,25%,BC,20,2,FS,RTL,none,1,N,N,2,3,1,0,0,0
Florida Keys,French Reef,FR3,FR3-t822,39,12,8,9,80%,JC,1,5,FS,none,none,1,N,N,0,0,0,0,0,0
Florida Keys,French Reef,FR3,FR3-t824,39,8,6,4,100%,EC,1,0,none,none,none,0,N,N,0,0,0,0,0,0
Florida Keys,French Reef,FR3,FR3-t825,39,58,40,40,98%,BC,1,1,Oth,none,none,0,N,Y,0,0,0,0,1,0
Florida Keys,French Reef,FR3,FR3-t862,39,94,67,43,45%,BC,8,1,CL,none,none,0,N,N,1,0,2,0,0,0
Florida Keys,French Reef,FR3,FR3-t863,39,105,70,58,60%,BC,6,1,FS,CL,Oth,1,N,N,0,1,0,0,0,0
Florida Keys,French Reef,FR3,FR3-t864,39,19,12,5,80%,JC,1,4,Oth,none,none,0,N,N,0,0,0,0,0,0
Florida Keys,French Reef,FR3,FR3-t865,39,20,13,15,95%,JC,1,4,FS,none,none,1,N,N,0,2,0,0,0,0
Florida Keys,French Reef,FR3,FR3-t866,39,5,5,5,100%,JC,1,0,none,none,none,0,N,N,0,0,0,0,0,0
Florida Keys,Grecian Rocks,GR1,GR1-t413,39,35,24,22,85%,JC,1,1,CL,none,none,1,N,N,0,0,0,0,0,0
Florida Keys,Grecian Rocks,GR1,GR1-t463,39,13,12,7,99%,JC,1,0,none,none,none,0,N,N,0,0,0,0,0,0
Florida Keys,Grecian Rocks,GR1,GR1-t827,39,68,54,38,95%,BC,1,1,FS,none,none,0,N,N,0,2,0,0,0,0
Florida Keys,Grecian Rocks,GR1,GR1-t828,39,78,68,65,95%,BC,1,0,none,none,none,1,N,Y,0,0,0,0,0,0
Florida Keys,Grecian Rocks,GR1,GR1-t830,39,88,65,46,30%,BC,15,2,FS,CB,none,0,N,N,0,2,0,0,1,0
Florida Keys,Grecian Rocks,GR1,GR1-t832,39,52,42,25,1%,RC,2,0,none,none,none,0,N,N,0,0,0,0,0,0
Florida Keys,Grecian Rocks,GR1,GR1-t833,39,95,70,45,85%,BC,1,1,PFB,none,none,0,N,N,0,0,0,0,1,0
Florida Keys,Grecian Rocks,GR1,GR1-t835,39,78,70,55,80%,BC,1,0,none,none,none,0,N,N,0,0,0,0,0,0
Florida Keys,Grecian Rocks,GR1,GR1-t836,39,96,74,46,80%,BC,1,1,FP,Oth,none,1,N,Y,0,0,0,0,0,0
Florida Keys,Grecian Rocks,GR1,GR1-t889,39,14,6,5,80%,JC,2,3,RTL,none,none,0,N,N,0,0,0,0,0,0
Florida Keys,Grecian Rocks,GR1,GR1-t890,39,38,23,26,90%,JC,4,1,FP,RTL,none,0,N,N,0,0,0,0,0,0
Florida Keys,Grecian Rocks,GR1,GR1-t891,39,62,49,25,99%,AF,1,0,none,none,none,0,N,N,0,0,0,0,0,0
Florida Keys,Grecian Rocks,GR2,GR2-t415,39,53,41,19,100%,AF,1,0,none,none,none,0,N,N,0,0,0,0,0,0
Florida Keys,Grecian Rocks,GR2,GR2-t839,39,6,4,4,99%,JC,1,0,none,none,none,0,N,N,0,0,0,0,0,0
Florida Keys,Grecian Rocks,GR2,GR2-t840,39,82,47,50,99%,BC,1,0,none,none,none,0,N,N,0,0,0,0,0,0
Florida Keys,Grecian Rocks,GR2,GR2-t841,39,123,114,88,80%,BC,1,0,none,none,none,1,N,Y,0,0,0,0,1,0
Florida Keys,Grecian Rocks,GR2,GR2-t844,39,67,50,56,65%,BC,2,0,none,none,none,0,N,N,0,0,0,0,0,0
Florida Keys,Grecian Rocks,GR2,GR2-t846,39,151,67,82,75%,BC,3,0,none,none,none,0,N,N,0,0,0,0,0,0
Florida Keys,Grecian Rocks,GR2,GR2-t847,39,63,45,22,95%,BC,1,0,none,none,none,0,N,N,0,0,0,0,0,0
Florida Keys,Grecian Rocks,GR2,GR2-t850,39,117,77,76,95%,BC,1,0,none,none,none,0,N,N,0,0,0,0,0,0
Florida Keys,Grecian Rocks,GR2,GR2-t884,39,14,9,3,100%,EC,1,0,none,none,none,0,N,N,0,0,0,0,0,0
Florida Keys,Grecian Rocks,GR2,GR2-t885,39,138,92,54,90%,BC,1,1,FP,none,none,1,N,N,0,0,0,0,0,0
Florida Keys,Grecian Rocks,GR2,GR2-t886,39,23,10,11,100%,AF,1,0,none,none,none,0,N,N,0,0,0,0,0,0
Florida Keys,Grecian Rocks,GR3,GR3-t397,39,53,36,36,65%,BC,2,0,none,none,none,0,N,N,0,0,0,0,0,0
Florida Keys,Grecian Rocks,GR3,GR3-t398,39,55,35,47,60%,BC,3,2,FS,none,none,0,N,N,0,4,0,0,0,0
Florida Keys,Grecian Rocks,GR3,GR3-t412,39,16,12,6,100%,JC,1,0,none,none,none,0,N,N,0,0,0,0,0,0
Florida Keys,Grecian Rocks,GR3,GR3-t870,39,42,20,30,15%,RC,10,0,none,none,none,0,N,N,0,0,0,0,0,0
Florida Keys,Grecian Rocks,GR3,GR3-t871,39,25,16,20,70%,JC,1,0,none,none,none,0,N,N,0,0,0,0,0,0
Florida Keys,Grecian Rocks,GR3,GR3-t872,39,21,13,12,95%,JC,1,0,none,none,none,0,N,Y,0,0,0,0,0,0
Florida Keys,Grecian Rocks,GR3,GR3-t873,39,44,35,37,90%,BC,1,0,none,none,none,0,N,N,0,0,0,0,0,0
Florida Keys,Grecian Rocks,GR3,GR3-t874,39,6,5,1,100%,EC,1,0,none,none,none,0,N,N,0,0,0,0,0,0
Florida Keys,Grecian Rocks,GR3,GR3-t875,39,34,20,18,85%,JC,1,2,FS,none,none,0,N,N,0,2,0,0,0,0
Florida Keys,Grecian Rocks,GR3,GR3-t876,39,107,60,39,20%,BC,5,0,none,none,none,0,N,N,0,0,0,0,0,0
Florida Keys,Grecian Rocks,GR3,GR3-t877,39,130,60,45,10%,RC,7,1,FS,none,none,0,N,N,0,3,0,0,0,0
Florida Keys,Grecian Rocks,GR3,GR3-t881,39,36,20,20,20%,RC,2,0,none,none,none,0,N,N,0,0,0,0,0,0
Florida Keys,Key Largo Dry Rocks,KL1,KL1-t037,39,14,9,20,99%,JC,1,0,none,none,none,0,N,N,0,0,0,0,0,0
Florida Keys,Key Largo Dry Rocks,KL1,KL1-t100,39,12,10,9,100%,JC,1,0,none,none,none,0,N,N,0,0,0,0,0,0
Florida Keys,Key Largo Dry Rocks,KL1,KL1-t104,39,110,80,60,1%,RC,3,0,none,none,none,0,N,N,0,0,0,0,0,0
Florida Keys,Key Largo Dry Rocks,KL1,KL1-t105,39,59,51,40,85%,BC,1,0,none,none,none,0,N,N,0,0,0,0,1,1
Florida Keys,Key Largo Dry Rocks,KL1,KL1-t106,39,75,30,35,5%,RC,4,0,none,none,none,0,N,N,0,0,0,0,0,0
Florida Keys,Key Largo Dry Rocks,KL1,KL1-t107,39,120,54,47,30%,BC,6,0,none,none,none,0,N,N,0,0,1,0,1,1
Florida Keys,Key Largo Dry Rocks,KL1,KL1-t108,39,170,75,73,15%,BC,9,0,none,none,none,0,N,N,0,0,0,0,1,0
Florida Keys,Key Largo Dry Rocks,KL1,KL1-t109,39,17,12,5,95%,JC,1,3,PFB,none,none,0,N,N,0,0,0,0,0,0
Florida Keys,Key Largo Dry Rocks,KL1,KL1-t110,39,175,93,88,15%,BC,22,0,none,none,none,0,N,N,0,0,0,0,1,0
Florida Keys,Key Largo Dry Rocks,KL1,KL1-t239,39,26,22,19,95%,JC,1,0,none,none,none,0,N,N,0,0,0,0,1,0
Florida Keys,Key Largo Dry Rocks,KL1,KL1-t373,39,23,18,11,100%,JC,1,0,none,none,none,0,N,N,0,0,0,0,0,0
Florida Keys,Key Largo Dry Rocks,KL1,KL1-t374,39,9,3,5,90%,JC,1,0,none,none,none,0,N,N,0,0,0,0,0,0
Florida Keys,Key Largo Dry Rocks,KL1,KL1-t375,39,10,7,7,100%,JC,1,0,none,none,none,0,N,N,0,0,0,0,0,0
Florida Keys,Key Largo Dry Rocks,KL1,KL1-t388,39,11,5,4,100%,JC,1,0,none,none,none,0,N,N,0,0,0,0,0,0
Florida Keys,Key Largo Dry Rocks,KL3,KL3-t215,39,38,30,24,5%,RC,2,0,none,none,none,0,N,N,0,0,0,0,0,0
Florida Keys,Key Largo Dry Rocks,KL3,KL3-t217,39,12,6,3,100%,JC,1,0,none,none,none,0,N,N,0,0,0,0,0,0
Florida Keys,Key Largo Dry Rocks,KL3,KL3-t220,39,14,7,8,95%,JC,1,0,none,none,none,0,N,N,0,0,0,0,0,0
Florida Keys,Key Largo Dry Rocks,KL3,KL3-t372,39,4,4,2,100%,EC,1,0,none,none,none,0,N,N,0,0,0,0,0,0
Florida Keys,Key Largo Dry Rocks,KL3,KL3-t401,39,6,5,2,100%,JC,1,0,none,none,none,0,N,N,0,0,0,0,0,0
Florida Keys,Key Largo Dry Rocks,KL3,KL3-t402,39,4,3,7,100%,JC,1,0,none,none,none,0,N,N,0,0,0,0,0,0
Florida Keys,Key Largo Dry Rocks,KL3,KL3-t897,39,13,10,16,100%,JC,1,0,none,none,none,0,N,N,0,0,0,0,0,0
Florida Keys,Key Largo Dry Rocks,KL3,KL3-t898,39,15,8,8,100%,JC,1,0,none,none,none,0,N,N,0,0,1,0,0,0
Florida Keys,Key Largo Dry Rocks,KL3,KL3-t899,39,18,11,19,100%,JC,1,0,none,none,none,0,N,N,1,0,1,0,0,0
Florida Keys,Key Largo Dry Rocks,KL3,KL3-t966,39,32,20,20,85%,JC,1,1,Oth,none,none,0,N,N,0,1,1,0,0,0
Florida Keys,Key Largo Dry Rocks,KL3,KL3-t968,39,21,19,22,100%,JC,1,0,none,none,none,0,N,N,0,0,0,0,0,0
Florida Keys,Key Largo Dry Rocks,KL3,KL3-t969,39,22,19,22,90%,JC,1,0,none,none,none,0,N,N,0,0,0,0,0,0
Florida Keys,Key Largo Dry Rocks,KL4,KL4-t851,39,66,47,33,85%,BC,1,0,none,none,none,0,N,N,0,2,0,0,0,0
Florida Keys,Key Largo Dry Rocks,KL4,KL4-t852,39,63,51,25,95%,BC,1,0,none,none,none,0,N,N,0,0,0,0,0,0
Florida Keys,Key Largo Dry Rocks,KL4,KL4-t853,39,187,115,79,75%,BC,2,1,FS,FP,none,0,N,N,0,7,0,0,2,1
Florida Keys,Key Largo Dry Rocks,KL4,KL4-t854,39,42,27,15,10%,AF,3,0,none,none,none,0,N,N,0,0,0,0,0,0
Florida Keys,Key Largo Dry Rocks,KL4,KL4-t855,39,8,7,2,100%,EC,1,0,none,none,none,0,N,N,0,0,0,0,0,0
Florida Keys,Key Largo Dry Rocks,KL4,KL4-t856,39,147,75,57,75%,BC,4,1,RTL,FS,none,0,N,N,0,4,0,0,0,0
Florida Keys,Key Largo Dry Rocks,KL4,KL4-t858,39,17,13,7,95%,EC,1,0,none,none,none,0,N,N,0,0,0,0,0,0
Florida Keys,Key Largo Dry Rocks,KL4,KL4-t893,39,87,63,22,55%,AF,6,0,none,none,none,0,N,N,0,0,0,0,0,0
Florida Keys,Key Largo Dry Rocks,KL4,KL4-t894,39,18,7,10,90%,JC,1,0,none,none,none,0,N,N,0,0,0,0,0,0
Florida Keys,Molasses Reef,ML1,ML1-t013,39,179,131,81,70%,BC,16,1,PFB,none,none,0,N,N,0,0,1,1,0,2
Florida Keys,Molasses Reef,ML1,ML1-t015,39,50,42,34,50%,BC,4,1,CL,none,none,0,N,N,0,0,0,0,0,0
Florida Keys,Molasses Reef,ML1,ML1-t016,39,121,109,66,80%,BC,7,1,CL,none,none,0,N,N,1,1,1,1,1,3
Florida Keys,Molasses Reef,ML1,ML1-t017,39,31,24,25,95%,JC,1,4,CL,none,none,0,N,N,0,0,0,0,0,0
Florida Keys,Molasses Reef,ML1,ML1-t018,39,96,58,38,95%,BC,1,2,FP,none,none,0,N,N,0,0,0,1,1,1
Florida Keys,Molasses Reef,ML1,ML1-t020,39,185,160,100,5%,RC,12,0,none,none,none,0,N,N,0,0,0,0,0,0
Florida Keys,Molasses Reef,ML1,ML1-t234,39,6,4,2,80%,EC,1,0,none,none,none,0,N,N,0,0,0,0,0,0
Florida Keys,Molasses Reef,ML1,ML1-t404,39,27,16,8,15%,AF,3,0,none,none,none,0,N,N,0,0,0,0,0,0
Florida Keys,Molasses Reef,ML1,ML1-t405,39,4,4,5,95%,EC,1,0,none,none,none,0,N,N,0,0,0,1,0,0
Florida Keys,Molasses Reef,ML1,ML1-t882,39,37,24,23,70%,JC,2,0,none,none,none,0,N,N,0,0,0,0,0,0
Florida Keys,Molasses Reef,ML1,ML1-t883,39,,,,0%,D,,,,,,,N,N,,,,,,
Florida Keys,Molasses Reef,ML2,ML2-t126,39,167,100,98,45%,BC,19,0,none,none,none,0,N,N,2,0,5,1,1,1
Florida Keys,Molasses Reef,ML2,ML2-t128,39,8,7,3,80%,EC,1,0,none,none,none,0,N,N,3,0,0,0,0,0
Florida Keys,Molasses Reef,ML2,ML2-t129,39,156,63,60,10%,RC,15,0,none,none,none,0,Y,N,2,0,4,0,0,0
Florida Keys,Molasses Reef,ML2,ML2-t130,39,49,35,22,85%,BC,1,0,none,none,none,0,Y,N,1,0,0,0,0,0
Florida Keys,Molasses Reef,ML2,ML2-t131,39,175,135,79,65%,BC,22,1,PFB,none,none,0,Y,N,2,0,3,0,1,0
Florida Keys,Molasses Reef,ML2,ML2-t132,39,195,135,85,45%,BC,10,1,WBD,CB,none,0,Y,N,1,0,1,0,1,0
Florida Keys,Molasses Reef,ML2,ML2-t137,39,8,4,1,80%,EC,1,0,none,none,none,0,N,N,0,0,0,0,0,0
Florida Keys,Molasses Reef,ML2,ML2-t249,39,9,9,4,95%,EC,1,0,none,none,none,0,N,N,0,0,1,0,0,0
Florida Keys,Molasses Reef,ML2,ML2-t868,39,42,28,24,25%,RC,7,0,none,none,none,1,N,N,2,0,1,0,0,0
Florida Keys,Molasses Reef,ML2,ML2-t869,39,28,16,12,30%,RC,2,0,none,none,none,0,N,N,0,0,0,0,0,0
Florida Keys,Molasses Reef,ML2,ML2-t952,39,34,31,20,75%,JC,1,0,none,none,none,0,Y,N,0,0,0,0,0,0
Florida Keys,Molasses Reef,ML2,ML2-t954,39,7,5,4,95%,EC,1,0,none,none,none,0,N,N,0,0,0,0,0,0
Florida Keys,Molasses Reef,ML3,ML3-t144,39,155,111,75,75%,BC,3,2,FS,none,none,0,Y,Y,0,6,1,0,1,1
Florida Keys,Molasses Reef,ML3,ML3-t145,39,210,135,63,35%,BC,17,1,CL,Oth,none,0,N,N,3,0,2,1,0,0
Florida Keys,Molasses Reef,ML3,ML3-t146,39,231,177,68,45%,BC,32,1,CL,Unk,Oth,0,Y,N,3,0,2,0,0,0
Florida Keys,Molasses Reef,ML3,ML3-t147,39,196,121,80,40%,BC,17,1,RTL,CL,none,0,N,N,1,0,4,0,1,0
Florida Keys,Molasses Reef,ML3,ML3-t148,39,147,108,84,25%,BC,27,1,Unk,none,none,0,N,N,3,0,1,0,0,0
Florida Keys,Molasses Reef,ML3,ML3-t150,39,82,70,52,95%,BC,1,0,none,none,none,0,N,N,2,0,1,0,0,0
Florida Keys,Molasses Reef,ML3,ML3-t184,39,226,200,85,65%,BC,4,1,WPx,WBD,FP,0,N,N,0,0,1,0,1,0
Florida Keys,Molasses Reef,ML3,ML3-t185,39,42,39,30,20%,RC,2,0,none,none,none,0,N,N,0,0,0,0,0,0
Florida Keys,Molasses Reef,ML3,ML3-t186,39,70,53,30,98%,BC,1,1,Oth,none,none,0,Y,N,1,0,1,0,0,0
Florida Keys,Molasses Reef,ML3,ML3-t915,39,63,49,41,30%,BC,3,1,RTL,none,none,0,Y,N,1,0,1,0,0,0
Florida Keys,Molasses Reef,ML3,ML3-t955,39,124,82,54,55%,BC,11,1,CL,none,none,0,N,N,3,0,1,0,0,0
Florida Keys,Molasses Reef,ML3,ML3-t956,39,20,16,13,99%,JC,1,2,Oth,none,none,0,N,N,2,0,1,0,0,0
Florida Keys,Sand Island,SI1,SI1-t302,39,134,113,73,85%,BC,3,1,Oth,FP,none,0,N,N,0,0,0,0,3,1
Florida Keys,Sand Island,SI1,SI1-t303,39,12,9,7,95%,EC,1,0,none,none,none,0,N,N,0,0,0,0,0,0
Florida Keys,Sand Island,SI1,SI1-t305,39,13,12,15,95%,JC,1,0,none,none,none,0,N,N,0,0,0,0,0,0
Florida Keys,Sand Island,SI1,SI1-t307,39,100,72,77,35%,BC,6,1,CL,none,none,0,N,N,0,0,0,0,1,0
Florida Keys,Sand Island,SI1,SI1-t308,39,78,49,70,40%,BC,3,0,none,none,none,1,N,N,0,0,0,0,0,0
Florida Keys,Sand Island,SI1,SI1-t310,39,6,1,1,85%,EC,1,0,none,none,none,1,N,N,0,0,0,0,0,0
Florida Keys,Sand Island,SI1,SI1-t312,39,38,33,24,99%,JC,1,0,none,none,none,1,Y,N,0,0,0,0,0,0
Florida Keys,Sand Island,SI1,SI1-t319,39,85,55,85,1%,RC,8,0,none,none,none,1,N,N,0,0,0,0,0,0
Florida Keys,Sand Island,SI1,SI1-t332,39,162,137,80,70%,BC,8,1,CL,none,none,0,N,N,0,0,0,0,0,0
Florida Keys,Sand Island,SI1,SI1-t403,39,73,38,42,95%,BC,1,2,FP,none,none,0,N,N,0,0,0,0,0,0
Florida Keys,Sand Island,SI1,SI1-t958,39,23,17,11,99%,JC,1,0,none,none,none,0,N,N,0,1,0,0,0,0
Florida Keys,Sand Island,SI1,SI1-t959,39,34,27,27,95%,JC,1,0,none,none,none,0,Y,N,0,0,0,0,0,0
Florida Keys,Sand Island,SI2,SI2-t313,39,153,95,133,80%,BC,6,1,CL,none,none,0,N,N,0,0,0,0,1,0
Florida Keys,Sand Island,SI2,SI2-t314,39,,,,0%,D,,,,,,,N,N,,,,,,
Florida Keys,Sand Island,SI2,SI2-t323,39,95,90,65,40%,BC,6,1,FS,Unk,none,0,N,N,0,2,2,0,1,0
Florida Keys,Sand Island,SI2,SI2-t324,39,167,100,90,90%,BC,1,1,CL,none,none,0,N,N,0,0,0,0,1,0
Florida Keys,Sand Island,SI2,SI2-t326,39,223,94,94,65%,BC,4,1,FP,none,none,0,N,N,1,0,2,0,1,0
Florida Keys,Sand Island,SI2,SI2-t330,39,63,38,30,20%,BC,4,1,CL,none,none,0,N,N,0,0,0,0,0,0
Florida Keys,Sand Island,SI2,SI2-t331,39,24,18,25,85%,JC,1,0,none,none,none,0,N,N,2,0,1,0,0,0
Florida Keys,Sand Island,SI2,SI2-t334,39,220,190,155,65%,BC,9,0,none,none,none,0,N,Y,1,0,4,1,1,2
Florida Keys,Sand Island,SI2,SI2-t399,39,74,52,56,85%,BC,1,1,CL,none,none,0,N,N,0,0,0,0,0,0
Florida Keys,Sand Island,SI2,SI2-t960,39,104,76,66,85%,BC,2,1,FP,none,none,0,N,Y,0,1,0,0,1,1
Florida Keys,Sand Island,SI2,SI2-t961,39,60,44,47,99%,BC,1,0,none,none,none,0,N,N,0,0,2,0,0,0
Florida Keys,Sand Island,SI2,SI2-t962,39,204,97,58,75%,BC,4,1,FS,none,none,0,N,N,1,0,1,0,0,0
Florida Keys,Sand Island,SI3,SI3-t315,39,6,4,4,95%,EC,1,0,none,none,none,0,N,N,0,0,0,0,0,0
Florida Keys,Sand Island,SI3,SI3-t316,39,15,14,13,100%,JC,1,0,none,none,none,0,N,N,0,0,0,0,0,0
Florida Keys,Sand Island,SI3,SI3-t317,39,27,20,8,80%,JC,1,0,none,none,none,0,N,N,0,0,0,0,0,0
Florida Keys,Sand Island,SI3,SI3-t338,39,53,34,32,95%,BC,1,0,none,none,none,0,N,N,0,0,0,0,1,0
Florida Keys,Sand Island,SI3,SI3-t340,39,24,17,14,1%,EC,10,0,none,none,none,0,N,N,0,0,0,0,0,0
Florida Keys,Sand Island,SI3,SI3-t341,39,135,102,88,80%,BC,4,1,FS,none,none,0,N,N,0,3,0,0,1,1
Florida Keys,Sand Island,SI3,SI3-t345,39,7,6,7,95%,EC,1,0,none,none,none,0,N,N,0,0,0,0,0,0
Florida Keys,Sand Island,SI3,SI3-t346,39,28,19,30,98%,JC,1,0,none,none,none,0,N,N,0,1,0,0,0,0
Florida Keys,Sand Island,SI3,SI3-t964,39,80,30,50,1%,RC,4,0,none,none,none,0,N,N,0,0,0,0,1,0
Florida Keys,Carysfort Reef,CF1,CF1-t024,40,14,8,14,80%,EC,1,1,FS,none,none,0,N,N,0,1,0,0,0,0
Florida Keys,Carysfort Reef,CF1,CF1-t033,40,,,,0%,D,,,,,,,N,N,,,,,,
Florida Keys,Carysfort Reef,CF1,CF1-t428,40,7,6,4,100%,G,,,,,,,N,N,,,,,,
Florida Keys,Carysfort Reef,CF2,CF2-t038,40,101,82,40,75%,BC,9,0,none,none,none,0,N,N,0,0,1,0,1,0
Florida Keys,Carysfort Reef,CF2,CF2-t040,40,108,63,61,40%,BC,3,0,none,none,none,0,N,N,0,0,0,0,0,1
Florida Keys,Carysfort Reef,CF2,CF2-t042,40,216,140,75,70%,BC,22,0,none,none,none,0,N,N,0,0,1,0,2,3
Florida Keys,Carysfort Reef,CF2,CF2-t043,40,162,125,55,80%,BC,2,0,none,none,none,0,N,N,0,0,0,0,0,0
Florida Keys,Carysfort Reef,CF2,CF2-t045,40,182,105,72,80%,BC,1,0,none,none,none,0,N,N,0,0,0,0,1,1
Florida Keys,Carysfort Reef,CF2,CF2-t047,40,188,97,70,45%,BC,13,0,none,none,none,0,N,N,0,0,0,0,0,0
Florida Keys,Carysfort Reef,CF2,CF2-t048,40,123,123,75,65%,BC,4,0,none,none,none,0,N,N,0,0,0,0,0,0
Florida Keys,Carysfort Reef,CF2,CF2-t049,40,7,5,4,90%,EC,1,0,none,none,none,0,N,N,0,0,0,0,0,0
Florida Keys,Carysfort Reef,CF2,CF2-t228,40,162,94,57,65%,BC,7,1,PFB,none,none,0,N,N,0,0,0,0,0,0
Florida Keys,Carysfort Reef,CF2,CF2-t395,40,12,8,4,90%,JC,1,0,none,none,none,0,N,N,0,0,1,0,0,0
Florida Keys,Carysfort Reef,CF2,CF2-t396,40,68,48,34,20%,BC,10,1,FS,none,none,0,N,N,0,6,0,0,0,0
Florida Keys,Carysfort Reef,CF2,CF2-t426,40,89,69,75,90%,G,,,,,,,N,N,,,,,,
Florida Keys,Carysfort Reef,CF2,CF2-t427,40,134,80,84,95%,G,,,,,,,N,N,,,,,,
Florida Keys,Carysfort Reef,CF2,CF2-t948,40,46,46,43,40%,BC,5,0,none,none,none,0,N,N,0,0,1,0,0,0
Florida Keys,Carysfort Reef,CF3,CF3-t088,40,283,162,98,25%,BC,22,0,none,none,none,0,N,N,2,0,6,0,1,0
Florida Keys,Carysfort Reef,CF3,CF3-t090,40,174,144,67,30%,BC,13,0,none,none,none,0,N,N,0,0,3,0,1,0
Florida Keys,Carysfort Reef,CF3,CF3-t092,40,194,97,74,45%,BC,18,0,none,none,none,0,N,N,3,0,5,1,1,0
Florida Keys,Carysfort Reef,CF3,CF3-t095,40,15,11,10,100%,JC,1,0,none,none,none,0,N,N,0,0,0,0,0,0
Florida Keys,Carysfort Reef,CF3,CF3-t390,40,32,30,12,85%,AF,1,0,none,none,none,0,N,N,0,0,0,0,0,0
Florida Keys,Carysfort Reef,CF3,CF3-t391,40,14,10,8,100%,JC,1,0,none,none,none,0,N,N,0,0,0,0,0,0
Florida Keys,Carysfort Reef,CF3,CF3-t408,40,30,25,8,10%,AF,2,0,none,none,none,0,N,N,0,0,0,0,0,0
Florida Keys,Carysfort Reef,CF3,CF3-t409,40,33,24,20,80%,JC,1,1,FS,none,none,0,N,N,0,2,2,0,0,0
Florida Keys,Carysfort Reef,CF3,CF3-t410,40,38,26,16,95%,JC,1,0,none,none,none,0,N,N,0,0,2,0,0,0
Florida Keys,Carysfort Reef,CF3,CF3-t411,40,160,124,70,35%,BC,13,1,CL,none,none,0,N,N,0,0,4,0,1,0
Florida Keys,Carysfort Reef,CF3,CF3-t425,40,72,56,20,15%,G,,,,,,,N,N,,,,,,
Florida Keys,Carysfort Reef,CF3,CF3-t902,40,27,20,19,5%,RC,2,0,none,none,none,0,N,N,0,0,0,0,0,0
Florida Keys,Carysfort Reef,CF3,CF3-t973,40,22,15,14,100%,JC,1,0,none,none,none,0,N,N,0,0,0,0,1,0
Florida Keys,Carysfort Reef,CF4,CF4-t802,40,,,,0%,D,,,,,,,N,N,,,,,,
Florida Keys,Carysfort Reef,CF4,CF4-t805,40,55,30,35,2%,RC,3,1,FS,none,none,0,N,N,0,2,0,0,0,0
Florida Keys,Carysfort Reef,CF4,CF4-t812,40,7,6,4,100%,JC,1,0,none,none,none,0,N,N,0,0,0,0,0,0
Florida Keys,Carysfort Reef,CF4,CF4-t814,40,90,90,60,1%,RC,2,0,none,none,none,0,N,N,0,0,0,0,1,0
Florida Keys,Elbow Reef,EL1,EL1-t051,40,170,104,107,45%,BC,21,1,RTL,CL,Unk,0,N,N,3,0,2,0,1,1
Florida Keys,Elbow Reef,EL1,EL1-t052,40,270,235,102,60%,BC,27,1,CB,CL,none,0,N,Y,2,0,5,0,2,2
Florida Keys,Elbow Reef,EL1,EL1-t054,40,134,87,73,60%,BC,3,1,WPx,CL,CB,0,N,Y,0,1,1,0,1,0
Florida Keys,Elbow Reef,EL1,EL1-t055,40,237,170,78,65%,BC,12,0,none,none,none,0,N,Y,2,0,5,0,0,0
Florida Keys,Elbow Reef,EL1,EL1-t056,40,112,71,56,70%,BC,5,0,none,none,none,0,N,Y,0,0,0,0,0,0
Florida Keys,Elbow Reef,EL1,EL1-t059,40,30,26,24,85%,JC,1,0,none,none,none,0,N,N,0,0,0,0,0,0
Florida Keys,Elbow Reef,EL1,EL1-t060,40,115,108,68,65%,BC,10,1,Unk,none,none,0,N,N,0,0,0,1,0,1
Florida Keys,Elbow Reef,EL1,EL1-t232,40,90,59,53,85%,BC,1,0,none,none,none,0,N,N,0,0,0,0,0,1
Florida Keys,Elbow Reef,EL1,EL1-t441,40,65,47,34,95%,G,,,,,,,N,N,,,,,,
Florida Keys,Elbow Reef,EL1,EL1-t454,40,5,5,4,100%,EC,1,0,none,none,none,0,N,N,0,0,0,0,0,0
Florida Keys,Elbow Reef,EL1,EL1-t977,40,108,80,77,60%,BC,6,1,FS,none,none,0,N,N,0,3,2,0,1,0
Florida Keys,Elbow Reef,EL1,EL1-t978,40,78,41,39,99%,BC,1,0,none,none,none,0,N,N,0,0,1,0,0,0
Florida Keys,Elbow Reef,EL1,EL1-t979,40,159,98,67,85%,BC,1,0,none,none,none,0,N,N,0,0,2,1,0,0
Florida Keys,Elbow Reef,EL2,EL2-t065,40,17,14,4,80%,EC,1,0,none,none,none,0,N,N,0,0,0,0,0,0
Florida Keys,Elbow Reef,EL2,EL2-t066,40,154,107,83,50%,BC,11,1,RTL,CB,none,0,N,N,1,0,1,1,1,0
Florida Keys,Elbow Reef,EL2,EL2-t067,40,28,26,25,5%,RC,2,0,none,none,none,0,N,N,0,0,0,0,0,0
Florida Keys,Elbow Reef,EL2,EL2-t070,40,,,,0%,D,,,,,,,N,N,,,,,,
Florida Keys,Elbow Reef,EL2,EL2-t072,40,81,63,40,90%,BC,1,0,none,none,none,1,N,N,0,0,1,0,1,0
Florida Keys,Elbow Reef,EL2,EL2-t073,40,134,132,65,60%,BC,9,0,none,none,none,0,N,N,0,0,0,0,0,0
Florida Keys,Elbow Reef,EL2,EL2-t246,40,12,10,9,10%,RC,2,0,none,none,none,0,N,N,0,0,0,0,0,0
Florida Keys,Elbow Reef,EL2,EL2-t247,40,33,18,22,65%,JC,4,0,none,none,none,0,N,N,0,0,0,0,0,0
Florida Keys,Elbow Reef,EL2,EL2-t437,40,12,8,3,85%,G,,,,,,,N,N,,,,,,
Florida Keys,Elbow Reef,EL2,EL2-t438,40,14,8,3,99%,G,,,,,,,N,N,,,,,,
Florida Keys,Elbow Reef,EL2,EL2-t439,40,54,35,23,80%,G,,,,,,,N,N,,,,,,
Florida Keys,Elbow Reef,EL2,EL2-t440,40,58,25,15,80%,G,,,,,,,N,N,,,,,,
Florida Keys,Elbow Reef,EL2,EL2-t453,40,19,17,14,80%,JC,1,0,none,none,none,0,N,N,0,0,0,0,0,0
Florida Keys,Elbow Reef,EL2,EL2-t913,40,238,152,88,60%,BC,15,0,none,none,none,0,N,N,0,0,1,0,2,0
Florida Keys,Elbow Reef,EL3,EL3-t076,40,79,65,70,20%,RC,12,0,none,none,none,0,N,N,0,0,0,0,0,0
Florida Keys,Elbow Reef,EL3,EL3-t077,40,67,26,28,30%,RC,5,0,none,none,none,0,N,N,0,0,0,0,0,0
Florida Keys,Elbow Reef,EL3,EL3-t078,40,61,35,56,60%,BC,4,1,CL,none,none,0,N,N,0,0,0,0,0,0
Florida Keys,Elbow Reef,EL3,EL3-t079,40,45,18,20,10%,RC,5,0,none,none,none,0,N,N,0,0,0,0,1,0
Florida Keys,Elbow Reef,EL3,EL3-t083,40,110,90,68,70%,BC,8,1,CL,none,none,0,N,N,0,0,0,0,1,0
Florida Keys,Elbow Reef,EL3,EL3-t086,40,194,110,69,70%,BC,4,2,FS,CL,FP,0,N,Y,0,4,1,0,1,0
Florida Keys,Elbow Reef,EL3,EL3-t421,40,,,,0%,D,,,,,,,N,N,,,,,,
Florida Keys,Elbow Reef,EL3,EL3-t432,40,57,33,52,35%,G,,,,,,,N,N,,,,,,
Florida Keys,Elbow Reef,EL3,EL3-t433,40,25,11,7,100%,G,,,,,,,N,N,,,,,,
Florida Keys,Elbow Reef,EL3,EL3-t434,40,9,8,6,100%,G,,,,,,,N,N,,,,,,
Florida Keys,Elbow Reef,EL3,EL3-t451,40,8,6,9,70%,EC,1,5,FS,none,none,0,N,N,0,3,0,0,0,0
Florida Keys,Elbow Reef,EL3,EL3-t911,40,110,65,60,75%,BC,1,0,none,none,none,0,N,Y,0,0,0,0,1,1
Florida Keys,Elbow Reef,EL3,EL3-t930,40,18,16,10,100%,JC,1,0,none,none,none,0,N,N,0,0,0,0,0,0
Florida Keys,Elbow Reef,EL3,EL3-t932,40,7,5,2,100%,EC,1,0,none,none,none,0,N,N,0,0,0,0,0,0
Florida Keys,Elbow Reef,EL3,EL3-t933,40,118,75,67,70%,BC,3,0,none,none,none,0,N,Y,0,0,1,0,0,0
Florida Keys,Elbow Reef,EL4,EL4-t153,40,184,133,86,45%,BC,16,1,FS,none,none,0,N,N,0,10,1,0,0,0
Florida Keys,Elbow Reef,EL4,EL4-t154,40,152,143,97,40%,BC,27,2,FS,CB,none,1,N,N,0,10,1,0,1,0
Florida Keys,Elbow Reef,EL4,EL4-t158,40,89,34,34,75%,BC,6,0,none,none,none,0,N,N,0,0,0,0,0,0
Florida Keys,Elbow Reef,EL4,EL4-t168,40,189,163,90,70%,BC,3,1,FS,FP,none,0,N,N,0,4,0,0,0,0
Florida Keys,Elbow Reef,EL4,EL4-t416,40,12,10,6,90%,JC,1,0,none,none,none,0,N,N,0,0,0,0,0,0
Florida Keys,Elbow Reef,EL4,EL4-t417,40,9,4,6,100%,JC,1,0,none,none,none,0,N,N,0,0,0,0,0,0
Florida Keys,Elbow Reef,EL4,EL4-t418,40,89,72,35,40%,AF,2,0,none,none,none,0,N,N,0,1,0,0,0,0
Florida Keys,Elbow Reef,EL4,EL4-t419,40,,,,0%,D,,,,,,,N,N,,,,,,
Florida Keys,Elbow Reef,EL4,EL4-t420,40,6,4,1,100%,EC,1,0,none,none,none,0,N,N,0,0,0,0,0,0
Florida Keys,Elbow Reef,EL4,EL4-t935,40,11,8,3,80%,EC,2,0,none,none,none,0,N,N,0,0,0,0,0,0
Florida Keys,Elbow Reef,EL5,EL5-t177,40,59,38,52,15%,RC,3,1,Unk,none,none,0,N,N,0,0,0,0,0,0
Florida Keys,Elbow Reef,EL5,EL5-t180,40,158,142,75,35%,BC,23,0,none,none,none,0,N,N,0,0,0,0,1,0
Florida Keys,Elbow Reef,EL5,EL5-t183,40,27,26,23,95%,JC,1,0,none,none,none,0,N,N,0,0,0,0,0,0
Florida Keys,Elbow Reef,EL5,EL5-t460,40,100,90,12,10%,AF,3,1,Unk,none,none,0,N,N,0,0,1,0,0,0
Florida Keys,French Reef,FR1,FR1-t002,40,99,68,63,80%,BC,1,2,WPx,none,none,0,N,N,0,0,0,0,0,0
Florida Keys,French Reef,FR1,FR1-t003,40,33,21,25,90%,JC,1,0,none,none,none,0,N,N,0,0,0,0,0,0
Florida Keys,French Reef,FR1,FR1-t004,40,73,65,65,30%,BC,4,1,WPx,none,none,1,N,N,0,0,0,0,0,0
Florida Keys,French Reef,FR1,FR1-t005,40,158,125,75,65%,BC,6,1,RTL,none,none,0,N,N,2,0,1,0,0,0
Florida Keys,French Reef,FR1,FR1-t006,40,174,107,74,45%,BC,12,2,RTL,CB,none,0,N,Y,1,0,1,0,1,0
Florida Keys,French Reef,FR1,FR1-t007,40,23,13,10,40%,RC,2,0,none,none,none,0,N,N,0,0,0,0,0,0
Florida Keys,French Reef,FR1,FR1-t008,40,99,59,79,30%,BC,5,2,RTL,CB,none,0,N,Y,2,1,2,0,0,0
Florida Keys,French Reef,FR1,FR1-t009,40,177,146,75,40%,BC,7,2,RTL,WBD,CB,0,N,N,2,0,5,0,1,0
Florida Keys,French Reef,FR1,FR1-t010,40,65,55,38,35%,RC,9,0,none,none,none,0,N,N,0,0,0,0,1,0
Florida Keys,French Reef,FR1,FR1-t860,40,15,12,6,99%,EC,1,0,none,none,none,0,N,N,0,0,0,0,0,0
Florida Keys,French Reef,FR1,FR1-t861,40,61,44,55,75%,BC,2,0,none,none,none,0,N,N,0,0,4,0,0,0
Florida Keys,French Reef,FR1,FR1-t976,40,10,6,9,90%,JC,1,0,none,none,none,0,N,N,0,0,1,0,0,0
Florida Keys,French Reef,FR2,FR2-t236,40,13,6,2,95%,EC,1,0,none,none,none,0,N,N,0,0,0,0,0,0
Florida Keys,French Reef,FR2,FR2-t250,40,102,65,58,20%,BC,4,0,none,none,none,0,N,Y,2,0,0,1,1,1
Florida Keys,French Reef,FR2,FR2-t251,40,86,54,65,98%,BC,1,0,none,none,none,0,N,N,0,0,0,0,0,0
Florida Keys,French Reef,FR2,FR2-t255,40,33,16,22,50%,JC,9,0,none,none,none,0,N,N,0,0,0,0,0,0
Florida Keys,French Reef,FR2,FR2-t256,40,22,17,21,90%,JC,1,0,none,none,none,0,N,N,0,0,0,0,0,0
Florida Keys,French Reef,FR2,FR2-t257,40,16,13,16,70%,JC,2,0,none,none,none,0,N,N,0,0,0,0,0,0
Florida Keys,French Reef,FR2,FR2-t258,40,5,3,2,90%,JC,1,0,none,none,none,0,N,N,0,0,0,0,0,0
Florida Keys,French Reef,FR2,FR2-t259,40,26,18,27,70%,JC,3,0,none,none,none,0,N,N,0,0,0,0,0,0
Florida Keys,French Reef,FR2,FR2-t260,40,30,29,37,99%,JC,1,0,none,none,none,0,N,N,0,0,0,0,0,0
Florida Keys,French Reef,FR2,FR2-t261,40,97,66,50,25%,BC,4,0,none,none,none,0,N,N,0,0,0,0,0,0
Florida Keys,French Reef,FR2,FR2-t262,40,18,12,24,85%,JC,1,0,none,none,none,0,N,N,0,0,0,0,0,0
Florida Keys,French Reef,FR2,FR2-t447,40,14,14,13,100%,G,,,,,,,N,N,,,,,,
Florida Keys,French Reef,FR2,FR2-t982,40,36,31,42,100%,BC,1,0,none,none,none,0,N,N,0,0,0,0,0,0
Florida Keys,French Reef,FR3,FR3-t407,40,,,,0%,D,,,,,,,N,N,,,,,,
Florida Keys,French Reef,FR3,FR3-t444,40,30,24,10,40%,G,,,,,,,N,N,,,,,,
Florida Keys,French Reef,FR3,FR3-t445,40,11,5,10,95%,G,,,,,,,N,N,,,,,,
Florida Keys,French Reef,FR3,FR3-t446,40,48,45,28,30%,G,,,,,,,N,N,,,,,,
Florida Keys,French Reef,FR3,FR3-t818,40,13,11,12,70%,JC,1,0,none,none,none,0,N,N,0,0,0,1,0,1
Florida Keys,French Reef,FR3,FR3-t820,40,155,94,75,25%,BC,27,1,FS,none,none,0,N,N,1,5,1,0,0,0
Florida Keys,French Reef,FR3,FR3-t822,40,8,6,7,5%,RC,1,5,RTL,none,none,0,N,N,0,0,0,0,0,0
Florida Keys,French Reef,FR3,FR3-t824,40,9,6,5,100%,EC,1,0,none,none,none,0,N,N,0,0,0,0,0,0
Florida Keys,French Reef,FR3,FR3-t825,40,60,43,41,98%,BC,1,0,none,none,none,0,N,Y,1,0,1,0,0,0
Florida Keys,French Reef,FR3,FR3-t862,40,96,68,43,50%,BC,7,0,none,none,none,0,N,N,1,0,1,0,1,0
Florida Keys,French Reef,FR3,FR3-t863,40,103,68,58,60%,BC,8,1,CL,none,none,0,N,N,0,0,1,0,0,0
Florida Keys,French Reef,FR3,FR3-t864,40,21,12,5,95%,JC,1,0,none,none,none,0,N,N,0,0,0,0,0,0
Florida Keys,French Reef,FR3,FR3-t865,40,20,12,15,40%,RC,2,5,RTL,none,none,0,N,N,0,0,1,0,0,0
Florida Keys,French Reef,FR3,FR3-t866,40,6,6,6,100%,JC,1,0,none,none,none,0,N,N,0,0,0,0,0,0
Florida Keys,Grecian Rocks,GR1,GR1-t413,40,37,26,23,85%,JC,1,1,FP,CL,none,0,N,N,0,0,0,0,0,0
Florida Keys,Grecian Rocks,GR1,GR1-t448,40,30,11,21,100%,G,,,,,,,N,N,,,,,,
Florida Keys,Grecian Rocks,GR1,GR1-t463,40,15,13,10,100%,JC,1,0,none,none,none,0,N,N,0,0,0,0,0,0
Florida Keys,Grecian Rocks,GR1,GR1-t827,40,72,54,38,95%,BC,1,4,FS,none,none,0,N,N,0,4,0,0,0,0
Florida Keys,Grecian Rocks,GR1,GR1-t828,40,82,72,67,95%,BC,1,0,none,none,none,0,N,Y,0,0,0,0,1,0
Florida Keys,Grecian Rocks,GR1,GR1-t830,40,91,70,48,25%,BC,26,0,none,none,none,0,N,N,1,0,0,0,0,0
Florida Keys,Grecian Rocks,GR1,GR1-t832,40,46,38,25,1%,RC,2,0,none,none,none,0,N,N,0,0,0,0,0,0
Florida Keys,Grecian Rocks,GR1,GR1-t833,40,100,78,46,90%,BC,1,0,none,none,none,0,N,N,0,0,1,0,1,0
Florida Keys,Grecian Rocks,GR1,GR1-t835,40,78,72,57,80%,BC,1,1,Unk,none,none,0,N,N,0,0,1,0,0,0
Florida Keys,Grecian Rocks,GR1,GR1-t836,40,102,76,50,85%,BC,1,2,WPx,none,none,0,N,N,0,0,0,0,0,0
Florida Keys,Grecian Rocks,GR1,GR1-t889,40,14,6,6,85%,JC,2,0,none,none,none,0,N,N,0,0,0,0,0,0
Florida Keys,Grecian Rocks,GR1,GR1-t890,40,39,24,27,95%,JC,1,0,none,none,none,0,N,N,0,0,0,0,0,0
Florida Keys,Grecian Rocks,GR1,GR1-t891,40,62,50,27,99%,AF,1,0,none,none,none,0,N,N,0,0,0,0,0,0
Florida Keys,Grecian Rocks,GR2,GR2-t415,40,56,42,24,100%,BC,1,0,none,none,none,0,N,N,0,0,0,0,0,0
Florida Keys,Grecian Rocks,GR2,GR2-t429,40,64,38,15,95%,G,,,,,,,N,N,,,,,,
Florida Keys,Grecian Rocks,GR2,GR2-t430,40,17,10,12,100%,G,,,,,,,N,N,,,,,,
Florida Keys,Grecian Rocks,GR2,GR2-t431,40,12,8,7,100%,G,,,,,,,N,N,,,,,,
Florida Keys,Grecian Rocks,GR2,GR2-t839,40,,,,0%,D,,,,,,,N,N,,,,,,
Florida Keys,Grecian Rocks,GR2,GR2-t840,40,87,48,53,100%,BC,1,0,none,none,none,0,N,N,0,0,0,0,0,0
Florida Keys,Grecian Rocks,GR2,GR2-t841,40,124,112,82,80%,BC,1,0,none,none,none,0,N,Y,0,0,0,0,1,0
Florida Keys,Grecian Rocks,GR2,GR2-t844,40,71,48,56,65%,BC,2,0,none,none,none,0,N,N,0,0,0,0,0,0
Florida Keys,Grecian Rocks,GR2,GR2-t846,40,151,72,84,80%,BC,3,1,WPx,none,none,0,N,Y,0,0,0,0,0,0
Florida Keys,Grecian Rocks,GR2,GR2-t847,40,58,42,20,90%,BC,1,0,none,none,none,0,N,N,0,0,0,0,0,0
Florida Keys,Grecian Rocks,GR2,GR2-t850,40,112,72,79,95%,BC,1,0,none,none,none,0,N,N,0,0,0,0,0,0
Florida Keys,Grecian Rocks,GR2,GR2-t884,40,15,11,3,100%,EC,1,0,none,none,none,0,N,N,0,0,0,0,0,0
Florida Keys,Grecian Rocks,GR2,GR2-t885,40,136,88,57,95%,BC,1,0,none,none,none,1,N,N,,0,0,0,0,0
Florida Keys,Grecian Rocks,GR2,GR2-t886,40,25,12,12,100%,EC,1,0,none,none,none,0,N,N,0,0,0,0,0,0
Florida Keys,Grecian Rocks,GR3,GR3-t397,40,57,43,37,65%,BC,2,1,FS,none,none,0,N,N,0,2,0,0,0,0
Florida Keys,Grecian Rocks,GR3,GR3-t398,40,53,39,48,55%,BC,6,2,FS,none,none,0,N,N,0,7,0,0,0,0
Florida Keys,Grecian Rocks,GR3,GR3-t412,40,20,15,6,100%,JC,1,0,none,none,none,0,N,N,0,0,0,0,0,0
Florida Keys,Grecian Rocks,GR3,GR3-t870,40,40,20,30,15%,RC,10,0,none,none,none,0,N,N,0,0,0,0,0,0
Florida Keys,Grecian Rocks,GR3,GR3-t871,40,25,16,22,80%,JC,1,0,none,none,none,0,N,N,0,0,0,0,0,0
Florida Keys,Grecian Rocks,GR3,GR3-t872,40,19,13,12,99%,JC,1,0,none,none,none,0,N,Y,0,0,0,0,0,0
Florida Keys,Grecian Rocks,GR3,GR3-t873,40,50,35,36,90%,BC,1,0,none,none,none,0,N,N,0,0,0,0,0,0
Florida Keys,Grecian Rocks,GR3,GR3-t874,40,7,6,2,100%,EC,1,0,none,none,none,0,N,N,0,0,0,0,0,0
Florida Keys,Grecian Rocks,GR3,GR3-t875,40,34,22,20,80%,JC,1,3,FS,none,none,0,N,N,0,2,0,0,0,0
Florida Keys,Grecian Rocks,GR3,GR3-t876,40,113,60,40,20%,BC,4,0,none,none,none,0,N,N,0,0,0,0,0,0
Florida Keys,Grecian Rocks,GR3,GR3-t877,40,130,60,45,15%,BC,8,1,FS,none,none,0,N,N,0,5,0,0,0,0
Florida Keys,Grecian Rocks,GR3,GR3-t881,40,35,15,15,20%,RC,2,0,none,none,none,0,N,N,0,0,0,0,0,0
Florida Keys,Key Largo Dry Rocks,KL1,KL1-t037,40,17,12,22,100%,JC,1,0,none,none,none,0,N,N,0,0,0,0,0,0
Florida Keys,Key Largo Dry Rocks,KL1,KL1-t100,40,15,12,12,100%,JC,1,0,none,none,none,0,N,N,0,0,0,0,0,0
Florida Keys,Key Largo Dry Rocks,KL1,KL1-t104,40,110,80,60,1%,RC,3,0,none,none,none,0,N,N,0,0,0,0,0,0
Florida Keys,Key Largo Dry Rocks,KL1,KL1-t105,40,60,53,40,90%,BC,1,0,none,none,none,0,N,N,0,1,0,0,1,0
Florida Keys,Key Largo Dry Rocks,KL1,KL1-t106,40,71,34,31,5%,RC,3,0,none,none,none,0,N,N,0,0,0,0,0,0
Florida Keys,Key Largo Dry Rocks,KL1,KL1-t107,40,124,52,47,35%,BC,6,0,none,none,none,0,N,N,0,0,1,0,0,0
Florida Keys,Key Largo Dry Rocks,KL1,KL1-t108,40,176,75,64,20%,BC,8,0,none,none,none,1,N,N,0,0,1,0,1,0
Florida Keys,Key Largo Dry Rocks,KL1,KL1-t109,40,17,8,10,100%,JC,1,0,none,none,none,0,N,N,0,0,0,0,0,0
Florida Keys,Key Largo Dry Rocks,KL1,KL1-t110,40,175,92,80,15%,BC,19,0,none,none,none,0,N,N,0,0,0,0,1,0
Florida Keys,Key Largo Dry Rocks,KL1,KL1-t239,40,30,21,21,90%,JC,1,0,none,none,none,0,N,N,0,0,0,0,0,0
Florida Keys,Key Largo Dry Rocks,KL1,KL1-t373,40,23,19,15,100%,JC,1,0,none,none,none,0,N,N,0,0,0,0,0,0
Florida Keys,Key Largo Dry Rocks,KL1,KL1-t374,40,10,3,5,100%,JC,1,0,none,none,none,0,N,N,0,0,0,0,0,0
Florida Keys,Key Largo Dry Rocks,KL1,KL1-t375,40,11,8,6,100%,JC,1,0,none,none,none,0,N,N,0,0,0,0,0,0
Florida Keys,Key Largo Dry Rocks,KL1,KL1-t388,40,8,7,3,100%,JC,1,0,none,none,none,0,N,N,0,0,0,0,0,0
Florida Keys,Key Largo Dry Rocks,KL1,KL1-t449,40,6,2,2,40%,G,,,,,,,N,N,,,,,,
Florida Keys,Key Largo Dry Rocks,KL3,KL3-t215,40,38,30,24,5%,RC,2,0,none,none,none,0,N,N,0,0,0,0,0,0
Florida Keys,Key Largo Dry Rocks,KL3,KL3-t217,40,15,6,5,100%,JC,1,0,none,none,none,0,N,N,0,0,0,0,0,0
Florida Keys,Key Largo Dry Rocks,KL3,KL3-t220,40,20,11,10,99%,JC,1,0,none,none,none,0,N,N,0,0,0,0,0,0
Florida Keys,Key Largo Dry Rocks,KL3,KL3-t372,40,5,5,3,100%,JC,1,0,none,none,none,0,N,N,0,0,0,0,0,0
Florida Keys,Key Largo Dry Rocks,KL3,KL3-t401,40,8,6,4,100%,JC,1,0,none,none,none,0,N,N,0,0,0,0,0,0
Florida Keys,Key Largo Dry Rocks,KL3,KL3-t402,40,5,3,8,65%,JC,1,5,FS,none,none,0,N,N,0,2,0,0,0,0
Florida Keys,Key Largo Dry Rocks,KL3,KL3-t897,40,13,11,18,100%,JC,1,0,none,none,none,0,N,N,0,0,0,0,0,0
Florida Keys,Key Largo Dry Rocks,KL3,KL3-t898,40,15,11,7,100%,JC,1,0,none,none,none,0,N,N,0,0,1,0,0,0
Florida Keys,Key Largo Dry Rocks,KL3,KL3-t899,40,21,18,24,100%,JC,1,0,none,none,none,0,N,N,0,0,1,0,0,0
Florida Keys,Key Largo Dry Rocks,KL3,KL3-t966,40,30,22,20,90%,JC,1,0,none,none,none,0,N,N,0,0,1,0,0,0
Florida Keys,Key Largo Dry Rocks,KL3,KL3-t968,40,22,21,23,100%,JC,1,0,none,none,none,0,N,N,0,0,0,0,0,0
Florida Keys,Key Largo Dry Rocks,KL3,KL3-t969,40,26,25,27,95%,JC,1,0,none,none,none,0,N,N,0,0,0,0,0,0
Florida Keys,Key Largo Dry Rocks,KL4,KL4-t851,40,69,52,37,85%,BC,3,2,FS,none,none,0,N,N,0,2,0,0,0,0
Florida Keys,Key Largo Dry Rocks,KL4,KL4-t852,40,66,55,29,95%,BC,1,0,none,none,none,0,N,N,0,0,0,0,0,0
Florida Keys,Key Largo Dry Rocks,KL4,KL4-t853,40,198,115,80,75%,BC,3,1,FS,none,none,0,N,N,0,7,0,0,0,2
Florida Keys,Key Largo Dry Rocks,KL4,KL4-t854,40,42,27,13,10%,AF,2,0,none,none,none,0,N,N,0,0,0,0,0,0
Florida Keys,Key Largo Dry Rocks,KL4,KL4-t855,40,8,7,3,100%,EC,1,0,none,none,none,0,N,N,0,0,0,0,0,0
Florida Keys,Key Largo Dry Rocks,KL4,KL4-t856,40,147,77,58,70%,BC,5,2,RTL,FS,none,0,N,N,0,7,0,0,1,0
Florida Keys,Key Largo Dry Rocks,KL4,KL4-t858,40,19,14,8,99%,JC,1,0,none,none,none,0,N,N,0,0,0,0,0,0
Florida Keys,Key Largo Dry Rocks,KL4,KL4-t893,40,87,64,27,65%,BC,4,0,none,none,none,0,N,N,0,0,0,0,0,0
Florida Keys,Key Largo Dry Rocks,KL4,KL4-t894,40,18,7,13,100%,JC,1,0,none,none,none,0,N,N,0,0,0,0,0,0
Florida Keys,Molasses Reef,ML1,ML1-t013,40,182,135,83,70%,BC,8,1,CL,none,none,0,N,N,0,1,1,0,1,0
Florida Keys,Molasses Reef,ML1,ML1-t015,40,53,45,34,55%,BC,3,1,CL,CB,none,0,N,N,0,0,0,0,0,0
Florida Keys,Molasses Reef,ML1,ML1-t016,40,128,114,68,80%,BC,5,1,CL,CB,none,0,N,Y,1,2,2,1,1,3
Florida Keys,Molasses Reef,ML1,ML1-t017,40,33,27,30,90%,JC,1,0,none,none,none,0,N,N,0,0,0,0,0,0
Florida Keys,Molasses Reef,ML1,ML1-t018,40,101,67,39,98%,BC,1,0,none,none,none,0,N,N,0,0,1,0,1,0
Florida Keys,Molasses Reef,ML1,ML1-t020,40,180,160,100,5%,RC,15,1,RTL,none,none,0,N,N,0,1,0,0,0,0
Florida Keys,Molasses Reef,ML1,ML1-t234,40,7,4,2,60%,EC,1,3,FS,none,none,0,N,N,0,1,0,0,0,0
Florida Keys,Molasses Reef,ML1,ML1-t404,40,25,16,7,15%,EC,3,0,none,none,none,0,N,N,0,0,0,0,0,0
Florida Keys,Molasses Reef,ML1,ML1-t405,40,5,4,6,99%,JC,1,0,none,none,none,0,N,N,0,0,0,0,0,0
Florida Keys,Molasses Reef,ML1,ML1-t882,40,42,22,24,75%,BC,2,0,none,none,none,0,N,N,0,0,0,0,0,0
Florida Keys,Molasses Reef,ML2,ML2-t126,40,171,99,98,45%,BC,11,1,CL,none,none,0,N,N,3,0,5,1,1,1
Florida Keys,Molasses Reef,ML2,ML2-t128,40,7,7,2,95%,EC,1,0,none,none,none,0,N,N,3,0,0,0,0,0
Florida Keys,Molasses Reef,ML2,ML2-t129,40,158,70,60,15%,RC,13,0,none,none,none,0,N,N,3,2,3,0,0,0
Florida Keys,Molasses Reef,ML2,ML2-t130,40,52,40,23,85%,BC,1,0,none,none,none,0,Y,N,1,0,0,0,0,0
Florida Keys,Molasses Reef,ML2,ML2-t131,40,176,135,81,70%,BC,17,1,FP,CL,none,0,Y,N,1,0,4,0,1,0
Florida Keys,Molasses Reef,ML2,ML2-t132,40,195,137,85,40%,BC,11,1,WBD,CB,FP,0,Y,N,1,0,1,0,1,0
Florida Keys,Molasses Reef,ML2,ML2-t137,40,8,5,1,80%,EC,1,0,none,none,none,0,N,N,0,0,0,0,0,0
Florida Keys,Molasses Reef,ML2,ML2-t249,40,10,8,5,99%,EC,1,0,none,none,none,0,N,N,0,0,0,0,0,0
Florida Keys,Molasses Reef,ML2,ML2-t442,40,8,7,6,65%,G,,,,,,,N,N,,,,,,
Florida Keys,Molasses Reef,ML2,ML2-t443,40,20,12,11,85%,G,,,,,,,N,N,,,,,,
Florida Keys,Molasses Reef,ML2,ML2-t868,40,42,26,27,25%,RC,3,0,none,none,none,0,N,N,3,0,1,0,0,0
Florida Keys,Molasses Reef,ML2,ML2-t869,40,29,18,12,30%,RC,2,0,none,none,none,1,Y,N,0,0,0,0,0,0
Florida Keys,Molasses Reef,ML2,ML2-t952,40,37,34,19,80%,JC,1,0,none,none,none,0,N,N,0,0,0,0,0,0
Florida Keys,Molasses Reef,ML2,ML2-t954,40,8,5,4,95%,EC,1,0,none,none,none,0,N,N,0,0,0,0,0,0
Florida Keys,Molasses Reef,ML3,ML3-t144,40,153,114,77,75%,BC,2,2,FS,CL,none,0,N,Y,0,12,1,0,1,1
Florida Keys,Molasses Reef,ML3,ML3-t145,40,208,137,62,35%,BC,18,1,Unk,none,none,0,N,N,3,0,3,0,0,0
Florida Keys,Molasses Reef,ML3,ML3-t146,40,234,183,68,45%,BC,26,1,Unk,none,none,0,N,N,3,0,2,0,1,0
Florida Keys,Molasses Reef,ML3,ML3-t147,40,198,122,80,45%,BC,17,0,none,none,none,0,N,N,1,0,5,0,1,1
Florida Keys,Molasses Reef,ML3,ML3-t148,40,145,106,83,25%,BC,24,0,none,none,none,1,N,N,3,0,1,0,1,0
Florida Keys,Molasses Reef,ML3,ML3-t150,40,86,74,53,90%,BC,2,0,none,none,none,0,N,N,0,0,2,0,0,0
Florida Keys,Molasses Reef,ML3,ML3-t184,40,230,204,85,60%,BC,5,1,CB,FS,none,0,N,N,0,2,1,0,1,0
Florida Keys,Molasses Reef,ML3,ML3-t185,40,41,38,28,20%,RC,2,0,none,none,none,0,N,N,0,0,0,0,0,0
Florida Keys,Molasses Reef,ML3,ML3-t186,40,73,54,30,90%,BC,1,1,Unk,none,none,0,Y,N,2,0,1,0,0,0
Florida Keys,Molasses Reef,ML3,ML3-t915,40,68,53,44,35%,BC,2,0,none,none,none,0,N,N,1,0,2,0,0,0
Florida Keys,Molasses Reef,ML3,ML3-t955,40,126,82,54,45%,BC,13,1,FS,none,none,0,N,N,3,3,1,0,0,0
Florida Keys,Molasses Reef,ML3,ML3-t956,40,20,15,13,99%,JC,1,0,none,none,none,0,N,N,2,0,1,0,0,0
Florida Keys,Sand Island,SI1,SI1-t302,40,146,122,72,85%,BC,4,1,FP,none,none,0,N,N,0,0,0,0,2,1
Florida Keys,Sand Island,SI1,SI1-t303,40,11,9,7,95%,EC,1,0,none,none,none,0,N,N,0,0,0,0,0,0
Florida Keys,Sand Island,SI1,SI1-t305,40,13,13,17,98%,JC,1,0,none,none,none,0,N,Y,0,0,0,0,0,0
Florida Keys,Sand Island,SI1,SI1-t307,40,96,72,78,40%,BC,11,0,none,none,none,0,N,N,0,0,0,0,1,0
Florida Keys,Sand Island,SI1,SI1-t308,40,80,50,70,45%,BC,3,0,none,none,none,0,N,N,0,0,0,0,0,0
Florida Keys,Sand Island,SI1,SI1-t310,40,7,2,1,80%,EC,1,0,none,none,none,0,N,N,0,0,0,0,0,0
Florida Keys,Sand Island,SI1,SI1-t312,40,45,34,26,95%,BC,1,5,Abr,none,none,0,N,N,0,0,0,0,0,0
Florida Keys,Sand Island,SI1,SI1-t319,40,85,55,85,1%,RC,8,0,none,none,none,2,N,N,0,0,0,0,0,0
Florida Keys,Sand Island,SI1,SI1-t332,40,167,143,85,70%,BC,8,1,CL,none,none,0,N,N,0,0,0,0,0,0
Florida Keys,Sand Island,SI1,SI1-t403,40,75,42,42,95%,BC,1,2,FP,none,none,0,N,N,0,2,0,0,0,0
Florida Keys,Sand Island,SI1,SI1-t436,40,12,12,6,100%,G,,,,,,,N,N,,,,,,
Florida Keys,Sand Island,SI1,SI1-t958,40,22,17,12,95%,JC,1,0,none,none,none,0,N,N,0,0,0,0,0,0
Florida Keys,Sand Island,SI1,SI1-t959,40,40,28,28,100%,BC,1,0,none,none,none,0,N,N,0,0,0,0,0,0
Florida Keys,Sand Island,SI2,SI2-t313,40,158,99,125,80%,BC,4,0,none,none,none,0,N,N,0,0,0,0,1,0
Florida Keys,Sand Island,SI2,SI2-t323,40,96,95,65,40%,BC,8,1,FS,CL,Oth,0,N,Y,0,2,2,0,0,0
Florida Keys,Sand Island,SI2,SI2-t324,40,171,103,90,85%,BC,1,1,FP,none,none,0,N,N,0,0,1,0,1,0
Florida Keys,Sand Island,SI2,SI2-t326,40,220,101,93,70%,BC,6,0,none,none,none,0,N,N,1,0,2,0,0,0
Florida Keys,Sand Island,SI2,SI2-t330,40,65,43,33,30%,BC,2,0,none,none,none,0,N,N,0,0,0,0,0,0
Florida Keys,Sand Island,SI2,SI2-t331,40,26,18,25,90%,JC,1,0,none,none,none,0,N,N,3,0,1,0,0,0
Florida Keys,Sand Island,SI2,SI2-t334,40,225,195,155,65%,BC,18,1,FP,Oth,none,0,N,Y,2,0,4,0,1,2
Florida Keys,Sand Island,SI2,SI2-t399,40,78,52,62,85%,BC,1,0,none,none,none,0,N,N,0,0,0,0,1,0
Florida Keys,Sand Island,SI2,SI2-t435,40,78,71,29,100%,G,,,,,,,N,N,,,,,,
Florida Keys,Sand Island,SI2,SI2-t960,40,105,77,67,90%,BC,1,1,FP,none,none,0,N,Y,0,3,0,0,1,0
Florida Keys,Sand Island,SI2,SI2-t961,40,58,44,50,99%,BC,1,0,none,none,none,0,N,N,0,0,1,0,0,0
Florida Keys,Sand Island,SI2,SI2-t962,40,202,101,62,80%,BC,3,1,Oth,none,none,0,N,Y,1,0,1,0,1,0
Florida Keys,Sand Island,SI3,SI3-t315,40,6,4,4,95%,EC,1,0,none,none,none,0,N,N,0,0,0,0,0,0
Florida Keys,Sand Island,SI3,SI3-t316,40,17,14,15,100%,JC,1,0,none,none,none,0,N,N,0,0,0,0,0,0
Florida Keys,Sand Island,SI3,SI3-t317,40,29,23,10,95%,JC,1,0,none,none,none,0,N,N,0,0,0,0,0,0
Florida Keys,Sand Island,SI3,SI3-t338,40,58,37,36,95%,BC,1,0,none,none,none,0,N,N,0,0,0,0,0,0
Florida Keys,Sand Island,SI3,SI3-t340,40,24,17,13,1%,EC,11,0,none,none,none,0,N,N,0,0,0,0,0,0
Florida Keys,Sand Island,SI3,SI3-t341,40,128,112,90,80%,BC,3,1,FS,FP,none,0,N,N,0,7,0,0,0,1
Florida Keys,Sand Island,SI3,SI3-t345,40,8,7,6,99%,EC,1,0,none,none,none,0,N,N,0,0,0,0,0,0
Florida Keys,Sand Island,SI3,SI3-t346,40,34,23,33,100%,JC,1,0,none,none,none,0,N,N,0,1,0,0,0,0
Florida Keys,Sand Island,SI3,SI3-t964,40,80,38,50,1%,RC,4,0,none,none,none,0,N,N,0,0,0,0,0,0
Florida Keys,Turtle Rocks,TR1,TR1-t291,41,175,120,75,85%,BC,2,1,WBD,FP,none,0,N,N,0,,,,,
Florida Keys,Turtle Rocks,TR1,TR1-t293,41,20,14,12,90%,JC,1,2,PFB,none,none,0,N,N,0,,,,,
Florida Keys,Turtle Rocks,TR1,TR1-t294,41,38,18,18,40%,JC,3,0,none,none,none,0,N,N,0,,,,,
Florida Keys,Turtle Rocks,TR1,TR1-t448,41,64,50,32,40%,BC,2,0,none,none,none,0,N,N,0,,,,,
Florida Keys,Turtle Rocks,TR1,TR1-t449,41,24,14,10,95%,AF,1,0,none,none,none,0,N,N,0,,,,,
Florida Keys,Turtle Rocks,TR1,TR1-t470,41,,,,0%,D,,,,,,,N,N,,,,,,
Florida Keys,Turtle Rocks,TR1,TR1-t471,41,18,9,6,90%,AF,1,0,none,none,none,0,N,N,0,,,,,
Florida Keys,Turtle Rocks,TR1,TR1-t472,41,,,,,G,,,,,,,N,N,,,,,,
Florida Keys,Turtle Rocks,TR1,TR1-t473,41,62,34,43,99%,BC,1,0,none,none,none,0,N,N,0,,,,,
Florida Keys,Turtle Rocks,TR1,TR1-t474,41,26,19,22,90%,JC,1,0,none,none,none,0,N,N,0,,,,,
Florida Keys,Turtle Rocks,TR1,TR1-t475,41,35,22,28,80%,AF,2,0,none,none,none,0,N,N,0,,,,,
Florida Keys,Turtle Rocks,TR1,TR1-t476,41,60,38,39,55%,BC,9,0,none,none,none,0,N,N,0,,,,,
Florida Keys,Turtle Rocks,TR1,TR1-t478,41,115,105,55,75%,BC,1,1,FP,CL,none,0,N,N,0,,,,,
Florida Keys,Turtle Rocks,TR1,TR1-t941,41,140,90,50,20%,RC,17,1,WBD,CB,FS,0,N,N,0,,,,,
Florida Keys,Turtle Rocks,TR2,TR2-t350,41,73,70,44,95%,BC,1,0,none,none,none,0,N,N,0,,,,,
Florida Keys,Turtle Rocks,TR2,TR2-t351,41,53,37,34,90%,BC,2,0,none,none,none,0,N,N,0,,,,,
Florida Keys,Turtle Rocks,TR2,TR2-t356,41,131,81,56,80%,BC,1,1,FP,CL,none,0,N,N,0,,,,,
Florida Keys,Turtle Rocks,TR2,TR2-t462,41,58,20,12,100%,BC,1,0,none,none,none,0,N,N,0,,,,,
Florida Keys,Turtle Rocks,TR2,TR2-t463,41,2,2,2,100%,EC,1,0,none,none,none,0,N,N,0,,,,,
Florida Keys,Turtle Rocks,TR2,TR2-t464,41,120,72,40,30%,BC,3,1,FP,Oth,none,0,N,N,0,,,,,
Florida Keys,Turtle Rocks,TR2,TR2-t465,41,140,116,55,50%,BC,12,,,,,,N,N,,,,,,
Florida Keys,Turtle Rocks,TR2,TR2-t466,41,18,13,18,100%,JC,1,0,none,none,none,0,N,N,0,,,,,
Florida Keys,Turtle Rocks,TR2,TR2-t467,41,7,8,12,100%,JC,1,0,none,none,none,0,N,N,0,,,,,
Florida Keys,Turtle Rocks,TR2,TR2-t468,41,30,28,10,75%,AF,1,1,FS,none,none,0,N,N,0,,,,,
Florida Keys,Turtle Rocks,TR2,TR2-t469,41,13,10,8,100%,JC,1,0,none,none,none,0,N,N,0,,,,,
Florida Keys,Turtle Rocks,TR3,TR3-t364,41,236,192,90,80%,BC,2,1,FP,none,none,0,N,N,0,,,,,
Florida Keys,Turtle Rocks,TR3,TR3-t450,41,90,82,50,90%,BC,1,2,FP,none,none,0,N,N,0,,,,,
Florida Keys,Turtle Rocks,TR3,TR3-t451,41,68,30,11,70%,AF,1,0,none,none,none,0,N,N,0,,,,,
Florida Keys,Turtle Rocks,TR3,TR3-t452,41,85,63,31,95%,AF,1,0,none,none,none,0,N,N,0,,,,,
Florida Keys,Turtle Rocks,TR3,TR3-t453,41,50,39,23,90%,BC,2,0,none,none,none,0,N,N,0,,,,,
Florida Keys,Turtle Rocks,TR3,TR3-t454,41,66,42,28,70%,BC,3,0,none,none,none,0,N,N,0,,,,,
Florida Keys,Turtle Rocks,TR3,TR3-t455,41,152,85,56,95%,BC,1,1,FP,none,none,0,N,N,0,,,,,
Florida Keys,Turtle Rocks,TR3,TR3-t456,41,69,58,43,95%,AF,1,2,FP,none,none,0,N,N,0,,,,,
Florida Keys,Turtle Rocks,TR3,TR3-t457,41,30,21,29,95%,JC,1,0,none,none,none,0,N,N,0,,,,,
Florida Keys,Turtle Rocks,TR3,TR3-t458,41,,,,,G,,,,,,,N,N,,,,,,
Florida Keys,Turtle Rocks,TR3,TR3-t459,41,30,17,22,85%,JC,4,0,none,none,none,0,N,N,0,,,,,
Florida Keys,Turtle Rocks,TR3,TR3-t460,41,6,4,5,100%,EC,1,0,none,none,none,0,N,N,0,,,,,
Florida Keys,Carysfort Reef,CF1,CF1-t024,42,16,7,13,80%,EC,1,0,none,none,none,5,N,N,0,1,0,0,0,0
Florida Keys,Carysfort Reef,CF1,CF1-t428,42,7,6,4,100%,AF,1,0,none,none,none,1,N,N,0,,,,,
Florida Keys,Carysfort Reef,CF2,CF2-t038,42,104,80,42,15%,BC,13,4,BL,none,none,4,N,N,0,0,0,0,1,0
Florida Keys,Carysfort Reef,CF2,CF2-t040,42,107,62,62,25%,BC,6,2,BL,none,none,5,N,N,0,0,0,0,0,0
Florida Keys,Carysfort Reef,CF2,CF2-t042,42,215,142,75,35%,BC,13,4,BL,none,none,4,N,N,0,0,1,0,0,0
Florida Keys,Carysfort Reef,CF2,CF2-t043,42,165,125,55,10%,RC,7,4,BL,none,none,5,N,N,0,0,0,0,0,1
Florida Keys,Carysfort Reef,CF2,CF2-t045,42,182,105,72,30%,RC,9,3,BL,none,none,5,N,N,0,0,0,0,2,2
Florida Keys,Carysfort Reef,CF2,CF2-t047,42,190,95,70,10%,RC,10,3,BL,none,none,4,N,N,0,6,0,0,0,0
Florida Keys,Carysfort Reef,CF2,CF2-t048,42,128,116,75,10%,BC,7,4,BL,none,none,5,N,N,0,0,0,0,1,0
Florida Keys,Carysfort Reef,CF2,CF2-t049,42,9,5,3,100%,EC,1,0,none,none,none,3,N,N,0,0,0,0,0,0
Florida Keys,Carysfort Reef,CF2,CF2-t228,42,161,95,55,15%,RC,6,4,BL,none,none,3,N,N,0,0,0,0,0,0
Florida Keys,Carysfort Reef,CF2,CF2-t395,42,,,,0%,D,,,,,,,N,N,,,,,,
Florida Keys,Carysfort Reef,CF2,CF2-t396,42,68,48,34,0%,D,,3,BL,none,none,,N,N,,,,,,
Florida Keys,Carysfort Reef,CF2,CF2-t426,42,89,69,75,25%,RC,8,4,BL,none,none,4,N,N,0,,,,,
Florida Keys,Carysfort Reef,CF2,CF2-t427,42,134,80,84,30%,RC,9,5,BL,none,none,5,N,N,0,,,,,
Florida Keys,Carysfort Reef,CF2,CF2-t948,42,52,45,44,15%,RC,2,3,BL,none,none,5,N,N,0,0,1,0,0,0
Florida Keys,Carysfort Reef,CF3,CF3-t088,42,283,165,98,20%,BC,15,2,BL,CL,none,4,N,N,2,0,4,0,0,0
Florida Keys,Carysfort Reef,CF3,CF3-t090,42,174,149,67,20%,BC,12,2,Unk,BL,none,4,N,N,2,0,3,0,1,0
Florida Keys,Carysfort Reef,CF3,CF3-t092,42,195,98,75,40%,BC,17,1,Unk,RTL,BL,3,N,N,2,0,3,0,1,0
Florida Keys,Carysfort Reef,CF3,CF3-t095,42,18,13,10,100%,JC,1,0,none,none,none,4,N,N,0,0,1,0,1,0
Florida Keys,Carysfort Reef,CF3,CF3-t390,42,,,,0%,D,,,,,,,N,N,,,,,,
Florida Keys,Carysfort Reef,CF3,CF3-t391,42,,,,0%,D,,,,,,,N,N,,,,,,
Florida Keys,Carysfort Reef,CF3,CF3-t408,42,,,,0%,D,,,,,,,N,N,,,,,,
Florida Keys,Carysfort Reef,CF3,CF3-t409,42,35,22,20,40%,JC,1,3,FS,none,none,3,N,N,0,3,1,0,0,0
Florida Keys,Carysfort Reef,CF3,CF3-t410,42,37,26,16,60%,BC,1,3,Unk,none,none,2,N,N,0,0,1,0,0,0
Florida Keys,Carysfort Reef,CF3,CF3-t411,42,160,126,70,20%,BC,8,2,Unk,FS,BL,3,N,N,0,2,3,0,0,0
Florida Keys,Carysfort Reef,CF3,CF3-t425,42,72,56,20,15%,SF,4,0,none,none,none,0,N,N,0,,,,,
Florida Keys,Carysfort Reef,CF3,CF3-t902,42,12,9,5,100%,JC,1,0,none,none,none,1,N,N,0,0,1,0,0,0
Florida Keys,Carysfort Reef,CF3,CF3-t973,42,20,15,14,0%,D,,5,Unk,none,none,,N,N,,,,,,
Florida Keys,Carysfort Reef,CF4,CF4-t805,42,14,6,4,0%,D,,3,Unk,none,none,,N,N,,,,,,
Florida Keys,Carysfort Reef,CF4,CF4-t812,42,9,8,5,100%,JC,1,0,none,none,none,4,N,N,0,0,0,0,0,0
Florida Keys,Carysfort Reef,CF4,CF4-t814,42,3,2,1,100%,EC,1,0,none,none,none,1,N,N,0,0,0,0,0,0
Florida Keys,Elbow Reef,EL1,EL1-t051,42,174,105,110,40%,BC,26,1,RTL,none,none,1,N,N,3,0,1,0,0,1
Florida Keys,Elbow Reef,EL1,EL1-t052,42,270,235,102,60%,BC,33,1,Unk,FP,none,0,N,Y,2,0,3,0,0,2
Florida Keys,Elbow Reef,EL1,EL1-t054,42,135,92,75,60%,BC,4,1,RTL,none,none,1,N,Y,2,0,0,0,1,0
Florida Keys,Elbow Reef,EL1,EL1-t055,42,238,176,80,60%,BC,13,2,RTL,none,none,0,N,Y,3,0,1,1,1,2
Florida Keys,Elbow Reef,EL1,EL1-t056,42,114,78,62,65%,BC,4,2,RTL,none,none,1,N,Y,0,0,2,0,1,0
Florida Keys,Elbow Reef,EL1,EL1-t059,42,31,26,24,80%,JC,2,1,FP,none,none,0,N,N,0,1,0,0,0,0
Florida Keys,Elbow Reef,EL1,EL1-t060,42,125,107,69,65%,BC,7,1,Unk,none,none,1,N,N,1,0,1,0,0,0
Florida Keys,Elbow Reef,EL1,EL1-t232,42,90,59,58,95%,BC,1,0,none,none,none,0,N,N,0,1,0,0,1,2
Florida Keys,Elbow Reef,EL1,EL1-t441,42,65,47,34,90%,BC,1,3,RTL,none,none,0,N,N,0,1,0,0,0,0
Florida Keys,Elbow Reef,EL1,EL1-t454,42,,,,0%,D,,,,,,,N,N,,,,,,
Florida Keys,Elbow Reef,EL1,EL1-t977,42,110,85,77,65%,BC,9,1,FS,none,none,1,N,N,1,1,1,0,0,1
Florida Keys,Elbow Reef,EL1,EL1-t978,42,78,42,41,99%,BC,1,0,none,none,none,0,N,N,0,0,0,0,0,0
Florida Keys,Elbow Reef,EL1,EL1-t979,42,163,107,73,80%,BC,1,0,none,none,none,0,N,N,2,0,2,0,0,0
Florida Keys,Elbow Reef,EL2,EL2-t065,42,19,12,5,80%,EC,1,0,none,none,none,0,N,N,0,0,0,0,1,1
Florida Keys,Elbow Reef,EL2,EL2-t066,42,157,107,80,45%,BC,14,2,RTL,none,none,1,N,N,2,0,1,0,1,0
Florida Keys,Elbow Reef,EL2,EL2-t067,42,28,20,23,5%,RC,2,0,none,none,none,0,N,N,0,0,0,0,0,0
Florida Keys,Elbow Reef,EL2,EL2-t072,42,84,62,46,80%,BC,3,3,RTL,none,none,0,N,N,0,0,1,0,2,0
Florida Keys,Elbow Reef,EL2,EL2-t073,42,132,130,65,50%,BC,5,3,RTL,FS,none,0,N,N,0,2,0,0,0,1
Florida Keys,Elbow Reef,EL2,EL2-t246,42,10,6,6,10%,RC,2,0,none,none,none,0,N,N,0,0,0,0,0,0
Florida Keys,Elbow Reef,EL2,EL2-t247,42,38,17,24,65%,BC,3,0,none,none,none,0,N,N,0,0,0,0,0,0
Florida Keys,Elbow Reef,EL2,EL2-t437,42,14,8,3,80%,EC,1,0,none,none,none,0,N,N,0,0,0,0,0,0
Florida Keys,Elbow Reef,EL2,EL2-t438,42,14,8,3,95%,EC,1,1,RTL,none,none,0,N,N,0,0,0,0,0,0
Florida Keys,Elbow Reef,EL2,EL2-t439,42,54,35,23,80%,BC,2,1,Unk,none,none,0,N,N,0,0,0,0,0,0
Florida Keys,Elbow Reef,EL2,EL2-t440,42,58,25,15,75%,BC,1,0,none,none,none,0,N,N,0,0,0,0,0,0
Florida Keys,Elbow Reef,EL2,EL2-t453,42,,,,0%,D,,,,,,,N,N,,,,,,
Florida Keys,Elbow Reef,EL2,EL2-t913,42,242,155,88,40%,BC,17,3,RTL,none,none,1,N,N,0,0,0,0,0,2
Florida Keys,Elbow Reef,EL3,EL3-t076,42,82,66,69,10%,BC,9,2,RTL,FS,none,0,N,N,0,2,0,0,1,0
Florida Keys,Elbow Reef,EL3,EL3-t077,42,66,28,28,30%,BC,4,1,FS,CL,none,0,N,N,0,1,0,0,0,0
Florida Keys,Elbow Reef,EL3,EL3-t078,42,58,34,56,5%,RC,6,3,WBD,RTL,none,0,N,N,0,0,0,0,0,0
Florida Keys,Elbow Reef,EL3,EL3-t079,42,43,16,15,10%,RC,3,0,none,none,none,0,N,N,0,0,0,0,0,0
Florida Keys,Elbow Reef,EL3,EL3-t083,42,111,92,72,35%,BC,13,3,RTL,FP,none,0,N,N,0,0,0,0,1,0
Florida Keys,Elbow Reef,EL3,EL3-t086,42,200,116,70,45%,BC,12,3,WBD,RTL,none,0,N,Y,0,5,0,0,2,0
Florida Keys,Elbow Reef,EL3,EL3-t432,42,57,33,52,15%,BC,3,2,RTL,none,none,0,N,N,0,0,0,0,0,0
Florida Keys,Elbow Reef,EL3,EL3-t433,42,26,12,8,100%,EC,1,0,none,none,none,1,N,N,0,0,0,0,0,0
Florida Keys,Elbow Reef,EL3,EL3-t434,42,10,8,6,100%,EC,1,0,none,none,none,1,N,N,0,0,0,0,0,0
Florida Keys,Elbow Reef,EL3,EL3-t451,42,1,1,1,100%,EC,1,0,none,none,none,0,N,N,0,0,0,0,0,0
Florida Keys,Elbow Reef,EL3,EL3-t911,42,112,67,60,75%,BC,1,1,FP,CL,none,0,N,Y,0,0,0,0,0,0
Florida Keys,Elbow Reef,EL3,EL3-t930,42,18,16,10,0%,D,,5,RTL,none,none,,N,N,,,,,,
Florida Keys,Elbow Reef,EL3,EL3-t932,42,6,5,2,0%,D,,5,RTL,none,none,,N,N,,,,,,
Florida Keys,Elbow Reef,EL3,EL3-t933,42,114,74,65,40%,BC,11,4,RTL,FS,FP,0,N,N,0,2,1,0,1,0
Florida Keys,Elbow Reef,EL4,EL4-t153,42,186,137,87,45%,BC,14,1,FS,none,none,1,N,N,0,2,0,0,0,0
Florida Keys,Elbow Reef,EL4,EL4-t154,42,155,150,102,40%,BC,33,1,FS,none,none,1,N,N,0,5,0,0,0,0
Florida Keys,Elbow Reef,EL4,EL4-t158,42,92,35,31,75%,BC,5,0,none,none,none,1,N,N,0,0,0,0,0,0
Florida Keys,Elbow Reef,EL4,EL4-t168,42,195,165,92,70%,BC,6,1,FS,none,none,1,N,N,0,6,0,0,1,0
Florida Keys,Elbow Reef,EL4,EL4-t416,42,13,6,11,90%,JC,1,0,none,none,none,0,N,N,0,0,0,0,0,0
Florida Keys,Elbow Reef,EL4,EL4-t417,42,10,4,6,95%,JC,1,0,none,none,none,1,N,N,0,0,0,0,0,0
Florida Keys,Elbow Reef,EL4,EL4-t418,42,91,69,35,35%,AF,2,1,Unk,none,none,1,N,N,0,0,0,0,0,0
Florida Keys,Elbow Reef,EL4,EL4-t420,42,5,4,1,100%,EC,1,1,PFB,none,none,0,N,N,0,0,0,0,0,0
Florida Keys,Elbow Reef,EL4,EL4-t935,42,13,9,3,90%,EC,2,3,FS,none,none,0,N,N,0,1,0,0,0,0
Florida Keys,Elbow Reef,EL5,EL5-t177,42,59,38,52,25%,RC,3,1,Unk,none,none,2,N,N,0,0,0,0,0,0
Florida Keys,Elbow Reef,EL5,EL5-t180,42,172,131,82,40%,BC,19,0,none,none,none,3,N,N,0,0,0,0,0,0
Florida Keys,Elbow Reef,EL5,EL5-t183,42,25,25,23,100%,JC,1,0,none,none,none,4,N,N,0,0,0,0,0,0
Florida Keys,Elbow Reef,EL5,EL5-t460,42,100,90,12,10%,RC,3,0,none,none,none,2,N,N,0,0,0,0,0,0
Florida Keys,French Reef,FR1,FR1-t002,42,103,72,57,70%,BC,1,3,RTL,none,none,4,N,N,0,0,0,0,0,0
Florida Keys,French Reef,FR1,FR1-t003,42,39,25,22,90%,JC,1,2,BL,none,none,4,N,N,0,0,0,0,0,0
Florida Keys,French Reef,FR1,FR1-t004,42,75,65,65,25%,BC,5,1,RTL,CL,none,1,N,N,0,0,1,0,0,0
Florida Keys,French Reef,FR1,FR1-t005,42,162,124,75,60%,BC,9,2,RTL,none,none,4,N,N,2,0,1,0,0,0
Florida Keys,French Reef,FR1,FR1-t006,42,178,112,70,40%,BC,16,1,CL,none,none,1,N,Y,1,0,1,0,1,0
Florida Keys,French Reef,FR1,FR1-t007,42,23,14,11,45%,RC,2,0,none,none,none,1,N,N,0,0,0,0,0,0
Florida Keys,French Reef,FR1,FR1-t008,42,94,60,100,20%,BC,5,2,BL,FS,none,4,N,N,2,1,1,0,0,0
Florida Keys,French Reef,FR1,FR1-t009,42,175,144,75,35%,BC,9,2,RTL,none,none,3,N,N,1,0,2,0,1,0
Florida Keys,French Reef,FR1,FR1-t010,42,65,53,37,35%,RC,8,0,none,none,none,4,N,N,0,0,0,0,0,0
Florida Keys,French Reef,FR1,FR1-t860,42,15,12,8,90%,EC,1,5,CL,none,none,1,N,N,0,0,0,0,0,0
Florida Keys,French Reef,FR1,FR1-t861,42,70,42,56,75%,BC,1,0,none,none,none,2,N,N,0,0,1,0,0,0
Florida Keys,French Reef,FR1,FR1-t976,42,12,9,9,70%,JC,1,0,none,none,none,1,N,N,0,0,1,0,0,0
Florida Keys,French Reef,FR2,FR2-t236,42,13,6,2,20%,EC,2,5,RTL,none,none,1,N,N,0,0,0,0,0,0
Florida Keys,French Reef,FR2,FR2-t250,42,102,65,55,20%,BC,3,1,BL,none,none,3,N,N,3,0,1,0,1,0
Florida Keys,French Reef,FR2,FR2-t251,42,79,67,70,98%,BC,1,0,none,none,none,2,N,N,0,0,0,0,0,0
Florida Keys,French Reef,FR2,FR2-t255,42,34,18,23,40%,RC,4,2,BL,none,none,1,N,N,0,0,0,0,0,0
Florida Keys,French Reef,FR2,FR2-t256,42,26,23,23,90%,JC,1,0,none,none,none,1,N,N,0,0,0,0,0,0
Florida Keys,French Reef,FR2,FR2-t257,42,16,13,16,0%,D,,3,RTL,none,none,,N,N,,,,,,
Florida Keys,French Reef,FR2,FR2-t258,42,6,4,2,95%,EC,1,0,none,none,none,0,N,N,0,0,0,0,0,0
Florida Keys,French Reef,FR2,FR2-t259,42,29,17,27,55%,BC,4,3,RTL,none,none,2,N,N,0,0,0,0,0,0
Florida Keys,French Reef,FR2,FR2-t260,42,34,30,38,99%,JC,1,0,none,none,none,1,N,N,0,0,0,0,0,0
Florida Keys,French Reef,FR2,FR2-t261,42,97,59,50,10%,BC,3,1,BL,none,none,4,N,N,0,0,1,0,0,1
Florida Keys,French Reef,FR2,FR2-t262,42,15,17,24,5%,RC,2,5,BL,none,none,5,N,N,0,0,0,0,0,0
Florida Keys,French Reef,FR2,FR2-t447,42,15,14,14,100%,JC,1,0,none,none,none,1,N,N,0,0,0,0,0,0
Florida Keys,French Reef,FR2,FR2-t982,42,34,31,43,85%,BC,1,5,RTL,none,none,1,N,N,0,0,0,0,0,0
Florida Keys,French Reef,FR3,FR3-t444,42,30,24,10,40%,RC,2,5,RTL,none,none,0,N,N,0,0,0,0,0,0
Florida Keys,French Reef,FR3,FR3-t445,42,11,5,10,95%,AF,1,0,none,none,none,0,N,N,0,0,0,0,0,0
Florida Keys,French Reef,FR3,FR3-t446,42,48,45,28,35%,BC,4,0,none,none,none,0,N,N,0,0,1,0,0,0
Florida Keys,French Reef,FR3,FR3-t818,42,15,12,12,75%,JC,1,0,none,none,none,1,N,N,0,0,0,0,0,2
Florida Keys,French Reef,FR3,FR3-t820,42,157,97,78,15%,BC,23,3,RTL,FS,none,1,N,N,1,6,1,0,0,1
Florida Keys,French Reef,FR3,FR3-t822,42,2,2,1,100%,EC,1,0,none,none,none,0,N,N,0,0,0,0,0,0
Florida Keys,French Reef,FR3,FR3-t824,42,10,7,5,100%,EC,1,0,none,none,none,0,N,N,0,0,0,0,0,0
Florida Keys,French Reef,FR3,FR3-t825,42,54,43,43,85%,BC,1,4,FS,BL,none,2,N,N,1,1,1,0,0,0
Florida Keys,French Reef,FR3,FR3-t862,42,98,68,43,55%,BC,8,1,Unk,FP,none,1,N,N,0,0,1,0,1,0
Florida Keys,French Reef,FR3,FR3-t863,42,104,68,63,20%,BC,16,3,RTL,none,none,2,N,N,0,0,1,0,0,0
Florida Keys,French Reef,FR3,FR3-t864,42,20,12,6,99%,JC,1,0,none,none,none,0,N,N,0,0,0,0,0,0
Florida Keys,French Reef,FR3,FR3-t865,42,,,,0%,D,,,,,,,N,N,,,,,,
Florida Keys,French Reef,FR3,FR3-t866,42,8,6,6,100%,EC,1,0,none,none,none,0,N,N,0,0,0,0,0,0
Florida Keys,Grecian Rocks,GR1,GR1-t413,42,40,25,20,5%,RC,1,5,BL,none,none,2,N,N,0,0,0,0,0,0
Florida Keys,Grecian Rocks,GR1,GR1-t448,42,30,11,21,55%,AF,1,3,BL,none,none,3,N,N,0,0,0,0,0,0
Florida Keys,Grecian Rocks,GR1,GR1-t463,42,16,14,13,70%,JC,1,5,BL,none,none,5,N,N,0,0,0,0,0,0
Florida Keys,Grecian Rocks,GR1,GR1-t827,42,76,55,38,85%,BC,1,4,FS,BL,none,4,N,N,0,4,0,0,0,0
Florida Keys,Grecian Rocks,GR1,GR1-t828,42,85,75,73,25%,BC,4,4,BL,none,none,4,N,N,0,0,0,0,0,0
Florida Keys,Grecian Rocks,GR1,GR1-t830,42,92,72,50,10%,RC,3,3,BL,FS,none,4,N,N,0,3,0,0,1,0
Florida Keys,Grecian Rocks,GR1,GR1-t832,42,45,38,23,1%,RC,2,0,none,none,none,5,N,N,0,0,0,0,0,0
Florida Keys,Grecian Rocks,GR1,GR1-t833,42,102,83,45,70%,BC,1,4,BL,none,none,5,N,N,0,0,0,0,0,0
Florida Keys,Grecian Rocks,GR1,GR1-t835,42,86,78,59,40%,RC,5,3,BL,none,none,4,N,N,0,0,1,0,1,0
Florida Keys,Grecian Rocks,GR1,GR1-t836,42,102,83,55,20%,BC,9,5,BL,none,none,4,N,N,0,0,1,0,0,1
Florida Keys,Grecian Rocks,GR1,GR1-t889,42,14,6,6,0%,D,,5,BL,none,none,,N,N,,,,,,
Florida Keys,Grecian Rocks,GR1,GR1-t890,42,41,30,36,70%,BC,1,5,BL,none,none,5,N,N,0,0,0,0,0,0
Florida Keys,Grecian Rocks,GR1,GR1-t891,42,63,56,27,70%,AF,1,5,BL,none,none,5,N,N,0,0,0,0,0,0
Florida Keys,Grecian Rocks,GR2,GR2-t415,42,59,43,23,10%,BC,4,5,BL,none,none,4,N,N,0,0,0,0,0,0
Florida Keys,Grecian Rocks,GR2,GR2-t429,42,64,38,15,20%,RC,10,4,BL,RTL,none,4,N,N,0,0,0,0,0,0
Florida Keys,Grecian Rocks,GR2,GR2-t430,42,19,11,15,40%,RC,1,5,BL,RTL,none,4,N,N,0,0,0,0,0,0
Florida Keys,Grecian Rocks,GR2,GR2-t431,42,14,8,8,100%,JC,1,0,none,none,none,3,N,N,0,0,0,0,0,0
Florida Keys,Grecian Rocks,GR2,GR2-t840,42,89,53,57,40%,BC,12,5,BL,none,none,5,N,N,0,0,0,0,0,0
Florida Keys,Grecian Rocks,GR2,GR2-t841,42,127,117,82,55%,BC,12,4,BL,RTL,none,4,N,N,0,0,1,0,0,0
Florida Keys,Grecian Rocks,GR2,GR2-t844,42,66,43,57,35%,BC,7,3,BL,RTL,none,4,N,N,0,0,0,0,0,0
Florida Keys,Grecian Rocks,GR2,GR2-t846,42,157,80,87,25%,BC,22,4,BL,RTL,none,4,N,N,0,0,1,0,1,0
Florida Keys,Grecian Rocks,GR2,GR2-t847,42,64,45,23,75%,BC,2,4,BL,RTL,none,2,N,N,0,0,1,0,0,0
Florida Keys,Grecian Rocks,GR2,GR2-t850,42,118,72,78,20%,BC,10,5,BL,RTL,none,3,N,N,0,0,0,0,0,0
Florida Keys,Grecian Rocks,GR2,GR2-t884,42,16,11,3,0%,D,,5,RTL,none,none,,N,N,,,,,,
Florida Keys,Grecian Rocks,GR2,GR2-t885,42,142,88,57,20%,BC,11,5,BL,RTL,none,4,N,N,0,0,0,0,0,0
Florida Keys,Grecian Rocks,GR2,GR2-t886,42,27,12,11,30%,EC,2,5,RTL,none,none,2,N,N,0,0,0,0,0,0
Florida Keys,Grecian Rocks,GR3,GR3-t397,42,57,45,37,5%,RC,1,4,BL,RTL,none,0,N,N,0,0,0,0,0,0
Florida Keys,Grecian Rocks,GR3,GR3-t398,42,57,39,48,50%,BC,5,1,Unk,none,none,4,N,N,0,0,0,0,0,0
Florida Keys,Grecian Rocks,GR3,GR3-t412,42,19,19,7,100%,JC,1,0,none,none,none,1,N,N,0,0,0,0,0,0
Florida Keys,Grecian Rocks,GR3,GR3-t870,42,40,20,30,20%,RC,6,1,Unk,none,none,2,N,N,0,0,0,0,0,0
Florida Keys,Grecian Rocks,GR3,GR3-t871,42,23,16,23,85%,JC,1,0,none,none,none,3,N,N,0,0,0,0,0,0
Florida Keys,Grecian Rocks,GR3,GR3-t872,42,21,13,12,99%,JC,1,1,CL,none,none,2,N,N,0,0,0,0,0,0
Florida Keys,Grecian Rocks,GR3,GR3-t873,42,54,39,38,45%,BC,10,5,BL,none,none,1,N,N,0,0,0,0,0,0
Florida Keys,Grecian Rocks,GR3,GR3-t874,42,8,6,2,100%,EC,1,0,none,none,none,0,N,N,0,0,0,0,0,0
Florida Keys,Grecian Rocks,GR3,GR3-t875,42,32,20,20,5%,RC,3,5,FS,BL,none,0,N,N,0,4,0,0,0,0
Florida Keys,Grecian Rocks,GR3,GR3-t876,42,110,60,40,5%,RC,3,2,BL,none,none,1,N,N,0,0,0,0,1,0
Florida Keys,Grecian Rocks,GR3,GR3-t877,42,130,60,45,10%,RC,6,2,FS,none,none,3,N,N,0,3,0,0,0,0
Florida Keys,Grecian Rocks,GR3,GR3-t881,42,35,15,15,20%,RC,2,0,none,none,none,1,N,N,0,0,0,0,0,0
Florida Keys,Key Largo Dry Rocks,KL1,KL1-t037,42,17,12,22,0%,D,,5,RTL,none,none,,N,N,,,,,,
Florida Keys,Key Largo Dry Rocks,KL1,KL1-t100,42,15,12,12,0%,D,,5,RTL,none,none,,N,N,,,,,,
Florida Keys,Key Largo Dry Rocks,KL1,KL1-t104,42,12,8,8,5%,RC,1,5,RTL,none,none,3,N,N,0,0,0,0,0,0
Florida Keys,Key Largo Dry Rocks,KL1,KL1-t105,42,62,54,40,65%,BC,3,4,RTL,FS,none,2,N,N,0,1,0,0,0,0
Florida Keys,Key Largo Dry Rocks,KL1,KL1-t106,42,70,30,30,1%,RC,1,2,RTL,none,none,1,N,N,0,0,0,0,0,0
Florida Keys,Key Largo Dry Rocks,KL1,KL1-t107,42,125,50,48,15%,BC,6,3,RTL,none,none,1,N,N,0,0,1,0,0,1
Florida Keys,Key Largo Dry Rocks,KL1,KL1-t108,42,175,75,65,1%,RC,1,2,BL,none,none,1,N,N,0,0,0,0,0,0
Florida Keys,Key Largo Dry Rocks,KL1,KL1-t109,42,17,8,9,0%,D,,5,RTL,none,none,,N,N,,,,,,
Florida Keys,Key Largo Dry Rocks,KL1,KL1-t110,42,175,90,80,5%,RC,5,2,RTL,none,none,1,N,N,0,0,0,0,0,0
Florida Keys,Key Largo Dry Rocks,KL1,KL1-t239,42,30,20,20,0%,D,,5,RTL,none,none,,N,N,,,,,,
Florida Keys,Key Largo Dry Rocks,KL1,KL1-t373,42,23,19,15,0%,D,,5,RTL,none,none,,N,N,,,,,,
Florida Keys,Key Largo Dry Rocks,KL1,KL1-t374,42,11,5,6,50%,JC,1,5,RTL,none,none,2,N,N,0,0,0,0,0,0
Florida Keys,Key Largo Dry Rocks,KL1,KL1-t375,42,10,8,6,0%,D,,5,RTL,none,none,,N,N,,,,,,
Florida Keys,Key Largo Dry Rocks,KL1,KL1-t388,42,10,8,3,100%,JC,1,0,none,none,none,1,N,N,0,0,0,0,0,0
Florida Keys,Key Largo Dry Rocks,KL1,KL1-t449,42,6,2,2,40%,EC,2,0,none,none,none,0,N,N,0,0,0,0,0,0
Florida Keys,Key Largo Dry Rocks,KL3,KL3-t215,42,9,6,6,100%,JC,1,0,none,none,none,3,N,N,0,0,1,0,0,0
Florida Keys,Key Largo Dry Rocks,KL3,KL3-t217,42,14,8,7,100%,JC,1,0,none,none,none,2,N,N,0,0,0,0,0,0
Florida Keys,Key Largo Dry Rocks,KL3,KL3-t220,42,24,15,13,99%,JC,1,0,none,none,none,3,N,N,0,0,0,0,0,0
Florida Keys,Key Largo Dry Rocks,KL3,KL3-t372,42,6,5,3,100%,JC,1,0,none,none,none,1,N,N,0,0,0,0,0,0
Florida Keys,Key Largo Dry Rocks,KL3,KL3-t401,42,7,5,6,100%,JC,1,0,none,none,none,1,N,N,0,0,0,0,0,0
Florida Keys,Key Largo Dry Rocks,KL3,KL3-t402,42,5,4,3,65%,EC,1,0,none,none,none,0,N,N,0,0,1,0,0,0
Florida Keys,Key Largo Dry Rocks,KL3,KL3-t897,42,14,13,20,100%,JC,1,0,none,none,none,2,N,N,0,0,1,0,0,0
Florida Keys,Key Largo Dry Rocks,KL3,KL3-t898,42,17,11,7,100%,JC,1,0,none,none,none,1,N,N,0,0,1,0,0,0
Florida Keys,Key Largo Dry Rocks,KL3,KL3-t899,42,24,20,26,100%,BC,1,0,none,none,none,1,N,N,0,0,1,0,0,0
Florida Keys,Key Largo Dry Rocks,KL3,KL3-t966,42,27,23,23,95%,BC,1,0,none,none,none,1,N,Y,0,0,0,0,0,0
Florida Keys,Key Largo Dry Rocks,KL3,KL3-t968,42,25,24,24,98%,BC,1,5,FS,none,none,1,N,N,0,2,0,0,0,0
Florida Keys,Key Largo Dry Rocks,KL3,KL3-t969,42,32,28,31,99%,JC,1,0,none,none,none,2,N,N,0,0,0,0,0,0
Florida Keys,Key Largo Dry Rocks,KL4,KL4-t851,42,72,58,37,60%,BC,4,3,BL,FS,none,4,N,N,0,4,0,0,0,0
Florida Keys,Key Largo Dry Rocks,KL4,KL4-t852,42,70,63,33,90%,BC,1,1,Unk,none,none,4,N,N,0,0,0,0,0,0
Florida Keys,Key Largo Dry Rocks,KL4,KL4-t853,42,201,117,82,70%,BC,6,2,FS,Unk,none,3,N,N,0,13,0,1,0,3
Florida Keys,Key Largo Dry Rocks,KL4,KL4-t854,42,,,,0%,D,,,,,,,N,N,,,,,,
Florida Keys,Key Largo Dry Rocks,KL4,KL4-t855,42,,,,0%,D,,,,,,,N,N,,,,,,
Florida Keys,Key Largo Dry Rocks,KL4,KL4-t856,42,149,75,60,10%,RC,6,4,BL,FS,none,4,N,N,0,14,0,0,0,0
Florida Keys,Key Largo Dry Rocks,KL4,KL4-t858,42,18,13,10,100%,JC,1,0,none,none,none,2,N,N,0,0,0,0,0,0
Florida Keys,Key Largo Dry Rocks,KL4,KL4-t893,42,87,65,29,55%,BC,7,2,Unk,FS,none,3,N,N,0,1,0,0,0,0
Florida Keys,Key Largo Dry Rocks,KL4,KL4-t894,42,,,,0%,D,,,,,,,N,N,,,,,,
Florida Keys,Molasses Reef,ML1,ML1-t013,42,185,134,85,70%,BC,15,1,CL,none,none,1,N,N,0,1,1,0,0,4
Florida Keys,Molasses Reef,ML1,ML1-t015,42,58,40,35,40%,BC,4,0,none,none,none,0,N,N,0,0,0,0,0,0
Florida Keys,Molasses Reef,ML1,ML1-t016,42,135,110,69,80%,BC,12,1,Unk,none,none,1,N,Y,0,0,2,1,1,2
Florida Keys,Molasses Reef,ML1,ML1-t017,42,35,27,32,80%,JC,2,3,Unk,none,none,0,N,N,0,0,0,0,0,0
Florida Keys,Molasses Reef,ML1,ML1-t018,42,108,67,43,95%,BC,1,1,WPx,none,none,1,N,Y,0,0,1,0,0,0
Florida Keys,Molasses Reef,ML1,ML1-t020,42,180,160,100,5%,RC,10,0,none,none,none,1,N,N,0,0,0,0,1,0
Florida Keys,Molasses Reef,ML1,ML1-t234,42,,,,0%,D,,,,,,,N,N,,,,,,
Florida Keys,Molasses Reef,ML1,ML1-t404,42,5,4,3,100%,EC,1,0,none,none,none,0,N,N,0,0,0,0,0,0
Florida Keys,Molasses Reef,ML1,ML1-t405,42,7,5,4,0%,D,,5,RTL,none,none,,N,N,,,,,,
Florida Keys,Molasses Reef,ML1,ML1-t882,42,42,24,26,40%,BC,3,2,FS,none,none,1,N,N,0,2,0,0,0,0
Florida Keys,Molasses Reef,ML2,ML2-t126,42,179,98,98,45%,BC,15,1,Unk,RTL,CL,1,Y,N,3,0,3,0,2,1
Florida Keys,Molasses Reef,ML2,ML2-t128,42,,,,0%,D,,,,,,,N,N,,,,,,
Florida Keys,Molasses Reef,ML2,ML2-t129,42,160,70,60,10%,RC,18,1,Unk,none,none,0,N,N,3,0,2,0,0,0
Florida Keys,Molasses Reef,ML2,ML2-t130,42,,,,,G,,,,,,,N,N,,,,,,
Florida Keys,Molasses Reef,ML2,ML2-t131,42,176,136,82,70%,BC,16,1,Unk,RTL,none,1,Y,N,2,0,3,0,1,0
Florida Keys,Molasses Reef,ML2,ML2-t132,42,195,139,85,25%,BC,16,2,WBD,CB,none,1,Y,N,1,0,2,0,1,0
Florida Keys,Molasses Reef,ML2,ML2-t137,42,6,4,1,90%,EC,1,0,none,none,none,0,N,N,0,0,0,0,0,0
Florida Keys,Molasses Reef,ML2,ML2-t249,42,11,9,7,80%,EC,1,5,Unk,none,none,0,N,N,0,0,0,0,0,0
Florida Keys,Molasses Reef,ML2,ML2-t442,42,8,8,6,60%,EC,1,5,RTL,none,none,2,N,N,0,0,0,0,0,0
Florida Keys,Molasses Reef,ML2,ML2-t443,42,20,12,11,85%,JC,1,0,none,none,none,1,N,N,0,0,0,0,0,0
Florida Keys,Molasses Reef,ML2,ML2-t868,42,45,27,27,25%,RC,3,0,none,none,none,2,N,N,3,0,1,0,0,0
Florida Keys,Molasses Reef,ML2,ML2-t869,42,28,19,13,25%,RC,2,3,RTL,none,none,1,N,N,0,0,0,0,0,0
Florida Keys,Molasses Reef,ML2,ML2-t952,42,42,32,20,85%,BC,1,0,none,none,none,1,N,N,0,0,0,0,0,0
Florida Keys,Molasses Reef,ML2,ML2-t954,42,8,5,6,90%,EC,1,1,Unk,none,none,0,N,N,0,0,0,0,0,0
Florida Keys,Molasses Reef,ML3,ML3-t144,42,156,115,78,70%,BC,4,2,FS,Unk,none,1,N,Y,1,5,2,0,1,0
Florida Keys,Molasses Reef,ML3,ML3-t145,42,214,140,62,35%,BC,18,1,FP,none,none,1,N,Y,3,0,2,0,1,0
Florida Keys,Molasses Reef,ML3,ML3-t146,42,238,190,68,40%,BC,26,2,BL,RTL,none,2,N,N,3,1,4,0,0,0
Florida Keys,Molasses Reef,ML3,ML3-t147,42,205,120,80,30%,BC,23,2,BL,RTL,none,3,N,N,2,4,3,0,1,1
Florida Keys,Molasses Reef,ML3,ML3-t148,42,148,112,85,25%,BC,22,0,none,none,none,0,N,N,3,2,1,0,0,0
Florida Keys,Molasses Reef,ML3,ML3-t150,42,87,75,5,30%,RC,7,4,BL,none,none,4,N,N,0,0,1,0,1,0
Florida Keys,Molasses Reef,ML3,ML3-t184,42,235,206,85,50%,BC,5,2,WBD,FS,none,2,N,N,0,1,1,0,1,0
Florida Keys,Molasses Reef,ML3,ML3-t185,42,40,35,25,1%,RC,1,3,RTL,none,none,0,N,N,0,0,0,0,0,0
Florida Keys,Molasses Reef,ML3,ML3-t186,42,75,60,31,50%,BC,2,3,RTL,none,none,0,N,N,3,2,1,0,0,0
Florida Keys,Molasses Reef,ML3,ML3-t915,42,72,58,46,35%,BC,2,0,none,none,none,2,N,N,1,0,1,0,0,0
Florida Keys,Molasses Reef,ML3,ML3-t955,42,129,81,58,20%,BC,3,3,RTL,BL,none,2,N,N,3,1,1,0,0,0
Florida Keys,Molasses Reef,ML3,ML3-t956,42,19,15,12,95%,JC,1,0,none,none,none,0,N,N,2,0,1,0,0,0
Florida Keys,Sand Island,SI1,SI1-t302,42,152,126,77,80%,BC,5,1,FP,RTL,none,0,N,N,0,0,0,0,1,0
Florida Keys,Sand Island,SI1,SI1-t303,42,12,9,7,95%,EC,1,0,none,none,none,0,N,N,0,0,0,0,0,0
Florida Keys,Sand Island,SI1,SI1-t305,42,17,15,21,99%,JC,1,0,none,none,none,1,N,Y,0,0,0,0,0,0
Florida Keys,Sand Island,SI1,SI1-t307,42,95,71,80,35%,BC,9,2,RTL,none,none,1,N,Y,0,0,0,0,1,0
Florida Keys,Sand Island,SI1,SI1-t308,42,82,52,68,40%,BC,3,1,RTL,none,none,1,N,N,0,0,0,0,1,0
Florida Keys,Sand Island,SI1,SI1-t310,42,,,,0%,D,,,,,,,N,N,,,,,,
Florida Keys,Sand Island,SI1,SI1-t312,42,49,37,30,99%,BC,1,0,none,none,none,2,N,N,0,0,0,0,1,0
Florida Keys,Sand Island,SI1,SI1-t319,42,85,55,85,1%,RC,5,1,RTL,none,none,1,N,N,0,0,0,0,0,0
Florida Keys,Sand Island,SI1,SI1-t332,42,167,143,84,65%,BC,11,2,RTL,FP,none,1,N,N,0,0,0,0,1,0
Florida Keys,Sand Island,SI1,SI1-t403,42,76,47,42,95%,BC,1,2,FS,none,none,1,N,N,0,3,0,0,0,0
Florida Keys,Sand Island,SI1,SI1-t436,42,12,12,6,100%,EC,1,0,none,none,none,0,N,N,0,0,0,0,0,0
Florida Keys,Sand Island,SI1,SI1-t958,42,23,18,12,95%,JC,1,0,none,none,none,1,N,N,0,0,0,0,1,0
Florida Keys,Sand Island,SI1,SI1-t959,42,45,30,30,100%,BC,1,0,none,none,none,4,N,N,0,0,0,0,1,0
Florida Keys,Sand Island,SI2,SI2-t313,42,165,97,129,75%,BC,6,1,RTL,none,none,0,N,Y,0,0,1,0,1,0
Florida Keys,Sand Island,SI2,SI2-t323,42,98,97,65,40%,BC,8,1,FS,FP,none,1,N,N,0,3,1,0,0,0
Florida Keys,Sand Island,SI2,SI2-t324,42,158,102,93,80%,BC,1,2,RTL,FS,none,0,N,N,0,0,1,0,1,0
Florida Keys,Sand Island,SI2,SI2-t326,42,220,100,94,70%,BC,6,1,RTL,FP,none,1,N,N,1,0,2,0,0,0
Florida Keys,Sand Island,SI2,SI2-t330,42,67,47,35,25%,BC,2,2,Unk,FP,none,1,N,N,0,0,0,0,0,0
Florida Keys,Sand Island,SI2,SI2-t331,42,28,22,30,90%,JC,1,1,Unk,none,none,0,N,N,2,0,1,0,0,0
Florida Keys,Sand Island,SI2,SI2-t334,42,227,200,155,60%,BC,16,2,WBD,FP,none,0,N,Y,2,0,3,0,1,2
Florida Keys,Sand Island,SI2,SI2-t399,42,79,56,61,85%,BC,1,1,Unk,none,none,1,N,N,0,0,0,0,1,0
Florida Keys,Sand Island,SI2,SI2-t435,42,78,71,29,100%,BC,1,0,none,none,none,1,N,N,0,0,0,0,1,0
Florida Keys,Sand Island,SI2,SI2-t960,42,109,80,67,85%,BC,1,1,Unk,FP,none,1,N,Y,0,1,0,0,0,1
Florida Keys,Sand Island,SI2,SI2-t961,42,63,45,52,98%,BC,1,2,FP,none,none,1,N,N,0,0,1,0,0,0
Florida Keys,Sand Island,SI2,SI2-t962,42,227,102,70,80%,BC,4,1,RTL,none,none,1,N,N,2,0,1,0,0,0
Florida Keys,Sand Island,SI3,SI3-t315,42,6,4,3,90%,EC,1,0,none,none,none,0,N,N,0,0,0,0,0,0
Florida Keys,Sand Island,SI3,SI3-t316,42,20,16,15,75%,JC,1,5,RTL,FP,none,0,N,N,0,0,0,0,0,0
Florida Keys,Sand Island,SI3,SI3-t317,42,28,22,10,99%,JC,1,0,none,none,none,1,N,N,0,0,0,0,0,0
Florida Keys,Sand Island,SI3,SI3-t338,42,58,40,38,90%,BC,1,0,none,none,none,1,N,N,0,0,0,0,0,0
Florida Keys,Sand Island,SI3,SI3-t340,42,2,2,1,80%,EC,1,0,none,none,none,0,N,N,0,0,0,0,0,0
Florida Keys,Sand Island,SI3,SI3-t341,42,133,102,94,65%,BC,4,3,RTL,FS,WPx,1,N,N,0,10,0,0,2,2
Florida Keys,Sand Island,SI3,SI3-t345,42,8,6,5,100%,EC,1,0,none,none,none,0,N,N,0,0,0,0,0,0
Florida Keys,Sand Island,SI3,SI3-t346,42,37,25,33,90%,JC,1,3,RTL,none,none,0,N,N,0,0,0,0,0,0
Florida Keys,Sand Island,SI3,SI3-t964,42,80,35,50,2%,RC,3,0,none,none,none,0,N,N,0,0,0,0,0,0
Florida Keys,Carysfort Reef,CF1,CF1-t024,43,9,4,1,65%,EC,3,0,none,none,none,0,N,N,0,0,0,0,0,0
Florida Keys,Carysfort Reef,CF1,CF1-t428,43,7,6,4,10%,SF,1,3,FS,none,none,0,N,N,0,0,0,0,0,0
Florida Keys,Carysfort Reef,CF2,CF2-t038,43,,,,0%,D,,,,,,,N,N,,,,,,
Florida Keys,Carysfort Reef,CF2,CF2-t040,43,,,,0%,D,,,,,,,N,N,,,,,,
Florida Keys,Carysfort Reef,CF2,CF2-t042,43,185,125,75,10%,RC,11,1,FS,none,none,0,N,N,0,10,1,0,1,0
Florida Keys,Carysfort Reef,CF2,CF2-t043,43,163,120,55,5%,RC,2,1,FS,none,none,0,N,N,0,3,0,0,0,1
Florida Keys,Carysfort Reef,CF2,CF2-t045,43,,,,0%,D,,,,,,,N,N,,,,,,
Florida Keys,Carysfort Reef,CF2,CF2-t047,43,,,,0%,D,,,,,,,N,N,,,,,,
Florida Keys,Carysfort Reef,CF2,CF2-t048,43,,,,0%,D,,,,,,,N,N,,,,,,
Florida Keys,Carysfort Reef,CF2,CF2-t049,43,,,,0%,D,,,,,,,N,N,,,,,,
Florida Keys,Carysfort Reef,CF2,CF2-t228,43,,,,0%,D,,,,,,,N,N,,,,,,
Florida Keys,Carysfort Reef,CF2,CF2-t426,43,90,65,70,20%,BC,5,0,none,none,none,0,N,N,0,0,1,0,0,0
Florida Keys,Carysfort Reef,CF2,CF2-t427,43,134,81,75,5%,RC,8,2,FS,none,none,0,N,N,0,4,0,0,0,0
Florida Keys,Carysfort Reef,CF2,CF2-t948,43,,,,0%,D,,,,,,,N,N,,,,,,
Florida Keys,Carysfort Reef,CF3,CF3-t088,43,260,140,98,25%,BC,18,1,RTL,none,none,0,N,N,2,0,5,0,0,0
Florida Keys,Carysfort Reef,CF3,CF3-t090,43,143,98,65,20%,BC,4,1,Unk,none,none,0,N,N,1,0,2,0,0,0
Florida Keys,Carysfort Reef,CF3,CF3-t092,43,190,103,75,35%,BC,38,2,RTL,CL,none,0,N,N,3,0,3,0,0,0
Florida Keys,Carysfort Reef,CF3,CF3-t095,43,19,10,11,100%,JC,1,0,none,none,none,0,N,N,0,0,0,0,0,0
Florida Keys,Carysfort Reef,CF3,CF3-t391,43,,,,0%,D,,,,,,,N,N,,,,,,
Florida Keys,Carysfort Reef,CF3,CF3-t409,43,,,,0%,D,,,,,,,N,N,,,,,,
Florida Keys,Carysfort Reef,CF3,CF3-t410,43,26,22,16,40%,RC,1,4,FS,none,none,0,N,N,0,4,2,0,0,0
Florida Keys,Carysfort Reef,CF3,CF3-t411,43,158,134,70,20%,BC,5,1,RTL,none,none,0,N,N,1,9,2,0,0,0
Florida Keys,Carysfort Reef,CF3,CF3-t425,43,70,55,20,5%,SF,1,2,FS,none,none,0,N,N,0,2,2,0,0,0
Florida Keys,Carysfort Reef,CF3,CF3-t902,43,,,,0%,D,,,,,,,N,N,,,,,,
Florida Keys,Carysfort Reef,CF4,CF4-t812,43,10,8,6,100%,JC,1,0,none,none,none,0,N,N,0,0,0,0,0,0
Florida Keys,Carysfort Reef,CF4,CF4-t814,43,1,1,1,100%,EC,1,0,none,none,none,0,N,N,0,0,0,0,0,0
Florida Keys,Elbow Reef,EL1,EL1-t051,43,177,109,110,40%,BC,22,1,FS,none,none,0,N,N,3,5,1,0,2,2
Florida Keys,Elbow Reef,EL1,EL1-t052,43,265,230,102,60%,BC,23,1,FP,none,none,0,N,N,2,1,2,0,2,0
Florida Keys,Elbow Reef,EL1,EL1-t054,43,138,97,75,60%,BC,6,0,none,none,none,0,N,Y,2,0,1,0,1,0
Florida Keys,Elbow Reef,EL1,EL1-t055,43,223,174,81,55%,BC,9,1,CL,none,none,0,N,Y,2,0,3,1,0,2
Florida Keys,Elbow Reef,EL1,EL1-t056,43,115,78,60,65%,BC,4,1,RTL,none,none,0,N,Y,1,0,1,0,1,0
Florida Keys,Elbow Reef,EL1,EL1-t059,43,31,26,20,2%,EC,2,1,RTL,CB,none,0,N,N,0,0,0,0,0,0
Florida Keys,Elbow Reef,EL1,EL1-t060,43,129,108,71,60%,BC,8,1,FP,none,none,0,N,N,0,0,1,0,0,0
Florida Keys,Elbow Reef,EL1,EL1-t232,43,91,60,60,90%,BC,1,2,FS,RTL,none,0,N,N,0,2,0,0,0,2
Florida Keys,Elbow Reef,EL1,EL1-t441,43,71,45,35,95%,BC,1,0,none,none,none,0,N,N,0,0,0,0,0,0
Florida Keys,Elbow Reef,EL1,EL1-t977,43,109,86,80,65%,BC,8,1,FS,none,none,0,N,N,1,1,2,0,1,1
Florida Keys,Elbow Reef,EL1,EL1-t978,43,88,43,42,99%,BC,1,0,none,none,none,0,N,N,0,0,1,0,0,0
Florida Keys,Elbow Reef,EL1,EL1-t979,43,162,115,71,80%,BC,1,0,none,none,none,0,N,N,0,1,0,0,0,0
Florida Keys,Elbow Reef,EL2,EL2-t065,43,10,8,1,80%,EC,3,0,none,none,none,0,N,N,0,0,1,0,1,1
Florida Keys,Elbow Reef,EL2,EL2-t066,43,155,109,80,40%,BC,21,2,RTL,WPx,CB,0,N,N,1,0,1,0,2,0
Florida Keys,Elbow Reef,EL2,EL2-t067,43,28,19,24,5%,RC,2,0,none,none,none,0,N,N,0,0,0,0,0,0
Florida Keys,Elbow Reef,EL2,EL2-t072,43,73,59,43,65%,BC,8,2,RTL,none,none,0,N,N,0,0,0,1,0,0
Florida Keys,Elbow Reef,EL2,EL2-t073,43,132,130,65,40%,BC,28,1,FS,none,none,0,N,N,0,2,0,0,1,0
Florida Keys,Elbow Reef,EL2,EL2-t246,43,14,8,8,30%,RC,2,0,none,none,none,0,N,N,0,0,0,0,0,0
Florida Keys,Elbow Reef,EL2,EL2-t247,43,40,18,25,65%,BC,3,0,none,none,none,0,N,N,0,0,0,0,0,0
Florida Keys,Elbow Reef,EL2,EL2-t437,43,15,8,4,90%,EC,1,0,none,none,none,0,N,N,0,0,0,0,0,0
Florida Keys,Elbow Reef,EL2,EL2-t438,43,,,,0%,D,,,,,,,N,N,,,,,,
Florida Keys,Elbow Reef,EL2,EL2-t439,43,54,34,26,80%,BC,1,0,none,none,none,0,N,N,0,0,0,0,0,0
Florida Keys,Elbow Reef,EL2,EL2-t440,43,58,27,14,80%,BC,1,0,none,none,none,0,N,N,0,0,0,0,0,0
Florida Keys,Elbow Reef,EL2,EL2-t913,43,250,150,92,45%,BC,16,0,none,none,none,0,N,N,0,0,0,0,1,3
Florida Keys,Elbow Reef,EL3,EL3-t076,43,80,65,60,10%,RC,4,0,none,none,none,0,N,N,0,0,0,0,1,0
Florida Keys,Elbow Reef,EL3,EL3-t077,43,68,28,25,30%,BC,3,1,CL,none,none,0,N,N,0,0,0,0,0,1
Florida Keys,Elbow Reef,EL3,EL3-t078,43,,,,0%,D,,,,,,,N,N,,,,,,
Florida Keys,Elbow Reef,EL3,EL3-t079,43,43,16,15,10%,RC,2,1,Unk,none,none,0,N,N,0,0,0,0,0,0
Florida Keys,Elbow Reef,EL3,EL3-t083,43,112,94,75,35%,BC,14,0,none,none,none,0,N,N,0,0,0,0,0,0
Florida Keys,Elbow Reef,EL3,EL3-t086,43,201,115,73,40%,BC,13,1,FS,none,none,0,N,N,0,6,0,0,1,0
Florida Keys,Elbow Reef,EL3,EL3-t432,43,20,14,15,80%,JC,1,0,none,none,none,0,N,N,0,1,0,0,0,0
Florida Keys,Elbow Reef,EL3,EL3-t433,43,26,12,8,30%,EC,1,2,RTL,none,none,0,N,N,0,0,0,0,0,0
Florida Keys,Elbow Reef,EL3,EL3-t434,43,12,8,9,100%,JC,1,0,none,none,none,0,N,N,0,0,0,0,0,0
Florida Keys,Elbow Reef,EL3,EL3-t451,43,,,,0%,D,,,,,,,N,N,,,,,,
Florida Keys,Elbow Reef,EL3,EL3-t911,43,107,72,60,75%,BC,1,1,FS,none,none,0,N,Y,0,3,0,0,0,0
Florida Keys,Elbow Reef,EL3,EL3-t933,43,107,68,63,40%,BC,8,1,FS,none,none,0,N,N,0,0,0,0,0,0
Florida Keys,Elbow Reef,EL4,EL4-t153,43,187,144,87,45%,BC,17,0,none,none,none,0,N,N,0,2,0,0,0,0
Florida Keys,Elbow Reef,EL4,EL4-t154,43,160,156,102,40%,BC,44,0,none,none,none,1,N,N,0,0,0,0,0,0
Florida Keys,Elbow Reef,EL4,EL4-t158,43,92,33,32,75%,BC,5,0,none,none,none,0,N,N,0,0,0,0,0,0
Florida Keys,Elbow Reef,EL4,EL4-t168,43,196,167,95,70%,BC,6,1,FS,none,none,0,N,N,0,2,0,0,0,0
Florida Keys,Elbow Reef,EL4,EL4-t416,43,13,6,12,95%,JC,1,0,none,none,none,0,N,N,0,0,0,0,0,0
Florida Keys,Elbow Reef,EL4,EL4-t417,43,10,4,5,100%,JC,1,0,none,none,none,0,N,N,0,0,0,0,0,0
Florida Keys,Elbow Reef,EL4,EL4-t418,43,92,70,34,35%,AF,2,0,none,none,none,0,N,N,0,1,0,0,0,0
Florida Keys,Elbow Reef,EL4,EL4-t420,43,6,5,1,100%,EC,1,0,none,none,none,0,N,N,0,0,0,0,0,0
Florida Keys,Elbow Reef,EL4,EL4-t935,43,11,9,1,85%,EC,1,0,none,none,none,1,N,N,0,0,0,0,0,0
Florida Keys,Elbow Reef,EL5,EL5-t177,43,58,38,52,20%,RC,2,0,none,none,none,0,N,N,0,0,0,0,0,0
Florida Keys,Elbow Reef,EL5,EL5-t180,43,172,126,80,40%,BC,14,0,none,none,none,1,N,N,0,0,0,0,1,0
Florida Keys,Elbow Reef,EL5,EL5-t183,43,26,23,19,70%,RC,1,1,Unk,none,none,0,N,N,0,0,0,0,0,0
Florida Keys,Elbow Reef,EL5,EL5-t460,43,100,90,12,10%,RC,3,0,none,none,none,0,N,N,0,3,0,0,0,0
Florida Keys,French Reef,FR1,FR1-t002,43,95,79,59,50%,BC,5,2,RTL,WPx,none,0,N,N,0,1,0,0,0,1
Florida Keys,French Reef,FR1,FR1-t003,43,39,26,26,90%,JC,1,0,none,none,none,0,N,N,0,0,1,0,0,0
Florida Keys,French Reef,FR1,FR1-t004,43,72,59,62,20%,RC,3,1,CB,none,none,0,N,N,1,0,1,0,0,0
Florida Keys,French Reef,FR1,FR1-t005,43,158,129,75,60%,BC,6,0,none,none,none,0,N,N,2,0,3,0,0,1
Florida Keys,French Reef,FR1,FR1-t006,43,177,115,72,40%,BC,18,1,FS,Unk,none,0,N,N,2,1,2,0,1,0
Florida Keys,French Reef,FR1,FR1-t007,43,22,14,11,50%,RC,2,0,none,none,none,0,N,N,0,0,2,0,0,0
Florida Keys,French Reef,FR1,FR1-t008,43,38,30,38,95%,JC,1,0,none,none,none,0,N,N,2,0,1,0,0,0
Florida Keys,French Reef,FR1,FR1-t009,43,163,123,75,30%,BC,7,1,FP,none,none,1,N,N,2,0,4,0,1,0
Florida Keys,French Reef,FR1,FR1-t010,43,65,50,37,30%,RC,11,0,none,none,none,0,N,N,0,0,0,0,0,0
Florida Keys,French Reef,FR1,FR1-t860,43,15,13,6,80%,EC,1,0,none,none,none,0,N,N,0,0,0,0,0,0
Florida Keys,French Reef,FR1,FR1-t861,43,72,44,57,75%,BC,1,0,none,none,none,0,N,N,0,0,2,0,0,0
Florida Keys,French Reef,FR1,FR1-t976,43,11,7,8,80%,JC,1,0,none,none,none,0,N,N,0,0,1,0,0,0
Florida Keys,French Reef,FR2,FR2-t236,43,10,6,2,25%,EC,2,0,none,none,none,0,N,N,0,0,0,0,0,0
Florida Keys,French Reef,FR2,FR2-t250,43,100,65,50,5%,RC,5,0,none,none,none,0,N,N,0,0,1,0,1,3
Florida Keys,French Reef,FR2,FR2-t251,43,82,62,78,98%,BC,1,0,none,none,none,0,N,N,0,0,0,0,0,0
Florida Keys,French Reef,FR2,FR2-t255,43,31,15,26,40%,RC,6,0,none,none,none,0,N,N,0,0,1,0,0,0
Florida Keys,French Reef,FR2,FR2-t256,43,30,28,28,100%,JC,1,0,none,none,none,0,N,N,0,0,0,0,0,0
Florida Keys,French Reef,FR2,FR2-t258,43,2,1,2,100%,EC,1,0,none,none,none,0,N,N,0,0,0,0,0,0
Florida Keys,French Reef,FR2,FR2-t259,43,29,18,28,50%,RC,8,0,none,none,none,0,N,N,0,0,0,0,0,0
Florida Keys,French Reef,FR2,FR2-t260,43,33,31,40,99%,JC,1,0,none,none,none,0,N,N,0,0,0,0,0,0
Florida Keys,French Reef,FR2,FR2-t261,43,90,50,50,1%,BC,2,0,none,none,none,0,N,N,0,0,0,0,0,0
Florida Keys,French Reef,FR2,FR2-t262,43,,,,0%,D,,,,,,,N,N,,,,,,
Florida Keys,French Reef,FR2,FR2-t447,43,16,17,16,1%,RC,1,5,RTL,none,none,0,N,N,0,0,0,0,0,0
Florida Keys,French Reef,FR2,FR2-t982,43,,,,0%,D,,,,,,,N,N,,,,,,
Florida Keys,French Reef,FR3,FR3-t444,43,30,25,10,40%,RC,2,0,none,none,none,0,N,N,0,0,0,0,0,0
Florida Keys,French Reef,FR3,FR3-t445,43,,,,,G,,,,,,,N,N,,,,,,
Florida Keys,French Reef,FR3,FR3-t446,43,50,45,28,35%,BC,3,1,FS,none,none,0,N,N,0,0,1,0,0,0
Florida Keys,French Reef,FR3,FR3-t818,43,15,11,11,75%,JC,1,0,none,none,none,0,N,N,0,0,0,0,0,0
Florida Keys,French Reef,FR3,FR3-t820,43,150,97,75,10%,RC,19,1,CB,none,none,0,N,N,0,0,1,0,0,0
Florida Keys,French Reef,FR3,FR3-t822,43,2,1,1,100%,EC,1,0,none,none,none,0,N,N,0,0,0,0,0,0
Florida Keys,French Reef,FR3,FR3-t824,43,13,7,5,100%,JC,1,0,none,none,none,0,N,N,0,0,0,0,0,0
Florida Keys,French Reef,FR3,FR3-t825,43,56,43,43,5%,RC,3,2,RTL,CB,none,0,N,N,0,0,1,0,0,0
Florida Keys,French Reef,FR3,FR3-t862,43,92,71,44,50%,BC,6,0,none,none,none,0,N,N,0,0,1,0,1,0
Florida Keys,French Reef,FR3,FR3-t863,43,106,68,60,10%,RC,9,1,FP,Unk,none,0,N,N,0,1,0,0,1,0
Florida Keys,French Reef,FR3,FR3-t864,43,19,12,7,95%,JC,1,5,Unk,none,none,0,N,N,0,0,0,0,0,0
Florida Keys,French Reef,FR3,FR3-t866,43,11,9,10,100%,JC,1,0,none,none,none,0,N,N,0,0,0,0,0,0
Florida Keys,Grecian Rocks,GR1,GR1-t413,43,,,,0%,D,,,,,,,N,N,,,,,,
Florida Keys,Grecian Rocks,GR1,GR1-t448,43,,,,0%,D,,,,,,,N,N,,,,,,
Florida Keys,Grecian Rocks,GR1,GR1-t463,43,,,,0%,D,,,,,,,N,N,,,,,,
Florida Keys,Grecian Rocks,GR1,GR1-t469,43,11,9,2,100%,EC,1,0,none,none,none,0,,,0,0,,,,
Florida Keys,Grecian Rocks,GR1,GR1-t827,43,,,,0%,D,,,,,,,N,N,,,,,,
Florida Keys,Grecian Rocks,GR1,GR1-t828,43,,,,0%,D,,,,,,,N,N,,,,,,
Florida Keys,Grecian Rocks,GR1,GR1-t830,43,,,,0%,D,,,,,,,N,N,,,,,,
Florida Keys,Grecian Rocks,GR1,GR1-t832,43,,,,0%,D,,,,,,,N,N,,,,,,
Florida Keys,Grecian Rocks,GR1,GR1-t833,43,100,80,45,0%,D,,1,FS,none,none,,N,N,,8,,,,
Florida Keys,Grecian Rocks,GR1,GR1-t835,43,,,,0%,D,,,,,,,N,N,,,,,,
Florida Keys,Grecian Rocks,GR1,GR1-t836,43,,,,0%,D,,,,,,,N,N,,,,,,
Florida Keys,Grecian Rocks,GR1,GR1-t890,43,,,,0%,D,,,,,,,N,N,,,,,,
Florida Keys,Grecian Rocks,GR1,GR1-t891,43,,,,0%,D,,,,,,,N,N,,,,,,
Florida Keys,Grecian Rocks,GR2,GR2-t415,43,,,,0%,D,,,,,,,N,N,,,,,,
Florida Keys,Grecian Rocks,GR2,GR2-t429,43,40,35,15,1%,RC,1,0,none,none,none,0,N,N,0,0,0,0,0,0
Florida Keys,Grecian Rocks,GR2,GR2-t430,43,9,8,8,10%,RC,3,1,CB,none,none,0,N,N,0,0,0,0,0,0
Florida Keys,Grecian Rocks,GR2,GR2-t431,43,17,7,10,90%,JC,1,0,none,none,none,0,N,N,0,0,0,0,0,0
Florida Keys,Grecian Rocks,GR2,GR2-t840,43,85,53,55,5%,RC,12,0,none,none,none,0,N,N,0,0,0,0,0,0
Florida Keys,Grecian Rocks,GR2,GR2-t841,43,125,115,75,10%,RC,14,1,RTL,CB,none,0,N,N,0,1,0,0,0,0
Florida Keys,Grecian Rocks,GR2,GR2-t844,43,65,42,52,10%,RC,10,2,RTL,CB,none,1,N,N,0,0,0,0,0,0
Florida Keys,Grecian Rocks,GR2,GR2-t846,43,157,80,85,10%,RC,6,0,none,none,none,0,N,N,0,0,0,0,1,0
Florida Keys,Grecian Rocks,GR2,GR2-t847,43,57,35,25,55%,RC,6,1,RTL,none,none,0,N,N,0,0,0,0,0,0
Florida Keys,Grecian Rocks,GR2,GR2-t850,43,118,72,75,1%,RC,2,0,none,none,none,0,N,N,0,0,0,0,0,0
Florida Keys,Grecian Rocks,GR2,GR2-t885,43,140,85,55,1%,RC,3,0,none,none,none,0,N,N,0,0,0,0,0,0
Florida Keys,Grecian Rocks,GR2,GR2-t886,43,18,10,6,20%,EC,2,0,none,none,none,0,N,N,0,0,0,0,0,0
Florida Keys,Grecian Rocks,GR3,GR3-t397,43,50,43,35,2%,RC,2,0,none,none,none,0,N,N,0,0,0,0,0,0
Florida Keys,Grecian Rocks,GR3,GR3-t398,43,55,40,48,45%,BC,4,0,none,none,none,0,N,N,0,0,0,0,1,0
Florida Keys,Grecian Rocks,GR3,GR3-t412,43,20,16,10,100%,JC,1,0,none,none,none,0,N,N,0,0,0,0,0,0
Florida Keys,Grecian Rocks,GR3,GR3-t870,43,41,16,30,20%,RC,6,0,none,none,none,0,N,N,0,0,0,0,0,0
Florida Keys,Grecian Rocks,GR3,GR3-t871,43,28,19,20,90%,JC,1,0,none,none,none,0,N,N,0,0,0,0,0,0
Florida Keys,Grecian Rocks,GR3,GR3-t872,43,20,13,12,99%,JC,1,0,none,none,none,0,N,N,0,0,0,0,0,0
Florida Keys,Grecian Rocks,GR3,GR3-t873,43,51,32,30,5%,RC,3,2,FS,none,none,0,N,N,0,2,0,0,0,0
Florida Keys,Grecian Rocks,GR3,GR3-t874,43,10,8,3,100%,EC,1,0,none,none,none,0,N,N,0,0,0,0,0,0
Florida Keys,Grecian Rocks,GR3,GR3-t875,43,,,,0%,D,,,,,,,N,N,,,,,,
Florida Keys,Grecian Rocks,GR3,GR3-t876,43,110,45,40,1%,RC,2,0,none,none,none,0,N,N,0,0,0,0,0,0
Florida Keys,Grecian Rocks,GR3,GR3-t877,43,90,57,45,10%,RC,8,1,FS,none,none,0,N,N,0,4,0,0,0,0
Florida Keys,Grecian Rocks,GR3,GR3-t881,43,37,19,17,20%,RC,2,0,none,none,none,0,N,N,0,0,0,0,0,0
Florida Keys,Key Largo Dry Rocks,KL1,KL1-t104,43,,,,0%,D,,,,,,,N,N,,,,,,
Florida Keys,Key Largo Dry Rocks,KL1,KL1-t105,43,55,51,40,45%,RC,5,1,FS,none,none,0,N,N,0,1,0,0,0,0
Florida Keys,Key Largo Dry Rocks,KL1,KL1-t106,43,9,6,3,95%,JC,1,0,none,none,none,0,N,N,0,0,0,0,0,0
Florida Keys,Key Largo Dry Rocks,KL1,KL1-t107,43,5,4,1,80%,EC,1,0,none,none,none,0,N,N,0,0,0,0,0,0
Florida Keys,Key Largo Dry Rocks,KL1,KL1-t108,43,4,3,2,100%,EC,1,0,none,none,none,0,N,N,0,0,0,0,0,0
Florida Keys,Key Largo Dry Rocks,KL1,KL1-t110,43,170,90,70,1%,RC,4,0,none,none,none,0,N,N,0,0,0,0,0,0
Florida Keys,Key Largo Dry Rocks,KL1,KL1-t374,43,8,5,5,100%,JC,1,0,none,none,none,0,N,N,0,0,0,0,0,0
Florida Keys,Key Largo Dry Rocks,KL1,KL1-t388,43,9,8,4,100%,JC,1,0,none,none,none,0,N,N,0,0,0,0,0,0
Florida Keys,Key Largo Dry Rocks,KL1,KL1-t449,43,,,,0%,D,,,,,,,N,N,,,,,,
Florida Keys,Key Largo Dry Rocks,KL3,KL3-t215,43,10,7,8,100%,JC,1,0,none,none,none,0,N,N,0,0,0,0,0,0
Florida Keys,Key Largo Dry Rocks,KL3,KL3-t217,43,19,9,8,100%,JC,1,0,none,none,none,0,N,N,0,0,0,0,0,0
Florida Keys,Key Largo Dry Rocks,KL3,KL3-t220,43,25,17,15,90%,JC,1,4,FS,none,none,0,N,N,0,2,0,0,0,0
Florida Keys,Key Largo Dry Rocks,KL3,KL3-t372,43,8,6,6,100%,JC,1,0,none,none,none,0,N,N,0,0,0,0,0,0
Florida Keys,Key Largo Dry Rocks,KL3,KL3-t401,43,8,8,11,100%,JC,1,0,none,none,none,0,N,N,0,0,0,0,0,0
Florida Keys,Key Largo Dry Rocks,KL3,KL3-t402,43,5,4,2,80%,EC,1,0,none,none,none,0,N,N,0,0,1,0,0,0
Florida Keys,Key Largo Dry Rocks,KL3,KL3-t897,43,14,12,20,100%,JC,1,0,none,none,none,0,N,N,0,0,0,0,0,0
Florida Keys,Key Largo Dry Rocks,KL3,KL3-t898,43,17,12,8,80%,JC,1,5,FS,none,none,0,N,N,0,2,0,0,0,0
Florida Keys,Key Largo Dry Rocks,KL3,KL3-t899,43,29,22,28,100%,JC,1,0,none,none,none,0,N,N,0,0,0,0,0,0
Florida Keys,Key Largo Dry Rocks,KL3,KL3-t966,43,30,21,24,85%,JC,1,0,none,none,none,0,N,N,0,0,0,0,0,0
Florida Keys,Key Largo Dry Rocks,KL3,KL3-t968,43,30,26,28,80%,JC,1,5,FS,none,none,1,N,N,0,3,0,0,0,0
Florida Keys,Key Largo Dry Rocks,KL3,KL3-t969,43,38,36,34,99%,JC,1,0,none,none,none,0,N,N,0,0,0,0,0,0
Florida Keys,Key Largo Dry Rocks,KL4,KL4-t851,43,,,,0%,D,,,,,,,N,N,,,,,,
Florida Keys,Key Largo Dry Rocks,KL4,KL4-t852,43,,,,0%,D,,,,,,,N,N,,,,,,
Florida Keys,Key Largo Dry Rocks,KL4,KL4-t853,43,205,120,82,70%,BC,4,1,FS,none,none,0,N,N,0,14,0,0,1,0
Florida Keys,Key Largo Dry Rocks,KL4,KL4-t856,43,,,,0%,D,,,,,,,N,N,,,,,,
Florida Keys,Key Largo Dry Rocks,KL4,KL4-t858,43,18,10,10,0%,D,,3,FS,none,none,,N,N,,3,,,,
Florida Keys,Key Largo Dry Rocks,KL4,KL4-t893,43,86,65,30,40%,BC,16,1,FS,none,none,0,N,N,0,5,0,0,1,0
Florida Keys,Molasses Reef,ML1,ML1-t013,43,187,130,85,70%,BC,18,0,none,none,none,0,N,N,0,0,1,0,1,3
Florida Keys,Molasses Reef,ML1,ML1-t015,43,42,41,35,20%,RC,9,0,none,none,none,0,N,N,0,0,0,0,0,1
Florida Keys,Molasses Reef,ML1,ML1-t016,43,142,111,73,75%,BC,5,1,FS,FP,Unk,1,N,N,1,5,1,1,2,2
Florida Keys,Molasses Reef,ML1,ML1-t017,43,37,28,31,80%,JC,2,1,FP,none,none,0,N,N,0,0,0,0,0,0
Florida Keys,Molasses Reef,ML1,ML1-t018,43,111,71,44,90%,BC,1,1,WPx,none,none,0,N,N,1,0,1,0,0,0
Florida Keys,Molasses Reef,ML1,ML1-t020,43,180,160,100,2%,RC,9,1,Unk,none,none,0,N,N,0,0,0,0,0,0
Florida Keys,Molasses Reef,ML1,ML1-t404,43,6,4,2,100%,EC,1,0,none,none,none,0,N,N,0,0,0,0,0,0
Florida Keys,Molasses Reef,ML1,ML1-t882,43,40,23,22,5%,RC,1,0,none,none,none,0,N,N,0,0,0,0,0,0
Florida Keys,Molasses Reef,ML2,ML2-t126,43,182,100,97,45%,BC,16,1,FS,none,none,0,N,N,3,3,4,0,2,0
Florida Keys,Molasses Reef,ML2,ML2-t129,43,59,55,34,15%,RC,8,0,FS,none,none,0,Y,N,0,1,2,0,0,0
Florida Keys,Molasses Reef,ML2,ML2-t131,43,176,138,82,75%,BC,14,1,FP,none,none,0,N,N,2,2,2,0,1,0
Florida Keys,Molasses Reef,ML2,ML2-t132,43,195,142,85,20%,BC,17,1,CB,none,none,0,Y,N,1,0,1,0,1,0
Florida Keys,Molasses Reef,ML2,ML2-t137,43,,,,0%,D,,,,,,,N,N,,,,,,
Florida Keys,Molasses Reef,ML2,ML2-t249,43,10,9,6,95%,EC,1,0,none,none,none,0,N,N,0,0,0,0,0,0
Florida Keys,Molasses Reef,ML2,ML2-t442,43,3,2,2,100%,EC,1,0,none,none,none,0,N,N,0,0,0,0,0,0
Florida Keys,Molasses Reef,ML2,ML2-t443,43,19,13,10,80%,JC,1,0,none,none,none,0,Y,N,0,0,0,0,0,0
Florida Keys,Molasses Reef,ML2,ML2-t868,43,47,28,25,25%,RC,2,0,none,none,none,1,N,N,3,0,1,0,0,0
Florida Keys,Molasses Reef,ML2,ML2-t869,43,29,18,16,20%,RC,3,0,none,none,none,2,N,N,0,0,0,0,0,0
Florida Keys,Molasses Reef,ML2,ML2-t952,43,44,33,22,85%,BC,1,1,FS,none,none,0,N,N,0,0,1,0,0,0
Florida Keys,Molasses Reef,ML2,ML2-t954,43,8,6,5,90%,EC,1,0,none,none,none,0,N,N,0,0,0,0,0,0
Florida Keys,Molasses Reef,ML3,ML3-t144,43,158,115,77,70%,BC,5,2,FS,FP,none,0,N,N,1,15,1,0,1,0
Florida Keys,Molasses Reef,ML3,ML3-t145,43,214,115,63,25%,BC,16,1,CL,none,none,0,N,N,2,0,3,0,2,0
Florida Keys,Molasses Reef,ML3,ML3-t146,43,240,185,68,35%,BC,21,1,FS,CL,none,0,N,N,2,5,2,0,1,0
Florida Keys,Molasses Reef,ML3,ML3-t147,43,208,118,80,20%,BC,13,1,FS,CL,none,0,N,N,1,7,3,0,1,0
Florida Keys,Molasses Reef,ML3,ML3-t148,43,143,110,84,25%,BC,18,1,FS,Unk,none,0,N,N,3,2,1,0,0,0
Florida Keys,Molasses Reef,ML3,ML3-t150,43,87,75,45,15%,RC,3,1,Unk,none,none,0,N,N,0,0,0,1,0,0
Florida Keys,Molasses Reef,ML3,ML3-t184,43,236,207,85,50%,BC,4,1,FS,FP,Unk,0,N,N,2,5,1,0,1,0
Florida Keys,Molasses Reef,ML3,ML3-t185,43,,,,0%,D,,,,,,,N,N,,,,,,
Florida Keys,Molasses Reef,ML3,ML3-t186,43,74,56,30,5%,RC,1,2,RTL,CB,none,0,N,N,0,0,1,0,0,0
Florida Keys,Molasses Reef,ML3,ML3-t915,43,68,58,47,35%,BC,2,0,none,none,none,0,N,N,0,0,1,0,0,0
Florida Keys,Molasses Reef,ML3,ML3-t955,43,132,82,58,20%,BC,16,0,none,none,none,0,N,N,3,0,1,0,0,0
Florida Keys,Molasses Reef,ML3,ML3-t956,43,21,15,10,99%,JC,1,0,none,none,none,0,N,N,0,0,0,0,0,0
Florida Keys,Sand Island,SI1,SI1-t302,43,157,127,78,80%,BC,3,1,PFB,none,none,0,N,N,0,1,0,0,0,0
Florida Keys,Sand Island,SI1,SI1-t303,43,11,9,7,95%,EC,1,0,none,none,none,0,N,N,0,0,0,0,0,0
Florida Keys,Sand Island,SI1,SI1-t305,43,14,12,18,30%,RC,1,0,none,none,none,0,N,N,0,0,0,0,0,0
Florida Keys,Sand Island,SI1,SI1-t307,43,98,71,78,35%,BC,12,0,none,none,none,0,N,N,0,0,0,0,1,0
Florida Keys,Sand Island,SI1,SI1-t308,43,76,55,68,35%,RC,3,0,none,none,none,0,N,N,0,0,0,0,1,0
Florida Keys,Sand Island,SI1,SI1-t312,43,55,40,30,99%,BC,1,5,PFB,none,none,0,N,N,0,0,0,0,1,0
Florida Keys,Sand Island,SI1,SI1-t319,43,1,1,1,100%,EC,1,0,none,none,none,0,N,N,0,0,0,0,0,0
Florida Keys,Sand Island,SI1,SI1-t332,43,168,148,85,70%,BC,11,2,WBD,none,none,0,N,N,0,0,0,0,0,0
Florida Keys,Sand Island,SI1,SI1-t403,43,82,48,43,95%,BC,1,1,pfb,FS,none,0,N,N,0,1,0,0,0,0
Florida Keys,Sand Island,SI1,SI1-t436,43,12,11,6,100%,EC,1,0,none,none,none,0,N,N,0,0,0,0,0,0
Florida Keys,Sand Island,SI1,SI1-t958,43,24,18,14,95%,JC,1,3,PFB,FS,none,0,N,N,0,1,0,0,1,0
Florida Keys,Sand Island,SI1,SI1-t959,43,46,35,31,100%,BC,1,0,none,none,none,0,N,N,0,0,0,0,0,0
Florida Keys,Sand Island,SI2,SI2-t313,43,165,100,131,75%,BC,7,1,Oth,none,none,0,N,N,0,0,0,0,1,0
Florida Keys,Sand Island,SI2,SI2-t323,43,100,95,65,30%,BC,8,2,FS,RTL,none,0,N,Y,1,3,1,0,1,0
Florida Keys,Sand Island,SI2,SI2-t324,43,160,103,97,80%,BC,1,1,Unk,none,none,0,N,N,0,0,1,0,0,0
Florida Keys,Sand Island,SI2,SI2-t326,43,222,98,95,70%,BC,5,1,FS,none,none,1,N,Y,2,0,2,0,1,0
Florida Keys,Sand Island,SI2,SI2-t330,43,35,32,28,20%,RC,1,0,none,none,none,0,N,N,0,0,0,0,1,0
Florida Keys,Sand Island,SI2,SI2-t331,43,27,20,24,85%,JC,1,0,none,none,none,0,N,N,2,0,1,0,0,0
Florida Keys,Sand Island,SI2,SI2-t334,43,232,202,155,55%,BC,24,2,WBD,CB,none,0,N,Y,2,0,3,0,1,2
Florida Keys,Sand Island,SI2,SI2-t399,43,80,60,65,85%,BC,1,0,none,none,none,0,N,N,0,0,1,0,1,0
Florida Keys,Sand Island,SI2,SI2-t435,43,78,70,35,100%,BC,1,0,none,none,none,0,N,N,0,0,0,0,0,0
Florida Keys,Sand Island,SI2,SI2-t960,43,109,80,70,90%,BC,1,0,none,none,none,0,N,Y,0,0,1,0,1,0
Florida Keys,Sand Island,SI2,SI2-t961,43,62,46,47,100%,BC,1,0,none,none,none,0,N,N,1,0,1,0,0,0
Florida Keys,Sand Island,SI2,SI2-t962,43,225,104,72,80%,BC,5,1,Oth,none,none,0,N,Y,1,0,1,0,1,0
Florida Keys,Sand Island,SI3,SI3-t315,43,5,3,3,95%,EC,1,0,none,none,none,0,N,N,0,0,0,0,0,0
Florida Keys,Sand Island,SI3,SI3-t316,43,20,14,15,30%,RC,3,0,none,none,none,0,N,N,0,0,0,0,0,0
Florida Keys,Sand Island,SI3,SI3-t317,43,29,17,12,100%,JC,1,0,none,none,none,0,N,N,0,1,0,0,0,0
Florida Keys,Sand Island,SI3,SI3-t338,43,60,41,35,80%,BC,1,0,none,none,none,0,N,N,0,0,1,0,0,0
Florida Keys,Sand Island,SI3,SI3-t340,43,2,1,1,95%,EC,1,0,none,none,none,0,N,N,0,0,0,0,0,0
Florida Keys,Sand Island,SI3,SI3-t341,43,126,102,83,60%,BC,8,2,RTL,FS,none,0,N,N,0,6,0,0,0,0
Florida Keys,Sand Island,SI3,SI3-t345,43,9,6,6,100%,EC,1,0,none,none,none,0,N,N,0,0,0,0,0,0
Florida Keys,Sand Island,SI3,SI3-t346,43,36,24,25,50%,RC,5,4,RTL,CB,none,0,N,N,0,0,0,0,0,0
Florida Keys,Sand Island,SI3,SI3-t964,43,75,25,40,5%,RC,3,0,none,none,none,0,N,N,0,0,0,0,0,0
Florida Keys,Carysfort Reef,CF1,CF1-t024,44,6,4,1,90%,EC,1,0,none,none,none,0,N,N,0,0,0,0,0,0
Florida Keys,Carysfort Reef,CF1,CF1-t428,44,,,,0%,D,,,,,,,N,N,,,,,,
Florida Keys,Carysfort Reef,CF2,CF2-t042,44,183,118,65,10%,RC,17,1,FS,none,none,0,N,N,0,7,0,0,1,0
Florida Keys,Carysfort Reef,CF2,CF2-t043,44,160,110,50,1%,RC,3,1,FS,none,none,0,N,N,0,5,0,0,0,0
Florida Keys,Carysfort Reef,CF2,CF2-t426,44,92,67,57,20%,BC,5,0,none,none,none,0,N,N,0,0,2,0,0,0
Florida Keys,Carysfort Reef,CF2,CF2-t427,44,130,80,70,1%,RC,2,1,FS,none,none,0,N,N,0,6,0,0,0,0
Florida Keys,Carysfort Reef,CF3,CF3-t088,44,252,137,98,20%,BC,18,1,RTL,PFB,none,0,N,N,2,0,3,0,0,0
Florida Keys,Carysfort Reef,CF3,CF3-t090,44,140,105,65,20%,BC,7,1,FS,FP,CL,0,N,N,1,0,2,0,0,0
Florida Keys,Carysfort Reef,CF3,CF3-t092,44,194,105,74,30%,BC,42,1,RTL,none,none,0,N,N,3,0,3,0,1,0
Florida Keys,Carysfort Reef,CF3,CF3-t095,44,20,12,12,100%,JC,1,0,none,none,none,0,N,N,0,0,0,0,1,0
Florida Keys,Carysfort Reef,CF3,CF3-t410,44,,,,0%,D,,,,,,,N,N,,,,,,
Florida Keys,Carysfort Reef,CF3,CF3-t411,44,143,105,74,20%,BC,3,1,FS,CB,none,0,N,N,1,15,2,0,0,0
Florida Keys,Carysfort Reef,CF3,CF3-t425,44,,,,0%,D,,,,,,,N,N,,,,,,
Florida Keys,Carysfort Reef,CF4,CF4-t812,44,11,9,7,100%,JC,1,0,none,none,none,0,N,N,0,0,0,0,0,0
Florida Keys,Carysfort Reef,CF4,CF4-t814,44,,,,0%,D,,,,,,,N,N,,,,,,
Florida Keys,Elbow Reef,EL1,EL1-t051,44,137,103,103,45%,BC,19,0,none,none,none,0,N,N,3,7,1,0,1,1
Florida Keys,Elbow Reef,EL1,EL1-t052,44,240,235,100,65%,BC,17,1,CL,none,none,0,N,Y,2,1,3,0,3,2
Florida Keys,Elbow Reef,EL1,EL1-t054,44,140,105,74,65%,BC,7,0,none,none,none,0,N,Y,2,0,1,0,1,0
Florida Keys,Elbow Reef,EL1,EL1-t055,44,224,170,82,55%,BC,14,0,none,none,none,0,N,Y,3,4,2,0,2,0
Florida Keys,Elbow Reef,EL1,EL1-t056,44,115,84,60,70%,BC,5,0,none,none,none,0,N,Y,1,0,1,0,0,0
Florida Keys,Elbow Reef,EL1,EL1-t059,44,,,,0%,D,,,,,,,N,N,,,,,,
Florida Keys,Elbow Reef,EL1,EL1-t060,44,129,106,70,60%,BC,8,1,FP,none,none,0,N,N,0,0,1,0,2,0
Florida Keys,Elbow Reef,EL1,EL1-t232,44,99,55,61,95%,BC,2,0,none,none,none,0,N,N,0,0,0,0,0,2
Florida Keys,Elbow Reef,EL1,EL1-t441,44,72,45,35,85%,BC,1,2,FS,none,none,0,N,N,0,4,0,1,0,0
Florida Keys,Elbow Reef,EL1,EL1-t977,44,116,85,81,60%,BC,8,1,FS,none,none,0,N,N,1,4,1,0,1,0
Florida Keys,Elbow Reef,EL1,EL1-t978,44,88,43,42,99%,BC,1,0,none,none,none,0,N,N,0,0,0,0,0,0
Florida Keys,Elbow Reef,EL1,EL1-t979,44,165,114,72,80%,BC,1,0,none,none,none,0,N,N,1,0,1,0,0,0
Florida Keys,Elbow Reef,EL2,EL2-t065,44,8,7,1,90%,EC,1,0,none,none,none,0,N,N,0,0,0,0,0,0
Florida Keys,Elbow Reef,EL2,EL2-t066,44,158,115,79,30%,BC,36,2,RTL,CB,none,0,N,N,1,0,1,0,1,0
Florida Keys,Elbow Reef,EL2,EL2-t067,44,30,18,20,5%,RC,2,0,none,none,none,0,N,N,0,0,0,0,0,0
Florida Keys,Elbow Reef,EL2,EL2-t072,44,75,62,48,65%,BC,10,1,FP,none,none,0,N,N,0,0,0,0,0,0
Florida Keys,Elbow Reef,EL2,EL2-t073,44,109,98,61,55%,BC,14,1,FS,none,none,0,N,N,0,5,0,0,1,0
Florida Keys,Elbow Reef,EL2,EL2-t246,44,9,5,7,40%,EC,2,0,none,none,none,0,N,N,0,0,0,0,0,0
Florida Keys,Elbow Reef,EL2,EL2-t247,44,42,18,25,70%,BC,3,0,none,none,none,0,N,N,0,0,0,0,0,0
Florida Keys,Elbow Reef,EL2,EL2-t437,44,16,8,4,90%,EC,1,0,none,none,none,0,N,N,0,0,0,0,0,0
Florida Keys,Elbow Reef,EL2,EL2-t439,44,56,34,27,80%,BC,1,0,none,none,none,0,N,N,0,0,0,0,0,0
Florida Keys,Elbow Reef,EL2,EL2-t440,44,61,25,17,80%,BC,1,0,none,none,none,0,N,N,0,0,0,0,0,0
Florida Keys,Elbow Reef,EL2,EL2-t913,44,258,152,95,45%,BC,18,0,none,none,none,0,N,N,1,0,0,0,1,2
Florida Keys,Elbow Reef,EL3,EL3-t076,44,70,47,55,5%,RC,2,0,none,none,none,0,N,N,0,0,0,0,0,0
Florida Keys,Elbow Reef,EL3,EL3-t077,44,68,29,25,30%,BC,3,0,none,none,none,0,N,N,0,0,0,0,0,2
Florida Keys,Elbow Reef,EL3,EL3-t079,44,43,13,15,10%,RC,2,0,none,none,none,0,N,N,0,0,0,0,1,0
Florida Keys,Elbow Reef,EL3,EL3-t083,44,117,94,75,40%,BC,13,1,FS,none,none,0,N,N,0,0,0,0,0,0
Florida Keys,Elbow Reef,EL3,EL3-t086,44,205,117,73,40%,BC,11,2,FS,RTL,WPx,0,N,N,0,10,0,0,1,0
Florida Keys,Elbow Reef,EL3,EL3-t432,44,20,15,16,80%,JC,1,1,FS,none,none,0,N,N,0,3,0,0,0,0
Florida Keys,Elbow Reef,EL3,EL3-t433,44,8,6,4,90%,JC,1,0,none,none,none,0,N,N,0,0,0,0,0,0
Florida Keys,Elbow Reef,EL3,EL3-t434,44,13,9,9,100%,JC,1,0,none,none,none,0,N,N,0,0,0,0,0,0
Florida Keys,Elbow Reef,EL3,EL3-t911,44,113,72,60,80%,BC,4,1,FS,none,none,0,N,Y,0,2,0,0,1,1
Florida Keys,Elbow Reef,EL3,EL3-t933,44,109,68,62,40%,BC,9,1,FS,none,none,1,N,N,0,1,0,0,0,0
Florida Keys,Elbow Reef,EL4,EL4-t153,44,185,140,87,40%,BC,14,1,FS,none,none,0,N,N,0,2,0,0,0,0
Florida Keys,Elbow Reef,EL4,EL4-t154,44,155,145,95,40%,BC,34,0,none,none,none,0,N,N,0,0,0,0,1,0
Florida Keys,Elbow Reef,EL4,EL4-t158,44,92,36,34,75%,BC,5,0,none,none,none,0,N,N,0,0,0,0,0,0
Florida Keys,Elbow Reef,EL4,EL4-t168,44,201,170,93,70%,BC,5,0,none,none,none,0,N,N,0,0,0,0,0,0
Florida Keys,Elbow Reef,EL4,EL4-t416,44,13,9,13,95%,JC,1,0,none,none,none,0,N,N,0,0,0,0,0,0
Florida Keys,Elbow Reef,EL4,EL4-t417,44,11,4,4,100%,JC,1,0,none,none,none,0,N,N,0,0,0,0,0,0
Florida Keys,Elbow Reef,EL4,EL4-t418,44,92,70,34,35%,AF,2,0,none,none,none,0,N,N,0,0,0,0,0,0
Florida Keys,Elbow Reef,EL4,EL4-t420,44,7,5,2,100%,EC,1,0,none,none,none,0,N,N,0,0,0,0,0,0
Florida Keys,Elbow Reef,EL4,EL4-t935,44,11,8,1,95%,EC,1,0,none,none,none,0,N,N,0,0,0,0,0,0
Florida Keys,Elbow Reef,EL5,EL5-t177,44,56,35,52,15%,RC,6,0,none,none,none,0,N,N,0,0,0,0,1,0
Florida Keys,Elbow Reef,EL5,EL5-t180,44,154,123,75,40%,BC,14,1,FP,none,none,0,N,N,0,0,0,0,1,0
Florida Keys,Elbow Reef,EL5,EL5-t183,44,24,22,21,70%,RC,1,0,none,none,none,0,N,N,0,1,0,0,0,0
Florida Keys,Elbow Reef,EL5,EL5-t460,44,100,80,20,10%,AF,3,1,FS,none,none,0,N,N,0,3,0,0,0,0
Florida Keys,French Reef,FR1,FR1-t002,44,95,82,62,30%,BC,9,3,RTL,CB,none,0,N,N,0,0,0,0,2,0
Florida Keys,French Reef,FR1,FR1-t003,44,39,27,27,90%,JC,1,1,FS,none,none,0,N,N,0,1,1,0,0,0
Florida Keys,French Reef,FR1,FR1-t004,44,69,58,50,25%,RC,4,0,none,none,none,0,N,N,1,0,1,0,0,0
Florida Keys,French Reef,FR1,FR1-t005,44,162,127,75,60%,BC,8,1,RTL,CB,none,1,N,N,2,0,3,0,0,0
Florida Keys,French Reef,FR1,FR1-t006,44,170,120,70,40%,BC,22,1,FS,FP,none,0,N,N,1,5,1,0,1,0
Florida Keys,French Reef,FR1,FR1-t007,44,24,14,11,70%,JC,2,0,none,none,none,0,N,N,0,0,1,0,0,0
Florida Keys,French Reef,FR1,FR1-t008,44,44,36,40,90%,BC,1,0,none,none,none,0,N,N,2,0,2,0,0,0
Florida Keys,French Reef,FR1,FR1-t009,44,173,122,75,30%,BC,6,0,none,none,none,0,N,N,1,0,2,0,0,0
Florida Keys,French Reef,FR1,FR1-t010,44,65,50,37,30%,RC,13,0,none,none,none,0,N,N,0,0,0,0,0,0
Florida Keys,French Reef,FR1,FR1-t860,44,16,14,6,80%,EC,1,0,none,none,none,1,N,N,0,0,0,0,0,0
Florida Keys,French Reef,FR1,FR1-t861,44,76,45,57,80%,BC,1,0,none,none,none,0,N,N,0,0,1,0,0,0
Florida Keys,French Reef,FR1,FR1-t976,44,9,9,8,90%,JC,1,3,FS,none,none,0,N,N,0,0,1,0,0,0
Florida Keys,French Reef,FR2,FR2-t236,44,12,4,1,20%,EC,2,0,none,none,none,0,N,N,0,0,0,0,0,0
Florida Keys,French Reef,FR2,FR2-t250,44,100,60,50,2%,RC,6,0,none,none,none,0,N,N,0,0,1,0,1,0
Florida Keys,French Reef,FR2,FR2-t251,44,86,63,75,98%,BC,1,0,none,none,none,0,N,N,0,0,1,0,0,0
Florida Keys,French Reef,FR2,FR2-t255,44,30,16,25,45%,JC,3,0,none,none,none,0,N,N,0,0,0,0,0,0
Florida Keys,French Reef,FR2,FR2-t256,44,34,32,30,95%,JC,1,0,none,none,none,0,N,N,0,0,0,0,0,0
Florida Keys,French Reef,FR2,FR2-t258,44,2,2,2,100%,EC,1,0,none,none,none,0,N,N,0,0,0,0,0,0
Florida Keys,French Reef,FR2,FR2-t259,44,29,19,29,50%,RC,8,0,none,none,none,0,N,N,0,0,0,0,0,0
Florida Keys,French Reef,FR2,FR2-t260,44,37,36,40,90%,JC,1,5,FS,none,none,0,N,N,0,5,0,0,0,0
Florida Keys,French Reef,FR2,FR2-t261,44,90,50,50,1%,RC,2,0,none,none,none,0,N,N,0,0,0,0,0,0
Florida Keys,French Reef,FR2,FR2-t447,44,16,13,13,1%,RC,2,0,none,none,none,0,N,N,0,0,0,0,0,0
Florida Keys,French Reef,FR3,FR3-t444,44,26,23,13,60%,RC,1,0,none,none,none,0,N,N,0,0,0,0,0,0
Florida Keys,French Reef,FR3,FR3-t446,44,52,48,26,35%,BC,3,0,none,none,none,0,N,N,1,0,1,0,0,0
Florida Keys,French Reef,FR3,FR3-t818,44,15,12,11,75%,JC,1,0,none,none,none,0,N,N,0,0,0,0,0,0
Florida Keys,French Reef,FR3,FR3-t820,44,150,97,75,10%,RC,20,1,FS,none,none,0,N,N,0,1,1,0,0,0
Florida Keys,French Reef,FR3,FR3-t822,44,,,,,G,,,,,,,N,N,,,,,,
Florida Keys,French Reef,FR3,FR3-t824,44,14,8,7,100%,JC,1,0,none,none,none,0,N,N,0,0,0,0,0,0
Florida Keys,French Reef,FR3,FR3-t825,44,56,43,40,5%,RC,2,0,none,none,none,0,N,N,0,0,1,0,1,0
Florida Keys,French Reef,FR3,FR3-t862,44,95,73,46,55%,BC,7,0,none,none,none,0,N,N,1,0,1,0,0,0
Florida Keys,French Reef,FR3,FR3-t863,44,104,70,60,10%,RC,7,1,FS,none,none,0,N,N,0,1,1,0,0,0
Florida Keys,French Reef,FR3,FR3-t864,44,19,14,8,99%,JC,1,0,none,none,none,0,N,N,0,0,0,0,0,0
Florida Keys,French Reef,FR3,FR3-t866,44,14,11,12,100%,JC,1,0,none,none,none,1,N,N,0,0,0,0,0,0
Florida Keys,Grecian Rocks,GR1,GR1-t469,44,11,9,3,100%,EC,1,0,none,none,none,0,,,0,0,,,,
Florida Keys,Grecian Rocks,GR2,GR2-t429,44,40,34,15,1%,RC,3,0,none,none,none,0,N,N,0,0,0,0,0,0
Florida Keys,Grecian Rocks,GR2,GR2-t430,44,9,6,5,10%,RC,2,0,none,none,none,0,N,N,0,0,0,0,0,0
Florida Keys,Grecian Rocks,GR2,GR2-t431,44,19,10,10,95%,JC,1,0,none,none,none,0,N,N,0,0,0,0,0,0
Florida Keys,Grecian Rocks,GR2,GR2-t840,44,87,46,53,10%,RC,14,0,none,none,none,0,N,N,0,0,0,0,0,0
Florida Keys,Grecian Rocks,GR2,GR2-t841,44,125,113,76,15%,RC,21,0,none,none,none,2,N,N,0,1,0,0,0,0
Florida Keys,Grecian Rocks,GR2,GR2-t844,44,37,32,25,15%,RC,8,0,none,none,none,0,N,N,0,0,0,0,0,0
Florida Keys,Grecian Rocks,GR2,GR2-t846,44,155,71,82,5%,RC,7,0,none,none,none,0,N,N,0,0,0,0,0,0
Florida Keys,Grecian Rocks,GR2,GR2-t847,44,57,27,20,60%,RC,7,0,none,none,none,0,N,N,0,0,0,0,0,0
Florida Keys,Grecian Rocks,GR2,GR2-t850,44,118,72,70,1%,RC,2,0,none,none,none,0,N,N,0,0,0,0,0,0
Florida Keys,Grecian Rocks,GR2,GR2-t885,44,140,70,50,1%,RC,2,0,none,none,none,0,N,N,0,0,0,0,0,0
Florida Keys,Grecian Rocks,GR2,GR2-t886,44,17,4,6,80%,EC,2,0,none,none,none,0,N,N,0,0,0,0,0,0
Florida Keys,Grecian Rocks,GR3,GR3-t397,44,50,43,35,2%,RC,2,0,none,none,none,0,N,N,0,0,0,0,0,0
Florida Keys,Grecian Rocks,GR3,GR3-t398,44,57,40,48,35%,BC,5,0,none,none,none,0,N,N,0,0,0,0,1,0
Florida Keys,Grecian Rocks,GR3,GR3-t412,44,19,19,11,100%,JC,1,0,none,none,none,0,N,N,0,0,0,0,0,0
Florida Keys,Grecian Rocks,GR3,GR3-t870,44,34,17,32,25%,RC,4,0,none,none,none,0,N,N,0,0,0,0,0,0
Florida Keys,Grecian Rocks,GR3,GR3-t871,44,24,21,23,95%,JC,1,0,none,none,none,0,N,N,0,0,0,0,0,0
Florida Keys,Grecian Rocks,GR3,GR3-t872,44,18,14,13,99%,JC,1,0,none,none,none,0,N,N,0,0,0,0,0,0
Florida Keys,Grecian Rocks,GR3,GR3-t873,44,50,27,25,5%,RC,4,1,fs,none,none,0,N,N,0,1,0,0,0,0
Florida Keys,Grecian Rocks,GR3,GR3-t874,44,11,7,5,100%,EC,1,0,none,none,none,0,N,N,0,0,0,0,0,0
Florida Keys,Grecian Rocks,GR3,GR3-t876,44,115,40,40,1%,RC,2,0,none,none,none,0,N,N,0,0,0,0,0,0
Florida Keys,Grecian Rocks,GR3,GR3-t877,44,90,53,45,10%,RC,9,0,none,none,none,0,N,N,0,0,0,0,0,0
Florida Keys,Grecian Rocks,GR3,GR3-t881,44,37,17,12,25%,RC,2,0,none,none,none,0,N,N,0,0,0,0,0,0
Florida Keys,Key Largo Dry Rocks,KL1,KL1-t105,44,56,48,40,45%,BC,6,1,FS,none,none,0,N,N,0,0,0,0,1,0
Florida Keys,Key Largo Dry Rocks,KL1,KL1-t106,44,9,6,5,95%,JC,1,0,none,none,none,0,N,N,0,0,0,0,0,0
Florida Keys,Key Largo Dry Rocks,KL1,KL1-t107,44,5,4,1,90%,EC,1,0,none,none,none,1,N,N,0,0,0,0,0,0
Florida Keys,Key Largo Dry Rocks,KL1,KL1-t108,44,3,2,2,85%,EC,1,0,none,none,none,0,N,N,0,0,0,0,0,0
Florida Keys,Key Largo Dry Rocks,KL1,KL1-t110,44,170,90,70,1%,RC,7,0,none,none,none,0,N,N,0,0,0,0,0,0
Florida Keys,Key Largo Dry Rocks,KL1,KL1-t374,44,8,6,5,100%,JC,1,0,none,none,none,0,N,N,0,0,0,0,0,0
Florida Keys,Key Largo Dry Rocks,KL1,KL1-t388,44,7,6,3,100%,EC,1,0,none,none,none,0,N,N,0,0,0,0,0,0
Florida Keys,Key Largo Dry Rocks,KL3,KL3-t215,44,12,8,9,90%,JC,1,0,none,none,none,0,N,N,0,0,0,0,0,0
Florida Keys,Key Largo Dry Rocks,KL3,KL3-t217,44,22,9,9,100%,JC,1,0,none,none,none,0,N,N,0,0,0,0,0,0
Florida Keys,Key Largo Dry Rocks,KL3,KL3-t220,44,30,17,18,80%,JC,1,1,FS,none,none,0,N,N,0,2,0,0,0,0
Florida Keys,Key Largo Dry Rocks,KL3,KL3-t372,44,12,6,8,90%,JC,2,0,none,none,none,0,N,N,0,0,1,0,0,0
Florida Keys,Key Largo Dry Rocks,KL3,KL3-t401,44,8,8,11,99%,JC,1,0,none,none,none,0,N,N,0,0,1,0,0,0
Florida Keys,Key Largo Dry Rocks,KL3,KL3-t402,44,6,4,3,80%,JC,1,0,none,none,none,0,N,N,0,0,1,0,0,0
Florida Keys,Key Largo Dry Rocks,KL3,KL3-t897,44,15,13,23,100%,JC,1,0,none,none,none,0,N,N,0,0,0,0,0,0
Florida Keys,Key Largo Dry Rocks,KL3,KL3-t898,44,17,12,10,70%,JC,3,3,FS,none,none,1,N,N,0,2,0,0,0,0
Florida Keys,Key Largo Dry Rocks,KL3,KL3-t899,44,33,27,29,100%,JC,1,0,none,none,none,0,N,N,0,0,0,0,0,0
Florida Keys,Key Largo Dry Rocks,KL3,KL3-t966,44,32,24,23,85%,JC,2,0,none,none,none,0,N,N,0,0,1,0,0,0
Florida Keys,Key Largo Dry Rocks,KL3,KL3-t968,44,32,29,28,80%,JC,1,3,FS,none,none,1,N,N,0,4,1,0,0,0
Florida Keys,Key Largo Dry Rocks,KL3,KL3-t969,44,43,41,35,100%,BC,1,1,FP,none,none,1,N,N,0,0,0,0,0,0
Florida Keys,Key Largo Dry Rocks,KL4,KL4-t853,44,210,120,82,75%,BC,19,1,FS,FP,none,0,N,N,0,23,0,0,0,2
Florida Keys,Key Largo Dry Rocks,KL4,KL4-t893,44,85,60,30,35%,RC,13,1,FS,none,none,0,N,N,0,6,0,0,0,0
Florida Keys,Molasses Reef,ML1,ML1-t013,44,193,132,87,70%,BC,15,1,RTL,none,none,1,N,N,1,2,1,0,1,3
Florida Keys,Molasses Reef,ML1,ML1-t015,44,35,35,33,25%,RC,6,0,none,none,none,0,N,N,0,0,0,0,0,1
Florida Keys,Molasses Reef,ML1,ML1-t016,44,144,110,75,80%,BC,13,1,CL,FP,none,0,N,N,0,3,1,1,1,2
Florida Keys,Molasses Reef,ML1,ML1-t017,44,40,30,33,85%,BC,3,1,CL,none,none,0,N,N,0,0,0,0,0,0
Florida Keys,Molasses Reef,ML1,ML1-t018,44,116,73,46,95%,BC,1,0,none,none,none,0,N,N,0,0,1,0,1,0
Florida Keys,Molasses Reef,ML1,ML1-t020,44,180,160,80,1%,RC,7,0,none,none,none,0,N,N,0,0,0,0,1,0
Florida Keys,Molasses Reef,ML1,ML1-t404,44,8,5,3,100%,EC,1,0,none,none,none,0,N,N,0,0,0,0,0,0
Florida Keys,Molasses Reef,ML1,ML1-t882,44,6,3,2,100%,EC,1,0,none,none,none,0,N,N,0,0,0,0,0,0
Florida Keys,Molasses Reef,ML2,ML2-t126,44,185,100,100,40%,BC,24,1,FS,none,none,0,N,N,3,1,3,0,1,0
Florida Keys,Molasses Reef,ML2,ML2-t129,44,60,55,30,15%,RC,6,1,FS,none,none,0,N,N,0,1,2,0,1,0
Florida Keys,Molasses Reef,ML2,ML2-t131,44,176,138,82,75%,BC,19,1,FS,CB,none,0,N,N,2,3,2,0,1,0
Florida Keys,Molasses Reef,ML2,ML2-t132,44,191,140,85,25%,BC,15,0,none,none,none,0,N,N,2,0,1,0,1,0
Florida Keys,Molasses Reef,ML2,ML2-t249,44,9,9,6,90%,EC,1,0,none,none,none,0,N,N,0,0,0,0,0,0
Florida Keys,Molasses Reef,ML2,ML2-t442,44,3,2,2,100%,EC,1,0,none,none,none,0,N,N,0,0,0,0,0,0
Florida Keys,Molasses Reef,ML2,ML2-t443,44,18,13,8,80%,JC,1,0,none,none,none,0,N,N,0,0,0,0,0,0
Florida Keys,Molasses Reef,ML2,ML2-t868,44,46,31,27,20%,RC,3,0,none,none,none,1,N,N,0,0,1,0,0,0
Florida Keys,Molasses Reef,ML2,ML2-t869,44,28,16,14,15%,RC,3,2,FS,none,none,0,N,N,3,1,0,0,0,0
Florida Keys,Molasses Reef,ML2,ML2-t952,44,42,37,22,80%,BC,1,0,none,none,none,1,N,N,0,0,1,0,0,0
Florida Keys,Molasses Reef,ML2,ML2-t954,44,8,5,4,85%,EC,1,0,none,none,none,0,N,N,0,0,0,0,0,0
Florida Keys,Molasses Reef,ML3,ML3-t144,44,157,115,77,65%,BC,6,1,FS,CB,none,1,N,N,1,20,1,0,0,0
Florida Keys,Molasses Reef,ML3,ML3-t145,44,220,123,62,25%,BC,16,1,CL,none,none,0,N,N,1,0,3,0,0,0
Florida Keys,Molasses Reef,ML3,ML3-t146,44,226,180,68,40%,BC,19,1,FS,none,none,0,N,N,1,0,3,0,1,0
Florida Keys,Molasses Reef,ML3,ML3-t147,44,215,110,80,20%,BC,14,1,FS,RTL,none,0,N,N,1,7,5,0,0,0
Florida Keys,Molasses Reef,ML3,ML3-t148,44,149,105,85,25%,BC,21,1,FS,CL,none,1,N,N,2,1,1,0,0,0
Florida Keys,Molasses Reef,ML3,ML3-t150,44,85,70,40,10%,RC,3,0,none,none,none,0,N,N,0,0,1,0,0,0
Florida Keys,Molasses Reef,ML3,ML3-t184,44,235,210,85,50%,BC,13,1,FS,CB,none,0,N,N,2,5,1,0,1,0
Florida Keys,Molasses Reef,ML3,ML3-t186,44,12,8,3,90%,EC,1,0,none,none,none,0,N,N,0,0,1,0,0,0
Florida Keys,Molasses Reef,ML3,ML3-t915,44,72,56,49,40%,BC,2,0,none,none,none,0,N,N,0,0,1,0,0,0
Florida Keys,Molasses Reef,ML3,ML3-t955,44,132,82,47,20%,BC,14,0,none,none,none,0,N,N,2,0,1,0,0,0
Florida Keys,Molasses Reef,ML3,ML3-t956,44,20,16,12,99%,JC,1,0,none,none,none,0,N,N,0,0,0,0,0,0
Florida Keys,Sand Island,SI1,SI1-t302,44,165,132,78,80%,BC,3,1,FP,none,none,0,N,N,0,2,0,0,0,0
Florida Keys,Sand Island,SI1,SI1-t303,44,11,11,8,90%,EC,1,0,none,none,none,0,N,N,0,0,0,0,0,0
Florida Keys,Sand Island,SI1,SI1-t305,44,11,10,14,25%,RC,1,0,none,none,none,0,N,N,0,0,0,0,0,0
Florida Keys,Sand Island,SI1,SI1-t307,44,98,70,75,35%,BC,12,0,none,none,none,0,N,N,0,0,0,0,1,0
Florida Keys,Sand Island,SI1,SI1-t308,44,56,49,68,35%,RC,3,0,none,none,none,0,N,N,0,0,0,0,1,0
Florida Keys,Sand Island,SI1,SI1-t312,44,60,40,35,99%,BC,1,0,none,none,none,0,N,N,0,0,0,0,0,0
Florida Keys,Sand Island,SI1,SI1-t319,44,,,,0%,D,,,,,,,N,N,,,,,,
Florida Keys,Sand Island,SI1,SI1-t332,44,162,153,80,70%,BC,9,1,UNK,none,none,0,N,N,0,0,0,0,1,0
Florida Keys,Sand Island,SI1,SI1-t403,44,85,50,44,99%,BC,1,0,none,none,none,1,N,N,0,0,0,0,0,0
Florida Keys,Sand Island,SI1,SI1-t436,44,14,12,6,100%,EC,1,0,none,none,none,1,N,N,0,0,0,0,0,0
Florida Keys,Sand Island,SI1,SI1-t958,44,24,16,15,95%,JC,1,1,Oth,none,none,0,N,N,0,0,0,0,0,0
Florida Keys,Sand Island,SI1,SI1-t959,44,51,36,30,100%,BC,1,0,none,none,none,0,N,N,0,0,0,0,0,0
Florida Keys,Sand Island,SI2,SI2-t313,44,167,98,132,75%,BC,5,0,none,none,none,0,N,N,0,0,0,0,1,0
Florida Keys,Sand Island,SI2,SI2-t323,44,102,52,52,45%,BC,7,1,FS,none,none,0,N,Y,1,1,1,0,0,0
Florida Keys,Sand Island,SI2,SI2-t324,44,164,107,102,80%,BC,1,0,none,none,none,0,N,N,0,0,0,0,1,0
Florida Keys,Sand Island,SI2,SI2-t326,44,227,102,95,70%,BC,9,0,none,none,none,1,N,N,1,0,2,0,1,0
Florida Keys,Sand Island,SI2,SI2-t330,44,24,14,6,80%,JC,1,0,none,none,none,0,N,N,0,0,0,0,0,0
Florida Keys,Sand Island,SI2,SI2-t331,44,27,20,25,85%,JC,1,1,FP,none,none,0,N,N,2,0,1,0,0,0
Florida Keys,Sand Island,SI2,SI2-t334,44,238,205,155,55%,BC,35,2,WBD,none,none,0,N,Y,2,0,4,0,1,1
Florida Keys,Sand Island,SI2,SI2-t399,44,82,63,66,80%,BC,1,0,none,none,none,0,N,N,0,0,0,0,1,0
Florida Keys,Sand Island,SI2,SI2-t435,44,80,72,37,100%,BC,1,0,none,none,none,0,N,N,0,0,0,0,0,0
Florida Keys,Sand Island,SI2,SI2-t960,44,109,75,70,90%,BC,1,0,none,none,none,0,N,Y,0,0,0,0,1,0
Florida Keys,Sand Island,SI2,SI2-t961,44,59,50,47,100%,BC,1,0,none,none,none,0,N,N,1,0,1,0,0,1
Florida Keys,Sand Island,SI2,SI2-t962,44,226,107,75,85%,BC,6,0,none,none,none,0,N,Y,1,0,1,0,1,0
Florida Keys,Sand Island,SI3,SI3-t315,44,5,3,3,99%,EC,1,0,none,none,none,0,N,N,0,0,0,0,0,0
Florida Keys,Sand Island,SI3,SI3-t316,44,18,10,12,25%,RC,2,0,none,none,none,0,N,N,0,0,0,0,2,0
Florida Keys,Sand Island,SI3,SI3-t317,44,18,12,12,1%,RC,1,4,RTL,none,none,0,N,N,0,0,,,,
Florida Keys,Sand Island,SI3,SI3-t338,44,60,41,35,80%,BC,1,0,none,none,none,0,N,N,0,0,0,0,1,0
Florida Keys,Sand Island,SI3,SI3-t340,44,,,,0%,D,,,,,,,N,N,,,,,,
Florida Keys,Sand Island,SI3,SI3-t341,44,132,104,85,50%,BC,12,2,FS,none,none,0,N,N,0,15,0,0,3,1
Florida Keys,Sand Island,SI3,SI3-t345,44,8,5,4,100%,JC,1,0,none,none,none,0,N,N,0,0,0,0,1,0
Florida Keys,Sand Island,SI3,SI3-t346,44,35,26,25,30%,RC,8,0,none,none,none,1,N,N,0,0,0,0,1,0
Florida Keys,Sand Island,SI3,SI3-t964,44,75,25,40,5%,RC,3,0,none,none,none,0,N,N,0,0,0,0,1,0
Florida Keys,Turtle Rocks,TR1,TR1-t291,45,183,116,78,65%,BC,11,1,FP,none,none,0,N,N,0,,,,,
Florida Keys,Turtle Rocks,TR1,TR1-t293,45,2,1,1,100%,EC,1,0,none,none,none,0,N,N,0,,,,,
Florida Keys,Turtle Rocks,TR1,TR1-t294,45,,,,0%,D,,,,,,,N,N,,,,,,
Florida Keys,Turtle Rocks,TR1,TR1-t448,45,64,51,33,40%,BC,6,0,none,none,none,0,N,N,0,,,,,
Florida Keys,Turtle Rocks,TR1,TR1-t449,45,31,14,9,95%,AF,1,0,none,none,none,0,N,N,0,,,,,
Florida Keys,Turtle Rocks,TR1,TR1-t471,45,6,5,4,100%,EC,1,0,none,none,none,0,N,N,0,,,,,
Florida Keys,Turtle Rocks,TR1,TR1-t473,45,57,35,45,80%,BC,2,0,none,none,none,0,N,N,0,,,,,
Florida Keys,Turtle Rocks,TR1,TR1-t474,45,50,21,23,70%,BC,3,0,none,none,none,0,N,N,0,,,,,
Florida Keys,Turtle Rocks,TR1,TR1-t475,45,36,21,30,70%,AF,3,0,none,none,none,0,N,N,0,,,,,
Florida Keys,Turtle Rocks,TR1,TR1-t476,45,,,,,G,,,,,,,N,N,,,,,,
Florida Keys,Turtle Rocks,TR1,TR1-t478,45,122,105,55,70%,BC,14,1,RTL,none,none,0,N,N,0,,,,,
Florida Keys,Turtle Rocks,TR1,TR1-t941,45,139,90,50,20%,RC,20,0,none,none,none,0,N,N,0,,,,,
Florida Keys,Turtle Rocks,TR2,TR2-t350,45,75,70,49,80%,BC,1,0,none,none,none,1,N,N,0,,,,,
Florida Keys,Turtle Rocks,TR2,TR2-t351,45,64,40,34,15%,RC,5,0,none,none,none,0,N,N,0,,,,,
Florida Keys,Turtle Rocks,TR2,TR2-t356,45,147,95,58,70%,BC,3,1,FP,CL,CB,1,N,N,0,,,,,
Florida Keys,Turtle Rocks,TR2,TR2-t462,45,72,26,18,100%,BC,1,0,none,none,none,1,N,N,0,,,,,
Florida Keys,Turtle Rocks,TR2,TR2-t463,45,3,3,4,100%,JC,1,0,none,none,none,0,N,N,0,,,,,
Florida Keys,Turtle Rocks,TR2,TR2-t464,45,105,65,50,25%,BC,4,0,none,none,none,1,N,N,0,,,,,
Florida Keys,Turtle Rocks,TR2,TR2-t465,45,135,100,55,40%,BC,14,1,FP,CL,none,1,N,N,0,,,,,
Florida Keys,Turtle Rocks,TR2,TR2-t466,45,20,15,14,100%,JC,1,0,none,none,none,1,N,N,0,,,,,
Florida Keys,Turtle Rocks,TR2,TR2-t467,45,10,6,9,100%,JC,1,0,none,none,none,0,N,N,0,,,,,
Florida Keys,Turtle Rocks,TR2,TR2-t468,45,10,5,9,90%,JC,1,0,none,none,none,0,N,N,0,,,,,
Florida Keys,Turtle Rocks,TR2,TR2-t469,45,2,2,1,90%,EC,1,0,none,none,none,0,N,N,0,,,,,
Florida Keys,Turtle Rocks,TR3,TR3-t364,45,205,191,77,40%,BC,16,1,FS,none,none,0,N,N,0,,,,,
Florida Keys,Turtle Rocks,TR3,TR3-t450,45,,,,,G,,,,,,,N,N,,,,,,
Florida Keys,Turtle Rocks,TR3,TR3-t451,45,73,36,23,20%,AF,9,0,none,none,none,0,N,N,0,,,,,
Florida Keys,Turtle Rocks,TR3,TR3-t452,45,87,77,33,90%,BC,1,1,FP,none,none,0,N,N,0,,,,,
Florida Keys,Turtle Rocks,TR3,TR3-t453,45,52,38,25,90%,BC,1,1,FP,none,none,0,N,N,0,,,,,
Florida Keys,Turtle Rocks,TR3,TR3-t454,45,64,36,35,25%,RC,2,1,RTL,none,none,0,N,N,0,,,,,
Florida Keys,Turtle Rocks,TR3,TR3-t455,45,150,85,69,50%,BC,10,,,,,,N,N,,,,,,
Florida Keys,Turtle Rocks,TR3,TR3-t456,45,78,67,48,90%,BC,1,0,none,none,none,0,N,N,0,,,,,
Florida Keys,Turtle Rocks,TR3,TR3-t457,45,25,23,25,40%,RC,2,0,none,none,none,0,N,N,0,,,,,
Florida Keys,Turtle Rocks,TR3,TR3-t459,45,39,25,27,85%,JC,1,1,FP,none,none,0,N,N,0,,,,,
Florida Keys,Turtle Rocks,TR3,TR3-t460,45,6,3,4,100%,EC,1,0,none,none,none,0,N,N,0,,,,,
Florida Keys,Carysfort Reef,CF1,CF1-t024,46,8,5,1,80%,EC,1,3,Unk,none,none,4,N,N,0,0,2,0,1,0
Florida Keys,Carysfort Reef,CF2,CF2-t042,46,180,110,60,2%,RC,1,1,FS,RTL,none,2,N,N,0,9,1,0,0,0
Florida Keys,Carysfort Reef,CF2,CF2-t043,46,,,,0%,D,,,,,,,N,N,,0,1,0,0,0
Florida Keys,Carysfort Reef,CF2,CF2-t426,46,90,65,55,0%,D,,5,RTL,none,none,,N,N,,5,2,0,1,0
Florida Keys,Carysfort Reef,CF2,CF2-t427,46,,,,0%,D,,,,,,,N,N,,0,1,0,0,0
Florida Keys,Carysfort Reef,CF3,CF3-t088,46,259,143,95,20%,BC,14,1,RTL,FS,none,3,N,N,1,2,6,0,1,0
Florida Keys,Carysfort Reef,CF3,CF3-t090,46,3,2,2,100%,EC,1,0,none,none,none,5,N,N,0,0,1,0,0,0
Florida Keys,Carysfort Reef,CF3,CF3-t092,46,192,106,77,30%,BC,21,1,Unk,RTL,none,4,N,N,3,0,4,0,1,0
Florida Keys,Carysfort Reef,CF3,CF3-t095,46,23,13,14,100%,JC,1,0,none,none,none,4,N,N,0,0,0,0,0,0
Florida Keys,Carysfort Reef,CF3,CF3-t411,46,148,105,75,15%,BC,6,2,FS,BL,RTL,4,N,N,1,12,5,0,1,0
Florida Keys,Carysfort Reef,CF4,CF4-t812,46,12,9,8,100%,JC,1,0,none,none,none,2,N,N,0,0,0,0,0,0
Florida Keys,Elbow Reef,EL1,EL1-t051,46,138,105,103,45%,BC,14,1,RTL,Unk,none,0,N,N,3,0,1,0,0,0
Florida Keys,Elbow Reef,EL1,EL1-t052,46,249,235,102,60%,BC,34,1,Unk,RTL,CL,1,N,Y,2,0,4,0,1,5
Florida Keys,Elbow Reef,EL1,EL1-t054,46,125,105,75,70%,BC,6,1,CL,Unk,FP,1,N,Y,1,0,1,0,0,0
Florida Keys,Elbow Reef,EL1,EL1-t055,46,225,170,87,55%,BC,17,1,RTL,CL,none,1,N,Y,2,0,3,0,1,2
Florida Keys,Elbow Reef,EL1,EL1-t056,46,107,83,64,70%,BC,6,1,Unk,none,none,1,N,Y,0,0,2,1,0,1
Florida Keys,Elbow Reef,EL1,EL1-t060,46,129,113,74,60%,BC,3,1,RTL,FP,none,1,N,N,0,0,2,0,0,0
Florida Keys,Elbow Reef,EL1,EL1-t232,46,104,60,60,95%,BC,1,2,FS,none,none,0,N,N,0,2,1,0,1,1
Florida Keys,Elbow Reef,EL1,EL1-t441,46,72,43,39,80%,BC,1,0,none,none,none,1,N,N,0,0,1,0,0,0
Florida Keys,Elbow Reef,EL1,EL1-t977,46,120,82,84,60%,BC,7,1,Unk,FS,none,1,N,N,1,0,5,0,2,1
Florida Keys,Elbow Reef,EL1,EL1-t978,46,85,43,42,99%,BC,1,0,none,none,none,1,N,N,0,0,1,0,1,0
Florida Keys,Elbow Reef,EL1,EL1-t979,46,170,115,74,80%,BC,1,1,Unk,none,none,1,N,N,0,0,1,0,0,0
Florida Keys,Elbow Reef,EL2,EL2-t065,46,10,9,2,95%,EC,1,0,none,none,none,0,N,N,0,0,0,0,0,0
Florida Keys,Elbow Reef,EL2,EL2-t066,46,160,110,80,25%,BC,34,2,RTL,none,none,1,N,N,1,0,1,0,0,0
Florida Keys,Elbow Reef,EL2,EL2-t067,46,32,18,22,10%,RC,2,0,none,none,none,0,N,N,0,0,0,0,0,0
Florida Keys,Elbow Reef,EL2,EL2-t072,46,72,63,49,10%,RC,10,4,RTL,none,none,0,N,N,0,0,1,0,0,0
Florida Keys,Elbow Reef,EL2,EL2-t073,46,105,94,64,45%,RC,16,2,RTL,FS,none,0,N,N,0,3,0,1,1,0
Florida Keys,Elbow Reef,EL2,EL2-t246,46,11,4,6,40%,EC,2,0,none,none,none,0,N,N,0,0,1,0,0,0
Florida Keys,Elbow Reef,EL2,EL2-t247,46,45,18,27,75%,BC,2,0,none,none,none,0,N,N,0,0,0,0,0,0
Florida Keys,Elbow Reef,EL2,EL2-t437,46,17,11,4,95%,EC,1,0,none,none,none,0,N,N,0,0,0,0,0,0
Florida Keys,Elbow Reef,EL2,EL2-t439,46,58,34,28,80%,BC,2,0,none,none,none,0,N,N,0,0,0,0,0,0
Florida Keys,Elbow Reef,EL2,EL2-t440,46,71,24,17,75%,BC,1,1,RTL,FS,none,0,N,N,0,0,0,0,0,0
Florida Keys,Elbow Reef,EL2,EL2-t913,46,245,155,95,40%,BC,18,2,WPx,RTL,none,0,N,N,0,0,0,0,1,5
Florida Keys,Elbow Reef,EL3,EL3-t076,46,70,40,50,0%,D,,1,RTL,none,none,,N,N,,,,,,
Florida Keys,Elbow Reef,EL3,EL3-t077,46,68,30,25,15%,RC,5,2,RTL,none,none,0,N,N,0,0,0,0,1,0
Florida Keys,Elbow Reef,EL3,EL3-t079,46,42,16,15,10%,RC,2,0,none,none,none,0,N,N,0,0,0,0,1,0
Florida Keys,Elbow Reef,EL3,EL3-t083,46,116,96,78,45%,BC,12,1,FP,RTL,none,1,N,N,0,0,0,0,1,0
Florida Keys,Elbow Reef,EL3,EL3-t086,46,205,115,70,30%,BC,20,2,RTL,FS,FP,1,N,N,0,9,0,0,1,0
Florida Keys,Elbow Reef,EL3,EL3-t400,46,27,16,10,35%,RC,2,5,RTL,none,none,0,N,N,0,0,0,0,0,0
Florida Keys,Elbow Reef,EL3,EL3-t422,46,57,29,28,20%,RC,5,1,FS,none,none,0,N,N,0,0,0,0,0,0
Florida Keys,Elbow Reef,EL3,EL3-t423,46,4,3,2,100%,EC,1,0,none,none,none,0,N,N,0,0,0,0,0,0
Florida Keys,Elbow Reef,EL3,EL3-t432,46,20,10,10,1%,RC,1,4,Unk,none,none,0,N,N,,0,0,0,0,0
Florida Keys,Elbow Reef,EL3,EL3-t433,46,9,7,3,90%,JC,1,5,FS,none,none,0,N,N,0,2,0,0,0,0
Florida Keys,Elbow Reef,EL3,EL3-t434,46,,,,0%,D,,,,,,,N,N,,,,,,
Florida Keys,Elbow Reef,EL3,EL3-t911,46,112,74,63,80%,BC,3,1,WPx,none,none,0,N,Y,0,0,0,0,1,2
Florida Keys,Elbow Reef,EL3,EL3-t933,46,117,70,63,25%,BC,8,2,RTL,FS,none,1,N,N,0,2,0,0,0,0
Florida Keys,Elbow Reef,EL4,EL4-t153,46,190,145,80,40%,BC,12,1,FS,FP,none,2,N,N,0,11,0,0,0,3
Florida Keys,Elbow Reef,EL4,EL4-t154,46,158,130,92,35%,BC,30,1,Unk,none,none,2,N,N,0,0,0,0,1,1
Florida Keys,Elbow Reef,EL4,EL4-t158,46,50,32,35,65%,BC,3,0,none,none,none,1,N,N,0,0,0,0,0,0
Florida Keys,Elbow Reef,EL4,EL4-t168,46,205,174,95,75%,BC,6,0,none,none,none,1,N,N,0,0,0,0,0,1
Florida Keys,Elbow Reef,EL4,EL4-t416,46,13,10,13,95%,JC,1,0,none,none,none,2,N,N,0,0,0,0,0,0
Florida Keys,Elbow Reef,EL4,EL4-t417,46,,,,0%,D,,,,,,,N,N,,,,,,
Florida Keys,Elbow Reef,EL4,EL4-t418,46,90,75,35,30%,AF,1,2,Unk,none,none,1,N,N,0,1,0,0,0,0
Florida Keys,Elbow Reef,EL4,EL4-t420,46,8,7,1,100%,EC,1,0,none,none,none,0,N,N,0,0,0,0,0,0
Florida Keys,Elbow Reef,EL4,EL4-t935,46,12,8,1,95%,EC,1,0,none,none,none,0,N,N,0,0,0,0,0,0
Florida Keys,Elbow Reef,EL5,EL5-t177,46,56,35,50,5%,RC,4,0,none,none,none,2,N,N,0,0,0,0,0,0
Florida Keys,Elbow Reef,EL5,EL5-t180,46,158,125,75,40%,BC,12,0,none,none,none,3,N,N,0,0,0,0,1,0
Florida Keys,Elbow Reef,EL5,EL5-t183,46,24,23,22,70%,RC,1,0,none,none,none,3,N,N,0,0,0,0,0,0
Florida Keys,Elbow Reef,EL5,EL5-t460,46,90,80,15,10%,AF,3,0,none,none,none,1,N,N,0,0,0,0,0,0
Florida Keys,French Reef,FR1,FR1-t002,46,96,58,60,20%,RC,7,2,BL,RTL,none,5,N,N,0,0,0,0,0,0
Florida Keys,French Reef,FR1,FR1-t003,46,39,28,31,80%,JC,1,2,FS,none,none,5,N,N,0,2,0,1,0,0
Florida Keys,French Reef,FR1,FR1-t004,46,65,55,50,1%,RC,1,3,RTL,none,none,1,N,N,0,0,1,0,0,0
Florida Keys,French Reef,FR1,FR1-t005,46,162,128,70,55%,BC,6,1,Unk,none,none,4,N,N,1,0,2,0,0,0
Florida Keys,French Reef,FR1,FR1-t006,46,174,125,73,40%,BC,16,1,FS,RTL,none,1,N,Y,1,2,2,0,1,0
Florida Keys,French Reef,FR1,FR1-t007,46,25,14,13,75%,JC,2,1,FS,none,none,1,N,N,0,0,1,0,0,0
Florida Keys,French Reef,FR1,FR1-t008,46,49,40,38,85%,BC,1,0,none,none,none,4,N,N,2,0,1,0,1,0
Florida Keys,French Reef,FR1,FR1-t009,46,170,142,75,40%,BC,7,1,Unk,none,none,2,N,N,1,0,4,0,0,0
Florida Keys,French Reef,FR1,FR1-t010,46,65,50,35,20%,RC,3,3,RTL,BL,none,4,N,N,0,0,1,0,1,1
Florida Keys,French Reef,FR1,FR1-t860,46,16,11,5,50%,EC,1,2,FS,none,none,3,N,N,0,0,0,0,0,0
Florida Keys,French Reef,FR1,FR1-t861,46,78,48,57,80%,BC,1,1,FP,none,none,1,N,N,0,0,2,0,1,0
Florida Keys,French Reef,FR1,FR1-t976,46,10,9,10,90%,JC,1,0,none,none,none,0,N,N,0,0,1,0,0,0
Florida Keys,French Reef,FR2,FR2-t236,46,6,4,1,100%,EC,1,0,none,none,none,0,N,N,0,0,0,0,0,0
Florida Keys,French Reef,FR2,FR2-t250,46,100,60,50,2%,RC,5,0,none,none,none,1,N,N,0,0,1,0,1,0
Florida Keys,French Reef,FR2,FR2-t251,46,89,61,72,90%,BC,1,4,RTL,WPx,none,2,N,N,0,0,1,0,1,1
Florida Keys,French Reef,FR2,FR2-t255,46,35,16,26,50%,RC,3,1,CB,none,none,1,N,N,0,0,0,0,0,0
Florida Keys,French Reef,FR2,FR2-t256,46,38,31,34,95%,JC,1,0,none,none,none,1,N,N,0,0,0,0,0,0
Florida Keys,French Reef,FR2,FR2-t258,46,3,3,2,100%,EC,1,0,none,none,none,2,N,N,0,0,0,0,0,0
Florida Keys,French Reef,FR2,FR2-t259,46,30,17,28,50%,RC,8,0,none,none,none,1,N,N,0,0,0,0,0,0
Florida Keys,French Reef,FR2,FR2-t260,46,38,36,39,75%,JC,1,2,FS,CB,none,1,N,N,0,0,0,0,0,0
Florida Keys,French Reef,FR2,FR2-t261,46,27,23,20,5%,RC,3,0,none,none,none,1,N,N,0,0,0,0,0,0
Florida Keys,French Reef,FR2,FR2-t447,46,16,13,12,1%,RC,2,0,none,none,none,0,N,N,0,0,0,0,0,0
Florida Keys,French Reef,FR2,FR2-t470,46,23,21,22,90%,JC,1,0,none,none,none,1,N,N,0,0,0,0,0,0
Florida Keys,French Reef,FR2,FR2-t471,46,15,13,14,100%,JC,1,0,none,none,none,3,N,N,0,0,0,0,0,0
Florida Keys,French Reef,FR3,FR3-t444,46,26,20,14,75%,RC,1,0,none,none,none,1,N,N,0,0,0,0,0,0
Florida Keys,French Reef,FR3,FR3-t446,46,52,45,31,40%,BC,2,0,none,none,none,1,N,N,0,0,1,0,0,0
Florida Keys,French Reef,FR3,FR3-t472,46,15,14,19,90%,JC,1,0,none,none,none,2,N,N,0,0,1,0,0,0
Florida Keys,French Reef,FR3,FR3-t473,46,27,17,12,45%,SF,1,0,none,none,none,1,N,N,0,0,0,1,0,0
Florida Keys,French Reef,FR3,FR3-t474,46,60,40,30,5%,RC,2,0,none,none,none,0,N,N,0,0,0,0,0,0
Florida Keys,French Reef,FR3,FR3-t818,46,15,10,10,75%,JC,1,0,none,none,none,1,N,N,0,0,0,0,0,0
Florida Keys,French Reef,FR3,FR3-t820,46,152,95,75,5%,RC,19,1,RTL,none,none,1,N,N,0,0,1,0,1,0
Florida Keys,French Reef,FR3,FR3-t824,46,15,11,7,100%,JC,1,0,none,none,none,0,N,N,0,0,0,1,0,0
Florida Keys,French Reef,FR3,FR3-t825,46,55,40,30,5%,RC,2,0,none,none,none,3,N,N,0,0,1,0,1,0
Florida Keys,French Reef,FR3,FR3-t862,46,97,82,51,55%,BC,11,1,Unk,CL,none,1,N,Y,1,0,2,0,0,0
Florida Keys,French Reef,FR3,FR3-t863,46,105,64,60,5%,RC,5,2,RTL,none,none,2,N,N,0,0,2,0,1,0
Florida Keys,French Reef,FR3,FR3-t864,46,20,14,8,0%,D,,5,RTL,none,none,,N,N,,,,,,
Florida Keys,French Reef,FR3,FR3-t866,46,17,15,13,100%,JC,1,0,none,none,none,1,N,N,0,0,0,0,0,0
Florida Keys,Grecian Rocks,GR1,GR1-t469,46,11,9,3,100%,EC,1,0,none,none,none,1,N,N,0,0,0,0,0,0
Florida Keys,Grecian Rocks,GR2,GR2-t429,46,40,30,15,0%,D,,1,BL,none,none,,N,N,,0,0,0,0,0
Florida Keys,Grecian Rocks,GR2,GR2-t430,46,9,5,5,0%,D,,1,RTL,none,none,,N,N,,,,,,
Florida Keys,Grecian Rocks,GR2,GR2-t431,46,,,,0%,D,,,,,,,N,N,,,,,,
Florida Keys,Grecian Rocks,GR2,GR2-t466,46,6,3,2,100%,EC,1,0,none,none,none,4,N,N,0,0,0,0,0,0
Florida Keys,Grecian Rocks,GR2,GR2-t467,46,11,11,10,100%,JC,1,0,none,none,none,4,N,N,0,0,0,0,0,0
Florida Keys,Grecian Rocks,GR2,GR2-t840,46,85,45,50,1%,RC,2,2,RTL,none,none,5,N,N,0,,,,,
Florida Keys,Grecian Rocks,GR2,GR2-t841,46,120,110,70,5%,RC,8,1,RTL,BL,none,5,N,N,0,0,0,0,0,0
Florida Keys,Grecian Rocks,GR2,GR2-t844,46,3,2,1,100%,EC,1,0,none,none,none,3,N,N,0,0,0,0,0,0
Florida Keys,Grecian Rocks,GR2,GR2-t846,46,155,70,80,2%,RC,4,0,none,none,none,4,N,N,0,0,0,0,0,0
Florida Keys,Grecian Rocks,GR2,GR2-t847,46,55,20,20,20%,RC,3,2,RTL,none,none,3,N,N,0,0,0,0,0,0
Florida Keys,Grecian Rocks,GR2,GR2-t850,46,110,70,70,0%,D,,1,RTL,none,none,,N,N,,,,,,
Florida Keys,Grecian Rocks,GR2,GR2-t885,46,22,18,24,5%,RC,2,1,BL,none,none,5,N,N,0,0,0,0,0,0
Florida Keys,Grecian Rocks,GR2,GR2-t886,46,,,,0%,D,,,,,,,N,N,,,,,,
Florida Keys,Grecian Rocks,GR3,GR3-t397,46,50,40,30,5%,RC,2,0,none,none,none,0,N,N,0,0,0,0,0,0
Florida Keys,Grecian Rocks,GR3,GR3-t398,46,60,40,48,20%,RC,6,3,BL,FS,none,2,N,N,0,0,0,0,0,0
Florida Keys,Grecian Rocks,GR3,GR3-t412,46,19,19,11,100%,JC,1,0,none,none,none,3,N,N,0,0,0,0,0,0
Florida Keys,Grecian Rocks,GR3,GR3-t468,46,59,37,33,95%,BC,1,0,none,none,none,3,N,N,0,0,0,0,0,0
Florida Keys,Grecian Rocks,GR3,GR3-t870,46,36,16,33,25%,RC,3,1,FS,none,none,3,N,N,0,1,0,0,0,0
Florida Keys,Grecian Rocks,GR3,GR3-t871,46,27,19,23,65%,JC,1,5,RTL,none,none,4,N,N,0,0,0,0,0,0
Florida Keys,Grecian Rocks,GR3,GR3-t872,46,21,15,13,100%,JC,1,0,none,none,none,2,N,N,0,0,0,0,0,0
Florida Keys,Grecian Rocks,GR3,GR3-t873,46,50,25,25,1%,RC,1,1,RTL,none,none,4,N,N,0,0,0,0,0,0
Florida Keys,Grecian Rocks,GR3,GR3-t874,46,11,10,4,100%,EC,1,0,none,none,none,1,N,N,0,0,0,0,0,0
Florida Keys,Grecian Rocks,GR3,GR3-t876,46,9,6,10,100%,JC,1,0,none,none,none,3,N,N,0,0,0,0,0,0
Florida Keys,Grecian Rocks,GR3,GR3-t877,46,90,53,45,10%,RC,8,0,none,none,none,3,N,N,0,0,0,0,0,0
Florida Keys,Grecian Rocks,GR3,GR3-t881,46,35,15,12,15%,RC,1,3,RTL,none,none,3,N,N,0,0,0,0,0,0
Florida Keys,Key Largo Dry Rocks,KL1,KL1-t105,46,56,48,40,0%,D,,5,RTL,none,none,,N,N,,,,,,
Florida Keys,Key Largo Dry Rocks,KL1,KL1-t106,46,9,6,5,0%,D,,5,RTL,none,none,,N,N,,,,,,
Florida Keys,Key Largo Dry Rocks,KL1,KL1-t107,46,5,4,1,0%,D,,5,RTL,none,none,,N,N,,,,,,
Florida Keys,Key Largo Dry Rocks,KL1,KL1-t108,46,4,3,2,90%,JC,1,0,none,none,none,5,N,N,0,0,0,0,0,0
Florida Keys,Key Largo Dry Rocks,KL1,KL1-t110,46,170,90,70,1%,RC,7,0,none,none,none,3,N,N,0,0,0,0,1,0
Florida Keys,Key Largo Dry Rocks,KL1,KL1-t374,46,10,7,7,100%,JC,1,0,none,none,none,5,N,N,0,0,0,0,0,0
Florida Keys,Key Largo Dry Rocks,KL1,KL1-t388,46,,,,0%,D,,,,,,,N,N,,,,,,
Florida Keys,Key Largo Dry Rocks,KL3,KL3-t215,46,12,8,10,0%,D,,5,RTL,none,none,,N,N,,,,,,
Florida Keys,Key Largo Dry Rocks,KL3,KL3-t217,46,22,9,9,0%,D,,5,Unk,none,none,,N,N,,,,,,
Florida Keys,Key Largo Dry Rocks,KL3,KL3-t220,46,33,18,18,0%,D,,5,RTL,FS,none,,N,N,,,,,,
Florida Keys,Key Largo Dry Rocks,KL3,KL3-t372,46,12,6,8,0%,D,,5,Unk,none,none,,N,N,,,,,,
Florida Keys,Key Largo Dry Rocks,KL3,KL3-t401,46,9,8,12,20%,RC,2,5,RTL,none,none,3,N,N,1,0,1,0,0,0
Florida Keys,Key Largo Dry Rocks,KL3,KL3-t402,46,7,4,3,90%,JC,1,0,none,none,none,4,N,N,0,0,1,0,0,0
Florida Keys,Key Largo Dry Rocks,KL3,KL3-t424,46,21,13,16,95%,JC,1,5,Unk,none,none,2,N,N,0,0,0,0,0,0
Florida Keys,Key Largo Dry Rocks,KL3,KL3-t897,46,16,13,22,95%,JC,1,0,none,none,none,4,N,N,0,0,0,0,0,0
Florida Keys,Key Largo Dry Rocks,KL3,KL3-t898,46,2,1,1,100%,EC,1,0,none,none,none,5,N,N,0,0,0,0,0,0
Florida Keys,Key Largo Dry Rocks,KL3,KL3-t899,46,40,32,31,99%,BC,1,5,Unk,none,none,3,N,N,0,1,0,0,0,0
Florida Keys,Key Largo Dry Rocks,KL3,KL3-t966,46,39,28,26,60%,RC,2,3,RTL,FS,none,1,N,N,1,2,1,0,0,0
Florida Keys,Key Largo Dry Rocks,KL3,KL3-t968,46,37,31,33,80%,JC,1,1,FS,none,none,2,N,N,0,2,0,0,0,0
Florida Keys,Key Largo Dry Rocks,KL3,KL3-t969,46,48,46,38,100%,BC,1,0,none,none,none,3,N,N,0,0,0,0,0,0
Florida Keys,Key Largo Dry Rocks,KL4,KL4-t853,46,214,120,80,70%,BC,20,1,FS,none,none,4,N,N,0,21,0,1,0,1
Florida Keys,Key Largo Dry Rocks,KL4,KL4-t893,46,86,60,30,25%,RC,4,1,FS,none,none,3,N,N,0,4,0,0,0,0
Florida Keys,Molasses Reef,ML1,ML1-t013,46,199,137,87,70%,BC,19,1,Unk,FS,none,1,N,N,0,3,0,0,1,2
Florida Keys,Molasses Reef,ML1,ML1-t015,46,40,38,34,20%,RC,5,1,RTL,none,none,0,N,N,0,0,0,0,0,0
Florida Keys,Molasses Reef,ML1,ML1-t016,46,151,120,76,85%,BC,10,1,FS,none,none,1,N,N,1,3,1,0,2,4
Florida Keys,Molasses Reef,ML1,ML1-t017,46,46,32,36,80%,BC,2,1,FS,CL,CB,0,N,N,0,0,0,0,0,0
Florida Keys,Molasses Reef,ML1,ML1-t018,46,120,74,46,90%,BC,1,3,WPx,RTL,none,1,N,N,0,0,0,0,2,1
Florida Keys,Molasses Reef,ML1,ML1-t020,46,180,140,70,1%,RC,6,0,none,none,none,0,N,N,0,0,0,0,0,0
Florida Keys,Molasses Reef,ML1,ML1-t404,46,8,5,3,100%,EC,1,0,none,none,none,0,N,N,0,0,0,0,0,0
Florida Keys,Molasses Reef,ML1,ML1-t426,46,3,2,3,100%,EC,1,0,none,none,none,0,N,N,0,0,0,0,0,0
Florida Keys,Molasses Reef,ML1,ML1-t427,46,7,5,2,100%,AF,1,0,none,none,none,0,N,N,0,0,0,0,0,0
Florida Keys,Molasses Reef,ML1,ML1-t464,46,4,3,2,100%,EC,1,0,none,none,none,0,N,N,0,0,0,0,0,0
Florida Keys,Molasses Reef,ML1,ML1-t882,46,6,5,2,100%,EC,1,0,none,none,none,0,N,N,0,0,0,0,0,0
Florida Keys,Molasses Reef,ML2,ML2-t126,46,190,102,103,40%,BC,18,1,RTL,FS,none,1,Y,N,3,5,3,0,1,0
Florida Keys,Molasses Reef,ML2,ML2-t129,46,60,55,30,1%,RC,1,1,FS,none,none,0,N,N,0,0,2,0,1,0
Florida Keys,Molasses Reef,ML2,ML2-t131,46,180,140,82,70%,BC,10,1,FS,none,none,1,Y,N,2,0,1,1,0,0
Florida Keys,Molasses Reef,ML2,ML2-t132,46,194,144,85,15%,BC,17,2,WBD,none,none,1,Y,N,1,0,0,0,1,0
Florida Keys,Molasses Reef,ML2,ML2-t249,46,9,8,6,90%,EC,1,0,none,none,none,0,N,N,0,0,0,0,0,0
Florida Keys,Molasses Reef,ML2,ML2-t425,46,29,17,20,45%,RC,2,1,WPx,none,none,0,Y,N,0,0,1,0,0,0
Florida Keys,Molasses Reef,ML2,ML2-t442,46,4,2,2,95%,EC,1,0,none,none,none,0,N,N,0,0,0,0,0,0
Florida Keys,Molasses Reef,ML2,ML2-t443,46,20,12,10,35%,RC,1,3,Unk,none,none,0,N,N,0,0,0,0,0,0
Florida Keys,Molasses Reef,ML2,ML2-t868,46,51,35,30,20%,RC,1,2,Unk,none,none,1,N,N,3,0,1,0,0,0
Florida Keys,Molasses Reef,ML2,ML2-t869,46,30,17,14,5%,RC,1,2,Unk,none,none,0,N,N,0,0,1,0,0,0
Florida Keys,Molasses Reef,ML2,ML2-t952,46,44,38,22,45%,RC,7,3,WBD,FS,none,0,N,N,0,1,1,0,0,0
Florida Keys,Molasses Reef,ML2,ML2-t954,46,9,8,6,10%,EC,2,5,RTL,none,none,0,N,N,0,0,0,0,0,0
Florida Keys,Molasses Reef,ML3,ML3-t144,46,170,114,79,60%,BC,7,2,FS,RTL,none,1,N,N,0,14,2,1,0,0
Florida Keys,Molasses Reef,ML3,ML3-t145,46,228,132,62,25%,BC,15,1,FP,none,none,1,N,N,2,0,2,1,1,0
Florida Keys,Molasses Reef,ML3,ML3-t146,46,224,189,70,40%,BC,20,1,Unk,FS,FP,1,N,N,0,0,3,0,1,0
Florida Keys,Molasses Reef,ML3,ML3-t147,46,215,100,80,20%,BC,15,1,RTL,none,none,1,N,N,2,2,2,0,1,0
Florida Keys,Molasses Reef,ML3,ML3-t148,46,147,105,85,25%,BC,16,1,RTL,none,none,0,N,N,1,0,1,0,0,0
Florida Keys,Molasses Reef,ML3,ML3-t150,46,80,70,40,5%,RC,2,2,FS,RTL,none,0,N,N,0,2,0,1,0,0
Florida Keys,Molasses Reef,ML3,ML3-t184,46,236,210,85,40%,BC,14,2,RTL,FS,FP,1,N,N,1,3,1,0,1,0
Florida Keys,Molasses Reef,ML3,ML3-t186,46,14,10,3,10%,EC,1,0,none,none,none,0,N,N,0,0,1,0,0,0
Florida Keys,Molasses Reef,ML3,ML3-t465,46,21,14,10,80%,JC,1,0,none,none,none,0,N,N,0,0,0,0,0,0
Florida Keys,Molasses Reef,ML3,ML3-t915,46,78,54,52,40%,BC,2,1,RTL,FP,none,2,N,N,0,1,1,0,0,0
Florida Keys,Molasses Reef,ML3,ML3-t955,46,132,81,50,20%,BC,14,1,Unk,none,none,2,N,N,2,0,1,0,1,0
Florida Keys,Molasses Reef,ML3,ML3-t956,46,21,18,14,100%,JC,1,0,none,none,none,0,N,N,0,0,0,0,0,0
Florida Keys,Sand Island,SI1,SI1-t302,46,,,,,G,,,,,,,N,N,,,,,,
Florida Keys,Sand Island,SI1,SI1-t303,46,,,,0%,D,,,,,,,N,N,,,,,,
Florida Keys,Sand Island,SI1,SI1-t305,46,,,,0%,D,,,,,,,N,N,,,,,,
Florida Keys,Sand Island,SI1,SI1-t307,46,98,70,78,30%,BC,11,2,RTL,none,none,1,N,N,0,0,1,0,1,0
Florida Keys,Sand Island,SI1,SI1-t308,46,56,52,65,30%,RC,3,1,CL,none,none,0,N,N,0,0,0,0,1,0
Florida Keys,Sand Island,SI1,SI1-t312,46,63,37,36,90%,BC,1,5,RTL,none,none,2,N,N,0,0,0,0,0,0
Florida Keys,Sand Island,SI1,SI1-t332,46,181,163,75,70%,BC,9,2,RTL,FS,none,1,N,N,0,2,0,0,1,0
Florida Keys,Sand Island,SI1,SI1-t403,46,82,50,45,90%,BC,1,4,FS,none,none,1,N,N,0,0,0,0,0,0
Florida Keys,Sand Island,SI1,SI1-t436,46,13,12,6,85%,EC,1,0,none,none,none,0,N,N,0,0,0,0,0,0
Florida Keys,Sand Island,SI1,SI1-t475,46,9,5,2,100%,EC,1,0,none,none,none,0,N,N,0,0,0,0,0,0
Florida Keys,Sand Island,SI1,SI1-t476,46,11,7,7,95%,EC,1,0,none,none,none,0,N,N,0,0,0,0,0,0
Florida Keys,Sand Island,SI1,SI1-t477,46,170,138,80,80%,BC,4,2,RTL,WPx,FS,1,N,N,0,0,0,0,2,1
Florida Keys,Sand Island,SI1,SI1-t478,46,14,10,4,95%,EC,1,0,none,none,none,0,N,N,0,0,0,0,0,0
Florida Keys,Sand Island,SI1,SI1-t958,46,25,21,17,85%,JC,1,5,RTL,none,none,1,N,N,0,0,0,0,0,0
Florida Keys,Sand Island,SI1,SI1-t959,46,53,40,34,80%,BC,1,4,FS,RTL,none,3,N,Y,0,1,0,1,0,0
Florida Keys,Sand Island,SI2,SI2-t313,46,169,90,130,50%,BC,16,3,RTL,none,none,0,N,N,0,0,0,0,0,0
Florida Keys,Sand Island,SI2,SI2-t323,46,105,55,48,45%,BC,4,1,RTL,none,none,1,N,Y,1,0,1,1,1,0
Florida Keys,Sand Island,SI2,SI2-t324,46,161,107,100,75%,BC,1,2,RTL,FP,none,1,N,N,0,0,1,0,1,0
Florida Keys,Sand Island,SI2,SI2-t326,46,232,107,95,70%,BC,8,1,FS,none,none,1,N,Y,2,6,2,0,0,0
Florida Keys,Sand Island,SI2,SI2-t330,46,20,14,6,0%,D,,5,RTL,none,none,,N,N,,,,,,
Florida Keys,Sand Island,SI2,SI2-t331,46,28,22,22,75%,JC,1,0,none,none,none,0,N,N,0,0,0,0,0,0
Florida Keys,Sand Island,SI2,SI2-t334,46,232,210,155,45%,BC,35,3,RTL,WBD,none,1,N,Y,2,0,3,0,1,2
Florida Keys,Sand Island,SI2,SI2-t399,46,77,62,65,75%,BC,2,2,RTL,none,none,1,N,N,0,0,0,0,1,0
Florida Keys,Sand Island,SI2,SI2-t435,46,74,71,38,99%,BC,1,0,none,none,none,0,N,N,0,0,0,0,0,0
Florida Keys,Sand Island,SI2,SI2-t479,46,67,65,55,99%,BC,1,1,FP,none,none,1,N,N,1,0,1,0,1,0
Florida Keys,Sand Island,SI2,SI2-t960,46,109,76,70,90%,BC,1,0,none,none,none,1,N,Y,0,0,1,0,0,0
Florida Keys,Sand Island,SI2,SI2-t961,46,60,49,53,90%,BC,1,5,RTL,FS,none,1,N,Y,0,2,0,0,0,3
Florida Keys,Sand Island,SI2,SI2-t962,46,225,110,77,70%,BC,11,2,RTL,WPx,none,1,N,Y,1,0,1,0,1,0
Florida Keys,Sand Island,SI3,SI3-t315,46,5,4,3,95%,EC,1,0,none,none,none,0,N,N,0,0,0,0,0,0
Florida Keys,Sand Island,SI3,SI3-t316,46,2,1,1,100%,EC,1,0,none,none,none,1,N,N,0,,,,,
Florida Keys,Sand Island,SI3,SI3-t317,46,2,1,1,100%,EC,1,0,none,none,none,0,N,N,0,0,0,0,0,0
Florida Keys,Sand Island,SI3,SI3-t338,46,63,43,35,70%,BC,1,2,RTL,none,none,1,N,N,0,0,0,0,1,0
Florida Keys,Sand Island,SI3,SI3-t341,46,123,106,83,45%,BC,16,1,FS,none,none,1,N,N,0,8,0,0,1,2
Florida Keys,Sand Island,SI3,SI3-t345,46,9,6,4,100%,EC,1,0,none,none,none,0,N,N,0,0,0,0,0,0
Florida Keys,Sand Island,SI3,SI3-t346,46,,,,0%,D,,,,,,,N,N,,,,,,
Florida Keys,Sand Island,SI3,SI3-t964,46,75,25,40,1%,RC,3,1,RTL,none,none,0,N,N,0,0,0,0,0,0
Florida Keys,Carysfort Reef,CF1,CF1-t024,47,3,2,1,100%,EC,1,0,none,none,none,0,,,0,,,,,
Florida Keys,Carysfort Reef,CF2,CF2-t042,47,,,,0%,D,,,,,,,,,0,,,,,
Florida Keys,Carysfort Reef,CF3,CF3-t088,47,259,143,95,15%,BC,13,1,CL,UNK,none,0,,,0,,,,,
Florida Keys,Carysfort Reef,CF3,CF3-t090,47,3,2,3,100%,EC,1,0,none,none,none,0,,,0,,,,,
Florida Keys,Carysfort Reef,CF3,CF3-t092,47,192,110,77,25%,BC,17,1,FS,none,none,0,,,0,,,,,
Florida Keys,Carysfort Reef,CF3,CF3-t095,47,27,17,14,100%,JC,1,1,CL,none,none,0,,,0,,,,,
Florida Keys,Carysfort Reef,CF3,CF3-t411,47,,,,0%,D,,,,,,,,,0,,,,,
Florida Keys,Carysfort Reef,CF4,CF4-t812,47,14,12,14,85%,JC,1,0,none,none,none,0,,,0,,,,,
Florida Keys,Elbow Reef,EL1,EL1-t051,47,135,100,97,30%,BC,11,1,FP,none,none,0,,,0,,,,,
Florida Keys,Elbow Reef,EL1,EL1-t052,47,252,237,102,60%,BC,26,0,none,none,none,0,,,0,,,,,
Florida Keys,Elbow Reef,EL1,EL1-t054,47,126,105,76,65%,BC,9,1,UNK,none,none,0,,,0,,,,,
Florida Keys,Elbow Reef,EL1,EL1-t055,47,230,160,86,50%,BC,16,2,RTL,none,none,0,,,0,,,,,
Florida Keys,Elbow Reef,EL1,EL1-t056,47,110,83,64,70%,BC,10,0,none,none,none,0,,,0,,,,,
Florida Keys,Elbow Reef,EL1,EL1-t060,47,135,112,74,60%,BC,2,1,CL,FS,none,0,,,0,,,,,
Florida Keys,Elbow Reef,EL1,EL1-t232,47,105,62,60,85%,BC,1,3,RTL,FS,none,0,,,0,,,,,
Florida Keys,Elbow Reef,EL1,EL1-t441,47,74,43,40,85%,BC,1,0,none,none,none,0,,,0,,,,,
Florida Keys,Elbow Reef,EL1,EL1-t977,47,120,82,84,55%,BC,11,2,RTL,none,none,0,,,0,,,,,
Florida Keys,Elbow Reef,EL1,EL1-t978,47,90,43,42,95%,BC,2,0,none,none,none,0,N,N,0,,,,,
Florida Keys,Elbow Reef,EL1,EL1-t979,47,170,118,74,80%,BC,1,0,none,none,none,0,,,0,,,,,
Florida Keys,Elbow Reef,EL2,EL2-t065,47,12,9,2,100%,EC,1,0,none,none,none,0,,,0,,,,,
Florida Keys,Elbow Reef,EL2,EL2-t066,47,160,110,80,20%,BC,33,2,RTL,CB,none,0,,,0,,,,,
Florida Keys,Elbow Reef,EL2,EL2-t067,47,32,18,22,10%,RC,2,0,none,none,none,0,,,0,,,,,
Florida Keys,Elbow Reef,EL2,EL2-t072,47,72,63,49,5%,RC,2,0,none,none,none,0,,,0,,,,,
Florida Keys,Elbow Reef,EL2,EL2-t073,47,105,94,64,20%,RC,16,2,FS,none,none,0,,,0,,,,,
Florida Keys,Elbow Reef,EL2,EL2-t246,47,11,4,6,75%,EC,2,0,none,none,none,0,,,0,,,,,
Florida Keys,Elbow Reef,EL2,EL2-t247,47,45,18,27,15%,RC,7,4,FS,RTL,CL,0,,,0,,,,,
Florida Keys,Elbow Reef,EL2,EL2-t437,47,17,11,4,95%,EC,1,0,none,none,none,0,,,0,,,,,
Florida Keys,Elbow Reef,EL2,EL2-t439,47,58,34,28,40%,RC,6,2,none,UNK,none,0,,,0,,,,,
Florida Keys,Elbow Reef,EL2,EL2-t440,47,71,24,17,50%,RC,6,0,none,none,none,0,,,0,,,,,
Florida Keys,Elbow Reef,EL2,EL2-t913,47,245,155,95,40%,BC,22,1,none,RTL,none,1,,,0,,,,,
Florida Keys,Elbow Reef,EL3,EL3-t077,47,68,30,25,10%,RC,4,0,none,none,none,0,,,0,,,,,
Florida Keys,Elbow Reef,EL3,EL3-t079,47,42,16,15,10%,RC,2,0,none,none,none,0,,,0,,,,,
Florida Keys,Elbow Reef,EL3,EL3-t083,47,119,84,78,45%,BC,7,0,none,none,none,0,,,0,,,,,
Florida Keys,Elbow Reef,EL3,EL3-t086,47,205,115,70,30%,BC,17,1,FS,none,none,0,,,0,,,,,
Florida Keys,Elbow Reef,EL3,EL3-t400,47,,,,0%,D,,,,,,,,,0,,,,,
Florida Keys,Elbow Reef,EL3,EL3-t422,47,57,29,28,20%,RC,4,0,none,none,none,0,,,0,,,,,
Florida Keys,Elbow Reef,EL3,EL3-t423,47,4,3,2,100%,EC,1,0,none,none,none,0,,,0,,,,,
Florida Keys,Elbow Reef,EL3,EL3-t432,47,,,,0%,D,,,,,,,,,0,,,,,
Florida Keys,Elbow Reef,EL3,EL3-t433,47,,,,0%,D,,,,,,,,,0,,,,,
Florida Keys,Elbow Reef,EL3,EL3-t911,47,112,74,63,80%,BC,3,1,FS,none,none,1,,,0,,,,,
Florida Keys,Elbow Reef,EL3,EL3-t933,47,117,70,63,25%,BC,12,0,none,none,none,0,,,0,,,,,
Florida Keys,Elbow Reef,EL4,EL4-t153,47,190,145,80,40%,BC,34,0,none,none,none,0,,,0,,,,,
Florida Keys,Elbow Reef,EL4,EL4-t154,47,166,134,90,35%,BC,11,1,FS,none,none,0,,,0,,,,,
Florida Keys,Elbow Reef,EL4,EL4-t158,47,50,33,35,60%,BC,3,0,none,none,none,1,,,0,,,,,
Florida Keys,Elbow Reef,EL4,EL4-t168,47,205,175,95,75%,BC,6,0,none,none,none,0,,,0,,,,,
Florida Keys,Elbow Reef,EL4,EL4-t416,47,,,,0%,D,,,,,,,,,0,,,,,
Florida Keys,Elbow Reef,EL4,EL4-t418,47,90,75,35,40%,AF,1,0,none,none,none,0,,,0,,,,,
Florida Keys,Elbow Reef,EL4,EL4-t420,47,,,,0%,D,,,,,,,,,0,,,,,
Florida Keys,Elbow Reef,EL4,EL4-t935,47,12,8,1,95%,EC,1,0,none,none,none,0,,,0,,,,,
Florida Keys,Elbow Reef,EL5,EL5-t177,47,56,35,50,5%,RC,2,1,FS,none,none,0,,,0,,,,,
Florida Keys,Elbow Reef,EL5,EL5-t180,47,160,125,75,40%,BC,8,0,none,none,none,0,,,0,,,,,
Florida Keys,Elbow Reef,EL5,EL5-t183,47,,,,0%,D,,,,,,,,,0,,,,,
Florida Keys,Elbow Reef,EL5,EL5-t460,47,90,80,15,10%,AF,3,0,none,none,none,0,,,0,,,,,
Florida Keys,French Reef,FR1,FR1-t002,47,12,10,1,80%,EC,1,0,none,none,none,0,,,0,,,,,
Florida Keys,French Reef,FR1,FR1-t003,47,39,28,31,20%,RC,3,1,FS,none,none,0,,,0,,,,,
Florida Keys,French Reef,FR1,FR1-t004,47,60,50,45,1%,EC,1,0,none,none,none,0,,,0,,,,,
Florida Keys,French Reef,FR1,FR1-t005,47,165,128,70,50%,BC,8,1,FP,none,none,0,,,0,,,,,
Florida Keys,French Reef,FR1,FR1-t006,47,177,125,73,40%,BC,11,1,FS,none,none,0,,,0,,,,,
Florida Keys,French Reef,FR1,FR1-t007,47,25,14,13,20%,RC,6,0,none,none,none,0,,,0,,,,,
Florida Keys,French Reef,FR1,FR1-t008,47,43,41,38,80%,BC,1,0,none,none,none,0,,,0,,,,,
Florida Keys,French Reef,FR1,FR1-t009,47,170,142,75,40%,BC,7,1,FP,none,none,0,,,0,,,,,
Florida Keys,French Reef,FR1,FR1-t010,47,,,,0%,D,,,,,,,,,0,,,,,
Florida Keys,French Reef,FR1,FR1-t860,47,,,,0%,D,,,,,,,,,0,,,,,
Florida Keys,French Reef,FR1,FR1-t861,47,84,50,57,80%,BC,1,0,none,none,none,0,,,0,,,,,
Florida Keys,French Reef,FR1,FR1-t976,47,12,9,11,95%,JC,1,0,none,none,none,0,,,0,,,,,
Florida Keys,French Reef,FR2,FR2-t236,47,4,3,1,100%,EC,1,0,none,none,none,0,,,0,,,,,
Florida Keys,French Reef,FR2,FR2-t250,47,100,60,50,1%,RC,4,0,none,none,none,0,,,0,,,,,
Florida Keys,French Reef,FR2,FR2-t251,47,89,61,72,1%,RC,5,1,RTL,none,none,0,N,N,0,,,,,
Florida Keys,French Reef,FR2,FR2-t255,47,29,16,25,50%,RC,2,0,none,none,none,0,,,0,,,,,
Florida Keys,French Reef,FR2,FR2-t256,47,38,33,34,80%,JC,1,3,FS,none,none,0,,,0,,,,,
Florida Keys,French Reef,FR2,FR2-t258,47,3,3,2,100%,EC,1,0,none,none,none,0,,,0,,,,,
Florida Keys,French Reef,FR2,FR2-t259,47,28,17,28,55%,RC,7,0,none,none,none,0,,,0,,,,,
Florida Keys,French Reef,FR2,FR2-t260,47,38,36,39,1%,RC,1,4,RTL,none,none,0,,,0,,,,,
Florida Keys,French Reef,FR2,FR2-t261,47,27,23,20,5%,RC,3,0,none,none,none,0,,,0,,,,,
Florida Keys,French Reef,FR2,FR2-t447,47,16,13,12,1%,EC,1,0,none,none,none,0,,,0,,,,,
Florida Keys,French Reef,FR2,FR2-t470,47,23,21,22,65%,JC,8,5,RTL,none,none,0,,,0,,,,,
Florida Keys,French Reef,FR2,FR2-t471,47,,,,0%,D,,,,,,,,,0,,,,,
Florida Keys,French Reef,FR3,FR3-t444,47,27,22,14,75%,RC,1,0,none,none,none,0,,,0,,,,,
Florida Keys,French Reef,FR3,FR3-t446,47,53,45,31,35%,BC,6,0,none,none,none,0,,,0,,,,,
Florida Keys,French Reef,FR3,FR3-t472,47,18,16,20,90%,JC,1,1,FS,none,none,0,,,0,,,,,
Florida Keys,French Reef,FR3,FR3-t473,47,,,,,G,,,,,,,,,,,,,,
Florida Keys,French Reef,FR3,FR3-t474,47,60,40,30,5%,RC,2,0,none,none,none,0,,,0,,,,,
Florida Keys,French Reef,FR3,FR3-t818,47,15,11,10,60%,RC,2,0,none,none,none,0,,,0,,,,,
Florida Keys,French Reef,FR3,FR3-t820,47,152,95,75,1%,RC,9,0,none,none,none,0,,,0,,,,,
Florida Keys,French Reef,FR3,FR3-t824,47,16,11,8,100%,JC,1,0,none,none,none,0,,,0,,,,,
Florida Keys,French Reef,FR3,FR3-t825,47,55,40,30,5%,RC,2,0,none,none,none,0,,,0,,,,,
Florida Keys,French Reef,FR3,FR3-t862,47,97,82,51,60%,BC,8,0,none,none,none,0,,,0,,,,,
Florida Keys,French Reef,FR3,FR3-t863,47,,,,0%,D,,,,,,,,,0,,,,,
Florida Keys,French Reef,FR3,FR3-t866,47,20,15,14,100%,JC,1,0,none,none,none,0,,,0,,,,,
Florida Keys,Grecian Rocks,GR1,GR1-t469,47,12,8,4,100%,EC,1,0,none,none,none,0,,,0,,,,,
Florida Keys,Grecian Rocks,GR2,GR2-t466,47,,,,0%,D,,,,,,,,,0,,,,,
Florida Keys,Grecian Rocks,GR2,GR2-t467,47,13,11,10,100%,JC,1,0,none,none,none,0,,,0,,,,,
Florida Keys,Grecian Rocks,GR2,GR2-t840,47,,,,0%,D,,,,,,,,,0,,,,,
Florida Keys,Grecian Rocks,GR2,GR2-t841,47,,,,0%,D,,,,,,,,,0,,,,,
Florida Keys,Grecian Rocks,GR2,GR2-t844,47,,,,0%,D,,,,,,,,,0,,,,,
Florida Keys,Grecian Rocks,GR2,GR2-t846,47,155,70,80,1%,RC,4,0,none,none,none,0,,,0,,,,,
Florida Keys,Grecian Rocks,GR2,GR2-t847,47,55,20,20,10%,RC,2,0,none,none,none,0,,,0,,,,,
Florida Keys,Grecian Rocks,GR2,GR2-t885,47,,,,0%,D,,,,,,,,,0,,,,,
Florida Keys,Grecian Rocks,GR3,GR3-t397,47,50,40,30,5%,RC,2,0,none,none,none,0,,,0,,,,,
Florida Keys,Grecian Rocks,GR3,GR3-t398,47,60,40,48,10%,RC,4,0,none,none,none,1,,,0,,,,,
Florida Keys,Grecian Rocks,GR3,GR3-t412,47,20,19,12,100%,JC,1,1,none,none,none,1,,,0,,,,,
Florida Keys,Grecian Rocks,GR3,GR3-t468,47,59,37,33,5%,RC,16,1,FS,none,none,0,,,0,,,,,
Florida Keys,Grecian Rocks,GR3,GR3-t870,47,38,16,34,20%,RC,2,,none,none,none,0,,,0,,,,,
Florida Keys,Grecian Rocks,GR3,GR3-t871,47,,,,0%,D,,,,,,,,,0,,,,,
Florida Keys,Grecian Rocks,GR3,GR3-t872,47,,,,0%,D,,,,,,,,,0,,,,,
Florida Keys,Grecian Rocks,GR3,GR3-t873,47,,,,0%,D,,,,,,,,,0,,,,,
Florida Keys,Grecian Rocks,GR3,GR3-t874,47,11,11,6,100%,EC,1,1,none,none,none,0,,,0,,,,,
Florida Keys,Grecian Rocks,GR3,GR3-t876,47,10,6,11,100%,JC,1,1,PFB,none,none,0,,,0,,,,,
Florida Keys,Grecian Rocks,GR3,GR3-t877,47,90,53,45,10%,RC,8,0,none,none,none,0,,,0,,,,,
Florida Keys,Grecian Rocks,GR3,GR3-t881,47,11,8,10,100%,JC,1,0,none,none,none,0,,,0,,,,,
Florida Keys,Key Largo Dry Rocks,KL1,KL1-t108,47,,,,0%,D,,,,,,,,,0,,,,,
Florida Keys,Key Largo Dry Rocks,KL1,KL1-t110,47,165,90,70,1%,RC,3,0,none,none,none,0,,,0,,,,,
Florida Keys,Key Largo Dry Rocks,KL1,KL1-t374,47,,,,0%,D,,,,,,,,,0,,,,,
Florida Keys,Key Largo Dry Rocks,KL3,KL3-t401,47,,,,0%,D,,,,,,,,,0,,,,,
Florida Keys,Key Largo Dry Rocks,KL3,KL3-t402,47,,,,0%,D,,,,,,,,,0,,,,,
Florida Keys,Key Largo Dry Rocks,KL3,KL3-t424,47,,,,0%,D,,,,,,,,,0,,,,,
Florida Keys,Key Largo Dry Rocks,KL3,KL3-t897,47,,,,0%,D,,,,,,,,,0,,,,,
Florida Keys,Key Largo Dry Rocks,KL3,KL3-t898,47,,,,0%,D,,,,,,,,,0,,,,,
Florida Keys,Key Largo Dry Rocks,KL3,KL3-t899,47,40,32,31,15%,RC,6,3,FS,none,none,0,,,0,,,,,
Florida Keys,Key Largo Dry Rocks,KL3,KL3-t966,47,,,,0%,D,,,,,,,,,0,,,,,
Florida Keys,Key Largo Dry Rocks,KL3,KL3-t968,47,35,30,30,1%,RC,4,0,none,none,none,0,,,0,,,,,
Florida Keys,Key Largo Dry Rocks,KL3,KL3-t969,47,53,46,40,95%,BC,1,4,FP,FS,none,1,,,0,,,,,
Florida Keys,Key Largo Dry Rocks,KL4,KL4-t853,47,214,120,80,35%,BC,42,1,FS,none,none,0,,,0,,,,,
Florida Keys,Key Largo Dry Rocks,KL4,KL4-t893,47,86,60,30,10%,RC,1,0,none,none,none,0,,,0,,,,,
Florida Keys,Molasses Reef,ML1,ML1-t013,47,200,137,88,65%,BC,19,1,FS,none,none,0,,,0,,,,,
Florida Keys,Molasses Reef,ML1,ML1-t015,47,41,38,35,20%,RC,4,0,none,none,none,0,,,0,,,,,
Florida Keys,Molasses Reef,ML1,ML1-t016,47,140,118,78,80%,BC,9,1,FS,ABR,none,0,,,0,,,,,
Florida Keys,Molasses Reef,ML1,ML1-t017,47,48,32,36,70%,BC,4,2,FS,CB,none,0,,,0,,,,,
Florida Keys,Molasses Reef,ML1,ML1-t018,47,126,74,46,95%,BC,1,1,PFB,none,none,0,,,0,,,,,
Florida Keys,Molasses Reef,ML1,ML1-t020,47,175,125,70,1%,RC,5,0,none,none,none,0,,,0,,,,,
Florida Keys,Molasses Reef,ML1,ML1-t404,47,,,,,G,,,,,,,,,,,,,,
Florida Keys,Molasses Reef,ML1,ML1-t426,47,,,,0%,D,,,,,,,,,0,,,,,
Florida Keys,Molasses Reef,ML1,ML1-t427,47,,,,0%,D,,,,,,,,,0,,,,,
Florida Keys,Molasses Reef,ML1,ML1-t464,47,3,3,2,100%,EC,1,0,none,none,none,0,,,0,,,,,
Florida Keys,Molasses Reef,ML1,ML1-t882,47,6,5,2,100%,EC,1,0,none,none,none,0,,,0,,,,,
Florida Keys,Molasses Reef,ML2,ML2-t126,47,192,102,103,35%,BC,30,2,FS,none,none,0,,,0,,,,,
Florida Keys,Molasses Reef,ML2,ML2-t129,47,,,,0%,D,,,,,,,,,0,,,,,
Florida Keys,Molasses Reef,ML2,ML2-t131,47,180,141,82,70%,BC,19,1,OTH,none,none,1,,,0,,,,,
Florida Keys,Molasses Reef,ML2,ML2-t132,47,194,144,85,15%,RC,19,1,WBD,CB,none,1,,,0,,,,,
Florida Keys,Molasses Reef,ML2,ML2-t249,47,,,,,G,,,,,,,,,,,,,,
Florida Keys,Molasses Reef,ML2,ML2-t425,47,29,17,20,1%,RC,3,0,none,none,none,0,,,0,,,,,
Florida Keys,Molasses Reef,ML2,ML2-t442,47,4,3,2,100%,EC,1,0,none,none,none,0,,,0,,,,,
Florida Keys,Molasses Reef,ML2,ML2-t443,47,,,,0%,D,,,,,,,,,0,,,,,
Florida Keys,Molasses Reef,ML2,ML2-t868,47,52,35,30,20%,RC,4,0,none,none,none,1,,,0,,,,,
Florida Keys,Molasses Reef,ML2,ML2-t869,47,4,3,1,100%,EC,1,0,none,none,none,0,,,0,,,,,
Florida Keys,Molasses Reef,ML2,ML2-t952,47,44,38,22,10%,RC,3,1,PFB,none,none,0,,,0,,,,,
Florida Keys,Molasses Reef,ML2,ML2-t954,47,2,1,1,100%,EC,1,0,none,none,none,0,,,0,,,,,
Florida Keys,Molasses Reef,ML3,ML3-t144,47,170,116,79,50%,BC,20,2,FS,none,none,0,,,0,,,,,
Florida Keys,Molasses Reef,ML3,ML3-t145,47,230,132,63,30%,BC,13,0,none,none,none,0,,,0,,,,,
Florida Keys,Molasses Reef,ML3,ML3-t146,47,232,158,70,40%,BC,15,1,FS,CB,CL,0,,,0,,,,,
Florida Keys,Molasses Reef,ML3,ML3-t147,47,218,104,80,20%,BC,9,1,FS,none,none,0,,,0,,,,,
Florida Keys,Molasses Reef,ML3,ML3-t148,47,147,105,85,25%,BC,13,0,none,none,none,0,,,0,,,,,
Florida Keys,Molasses Reef,ML3,ML3-t150,47,,,,0%,D,,,,,,,,,0,,,,,
Florida Keys,Molasses Reef,ML3,ML3-t184,47,236,215,85,35%,BC,19,1,FS,none,none,0,,,0,,,,,
Florida Keys,Molasses Reef,ML3,ML3-t186,47,15,10,3,100%,EC,1,,none,none,none,0,,,0,,,,,
Florida Keys,Molasses Reef,ML3,ML3-t465,47,21,14,10,80%,JC,1,,none,none,none,0,,,0,,,,,
Florida Keys,Molasses Reef,ML3,ML3-t915,47,82,58,40,75%,BC,1,,none,none,none,0,,,0,,,,,
Florida Keys,Molasses Reef,ML3,ML3-t955,47,133,85,52,20%,BC,12,,none,none,none,0,,,0,,,,,
Florida Keys,Molasses Reef,ML3,ML3-t956,47,,,,0%,D,,,,,,,,,0,,,,,
Florida Keys,Sand Island,SI1,SI1-t307,47,102,70,78,25%,BC,9,1,RTL,none,none,0,,,0,,,,,
Florida Keys,Sand Island,SI1,SI1-t308,47,56,52,65,30%,RC,3,1,UNK,none,none,1,N,N,0,,,,,
Florida Keys,Sand Island,SI1,SI1-t312,47,63,37,36,40%,RC,2,3,WBD,FS,none,2,,,0,,,,,
Florida Keys,Sand Island,SI1,SI1-t332,47,177,150,77,60%,BC,3,1,WBD,none,none,0,,,0,,,,,
Florida Keys,Sand Island,SI1,SI1-t403,47,82,51,45,80%,BC,2,0,none,none,none,0,,,0,,,,,
Florida Keys,Sand Island,SI1,SI1-t436,47,14,13,6,85%,EC,1,0,none,none,none,0,,,0,,,,,
Florida Keys,Sand Island,SI1,SI1-t475,47,,,,0%,D,,,,,,,,,0,,,,,
Florida Keys,Sand Island,SI1,SI1-t476,47,11,7,8,99%,EC,1,0,none,none,none,0,,,0,,,,,
Florida Keys,Sand Island,SI1,SI1-t477,47,172,141,80,80%,BC,5,0,none,none,none,0,N,N,0,,,,,
Florida Keys,Sand Island,SI1,SI1-t478,47,,,,0%,D,,,,,,,,,0,,,,,
Florida Keys,Sand Island,SI1,SI1-t958,47,25,20,15,1%,EC,1,0,none,none,none,0,,,0,,,,,
Florida Keys,Sand Island,SI1,SI1-t959,47,53,41,34,20%,RC,12,2,FS,RTL,none,0,,,0,,,,,
Florida Keys,Sand Island,SI2,SI2-t313,47,170,94,128,45%,BC,15,0,none,none,none,0,,,0,,,,,
Florida Keys,Sand Island,SI2,SI2-t323,47,105,57,48,45%,BC,3,0,none,none,none,0,,,0,,,,,
Florida Keys,Sand Island,SI2,SI2-t324,47,167,109,100,70%,BC,2,1,FS,none,none,0,,,0,,,,,
Florida Keys,Sand Island,SI2,SI2-t326,47,232,107,97,65%,BC,13,1,FS,RTL,none,0,,,0,,,,,
Florida Keys,Sand Island,SI2,SI2-t331,47,28,22,23,60%,RC,5,0,none,none,none,0,,,0,,,,,
Florida Keys,Sand Island,SI2,SI2-t334,47,232,215,155,45%,BC,27,1,RTL,none,none,0,,,0,,,,,
Florida Keys,Sand Island,SI2,SI2-t399,47,77,62,65,70%,BC,9,0,none,none,none,0,,,0,,,,,
Florida Keys,Sand Island,SI2,SI2-t435,47,75,71,40,100%,BC,1,0,none,none,none,0,,,0,,,,,
Florida Keys,Sand Island,SI2,SI2-t479,47,69,65,58,99%,BC,1,0,none,none,none,0,,,0,,,,,
Florida Keys,Sand Island,SI2,SI2-t960,47,109,78,65,90%,BC,1,0,none,none,none,0,,,0,,,,,
Florida Keys,Sand Island,SI2,SI2-t961,47,60,52,53,80%,BC,1,2,RTL,FS,CB,0,,,0,,,,,
Florida Keys,Sand Island,SI2,SI2-t962,47,225,110,77,65%,BC,7,0,none,none,none,0,,,0,,,,,
Florida Keys,Sand Island,SI3,SI3-t315,47,5,4,3,95%,EC,1,0,none,none,none,0,,,0,,,,,
Florida Keys,Sand Island,SI3,SI3-t316,47,,,,0%,D,,,,,,,,,0,,,,,
Florida Keys,Sand Island,SI3,SI3-t317,47,,,,0%,D,,,,,,,,,0,,,,,
Florida Keys,Sand Island,SI3,SI3-t338,47,63,43,35,5%,RC,5,2,RTL,CB,none,0,,,0,,,,,
Florida Keys,Sand Island,SI3,SI3-t341,47,123,108,83,40%,BC,25,2,FS,RTL,CB,0,,,0,,,,,
Florida Keys,Sand Island,SI3,SI3-t345,47,,,,0%,D,,,,,,,,,0,,,,,
Florida Keys,Sand Island,SI3,SI3-t964,47,75,25,40,1%,RC,2,0,none,none,none,0,,,0,,,,,
Florida Keys,Carysfort Reef,CF1,CF1-t024,48,4,3,1,100%,EC,1,0,none,none,none,0,,,0,0,0,0,0,0
Florida Keys,Carysfort Reef,CF3,CF3-t088,48,255,147,95,15%,BC,13,1,RTL,FS,CL,0,,,1,5,4,0,0,0
Florida Keys,Carysfort Reef,CF3,CF3-t090,48,4,3,4,95%,JC,1,5,PFB,none,none,0,,,0,0,0,0,0,0
Florida Keys,Carysfort Reef,CF3,CF3-t092,48,193,116,75,25%,BC,25,1,RTL,FS,CL,1,,,2,1,2,0,1,0
Florida Keys,Carysfort Reef,CF3,CF3-t095,48,29,21,15,100%,JC,1,0,none,none,none,0,,,0,0,0,0,0,0
Florida Keys,Carysfort Reef,CF4,CF4-t812,48,15,13,8,90%,EC,1,0,none,none,none,0,,,0,0,0,0,0,0
Florida Keys,Elbow Reef,EL1,EL1-t051,48,135,100,97,30%,BC,15,1,RTL,none,none,0,,,3,0,1,0,1,0
Florida Keys,Elbow Reef,EL1,EL1-t052,48,255,240,102,60%,BC,32,1,WPx,PFB,none,0,,,2,4,4,1,1,3
Florida Keys,Elbow Reef,EL1,EL1-t054,48,128,108,78,75%,BC,10,1,WPx,none,none,0,,,0,0,4,0,0,0
Florida Keys,Elbow Reef,EL1,EL1-t055,48,233,165,65,55%,BC,16,1,WPx,FS,none,0,,,3,0,2,1,0,1
Florida Keys,Elbow Reef,EL1,EL1-t056,48,113,90,63,70%,BC,7,0,none,none,none,0,,,0,0,2,0,0,0
Florida Keys,Elbow Reef,EL1,EL1-t060,48,138,118,72,60%,BC,2,1,WPx,FS,none,0,,,1,0,1,0,1,0
Florida Keys,Elbow Reef,EL1,EL1-t232,48,107,64,60,80%,BC,5,2,FS,none,none,0,,,0,3,0,0,0,0
Florida Keys,Elbow Reef,EL1,EL1-t441,48,75,45,43,85%,BC,1,1,FS,none,none,0,,,0,3,1,1,0,0
Florida Keys,Elbow Reef,EL1,EL1-t977,48,115,87,85,55%,BC,6,1,FS,CL,CB,0,,,1,4,3,0,1,2
Florida Keys,Elbow Reef,EL1,EL1-t978,48,93,46,43,95%,BC,1,0,none,none,none,0,N,N,0,0,0,0,1,0
Florida Keys,Elbow Reef,EL1,EL1-t979,48,173,120,74,80%,BC,3,0,none,none,none,0,,,0,0,2,0,0,0
Florida Keys,Elbow Reef,EL2,EL2-t065,48,13,10,3,100%,EC,1,0,none,none,none,0,,,0,0,0,0,0,0
Florida Keys,Elbow Reef,EL2,EL2-t066,48,157,105,76,15%,RC,55,2,RTL,none,none,0,,,0,0,0,0,1,0
Florida Keys,Elbow Reef,EL2,EL2-t067,48,31,18,22,10%,RC,2,0,none,none,none,0,,,0,0,0,0,0,0
Florida Keys,Elbow Reef,EL2,EL2-t072,48,70,60,50,2%,RC,2,0,none,none,none,0,,,0,0,0,0,0,0
Florida Keys,Elbow Reef,EL2,EL2-t073,48,107,96,63,10%,RC,29,2,FS,none,none,0,,,0,7,0,0,1,0
Florida Keys,Elbow Reef,EL2,EL2-t246,48,15,7,8,95%,JC,2,0,none,none,none,0,,,0,0,0,0,0,0
Florida Keys,Elbow Reef,EL2,EL2-t247,48,32,17,27,1%,RC,2,2,RTL,none,none,0,,,0,0,0,0,0,0
Florida Keys,Elbow Reef,EL2,EL2-t437,48,18,12,6,20%,EC,1,5,RTL,none,none,0,,,0,0,0,0,0,0
Florida Keys,Elbow Reef,EL2,EL2-t439,48,58,34,28,45%,RC,7,0,none,none,none,0,,,0,0,0,0,0,0
Florida Keys,Elbow Reef,EL2,EL2-t440,48,70,24,17,45%,RC,6,0,none,none,none,0,,,0,0,0,0,0,0
Florida Keys,Elbow Reef,EL2,EL2-t913,48,252,157,95,40%,BC,18,0,none,none,none,0,,,0,0,0,0,1,3
Florida Keys,Elbow Reef,EL3,EL3-t077,48,68,30,25,10%,RC,4,0,none,none,none,0,,,0,0,0,0,0,0
Florida Keys,Elbow Reef,EL3,EL3-t079,48,43,15,15,10%,RC,2,0,none,none,none,0,,,0,0,0,0,1,0
Florida Keys,Elbow Reef,EL3,EL3-t083,48,125,86,73,45%,BC,6,1,Unk,none,none,0,,,0,0,1,0,0,0
Florida Keys,Elbow Reef,EL3,EL3-t086,48,202,87,60,30%,BC,16,1,WPx,FS,CB,0,,,0,3,1,0,1,0
Florida Keys,Elbow Reef,EL3,EL3-t422,48,58,29,28,20%,RC,4,0,none,none,none,0,,,0,0,0,0,0,0
Florida Keys,Elbow Reef,EL3,EL3-t423,48,4,2,1,100%,EC,1,0,none,none,none,0,,,0,0,0,0,0,0
Florida Keys,Elbow Reef,EL3,EL3-t911,48,121,76,63,80%,BC,4,0,none,none,none,0,,,0,0,1,0,1,3
Florida Keys,Elbow Reef,EL3,EL3-t933,48,120,62,62,30%,BC,11,1,FS,none,none,1,,,0,3,1,0,2,0
Florida Keys,Elbow Reef,EL4,EL4-t153,48,188,140,80,35%,BC,17,1,FS,none,none,1,,,0,8,0,0,0,0
Florida Keys,Elbow Reef,EL4,EL4-t154,48,172,138,87,35%,BC,31,1,PFB,CL,none,1,,,0,0,0,0,0,2
Florida Keys,Elbow Reef,EL4,EL4-t158,48,48,35,35,60%,BC,3,1,FS,none,none,1,,,0,2,0,0,0,0
Florida Keys,Elbow Reef,EL4,EL4-t168,48,207,178,95,75%,BC,4,1,FP,none,none,0,,,0,6,0,0,0,2
Florida Keys,Elbow Reef,EL4,EL4-t418,48,69,27,35,90%,BC,1,0,none,none,none,0,,,0,0,0,0,0,0
Florida Keys,Elbow Reef,EL4,EL4-t935,48,13,10,2,95%,EC,1,0,none,none,none,0,,,0,0,0,0,0,0
Florida Keys,Elbow Reef,EL5,EL5-t177,48,55,30,50,5%,RC,2,0,none,none,none,0,,,0,0,0,0,0,0
Florida Keys,Elbow Reef,EL5,EL5-t180,48,166,132,75,40%,BC,7,1,FP,CL,none,0,,,0,0,0,0,1,1
Florida Keys,Elbow Reef,EL5,EL5-t460,48,80,70,12,10%,EC,3,1,FS,CB,none,0,,,0,1,0,0,0,1
Florida Keys,French Reef,FR1,FR1-t002,48,12,10,1,80%,EC,1,0,none,none,none,0,,,0,0,0,0,0,1
Florida Keys,French Reef,FR1,FR1-t003,48,30,25,25,20%,RC,3,0,none,none,none,0,,,0,0,0,0,0,0
Florida Keys,French Reef,FR1,FR1-t004,48,4,2,1,100%,EC,1,0,none,none,none,0,,,0,0,1,0,0,0
Florida Keys,French Reef,FR1,FR1-t005,48,168,116,70,50%,BC,9,0,none,none,none,1,,,2,0,2,0,0,0
Florida Keys,French Reef,FR1,FR1-t006,48,180,125,73,40%,BC,14,1,FS,WPx,CB,1,,,1,2,2,0,0,0
Florida Keys,French Reef,FR1,FR1-t007,48,26,14,13,20%,RC,5,0,none,none,none,0,,,0,0,0,0,0,0
Florida Keys,French Reef,FR1,FR1-t008,48,43,43,40,85%,BC,1,0,none,none,none,0,,,0,0,1,0,0,0
Florida Keys,French Reef,FR1,FR1-t009,48,168,140,75,40%,BC,6,1,Unk,CB,none,1,,,2,0,3,0,0,0
Florida Keys,French Reef,FR1,FR1-t861,48,90,54,56,80%,BC,1,1,FP,none,none,0,,,0,0,1,0,0,0
Florida Keys,French Reef,FR1,FR1-t976,48,15,9,12,95%,JC,1,0,none,none,none,0,,,0,0,1,0,0,0
Florida Keys,French Reef,FR2,FR2-t236,48,4,3,1,100%,EC,1,0,none,none,none,0,,,0,0,0,0,0,0
Florida Keys,French Reef,FR2,FR2-t250,48,100,60,50,1%,RC,4,0,none,none,none,0,,,0,0,0,0,0,0
Florida Keys,French Reef,FR2,FR2-t251,48,80,45,60,1%,EC,3,0,none,none,none,0,N,N,0,0,0,0,0,0
Florida Keys,French Reef,FR2,FR2-t255,48,29,18,25,55%,RC,2,1,FS,none,none,0,,,0,4,0,0,0,0
Florida Keys,French Reef,FR2,FR2-t256,48,35,34,34,80%,JC,4,5,FS,CB,none,0,,,0,4,0,0,0,0
Florida Keys,French Reef,FR2,FR2-t258,48,4,3,2,80%,EC,1,0,none,none,none,0,,,0,0,0,0,0,0
Florida Keys,French Reef,FR2,FR2-t259,48,28,19,28,50%,RC,7,0,none,none,none,0,,,0,0,0,0,0,2
Florida Keys,French Reef,FR2,FR2-t260,48,,,,1%,EC,,,,,,0,,,,,,,,
Florida Keys,French Reef,FR2,FR2-t261,48,25,23,20,5%,RC,3,0,none,none,none,0,,,0,0,0,0,0,0
Florida Keys,French Reef,FR2,FR2-t447,48,4,4,1,100%,EC,1,0,none,none,none,0,,,0,0,0,0,0,0
Florida Keys,French Reef,FR2,FR2-t470,48,22,18,20,40%,RC,22,0,none,none,none,0,,,0,0,0,0,0,0
Florida Keys,French Reef,FR3,FR3-t444,48,28,24,15,85%,JC,1,0,none,none,none,0,,,0,0,0,1,0,0
Florida Keys,French Reef,FR3,FR3-t446,48,54,45,32,35%,BC,4,0,none,none,none,0,,,0,0,1,0,0,0
Florida Keys,French Reef,FR3,FR3-t472,48,22,22,23,70%,JC,1,1,FS,none,none,1,,,0,2,0,0,0,0
Florida Keys,French Reef,FR3,FR3-t474,48,60,40,30,5%,RC,2,0,none,none,none,0,,,0,0,0,0,0,0
Florida Keys,French Reef,FR3,FR3-t818,48,16,12,10,85%,JC,1,0,none,none,none,0,,,0,0,0,0,0,0
Florida Keys,French Reef,FR3,FR3-t820,48,148,80,70,2%,RC,10,0,none,none,none,0,,,0,0,1,0,0,0
Florida Keys,French Reef,FR3,FR3-t824,48,17,10,10,100%,JC,1,0,none,none,none,0,,,0,0,0,0,0,0
Florida Keys,French Reef,FR3,FR3-t825,48,50,40,30,5%,RC,2,0,none,none,none,0,,,0,0,1,0,0,0
Florida Keys,French Reef,FR3,FR3-t862,48,74,68,35,50%,BC,8,0,none,none,none,0,,,2,1,1,0,0,0
Florida Keys,French Reef,FR3,FR3-t866,48,23,16,15,100%,JC,1,0,none,none,none,0,,,0,0,0,0,0,0
Florida Keys,Grecian Rocks,GR1,GR1-t469,48,13,8,4,100%,JC,1,0,none,none,none,0,,,0,0,0,0,1,0
Florida Keys,Grecian Rocks,GR2,GR2-t467,48,15,9,10,100%,JC,1,0,none,none,none,0,,,0,0,0,0,0,0
Florida Keys,Grecian Rocks,GR2,GR2-t846,48,155,70,75,1%,RC,4,1,FS,none,none,0,,,0,2,0,0,0,0
Florida Keys,Grecian Rocks,GR2,GR2-t847,48,23,13,10,30%,EC,2,0,none,none,none,0,,,0,0,0,0,0,0
Florida Keys,Grecian Rocks,GR3,GR3-t397,48,50,40,30,5%,RC,2,0,none,none,none,0,,,0,0,0,0,0,0
Florida Keys,Grecian Rocks,GR3,GR3-t398,48,60,36,43,10%,RC,5,0,none,none,none,0,,,0,0,0,0,0,0
Florida Keys,Grecian Rocks,GR3,GR3-t412,48,20,20,14,90%,JC,1,5,FS,none,none,0,,,0,0,0,0,0,0
Florida Keys,Grecian Rocks,GR3,GR3-t468,48,57,38,30,5%,RC,14,0,none,none,none,0,,,0,0,0,0,0,0
Florida Keys,Grecian Rocks,GR3,GR3-t870,48,40,17,35,15%,RC,5,2,FS,none,none,0,,,0,5,0,0,0,0
Florida Keys,Grecian Rocks,GR3,GR3-t874,48,12,12,7,100%,EC,1,0,none,none,none,0,,,0,0,0,0,0,0
Florida Keys,Grecian Rocks,GR3,GR3-t876,48,11,7,11,100%,JC,1,0,none,none,none,0,,,0,0,0,0,0,0
Florida Keys,Grecian Rocks,GR3,GR3-t877,48,90,50,40,10%,RC,7,0,none,none,none,0,,,0,0,0,0,0,0
Florida Keys,Grecian Rocks,GR3,GR3-t881,48,14,10,11,100%,JC,1,0,none,none,none,0,,,0,0,0,0,0,0
Florida Keys,Key Largo Dry Rocks,KL1,KL1-t110,48,165,90,65,1%,RC,3,0,none,none,none,0,,,0,0,0,0,1,0
Florida Keys,Key Largo Dry Rocks,KL3,KL3-t899,48,40,32,30,1%,RC,5,0,none,none,none,0,,,0,0,0,0,0,0
Florida Keys,Key Largo Dry Rocks,KL3,KL3-t968,48,31,27,30,1%,RC,4,0,none,none,none,0,,,0,0,0,0,0,0
Florida Keys,Key Largo Dry Rocks,KL3,KL3-t969,48,58,48,42,70%,BC,1,2,FS,WPx,none,0,,,0,8,0,0,0,0
Florida Keys,Key Largo Dry Rocks,KL4,KL4-t853,48,212,120,80,35%,BC,52,1,FS,FP,none,0,,,0,33,0,0,0,1
Florida Keys,Key Largo Dry Rocks,KL4,KL4-t893,48,25,23,22,30%,RC,1,0,none,none,none,0,,,0,0,0,0,0,0
Florida Keys,Molasses Reef,ML1,ML1-t013,48,203,133,90,65%,BC,34,1,FS,FP,CL,0,,,0,9,1,0,1,2
Florida Keys,Molasses Reef,ML1,ML1-t015,48,43,37,37,20%,RC,4,0,none,none,none,0,,,0,0,0,0,1,0
Florida Keys,Molasses Reef,ML1,ML1-t016,48,142,115,80,80%,BC,16,1,FS,FP,Abr,0,,,0,4,1,1,1,2
Florida Keys,Molasses Reef,ML1,ML1-t017,48,51,34,36,75%,BC,4,1,FS,none,none,0,,,0,1,0,0,0,0
Florida Keys,Molasses Reef,ML1,ML1-t018,48,128,76,46,90%,BC,1,1,FP,Abr,none,0,,,0,0,1,0,0,1
Florida Keys,Molasses Reef,ML1,ML1-t020,48,175,125,70,1%,RC,6,0,none,none,none,0,,,0,0,0,0,1,0
Florida Keys,Molasses Reef,ML1,ML1-t464,48,4,3,1,100%,EC,1,0,none,none,none,0,,,0,0,0,0,0,0
Florida Keys,Molasses Reef,ML1,ML1-t882,48,4,4,2,100%,EC,1,0,none,none,none,0,,,0,0,0,0,0,0
Florida Keys,Molasses Reef,ML2,ML2-t126,48,193,100,102,30%,BC,28,2,FS,CB,none,0,,,3,16,4,0,1,0
Florida Keys,Molasses Reef,ML2,ML2-t131,48,180,142,82,70%,BC,20,1,FS,none,none,0,,,2,3,3,0,1,0
Florida Keys,Molasses Reef,ML2,ML2-t132,48,,,,,G,,,,,,,,,,,,,,
Florida Keys,Molasses Reef,ML2,ML2-t425,48,25,15,20,1%,RC,1,0,none,none,none,0,,,1,0,1,0,0,0
Florida Keys,Molasses Reef,ML2,ML2-t442,48,5,3,3,100%,JC,1,0,none,none,none,0,,,0,0,1,0,0,0
Florida Keys,Molasses Reef,ML2,ML2-t868,48,53,30,25,20%,RC,4,0,none,none,none,0,,,3,0,1,0,0,0
Florida Keys,Molasses Reef,ML2,ML2-t869,48,5,4,1,100%,EC,1,0,none,none,none,0,,,0,0,0,0,0,0
Florida Keys,Molasses Reef,ML2,ML2-t952,48,40,38,20,10%,RC,4,0,none,none,none,0,,,0,0,0,0,1,0
Florida Keys,Molasses Reef,ML2,ML2-t954,48,2,1,1,100%,EC,1,0,none,none,none,0,,,0,0,0,0,0,0
Florida Keys,Molasses Reef,ML3,ML3-t144,48,172,119,80,40%,BC,26,2,FS,RTL,CB,0,,,2,36,2,1,1,0
Florida Keys,Molasses Reef,ML3,ML3-t145,48,234,135,64,30%,BC,13,1,CL,none,none,0,,,1,0,1,0,1,0
Florida Keys,Molasses Reef,ML3,ML3-t146,48,236,162,70,40%,BC,15,1,FS,CB,none,0,,,0,5,3,0,1,0
Florida Keys,Molasses Reef,ML3,ML3-t147,48,220,106,80,20%,BC,10,1,FS,CB,none,0,,,0,2,1,0,0,0
Florida Keys,Molasses Reef,ML3,ML3-t148,48,145,80,70,25%,BC,12,0,none,none,none,0,,,0,0,1,0,1,0
Florida Keys,Molasses Reef,ML3,ML3-t184,48,237,218,85,30%,BC,25,2,FS,CB,none,0,,,2,18,1,0,1,0
Florida Keys,Molasses Reef,ML3,ML3-t186,48,15,10,4,100%,EC,1,0,none,none,none,0,,,0,0,1,0,0,0
Florida Keys,Molasses Reef,ML3,ML3-t465,48,18,14,10,80%,JC,1,0,none,none,none,0,,,0,,,,,
Florida Keys,Molasses Reef,ML3,ML3-t915,48,87,63,45,80%,BC,1,1,FP,none,none,0,,,0,0,0,0,1,0
Florida Keys,Molasses Reef,ML3,ML3-t955,48,135,90,54,20%,BC,12,0,none,none,none,0,,,2,0,2,0,1,0
Florida Keys,Sand Island,SI1,SI1-t307,48,108,66,70,25%,BC,7,0,none,none,none,0,,,0,0,1,0,1,0
Florida Keys,Sand Island,SI1,SI1-t308,48,54,45,65,30%,RC,3,0,none,none,none,0,N,N,0,0,0,0,0,0
Florida Keys,Sand Island,SI1,SI1-t312,48,61,30,35,20%,RC,6,3,FS,CB,none,0,,,0,1,0,0,0,0
Florida Keys,Sand Island,SI1,SI1-t332,48,182,152,75,65%,BC,6,1,FS,none,none,0,,,0,1,0,0,1,0
Florida Keys,Sand Island,SI1,SI1-t403,48,83,52,44,75%,BC,2,0,none,none,none,1,,,0,0,0,0,0,0
Florida Keys,Sand Island,SI1,SI1-t436,48,15,14,7,85%,EC,1,0,none,none,none,1,,,0,0,0,0,0,0
Florida Keys,Sand Island,SI1,SI1-t476,48,11,8,9,85%,EC,1,0,none,none,none,1,,,0,0,0,0,0,0
Florida Keys,Sand Island,SI1,SI1-t477,48,174,146,82,80%,BC,3,1,FP,none,none,0,N,N,0,1,0,0,1,2
Florida Keys,Sand Island,SI1,SI1-t958,48,4,3,1,60%,EC,1,5,Unk,none,none,0,,,0,0,0,0,0,0
Florida Keys,Sand Island,SI1,SI1-t959,48,52,42,34,1%,RC,15,2,FS,none,none,0,,,0,2,0,0,0,0
Florida Keys,Sand Island,SI2,SI2-t313,48,172,97,125,45%,BC,16,0,none,none,none,1,,,0,0,0,0,1,0
Florida Keys,Sand Island,SI2,SI2-t323,48,106,60,49,40%,BC,3,0,none,none,none,0,,,1,0,2,0,1,0
Florida Keys,Sand Island,SI2,SI2-t324,48,170,112,100,70%,BC,3,1,FS,FP,none,1,,,0,0,0,0,1,0
Florida Keys,Sand Island,SI2,SI2-t326,48,230,107,100,60%,BC,19,2,FS,none,none,1,,,2,16,2,0,1,0
Florida Keys,Sand Island,SI2,SI2-t331,48,30,22,24,60%,BC,8,0,none,none,none,1,,,0,1,2,0,0,0
Florida Keys,Sand Island,SI2,SI2-t334,48,227,220,155,45%,BC,35,1,FP,none,none,0,,,2,0,3,0,0,0
Florida Keys,Sand Island,SI2,SI2-t399,48,78,63,63,65%,BC,7,1,FP,none,none,0,,,0,0,1,0,1,0
Florida Keys,Sand Island,SI2,SI2-t435,48,79,68,42,100%,BC,1,1,FP,none,none,0,,,0,0,0,0,0,0
Florida Keys,Sand Island,SI2,SI2-t479,48,72,66,61,99%,BC,1,0,none,none,none,0,,,0,0,1,0,1,0
Florida Keys,Sand Island,SI2,SI2-t960,48,110,90,68,90%,BC,1,0,none,none,none,0,,,0,0,0,0,1,0
Florida Keys,Sand Island,SI2,SI2-t961,48,63,53,50,80%,BC,2,0,none,none,none,1,,,0,0,0,1,0,0
Florida Keys,Sand Island,SI2,SI2-t962,48,210,115,76,65%,BC,4,0,none,none,none,0,,,1,0,2,0,0,0
Florida Keys,Sand Island,SI3,SI3-t315,48,,,,,G,,,,,,,,,,,,,,
Florida Keys,Sand Island,SI3,SI3-t338,48,58,42,35,1%,RC,6,0,none,none,none,0,,,0,0,0,0,0,0
Florida Keys,Sand Island,SI3,SI3-t341,48,118,110,83,40%,BC,24,1,FS,none,none,0,,,0,21,0,0,0,1
Florida Keys,Sand Island,SI3,SI3-t964,48,75,25,40,1%,RC,2,0,none,none,none,0,,,0,0,0,0,0,0
Florida Keys,Carysfort Reef,CF1,CF1-t024,50,5,4,1,100%,EC,1,0,none,none,none,0,N,N,0,0,0,0,1,0
Florida Keys,Carysfort Reef,CF3,CF3-t088,50,256,155,95,15%,BC,14,1,RTL,none,none,0,N,N,1,2,5,0,0,0
Florida Keys,Carysfort Reef,CF3,CF3-t090,50,5,4,3,100%,JC,1,0,none,none,none,0,N,N,0,0,1,0,0,0
Florida Keys,Carysfort Reef,CF3,CF3-t092,50,190,120,70,25%,BC,24,1,CL,FS,none,0,N,N,0,0,2,0,1,0
Florida Keys,Carysfort Reef,CF3,CF3-t095,50,31,21,17,100%,JC,1,0,none,none,none,0,N,N,0,0,0,0,0,0
Florida Keys,Carysfort Reef,CF3,CF3-t099,50,5,2,2,100%,EC,1,0,none,none,none,0,N,N,0,0,1,0,0,0
Florida Keys,Carysfort Reef,CF4,CF4-t812,50,16,16,7,45%,EC,2,4,RTL,none,none,0,N,N,0,0,0,0,0,0
Florida Keys,Elbow Reef,EL1,EL1-t051,50,111,85,78,55%,BC,11,1,RTL,none,none,0,N,N,3,0,1,0,0,0
Florida Keys,Elbow Reef,EL1,EL1-t052,50,255,190,104,60%,BC,18,1,RTL,CL,none,0,N,Y,2,2,1,1,1,5
Florida Keys,Elbow Reef,EL1,EL1-t054,50,130,110,79,75%,BC,6,1,RTL,none,none,0,N,Y,0,0,2,0,1,0
Florida Keys,Elbow Reef,EL1,EL1-t055,50,236,174,65,60%,BC,17,1,RTL,CL,none,0,N,Y,2,0,3,0,1,2
Florida Keys,Elbow Reef,EL1,EL1-t056,50,120,92,63,70%,BC,7,1,RTL,CB,none,0,N,Y,0,0,1,0,0,0
Florida Keys,Elbow Reef,EL1,EL1-t060,50,149,128,72,65%,BC,8,1,RTL,none,none,0,N,N,0,2,1,0,0,2
Florida Keys,Elbow Reef,EL1,EL1-t208,50,120,100,96,70%,BC,11,,,,,,,,,,,,,
Florida Keys,Elbow Reef,EL1,EL1-t232,50,105,70,64,75%,BC,9,1,FS,none,none,0,N,N,0,3,0,1,0,0
Florida Keys,Elbow Reef,EL1,EL1-t441,50,76,52,46,90%,BC,1,1,FS,none,none,0,N,N,0,3,1,0,0,0
Florida Keys,Elbow Reef,EL1,EL1-t977,50,114,87,86,60%,BC,14,1,FS,Unk,CL,0,N,N,1,3,3,0,2,0
Florida Keys,Elbow Reef,EL1,EL1-t978,50,97,49,43,95%,BC,1,0,none,none,none,0,N,N,0,0,0,0,1,0
Florida Keys,Elbow Reef,EL1,EL1-t979,50,178,121,74,85%,BC,6,0,none,none,none,0,N,Y,0,0,2,1,1,0
Florida Keys,Elbow Reef,EL2,EL2-t065,50,13,12,3,100%,JC,1,0,none,none,none,0,N,N,0,0,0,0,0,0
Florida Keys,Elbow Reef,EL2,EL2-t066,50,154,105,76,10%,RC,54,1,RTL,Unk,none,0,N,N,0,0,0,0,0,0
Florida Keys,Elbow Reef,EL2,EL2-t067,50,30,19,20,10%,RC,2,0,none,none,none,0,N,N,0,0,0,0,0,0
Florida Keys,Elbow Reef,EL2,EL2-t072,50,73,60,50,2%,RC,2,0,none,none,none,0,N,N,0,0,0,0,1,0
Florida Keys,Elbow Reef,EL2,EL2-t073,50,105,95,60,2%,RC,17,0,none,none,none,0,N,N,0,0,0,0,0,0
Florida Keys,Elbow Reef,EL2,EL2-t149,50,9,5,6,100%,JC,1,0,none,none,none,0,N,N,0,0,0,0,0,0
Florida Keys,Elbow Reef,EL2,EL2-t246,50,17,8,9,95%,JC,1,0,none,none,none,0,N,N,0,0,0,0,0,0
Florida Keys,Elbow Reef,EL2,EL2-t247,50,32,17,25,1%,RC,2,0,none,none,none,0,N,N,0,0,0,0,0,0
Florida Keys,Elbow Reef,EL2,EL2-t437,50,15,7,6,20%,EC,3,0,none,none,none,0,N,N,0,0,0,0,0,0
Florida Keys,Elbow Reef,EL2,EL2-t439,50,56,34,25,30%,RC,11,3,FS,none,none,0,N,N,0,2,0,0,0,0
Florida Keys,Elbow Reef,EL2,EL2-t440,50,60,24,17,45%,RC,6,0,none,none,none,0,N,N,0,0,0,0,0,4
Florida Keys,Elbow Reef,EL2,EL2-t913,50,260,155,95,35%,BC,29,2,RTL,none,none,0,N,N,0,0,0,0,0,4
Florida Keys,Elbow Reef,EL3,EL3-t077,50,65,30,25,5%,RC,5,0,none,none,none,0,N,N,0,0,0,0,0,1
Florida Keys,Elbow Reef,EL3,EL3-t079,50,40,15,15,10%,RC,3,1,FS,none,none,0,N,N,0,0,1,0,1,0
Florida Keys,Elbow Reef,EL3,EL3-t083,50,128,88,73,50%,BC,4,1,CL,FP,none,0,N,N,0,0,0,0,0,0
Florida Keys,Elbow Reef,EL3,EL3-t086,50,208,91,64,30%,BC,14,1,FS,none,none,0,N,N,0,3,0,0,1,1
Florida Keys,Elbow Reef,EL3,EL3-t178,50,56,41,12,80%,AF,1,1,WPx,none,none,0,N,N,0,0,0,0,0,0
Florida Keys,Elbow Reef,EL3,EL3-t179,50,47,11,26,50%,AF,2,0,none,none,none,0,N,N,0,0,0,0,0,0
Florida Keys,Elbow Reef,EL3,EL3-t187,50,4,4,2,100%,AF,1,0,none,none,none,0,N,N,0,0,0,0,0,0
Florida Keys,Elbow Reef,EL3,EL3-t422,50,59,31,27,25%,RC,4,0,none,none,none,0,N,N,0,0,0,0,0,0
Florida Keys,Elbow Reef,EL3,EL3-t423,50,4,3,2,100%,EC,1,0,none,none,none,0,N,N,0,0,0,0,0,0
Florida Keys,Elbow Reef,EL3,EL3-t911,50,127,76,64,80%,BC,3,1,FP,none,none,0,N,Y,0,0,0,0,1,5
Florida Keys,Elbow Reef,EL3,EL3-t933,50,132,64,63,30%,BC,10,2,FS,WPx,none,0,N,N,0,5,0,0,0,0
Florida Keys,Elbow Reef,EL4,EL4-t153,50,190,146,84,35%,BC,17,1,FS,none,none,1,N,N,0,9,0,0,0,1
Florida Keys,Elbow Reef,EL4,EL4-t154,50,175,132,88,35%,BC,26,1,CL,none,none,0,N,N,0,0,0,0,0,4
Florida Keys,Elbow Reef,EL4,EL4-t158,50,48,39,35,70%,BC,3,0,none,none,none,1,N,N,0,0,0,0,0,1
Florida Keys,Elbow Reef,EL4,EL4-t168,50,207,184,96,75%,BC,6,1,FP,none,none,0,N,N,0,0,0,0,0,1
Florida Keys,Elbow Reef,EL4,EL4-t188,50,25,14,7,95%,AF,1,0,none,none,none,0,N,N,0,0,0,0,0,0
Florida Keys,Elbow Reef,EL4,EL4-t418,50,70,27,35,95%,BC,1,2,FS,none,none,0,N,N,0,0,0,1,0,0
Florida Keys,Elbow Reef,EL4,EL4-t935,50,12,9,3,95%,JC,1,5,FS,none,none,0,N,N,0,1,0,0,0,0
Florida Keys,Elbow Reef,EL5,EL5-t177,50,,,,0%,D,,,,,,,,,,,,,,
Florida Keys,Elbow Reef,EL5,EL5-t180,50,166,140,75,45%,BC,9,1,FP,none,none,1,N,N,0,0,0,0,1,0
Florida Keys,Elbow Reef,EL5,EL5-t189,50,22,12,3,85%,SF,1,0,none,none,none,1,N,N,0,0,0,0,0,0
Florida Keys,Elbow Reef,EL5,EL5-t460,50,80,70,10,1%,EC,1,1,Unk,none,none,0,N,N,0,0,0,0,0,0
Florida Keys,French Reef,FR1,FR1-t002,50,14,11,2,90%,JC,1,0,none,none,none,0,N,N,0,0,0,0,1,0
Florida Keys,French Reef,FR1,FR1-t003,50,27,22,24,20%,RC,2,0,none,none,none,0,N,N,0,0,0,0,0,0
Florida Keys,French Reef,FR1,FR1-t004,50,4,3,1,100%,EC,,0,none,none,none,0,N,N,0,0,0,0,0,0
Florida Keys,French Reef,FR1,FR1-t005,50,168,121,70,45%,BC,10,1,Unk,none,none,0,N,N,2,0,2,1,1,0
Florida Keys,French Reef,FR1,FR1-t006,50,189,115,70,45%,BC,16,1,FS,none,none,0,N,N,2,6,2,0,1,0
Florida Keys,French Reef,FR1,FR1-t007,50,26,15,14,25%,RC,4,0,none,none,none,0,N,N,0,0,1,0,0,0
Florida Keys,French Reef,FR1,FR1-t008,50,42,42,40,90%,BC,1,0,none,none,none,0,N,N,0,0,1,0,0,0
Florida Keys,French Reef,FR1,FR1-t009,50,166,120,70,40%,BC,3,0,none,none,none,0,N,N,2,0,6,0,1,0
Florida Keys,French Reef,FR1,FR1-t199,50,117,73,65,70%,BC,6,1,FP,none,none,0,N,N,2,0,3,0,0,1
Florida Keys,French Reef,FR1,FR1-t200,50,16,7,15,95%,JC,1,0,none,none,none,0,N,N,0,0,0,0,0,0
Florida Keys,French Reef,FR1,FR1-t861,50,92,54,60,80%,BC,1,1,FP,PFB,none,0,N,N,0,0,2,0,0,0
Florida Keys,French Reef,FR1,FR1-t976,50,15,10,11,80%,JC,1,0,none,none,none,0,N,N,0,0,1,0,0,0
Florida Keys,French Reef,FR2,FR2-t201,50,11,9,12,100%,JC,1,0,none,none,none,0,N,N,0,0,0,0,0,0
Florida Keys,French Reef,FR2,FR2-t236,50,4,4,1,90%,EC,1,5,Unk,none,none,0,N,N,0,0,0,0,0,0
Florida Keys,French Reef,FR2,FR2-t250,50,100,60,40,1%,RC,5,0,none,none,none,1,N,N,0,0,0,0,0,2
Florida Keys,French Reef,FR2,FR2-t251,50,80,45,60,1%,RC,3,0,none,none,none,0,N,N,0,0,0,0,0,0
Florida Keys,French Reef,FR2,FR2-t255,50,33,16,27,50%,RC,4,2,FS,none,none,0,N,N,0,2,1,0,0,0
Florida Keys,French Reef,FR2,FR2-t256,50,35,35,38,75%,JC,5,2,FS,none,none,0,N,N,0,0,0,0,0,0
Florida Keys,French Reef,FR2,FR2-t258,50,5,4,4,100%,JC,1,0,none,none,none,0,N,N,0,0,0,0,0,0
Florida Keys,French Reef,FR2,FR2-t259,50,26,21,24,65%,RC,3,0,none,none,none,0,N,N,0,0,0,0,0,2
Florida Keys,French Reef,FR2,FR2-t260,50,1,1,1,100%,EC,1,0,none,none,none,0,N,N,0,0,0,0,0,0
Florida Keys,French Reef,FR2,FR2-t261,50,25,25,20,5%,RC,3,0,none,none,none,0,N,N,0,0,0,0,1,1
Florida Keys,French Reef,FR2,FR2-t447,50,5,5,2,100%,JC,1,0,none,none,none,0,N,N,0,0,0,0,0,0
Florida Keys,French Reef,FR2,FR2-t470,50,23,20,20,40%,RC,12,0,none,none,none,0,N,N,0,0,1,0,0,0
Florida Keys,French Reef,FR3,FR3-t202,50,7,5,5,100%,JC,1,0,none,none,none,0,N,N,0,0,0,0,0,0
Florida Keys,French Reef,FR3,FR3-t203,50,4,4,4,70%,EC,1,4,PFB,none,none,0,N,N,0,0,0,0,0,0
Florida Keys,French Reef,FR3,FR3-t444,50,30,23,15,85%,JC,1,0,none,none,none,0,N,N,0,0,0,0,0,0
Florida Keys,French Reef,FR3,FR3-t446,50,56,45,32,40%,BC,3,0,none,none,none,0,N,N,0,0,2,0,0,0
Florida Keys,French Reef,FR3,FR3-t472,50,22,17,23,70%,JC,2,1,FS,none,none,1,N,N,0,0,0,0,0,0
Florida Keys,French Reef,FR3,FR3-t474,50,60,40,30,5%,RC,2,0,none,none,none,0,N,N,0,0,0,0,0,0
Florida Keys,French Reef,FR3,FR3-t818,50,16,13,12,40%,RC,3,3,PFB,none,none,0,N,N,0,0,0,0,0,0
Florida Keys,French Reef,FR3,FR3-t820,50,144,80,70,5%,RC,10,0,none,none,none,1,N,N,0,0,2,0,0,0
Florida Keys,French Reef,FR3,FR3-t824,50,15,10,9,95%,JC,1,1,Unk,none,none,0,N,N,2,0,0,0,0,1
Florida Keys,French Reef,FR3,FR3-t825,50,53,38,22,5%,RC,2,0,none,none,none,0,N,N,0,0,0,0,0,0
Florida Keys,French Reef,FR3,FR3-t862,50,74,70,33,45%,BC,7,1,CL,none,none,0,N,N,2,0,1,0,0,0
Florida Keys,French Reef,FR3,FR3-t866,50,25,19,18,100%,JC,1,0,none,none,none,0,N,N,0,0,1,0,1,0
Florida Keys,Grecian Rocks,GR1,GR1-t469,50,14,9,4,100%,JC,1,0,none,none,none,0,N,N,0,0,0,0,0,0
Florida Keys,Grecian Rocks,GR2,GR2-t467,50,16,10,12,100%,JC,1,0,none,none,none,0,N,N,0,0,0,0,0,0
Florida Keys,Grecian Rocks,GR2,GR2-t846,50,,,,0%,D,,,,,,,,,,,,,,
Florida Keys,Grecian Rocks,GR2,GR2-t847,50,15,12,5,10%,EC,1,4,RTL,none,none,0,N,N,0,0,0,0,0,0
Florida Keys,Grecian Rocks,GR3,GR3-t196,50,82,36,43,5%,RC,2,,,,,0,N,N,,,,,,
Florida Keys,Grecian Rocks,GR3,GR3-t197,50,30,24,16,2%,RC,2,,,,,0,N,N,,,,,,
Florida Keys,Grecian Rocks,GR3,GR3-t198,50,76,50,30,15%,RC,4,,,,,0,N,N,,,,,,
Florida Keys,Grecian Rocks,GR3,GR3-t397,50,50,40,30,5%,RC,2,0,none,none,none,0,N,N,0,0,0,0,0,0
Florida Keys,Grecian Rocks,GR3,GR3-t398,50,57,41,42,5%,RC,5,0,none,none,none,2,N,N,0,0,0,0,0,0
Florida Keys,Grecian Rocks,GR3,GR3-t412,50,20,17,15,75%,JC,4,3,FS,none,none,0,N,N,0,6,0,0,0,0
Florida Keys,Grecian Rocks,GR3,GR3-t468,50,58,36,30,5%,RC,12,0,none,none,none,0,N,N,0,0,0,0,0,0
Florida Keys,Grecian Rocks,GR3,GR3-t870,50,40,17,32,10%,RC,6,0,none,none,none,0,N,N,0,0,0,0,0,0
Florida Keys,Grecian Rocks,GR3,GR3-t874,50,14,12,8,100%,JC,1,0,none,none,none,0,N,N,0,0,0,0,0,0
Florida Keys,Grecian Rocks,GR3,GR3-t876,50,14,7,12,100%,JC,1,0,none,none,none,0,N,N,0,0,0,0,0,0
Florida Keys,Grecian Rocks,GR3,GR3-t877,50,42,35,27,20%,RC,2,1,PFB,none,none,0,N,N,0,0,0,0,0,0
Florida Keys,Grecian Rocks,GR3,GR3-t881,50,16,12,13,100%,JC,1,0,none,none,none,0,N,N,0,0,0,0,0,0
Florida Keys,Key Largo Dry Rocks,KL1,KL1-t110,50,165,90,65,1%,RC,3,0,none,none,none,0,N,N,0,0,0,0,1,0
Florida Keys,Key Largo Dry Rocks,KL3,KL3-t899,50,40,32,30,1%,RC,5,0,none,none,none,0,N,N,0,0,1,0,0,0
Florida Keys,Key Largo Dry Rocks,KL3,KL3-t968,50,32,28,27,1%,RC,2,0,none,none,none,0,N,N,0,0,0,0,0,0
Florida Keys,Key Largo Dry Rocks,KL3,KL3-t969,50,63,54,48,70%,BC,2,2,FS,none,none,1,N,N,0,5,1,0,0,0
Florida Keys,Key Largo Dry Rocks,KL4,KL4-t853,50,220,120,85,30%,BC,55,1,FS,none,none,0,N,N,0,25,0,2,0,3
Florida Keys,Key Largo Dry Rocks,KL4,KL4-t893,50,22,22,8,30%,EC,1,1,FS,none,none,0,N,N,0,0,0,0,0,0
Florida Keys,Molasses Reef,ML1,ML1-t013,50,206,132,93,65%,BC,30,1,FS,CL,none,0,Y,N,,7,1,0,0,3
Florida Keys,Molasses Reef,ML1,ML1-t015,50,39,32,38,30%,RC,4,0,none,none,none,0,N,N,0,0,0,0,0,0
Florida Keys,Molasses Reef,ML1,ML1-t016,50,145,116,80,75%,BC,15,1,RTL,,,0,Y,N,0,1,1,1,1,6
Florida Keys,Molasses Reef,ML1,ML1-t017,50,54,35,38,70%,BC,5,1,FS,CB,none,0,N,N,0,1,0,0,0,0
Florida Keys,Molasses Reef,ML1,ML1-t018,50,128,77,46,90%,BC,1,1,FP,none,none,0,N,N,0,0,1,0,0,0
Florida Keys,Molasses Reef,ML1,ML1-t020,50,175,125,70,1%,RC,5,0,none,none,none,0,Y,N,0,0,0,0,0,0
Florida Keys,Molasses Reef,ML1,ML1-t207,50,22,12,4,100%,AF,1,0,none,none,none,0,N,N,0,0,0,0,0,0
Florida Keys,Molasses Reef,ML1,ML1-t464,50,6,4,2,100%,EC,1,0,none,none,none,0,N,N,0,0,0,0,0,0
Florida Keys,Molasses Reef,ML1,ML1-t882,50,5,4,2,100%,EC,1,0,none,none,none,0,N,N,0,0,0,0,0,0
Florida Keys,Molasses Reef,ML2,ML2-t126,50,196,100,99,30%,BC,12,1,FS,RTL,none,0,Y,N,3,12,2,0,1,1
Florida Keys,Molasses Reef,ML2,ML2-t131,50,181,147,84,70%,BC,13,1,FS,FP,none,0,Y,N,2,4,4,0,0,0
Florida Keys,Molasses Reef,ML2,ML2-t190,50,32,19,20,75%,JC,1,0,none,none,none,0,Y,N,0,0,1,0,0,0
Florida Keys,Molasses Reef,ML2,ML2-t191,50,14,8,10,80%,JC,1,0,none,none,none,0,Y,N,0,0,0,0,0,0
Florida Keys,Molasses Reef,ML2,ML2-t192,50,67,40,24,10%,RC,3,0,none,none,none,0,N,N,0,0,0,0,0,0
Florida Keys,Molasses Reef,ML2,ML2-t193,50,184,68,22,35%,RC,16,2,FS,Oth,none,1,Y,N,0,2,1,0,0,0
Florida Keys,Molasses Reef,ML2,ML2-t425,50,25,15,15,1%,RC,2,0,none,none,none,0,N,N,0,0,1,0,0,0
Florida Keys,Molasses Reef,ML2,ML2-t442,50,7,5,5,100%,JC,1,0,none,none,none,0,Y,N,0,0,0,0,0,0
Florida Keys,Molasses Reef,ML2,ML2-t868,50,36,34,20,30%,RC,4,0,none,none,none,0,N,N,3,0,1,0,0,0
Florida Keys,Molasses Reef,ML2,ML2-t869,50,5,5,2,100%,EC,1,0,none,none,none,0,N,N,0,0,0,0,0,0
Florida Keys,Molasses Reef,ML2,ML2-t952,50,40,36,22,10%,RC,4,0,none,none,none,0,Y,N,0,0,1,0,0,0
Florida Keys,Molasses Reef,ML2,ML2-t954,50,3,2,1,100%,EC,1,0,none,none,none,0,N,N,0,0,0,0,0,0
Florida Keys,Molasses Reef,ML3,ML3-t144,50,179,123,80,25%,BC,33,2,FS,CB,none,0,Y,N,2,53,2,0,1,0
Florida Keys,Molasses Reef,ML3,ML3-t145,50,237,146,65,35%,BC,,1,Unk,CL,none,0,Y,N,1,0,1,0,1,0
Florida Keys,Molasses Reef,ML3,ML3-t146,50,238,167,74,35%,BC,17,1,FS,CB,none,0,Y,N,1,7,2,0,0,0
Florida Keys,Molasses Reef,ML3,ML3-t147,50,150,106,50,45%,BC,7,0,none,none,none,0,N,N,1,0,2,0,0,0
Florida Keys,Molasses Reef,ML3,ML3-t148,50,150,80,70,30%,BC,11,0,none,none,none,0,Y,N,0,0,1,0,1,3
Florida Keys,Molasses Reef,ML3,ML3-t184,50,235,218,85,30%,BC,26,1,FS,CB,CL,0,Y,N,1,9,1,0,0,0
Florida Keys,Molasses Reef,ML3,ML3-t186,50,15,11,5,98%,EC,1,5,Abr,none,none,0,N,N,0,0,1,0,0,0
Florida Keys,Molasses Reef,ML3,ML3-t194,50,11,10,4,100%,EC,1,0,none,none,none,0,N,N,0,0,0,1,0,0
Florida Keys,Molasses Reef,ML3,ML3-t195,50,7,5,2,60%,EC,1,1,Unk,CB,none,0,N,N,0,0,1,0,0,0
Florida Keys,Molasses Reef,ML3,ML3-t465,50,17,13,10,70%,JC,1,0,none,none,none,0,N,N,0,0,1,0,0,0
Florida Keys,Molasses Reef,ML3,ML3-t915,50,90,65,45,80%,BC,1,1,FS,none,none,0,Y,N,0,4,1,0,0,0
Florida Keys,Molasses Reef,ML3,ML3-t955,50,134,92,55,25%,BC,12,1,Unk,none,none,0,Y,N,1,0,1,0,1,0
Florida Keys,Sand Island,SI1,SI1-t204,50,62,37,39,40%,BC,11,0,none,none,none,0,N,N,0,0,0,0,0,0
Florida Keys,Sand Island,SI1,SI1-t205,50,55,31,18,75%,AF,1,,none,none,none,0,N,N,0,0,0,0,1,0
Florida Keys,Sand Island,SI1,SI1-t206,50,70,36,22,80%,AF,1,0,none,none,none,0,N,N,0,0,0,0,0,0
Florida Keys,Sand Island,SI1,SI1-t307,50,105,66,73,25%,BC,8,1,CL,PFB,none,1,N,N,0,0,0,0,1,0
Florida Keys,Sand Island,SI1,SI1-t308,50,54,44,65,25%,RC,4,1,FS,none,none,0,N,N,0,1,0,0,1,0
Florida Keys,Sand Island,SI1,SI1-t312,50,61,39,30,20%,RC,3,0,none,none,none,1,N,N,0,0,0,0,0,0
Florida Keys,Sand Island,SI1,SI1-t332,50,185,153,76,65%,BC,5,1,FS,CL,PFB,0,N,N,0,1,0,0,1,0
Florida Keys,Sand Island,SI1,SI1-t403,50,88,55,46,75%,BC,2,0,none,none,none,0,N,N,0,0,0,1,1,1
Florida Keys,Sand Island,SI1,SI1-t436,50,16,15,8,90%,EC,1,0,none,none,none,0,N,N,0,0,0,0,0,0
Florida Keys,Sand Island,SI1,SI1-t476,50,12,8,9,85%,EC,1,0,none,none,none,0,N,N,0,0,0,0,0,0
Florida Keys,Sand Island,SI1,SI1-t477,50,181,148,83,80%,BC,3,1,Oth,none,none,0,N,N,0,1,0,0,1,2
Florida Keys,Sand Island,SI1,SI1-t958,50,,,,0%,D,,,,,,,,,,,,,,
Florida Keys,Sand Island,SI1,SI1-t959,50,50,30,30,1%,RC,5,0,none,none,none,0,N,N,0,0,0,0,0,0
Florida Keys,Sand Island,SI2,SI2-t313,50,174,99,128,45%,BC,15,0,none,none,none,1,N,N,0,0,0,0,1,0
Florida Keys,Sand Island,SI2,SI2-t323,50,106,59,50,45%,BC,4,0,none,none,none,0,N,Y,1,0,2,0,0,0
Florida Keys,Sand Island,SI2,SI2-t324,50,169,115,105,70%,BC,3,0,none,none,none,0,N,N,0,0,0,0,0,0
Florida Keys,Sand Island,SI2,SI2-t326,50,237,108,100,65%,BC,18,1,FS,none,none,0,N,N,2,21,1,1,1,0
Florida Keys,Sand Island,SI2,SI2-t331,50,29,22,24,55%,BC,3,0,none,none,none,0,N,N,1,0,0,0,0,0
Florida Keys,Sand Island,SI2,SI2-t334,50,231,210,155,45%,BC,42,0,none,none,none,0,N,Y,2,0,4,0,1,3
Florida Keys,Sand Island,SI2,SI2-t399,50,76,63,65,70%,BC,5,1,FP,none,none,1,N,N,0,0,0,0,1,1
Florida Keys,Sand Island,SI2,SI2-t435,50,82,68,40,100%,BC,1,0,none,none,none,0,N,N,0,0,0,0,1,0
Florida Keys,Sand Island,SI2,SI2-t479,50,75,74,63,100%,BC,1,0,none,none,none,0,N,N,0,0,0,1,1,1
Florida Keys,Sand Island,SI2,SI2-t960,50,112,92,68,95%,BC,1,0,none,none,none,0,N,Y,0,0,0,0,1,1
Florida Keys,Sand Island,SI2,SI2-t961,50,60,55,56,85%,BC,2,0,none,none,none,0,N,N,0,0,0,0,0,1
Florida Keys,Sand Island,SI2,SI2-t962,50,217,116,77,65%,BC,5,0,none,none,none,0,N,N,1,0,2,0,1,0
Florida Keys,Sand Island,SI3,SI3-t338,50,,,,,G,,,,,,,,,,,,,,
Florida Keys,Sand Island,SI3,SI3-t341,50,114,109,83,40%,BC,29,2,FS,RTL,none,0,N,N,0,0,0,0,0,0
Florida Keys,Sand Island,SI3,SI3-t964,50,75,25,40,1%,RC,2,0,none,none,none,0,N,N,0,11,0,0,1,2
Florida Keys,Carysfort Reef,CF1,CF1-t024,51,6,5,2,100%,EC,1,0,none,none,none,0,N,N,0,0,0,0,0,0
Florida Keys,Carysfort Reef,CF3,CF3-t088,51,251,152,95,10%,BC,9,1,FS,none,none,0,N,N,2,0,3,1,0,0
Florida Keys,Carysfort Reef,CF3,CF3-t090,51,6,5,5,100%,JC,1,0,none,none,none,0,N,N,0,0,1,0,0,0
Florida Keys,Carysfort Reef,CF3,CF3-t092,51,190,125,70,30%,BC,23,1,CL,none,none,0,N,N,1,0,2,0,0,0
Florida Keys,Carysfort Reef,CF3,CF3-t095,51,31,20,17,100%,JC,1,0,none,none,none,0,N,N,0,0,0,0,0,0
Florida Keys,Carysfort Reef,CF3,CF3-t099,51,6,3,2,100%,EC,1,0,none,none,none,0,N,N,0,0,1,0,0,0
Florida Keys,Carysfort Reef,CF4,CF4-t812,51,15,10,5,60%,EC,2,0,none,none,none,0,N,N,0,0,0,0,0,0
Florida Keys,Elbow Reef,EL1,EL1-t051,51,115,83,78,50%,BC,16,2,FS,none,none,0,N,N,3,1,1,0,1,0
Florida Keys,Elbow Reef,EL1,EL1-t052,51,255,190,105,65%,BC,21,1,CL,FS,FP,0,N,Y,2,1,2,1,1,6
Florida Keys,Elbow Reef,EL1,EL1-t054,51,130,110,80,70%,BC,6,0,none,none,none,0,N,Y,0,0,2,0,1,0
Florida Keys,Elbow Reef,EL1,EL1-t055,51,237,175,65,60%,BC,12,1,CL,none,none,0,N,Y,2,0,2,0,1,3
Florida Keys,Elbow Reef,EL1,EL1-t056,51,123,92,65,75%,BC,5,0,none,none,none,0,N,N,0,0,1,0,1,0
Florida Keys,Elbow Reef,EL1,EL1-t060,51,154,130,74,65%,BC,6,1,FS,none,none,0,N,N,0,3,1,1,0,0
Florida Keys,Elbow Reef,EL1,EL1-t208,51,127,101,90,70%,BC,13,0,none,none,none,0,N,N,1,0,1,0,1,0
Florida Keys,Elbow Reef,EL1,EL1-t232,51,109,72,69,75%,BC,4,1,FS,FP,none,0,N,N,0,2,0,0,0,2
Florida Keys,Elbow Reef,EL1,EL1-t441,51,78,52,46,90%,BC,1,1,FS,none,none,0,N,N,0,2,2,0,0,0
Florida Keys,Elbow Reef,EL1,EL1-t977,51,113,90,83,60%,BC,11,1,FS,none,none,0,N,N,1,3,4,0,1,0
Florida Keys,Elbow Reef,EL1,EL1-t978,51,98,49,47,99%,BC,2,0,none,none,none,0,N,N,0,0,0,0,0,0
Florida Keys,Elbow Reef,EL1,EL1-t979,51,162,122,76,85%,BC,6,0,none,none,none,0,N,N,2,0,2,0,0,0
Florida Keys,Elbow Reef,EL2,EL2-t065,51,14,7,11,100%,JC,1,0,none,none,none,0,N,N,0,0,0,0,0,0
Florida Keys,Elbow Reef,EL2,EL2-t066,51,150,105,75,5%,RC,32,1,PFB,FP,none,0,N,N,0,0,0,0,0,0
Florida Keys,Elbow Reef,EL2,EL2-t067,51,30,17,20,10%,RC,2,0,none,none,none,0,N,N,0,0,0,0,0,0
Florida Keys,Elbow Reef,EL2,EL2-t072,51,7,5,1,90%,EC,1,5,Unk,none,none,0,N,N,0,0,0,0,0,0
Florida Keys,Elbow Reef,EL2,EL2-t073,51,105,95,60,1%,RC,6,0,none,none,none,0,N,N,0,0,0,0,0,0
Florida Keys,Elbow Reef,EL2,EL2-t149,51,8,5,6,100%,JC,1,0,none,none,none,0,N,N,0,0,0,0,0,0
Florida Keys,Elbow Reef,EL2,EL2-t246,51,21,12,11,95%,JC,1,0,none,none,none,0,N,N,0,0,0,0,0,0
Florida Keys,Elbow Reef,EL2,EL2-t247,51,2,1,1,100%,EC,1,0,none,none,none,0,N,N,0,0,0,0,0,0
Florida Keys,Elbow Reef,EL2,EL2-t437,51,14,6,4,20%,EC,2,0,none,none,none,0,N,N,0,0,0,0,0,0
Florida Keys,Elbow Reef,EL2,EL2-t439,51,3,1,2,100%,EC,1,0,none,none,none,0,N,N,0,0,0,0,1,0
Florida Keys,Elbow Reef,EL2,EL2-t440,51,57,22,20,40%,RC,5,0,none,none,none,0,N,N,0,0,0,0,0,0
Florida Keys,Elbow Reef,EL2,EL2-t913,51,260,155,95,35%,BC,39,1,RTL,PFB,none,0,N,N,0,0,0,0,1,5
Florida Keys,Elbow Reef,EL3,EL3-t077,51,16,16,30,25%,RC,4,0,none,none,none,0,N,N,0,0,0,0,2,3
Florida Keys,Elbow Reef,EL3,EL3-t079,51,17,13,12,55%,JC,2,0,none,none,none,0,N,N,0,0,0,0,1,0
Florida Keys,Elbow Reef,EL3,EL3-t083,51,128,92,73,55%,BC,5,0,none,none,none,0,N,N,0,0,0,0,1,0
Florida Keys,Elbow Reef,EL3,EL3-t086,51,202,94,67,35%,BC,14,1,FS,CL,none,0,N,N,0,1,1,0,0,0
Florida Keys,Elbow Reef,EL3,EL3-t178,51,55,40,12,5%,AF,2,0,none,none,none,0,N,N,0,0,0,0,0,0
Florida Keys,Elbow Reef,EL3,EL3-t179,51,49,11,27,45%,SF,2,0,none,none,none,0,N,N,0,0,0,0,0,0
Florida Keys,Elbow Reef,EL3,EL3-t187,51,5,4,2,100%,EC,1,0,none,none,none,1,N,N,0,0,0,0,0,0
Florida Keys,Elbow Reef,EL3,EL3-t422,51,58,32,27,25%,RC,4,1,CL,none,none,0,N,N,0,0,0,0,0,0
Florida Keys,Elbow Reef,EL3,EL3-t423,51,,,,0%,D,,,,,,,,,,,,,,
Florida Keys,Elbow Reef,EL3,EL3-t911,51,128,78,68,80%,BC,3,1,Unk,none,none,0,N,N,0,1,0,0,1,3
Florida Keys,Elbow Reef,EL3,EL3-t933,51,134,72,68,35%,BC,12,1,RTL,none,none,1,N,N,0,0,0,0,1,1
Florida Keys,Elbow Reef,EL4,EL4-t153,51,198,145,84,35%,BC,20,1,FS,FP,none,0,N,N,0,5,0,1,0,0
Florida Keys,Elbow Reef,EL4,EL4-t154,51,180,114,85,35%,BC,25,1,FS,FP,none,0,N,N,0,2,0,0,2,1
Florida Keys,Elbow Reef,EL4,EL4-t158,51,53,38,40,20%,RC,4,3,Unk,none,none,1,N,N,0,0,0,0,0,0
Florida Keys,Elbow Reef,EL4,EL4-t168,51,209,187,97,75%,BC,4,0,none,none,none,0,N,N,0,0,0,1,0,0
Florida Keys,Elbow Reef,EL4,EL4-t188,51,,,,0%,D,,,,,,,,,,,,,,
Florida Keys,Elbow Reef,EL4,EL4-t418,51,80,25,30,95%,BC,1,0,none,none,none,0,N,N,0,2,0,1,0,0
Florida Keys,Elbow Reef,EL4,EL4-t935,51,12,8,4,90%,JC,1,4,FS,none,none,0,N,N,0,0,0,0,0,0
Florida Keys,Elbow Reef,EL5,EL5-t180,51,167,145,78,45%,BC,8,1,FS,none,none,0,N,N,0,1,0,0,1,1
Florida Keys,Elbow Reef,EL5,EL5-t189,51,21,11,3,50%,SF,1,0,none,none,none,1,N,N,0,0,0,0,0,0
Florida Keys,Elbow Reef,EL5,EL5-t460,51,11,6,1,100%,EC,1,0,none,none,none,0,N,N,0,0,0,0,0,0
Florida Keys,French Reef,FR1,FR1-t002,51,14,12,3,90%,JC,1,0,none,none,none,0,N,N,0,0,0,0,0,0
Florida Keys,French Reef,FR1,FR1-t003,51,33,20,26,20%,RC,2,0,none,none,none,0,N,N,0,0,0,0,0,0
Florida Keys,French Reef,FR1,FR1-t004,51,4,3,1,100%,EC,1,0,none,none,none,0,N,N,0,0,0,0,0,0
Florida Keys,French Reef,FR1,FR1-t005,51,173,115,70,45%,BC,11,,FP,none,none,0,N,N,0,0,3,0,1,0
Florida Keys,French Reef,FR1,FR1-t006,51,188,123,70,45%,BC,13,1,FS,Oth,none,0,N,N,1,5,1,0,1,0
Florida Keys,French Reef,FR1,FR1-t007,51,28,14,12,25%,RC,4,0,none,none,none,0,N,N,0,0,1,0,0,0
Florida Keys,French Reef,FR1,FR1-t008,51,47,42,40,90%,BC,1,0,none,none,none,0,N,N,0,0,1,0,0,0
Florida Keys,French Reef,FR1,FR1-t009,51,171,135,70,40%,BC,9,1,Unk,none,none,0,N,N,2,0,4,0,1,0
Florida Keys,French Reef,FR1,FR1-t199,51,120,70,69,70%,BC,9,0,none,none,none,0,N,N,2,0,2,1,0,0
Florida Keys,French Reef,FR1,FR1-t200,51,14,9,15,90%,JC,1,0,none,none,none,1,N,N,0,0,0,0,0,0
Florida Keys,French Reef,FR1,FR1-t861,51,94,63,62,80%,BC,1,0,none,none,none,0,N,N,1,0,2,1,0,0
Florida Keys,French Reef,FR1,FR1-t976,51,17,13,12,70%,JC,1,0,none,none,none,0,N,N,0,0,1,0,0,0
Florida Keys,French Reef,FR2,FR2-t201,51,12,9,15,100%,JC,1,0,none,none,none,0,N,N,0,0,0,0,0,0
Florida Keys,French Reef,FR2,FR2-t236,51,5,4,1,80%,EC,1,3,PFB,none,none,0,N,N,0,0,0,0,0,0
Florida Keys,French Reef,FR2,FR2-t250,51,100,60,40,1%,RC,5,0,none,none,none,0,N,N,1,0,0,0,0,0
Florida Keys,French Reef,FR2,FR2-t251,51,80,45,60,1%,RC,2,0,none,none,none,0,N,N,0,0,0,0,1,0
Florida Keys,French Reef,FR2,FR2-t255,51,31,15,30,45%,RC,8,2,FS,PFB,none,0,N,N,0,2,0,0,0,0
Florida Keys,French Reef,FR2,FR2-t256,51,36,23,40,60%,JC,5,2,FS,none,none,0,N,N,0,3,1,0,0,0
Florida Keys,French Reef,FR2,FR2-t258,51,8,4,5,100%,JC,1,0,none,none,none,0,N,N,0,0,1,0,0,0
Florida Keys,French Reef,FR2,FR2-t259,51,25,22,26,70%,BC,3,0,none,none,none,0,N,N,0,0,0,0,0,0
Florida Keys,French Reef,FR2,FR2-t260,51,35,32,40,1%,RC,4,0,none,none,none,0,N,N,0,0,0,0,0,0
Florida Keys,French Reef,FR2,FR2-t261,51,25,25,20,5%,RC,3,0,none,none,none,0,N,N,0,0,0,0,1,0
Florida Keys,French Reef,FR2,FR2-t447,51,7,6,3,100%,EC,1,0,none,none,none,0,N,N,0,0,0,0,0,0
Florida Keys,French Reef,FR2,FR2-t470,51,25,16,19,45%,BC,9,0,none,none,none,0,N,N,0,0,1,0,0,0
Florida Keys,French Reef,FR3,FR3-t202,51,8,4,5,100%,JC,1,0,none,none,none,0,N,N,0,0,0,0,0,0
Florida Keys,French Reef,FR3,FR3-t203,51,4,3,4,80%,EC,1,0,none,none,none,0,N,N,0,0,0,0,0,0
Florida Keys,French Reef,FR3,FR3-t444,51,29,22,18,90%,JC,1,0,none,none,none,0,N,N,0,0,1,0,0,0
Florida Keys,French Reef,FR3,FR3-t446,51,56,44,34,45%,BC,3,0,none,none,none,0,N,N,1,0,1,0,0,0
Florida Keys,French Reef,FR3,FR3-t472,51,8,7,1,40%,EC,2,0,none,none,none,0,N,N,0,0,0,0,0,0
Florida Keys,French Reef,FR3,FR3-t474,51,60,40,30,5%,RC,2,1,Unk,none,none,0,N,N,0,0,0,0,0,0
Florida Keys,French Reef,FR3,FR3-t818,51,15,11,12,35%,RC,3,0,none,none,none,0,N,N,0,0,0,0,0,2
Florida Keys,French Reef,FR3,FR3-t820,51,135,75,70,5%,RC,7,0,none,none,none,0,N,N,0,0,1,0,0,0
Florida Keys,French Reef,FR3,FR3-t824,51,17,10,9,95%,JC,1,0,none,none,none,0,N,N,0,0,0,0,0,1
Florida Keys,French Reef,FR3,FR3-t825,51,50,39,22,5%,RC,2,0,none,none,none,0,N,N,0,0,0,0,1,0
Florida Keys,French Reef,FR3,FR3-t862,51,72,50,32,45%,BC,8,1,FP,Unk,none,0,N,N,2,0,1,0,0,0
Florida Keys,French Reef,FR3,FR3-t866,51,28,19,22,98%,JC,1,0,none,none,none,0,N,N,0,0,0,0,0,0
Florida Keys,Grecian Rocks,GR1,GR1-t469,51,17,14,6,95%,JC,1,0,none,none,none,0,N,N,0,0,0,0,0,0
Florida Keys,Grecian Rocks,GR2,GR2-t467,51,18,10,13,100%,JC,1,0,none,none,none,0,N,N,0,0,0,0,0,0
Florida Keys,Grecian Rocks,GR2,GR2-t847,51,3,2,1,100%,EC,1,0,none,none,none,0,N,N,0,0,0,0,0,0
Florida Keys,Grecian Rocks,GR3,GR3-t196,51,8,6,2,95%,EC,1,0,none,none,none,0,N,N,0,0,0,0,0,0
Florida Keys,Grecian Rocks,GR3,GR3-t197,51,30,20,15,1%,RC,2,0,none,none,none,0,N,N,0,0,0,0,0,0
Florida Keys,Grecian Rocks,GR3,GR3-t198,51,75,50,30,15%,RC,4,0,none,none,none,0,N,N,0,0,0,0,0,0
Florida Keys,Grecian Rocks,GR3,GR3-t397,51,49,40,30,5%,RC,1,0,none,none,none,0,N,N,0,0,0,0,0,0
Florida Keys,Grecian Rocks,GR3,GR3-t398,51,55,40,40,5%,RC,5,1,PFB,none,none,0,N,N,0,0,0,0,0,0
Florida Keys,Grecian Rocks,GR3,GR3-t412,51,20,15,15,2%,RC,4,2,FS,none,none,0,N,N,0,4,0,0,0,0
Florida Keys,Grecian Rocks,GR3,GR3-t468,51,58,35,30,10%,RC,12,0,none,none,none,0,N,N,0,0,0,0,0,0
Florida Keys,Grecian Rocks,GR3,GR3-t870,51,37,16,30,10%,RC,3,1,FS,none,none,0,N,N,0,1,0,0,0,0
Florida Keys,Grecian Rocks,GR3,GR3-t874,51,13,12,9,100%,JC,1,0,none,none,none,0,N,N,0,0,0,0,0,0
Florida Keys,Grecian Rocks,GR3,GR3-t876,51,18,9,12,100%,JC,1,0,none,none,none,0,N,N,0,0,0,0,0,0
Florida Keys,Grecian Rocks,GR3,GR3-t877,51,45,35,29,20%,RC,2,0,none,none,none,0,N,N,0,0,0,0,0,0
Florida Keys,Grecian Rocks,GR3,GR3-t881,51,17,12,12,100%,JC,1,0,none,none,none,0,N,N,0,0,0,0,0,0
Florida Keys,Key Largo Dry Rocks,KL1,KL1-t110,51,165,90,70,1%,RC,3,0,none,none,none,0,N,N,0,0,0,0,1,0
Florida Keys,Key Largo Dry Rocks,KL3,KL3-t899,51,39,31,40,1%,RC,4,0,none,none,none,0,N,N,0,0,1,0,0,0
Florida Keys,Key Largo Dry Rocks,KL3,KL3-t968,51,,,,,G,,,,,,,,,,0,0,0,1,0
Florida Keys,Key Largo Dry Rocks,KL3,KL3-t969,51,14,14,16,45%,EC,1,0,none,none,none,0,N,N,0,0,0,0,0,0
Florida Keys,Key Largo Dry Rocks,KL4,KL4-t853,51,220,120,87,30%,BC,77,1,FS,none,none,0,N,N,0,6,0,1,1,1
Florida Keys,Key Largo Dry Rocks,KL4,KL4-t893,51,23,20,18,30%,EC,2,0,none,none,none,0,N,N,0,0,0,0,0,0
Florida Keys,Molasses Reef,ML1,ML1-t013,51,205,138,95,65%,BC,28,1,FS,none,none,0,N,N,1,4,1,0,1,2
Florida Keys,Molasses Reef,ML1,ML1-t015,51,43,36,40,30%,BC,4,0,none,none,none,0,N,N,0,0,0,0,0,0
Florida Keys,Molasses Reef,ML1,ML1-t016,51,144,122,82,75%,BC,12,1,FS,FP,none,0,N,N,0,8,1,0,1,1
Florida Keys,Molasses Reef,ML1,ML1-t017,51,56,36,38,70%,BC,5,1,FP,none,none,0,N,N,0,0,0,0,0,0
Florida Keys,Molasses Reef,ML1,ML1-t018,51,132,82,48,95%,BC,1,0,none,none,none,0,N,N,0,0,1,0,1,1
Florida Keys,Molasses Reef,ML1,ML1-t020,51,170,120,70,1%,RC,7,1,Unk,none,none,0,N,N,0,0,0,0,1,0
Florida Keys,Molasses Reef,ML1,ML1-t207,51,,,,,G,,,,,,,,,,,,,,
Florida Keys,Molasses Reef,ML1,ML1-t464,51,6,5,3,100%,EC,1,0,none,none,none,0,N,N,0,0,0,0,0,0
Florida Keys,Molasses Reef,ML1,ML1-t882,51,,,,0%,D,,,,,,,,,,,,,,
Florida Keys,Molasses Reef,ML2,ML2-t126,51,190,100,99,20%,BC,19,1,FS,none,none,0,N,N,3,5,3,1,1,0
Florida Keys,Molasses Reef,ML2,ML2-t131,51,186,154,85,70%,BC,23,1,FS,none,none,0,Y,N,2,4,3,0,1,0
Florida Keys,Molasses Reef,ML2,ML2-t190,51,31,24,23,65%,JC,5,2,FS,none,none,0,N,N,0,10,1,0,0,0
Florida Keys,Molasses Reef,ML2,ML2-t191,51,2,1,1,100%,EC,1,0,none,none,none,0,N,N,0,0,0,0,0,0
Florida Keys,Molasses Reef,ML2,ML2-t192,51,65,40,25,10%,RC,3,1,FS,none,none,0,N,N,0,0,0,0,0,0
Florida Keys,Molasses Reef,ML2,ML2-t193,51,186,68,25,35%,RC,16,0,none,none,none,1,Y,N,0,0,2,0,0,0
Florida Keys,Molasses Reef,ML2,ML2-t425,51,25,15,12,1%,RC,2,0,none,none,none,0,N,N,0,0,0,0,0,0
Florida Keys,Molasses Reef,ML2,ML2-t442,51,6,5,5,80%,JC,1,5,Unk,none,none,0,N,N,0,0,0,0,0,0
Florida Keys,Molasses Reef,ML2,ML2-t868,51,36,15,20,20%,RC,1,0,none,none,none,0,N,N,2,0,1,0,0,0
Florida Keys,Molasses Reef,ML2,ML2-t869,51,5,5,2,100%,EC,1,0,none,none,none,0,N,N,0,0,0,0,0,0
Florida Keys,Molasses Reef,ML2,ML2-t952,51,41,38,22,15%,RC,3,1,FS,none,none,0,Y,N,0,2,1,0,0,0
Florida Keys,Molasses Reef,ML2,ML2-t954,51,4,3,2,100%,EC,1,0,none,none,none,0,N,N,0,0,0,0,0,0
Florida Keys,Molasses Reef,ML3,ML3-t144,51,180,120,80,15%,BC,23,1,FS,none,none,0,N,N,1,7,2,0,1,0
Florida Keys,Molasses Reef,ML3,ML3-t145,51,185,66,65,20%,BC,7,0,none,none,none,0,N,N,1,0,2,0,1,0
Florida Keys,Molasses Reef,ML3,ML3-t146,51,195,105,75,35%,BC,16,0,none,none,none,0,N,N,1,0,2,0,0,0
Florida Keys,Molasses Reef,ML3,ML3-t147,51,152,108,50,40%,BC,3,1,FS,CL,none,0,N,N,0,2,2,0,1,0
Florida Keys,Molasses Reef,ML3,ML3-t148,51,151,84,70,30%,BC,14,0,none,none,none,0,N,N,0,0,1,0,1,0
Florida Keys,Molasses Reef,ML3,ML3-t184,51,236,221,85,25%,BC,25,1,FS,none,none,1,N,N,1,4,1,0,1,0
Florida Keys,Molasses Reef,ML3,ML3-t186,51,16,12,5,95%,EC,1,1,Abr,none,none,0,N,N,0,0,1,0,0,0
Florida Keys,Molasses Reef,ML3,ML3-t194,51,15,12,4,100%,EC,1,0,none,none,none,0,N,N,0,0,1,0,0,0
Florida Keys,Molasses Reef,ML3,ML3-t195,51,7,5,2,50%,EC,2,0,none,none,none,0,N,N,0,0,1,0,0,0
Florida Keys,Molasses Reef,ML3,ML3-t465,51,17,14,19,60%,RC,2,1,FS,PFB,none,0,N,N,0,0,0,0,0,0
Florida Keys,Molasses Reef,ML3,ML3-t915,51,95,66,45,80%,BC,1,0,none,none,none,0,N,N,1,0,0,0,0,0
Florida Keys,Molasses Reef,ML3,ML3-t955,51,106,86,55,15%,RC,6,0,none,none,none,0,N,N,1,0,1,0,1,0
Florida Keys,Sand Island,SI1,SI1-t204,51,63,32,37,40%,BC,9,0,none,none,none,0,N,N,0,1,0,0,1,0
Florida Keys,Sand Island,SI1,SI1-t205,51,53,30,15,60%,AF,5,2,FS,none,none,1,N,N,0,3,0,0,0,0
Florida Keys,Sand Island,SI1,SI1-t206,51,72,36,25,75%,AF,1,2,RTL,none,none,1,N,N,0,1,0,0,0,0
Florida Keys,Sand Island,SI1,SI1-t307,51,102,67,75,25%,BC,6,0,none,none,none,0,N,N,0,0,0,0,1,0
Florida Keys,Sand Island,SI1,SI1-t308,51,55,45,65,25%,RC,9,1,FS,none,none,0,N,N,0,1,0,0,0,1
Florida Keys,Sand Island,SI1,SI1-t312,51,,,,0%,D,,,,,,,,,,,,,,
Florida Keys,Sand Island,SI1,SI1-t332,51,187,157,76,65%,BC,5,1,FS,none,none,0,N,N,0,2,0,0,2,0
Florida Keys,Sand Island,SI1,SI1-t403,51,88,56,50,75%,BC,2,1,FP,PFB,none,0,N,N,0,0,0,1,1,0
Florida Keys,Sand Island,SI1,SI1-t436,51,16,14,8,90%,EC,1,0,none,none,none,1,N,N,0,0,0,0,0,0
Florida Keys,Sand Island,SI1,SI1-t476,51,9,7,5,85%,EC,1,0,none,none,none,0,N,N,0,0,0,0,0,0
Florida Keys,Sand Island,SI1,SI1-t477,51,194,151,85,80%,BC,5,1,FS,none,none,0,N,N,0,8,0,0,1,1
Florida Keys,Sand Island,SI1,SI1-t959,51,50,30,30,1%,RC,2,0,none,none,none,0,N,N,0,0,0,0,0,0
Florida Keys,Sand Island,SI2,SI2-t313,51,171,99,130,40%,BC,10,0,none,none,none,0,N,N,0,0,0,0,1,0
Florida Keys,Sand Island,SI2,SI2-t323,51,109,61,52,45%,BC,4,0,none,none,none,0,N,Y,1,0,1,0,0,0
Florida Keys,Sand Island,SI2,SI2-t324,51,167,117,109,75%,BC,1,0,none,none,none,0,N,N,0,0,1,0,0,0
Florida Keys,Sand Island,SI2,SI2-t326,51,242,110,100,55%,BC,26,2,FS,RTL,none,0,N,N,1,20,2,0,1,0
Florida Keys,Sand Island,SI2,SI2-t331,51,30,22,25,55%,BC,4,0,none,none,none,0,N,N,1,0,1,0,1,0
Florida Keys,Sand Island,SI2,SI2-t334,51,235,205,155,45%,BC,28,1,FS,none,none,0,N,Y,1,0,3,0,0,2
Florida Keys,Sand Island,SI2,SI2-t399,51,78,66,65,70%,BC,6,2,RTL,none,none,0,N,N,0,0,0,0,0,0
Florida Keys,Sand Island,SI2,SI2-t435,51,88,71,44,100%,BC,1,0,none,none,none,0,N,N,0,0,0,0,0,0
Florida Keys,Sand Island,SI2,SI2-t479,51,83,77,65,100%,BC,1,0,none,none,none,0,N,N,0,1,1,0,0,0
Florida Keys,Sand Island,SI2,SI2-t960,51,117,95,70,90%,BC,1,0,none,none,none,0,N,Y,0,0,0,0,1,1
Florida Keys,Sand Island,SI2,SI2-t961,51,62,59,58,85%,BC,1,0,none,none,none,0,N,N,0,0,0,0,0,1
Florida Keys,Sand Island,SI2,SI2-t962,51,215,118,78,65%,BC,4,0,none,none,none,0,N,N,1,0,1,0,1,0
Florida Keys,Sand Island,SI3,SI3-t341,51,125,112,87,35%,BC,28,1,FS,RTL,none,0,N,N,0,18,0,0,0,2
Florida Keys,Sand Island,SI3,SI3-t964,51,75,25,40,1%,RC,2,0,none,none,none,0,N,N,0,0,0,0,0,0
Florida Keys,Carysfort Reef,CF1,CF1-t024,52,7,6,4,100%,EC,1,0,none,none,none,0,N,N,0,0,0,0,0,0
Florida Keys,Carysfort Reef,CF3,CF3-t088,52,251,155,95,15%,BC,8,1,FS,none,none,0,N,N,1,4,4,0,1,0
Florida Keys,Carysfort Reef,CF3,CF3-t090,52,6,5,5,100%,JC,1,0,none,none,none,0,N,N,0,0,1,0,0,0
Florida Keys,Carysfort Reef,CF3,CF3-t092,52,193,115,72,25%,BC,18,1,CL,none,none,0,N,N,0,0,1,0,1,0
Florida Keys,Carysfort Reef,CF3,CF3-t095,52,33,20,18,100%,JC,1,0,none,none,none,0,N,N,0,0,0,0,0,0
Florida Keys,Carysfort Reef,CF3,CF3-t099,52,5,3,8,100%,JC,1,0,none,none,none,0,N,N,0,1,1,0,0,0
Florida Keys,Carysfort Reef,CF4,CF4-t812,52,14,12,8,70%,EC,2,0,none,none,none,0,N,N,0,2,0,0,0,0
Florida Keys,Elbow Reef,EL1,EL1-t051,52,93,67,70,10%,BC,6,0,none,none,none,0,N,N,0,0,0,0,0,0
Florida Keys,Elbow Reef,EL1,EL1-t052,52,260,190,105,60%,BC,27,1,Unk,none,none,0,N,N,2,0,3,0,1,2
Florida Keys,Elbow Reef,EL1,EL1-t054,52,135,110,80,70%,BC,5,0,none,none,none,0,N,N,0,1,1,0,1,0
Florida Keys,Elbow Reef,EL1,EL1-t055,52,235,175,65,60%,BC,12,1,WPx,none,none,0,N,N,2,0,6,0,1,0
Florida Keys,Elbow Reef,EL1,EL1-t056,52,100,83,65,75%,BC,6,0,none,none,none,0,N,N,0,0,0,0,1,0
Florida Keys,Elbow Reef,EL1,EL1-t060,52,160,134,75,65%,BC,8,1,FS,Unk,none,0,N,N,1,3,0,0,2,0
Florida Keys,Elbow Reef,EL1,EL1-t208,52,130,100,92,75%,BC,7,0,none,none,none,0,N,N,0,0,1,0,1,0
Florida Keys,Elbow Reef,EL1,EL1-t232,52,111,75,70,75%,BC,4,0,none,none,none,0,N,N,0,2,0,0,3,0
Florida Keys,Elbow Reef,EL1,EL1-t441,52,83,53,47,90%,BC,1,0,none,none,none,0,N,N,0,0,1,0,0,0
Florida Keys,Elbow Reef,EL1,EL1-t977,52,115,90,54,60%,BC,12,1,FS,none,none,0,N,N,1,6,2,0,0,0
Florida Keys,Elbow Reef,EL1,EL1-t978,52,104,23,51,95%,BC,1,0,none,none,none,0,N,N,0,0,0,0,1,0
Florida Keys,Elbow Reef,EL1,EL1-t979,52,167,125,80,85%,BC,3,0,none,none,none,0,N,N,2,0,2,0,1,0
Florida Keys,Elbow Reef,EL2,EL2-t065,52,15,8,14,100%,JC,1,0,none,none,none,0,N,N,0,0,0,0,0,0
Florida Keys,Elbow Reef,EL2,EL2-t066,52,150,105,75,5%,RC,26,1,Unk,none,none,0,N,N,0,1,0,0,1,0
Florida Keys,Elbow Reef,EL2,EL2-t067,52,30,17,20,10%,RC,2,0,none,none,none,0,N,N,0,0,0,0,0,0
Florida Keys,Elbow Reef,EL2,EL2-t072,52,7,5,1,65%,EC,2,0,none,none,none,0,N,N,0,0,0,0,0,0
Florida Keys,Elbow Reef,EL2,EL2-t073,52,105,95,60,1%,RC,3,1,Unk,none,none,0,N,N,0,0,0,0,1,0
Florida Keys,Elbow Reef,EL2,EL2-t149,52,7,4,3,70%,EC,1,0,none,none,none,1,N,N,0,1,0,0,0,0
Florida Keys,Elbow Reef,EL2,EL2-t246,52,24,12,12,95%,JC,1,0,none,none,none,0,N,N,0,0,0,0,0,0
Florida Keys,Elbow Reef,EL2,EL2-t247,52,,,,0%,D,,,none,,,,N,N,,,,,,
Florida Keys,Elbow Reef,EL2,EL2-t437,52,15,7,4,20%,EC,2,0,none,none,none,0,N,N,0,0,0,0,0,0
Florida Keys,Elbow Reef,EL2,EL2-t439,52,3,1,2,100%,EC,1,0,none,none,none,0,N,N,0,0,0,0,0,0
Florida Keys,Elbow Reef,EL2,EL2-t440,52,58,22,50,40%,RC,5,0,none,none,none,0,N,N,0,0,0,0,0,0
Florida Keys,Elbow Reef,EL2,EL2-t913,52,270,135,70,35%,BC,37,0,none,none,none,0,N,N,0,0,0,0,0,3
Florida Keys,Elbow Reef,EL3,EL3-t077,52,18,17,30,20%,RC,4,0,none,none,none,0,N,N,0,0,0,0,0,2
Florida Keys,Elbow Reef,EL3,EL3-t079,52,17,15,13,55%,JC,2,0,none,none,none,0,N,N,0,0,0,0,1,0
Florida Keys,Elbow Reef,EL3,EL3-t083,52,130,95,75,55%,BC,4,1,CL,none,none,0,N,N,0,0,0,0,0,0
Florida Keys,Elbow Reef,EL3,EL3-t086,52,205,98,67,35%,BC,12,1,FS,none,none,0,N,N,0,4,0,0,1,0
Florida Keys,Elbow Reef,EL3,EL3-t178,52,55,40,12,5%,AF,2,0,none,none,none,0,N,N,0,0,0,0,0,0
Florida Keys,Elbow Reef,EL3,EL3-t179,52,54,12,30,50%,SF,1,0,none,none,none,0,N,N,0,0,0,0,0,0
Florida Keys,Elbow Reef,EL3,EL3-t187,52,5,5,2,100%,EC,1,0,none,none,none,0,N,N,0,0,0,0,0,0
Florida Keys,Elbow Reef,EL3,EL3-t422,52,58,32,27,25%,RC,4,0,none,none,none,0,N,N,0,0,0,0,0,0
Florida Keys,Elbow Reef,EL3,EL3-t911,52,134,80,70,85%,BC,2,0,none,none,none,0,N,N,0,0,0,0,0,1
Florida Keys,Elbow Reef,EL3,EL3-t933,52,138,75,68,40%,BC,12,1,FS,none,none,0,N,N,0,5,0,0,2,2
Florida Keys,Elbow Reef,EL4,EL4-t153,52,202,146,84,35%,BC,16,1,FS,CB,none,0,N,N,0,16,0,0,1,0
Florida Keys,Elbow Reef,EL4,EL4-t154,52,182,115,85,35%,BC,31,1,FS,CB,CL,0,N,N,0,6,0,0,1,1
Florida Keys,Elbow Reef,EL4,EL4-t158,52,55,40,40,20%,RC,3,0,none,none,none,1,N,N,0,0,0,0,0,1
Florida Keys,Elbow Reef,EL4,EL4-t168,52,212,192,98,75%,BC,5,0,none,none,none,0,N,N,0,0,0,0,1,0
Florida Keys,Elbow Reef,EL4,EL4-t418,52,83,27,32,95%,BC,1,1,FS,none,none,0,N,N,1,3,1,0,0,0
Florida Keys,Elbow Reef,EL4,EL4-t935,52,12,8,4,100%,JC,1,0,none,none,none,0,N,N,0,0,0,0,0,0
Florida Keys,Elbow Reef,EL5,EL5-t180,52,158,105,75,45%,BC,9,1,FS,Oth,none,0,N,N,0,3,0,0,1,1
Florida Keys,Elbow Reef,EL5,EL5-t189,52,,,,0%,D,,,,,,,N,N,,,,,,
Florida Keys,Elbow Reef,EL5,EL5-t460,52,11,6,3,100%,JC,1,0,none,none,none,0,N,N,0,0,0,0,0,0
Florida Keys,French Reef,FR1,FR1-t002,52,16,13,4,90%,JC,1,0,none,none,none,0,N,N,0,0,0,0,0,0
Florida Keys,French Reef,FR1,FR1-t003,52,33,22,24,25%,RC,2,0,none,none,none,0,N,N,0,1,0,0,0,0
Florida Keys,French Reef,FR1,FR1-t004,52,,,,0%,D,,,,,,,N,N,,,,,,
Florida Keys,French Reef,FR1,FR1-t005,52,172,118,70,45%,BC,9,1,FP,none,none,0,N,N,0,0,2,1,1,0
Florida Keys,French Reef,FR1,FR1-t006,52,193,122,70,45%,BC,15,1,FS,FP,none,0,N,N,1,8,2,0,1,0
Florida Keys,French Reef,FR1,FR1-t007,52,28,14,13,25%,RC,3,0,none,none,none,0,N,N,0,0,1,0,0,0
Florida Keys,French Reef,FR1,FR1-t008,52,52,42,44,95%,BC,1,0,none,none,none,0,N,N,0,0,1,0,0,0
Florida Keys,French Reef,FR1,FR1-t009,52,227,130,70,45%,BC,11,1,FP,none,none,1,N,N,2,0,5,0,1,0
Florida Keys,French Reef,FR1,FR1-t199,52,117,68,73,70%,BC,7,0,none,none,none,0,N,N,2,0,2,0,0,0
Florida Keys,French Reef,FR1,FR1-t200,52,15,9,14,90%,JC,1,0,none,none,none,1,N,N,0,0,0,0,0,0
Florida Keys,French Reef,FR1,FR1-t861,52,101,67,62,85%,BC,1,1,FP,none,none,0,N,N,0,0,2,1,0,0
Florida Keys,French Reef,FR1,FR1-t976,52,20,11,16,80%,JC,1,0,none,none,none,1,N,N,0,0,1,0,0,0
Florida Keys,French Reef,FR2,FR2-t201,52,12,12,15,100%,JC,1,0,none,none,none,0,N,N,0,0,0,0,0,0
Florida Keys,French Reef,FR2,FR2-t236,52,5,4,1,100%,EC,1,0,none,none,none,0,N,N,0,0,0,0,0,0
Florida Keys,French Reef,FR2,FR2-t250,52,100,60,40,1%,RC,5,0,none,none,none,0,N,N,0,0,0,0,0,0
Florida Keys,French Reef,FR2,FR2-t251,52,80,45,60,1%,RC,2,0,none,none,none,0,N,N,0,0,0,0,0,0
Florida Keys,French Reef,FR2,FR2-t255,52,33,17,25,35%,RC,12,3,FS,none,none,0,N,N,0,2,0,0,0,0
Florida Keys,French Reef,FR2,FR2-t256,52,38,27,42,60%,BC,5,0,none,none,none,1,N,N,0,4,0,0,1,0
Florida Keys,French Reef,FR2,FR2-t258,52,8,5,6,100%,JC,1,0,none,none,none,0,N,N,0,0,0,0,0,0
Florida Keys,French Reef,FR2,FR2-t259,52,33,21,26,75%,BC,2,0,none,none,none,0,N,N,0,0,0,0,0,0
Florida Keys,French Reef,FR2,FR2-t260,52,35,30,40,1%,RC,2,0,none,none,none,0,N,N,0,0,0,0,0,0
Florida Keys,French Reef,FR2,FR2-t261,52,25,25,15,10%,RC,3,0,none,none,none,0,N,N,0,0,0,0,1,0
Florida Keys,French Reef,FR2,FR2-t447,52,8,7,3,100%,JC,1,0,none,none,none,0,N,N,0,0,0,0,0,0
Florida Keys,French Reef,FR2,FR2-t470,52,29,22,20,35%,RC,9,0,none,none,none,0,N,N,0,1,0,0,1,0
Florida Keys,French Reef,FR3,FR3-t202,52,10,6,7,100%,JC,1,0,none,none,none,0,N,N,0,0,0,0,0,0
Florida Keys,French Reef,FR3,FR3-t203,52,7,6,6,100%,JC,1,0,none,none,none,0,N,N,0,0,0,0,0,0
Florida Keys,French Reef,FR3,FR3-t444,52,32,24,20,90%,JC,1,0,none,none,none,0,N,N,0,0,0,0,0,0
Florida Keys,French Reef,FR3,FR3-t446,52,56,49,35,45%,BC,2,0,none,none,none,0,N,N,2,0,2,0,0,0
Florida Keys,French Reef,FR3,FR3-t472,52,,,,0%,D,,,,,,,N,N,,,,,,
Florida Keys,French Reef,FR3,FR3-t474,52,60,40,30,5%,RC,2,0,none,none,none,0,N,N,0,0,1,0,0,0
Florida Keys,French Reef,FR3,FR3-t818,52,17,8,10,45%,RC,3,0,none,none,none,0,N,N,0,0,0,0,0,2
Florida Keys,French Reef,FR3,FR3-t820,52,135,75,70,5%,RC,4,0,none,none,none,0,N,N,0,0,1,0,1,0
Florida Keys,French Reef,FR3,FR3-t824,52,16,9,11,95%,JC,1,0,none,none,none,0,N,N,0,0,0,0,0,1
Florida Keys,French Reef,FR3,FR3-t825,52,52,38,22,5%,RC,2,0,none,none,none,0,N,N,0,0,1,0,0,0
Florida Keys,French Reef,FR3,FR3-t862,52,74,54,35,45%,BC,7,0,none,none,none,0,N,N,3,0,2,0,1,0
Florida Keys,French Reef,FR3,FR3-t866,52,32,21,26,100%,JC,1,0,none,none,none,0,N,N,0,0,0,0,0,0
Florida Keys,Grecian Rocks,GR1,GR1-t469,52,20,14,6,99%,JC,1,0,none,none,none,0,N,N,0,0,0,0,0,0
Florida Keys,Grecian Rocks,GR2,GR2-t467,52,22,12,12,100%,JC,1,0,none,none,none,0,N,N,0,0,0,0,0,0
Florida Keys,Grecian Rocks,GR2,GR2-t847,52,,,,0%,D,,,,,,,N,N,,,,,,
Florida Keys,Grecian Rocks,GR3,GR3-t196,52,34,15,15,5%,RC,2,0,none,none,none,0,N,N,0,0,0,0,0,0
Florida Keys,Grecian Rocks,GR3,GR3-t197,52,2,1,1,100%,EC,1,0,none,none,none,0,N,N,0,0,0,0,0,0
Florida Keys,Grecian Rocks,GR3,GR3-t198,52,75,50,30,15%,RC,4,0,none,none,none,0,N,N,0,0,0,0,1,0
Florida Keys,Grecian Rocks,GR3,GR3-t397,52,30,22,8,100%,EC,1,0,none,none,none,0,N,N,0,0,0,0,0,0
Florida Keys,Grecian Rocks,GR3,GR3-t398,52,50,40,40,5%,RC,6,0,none,none,none,0,N,N,0,0,0,0,0,0
Florida Keys,Grecian Rocks,GR3,GR3-t412,52,20,15,15,1%,RC,2,0,none,none,none,0,N,N,0,0,0,0,0,0
Florida Keys,Grecian Rocks,GR3,GR3-t468,52,60,35,30,10%,RC,12,1,FS,none,none,0,N,N,0,2,0,0,0,0
Florida Keys,Grecian Rocks,GR3,GR3-t870,52,11,6,5,5%,RC,3,0,none,none,none,0,N,N,0,0,0,0,0,0
Florida Keys,Grecian Rocks,GR3,GR3-t874,52,14,7,7,85%,EC,1,0,none,none,none,0,N,N,0,0,0,0,0,0
Florida Keys,Grecian Rocks,GR3,GR3-t876,52,24,9,13,100%,JC,1,0,none,none,none,0,N,N,0,0,0,0,0,0
Florida Keys,Grecian Rocks,GR3,GR3-t877,52,45,35,29,20%,RC,2,0,none,none,none,0,N,N,0,0,0,0,1,0
Florida Keys,Grecian Rocks,GR3,GR3-t881,52,18,11,12,100%,JC,1,0,none,none,none,0,N,N,0,0,0,0,0,0
Florida Keys,Key Largo Dry Rocks,KL1,KL1-t110,52,165,90,70,1%,RC,3,0,none,none,none,0,N,N,0,0,0,0,0,0
Florida Keys,Key Largo Dry Rocks,KL3,KL3-t899,52,37,28,36,1%,RC,3,0,none,none,none,0,N,N,0,0,0,0,0,0
Florida Keys,Key Largo Dry Rocks,KL3,KL3-t969,52,17,17,15,55%,JC,1,0,none,none,none,0,N,N,0,0,1,0,0,0
Florida Keys,Key Largo Dry Rocks,KL4,KL4-t853,52,220,115,85,30%,BC,51,1,FS,none,none,0,N,N,0,6,1,0,1,1
Florida Keys,Key Largo Dry Rocks,KL4,KL4-t893,52,23,20,18,25%,EC,2,,,,,0,N,N,0,0,0,0,0,0
Florida Keys,Molasses Reef,ML1,ML1-t013,52,208,139,95,60%,BC,30,2,FS,CL,none,0,N,N,1,13,1,0,1,0
Florida Keys,Molasses Reef,ML1,ML1-t015,52,44,37,40,30%,BC,4,0,none,none,none,0,N,N,0,0,0,0,1,0
Florida Keys,Molasses Reef,ML1,ML1-t016,52,150,125,83,75%,BC,15,1,FS,Unk,none,0,N,N,0,12,1,0,1,0
Florida Keys,Molasses Reef,ML1,ML1-t017,52,57,36,38,75%,BC,4,0,none,none,none,0,N,N,0,0,1,0,1,0
Florida Keys,Molasses Reef,ML1,ML1-t018,52,135,82,50,95%,BC,1,0,none,none,none,0,N,N,0,0,1,0,0,0
Florida Keys,Molasses Reef,ML1,ML1-t020,52,170,120,70,1%,RC,5,0,none,none,none,0,N,N,0,0,0,0,0,0
Florida Keys,Molasses Reef,ML1,ML1-t464,52,6,5,2,90%,EC,1,5,FS,none,none,0,N,N,0,1,0,0,0,0
Florida Keys,Molasses Reef,ML2,ML2-t126,52,190,100,100,20%,BC,17,1,FS,none,none,0,N,N,3,2,3,1,0,0
Florida Keys,Molasses Reef,ML2,ML2-t131,52,189,155,85,70%,BC,22,1,FS,CL,none,0,N,N,2,10,2,0,1,0
Florida Keys,Molasses Reef,ML2,ML2-t190,52,31,20,18,40%,RC,3,2,FS,none,none,0,N,N,0,5,1,0,0,0
Florida Keys,Molasses Reef,ML2,ML2-t191,52,,,,0%,D,,,,,,,N,N,,,,,,
Florida Keys,Molasses Reef,ML2,ML2-t192,52,65,40,25,5%,RC,3,1,FS,none,none,0,N,N,0,2,0,0,0,0
Florida Keys,Molasses Reef,ML2,ML2-t193,52,185,68,25,20%,RC,14,1,WBD,CB,none,0,N,N,0,1,1,0,1,0
Florida Keys,Molasses Reef,ML2,ML2-t425,52,25,15,12,1%,RC,2,0,none,none,none,0,N,N,2,0,0,0,0,0
Florida Keys,Molasses Reef,ML2,ML2-t442,52,7,5,4,80%,JC,1,0,none,none,none,0,N,N,0,0,0,0,0,0
Florida Keys,Molasses Reef,ML2,ML2-t868,52,,,,0%,D,,,,,,,N,N,,,,,,
Florida Keys,Molasses Reef,ML2,ML2-t869,52,7,6,3,100%,EC,1,0,none,none,none,0,N,N,0,0,0,0,0,0
Florida Keys,Molasses Reef,ML2,ML2-t952,52,41,38,22,15%,RC,2,0,none,none,none,0,N,N,0,0,1,0,0,0
Florida Keys,Molasses Reef,ML2,ML2-t954,52,5,4,4,100%,JC,1,0,none,none,none,0,N,N,0,0,0,0,0,0
Florida Keys,Molasses Reef,ML3,ML3-t144,52,184,120,80,10%,BC,19,1,FS,CB,none,0,N,N,2,13,1,0,1,0
Florida Keys,Molasses Reef,ML3,ML3-t145,52,188,68,60,20%,BC,6,0,none,none,none,0,N,N,1,0,2,0,0,0
Florida Keys,Molasses Reef,ML3,ML3-t146,52,200,107,75,35%,BC,13,1,FS,none,none,0,N,N,0,4,3,0,1,0
Florida Keys,Molasses Reef,ML3,ML3-t147,52,155,110,52,40%,BC,4,1,PFB,FS,none,0,N,N,1,5,3,0,1,0
Florida Keys,Molasses Reef,ML3,ML3-t148,52,152,85,70,30%,BC,14,1,FS,CL,none,0,N,N,0,1,1,0,0,0
Florida Keys,Molasses Reef,ML3,ML3-t184,52,240,220,85,25%,BC,19,1,FS,none,none,0,N,N,1,8,1,0,1,0
Florida Keys,Molasses Reef,ML3,ML3-t186,52,16,12,5,100%,EC,1,0,none,none,none,0,N,N,0,0,1,0,0,0
Florida Keys,Molasses Reef,ML3,ML3-t194,52,15,12,4,100%,EC,1,0,none,none,none,0,N,N,0,0,4,0,0,0
Florida Keys,Molasses Reef,ML3,ML3-t195,52,7,5,2,70%,EC,2,0,none,none,none,0,N,N,0,0,0,0,1,0
Florida Keys,Molasses Reef,ML3,ML3-t465,52,12,8,8,70%,RC,2,0,none,none,none,0,N,N,0,0,0,0,0,0
Florida Keys,Molasses Reef,ML3,ML3-t915,52,99,70,47,85%,BC,1,1,FS,none,none,0,N,N,0,1,1,0,1,0
Florida Keys,Molasses Reef,ML3,ML3-t955,52,100,85,55,15%,RC,6,0,none,none,none,0,N,N,0,0,2,0,1,0
Florida Keys,Sand Island,SI1,SI1-t204,52,65,35,40,40%,BC,11,1,FS,none,none,0,N,N,0,2,0,0,1,0
Florida Keys,Sand Island,SI1,SI1-t205,52,52,30,15,10%,AF,4,0,none,none,none,0,N,N,0,0,0,0,0,0
Florida Keys,Sand Island,SI1,SI1-t206,52,70,35,25,60%,AF,1,1,FS,none,none,1,N,N,0,1,0,0,0,0
Florida Keys,Sand Island,SI1,SI1-t307,52,106,67,77,25%,BC,6,,,,,,N,N,,0,0,0,1,0
Florida Keys,Sand Island,SI1,SI1-t308,52,56,47,65,25%,RC,6,1,FS,none,none,0,N,N,0,1,0,0,0,0
Florida Keys,Sand Island,SI1,SI1-t332,52,180,157,76,60%,BC,5,2,FS,none,none,0,N,N,0,3,0,0,1,0
Florida Keys,Sand Island,SI1,SI1-t403,52,92,38,45,75%,BC,2,0,none,none,none,0,N,N,0,0,0,0,0,1
Florida Keys,Sand Island,SI1,SI1-t436,52,,,,0%,D,,,,,,,N,N,,,,,,
Florida Keys,Sand Island,SI1,SI1-t476,52,11,8,5,90%,EC,1,0,none,none,none,0,N,N,0,0,0,0,0,0
Florida Keys,Sand Island,SI1,SI1-t477,52,200,157,85,80%,BC,8,1,FS,none,none,0,N,N,0,16,0,0,1,2
Florida Keys,Sand Island,SI1,SI1-t959,52,50,30,30,1%,RC,2,0,none,none,none,0,N,N,0,0,0,0,0,0
Florida Keys,Sand Island,SI2,SI2-t313,52,177,100,130,40%,BC,11,0,none,none,none,0,N,N,0,0,0,0,1,0
Florida Keys,Sand Island,SI2,SI2-t323,52,111,66,53,45%,BC,4,0,none,none,none,0,N,N,0,0,2,0,1,0
Florida Keys,Sand Island,SI2,SI2-t324,52,172,119,109,80%,BC,,0,none,none,none,0,N,N,0,0,1,0,0,0
Florida Keys,Sand Island,SI2,SI2-t326,52,245,110,100,45%,BC,30,2,FS,none,none,0,N,N,1,49,2,0,1,0
Florida Keys,Sand Island,SI2,SI2-t331,52,30,23,24,60%,BC,3,0,none,none,none,0,N,N,0,0,1,0,0,0
Florida Keys,Sand Island,SI2,SI2-t334,52,240,210,155,45%,BC,30,0,none,none,none,0,N,N,1,0,4,0,1,1
Florida Keys,Sand Island,SI2,SI2-t399,52,78,68,65,70%,BC,3,0,none,none,none,0,N,N,0,0,0,0,1,0
Florida Keys,Sand Island,SI2,SI2-t435,52,100,72,48,100%,BC,1,0,none,none,none,0,N,N,0,0,0,0,0,0
Florida Keys,Sand Island,SI2,SI2-t479,52,90,80,67,100%,BC,1,0,none,none,none,0,N,N,0,0,1,0,0,0
Florida Keys,Sand Island,SI2,SI2-t960,52,120,99,70,95%,BC,1,0,none,none,none,0,N,N,0,0,0,0,1,0
Florida Keys,Sand Island,SI2,SI2-t961,52,65,60,60,90%,BC,1,0,none,none,none,0,N,N,0,0,0,0,0,0
Florida Keys,Sand Island,SI2,SI2-t962,52,218,118,78,70%,BC,5,0,none,none,none,0,N,N,1,0,2,0,0,0
Florida Keys,Sand Island,SI3,SI3-t341,52,125,115,88,35%,BC,30,2,FS,none,none,0,N,N,0,12,0,0,0,0
Florida Keys,Sand Island,SI3,SI3-t964,52,75,25,40,1%,RC,2,0,none,none,none,0,N,N,0,0,0,0,1,0
Florida Keys,Carysfort Reef,CF1,CF1-t024,54,,,,0%,D,,0,,,,,N,N,,,,,,
Florida Keys,Carysfort Reef,CF3,CF3-t088,54,250,157,95,15%,BC,9,1,RTL,FS,none,0,N,N,0,3,1,0,0,0
Florida Keys,Carysfort Reef,CF3,CF3-t090,54,,,,,G,,,,,,,N,N,,,,,,
Florida Keys,Carysfort Reef,CF3,CF3-t092,54,195,97,72,20%,BC,11,0,none,none,none,0,N,N,1,1,1,0,0,0
Florida Keys,Carysfort Reef,CF3,CF3-t095,54,29,18,14,90%,JC,1,5,RTL,none,none,0,N,N,0,0,1,0,0,0
Florida Keys,Carysfort Reef,CF3,CF3-t099,54,,,,,G,,,,,,,N,N,,,,,,
Florida Keys,Carysfort Reef,CF3,CF3-t500,54,25,15,7,65%,AF,1,0,none,none,none,0,N,N,0,1,0,0,0,0
Florida Keys,Carysfort Reef,CF4,CF4-t812,54,14,12,8,60%,EC,1,1,PFB,none,none,0,N,N,0,1,0,0,0,0
Florida Keys,Elbow Reef,EL1,EL1-t051,54,,,,,G,,,,,,,N,N,,,,,,
Florida Keys,Elbow Reef,EL1,EL1-t052,54,260,150,100,65%,BC,17,0,none,none,none,0,N,N,2,6,2,0,1,0
Florida Keys,Elbow Reef,EL1,EL1-t054,54,119,67,68,65%,BC,5,1,FP,none,none,0,N,N,0,0,0,0,0,0
Florida Keys,Elbow Reef,EL1,EL1-t055,54,223,160,65,65%,BC,15,0,none,none,none,0,N,N,2,1,2,0,0,0
Florida Keys,Elbow Reef,EL1,EL1-t056,54,100,60,47,75%,RC,5,0,none,none,none,0,N,N,0,0,0,0,0,0
Florida Keys,Elbow Reef,EL1,EL1-t060,54,,,,,G,,,,,,,N,N,,,,,,
Florida Keys,Elbow Reef,EL1,EL1-t208,54,85,65,70,75%,BC,4,0,none,none,none,0,N,N,0,0,1,0,0,0
Florida Keys,Elbow Reef,EL1,EL1-t232,54,83,60,35,80%,BC,1,0,none,none,none,0,N,N,0,0,0,0,0,1
Florida Keys,Elbow Reef,EL1,EL1-t441,54,64,38,28,65%,BC,2,2,RTL,none,none,0,N,N,0,5,0,0,0,0
Florida Keys,Elbow Reef,EL1,EL1-t977,54,96,62,70,65%,BC,9,1,FS,CL,none,0,N,N,1,1,2,0,1,0
Florida Keys,Elbow Reef,EL1,EL1-t978,54,,,,,G,,,,,,,N,N,,,,,,
Florida Keys,Elbow Reef,EL1,EL1-t979,54,153,70,70,80%,BC,8,0,none,none,none,0,N,N,3,0,1,1,0,0
Florida Keys,Elbow Reef,EL1,EL1-t986,54,8,4,9,100%,AF,1,0,none,none,none,0,N,N,0,0,0,0,0,0
Florida Keys,Elbow Reef,EL1,EL1-t987,54,100,77,45,95%,BC,1,0,none,none,none,0,N,N,0,0,2,0,1,0
Florida Keys,Elbow Reef,EL1,EL1-t988,54,7,7,9,80%,JC,1,0,none,none,none,0,N,N,0,0,0,0,0,0
Florida Keys,Elbow Reef,EL2,EL2-t065,54,16,8,16,95%,JC,1,0,none,none,none,0,N,N,0,0,0,0,0,0
Florida Keys,Elbow Reef,EL2,EL2-t066,54,,,,,G,,,,,,,N,N,,,,,,
Florida Keys,Elbow Reef,EL2,EL2-t067,54,7,7,4,0%,D,,0,,,,,N,N,,,,,,
Florida Keys,Elbow Reef,EL2,EL2-t072,54,,,,,G,,,,,,,N,N,,,,,,
Florida Keys,Elbow Reef,EL2,EL2-t073,54,,,,0%,D,,0,,,,,N,N,,,,,,
Florida Keys,Elbow Reef,EL2,EL2-t149,54,,,,0%,D,,0,,,,,N,N,,,,,,
Florida Keys,Elbow Reef,EL2,EL2-t208,54,54,38,32,5%,SF,3,1,RTL,none,none,1,N,N,0,1,0,0,1,0
Florida Keys,Elbow Reef,EL2,EL2-t211,54,9,8,6,85%,JC,1,0,none,none,none,0,N,N,0,,,,,
Florida Keys,Elbow Reef,EL2,EL2-t212,54,13,8,4,25%,AF,2,0,none,none,none,0,N,N,0,0,0,0,0,0
Florida Keys,Elbow Reef,EL2,EL2-t213,54,15,8,3,100%,AF,1,0,none,none,none,0,N,N,0,0,0,0,0,0
Florida Keys,Elbow Reef,EL2,EL2-t214,54,8,5,2,85%,EC,1,0,none,none,none,0,N,N,0,0,0,0,0,0
Florida Keys,Elbow Reef,EL2,EL2-t246,54,,,,0%,D,,0,,,,,N,N,,,,,,
Florida Keys,Elbow Reef,EL2,EL2-t437,54,8,6,5,80%,JC,1,0,none,none,none,0,N,N,0,0,0,0,0,0
Florida Keys,Elbow Reef,EL2,EL2-t439,54,,,,,G,,,,,,,N,N,,,,,,
Florida Keys,Elbow Reef,EL2,EL2-t440,54,,,,,G,,,,,,,N,N,,,,,,
Florida Keys,Elbow Reef,EL2,EL2-t485,54,60,22,28,25%,AF,2,4,RTL,none,none,0,N,N,0,0,0,0,0,0
Florida Keys,Elbow Reef,EL2,EL2-t486,54,90,80,90,25%,RC,19,0,none,none,none,0,N,N,0,,,,,
Florida Keys,Elbow Reef,EL2,EL2-t487,54,45,25,7,20%,AF,1,3,RTL,none,none,0,N,N,0,0,0,0,1,0
Florida Keys,Elbow Reef,EL2,EL2-t488,54,9,5,3,80%,AF,1,0,none,none,none,1,N,N,0,0,0,0,0,0
Florida Keys,Elbow Reef,EL2,EL2-t913,54,212,111,65,25%,BC,21,1,RTL,none,none,0,N,N,0,1,0,0,1,3
Florida Keys,Elbow Reef,EL3,EL3-t077,54,19,18,30,20%,RC,3,0,none,none,none,0,N,N,1,0,0,0,0,0
Florida Keys,Elbow Reef,EL3,EL3-t079,54,,,,,G,,,,,,,N,N,,,,,,
Florida Keys,Elbow Reef,EL3,EL3-t083,54,10,5,3,100%,EC,1,0,none,none,none,0,N,N,0,0,0,0,0,0
Florida Keys,Elbow Reef,EL3,EL3-t086,54,162,85,54,25%,BC,10,2,FS,none,none,0,N,N,1,5,0,0,1,0
Florida Keys,Elbow Reef,EL3,EL3-t178,54,,,,,G,,,,,,,N,N,,,,,,
Florida Keys,Elbow Reef,EL3,EL3-t179,54,,,,,G,,,,,,,N,N,,,,,,
Florida Keys,Elbow Reef,EL3,EL3-t187,54,6,5,2,100%,EC,1,0,none,none,none,0,N,N,0,0,0,0,0,0
Florida Keys,Elbow Reef,EL3,EL3-t422,54,48,26,29,25%,RC,3,0,none,none,none,0,N,N,0,1,0,0,0,0
Florida Keys,Elbow Reef,EL3,EL3-t911,54,112,67,54,65%,RC,7,2,RTL,none,none,0,N,N,0,0,0,0,0,1
Florida Keys,Elbow Reef,EL3,EL3-t933,54,50,45,50,15%,RC,4,2,RTL,none,none,0,N,N,0,0,0,0,0,0
Florida Keys,Elbow Reef,EL4,EL4-t153,54,108,70,60,25%,RC,8,1,Unk,none,none,0,N,N,0,1,0,0,0,0
Florida Keys,Elbow Reef,EL4,EL4-t154,54,,,,,G,,,,,,,N,N,,,,,,
Florida Keys,Elbow Reef,EL4,EL4-t158,54,54,33,40,10%,RC,4,2,RTL,none,none,,N,N,,0,0,0,0,0
Florida Keys,Elbow Reef,EL4,EL4-t168,54,178,96,74,80%,BC,2,0,none,none,none,0,N,N,0,0,0,0,1,0
Florida Keys,Elbow Reef,EL4,EL4-t207,54,54,15,9,95%,AF,1,0,none,none,none,4,N,N,0,0,0,0,0,0
Florida Keys,Elbow Reef,EL4,EL4-t210,54,46,30,30,20%,EC,3,2,RTL,none,none,0,N,N,0,1,0,0,0,0
Florida Keys,Elbow Reef,EL4,EL4-t418,54,,,,,G,,,,,,,N,N,,,,,,
Florida Keys,Elbow Reef,EL4,EL4-t489,54,12,8,1,90%,EC,1,0,none,none,none,1,N,N,0,0,0,0,0,0
Florida Keys,Elbow Reef,EL4,EL4-t935,54,,,,,G,,,,,,,N,N,,,,,,
Florida Keys,Elbow Reef,EL5,EL5-t180,54,,,,,G,,,,,,,N,N,,,,,,
Florida Keys,Elbow Reef,EL5,EL5-t460,54,,,,,G,,,,,,,N,N,,,,,,
Florida Keys,French Reef,FR1,FR1-t002,54,10,4,2,80%,EC,2,0,none,none,none,0,N,N,0,0,0,0,0,0
Florida Keys,French Reef,FR1,FR1-t003,54,,,,,G,,,,,,,N,N,,,,,,
Florida Keys,French Reef,FR1,FR1-t005,54,,,,,G,,,,,,,N,N,,,,,,
Florida Keys,French Reef,FR1,FR1-t006,54,134,71,50,25%,RC,5,2,RTL,FS,none,0,N,N,0,14,2,0,0,0
Florida Keys,French Reef,FR1,FR1-t007,54,,,,,G,,,,,,,N,N,,,,,,
Florida Keys,French Reef,FR1,FR1-t008,54,,,,,G,,,,,,,N,N,,,,,,
Florida Keys,French Reef,FR1,FR1-t009,54,63,52,50,30%,RC,3,0,none,none,none,0,N,N,1,0,2,0,1,0
Florida Keys,French Reef,FR1,FR1-t199,54,112,70,65,45%,RC,7,3,RTL,CB,none,0,N,N,2,0,1,0,1,0
Florida Keys,French Reef,FR1,FR1-t200,54,,,,,G,,,,,,,N,N,,,,,,
Florida Keys,French Reef,FR1,FR1-t861,54,6,3,1,100%,EC,1,0,none,none,none,0,N,N,0,0,0,0,0,0
Florida Keys,French Reef,FR1,FR1-t923,54,11,10,10,40%,JC,1,5,RTL,none,none,0,N,N,0,0,0,0,0,1
Florida Keys,French Reef,FR1,FR1-t924,54,105,49,38,20%,RC,5,2,RTL,CB,none,0,N,N,0,0,1,0,1,0
Florida Keys,French Reef,FR1,FR1-t925,54,135,72,60,25%,BC,3,2,FS,none,none,0,N,N,1,4,2,0,0,0
Florida Keys,French Reef,FR1,FR1-t926,54,78,44,65,20%,RC,1,5,RTL,none,none,0,N,N,0,0,1,0,0,0
Florida Keys,French Reef,FR1,FR1-t927,54,10,4,4,100%,AF,1,0,none,none,none,0,N,N,0,0,0,0,0,0
Florida Keys,French Reef,FR1,FR1-t928,54,25,20,16,80%,RC,2,0,none,none,none,0,N,N,0,0,0,0,1,0
Florida Keys,French Reef,FR1,FR1-t929,54,10,9,7,60%,EC,1,0,none,none,none,0,N,N,0,0,2,0,0,0
Florida Keys,French Reef,FR1,FR1-t976,54,,,,,G,,,,,,,N,N,,,,,,
Florida Keys,French Reef,FR2,FR2-t201,54,,,,,G,,,,,,,N,N,,,,,,
Florida Keys,French Reef,FR2,FR2-t236,54,6,4,1,100%,EC,1,0,none,none,none,0,N,N,0,0,0,0,0,0
Florida Keys,French Reef,FR2,FR2-t250,54,,,,,G,,,,,,,N,N,,,,,,
Florida Keys,French Reef,FR2,FR2-t251,54,30,30,30,1%,RC,1,2,RTL,none,none,0,N,N,0,0,0,0,0,0
Florida Keys,French Reef,FR2,FR2-t255,54,33,15,20,5%,RC,6,1,PFB,none,none,0,N,N,0,0,0,0,0,0
Florida Keys,French Reef,FR2,FR2-t256,54,24,20,22,1%,RC,2,4,FS,none,none,0,N,N,0,9,0,0,0,0
Florida Keys,French Reef,FR2,FR2-t258,54,,,,,G,,,,,,,N,N,,,,,,
Florida Keys,French Reef,FR2,FR2-t259,54,20,19,16,1%,RC,3,4,FS,none,none,0,N,N,0,0,0,0,0,0
Florida Keys,French Reef,FR2,FR2-t260,54,35,30,25,1%,RC,2,0,none,none,none,0,N,N,0,,,,,
Florida Keys,French Reef,FR2,FR2-t261,54,,,,,G,,,,,,,N,N,,,,,,
Florida Keys,French Reef,FR2,FR2-t447,54,,,,,G,,,,,,,N,N,,,,,,
Florida Keys,French Reef,FR2,FR2-t470,54,29,22,12,0%,D,0,2,RTL,none,none,,N,N,,,,,,
Florida Keys,French Reef,FR2,FR2-t983,54,17,9,7,30%,RC,1,0,none,none,none,0,N,N,0,0,0,0,0,0
Florida Keys,French Reef,FR2,FR2-t984,54,7,5,7,75%,EC,1,0,none,none,none,0,N,N,0,0,0,0,0,0
Florida Keys,French Reef,FR2,FR2-t985,54,3,2,1,100%,EC,1,0,none,none,none,0,N,N,0,0,0,0,0,0
Florida Keys,French Reef,FR3,FR3-t202,54,,,,,G,,,,,,,N,N,,,,,,
Florida Keys,French Reef,FR3,FR3-t203,54,7,7,9,80%,JC,1,5,RTL,NONE,NONE,0,N,N,0,0,0,0,0,0
Florida Keys,French Reef,FR3,FR3-t444,54,31,26,22,80%,RC,1,3,RTL,NONE,NONE,0,N,N,0,0,0,0,0,0
Florida Keys,French Reef,FR3,FR3-t446,54,60,42,24,45%,BC,3,2,RTL,NONE,NONE,0,N,N,0,0,1,0,1,0
Florida Keys,French Reef,FR3,FR3-t474,54,60,40,30,1%,RC,1,1,RTL,NONE,NONE,0,N,N,0,0,0,0,0,0
Florida Keys,French Reef,FR3,FR3-t490,54,20,16,4,90%,AF,1,5,FP,NONE,NONE,0,N,N,0,0,1,0,0,0
Florida Keys,French Reef,FR3,FR3-t491,54,95,64,35,85%,AF,2,3,RTL,none,none,0,N,N,0,1,1,0,0,0
Florida Keys,French Reef,FR3,FR3-t818,54,,,,,G,,,,,,,N,N,,,,,,
Florida Keys,French Reef,FR3,FR3-t820,54,,,,,G,,,,,,,N,N,,,,,,
Florida Keys,French Reef,FR3,FR3-t824,54,,,,,G,,,,,,,N,N,,,,,,
Florida Keys,French Reef,FR3,FR3-t825,54,50,38,20,10%,RC,2,0,none,none,none,0,N,N,0,0,0,0,0,0
Florida Keys,French Reef,FR3,FR3-t862,54,74,48,35,45%,BC,9,0,none,none,none,0,N,N,3,0,1,0,1,0
Florida Keys,French Reef,FR3,FR3-t866,54,16,8,7,30%,EC,2,0,none,none,none,0,N,N,0,0,0,0,0,0
Florida Keys,Grecian Rocks,GR1,GR1-t469,54,22,16,7,100%,JC,1,0,none,none,none,0,N,N,0,0,0,0,0,0
Florida Keys,Grecian Rocks,GR2,GR2-t467,54,,,,,G,,,,,,,N,N,,,,,,
Florida Keys,Grecian Rocks,GR3,GR3-t196,54,,,,,G,,,,,,,N,N,,,,,,
Florida Keys,Grecian Rocks,GR3,GR3-t197,54,,,,0%,D,,,,,,,N,N,,,,,,
Florida Keys,Grecian Rocks,GR3,GR3-t198,54,,,,,G,,,,,,,N,N,,,,,,
Florida Keys,Grecian Rocks,GR3,GR3-t397,54,26,22,8,100%,JC,1,0,none,none,none,0,N,N,0,0,0,0,0,0
Florida Keys,Grecian Rocks,GR3,GR3-t398,54,50,38,40,5%,RC,5,1,FS,none,none,,N,N,,0,0,0,0,0
Florida Keys,Grecian Rocks,GR3,GR3-t412,54,,,,,G,,,,,,,N,N,,,,,,
Florida Keys,Grecian Rocks,GR3,GR3-t468,54,47,38,32,10%,RC,5,0,none,none,none,0,N,N,0,0,0,0,0,0
Florida Keys,Grecian Rocks,GR3,GR3-t870,54,,,,0%,D,,,,,,,N,N,,,,,,
Florida Keys,Grecian Rocks,GR3,GR3-t874,54,,,,,G,,,,,,,N,N,,,,,,
Florida Keys,Grecian Rocks,GR3,GR3-t876,54,,,,,G,,,,,,,N,N,,,,,,
Florida Keys,Grecian Rocks,GR3,GR3-t877,54,,,,,G,,,,,,,N,N,,,,,,
Florida Keys,Grecian Rocks,GR3,GR3-t881,54,19,10,13,80%,JC,1,0,none,none,none,0,N,N,0,0,0,0,0,0
Florida Keys,Grecian Rocks,GR3,GR3-t901,54,49,23,23,,RC,1,0,none,none,none,0,N,N,0,0,0,0,0,0
Florida Keys,Key Largo Dry Rocks,KL1,KL1-t110,54,130,75,70,1%,RC,3,0,none,none,none,0,N,N,0,0,0,0,1,0
Florida Keys,Key Largo Dry Rocks,KL3,KL3-t899,54,,,,0%,D,,,,,,,N,N,,,,,,
Florida Keys,Key Largo Dry Rocks,KL3,KL3-t969,54,20,19,22,80%,JC,1,4,FS,none,none,0,N,N,0,5,0,0,0,0
Florida Keys,Key Largo Dry Rocks,KL4,KL4-t853,54,,,,,G,,,,,,,N,N,,,,,,
Florida Keys,Key Largo Dry Rocks,KL4,KL4-t893,54,,,,,G,,,,,,0,N,N,,,,,,
Florida Keys,Molasses Reef,ML1,ML1-t013,54,107,76,55,20%,RC,21,2,RTL ,NONE,NONE,,N,N,,3,0,0,0,1
Florida Keys,Molasses Reef,ML1,ML1-t015,54,,,,,G,,,,,,,N,N,,,,,,
Florida Keys,Molasses Reef,ML1,ML1-t016,54,127,105,60,50%,RC,17,3,RTL ,FS,none,0,N,N,0,10,0,0,1,0
Florida Keys,Molasses Reef,ML1,ML1-t017,54,27,16,6,75%,EC,2,0,none,none,none,0,N,N,0,0,0,0,0,0
Florida Keys,Molasses Reef,ML1,ML1-t018,54,,,,,G,,,,,,,N,N,,,,,,
Florida Keys,Molasses Reef,ML1,ML1-t020,54,100,70,50,1%,RC,1,1,UNK,none,NONE,0,N,N,0,1,0,0,0,0
Florida Keys,Molasses Reef,ML1,ML1-t464,54,,,,,G,,,,,,,N,N,,,,,,
Florida Keys,Molasses Reef,ML2,ML2-t126,54,150,100,35,1%,RC,2,1,RTL,NONE,NONE,0,N,N,0,0,,,,
Florida Keys,Molasses Reef,ML2,ML2-t131,54,132,87,42,25%,RC,3,2,FS,ABR,none,0,N,N,0,15,,,,
Florida Keys,Molasses Reef,ML2,ML2-t149,54,36,24,20,1%,RC,1,5,FS,none,NONE,,N,N,1,4,,,,
Florida Keys,Molasses Reef,ML2,ML2-t178,54,11,8,7,45%,RC,1,4,UNK,NONE,NONE,,N,N,,0,,,,
Florida Keys,Molasses Reef,ML2,ML2-t190,54,21,19,10,25%,RC,3,0,none,none,none,0,N,N,0,0,,,,
Florida Keys,Molasses Reef,ML2,ML2-t192,54,45,23,25,0%,D,,1,NONE,NONE,NONE,,N,N,,0,,,,
Florida Keys,Molasses Reef,ML2,ML2-t193,54,,,,,G,,,,,,,N,N,,,,,,
Florida Keys,Molasses Reef,ML2,ML2-t425,54,25,15,12,1%,RC,2,1,UNK,NONE,NONE,0,N,N,0,0,,,,
Florida Keys,Molasses Reef,ML2,ML2-t442,54,7,6,5,40%,RC,1,3,RTL,NONE,NONE,0,N,N,0,0,,,,
Florida Keys,Molasses Reef,ML2,ML2-t498,54,7,5,3,100%,EC,1,0,none,none,none,0,N,N,0,,,,,
Florida Keys,Molasses Reef,ML2,ML2-t499,54,12,11,3,80%,EC,2,0,none,none,none,0,N,N,0,0,,,,
Florida Keys,Molasses Reef,ML2,ML2-t869,54,,,,,G,,,,,,,N,N,,,,,,
Florida Keys,Molasses Reef,ML2,ML2-t952,54,,,,,G,,,,,,,N,N,,,,,,
Florida Keys,Molasses Reef,ML2,ML2-t954,54,,,,,G,,,,,,,N,N,,,,,,
Florida Keys,Molasses Reef,ML3,ML3-t144,54,,,,,G,,,,,,,N,N,,,,,,
Florida Keys,Molasses Reef,ML3,ML3-t145,54,90,60,35,5%,RC,2,0,none,none,none,0,N,N,0,0,,,,
Florida Keys,Molasses Reef,ML3,ML3-t146,54,128,90,40,30%,RC,4,1,RTL ,NONE,NONE,,N,N,,0,,,,
Florida Keys,Molasses Reef,ML3,ML3-t147,54,,,,,G,,,,,,,N,N,,,,,,
Florida Keys,Molasses Reef,ML3,ML3-t148,54,87,48,67,60%,BC,4,1,RTL,FS,none,,N,N,,1,,,,
Florida Keys,Molasses Reef,ML3,ML3-t184,54,,,,,G,,,,,,,N,N,,,,,,
Florida Keys,Molasses Reef,ML3,ML3-t186,54,15,13,5,75%,EC,1,5,FS,RTL,none,0,N,N,0,2,,,,
Florida Keys,Molasses Reef,ML3,ML3-t194,54,,,,0%,D,,,,,,,N,N,,,,,,
Florida Keys,Molasses Reef,ML3,ML3-t195,54,,,,,G,,,,,,,N,N,,,,,,
Florida Keys,Molasses Reef,ML3,ML3-t200,54,20,16,4,70%,AF,1,5,RTL,NONE,NONE,0,N,N,0,0,,,,
Florida Keys,Molasses Reef,ML3,ML3-t465,54,10,6,3,100%,EC,1,0,none,none,none,0,N,N,0,0,,,,
Florida Keys,Molasses Reef,ML3,ML3-t492,54,21,17,2,10%,EC,2,0,none,none,none,0,N,N,0,0,,,,
Florida Keys,Molasses Reef,ML3,ML3-t493,54,12,9,8,95%,EC,1,0,none,none,none,0,N,N,1,0,,,,
Florida Keys,Molasses Reef,ML3,ML3-t494,54,5,4,2,100%,EC,1,0,none,none,none,0,N,N,0,0,,,,
Florida Keys,Molasses Reef,ML3,ML3-t495,54,12,10,3,100%,JC,1,0,none,none,none,0,N,N,0,0,,,,
Florida Keys,Molasses Reef,ML3,ML3-t496,54,33,13,5,80%,AF,1,5,RTL,NONE,NONE,0,N,N,0,0,,,,
Florida Keys,Molasses Reef,ML3,ML3-t497,54,62,44,32,25%,RC,6,0,none,none,none,0,N,N,1,0,,,,
Florida Keys,Molasses Reef,ML3,ML3-t915,54,,,,,G,,,,,,,N,N,,,,,,
Florida Keys,Molasses Reef,ML3,ML3-t955,54,,,,,G,,,,,,,N,N,,,,,,
Florida Keys,Sand Island,SI1,SI1-t204,54,42,35,25,15%,BC,4,3,FS,NONE,NONE,0,N,N,0,1,0,0,2,0
Florida Keys,Sand Island,SI1,SI1-t205,54,51,30,15,10%,RC,3,1,FP,NONE,NONE,0,N,N,0,1,0,0,0,0
Florida Keys,Sand Island,SI1,SI1-t206,54,,,,,G,,,,,,,N,N,,,,,,
Florida Keys,Sand Island,SI1,SI1-t237,54,1,1,1,100%,EC,1,0,none,none,none,0,N,N,0,0,0,0,0,0
Florida Keys,Sand Island,SI1,SI1-t238,54,11,7,5,85%,EC,1,4,FS,NONE,NONE,0,N,N,0,3,0,0,0,0
Florida Keys,Sand Island,SI1,SI1-t248,54,10,5,3,100%,EC,1,0,none,none,none,0,N,N,0,0,0,0,0,0
Florida Keys,Sand Island,SI1,SI1-t253,54,11,10,8,100%,EC,1,0,none,none,none,0,N,N,0,0,0,0,0,0
Florida Keys,Sand Island,SI1,SI1-t307,54,70,67,69,25%,BC,5,0,none,none,none,0,N,N,0,0,1,0,2,0
Florida Keys,Sand Island,SI1,SI1-t308,54,57,49,60,25%,RC,4,1,OTH,NONE,NONE,0,N,N,0,0,0,0,1,0
Florida Keys,Sand Island,SI1,SI1-t332,54,6,5,2,100%,EC,1,0,none,none,none,0,N,N,0,0,0,0,0,0
Florida Keys,Sand Island,SI1,SI1-t403,54,,,,,G,,,,,,,N,N,,,,,,
Florida Keys,Sand Island,SI1,SI1-t476,54,10,6,4,95%,EC,1,0,none,none,none,0,N,N,0,0,0,0,0,0
Florida Keys,Sand Island,SI1,SI1-t477,54,176,146,80,80%,BC,10,1,FS,RTL,FP,0,N,N,0,26,0,0,1,0
Florida Keys,Sand Island,SI1,SI1-t480,54,27,16,8,100%,AF,1,0,none,none,none,0,N,N,0,0,0,0,0,0
Florida Keys,Sand Island,SI1,SI1-t959,54,,,,,G,,,,,,,N,N,,,,,,
Florida Keys,Sand Island,SI2,SI2-t287,54,155,87,105,80%,BC,7,1,FP,NONE,NONE,0,N,N,1,0,1,0,0,0
Florida Keys,Sand Island,SI2,SI2-t288,54,20,15,16,100%,EC,1,0,none,none,none,,N,N,,0,0,0,0,0
Florida Keys,Sand Island,SI2,SI2-t313,54,153,77,117,35%,BC,11,0,none,none,none,0,N,N,0,0,1,0,1,0
Florida Keys,Sand Island,SI2,SI2-t323,54,105,55,54,50%,BC,4,1,FS,NONE,NONE,0,N,N,2,0,1,0,0,0
Florida Keys,Sand Island,SI2,SI2-t324,54,157,105,102,80%,BC,2,1,FP,NONE,NONE,0,N,N,0,1,0,0,0,0
Florida Keys,Sand Island,SI2,SI2-t326,54,164,108,108,50%,BC,11,2,RTL,FS,NONE,0,N,N,0,20,1,0,0,0
Florida Keys,Sand Island,SI2,SI2-t331,54,,,,,G,,,,,,,N,N,,,,,,
Florida Keys,Sand Island,SI2,SI2-t334,54,243,215,159,45%,BC,33,1,RTL,FP,none,0,N,N,1,0,1,0,1,1
Florida Keys,Sand Island,SI2,SI2-t399,54,,,,,G,,,,,,,N,N,,,,,,
Florida Keys,Sand Island,SI2,SI2-t435,54,102,73,49,98%,BC,1,5,FP,FS,NONE,0,N,N,0,0,1,0,0,1
Florida Keys,Sand Island,SI2,SI2-t479,54,60,53,63,99%,BC,1,5,FS,NONE,NONE,0,N,N,0,2,1,0,0,0
Florida Keys,Sand Island,SI2,SI2-t960,54,125,85,70,99%,BC,1,0,none,none,none,0,N,N,0,4,0,0,0,0
Florida Keys,Sand Island,SI2,SI2-t961,54,67,60,64,90%,BC,1,4,FS,NONE,NONE,0,N,N,0,1,0,0,0,0
Florida Keys,Sand Island,SI2,SI2-t962,54,81,60,45,80%,RC,1,0,none,none,none,0,N,N,0,0,0,0,0,0
Florida Keys,Sand Island,SI3,SI3-t341,54,111,82,76,20%,BC,15,2,FS,NONE,NONE,0,N,N,0,18,0,0,0,0
Florida Keys,Sand Island,SI3,SI3-t964,54,,,,,G,,,,,,,N,N,,,,,,
Florida Keys,Carysfort Reef,CF3,CF3-t088,56,250,162,95,15%,BC,4,1,FS,none,none,0,N,N,0,9,2,0,0,0
Florida Keys,Carysfort Reef,CF3,CF3-t092,56,192,95,72,20%,BC,8,1,FS,none,none,0,N,N,0,5,2,0,1,0
Florida Keys,Carysfort Reef,CF3,CF3-t095,56,35,23,18,90%,JC,1,,none,none,none,0,N,N,0,0,0,0,0,0
Florida Keys,Carysfort Reef,CF3,CF3-t500,56,28,17,10,80%,AF,1,,none,none,none,0,N,N,0,0,0,0,0,0
Florida Keys,Carysfort Reef,CF4,CF4-t812,56,,,,0%,D,,,,,,,N,N,,,,,,
Florida Keys,Elbow Reef,EL1,EL1-t052,56,265,152,95,65%,BC,25,1,FS,RTL,FP,0,N,N,0,8,3,0,1,0
Florida Keys,Elbow Reef,EL1,EL1-t054,56,125,70,68,70%,BC,4,0,none,none,none,0,N,N,0,0,0,0,1,0
Florida Keys,Elbow Reef,EL1,EL1-t055,56,217,163,65,70%,BC,8,1,PFB,FP,none,0,N,N,2,0,3,0,2,2
Florida Keys,Elbow Reef,EL1,EL1-t056,56,98,64,47,75%,BC,3,0,none,none,none,0,N,N,0,0,0,0,1,0
Florida Keys,Elbow Reef,EL1,EL1-t208,56,92,73,67,80%,BC,3,0,none,none,none,0,N,N,0,1,0,0,1,0
Florida Keys,Elbow Reef,EL1,EL1-t232,56,83,62,33,80%,BC,2,1,FP,none,none,0,N,N,0,0,0,0,0,0
Florida Keys,Elbow Reef,EL1,EL1-t441,56,63,32,22,60%,RC,2,0,none,none,none,0,N,N,0,2,0,0,0,0
Florida Keys,Elbow Reef,EL1,EL1-t977,56,105,65,67,60%,BC,4,1,CL,FP,none,0,N,N,2,0,0,0,1,0
Florida Keys,Elbow Reef,EL1,EL1-t979,56,155,75,65,70%,BC,5,1,FS,none,none,0,N,N,0,9,0,1,0,0
Florida Keys,Elbow Reef,EL1,EL1-t986,56,9,4,9,95%,AF,1,0,none,none,none,0,N,N,0,0,0,0,0,0
Florida Keys,Elbow Reef,EL1,EL1-t987,56,105,80,45,90%,BC,1,3,RTL,FP,none,0,N,N,0,0,2,0,0,0
Florida Keys,Elbow Reef,EL1,EL1-t988,56,7,7,9,80%,JC,1,0,none,none,none,0,N,N,0,0,0,0,0,0
Florida Keys,Elbow Reef,EL2,EL2-t065,56,16,12,17,99%,JC,1,0,none,none,none,0,N,N,0,0,0,0,0,0
Florida Keys,Elbow Reef,EL2,EL2-t208,56,,,,0%,D,,,,,,,N,N,,,,,,
Florida Keys,Elbow Reef,EL2,EL2-t211,56,11,10,6,85%,JC,1,0,none,none,none,0,N,N,0,,,,,
Florida Keys,Elbow Reef,EL2,EL2-t212,56,13,8,2,30%,LF,1,0,none,none,none,0,N,N,0,0,0,0,0,0
Florida Keys,Elbow Reef,EL2,EL2-t213,56,,,,,G,,,,,,,N,N,,,,,,
Florida Keys,Elbow Reef,EL2,EL2-t214,56,9,3,2,80%,EC,1,0,none,none,none,0,N,N,0,0,0,0,0,0
Florida Keys,Elbow Reef,EL2,EL2-t437,56,8,7,6,95%,JC,1,0,none,none,none,0,N,N,0,0,0,0,0,0
Florida Keys,Elbow Reef,EL2,EL2-t485,56,60,20,16,15%,SF,1,1,FS,none,none,0,N,N,0,0,0,0,0,0
Florida Keys,Elbow Reef,EL2,EL2-t486,56,95,80,90,25%,RC,21,0,none,none,none,0,N,N,0,,,,,
Florida Keys,Elbow Reef,EL2,EL2-t487,56,46,25,7,20%,AF,1,0,none,none,none,0,N,N,0,0,0,0,0,0
Florida Keys,Elbow Reef,EL2,EL2-t488,56,2,1,1,100%,EC,1,0,none,none,none,0,N,N,0,0,0,0,0,0
Florida Keys,Elbow Reef,EL2,EL2-t913,56,210,110,60,20%,BC,37,0,none,none,none,0,N,N,0,1,0,0,2,1
Florida Keys,Elbow Reef,EL3,EL3-t077,56,20,18,30,20%,RC,3,0,none,none,none,0,N,N,0,0,0,0,0,0
Florida Keys,Elbow Reef,EL3,EL3-t083,56,10,8,4,100%,EC,1,0,none,none,none,0,N,N,0,0,0,0,0,0
Florida Keys,Elbow Reef,EL3,EL3-t086,56,165,91,56,25%,BC,11,1,FS,none,none,0,N,N,0,3,0,0,1,0
Florida Keys,Elbow Reef,EL3,EL3-t187,56,7,6,2,100%,EC,1,0,none,none,none,0,N,N,0,0,0,0,0,0
Florida Keys,Elbow Reef,EL3,EL3-t422,56,45,26,26,25%,RC,5,0,none,none,none,0,N,N,0,0,0,0,0,0
Florida Keys,Elbow Reef,EL3,EL3-t911,56,112,71,55,65%,RC,4,0,none,none,none,1,N,N,1,3,0,0,1,0
Florida Keys,Elbow Reef,EL3,EL3-t933,56,50,45,50,1%,RC,2,0,none,none,none,0,N,N,0,0,0,0,0,0
Florida Keys,Elbow Reef,EL4,EL4-t153,56,110,70,60,20%,BC,9,0,none,none,none,0,N,N,0,0,0,0,1,0
Florida Keys,Elbow Reef,EL4,EL4-t158,56,54,30,40,10%,RC,3,0,none,none,none,0,N,N,0,0,0,0,1,0
Florida Keys,Elbow Reef,EL4,EL4-t168,56,181,96,76,80%,BC,2,1,FS,none,none,0,N,N,0,4,0,0,1,0
Florida Keys,Elbow Reef,EL4,EL4-t207,56,,,,0%,D,,,,,,,N,N,,,,,,
Florida Keys,Elbow Reef,EL4,EL4-t210,56,45,30,25,15%,EC,4,1,FS,none,none,0,N,N,0,3,0,0,0,0
Florida Keys,Elbow Reef,EL4,EL4-t489,56,10,8,1,40%,EC,2,0,none,none,none,0,N,N,0,0,0,0,0,0
Florida Keys,French Reef,FR1,FR1-t002,56,12,6,5,85%,JC,2,0,none,none,none,0,N,N,0,0,0,0,0,0
Florida Keys,French Reef,FR1,FR1-t006,56,95,70,50,10%,RC,15,2,FS,none,none,0,N,N,0,22,1,0,1,0
Florida Keys,French Reef,FR1,FR1-t009,56,65,50,50,25%,RC,3,1,FS,none,none,0,N,N,0,0,1,0,1,0
Florida Keys,French Reef,FR1,FR1-t199,56,108,70,68,40%,RC,9,1,FS,none,none,0,N,N,1,2,2,0,0,0
Florida Keys,French Reef,FR1,FR1-t861,56,7,4,3,100%,JC,1,0,none,none,none,0,N,N,0,0,0,0,0,0
Florida Keys,French Reef,FR1,FR1-t923,56,2,2,1,100%,EC,1,0,none,none,none,0,N,N,0,0,0,0,0,0
Florida Keys,French Reef,FR1,FR1-t924,56,105,45,35,20%,RC,6,0,none,none,none,0,N,N,0,0,1,0,1,0
Florida Keys,French Reef,FR1,FR1-t925,56,120,75,60,25%,RC,6,1,FS,none,none,0,N,N,0,6,3,0,1,0
Florida Keys,French Reef,FR1,FR1-t926,56,78,55,65,20%,RC,3,1,FS,none,none,0,N,N,0,3,1,0,0,0
Florida Keys,French Reef,FR1,FR1-t927,56,,,,0%,D,,,,,,,N,N,,,,,,
Florida Keys,French Reef,FR1,FR1-t928,56,26,20,16,25%,RC,3,0,none,none,none,0,N,N,0,0,0,0,0,0
Florida Keys,French Reef,FR1,FR1-t929,56,7,7,7,100%,EC,1,0,none,none,none,0,N,N,0,0,0,0,0,0
Florida Keys,French Reef,FR2,FR2-t236,56,7,5,1,100%,EC,1,0,none,none,none,0,N,N,0,0,0,0,0,0
Florida Keys,French Reef,FR2,FR2-t251,56,3,1,1,40%,EC,2,0,none,none,none,0,N,N,0,0,0,0,0,0
Florida Keys,French Reef,FR2,FR2-t255,56,28,15,18,5%,RC,2,0,none,none,none,0,N,N,0,0,0,0,0,0
Florida Keys,French Reef,FR2,FR2-t256,56,,,,0%,D,,,,,,,N,N,,,,,,
Florida Keys,French Reef,FR2,FR2-t259,56,,,,0%,D,,,,,,,N,N,,,,,,
Florida Keys,French Reef,FR2,FR2-t260,56,35,30,25,2%,RC,2,0,none,none,none,0,N,N,0,0,0,0,0,0
Florida Keys,French Reef,FR2,FR2-t983,56,9,7,10,10%,RC,5,0,none,none,none,0,N,N,0,0,0,0,0,0
Florida Keys,French Reef,FR2,FR2-t984,56,8,5,8,75%,JC,1,0,none,none,none,0,N,N,0,0,0,0,0,0
Florida Keys,French Reef,FR2,FR2-t985,56,4,3,2,95%,EC,1,5,FS,none,none,0,N,N,0,1,0,0,0,0
Florida Keys,French Reef,FR3,FR3-t203,56,,,,0%,D,,,,,,,N,N,,,,,,
Florida Keys,French Reef,FR3,FR3-t444,56,25,21,25,20%,RC,1,0,none,none,none,0,N,N,0,0,0,0,0,0
Florida Keys,French Reef,FR3,FR3-t474,56,,,,0%,D,,,,,,,N,N,,,,,,
Florida Keys,French Reef,FR3,FR3-t490,56,4,4,3,100%,JC,1,0,none,none,none,0,N,N,0,0,0,0,0,0
Florida Keys,French Reef,FR3,FR3-t491,56,90,45,37,25%,RC,7,1,FS,none,none,0,N,N,0,6,0,0,0,0
Florida Keys,French Reef,FR3,FR3-t825,56,45,34,20,10%,RC,2,0,none,none,none,0,N,N,0,0,1,0,0,0
Florida Keys,French Reef,FR3,FR3-t862,56,72,48,40,45%,BC,11,1,FS,none,none,0,N,N,1,2,1,0,1,0
Florida Keys,French Reef,FR3,FR3-t866,56,18,10,7,30%,EC,2,0,none,none,none,0,N,N,0,0,0,0,0,0
Florida Keys,Grecian Rocks,GR1,GR1-t469,56,22,20,7,98%,JC,1,,Abr,none,none,0,N,N,0,0,0,0,1,0
Florida Keys,Grecian Rocks,GR3,GR3-t397,56,27,22,10,100%,JC,1,0,none,none,none,0,N,N,0,,,,,
Florida Keys,Grecian Rocks,GR3,GR3-t398,56,50,40,30,10%,RC,5,0,none,none,none,0,N,N,0,,,,,
Florida Keys,Grecian Rocks,GR3,GR3-t468,56,44,39,33,15%,RC,5,0,none,none,none,0,N,N,0,,,,,
Florida Keys,Grecian Rocks,GR3,GR3-t881,56,20,14,16,80%,JC,1,0,none,none,none,0,N,N,0,,,,,
Florida Keys,Grecian Rocks,GR3,GR3-t901,56,46,22,23,25%,RC,2,0,none,none,none,0,N,N,0,,,,,
Florida Keys,Key Largo Dry Rocks,KL1,KL1-t110,56,130,75,70,1%,RC,3,,none,none,none,0,N,N,0,0,0,0,1,0
Florida Keys,Key Largo Dry Rocks,KL3,KL3-t969,56,21,18,23,5%,RC,7,,FS,none,none,0,N,N,0,9,0,0,0,0
Florida Keys,Molasses Reef,ML1,ML1-t013,56,110,75,55,15%,RC,20,1,FS,none,none,0,N,N,0,6,0,0,1,0
Florida Keys,Molasses Reef,ML1,ML1-t016,56,120,85,60,30%,RC,31,2,FS,none,none,0,N,N,0,23,0,0,1,0
Florida Keys,Molasses Reef,ML1,ML1-t017,56,26,17,5,75%,EC,1,0,none,none,none,0,N,N,0,2,0,0,0,0
Florida Keys,Molasses Reef,ML1,ML1-t020,56,,,,0%,D,,,,,,,N,N,,,,,,
Florida Keys,Molasses Reef,ML2,ML2-t126,56,150,100,35,1%,RC,2,0,none,none,none,0,N,N,0,0,1,0,1,0
Florida Keys,Molasses Reef,ML2,ML2-t131,56,82,53,41,40%,RC,5,1,FS,none,none,1,N,N,0,20,0,0,1,0
Florida Keys,Molasses Reef,ML2,ML2-t149,56,,,,0%,D,,,,,,,N,N,,,,,,
Florida Keys,Molasses Reef,ML2,ML2-t178,56,,,,0%,D,,,,,,,N,N,,,,,,
Florida Keys,Molasses Reef,ML2,ML2-t190,56,5,4,1,5%,EC,1,5,Unk,none,none,0,N,N,0,0,0,0,0,0
Florida Keys,Molasses Reef,ML2,ML2-t425,56,12,8,3,40%,EC,2,3,FS,none,none,0,N,N,0,3,0,1,0,0
Florida Keys,Molasses Reef,ML2,ML2-t442,56,6,4,6,60%,RC,1,0,none,none,none,0,N,N,0,0,0,0,0,0
Florida Keys,Molasses Reef,ML2,ML2-t498,56,8,5,3,100%,EC,1,0,none,none,none,0,N,N,0,0,0,0,0,0
Florida Keys,Molasses Reef,ML2,ML2-t499,56,13,6,3,80%,EC,2,0,none,none,none,0,N,N,0,0,0,0,0,0
Florida Keys,Molasses Reef,ML3,ML3-t145,56,85,60,35,5%,RC,2,0,none,none,none,1,N,N,0,0,0,0,0,0
Florida Keys,Molasses Reef,ML3,ML3-t146,56,130,90,40,10%,RC,5,1,CB,none,none,0,N,N,0,0,1,0,0,0
Florida Keys,Molasses Reef,ML3,ML3-t148,56,87,47,71,50%,BC,8,2,FS,none,none,0,N,N,0,12,0,0,0,0
Florida Keys,Molasses Reef,ML3,ML3-t186,56,,,,0%,D,,,,,,,N,N,,,,,,
Florida Keys,Molasses Reef,ML3,ML3-t200,56,,,,0%,D,,,,,,,N,N,,,,,,
Florida Keys,Molasses Reef,ML3,ML3-t465,56,10,5,3,100%,EC,1,0,none,none,none,0,N,N,0,0,1,0,1,0
Florida Keys,Molasses Reef,ML3,ML3-t492,56,7,2,3,80%,EC,1,0,none,none,none,0,N,N,0,0,0,0,0,0
Florida Keys,Molasses Reef,ML3,ML3-t493,56,13,10,6,95%,EC,1,0,none,none,none,0,N,N,0,0,0,0,0,0
Florida Keys,Molasses Reef,ML3,ML3-t494,56,3,1,1,90%,EC,1,0,none,none,none,0,N,N,0,0,0,0,0,0
Florida Keys,Molasses Reef,ML3,ML3-t495,56,1,1,1,100%,EC,1,0,none,none,none,0,N,N,0,0,0,0,0,0
Florida Keys,Molasses Reef,ML3,ML3-t496,56,33,13,5,20%,LF,1,0,none,none,none,0,N,N,0,0,0,0,0,0
Florida Keys,Molasses Reef,ML3,ML3-t497,56,68,47,32,20%,RC,4,1,FS,none,none,0,N,N,0,0,0,0,0,0
Florida Keys,Sand Island,SI1,SI1-t204,56,,,,0%,D,,,,,,,N,N,,,,,,
Florida Keys,Sand Island,SI1,SI1-t205,56,,,,0%,D,,,,,,,N,N,,,,,,
Florida Keys,Sand Island,SI1,SI1-t237,56,2,1,1,100%,EC,1,0,none,none,none,0,N,N,0,0,0,0,0,0
Florida Keys,Sand Island,SI1,SI1-t238,56,12,9,5,90%,EC,1,0,none,none,none,0,N,N,0,0,0,0,0,0
Florida Keys,Sand Island,SI1,SI1-t248,56,,,,,G,,,,,,,N,N,,,,,,
Florida Keys,Sand Island,SI1,SI1-t253,56,12,10,8,100%,EC,1,0,none,none,none,1,N,N,0,0,0,0,0,0
Florida Keys,Sand Island,SI1,SI1-t307,56,72,65,70,30%,BC,3,0,none,none,none,0,N,N,0,0,0,0,1,0
Florida Keys,Sand Island,SI1,SI1-t308,56,52,45,60,20%,RC,7,1,Unk,none,none,0,N,N,0,0,1,0,0,0
Florida Keys,Sand Island,SI1,SI1-t332,56,6,4,3,100%,EC,1,0,none,none,none,0,N,N,0,0,0,0,0,0
Florida Keys,Sand Island,SI1,SI1-t476,56,,,,0%,D,,,,,,,N,N,,,,,,
Florida Keys,Sand Island,SI1,SI1-t477,56,179,153,82,70%,BC,27,2,FS,FP,none,0,N,N,0,45,0,1,0,0
Florida Keys,Sand Island,SI1,SI1-t480,56,25,13,6,20%,AF,3,0,none,none,none,0,N,N,0,0,0,0,0,0
Florida Keys,Sand Island,SI2,SI2-t287,56,155,90,105,70%,BC,6,2,WBD,CB,none,0,N,N,0,0,0,1,0,0
Florida Keys,Sand Island,SI2,SI2-t288,56,1,1,1,50%,EC,1,0,none,none,none,0,N,N,0,0,0,0,0,0
Florida Keys,Sand Island,SI2,SI2-t313,56,156,90,120,40%,BC,9,0,none,none,none,0,N,N,0,0,0,0,1,0
Florida Keys,Sand Island,SI2,SI2-t323,56,105,55,55,50%,BC,3,1,FS,none,none,0,N,N,0,5,0,0,0,0
Florida Keys,Sand Island,SI2,SI2-t324,56,165,106,107,80%,BC,2,0,none,none,none,0,N,N,0,0,0,0,1,0
Florida Keys,Sand Island,SI2,SI2-t326,56,157,115,95,30%,BC,45,3,FS,RTL,none,0,N,N,0,76,1,0,1,0
Florida Keys,Sand Island,SI2,SI2-t334,56,255,228,146,45%,BC,25,1,FS,FP,none,0,N,N,0,18,2,0,1,1
Florida Keys,Sand Island,SI2,SI2-t435,56,82,80,50,99%,BC,1,0,none,none,none,0,N,N,0,0,0,0,0,0
Florida Keys,Sand Island,SI2,SI2-t479,56,63,60,55,90%,BC,1,5,FS,FP,none,0,N,N,0,3,1,0,0,1
Florida Keys,Sand Island,SI2,SI2-t960,56,125,81,70,90%,BC,1,2,FS,none,none,0,N,N,0,1,0,0,1,1
Florida Keys,Sand Island,SI2,SI2-t961,56,67,58,57,90%,BC,1,0,none,none,none,0,N,N,0,0,0,0,0,0
Florida Keys,Sand Island,SI2,SI2-t962,56,84,70,45,70%,RC,2,0,none,none,none,0,N,N,0,0,1,0,1,0
Florida Keys,Sand Island,SI3,SI3-t341,56,,,,0%,D,,,,,,,N,N,,,,,,
Florida Keys,Carysfort Reef,CF3,CF3-t088,58,250,169,96,15%,BC,8,1,FS,CB,none,0,N,N,0,15,2,1,0,0
Florida Keys,Carysfort Reef,CF3,CF3-t092,58,196,100,75,20%,BC,15,0,none,none,none,0,N,N,1,0,3,0,0,0
Florida Keys,Carysfort Reef,CF3,CF3-t095,58,40,26,22,95%,JC,1,0,none,none,none,0,N,N,0,0,0,0,0,0
Florida Keys,Carysfort Reef,CF3,CF3-t500,58,31,18,16,90%,JC,1,0,none,none,none,0,N,N,0,0,1,0,0,0
Florida Keys,Elbow Reef,EL1,EL1-t052,58,265,150,98,65%,BC,24,1,FS,FP,RTL,0,N,N,0,8,3,0,1,2
Florida Keys,Elbow Reef,EL1,EL1-t054,58,130,77,68,70%,BC,3,0,none,none,none,0,N,N,0,0,0,0,2,1
Florida Keys,Elbow Reef,EL1,EL1-t055,58,217,158,66,70%,BC,10,0,none,none,none,0,N,N,2,0,0,0,0,0
Florida Keys,Elbow Reef,EL1,EL1-t056,58,100,59,45,70%,BC,2,0,none,none,none,0,N,N,0,0,1,0,1,5
Florida Keys,Elbow Reef,EL1,EL1-t208,58,92,73,70,80%,BC,3,0,PFB,FS,none,0,N,N,0,4,1,0,1,0
Florida Keys,Elbow Reef,EL1,EL1-t232,58,84,58,35,70%,BC,2,0,none,none,none,0,N,N,0,0,0,0,0,1
Florida Keys,Elbow Reef,EL1,EL1-t441,58,68,34,26,65%,BC,2,0,none,none,none,0,N,N,0,0,0,0,0,0
Florida Keys,Elbow Reef,EL1,EL1-t977,58,107,63,67,60%,BC,2,1,CL,FS,none,0,N,N,0,3,1,0,1,0
Florida Keys,Elbow Reef,EL1,EL1-t979,58,158,73,68,70%,BC,7,1,FS,FP,none,0,N,N,0,13,0,1,0,2
Florida Keys,Elbow Reef,EL1,EL1-t986,58,9,5,9,95%,AF,1,0,none,none,none,0,N,N,0,0,0,0,0,0
Florida Keys,Elbow Reef,EL1,EL1-t987,58,108,77,48,95%,BC,1,0,none,none,none,0,N,N,0,0,0,1,1,1
Florida Keys,Elbow Reef,EL1,EL1-t988,58,10,7,9,85%,JC,1,0,none,none,none,0,N,N,0,0,0,1,0,0
Florida Keys,Elbow Reef,EL2,EL2-t065,58,18,12,17,99%,JC,1,0,none,none,none,0,N,N,0,0,0,0,0,0
Florida Keys,Elbow Reef,EL2,EL2-t211,58,12,9,7,85%,JC,1,0,none,none,none,0,N,N,0,0,0,0,0,0
Florida Keys,Elbow Reef,EL2,EL2-t212,58,9,7,2,90%,AF,1,0,none,none,none,0,N,N,0,0,0,0,0,0
Florida Keys,Elbow Reef,EL2,EL2-t214,58,9,3,2,80%,EC,1,0,none,none,none,0,N,N,0,0,0,0,0,0
Florida Keys,Elbow Reef,EL2,EL2-t437,58,11,9,8,99%,JC,1,0,none,none,none,0,N,N,0,0,0,0,0,0
Florida Keys,Elbow Reef,EL2,EL2-t485,58,62,23,16,10%,SF,1,0,none,none,none,0,N,N,0,0,0,0,0,0
Florida Keys,Elbow Reef,EL2,EL2-t486,58,102,80,90,25%,BC,18,0,none,none,none,0,N,N,0,1,0,0,0,0
Florida Keys,Elbow Reef,EL2,EL2-t487,58,45,25,7,15%,SF,1,0,none,none,none,1,N,N,0,0,0,0,0,0
Florida Keys,Elbow Reef,EL2,EL2-t488,58,2,1,1,100%,EC,1,0,none,none,none,1,N,N,0,0,0,0,0,0
Florida Keys,Elbow Reef,EL2,EL2-t767,58,46,21,12,5%,AF,2,0,none,none,none,0,N,N,0,0,0,0,0,0
Florida Keys,Elbow Reef,EL2,EL2-t768,58,9,8,4,100%,AF,1,0,none,none,none,0,N,N,0,0,0,0,0,0
Florida Keys,Elbow Reef,EL2,EL2-t769,58,8,4,6,90%,AF,1,0,none,none,none,0,N,N,0,0,0,0,0,0
Florida Keys,Elbow Reef,EL2,EL2-t913,58,214,102,60,20%,BC,32,0,none,none,none,0,N,N,0,0,0,0,0,2
Florida Keys,Elbow Reef,EL3,EL3-t077,58,20,16,28,30%,RC,3,0,none,none,none,0,N,N,0,0,0,0,0,0
Florida Keys,Elbow Reef,EL3,EL3-t083,58,11,8,4,95%,EC,1,0,none,none,none,1,N,N,0,0,0,0,0,0
Florida Keys,Elbow Reef,EL3,EL3-t086,58,162,92,58,30%,BC,12,0,none,none,none,0,N,N,0,0,0,1,1,0
Florida Keys,Elbow Reef,EL3,EL3-t187,58,8,6,2,100%,EC,1,0,none,none,none,0,N,N,0,1,0,0,0,1
Florida Keys,Elbow Reef,EL3,EL3-t422,58,44,25,28,25%,RC,4,0,none,none,none,0,N,N,0,0,0,0,1,1
Florida Keys,Elbow Reef,EL3,EL3-t770,58,7,4,7,20%,AF,1,4,FS,none,none,0,N,N,0,3,0,0,0,0
Florida Keys,Elbow Reef,EL3,EL3-t911,58,110,73,55,65%,BC,2,0,none,none,none,0,N,N,0,0,0,0,1,2
Florida Keys,Elbow Reef,EL3,EL3-t933,58,50,45,50,1%,RC,2,0,none,none,none,0,N,N,0,0,0,0,0,0
Florida Keys,Elbow Reef,EL4,EL4-t153,58,44,32,37,60%,BC,3,0,none,none,none,0,N,N,0,0,0,0,1,0
Florida Keys,Elbow Reef,EL4,EL4-t158,58,46,33,40,15%,RC,3,0,none,none,none,0,N,N,0,0,0,0,0,0
Florida Keys,Elbow Reef,EL4,EL4-t168,58,190,93,78,80%,BC,2,1,FS,none,none,0,N,N,0,0,0,0,1,1
Florida Keys,Elbow Reef,EL4,EL4-t210,58,40,30,25,5%,EC,7,1,FS,none,none,0,N,N,0,1,0,0,0,0
Florida Keys,Elbow Reef,EL4,EL4-t489,58,9,6,1,40%,EC,1,3,FS,none,none,0,N,N,0,2,0,0,0,0
Florida Keys,Elbow Reef,EL4,EL4-t772,58,19,16,10,80%,JC,3,0,none,none,none,0,N,N,0,0,0,0,1,0
Florida Keys,French Reef,FR1,FR1-t002,58,14,7,7,85%,JC,2,0,none,none,none,0,N,N,0,0,0,0,0,0
Florida Keys,French Reef,FR1,FR1-t006,58,,,,0%,D,,,,,,,N,N,,,,,,
Florida Keys,French Reef,FR1,FR1-t009,58,60,42,45,30%,RC,2,0,none,none,none,0,N,N,0,0,2,0,0,0
Florida Keys,French Reef,FR1,FR1-t199,58,111,75,70,40%,RC,13,1,FS,none,none,0,N,N,1,1,1,3,1,1
Florida Keys,French Reef,FR1,FR1-t773,58,6,5,4,100%,JC,1,0,none,none,none,0,N,N,0,0,0,0,0,0
Florida Keys,French Reef,FR1,FR1-t774,58,18,10,5,75%,EC,1,0,none,none,none,0,N,N,0,0,0,1,0,0
Florida Keys,French Reef,FR1,FR1-t775,58,55,33,15,15%,RC,2,0,none,none,none,0,N,N,0,0,1,0,0,0
Florida Keys,French Reef,FR1,FR1-t776,58,7,7,6,100%,JC,1,0,none,none,none,0,N,N,0,0,1,0,0,0
Florida Keys,French Reef,FR1,FR1-t861,58,,,,0%,D,,,,,,,N,N,,,,,,
Florida Keys,French Reef,FR1,FR1-t923,58,,,,0%,D,,,,,,,N,N,,,,,,
Florida Keys,French Reef,FR1,FR1-t924,58,95,45,27,20%,RC,7,1,FS,none,none,0,N,N,0,3,1,0,0,0
Florida Keys,French Reef,FR1,FR1-t925,58,125,67,58,20%,RC,6,1,FS,none,none,0,N,N,0,2,2,0,0,0
Florida Keys,French Reef,FR1,FR1-t926,58,76,35,49,10%,RC,2,0,none,none,none,0,N,N,0,0,1,0,0,0
Florida Keys,French Reef,FR1,FR1-t928,58,16,12,5,85%,EC,1,0,none,none,none,0,N,N,0,0,0,0,0,0
Florida Keys,French Reef,FR1,FR1-t929,58,8,7,9,100%,JC,1,0,none,none,none,0,N,N,0,0,0,0,0,0
Florida Keys,French Reef,FR2,FR2-t236,58,9,7,2,80%,EC,1,5,FS,none,none,0,N,N,0,1,0,0,0,0
Florida Keys,French Reef,FR2,FR2-t251,58,,,,0%,D,,,,,,,N,N,,,,,,
Florida Keys,French Reef,FR2,FR2-t255,58,6,6,2,80%,EC,2,0,none,none,none,0,N,N,0,0,0,0,0,0
Florida Keys,French Reef,FR2,FR2-t260,58,16,6,2,5%,RC,3,1,Unk,none,none,0,N,N,0,0,0,0,0,0
Florida Keys,French Reef,FR2,FR2-t983,58,9,4,8,5%,RC,4,0,none,none,none,0,N,N,0,0,0,0,0,0
Florida Keys,French Reef,FR2,FR2-t984,58,9,6,10,60%,JC,1,2,FS,none,none,0,N,N,0,1,0,0,0,0
Florida Keys,French Reef,FR2,FR2-t985,58,,,,0%,D,,,,,,,N,N,,,,,,
Florida Keys,French Reef,FR3,FR3-t444,58,25,21,16,30%,RC,1,0,none,none,none,0,N,N,0,0,0,0,1,0
Florida Keys,French Reef,FR3,FR3-t446,58,56,45,30,25%,RC,4,3,FS,Unk,none,0,N,N,0,2,1,1,0,1
Florida Keys,French Reef,FR3,FR3-t490,58,,,,0%,D,,,,,,,N,N,,,,,,
Florida Keys,French Reef,FR3,FR3-t491,58,65,45,25,1%,RC,2,0,none,none,none,0,N,N,0,0,0,0,0,0
Florida Keys,French Reef,FR3,FR3-t825,58,20,15,10,90%,JC,1,0,none,none,none,0,N,N,0,0,1,0,0,0
Florida Keys,French Reef,FR3,FR3-t862,58,72,48,37,40%,BC,10,2,FS,none,none,1,N,N,3,5,1,0,0,0
Florida Keys,French Reef,FR3,FR3-t866,58,20,15,10,85%,JC,2,0,none,none,none,0,N,N,0,0,0,0,0,0
Florida Keys,Grecian Rocks,GR1,GR1-t469,58,25,20,8,90%,JC,1,0,none,none,none,0,N,N,0,0,0,0,0,0
Florida Keys,Grecian Rocks,GR3,GR3-t397,58,27,18,6,60%,EC,1,3,FS,none,none,0,N,N,0,3,0,0,1,0
Florida Keys,Grecian Rocks,GR3,GR3-t398,58,50,40,30,5%,RC,10,1,FS,none,none,0,N,N,0,1,0,0,0,0
Florida Keys,Grecian Rocks,GR3,GR3-t468,58,44,39,33,20%,RC,6,0,none,none,none,0,N,N,0,0,0,0,0,0
Florida Keys,Grecian Rocks,GR3,GR3-t881,58,21,14,15,80%,JC,1,3,FS,none,none,0,N,N,0,3,0,0,0,0
Florida Keys,Grecian Rocks,GR3,GR3-t901,58,43,22,20,5%,RC,2,0,none,none,none,0,N,N,0,0,0,0,0,0
Florida Keys,Key Largo Dry Rocks,KL1,KL1-t110,58,130,75,70,2%,RC,3,1,FS,none,none,0,N,N,0,1,0,0,0,0
Florida Keys,Key Largo Dry Rocks,KL3,KL3-t969,58,,,,0%,D,,,,,,,N,N,,,,,,
Florida Keys,Molasses Reef,ML1,ML1-t013,58,,,,0%,D,,,,,,,N,N,,,,,,
Florida Keys,Molasses Reef,ML1,ML1-t016,58,,,,0%,D,,,,,,,N,N,,,,,,
Florida Keys,Molasses Reef,ML1,ML1-t017,58,,,,0%,D,,,,,,,N,N,,,,,,
Florida Keys,Molasses Reef,ML2,ML2-t126,58,3,2,1,100%,EC,1,0,none,none,none,0,N,N,0,0,0,0,0,0
Florida Keys,Molasses Reef,ML2,ML2-t131,58,,,,0%,D,,,,,,,N,N,,1,,,,
Florida Keys,Molasses Reef,ML2,ML2-t190,58,1,1,1,70%,EC,1,0,none,none,none,1,N,N,0,0,0,0,0,0
Florida Keys,Molasses Reef,ML2,ML2-t425,58,,,,0%,D,,,,,,,N,N,,,,,,
Florida Keys,Molasses Reef,ML2,ML2-t442,58,,,,0%,D,,,,,,,N,N,,,,,,
Florida Keys,Molasses Reef,ML2,ML2-t498,58,,,,0%,D,,,,,,,N,N,,,,,,
Florida Keys,Molasses Reef,ML2,ML2-t499,58,,,,0%,D,,,,,,,N,N,,3,,,,
Florida Keys,Molasses Reef,ML2,ML2-t771,58,4,3,1,100%,EC,1,0,none,none,none,0,N,N,0,0,0,0,0,0
Florida Keys,Molasses Reef,ML3,ML3-t145,58,85,59,35,5%,RC,2,0,none,none,none,0,N,N,0,0,0,0,0,0
Florida Keys,Molasses Reef,ML3,ML3-t146,58,125,80,30,5%,RC,4,1,FS,none,none,0,N,N,0,0,0,0,0,1
Florida Keys,Molasses Reef,ML3,ML3-t148,58,83,45,60,20%,RC,13,3,FS,RTL,CB,0,N,N,0,15,0,0,0,0
Florida Keys,Molasses Reef,ML3,ML3-t465,58,10,6,3,100%,EC,1,0,none,none,none,0,N,N,0,0,0,0,0,0
Florida Keys,Molasses Reef,ML3,ML3-t492,58,,,,,G,,,,,,,N,N,,,,,,
Florida Keys,Molasses Reef,ML3,ML3-t493,58,15,10,7,80%,EC,1,5,FS,none,none,0,N,N,0,1,0,0,0,0
Florida Keys,Molasses Reef,ML3,ML3-t494,58,2,2,1,100%,EC,1,0,none,none,none,0,N,N,0,0,0,0,0,0
Florida Keys,Molasses Reef,ML3,ML3-t495,58,,,,0%,D,,,,,,,N,N,,,,,,
Florida Keys,Molasses Reef,ML3,ML3-t496,58,10,9,1,100%,EC,1,0,none,none,none,0,N,N,0,0,0,0,0,0
Florida Keys,Molasses Reef,ML3,ML3-t497,58,67,46,32,20%,RC,4,1,FS,none,none,0,N,N,0,4,0,0,0,0
Florida Keys,Sand Island,SI1,SI1-t237,58,3,2,1,100%,EC,1,0,none,none,none,0,N,N,0,0,0,0,0,0
Florida Keys,Sand Island,SI1,SI1-t238,58,13,9,4,90%,EC,1,0,none,none,none,0,N,N,0,0,0,0,0,0
Florida Keys,Sand Island,SI1,SI1-t253,58,12,10,8,95%,EC,1,0,none,none,none,0,N,N,0,0,0,0,0,0
Florida Keys,Sand Island,SI1,SI1-t307,58,75,63,68,30%,BC,5,0,none,none,none,0,N,N,0,0,0,0,1,0
Florida Keys,Sand Island,SI1,SI1-t308,58,53,49,61,20%,RC,3,0,none,none,none,0,N,N,0,0,0,0,0,0
Florida Keys,Sand Island,SI1,SI1-t332,58,6,4,3,100%,EC,1,0,none,none,none,0,N,N,0,0,0,0,0,0
Florida Keys,Sand Island,SI1,SI1-t477,58,177,152,83,70%,BC,24,1,WBD,FP,none,0,N,N,1,0,2,0,1,0
Florida Keys,Sand Island,SI1,SI1-t480,58,25,10,6,20%,AF,2,1,Unk,none,none,0,N,N,0,0,0,0,0,0
Florida Keys,Sand Island,SI1,SI1-t755,58,4,3,1,100%,EC,1,0,none,none,none,0,N,N,0,0,0,0,0,0
Florida Keys,Sand Island,SI1,SI1-t756,58,13,8,4,100%,AF,1,0,none,none,none,0,N,N,0,0,0,0,0,0
Florida Keys,Sand Island,SI1,SI1-t757,58,42,17,12,90%,AF,1,1,FS,none,none,0,N,N,0,1,0,0,0,0
Florida Keys,Sand Island,SI1,SI1-t758,58,36,18,12,100%,AF,1,0,none,none,none,0,N,N,0,0,0,0,0,0
Florida Keys,Sand Island,SI2,SI2-t287,58,156,87,108,65%,BC,9,2,WBD,CB,none,0,N,N,1,0,1,0,1,1
Florida Keys,Sand Island,SI2,SI2-t288,58,,,,0%,D,,,,,,,N,N,,,,,,
Florida Keys,Sand Island,SI2,SI2-t313,58,159,93,122,40%,BC,9,0,none,none,none,0,N,N,0,0,0,0,1,0
Florida Keys,Sand Island,SI2,SI2-t323,58,107,57,55,60%,BC,3,1,FS,none,none,0,N,N,0,1,1,0,1,0
Florida Keys,Sand Island,SI2,SI2-t324,58,169,99,111,80%,BC,1,1,FP,none,none,0,N,N,0,0,1,0,0,0
Florida Keys,Sand Island,SI2,SI2-t326,58,151,118,96,30%,BC,38,1,FS,none,none,1,N,N,0,5,0,0,0,0
Florida Keys,Sand Island,SI2,SI2-t334,58,250,238,150,50%,BC,25,0,none,none,none,0,N,N,1,0,4,0,1,0
Florida Keys,Sand Island,SI2,SI2-t435,58,91,88,48,99%,BC,1,0,none,none,none,0,N,N,0,0,0,1,0,2
Florida Keys,Sand Island,SI2,SI2-t479,58,65,60,60,90%,BC,1,0,none,none,none,0,N,N,0,0,1,0,1,1
Florida Keys,Sand Island,SI2,SI2-t759,58,13,6,8,90%,AF,1,1,FP,none,none,0,N,N,0,0,0,0,0,0
Florida Keys,Sand Island,SI2,SI2-t960,58,124,82,70,90%,BC,1,1,FP,none,none,0,N,N,0,0,0,0,0,3
Florida Keys,Sand Island,SI2,SI2-t961,58,65,57,59,90%,BC,1,0,none,none,none,0,N,N,0,0,1,1,0,2
Florida Keys,Sand Island,SI2,SI2-t962,58,83,75,49,75%,RC,2,0,none,none,none,0,N,N,0,0,1,1,0,0
Florida Keys,Sand Island,SI3,SI3-t760,58,24,12,14,99%,AF,1,0,none,none,none,0,N,N,0,0,0,0,0,0
Florida Keys,Sand Island,SI3,SI3-t761,58,26,11,5,35%,AF,4,1,FS,none,none,0,N,N,0,1,0,0,0,0
Florida Keys,Sand Island,SI3,SI3-t762,58,9,6,3,100%,EC,1,0,none,none,none,0,N,N,0,0,0,0,0,0
Florida Keys,Sand Island,SI3,SI3-t763,58,34,30,15,45%,AF,2,0,none,none,none,0,N,N,0,0,0,0,0,0
Florida Keys,Sand Island,SI3,SI3-t764,58,44,11,13,100%,BC,1,0,none,none,none,0,N,N,0,0,0,0,0,0
Florida Keys,Sand Island,SI3,SI3-t765,58,16,12,4,100%,EC,1,0,none,none,none,0,N,N,0,0,0,0,0,0
Florida Keys,Sand Island,SI3,SI3-t766,58,39,17,10,100%,AF,1,0,none,none,none,0,N,N,0,0,0,0,0,0
Florida Keys,Carysfort Reef,CF3,CF3-t088,60,250,155,90,10%,BC,11,1,FS,CL,none,0,N,N,0,,,,,
Florida Keys,Carysfort Reef,CF3,CF3-t092,60,190,100,70,25%,BC,14,1,FS,none,none,0,N,N,2,,,,,
Florida Keys,Carysfort Reef,CF3,CF3-t095,60,51,31,25,95%,BC,1,0,none,none,none,0,N,N,0,,,,,
Florida Keys,Carysfort Reef,CF3,CF3-t500,60,32,15,10,45%,AF,1,0,none,none,none,0,N,N,0,,,,,
Florida Keys,Elbow Reef,EL1,EL1-t052,60,274,150,99,65%,BC,31,1,FS,FP,none,0,N,N,0,8,1,0,1,0
Florida Keys,Elbow Reef,EL1,EL1-t054,60,137,82,68,75%,BC,1,0,none,none,none,0,N,N,0,0,1,0,0,0
Florida Keys,Elbow Reef,EL1,EL1-t055,60,220,163,66,70%,BC,5,1,CL,none,none,0,N,N,2,0,2,0,2,3
Florida Keys,Elbow Reef,EL1,EL1-t056,60,106,64,51,75%,BC,2,0,none,none,none,0,N,N,0,0,0,0,0,0
Florida Keys,Elbow Reef,EL1,EL1-t208,60,100,75,72,85%,BC,1,1,FP,none,none,0,N,N,0,0,0,0,1,0
Florida Keys,Elbow Reef,EL1,EL1-t232,60,94,62,38,80%,BC,2,0,none,none,none,0,N,N,0,0,0,0,0,0
Florida Keys,Elbow Reef,EL1,EL1-t441,60,74,38,31,70%,BC,1,1,FP,none,none,0,N,N,0,0,0,0,0,0
Florida Keys,Elbow Reef,EL1,EL1-t977,60,117,65,69,60%,BC,6,1,FS,WBD,none,0,N,N,0,2,0,0,1,0
Florida Keys,Elbow Reef,EL1,EL1-t979,60,166,78,68,65%,BC,7,2,FS,FP,none,0,N,N,0,24,1,0,0,3
Florida Keys,Elbow Reef,EL1,EL1-t986,60,9,5,8,95%,EC,1,0,none,none,none,0,N,N,0,0,0,0,0,0
Florida Keys,Elbow Reef,EL1,EL1-t987,60,112,82,50,95%,BC,1,1,FP,none,none,0,N,N,0,2,1,0,0,0
Florida Keys,Elbow Reef,EL1,EL1-t988,60,14,12,12,90%,JC,1,0,none,none,none,0,N,N,0,0,0,0,0,0
Florida Keys,Elbow Reef,EL2,EL2-t065,60,20,14,18,100%,JC,1,0,none,none,none,0,N,N,0,0,0,0,0,0
Florida Keys,Elbow Reef,EL2,EL2-t212,60,,,,,G,,,,,,,N,N,,,,,,
Florida Keys,Elbow Reef,EL2,EL2-t214,60,7,4,3,80%,EC,2,0,none,none,none,0,N,N,0,0,0,0,0,0
Florida Keys,Elbow Reef,EL2,EL2-t437,60,15,12,10,98%,JC,1,2,FS,none,none,0,N,N,0,1,0,0,0,0
Florida Keys,Elbow Reef,EL2,EL2-t485,60,,,,,G,,,,,,,N,N,,,,,,
Florida Keys,Elbow Reef,EL2,EL2-t486,60,110,80,90,25%,RC,12,1,CL,none,none,0,N,N,0,2,0,0,1,0
Florida Keys,Elbow Reef,EL2,EL2-t487,60,,,,0%,D,,,,,,,N,N,,,,,,
Florida Keys,Elbow Reef,EL2,EL2-t488,60,1,1,1,100%,EC,1,0,none,none,none,0,N,N,0,0,0,0,0,0
Florida Keys,Elbow Reef,EL2,EL2-t767,60,45,20,10,5%,AF,2,0,none,none,none,0,N,N,0,0,0,0,0,0
Florida Keys,Elbow Reef,EL2,EL2-t768,60,13,10,6,100%,JC,1,0,none,none,none,0,N,N,0,0,0,0,0,0
Florida Keys,Elbow Reef,EL2,EL2-t769,60,8,7,8,100%,JC,1,0,none,none,none,0,N,N,0,0,0,0,0,0
Florida Keys,Elbow Reef,EL2,EL2-t913,60,214,100,60,15%,RC,27,0,none,none,none,0,N,N,0,0,0,0,1,1
Florida Keys,Elbow Reef,EL3,EL3-t077,60,20,15,25,25%,RC,3,0,none,none,none,0,N,N,0,0,0,0,0,0
Florida Keys,Elbow Reef,EL3,EL3-t083,60,7,6,1,100%,EC,1,0,none,none,none,0,N,N,0,0,0,0,0,0
Florida Keys,Elbow Reef,EL3,EL3-t086,60,160,99,56,35%,BC,11,1,FS,CL,none,0,N,N,0,6,0,0,0,0
Florida Keys,Elbow Reef,EL3,EL3-t187,60,11,8,4,85%,JC,1,5,FS,none,none,0,N,N,0,0,0,0,0,0
Florida Keys,Elbow Reef,EL3,EL3-t422,60,40,25,25,5%,RC,11,2,FS,none,none,0,N,N,0,1,0,0,0,0
Florida Keys,Elbow Reef,EL3,EL3-t770,60,,,,,G,,,,,,,N,N,,,,,,
Florida Keys,Elbow Reef,EL3,EL3-t911,60,108,75,57,65%,BC,5,1,FS,none,none,0,N,N,0,3,0,0,0,0
Florida Keys,Elbow Reef,EL3,EL3-t933,60,50,30,30,1%,RC,2,0,none,none,none,0,N,N,0,0,0,0,0,0
Florida Keys,Elbow Reef,EL4,EL4-t153,60,48,39,38,55%,BC,3,0,none,none,none,0,N,N,0,0,0,0,1,0
Florida Keys,Elbow Reef,EL4,EL4-t158,60,53,33,38,10%,BC,3,0,none,none,none,0,N,N,0,0,0,0,1,0
Florida Keys,Elbow Reef,EL4,EL4-t168,60,198,99,75,75%,BC,2,1,FS,none,none,0,N,N,0,10,0,0,1,1
Florida Keys,Elbow Reef,EL4,EL4-t210,60,1,1,1,50%,EC,1,0,none,none,none,0,N,N,0,0,0,0,0,0
Florida Keys,Elbow Reef,EL4,EL4-t489,60,,,,0%,D,,,,,,,N,N,,,,,,
Florida Keys,Elbow Reef,EL4,EL4-t772,60,20,18,9,85%,JC,2,0,none,none,none,0,N,N,0,0,0,0,0,0
Florida Keys,French Reef,FR1,FR1-t002,60,18,10,12,90%,JC,2,0,none,none,none,0,N,N,0,0,0,0,0,0
Florida Keys,French Reef,FR1,FR1-t009,60,63,38,38,25%,RC,2,2,FS,none,none,0,N,N,0,7,4,0,1,0
Florida Keys,French Reef,FR1,FR1-t199,60,106,75,70,35%,RC,13,1,FS,CL,none,0,N,N,0,6,1,0,1,2
Florida Keys,French Reef,FR1,FR1-t773,60,7,6,4,100%,JC,1,0,none,none,none,0,N,N,0,0,1,0,0,0
Florida Keys,French Reef,FR1,FR1-t774,60,20,11,5,95%,JC,1,0,none,none,none,0,N,N,0,0,0,0,1,0
Florida Keys,French Reef,FR1,FR1-t775,60,55,30,15,10%,RC,2,2,FS,none,none,0,N,N,0,5,1,0,1,0
Florida Keys,French Reef,FR1,FR1-t776,60,10,10,9,100%,JC,1,0,none,none,none,0,N,N,0,0,1,0,0,0
Florida Keys,French Reef,FR1,FR1-t924,60,81,33,32,20%,RC,10,1,FS,none,none,1,N,N,0,4,1,0,1,0
Florida Keys,French Reef,FR1,FR1-t925,60,125,70,60,20%,RC,6,0,none,none,none,0,N,N,0,0,4,0,1,0
Florida Keys,French Reef,FR1,FR1-t926,60,28,17,29,90%,JC,1,3,FS,none,none,0,N,N,0,2,1,0,1,0
Florida Keys,French Reef,FR1,FR1-t928,60,16,11,5,95%,JC,1,1,FS,none,none,0,N,N,0,1,0,0,0,0
Florida Keys,French Reef,FR1,FR1-t929,60,8,8,10,100%,JC,1,0,none,none,none,0,N,N,0,0,1,0,0,0
Florida Keys,French Reef,FR2,FR2-t236,60,8,6,2,90%,EC,1,0,none,none,none,0,N,N,0,0,0,0,0,0
Florida Keys,French Reef,FR2,FR2-t255,60,7,6,3,100%,JC,1,0,none,none,none,0,N,N,0,0,0,0,0,0
Florida Keys,French Reef,FR2,FR2-t260,60,4,3,2,90%,EC,1,0,none,none,none,0,N,N,0,0,0,0,0,0
Florida Keys,French Reef,FR2,FR2-t983,60,8,8,8,20%,RC,4,0,none,none,none,0,N,N,0,0,0,0,0,0
Florida Keys,French Reef,FR2,FR2-t984,60,8,5,7,5%,RC,2,0,none,none,none,0,N,N,0,0,0,0,0,0
Florida Keys,French Reef,FR3,FR3-t444,60,24,23,16,50%,RC,1,0,none,none,none,0,N,N,0,0,0,0,1,0
Florida Keys,French Reef,FR3,FR3-t446,60,52,42,30,25%,RC,5,0,none,none,none,0,N,N,0,1,1,1,1,3
Florida Keys,French Reef,FR3,FR3-t491,60,60,40,25,1%,RC,2,0,none,none,none,0,N,N,0,0,0,0,0,0
Florida Keys,French Reef,FR3,FR3-t786,60,7,5,3,85%,EC,1,1,FS,none,none,0,N,N,0,1,0,0,0,0
Florida Keys,French Reef,FR3,FR3-t825,60,23,15,11,90%,JC,1,2,FS,none,none,0,N,N,0,3,0,0,1,0
Florida Keys,French Reef,FR3,FR3-t862,60,73,49,37,30%,BC,22,2,FS,none,none,1,N,N,1,7,1,0,1,0
Florida Keys,French Reef,FR3,FR3-t866,60,17,19,15,80%,JC,2,0,none,none,none,0,N,N,0,0,0,0,0,0
Florida Keys,French Reef,FR4,FR4-t780,60,5,7,5,100%,JC,1,,,,,,,,,1,,,,
Florida Keys,French Reef,FR4,FR4-t781,60,28,20,20,15%,RC,15,,,,,,,,,0,,,,
Florida Keys,French Reef,FR4,FR4-t782,60,20,10,15,10%,RC,2,,,,,,,,,0,,,,
Florida Keys,French Reef,FR4,FR4-t783,60,26,27,15,80%,JC,2,,,,,,,,,0,,,,
Florida Keys,French Reef,FR4,FR4-t784,60,7,4,4,15%,AF,2,,,,,,,,,0,,,,
Florida Keys,French Reef,FR4,FR4-t787,60,20,20,11,90%,JC,1,,,,,,,,,2,,,,
Florida Keys,French Reef,FR4,FR4-t788,60,15,14,6,95%,JC,1,,,,,,,,,1,,,,
Florida Keys,French Reef,FR4,FR4-t789,60,17,12,10,80%,JC,1,,,,,,,,,0,,,,
Florida Keys,French Reef,FR4,FR4-t790,60,40,25,23,95%,JC,1,,,,,,,,,0,,,,
Florida Keys,French Reef,FR4,FR4-t791,60,32,30,16,85%,JC,1,,,,,,,,,0,,,,
Florida Keys,French Reef,FR4,FR4-t792,60,19,10,10,5%,RC,1,,,,,,,,,0,,,,
Florida Keys,French Reef,FR4,FR4-t793,60,26,22,18,100%,JC,1,,,,,,,,,0,,,,
Florida Keys,French Reef,FR5,FR5-t794,60,25,20,12,100%,JC,1,,,,,,,,,2,,,,
Florida Keys,French Reef,FR5,FR5-t795,60,23,16,14,90%,JC,1,,,,,,,,,0,,,,
Florida Keys,French Reef,FR5,FR5-t796,60,22,17,19,100%,JC,1,,,,,,,,,0,,,,
Florida Keys,French Reef,FR5,FR5-t797,60,5,3,3,100%,AF,1,,,,,,,,,0,,,,
Florida Keys,French Reef,FR5,FR5-t798,60,9,8,1,100%,EC,1,,,,,,,,,0,,,,
Florida Keys,French Reef,FR5,FR5-t799,60,23,19,15,100%,JC,1,,,,,,,,,0,,,,
Florida Keys,French Reef,FR5,FR5-t800,60,29,25,17,80%,JC,1,,,,,,,,,6,,,,
Florida Keys,French Reef,FR5,FR5-t801,60,28,23,19,95%,JC,1,,,,,,,,,0,,,,
Florida Keys,French Reef,FR5,FR5-t923,60,27,17,7,15%,RC,3,,,,,,,,,0,,,,
Florida Keys,French Reef,FR5,FR5-t924,60,21,15,10,90%,JC,1,,,,,,,,,0,,,,
Florida Keys,French Reef,FR5,FR5-t925,60,26,16,10,55%,RC,2,,,,,,,,,0,,,,
Florida Keys,French Reef,FR5,FR5-t926,60,18,16,12,30%,RC,11,,,,,,,,,11,,,,
Florida Keys,Grecian Rocks,GR1,GR1-t469,60,27,21,8,85%,JC,1,0,none,none,none,0,N,N,0,0,0,0,0,0
Florida Keys,Grecian Rocks,GR3,GR3-t397,60,,,,0%,D,,,,,,,N,N,,0,0,0,0,0
Florida Keys,Grecian Rocks,GR3,GR3-t398,60,10,8,6,5%,EC,2,0,none,none,none,0,N,N,0,0,0,0,0,0
Florida Keys,Grecian Rocks,GR3,GR3-t468,60,14,38,30,15%,RC,7,2,FS,none,none,0,N,N,0,1,0,0,0,0
Florida Keys,Grecian Rocks,GR3,GR3-t881,60,22,14,16,60%,RC,6,3,FS,none,none,0,N,N,0,3,0,0,0,0
Florida Keys,Grecian Rocks,GR3,GR3-t901,60,12,9,1,5%,EC,5,0,none,none,none,0,N,N,0,,,,,
Florida Keys,Key Largo Dry Rocks,KL1,KL1-t110,60,160,80,80,2%,RC,3,1,FS,none,none,0,N,N,0,,,,,
Florida Keys,Molasses Reef,ML2,ML2-t126,60,4,3,2,100%,EC,1,0,none,none,none,0,N,N,0,0,0,0,0,0
Florida Keys,Molasses Reef,ML2,ML2-t190,60,,,,0%,D,,,,,,,N,N,,,,,,
Florida Keys,Molasses Reef,ML2,ML2-t771,60,2,2,1,100%,EC,1,0,none,none,none,0,N,N,0,0,0,0,0,0
Florida Keys,Molasses Reef,ML3,ML3-t145,60,,,,0%,D,,,,,,,N,N,,,,,,
Florida Keys,Molasses Reef,ML3,ML3-t146,60,,,,0%,D,,,,,,,N,N,,,,,,
Florida Keys,Molasses Reef,ML3,ML3-t148,60,,,,0%,D,,,,,,,N,N,,,,,,
Florida Keys,Molasses Reef,ML3,ML3-t465,60,,,,0%,D,,,,,,,N,N,,,,,,
Florida Keys,Molasses Reef,ML3,ML3-t493,60,,,,0%,D,,,,,,,N,N,,,,,,
Florida Keys,Molasses Reef,ML3,ML3-t494,60,,,,0%,D,,,,,,,N,N,,,,,,
Florida Keys,Molasses Reef,ML3,ML3-t496,60,10,9,1,5%,EC,1,3,FS,,,,N,N,,1,0,0,0,0
Florida Keys,Molasses Reef,ML3,ML3-t497,60,,,,0%,D,,,,,,,N,N,,,,,,
Florida Keys,Sand Island,SI1,SI1-t237,60,3,2,3,100%,EC,1,0,none,none,none,0,N,N,0,0,0,0,0,0
Florida Keys,Sand Island,SI1,SI1-t238,60,15,10,6,95%,EC,1,0,none,none,none,0,N,N,0,0,0,0,0,0
Florida Keys,Sand Island,SI1,SI1-t253,60,12,9,9,85%,EC,1,0,none,none,none,1,N,N,0,0,0,0,0,0
Florida Keys,Sand Island,SI1,SI1-t307,60,71,63,62,30%,BC,5,0,none,none,none,0,N,N,0,0,0,0,1,0
Florida Keys,Sand Island,SI1,SI1-t308,60,52,45,56,20%,RC,3,0,,,,,N,N,,0,0,0,0,0
Florida Keys,Sand Island,SI1,SI1-t332,60,6,5,4,100%,EC,1,0,none,none,none,0,N,N,0,0,0,0,0,0
Florida Keys,Sand Island,SI1,SI1-t477,60,187,161,80,70%,BC,32,1,FS,WBD,FP,0,N,N,1,10,1,0,1,0
Florida Keys,Sand Island,SI1,SI1-t480,60,25,10,6,20%,AF,2,0,none,none,none,0,N,N,0,0,0,0,0,0
Florida Keys,Sand Island,SI1,SI1-t755,60,,,,,G,,,,,,,N,N,,,,,,
Florida Keys,Sand Island,SI1,SI1-t756,60,13,8,4,100%,EC,1,0,none,none,none,0,N,N,0,0,0,0,0,0
Florida Keys,Sand Island,SI1,SI1-t757,60,40,15,12,100%,AF,1,0,none,none,none,0,N,N,0,0,0,0,0,0
Florida Keys,Sand Island,SI1,SI1-t758,60,36,19,12,100%,AF,1,0,none,none,none,0,N,N,0,0,0,0,0,0
Florida Keys,Sand Island,SI2,SI2-t287,60,152,88,118,60%,BC,13,2,WBD,FS,CB,0,N,N,0,0,1,0,1,0
Florida Keys,Sand Island,SI2,SI2-t313,60,166,96,120,45%,BC,8,0,none,none,none,0,N,N,0,0,0,0,0,0
Florida Keys,Sand Island,SI2,SI2-t323,60,114,59,63,65%,BC,2,0,none,none,none,0,N,N,0,0,0,0,0,0
Florida Keys,Sand Island,SI2,SI2-t324,60,174,100,110,80%,BC,2,0,none,none,none,0,N,N,0,0,0,0,1,0
Florida Keys,Sand Island,SI2,SI2-t326,60,144,115,98,30%,BC,35,2,FS,none,none,0,N,N,0,21,1,0,0,0
Florida Keys,Sand Island,SI2,SI2-t334,60,256,220,150,50%,BC,22,1,WBD,none,none,0,N,N,1,0,2,0,1,1
Florida Keys,Sand Island,SI2,SI2-t435,60,90,89,56,100%,BC,1,0,none,none,none,0,N,N,0,0,0,0,0,1
Florida Keys,Sand Island,SI2,SI2-t479,60,70,68,64,95%,BC,1,0,none,none,none,0,N,N,0,0,1,0,0,0
Florida Keys,Sand Island,SI2,SI2-t759,60,14,8,4,100%,EC,1,0,none,none,none,0,N,N,0,0,0,0,0,0
Florida Keys,Sand Island,SI2,SI2-t960,60,127,85,74,95%,BC,1,1,FS,none,none,0,N,N,0,0,1,0,1,1
Florida Keys,Sand Island,SI2,SI2-t961,60,62,61,59,90%,BC,1,0,none,none,none,0,N,N,0,0,0,1,0,0
Florida Keys,Sand Island,SI2,SI2-t962,60,85,78,48,80%,BC,1,0,none,none,none,0,N,N,1,0,1,1,1,0
Florida Keys,Sand Island,SI3,SI3-t760,60,22,12,13,100%,AF,1,0,none,none,none,0,N,N,0,0,0,0,0,0
Florida Keys,Sand Island,SI3,SI3-t761,60,26,10,5,5%,AF,4,3,FS,none,none,0,N,N,0,2,0,0,0,0
Florida Keys,Sand Island,SI3,SI3-t762,60,10,7,3,90%,EC,2,0,none,none,none,0,N,N,0,0,0,0,0,0
Florida Keys,Sand Island,SI3,SI3-t763,60,31,22,20,50%,RC,1,3,FS,none,none,0,N,N,0,2,0,0,0,0
Florida Keys,Sand Island,SI3,SI3-t764,60,43,14,18,100%,JC,1,0,none,none,none,0,N,N,0,0,0,0,0,0
Florida Keys,Sand Island,SI3,SI3-t765,60,17,14,4,100%,EC,1,0,none,none,none,0,N,N,0,0,0,0,0,0
Florida Keys,Sand Island,SI3,SI3-t766,60,39,18,9,100%,EC,1,0,none,none,none,0,N,N,0,0,0,0,0,0
Florida Keys,Carysfort Reef,CF3,CF3-t088,62,250,150,90,10%,RC,9,0,none,none,none,0,N,N,3,0,1,0,1,0
Florida Keys,Carysfort Reef,CF3,CF3-t092,62,180,103,71,25%,BC,13,1,FS,none,none,0,N,N,2,4,2,0,1,0
Florida Keys,Carysfort Reef,CF3,CF3-t095,62,54,34,25,90%,BC,1,2,FS,none,none,0,N,N,0,5,1,0,1,1
Florida Keys,Carysfort Reef,CF3,CF3-t500,62,,,,0%,D,,,,,,,N,N,,,,,,
Florida Keys,Elbow Reef,EL1,EL1-t052,62,270,150,100,65%,BC,27,1,Unk,FP,CL,0,N,N,0,1,0,0,2,0
Florida Keys,Elbow Reef,EL1,EL1-t054,62,138,84,69,75%,BC,1,0,none,none,none,0,N,N,0,0,0,0,0,0
Florida Keys,Elbow Reef,EL1,EL1-t055,62,228,167,67,70%,BC,7,1,unk,none,none,,N,N,1,0,1,1,1,6
Florida Keys,Elbow Reef,EL1,EL1-t056,62,107,73,54,80%,BC,2,0,none,none,none,0,N,N,0,0,0,0,0,0
Florida Keys,Elbow Reef,EL1,EL1-t208,62,106,80,76,85%,BC,1,0,none,none,none,0,N,N,0,0,0,0,2,0
Florida Keys,Elbow Reef,EL1,EL1-t232,62,89,67,38,85%,BC,2,0,none,none,none,0,N,N,0,0,0,0,1,2
Florida Keys,Elbow Reef,EL1,EL1-t441,62,74,41,36,75%,BC,1,0,none,none,none,0,N,N,0,0,0,0,0,0
Florida Keys,Elbow Reef,EL1,EL1-t977,62,120,72,67,65%,BC,6,1,unk,none,none,0,N,N,0,0,0,1,1,1
Florida Keys,Elbow Reef,EL1,EL1-t979,62,171,83,65,70%,BC,9,1,FS,none,none,0,N,N,0,6,0,1,0,3
Florida Keys,Elbow Reef,EL1,EL1-t986,62,9,4,9,100%,EC,1,0,none,none,none,0,N,N,0,0,0,0,0,0
Florida Keys,Elbow Reef,EL1,EL1-t987,62,117,89,52,99%,BC,1,0,none,none,none,0,N,N,0,0,1,1,0,0
Florida Keys,Elbow Reef,EL1,EL1-t988,62,14,11,13,95%,JC,1,0,none,none,none,0,N,N,0,0,0,0,0,0
Florida Keys,Elbow Reef,EL2,EL2-t065,62,21,16,21,100%,JC,1,0,none,none,none,0,N,N,0,0,0,0,0,0
Florida Keys,Elbow Reef,EL2,EL2-t214,62,7,4,3,80%,EC,2,0,none,none,none,0,N,N,0,0,0,0,0,0
Florida Keys,Elbow Reef,EL2,EL2-t437,62,16,13,10,95%,JC,1,0,none,none,none,0,N,N,0,0,0,0,0,0
Florida Keys,Elbow Reef,EL2,EL2-t486,62,110,83,86,25%,RC,11,0,none,none,none,0,N,N,0,0,0,0,1,1
Florida Keys,Elbow Reef,EL2,EL2-t488,62,1,1,1,100%,EC,1,0,none,none,none,0,N,N,0,0,0,0,1,0
Florida Keys,Elbow Reef,EL2,EL2-t767,62,10,4,5,90%,EC,1,0,none,none,none,0,N,N,0,0,0,0,0,0
Florida Keys,Elbow Reef,EL2,EL2-t768,62,13,10,7,100%,JC,1,0,none,none,none,0,N,N,0,2,0,0,0,0
Florida Keys,Elbow Reef,EL2,EL2-t769,62,9,7,8,95%,JC,1,0,none,none,none,0,N,N,0,0,0,0,0,0
Florida Keys,Elbow Reef,EL2,EL2-t913,62,210,100,60,15%,RC,17,0,none,none,none,0,N,N,0,0,0,0,1,1
Florida Keys,Elbow Reef,EL3,EL3-t077,62,13,9,24,20%,RC,2,0,none,none,none,0,N,N,0,0,0,0,0,1
Florida Keys,Elbow Reef,EL3,EL3-t083,62,6,5,1,95%,EC,1,0,none,none,none,0,N,N,0,0,0,0,0,0
Florida Keys,Elbow Reef,EL3,EL3-t086,62,161,100,60,40%,BC,11,0,none,none,none,0,N,N,0,2,0,1,1,2
Florida Keys,Elbow Reef,EL3,EL3-t187,62,11,8,3,95%,JC,1,0,none,none,none,0,N,N,0,0,0,0,0,0
Florida Keys,Elbow Reef,EL3,EL3-t422,62,40,25,25,5%,RC,12,0,none,none,none,0,N,N,0,0,0,0,1,0
Florida Keys,Elbow Reef,EL3,EL3-t911,62,110,80,56,65%,BC,4,0,none,none,none,0,N,N,0,1,0,0,1,2
Florida Keys,Elbow Reef,EL3,EL3-t933,62,4,3,1,100%,EC,1,0,none,none,none,0,N,N,0,0,0,0,0,0
Florida Keys,Elbow Reef,EL4,EL4-t153,62,49,45,34,50%,BC,3,0,none,none,none,0,N,N,0,0,0,0,0,0
Florida Keys,Elbow Reef,EL4,EL4-t158,62,55,30,35,10%,RC,3,0,none,none,none,0,N,N,0,0,0,0,1,0
Florida Keys,Elbow Reef,EL4,EL4-t168,62,206,94,78,75%,BC,3,1,FP,none,none,0,N,N,0,0,0,0,1,1
Florida Keys,Elbow Reef,EL4,EL4-t210,62,1,1,1,50%,EC,1,0,none,none,none,0,N,N,0,0,0,0,0,0
Florida Keys,Elbow Reef,EL4,EL4-t772,62,21,19,15,85%,JC,1,0,none,none,none,0,N,N,0,0,0,0,0,0
Florida Keys,French Reef,FR1,FR1-t002,62,23,10,17,85%,JC,2,1,FS,none,none,0,N,N,0,2,0,0,0,0
Florida Keys,French Reef,FR1,FR1-t009,62,64,38,38,25%,RC,2,1,FS,none,none,0,N,N,0,3,2,0,1,0
Florida Keys,French Reef,FR1,FR1-t145,62,8,7,4,100%,JC,1,0,none,none,none,0,N,N,0,0,0,0,0,0
Florida Keys,French Reef,FR1,FR1-t199,62,110,78,70,35%,BC,10,0,none,none,none,0,N,N,0,2,2,1,1,1
Florida Keys,French Reef,FR1,FR1-t773,62,,,,,FU,,,,,,,N,N,,,,,,
Florida Keys,French Reef,FR1,FR1-t774,62,21,11,8,90%,JC,1,2,FS,none,none,0,N,N,0,1,0,0,0,0
Florida Keys,French Reef,FR1,FR1-t775,62,58,36,15,10%,RC,3,0,none,none,none,0,N,N,1,0,3,0,1,0
Florida Keys,French Reef,FR1,FR1-t776,62,12,9,11,100%,JC,1,0,none,none,none,0,N,N,0,0,1,0,0,0
Florida Keys,French Reef,FR1,FR1-t924,62,82,39,32,20%,RC,8,1,CL,none,none,0,N,N,0,0,1,0,0,0
Florida Keys,French Reef,FR1,FR1-t925,62,129,68,60,25%,RC,4,0,none,none,none,0,N,N,0,0,2,1,1,0
Florida Keys,French Reef,FR1,FR1-t926,62,28,18,28,90%,JC,1,0,none,none,none,0,N,N,0,0,1,0,0,0
Florida Keys,French Reef,FR1,FR1-t928,62,17,13,6,100%,JC,1,0,none,none,none,0,N,N,0,0,1,0,0,0
Florida Keys,French Reef,FR1,FR1-t929,62,11,9,10,100%,JC,1,0,none,none,none,0,N,N,0,0,1,0,0,0
Florida Keys,French Reef,FR2,FR2-t236,62,7,6,2,90%,EC,1,0,none,none,none,0,N,N,0,0,0,0,0,0
Florida Keys,French Reef,FR2,FR2-t255,62,8,6,4,98%,JC,1,0,none,none,none,0,N,N,0,0,0,0,0,0
Florida Keys,French Reef,FR2,FR2-t260,62,5,4,2,100%,EC,1,0,none,none,none,0,N,N,0,0,0,0,0,0
Florida Keys,French Reef,FR2,FR2-t983,62,8,8,9,20%,RC,3,0,none,none,none,0,N,N,0,0,1,0,0,0
Florida Keys,French Reef,FR2,FR2-t984,62,8,5,7,5%,RC,1,0,none,none,none,0,N,N,0,0,0,0,0,0
Florida Keys,French Reef,FR3,FR3-t444,62,25,22,15,55%,RC,1,0,none,none,none,0,N,N,0,0,0,0,0,0
Florida Keys,French Reef,FR3,FR3-t446,62,51,41,27,25%,RC,4,0,none,none,none,0,N,N,0,0,0,0,0,2
Florida Keys,French Reef,FR3,FR3-t491,62,60,40,25,1%,RC,2,0,none,none,none,0,N,N,0,0,0,0,1,0
Florida Keys,French Reef,FR3,FR3-t786,62,5,4,4,20%,RC,3,5,FS,none,none,0,N,N,0,1,0,0,0,0
Florida Keys,French Reef,FR3,FR3-t825,62,23,14,10,85%,JC,1,1,FS,none,none,0,N,N,0,3,1,1,1,0
Florida Keys,French Reef,FR3,FR3-t862,62,79,47,34,25%,RC,21,1,FS,none,none,0,N,N,0,3,1,0,0,3
Florida Keys,French Reef,FR3,FR3-t866,62,22,22,18,8%,JC,2,0,none,none,none,0,N,N,0,0,0,0,0,0
Florida Keys,French Reef,FR4,FR4-t780,62,9,6,8,100%,JC,1,0,none,none,none,0,N,N,0,0,0,0,0,0
Florida Keys,French Reef,FR4,FR4-t781,62,26,22,17,20%,RC,6,0,none,none,none,0,N,N,0,0,0,0,0,0
Florida Keys,French Reef,FR4,FR4-t782,62,18,12,17,10%,RC,2,0,none,none,none,0,N,N,0,0,0,0,0,0
Florida Keys,French Reef,FR4,FR4-t783,62,30,29,15,80%,JC,1,0,none,none,none,0,N,N,2,0,0,0,0,0
Florida Keys,French Reef,FR4,FR4-t784,62,5,6,5,75%,JC,2,0,none,none,none,0,N,N,0,0,0,0,0,0
Florida Keys,French Reef,FR4,FR4-t787,62,21,21,16,95%,JC,1,0,none,none,none,0,N,N,0,0,0,0,0,0
Florida Keys,French Reef,FR4,FR4-t788,62,19,15,10,99%,JC,1,0,none,none,none,0,N,N,0,0,0,0,0,0
Florida Keys,French Reef,FR4,FR4-t789,62,18,14,11,95%,JC,1,0,none,none,none,0,N,N,0,0,0,0,0,0
Florida Keys,French Reef,FR4,FR4-t790,62,42,31,25,95%,JC,1,2,FS,none,none,0,N,N,0,1,0,0,0,0
Florida Keys,French Reef,FR4,FR4-t791,62,35,32,19,90%,JC,1,0,none,none,none,0,N,N,0,0,0,0,0,0
Florida Keys,French Reef,FR4,FR4-t792,62,19,8,10,5%,RC,1,0,none,none,none,0,N,N,0,0,0,0,0,0
Florida Keys,French Reef,FR4,FR4-t793,62,25,25,19,95%,JC,1,0,none,none,none,0,N,N,0,0,0,0,0,0
Florida Keys,French Reef,FR5,FR5-t794,62,27,18,13,100%,JC,1,0,none,none,none,0,N,N,0,0,0,0,0,0
Florida Keys,French Reef,FR5,FR5-t795,62,26,21,17,95%,JC,1,0,none,none,none,0,N,N,0,0,0,0,0,0
Florida Keys,French Reef,FR5,FR5-t796,62,24,21,20,100%,JC,1,0,none,none,none,0,N,N,0,0,0,0,0,0
Florida Keys,French Reef,FR5,FR5-t797,62,4,3,3,100%,AF,1,0,none,none,none,0,N,N,0,0,0,0,0,0
Florida Keys,French Reef,FR5,FR5-t798,62,9,8,1,100%,EC,1,0,none,none,none,0,N,N,0,0,0,0,0,0
Florida Keys,French Reef,FR5,FR5-t799,62,26,22,17,100%,JC,1,0,none,none,none,0,N,N,0,0,0,0,0,0
Florida Keys,French Reef,FR5,FR5-t800,62,32,31,20,80%,JC,2,2,FS,none,none,0,N,N,0,3,0,0,0,0
Florida Keys,French Reef,FR5,FR5-t801,62,33,27,22,100%,JC,1,0,none,none,none,0,N,N,0,0,0,0,0,0
Florida Keys,French Reef,FR5,FR5-t923,62,23,16,10,15%,RC,3,0,none,none,none,0,N,N,0,0,0,0,0,0
Florida Keys,French Reef,FR5,FR5-t924,62,22,17,12,95%,JC,1,0,none,none,none,0,N,N,0,0,0,0,0,0
Florida Keys,French Reef,FR5,FR5-t925,62,27,17,9,45%,RC,3,2,FS,none,none,0,N,N,0,3,0,0,0,0
Florida Keys,French Reef,FR5,FR5-t926,62,18,16,12,25%,RC,10,1,FS,none,none,0,N,N,0,,,,,
Florida Keys,Grecian Rocks,GR1,GR1-t209,62,6,6,6,100%,JC,1,0,none,none,none,0,N,N,0,0,0,0,0,0
Florida Keys,Grecian Rocks,GR1,GR1-t469,62,27,21,8,85%,JC,1,0,none,none,none,0,N,N,0,0,0,0,0,0
Florida Keys,Grecian Rocks,GR3,GR3-t398,62,10,8,6,2%,EC,2,0,none,none,none,0,N,N,0,0,0,0,0,0
Florida Keys,Grecian Rocks,GR3,GR3-t468,62,46,38,30,15%,RC,7,0,none,none,none,0,N,N,0,0,0,0,1,0
Florida Keys,Grecian Rocks,GR3,GR3-t881,62,17,13,17,40%,RC,6,0,none,none,none,0,N,N,0,0,0,0,1,0
Florida Keys,Grecian Rocks,GR3,GR3-t901,62,,,,0%,D,,,,,,,N,N,,,,,,
Florida Keys,Key Largo Dry Rocks,KL1,KL1-t110,62,160,80,80,2%,RC,3,,FS,CL,none,0,N,N,0,2,0,0,1,0
Florida Keys,Molasses Reef,ML2,ML2-t126,62,4,4,3,100%,EC,1,0,none,none,none,0,N,N,0,0,0,0,1,0
Florida Keys,Molasses Reef,ML2,ML2-t771,62,2,2,1,100%,EC,1,0,none,none,none,0,N,N,0,0,0,0,1,0
Florida Keys,Molasses Reef,ML3,ML3-t496,62,36,13,3,5%,EC,1,0,none,none,none,0,N,N,0,0,0,0,0,0
Florida Keys,Sand Island,SI1,SI1-t110,62,21,7,18,85%,AF,1,0,none,none,none,0,N,N,0,0,0,0,0,0
Florida Keys,Sand Island,SI1,SI1-t126,62,12,6,13,95%,AF,1,0,none,none,none,0,N,N,0,0,0,0,0,0
Florida Keys,Sand Island,SI1,SI1-t237,62,3,2,1,100%,EC,1,0,none,none,none,0,N,N,0,0,0,0,0,0
Florida Keys,Sand Island,SI1,SI1-t238,62,16,11,8,100%,EC,1,0,none,none,none,0,N,N,0,0,0,1,0,0
Florida Keys,Sand Island,SI1,SI1-t253,62,12,9,6,80%,EC,1,0,none,none,none,0,N,N,0,0,0,0,0,0
Florida Keys,Sand Island,SI1,SI1-t307,62,73,63,62,30%,BC,4,1,FS,CL,none,1,N,N,0,0,1,1,1,0
Florida Keys,Sand Island,SI1,SI1-t308,62,50,45,53,20%,RC,3,0,none,none,none,0,N,N,0,0,0,0,0,0
Florida Keys,Sand Island,SI1,SI1-t332,62,6,5,5,100%,JC,1,0,none,none,none,0,N,N,0,0,0,0,0,0
Florida Keys,Sand Island,SI1,SI1-t477,62,191,165,83,70%,BC,1,1,WBD,none,none,0,N,N,2,3,1,0,1,1
Florida Keys,Sand Island,SI1,SI1-t480,62,,,,0%,D,,,,,,,N,N,,,,,,
Florida Keys,Sand Island,SI1,SI1-t756,62,11,9,5,100%,EC,1,0,none,none,none,0,N,N,0,0,0,0,0,0
Florida Keys,Sand Island,SI1,SI1-t757,62,42,15,11,100%,JC,1,0,none,none,none,0,N,N,0,0,0,0,0,0
Florida Keys,Sand Island,SI1,SI1-t758,62,35,21,13,100%,JC,1,0,none,none,none,0,N,N,0,0,0,0,0,1
Florida Keys,Sand Island,SI2,SI2-t287,62,155,85,118,50%,BC,2,2,WBD,FS,CB,0,N,N,0,4,1,0,1,2
Florida Keys,Sand Island,SI2,SI2-t313,62,167,99,118,50%,BC,7,0,none,none,none,0,N,N,0,0,0,0,1,0
Florida Keys,Sand Island,SI2,SI2-t323,62,112,60,66,70%,BC,1,1,FS,none,none,0,N,N,0,2,0,0,0,0
Florida Keys,Sand Island,SI2,SI2-t324,62,180,100,112,85%,BC,3,0,none,none,none,0,N,N,0,0,1,0,1,0
Florida Keys,Sand Island,SI2,SI2-t326,62,155,115,98,25%,BC,28,1,FS,none,none,0,N,N,0,2,1,0,1,0
Florida Keys,Sand Island,SI2,SI2-t334,62,246,224,150,45%,BC,19,0,none,none,none,0,N,N,1,0,3,0,1,1
Florida Keys,Sand Island,SI2,SI2-t435,62,98,95,57,100%,BC,1,0,none,none,none,0,N,N,0,0,0,0,0,1
Florida Keys,Sand Island,SI2,SI2-t479,62,70,64,62,95%,BC,1,0,none,none,none,1,N,N,0,0,1,0,0,0
Florida Keys,Sand Island,SI2,SI2-t759,62,15,9,4,100%,EC,1,0,none,none,none,0,N,N,0,0,0,0,0,0
Florida Keys,Sand Island,SI2,SI2-t960,62,132,83,80,95%,BC,1,0,none,none,none,0,N,N,0,0,0,0,1,1
Florida Keys,Sand Island,SI2,SI2-t961,62,69,58,62,90%,BC,1,0,none,none,none,0,N,N,0,0,0,0,0,1
Florida Keys,Sand Island,SI2,SI2-t962,62,70,85,49,80%,BC,1,1,FS,none,none,0,N,N,1,2,1,0,1,0
Florida Keys,Sand Island,SI3,SI3-t760,62,22,15,15,100%,AF,1,0,none,none,none,0,N,N,0,0,,,,
Florida Keys,Sand Island,SI3,SI3-t761,62,25,11,7,5%,AF,6,0,none,none,none,0,N,N,0,0,,,,
Florida Keys,Sand Island,SI3,SI3-t762,62,7,6,3,95%,EC,2,0,none,none,none,0,N,N,0,0,,,,
Florida Keys,Sand Island,SI3,SI3-t763,62,26,14,17,85%,JC,1,0,none,none,none,0,N,N,0,0,,,,
Florida Keys,Sand Island,SI3,SI3-t764,62,45,16,20,95%,JC,1,2,FS,none,none,0,N,N,0,2,,,,
Florida Keys,Sand Island,SI3,SI3-t765,62,17,13,5,100%,EC,1,0,none,none,none,0,N,N,0,0,,,,
Florida Keys,Sand Island,SI3,SI3-t766,62,40,18,10,100%,JC,1,0,none,none,none,0,N,N,0,0,,,,
Florida Keys,Carysfort Reef,CF3,CF3-t088,64,94,81,57,85%,BC,1,,,,,,,,,,,,,
Florida Keys,Carysfort Reef,CF3,CF3-t092,64,193,68,67,15%,BC,9,,,,,,,,,,,,,
Florida Keys,Carysfort Reef,CF3,CF3-t095,64,81,58,44,30%,BC,,,,,,,,,,,,,,
Florida Keys,Elbow Reef,EL1,EL1-t052,64,261,211,100,65%,BC,,,,,,,,,,,,,,
Florida Keys,Elbow Reef,EL1,EL1-t054,64,175,120,87,85%,BC,,,,,,,,,,,,,,
Florida Keys,Elbow Reef,EL1,EL1-t055,64,240,170,70,75%,BC,,,,,,,,,,,,,,
Florida Keys,Elbow Reef,EL1,EL1-t056,64,118,88,75,90%,BC,,,,,,,,,,,,,,
Florida Keys,Elbow Reef,EL1,EL1-t208,64,155,86,94,80%,BC,,,,,,,,,,,,,,
Florida Keys,Elbow Reef,EL1,EL1-t232,64,95,94,64,80%,BC,,,,,,,,,,,,,,
Florida Keys,Elbow Reef,EL1,EL1-t441,64,109,61,64,95%,BC,,,,,,,,,,,,,,
Florida Keys,Elbow Reef,EL1,EL1-t977,64,115,89,80,45%,BC,,,,,,,,,,,,,,
Florida Keys,Elbow Reef,EL1,EL1-t979,64,180,112,98,65%,BC,,,,,,,,,,,,,,
Florida Keys,Elbow Reef,EL1,EL1-t986,64,,,,0%,D,,,,,,,,,,,,,,
Florida Keys,Elbow Reef,EL1,EL1-t987,64,135,112,72,95%,BC,,,,,,,,,,,,,,
Florida Keys,Elbow Reef,EL1,EL1-t988,64,,,,0%,D,,,,,,,,,,,,,,
Florida Keys,Elbow Reef,EL2,EL2-t065,64,25,21,23,45%,RC,1,,,,,,,,,,,,,
Florida Keys,Elbow Reef,EL2,EL2-t214,64,,,,,G,,,,,,,,,,,,,,
Florida Keys,Elbow Reef,EL2,EL2-t437,64,38,25,20,99%,JC,1,,,,,,,,,,,,,
Florida Keys,Elbow Reef,EL2,EL2-t486,64,95,82,85,25%,RC,9,,,,,,,,,,,,,
Florida Keys,Elbow Reef,EL2,EL2-t488,64,,,,0%,D,,,,,,,,,,,,,,
Florida Keys,Elbow Reef,EL2,EL2-t767,64,,,,,G,,,,,,,,,,,,,,
Florida Keys,Elbow Reef,EL2,EL2-t768,64,38,20,21,95%,JC,1,,,,,,,,,,,,,
Florida Keys,Elbow Reef,EL2,EL2-t769,64,,,,,FU,,,,,,,,,,,,,,
Florida Keys,Elbow Reef,EL2,EL2-t913,64,195,115,70,20%,RC,7,,,,,,,,,,,,,
Florida Keys,Elbow Reef,EL3,EL3-t077,64,5,7,1,80%,EC,,,,,,,,,,,,,,
Florida Keys,Elbow Reef,EL3,EL3-t083,64,11,9,10,100%,EC,1,,,,,,,,,,,,,
Florida Keys,Elbow Reef,EL3,EL3-t086,64,160,120,73,50%,BC,8,,,,,,,,,,,,,
Florida Keys,Elbow Reef,EL3,EL3-t187,64,15,9,6,40%,EC,2,,,,,,,,,,,,,
Florida Keys,Elbow Reef,EL3,EL3-t422,64,40,20,20,5%,RC,2,,,,,,,,,,,,,
Florida Keys,Elbow Reef,EL3,EL3-t911,64,115,95,69,60%,BC,5,,,,,,,,,,,,,
Florida Keys,Elbow Reef,EL3,EL3-t933,64,7,6,3,100%,EC,1,,,,,,,,,,,,,
Florida Keys,Elbow Reef,EL4,EL4-t153,64,72,62,38,60%,BC,2,,,,,,,,,,,,,
Florida Keys,Elbow Reef,EL4,EL4-t158,64,31,22,20,100%,JC,1,,,,,,,,,,,,,
Florida Keys,Elbow Reef,EL4,EL4-t168,64,216,130,67,70%,BC,5,,,,,,,,,,,,,
Florida Keys,Elbow Reef,EL4,EL4-t210,64,,,,0%,D,,,,,,,,,,,,,,
Florida Keys,Elbow Reef,EL4,EL4-t772,64,23,23,15,80%,JC,2,,,,,,,,,,,,,
Florida Keys,French Reef,FR1,FR1-t002,64,46,35,30,10%,RC,4,,,,,,,,,,,,,
Florida Keys,French Reef,FR1,FR1-t009,64,75,61,40,25%,RC,3,,,,,,,,,,,,,
Florida Keys,French Reef,FR1,FR1-t145,64,17,14,13,20%,RC,6,,,,,,,,,,,,,
Florida Keys,French Reef,FR1,FR1-t199,64,118,84,75,35%,BC,,,,,,,,,,,,,,
Florida Keys,French Reef,FR1,FR1-t774,64,22,19,10,90%,JC,,,,,,,,,,,,,,
Florida Keys,French Reef,FR1,FR1-t775,64,87,47,32,50%,BC,2,,,,,,,,,,,,,
Florida Keys,French Reef,FR1,FR1-t776,64,42,37,20,90%,JC,,,,,,,,,,,,,,
Florida Keys,French Reef,FR1,FR1-t924,64,109,63,55,60%,BC,6,,,,,,,,,,,,,
Florida Keys,French Reef,FR1,FR1-t925,64,155,95,65,55%,RC,,,,,,,,,,,,,,
Florida Keys,French Reef,FR1,FR1-t926,64,36,35,32,65%,JC,,,,,,,,,,,,,,
Florida Keys,French Reef,FR1,FR1-t928,64,1,1,1,100%,EC,,,,,,,,,,,,,,
Florida Keys,French Reef,FR1,FR1-t929,64,,,,,FU,,,,,,,,,,,,,,
Florida Keys,French Reef,FR2,FR2-t236,64,,,,0%,D,,,,,,,,,,,,,,
Florida Keys,French Reef,FR2,FR2-t255,64,14,7,16,80%,JC,1,,,,,,,,,,,,,
Florida Keys,French Reef,FR2,FR2-t260,64,20,15,23,100%,JC,1,,,,,,,,,,,,,
Florida Keys,French Reef,FR2,FR2-t983,64,16,12,18,35%,RC,3,,,,,,,,,,,,,
Florida Keys,French Reef,FR2,FR2-t984,64,,,,0%,D,,,,,,,,,,,,,,
Florida Keys,French Reef,FR3,FR3-t444,64,,,,0%,D,,,,,,,,,,,,,,
Florida Keys,French Reef,FR3,FR3-t446,64,,,,0%,D,,,,,,,,,,,,,,
Florida Keys,French Reef,FR3,FR3-t491,64,,,,0%,D,,,,,,,,,,,,,,
Florida Keys,French Reef,FR3,FR3-t786,64,,,,0%,D,,,,,,,,,,,,,,
Florida Keys,French Reef,FR3,FR3-t825,64,,,,0%,D,,,,,,,,,,,,,,
Florida Keys,French Reef,FR3,FR3-t862,64,,,,0%,D,,,,,,,,,,,,,,
Florida Keys,French Reef,FR3,FR3-t866,64,,,,0%,D,,,,,,,,,,,,,,
Florida Keys,French Reef,FR4,FR4-t780,64,,,,,G,,,,,,,,,,,,,,
Florida Keys,French Reef,FR4,FR4-t781,64,,,,0%,D,,,,,,,,,,,,,,
Florida Keys,French Reef,FR4,FR4-t782,64,18,17,20,100%,JC,,,,,,,,,,,,,,
Florida Keys,French Reef,FR4,FR4-t783,64,67,36,,,JC,,,,,,,,,,,,,,
Florida Keys,French Reef,FR4,FR4-t784,64,55,42,25,90%,JC,,,,,,,,,,,,,,
Florida Keys,French Reef,FR4,FR4-t787,64,58,48,30,99%,BC,,,,,,,,,,,,,,
Florida Keys,French Reef,FR4,FR4-t788,64,40,35,20,60%,JC,,,,,,,,,,,,,,
Florida Keys,French Reef,FR4,FR4-t789,64,52,38,34,99%,BC,,,,,,,,,,,,,,
Florida Keys,French Reef,FR4,FR4-t790,64,75,60,49,90%,BC,,,,,,,,,,,,,,
Florida Keys,French Reef,FR4,FR4-t791,64,72,48,34,95%,BC,,,,,,,,,,,,,,
Florida Keys,French Reef,FR4,FR4-t792,64,29,18,18,99%,JC,,,,,,,,,,,,,,
Florida Keys,French Reef,FR4,FR4-t793,64,55,53,35,98%,BC,,,,,,,,,,,,,,
Florida Keys,Grecian Rocks,GR1,GR1-t209,64,12,9,8,60%,RC,2,,,,,,,,,,,,,
Florida Keys,Grecian Rocks,GR1,GR1-t469,64,34,14,13,90%,JC,1,,,,,,,,,,,,,
Florida Keys,Grecian Rocks,GR3,GR3-t398,64,,,,0%,D,,,,,,,,,,,,,,
Florida Keys,Grecian Rocks,GR3,GR3-t468,64,45,42,18,20%,RC,4,,,,,,,,,,,,,
Florida Keys,Grecian Rocks,GR3,GR3-t881,64,17,11,2,90%,EC,1,,,,,,,,,,,,,
Florida Keys,Key Largo Dry Rocks,KL1,KL1-t110,64,4,3,3,100%,EC,1,,,,,,,,,,,,,
Florida Keys,Molasses Reef,ML2,ML2-t126,64,,,,0%,D,,,,,,,,,,,,,,
Florida Keys,Molasses Reef,ML2,ML2-t771,64,,,,0%,D,,,,,,,,,,,,,,
Florida Keys,Molasses Reef,ML3,ML3-t496,64,,,,0%,D,,,,,,,,,,,,,,
Florida Keys,Sand Island,SI1,SI1-t110,64,8,3,1,95%,EC,,,,,,,,,,,,,,
Florida Keys,Sand Island,SI1,SI1-t126,64,,,,,G,,,,,,,,,,,,,,
Florida Keys,Sand Island,SI1,SI1-t237,64,,,,0%,D,,,,,,,,,,,,,,
Florida Keys,Sand Island,SI1,SI1-t238,64,24,23,20,100%,JC,,,,,,,,,,,,,,
Florida Keys,Sand Island,SI1,SI1-t253,64,,,,0%,D,,,,,,,,,,,,,,
Florida Keys,Sand Island,SI1,SI1-t307,64,,,,0%,D,,,,,,,,,,,,,,
Florida Keys,Sand Island,SI1,SI1-t308,64,50,40,45,1%,RC,,,,,,,,,,,,,,
Florida Keys,Sand Island,SI1,SI1-t332,64,15,12,15,100%,JC,,,,,,,,,,,,,,
Florida Keys,Sand Island,SI1,SI1-t477,64,195,160,98,50%,BC,,,,,,,,,,,,,,
Florida Keys,Sand Island,SI1,SI1-t756,64,11,9,2,20%,EC,,,,,,,,,,,,,,
Florida Keys,Sand Island,SI1,SI1-t757,64,43,30,31,80%,JC,,,,,,,,,,,,,,
Florida Keys,Sand Island,SI1,SI1-t758,64,42,38,24,75%,JC,,,,,,,,,,,,,,
Florida Keys,Sand Island,SI2,SI2-t287,64,140,90,118,35%,RC,12,,,,,,,,,,,,,
Florida Keys,Sand Island,SI2,SI2-t313,64,97,67,80,20%,RC,6,,,,,,,,,,,,,
Florida Keys,Sand Island,SI2,SI2-t323,64,122,81,74,70%,BC,3,,,,,,,,,,,,,
Florida Keys,Sand Island,SI2,SI2-t324,64,160,90,105,60%,BC,,,,,,,,,,,,,,
Florida Keys,Sand Island,SI2,SI2-t326,64,175,100,109,25%,BC,5,,,,,,,,,,,,,
Florida Keys,Sand Island,SI2,SI2-t334,64,265,190,170,40%,BC,12,,,,,,,,,,,,,
Florida Keys,Sand Island,SI2,SI2-t435,64,98,86,60,90%,BC,1,,,,,,,,,,,,,
Florida Keys,Sand Island,SI2,SI2-t479,64,82,79,88,90%,BC,1,,,,,,,,,,,,,
Florida Keys,Sand Island,SI2,SI2-t759,64,,,,0%,D,,,,,,,,,,,,,,
Florida Keys,Sand Island,SI2,SI2-t960,64,138,93,87,95%,BC,,,,,,,,,,,,,,
Florida Keys,Sand Island,SI2,SI2-t961,64,100,74,84,90%,BC,,,,,,,,,,,,,,
Florida Keys,Sand Island,SI2,SI2-t962,64,97,85,55,90%,BC,1,,,,,,,,,,,,,
Florida Keys,Sand Island,SI3,SI3-t760,64,,,,,G,,,,,,,,,,,,,,
Florida Keys,Sand Island,SI3,SI3-t761,64,24,12,8,5%,RC,,,,,,,,,,,,,,
Florida Keys,Sand Island,SI3,SI3-t762,64,12,6,6,100%,EC,,,,,,,,,,,,,,
Florida Keys,Sand Island,SI3,SI3-t763,64,23,17,18,80%,JC,,,,,,,,,,,,,,
Florida Keys,Sand Island,SI3,SI3-t764,64,63,47,34,95%,BC,,,,,,,,,,,,,,
Florida Keys,Sand Island,SI3,SI3-t765,64,22,17,15,40%,RC,,,,,,,,,,,,,,
Florida Keys,Sand Island,SI3,SI3-t766,64,42,21,12,20%,RC,,,,,,,,,,,,,,
Florida Keys,Carysfort Reef,CF3,CF3-t088,65,103,94,55,75%,BC,,,,,,,,,,,,,,
Florida Keys,Carysfort Reef,CF3,CF3-t092,65,210,82,75,20%,BC,,,,,,,,,,,,,,
Florida Keys,Carysfort Reef,CF3,CF3-t095,65,87,63,43,35%,BC,,,,,,,,,,,,,,
Florida Keys,Elbow Reef,EL1,EL1-t052,65,260,220,100,20%,BC,,,,,,,,,,,,,,
Florida Keys,Elbow Reef,EL1,EL1-t054,65,177,120,90,15%,BC,,,,,,,,,,,,,,
Florida Keys,Elbow Reef,EL1,EL1-t055,65,245,165,73,45%,BC,,,,,,,,,,,,,,
Florida Keys,Elbow Reef,EL1,EL1-t056,65,118,85,75,60%,BC,,,,,,,,,,,,,,
Florida Keys,Elbow Reef,EL1,EL1-t208,65,130,95,95,30%,BC,,,,,,,,,,,,,,
Florida Keys,Elbow Reef,EL1,EL1-t232,65,106,101,62,15%,BC,,,,,,,,,,,,,,
Florida Keys,Elbow Reef,EL1,EL1-t441,65,108,63,65,85%,BC,,,,,,,,,,,,,,
Florida Keys,Elbow Reef,EL1,EL1-t977,65,118,90,85,45%,RC,,,,,,,,,,,,,,
Florida Keys,Elbow Reef,EL1,EL1-t979,65,177,118,100,20%,BC,,,,,,,,,,,,,,
Florida Keys,Elbow Reef,EL1,EL1-t987,65,137,117,78,85%,BC,,,,,,,,,,,,,,
Florida Keys,Elbow Reef,EL2,EL2-t065,65,22,15,16,80%,JC,,,,,,,,,,,,,,
Florida Keys,Elbow Reef,EL2,EL2-t437,65,45,31,22,95%,BC,,,,,,,,,,,,,,
Florida Keys,Elbow Reef,EL2,EL2-t486,65,98,81,83,25%,BC,,,,,,,,,,,,,,
Florida Keys,Elbow Reef,EL2,EL2-t768,65,45,23,21,90%,BC,,,,,,,,,,,,,,
Florida Keys,Elbow Reef,EL2,EL2-t913,65,202,95,77,30%,BC,,,,,,,,,,,,,,
Florida Keys,Elbow Reef,EL3,EL3-t077,65,,,,0%,D,,,,,,,,,,,,,,
Florida Keys,Elbow Reef,EL3,EL3-t083,65,13,11,10,100%,JC,,,,,,,,,,,,,,
Florida Keys,Elbow Reef,EL3,EL3-t086,65,160,96,72,60%,BC,,,,,,,,,,,,,,
Florida Keys,Elbow Reef,EL3,EL3-t187,65,6,5,4,100%,EC,,,,,,,,,,,,,,
Florida Keys,Elbow Reef,EL3,EL3-t422,65,40,20,20,5%,RC,,,,,,,,,,,,,,
Florida Keys,Elbow Reef,EL3,EL3-t911,65,105,92,56,70%,BC,,,,,,,,,,,,,,
Florida Keys,Elbow Reef,EL3,EL3-t933,65,,,,0%,D,,,,,,,,,,,,,,
Florida Keys,Elbow Reef,EL4,EL4-t153,65,75,70,40,60%,BC,,,,,,,,,,,,,,
Florida Keys,Elbow Reef,EL4,EL4-t158,65,30,24,20,100%,JC,,,,,,,,,,,,,,
Florida Keys,Elbow Reef,EL4,EL4-t168,65,230,138,75,75%,BC,,,,,,,,,,,,,,
Florida Keys,Elbow Reef,EL4,EL4-t772,65,,,,,G,,,,,,,,,,,,,,
Florida Keys,French Reef,FR1,FR1-t002,65,38,16,20,10%,RC,,,,,,,,,,,,,,
Florida Keys,French Reef,FR1,FR1-t009,65,80,68,40,70%,BC,,,,,,,,,,,,,,
Florida Keys,French Reef,FR1,FR1-t145,65,12,12,10,20%,RC,,,,,,,,,,,,,,
Florida Keys,French Reef,FR1,FR1-t199,65,119,90,67,70%,BC,,,,,,,,,,,,,,
Florida Keys,French Reef,FR1,FR1-t774,65,25,18,20,95%,JC,,,,,,,,,,,,,,
Florida Keys,French Reef,FR1,FR1-t775,65,90,45,35,70%,BC,,,,,,,,,,,,,,
Florida Keys,French Reef,FR1,FR1-t776,65,47,44,26,100%,BC,,,,,,,,,,,,,,
Florida Keys,French Reef,FR1,FR1-t924,65,115,74,58,80%,BC,,,,,,,,,,,,,,
Florida Keys,French Reef,FR1,FR1-t925,65,147,108,62,75%,BC,,,,,,,,,,,,,,
Florida Keys,French Reef,FR1,FR1-t926,65,40,32,30,25%,RC,,,,,,,,,,,,,,
Florida Keys,French Reef,FR1,FR1-t928,65,,,,0%,D,,,,,,,,,,,,,,
Florida Keys,French Reef,FR2,FR2-t236,65,,,,0%,D,,,,,,,,,,,,,,
Florida Keys,French Reef,FR2,FR2-t255,65,18,10,12,85%,JC,,,,,,,,,,,,,,
Florida Keys,French Reef,FR2,FR2-t260,65,21,18,22,99%,JC,,,,,,,,,,,,,,
Florida Keys,French Reef,FR2,FR2-t983,65,12,11,13,65%,RC,,,,,,,,,,,,,,
Florida Keys,French Reef,FR2,FR2-t984,65,,,,0%,D,,,,,,,,,,,,,,
Florida Keys,Grecian Rocks,GR1,GR1-t209,65,16,9,8,70%,RC,,,,,,,,,,,,,,
Florida Keys,Grecian Rocks,GR1,GR1-t469,65,35,15,15,90%,JC,,,,,,,,,,,,,,
Florida Keys,Grecian Rocks,GR3,GR3-t468,65,45,42,18,15%,RC,,,,,,,,,,,,,,
Florida Keys,Grecian Rocks,GR3,GR3-t881,65,12,5,2,95%,EC,,,,,,,,,,,,,,
Florida Keys,Key Largo Dry Rocks,KL1,KL1-t110,65,,,,0%,D,,,,,,,,,,,,,,
Florida Keys,Little Elbow,LE2,LE2-t200,65,145,128,85,100%,BC,,,,,,,,,,,,,,
Florida Keys,Sand Island,SI1,SI1-t110,65,10,5,3,95%,EC,,,,,,,,,,,,,,
Florida Keys,Sand Island,SI1,SI1-t238,65,26,22,20,30%,JC,,,,,,,,,,,,,,
Florida Keys,Sand Island,SI1,SI1-t308,65,,,,0%,D,,,,,,,,,,,,,,
Florida Keys,Sand Island,SI1,SI1-t332,65,20,12,19,75%,JC,,,,,,,,,,,,,,
Florida Keys,Sand Island,SI1,SI1-t477,65,198,172,95,10%,BC,,,,,,,,,,,,,,
Florida Keys,Sand Island,SI1,SI1-t756,65,1,1,1,100%,EC,,,,,,,,,,,,,,
Florida Keys,Sand Island,SI1,SI1-t757,65,46,32,27,50%,JC,,,,,,,,,,,,,,
Florida Keys,Sand Island,SI1,SI1-t758,65,42,41,31,75%,JC,,,,,,,,,,,,,,
Florida Keys,Sand Island,SI2,SI2-t287,65,140,85,125,15%,BC,,,,,,,,,,,,,,
Florida Keys,Sand Island,SI2,SI2-t313,65,98,70,83,15%,RC,,,,,,,,,,,,,,
Florida Keys,Sand Island,SI2,SI2-t323,65,126,92,82,60%,BC,,,,,,,,,,,,,,
Florida Keys,Sand Island,SI2,SI2-t324,65,158,90,105,60%,BC,,,,,,,,,,,,,,
Florida Keys,Sand Island,SI2,SI2-t326,65,189,80,118,25%,BC,,,,,,,,,,,,,,
Florida Keys,Sand Island,SI2,SI2-t334,65,260,190,170,20%,BC,,,,,,,,,,,,,,
Florida Keys,Sand Island,SI2,SI2-t435,65,115,85,67,60%,BC,,,,,,,,,,,,,,
Florida Keys,Sand Island,SI2,SI2-t479,65,88,63,94,60%,BC,,,,,,,,,,,,,,
Florida Keys,Sand Island,SI2,SI2-t960,65,148,105,90,35%,BC,,,,,,,,,,,,,,
Florida Keys,Sand Island,SI2,SI2-t961,65,98,75,84,40%,BC,,,,,,,,,,,,,,
Florida Keys,Sand Island,SI2,SI2-t962,65,93,77,52,80%,BC,,,,,,,,,,,,,,
Florida Keys,Sand Island,SI3,SI3-t761,65,26,12,9,5%,RC,,,,,,,,,,,,,,
Florida Keys,Sand Island,SI3,SI3-t762,65,12,8,8,20%,EC,,,,,,,,,,,,,,
Florida Keys,Sand Island,SI3,SI3-t763,65,,,,0%,D,,,,,,,,,,,,,,
Florida Keys,Sand Island,SI3,SI3-t764,65,68,52,34,50%,BC,,,,,,,,,,,,,,
Florida Keys,Sand Island,SI3,SI3-t765,65,22,17,15,20%,RC,,,,,,,,,,,,,,
Florida Keys,Sand Island,SI3,SI3-t766,65,3,3,1,50%,EC,,,,,,,,,,,,,,
Florida Keys,Elbow Reef,EL1,EL1-t052,66,260,220,100,20%,BC,,,,,,,,,,,,,,
Florida Keys,Elbow Reef,EL1,EL1-t054,66,177,120,90,15%,BC,,,,,,,,,,,,,,
Florida Keys,Elbow Reef,EL1,EL1-t055,66,245,165,73,45%,BC,,,,,,,,,,,,,,
Florida Keys,Elbow Reef,EL1,EL1-t056,66,118,85,75,60%,BC,,,,,,,,,,,,,,
Florida Keys,Elbow Reef,EL1,EL1-t208,66,130,95,95,30%,BC,,,,,,,,,,,,,,
Florida Keys,Elbow Reef,EL1,EL1-t232,66,106,101,62,15%,BC,,,,,,,,,,,,,,
Florida Keys,Elbow Reef,EL1,EL1-t441,66,108,63,65,85%,BC,,,,,,,,,,,,,,
Florida Keys,Elbow Reef,EL1,EL1-t977,66,118,90,85,15%,RC,,,,,,,,,,,,,,
Florida Keys,Elbow Reef,EL1,EL1-t979,66,177,118,100,20%,BC,,,,,,,,,,,,,,
Florida Keys,Elbow Reef,EL1,EL1-t987,66,137,117,78,85%,BC,,,,,,,,,,,,,,
Florida Keys,Elbow Reef,EL2,EL2-t065,66,22,15,16,80%,JC,,,,,,,,,,,,,,
Florida Keys,Elbow Reef,EL2,EL2-t437,66,45,31,25,95%,BC,,,,,,,,,,,,,,
Florida Keys,Elbow Reef,EL2,EL2-t486,66,98,81,83,25%,BC,,,,,,,,,,,,,,
Florida Keys,Elbow Reef,EL2,EL2-t768,66,45,23,21,90%,BC,,,,,,,,,,,,,,
Florida Keys,Elbow Reef,EL2,EL2-t913,66,202,95,77,30%,BC,,,,,,,,,,,,,,
Florida Keys,Elbow Reef,EL3,EL3-t083,66,13,11,10,25%,RC,,,,,,,,,,,,,,
Florida Keys,Elbow Reef,EL3,EL3-t086,66,160,96,72,10%,BC,,,,,,,,,,,,,,
Florida Keys,Elbow Reef,EL3,EL3-t187,66,6,5,4,0%,D,,,,,,,,,,,,,,
Florida Keys,Elbow Reef,EL3,EL3-t422,66,,,,0%,D,,,,,,,,,,,,,,
Florida Keys,Elbow Reef,EL3,EL3-t911,66,105,92,56,0%,D,,,,,,,,,,,,,,
Florida Keys,Elbow Reef,EL3,EL3-t933,66,,,,0%,D,,,,,,,,,,,,,,
Florida Keys,Elbow Reef,EL4,EL4-t153,66,75,70,40,20%,BC,,,,,,,,,,,,,,
Florida Keys,Elbow Reef,EL4,EL4-t158,66,30,24,20,100%,JC,,,,,,,,,,,,,,
Florida Keys,Elbow Reef,EL4,EL4-t168,66,230,138,75,20%,BC,,,,,,,,,,,,,,
Florida Keys,Grecian Rocks,GR1,GR1-t209,66,,,,0%,D,,,,,,,,,,,,,,
Florida Keys,Grecian Rocks,GR1,GR1-t469,66,,,,0%,D,,,,,,,,,,,,,,
Florida Keys,Grecian Rocks,GR3,GR3-t468,66,,,,0%,D,,,,,,,,,,,,,,
Florida Keys,Grecian Rocks,GR3,GR3-t881,66,,,,0%,D,,,,,,,,,,,,,,
Florida Keys,Sand Island,SI1,SI1-t110,66,,,,0%,D,,,,,,,,,,,,,,
Florida Keys,Sand Island,SI1,SI1-t238,66,26,22,20,30%,JC,,,,,,,,,,,,,,
Florida Keys,Sand Island,SI1,SI1-t308,66,,,,0%,D,,,,,,,,,,,,,,
Florida Keys,Sand Island,SI1,SI1-t332,66,20,12,19,75%,JC,,,,,,,,,,,,,,
Florida Keys,Sand Island,SI1,SI1-t477,66,198,172,95,10%,BC,,,,,,,,,,,,,,
Florida Keys,Sand Island,SI1,SI1-t756,66,1,1,1,100%,EC,,,,,,,,,,,,,,
Florida Keys,Sand Island,SI1,SI1-t757,66,46,32,27,50%,JC,,,,,,,,,,,,,,
Florida Keys,Sand Island,SI1,SI1-t758,66,42,41,31,75%,JC,,,,,,,,,,,,,,
Florida Keys,Sand Island,SI2,SI2-t287,66,140,85,125,15%,BC,,,,,,,,,,,,,,
Florida Keys,Sand Island,SI2,SI2-t313,66,98,70,83,15%,RC,,,,,,,,,,,,,,
Florida Keys,Sand Island,SI2,SI2-t323,66,126,92,82,60%,BC,,,,,,,,,,,,,,
Florida Keys,Sand Island,SI2,SI2-t324,66,158,90,105,60%,BC,,,,,,,,,,,,,,
Florida Keys,Sand Island,SI2,SI2-t326,66,189,80,118,25%,BC,,,,,,,,,,,,,,
Florida Keys,Sand Island,SI2,SI2-t334,66,260,190,170,20%,BC,,,,,,,,,,,,,,
Florida Keys,Sand Island,SI2,SI2-t435,66,115,85,67,60%,BC,,,,,,,,,,,,,,
Florida Keys,Sand Island,SI2,SI2-t479,66,88,63,94,60%,BC,,,,,,,,,,,,,,
Florida Keys,Sand Island,SI2,SI2-t960,66,148,105,90,35%,BC,,,,,,,,,,,,,,
Florida Keys,Sand Island,SI2,SI2-t961,66,98,75,84,40%,BC,,,,,,,,,,,,,,
Florida Keys,Sand Island,SI2,SI2-t962,66,93,77,52,80%,BC,,,,,,,,,,,,,,
Florida Keys,Sand Island,SI3,SI3-t761,66,26,12,9,5%,RC,,,,,,,,,,,,,,
Florida Keys,Sand Island,SI3,SI3-t762,66,12,8,8,20%,EC,,,,,,,,,,,,,,
Florida Keys,Sand Island,SI3,SI3-t763,66,,,,0%,D,,,,,,,,,,,,,,
Florida Keys,Sand Island,SI3,SI3-t764,66,68,52,34,50%,BC,,,,,,,,,,,,,,
Florida Keys,Sand Island,SI3,SI3-t765,66,22,17,15,20%,RC,,,,,,,,,,,,,,
Florida Keys,Sand Island,SI3,SI3-t766,66,3,3,1,50%,EC,,,,,,,,,,,,,,
Florida Keys,Carysfort Reef,CF3,CF3-t088,67,,,,0%,D,,,,,,,,,,,,,,
Florida Keys,Carysfort Reef,CF3,CF3-t092,67,,,,0%,D,,,,,,,,,,,,,,
Florida Keys,Carysfort Reef,CF3,CF3-t095,67,,,,0%,D,,,,,,,,,,,,,,
Florida Keys,Elbow Reef,EL2,EL2-t065,67,22,15,18,80%,JC,,,,,,,,,,,,,,
Florida Keys,Elbow Reef,EL2,EL2-t437,67,45,31,27,95%,BC,,,,,,,,,,,,,,
Florida Keys,Elbow Reef,EL2,EL2-t486,67,102,80,80,30%,BC,,,,,,,,,,,,,,
Florida Keys,Elbow Reef,EL2,EL2-t768,67,47,23,21,90%,BC,,,,,,,,,,,,,,
Florida Keys,Elbow Reef,EL2,EL2-t913,67,202,97,77,30%,BC,,,,,,,,,,,,,,
Florida Keys,Elbow Reef,EL3,EL3-t083,67,,,,0%,D,,,,,,,,,,,,,,
Florida Keys,Elbow Reef,EL3,EL3-t086,67,,,,0%,D,,,,,,,,,,,,,,
Florida Keys,Elbow Reef,EL3,EL3-t187,67,,,,0%,D,,,,,,,,,,,,,,
Florida Keys,Elbow Reef,EL3,EL3-t422,67,,,,0%,D,,,,,,,,,,,,,,
Florida Keys,Elbow Reef,EL3,EL3-t911,67,,,,0%,D,,,,,,,,,,,,,,
Florida Keys,Elbow Reef,EL3,EL3-t933,67,,,,0%,D,,,,,,,,,,,,,,
Florida Keys,Elbow Reef,EL4,EL4-t153,67,1,1,1,100%,EC,,,,,,,,,,,,,,
Florida Keys,Elbow Reef,EL4,EL4-t158,67,,,,0%,D,,,,,,,,,,,,,,
Florida Keys,Elbow Reef,EL4,EL4-t168,67,,,,0%,D,,,,,,,,,,,,,,
Florida Keys,French Reef,FR1,FR1-t002,67,,,,0%,D,,,,,,,,,,,,,,
Florida Keys,French Reef,FR1,FR1-t009,67,,,,0%,D,,,,,,,,,,,,,,
Florida Keys,French Reef,FR1,FR1-t145,67,,,,0%,D,,,,,,,,,,,,,,
Florida Keys,French Reef,FR1,FR1-t199,67,,,,0%,D,,,,,,,,,,,,,,
Florida Keys,French Reef,FR1,FR1-t774,67,,,,0%,D,,,,,,,,,,,,,,
Florida Keys,French Reef,FR1,FR1-t775,67,,,,0%,D,,,,,,,,,,,,,,
Florida Keys,French Reef,FR1,FR1-t776,67,,,,0%,D,,,,,,,,,,,,,,
Florida Keys,French Reef,FR1,FR1-t924,67,,,,0%,D,,,,,,,,,,,,,,
Florida Keys,French Reef,FR1,FR1-t925,67,,,,0%,D,,,,,,,,,,,,,,
Florida Keys,French Reef,FR1,FR1-t926,67,,,,0%,D,,,,,,,,,,,,,,
Florida Keys,French Reef,FR1,FR1-t928,67,,,,0%,D,,,,,,,,,,,,,,
Florida Keys,French Reef,FR2,FR2-t236,67,,,,0%,D,,,,,,,,,,,,,,
Florida Keys,French Reef,FR2,FR2-t255,67,,,,0%,D,,,,,,,,,,,,,,
Florida Keys,French Reef,FR2,FR2-t260,67,,,,0%,D,,,,,,,,,,,,,,
Florida Keys,French Reef,FR2,FR2-t983,67,,,,0%,D,,,,,,,,,,,,,,
Florida Keys,French Reef,FR2,FR2-t984,67,,,,0%,D,,,,,,,,,,,,,,
Florida Keys,Grecian Rocks,GR1,GR1-t209,67,,,,0%,D,,,,,,,,,,,,,,
Florida Keys,Grecian Rocks,GR1,GR1-t469,67,,,,0%,D,,,,,,,,,,,,,,
Florida Keys,Grecian Rocks,GR3,GR3-t468,67,,,,0%,D,,,,,,,,,,,,,,
Florida Keys,Grecian Rocks,GR3,GR3-t881,67,,,,0%,D,,,,,,,,,,,,,,
Florida Keys,Little Elbow,LE2,LE2-t200,67,145,128,85,10%,RC,,,,,,,,,,,,,,
Florida Keys,Sand Island,SI1,SI1-t110,67,,,,0%,D,,,,,,,,,,,,,,
Florida Keys,Sand Island,SI1,SI1-t238,67,,,,0%,D,,,,,,,,,,,,,,
Florida Keys,Sand Island,SI1,SI1-t308,67,,,,0%,D,,,,,,,,,,,,,,
Florida Keys,Sand Island,SI1,SI1-t332,67,,,,0%,D,,,,,,,,,,,,,,
Florida Keys,Sand Island,SI1,SI1-t477,67,,,,0%,D,,,,,,,,,,,,,,
Florida Keys,Sand Island,SI1,SI1-t756,67,,,,0%,D,,,,,,,,,,,,,,
Florida Keys,Sand Island,SI1,SI1-t757,67,,,,0%,D,,,,,,,,,,,,,,
Florida Keys,Sand Island,SI1,SI1-t758,67,,,,0%,D,,,,,,,,,,,,,,
Florida Keys,Sand Island,SI2,SI2-t287,67,,,,0%,D,,,,,,,,,,,,,,
Florida Keys,Sand Island,SI2,SI2-t313,67,,,,0%,D,,,,,,,,,,,,,,
Florida Keys,Sand Island,SI2,SI2-t323,67,,,,0%,D,,,,,,,,,,,,,,
Florida Keys,Sand Island,SI2,SI2-t324,67,,,,0%,D,,,,,,,,,,,,,,
Florida Keys,Sand Island,SI2,SI2-t326,67,,,,0%,D,,,,,,,,,,,,,,
Florida Keys,Sand Island,SI2,SI2-t334,67,,,,0%,D,,,,,,,,,,,,,,
Florida Keys,Sand Island,SI2,SI2-t435,67,,,,0%,D,,,,,,,,,,,,,,
Florida Keys,Sand Island,SI2,SI2-t479,67,,,,0%,D,,,,,,,,,,,,,,
Florida Keys,Sand Island,SI2,SI2-t960,67,,,,0%,D,,,,,,,,,,,,,,
Florida Keys,Sand Island,SI2,SI2-t961,67,,,,0%,D,,,,,,,,,,,,,,
Florida Keys,Sand Island,SI2,SI2-t962,67,,,,0%,D,,,,,,,,,,,,,,
Florida Keys,Sand Island,SI3,SI3-t761,67,,,,0%,D,,,,,,,,,,,,,,
Florida Keys,Sand Island,SI3,SI3-t762,67,,,,0%,D,,,,,,,,,,,,,,
Florida Keys,Sand Island,SI3,SI3-t763,67,,,,0%,D,,,,,,,,,,,,,,
Florida Keys,Sand Island,SI3,SI3-t764,67,,,,0%,D,,,,,,,,,,,,,,
Florida Keys,Sand Island,SI3,SI3-t765,67,,,,0%,D,,,,,,,,,,,,,,
Florida Keys,Sand Island,SI3,SI3-t766,67,,,,0%,D,,,,,,,,,,,,,,
Florida Keys,Elbow Reef,EL2,EL2-t065,68,,,,,G,,,,,,,,,,,,,,
Florida Keys,Elbow Reef,EL2,EL2-t437,68,45,30,30,35%,RC,5,,,,,,,,,,,,,
Florida Keys,Elbow Reef,EL2,EL2-t486,68,108,80,80,30%,BC,5,,,,,,,,,,,,,
Florida Keys,Elbow Reef,EL2,EL2-t768,68,49,25,22,95%,BC,1,,,,,,,,,,,,,
Florida Keys,Elbow Reef,EL2,EL2-t913,68,205,100,70,35%,BC,11,,,,,,,,,,,,,
Florida Keys,Little Elbow,LE2,LE2-t200,68,,,,0%,D,,,,,,,,,,,,,,
Curacao,Blue Baai,BB1,BB1-t237,9,200,156,80,80%,BC,,,none,none,none,,,,0,,1,0,4,0
Curacao,Blue Baai,BB1,BB1-t237,13,210,165,85,90%,BC,,,WPx,none,none,,,,0,,0,0,1,2
Curacao,Blue Baai,BB1,BB1-t237,17,220,168,87,70%,BC,,,WPx,none,none,,,,,,,,,
Curacao,Blue Baai,BB1,BB1-t237,22,220,170,90,65%,BC,,,FP,none,none,,,,0,,0,0,1,0
Curacao,Blue Baai,BB1,BB1-t237,25,245,165,90,65%,BC,,,RTL,FP,CB,,,,0,,0,0,1,0
Curacao,Blue Baai,BB1,BB1-t237,29,250,160,95,50%,BC,,,Unk,none,none,,,,0,,0,0,1,0
Curacao,Blue Baai,BB1,BB1-t237,33,255,148,100,35%,BC,,,,,,,,,,,,,,
Curacao,Blue Baai,BB1,BB1-t237,36,270,145,105,25%,BC,,,none,none,none,,,,,,,,,
Curacao,Blue Baai,BB1,BB1-t237,40,242,147,120,20%,BC,,,,,,,,,,,,,,
Curacao,Blue Baai,BB1,BB1-t237,44,235,150,100,25%,BC,,,,,,,,,,,,,,
Curacao,Blue Baai,BB1,BB1-t238,9,98,90,78,65%,BC,,,WPx,none,none,,,,0,,0,0,0,0
Curacao,Blue Baai,BB1,BB1-t238,13,110,82,83,75%,BC,,,WPx,none,none,,,,1,,0,0,0,0
Curacao,Blue Baai,BB1,BB1-t238,17,110,90,85,65%,BC,,,WPx,none,none,,,,,,,,,
Curacao,Blue Baai,BB1,BB1-t238,22,55,40,45,75%,RC,,,none,none,none,,,,0,,0,0,0,0
Curacao,Blue Baai,BB1,BB1-t238,25,63,44,45,85%,BC,,,none,none,none,,,,0,,0,0,0,0
Curacao,Blue Baai,BB1,BB1-t238,29,63,38,45,80%,BC,,,Oth,none,none,,,,0,,0,0,0,0
Curacao,Blue Baai,BB1,BB1-t238,33,58,48,44,80%,BC,,,,,,,,,,,,,,
Curacao,Blue Baai,BB1,BB1-t238,36,75,50,50,85%,BC,,,none,none,none,,,,,,,,,
Curacao,Blue Baai,BB1,BB1-t238,40,78,52,40,95%,BC,,,,,,,,,,,,,,
Curacao,Blue Baai,BB1,BB1-t238,44,89,49,45,95%,BC,,,,,,,,,,,,,,
Curacao,Blue Baai,BB1,BB1-t239,9,182,105,86,95%,BC,,,none,none,none,,,,0,,2,0,0,0
Curacao,Blue Baai,BB1,BB1-t239,13,175,115,92,99%,BC,,,FP,none,none,,,,0,,0,0,0,3
Curacao,Blue Baai,BB1,BB1-t239,17,185,120,100,100%,BC,,,none,none,none,,,,,,,,,
Curacao,Blue Baai,BB1,BB1-t239,22,37,31,28,100%,JC,,,none,none,none,,,,0,,0,0,0,0
Curacao,Blue Baai,BB1,BB1-t239,25,45,35,38,95%,BC,,,none,none,none,,,,0,,0,0,0,0
Curacao,Blue Baai,BB1,BB1-t239,29,52,50,45,95%,BC,,,none,none,none,,,,0,,0,0,0,1
Curacao,Blue Baai,BB1,BB1-t239,33,80,68,52,95%,BC,,,,,,,,,,,,,,
Curacao,Blue Baai,BB1,BB1-t239,36,97,88,55,99%,BC,,,WPx,none,none,,,,,,,,,
Curacao,Blue Baai,BB1,BB1-t239,40,116,98,61,100%,BC,,,,,,,,,,,,,,
Curacao,Blue Baai,BB1,BB1-t239,44,133,120,70,100%,BC,,,,,,,,,,,,,,
Curacao,Blue Baai,BB1,BB1-t240,9,215,170,130,95%,BC,,,WPx,PFB,none,,,,0,,0,0,3,0
Curacao,Blue Baai,BB1,BB1-t240,13,210,175,135,90%,BC,,,WPx,FP,none,,,,0,,0,0,2,5
Curacao,Blue Baai,BB1,BB1-t240,17,215,185,135,90%,BC,,,none,none,none,,,,,,,,,
Curacao,Blue Baai,BB1,BB1-t240,22,135,75,115,85%,BC,,,none,none,none,,,,0,,0,0,0,0
Curacao,Blue Baai,BB1,BB1-t240,25,135,75,105,90%,BC,,,FP,none,none,,,,0,,0,0,0,2
Curacao,Blue Baai,BB1,BB1-t240,29,150,90,120,75%,BC,,,WPx,FP,none,,,,0,,0,0,0,0
Curacao,Blue Baai,BB1,BB1-t240,33,160,100,123,80%,BC,,,,,,,,,,,,,,
Curacao,Blue Baai,BB1,BB1-t240,36,175,115,135,85%,BC,,,WPx,none,none,,,,,,,,,
Curacao,Blue Baai,BB1,BB1-t240,40,205,155,140,80%,BC,,,,,,,,,,,,,,
Curacao,Blue Baai,BB1,BB1-t240,44,170,160,105,80%,BC,,,,,,,,,,,,,,
Curacao,Blue Baai,BB1,BB1-t241,9,205,190,110,80%,BC,,,WPx,FP,none,,,,0,,0,0,3,0
Curacao,Blue Baai,BB1,BB1-t241,13,225,205,115,80%,BC,,,WPx,none,none,,,,0,,0,0,2,4
Curacao,Blue Baai,BB1,BB1-t241,17,235,220,115,80%,BC,,,RTL,none,none,,,,,,,,,
Curacao,Blue Baai,BB1,BB1-t241,22,145,130,100,60%,RC,,,WPx,none,none,,,,0,,1,0,1,1
Curacao,Blue Baai,BB1,BB1-t241,25,145,123,100,70%,BC,,,FP,none,none,,,,0,,0,0,1,0
Curacao,Blue Baai,BB1,BB1-t241,29,146,127,95,70%,BC,,,FP,none,none,,,,0,,0,0,1,1
Curacao,Blue Baai,BB1,BB1-t241,33,150,135,95,70%,BC,,,,,,,,,,,,,,
Curacao,Blue Baai,BB1,BB1-t241,36,180,150,98,70%,BC,,,WPx,none,none,,,,,,,,,
Curacao,Blue Baai,BB1,BB1-t241,40,192,150,90,85%,BC,,,,,,,,,,,,,,
Curacao,Blue Baai,BB1,BB1-t241,44,208,150,90,85%,BC,,,,,,,,,,,,,,
Curacao,Blue Baai,BB1,BB1-t242,9,14,13,14,100%,JC,,,none,none,none,,,,0,,0,0,0,0
Curacao,Blue Baai,BB1,BB1-t242,13,20,18,22,99%,JC,,,none,none,none,,,,0,,0,0,0,0
Curacao,Blue Baai,BB1,BB1-t242,17,29,25,25,70%,JC,,,none,none,none,,,,,,,,,
Curacao,Blue Baai,BB1,BB1-t242,22,25,22,12,100%,EC,,,none,none,none,,,,0,,0,0,0,0
Curacao,Blue Baai,BB1,BB1-t242,25,27,22,18,100%,JC,,,none,none,none,,,,0,,0,0,0,0
Curacao,Blue Baai,BB1,BB1-t242,29,36,32,26,100%,JC,,,none,none,none,,,,0,,0,0,2,2
Curacao,Blue Baai,BB1,BB1-t242,33,48,32,30,95%,BC,,,,,,,,,,,,,,
Curacao,Blue Baai,BB1,BB1-t242,36,55,45,42,95%,BC,,,none,none,none,,,,,,,,,
Curacao,Blue Baai,BB1,BB1-t242,40,62,48,50,99%,BC,,,,,,,,,,,,,,
Curacao,Blue Baai,BB1,BB1-t242,44,73,70,60,99%,BC,,,,,,,,,,,,,,
Curacao,Blue Baai,BB1,BB1-t243,9,31,14,28,80%,RC,,,none,none,none,,,,0,,0,0,0,0
Curacao,Blue Baai,BB1,BB1-t243,13,33,21,32,85%,RC,,,WPx,none,none,,,,0,,0,0,0,0
Curacao,Blue Baai,BB1,BB1-t243,17,42,27,33,95%,BC,,,none,none,none,,,,,,,,,
Curacao,Blue Baai,BB1,BB1-t243,22,40,24,33,95%,RC,,,none,none,none,,,,0,,0,0,0,0
Curacao,Blue Baai,BB1,BB1-t243,25,42,24,36,95%,RC,,,Unk,none,none,,,,0,,0,0,0,0
Curacao,Blue Baai,BB1,BB1-t243,29,44,27,38,95%,RC,,,WPx,none,none,,,,0,,0,0,1,0
Curacao,Blue Baai,BB1,BB1-t243,33,48,38,38,95%,BC,,,,,,,,,,,,,,
Curacao,Blue Baai,BB1,BB1-t243,36,53,39,38,90%,BC,,,WPx,none,none,,,,,,,,,
Curacao,Blue Baai,BB1,BB1-t243,40,56,35,40,80%,BC,,,,,,,,,,,,,,
Curacao,Blue Baai,BB1,BB1-t243,44,56,37,40,85%,BC,,,,,,,,,,,,,,
Curacao,Blue Baai,BB1,BB1-t244,9,90,34,32,90%,BC,,,none,none,none,,,,0,,0,0,0,0
Curacao,Blue Baai,BB1,BB1-t244,13,105,52,48,70%,AF,,,WPx,none,none,,,,0,,0,0,0,0
Curacao,Blue Baai,BB1,BB1-t244,17,80,45,40,75%,AF,,,none,none,none,,,,,,,,,
Curacao,Blue Baai,BB1,BB1-t244,22,70,40,35,80%,AF,,,none,none,none,,,,0,,0,0,1,1
Curacao,Blue Baai,BB1,BB1-t244,25,82,51,35,85%,AF,,,none,none,none,,,,0,,0,0,1,2
Curacao,Blue Baai,BB1,BB1-t244,29,78,47,35,75%,AF,,,FP,none,none,,,,0,,0,0,0,1
Curacao,Blue Baai,BB1,BB1-t244,33,88,45,42,80%,AF,,,,,,,,,,,,,,
Curacao,Blue Baai,BB1,BB1-t244,36,100,50,46,80%,BC,,,WPx,none,none,,,,,,,,,
Curacao,Blue Baai,BB1,BB1-t244,40,110,74,42,90%,BC,,,,,,,,,,,,,,
Curacao,Blue Baai,BB1,BB1-t244,44,115,85,56,95%,BC,,,,,,,,,,,,,,
Curacao,Blue Baai,BB1,BB1-t245,9,175,72,80,70%,BC,,,none,none,none,,,,0,,0,0,3,0
Curacao,Blue Baai,BB1,BB1-t245,13,165,75,80,80%,BC,,,none,none,none,,,,0,,0,0,0,1
Curacao,Blue Baai,BB1,BB1-t245,17,170,75,80,80%,BC,,,,,,,,,,,,,,
Curacao,Blue Baai,BB1,BB1-t245,22,170,65,80,80%,BC,,,none,none,none,,,,0,,0,0,0,3
Curacao,Blue Baai,BB1,BB1-t245,25,178,74,80,85%,BC,,,none,none,none,,,,0,,0,0,0,0
Curacao,Blue Baai,BB1,BB1-t245,29,185,77,80,65%,BC,,,WPx,Oth,none,,,,0,,0,0,1,2
Curacao,Blue Baai,BB1,BB1-t245,33,190,80,87,60%,BC,,,,,,,,,,,,,,
Curacao,Blue Baai,BB1,BB1-t245,36,180,75,85,65%,BC,,,none,none,none,,,,,,,,,
Curacao,Blue Baai,BB1,BB1-t245,40,196,106,78,50%,BC,,,,,,,,,,,,,,
Curacao,Blue Baai,BB1,BB1-t245,44,200,80,83,60%,BC,,,,,,,,,,,,,,
Curacao,Blue Baai,BB1,BB1-t246,9,105,92,85,5%,RC,,,none,none,none,,,,0,,1,0,1,0
Curacao,Blue Baai,BB1,BB1-t246,13,100,90,78,1%,RC,,,none,none,none,,,,0,,0,0,0,0
Curacao,Blue Baai,BB1,BB1-t246,17,100,90,75,1%,RC,,,none,none,none,,,,,,,,,
Curacao,Blue Baai,BB1,BB1-t246,22,,,,,G,,,,,,,,,,,,,,
Curacao,Blue Baai,BB1,BB1-t247,9,14,13,3,50%,AF,,,none,none,none,,,,0,,0,0,0,0
Curacao,Blue Baai,BB1,BB1-t247,13,,,,0%,D,,,,,,,,,,,,,,
Curacao,Blue Baai,BB1,BB1-t248,9,16,14,5,95%,EC,,,none,none,none,,,,0,,0,0,0,0
Curacao,Blue Baai,BB1,BB1-t248,13,15,8,15,99%,RC,,,none,none,none,,,,0,,0,0,0,0
Curacao,Blue Baai,BB1,BB1-t248,17,25,20,18,100%,JC,,,none,none,none,,,,,,,,,
Curacao,Blue Baai,BB1,BB1-t248,22,20,15,17,100%,EC,,,none,none,none,,,,0,,0,0,0,0
Curacao,Blue Baai,BB1,BB1-t248,25,26,18,18,95%,JC,,,none,none,none,,,,0,,0,0,0,0
Curacao,Blue Baai,BB1,BB1-t248,29,32,22,23,90%,JC,,,none,none,none,,,,0,,0,0,1,1
Curacao,Blue Baai,BB1,BB1-t248,33,44,38,27,100%,BC,,,,,,,,,,,,,,
Curacao,Blue Baai,BB1,BB1-t248,36,64,45,35,100%,BC,,,none,none,none,,,,,,,,,
Curacao,Blue Baai,BB1,BB1-t248,40,73,52,40,95%,BC,,,,,,,,,,,,,,
Curacao,Blue Baai,BB1,BB1-t248,44,85,55,50,95%,BC,,,,,,,,,,,,,,
Curacao,Blue Baai,BB1,BB1-t283,29,20,16,20,90%,EC,,,none,none,none,,,,0,,0,0,0,0
Curacao,Blue Baai,BB1,BB1-t283,33,,,,0%,D,,,,,,,,,,,,,,
Curacao,Blue Baai,BB1,BB1-t395,25,12,11,9,100%,EC,,,none,none,none,,,,0,,0,0,0,0
Curacao,Blue Baai,BB1,BB1-t395,29,,,,0%,D,,,,,,,,,,,,,,
Curacao,Blue Baai,BB1,BB1-t396,25,61,45,55,75%,BC,,,FP,none,none,,,,0,,0,0,0,0
Curacao,Blue Baai,BB1,BB1-t396,29,65,45,55,65%,BC,,,Unk,none,none,,,,0,,2,0,1,0
Curacao,Blue Baai,BB1,BB1-t396,33,57,46,45,50%,BC,,,,,,,,,,,,,,
Curacao,Blue Baai,BB1,BB1-t396,36,63,47,48,50%,BC,,,none,none,none,,,,,,,,,
Curacao,Blue Baai,BB1,BB1-t396,40,63,43,58,80%,BC,,,,,,,,,,,,,,
Curacao,Blue Baai,BB1,BB1-t396,44,72,47,66,90%,BC,,,,,,,,,,,,,,
Curacao,Blue Baai,BB1,BB1-t450,36,48,42,36,100%,BC,,,,,,,,,,,,,,
Curacao,Blue Baai,BB1,BB1-t450,40,,,,,G,,,,,,,,,,,,,,
Curacao,Blue Baai,BB2,BB2-t249,9,12,12,11,60%,RC,,,FS,none,none,,,,1,,0,0,0,0
Curacao,Blue Baai,BB2,BB2-t249,13,60,47,25,25%,BC,,,none,none,none,,,,0,,0,0,0,0
Curacao,Blue Baai,BB2,BB2-t249,17,50,45,30,98%,BC,,,none,none,none,,,,0,,1,0,1,0
Curacao,Blue Baai,BB2,BB2-t249,22,80,50,55,50%,RC,,,none,none,none,,,,7,,0,0,0,0
Curacao,Blue Baai,BB2,BB2-t249,25,73,40,45,85%,BC,,,none,none,none,,,,1,,0,0,0,0
Curacao,Blue Baai,BB2,BB2-t249,29,75,40,45,85%,BC,,,none,none,none,,,,,,,,,
Curacao,Blue Baai,BB2,BB2-t249,33,87,47,45,80%,BC,,,none,none,none,,,,0,,3,0,0,0
Curacao,Blue Baai,BB2,BB2-t249,36,100,52,48,75%,BC,,,WPx,none,none,,,,,,,,,
Curacao,Blue Baai,BB2,BB2-t249,40,108,69,62,80%,BC,,,,,,,,,,,,,,
Curacao,Blue Baai,BB2,BB2-t249,44,112,73,65,80%,BC,,,,,,,,,,,,,,
Curacao,Blue Baai,BB2,BB2-t250,9,68,55,27,30%,RC,,,FS,none,none,,,,0,,0,0,0,0
Curacao,Blue Baai,BB2,BB2-t250,13,76,50,28,65%,RC,,,FS,none,none,,,,0,,0,0,0,0
Curacao,Blue Baai,BB2,BB2-t250,17,80,55,28,65%,RC,,,none,none,none,,,,0,,0,0,1,0
Curacao,Blue Baai,BB2,BB2-t250,22,,,,,G,,,,,,,,,,,,,,
Curacao,Blue Baai,BB2,BB2-t251,9,205,187,105,80%,BC,,,WBD,oth,none,,,,0,,0,0,1,0
Curacao,Blue Baai,BB2,BB2-t251,13,218,198,105,70%,BC,,,WBD,none,none,,,,0,,0,0,1,0
Curacao,Blue Baai,BB2,BB2-t251,17,220,195,110,65%,BC,,,WBD,RTL,none,,,,0,,0,0,0,0
Curacao,Blue Baai,BB2,BB2-t251,22,115,100,110,60%,BC,,,CL,none,none,,,,3,,1,0,1,0
Curacao,Blue Baai,BB2,BB2-t251,25,115,105,100,60%,BC,,,WPx,none,none,,,,0,,0,0,0,0
Curacao,Blue Baai,BB2,BB2-t251,29,120,110,95,60%,BC,,,WPx,Unk,none,,,,,,,,,
Curacao,Blue Baai,BB2,BB2-t251,33,120,105,100,40%,BC,,,RTL,none,none,,,,0,,3,0,0,0
Curacao,Blue Baai,BB2,BB2-t251,36,115,105,98,35%,BC,,,none,none,none,,,,,,,,,
Curacao,Blue Baai,BB2,BB2-t251,40,110,96,85,25%,BC,,,,,,,,,,,,,,
Curacao,Blue Baai,BB2,BB2-t251,44,122,91,85,35%,BC,,,,,,,,,,,,,,
Curacao,Blue Baai,BB2,BB2-t252,9,193,121,82,85%,BC,,,none,none,none,,,,0,,0,0,0,0
Curacao,Blue Baai,BB2,BB2-t252,13,180,110,80,70%,BC,,,WPx,none,none,,,,0,,0,0,2,1
Curacao,Blue Baai,BB2,BB2-t252,17,180,95,90,80%,BC,,,WPx,none,none,,,,0,,0,0,0,0
Curacao,Blue Baai,BB2,BB2-t252,22,,,,,G,,,,,,,,,,,,,,
Curacao,Blue Baai,BB2,BB2-t253,9,71,59,26,98%,BC,,,none,none,none,,,,0,,0,0,0,0
Curacao,Blue Baai,BB2,BB2-t253,13,65,60,30,80%,BC,,,none,none,none,,,,0,,0,0,0,0
Curacao,Blue Baai,BB2,BB2-t253,17,75,52,30,85%,BC,,,none,none,none,,,,0,,0,0,0,0
Curacao,Blue Baai,BB2,BB2-t253,22,85,55,30,95%,BC,,,none,none,none,,,,4,,0,0,0,0
Curacao,Blue Baai,BB2,BB2-t253,25,95,62,35,95%,BC,,,none,none,none,,,,3,,2,0,1,0
Curacao,Blue Baai,BB2,BB2-t253,29,95,81,37,80%,BC,,,WBD,FS,none,,,,,,,,,
Curacao,Blue Baai,BB2,BB2-t253,33,100,98,42,80%,BC,,,Unk,none,none,,,,0,,0,0,0,0
Curacao,Blue Baai,BB2,BB2-t253,36,121,113,45,80%,BC,,,WPx,none,none,,,,,,,,,
Curacao,Blue Baai,BB2,BB2-t253,40,142,127,50,95%,BC,,,,,,,,,,,,,,
Curacao,Blue Baai,BB2,BB2-t253,44,162,145,55,95%,BC,,,,,,,,,,,,,,
Curacao,Blue Baai,BB2,BB2-t254,9,155,140,100,95%,BC,,,none,none,none,,,,0,,0,0,0,0
Curacao,Blue Baai,BB2,BB2-t254,13,155,145,88,95%,BC,,,none,none,none,,,,0,,1,0,0,0
Curacao,Blue Baai,BB2,BB2-t254,17,175,147,90,95%,BC,,,none,none,none,,,,,,,,,
Curacao,Blue Baai,BB2,BB2-t254,22,32,30,20,95%,EC,,,none,none,none,,,,,,,,,
Curacao,Blue Baai,BB2,BB2-t254,25,35,31,22,90%,EC,,,none,none,none,,,,,,,,,
Curacao,Blue Baai,BB2,BB2-t254,29,40,35,35,85%,JC,,,WPx,none,none,,,,,,,,,
Curacao,Blue Baai,BB2,BB2-t254,33,53,52,29,80%,BC,,,RTL,none,none,,,,0,,2,0,0,0
Curacao,Blue Baai,BB2,BB2-t254,36,72,60,43,85%,BC,,,WPx,none,none,,,,,,,,,
Curacao,Blue Baai,BB2,BB2-t254,40,78,68,43,95%,BC,,,,,,,,,,,,,,
Curacao,Blue Baai,BB2,BB2-t254,44,85,72,50,99%,BC,,,,,,,,,,,,,,
Curacao,Blue Baai,BB2,BB2-t255,9,76,60,68,65%,BC,,,WBD,none,none,,,,0,,0,0,1,0
Curacao,Blue Baai,BB2,BB2-t255,13,95,85,55,90%,BC,,,WPx,none,none,,,,0,,0,0,1,1
Curacao,Blue Baai,BB2,BB2-t255,17,105,105,60,95%,BC,,,WPx,none,none,,,,0,,0,0,0,1
Curacao,Blue Baai,BB2,BB2-t255,22,,,,,G,,,,,,,,,,,,,,
Curacao,Blue Baai,BB2,BB2-t256,9,180,156,75,90%,BC,,,WPx,oth,FP,,,,0,,0,0,0,0
Curacao,Blue Baai,BB2,BB2-t256,13,195,180,70,85%,BC,,,WPx,FP,none,,,,0,,0,0,0,2
Curacao,Blue Baai,BB2,BB2-t256,17,205,175,70,95%,BC,,,WPx,FP,none,,,,0,,0,0,0,1
Curacao,Blue Baai,BB2,BB2-t256,22,,,,,G,,,,,,,,,,,,,,
Curacao,Blue Baai,BB2,BB2-t257,9,11,6,2,95%,EC,,,none,none,none,,,,0,,0,0,0,0
Curacao,Blue Baai,BB2,BB2-t257,13,10,6,2,100%,EC,,,,,,,,,0,,0,0,0,0
Curacao,Blue Baai,BB2,BB2-t257,17,8,6,2,100%,EC,,,none,none,none,,,,0,,0,0,0,0
Curacao,Blue Baai,BB2,BB2-t257,22,,,,,G,,,,,,,,,,,,,,
Curacao,Blue Baai,BB2,BB2-t258,9,92,90,50,95%,BC,,,none,none,none,,,,0,,0,0,1,0
Curacao,Blue Baai,BB2,BB2-t258,13,98,95,70,99%,BC,,,none,none,none,,,,0,,0,0,1,0
Curacao,Blue Baai,BB2,BB2-t258,17,120,110,60,99%,BC,,,none,none,none,,,,0,,1,0,0,0
Curacao,Blue Baai,BB2,BB2-t258,22,,,,,G,,,,,,,,,,,,,,
Curacao,Blue Baai,BB2,BB2-t259,9,76,54,49,75%,BC,,,WPx,none,none,,,,0,,0,0,2,0
Curacao,Blue Baai,BB2,BB2-t259,13,55,45,60,95%,BC,,,WPx,none,none,,,,0,,0,0,1,0
Curacao,Blue Baai,BB2,BB2-t259,17,60,58,60,95%,BC,,,FS,none,none,,,,0,,0,0,1,0
Curacao,Blue Baai,BB2,BB2-t259,22,,,,,G,,,,,,,,,,,,,,
Curacao,Blue Baai,BB2,BB2-t260,9,128,55,87,35%,RC,,,FP,none,none,,,,0,,0,0,1,0
Curacao,Blue Baai,BB2,BB2-t260,13,115,58,52,35%,RC,,,WPx,none,none,,,,0,,0,0,0,0
Curacao,Blue Baai,BB2,BB2-t260,17,105,60,55,30%,RC,,,none,none,none,,,,0,,1,0,1,0
Curacao,Blue Baai,BB2,BB2-t260,22,85,45,55,30%,RC,,,none,none,none,,,,0,,0,0,0,0
Curacao,Blue Baai,BB2,BB2-t260,25,85,45,50,15%,RC,,,FP,none,none,,,,0,,0,0,0,0
Curacao,Blue Baai,BB2,BB2-t260,29,82,31,35,5%,RC,,,none,none,none,,,,,,,,,
Curacao,Blue Baai,BB2,BB2-t260,33,12,6,7,100%,EC,,,none,none,none,,,,0,,1,0,0,0
Curacao,Blue Baai,BB2,BB2-t260,36,4,3,2,100%,EC,,,none,none,none,,,,,,,,,
Curacao,Blue Baai,BB2,BB2-t260,40,,,,0%,D,,,,,,,,,,,,,,
Curacao,Blue Baai,BB2,BB2-t261,9,118,78,62,70%,BC,,,WPx,FP,none,,,,0,,0,0,1,0
Curacao,Blue Baai,BB2,BB2-t261,13,105,90,62,40%,BC,,,WPx,none,none,,,,0,,0,0,0,0
Curacao,Blue Baai,BB2,BB2-t261,17,105,100,60,35%,BC,,,none,none,none,,,,0,,1,0,0,0
Curacao,Blue Baai,BB2,BB2-t261,22,105,80,60,20%,AF,,,none,none,none,,,,0,,1,0,0,1
Curacao,Blue Baai,BB2,BB2-t261,25,105,85,60,20%,AF,,,Unk,none,none,,,,0,,0,0,0,0
Curacao,Blue Baai,BB2,BB2-t261,29,95,65,60,15%,RC,,,WPx,none,none,,,,,,,,,
Curacao,Blue Baai,BB2,BB2-t261,33,95,65,55,10%,RC,,,none,none,none,,,,0,,2,0,0,0
Curacao,Blue Baai,BB2,BB2-t261,36,100,73,55,15%,RC,,,none,none,none,,,,,,,,,
Curacao,Blue Baai,BB2,BB2-t261,40,110,96,85,25%,RC,,,,,,,,,,,,,,
Curacao,Blue Baai,BB2,BB2-t261,44,32,20,12,80%,EC,,,,,,,,,,,,,,
Curacao,Blue Baai,BB2,BB2-t262,9,80,46,49,40%,BC,,,WPx,none,none,,,,0,,0,0,0,0
Curacao,Blue Baai,BB2,BB2-t262,13,107,35,58,95%,BC,,,none,none,none,,,,0,,0,0,0,1
Curacao,Blue Baai,BB2,BB2-t262,17,71,42,60,95%,BC,,,none,none,none,,,,0,,1,0,1,0
Curacao,Blue Baai,BB2,BB2-t262,22,,,,,G,,,,,,,,,,,,,,
Curacao,Blue Baai,BB2,BB2-t284,29,50,15,15,20%,AF,,,none,none,none,,,,,,,,,
Curacao,Blue Baai,BB2,BB2-t284,33,53,15,12,15%,AF,,,none,none,none,,,,0,,1,0,0,0
Curacao,Blue Baai,BB2,BB2-t284,36,,,,,G,,,,,,,,,,,,,,
Curacao,Blue Baai,BB2,BB2-t285,29,42,22,20,80%,BC,,,none,none,none,,,,,,,,,
Curacao,Blue Baai,BB2,BB2-t285,33,45,35,20,40%,BC,,,RTL,none,none,,,,0,,1,0,0,0
Curacao,Blue Baai,BB2,BB2-t285,36,44,32,21,30%,BC,,,none,none,none,,,,,,,,,
Curacao,Blue Baai,BB2,BB2-t285,40,39,24,32,90%,JC,,,,,,,,,,,,,,
Curacao,Blue Baai,BB2,BB2-t285,44,49,31,33,80%,BC,,,,,,,,,,,,,,
Curacao,Blue Baai,BB2,BB2-t286,29,40,25,12,80%,AF,,,none,none,none,,,,,,,,,
Curacao,Blue Baai,BB2,BB2-t286,33,41,29,25,85%,BC,,,none,none,none,,,,0,,1,0,0,0
Curacao,Blue Baai,BB2,BB2-t286,36,63,40,20,50%,BC,,,FP,none,none,,,,,,,,,
Curacao,Blue Baai,BB2,BB2-t286,40,53,33,28,75%,BC,,,,,,,,,,,,,,
Curacao,Blue Baai,BB2,BB2-t286,44,75,35,30,65%,BC,,,,,,,,,,,,,,
Curacao,Blue Baai,BB2,BB2-t287,29,100,65,60,80%,BC,,,WPx,none,none,,,,,,,,,
Curacao,Blue Baai,BB2,BB2-t287,33,105,65,45,80%,BC,,,Unk,none,none,,,,0,,1,0,0,0
Curacao,Blue Baai,BB2,BB2-t287,36,110,86,52,80%,BC,,,WPx,none,none,,,,,,,,,
Curacao,Blue Baai,BB2,BB2-t287,40,110,81,57,80%,BC,,,,,,,,,,,,,,
Curacao,Blue Baai,BB2,BB2-t287,44,108,60,53,85%,BC,,,,,,,,,,,,,,
Curacao,Blue Baai,BB2,BB2-t288,29,35,20,5,10%,EC,,,none,none,none,,,,,,,,,
Curacao,Blue Baai,BB2,BB2-t288,33,35,20,5,10%,RC,,,none,none,none,,,,0,,0,0,0,0
Curacao,Blue Baai,BB2,BB2-t288,36,5,3,1,100%,EC,,,none,none,none,,,,,,,,,
Curacao,Blue Baai,BB2,BB2-t288,40,7,6,4,100%,EC,,,,,,,,,,,,,,
Curacao,Blue Baai,BB2,BB2-t288,44,,,,0%,D,,,,,,,,,,,,,,
Curacao,Blue Baai,BB2,BB2-t388,25,3,2,3,100%,EC,,,none,none,none,,,,0,,0,0,0,0
Curacao,Blue Baai,BB2,BB2-t388,29,,,,0%,D,,,,,,,,,,,,,,
Curacao,Blue Baai,BB2,BB2-t389,25,60,40,10,80%,AF,,,none,none,none,,,,3,,0,0,0,0
Curacao,Blue Baai,BB2,BB2-t389,29,59,35,17,10%,AF,,,RTL,none,none,,,,,,,,,
Curacao,Blue Baai,BB2,BB2-t389,33,56,26,18,10%,AF,,,none,none,none,,,,0,,0,0,0,0
Curacao,Blue Baai,BB2,BB2-t389,36,47,32,22,20%,BC,,,RTL,none,none,,,,,,,,,
Curacao,Blue Baai,BB2,BB2-t389,40,,,,0%,D,,,,,,,,,,,,,,
Curacao,Blue Baai,BB2,BB2-t390,25,34,22,10,50%,AF,,,none,none,none,,,,0,,0,0,0,0
Curacao,Blue Baai,BB2,BB2-t390,29,,,,0%,D,,,,,,,,,,,,,,
Curacao,Blue Baai,BB2,BB2-t391,25,90,65,20,45%,AF,,,FS,none,none,,,,0,,0,0,0,0
Curacao,Blue Baai,BB2,BB2-t391,29,92,63,26,40%,AF,,,FS,none,none,,,,,,,,,
Curacao,Blue Baai,BB2,BB2-t391,33,92,61,27,30%,AF,,,none,none,none,,,,0,,1,0,0,0
Curacao,Blue Baai,BB2,BB2-t391,36,93,64,26,25%,BC,,,RTL,none,none,,,,,,,,,
Curacao,Blue Baai,BB2,BB2-t391,40,93,58,35,20%,RC,,,,,,,,,,,,,,
Curacao,Blue Baai,BB2,BB2-t391,44,95,55,35,20%,RC,,,,,,,,,,,,,,
Curacao,Blue Baai,BB2,BB2-t392,25,22,8,4,20%,AF,,,RTL,none,none,,,,0,,0,0,0,0
Curacao,Blue Baai,BB2,BB2-t392,29,,,,0%,D,,,,,,,,,,,,,,
Curacao,Blue Baai,BB2,BB2-t393,25,10,3,4,90%,EC,,,none,none,none,,,,0,,1,0,0,0
Curacao,Blue Baai,BB2,BB2-t393,29,15,11,10,100%,EC,,,none,none,none,,,,,,,,,
Curacao,Blue Baai,BB2,BB2-t393,33,28,20,21,85%,JC,,,none,none,none,,,,0,,2,0,0,0
Curacao,Blue Baai,BB2,BB2-t393,36,28,21,28,85%,JC,,,none,none,none,,,,,,,,,
Curacao,Blue Baai,BB2,BB2-t393,40,28,23,22,90%,JC,,,,,,,,,,,,,,
Curacao,Blue Baai,BB2,BB2-t393,44,31,26,30,90%,JC,,,,,,,,,,,,,,
Curacao,Blue Baai,BB2,BB2-t394,25,7,5,4,100%,EC,,,none,none,none,,,,0,,0,0,0,0
Curacao,Blue Baai,BB2,BB2-t394,29,7,5,4,0%,D,,,Oth,none,none,,,,,,,,,
Curacao,Blue Baai,BB3,BB3-t263,9,70,25,35,40%,RC,,,WBD,CB,none,,,,0,,0,0,0,0
Curacao,Blue Baai,BB3,BB3-t263,13,72,45,48,40%,RC,,,FS,none,none,,,,6,,0,0,0,0
Curacao,Blue Baai,BB3,BB3-t263,17,40,35,50,85%,RC,,,FS,none,none,,,,,,,,,
Curacao,Blue Baai,BB3,BB3-t263,22,,,,,G,,,,,,,,,,,,,,
Curacao,Blue Baai,BB3,BB3-t264,9,180,105,64,80%,BC,,,FP,none,none,,,,0,,0,0,0,0
Curacao,Blue Baai,BB3,BB3-t264,13,192,126,76,70%,BC,,,FP,none,none,,,,0,,0,0,0,0
Curacao,Blue Baai,BB3,BB3-t264,17,200,130,75,95%,BC,,,RTL,none,none,,,,,,,,,
Curacao,Blue Baai,BB3,BB3-t264,22,175,120,75,75%,BC,,,WBD,none,none,,,,1,,0,0,1,2
Curacao,Blue Baai,BB3,BB3-t264,25,170,87,75,75%,BC,,,RTL,none,none,,,,0,,0,0,1,1
Curacao,Blue Baai,BB3,BB3-t264,29,170,85,80,30%,BC,,,WPx,CB,Oth,,,,0,,0,0,1,1
Curacao,Blue Baai,BB3,BB3-t264,33,167,85,70,20%,RC,,,FS,WPx,none,,,,2,,0,0,1,1
Curacao,Blue Baai,BB3,BB3-t264,36,135,82,70,20%,RC,,,none,none,none,,,,,,,,,
Curacao,Blue Baai,BB3,BB3-t264,40,139,87,70,10%,RC,,,,,,,,,,,,,,
Curacao,Blue Baai,BB3,BB3-t264,44,127,87,70,10%,RC,,,,,,,,,,,,,,
Curacao,Blue Baai,BB3,BB3-t265,9,90,82,58,80%,BC,,,none,none,none,,,,0,,0,0,0,0
Curacao,Blue Baai,BB3,BB3-t265,13,97,82,60,70%,BC,,,none,none,none,,,,0,,0,0,0,1
Curacao,Blue Baai,BB3,BB3-t265,17,105,85,62,65%,BC,,,FS,none,none,,,,,,,,,
Curacao,Blue Baai,BB3,BB3-t265,22,110,85,65,60%,BC,,,none,none,none,,,,0,,0,0,0,0
Curacao,Blue Baai,BB3,BB3-t265,25,120,90,65,50%,BC,,,WBD,CB,Unk,,,,0,,0,0,0,0
Curacao,Blue Baai,BB3,BB3-t265,29,130,100,70,40%,BC,,,WBD,Oth,none,,,,0,,0,0,0,0
Curacao,Blue Baai,BB3,BB3-t265,33,133,103,70,35%,BC,,,PFB,Unk,none,,,,0,,0,0,2,0
Curacao,Blue Baai,BB3,BB3-t265,36,100,95,70,35%,BC,,,FP,none,none,,,,,,,,,
Curacao,Blue Baai,BB3,BB3-t265,40,30,16,4,85%,EC,,,,,,,,,,,,,,
Curacao,Blue Baai,BB3,BB3-t265,44,30,15,3,45%,EC,,,,,,,,,,,,,,
Curacao,Blue Baai,BB3,BB3-t266,9,170,130,65,85%,BC,,,WBD,none,none,,,,0,,0,0,6,0
Curacao,Blue Baai,BB3,BB3-t266,13,185,135,85,80%,BC,,,WPx,WBD,none,,,,0,,0,0,0,2
Curacao,Blue Baai,BB3,BB3-t266,17,195,150,90,70%,BC,,,WBD,RTL,none,,,,,,,,,
Curacao,Blue Baai,BB3,BB3-t266,22,75,75,50,20%,RC,,,none,none,none,,,,0,,0,0,0,0
Curacao,Blue Baai,BB3,BB3-t266,25,65,50,50,35%,BC,,,none,none,none,,,,0,,0,0,0,0
Curacao,Blue Baai,BB3,BB3-t266,29,87,70,55,25%,BC,,,none,none,none,,,,0,,0,0,0,0
Curacao,Blue Baai,BB3,BB3-t266,33,84,70,57,40%,BC,,,none,none,none,,,,0,,0,0,0,0
Curacao,Blue Baai,BB3,BB3-t266,36,95,85,60,50%,BC,,,WPx,none,none,,,,,,,,,
Curacao,Blue Baai,BB3,BB3-t266,40,109,96,77,80%,BC,,,,,,,,,,,,,,
Curacao,Blue Baai,BB3,BB3-t266,44,77,55,30,75%,BC,,,,,,,,,,,,,,
Curacao,Blue Baai,BB3,BB3-t267,9,230,205,95,90%,BC,,,WBD,CB,none,,,,0,,0,0,1,0
Curacao,Blue Baai,BB3,BB3-t267,13,255,238,98,90%,BC,,,WPx,none,none,,,,0,,1,3,0,0
Curacao,Blue Baai,BB3,BB3-t267,17,275,245,105,90%,BC,,,none,none,none,,,,,,,,,
Curacao,Blue Baai,BB3,BB3-t267,22,80,60,45,60%,RC,,,none,none,none,,,,0,,0,0,0,0
Curacao,Blue Baai,BB3,BB3-t267,25,70,63,35,60%,RC,,,FP,Unk,none,,,,0,,0,0,0,0
Curacao,Blue Baai,BB3,BB3-t267,29,67,55,37,35%,RC,,,Unk,none,none,,,,0,,0,0,0,0
Curacao,Blue Baai,BB3,BB3-t267,33,68,55,36,36%,RC,,,none,none,none,,,,0,,0,0,0,0
Curacao,Blue Baai,BB3,BB3-t267,36,62,55,40,20%,RC,,,none,none,none,,,,,,,,,
Curacao,Blue Baai,BB3,BB3-t267,40,70,58,36,15%,RC,,,,,,,,,,,,,,
Curacao,Blue Baai,BB3,BB3-t267,44,70,60,40,15%,RC,,,,,,,,,,,,,,
Curacao,Blue Baai,BB3,BB3-t268,9,45,35,14,60%,AF,,,FP,none,none,,,,0,,0,0,0,0
Curacao,Blue Baai,BB3,BB3-t268,13,50,37,18,90%,AF,,,none,none,none,,,,0,,0,0,0,0
Curacao,Blue Baai,BB3,BB3-t268,17,52,42,22,95%,BC,,,WPx,none,none,,,,,,,,,
Curacao,Blue Baai,BB3,BB3-t268,22,,,,,G,,,,,,,,,,,,,,
Curacao,Blue Baai,BB3,BB3-t269,9,105,90,35,40%,RC,,,none,none,none,,,,0,,0,0,0,0
Curacao,Blue Baai,BB3,BB3-t269,13,105,95,45,60%,RC,,,WPx,none,none,,,,0,,0,0,0,0
Curacao,Blue Baai,BB3,BB3-t269,17,110,100,45,75%,BC,,,none,none,none,,,,,,,,,
Curacao,Blue Baai,BB3,BB3-t269,22,95,60,40,50%,BC,,,FP,none,none,,,,0,,0,0,0,0
Curacao,Blue Baai,BB3,BB3-t269,25,105,65,45,50%,BC,,,none,none,none,,,,0,,0,0,0,0
Curacao,Blue Baai,BB3,BB3-t269,29,102,64,52,55%,BC,,,Unk,none,none,,,,0,,0,0,0,0
Curacao,Blue Baai,BB3,BB3-t269,33,115,75,54,65%,BC,,,none,none,none,,,,0,,0,0,0,0
Curacao,Blue Baai,BB3,BB3-t269,36,125,85,55,60%,BC,,,WPx,none,none,,,,,,,,,
Curacao,Blue Baai,BB3,BB3-t269,40,146,110,53,75%,BC,,,,,,,,,,,,,,
Curacao,Blue Baai,BB3,BB3-t269,44,152,125,52,95%,BC,,,,,,,,,,,,,,
Curacao,Blue Baai,BB3,BB3-t270,9,68,38,22,2%,RC,,,RTL,none,none,,,,0,,0,0,0,0
Curacao,Blue Baai,BB3,BB3-t270,13,,,,0%,D,,,,,,,,,,,,,,
Curacao,Blue Baai,BB3,BB3-t271,9,40,39,49,2%,RC,,,none,none,none,,,,0,,0,0,0,0
Curacao,Blue Baai,BB3,BB3-t271,13,65,40,50,3%,RC,,,none,none,none,,,,0,,0,0,0,0
Curacao,Blue Baai,BB3,BB3-t271,17,,,,0%,D,,,,,,,,,,,,,,
Curacao,Blue Baai,BB3,BB3-t272,9,8,6,2,50%,RC,,,none,none,none,,,,0,,0,0,0,0
Curacao,Blue Baai,BB3,BB3-t272,13,30,25,20,90%,RC,,,none,none,none,,,,0,,0,0,0,0
Curacao,Blue Baai,BB3,BB3-t272,17,,,,0%,D,,,,,,,,,,,,,,
Curacao,Blue Baai,BB3,BB3-t300,40,117,102,47,90%,AF,,,,,,,,,,,,,,
Curacao,Blue Baai,BB3,BB3-t300,44,,,,,G,,,,,,,,,,,,,,
Curacao,Blue Baai,BB3,BB3-t369,25,74,50,18,65%,AF,,,FS,none,none,,,,1,,0,0,0,0
Curacao,Blue Baai,BB3,BB3-t369,29,77,55,25,10%,RC,,,RTL,CB,none,,,,0,,0,0,0,0
Curacao,Blue Baai,BB3,BB3-t369,33,,,,0%,D,,,,,,,,,,,,,,
Curacao,Blue Baai,BB3,BB3-t370,25,48,15,9,85%,AF,,,none,none,none,,,,0,,0,0,0,0
Curacao,Blue Baai,BB3,BB3-t370,29,50,18,18,80%,AF,,,FS,none,none,,,,5,,0,0,0,0
Curacao,Blue Baai,BB3,BB3-t370,33,16,15,19,60%,AF,,,FS,none,none,,,,5,,0,0,0,0
Curacao,Blue Baai,BB3,BB3-t370,36,42,15,15,60%,AF,,,none,none,none,,,,,,,,,
Curacao,Blue Baai,BB3,BB3-t370,40,38,18,18,70%,JC,,,,,,,,,,,,,,
Curacao,Blue Baai,BB3,BB3-t370,44,36,20,25,75%,JC,,,,,,,,,,,,,,
Curacao,Blue Baai,BB3,BB3-t371,25,9,9,6,100%,EC,,,none,none,none,,,,0,,0,0,0,0
Curacao,Blue Baai,BB3,BB3-t371,29,7,6,2,100%,EC,,,none,none,none,,,,0,,0,0,0,0
Curacao,Blue Baai,BB3,BB3-t371,33,7,6,2,90%,EC,,,FS,none,none,,,,2,,0,0,0,0
Curacao,Blue Baai,BB3,BB3-t371,36,,,,0%,D,,,,,,,,,,,,,,
Curacao,Blue Baai,BB3,BB3-t377,25,45,41,12,85%,AF,,,none,none,none,,,,0,,0,0,0,0
Curacao,Blue Baai,BB3,BB3-t377,29,57,44,20,75%,AF,,,FS,WPx,none,,,,3,,0,0,0,0
Curacao,Blue Baai,BB3,BB3-t377,33,54,51,25,80%,AF,,,WPx,FS,none,,,,5,,0,0,0,0
Curacao,Blue Baai,BB3,BB3-t377,36,60,55,25,80%,BC,,,WPx,none,none,,,,,,,,,
Curacao,Blue Baai,BB3,BB3-t377,40,58,56,36,90%,BC,,,,,,,,,,,,,,
Curacao,Blue Baai,BB3,BB3-t377,44,60,60,37,45%,BC,,,,,,,,,,,,,,
Curacao,Blue Baai,BB3,BB3-t378,25,55,38,35,70%,RC,,,none,none,none,,,,0,,0,0,0,0
Curacao,Blue Baai,BB3,BB3-t378,29,57,38,37,65%,BC,,,none,none,none,,,,0,,0,0,0,0
Curacao,Blue Baai,BB3,BB3-t378,33,68,43,37,80%,BC,,,RTL,none,none,,,,0,,0,0,0,0
Curacao,Blue Baai,BB3,BB3-t378,36,65,43,45,80%,BC,,,FP,none,none,,,,,,,,,
Curacao,Blue Baai,BB3,BB3-t378,40,70,49,46,70%,BC,,,,,,,,,,,,,,
Curacao,Blue Baai,BB3,BB3-t378,44,80,60,45,75%,BC,,,,,,,,,,,,,,
Curacao,Blue Baai,BB3,BB3-t379,25,120,60,65,30%,BC,,,RTL,none,none,,,,0,,1,0,2,2
Curacao,Blue Baai,BB3,BB3-t379,29,120,60,65,20%,RC,,,none,none,none,,,,0,,0,0,0,0
Curacao,Blue Baai,BB3,BB3-t379,33,125,60,65,15%,RC,,,RTL,none,none,,,,0,,1,0,0,0
Curacao,Blue Baai,BB3,BB3-t379,36,125,60,65,5%,RC,,,none,none,none,,,,,,,,,
Curacao,Blue Baai,BB3,BB3-t379,40,120,60,75,5%,RC,,,,,,,,,,,,,,
Curacao,Blue Baai,BB3,BB3-t379,44,33,14,5,85%,EC,,,,,,,,,,,,,,
Curacao,Boca Santa Marta,SM1,SM1-t199,9,80,25,95,90%,BC,,,none,none,none,,,,0,,0,0,2,0
Curacao,Boca Santa Marta,SM1,SM1-t199,13,100,80,15,60%,AF,,,RTL,none,none,,,,,,,,,
Curacao,Boca Santa Marta,SM1,SM1-t199,17,,,,,G,,,,,,,,,,,,,,
Curacao,Boca Santa Marta,SM1,SM1-t289,29,50,20,25,45%,BC,,,none,none,none,,,,,,,,,
Curacao,Boca Santa Marta,SM1,SM1-t289,33,,,,,,,,,,,,,,,,,,,
Curacao,Boca Santa Marta,SM1,SM1-t289,36,42,18,31,95%,BC,,,none,none,none,,,,,,,,,
Curacao,Boca Santa Marta,SM1,SM1-t290,29,30,20,20,95%,JC,,,none,none,none,,,,,,,,,
Curacao,Boca Santa Marta,SM1,SM1-t290,33,,,,,,,,,,,,,,,,,,,
Curacao,Boca Santa Marta,SM1,SM1-t290,36,42,32,32,90%,BC,,,none,none,none,,,,,,,,,
Curacao,Boca Santa Marta,SM1,SM1-t291,29,15,14,20,90%,JC,,,none,none,none,,,,,,,,,
Curacao,Boca Santa Marta,SM1,SM1-t291,33,,,,,,,,,,,,,,,,,,,
Curacao,Boca Santa Marta,SM1,SM1-t291,36,15,12,6,100%,JC,,,none,none,none,,,,,,,,,
Curacao,Boca Santa Marta,SM1,SM1-t292,29,70,55,50,5%,RC,,,none,none,none,,,,,,,,,
Curacao,Boca Santa Marta,SM1,SM1-t292,33,,,,,,,,,,,,,,,,,,,
Curacao,Boca Santa Marta,SM1,SM1-t292,36,23,18,20,80%,JC,,,none,none,none,,,,,,,,,
Curacao,Boca Santa Marta,SM1,SM1-t293,29,145,85,75,65%,AF,,,none,none,none,,,,,,,,,
Curacao,Boca Santa Marta,SM1,SM1-t293,33,,,,,,,,,,,,,,,,,,,
Curacao,Boca Santa Marta,SM1,SM1-t293,36,130,80,70,45%,BC,,,WPx,none,none,,,,,,,,,
Curacao,Boca Santa Marta,SM1,SM1-t294,29,20,14,23,100%,JC,,,none,none,none,,,,,,,,,
Curacao,Boca Santa Marta,SM1,SM1-t294,33,,,,,,,,,,,,,,,,,,,
Curacao,Boca Santa Marta,SM1,SM1-t294,36,50,36,36,100%,BC,,,none,none,none,,,,,,,,,
Curacao,Boca Santa Marta,SM1,SM1-t340,9,70,42,53,95%,BC,,,FP,none,none,,,,0,,0,0,1,0
Curacao,Boca Santa Marta,SM1,SM1-t340,13,92,66,32,50%,BC,,,WPx,none,none,,,,0,,0,0,0,1
Curacao,Boca Santa Marta,SM1,SM1-t340,17,82,50,35,60%,BC,,,WPx,FS,none,,,,2,,0,0,0,1
Curacao,Boca Santa Marta,SM1,SM1-t340,22,,,,,G,,,,,,,,,,,,,,
Curacao,Boca Santa Marta,SM1,SM1-t341,9,42,25,31,90%,AF,,,none,none,none,,,,0,,0,0,0,0
Curacao,Boca Santa Marta,SM1,SM1-t341,13,62,40,48,90%,AF,,,none,none,none,,,,0,,0,0,0,0
Curacao,Boca Santa Marta,SM1,SM1-t341,17,,,,0%,D,,,,,,,,,,,,,,
Curacao,Boca Santa Marta,SM1,SM1-t342,9,15,12,19,99%,JC,,,none,none,none,,,,0,,0,0,0,0
Curacao,Boca Santa Marta,SM1,SM1-t342,13,28,22,24,90%,JC,,,none,none,none,,,,0,,0,0,0,0
Curacao,Boca Santa Marta,SM1,SM1-t342,17,27,25,25,98%,JC,,,none,none,none,,,,0,,0,0,0,0
Curacao,Boca Santa Marta,SM1,SM1-t342,22,28,22,30,30%,RC,,,none,none,none,,,,,,,,,
Curacao,Boca Santa Marta,SM1,SM1-t342,25,30,21,25,30%,RC,,,none,none,none,,,,2,,0,0,0,0
Curacao,Boca Santa Marta,SM1,SM1-t342,29,27,22,20,15%,RC,,,none,none,none,,,,,,,,,
Curacao,Boca Santa Marta,SM1,SM1-t342,33,,,,,,,,,,,,,,,,,,,
Curacao,Boca Santa Marta,SM1,SM1-t342,36,9,7,2,100%,EC,,,none,none,none,,,,,,,,,
Curacao,Boca Santa Marta,SM1,SM1-t343,9,242,195,129,60%,BC,,,WBD,none,none,,,,0,,2,0,4,0
Curacao,Boca Santa Marta,SM1,SM1-t343,13,250,210,120,60%,BC,,,WBD,none,none,,,,0,,1,1,1,1
Curacao,Boca Santa Marta,SM1,SM1-t343,17,,,,,G,,,,,,,,,,,,,,
Curacao,Boca Santa Marta,SM1,SM1-t344,9,78,51,66,90%,BC,,,none,none,none,,,,0,,0,0,4,0
Curacao,Boca Santa Marta,SM1,SM1-t344,13,96,65,70,90%,BC,,,WPx,none,none,,,,0,,0,0,0,1
Curacao,Boca Santa Marta,SM1,SM1-t344,17,,,,,G,,,,,,,,,,,,,,
Curacao,Boca Santa Marta,SM1,SM1-t345,9,185,140,95,75%,BC,,,RTL,none,none,,,,0,,0,0,1,0
Curacao,Boca Santa Marta,SM1,SM1-t345,13,190,140,95,80%,BC,,,WPx,none,none,,,,0,,0,0,0,3
Curacao,Boca Santa Marta,SM1,SM1-t345,17,200,150,100,85%,BC,,,none,none,none,,,,0,,0,0,0,2
Curacao,Boca Santa Marta,SM1,SM1-t345,22,135,60,75,75%,BC,,,WPx,none,none,,,,,,,,,
Curacao,Boca Santa Marta,SM1,SM1-t345,25,165,75,75,85%,BC,,,none,none,none,,,,4,,0,0,1,0
Curacao,Boca Santa Marta,SM1,SM1-t345,29,175,70,80,85%,BC,,,WPx,none,none,,,,,,,,,
Curacao,Boca Santa Marta,SM1,SM1-t345,33,,,,,,,,,,,,,,,,,,,
Curacao,Boca Santa Marta,SM1,SM1-t345,36,168,82,90,85%,BC,,,none,none,none,,,,,,,,,
Curacao,Boca Santa Marta,SM1,SM1-t346,9,46,32,40,80%,EC,,,none,none,none,,,,0,,0,0,0,0
Curacao,Boca Santa Marta,SM1,SM1-t346,13,75,50,55,60%,EC,,,none,none,none,,,,0,,0,0,0,0
Curacao,Boca Santa Marta,SM1,SM1-t346,17,55,35,15,95%,EC,,,none,none,none,,,,0,,0,0,0,0
Curacao,Boca Santa Marta,SM1,SM1-t346,22,,,,,G,,,,,,,,,,,,,,
Curacao,Boca Santa Marta,SM1,SM1-t347,9,28,17,15,90%,JC,,,none,none,none,,,,0,,0,0,0,0
Curacao,Boca Santa Marta,SM1,SM1-t347,13,32,28,26,95%,JC,,,FS,none,none,,,,1,,0,0,0,0
Curacao,Boca Santa Marta,SM1,SM1-t347,17,55,32,30,100%,BC,,,FS,none,none,,,,9,,0,0,0,0
Curacao,Boca Santa Marta,SM1,SM1-t347,22,,,,,G,,,,,,,,,,,,,,
Curacao,Boca Santa Marta,SM1,SM1-t348,9,25,20,12,99%,EC,,,none,none,none,,,,0,,0,0,0,0
Curacao,Boca Santa Marta,SM1,SM1-t348,13,25,22,15,80%,JC,,,none,none,none,,,,13,,0,0,0,0
Curacao,Boca Santa Marta,SM1,SM1-t348,17,,,,,G,,,,,,,,,,,,,,
Curacao,Boca Santa Marta,SM1,SM1-t349,9,89,52,46,95%,BC,,,none,none,none,,,,0,,0,0,0,0
Curacao,Boca Santa Marta,SM1,SM1-t349,13,98,60,50,95%,BC,,,none,none,none,,,,0,,0,0,0,1
Curacao,Boca Santa Marta,SM1,SM1-t349,17,110,70,55,100%,BC,,,none,none,none,,,,0,,1,0,1,1
Curacao,Boca Santa Marta,SM1,SM1-t349,22,,,,,G,,,,,,,,,,,,,,
Curacao,Boca Santa Marta,SM1,SM1-t350,9,110,92,78,95%,BC,,,none,none,none,,,,0,,0,0,0,0
Curacao,Boca Santa Marta,SM1,SM1-t350,13,150,110,79,90%,BC,,,none,none,none,,,,0,,0,0,0,0
Curacao,Boca Santa Marta,SM1,SM1-t350,17,165,120,80,95%,BC,,,none,none,none,,,,0,,0,0,0,0
Curacao,Boca Santa Marta,SM1,SM1-t350,22,,,,,G,,,,,,,,,,,,,,
Curacao,Boca Santa Marta,SM1,SM1-t351,9,130,70,87,90%,BC,,,none,none,none,,,,0,,0,0,0,0
Curacao,Boca Santa Marta,SM1,SM1-t351,13,132,60,95,90%,BC,,,none,none,none,,,,0,,0,0,0,0
Curacao,Boca Santa Marta,SM1,SM1-t351,17,135,65,95,98%,BC,,,none,none,none,,,,0,,0,0,0,0
Curacao,Boca Santa Marta,SM1,SM1-t351,22,,,,,G,,,,,,,,,,,,,,
Curacao,Boca Santa Marta,SM1,SM1-t352,9,60,55,49,65%,BC,,,none,none,none,,,,0,,0,0,1,0
Curacao,Boca Santa Marta,SM1,SM1-t352,13,65,60,50,70%,BC,,,WPx,none,none,,,,3,,0,0,1,0
Curacao,Boca Santa Marta,SM1,SM1-t352,17,65,60,50,70%,BC,,,,,,,,,,,,,,
Curacao,Boca Santa Marta,SM1,SM1-t352,22,45,30,10,20%,EC,,,none,none,none,,,,,,,,,
Curacao,Boca Santa Marta,SM1,SM1-t352,25,42,28,10,30%,EC,,,none,none,none,,,,0,,0,0,0,0
Curacao,Boca Santa Marta,SM1,SM1-t352,29,45,25,15,40%,EC,,,none,none,none,,,,,,,,,
Curacao,Boca Santa Marta,SM1,SM1-t352,33,,,,,,,,,,,,,,,,,,,
Curacao,Boca Santa Marta,SM1,SM1-t352,36,52,28,34,90%,BC,,,none,none,none,,,,,,,,,
Curacao,Boca Santa Marta,SM1,SM1-t353,9,190,90,100,95%,BC,,,none,none,none,,,,0,,0,0,6,0
Curacao,Boca Santa Marta,SM1,SM1-t353,13,205,80,110,90%,BC,,,none,none,none,,,,0,,0,0,0,4
Curacao,Boca Santa Marta,SM1,SM1-t353,17,220,85,110,90%,BC,,,none,none,none,,,,0,,0,0,1,0
Curacao,Boca Santa Marta,SM1,SM1-t353,22,110,110,90,80%,BC,,,none,none,none,,,,,,,,,
Curacao,Boca Santa Marta,SM1,SM1-t353,25,120,110,100,90%,BC,,,none,none,none,,,,3,,0,0,0,1
Curacao,Boca Santa Marta,SM1,SM1-t353,29,120,115,110,90%,BC,,,WPx,FP,none,,,,,,,,,
Curacao,Boca Santa Marta,SM1,SM1-t353,33,,,,,,,,,,,,,,,,,,,
Curacao,Boca Santa Marta,SM1,SM1-t353,36,,,,,,,,,,,,,,,,,,,
Curacao,Boca Santa Marta,SM1,SM1-t354,9,90,70,45,95%,BC,,,none,none,none,,,,0,,0,0,1,0
Curacao,Boca Santa Marta,SM1,SM1-t354,13,105,75,50,90%,BC,,,none,none,none,,,,0,,1,1,0,2
Curacao,Boca Santa Marta,SM1,SM1-t354,17,110,75,55,95%,BC,,,none,none,none,,,,0,,0,0,0,0
Curacao,Boca Santa Marta,SM1,SM1-t354,22,112,70,60,99%,BC,,,none,none,none,,,,,,,,,
Curacao,Boca Santa Marta,SM1,SM1-t354,25,140,90,65,90%,BC,,,none,none,none,,,,0,,0,0,0,2
Curacao,Boca Santa Marta,SM1,SM1-t354,29,,,,0%,D,,,,,,,,,,,,,,
Curacao,Boca Santa Marta,SM1,SM1-t355,9,90,60,55,90%,BC,,,FS,none,none,,,,0,,0,0,3,0
Curacao,Boca Santa Marta,SM1,SM1-t355,13,102,66,62,95%,BC,,,WPx,none,none,,,,0,,0,0,0,1
Curacao,Boca Santa Marta,SM1,SM1-t355,17,110,70,65,95%,BC,,,WPx,none,none,,,,,,,,,
Curacao,Boca Santa Marta,SM1,SM1-t355,22,65,50,60,70%,BC,,,none,none,none,,,,,,,,,
Curacao,Boca Santa Marta,SM1,SM1-t355,25,68,55,60,70%,BC,,,WBD,none,none,,,,0,,0,0,1,1
Curacao,Boca Santa Marta,SM1,SM1-t355,29,65,65,65,80%,BC,,,none,none,none,,,,,,,,,
Curacao,Boca Santa Marta,SM1,SM1-t355,33,,,,,,,,,,,,,,,,,,,
Curacao,Boca Santa Marta,SM1,SM1-t355,36,140,110,98,85%,BC,,,none,none,none,,,,,,,,,
Curacao,Boca Santa Marta,SM2,SM2-t200,9,150,110,60,95%,BC,,,none,none,none,,,,0,,0,0,3,0
Curacao,Boca Santa Marta,SM2,SM2-t200,13,160,115,60,85%,BC,,,none,none,none,,,,0,,0,0,1,0
Curacao,Boca Santa Marta,SM2,SM2-t200,17,,,,,G,,,,,,,,,,,,,,
Curacao,Boca Santa Marta,SM2,SM2-t295,29,112,60,42,1%,AF,,,none,none,none,,,,,,,,,
Curacao,Boca Santa Marta,SM2,SM2-t295,33,5,3,6,100%,EC,,,,,,,,,,,,,,
Curacao,Boca Santa Marta,SM2,SM2-t295,36,16,10,12,90%,JC,,,none,none,none,,,,,,,,,
Curacao,Boca Santa Marta,SM2,SM2-t296,29,140,35,87,50%,BC,,,FS,CB,none,,,,,,,,,
Curacao,Boca Santa Marta,SM2,SM2-t296,33,150,40,85,35%,BC,,,,,,,,,,,,,,
Curacao,Boca Santa Marta,SM2,SM2-t296,36,150,48,65,25%,BC,,,FS,WPx,none,,,,,,,,,
Curacao,Boca Santa Marta,SM2,SM2-t356,9,178,150,60,95%,BC,,,none,none,none,,,,0,,0,0,4,0
Curacao,Boca Santa Marta,SM2,SM2-t356,13,260,205,65,90%,BC,,,WPx,none,none,,,,3,,0,0,2,10
Curacao,Boca Santa Marta,SM2,SM2-t356,17,200,170,40,90%,SF,,,none,none,none,,,,0,,0,0,0,5
Curacao,Boca Santa Marta,SM2,SM2-t356,22,,,,,G,,,,,,,,,,,,,,
Curacao,Boca Santa Marta,SM2,SM2-t357,9,128,123,85,90%,BC,,,none,none,none,,,,0,,0,0,0,0
Curacao,Boca Santa Marta,SM2,SM2-t357,13,155,135,90,98%,BC,,,WPx,none,none,,,,0,,0,0,0,1
Curacao,Boca Santa Marta,SM2,SM2-t357,17,175,150,95,95%,BC,,,none,none,none,,,,0,,1,0,1,3
Curacao,Boca Santa Marta,SM2,SM2-t357,22,,,,,G,,,,,,,,,,,,,,
Curacao,Boca Santa Marta,SM2,SM2-t358,9,60,40,45,95%,BC,,,none,none,none,,,,0,,0,0,0,0
Curacao,Boca Santa Marta,SM2,SM2-t358,13,70,68,50,90%,BC,,,WBD,FS,none,,,,4,,0,0,0,0
Curacao,Boca Santa Marta,SM2,SM2-t358,17,80,75,55,98%,BC,,,none,none,none,,,,0,,0,0,0,0
Curacao,Boca Santa Marta,SM2,SM2-t358,22,,,,,G,,,,,,,,,,,,,,
Curacao,Boca Santa Marta,SM2,SM2-t359,9,189,140,105,95%,BC,,,oth,none,none,,,,0,,0,0,5,0
Curacao,Boca Santa Marta,SM2,SM2-t359,13,190,110,110,85%,BC,,,WBD,oth,none,,,,0,,0,0,0,3
Curacao,Boca Santa Marta,SM2,SM2-t359,17,200,115,110,80%,BC,,,WBD,none,none,,,,0,,0,0,0,3
Curacao,Boca Santa Marta,SM2,SM2-t359,22,145,85,85,65%,BC,,,WBD,none,none,,,,0,,0,0,0,0
Curacao,Boca Santa Marta,SM2,SM2-t359,25,155,97,88,70%,BC,,,WBD,none,none,,,,0,,0,0,1,1
Curacao,Boca Santa Marta,SM2,SM2-t359,29,165,103,100,50%,BC,,,WBD,CB,FS,,,,,,,,,
Curacao,Boca Santa Marta,SM2,SM2-t359,33,155,95,110,35%,BC,,,,,,,,,,,,,,
Curacao,Boca Santa Marta,SM2,SM2-t359,36,145,90,110,20%,BC,,,WPx,none,none,,,,,,,,,
Curacao,Boca Santa Marta,SM2,SM2-t360,9,168,142,63,95%,BC,,,none,none,none,,,,0,,0,0,7,0
Curacao,Boca Santa Marta,SM2,SM2-t360,13,188,162,65,90%,BC,,,WPx,none,none,,,,0,,0,0,2,2
Curacao,Boca Santa Marta,SM2,SM2-t360,17,140,140,50,85%,BC,,,none,none,none,,,,0,,0,0,1,1
Curacao,Boca Santa Marta,SM2,SM2-t360,22,,,,,G,,,,,,,,,,,,,,
Curacao,Boca Santa Marta,SM2,SM2-t361,9,34,25,30,90%,JC,,,none,none,none,,,,0,,0,0,0,0
Curacao,Boca Santa Marta,SM2,SM2-t361,13,50,47,42,95%,BC,,,none,none,none,,,,0,,0,0,0,0
Curacao,Boca Santa Marta,SM2,SM2-t361,17,62,55,50,100%,BC,,,none,none,none,,,,1,,1,0,1,0
Curacao,Boca Santa Marta,SM2,SM2-t361,22,,,,,G,,,,,,,,,,,,,,
Curacao,Boca Santa Marta,SM3,SM3-t362,9,118,105,72,90%,BC,,,none,none,none,,,,0,,0,0,0,0
Curacao,Boca Santa Marta,SM3,SM3-t362,13,132,118,68,90%,BC,,,none,none,none,,,,0,,0,0,0,0
Curacao,Boca Santa Marta,SM3,SM3-t362,17,110,90,35,65%,SF,,,,,,,,,0,,0,0,0,0
Curacao,Boca Santa Marta,SM3,SM3-t362,22,,,,,G,,,,,,,,,,,,,,
Curacao,Boca Santa Marta,SM3,SM3-t363,9,170,70,66,85%,BC,,,none,none,none,,,,0,,0,0,1,0
Curacao,Boca Santa Marta,SM3,SM3-t363,13,175,99,72,80%,BC,,,none,none,none,,,,0,,0,0,0,0
Curacao,Boca Santa Marta,SM3,SM3-t363,17,180,100,70,90%,BC,,,,,,,,,0,,2,0,1,0
Curacao,Boca Santa Marta,SM3,SM3-t363,22,,,,,G,,,,,,,,,,,,,,
Curacao,Boca Santa Marta,SM3,SM3-t364,9,135,103,68,75%,BC,,,none,none,none,,,,0,,0,0,0,0
Curacao,Boca Santa Marta,SM3,SM3-t364,13,150,118,85,65%,BC,,,none,none,none,,,,0,,0,0,1,2
Curacao,Boca Santa Marta,SM3,SM3-t364,17,135,115,70,70%,BC,,,,,,,,,0,,2,0,1,0
Curacao,Boca Santa Marta,SM3,SM3-t364,22,,,,,G,,,,,,,,,,,,,,
Curacao,Boca Santa Marta,SM3,SM3-t365,9,135,72,45,40%,BC,,,WBD,none,none,,,,0,,0,0,0,0
Curacao,Boca Santa Marta,SM3,SM3-t365,13,143,78,44,45%,BC,,,WBD,Oth,none,,,,0,,0,0,0,0
Curacao,Boca Santa Marta,SM3,SM3-t365,17,145,75,45,40%,BC,,,,,,,,,0,,0,0,0,0
Curacao,Boca Santa Marta,SM3,SM3-t365,22,,,,,G,,,,,,,,,,,,,,
Curacao,Boca Santa Marta,SM3,SM3-t366,9,32,30,28,60%,RC,,,WBD,none,none,,,,0,,0,0,0,0
Curacao,Boca Santa Marta,SM3,SM3-t366,13,45,35,38,55%,BC,,,WBD,Oth,none,,,,1,,0,0,0,0
Curacao,Boca Santa Marta,SM3,SM3-t366,17,45,40,35,45%,BC,,,,,,,,,1,,0,0,0,0
Curacao,Boca Santa Marta,SM3,SM3-t366,22,,,,,G,,,,,,,,,,,,,,
Curacao,Boca Santa Marta,SM3,SM3-t367,9,95,85,58,15%,RC,,,none,none,none,,,,0,,0,0,0,0
Curacao,Boca Santa Marta,SM3,SM3-t367,13,95,85,60,15%,RC,,,FS,CB,none,,,,5,,0,0,0,0
Curacao,Boca Santa Marta,SM3,SM3-t367,17,85,58,40,10%,RC,,,,,,,,,2,,0,0,0,0
Curacao,Boca Santa Marta,SM3,SM3-t367,22,,,,,G,,,,,,,,,,,,,,
Curacao,Boca Santa Marta,SM3,SM3-t368,9,120,95,40,30%,BC,,,WBD,CB,none,,,,0,,0,0,1,0
Curacao,Boca Santa Marta,SM3,SM3-t368,13,118,95,36,30%,BC,,,WBD,CB,none,,,,0,,0,0,0,0
Curacao,Boca Santa Marta,SM3,SM3-t368,17,120,78,40,30%,BC,,,,,,,,,0,,1,0,0,0
Curacao,Boca Santa Marta,SM3,SM3-t368,22,,,,,G,,,,,,,,,,,,,,
Curacao,Boca Santa Marta,SM3,SM3-t369,9,70,42,42,60%,BC,,,WPx,none,none,,,,0,,0,0,0,0
Curacao,Boca Santa Marta,SM3,SM3-t369,13,83,48,48,45%,BC,,,none,none,none,,,,1,,0,0,0,1
Curacao,Boca Santa Marta,SM3,SM3-t369,17,105,65,55,60%,BC,,,,,,,,,0,,1,0,0,1
Curacao,Boca Santa Marta,SM3,SM3-t369,22,,,,,G,,,,,,,,,,,,,,
Curacao,Boca Santa Marta,SM3,SM3-t370,9,38,15,25,90%,AF,,,Oth,none,none,,,,0,,0,0,0,0
Curacao,Boca Santa Marta,SM3,SM3-t370,13,42,27,26,60%,AF,,,WBD,none,none,,,,0,,0,0,0,0
Curacao,Boca Santa Marta,SM3,SM3-t370,17,45,30,25,35%,RC,,,,,,,,,1,,1,0,0,0
Curacao,Boca Santa Marta,SM3,SM3-t370,22,,,,,G,,,,,,,,,,,,,,
Curacao,Boca Santa Marta,SM3,SM3-t371,9,115,100,75,99%,BC,,,none,none,none,,,,0,,0,0,1,0
Curacao,Boca Santa Marta,SM3,SM3-t371,13,130,100,82,95%,BC,,,none,none,none,,,,0,,0,1,0,0
Curacao,Boca Santa Marta,SM3,SM3-t371,17,150,105,85,80%,BC,,,,,,,,,0,,1,0,1,0
Curacao,Boca Santa Marta,SM3,SM3-t371,22,,,,,G,,,,,,,,,,,,,,
Curacao,Boca Santa Marta,SM3,SM3-t372,9,82,60,70,90%,BC,,,RTL,none,none,,,,0,,0,0,2,0
Curacao,Boca Santa Marta,SM3,SM3-t372,13,98,75,75,85%,BC,,,none,none,none,,,,0,,0,0,1,0
Curacao,Boca Santa Marta,SM3,SM3-t372,17,110,90,75,80%,BC,,,,,,,,,2,,1,0,1,0
Curacao,Boca Santa Marta,SM3,SM3-t372,22,,,,,G,,,,,,,,,,,,,,
Curacao,Boca Santa Marta,SM3,SM3-t373,9,32,15,33,60%,AF,,,none,none,none,,,,0,,0,0,1,0
Curacao,Boca Santa Marta,SM3,SM3-t373,13,,,,,G,,,,,,,,,,,,,,
Curacao,Boca Santa Marta,SM3,SM3-t374,9,95,82,50,70%,RC,,,WPx,none,none,,,,0,,0,0,0,0
Curacao,Boca Santa Marta,SM3,SM3-t374,13,95,82,32,70%,RC,,,WPx,none,none,,,,2,,0,0,1,1
Curacao,Boca Santa Marta,SM3,SM3-t374,17,90,80,45,20%,RC,,,,,,,,,0,,1,0,0,0
Curacao,Boca Santa Marta,SM3,SM3-t374,22,,,,,G,,,,,,,,,,,,,,
Curacao,Boca Santa Marta,SM3,SM3-t375,9,86,45,42,25%,RC,,,none,none,none,,,,0,,0,0,0,0
Curacao,Boca Santa Marta,SM3,SM3-t375,13,65,30,35,40%,RC,,,RTL,none,none,,,,0,,0,0,0,0
Curacao,Boca Santa Marta,SM3,SM3-t375,17,67,37,35,45%,BC,,,,,,,,,0,,0,0,0,0
Curacao,Boca Santa Marta,SM3,SM3-t375,22,,,,,G,,,,,,,,,,,,,,
Curacao,Boca Santa Marta,SM3,SM3-t376,9,89,35,32,30%,BC,,,WPx,none,none,,,,0,,0,0,0,0
Curacao,Boca Santa Marta,SM3,SM3-t376,13,85,36,36,35%,BC,,,WPx,PFB,none,,,,0,,0,0,0,0
Curacao,Boca Santa Marta,SM3,SM3-t376,17,90,40,37,40%,BC,,,,,,,,,0,,1,0,0,0
Curacao,Boca Santa Marta,SM3,SM3-t376,22,,,,,G,,,,,,,,,,,,,,
Curacao,Sea Aquarium Reef,SQ1,SQ1-t201,9,160,117,74,45%,BC,,,none,none,none,,,,0,,1,0,0,3
Curacao,Sea Aquarium Reef,SQ1,SQ1-t201,13,124,112,87,40%,BC,,,none,none,none,,,,0,,0,0,0,0
Curacao,Sea Aquarium Reef,SQ1,SQ1-t201,17,130,120,65,40%,BC,,,none,none,none,,,,0,,1,0,0,0
Curacao,Sea Aquarium Reef,SQ1,SQ1-t201,22,100,95,70,50%,BC,,,none,none,none,,,,0,,2,0,0,0
Curacao,Sea Aquarium Reef,SQ1,SQ1-t201,25,,,,0%,D,,,,,,,,,,,,,,
Curacao,Sea Aquarium Reef,SQ1,SQ1-t202,9,125,78,72,80%,BC,,,WBD,none,none,,,,0,,1,0,0,0
Curacao,Sea Aquarium Reef,SQ1,SQ1-t202,13,132,80,70,70%,BC,,,none,none,none,,,,0,,1,0,0,0
Curacao,Sea Aquarium Reef,SQ1,SQ1-t202,17,126,86,70,80%,BC,,,WBD,none,none,,,,0,,0,0,0,1
Curacao,Sea Aquarium Reef,SQ1,SQ1-t202,22,120,90,75,90%,BC,,,none,none,none,,,,0,,1,0,0,0
Curacao,Sea Aquarium Reef,SQ1,SQ1-t202,25,122,95,80,90%,BC,,,none,none,none,,,,0,,1,0,0,1
Curacao,Sea Aquarium Reef,SQ1,SQ1-t202,29,125,100,85,80%,BC,,,WBD,CB,none,,,,,,,,,
Curacao,Sea Aquarium Reef,SQ1,SQ1-t202,33,137,106,78,25%,BC,,,,,,,,,,,,,,
Curacao,Sea Aquarium Reef,SQ1,SQ1-t202,36,139,105,75,15%,RC,,,FP,none,none,,,,,,,,,
Curacao,Sea Aquarium Reef,SQ1,SQ1-t202,40,140,100,75,10%,RC,,,,,,,,,,,,,,
Curacao,Sea Aquarium Reef,SQ1,SQ1-t202,44,,,,,G,,,,,,,,,,,,,,
Curacao,Sea Aquarium Reef,SQ1,SQ1-t203,9,55,18,14,10%,RC,,,none,none,none,,,,0,,0,0,0,0
Curacao,Sea Aquarium Reef,SQ1,SQ1-t203,13,55,15,22,15%,RC,,,none,none,none,,,,0,,0,0,0,0
Curacao,Sea Aquarium Reef,SQ1,SQ1-t203,17,55,18,25,10%,RC,,,none,none,none,,,,0,,1,0,0,0
Curacao,Sea Aquarium Reef,SQ1,SQ1-t203,22,50,20,25,10%,RC,,,none,none,none,,,,0,,0,0,0,0
Curacao,Sea Aquarium Reef,SQ1,SQ1-t203,25,48,20,25,15%,RC,,,none,none,none,,,,0,,0,0,0,0
Curacao,Sea Aquarium Reef,SQ1,SQ1-t203,29,15,7,4,85%,EC,,,none,none,none,,,,,,,,,
Curacao,Sea Aquarium Reef,SQ1,SQ1-t203,33,14,7,10,75%,EC,,,,,,,,,,,,,,
Curacao,Sea Aquarium Reef,SQ1,SQ1-t203,36,15,9,12,65%,JC,,,none,none,none,,,,,,,,,
Curacao,Sea Aquarium Reef,SQ1,SQ1-t203,40,14,11,17,65%,JC,,,,,,,,,,,,,,
Curacao,Sea Aquarium Reef,SQ1,SQ1-t203,44,,,,0%,D,,,,,,,,,,,,,,
Curacao,Sea Aquarium Reef,SQ1,SQ1-t204,9,65,26,33,15%,RC,,,none,none,none,,,,0,,0,0,0,0
Curacao,Sea Aquarium Reef,SQ1,SQ1-t204,13,65,25,12,20%,RC,,,PFB,none,none,,,,0,,0,0,0,0
Curacao,Sea Aquarium Reef,SQ1,SQ1-t204,17,65,25,20,20%,RC,,,none,none,none,,,,0,,0,0,0,0
Curacao,Sea Aquarium Reef,SQ1,SQ1-t204,22,70,30,30,20%,RC,,,none,none,none,,,,0,,0,0,0,0
Curacao,Sea Aquarium Reef,SQ1,SQ1-t204,25,62,25,25,20%,RC,,,none,none,none,,,,0,,1,0,0,0
Curacao,Sea Aquarium Reef,SQ1,SQ1-t204,29,62,25,25,5%,RC,,,none,none,none,,,,,,,,,
Curacao,Sea Aquarium Reef,SQ1,SQ1-t204,33,7,6,2,100%,EC,,,,,,,,,,,,,,
Curacao,Sea Aquarium Reef,SQ1,SQ1-t204,36,,,,0%,D,,,,,,,,,,,,,,
Curacao,Sea Aquarium Reef,SQ1,SQ1-t205,9,182,195,122,75%,BC,,,WBD,FP,none,,,,0,,1,0,0,0
Curacao,Sea Aquarium Reef,SQ1,SQ1-t205,13,210,180,105,65%,BC,,,Unk,none,none,,,,0,,1,0,2,1
Curacao,Sea Aquarium Reef,SQ1,SQ1-t205,17,250,190,95,60%,BC,,,none,none,none,,,,0,,0,0,0,0
Curacao,Sea Aquarium Reef,SQ1,SQ1-t205,22,230,180,110,60%,BC,,,none,none,none,,,,0,,2,1,0,1
Curacao,Sea Aquarium Reef,SQ1,SQ1-t205,25,215,160,110,55%,BC,,,WBD,none,none,,,,0,,3,0,1,0
Curacao,Sea Aquarium Reef,SQ1,SQ1-t205,29,225,105,110,40%,BC,,,RTL,FP,none,,,,,,,,,
Curacao,Sea Aquarium Reef,SQ1,SQ1-t205,33,240,150,115,30%,BC,,,,,,,,,,,,,,
Curacao,Sea Aquarium Reef,SQ1,SQ1-t205,36,230,160,120,20%,BC,,,none,none,none,,,,,,,,,
Curacao,Sea Aquarium Reef,SQ1,SQ1-t205,40,126,95,95,70%,BC,,,,,,,,,,,,,,
Curacao,Sea Aquarium Reef,SQ1,SQ1-t205,44,,,,,G,,,,,,,,,,,,,,
Curacao,Sea Aquarium Reef,SQ1,SQ1-t206,9,166,137,80,65%,BC,,,none,none,none,,,,0,,2,0,1,0
Curacao,Sea Aquarium Reef,SQ1,SQ1-t206,13,170,155,75,75%,BC,,,none,none,none,,,,0,,2,0,1,3
Curacao,Sea Aquarium Reef,SQ1,SQ1-t206,17,95,75,45,60%,AF,,,none,none,none,,,,0,,1,0,0,0
Curacao,Sea Aquarium Reef,SQ1,SQ1-t206,22,105,85,45,60%,BC,,,none,none,none,,,,0,,0,0,0,0
Curacao,Sea Aquarium Reef,SQ1,SQ1-t206,25,,,,,G,,,,,,,,,,,,,,
Curacao,Sea Aquarium Reef,SQ1,SQ1-t207,9,118,57,95,60%,BC,,,none,none,none,,,,0,,0,0,0,0
Curacao,Sea Aquarium Reef,SQ1,SQ1-t207,13,127,65,105,60%,BC,,,oth,none,none,,,,0,,0,0,1,0
Curacao,Sea Aquarium Reef,SQ1,SQ1-t207,17,130,80,95,60%,BC,,,none,none,none,,,,0,,1,0,0,0
Curacao,Sea Aquarium Reef,SQ1,SQ1-t207,22,120,70,95,60%,BC,,,Unk,none,none,,,,0,,0,0,0,0
Curacao,Sea Aquarium Reef,SQ1,SQ1-t207,25,,,,,G,,,,,,,,,,,,,,
Curacao,Sea Aquarium Reef,SQ1,SQ1-t208,9,28,9,28,80%,RC,,,none,none,none,,,,0,,0,0,0,0
Curacao,Sea Aquarium Reef,SQ1,SQ1-t208,13,34,26,12,15%,RC,,,PFB,none,none,,,,0,,0,0,0,0
Curacao,Sea Aquarium Reef,SQ1,SQ1-t208,17,35,28,13,15%,RC,,,none,none,none,,,,0,,0,0,0,0
Curacao,Sea Aquarium Reef,SQ1,SQ1-t208,22,35,30,14,20%,RC,,,none,none,none,,,,0,,0,0,0,0
Curacao,Sea Aquarium Reef,SQ1,SQ1-t208,25,,,,,G,,,,,,,,,,,,,,
Curacao,Sea Aquarium Reef,SQ1,SQ1-t209,9,92,60,32,80%,BC,,,none,none,none,,,,0,,1,0,0,0
Curacao,Sea Aquarium Reef,SQ1,SQ1-t209,13,98,65,62,85%,BC,,,none,none,none,,,,0,,1,0,0,0
Curacao,Sea Aquarium Reef,SQ1,SQ1-t209,17,105,70,45,60%,BC,,,Unk,none,none,,,,0,,0,0,0,0
Curacao,Sea Aquarium Reef,SQ1,SQ1-t209,22,105,70,50,30%,BC,,,none,none,none,,,,0,,1,0,0,0
Curacao,Sea Aquarium Reef,SQ1,SQ1-t209,25,120,75,55,25%,BC,,,none,none,none,,,,0,,0,0,0,1
Curacao,Sea Aquarium Reef,SQ1,SQ1-t209,29,120,75,60,30%,BC,,,none,none,none,,,,,,,,,
Curacao,Sea Aquarium Reef,SQ1,SQ1-t209,33,116,63,60,10%,BC,,,,,,,,,,,,,,
Curacao,Sea Aquarium Reef,SQ1,SQ1-t209,36,122,60,60,1%,RC,,,none,none,none,,,,,,,,,
Curacao,Sea Aquarium Reef,SQ1,SQ1-t209,40,72,60,60,5%,BC,,,,,,,,,,,,,,
Curacao,Sea Aquarium Reef,SQ1,SQ1-t209,44,,,,0%,D,,,,,,,,,,,,,,
Curacao,Sea Aquarium Reef,SQ1,SQ1-t210,9,218,156,76,80%,BC,,,none,none,none,,,,0,,1,0,0,0
Curacao,Sea Aquarium Reef,SQ1,SQ1-t210,13,170,149,130,50%,BC,,,WBD,Unk,none,,,,0,,1,0,0,0
Curacao,Sea Aquarium Reef,SQ1,SQ1-t210,17,175,130,75,40%,BC,,,Unk,none,none,,,,0,,1,0,0,0
Curacao,Sea Aquarium Reef,SQ1,SQ1-t210,22,180,125,75,40%,BC,,,Unk,none,none,,,,0,,1,0,1,0
Curacao,Sea Aquarium Reef,SQ1,SQ1-t210,25,123,85,65,20%,RC,,,none,none,none,,,,0,,0,0,0,0
Curacao,Sea Aquarium Reef,SQ1,SQ1-t210,29,125,115,60,20%,BC,,,RTL,none,none,,,,,,,,,
Curacao,Sea Aquarium Reef,SQ1,SQ1-t210,33,54,36,33,45%,BC,,,,,,,,,,,,,,
Curacao,Sea Aquarium Reef,SQ1,SQ1-t210,36,37,26,25,65%,RC,,,none,none,none,,,,,,,,,
Curacao,Sea Aquarium Reef,SQ1,SQ1-t210,40,42,30,30,80%,BC,,,,,,,,,,,,,,
Curacao,Sea Aquarium Reef,SQ1,SQ1-t210,44,4,3,1,100%,EC,,,,,,,,,,,,,,
Curacao,Sea Aquarium Reef,SQ1,SQ1-t211,9,69,42,31,90%,BC,,,none,none,none,,,,0,,0,0,0,0
Curacao,Sea Aquarium Reef,SQ1,SQ1-t211,13,85,76,48,30%,RC,,,none,none,none,,,,0,,0,0,0,0
Curacao,Sea Aquarium Reef,SQ1,SQ1-t211,17,80,65,30,30%,RC,,,none,none,none,,,,3,,0,0,0,0
Curacao,Sea Aquarium Reef,SQ1,SQ1-t211,22,40,17,25,60%,RC,,,none,none,none,,,,5,,0,0,0,0
Curacao,Sea Aquarium Reef,SQ1,SQ1-t211,25,35,20,30,60%,RC,,,none,none,none,,,,2,,0,0,0,0
Curacao,Sea Aquarium Reef,SQ1,SQ1-t211,29,37,30,33,45%,RC,,,RTL,FS,none,,,,,,,,,
Curacao,Sea Aquarium Reef,SQ1,SQ1-t211,33,35,23,27,15%,RC,,,,,,,,,,,,,,
Curacao,Sea Aquarium Reef,SQ1,SQ1-t211,36,,,,,G,,,,,,,,,,,,,,
Curacao,Sea Aquarium Reef,SQ1,SQ1-t212,9,6,3,4,1%,EC,,,none,none,none,,,,0,,0,0,0,0
Curacao,Sea Aquarium Reef,SQ1,SQ1-t212,13,,,,,G,,,,,,,,,,,,,,
Curacao,Sea Aquarium Reef,SQ1,SQ1-t273,29,165,110,75,65%,BC,,,WPx,none,none,,,,,,,,,
Curacao,Sea Aquarium Reef,SQ1,SQ1-t273,33,163,108,75,35%,BC,,,,,,,,,,,,,,
Curacao,Sea Aquarium Reef,SQ1,SQ1-t273,36,124,120,75,30%,BC,,,none,none,none,,,,,,,,,
Curacao,Sea Aquarium Reef,SQ1,SQ1-t273,40,125,123,75,20%,RC,,,,,,,,,,,,,,
Curacao,Sea Aquarium Reef,SQ1,SQ1-t273,44,140,102,75,15%,RC,,,,,,,,,,,,,,
Curacao,Sea Aquarium Reef,SQ1,SQ1-t274,29,10,7,11,100%,JC,,,none,none,none,,,,,,,,,
Curacao,Sea Aquarium Reef,SQ1,SQ1-t274,33,7,7,8,90%,JC,,,,,,,,,,,,,,
Curacao,Sea Aquarium Reef,SQ1,SQ1-t274,36,,,,0%,D,,,,,,,,,,,,,,
Curacao,Sea Aquarium Reef,SQ1,SQ1-t275,29,7,5,4,100%,JC,,,none,none,none,,,,,,,,,
Curacao,Sea Aquarium Reef,SQ1,SQ1-t275,33,,,,0%,D,,,,,,,,,,,,,,
Curacao,Sea Aquarium Reef,SQ1,SQ1-t276,29,45,30,32,65%,AF,,,none,none,none,,,,,,,,,
Curacao,Sea Aquarium Reef,SQ1,SQ1-t276,33,,,,0%,D,,,,,,,,,,,,,,
Curacao,Sea Aquarium Reef,SQ1,SQ1-t277,29,55,28,20,20%,AF,,,none,none,none,,,,,,,,,
Curacao,Sea Aquarium Reef,SQ1,SQ1-t277,33,,,,,G,,,,,,,,,,,,,,
Curacao,Sea Aquarium Reef,SQ1,SQ1-t278,29,30,15,20,5%,AF,,,none,none,none,,,,,,,,,
Curacao,Sea Aquarium Reef,SQ1,SQ1-t278,33,,,,,G,,,,,,,,,,,,,,
Curacao,Sea Aquarium Reef,SQ1,SQ1-t495,36,6,4,3,100%,EC,,,none,none,none,,,,,,,,,
Curacao,Sea Aquarium Reef,SQ1,SQ1-t495,40,,,,0%,D,,,,,,,,,,,,,,
Curacao,Sea Aquarium Reef,SQ1,SQ1-t496,36,15,8,9,95%,JC,,,none,none,none,,,,,,,,,
Curacao,Sea Aquarium Reef,SQ1,SQ1-t496,40,10,10,4,95%,JC,,,,,,,,,,,,,,
Curacao,Sea Aquarium Reef,SQ1,SQ1-t496,44,,,,,G,,,,,,,,,,,,,,
Curacao,Sea Aquarium Reef,SQ1,SQ1-t497,36,70,50,70,80%,BC,,,RTL,none,none,,,,,,,,,
Curacao,Sea Aquarium Reef,SQ1,SQ1-t497,40,78,62,78,90%,BC,,,,,,,,,,,,,,
Curacao,Sea Aquarium Reef,SQ1,SQ1-t497,44,,,,,G,,,,,,,,,,,,,,
Curacao,Sea Aquarium Reef,SQ1,SQ1-t498,36,24,14,5,60%,JC,,,none,none,none,,,,,,,,,
Curacao,Sea Aquarium Reef,SQ1,SQ1-t498,40,28,18,10,75%,JC,,,,,,,,,,,,,,
Curacao,Sea Aquarium Reef,SQ1,SQ1-t498,44,28,18,10,80%,JC,,,,,,,,,,,,,,
Curacao,Sea Aquarium Reef,SQ1,SQ1-t499,36,36,16,32,30%,AF,,,none,none,none,,,,,,,,,
Curacao,Sea Aquarium Reef,SQ1,SQ1-t499,40,30,15,30,20%,RC,,,,,,,,,,,,,,
Curacao,Sea Aquarium Reef,SQ1,SQ1-t499,44,35,25,30,20%,RC,,,,,,,,,,,,,,
Curacao,Sea Aquarium Reef,SQ1,SQ1-t500,36,5,3,1,100%,EC,,,none,none,none,,,,,,,,,
Curacao,Sea Aquarium Reef,SQ1,SQ1-t500,40,14,13,12,100%,JC,,,,,,,,,,,,,,
Curacao,Sea Aquarium Reef,SQ1,SQ1-t500,44,,,,0%,D,,,,,,,,,,,,,,
Curacao,Sea Aquarium Reef,SQ2,SQ2-t213,9,122,119,79,75%,BC,,,none,none,none,,,,0,,0,0,0,0
Curacao,Sea Aquarium Reef,SQ2,SQ2-t213,13,150,140,95,80%,BC,,,none,none,none,,,,0,,0,0,0,0
Curacao,Sea Aquarium Reef,SQ2,SQ2-t213,17,140,120,95,80%,BC,,,none,none,none,,,,0,,0,0,0,0
Curacao,Sea Aquarium Reef,SQ2,SQ2-t213,22,,,,,G,,,,,,,,,,,,,,
Curacao,Sea Aquarium Reef,SQ2,SQ2-t214,9,62,58,32,80%,BC,,,none,none,none,,,,0,,0,0,0,0
Curacao,Sea Aquarium Reef,SQ2,SQ2-t214,13,85,75,30,90%,BC,,,WPx,none,none,,,,0,,0,0,0,0
Curacao,Sea Aquarium Reef,SQ2,SQ2-t214,17,97,86,45,95%,BC,,,none,none,none,,,,0,,0,0,0,0
Curacao,Sea Aquarium Reef,SQ2,SQ2-t214,22,36,34,16,80%,JC,,,none,none,none,,,,0,,0,0,0,0
Curacao,Sea Aquarium Reef,SQ2,SQ2-t214,25,40,35,19,85%,JC,,,none,none,none,,,,0,,0,0,0,0
Curacao,Sea Aquarium Reef,SQ2,SQ2-t214,29,49,42,24,80%,BC,,,RTL,FS,CB,,,,2,,0,0,0,0
Curacao,Sea Aquarium Reef,SQ2,SQ2-t214,33,57,44,27,80%,BC,,,,,,,,,,,,,,
Curacao,Sea Aquarium Reef,SQ2,SQ2-t214,36,56,42,31,50%,BC,,,none,none,none,,,,,,,,,
Curacao,Sea Aquarium Reef,SQ2,SQ2-t214,40,60,46,28,45%,BC,,,,,,,,,,,,,,
Curacao,Sea Aquarium Reef,SQ2,SQ2-t214,44,57,40,29,55%,BC,,,,,,,,,,,,,,
Curacao,Sea Aquarium Reef,SQ2,SQ2-t215,9,58,32,15,80%,AF,,,none,none,none,,,,0,,0,0,0,0
Curacao,Sea Aquarium Reef,SQ2,SQ2-t215,13,52,35,18,35%,AF,,,Unk,none,none,,,,0,,0,0,0,0
Curacao,Sea Aquarium Reef,SQ2,SQ2-t215,17,,,,,G,,,,,,,,,,,,,,
Curacao,Sea Aquarium Reef,SQ2,SQ2-t216,9,52,45,27,99%,BC,,,none,none,none,,,,0,,0,0,0,0
Curacao,Sea Aquarium Reef,SQ2,SQ2-t216,13,70,65,40,99%,BC,,,none,none,none,,,,0,,0,0,1,2
Curacao,Sea Aquarium Reef,SQ2,SQ2-t216,17,80,80,35,99%,BC,,,none,none,none,,,,0,,0,0,0,0
Curacao,Sea Aquarium Reef,SQ2,SQ2-t216,22,95,92,45,99%,BC,,,none,none,none,,,,0,,0,0,0,0
Curacao,Sea Aquarium Reef,SQ2,SQ2-t216,25,107,107,47,98%,BC,,,FP,none,none,,,,0,,0,0,0,0
Curacao,Sea Aquarium Reef,SQ2,SQ2-t216,29,118,105,45,90%,BC,,,WPx,none,none,,,,0,,0,0,0,0
Curacao,Sea Aquarium Reef,SQ2,SQ2-t216,33,,,,,G,,,,,,,,,,,,,,
Curacao,Sea Aquarium Reef,SQ2,SQ2-t217,9,28,28,30,80%,AF,,,none,none,none,,,,0,,0,0,0,0
Curacao,Sea Aquarium Reef,SQ2,SQ2-t217,13,40,30,50,85%,BC,,,PFB,none,none,,,,0,,0,0,0,0
Curacao,Sea Aquarium Reef,SQ2,SQ2-t217,17,40,30,45,80%,BC,,,none,none,none,,,,0,,0,0,0,1
Curacao,Sea Aquarium Reef,SQ2,SQ2-t217,22,53,48,50,80%,BC,,,none,none,none,,,,0,,0,0,0,0
Curacao,Sea Aquarium Reef,SQ2,SQ2-t217,25,,,,,G,,,,,,,,,,,,,,
Curacao,Sea Aquarium Reef,SQ2,SQ2-t218,9,164,159,96,85%,BC,,,none,none,none,,,,0,,0,0,0,0
Curacao,Sea Aquarium Reef,SQ2,SQ2-t218,13,170,110,110,90%,BC,,,none,none,none,,,,0,,1,0,1,0
Curacao,Sea Aquarium Reef,SQ2,SQ2-t218,17,185,130,90,90%,BC,,,none,none,none,,,,0,,0,0,1,1
Curacao,Sea Aquarium Reef,SQ2,SQ2-t218,22,155,95,80,80%,BC,,,none,none,none,,,,1,,0,0,1,0
Curacao,Sea Aquarium Reef,SQ2,SQ2-t218,25,165,115,90,85%,BC,,,none,none,none,,,,0,,0,0,0,0
Curacao,Sea Aquarium Reef,SQ2,SQ2-t218,29,175,115,90,85%,BC,,,FP,Unk,none,,,,0,,0,0,0,0
Curacao,Sea Aquarium Reef,SQ2,SQ2-t218,33,170,120,93,80%,BC,,,,,,,,,,,,,,
Curacao,Sea Aquarium Reef,SQ2,SQ2-t218,36,185,124,93,80%,BC,,,FP,none,none,,,,,,,,,
Curacao,Sea Aquarium Reef,SQ2,SQ2-t218,40,205,142,95,85%,BC,,,,,,,,,,,,,,
Curacao,Sea Aquarium Reef,SQ2,SQ2-t218,44,164,137,97,90%,BC,,,,,,,,,,,,,,
Curacao,Sea Aquarium Reef,SQ2,SQ2-t219,9,27,26,24,90%,JC,,,none,none,none,,,,0,,0,0,0,0
Curacao,Sea Aquarium Reef,SQ2,SQ2-t219,13,50,45,40,55%,BC,,,FS,none,none,,,,6,,0,0,0,0
Curacao,Sea Aquarium Reef,SQ2,SQ2-t219,17,50,43,37,75%,BC,,,,,,,,,,,,,,
Curacao,Sea Aquarium Reef,SQ2,SQ2-t219,22,48,43,35,85%,BC,,,none,none,none,,,,0,,0,0,0,0
Curacao,Sea Aquarium Reef,SQ2,SQ2-t219,25,,,,,G,,,,,,,,,,,,,,
Curacao,Sea Aquarium Reef,SQ2,SQ2-t220,9,82,66,40,99%,BC,,,none,none,none,,,,0,,0,0,0,0
Curacao,Sea Aquarium Reef,SQ2,SQ2-t220,13,90,80,45,99%,BC,,,FP,none,none,,,,0,,0,0,0,0
Curacao,Sea Aquarium Reef,SQ2,SQ2-t220,17,100,90,50,99%,BC,,,none,none,none,,,,0,,0,0,0,1
Curacao,Sea Aquarium Reef,SQ2,SQ2-t220,22,,,,,G,,,,,,,,,,,,,,
Curacao,Sea Aquarium Reef,SQ2,SQ2-t221,9,162,92,64,95%,BC,,,FS,WPx,none,,,,5,,0,0,1,0
Curacao,Sea Aquarium Reef,SQ2,SQ2-t221,13,95,60,38,75%,BC,,,WPx,none,none,,,,0,,0,0,1,0
Curacao,Sea Aquarium Reef,SQ2,SQ2-t221,17,105,80,40,80%,BC,,,none,none,none,,,,0,,0,0,0,0
Curacao,Sea Aquarium Reef,SQ2,SQ2-t221,22,,,,,G,,,,,,,,,,,,,,
Curacao,Sea Aquarium Reef,SQ2,SQ2-t222,9,76,56,26,45%,RC,,,FS,WPx,none,,,,1,,0,0,0,0
Curacao,Sea Aquarium Reef,SQ2,SQ2-t222,13,80,70,35,35%,RC,,,none,none,none,,,,0,,0,0,0,0
Curacao,Sea Aquarium Reef,SQ2,SQ2-t222,17,,,,,G,,,,,,,,,,,,,,
Curacao,Sea Aquarium Reef,SQ2,SQ2-t223,9,130,90,15,15%,RC,,,none,none,none,,,,0,,0,0,0,0
Curacao,Sea Aquarium Reef,SQ2,SQ2-t223,13,130,95,20,20%,RC,,,oth,none,none,,,,0,,0,0,0,0
Curacao,Sea Aquarium Reef,SQ2,SQ2-t223,17,130,95,35,20%,AF,,,WBD,none,none,,,,0,,0,0,0,0
Curacao,Sea Aquarium Reef,SQ2,SQ2-t223,22,130,80,35,35%,AF,,,none,none,none,,,,0,,0,0,0,0
Curacao,Sea Aquarium Reef,SQ2,SQ2-t223,25,95,75,35,75%,BC,,,WPx,none,none,,,,0,,0,0,0,0
Curacao,Sea Aquarium Reef,SQ2,SQ2-t223,29,103,75,35,45%,BC,,,WBD,RTL,none,,,,0,,0,0,0,0
Curacao,Sea Aquarium Reef,SQ2,SQ2-t223,33,112,65,35,45%,BC,,,,,,,,,,,,,,
Curacao,Sea Aquarium Reef,SQ2,SQ2-t223,36,107,65,36,20%,RC,,,none,none,none,,,,,,,,,
Curacao,Sea Aquarium Reef,SQ2,SQ2-t223,40,90,71,37,20%,RC,,,,,,,,,,,,,,
Curacao,Sea Aquarium Reef,SQ2,SQ2-t223,44,90,56,40,10%,RC,,,,,,,,,,,,,,
Curacao,Sea Aquarium Reef,SQ2,SQ2-t224,9,58,32,35,50%,RC,,,none,none,none,,,,0,,0,0,0,0
Curacao,Sea Aquarium Reef,SQ2,SQ2-t224,13,,,,,G,,,,,,,,,,,,,,
Curacao,Sea Aquarium Reef,SQ2,SQ2-t279,29,15,5,4,50%,AF,,,none,none,none,,,,0,,0,0,0,0
Curacao,Sea Aquarium Reef,SQ2,SQ2-t279,33,8,6,5,90%,AF,,,,,,,,,,,,,,
Curacao,Sea Aquarium Reef,SQ2,SQ2-t279,36,,,,,G,,,,,,,,,,,,,,
Curacao,Sea Aquarium Reef,SQ2,SQ2-t380,25,60,50,10,95%,AF,,,none,none,none,,,,,,,,,
Curacao,Sea Aquarium Reef,SQ2,SQ2-t380,29,62,53,12,80%,AF,,,RTL,none,none,,,,0,,0,0,0,0
Curacao,Sea Aquarium Reef,SQ2,SQ2-t380,33,65,52,12,45%,AF,,,,,,,,,,,,,,
Curacao,Sea Aquarium Reef,SQ2,SQ2-t380,36,56,52,12,10%,RC,,,none,none,none,,,,,,,,,
Curacao,Sea Aquarium Reef,SQ2,SQ2-t380,40,54,45,12,15%,RC,,,,,,,,,,,,,,
Curacao,Sea Aquarium Reef,SQ2,SQ2-t380,44,12,6,1,90%,EC,,,,,,,,,,,,,,
Curacao,Sea Aquarium Reef,SQ2,SQ2-t381,25,29,27,22,80%,AF,,,Unk,none,none,,,,,,,,,
Curacao,Sea Aquarium Reef,SQ2,SQ2-t381,29,40,32,22,80%,JC,,,FS,none,none,,,,0,,0,0,1,1
Curacao,Sea Aquarium Reef,SQ2,SQ2-t381,33,53,52,27,80%,BC,,,,,,,,,,,,,,
Curacao,Sea Aquarium Reef,SQ2,SQ2-t381,36,64,48,38,80%,BC,,,FS,none,none,,,,,,,,,
Curacao,Sea Aquarium Reef,SQ2,SQ2-t381,40,86,53,52,70%,BC,,,,,,,,,,,,,,
Curacao,Sea Aquarium Reef,SQ2,SQ2-t381,44,,,,,,,,,,,,,,,,,,,
Curacao,Sea Aquarium Reef,SQ2,SQ2-t382,25,30,31,15,90%,AF,,,none,none,none,,,,,,,,,
Curacao,Sea Aquarium Reef,SQ2,SQ2-t382,29,,,,0%,D,,,,,,,,,,,,,,
Curacao,Sea Aquarium Reef,SQ2,SQ2-t383,25,44,21,18,80%,AF,,,none,none,none,,,,,,,,,
Curacao,Sea Aquarium Reef,SQ2,SQ2-t383,29,51,28,25,30%,BC,,,RTL,none,none,,,,0,,0,0,0,0
Curacao,Sea Aquarium Reef,SQ2,SQ2-t383,33,57,29,31,30%,BC,,,,,,,,,,,,,,
Curacao,Sea Aquarium Reef,SQ2,SQ2-t383,36,52,36,39,100%,BC,,,none,none,none,,,,,,,,,
Curacao,Sea Aquarium Reef,SQ2,SQ2-t383,40,65,48,42,100%,BC,,,,,,,,,,,,,,
Curacao,Sea Aquarium Reef,SQ2,SQ2-t383,44,64,55,57,98%,BC,,,,,,,,,,,,,,
Curacao,Sea Aquarium Reef,SQ2,SQ2-t384,25,120,90,15,80%,AF,,,WPx,FS,none,,,,,,,,,
Curacao,Sea Aquarium Reef,SQ2,SQ2-t384,29,115,86,24,70%,AF,,,RTL,FP,CL,,,,0,,0,1,1,0
Curacao,Sea Aquarium Reef,SQ2,SQ2-t384,33,,,,,G,,,,,,,,,,,,,,
Curacao,Sea Aquarium Reef,SQ2,SQ2-t385,25,76,46,20,25%,RC,,,RTL,CB,none,,,,,,,,,
Curacao,Sea Aquarium Reef,SQ2,SQ2-t385,29,72,45,22,15%,RC,,,none,none,none,,,,0,,0,0,0,0
Curacao,Sea Aquarium Reef,SQ2,SQ2-t385,33,75,38,21,15%,RC,,,,,,,,,,,,,,
Curacao,Sea Aquarium Reef,SQ2,SQ2-t385,36,15,10,10,85%,JC,,,none,none,none,,,,,,,,,
Curacao,Sea Aquarium Reef,SQ2,SQ2-t385,40,,,,0%,D,,,,,,,,,,,,,,
Curacao,Sea Aquarium Reef,SQ2,SQ2-t386,25,16,13,9,100%,JC,,,none,none,none,,,,,,,,,
Curacao,Sea Aquarium Reef,SQ2,SQ2-t386,29,28,21,12,60%,RC,,,none,none,none,,,,0,,0,0,0,0
Curacao,Sea Aquarium Reef,SQ2,SQ2-t386,33,42,31,17,85%,BC,,,,,,,,,,,,,,
Curacao,Sea Aquarium Reef,SQ2,SQ2-t386,36,54,34,20,70%,BC,,,none,none,none,,,,,,,,,
Curacao,Sea Aquarium Reef,SQ2,SQ2-t386,40,76,44,28,80%,BC,,,,,,,,,,,,,,
Curacao,Sea Aquarium Reef,SQ2,SQ2-t386,44,,,,,G,,,,,,,,,,,,,,
Curacao,Sea Aquarium Reef,SQ2,SQ2-t387,25,157,93,26,95%,BC,,,WBD,FP,none,,,,,,,,,
Curacao,Sea Aquarium Reef,SQ2,SQ2-t387,29,193,105,30,60%,BC,,,WPx,FS,none,,,,0,,0,0,1,0
Curacao,Sea Aquarium Reef,SQ2,SQ2-t387,33,190,110,37,60%,BC,,,,,,,,,,,,,,
Curacao,Sea Aquarium Reef,SQ2,SQ2-t387,36,207,118,42,65%,BC,,,WPx,none,none,,,,,,,,,
Curacao,Sea Aquarium Reef,SQ2,SQ2-t387,40,,,,,G,,,,,,,,,,,,,,
Curacao,Sea Aquarium Reef,SQ2,SQ2-t451,36,14,13,17,70%,JC,,,,,,,,,,,,,,
Curacao,Sea Aquarium Reef,SQ2,SQ2-t451,40,24,22,28,90%,JC,,,,,,,,,,,,,,
Curacao,Sea Aquarium Reef,SQ2,SQ2-t451,44,,,,,G,,,,,,,,,,,,,,
Curacao,Sea Aquarium Reef,SQ2,SQ2-t452,36,10,6,7,95%,JC,,,,,,,,,,,,,,
Curacao,Sea Aquarium Reef,SQ2,SQ2-t452,40,,,,,G,,,,,,,,,,,,,,
Curacao,Sea Aquarium Reef,SQ2,SQ2-t453,36,3,2,1,100%,EC,,,,,,,,,,,,,,
Curacao,Sea Aquarium Reef,SQ2,SQ2-t453,40,4,4,2,100%,EC,,,,,,,,,,,,,,
Curacao,Sea Aquarium Reef,SQ2,SQ2-t453,44,6,4,3,100%,EC,,,,,,,,,,,,,,
Curacao,Sea Aquarium Reef,SQ3,SQ3-t225,9,72,69,49,99%,BC,,,none,none,none,,,,0,,0,0,0,0
Curacao,Sea Aquarium Reef,SQ3,SQ3-t225,13,96,95,60,90%,BC,,,FP,none,none,,,,0,,0,1,1,0
Curacao,Sea Aquarium Reef,SQ3,SQ3-t225,17,110,105,70,90%,BC,,,FS,none,none,,,,18,,0,0,0,0
Curacao,Sea Aquarium Reef,SQ3,SQ3-t225,22,,,,,G,,,,,,,,,,,,,,
Curacao,Sea Aquarium Reef,SQ3,SQ3-t226,9,137,105,68,65%,BC,,,FS,none,none,,,,16,,1,0,0,0
Curacao,Sea Aquarium Reef,SQ3,SQ3-t226,13,145,105,70,85%,BC,,,RTL,none,none,,,,0,,2,0,1,0
Curacao,Sea Aquarium Reef,SQ3,SQ3-t226,17,102,90,79,90%,BC,,,none,none,none,,,,0,,1,0,0,0
Curacao,Sea Aquarium Reef,SQ3,SQ3-t226,22,115,60,110,20%,BC,,,none,none,none,,,,0,,0,0,1,0
Curacao,Sea Aquarium Reef,SQ3,SQ3-t226,25,110,65,100,20%,BC,,,,,,,,,,,,,,
Curacao,Sea Aquarium Reef,SQ3,SQ3-t226,29,65,55,65,20%,RC,,,Unk,none,none,,,,,,,,,
Curacao,Sea Aquarium Reef,SQ3,SQ3-t226,33,7,7,9,100%,EC,,,,,,,,,,,,,,
Curacao,Sea Aquarium Reef,SQ3,SQ3-t226,36,,,,0%,D,,,,,,,,,,,,,,
Curacao,Sea Aquarium Reef,SQ3,SQ3-t227,9,124,66,65,55%,BC,,,FS,none,none,,,,0,,0,0,1,0
Curacao,Sea Aquarium Reef,SQ3,SQ3-t227,13,130,80,70,65%,BC,,,FS,Unk,none,,,,0,,0,0,0,0
Curacao,Sea Aquarium Reef,SQ3,SQ3-t227,17,135,85,75,40%,BC,,,Unk,none,none,,,,0,,0,0,0,0
Curacao,Sea Aquarium Reef,SQ3,SQ3-t227,22,125,90,70,45%,BC,,,none,none,none,,,,0,,0,0,1,0
Curacao,Sea Aquarium Reef,SQ3,SQ3-t227,25,125,97,70,50%,BC,,,,,,,,,,,,,,
Curacao,Sea Aquarium Reef,SQ3,SQ3-t227,29,127,97,78,40%,BC,,,none,none,none,,,,,,,,,
Curacao,Sea Aquarium Reef,SQ3,SQ3-t227,33,131,75,70,25%,BC,,,,,,,,,,,,,,
Curacao,Sea Aquarium Reef,SQ3,SQ3-t227,36,128,73,70,20%,BC,,,,,,,,,,,,,,
Curacao,Sea Aquarium Reef,SQ3,SQ3-t227,40,128,68,70,20%,BC,,,,,,,,,,,,,,
Curacao,Sea Aquarium Reef,SQ3,SQ3-t227,44,16,14,13,90%,JC,,,,,,,,,,,,,,
Curacao,Sea Aquarium Reef,SQ3,SQ3-t228,9,305,184,74,85%,BC,,,FS,FP,none,,,,16,,0,0,1,0
Curacao,Sea Aquarium Reef,SQ3,SQ3-t228,13,280,220,75,85%,BC,,,FP,none,none,,,,0,,4,0,0,2
Curacao,Sea Aquarium Reef,SQ3,SQ3-t228,17,285,220,70,80%,BC,,,none,none,none,,,,3,,3,0,1,0
Curacao,Sea Aquarium Reef,SQ3,SQ3-t228,22,270,130,60,50%,BC,,,none,none,none,,,,0,,2,0,1,0
Curacao,Sea Aquarium Reef,SQ3,SQ3-t228,25,275,145,65,55%,BC,,,,,,,,,,,,,,
Curacao,Sea Aquarium Reef,SQ3,SQ3-t228,29,275,135,65,60%,BC,,,RTL,FS,none,,,,,,,,,
Curacao,Sea Aquarium Reef,SQ3,SQ3-t228,33,280,147,69,60%,BC,,,,,,,,,,,,,,
Curacao,Sea Aquarium Reef,SQ3,SQ3-t228,36,280,162,65,60%,BC,,,,,,,,,,,,,,
Curacao,Sea Aquarium Reef,SQ3,SQ3-t228,40,275,155,65,60%,BC,,,,,,,,,,,,,,
Curacao,Sea Aquarium Reef,SQ3,SQ3-t228,44,300,140,65,55%,BC,,,,,,,,,,,,,,
Curacao,Sea Aquarium Reef,SQ3,SQ3-t229,9,119,102,96,70%,BC,,,Unk,FS,none,,,,1,,0,0,1,0
Curacao,Sea Aquarium Reef,SQ3,SQ3-t229,13,130,105,98,70%,BC,,,none,none,none,,,,0,,1,0,1,0
Curacao,Sea Aquarium Reef,SQ3,SQ3-t229,17,120,100,100,80%,BC,,,none,none,none,,,,0,,1,0,0,0
Curacao,Sea Aquarium Reef,SQ3,SQ3-t229,22,130,80,40,30%,RC,,,none,none,none,,,,0,,0,0,0,0
Curacao,Sea Aquarium Reef,SQ3,SQ3-t229,25,134,87,40,35%,RC,,,,,,,,,,,,,,
Curacao,Sea Aquarium Reef,SQ3,SQ3-t229,29,139,85,40,35%,BC,,,WPx,FP,none,,,,,,,,,
Curacao,Sea Aquarium Reef,SQ3,SQ3-t229,33,142,85,40,35%,BC,,,,,,,,,,,,,,
Curacao,Sea Aquarium Reef,SQ3,SQ3-t229,36,151,94,43,30%,BC,,,,,,,,,,,,,,
Curacao,Sea Aquarium Reef,SQ3,SQ3-t229,40,155,112,50,40%,BC,,,,,,,,,,,,,,
Curacao,Sea Aquarium Reef,SQ3,SQ3-t229,44,116,40,40,30%,RC,,,,,,,,,,,,,,
Curacao,Sea Aquarium Reef,SQ3,SQ3-t230,9,24,15,20,40%,RC,,,none,none,none,,,,0,,0,0,0,0
Curacao,Sea Aquarium Reef,SQ3,SQ3-t230,13,35,20,30,60%,RC,,,none,none,none,,,,0,,1,0,0,0
Curacao,Sea Aquarium Reef,SQ3,SQ3-t230,17,40,25,35,60%,RC,,,WPx,none,none,,,,0,,0,0,0,0
Curacao,Sea Aquarium Reef,SQ3,SQ3-t230,22,,,,,G,,,,,,,,,,,,,,
Curacao,Sea Aquarium Reef,SQ3,SQ3-t231,9,74,48,45,70%,BC,,,Unk,none,none,,,,0,,0,0,0,0
Curacao,Sea Aquarium Reef,SQ3,SQ3-t231,13,75,55,45,70%,BC,,,RTL,none,none,,,,0,,0,0,1,2
Curacao,Sea Aquarium Reef,SQ3,SQ3-t231,17,81,60,45,70%,BC,,,PFB,none,none,,,,0,,0,0,0,0
Curacao,Sea Aquarium Reef,SQ3,SQ3-t231,22,85,60,47,70%,BC,,,none,none,none,,,,0,,0,0,0,0
Curacao,Sea Aquarium Reef,SQ3,SQ3-t231,25,89,60,50,75%,BC,,,,,,,,,,,,,,
Curacao,Sea Aquarium Reef,SQ3,SQ3-t231,29,90,71,55,40%,BC,,,FS,FP,none,,,,,,,,,
Curacao,Sea Aquarium Reef,SQ3,SQ3-t231,33,94,78,57,30%,BC,,,,,,,,,,,,,,
Curacao,Sea Aquarium Reef,SQ3,SQ3-t231,36,93,72,55,10%,BC,,,,,,,,,,,,,,
Curacao,Sea Aquarium Reef,SQ3,SQ3-t231,40,,,,,G,,,,,,,,,,,,,,
Curacao,Sea Aquarium Reef,SQ3,SQ3-t232,9,129,78,52,90%,BC,,,WPx,none,none,,,,0,,0,0,0,0
Curacao,Sea Aquarium Reef,SQ3,SQ3-t232,13,150,95,60,95%,BC,,,WBD,FS,WPx,,,,1,,0,0,1,0
Curacao,Sea Aquarium Reef,SQ3,SQ3-t232,17,160,105,65,85%,BC,,,FS,RTL,none,,,,8,,1,0,1,0
Curacao,Sea Aquarium Reef,SQ3,SQ3-t232,22,175,110,70,75%,BC,,,FS,none,none,,,,7,,0,0,1,0
Curacao,Sea Aquarium Reef,SQ3,SQ3-t232,25,185,119,70,70%,BC,,,,,,,,,,,,,,
Curacao,Sea Aquarium Reef,SQ3,SQ3-t232,29,175,120,65,40%,BC,,,RTL,FS,CB,,,,,,,,,
Curacao,Sea Aquarium Reef,SQ3,SQ3-t232,33,190,120,65,25%,BC,,,,,,,,,,,,,,
Curacao,Sea Aquarium Reef,SQ3,SQ3-t232,36,198,136,65,20%,BC,,,,,,,,,,,,,,
Curacao,Sea Aquarium Reef,SQ3,SQ3-t232,40,153,82,60,10%,BC,,,,,,,,,,,,,,
Curacao,Sea Aquarium Reef,SQ3,SQ3-t232,44,,,,,G,,,,,,,,,,,,,,
Curacao,Sea Aquarium Reef,SQ3,SQ3-t233,9,196,175,60,60%,BC,,,WPx,FS,none,,,,0,,2,0,0,0
Curacao,Sea Aquarium Reef,SQ3,SQ3-t233,13,200,185,65,55%,BC,,,FS,none,none,,,,0,,1,0,1,2
Curacao,Sea Aquarium Reef,SQ3,SQ3-t233,17,210,190,70,50%,BC,,,WPx,FP,none,,,,0,,1,0,0,0
Curacao,Sea Aquarium Reef,SQ3,SQ3-t233,22,,,,,G,,,,,,,,,,,,,,
Curacao,Sea Aquarium Reef,SQ3,SQ3-t234,9,64,30,38,99%,BC,,,none,none,none,,,,0,,0,0,0,0
Curacao,Sea Aquarium Reef,SQ3,SQ3-t234,13,,,,,G,,,,,,,,,,,,,,
Curacao,Sea Aquarium Reef,SQ3,SQ3-t235,9,16,14,6,90%,RC,,,none,none,none,,,,0,,0,0,0,0
Curacao,Sea Aquarium Reef,SQ3,SQ3-t235,13,,,,0%,D,,,,,,,,,,,,,,
Curacao,Sea Aquarium Reef,SQ3,SQ3-t236,9,89,56,45,95%,BC,,,FS,Oth,none,,,,6,,0,0,0,0
Curacao,Sea Aquarium Reef,SQ3,SQ3-t236,13,,,,,G,,,,,,,,,,,,,,
Curacao,Sea Aquarium Reef,SQ3,SQ3-t280,29,220,175,90,60%,BC,,,WPx,none,none,,,,,,,,,
Curacao,Sea Aquarium Reef,SQ3,SQ3-t280,33,215,178,90,40%,BC,,,,,,,,,,,,,,
Curacao,Sea Aquarium Reef,SQ3,SQ3-t280,36,210,125,90,20%,BC,,,,,,,,,,,,,,
Curacao,Sea Aquarium Reef,SQ3,SQ3-t280,40,215,131,80,20%,BC,,,,,,,,,,,,,,
Curacao,Sea Aquarium Reef,SQ3,SQ3-t280,44,150,100,60,20%,BC,,,,,,,,,,,,,,
Curacao,Sea Aquarium Reef,SQ3,SQ3-t281,29,18,10,12,85%,AF,,,none,none,none,,,,,,,,,
Curacao,Sea Aquarium Reef,SQ3,SQ3-t281,33,26,22,22,95%,JC,,,,,,,,,,,,,,
Curacao,Sea Aquarium Reef,SQ3,SQ3-t281,36,42,37,32,95%,BC,,,,,,,,,,,,,,
Curacao,Sea Aquarium Reef,SQ3,SQ3-t281,40,,,,,G,,,,,,,,,,,,,,
Curacao,Sea Aquarium Reef,SQ3,SQ3-t282,29,7,7,5,100%,JC,,,none,none,none,,,,,,,,,
Curacao,Sea Aquarium Reef,SQ3,SQ3-t282,33,12,8,7,20%,RC,,,,,,,,,,,,,,
Curacao,Sea Aquarium Reef,SQ3,SQ3-t282,36,,,,0%,D,,,,,,,,,,,,,,
Curacao,Sea Aquarium Reef,SQ3,SQ3-t364,25,26,20,13,100%,JC,,,,,,,,,,,,,,
Curacao,Sea Aquarium Reef,SQ3,SQ3-t364,29,,,,0%,D,,,,,,,,,,,,,,
Curacao,Sea Aquarium Reef,SQ3,SQ3-t366,25,6,6,4,100%,EC,,,,,,,,,,,,,,
Curacao,Sea Aquarium Reef,SQ3,SQ3-t366,29,,,,,G,,,,,,,,,,,,,,
Curacao,Sea Aquarium Reef,SQ3,SQ3-t366,33,,,,0%,D,,,,,,,,,,,,,,
Curacao,Sea Aquarium Reef,SQ3,SQ3-t371,25,210,90,70,85%,BC,,,,,,,,,,,,,,
Curacao,Sea Aquarium Reef,SQ3,SQ3-t371,29,216,80,65,65%,BC,,,FS,none,none,,,,,,,,,
Curacao,Sea Aquarium Reef,SQ3,SQ3-t371,33,235,75,70,65%,BC,,,,,,,,,,,,,,
Curacao,Sea Aquarium Reef,SQ3,SQ3-t371,36,233,78,68,45%,BC,,,,,,,,,,,,,,
Curacao,Sea Aquarium Reef,SQ3,SQ3-t371,40,232,85,78,40%,BC,,,,,,,,,,,,,,
Curacao,Sea Aquarium Reef,SQ3,SQ3-t371,44,240,98,85,25%,BC,,,,,,,,,,,,,,
Curacao,Sea Aquarium Reef,SQ3,SQ3-t372,25,64,30,40,40%,BC,,,,,,,,,,,,,,
Curacao,Sea Aquarium Reef,SQ3,SQ3-t372,29,,,,,D,,,,,,,,,,,,,,
Curacao,Sea Aquarium Reef,SQ3,SQ3-t374,25,180,120,75,90%,BC,,,,,,,,,,,,,,
Curacao,Sea Aquarium Reef,SQ3,SQ3-t374,29,210,135,80,70%,BC,,,none,none,none,,,,,,,,,
Curacao,Sea Aquarium Reef,SQ3,SQ3-t374,33,215,145,80,65%,BC,,,,,,,,,,,,,,
Curacao,Sea Aquarium Reef,SQ3,SQ3-t374,36,,,,,G,,,,,,,,,,,,,,
Curacao,Sea Aquarium Reef,SQ3,SQ3-t454,36,36,16,6,45%,AF,,,,,,,,,,,,,,
Curacao,Sea Aquarium Reef,SQ3,SQ3-t454,40,14,7,1,80%,EC,,,,,,,,,,,,,,
Curacao,Sea Aquarium Reef,SQ3,SQ3-t454,44,,,,,G,,,,,,,,,,,,,,
Curacao,Sea Aquarium Reef,SQ3,SQ3-t455,36,54,30,7,20%,AF,,,,,,,,,,,,,,
Curacao,Sea Aquarium Reef,SQ3,SQ3-t455,40,,,,0%,D,,,,,,,,,,,,,,
Curacao,Sea Aquarium Reef,SQ3,SQ3-t456,36,14,7,8,100%,AF,,,,,,,,,,,,,,
Curacao,Sea Aquarium Reef,SQ3,SQ3-t456,40,15,11,11,100%,EC,,,,,,,,,,,,,,
Curacao,Sea Aquarium Reef,SQ3,SQ3-t456,44,,,,,G,,,,,,,,,,,,,,
Curacao,Sea Aquarium Reef,SQ3,SQ3-t457,36,20,11,6,30%,EC,,,,,,,,,,,,,,
Curacao,Sea Aquarium Reef,SQ3,SQ3-t457,40,20,10,7,10%,EC,,,,,,,,,,,,,,
Curacao,Sea Aquarium Reef,SQ3,SQ3-t457,44,9,6,9,90%,JC,,,,,,,,,,,,,,
Curacao,Water Factory,WF1,WF1-t401,29,30,22,20,90%,JC,,,CL,none,none,,,,0,,1,0,0,0
Curacao,Water Factory,WF1,WF1-t401,33,30,27,23,80%,JC,,,,,,,,,,,,,,
Curacao,Water Factory,WF1,WF1-t401,36,33,32,22,85%,JC,,,none,none,none,,,,,,,,,
Curacao,Water Factory,WF1,WF1-t401,40,35,34,24,90%,JC,,,,,,,,,,,,,,
Curacao,Water Factory,WF1,WF1-t401,44,43,37,25,90%,BC,,,,,,,,,,,,,,
Curacao,Water Factory,WF1,WF1-t402,29,10,7,6,95%,JC,,,none,none,none,,,,0,,0,0,0,0
Curacao,Water Factory,WF1,WF1-t402,33,13,7,8,95%,JC,,,,,,,,,,,,,,
Curacao,Water Factory,WF1,WF1-t402,36,19,11,12,99%,JC,,,none,none,none,,,,,,,,,
Curacao,Water Factory,WF1,WF1-t402,40,24,16,14,100%,JC,,,,,,,,,,,,,,
Curacao,Water Factory,WF1,WF1-t402,44,24,18,14,95%,JC,,,,,,,,,,,,,,
Curacao,Water Factory,WF1,WF1-t403,29,58,30,20,80%,BC,,,none,none,none,,,,0,,0,0,0,0
Curacao,Water Factory,WF1,WF1-t403,33,53,36,24,85%,BC,,,,,,,,,,,,,,
Curacao,Water Factory,WF1,WF1-t403,36,55,44,29,95%,BC,,,none,none,none,,,,,,,,,
Curacao,Water Factory,WF1,WF1-t403,40,66,63,37,95%,BC,,,,,,,,,,,,,,
Curacao,Water Factory,WF1,WF1-t403,44,57,37,35,99%,BC,,,,,,,,,,,,,,
Curacao,Water Factory,WF1,WF1-t404,29,51,31,22,70%,AF,,,Unk,none,none,,,,0,,0,0,0,0
Curacao,Water Factory,WF1,WF1-t404,33,65,37,28,70%,AF,,,,,,,,,,,,,,
Curacao,Water Factory,WF1,WF1-t404,36,76,31,34,75%,BC,,,none,none,none,,,,,,,,,
Curacao,Water Factory,WF1,WF1-t404,40,95,50,40,80%,BC,,,,,,,,,,,,,,
Curacao,Water Factory,WF1,WF1-t404,44,,,,,G,,,,,,,,,,,,,,
Curacao,Water Factory,WF1,WF1-t405,29,4,3,3,100%,EC,,,none,none,none,,,,0,,0,0,0,0
Curacao,Water Factory,WF1,WF1-t405,33,4,3,3,100%,EC,,,,,,,,,,,,,,
Curacao,Water Factory,WF1,WF1-t405,36,8,6,4,100%,EC,,,none,none,none,,,,,,,,,
Curacao,Water Factory,WF1,WF1-t405,40,15,15,12,100%,JC,,,,,,,,,,,,,,
Curacao,Water Factory,WF1,WF1-t405,44,53,38,15,70%,BC,,,,,,,,,,,,,,
Curacao,Water Factory,WF1,WF1-t406,29,35,23,17,95%,EC,,,none,none,none,,,,0,,0,0,0,0
Curacao,Water Factory,WF1,WF1-t406,33,51,25,23,100%,BC,,,,,,,,,,,,,,
Curacao,Water Factory,WF1,WF1-t406,36,64,26,26,100%,BC,,,none,none,none,,,,,,,,,
Curacao,Water Factory,WF1,WF1-t406,40,78,44,41,100%,BC,,,,,,,,,,,,,,
Curacao,Water Factory,WF1,WF1-t406,44,58,52,48,100%,BC,,,,,,,,,,,,,,
Curacao,Water Factory,WF1,WF1-t407,29,7,5,5,100%,EC,,,none,none,none,,,,0,,0,0,0,0
Curacao,Water Factory,WF1,WF1-t407,33,10,7,9,100%,JC,,,,,,,,,,,,,,
Curacao,Water Factory,WF1,WF1-t407,36,15,15,17,95%,JC,,,none,none,none,,,,,,,,,
Curacao,Water Factory,WF1,WF1-t407,40,32,29,24,95%,JC,,,,,,,,,,,,,,
Curacao,Water Factory,WF1,WF1-t407,44,,,,,G,,,,,,,,,,,,,,
Curacao,Water Factory,WF1,WF1-t408,29,7,7,7,100%,JC,,,none,none,none,,,,0,,0,0,0,0
Curacao,Water Factory,WF1,WF1-t408,33,,,,0%,D,,,,,,,,,,,,,,
Curacao,Water Factory,WF1,WF1-t409,29,50,16,14,65%,AF,,,none,none,none,,,,0,,0,0,0,0
Curacao,Water Factory,WF1,WF1-t409,33,38,23,20,100%,JC,,,,,,,,,,,,,,
Curacao,Water Factory,WF1,WF1-t409,36,48,34,22,100%,BC,,,none,none,none,,,,,,,,,
Curacao,Water Factory,WF1,WF1-t409,40,63,51,30,100%,BC,,,,,,,,,,,,,,
Curacao,Water Factory,WF1,WF1-t409,44,100,75,40,95%,BC,,,,,,,,,,,,,,
Curacao,Water Factory,WF1,WF1-t410,29,45,34,27,80%,BC,,,WBD,CB,none,,,,0,,0,0,0,0
Curacao,Water Factory,WF1,WF1-t410,33,48,35,32,80%,BC,,,,,,,,,,,,,,
Curacao,Water Factory,WF1,WF1-t410,36,52,45,35,85%,BC,,,none,none,none,,,,,,,,,
Curacao,Water Factory,WF1,WF1-t410,40,63,51,38,80%,BC,,,,,,,,,,,,,,
Curacao,Water Factory,WF1,WF1-t410,44,87,55,35,70%,BC,,,,,,,,,,,,,,
Curacao,Water Factory,WF1,WF1-t411,29,44,38,12,20%,AF,,,none,none,none,,,,0,,0,0,0,0
Curacao,Water Factory,WF1,WF1-t411,33,29,19,12,85%,JC,,,,,,,,,,,,,,
Curacao,Water Factory,WF1,WF1-t411,36,42,29,16,95%,BC,,,none,none,none,,,,,,,,,
Curacao,Water Factory,WF1,WF1-t411,40,55,33,18,90%,SF,,,,,,,,,,,,,,
Curacao,Water Factory,WF1,WF1-t411,44,,,,,G,,,,,,,,,,,,,,
Curacao,Water Factory,WF1,WF1-t412,29,14,9,15,95%,EC,,,none,none,none,,,,1,,0,0,0,0
Curacao,Water Factory,WF1,WF1-t412,33,23,15,18,95%,JC,,,,,,,,,,,,,,
Curacao,Water Factory,WF1,WF1-t412,36,30,22,22,95%,JC,,,none,none,none,,,,,,,,,
Curacao,Water Factory,WF1,WF1-t412,40,41,35,31,95%,BC,,,,,,,,,,,,,,
Curacao,Water Factory,WF1,WF1-t412,44,61,51,34,95%,BC,,,,,,,,,,,,,,
Curacao,Water Factory,WF1,WF1-t458,36,27,19,15,90%,JC,,,,,,,,,,,,,,
Curacao,Water Factory,WF1,WF1-t458,40,37,28,18,99%,JC,,,,,,,,,,,,,,
Curacao,Water Factory,WF1,WF1-t458,44,51,35,29,95%,BC,,,,,,,,,,,,,,
Curacao,Water Factory,WF2,WF2-t416,29,16,11,16,85%,JC,,,none,none,none,,,,1,,0,0,0,0
Curacao,Water Factory,WF2,WF2-t416,33,16,6,9,10%,RC,,,none,none,none,,,,,,,,,
Curacao,Water Factory,WF2,WF2-t416,36,18,12,10,20%,RC,,,,,,,,,,,,,,
Curacao,Water Factory,WF2,WF2-t416,40,22,19,18,80%,JC,,,,,,,,,,,,,,
Curacao,Water Factory,WF2,WF2-t416,44,39,25,21,90%,BC,,,,,,,,,,,,,,
Curacao,Water Factory,WF2,WF2-t417,29,40,31,22,95%,JC,,,none,none,none,,,,0,,0,0,0,0
Curacao,Water Factory,WF2,WF2-t417,33,50,32,28,95%,BC,,,none,none,none,,,,,,,,,
Curacao,Water Factory,WF2,WF2-t417,36,62,40,40,95%,BC,,,,,,,,,,,,,,
Curacao,Water Factory,WF2,WF2-t417,40,72,43,45,95%,BC,,,,,,,,,,,,,,
Curacao,Water Factory,WF2,WF2-t417,44,77,46,52,98%,BC,,,,,,,,,,,,,,
Curacao,Water Factory,WF2,WF2-t418,29,37,27,32,80%,JC,,,none,none,none,,,,0,,0,0,0,0
Curacao,Water Factory,WF2,WF2-t418,33,40,30,36,85%,JC,,,Unk,none,none,,,,,,,,,
Curacao,Water Factory,WF2,WF2-t418,36,,,,,FU,,,,,,,,,,,,,,
Curacao,Water Factory,WF2,WF2-t419,29,43,32,22,80%,BC,,,WBD,none,none,,,,0,,0,0,0,0
Curacao,Water Factory,WF2,WF2-t419,33,47,32,20,65%,BC,,,RTL,none,none,,,,,,,,,
Curacao,Water Factory,WF2,WF2-t419,36,56,33,20,45%,BC,,,,,,,,,,,,,,
Curacao,Water Factory,WF2,WF2-t419,40,45,17,20,65%,BC,,,,,,,,,,,,,,
Curacao,Water Factory,WF2,WF2-t419,44,,,,,G,,,,,,,,,,,,,,
Curacao,Water Factory,WF2,WF2-t420,29,95,62,80,90%,BC,,,WPx,none,none,,,,0,,0,0,1,0
Curacao,Water Factory,WF2,WF2-t420,33,102,70,82,85%,BC,,,none,none,none,,,,,,,,,
Curacao,Water Factory,WF2,WF2-t420,36,113,81,83,80%,BC,,,,,,,,,,,,,,
Curacao,Water Factory,WF2,WF2-t420,40,130,5,92,80%,BC,,,,,,,,,,,,,,
Curacao,Water Factory,WF2,WF2-t420,44,53,43,30,85%,EC,,,,,,,,,,,,,,
Curacao,Water Factory,WF2,WF2-t421,29,27,27,24,75%,JC,,,FS,none,none,,,,3,,0,0,0,0
Curacao,Water Factory,WF2,WF2-t421,33,35,30,36,95%,JC,,,none,none,none,,,,,,,,,
Curacao,Water Factory,WF2,WF2-t421,36,44,34,40,99%,BC,,,,,,,,,,,,,,
Curacao,Water Factory,WF2,WF2-t421,40,55,45,55,99%,BC,,,,,,,,,,,,,,
Curacao,Water Factory,WF2,WF2-t421,44,68,53,57,95%,BC,,,,,,,,,,,,,,
Curacao,Water Factory,WF2,WF2-t422,29,48,33,35,90%,BC,,,none,none,none,,,,0,,0,0,0,0
Curacao,Water Factory,WF2,WF2-t422,33,70,50,33,95%,BC,,,none,none,none,,,,,,,,,
Curacao,Water Factory,WF2,WF2-t422,36,91,67,4,100%,BC,,,,,,,,,,,,,,
Curacao,Water Factory,WF2,WF2-t422,40,119,78,43,95%,BC,,,,,,,,,,,,,,
Curacao,Water Factory,WF2,WF2-t422,44,125,90,44,99%,BC,,,,,,,,,,,,,,
Curacao,Water Factory,WF2,WF2-t423,29,10,7,7,100%,EC,,,none,none,none,,,,0,,0,0,0,0
Curacao,Water Factory,WF2,WF2-t423,33,17,10,8,99%,JC,,,none,none,none,,,,,,,,,
Curacao,Water Factory,WF2,WF2-t423,36,27,13,8,100%,JC,,,,,,,,,,,,,,
Curacao,Water Factory,WF2,WF2-t423,40,35,21,15,100%,JC,,,,,,,,,,,,,,
Curacao,Water Factory,WF2,WF2-t423,44,42,21,17,100%,BC,,,,,,,,,,,,,,
Curacao,Water Factory,WF2,WF2-t424,29,35,30,30,95%,JC,,,none,none,none,,,,0,,0,0,0,0
Curacao,Water Factory,WF2,WF2-t424,33,46,40,36,95%,BC,,,RTL,none,none,,,,,,,,,
Curacao,Water Factory,WF2,WF2-t424,36,60,52,48,99%,BC,,,,,,,,,,,,,,
Curacao,Water Factory,WF2,WF2-t424,40,60,45,46,95%,BC,,,,,,,,,,,,,,
Curacao,Water Factory,WF2,WF2-t424,44,78,45,45,80%,BC,,,,,,,,,,,,,,
Curacao,Water Factory,WF2,WF2-t425,29,80,70,34,65%,BC,,,Ht,none,none,,,,0,,0,0,0,0
Curacao,Water Factory,WF2,WF2-t425,33,85,76,37,80%,BC,,,none,none,none,,,,,,,,,
Curacao,Water Factory,WF2,WF2-t425,36,125,75,48,85%,BC,,,,,,,,,,,,,,
Curacao,Water Factory,WF2,WF2-t425,40,125,85,53,90%,BC,,,,,,,,,,,,,,
Curacao,Water Factory,WF2,WF2-t425,44,133,85,55,90%,BC,,,,,,,,,,,,,,
Curacao,Water Factory,WF2,WF2-t426,29,20,17,13,100%,JC,,,none,none,none,,,,0,,0,0,0,0
Curacao,Water Factory,WF2,WF2-t426,33,35,22,18,100%,JC,,,none,none,none,,,,,,,,,
Curacao,Water Factory,WF2,WF2-t426,36,,,,,G,,,,,,,,,,,,,,
Curacao,Water Factory,WF2,WF2-t427,29,40,31,22,95%,JC,,,WBD,Ht,none,,,,0,,0,0,0,2
Curacao,Water Factory,WF2,WF2-t427,33,61,32,30,95%,BC,,,none,none,none,,,,,,,,,
Curacao,Water Factory,WF2,WF2-t427,36,90,44,42,80%,BC,,,,,,,,,,,,,,
Curacao,Water Factory,WF2,WF2-t427,40,102,57,50,85%,BC,,,,,,,,,,,,,,
Curacao,Water Factory,WF2,WF2-t427,44,119,65,77,80%,BC,,,,,,,,,,,,,,
Curacao,Water Factory,WF2,WF2-t459,36,68,37,43,100%,BC,,,,,,,,,,,,,,
Curacao,Water Factory,WF2,WF2-t459,40,80,45,50,1%,BC,,,,,,,,,,,,,,
Curacao,Water Factory,WF2,WF2-t459,44,80,50,55,95%,BC,,,,,,,,,,,,,,
Curacao,Water Factory,WF2,WF2-t460,36,47,39,25,40%,BC,,,,,,,,,,,,,,
Curacao,Water Factory,WF2,WF2-t460,40,68,30,32,60%,BC,,,,,,,,,,,,,,
Curacao,Water Factory,WF2,WF2-t460,44,,,,,,,,,,,,,,,,,,,
Curacao,Water Factory,WF3,WF3-t431,29,15,7,9,100%,EC,,,none,none,none,,,,0,,0,0,0,0
Curacao,Water Factory,WF3,WF3-t431,33,11,10,8,100%,JC,,,,,,,,,,,,,,
Curacao,Water Factory,WF3,WF3-t431,36,20,18,12,100%,JC,,,,,,,,,,,,,,
Curacao,Water Factory,WF3,WF3-t431,40,35,29,16,100%,JC,,,,,,,,,,,,,,
Curacao,Water Factory,WF3,WF3-t431,44,52,36,24,100%,BC,,,,,,,,,,,,,,
Curacao,Water Factory,WF3,WF3-t432,29,40,33,25,95%,JC,,,none,none,none,,,,0,,0,0,0,1
Curacao,Water Factory,WF3,WF3-t432,33,,,,,FU,,,,,,,,,,,,,,
Curacao,Water Factory,WF3,WF3-t433,29,95,57,40,65%,AF,,,WBD,WPx,none,,,,0,,0,0,0,1
Curacao,Water Factory,WF3,WF3-t433,33,120,64,45,80%,BC,,,,,,,,,,,,,,
Curacao,Water Factory,WF3,WF3-t433,36,128,83,50,80%,BC,,,,,,,,,,,,,,
Curacao,Water Factory,WF3,WF3-t433,40,185,90,58,80%,BC,,,,,,,,,,,,,,
Curacao,Water Factory,WF3,WF3-t433,44,147,86,60,80%,BC,,,,,,,,,,,,,,
Curacao,Water Factory,WF3,WF3-t434,29,10,7,6,90%,JC,,,none,none,none,,,,0,,0,0,0,0
Curacao,Water Factory,WF3,WF3-t434,33,20,6,10,100%,JC,,,,,,,,,,,,,,
Curacao,Water Factory,WF3,WF3-t434,36,35,17,12,100%,JC,,,,,,,,,,,,,,
Curacao,Water Factory,WF3,WF3-t434,40,54,30,22,100%,BC,,,,,,,,,,,,,,
Curacao,Water Factory,WF3,WF3-t434,44,,,,,G,,,,,,,,,,,,,,
Curacao,Water Factory,WF3,WF3-t435,29,31,25,20,100%,JC,,,none,none,none,,,,0,,0,0,0,0
Curacao,Water Factory,WF3,WF3-t435,33,,,,,G,,,,,,,,,,,,,,
Curacao,Water Factory,WF3,WF3-t436,29,23,19,15,100%,JC,,,none,none,none,,,,0,,0,0,0,0
Curacao,Water Factory,WF3,WF3-t436,33,42,31,17,100%,BC,,,,,,,,,,,,,,
Curacao,Water Factory,WF3,WF3-t436,36,58,41,23,100%,BC,,,,,,,,,,,,,,
Curacao,Water Factory,WF3,WF3-t436,40,75,49,25,100%,BC,,,,,,,,,,,,,,
Curacao,Water Factory,WF3,WF3-t436,44,,,,,G,,,,,,,,,,,,,,
Curacao,Water Factory,WF3,WF3-t437,29,43,23,27,95%,BC,,,none,none,none,,,,0,,0,0,0,0
Curacao,Water Factory,WF3,WF3-t437,33,43,24,24,80%,BC,,,,,,,,,,,,,,
Curacao,Water Factory,WF3,WF3-t437,36,56,34,28,95%,BC,,,,,,,,,,,,,,
Curacao,Water Factory,WF3,WF3-t437,40,41,30,27,80%,SF,,,,,,,,,,,,,,
Curacao,Water Factory,WF3,WF3-t437,44,,,,,G,,,,,,,,,,,,,,
Curacao,Water Factory,WF3,WF3-t438,29,25,22,18,100%,JC,,,none,none,none,,,,0,,0,0,0,0
Curacao,Water Factory,WF3,WF3-t438,33,,,,,G,,,,,,,,,,,,,,
Curacao,Water Factory,WF3,WF3-t439,29,20,13,11,100%,JC,,,none,none,none,,,,0,,0,0,0,0
Curacao,Water Factory,WF3,WF3-t439,33,41,34,22,100%,BC,,,,,,,,,,,,,,
Curacao,Water Factory,WF3,WF3-t439,36,58,46,23,100%,BC,,,,,,,,,,,,,,
Curacao,Water Factory,WF3,WF3-t439,40,9,9,2,100%,EC,,,,,,,,,,,,,,
Curacao,Water Factory,WF3,WF3-t439,44,,,,,G,,,,,,,,,,,,,,
Curacao,Water Factory,WF3,WF3-t440,29,42,24,24,99%,BC,,,none,none,none,,,,0,,0,0,0,0
Curacao,Water Factory,WF3,WF3-t440,33,56,47,32,100%,BC,,,,,,,,,,,,,,
Curacao,Water Factory,WF3,WF3-t440,36,,,,,G,,,,,,,,,,,,,,
Curacao,Water Factory,WF3,WF3-t441,29,23,15,12,100%,JC,,,none,none,none,,,,0,,0,0,0,0
Curacao,Water Factory,WF3,WF3-t441,33,,,,,G,,,,,,,,,,,,,,
Curacao,Water Factory,WF3,WF3-t442,29,103,96,35,75%,BC,,,WPx,none,none,,,,0,,0,0,0,2
Curacao,Water Factory,WF3,WF3-t442,33,119,110,36,80%,BC,,,,,,,,,,,,,,
Curacao,Water Factory,WF3,WF3-t442,36,,,,,G,,,,,,,,,,,,,,
Curacao,Water Factory,WF3,WF3-t461,36,51,37,15,80%,AF,,,,,,,,,,,,,,
Curacao,Water Factory,WF3,WF3-t461,40,86,43,20,85%,AF,,,,,,,,,,,,,,
Curacao,Water Factory,WF3,WF3-t461,44,71,43,22,95%,BC,,,,,,,,,,,,,,
Curacao,Water Factory,WF3,WF3-t462,36,42,32,21,100%,BC,,,,,,,,,,,,,,
Curacao,Water Factory,WF3,WF3-t462,40,60,30,22,40%,SF,,,,,,,,,,,,,,
Curacao,Water Factory,WF3,WF3-t462,44,48,32,16,30%,SF,,,,,,,,,,,,,,
Curacao,Water Factory,WF3,WF3-t463,36,44,43,21,100%,AF,,,,,,,,,,,,,,
Curacao,Water Factory,WF3,WF3-t463,40,53,51,22,100%,AF,,,,,,,,,,,,,,
Curacao,Water Factory,WF3,WF3-t463,44,97,53,26,85%,BC,,,,,,,,,,,,,,
Curacao,Water Factory,WF3,WF3-t464,36,41,32,12,100%,BC,,,,,,,,,,,,,,
Curacao,Water Factory,WF3,WF3-t464,40,57,42,17,100%,BC,,,,,,,,,,,,,,
Curacao,Water Factory,WF3,WF3-t464,44,76,63,20,100%,BC,,,,,,,,,,,,,,
Curacao,Water Factory,WF3,WF3-t465,36,67,43,18,99%,BC,,,,,,,,,,,,,,
Curacao,Water Factory,WF3,WF3-t465,40,79,58,30,95%,BC,,,,,,,,,,,,,,
Curacao,Water Factory,WF3,WF3-t465,44,16,12,5,100%,EC,,,,,,,,,,,,,,
Curacao,Water Factory,WF3,WF3-t466,36,119,77,48,85%,BC,,,,,,,,,,,,,,
Curacao,Water Factory,WF3,WF3-t466,40,139,97,55,85%,BC,,,,,,,,,,,,,,
Curacao,Water Factory,WF3,WF3-t466,44,152,110,55,85%,BC,,,,,,,,,,,,,,
Navassa,LuLu Bay,LB1,LB1-t201,11,30,17,20,45%,EC,,,,,,,,,,,,,,
Navassa,LuLu Bay,LB1,LB1-t201,21,31,18,20,50%,EC,,,,,,,,,,,,,,
Navassa,LuLu Bay,LB1,LB1-t201,33,38,25,24,55%,RC,,,,,,,,,,,,,,
Navassa,LuLu Bay,LB1,LB1-t202,11,21,17,24,60%,EC,,,,,,,,,,,,,,
Navassa,LuLu Bay,LB1,LB1-t202,21,23,18,27,65%,EC,,,,,,,,,,,,,,
Navassa,LuLu Bay,LB1,LB1-t202,33,30,21,17,85%,EC,,,,,,,,,,,,,,
Navassa,LuLu Bay,LB1,LB1-t204,11,210,145,50,90%,BC,,,,,,,,,,,,,,
Navassa,LuLu Bay,LB1,LB1-t204,21,150,135,65,98%,BC,,,,,,,,,,,,,,
Navassa,LuLu Bay,LB1,LB1-t204,33,215,175,75,90%,BC,,,,,,,,,,,,,,
Navassa,LuLu Bay,LB1,LB1-t205,11,58,37,10,60%,RC,,,,,,,,,,,,,,
Navassa,LuLu Bay,LB1,LB1-t205,21,52,40,15,65%,RC,,,,,,,,,,,,,,
Navassa,LuLu Bay,LB1,LB1-t205,33,65,43,25,85%,BC,,,,,,,,,,,,,,
Navassa,LuLu Bay,LB1,LB1-t206,11,170,100,130,80%,BC,,,,,,,,,,,,,,
Navassa,LuLu Bay,LB1,LB1-t206,21,200,95,150,85%,BC,,,,,,,,,,,,,,
Navassa,LuLu Bay,LB1,LB1-t206,33,165,107,105,90%,BC,,,,,,,,,,,,,,
Navassa,LuLu Bay,LB1,LB1-t208,11,35,29,7,100%,EC,,,,,,,,,,,,,,
Navassa,LuLu Bay,LB1,LB1-t208,21,50,30,14,98%,EC,,,,,,,,,,,,,,
Navassa,LuLu Bay,LB1,LB1-t208,33,52,35,30,100%,BC,,,,,,,,,,,,,,
Navassa,LuLu Bay,LB1,LB1-t210,11,81,37,37,95%,BC,,,,,,,,,,,,,,
Navassa,LuLu Bay,LB1,LB1-t210,21,95,50,50,99%,BC,,,,,,,,,,,,,,
Navassa,LuLu Bay,LB1,LB1-t210,33,92,60,60,99%,BC,,,,,,,,,,,,,,
Navassa,LuLu Bay,LB1,LB1-t212,11,60,45,45,70%,EC,,,,,,,,,,,,,,
Navassa,LuLu Bay,LB1,LB1-t212,21,60,45,45,70%,EC,,,,,,,,,,,,,,
Navassa,LuLu Bay,LB1,LB1-t212,33,102,75,50,30%,RC,,,,,,,,,,,,,,
Navassa,LuLu Bay,LB1,LB1-t214,11,58,32,31,70%,RC,,,,,,,,,,,,,,
Navassa,LuLu Bay,LB1,LB1-t214,21,60,35,35,70%,EC,,,,,,,,,,,,,,
Navassa,LuLu Bay,LB1,LB1-t214,33,55,32,36,70%,EC,,,,,,,,,,,,,,
Navassa,LuLu Bay,LB1,LB1-t217,11,102,57,32,98%,BC,,,,,,,,,,,,,,
Navassa,LuLu Bay,LB1,LB1-t217,21,110,65,40,99%,BC,,,,,,,,,,,,,,
Navassa,LuLu Bay,LB1,LB1-t217,33,145,85,48,100%,BC,,,,,,,,,,,,,,
Navassa,LuLu Bay,LB1,LB1-t222,11,80,52,38,100%,BC,,,,,,,,,,,,,,
Navassa,LuLu Bay,LB1,LB1-t222,21,80,55,40,100%,BC,,,,,,,,,,,,,,
Navassa,LuLu Bay,LB1,LB1-t222,33,82,38,12,100%,EC,,,,,,,,,,,,,,
Navassa,LuLu Bay,LB1,LB1-t230,11,220,160,45,65%,BC,,,,,,,,,,,,,,
Navassa,LuLu Bay,LB1,LB1-t230,21,225,175,60,80%,BC,,,,,,,,,,,,,,
Navassa,LuLu Bay,LB1,LB1-t230,33,290,245,40,75%,BC,,,,,,,,,,,,,,
Navassa,LuLu Bay,LB2,LB2-t233,11,140,100,50,75%,RC,,,,,,,,,,,,,,
Navassa,LuLu Bay,LB2,LB2-t233,21,205,87,58,65%,BC,,,,,,,,,,,,,,
Navassa,LuLu Bay,LB2,LB2-t233,33,51,45,42,95%,BC,,,,,,,,,,,,,,
Navassa,LuLu Bay,LB2,LB2-t236,11,120,100,75,75%,BC,,,,,,,,,,,,,,
Navassa,LuLu Bay,LB2,LB2-t236,21,160,95,65,75%,BC,,,,,,,,,,,,,,
Navassa,LuLu Bay,LB2,LB2-t236,33,175,130,65,85%,BC,,,,,,,,,,,,,,
Navassa,LuLu Bay,LB2,LB2-t238,11,67,38,22,100%,BC,,,,,,,,,,,,,,
Navassa,LuLu Bay,LB2,LB2-t238,21,85,68,40,100%,BC,,,,,,,,,,,,,,
Navassa,LuLu Bay,LB2,LB2-t238,33,118,90,52,85%,BC,,,,,,,,,,,,,,
Navassa,LuLu Bay,LB2,LB2-t239,11,110,70,65,40%,BC,,,,,,,,,,,,,,
Navassa,LuLu Bay,LB2,LB2-t239,21,130,125,60,45%,BC,,,,,,,,,,,,,,
Navassa,LuLu Bay,LB2,LB2-t239,33,145,140,55,60%,BC,,,,,,,,,,,,,,
Navassa,LuLu Bay,LB2,LB2-t240,11,115,90,80,100%,BC,,,,,,,,,,,,,,
Navassa,LuLu Bay,LB2,LB2-t240,21,125,93,85,98%,BC,,,,,,,,,,,,,,
Navassa,LuLu Bay,LB2,LB2-t240,33,120,105,85,90%,BC,,,,,,,,,,,,,,
Navassa,LuLu Bay,LB2,LB2-t242,11,106,60,65,85%,BC,,,,,,,,,,,,,,
Navassa,LuLu Bay,LB2,LB2-t242,21,152,120,85,80%,BC,,,,,,,,,,,,,,
Navassa,LuLu Bay,LB2,LB2-t242,33,190,120,82,80%,BC,,,,,,,,,,,,,,
Navassa,LuLu Bay,LB2,LB2-t243,11,105,83,65,85%,BC,,,,,,,,,,,,,,
Navassa,LuLu Bay,LB2,LB2-t243,21,134,105,90,90%,BC,,,,,,,,,,,,,,
Navassa,LuLu Bay,LB2,LB2-t243,33,130,120,95,95%,BC,,,,,,,,,,,,,,
Navassa,LuLu Bay,LB2,LB2-t244,11,75,55,43,100%,BC,,,,,,,,,,,,,,
Navassa,LuLu Bay,LB2,LB2-t244,21,95,65,60,99%,BC,,,,,,,,,,,,,,
Navassa,LuLu Bay,LB2,LB2-t244,33,118,95,60,95%,BC,,,,,,,,,,,,,,
Navassa,LuLu Bay,LB2,LB2-t246,11,72,23,43,100%,BC,,,,,,,,,,,,,,
Navassa,LuLu Bay,LB2,LB2-t246,21,90,85,67,100%,BC,,,,,,,,,,,,,,
Navassa,LuLu Bay,LB2,LB2-t246,33,115,101,75,90%,BC,,,,,,,,,,,,,,
Navassa,LuLu Bay,LB2,LB2-t247,11,144,45,85,75%,BC,,,,,,,,,,,,,,
Navassa,LuLu Bay,LB2,LB2-t247,21,105,45,100,75%,BC,,,,,,,,,,,,,,
Navassa,LuLu Bay,LB2,LB2-t247,33,105,48,110,80%,BC,,,,,,,,,,,,,,
Navassa,LuLu Bay,LB2,LB2-t251,21,26,10,12,98%,EC,,,,,,,,,,,,,,
Navassa,LuLu Bay,LB2,LB2-t251,33,17,9,3,95%,EC,,,,,,,,,,,,,,
Navassa,LuLu Bay,LB2,LB2-t254,11,45,35,65,75%,RC,,,,,,,,,,,,,,
Navassa,LuLu Bay,LB2,LB2-t254,21,45,35,65,75%,RC,,,,,,,,,,,,,,
Navassa,LuLu Bay,LB2,LB2-t254,33,41,35,65,45%,RC,,,,,,,,,,,,,,
Navassa,Northwest Point,NW1,NW1-t057,33,6,4,2,100%,EC,,,,,,,,,,,,,,
Navassa,Northwest Point,NW1,NW1-t058,33,19,10,9,40%,AF,,,,,,,,,,,,,,
Navassa,Northwest Point,NW1,NW1-t301,11,260,165,120,75%,BC,,,,,,,,,,,,,,
Navassa,Northwest Point,NW1,NW1-t301,21,285,215,130,65%,BC,,,,,,,,,,,,,,
Navassa,Northwest Point,NW1,NW1-t301,33,268,202,110,60%,BC,,,,,,,,,,,,,,
Navassa,Northwest Point,NW1,NW1-t302,11,6,6,4,80%,AF,,,,,,,,,,,,,,
Navassa,Northwest Point,NW1,NW1-t302,21,,,,0%,D,,,,,,,,,,,,,,
Navassa,Northwest Point,NW1,NW1-t303,11,4,3,3,85%,EC,,,,,,,,,,,,,,
Navassa,Northwest Point,NW1,NW1-t303,21,48,7,12,5%,RC,,,,,,,,,,,,,,
Navassa,Northwest Point,NW1,NW1-t303,33,9,7,6,100%,EC,,,,,,,,,,,,,,
Navassa,Northwest Point,NW1,NW1-t304,11,90,82,30,80%,RC,,,,,,,,,,,,,,
Navassa,Northwest Point,NW1,NW1-t304,21,100,86,30,90%,EC,,,,,,,,,,,,,,
Navassa,Northwest Point,NW1,NW1-t304,33,105,85,30,100%,EC,,,,,,,,,,,,,,
Navassa,Northwest Point,NW1,NW1-t305,11,125,15,35,98%,EC,,,,,,,,,,,,,,
Navassa,Northwest Point,NW1,NW1-t305,21,133,120,70,100%,BC,,,,,,,,,,,,,,
Navassa,Northwest Point,NW1,NW1-t305,33,138,115,68,95%,BC,,,,,,,,,,,,,,
Navassa,Northwest Point,NW1,NW1-t306,11,175,165,100,95%,BC,,,,,,,,,,,,,,
Navassa,Northwest Point,NW1,NW1-t306,21,185,175,93,95%,BC,,,,,,,,,,,,,,
Navassa,Northwest Point,NW1,NW1-t306,33,208,180,105,99%,BC,,,,,,,,,,,,,,
Navassa,Northwest Point,NW1,NW1-t307,11,70,45,55,98%,EC,,,,,,,,,,,,,,
Navassa,Northwest Point,NW1,NW1-t307,21,75,50,60,99%,EC,,,,,,,,,,,,,,
Navassa,Northwest Point,NW1,NW1-t307,33,74,54,57,99%,EC,,,,,,,,,,,,,,
Navassa,Northwest Point,NW1,NW1-t308,11,40,25,6,15%,AF,,,,,,,,,,,,,,
Navassa,Northwest Point,NW1,NW1-t308,21,,,,0%,D,,,,,,,,,,,,,,
Navassa,Northwest Point,NW1,NW1-t309,11,35,15,10,30%,RC,,,,,,,,,,,,,,
Navassa,Northwest Point,NW1,NW1-t309,21,20,11,8,20%,RC,,,,,,,,,,,,,,
Navassa,Northwest Point,NW1,NW1-t309,33,23,13,11,20%,RC,,,,,,,,,,,,,,
Navassa,Northwest Point,NW1,NW1-t310,11,24,15,9,25%,RC,,,,,,,,,,,,,,
Navassa,Northwest Point,NW1,NW1-t310,21,17,12,9,50%,EC,,,,,,,,,,,,,,
Navassa,Northwest Point,NW1,NW1-t310,33,21,15,8,75%,EC,,,,,,,,,,,,,,
Navassa,Northwest Point,NW1,NW1-t311,11,95,25,55,5%,RC,,,,,,,,,,,,,,
Navassa,Northwest Point,NW1,NW1-t311,21,,,,0%,D,,,,,,,,,,,,,,
Navassa,Northwest Point,NW1,NW1-t312,11,50,25,7,10%,RC,,,,,,,,,,,,,,
Navassa,Northwest Point,NW1,NW1-t312,21,6,4,3,100%,EC,,,,,,,,,,,,,,
Navassa,Northwest Point,NW1,NW1-t312,33,5,4,2,80%,EC,,,,,,,,,,,,,,
Navassa,Northwest Point,NW1,NW1-t331,21,5,4,2,100%,EC,,,,,,,,,,,,,,
Navassa,Northwest Point,NW1,NW1-t331,33,7,6,4,100%,EC,,,,,,,,,,,,,,
Navassa,Northwest Point,NW1,NW1-t332,21,7,5,2,100%,EC,,,,,,,,,,,,,,
Navassa,Northwest Point,NW1,NW1-t332,33,8,7,4,100%,EC,,,,,,,,,,,,,,
Navassa,Northwest Point,NW2,NW2-t313,11,185,122,115,80%,BC,,,,,,,,,,,,,,
Navassa,Northwest Point,NW2,NW2-t313,21,220,185,120,70%,BC,,,,,,,,,,,,,,
Navassa,Northwest Point,NW2,NW2-t313,33,225,200,120,70%,BC,,,,,,,,,,,,,,
Navassa,Northwest Point,NW2,NW2-t314,21,13,12,11,90%,EC,,,,,,,,,,,,,,
Navassa,Northwest Point,NW2,NW2-t314,33,15,15,11,80%,JC,,,,,,,,,,,,,,
Navassa,Northwest Point,NW2,NW2-t315,11,20,12,12,75%,EC,,,,,,,,,,,,,,
Navassa,Northwest Point,NW2,NW2-t315,21,18,12,10,60%,EC,,,,,,,,,,,,,,
Navassa,Northwest Point,NW2,NW2-t315,33,22,13,10,30%,EC,,,,,,,,,,,,,,
Navassa,Northwest Point,NW2,NW2-t316,11,17,9,5,90%,EC,,,,,,,,,,,,,,
Navassa,Northwest Point,NW2,NW2-t316,21,12,10,4,90%,JC,,,,,,,,,,,,,,
Navassa,Northwest Point,NW2,NW2-t316,33,1,1,1,100%,EC,,,,,,,,,,,,,,
Navassa,Northwest Point,NW2,NW2-t317,11,9,9,3,98%,EC,,,,,,,,,,,,,,
Navassa,Northwest Point,NW2,NW2-t317,21,10,10,5,80%,EC,,,,,,,,,,,,,,
Navassa,Northwest Point,NW2,NW2-t317,33,13,7,6,80%,EC,,,,,,,,,,,,,,
Navassa,Northwest Point,NW3,NW3-t056,33,11,10,4,90%,EC,,,,,,,,,,,,,,
Navassa,Northwest Point,NW3,NW3-t318,11,7,5,3,100%,EC,,,,,,,,,,,,,,
Navassa,Northwest Point,NW3,NW3-t318,21,12,10,6,100%,EC,,,,,,,,,,,,,,
Navassa,Northwest Point,NW3,NW3-t318,33,16,15,9,90%,EC,,,,,,,,,,,,,,
Navassa,Northwest Point,NW3,NW3-t319,11,15,10,7,95%,EC,,,,,,,,,,,,,,
Navassa,Northwest Point,NW3,NW3-t319,21,45,35,15,75%,BC,,,,,,,,,,,,,,
Navassa,Northwest Point,NW3,NW3-t319,33,60,45,30,95%,BC,,,,,,,,,,,,,,
Navassa,Northwest Point,NW3,NW3-t320,11,75,40,35,90%,EC,,,,,,,,,,,,,,
Navassa,Northwest Point,NW3,NW3-t320,21,75,57,39,85%,EC,,,,,,,,,,,,,,
Navassa,Northwest Point,NW3,NW3-t320,33,95,68,42,90%,BC,,,,,,,,,,,,,,
Navassa,Northwest Point,NW3,NW3-t321,11,105,100,65,98%,BC,,,,,,,,,,,,,,
Navassa,Northwest Point,NW3,NW3-t321,21,135,125,75,98%,BC,,,,,,,,,,,,,,
Navassa,Northwest Point,NW3,NW3-t321,33,151,140,90,95%,BC,,,,,,,,,,,,,,
Navassa,Northwest Point,NW3,NW3-t322,11,25,16,5,100%,EC,,,,,,,,,,,,,,
Navassa,Northwest Point,NW3,NW3-t322,21,45,35,18,100%,EC,,,,,,,,,,,,,,
Navassa,Northwest Point,NW3,NW3-t322,33,57,45,25,100%,BC,,,,,,,,,,,,,,
Navassa,Northwest Point,NW3,NW3-t323,11,165,110,90,85%,BC,,,,,,,,,,,,,,
Navassa,Northwest Point,NW3,NW3-t323,21,180,119,95,85%,BC,,,,,,,,,,,,,,
Navassa,Northwest Point,NW3,NW3-t323,33,198,122,100,80%,BC,,,,,,,,,,,,,,
Navassa,Northwest Point,NW3,NW3-t324,11,23,13,5,98%,EC,,,,,,,,,,,,,,
Navassa,Northwest Point,NW3,NW3-t324,21,18,10,4,70%,JC,,,,,,,,,,,,,,
Navassa,Northwest Point,NW3,NW3-t324,33,,,,0%,D,,,,,,,,,,,,,,
Navassa,Northwest Point,NW3,NW3-t325,11,100,30,35,20%,AF,,,,,,,,,,,,,,
Navassa,Northwest Point,NW3,NW3-t325,21,,,,,G,,,,,,,,,,,,,,
Navassa,Northwest Point,NW3,NW3-t326,11,89,57,45,85%,EC,,,,,,,,,,,,,,
Navassa,Northwest Point,NW3,NW3-t326,21,98,64,45,95%,EC,,,,,,,,,,,,,,
Navassa,Northwest Point,NW3,NW3-t326,33,117,84,45,99%,EC,,,,,,,,,,,,,,
Navassa,Northwest Point,NW3,NW3-t327,11,40,12,9,5%,AF,,,,,,,,,,,,,,
Navassa,Northwest Point,NW3,NW3-t327,21,40,12,8,5%,RC,,,,,,,,,,,,,,
Navassa,Northwest Point,NW3,NW3-t327,33,40,12,7,10%,RC,,,,,,,,,,,,,,
Navassa,Northwest Point,NW3,NW3-t328,11,10,5,2,90%,EC,,,,,,,,,,,,,,
Navassa,Northwest Point,NW3,NW3-t328,21,,,,0%,D,,,,,,,,,,,,,,
Navassa,Northwest Point,NW3,NW3-t329,11,7,5,2,85%,EC,,,,,,,,,,,,,,
Navassa,Northwest Point,NW3,NW3-t329,21,,,,0%,D,,,,,,,,,,,,,,
Navassa,Northwest Point,NW3,NW3-t330,11,24,22,12,30%,RC,,,,,,,,,,,,,,
Navassa,Northwest Point,NW3,NW3-t330,21,20,20,10,10%,RC,,,,,,,,,,,,,,
Navassa,Northwest Point,NW3,NW3-t330,33,,,,0%,D,,,,,,,,,,,,,,
