Survey Date,Reef,Latitide,Longitude,Habitat,Full_Genet_Name,TagID,Depth,Status,Proportion_Live,Bleaching_Rank,Length,Width,Height,Snails
5/6/2015,Pickles Reef,24.98575,-80.41558,Offshore,Conch Reef 1,PI5-119-W,14,OK,1.00,0,14.50,5.00,5.50,0
5/6/2015,Pickles Reef,24.98573,-80.41569,Offshore,Snapper Ledge,PI6-123-B,14,OK,1.00,0,10.00,5.00,3.00,0
5/6/2015,Pickles Reef,24.98573,-80.41569,Offshore,Conch Reef 2,PI6-122-Y,14,OK,1.00,0,8.00,5.50,10.00,0
5/6/2015,Pickles Reef,24.98573,-80.41569,Offshore,Conch Reef 1,PI6-122-W,14,OK,1.00,0,8.00,7.50,7.00,0
5/6/2015,Pickles Reef,24.98573,-80.41569,Offshore,Horseshoe Reef,PI6-122-P,14,OK,1.00,0,9.50,5.50,2.50,0
5/6/2015,Pickles Reef,24.98573,-80.41569,Offshore,Snapper Ledge,PI6-122-B,14,OK,1.00,0,10.00,4.00,4.50,0
5/6/2015,Pickles Reef,24.98573,-80.41569,Offshore,Conch Reef 2,PI6-121-Y,15,OK,1.00,0,7.50,6.00,3.50,0
5/6/2015,Pickles Reef,24.98573,-80.41569,Offshore,Conch Reef 1,PI6-121-W,15,OK,1.00,0,10.00,4.00,3.50,0
5/6/2015,Pickles Reef,24.98573,-80.41569,Offshore,Horseshoe Reef,PI6-121-P,14,OK,1.00,0,9.50,3.50,1.50,0
5/6/2015,Pickles Reef,24.98573,-80.41569,Offshore,Snapper Ledge,PI6-121-B,15,OK,1.00,0,9.00,3.50,4.00,0
5/6/2015,Pickles Reef,24.98575,-80.41558,Offshore,Conch Reef 2,PI5-120-Y,14,OK,1.00,0,14.00,8.00,4.00,0
5/6/2015,Pickles Reef,24.98575,-80.41558,Offshore,Conch Reef 1,PI5-120-W,14,OK,1.00,0,8.50,5.00,3.00,0
5/6/2015,Pickles Reef,24.98575,-80.41558,Offshore,Horseshoe Reef,PI5-120-P,14,OK,1.00,0,9.00,6.00,4.00,0
5/6/2015,Pickles Reef,24.98573,-80.41569,Offshore,Conch Reef 2,PI6-130-Y,13,OK,1.00,0,10.50,7.00,6.50,0
5/6/2015,Pickles Reef,24.98575,-80.41558,Offshore,Conch Reef 2,PI5-119-Y,15,OK,1.00,0,11.50,4.50,4.50,0
5/6/2015,Pickles Reef,24.98573,-80.41569,Offshore,Conch Reef 2,PI6-123-Y,14,OK,1.00,0,7.50,6.00,6.00,0
5/6/2015,Pickles Reef,24.98575,-80.41558,Offshore,Horseshoe Reef,PI5-119-P,15,OK,1.00,0,9.00,5.00,2.50,0
5/6/2015,Pickles Reef,24.98575,-80.41558,Offshore,Snapper Ledge,PI5-119-B,14,OK,1.00,0,7.50,4.50,3.50,0
5/6/2015,Pickles Reef,24.98575,-80.41558,Offshore,Conch Reef 2,PI5-118-Y,15,OK,1.00,0,11.00,8.00,6.00,0
5/6/2015,Pickles Reef,24.98575,-80.41558,Offshore,Conch Reef 1,PI5-118-W,15,OK,1.00,0,9.50,6.50,5.00,0
5/6/2015,Pickles Reef,24.98575,-80.41558,Offshore,Horseshoe Reef,PI5-118-P,15,OK,1.00,0,9.00,6.00,3.00,0
5/6/2015,Pickles Reef,24.98575,-80.41558,Offshore,Snapper Ledge,PI5-118-B,15,OK,1.00,0,7.50,4.00,1.50,0
5/6/2015,Pickles Reef,24.98575,-80.41558,Offshore,Conch Reef 2,PI5-117-Y,15,OK,1.00,0,14.00,6.50,5.00,0
5/6/2015,Pickles Reef,24.98575,-80.41558,Offshore,Conch Reef 1,PI5-117-W,15,OK,1.00,0,10.00,5.00,6.50,0
5/6/2015,Pickles Reef,24.98575,-80.41558,Offshore,Horseshoe Reef,PI5-117-P,15,OK,1.00,0,10.00,6.50,3.50,0
5/6/2015,Pickles Reef,24.98575,-80.41558,Offshore,Snapper Ledge,PI5-117-B,15,OK,1.00,0,9.50,4.00,1.50,0
5/6/2015,Pickles Reef,24.98575,-80.41558,Offshore,Conch Reef 2,PI5-116-Y,15,OK,1.00,0,9.50,4.00,3.00,0
5/6/2015,Pickles Reef,24.98575,-80.41558,Offshore,Conch Reef 1,PI5-116-W,15,OK,1.00,0,10.50,4.50,3.00,0
5/6/2015,Pickles Reef,24.98575,-80.41558,Offshore,Snapper Ledge,PI5-120-B,14,OK,1.00,0,7.00,7.00,4.00,0
5/6/2015,Pickles Reef,24.98573,-80.41569,Offshore,Snapper Ledge,PI6-127-B,13,OK,1.00,0,8.00,5.50,4.00,0
5/6/2015,Pickles Reef,24.98573,-80.41569,Offshore,Conch Reef 1,PI6-130-W,13,OK,1.00,0,8.50,6.00,1.50,0
5/6/2015,Pickles Reef,24.98573,-80.41569,Offshore,Horseshoe Reef,PI6-130-P,13,OK,1.00,0,8.00,7.00,3.00,0
5/6/2015,Pickles Reef,24.98573,-80.41569,Offshore,Snapper Ledge,PI6-130-B,13,OK,1.00,0,11.00,4.50,3.50,0
5/6/2015,Pickles Reef,24.98573,-80.41569,Offshore,Conch Reef 2,PI6-129-Y,14,OK,1.00,0,10.50,6.50,3.00,0
5/6/2015,Pickles Reef,24.98573,-80.41569,Offshore,Conch Reef 1,PI6-129-W,14,OK,1.00,0,9.50,3.50,3.00,0
5/6/2015,Pickles Reef,24.98573,-80.41569,Offshore,Horseshoe Reef,PI6-129-P,14,OK,1.00,0,7.50,6.50,2.50,0
5/6/2015,Pickles Reef,24.98573,-80.41569,Offshore,Snapper Ledge,PI6-129-B,14,OK,1.00,0,10.00,4.00,4.50,0
5/6/2015,Pickles Reef,24.98573,-80.41569,Offshore,Conch Reef 2,PI6-128-Y,14,OK,1.00,0,8.00,5.00,4.50,0
5/6/2015,Pickles Reef,24.98573,-80.41569,Offshore,Conch Reef 1,PI6-128-W,13,OK,1.00,0,9.50,7.00,5.00,0
5/6/2015,Pickles Reef,24.98573,-80.41569,Offshore,Horseshoe Reef,PI6-128-P,13,OK,1.00,0,8.00,4.50,3.00,0
5/6/2015,Pickles Reef,24.98573,-80.41569,Offshore,Snapper Ledge,PI6-128-B,14,OK,1.00,0,7.50,4.00,4.00,0
5/6/2015,Pickles Reef,24.98573,-80.41569,Offshore,Conch Reef 2,PI6-127-Y,14,OK,1.00,0,8.00,5.50,3.50,0
5/6/2015,Pickles Reef,24.98573,-80.41569,Offshore,Horseshoe Reef,PI6-123-P,14,OK,1.00,0,9.00,7.50,4.50,0
5/6/2015,Pickles Reef,24.98573,-80.41569,Offshore,Horseshoe Reef,PI6-127-P,14,OK,1.00,0,8.00,6.00,7.00,0
5/6/2015,Pickles Reef,24.98573,-80.41569,Offshore,Conch Reef 1,PI6-123-W,14,OK,1.00,0,9.50,4.00,2.00,0
5/6/2015,Pickles Reef,24.98573,-80.41569,Offshore,Conch Reef 2,PI6-126-Y,14,OK,1.00,0,7.50,5.50,3.50,0
5/6/2015,Pickles Reef,24.98573,-80.41569,Offshore,Conch Reef 1,PI6-126-W,14,OK,1.00,0,10.50,4.00,7.00,0
5/6/2015,Pickles Reef,24.98573,-80.41569,Offshore,Horseshoe Reef,PI6-126-P,14,OK,1.00,0,7.00,6.00,3.50,0
5/6/2015,Pickles Reef,24.98573,-80.41569,Offshore,Snapper Ledge,PI6-126-B,14,OK,1.00,0,7.50,5.50,2.50,0
5/6/2015,Pickles Reef,24.98573,-80.41569,Offshore,Conch Reef 2,PI6-125-Y,14,OK,1.00,0,9.00,6.50,6.00,0
5/6/2015,Pickles Reef,24.98573,-80.41569,Offshore,Conch Reef 1,PI6-125-W,14,OK,1.00,0,12.00,4.00,4.50,0
5/6/2015,Pickles Reef,24.98573,-80.41569,Offshore,Horseshoe Reef,PI6-125-P,14,OK,1.00,0,9.00,5.00,5.50,0
5/6/2015,Pickles Reef,24.98573,-80.41569,Offshore,Snapper Ledge,PI6-125-B,14,OK,1.00,0,7.00,5.00,5.00,0
5/6/2015,Pickles Reef,24.98573,-80.41569,Offshore,Conch Reef 2,PI6-124-Y,14,OK,1.00,0,9.50,7.00,5.00,0
5/6/2015,Pickles Reef,24.98573,-80.41569,Offshore,Conch Reef 1,PI6-124-W,14,OK,1.00,0,11.50,5.50,3.50,0
5/6/2015,Pickles Reef,24.98573,-80.41569,Offshore,Horseshoe Reef,PI6-124-P,14,OK,1.00,0,8.50,3.50,5.50,0
5/6/2015,Pickles Reef,24.98573,-80.41569,Offshore,Snapper Ledge,PI6-124-B,14,OK,1.00,0,9.50,4.50,5.00,0
5/6/2015,Pickles Reef,24.98575,-80.41558,Offshore,Horseshoe Reef,PI5-115-P,15,OK,1.00,0,9.00,4.00,1.50,0
5/6/2015,Pickles Reef,24.98573,-80.41569,Offshore,Conch Reef 1,PI6-127-W,13,OK,1.00,0,10.50,4.00,5.50,0
5/6/2015,Pickles Reef,24.98607,-80.41506,Offshore,Horseshoe Reef,PI4-104-P,17,OK,1.00,0,10.00,6.00,4.50,0
5/6/2015,Pickles Reef,24.98575,-80.41558,Offshore,Snapper Ledge,PI5-116-B,15,OK,1.00,0,7.00,7.00,4.00,0
5/6/2015,Pickles Reef,24.98607,-80.41506,Offshore,Conch Reef 1,PI4-107-W,16,OK,1.00,0,6.50,2.50,8.50,0
5/6/2015,Pickles Reef,24.98607,-80.41506,Offshore,Horseshoe Reef,PI4-107-P,16,OK,1.00,0,9.50,5.50,3.50,0
5/6/2015,Pickles Reef,24.98607,-80.41506,Offshore,Snapper Ledge,PI4-107-B,16,OK,1.00,0,9.00,8.00,4.50,0
5/6/2015,Pickles Reef,24.98607,-80.41506,Offshore,Conch Reef 2,PI4-106-Y,16,OK,1.00,0,13.50,6.00,5.50,0
5/6/2015,Pickles Reef,24.98607,-80.41506,Offshore,Conch Reef 1,PI4-106-W,16,OK,1.00,0,8.00,4.50,4.00,0
5/6/2015,Pickles Reef,24.98607,-80.41506,Offshore,Horseshoe Reef,PI4-106-P,16,OK,1.00,0,8.00,7.50,3.00,0
5/6/2015,Pickles Reef,24.98607,-80.41506,Offshore,Snapper Ledge,PI4-106-B,16,OK,1.00,0,8.00,6.50,3.00,0
5/6/2015,Pickles Reef,24.98607,-80.41506,Offshore,Conch Reef 2,PI4-105-Y,17,OK,1.00,0,11.00,7.50,7.50,0
5/6/2015,Pickles Reef,24.98607,-80.41506,Offshore,Conch Reef 1,PI4-105-W,16,OK,1.00,0,10.00,5.50,6.50,0
5/6/2015,Pickles Reef,24.98607,-80.41506,Offshore,Horseshoe Reef,PI4-105-P,17,OK,1.00,0,8.00,6.50,2.00,0
5/6/2015,Pickles Reef,24.98607,-80.41506,Offshore,Snapper Ledge,PI4-105-B,16,OK,1.00,0,7.50,6.00,3.50,0
5/6/2015,Pickles Reef,24.98607,-80.41506,Offshore,Snapper Ledge,PI4-108-B,15,OK,1.00,0,11.00,4.00,3.00,0
5/6/2015,Pickles Reef,24.98607,-80.41506,Offshore,Conch Reef 1,PI4-104-W,17,OK,1.00,0,11.00,7.00,3.00,0
5/6/2015,Pickles Reef,24.98607,-80.41506,Offshore,Horseshoe Reef,PI4-108-P,15,OK,1.00,0,7.50,6.00,2.50,0
5/6/2015,Pickles Reef,24.98607,-80.41506,Offshore,Snapper Ledge,PI4-104-B,17,OK,1.00,0,6.00,4.00,6.50,0
5/6/2015,Pickles Reef,24.98607,-80.41506,Offshore,Conch Reef 2,PI4-103-Y,17,OK,1.00,0,11.50,6.00,6.50,0
5/6/2015,Pickles Reef,24.98607,-80.41506,Offshore,Conch Reef 1,PI4-103-W,17,OK,1.00,0,9.50,5.00,2.50,0
5/6/2015,Pickles Reef,24.98607,-80.41506,Offshore,Horseshoe Reef,PI4-103-P,17,OK,1.00,0,9.50,0.50,4.00,0
5/6/2015,Pickles Reef,24.98607,-80.41506,Offshore,Snapper Ledge,PI4-103-B,17,OK,1.00,0,10.00,6.00,4.00,0
5/6/2015,Pickles Reef,24.98607,-80.41506,Offshore,Conch Reef 2,PI4-102-Y,17,OK,1.00,0,11.50,8.00,6.50,0
5/6/2015,Pickles Reef,24.98607,-80.41506,Offshore,Conch Reef 1,PI4-102-W,17,OK,1.00,0,7.00,5.50,4.50,0
5/6/2015,Pickles Reef,24.98607,-80.41506,Offshore,Horseshoe Reef,PI4-102-P,17,OK,1.00,0,8.50,7.00,6.00,0
5/6/2015,Pickles Reef,24.98607,-80.41506,Offshore,Snapper Ledge,PI4-102-B,17,OK,1.00,0,9.00,4.00,5.50,0
5/6/2015,Pickles Reef,24.98607,-80.41506,Offshore,Conch Reef 2,PI4-101-Y,17,OK,1.00,0,9.50,7.50,5.00,0
5/6/2015,Pickles Reef,24.98607,-80.41506,Offshore,Conch Reef 1,PI4-101-W,17,OK,1.00,0,10.50,5.50,3.00,0
5/6/2015,Pickles Reef,24.98607,-80.41506,Offshore,Horseshoe Reef,PI4-101-P,17,OK,1.00,0,7.50,7.00,4.00,0
5/6/2015,Pickles Reef,24.98607,-80.41506,Offshore,Snapper Ledge,PI4-101-B,17,OK,1.00,0,7.00,6.00,3.50,0
5/6/2015,Pickles Reef,24.98607,-80.41506,Offshore,Conch Reef 2,PI4-104-Y,17,OK,1.00,0,10.00,8.00,6.00,0
5/6/2015,Pickles Reef,24.98575,-80.41558,Offshore,Conch Reef 2,PI5-111-Y,16,OK,1.00,0,10.00,6.00,4.50,0
5/6/2015,Pickles Reef,24.98575,-80.41558,Offshore,Horseshoe Reef,PI5-116-P,15,OK,1.00,0,8.50,8.00,6.00,0
5/6/2015,Pickles Reef,24.98575,-80.41558,Offshore,Snapper Ledge,PI5-115-B,15,OK,1.00,0,8.50,6.00,4.50,0
5/6/2015,Pickles Reef,24.98575,-80.41558,Offshore,Conch Reef 2,PI5-114-Y,16,OK,1.00,0,11.50,6.00,3.00,0
5/6/2015,Pickles Reef,24.98575,-80.41558,Offshore,Conch Reef 1,PI5-114-W,15,OK,1.00,0,8.00,7.50,7.50,0
5/6/2015,Pickles Reef,24.98575,-80.41558,Offshore,Horseshoe Reef,PI5-114-P,15,OK,1.00,0,10.50,6.50,4.00,0
5/6/2015,Pickles Reef,24.98575,-80.41558,Offshore,Snapper Ledge,PI5-114-B,16,OK,1.00,0,11.00,5.00,4.50,0
5/6/2015,Pickles Reef,24.98575,-80.41558,Offshore,Conch Reef 2,PI5-113-Y,16,OK,1.00,0,11.00,8.50,3.00,0
5/6/2015,Pickles Reef,24.98575,-80.41558,Offshore,Conch Reef 1,PI5-113-W,15,OK,1.00,0,7.50,7.00,8.00,0
5/6/2015,Pickles Reef,24.98575,-80.41558,Offshore,Horseshoe Reef,PI5-113-P,16,OK,1.00,0,8.00,5.00,2.50,0
5/6/2015,Pickles Reef,24.98575,-80.41558,Offshore,Snapper Ledge,PI5-113-B,15,OK,1.00,0,9.00,5.00,6.50,0
5/6/2015,Pickles Reef,24.98575,-80.41558,Offshore,Conch Reef 2,PI5-112-Y,15,OK,1.00,0,8.00,7.00,4.00,0
5/6/2015,Pickles Reef,24.98575,-80.41558,Offshore,Conch Reef 1,PI5-112-W,15,OK,1.00,0,8.50,5.50,7.00,0
5/6/2015,Pickles Reef,24.98607,-80.41506,Offshore,Conch Reef 2,PI4-107-Y,16,OK,1.00,0,9.00,8.50,4.50,0
5/6/2015,Pickles Reef,24.98575,-80.41558,Offshore,Snapper Ledge,PI5-112-B,15,OK,1.00,0,10.50,5.50,3.00,0
5/6/2015,Pickles Reef,24.98575,-80.41558,Offshore,Conch Reef 1,PI5-115-W,15,OK,1.00,0,11.00,6.50,2.00,0
5/6/2015,Pickles Reef,24.98575,-80.41558,Offshore,Conch Reef 1,PI5-111-W,16,OK,1.00,0,10.50,4.50,5.50,0
5/6/2015,Pickles Reef,24.98575,-80.41558,Offshore,Horseshoe Reef,PI5-111-P,16,OK,1.00,0,9.00,5.00,3.50,0
5/6/2015,Pickles Reef,24.98575,-80.41558,Offshore,Snapper Ledge,PI5-111-B,16,OK,1.00,0,8.50,7.50,5.00,0
5/6/2015,Pickles Reef,24.98607,-80.41506,Offshore,Conch Reef 2,PI4-110-Y,16,OK,1.00,0,10.50,5.50,5.50,0
5/6/2015,Pickles Reef,24.98607,-80.41506,Offshore,Conch Reef 1,PI4-110-W,16,OK,1.00,0,9.00,4.50,4.00,0
5/6/2015,Pickles Reef,24.98607,-80.41506,Offshore,Horseshoe Reef,PI4-110-P,16,OK,1.00,0,8.00,6.00,4.50,0
5/6/2015,Pickles Reef,24.98607,-80.41506,Offshore,Snapper Ledge,PI4-110-B,16,OK,1.00,0,6.50,6.50,3.50,0
5/6/2015,Pickles Reef,24.98607,-80.41506,Offshore,Conch Reef 2,PI4-109-Y,16,OK,1.00,0,7.50,6.00,4.00,0
5/6/2015,Pickles Reef,24.98607,-80.41506,Offshore,Conch Reef 1,PI4-109-W,16,OK,1.00,0,11.00,4.00,3.50,0
5/6/2015,Pickles Reef,24.98607,-80.41506,Offshore,Horseshoe Reef,PI4-109-P,16,OK,1.00,0,9.00,4.00,3.00,0
5/6/2015,Pickles Reef,24.98607,-80.41506,Offshore,Snapper Ledge,PI4-109-B,16,OK,1.00,0,10.00,5.50,4.00,0
5/6/2015,Pickles Reef,24.98607,-80.41506,Offshore,Conch Reef 2,PI4-108-Y,15,OK,1.00,0,10.00,8.50,4.00,0
5/6/2015,Pickles Reef,24.98607,-80.41506,Offshore,Conch Reef 1,PI4-108-W,15,OK,1.00,0,8.50,6.50,2.50,0
5/6/2015,Pickles Reef,24.98575,-80.41558,Offshore,Horseshoe Reef,PI5-112-P,15,OK,1.00,0,8.50,4.50,4.00,0
5/6/2015,Pickles Reef,24.98575,-80.41558,Offshore,Conch Reef 2,PI5-115-Y,15,OK,1.00,0,10.00,7.00,6.00,0
5/7/2015,AAA,25.16850,-80.26681,Nearshore,Horseshoe Reef,AA1-140-P,13,OK,1.00,0,8.50,6.00,5.50,0
5/7/2015,AAA,25.16860,-80.26677,Nearshore,Snapper Ledge,AA2-142-B,13,OK,1.00,0,8.00,5.00,2.50,0
5/7/2015,AAA,25.16860,-80.26677,Nearshore,Conch Reef 2,AA2-141-Y,14,OK,1.00,0,8.00,6.00,5.00,0
5/7/2015,AAA,25.16860,-80.26677,Nearshore,Conch Reef 1,AA2-141-W,14,OK,1.00,0,8.50,4.50,7.50,0
5/7/2015,AAA,25.16860,-80.26677,Nearshore,Horseshoe Reef,AA2-141-P,14,OK,1.00,0,8.50,5.50,2.00,0
5/7/2015,AAA,25.16860,-80.26677,Nearshore,Snapper Ledge,AA2-141-B,14,OK,1.00,0,10.00,5.00,5.50,0
5/7/2015,AAA,25.16860,-80.26677,Nearshore,Snapper Ledge,AA2-146-B,12,OK,1.00,0,10.50,6.00,3.00,0
5/7/2015,AAA,25.16850,-80.26681,Nearshore,Conch Reef 1,AA1-140-W,13,OK,1.00,0,11.50,3.50,1.50,0
5/7/2015,AAA,25.16860,-80.26677,Nearshore,Conch Reef 2,AA2-142-Y,13,OK,1.00,0,8.00,4.50,3.00,0
5/7/2015,AAA,25.16850,-80.26681,Nearshore,Snapper Ledge,AA1-140-B,13,OK,1.00,0,10.00,7.00,5.00,0
5/7/2015,AAA,25.16850,-80.26681,Nearshore,Conch Reef 2,AA1-139-Y,13,OK,1.00,0,7.50,7.00,7.50,0
5/7/2015,AAA,25.16850,-80.26681,Nearshore,Conch Reef 1,AA1-139-W,13,OK,1.00,0,12.50,4.50,5.00,0
5/7/2015,AAA,25.16850,-80.26681,Nearshore,Horseshoe Reef,AA1-139-P,13,OK,1.00,0,8.00,5.50,4.00,0
5/7/2015,AAA,25.16850,-80.26681,Nearshore,Snapper Ledge,AA1-139-B,13,OK,1.00,0,10.00,5.50,7.00,0
5/7/2015,AAA,25.16850,-80.26681,Nearshore,Conch Reef 2,AA1-140-Y,13,OK,1.00,0,8.00,4.50,4.00,0
5/7/2015,AAA,25.16860,-80.26677,Nearshore,Conch Reef 1,AA2-142-W,13,OK,1.00,0,7.50,6.50,2.00,0
5/7/2015,AAA,25.16850,-80.26681,Nearshore,Horseshoe Reef,AA1-138-P,13,OK,1.00,0,10.00,4.50,5.50,0
5/7/2015,AAA,25.16860,-80.26677,Nearshore,Snapper Ledge,AA2-143-B,14,OK,1.00,0,11.00,4.50,3.00,0
5/7/2015,AAA,25.16860,-80.26677,Nearshore,Horseshoe Reef,AA2-143-P,14,OK,1.00,0,9.50,6.00,4.50,0
5/7/2015,AAA,25.16860,-80.26677,Nearshore,Conch Reef 1,AA2-143-W,14,OK,1.00,0,8.00,5.50,2.00,0
5/7/2015,AAA,25.16860,-80.26677,Nearshore,Conch Reef 2,AA2-143-Y,13,OK,1.00,0,7.00,5.00,4.00,0
5/7/2015,AAA,25.16860,-80.26677,Nearshore,Snapper Ledge,AA2-144-B,13,OK,1.00,0,12.00,5.50,3.00,0
5/7/2015,AAA,25.16860,-80.26677,Nearshore,Horseshoe Reef,AA2-144-P,13,OK,1.00,0,8.00,3.00,4.50,0
5/7/2015,AAA,25.16860,-80.26677,Nearshore,Conch Reef 1,AA2-144-W,13,OK,1.00,0,6.00,4.00,2.00,0
5/7/2015,AAA,25.16860,-80.26677,Nearshore,Conch Reef 2,AA2-144-Y,13,OK,1.00,0,7.00,5.00,2.00,0
5/7/2015,AAA,25.16860,-80.26677,Nearshore,Snapper Ledge,AA2-145-B,13,OK,1.00,0,11.50,3.50,3.00,0
5/7/2015,AAA,25.16860,-80.26677,Nearshore,Horseshoe Reef,AA2-145-P,13,OK,1.00,0,9.00,4.50,3.00,0
5/7/2015,AAA,25.16860,-80.26677,Nearshore,Conch Reef 1,AA2-145-W,13,OK,1.00,0,10.00,4.50,5.00,0
5/7/2015,AAA,25.16860,-80.26677,Nearshore,Conch Reef 2,AA2-145-Y,13,OK,1.00,0,7.00,6.00,3.00,0
5/7/2015,AAA,25.16860,-80.26677,Nearshore,Horseshoe Reef,AA2-142-P,13,OK,1.00,0,9.00,4.00,2.00,0
5/7/2015,AAA,25.16850,-80.26681,Nearshore,Snapper Ledge,AA1-135-B,14,OK,1.00,0,9.50,5.50,4.00,0
5/7/2015,AAA,25.16850,-80.26681,Nearshore,Conch Reef 1,AA1-131-W,15,OK,1.00,0,8.00,5.50,9.00,0
5/7/2015,AAA,25.16864,-80.26669,Nearshore,Conch Reef 2,AA3-160-Y,11,OK,1.00,0,8.50,7.50,5.00,0
5/7/2015,AAA,25.16850,-80.26681,Nearshore,Snapper Ledge,AA1-132-B,14,OK,1.00,0,11.00,5.50,5.00,0
5/7/2015,AAA,25.16850,-80.26681,Nearshore,Horseshoe Reef,AA1-132-P,14,OK,1.00,0,9.00,4.00,4.50,0
5/7/2015,AAA,25.16850,-80.26681,Nearshore,Conch Reef 1,AA1-132-W,14,OK,1.00,0,10.50,5.50,6.00,0
5/7/2015,AAA,25.16850,-80.26681,Nearshore,Conch Reef 2,AA1-132-Y,14,OK,1.00,0,8.00,4.50,4.00,0
5/7/2015,AAA,25.16850,-80.26681,Nearshore,Snapper Ledge,AA1-133-B,14,OK,1.00,0,6.50,5.00,5.50,0
5/7/2015,AAA,25.16850,-80.26681,Nearshore,Horseshoe Reef,AA1-133-P,14,OK,1.00,0,8.00,5.00,8.00,0
5/7/2015,AAA,25.16850,-80.26681,Nearshore,Conch Reef 1,AA1-133-W,14,OK,1.00,0,7.00,7.50,5.50,0
5/7/2015,AAA,25.16850,-80.26681,Nearshore,Conch Reef 2,AA1-133-Y,14,OK,1.00,0,10.50,5.50,5.50,0
5/7/2015,AAA,25.16850,-80.26681,Nearshore,Snapper Ledge,AA1-134-B,14,OK,1.00,0,10.00,6.00,5.00,0
5/7/2015,AAA,25.16850,-80.26681,Nearshore,Horseshoe Reef,AA1-134-P,14,OK,1.00,0,7.50,7.00,3.00,0
5/7/2015,AAA,25.16850,-80.26681,Nearshore,Conch Reef 2,AA1-138-Y,14,OK,1.00,0,7.50,6.00,5.00,0
5/7/2015,AAA,25.16850,-80.26681,Nearshore,Conch Reef 2,AA1-134-Y,14,OK,1.00,0,7.00,7.00,5.00,0
5/7/2015,AAA,25.16850,-80.26681,Nearshore,Conch Reef 1,AA1-138-W,13,OK,1.00,0,8.00,4.50,2.00,0
5/7/2015,AAA,25.16850,-80.26681,Nearshore,Horseshoe Reef,AA1-135-P,14,OK,1.00,0,10.00,5.50,4.50,0
5/7/2015,AAA,25.16850,-80.26681,Nearshore,Conch Reef 1,AA1-135-W,14,OK,1.00,0,7.50,4.50,4.00,0
5/7/2015,AAA,25.16850,-80.26681,Nearshore,Conch Reef 2,AA1-135-Y,14,OK,1.00,0,9.50,8.00,4.50,0
5/7/2015,AAA,25.16850,-80.26681,Nearshore,Snapper Ledge,AA1-136-B,14,OK,1.00,0,10.00,4.00,4.00,0
5/7/2015,AAA,25.16850,-80.26681,Nearshore,Horseshoe Reef,AA1-136-P,14,OK,1.00,0,12.00,6.50,2.00,0
5/7/2015,AAA,25.16850,-80.26681,Nearshore,Conch Reef 1,AA1-136-W,14,OK,1.00,0,11.00,4.50,5.50,0
5/7/2015,AAA,25.16850,-80.26681,Nearshore,Conch Reef 2,AA1-136-Y,14,OK,1.00,0,10.00,5.50,4.50,0
5/7/2015,AAA,25.16850,-80.26681,Nearshore,Snapper Ledge,AA1-137-B,13,OK,1.00,0,10.00,7.50,4.00,0
5/7/2015,AAA,25.16850,-80.26681,Nearshore,Horseshoe Reef,AA1-137-P,14,OK,1.00,0,8.50,6.00,5.00,0
5/7/2015,AAA,25.16850,-80.26681,Nearshore,Conch Reef 1,AA1-137-W,14,OK,1.00,0,8.00,5.50,2.00,0
5/7/2015,AAA,25.16850,-80.26681,Nearshore,Conch Reef 2,AA1-137-Y,14,OK,1.00,0,8.00,5.00,4.00,0
5/7/2015,AAA,25.16850,-80.26681,Nearshore,Snapper Ledge,AA1-138-B,13,OK,1.00,0,12.00,5.50,4.00,0
5/7/2015,AAA,25.16850,-80.26681,Nearshore,Conch Reef 2,AA1-131-Y,15,OK,1.00,0,9.00,3.50,6.00,0
5/7/2015,AAA,25.16850,-80.26681,Nearshore,Conch Reef 1,AA1-134-W,14,OK,1.00,0,13.00,5.00,4.50,0
5/7/2015,AAA,25.16864,-80.26669,Nearshore,Conch Reef 1,AA3-157-W,13,OK,1.00,0,10.50,4.50,6.50,0
5/7/2015,AAA,25.16864,-80.26669,Nearshore,Conch Reef 2,AA3-153-Y,14,OK,1.00,0,11.00,6.50,4.50,0
5/7/2015,AAA,25.16864,-80.26669,Nearshore,Snapper Ledge,AA3-154-B,13,OK,1.00,0,11.50,7.00,4.00,0
5/7/2015,AAA,25.16864,-80.26669,Nearshore,Horseshoe Reef,AA3-154-P,13,OK,1.00,0,7.50,5.50,3.00,0
5/7/2015,AAA,25.16864,-80.26669,Nearshore,Conch Reef 1,AA3-154-W,13,OK,1.00,0,9.00,7.00,4.00,0
5/7/2015,AAA,25.16864,-80.26669,Nearshore,Conch Reef 2,AA3-154-Y,13,OK,1.00,0,7.50,6.00,3.00,0
5/7/2015,AAA,25.16864,-80.26669,Nearshore,Snapper Ledge,AA3-155-B,13,OK,1.00,0,8.00,5.50,4.00,0
5/7/2015,AAA,25.16864,-80.26669,Nearshore,Horseshoe Reef,AA3-155-P,13,OK,1.00,0,8.00,4.00,3.00,0
5/7/2015,AAA,25.16864,-80.26669,Nearshore,Conch Reef 1,AA3-155-W,13,OK,1.00,0,11.00,4.00,4.50,0
5/7/2015,AAA,25.16864,-80.26669,Nearshore,Conch Reef 2,AA3-155-Y,14,OK,1.00,0,6.50,5.00,3.00,0
5/7/2015,AAA,25.16864,-80.26669,Nearshore,Snapper Ledge,AA3-156-B,12,OK,1.00,0,9.50,6.50,3.50,0
5/7/2015,AAA,25.16864,-80.26669,Nearshore,Horseshoe Reef,AA3-156-P,12,OK,1.00,0,7.50,6.00,4.50,0
5/7/2015,AAA,25.16864,-80.26669,Nearshore,Conch Reef 1,AA3-156-W,12,OK,1.00,0,8.50,6.00,4.50,0
5/7/2015,AAA,25.16864,-80.26669,Nearshore,Conch Reef 2,AA3-156-Y,13,OK,1.00,0,7.50,6.50,4.00,0
5/7/2015,AAA,25.16864,-80.26669,Nearshore,Conch Reef 1,AA3-153-W,14,OK,1.00,0,8.00,4.50,2.00,0
5/7/2015,AAA,25.16864,-80.26669,Nearshore,Snapper Ledge,AA3-159-B,11,OK,1.00,0,7.50,7.50,2.50,0
5/7/2015,AAA,25.16850,-80.26681,Nearshore,Horseshoe Reef,AA1-131-P,15,OK,1.00,0,10.50,4.50,3.50,0
5/7/2015,AAA,25.16850,-80.26681,Nearshore,Snapper Ledge,AA1-131-B,15,OK,1.00,0,7.00,5.50,3.00,0
5/7/2015,AAA,25.16864,-80.26669,Nearshore,Horseshoe Reef,AA3-160-P,11,OK,1.00,0,8.50,6.50,2.00,0
5/7/2015,AAA,25.16864,-80.26669,Nearshore,Snapper Ledge,AA3-160-B,11,OK,1.00,0,12.50,4.50,3.50,0
5/7/2015,AAA,25.16864,-80.26669,Nearshore,Conch Reef 2,AA3-159-Y,11,OK,1.00,0,7.50,6.00,3.00,0
5/7/2015,AAA,25.16864,-80.26669,Nearshore,Snapper Ledge,AA3-157-B,13,OK,1.00,0,10.00,6.00,4.00,0
5/7/2015,AAA,25.16864,-80.26669,Nearshore,Horseshoe Reef,AA3-159-P,11,OK,1.00,0,8.50,4.50,2.50,0
5/7/2015,AAA,25.16864,-80.26669,Nearshore,Horseshoe Reef,AA3-157-P,13,OK,1.00,0,9.50,3.50,3.00,0
5/7/2015,AAA,25.16864,-80.26669,Nearshore,Conch Reef 2,AA3-158-Y,11,OK,1.00,0,8.50,6.50,4.50,0
5/7/2015,AAA,25.16864,-80.26669,Nearshore,Conch Reef 1,AA3-158-W,11,OK,1.00,0,10.00,4.00,2.50,0
5/7/2015,AAA,25.16864,-80.26669,Nearshore,Horseshoe Reef,AA3-158-P,11,OK,1.00,0,8.00,4.50,3.00,0
5/7/2015,AAA,25.16864,-80.26669,Nearshore,Snapper Ledge,AA3-158-B,11,OK,1.00,0,9.00,5.00,4.50,0
5/7/2015,AAA,25.16864,-80.26669,Nearshore,Conch Reef 2,AA3-157-Y,12,OK,1.00,0,8.00,5.50,5.00,0
5/7/2015,AAA,25.16864,-80.26669,Nearshore,Conch Reef 1,AA3-160-W,11,OK,1.00,0,9.50,4.50,2.50,0
5/7/2015,AAA,25.16864,-80.26669,Nearshore,Conch Reef 1,AA3-159-W,11,OK,1.00,0,10.00,5.00,2.50,0
5/7/2015,AAA,25.16860,-80.26677,Nearshore,Horseshoe Reef,AA2-148-P,11,OK,1.00,0,8.00,7.50,6.50,0
5/7/2015,AAA,25.16860,-80.26677,Nearshore,Conch Reef 1,AA2-146-W,12,OK,1.00,0,10.00,5.50,4.50,0
5/7/2015,AAA,25.16860,-80.26677,Nearshore,Conch Reef 2,AA2-146-Y,12,OK,1.00,0,10.00,9.00,3.00,0
5/7/2015,AAA,25.16860,-80.26677,Nearshore,Snapper Ledge,AA2-147-B,12,OK,1.00,0,13.00,6.00,5.00,0
5/7/2015,AAA,25.16860,-80.26677,Nearshore,Horseshoe Reef,AA2-147-P,12,OK,1.00,0,9.50,5.00,3.50,0
5/7/2015,AAA,25.16860,-80.26677,Nearshore,Conch Reef 1,AA2-147-W,12,OK,1.00,0,8.00,5.50,4.00,0
5/7/2015,AAA,25.16864,-80.26669,Nearshore,Horseshoe Reef,AA3-153-P,14,OK,1.00,0,9.50,5.00,3.00,0
5/7/2015,AAA,25.16860,-80.26677,Nearshore,Snapper Ledge,AA2-148-B,11,OK,1.00,0,11.00,5.00,6.00,0
5/7/2015,AAA,25.16860,-80.26677,Nearshore,Horseshoe Reef,AA2-146-P,12,OK,1.00,0,9.50,5.00,4.00,0
5/7/2015,AAA,25.16860,-80.26677,Nearshore,Conch Reef 1,AA2-148-W,11,OK,1.00,0,7.50,4.00,4.00,0
5/7/2015,AAA,25.16860,-80.26677,Nearshore,Conch Reef 2,AA2-148-Y,11,OK,1.00,0,6.50,2.50,2.00,0
5/7/2015,AAA,25.16860,-80.26677,Nearshore,Snapper Ledge,AA2-149-B,11,OK,1.00,0,10.00,8.00,6.00,0
5/7/2015,AAA,25.16860,-80.26677,Nearshore,Horseshoe Reef,AA2-149-P,12,OK,1.00,0,7.00,5.50,2.50,0
5/7/2015,AAA,25.16860,-80.26677,Nearshore,Conch Reef 1,AA2-149-W,11,OK,1.00,0,10.50,4.50,2.50,0
5/7/2015,AAA,25.16864,-80.26669,Nearshore,Snapper Ledge,AA3-152-B,14,OK,1.00,0,10.00,6.50,3.00,0
5/7/2015,AAA,25.16860,-80.26677,Nearshore,Conch Reef 2,AA2-147-Y,12,OK,1.00,0,8.00,6.50,3.50,0
5/7/2015,AAA,25.16860,-80.26677,Nearshore,Conch Reef 2,AA2-149-Y,11,OK,1.00,0,9.00,7.00,4.00,0
5/7/2015,AAA,25.16864,-80.26669,Nearshore,Conch Reef 2,AA3-152-Y,14,OK,1.00,0,9.00,6.00,3.00,0
5/7/2015,AAA,25.16864,-80.26669,Nearshore,Horseshoe Reef,AA3-152-P,14,OK,1.00,0,8.00,7.00,3.00,0
5/7/2015,AAA,25.16864,-80.26669,Nearshore,Snapper Ledge,AA3-153-B,14,OK,1.00,0,10.00,8.50,3.00,0
5/7/2015,AAA,25.16864,-80.26669,Nearshore,Conch Reef 2,AA3-151-Y,15,OK,1.00,0,7.50,4.00,4.00,0
5/7/2015,AAA,25.16864,-80.26669,Nearshore,Conch Reef 1,AA3-151-W,15,OK,1.00,0,7.00,5.00,4.00,0
5/7/2015,AAA,25.16864,-80.26669,Nearshore,Horseshoe Reef,AA3-151-P,15,OK,1.00,0,9.00,5.00,2.50,0
5/7/2015,AAA,25.16864,-80.26669,Nearshore,Snapper Ledge,AA3-151-B,14,OK,1.00,0,10.50,6.50,4.00,0
5/7/2015,AAA,25.16860,-80.26677,Nearshore,Conch Reef 2,AA2-150-Y,11,OK,1.00,0,8.00,6.50,3.00,0
5/7/2015,AAA,25.16860,-80.26677,Nearshore,Conch Reef 1,AA2-150-W,11,OK,1.00,0,8.50,4.00,1.50,0
5/7/2015,AAA,25.16860,-80.26677,Nearshore,Horseshoe Reef,AA2-150-P,11,OK,1.00,0,8.50,5.00,3.00,0
5/7/2015,AAA,25.16860,-80.26677,Nearshore,Snapper Ledge,AA2-150-B,12,OK,1.00,0,10.50,4.50,2.50,0
5/7/2015,AAA,25.16864,-80.26669,Nearshore,Conch Reef 1,AA3-152-W,14,OK,1.00,0,8.00,4.00,2.50,0
5/8/2015,North Dry Rocks,25.12965,-80.29367,Nearshore,Snapper Ledge,ND2-171-B,15,OK,1.00,0,10.00,5.00,2.50,0
5/8/2015,North Dry Rocks,25.12965,-80.29367,Nearshore,Horseshoe Reef,ND2-172-P,14,OK,1.00,0,9.00,5.50,5.00,0
5/8/2015,North Dry Rocks,25.12965,-80.29367,Nearshore,Snapper Ledge,ND2-172-B,13,OK,1.00,0,9.50,4.50,1.50,0
5/8/2015,North Dry Rocks,25.12965,-80.29367,Nearshore,Conch Reef 2,ND2-171-Y,15,OK,1.00,0,8.00,4.50,3.00,0
5/8/2015,North Dry Rocks,25.12965,-80.29367,Nearshore,Conch Reef 1,ND2-171-W,16,OK,1.00,0,10.00,7.50,3.00,0
5/8/2015,North Dry Rocks,25.12965,-80.29367,Nearshore,Horseshoe Reef,ND2-171-P,15,OK,1.00,0,10.50,6.00,5.50,0
5/8/2015,North Dry Rocks,25.12983,-80.29369,Nearshore,Conch Reef 2,ND1-170-Y,12,OK,1.00,0,9.50,5.50,4.00,0
5/8/2015,North Dry Rocks,25.12983,-80.29369,Nearshore,Conch Reef 1,ND1-170-W,13,OK,1.00,0,11.50,6.00,7.50,0
5/8/2015,North Dry Rocks,25.12983,-80.29369,Nearshore,Horseshoe Reef,ND1-170-P,13,OK,1.00,0,7.00,5.50,4.50,0
5/8/2015,North Dry Rocks,25.12983,-80.29369,Nearshore,Snapper Ledge,ND1-170-B,12,OK,1.00,0,9.00,6.00,3.50,0
5/8/2015,North Dry Rocks,25.12983,-80.29369,Nearshore,Conch Reef 2,ND1-169-Y,13,OK,1.00,0,11.50,7.00,5.00,0
5/8/2015,North Dry Rocks,25.12983,-80.29369,Nearshore,Conch Reef 1,ND1-169-W,13,OK,1.00,0,8.50,6.50,3.00,0
5/8/2015,North Dry Rocks,25.12983,-80.29369,Nearshore,Conch Reef 1,ND1-161-W,15,OK,1.00,0,10.00,6.00,5.00,0
5/8/2015,North Dry Rocks,25.12983,-80.29369,Nearshore,Horseshoe Reef,ND1-169-P,14,OK,1.00,0,9.00,7.00,4.00,0
5/8/2015,North Dry Rocks,25.12965,-80.29367,Nearshore,Horseshoe Reef,ND2-174-P,14,OK,1.00,0,7.50,5.50,3.00,0
5/8/2015,North Dry Rocks,25.12983,-80.29369,Nearshore,Snapper Ledge,ND1-165-B,13,OK,1.00,0,10.50,4.50,3.00,0
5/8/2015,North Dry Rocks,25.12965,-80.29367,Nearshore,Conch Reef 2,ND2-175-Y,13,OK,1.00,0,9.50,6.50,4.00,0
5/8/2015,North Dry Rocks,25.12983,-80.29369,Nearshore,Snapper Ledge,ND1-169-B,13,OK,1.00,0,8.50,6.50,3.00,0
5/8/2015,North Dry Rocks,25.12965,-80.29367,Nearshore,Horseshoe Reef,ND2-175-P,13,OK,1.00,0,9.00,4.00,3.00,0
5/8/2015,North Dry Rocks,25.12965,-80.29367,Nearshore,Snapper Ledge,ND2-175-B,13,OK,1.00,0,10.00,3.50,4.00,0
5/8/2015,North Dry Rocks,25.12965,-80.29367,Nearshore,Conch Reef 1,ND2-175-W,13,OK,1.00,0,10.00,6.00,2.50,0
5/8/2015,North Dry Rocks,25.12965,-80.29367,Nearshore,Conch Reef 1,ND2-174-W,14,OK,1.00,0,13.00,7.00,4.00,0
5/8/2015,North Dry Rocks,25.12965,-80.29367,Nearshore,Conch Reef 1,ND2-172-W,14,OK,1.00,0,11.00,6.50,2.00,0
5/8/2015,North Dry Rocks,25.12965,-80.29367,Nearshore,Snapper Ledge,ND2-174-B,13,OK,1.00,0,10.00,5.50,4.00,0
5/8/2015,North Dry Rocks,25.12965,-80.29367,Nearshore,Conch Reef 2,ND2-173-Y,13,OK,1.00,0,8.00,5.00,2.50,0
5/8/2015,North Dry Rocks,25.12965,-80.29367,Nearshore,Conch Reef 1,ND2-173-W,13,OK,1.00,0,10.00,7.00,7.00,0
5/8/2015,North Dry Rocks,25.12965,-80.29367,Nearshore,Horseshoe Reef,ND2-173-P,13,OK,1.00,0,9.00,8.50,6.00,0
5/8/2015,North Dry Rocks,25.12965,-80.29367,Nearshore,Snapper Ledge,ND2-173-B,13,OK,1.00,0,8.00,3.50,5.00,0
5/8/2015,North Dry Rocks,25.12965,-80.29367,Nearshore,Conch Reef 2,ND2-172-Y,14,OK,1.00,0,9.50,5.50,4.00,0
5/8/2015,North Dry Rocks,25.12965,-80.29367,Nearshore,Conch Reef 2,ND2-174-Y,13,OK,1.00,0,10.00,6.00,6.00,0
5/8/2015,North Dry Rocks,25.12983,-80.29369,Nearshore,Horseshoe Reef,ND1-165-P,13,OK,1.00,0,11.50,6.50,3.00,0
5/8/2015,North Dry Rocks,25.13002,-80.29386,Nearshore,Conch Reef 2,ND3-183-Y,11,OK,1.00,0,9.50,7.50,5.00,0
5/8/2015,North Dry Rocks,25.12965,-80.29367,Nearshore,Snapper Ledge,ND2-176-B,12,OK,1.00,0,10.50,3.00,5.00,0
5/8/2015,North Dry Rocks,25.12983,-80.29369,Nearshore,Snapper Ledge,ND1-162-B,15,OK,1.00,0,8.00,6.50,4.00,0
5/8/2015,North Dry Rocks,25.12983,-80.29369,Nearshore,Horseshoe Reef,ND1-162-P,14,OK,1.00,0,9.50,4.50,5.50,0
5/8/2015,North Dry Rocks,25.12983,-80.29369,Nearshore,Conch Reef 1,ND1-162-W,15,OK,1.00,0,11.00,7.00,7.50,0
5/8/2015,North Dry Rocks,25.12983,-80.29369,Nearshore,Conch Reef 2,ND1-162-Y,14,OK,1.00,0,13.00,6.00,5.50,0
5/8/2015,North Dry Rocks,25.12983,-80.29369,Nearshore,Snapper Ledge,ND1-163-B,13,OK,1.00,0,11.50,5.00,2.00,0
5/8/2015,North Dry Rocks,25.12983,-80.29369,Nearshore,Horseshoe Reef,ND1-163-P,13,OK,1.00,0,9.50,6.00,5.00,0
5/8/2015,North Dry Rocks,25.12983,-80.29369,Nearshore,Conch Reef 1,ND1-163-W,13,OK,1.00,0,10.00,6.00,4.00,0
5/8/2015,North Dry Rocks,25.12983,-80.29369,Nearshore,Conch Reef 2,ND1-163-Y,13,OK,1.00,0,13.00,8.00,5.00,0
5/8/2015,North Dry Rocks,25.12983,-80.29369,Nearshore,Snapper Ledge,ND1-164-B,13,OK,1.00,0,9.50,5.00,3.00,0
5/8/2015,North Dry Rocks,25.12983,-80.29369,Nearshore,Horseshoe Reef,ND1-164-P,13,OK,1.00,0,7.00,6.50,5.50,0
5/8/2015,North Dry Rocks,25.12983,-80.29369,Nearshore,Conch Reef 1,ND1-165-W,13,OK,1.00,0,9.50,3.50,2.00,0
5/8/2015,North Dry Rocks,25.12983,-80.29369,Nearshore,Conch Reef 2,ND1-164-Y,13,OK,1.00,0,11.00,6.00,7.00,0
5/8/2015,North Dry Rocks,25.12983,-80.29369,Nearshore,Conch Reef 2,ND1-168-Y,12,OK,1.00,0,12.00,6.50,6.00,0
5/8/2015,North Dry Rocks,25.12983,-80.29369,Nearshore,Conch Reef 2,ND1-161-Y,15,OK,1.00,0,10.50,5.50,3.50,0
5/8/2015,North Dry Rocks,25.12983,-80.29369,Nearshore,Conch Reef 2,ND1-165-Y,13,OK,1.00,0,11.00,3.50,5.50,0
5/8/2015,North Dry Rocks,25.12983,-80.29369,Nearshore,Snapper Ledge,ND1-166-B,13,OK,1.00,0,12.00,6.50,6.00,0
5/8/2015,North Dry Rocks,25.12983,-80.29369,Nearshore,Horseshoe Reef,ND1-166-P,13,OK,1.00,0,8.50,6.00,4.00,0
5/8/2015,North Dry Rocks,25.12983,-80.29369,Nearshore,Conch Reef 1,ND1-166-W,13,OK,1.00,0,11.00,5.00,7.00,0
5/8/2015,North Dry Rocks,25.12983,-80.29369,Nearshore,Conch Reef 2,ND1-166-Y,12,OK,1.00,0,12.00,5.50,6.00,0
5/8/2015,North Dry Rocks,25.12983,-80.29369,Nearshore,Snapper Ledge,ND1-167-B,13,OK,1.00,0,10.00,3.50,2.00,0
5/8/2015,North Dry Rocks,25.12983,-80.29369,Nearshore,Horseshoe Reef,ND1-167-P,13,OK,1.00,0,8.50,5.50,4.00,0
5/8/2015,North Dry Rocks,25.12983,-80.29369,Nearshore,Conch Reef 1,ND1-167-W,13,OK,1.00,0,9.50,7.50,3.00,0
5/8/2015,North Dry Rocks,25.12983,-80.29369,Nearshore,Conch Reef 2,ND1-167-Y,13,OK,1.00,0,10.00,7.00,6.00,0
5/8/2015,North Dry Rocks,25.12983,-80.29369,Nearshore,Snapper Ledge,ND1-168-B,12,OK,1.00,0,10.00,4.50,3.00,0
5/8/2015,North Dry Rocks,25.12983,-80.29369,Nearshore,Horseshoe Reef,ND1-168-P,13,OK,1.00,0,10.00,5.00,3.50,0
5/8/2015,North Dry Rocks,25.12983,-80.29369,Nearshore,Conch Reef 1,ND1-168-W,12,OK,1.00,0,8.00,7.50,3.00,0
5/8/2015,North Dry Rocks,25.12983,-80.29369,Nearshore,Conch Reef 1,ND1-164-W,13,OK,1.00,0,10.50,5.50,7.00,0
5/8/2015,North Dry Rocks,25.13002,-80.29386,Nearshore,Conch Reef 2,ND3-187-Y,13,OK,1.00,0,10.00,7.00,4.50,0
5/8/2015,North Dry Rocks,25.13002,-80.29386,Nearshore,Horseshoe Reef,ND3-183-P,12,OK,1.00,0,11.00,3.50,3.50,0
5/8/2015,North Dry Rocks,25.13002,-80.29386,Nearshore,Conch Reef 1,ND3-184-W,12,OK,1.00,0,13.50,3.00,5.00,0
5/8/2015,North Dry Rocks,25.13002,-80.29386,Nearshore,Conch Reef 2,ND3-184-Y,11,OK,1.00,0,11.00,7.50,5.00,0
5/8/2015,North Dry Rocks,25.13002,-80.29386,Nearshore,Snapper Ledge,ND3-185-B,11,OK,1.00,0,9.50,5.00,4.00,0
5/8/2015,North Dry Rocks,25.13002,-80.29386,Nearshore,Horseshoe Reef,ND3-185-P,11,OK,1.00,0,8.00,4.00,3.50,0
5/8/2015,North Dry Rocks,25.13002,-80.29386,Nearshore,Conch Reef 1,ND3-185-W,11,OK,1.00,0,10.00,4.50,1.50,0
5/8/2015,North Dry Rocks,25.13002,-80.29386,Nearshore,Conch Reef 2,ND3-185-Y,11,OK,1.00,0,8.00,6.00,4.50,0
5/8/2015,North Dry Rocks,25.13002,-80.29386,Nearshore,Snapper Ledge,ND3-186-B,12,OK,1.00,0,10.50,4.00,3.50,0
5/8/2015,North Dry Rocks,25.13002,-80.29386,Nearshore,Horseshoe Reef,ND3-186-P,12,OK,1.00,0,10.00,5.50,6.00,0
5/8/2015,North Dry Rocks,25.13002,-80.29386,Nearshore,Conch Reef 1,ND3-186-W,12,OK,1.00,0,10.50,4.50,3.00,0
5/8/2015,North Dry Rocks,25.13002,-80.29386,Nearshore,Conch Reef 2,ND3-186-Y,12,OK,1.00,0,10.00,9.00,5.00,0
5/8/2015,North Dry Rocks,25.13002,-80.29386,Nearshore,Snapper Ledge,ND3-187-B,12,OK,1.00,0,11.00,5.00,3.50,0
5/8/2015,North Dry Rocks,25.13002,-80.29386,Nearshore,Snapper Ledge,ND3-184-B,12,OK,1.00,0,9.00,5.00,4.00,0
5/8/2015,North Dry Rocks,25.13002,-80.29386,Nearshore,Conch Reef 1,ND3-187-W,13,OK,1.00,0,9.50,5.00,3.00,0
5/8/2015,North Dry Rocks,25.12983,-80.29369,Nearshore,Snapper Ledge,ND1-161-B,15,OK,1.00,0,10.00,5.00,4.00,0
5/8/2015,North Dry Rocks,25.13002,-80.29386,Nearshore,Snapper Ledge,ND3-188-B,12,OK,1.00,0,9.50,4.50,3.00,0
5/8/2015,North Dry Rocks,25.13002,-80.29386,Nearshore,Horseshoe Reef,ND3-188-P,12,OK,1.00,0,8.50,4.50,4.50,0
5/8/2015,North Dry Rocks,25.13002,-80.29386,Nearshore,Conch Reef 1,ND3-188-W,12,OK,1.00,0,8.00,5.00,3.00,0
5/8/2015,North Dry Rocks,25.13002,-80.29386,Nearshore,Conch Reef 2,ND3-188-Y,12,OK,1.00,0,10.50,5.50,4.00,0
5/8/2015,North Dry Rocks,25.13002,-80.29386,Nearshore,Snapper Ledge,ND3-189-B,12,OK,1.00,0,11.50,5.00,2.50,0
5/8/2015,North Dry Rocks,25.13002,-80.29386,Nearshore,Horseshoe Reef,ND3-189-P,12,OK,1.00,0,8.50,7.00,3.50,0
5/8/2015,North Dry Rocks,25.13002,-80.29386,Nearshore,Conch Reef 1,ND3-189-W,12,OK,1.00,0,7.00,5.00,2.50,0
5/8/2015,North Dry Rocks,25.13002,-80.29386,Nearshore,Conch Reef 2,ND3-189-Y,12,OK,1.00,0,8.50,5.00,3.00,0
5/8/2015,North Dry Rocks,25.13002,-80.29386,Nearshore,Snapper Ledge,ND3-190-B,12,OK,1.00,0,8.00,4.50,2.50,0
5/8/2015,North Dry Rocks,25.13002,-80.29386,Nearshore,Horseshoe Reef,ND3-190-P,12,OK,1.00,0,7.50,7.00,4.00,0
5/8/2015,North Dry Rocks,25.13002,-80.29386,Nearshore,Conch Reef 1,ND3-190-W,12,OK,1.00,0,8.50,5.00,6.00,0
5/8/2015,North Dry Rocks,25.13002,-80.29386,Nearshore,Conch Reef 2,ND3-190-Y,13,OK,1.00,0,9.00,6.50,4.50,0
5/8/2015,North Dry Rocks,25.12983,-80.29369,Nearshore,Horseshoe Reef,ND1-161-P,15,OK,1.00,0,11.00,6.00,7.00,0
5/8/2015,North Dry Rocks,25.13002,-80.29386,Nearshore,Horseshoe Reef,ND3-187-P,13,OK,1.00,0,10.50,6.50,6.50,0
5/8/2015,North Dry Rocks,25.12965,-80.29367,Nearshore,Snapper Ledge,ND2-180-B,13,OK,1.00,0,9.50,3.50,3.00,0
5/8/2015,North Dry Rocks,25.12965,-80.29367,Nearshore,Conch Reef 1,ND2-176-W,13,OK,1.00,0,8.00,4.00,2.50,0
5/8/2015,North Dry Rocks,25.12965,-80.29367,Nearshore,Conch Reef 2,ND2-176-Y,13,OK,1.00,0,12.00,8.00,6.50,0
5/8/2015,North Dry Rocks,25.12965,-80.29367,Nearshore,Snapper Ledge,ND2-177-B,14,OK,1.00,0,10.50,5.00,1.50,0
5/8/2015,North Dry Rocks,25.12965,-80.29367,Nearshore,Horseshoe Reef,ND2-177-P,13,OK,1.00,0,10.50,5.50,2.50,0
5/8/2015,North Dry Rocks,25.12965,-80.29367,Nearshore,Conch Reef 1,ND2-177-W,13,OK,1.00,0,10.00,7.50,5.00,0
5/8/2015,North Dry Rocks,25.12965,-80.29367,Nearshore,Conch Reef 2,ND2-177-Y,13,OK,1.00,0,10.50,8.50,5.00,0
5/8/2015,North Dry Rocks,25.12965,-80.29367,Nearshore,Snapper Ledge,ND2-178-B,13,OK,1.00,0,9.50,4.00,3.00,0
5/8/2015,North Dry Rocks,25.12965,-80.29367,Nearshore,Horseshoe Reef,ND2-178-P,13,OK,1.00,0,8.00,5.00,7.00,0
5/8/2015,North Dry Rocks,25.12965,-80.29367,Nearshore,Conch Reef 1,ND2-178-W,12,OK,1.00,0,13.50,6.00,5.00,0
5/8/2015,North Dry Rocks,25.12965,-80.29367,Nearshore,Conch Reef 2,ND2-178-Y,13,OK,1.00,0,10.50,5.00,5.00,0
5/8/2015,North Dry Rocks,25.12965,-80.29367,Nearshore,Snapper Ledge,ND2-179-B,13,OK,1.00,0,12.00,5.50,2.00,0
5/8/2015,North Dry Rocks,25.12965,-80.29367,Nearshore,Horseshoe Reef,ND2-179-P,13,OK,1.00,0,8.50,5.50,5.00,0
5/8/2015,North Dry Rocks,25.13002,-80.29386,Nearshore,Horseshoe Reef,ND3-184-P,12,OK,1.00,0,11.00,6.00,4.00,0
5/8/2015,North Dry Rocks,25.12965,-80.29367,Nearshore,Conch Reef 2,ND2-179-Y,13,OK,1.00,0,9.50,6.50,3.50,0
5/8/2015,North Dry Rocks,25.12965,-80.29367,Nearshore,Horseshoe Reef,ND2-176-P,12,OK,1.00,0,7.50,6.00,3.00,0
5/8/2015,North Dry Rocks,25.12965,-80.29367,Nearshore,Horseshoe Reef,ND2-180-P,13,OK,1.00,0,8.50,4.50,4.00,0
5/8/2015,North Dry Rocks,25.12965,-80.29367,Nearshore,Conch Reef 1,ND2-180-W,13,OK,1.00,0,8.00,5.00,2.00,0
5/8/2015,North Dry Rocks,25.12965,-80.29367,Nearshore,Conch Reef 2,ND2-180-Y,13,OK,1.00,0,9.50,8.00,5.00,0
5/8/2015,North Dry Rocks,25.13002,-80.29386,Nearshore,Snapper Ledge,ND3-181-B,12,OK,1.00,0,10.50,7.00,3.00,0
5/8/2015,North Dry Rocks,25.13002,-80.29386,Nearshore,Horseshoe Reef,ND3-181-P,12,OK,1.00,0,9.00,6.50,5.50,0
5/8/2015,North Dry Rocks,25.13002,-80.29386,Nearshore,Conch Reef 1,ND3-181-W,13,OK,1.00,0,12.00,6.00,7.00,0
5/8/2015,North Dry Rocks,25.13002,-80.29386,Nearshore,Conch Reef 2,ND3-181-Y,13,OK,1.00,0,12.00,4.00,4.50,0
5/8/2015,North Dry Rocks,25.13002,-80.29386,Nearshore,Snapper Ledge,ND3-182-B,13,OK,1.00,0,9.00,4.50,2.00,0
5/8/2015,North Dry Rocks,25.13002,-80.29386,Nearshore,Horseshoe Reef,ND3-182-P,12,OK,1.00,0,9.50,8.00,2.50,0
5/8/2015,North Dry Rocks,25.13002,-80.29386,Nearshore,Conch Reef 1,ND3-182-W,12,OK,1.00,0,12.50,9.00,3.00,0
5/8/2015,North Dry Rocks,25.13002,-80.29386,Nearshore,Conch Reef 2,ND3-182-Y,12,OK,1.00,0,9.00,6.00,6.00,0
5/8/2015,North Dry Rocks,25.13002,-80.29386,Nearshore,Snapper Ledge,ND3-183-B,12,OK,1.00,0,11.00,5.00,5.00,0
5/8/2015,North Dry Rocks,25.13002,-80.29386,Nearshore,Conch Reef 1,ND3-183-W,11,OK,1.00,0,11.00,3.50,4.00,0
5/8/2015,North Dry Rocks,25.12965,-80.29367,Nearshore,Conch Reef 1,ND2-179-W,13,OK,1.00,0,7.00,5.00,3.00,0
5/11/2015,Molasses Reef,25.01060,-80.37275,Offshore,Conch Reef 1,ML5-209-W,19,OK,1.00,0,15.00,4.50,4.50,0
5/11/2015,Molasses Reef,25.01060,-80.37275,Offshore,Snapper Ledge,ML5-206-B,20,OK,1.00,0,10.50,4.50,3.50,0
5/11/2015,Molasses Reef,25.01060,-80.37275,Offshore,Conch Reef 2,ML5-212-Y,20,OK,1.00,0,12.00,7.00,6.00,0
5/11/2015,Molasses Reef,25.01060,-80.37275,Offshore,Conch Reef 1,ML5-212-W,20,OK,1.00,0,8.00,10.00,7.00,0
5/11/2015,Molasses Reef,25.01060,-80.37275,Offshore,Horseshoe Reef,ML5-212-P,19,OK,1.00,0,9.00,5.00,1.50,0
5/11/2015,Molasses Reef,25.01060,-80.37275,Offshore,Snapper Ledge,ML5-212-B,19,OK,1.00,0,7.00,4.50,3.00,0
5/11/2015,Molasses Reef,25.01060,-80.37275,Offshore,Conch Reef 2,ML5-211-Y,19,OK,1.00,0,8.50,6.50,5.00,0
5/11/2015,Molasses Reef,25.01060,-80.37275,Offshore,Conch Reef 1,ML5-211-W,19,OK,1.00,0,9.00,4.50,1.50,0
5/11/2015,Molasses Reef,25.01060,-80.37275,Offshore,Horseshoe Reef,ML5-211-P,19,OK,1.00,0,6.00,5.00,3.00,0
5/11/2015,Molasses Reef,25.01060,-80.37275,Offshore,Snapper Ledge,ML5-211-B,19,OK,1.00,0,8.50,5.00,1.00,0
5/11/2015,Molasses Reef,25.01060,-80.37275,Offshore,Conch Reef 2,ML5-210-Y,20,OK,1.00,0,11.00,9.00,4.00,0
5/11/2015,Molasses Reef,25.01060,-80.37275,Offshore,Conch Reef 1,ML5-210-W,19,OK,1.00,0,12.00,5.00,2.00,0
5/11/2015,Molasses Reef,25.01060,-80.37275,Offshore,Horseshoe Reef,ML5-210-P,20,OK,1.00,0,7.50,5.00,2.50,0
5/11/2015,Molasses Reef,25.01060,-80.37275,Offshore,Conch Reef 1,ML5-213-W,20,OK,1.00,0,12.00,9.00,4.00,0
5/11/2015,Molasses Reef,25.01060,-80.37275,Offshore,Conch Reef 2,ML5-209-Y,19,OK,1.00,0,9.00,8.00,5.00,0
5/11/2015,Molasses Reef,25.01060,-80.37275,Offshore,Snapper Ledge,ML5-214-B,20,OK,1.00,0,7.50,6.50,3.00,0
5/11/2015,Molasses Reef,25.01060,-80.37275,Offshore,Horseshoe Reef,ML5-209-P,19,OK,1.00,0,10.50,4.00,2.50,0
5/11/2015,Molasses Reef,25.01060,-80.37275,Offshore,Snapper Ledge,ML5-209-B,19,OK,1.00,0,8.00,7.50,1.00,0
5/11/2015,Molasses Reef,25.01060,-80.37275,Offshore,Conch Reef 2,ML5-208-Y,20,OK,1.00,0,11.50,6.00,4.00,0
5/11/2015,Molasses Reef,25.01060,-80.37275,Offshore,Conch Reef 1,ML5-208-W,20,OK,1.00,0,8.50,4.50,2.00,0
5/11/2015,Molasses Reef,25.01060,-80.37275,Offshore,Horseshoe Reef,ML5-208-P,21,OK,1.00,0,8.00,5.00,2.00,0
5/11/2015,Molasses Reef,25.01060,-80.37275,Offshore,Snapper Ledge,ML5-208-B,21,OK,1.00,0,7.50,3.50,1.00,0
5/11/2015,Molasses Reef,25.01060,-80.37275,Offshore,Conch Reef 2,ML5-207-Y,20,OK,1.00,0,7.50,7.00,4.00,0
5/11/2015,Molasses Reef,25.01060,-80.37275,Offshore,Conch Reef 1,ML5-207-W,19,OK,1.00,0,11.00,6.50,5.00,0
5/11/2015,Molasses Reef,25.01060,-80.37275,Offshore,Horseshoe Reef,ML5-207-P,19,OK,1.00,0,8.50,5.00,2.00,0
5/11/2015,Molasses Reef,25.01060,-80.37275,Offshore,Snapper Ledge,ML5-207-B,19,OK,1.00,0,7.50,7.00,1.50,0
5/11/2015,Molasses Reef,25.01060,-80.37275,Offshore,Conch Reef 2,ML5-206-Y,20,OK,1.00,0,10.00,8.50,4.50,0
5/11/2015,Molasses Reef,25.01060,-80.37275,Offshore,Conch Reef 1,ML5-206-W,20,OK,1.00,0,9.50,9.00,3.00,0
5/11/2015,Molasses Reef,25.01060,-80.37275,Offshore,Horseshoe Reef,ML5-206-P,20,OK,1.00,0,9.50,4.50,2.00,0
5/11/2015,Molasses Reef,25.01060,-80.37275,Offshore,Snapper Ledge,ML5-210-B,19,OK,1.00,0,7.00,7.50,2.00,0
5/11/2015,Molasses Reef,25.01060,-80.37275,Offshore,Conch Reef 1,ML5-217-W,20,OK,1.00,0,11.00,6.50,6.00,0
5/11/2015,Molasses Reef,25.01060,-80.37275,Offshore,Snapper Ledge,ML4-191-B,17,OK,1.00,0,8.00,5.50,2.00,0
5/11/2015,Molasses Reef,25.01060,-80.37275,Offshore,Conch Reef 2,ML5-220-Y,20,OK,1.00,0,11.00,8.00,5.00,0
5/11/2015,Molasses Reef,25.01060,-80.37275,Offshore,Conch Reef 1,ML5-220-W,20,OK,1.00,0,9.00,8.00,5.00,0
5/11/2015,Molasses Reef,25.01060,-80.37275,Offshore,Horseshoe Reef,ML5-220-P,20,OK,1.00,0,8.00,5.50,2.00,0
5/11/2015,Molasses Reef,25.01060,-80.37275,Offshore,Snapper Ledge,ML5-220-B,19,OK,1.00,0,9.00,6.00,3.50,0
5/11/2015,Molasses Reef,25.01060,-80.37275,Offshore,Conch Reef 2,ML5-219-Y,20,OK,1.00,0,7.00,6.00,4.00,0
5/11/2015,Molasses Reef,25.01060,-80.37275,Offshore,Conch Reef 1,ML5-219-W,20,OK,1.00,0,13.00,6.00,6.00,0
5/11/2015,Molasses Reef,25.01060,-80.37275,Offshore,Horseshoe Reef,ML5-219-P,19,OK,1.00,0,10.00,5.50,1.50,0
5/11/2015,Molasses Reef,25.01060,-80.37275,Offshore,Snapper Ledge,ML5-219-B,19,OK,1.00,0,8.50,6.00,5.00,0
5/11/2015,Molasses Reef,25.01060,-80.37275,Offshore,Conch Reef 2,ML5-218-Y,20,OK,1.00,0,10.00,7.00,6.00,0
5/11/2015,Molasses Reef,25.01060,-80.37275,Offshore,Conch Reef 1,ML5-218-W,20,OK,1.00,0,15.00,5.00,6.00,0
5/11/2015,Molasses Reef,25.01060,-80.37275,Offshore,Horseshoe Reef,ML5-218-P,20,OK,1.00,0,9.00,3.50,1.50,0
5/11/2015,Molasses Reef,25.01060,-80.37275,Offshore,Snapper Ledge,ML5-213-B,19,OK,1.00,0,11.50,6.00,4.00,0
5/11/2015,Molasses Reef,25.01060,-80.37275,Offshore,Conch Reef 2,ML5-217-Y,20,OK,1.00,0,10.00,10.00,4.00,0
5/11/2015,Molasses Reef,25.01060,-80.37275,Offshore,Horseshoe Reef,ML5-213-P,19,OK,1.00,0,8.00,4.50,3.00,0
5/11/2015,Molasses Reef,25.01060,-80.37275,Offshore,Horseshoe Reef,ML5-217-P,20,OK,1.00,0,6.50,5.00,2.00,0
5/11/2015,Molasses Reef,25.01060,-80.37275,Offshore,Snapper Ledge,ML5-217-B,20,OK,1.00,0,8.00,6.50,2.00,0
5/11/2015,Molasses Reef,25.01060,-80.37275,Offshore,Conch Reef 2,ML5-216-Y,19,OK,1.00,0,9.00,6.00,3.50,0
5/11/2015,Molasses Reef,25.01060,-80.37275,Offshore,Conch Reef 1,ML5-216-W,19,OK,1.00,0,12.00,10.50,5.00,0
5/11/2015,Molasses Reef,25.01060,-80.37275,Offshore,Horseshoe Reef,ML5-216-P,19,OK,1.00,0,11.00,5.00,2.00,0
5/11/2015,Molasses Reef,25.01060,-80.37275,Offshore,Snapper Ledge,ML5-216-B,19,OK,1.00,0,10.00,6.00,6.00,0
5/11/2015,Molasses Reef,25.01060,-80.37275,Offshore,Conch Reef 2,ML5-215-Y,19,OK,1.00,0,10.00,8.00,4.00,0
5/11/2015,Molasses Reef,25.01060,-80.37275,Offshore,Conch Reef 1,ML5-215-W,19,OK,1.00,0,14.00,6.00,2.00,0
5/11/2015,Molasses Reef,25.01060,-80.37275,Offshore,Horseshoe Reef,ML5-215-P,19,OK,1.00,0,9.00,5.00,2.00,0
5/11/2015,Molasses Reef,25.01060,-80.37275,Offshore,Snapper Ledge,ML5-215-B,19,OK,1.00,0,8.50,7.00,5.00,0
5/11/2015,Molasses Reef,25.01060,-80.37275,Offshore,Conch Reef 2,ML5-214-Y,19,OK,1.00,0,11.00,8.00,4.00,0
5/11/2015,Molasses Reef,25.01060,-80.37275,Offshore,Conch Reef 1,ML5-214-W,20,OK,1.00,0,14.00,8.00,4.00,0
5/11/2015,Molasses Reef,25.01060,-80.37275,Offshore,Horseshoe Reef,ML5-214-P,19,OK,1.00,0,8.50,4.50,2.50,0
5/11/2015,Molasses Reef,25.01060,-80.37275,Offshore,Snapper Ledge,ML5-218-B,19,OK,1.00,0,10.50,3.50,3.50,0
5/11/2015,Molasses Reef,25.01060,-80.37275,Offshore,Horseshoe Reef,ML4-194-P,17,OK,1.00,0,9.50,7.00,2.00,0
5/11/2015,Molasses Reef,25.01060,-80.37275,Offshore,Snapper Ledge,ML4-198-B,17,OK,1.00,0,6.50,6.50,3.00,0
5/11/2015,Molasses Reef,25.01060,-80.37275,Offshore,Conch Reef 2,ML4-197-Y,17,OK,1.00,0,7.00,7.00,1.00,0
5/11/2015,Molasses Reef,25.01060,-80.37275,Offshore,Conch Reef 1,ML4-197-W,17,OK,1.00,0,15.00,6.00,5.00,0
5/11/2015,Molasses Reef,25.01060,-80.37275,Offshore,Horseshoe Reef,ML4-197-P,17,OK,1.00,0,9.50,4.00,1.00,0
5/11/2015,Molasses Reef,25.01060,-80.37275,Offshore,Snapper Ledge,ML4-197-B,18,OK,1.00,0,10.00,7.00,2.50,0
5/11/2015,Molasses Reef,25.01060,-80.37275,Offshore,Conch Reef 2,ML4-196-Y,17,OK,1.00,0,14.50,6.00,7.00,0
5/11/2015,Molasses Reef,25.01060,-80.37275,Offshore,Conch Reef 1,ML4-196-W,17,OK,1.00,0,10.00,7.00,4.00,0
5/11/2015,Molasses Reef,25.01060,-80.37275,Offshore,Horseshoe Reef,ML4-196-P,17,OK,1.00,0,10.00,5.00,2.00,0
5/11/2015,Molasses Reef,25.01060,-80.37275,Offshore,Snapper Ledge,ML4-196-B,17,OK,1.00,0,8.00,4.00,3.00,0
5/11/2015,Molasses Reef,25.01060,-80.37275,Offshore,Conch Reef 2,ML4-195-Y,17,OK,1.00,0,11.00,6.50,6.00,0
5/11/2015,Molasses Reef,25.01060,-80.37275,Offshore,Conch Reef 1,ML4-191-W,17,OK,1.00,0,13.50,8.00,4.00,0
5/11/2015,Molasses Reef,25.01060,-80.37275,Offshore,Horseshoe Reef,ML4-195-P,17,OK,1.00,0,6.50,6.00,1.00,0
5/11/2015,Molasses Reef,25.01060,-80.37275,Offshore,Horseshoe Reef,ML4-198-P,17,OK,1.00,0,10.00,5.00,2.00,0
5/11/2015,Molasses Reef,25.01060,-80.37275,Offshore,Conch Reef 1,ML4-194-W,17,OK,1.00,0,13.50,5.50,6.00,0
5/11/2015,Molasses Reef,25.01060,-80.37275,Offshore,Conch Reef 1,ML4-195-W,17,OK,1.00,0,10.00,6.00,9.00,0
5/11/2015,Molasses Reef,25.01060,-80.37275,Offshore,Snapper Ledge,ML4-194-B,17,OK,1.00,0,8.50,5.00,2.50,0
5/11/2015,Molasses Reef,25.01060,-80.37275,Offshore,Conch Reef 2,ML4-193-Y,18,OK,1.00,0,14.50,7.00,3.00,0
5/11/2015,Molasses Reef,25.01060,-80.37275,Offshore,Conch Reef 1,ML4-193-W,17,OK,1.00,0,14.00,7.50,9.00,0
5/11/2015,Molasses Reef,25.01060,-80.37275,Offshore,Horseshoe Reef,ML4-193-P,17,OK,1.00,0,5.00,5.00,2.00,0
5/11/2015,Molasses Reef,25.01060,-80.37275,Offshore,Snapper Ledge,ML4-193-B,17,OK,1.00,0,9.00,4.50,3.00,0
5/11/2015,Molasses Reef,25.01060,-80.37275,Offshore,Conch Reef 2,ML4-192-Y,17,OK,1.00,0,14.00,7.00,4.00,0
5/11/2015,Molasses Reef,25.01060,-80.37275,Offshore,Conch Reef 1,ML4-192-W,17,OK,1.00,0,11.00,8.00,5.00,0
5/11/2015,Molasses Reef,25.01060,-80.37275,Offshore,Horseshoe Reef,ML4-192-P,17,OK,1.00,0,8.50,4.00,2.00,0
5/11/2015,Molasses Reef,25.01060,-80.37275,Offshore,Snapper Ledge,ML4-192-B,18,OK,1.00,0,10.00,6.00,3.00,0
5/11/2015,Molasses Reef,25.01060,-80.37275,Offshore,Conch Reef 2,ML4-191-Y,18,OK,1.00,0,12.50,8.00,5.00,0
5/11/2015,Molasses Reef,25.01060,-80.37275,Offshore,Conch Reef 2,ML4-205-Y,19,OK,1.00,0,12.00,8.50,4.00,0
5/11/2015,Molasses Reef,25.01060,-80.37275,Offshore,Conch Reef 2,ML5-213-Y,20,OK,1.00,0,7.00,6.00,2.00,0
5/11/2015,Molasses Reef,25.01060,-80.37275,Offshore,Horseshoe Reef,ML4-191-P,17,OK,1.00,0,8.50,3.50,2.50,0
5/11/2015,Molasses Reef,25.01060,-80.37275,Offshore,Conch Reef 2,ML4-194-Y,17,OK,1.00,0,12.00,11.00,4.00,0
5/11/2015,Molasses Reef,25.01060,-80.37275,Offshore,Horseshoe Reef,ML4-204-P,19,OK,1.00,0,9.00,4.50,2.50,0
5/11/2015,Molasses Reef,25.01060,-80.37275,Offshore,Horseshoe Reef,ML4-202-P,19,OK,1.00,0,8.00,4.00,2.50,0
5/11/2015,Molasses Reef,25.01060,-80.37275,Offshore,Conch Reef 1,ML4-202-W,19,OK,1.00,0,9.00,8.00,5.00,0
5/11/2015,Molasses Reef,25.01060,-80.37275,Offshore,Conch Reef 2,ML4-202-Y,19,OK,1.00,0,12.00,8.00,7.00,0
5/11/2015,Molasses Reef,25.01060,-80.37275,Offshore,Snapper Ledge,ML4-203-B,19,OK,1.00,0,8.00,4.50,2.50,0
5/11/2015,Molasses Reef,25.01060,-80.37275,Offshore,Horseshoe Reef,ML4-203-P,19,OK,1.00,0,9.00,6.00,2.00,0
5/11/2015,Molasses Reef,25.01060,-80.37275,Offshore,Conch Reef 1,ML4-203-W,19,OK,1.00,0,13.50,11.00,6.00,0
5/11/2015,Molasses Reef,25.01060,-80.37275,Offshore,Snapper Ledge,ML4-202-B,19,OK,1.00,0,8.00,5.00,2.00,0
5/11/2015,Molasses Reef,25.01060,-80.37275,Offshore,Snapper Ledge,ML4-204-B,19,OK,1.00,0,8.00,5.50,2.00,0
5/11/2015,Molasses Reef,25.01060,-80.37275,Offshore,Conch Reef 2,ML4-204-Y,19,OK,1.00,0,11.00,10.00,5.00,0
5/11/2015,Molasses Reef,25.01060,-80.37275,Offshore,Conch Reef 1,ML4-204-W,19,OK,1.00,0,13.00,5.00,2.00,0
5/11/2015,Molasses Reef,25.01060,-80.37275,Offshore,Conch Reef 1,ML4-198-W,17,OK,1.00,0,13.00,5.00,5.00,0
5/11/2015,Molasses Reef,25.01060,-80.37275,Offshore,Snapper Ledge,ML4-205-B,19,OK,1.00,0,8.00,4.50,2.00,0
5/11/2015,Molasses Reef,25.01060,-80.37275,Offshore,Snapper Ledge,ML4-195-B,17,OK,1.00,0,8.50,6.00,3.00,0
5/11/2015,Molasses Reef,25.01060,-80.37275,Offshore,Horseshoe Reef,ML4-205-P,19,OK,1.00,0,8.50,5.00,2.00,0
5/11/2015,Molasses Reef,25.01060,-80.37275,Offshore,Conch Reef 1,ML4-205-W,19,OK,1.00,0,12.00,4.00,3.50,0
5/11/2015,Molasses Reef,25.01060,-80.37275,Offshore,Conch Reef 2,ML4-203-Y,19,OK,1.00,0,10.50,10.00,5.00,0
5/11/2015,Molasses Reef,25.01060,-80.37275,Offshore,Snapper Ledge,ML4-199-B,19,OK,1.00,0,9.00,5.00,3.00,0
5/11/2015,Molasses Reef,25.01060,-80.37275,Offshore,Conch Reef 2,ML4-201-Y,19,OK,1.00,0,10.00,10.00,5.00,0
5/11/2015,Molasses Reef,25.01060,-80.37275,Offshore,Conch Reef 2,ML4-198-Y,17,OK,1.00,0,8.50,6.00,5.50,0
5/11/2015,Molasses Reef,25.01060,-80.37275,Offshore,Horseshoe Reef,ML4-199-P,18,OK,1.00,0,6.50,6.00,2.00,0
5/11/2015,Molasses Reef,25.01060,-80.37275,Offshore,Conch Reef 1,ML4-199-W,18,OK,1.00,0,16.00,6.00,5.00,0
5/11/2015,Molasses Reef,25.01060,-80.37275,Offshore,Conch Reef 2,ML4-199-Y,19,OK,1.00,0,9.00,8.00,4.00,0
5/11/2015,Molasses Reef,25.01060,-80.37275,Offshore,Snapper Ledge,ML4-200-B,19,OK,1.00,0,7.50,5.00,2.00,0
5/11/2015,Molasses Reef,25.01060,-80.37275,Offshore,Conch Reef 1,ML4-200-W,18,OK,1.00,0,10.50,7.00,5.00,0
5/11/2015,Molasses Reef,25.01060,-80.37275,Offshore,Conch Reef 2,ML4-200-Y,18,OK,1.00,0,7.50,5.00,2.00,0
5/11/2015,Molasses Reef,25.01060,-80.37275,Offshore,Snapper Ledge,ML4-201-B,19,OK,1.00,0,7.50,6.50,3.00,0
5/11/2015,Molasses Reef,25.01060,-80.37275,Offshore,Horseshoe Reef,ML4-201-P,19,OK,1.00,0,7.50,6.00,2.00,0
5/11/2015,Molasses Reef,25.01060,-80.37275,Offshore,Conch Reef 1,ML4-201-W,19,OK,1.00,0,12.00,8.00,3.50,0
5/11/2015,Molasses Reef,25.01060,-80.37275,Offshore,Horseshoe Reef,ML4-200-P,19,OK,1.00,0,9.00,4.50,2.00,0
5/20/2015,Horseshoe,25.14023,-80.29410,Nearshore,Horseshoe Reef,HS1-229-P,10,OK,1.00,0,7.00,5.00,4.00,0
5/20/2015,Horseshoe,25.14023,-80.29410,Nearshore,Horseshoe Reef,HS1-231-P,14,OK,1.00,0,8.00,6.00,3.50,0
5/20/2015,Horseshoe,25.14023,-80.29410,Nearshore,Snapper Ledge,HS1-231-B,13,OK,1.00,0,8.50,3.50,4.00,0
5/20/2015,Horseshoe,25.14023,-80.29410,Nearshore,Conch Reef 2,HS1-230-Y,12,OK,1.00,0,8.00,4.00,2.00,0
5/20/2015,Horseshoe,25.14023,-80.29410,Nearshore,Conch Reef 1,HS1-230-W,12,OK,1.00,0,7.00,5.00,2.00,0
5/20/2015,Horseshoe,25.14023,-80.29410,Nearshore,Horseshoe Reef,HS1-230-P,12,OK,1.00,0,8.00,5.00,3.00,0
5/20/2015,Horseshoe,25.14023,-80.29410,Nearshore,Horseshoe Reef,HS1-235-P,10,OK,1.00,0,6.00,11.50,3.00,0
5/20/2015,Horseshoe,25.14023,-80.29410,Nearshore,Snapper Ledge,HS1-230-B,11,OK,1.00,0,9.00,4.00,3.00,0
5/20/2015,Horseshoe,25.14023,-80.29410,Nearshore,Conch Reef 2,HS1-228-Y,10,OK,1.00,0,9.00,4.50,3.00,0
5/20/2015,Horseshoe,25.14023,-80.29410,Nearshore,Conch Reef 1,HS1-229-W,11,OK,1.00,0,6.00,5.00,4.00,0
5/20/2015,Horseshoe,25.14023,-80.29410,Nearshore,Snapper Ledge,HS1-229-B,11,OK,1.00,0,8.00,3.50,2.00,0
5/20/2015,Horseshoe,25.14023,-80.29410,Nearshore,Conch Reef 1,HS1-231-W,13,OK,1.00,0,6.50,5.50,2.00,0
5/20/2015,Horseshoe,25.14023,-80.29410,Nearshore,Conch Reef 1,HS1-233-W,12,OK,1.00,0,7.00,5.50,2.50,0
5/20/2015,Horseshoe,25.14023,-80.29410,Nearshore,Conch Reef 2,HS1-229-Y,11,OK,1.00,0,7.50,5.00,4.00,0
5/20/2015,Horseshoe,25.14023,-80.29410,Nearshore,Conch Reef 2,HS1-231-Y,12,OK,1.00,0,8.00,5.50,2.50,0
5/20/2015,Horseshoe,25.14023,-80.29410,Nearshore,Snapper Ledge,HS1-232-B,12,OK,1.00,0,10.00,4.50,3.00,0
5/20/2015,Horseshoe,25.14023,-80.29410,Nearshore,Horseshoe Reef,HS1-232-P,13,OK,1.00,0,8.00,7.00,6.00,0
5/20/2015,Horseshoe,25.14023,-80.29410,Nearshore,Conch Reef 1,HS1-232-W,13,OK,1.00,0,7.00,4.50,2.00,0
5/20/2015,Horseshoe,25.14023,-80.29410,Nearshore,Conch Reef 2,HS1-232-Y,13,OK,1.00,0,7.50,6.00,2.50,0
5/20/2015,Horseshoe,25.14023,-80.29410,Nearshore,Snapper Ledge,HS1-235-B,10,OK,1.00,0,10.50,5.00,2.00,0
5/20/2015,Horseshoe,25.14023,-80.29410,Nearshore,Horseshoe Reef,HS1-233-P,11,OK,1.00,0,6.50,6.50,3.00,0
5/20/2015,Horseshoe,25.14023,-80.29410,Nearshore,Conch Reef 2,HS1-233-Y,11,OK,1.00,0,6.50,6.00,3.00,0
5/20/2015,Horseshoe,25.14023,-80.29410,Nearshore,Snapper Ledge,HS1-234-B,11,OK,1.00,0,8.50,6.00,2.00,0
5/20/2015,Horseshoe,25.14023,-80.29410,Nearshore,Horseshoe Reef,HS1-234-P,11,OK,1.00,0,8.00,5.00,2.50,0
5/20/2015,Horseshoe,25.14023,-80.29410,Nearshore,Conch Reef 1,HS1-234-W,11,OK,1.00,0,6.00,5.50,2.00,0
5/20/2015,Horseshoe,25.14023,-80.29410,Nearshore,Conch Reef 2,HS1-234-Y,11,OK,1.00,0,7.00,6.50,2.00,0
5/20/2015,Horseshoe,25.14023,-80.29410,Nearshore,Conch Reef 1,HS1-235-W,10,OK,1.00,0,7.50,6.00,2.00,0
5/20/2015,Horseshoe,25.14023,-80.29410,Nearshore,Conch Reef 1,HS1-228-W,10,OK,1.00,0,7.50,4.00,3.00,0
5/20/2015,Horseshoe,25.14023,-80.29410,Nearshore,Snapper Ledge,HS1-233-B,12,OK,1.00,0,8.00,5.50,2.00,0
5/20/2015,Horseshoe,25.14023,-80.29410,Nearshore,Horseshoe Reef,HS1-222-P,15,OK,1.00,0,7.00,6.00,3.00,0
5/20/2015,Horseshoe,25.14023,-80.29410,Nearshore,Horseshoe Reef,HS1-221-P,13,OK,1.00,0,8.00,6.50,6.00,0
5/20/2015,Horseshoe,25.14023,-80.29410,Nearshore,Conch Reef 2,HS1-223-Y,13,OK,1.00,0,5.50,4.50,3.00,0
5/20/2015,Horseshoe,25.14023,-80.29410,Nearshore,Conch Reef 1,HS1-223-W,13,OK,1.00,0,5.50,4.50,2.00,0
5/20/2015,Horseshoe,25.14023,-80.29410,Nearshore,Horseshoe Reef,HS1-223-P,13,OK,1.00,0,7.00,6.00,3.00,0
5/20/2015,Horseshoe,25.14023,-80.29410,Nearshore,Snapper Ledge,HS1-223-B,12,OK,1.00,0,8.00,7.00,2.50,0
5/20/2015,Horseshoe,25.14023,-80.29410,Nearshore,Horseshoe Reef,HS1-224-P,13,OK,1.00,0,8.00,6.00,2.50,0
5/20/2015,Horseshoe,25.14023,-80.29410,Nearshore,Conch Reef 1,HS1-222-W,14,OK,1.00,0,7.00,5.00,2.00,0
5/20/2015,Horseshoe,25.14023,-80.29410,Nearshore,Conch Reef 1,HS1-224-W,13,OK,1.00,0,9.00,3.50,3.00,0
5/20/2015,Horseshoe,25.14023,-80.29410,Nearshore,Snapper Ledge,HS1-222-B,14,OK,1.00,0,8.00,5.50,4.00,0
5/20/2015,Horseshoe,25.14023,-80.29410,Nearshore,Conch Reef 2,HS1-221-Y,13,OK,1.00,0,7.00,5.00,3.00,0
5/20/2015,Horseshoe,25.14023,-80.29410,Nearshore,Conch Reef 1,HS1-221-W,13,OK,1.00,0,8.50,4.50,2.00,0
5/20/2015,Horseshoe,25.14023,-80.29410,Nearshore,Snapper Ledge,HS1-221-B,13,OK,1.00,0,8.00,8.00,3.00,0
5/20/2015,Horseshoe,25.14023,-80.29410,Nearshore,Conch Reef 2,HS1-235-Y,11,OK,1.00,0,6.00,5.00,7.00,0
5/20/2015,Horseshoe,25.14023,-80.29410,Nearshore,Conch Reef 2,HS2-243-Y,11,OK,1.00,0,8.00,3.50,2.00,0
5/20/2015,Horseshoe,25.14023,-80.29410,Nearshore,Conch Reef 2,HS1-222-Y,14,OK,1.00,0,7.50,5.00,2.50,0
5/20/2015,Horseshoe,25.14023,-80.29410,Nearshore,Horseshoe Reef,HS1-226-P,12,OK,1.00,0,9.00,7.00,6.00,0
5/20/2015,Horseshoe,25.14023,-80.29410,Nearshore,Snapper Ledge,HS1-228-B,10,OK,1.00,0,10.50,5.50,2.50,0
5/20/2015,Horseshoe,25.14023,-80.29410,Nearshore,Conch Reef 2,HS1-227-Y,10,OK,1.00,0,6.50,6.50,4.00,0
5/20/2015,Horseshoe,25.14023,-80.29410,Nearshore,Conch Reef 1,HS1-227-W,11,OK,1.00,0,6.00,4.50,1.00,0
5/20/2015,Horseshoe,25.14023,-80.29410,Nearshore,Horseshoe Reef,HS1-227-P,11,OK,1.00,0,7.00,6.50,3.00,0
5/20/2015,Horseshoe,25.14023,-80.29410,Nearshore,Snapper Ledge,HS1-227-B,11,OK,1.00,0,9.00,6.00,3.50,0
5/20/2015,Horseshoe,25.14023,-80.29410,Nearshore,Snapper Ledge,HS1-224-B,13,OK,1.00,0,9.00,6.00,2.00,0
5/20/2015,Horseshoe,25.14023,-80.29410,Nearshore,Conch Reef 1,HS1-226-W,12,OK,1.00,0,9.00,3.00,2.00,0
5/20/2015,Horseshoe,25.14023,-80.29410,Nearshore,Horseshoe Reef,HS1-228-P,11,OK,1.00,0,8.00,6.00,5.00,0
5/20/2015,Horseshoe,25.14023,-80.29410,Nearshore,Snapper Ledge,HS1-226-B,11,OK,1.00,0,9.00,5.50,3.00,0
5/20/2015,Horseshoe,25.14023,-80.29410,Nearshore,Conch Reef 2,HS1-225-Y,11,OK,1.00,0,7.00,3.50,3.00,0
5/20/2015,Horseshoe,25.14023,-80.29410,Nearshore,Conch Reef 1,HS1-225-W,11,OK,1.00,0,9.00,3.00,2.00,0
5/20/2015,Horseshoe,25.14023,-80.29410,Nearshore,Horseshoe Reef,HS1-225-P,11,OK,1.00,0,8.00,6.00,3.00,0
5/20/2015,Horseshoe,25.14023,-80.29410,Nearshore,Snapper Ledge,HS1-225-B,12,OK,1.00,0,9.50,4.00,3.00,0
5/20/2015,Horseshoe,25.14023,-80.29410,Nearshore,Conch Reef 2,HS1-224-Y,12,OK,1.00,0,7.00,4.00,4.00,0
5/20/2015,Horseshoe,25.14023,-80.29410,Nearshore,Conch Reef 2,HS1-226-Y,12,OK,1.00,0,9.50,4.00,3.00,0
5/20/2015,Horseshoe,25.14023,-80.29410,Nearshore,Snapper Ledge,HS2-248-B,11,OK,1.00,0,9.00,3.50,1.50,0
5/20/2015,Horseshoe,25.14023,-80.29410,Nearshore,Horseshoe Reef,HS2-244-P,11,OK,1.00,0,9.00,5.50,3.00,0
5/20/2015,Horseshoe,25.14023,-80.29410,Nearshore,Conch Reef 1,HS2-244-W,10,OK,1.00,0,5.50,5.00,2.00,0
5/20/2015,Horseshoe,25.14023,-80.29410,Nearshore,Conch Reef 2,HS2-244-Y,11,OK,1.00,0,7.50,5.50,3.00,0
5/20/2015,Horseshoe,25.14023,-80.29410,Nearshore,Snapper Ledge,HS2-245-B,11,OK,1.00,0,10.00,5.00,2.00,0
5/20/2015,Horseshoe,25.14023,-80.29410,Nearshore,Horseshoe Reef,HS2-245-P,11,OK,1.00,0,9.00,4.00,2.00,0
5/20/2015,Horseshoe,25.14023,-80.29410,Nearshore,Conch Reef 1,HS2-245-W,11,OK,1.00,0,7.50,4.00,2.00,0
5/20/2015,Horseshoe,25.14023,-80.29410,Nearshore,Conch Reef 2,HS2-245-Y,10,OK,1.00,0,8.00,5.00,4.00,0
5/20/2015,Horseshoe,25.14023,-80.29410,Nearshore,Snapper Ledge,HS2-246-B,12,OK,1.00,0,10.50,5.50,3.00,0
5/20/2015,Horseshoe,25.14023,-80.29410,Nearshore,Horseshoe Reef,HS2-246-P,12,OK,1.00,0,9.00,4.50,5.00,0
5/20/2015,Horseshoe,25.14023,-80.29410,Nearshore,Conch Reef 1,HS2-246-W,12,OK,1.00,0,5.50,5.50,2.50,0
5/20/2015,Horseshoe,25.14023,-80.29410,Nearshore,Conch Reef 2,HS2-246-Y,12,OK,1.00,0,8.50,5.00,3.50,0
5/20/2015,Horseshoe,25.14023,-80.29410,Nearshore,Conch Reef 2,HS2-250-Y,13,OK,1.00,0,6.00,5.00,4.50,0
5/20/2015,Horseshoe,25.14023,-80.29410,Nearshore,Snapper Ledge,HS2-244-B,10,OK,1.00,0,7.00,6.00,2.00,0
5/20/2015,Horseshoe,25.14023,-80.29410,Nearshore,Conch Reef 2,HS2-247-Y,11,OK,1.00,0,6.50,5.50,3.50,0
5/20/2015,Horseshoe,25.14023,-80.29410,Nearshore,Snapper Ledge,HS2-247-B,10,OK,1.00,0,11.00,4.50,2.00,0
5/20/2015,Horseshoe,25.14023,-80.29410,Nearshore,Horseshoe Reef,HS2-248-P,10,OK,1.00,0,10.00,8.00,5.00,0
5/20/2015,Horseshoe,25.14023,-80.29410,Nearshore,Conch Reef 1,HS2-248-W,11,OK,1.00,0,6.00,5.00,4.00,0
5/20/2015,Horseshoe,25.14023,-80.29410,Nearshore,Conch Reef 2,HS2-248-Y,11,OK,1.00,0,8.00,5.00,2.00,0
5/20/2015,Horseshoe,25.14023,-80.29410,Nearshore,Snapper Ledge,HS2-249-B,11,OK,1.00,0,8.00,7.00,4.00,0
5/20/2015,Horseshoe,25.14023,-80.29410,Nearshore,Horseshoe Reef,HS2-249-P,11,OK,1.00,0,8.00,5.00,3.00,0
5/20/2015,Horseshoe,25.14023,-80.29410,Nearshore,Conch Reef 1,HS2-249-W,11,OK,1.00,0,7.50,5.00,2.00,0
5/20/2015,Horseshoe,25.14023,-80.29410,Nearshore,Conch Reef 2,HS2-249-Y,11,OK,1.00,0,4.50,5.00,4.00,0
5/20/2015,Horseshoe,25.14023,-80.29410,Nearshore,Snapper Ledge,HS2-250-B,13,OK,1.00,0,9.00,5.50,3.00,0
5/20/2015,Horseshoe,25.14023,-80.29410,Nearshore,Horseshoe Reef,HS2-250-P,12,OK,1.00,0,6.00,5.00,2.00,0
5/20/2015,Horseshoe,25.14023,-80.29410,Nearshore,Conch Reef 1,HS2-250-W,13,OK,1.00,0,7.50,4.00,2.00,0
5/20/2015,Horseshoe,25.14023,-80.29410,Nearshore,Snapper Ledge,HS1-236-B,10,OK,1.00,0,11.00,8.00,4.00,0
5/20/2015,Horseshoe,25.14023,-80.29410,Nearshore,Horseshoe Reef,HS2-243-P,10,OK,1.00,0,8.50,5.00,5.00,0
5/20/2015,Horseshoe,25.14023,-80.29410,Nearshore,Horseshoe Reef,HS2-247-P,10,OK,1.00,0,7.50,6.50,5.50,0
5/20/2015,Horseshoe,25.14023,-80.29410,Nearshore,Conch Reef 1,HS1-237-W,10,OK,1.00,0,7.00,4.00,3.50,0
5/20/2015,Horseshoe,25.14023,-80.29410,Nearshore,Horseshoe Reef,HS1-239-P,11,OK,1.00,0,8.50,5.50,4.00,0
5/20/2015,Horseshoe,25.14023,-80.29410,Nearshore,Snapper Ledge,HS1-239-B,10,OK,1.00,0,10.00,8.50,4.00,0
5/20/2015,Horseshoe,25.14023,-80.29410,Nearshore,Conch Reef 2,HS1-238-Y,9,OK,1.00,0,7.00,6.50,3.00,0
5/20/2015,Horseshoe,25.14023,-80.29410,Nearshore,Conch Reef 1,HS1-238-W,10,OK,1.00,0,7.50,4.50,3.00,0
5/20/2015,Horseshoe,25.14023,-80.29410,Nearshore,Horseshoe Reef,HS1-238-P,10,OK,1.00,0,8.00,6.00,4.50,0
5/20/2015,Horseshoe,25.14023,-80.29410,Nearshore,Conch Reef 1,HS1-239-W,10,OK,1.00,0,7.50,4.50,1.50,0
5/20/2015,Horseshoe,25.14023,-80.29410,Nearshore,Conch Reef 2,HS1-237-Y,10,OK,1.00,0,8.00,5.50,3.00,0
5/20/2015,Horseshoe,25.14023,-80.29410,Nearshore,Conch Reef 2,HS1-236-Y,10,OK,1.00,0,7.50,5.00,3.50,0
5/20/2015,Horseshoe,25.14023,-80.29410,Nearshore,Horseshoe Reef,HS1-237-P,9,OK,1.00,0,7.50,7.00,3.00,0
5/20/2015,Horseshoe,25.14023,-80.29410,Nearshore,Snapper Ledge,HS1-237-B,10,OK,1.00,0,7.00,7.00,3.00,0
5/20/2015,Horseshoe,25.14023,-80.29410,Nearshore,Conch Reef 1,HS2-243-W,11,OK,1.00,0,7.50,4.00,2.00,0
5/20/2015,Horseshoe,25.14023,-80.29410,Nearshore,Conch Reef 1,HS1-236-W,10,OK,1.00,0,8.00,6.00,3.00,0
5/20/2015,Horseshoe,25.14023,-80.29410,Nearshore,Conch Reef 1,HS2-247-W,11,OK,1.00,0,7.00,5.50,2.00,0
5/20/2015,Horseshoe,25.14023,-80.29410,Nearshore,Horseshoe Reef,HS1-236-P,10,OK,1.00,0,7.00,5.00,3.00,0
5/20/2015,Horseshoe,25.14023,-80.29410,Nearshore,Snapper Ledge,HS1-238-B,10,OK,1.00,0,9.00,5.00,7.00,0
5/20/2015,Horseshoe,25.14023,-80.29410,Nearshore,Conch Reef 2,HS2-242-Y,10,OK,1.00,0,7.00,4.00,3.50,0
5/20/2015,Horseshoe,25.14023,-80.29410,Nearshore,Snapper Ledge,HS2-243-B,11,OK,1.00,0,8.50,4.00,1.50,0
5/20/2015,Horseshoe,25.14023,-80.29410,Nearshore,Conch Reef 1,HS2-242-W,11,OK,1.00,0,8.00,4.00,1.50,0
5/20/2015,Horseshoe,25.14023,-80.29410,Nearshore,Horseshoe Reef,HS2-242-P,10,OK,1.00,0,7.00,5.00,4.00,0
5/20/2015,Horseshoe,25.14023,-80.29410,Nearshore,Snapper Ledge,HS2-242-B,11,OK,1.00,0,10.00,4.00,2.50,0
5/20/2015,Horseshoe,25.14023,-80.29410,Nearshore,Conch Reef 2,HS2-241-Y,10,OK,1.00,0,8.00,4.00,3.00,0
5/20/2015,Horseshoe,25.14023,-80.29410,Nearshore,Conch Reef 1,HS2-241-W,11,OK,1.00,0,7.50,6.00,2.00,0
5/20/2015,Horseshoe,25.14023,-80.29410,Nearshore,Snapper Ledge,HS2-241-B,11,OK,1.00,0,10.50,4.50,3.00,0
5/20/2015,Horseshoe,25.14023,-80.29410,Nearshore,Conch Reef 2,HS1-240-Y,12,OK,1.00,0,7.50,5.00,4.00,0
5/20/2015,Horseshoe,25.14023,-80.29410,Nearshore,Conch Reef 1,HS1-240-W,11,OK,1.00,0,9.00,4.00,2.00,0
5/20/2015,Horseshoe,25.14023,-80.29410,Nearshore,Horseshoe Reef,HS1-240-P,12,OK,1.00,0,7.00,5.00,3.00,0
5/20/2015,Horseshoe,25.14023,-80.29410,Nearshore,Snapper Ledge,HS1-240-B,12,OK,1.00,0,8.50,6.50,2.00,0
5/20/2015,Horseshoe,25.14023,-80.29410,Nearshore,Conch Reef 2,HS1-239-Y,10,OK,1.00,0,8.00,5.50,3.00,0
5/20/2015,Horseshoe,25.14023,-80.29410,Nearshore,Horseshoe Reef,HS2-241-P,11,OK,1.00,0,7.00,7.00,3.00,0
5/21/2015,French Reef,25.03438,-80.34888,Offshore,Horseshoe Reef,FR4-259-P,21,OK,1.00,0,8.50,7.00,5.00,0
5/21/2015,French Reef,25.03438,-80.34888,Offshore,Conch Reef 2,FR5-261-Y,21,OK,1.00,0,13.00,7.50,3.00,0
5/21/2015,French Reef,25.03438,-80.34888,Offshore,Conch Reef 1,FR5-261-W,21,OK,1.00,0,7.00,3.50,4.50,0
5/21/2015,French Reef,25.03438,-80.34888,Offshore,Horseshoe Reef,FR5-261-P,21,OK,1.00,0,8.00,4.00,2.00,0
5/21/2015,French Reef,25.03438,-80.34888,Offshore,Snapper Ledge,FR5-261-B,21,OK,1.00,0,8.00,3.50,3.50,0
5/21/2015,French Reef,25.03438,-80.34888,Offshore,Conch Reef 2,FR4-260-Y,21,OK,1.00,0,7.50,5.00,3.00,0
5/21/2015,French Reef,25.03438,-80.34888,Offshore,Conch Reef 1,FR4-260-W,21,OK,1.00,0,7.50,3.50,1.00,0
5/21/2015,French Reef,25.03438,-80.34888,Offshore,Horseshoe Reef,FR4-260-P,21,OK,1.00,0,10.50,4.00,4.00,0
5/21/2015,French Reef,25.03438,-80.34888,Offshore,Snapper Ledge,FR4-260-B,21,OK,1.00,0,7.50,5.00,3.00,0
5/21/2015,French Reef,25.03438,-80.34888,Offshore,Snapper Ledge,FR4-259-B,21,OK,1.00,0,9.00,5.50,1.00,0
5/21/2015,French Reef,25.03438,-80.34888,Offshore,Conch Reef 1,FR4-259-W,20,OK,1.00,0,7.00,3.00,3.00,0
5/21/2015,French Reef,25.03438,-80.34888,Offshore,Snapper Ledge,FR5-262-B,21,OK,1.00,0,8.00,7.00,1.50,0
5/21/2015,French Reef,25.03438,-80.34888,Offshore,Horseshoe Reef,FR5-264-P,21,OK,1.00,0,8.50,6.00,2.00,0
5/21/2015,French Reef,25.03438,-80.34888,Offshore,Conch Reef 2,FR4-259-Y,20,OK,1.00,0,8.00,4.50,3.00,0
5/21/2015,French Reef,25.03438,-80.34888,Offshore,Horseshoe Reef,FR5-262-P,21,OK,1.00,0,9.50,4.00,3.00,0
5/21/2015,French Reef,25.03438,-80.34888,Offshore,Conch Reef 1,FR5-262-W,21,OK,1.00,0,7.50,4.50,2.00,0
5/21/2015,French Reef,25.03438,-80.34888,Offshore,Conch Reef 2,FR5-262-Y,21,OK,1.00,0,7.50,6.50,2.50,0
5/21/2015,French Reef,25.03438,-80.34888,Offshore,Snapper Ledge,FR5-263-B,21,OK,1.00,0,10.50,4.50,2.00,0
5/21/2015,French Reef,25.03438,-80.34888,Offshore,Horseshoe Reef,FR5-263-P,20,OK,1.00,0,11.00,8.00,5.00,0
5/21/2015,French Reef,25.03438,-80.34888,Offshore,Conch Reef 1,FR5-263-W,21,OK,1.00,0,11.50,5.00,3.00,0
5/21/2015,French Reef,25.03438,-80.34888,Offshore,Conch Reef 1,FR5-265-W,21,OK,1.00,0,11.50,3.00,2.00,0
5/21/2015,French Reef,25.03438,-80.34888,Offshore,Snapper Ledge,FR5-264-B,21,OK,1.00,0,8.00,5.00,1.50,0
5/21/2015,French Reef,25.03438,-80.34888,Offshore,Conch Reef 2,FR4-258-Y,21,OK,1.00,0,6.50,6.00,3.00,0
5/21/2015,French Reef,25.03438,-80.34888,Offshore,Conch Reef 1,FR5-264-W,21,OK,1.00,0,7.00,5.00,2.00,0
5/21/2015,French Reef,25.03438,-80.34888,Offshore,Conch Reef 2,FR5-264-Y,20,OK,1.00,0,11.00,9.50,5.00,0
5/21/2015,French Reef,25.03438,-80.34888,Offshore,Snapper Ledge,FR5-265-B,21,OK,1.00,0,7.50,6.50,4.50,0
5/21/2015,French Reef,25.03438,-80.34888,Offshore,Horseshoe Reef,FR5-265-P,20,OK,1.00,0,8.00,4.50,5.00,0
5/21/2015,French Reef,25.03438,-80.34888,Offshore,Snapper Ledge,FR4-251-B,22,OK,1.00,0,10.00,5.00,6.00,0
5/21/2015,French Reef,25.03438,-80.34888,Offshore,Conch Reef 2,FR5-263-Y,21,OK,1.00,0,6.50,4.50,3.00,0
5/21/2015,French Reef,25.03438,-80.34888,Offshore,Snapper Ledge,FR4-255-B,21,OK,1.00,0,11.00,8.00,3.00,0
5/21/2015,French Reef,25.03438,-80.34888,Offshore,Horseshoe Reef,FR5-266-P,21,OK,1.00,0,9.00,4.50,6.00,0
5/21/2015,French Reef,25.03438,-80.34888,Offshore,Horseshoe Reef,FR4-251-P,22,OK,1.00,0,9.00,5.00,5.00,0
5/21/2015,French Reef,25.03438,-80.34888,Offshore,Conch Reef 2,FR4-251-Y,22,OK,1.00,0,13.50,12.00,6.00,0
5/21/2015,French Reef,25.03438,-80.34888,Offshore,Snapper Ledge,FR4-252-B,23,OK,1.00,0,12.50,5.50,3.00,0
5/21/2015,French Reef,25.03438,-80.34888,Offshore,Horseshoe Reef,FR4-252-P,22,OK,1.00,0,8.50,5.00,3.00,0
5/21/2015,French Reef,25.03438,-80.34888,Offshore,Conch Reef 1,FR4-252-W,22,OK,1.00,0,8.00,4.00,1.50,0
5/21/2015,French Reef,25.03438,-80.34888,Offshore,Conch Reef 2,FR4-252-Y,22,OK,1.00,0,8.00,3.50,4.00,0
5/21/2015,French Reef,25.03438,-80.34888,Offshore,Snapper Ledge,FR4-253-B,22,OK,1.00,0,9.00,7.50,3.00,0
5/21/2015,French Reef,25.03438,-80.34888,Offshore,Horseshoe Reef,FR4-253-P,22,OK,1.00,0,8.00,6.50,5.50,0
5/21/2015,French Reef,25.03438,-80.34888,Offshore,Conch Reef 1,FR4-253-W,22,OK,1.00,0,5.00,4.00,7.00,0
5/21/2015,French Reef,25.03438,-80.34888,Offshore,Conch Reef 2,FR4-253-Y,22,OK,1.00,0,11.00,8.50,8.00,0
5/21/2015,French Reef,25.03438,-80.34888,Offshore,Snapper Ledge,FR4-254-B,22,OK,1.00,0,11.00,5.50,4.00,0
5/21/2015,French Reef,25.03438,-80.34888,Offshore,Horseshoe Reef,FR4-254-P,22,OK,1.00,0,7.00,5.00,3.00,0
5/21/2015,French Reef,25.03438,-80.34888,Offshore,Conch Reef 1,FR4-251-W,22,OK,1.00,0,9.00,4.50,2.00,0
5/21/2015,French Reef,25.03438,-80.34888,Offshore,Conch Reef 1,FR4-256-W,22,OK,1.00,0,8.50,3.00,2.00,0
5/21/2015,French Reef,25.03438,-80.34888,Offshore,Horseshoe Reef,FR4-258-P,21,OK,1.00,0,9.50,7.00,6.00,0
5/21/2015,French Reef,25.03438,-80.34888,Offshore,Snapper Ledge,FR4-258-B,20,OK,1.00,0,8.50,8.00,4.50,0
5/21/2015,French Reef,25.03438,-80.34888,Offshore,Conch Reef 2,FR4-257-Y,21,OK,1.00,0,6.50,5.50,2.50,0
5/21/2015,French Reef,25.03438,-80.34888,Offshore,Conch Reef 1,FR4-257-W,21,OK,1.00,0,6.00,6.00,2.50,0
5/21/2015,French Reef,25.03438,-80.34888,Offshore,Horseshoe Reef,FR4-257-P,21,OK,1.00,0,6.00,6.00,5.00,0
5/21/2015,French Reef,25.03438,-80.34888,Offshore,Conch Reef 1,FR4-254-W,22,OK,1.00,0,6.50,5.50,1.50,0
5/21/2015,French Reef,25.03438,-80.34888,Offshore,Conch Reef 2,FR4-256-Y,21,OK,1.00,0,12.00,7.00,9.00,0
5/21/2015,French Reef,25.03438,-80.34888,Offshore,Conch Reef 2,FR4-254-Y,22,OK,1.00,0,8.50,5.50,2.50,0
5/21/2015,French Reef,25.03438,-80.34888,Offshore,Horseshoe Reef,FR4-256-P,22,OK,1.00,0,7.00,6.50,3.50,0
5/21/2015,French Reef,25.03438,-80.34888,Offshore,Snapper Ledge,FR4-256-B,21,OK,1.00,0,8.00,5.50,2.00,0
5/21/2015,French Reef,25.03438,-80.34888,Offshore,Conch Reef 2,FR4-255-Y,22,OK,1.00,0,10.00,7.50,3.00,0
5/21/2015,French Reef,25.03438,-80.34888,Offshore,Conch Reef 1,FR4-255-W,21,OK,1.00,0,9.50,6.00,2.00,0
5/21/2015,French Reef,25.03438,-80.34888,Offshore,Horseshoe Reef,FR4-255-P,21,OK,1.00,0,7.50,5.00,3.50,0
5/21/2015,French Reef,25.03438,-80.34888,Offshore,Conch Reef 1,FR4-258-W,21,OK,1.00,0,8.00,3.50,2.00,0
5/21/2015,French Reef,25.03438,-80.34888,Offshore,Snapper Ledge,FR4-257-B,21,OK,1.00,0,7.00,6.00,2.00,0
5/21/2015,French Reef,25.03438,-80.34888,Offshore,Snapper Ledge,FR5-266-B,21,OK,1.00,0,7.50,6.50,2.50,0
5/21/2015,French Reef,25.03420,-80.34897,Offshore,Snapper Ledge,FR6-274-B,19,OK,1.00,0,8.00,6.00,2.00,0
5/21/2015,French Reef,25.03420,-80.34897,Offshore,Horseshoe Reef,FR6-274-P,19,OK,1.00,0,8.00,5.00,5.00,0
5/21/2015,French Reef,25.03420,-80.34897,Offshore,Conch Reef 1,FR6-274-W,19,OK,1.00,0,6.50,5.00,3.00,0
5/21/2015,French Reef,25.03420,-80.34897,Offshore,Conch Reef 2,FR6-274-Y,19,OK,1.00,0,10.50,10.00,4.00,0
5/21/2015,French Reef,25.03420,-80.34897,Offshore,Snapper Ledge,FR6-275-B,20,OK,1.00,0,10.00,5.50,4.00,0
5/21/2015,French Reef,25.03420,-80.34897,Offshore,Horseshoe Reef,FR6-275-P,20,OK,1.00,0,9.00,5.00,10.00,0
5/21/2015,French Reef,25.03420,-80.34897,Offshore,Conch Reef 1,FR6-275-W,20,OK,1.00,0,10.50,4.00,2.00,0
5/21/2015,French Reef,25.03420,-80.34897,Offshore,Conch Reef 2,FR6-275-Y,20,OK,1.00,0,7.00,5.00,2.50,0
5/21/2015,French Reef,25.03420,-80.34897,Offshore,Snapper Ledge,FR6-276-B,19,OK,1.00,0,12.50,5.00,5.00,0
5/21/2015,French Reef,25.03420,-80.34897,Offshore,Horseshoe Reef,FR6-276-P,20,OK,1.00,0,8.00,4.50,3.00,0
5/21/2015,French Reef,25.03420,-80.34897,Offshore,Conch Reef 1,FR6-276-W,20,OK,1.00,0,8.50,4.00,1.50,0
5/21/2015,French Reef,25.03420,-80.34897,Offshore,Conch Reef 2,FR6-276-Y,19,OK,1.00,0,8.00,3.00,2.00,0
5/21/2015,French Reef,25.03420,-80.34897,Offshore,Conch Reef 2,FR6-273-Y,20,OK,1.00,0,9.50,5.50,2.00,0
5/21/2015,French Reef,25.03420,-80.34897,Offshore,Horseshoe Reef,FR6-277-P,19,OK,1.00,0,10.00,3.50,4.00,0
5/21/2015,French Reef,25.03420,-80.34897,Offshore,Snapper Ledge,FR6-277-B,19,OK,1.00,0,9.00,4.00,4.00,0
5/21/2015,French Reef,25.03420,-80.34897,Offshore,Conch Reef 2,FR6-277-Y,19,OK,1.00,0,14.00,7.00,6.00,0
5/21/2015,French Reef,25.03420,-80.34897,Offshore,Snapper Ledge,FR6-278-B,21,OK,1.00,0,9.00,5.00,3.00,0
5/21/2015,French Reef,25.03420,-80.34897,Offshore,Horseshoe Reef,FR6-278-P,21,OK,1.00,0,8.00,7.00,4.00,0
5/21/2015,French Reef,25.03420,-80.34897,Offshore,Conch Reef 1,FR6-278-W,21,OK,1.00,0,6.50,7.00,2.50,0
5/21/2015,French Reef,25.03420,-80.34897,Offshore,Conch Reef 2,FR6-278-Y,20,OK,1.00,0,12.00,6.50,4.00,0
5/21/2015,French Reef,25.03420,-80.34897,Offshore,Snapper Ledge,FR6-279-B,20,OK,1.00,0,9.00,4.50,2.00,0
5/21/2015,French Reef,25.03420,-80.34897,Offshore,Horseshoe Reef,FR6-279-P,21,OK,1.00,0,9.00,5.50,2.00,0
5/21/2015,French Reef,25.03420,-80.34897,Offshore,Conch Reef 1,FR6-279-W,21,OK,1.00,0,9.50,6.00,3.00,0
5/21/2015,French Reef,25.03420,-80.34897,Offshore,Conch Reef 2,FR6-279-Y,21,OK,1.00,0,15.00,9.00,6.00,0
5/21/2015,French Reef,25.03420,-80.34897,Offshore,Snapper Ledge,FR6-280-B,21,OK,1.00,0,8.00,6.00,1.50,0
5/21/2015,French Reef,25.03420,-80.34897,Offshore,Horseshoe Reef,FR6-280-P,21,OK,1.00,0,9.50,7.00,5.00,0
5/21/2015,French Reef,25.03420,-80.34897,Offshore,Conch Reef 1,FR6-280-W,21,OK,1.00,0,6.00,5.00,1.50,0
5/21/2015,French Reef,25.03438,-80.34888,Offshore,Conch Reef 2,FR5-265-Y,20,OK,1.00,0,8.50,5.00,3.00,0
5/21/2015,French Reef,25.03420,-80.34897,Offshore,Conch Reef 2,FR6-280-Y,21,OK,1.00,0,7.00,5.00,2.00,0
5/21/2015,French Reef,25.03438,-80.34888,Offshore,Horseshoe Reef,FR5-268-P,21,OK,1.00,0,10.00,5.00,5.00,0
5/21/2015,French Reef,25.03438,-80.34888,Offshore,Conch Reef 1,FR5-266-W,21,OK,1.00,0,7.50,5.50,3.50,0
5/21/2015,French Reef,25.03420,-80.34897,Offshore,Conch Reef 1,FR6-277-W,20,OK,1.00,0,7.00,4.00,2.00,0
5/21/2015,French Reef,25.03420,-80.34897,Offshore,Conch Reef 1,FR6-273-W,20,OK,1.00,0,7.00,2.50,2.00,0
5/21/2015,French Reef,25.03438,-80.34888,Offshore,Conch Reef 2,FR5-266-Y,21,OK,1.00,0,8.00,6.00,3.00,0
5/21/2015,French Reef,25.03438,-80.34888,Offshore,Snapper Ledge,FR5-267-B,20,OK,1.00,0,8.00,4.50,3.00,0
5/21/2015,French Reef,25.03438,-80.34888,Offshore,Horseshoe Reef,FR5-267-P,20,OK,1.00,0,9.00,7.00,6.00,0
5/21/2015,French Reef,25.03438,-80.34888,Offshore,Conch Reef 1,FR5-267-W,21,OK,1.00,0,7.50,3.50,2.50,0
5/21/2015,French Reef,25.03438,-80.34888,Offshore,Snapper Ledge,FR5-268-B,20,OK,1.00,0,10.50,6.00,2.00,0
5/21/2015,French Reef,25.03438,-80.34888,Offshore,Conch Reef 1,FR5-268-W,20,OK,1.00,0,6.00,4.50,3.50,0
5/21/2015,French Reef,25.03438,-80.34888,Offshore,Conch Reef 2,FR5-268-Y,20,OK,1.00,0,9.00,9.00,5.00,0
5/21/2015,French Reef,25.03438,-80.34888,Offshore,Snapper Ledge,FR5-269-B,21,OK,1.00,0,7.50,5.00,5.00,0
5/21/2015,French Reef,25.03438,-80.34888,Offshore,Horseshoe Reef,FR5-269-P,20,OK,1.00,0,9.50,5.50,4.50,0
5/21/2015,French Reef,25.03438,-80.34888,Offshore,Conch Reef 1,FR5-269-W,20,OK,1.00,0,7.00,5.00,4.00,0
5/21/2015,French Reef,25.03438,-80.34888,Offshore,Conch Reef 2,FR5-269-Y,20,OK,1.00,0,11.50,8.00,6.00,0
5/21/2015,French Reef,25.03420,-80.34897,Offshore,Conch Reef 2,FR6-272-Y,20,OK,1.00,0,11.00,9.00,6.00,0
5/21/2015,French Reef,25.03420,-80.34897,Offshore,Horseshoe Reef,FR6-273-P,20,OK,1.00,0,9.50,6.50,3.00,0
5/21/2015,French Reef,25.03438,-80.34888,Offshore,Conch Reef 2,FR5-267-Y,20,OK,1.00,0,7.00,4.00,4.00,0
5/21/2015,French Reef,25.03420,-80.34897,Offshore,Snapper Ledge,FR6-273-B,20,OK,1.00,0,10.00,4.50,2.00,0
5/21/2015,French Reef,25.03438,-80.34888,Offshore,Snapper Ledge,FR5-270-B,20,OK,1.00,0,8.50,6.50,3.00,0
5/21/2015,French Reef,25.03420,-80.34897,Offshore,Conch Reef 1,FR6-272-W,20,OK,1.00,0,7.00,4.00,6.00,0
5/21/2015,French Reef,25.03420,-80.34897,Offshore,Horseshoe Reef,FR6-272-P,20,OK,1.00,0,8.00,4.00,4.00,0
5/21/2015,French Reef,25.03420,-80.34897,Offshore,Snapper Ledge,FR6-272-B,20,OK,1.00,0,10.00,5.00,2.00,0
5/21/2015,French Reef,25.03420,-80.34897,Offshore,Conch Reef 2,FR6-271-Y,20,OK,1.00,0,6.00,4.50,5.00,0
5/21/2015,French Reef,25.03420,-80.34897,Offshore,Conch Reef 1,FR6-271-W,20,OK,1.00,0,7.00,5.00,3.00,0
5/21/2015,French Reef,25.03420,-80.34897,Offshore,Horseshoe Reef,FR6-271-P,20,OK,1.00,0,9.00,5.00,3.00,0
5/21/2015,French Reef,25.03420,-80.34897,Offshore,Snapper Ledge,FR6-271-B,20,OK,1.00,0,9.00,4.00,3.00,0
5/21/2015,French Reef,25.03438,-80.34888,Offshore,Conch Reef 2,FR5-270-Y,20,OK,1.00,0,6.50,4.00,2.50,0
5/21/2015,French Reef,25.03438,-80.34888,Offshore,Conch Reef 1,FR5-270-W,20,OK,1.00,0,5.00,4.50,3.00,0
5/21/2015,French Reef,25.03438,-80.34888,Offshore,Horseshoe Reef,FR5-270-P,20,OK,1.00,0,8.00,5.00,3.00,0
6/1/2015,Molasses Reef,25.01060,-80.37275,Offshore,Snapper Ledge,ML5-213-B,19,OK,1.00,0,N/A,N/A,N/A,0
6/1/2015,Molasses Reef,25.01060,-80.37275,Offshore,Conch Reef 2,ML5-210-Y,20,OK,1.00,0,N/A,N/A,N/A,0
6/1/2015,Molasses Reef,25.01060,-80.37275,Offshore,Snapper Ledge,ML5-211-B,19,D,0.00,N/A,N/A,N/A,N/A,N/A
6/1/2015,Molasses Reef,25.01060,-80.37275,Offshore,Horseshoe Reef,ML5-211-P,19,OK,1.00,0,N/A,N/A,N/A,0
6/1/2015,Molasses Reef,25.01060,-80.37275,Offshore,Conch Reef 1,ML5-211-W,19,D,0.00,N/A,N/A,N/A,N/A,N/A
6/1/2015,Molasses Reef,25.01060,-80.37275,Offshore,Conch Reef 2,ML5-211-Y,19,OK,1.00,0,N/A,N/A,N/A,0
6/1/2015,Molasses Reef,25.01060,-80.37275,Offshore,Snapper Ledge,ML5-212-B,19,OK,1.00,0,N/A,N/A,N/A,0
6/1/2015,Molasses Reef,25.01060,-80.37275,Offshore,Horseshoe Reef,ML5-212-P,19,OK,1.00,0,N/A,N/A,N/A,0
6/1/2015,Molasses Reef,25.01060,-80.37275,Offshore,Conch Reef 1,ML5-213-W,20,OK,1.00,0,N/A,N/A,N/A,0
6/1/2015,Molasses Reef,25.01060,-80.37275,Offshore,Conch Reef 2,ML5-212-Y,20,OK,1.00,0,N/A,N/A,N/A,0
6/1/2015,Molasses Reef,25.01060,-80.37275,Offshore,Conch Reef 1,ML5-210-W,19,OK,1.00,0,N/A,N/A,N/A,0
6/1/2015,Molasses Reef,25.01060,-80.37275,Offshore,Horseshoe Reef,ML5-213-P,19,OK,1.00,0,N/A,N/A,N/A,0
6/1/2015,Molasses Reef,25.01060,-80.37275,Offshore,Conch Reef 1,ML5-206-W,20,OK,1.00,0,N/A,N/A,N/A,0
6/1/2015,Molasses Reef,25.01060,-80.37275,Offshore,Conch Reef 1,ML5-212-W,20,RM,0.90,0,N/A,N/A,N/A,0
6/1/2015,Molasses Reef,25.01060,-80.37275,Offshore,Horseshoe Reef,ML5-210-P,20,OK,1.00,0,N/A,N/A,N/A,0
6/1/2015,Molasses Reef,25.01060,-80.37275,Offshore,Snapper Ledge,ML5-210-B,19,OK,1.00,0,N/A,N/A,N/A,0
6/1/2015,Molasses Reef,25.01060,-80.37275,Offshore,Conch Reef 2,ML5-209-Y,19,OK,1.00,0,N/A,N/A,N/A,0
6/1/2015,Molasses Reef,25.01060,-80.37275,Offshore,Conch Reef 1,ML5-209-W,19,OK,1.00,0,N/A,N/A,N/A,0
6/1/2015,Molasses Reef,25.01060,-80.37275,Offshore,Horseshoe Reef,ML5-209-P,19,OK,1.00,0,N/A,N/A,N/A,0
6/1/2015,Molasses Reef,25.01060,-80.37275,Offshore,Snapper Ledge,ML5-209-B,19,OK,0.40,0,N/A,N/A,N/A,0
6/1/2015,Molasses Reef,25.01060,-80.37275,Offshore,Conch Reef 2,ML5-208-Y,20,OK,1.00,0,N/A,N/A,N/A,0
6/1/2015,Molasses Reef,25.01060,-80.37275,Offshore,Conch Reef 1,ML5-208-W,20,OK,0.20,0,N/A,N/A,N/A,0
6/1/2015,Molasses Reef,25.01060,-80.37275,Offshore,Horseshoe Reef,ML5-208-P,21,OK,1.00,0,N/A,N/A,N/A,0
6/1/2015,Molasses Reef,25.01060,-80.37275,Offshore,Snapper Ledge,ML5-208-B,21,D,0.00,N/A,N/A,N/A,N/A,N/A
6/1/2015,Molasses Reef,25.01060,-80.37275,Offshore,Conch Reef 2,ML5-207-Y,20,OK,1.00,0,N/A,N/A,N/A,0
6/1/2015,Molasses Reef,25.01060,-80.37275,Offshore,Conch Reef 1,ML5-207-W,19,OK,1.00,0,N/A,N/A,N/A,0
6/1/2015,Molasses Reef,25.01060,-80.37275,Offshore,Horseshoe Reef,ML5-207-P,19,OK,1.00,0,N/A,N/A,N/A,0
6/1/2015,Molasses Reef,25.01060,-80.37275,Offshore,Conch Reef 2,ML5-206-Y,20,OK,1.00,0,N/A,N/A,N/A,0
6/1/2015,Molasses Reef,25.01060,-80.37275,Offshore,Snapper Ledge,ML5-207-B,19,OK,1.00,0,N/A,N/A,N/A,0
6/1/2015,Molasses Reef,25.01060,-80.37275,Offshore,Horseshoe Reef,ML5-217-P,20,OK,1.00,0,N/A,N/A,N/A,0
6/1/2015,Molasses Reef,25.01060,-80.37275,Offshore,Conch Reef 2,ML4-198-Y,17,OK,1.00,0,N/A,N/A,N/A,0
6/1/2015,Molasses Reef,25.01060,-80.37275,Offshore,Conch Reef 1,ML5-220-W,20,OK,1.00,0,N/A,N/A,N/A,0
6/1/2015,Molasses Reef,25.01060,-80.37275,Offshore,Horseshoe Reef,ML5-206-P,20,OK,1.00,0,N/A,N/A,N/A,0
6/1/2015,Molasses Reef,25.01060,-80.37275,Offshore,Snapper Ledge,ML5-220-B,19,OK,1.00,0,N/A,N/A,N/A,0
6/1/2015,Molasses Reef,25.01060,-80.37275,Offshore,Conch Reef 2,ML5-219-Y,20,OK,1.00,0,N/A,N/A,N/A,0
6/1/2015,Molasses Reef,25.01060,-80.37275,Offshore,Conch Reef 1,ML5-219-W,20,OK,1.00,0,N/A,N/A,N/A,0
6/1/2015,Molasses Reef,25.01060,-80.37275,Offshore,Horseshoe Reef,ML5-219-P,19,OK,1.00,0,N/A,N/A,N/A,0
6/1/2015,Molasses Reef,25.01060,-80.37275,Offshore,Snapper Ledge,ML5-219-B,19,OK,1.00,0,N/A,N/A,N/A,0
6/1/2015,Molasses Reef,25.01060,-80.37275,Offshore,Conch Reef 2,ML5-218-Y,20,OK,1.00,0,N/A,N/A,N/A,0
6/1/2015,Molasses Reef,25.01060,-80.37275,Offshore,Conch Reef 1,ML5-218-W,20,OK,1.00,0,N/A,N/A,N/A,0
6/1/2015,Molasses Reef,25.01060,-80.37275,Offshore,Horseshoe Reef,ML5-218-P,20,OK,1.00,0,N/A,N/A,N/A,0
6/1/2015,Molasses Reef,25.01060,-80.37275,Offshore,Snapper Ledge,ML5-218-B,19,OK,1.00,0,N/A,N/A,N/A,0
6/1/2015,Molasses Reef,25.01060,-80.37275,Offshore,Horseshoe Reef,ML5-220-P,20,RM,0.98,0,N/A,N/A,N/A,0
6/1/2015,Molasses Reef,25.01060,-80.37275,Offshore,Conch Reef 1,ML5-217-W,20,OK,1.00,0,N/A,N/A,N/A,0
6/1/2015,Molasses Reef,25.01060,-80.37275,Offshore,Conch Reef 2,ML5-213-Y,20,OK,1.00,0,N/A,N/A,N/A,0
6/1/2015,Molasses Reef,25.01060,-80.37275,Offshore,Snapper Ledge,ML5-217-B,20,OK,1.00,0,N/A,N/A,N/A,0
6/1/2015,Molasses Reef,25.01060,-80.37275,Offshore,Conch Reef 2,ML5-216-Y,19,OK,1.00,0,N/A,N/A,N/A,0
6/1/2015,Molasses Reef,25.01060,-80.37275,Offshore,Conch Reef 1,ML5-216-W,19,OK,1.00,0,N/A,N/A,N/A,0
6/1/2015,Molasses Reef,25.01060,-80.37275,Offshore,Horseshoe Reef,ML5-216-P,19,OK,1.00,0,N/A,N/A,N/A,0
6/1/2015,Molasses Reef,25.01060,-80.37275,Offshore,Snapper Ledge,ML5-216-B,19,OK,1.00,0,N/A,N/A,N/A,0
6/1/2015,Molasses Reef,25.01060,-80.37275,Offshore,Conch Reef 2,ML5-215-Y,19,OK,1.00,0,N/A,N/A,N/A,0
6/1/2015,Molasses Reef,25.01060,-80.37275,Offshore,Conch Reef 1,ML5-215-W,19,D,0.00,N/A,N/A,N/A,N/A,N/A
6/1/2015,Molasses Reef,25.01060,-80.37275,Offshore,Horseshoe Reef,ML5-215-P,19,OK,1.00,0,N/A,N/A,N/A,0
6/1/2015,Molasses Reef,25.01060,-80.37275,Offshore,Snapper Ledge,ML5-215-B,19,OK,1.00,0,N/A,N/A,N/A,0
6/1/2015,Molasses Reef,25.01060,-80.37275,Offshore,Conch Reef 2,ML5-214-Y,19,OK,1.00,0,N/A,N/A,N/A,0
6/1/2015,Molasses Reef,25.01060,-80.37275,Offshore,Conch Reef 1,ML5-214-W,20,RM,0.90,0,N/A,N/A,N/A,0
6/1/2015,Molasses Reef,25.01060,-80.37275,Offshore,Horseshoe Reef,ML5-214-P,19,OK,1.00,0,N/A,N/A,N/A,0
6/1/2015,Molasses Reef,25.01060,-80.37275,Offshore,Snapper Ledge,ML5-214-B,20,OK,1.00,0,N/A,N/A,N/A,0
6/1/2015,Molasses Reef,25.01060,-80.37275,Offshore,Conch Reef 2,ML5-217-Y,20,OK,1.00,0,N/A,N/A,N/A,0
6/1/2015,Molasses Reef,25.01060,-80.37275,Offshore,Conch Reef 1,ML4-194-W,17,OK,1.00,0,N/A,N/A,N/A,0
6/1/2015,Molasses Reef,25.01060,-80.37275,Offshore,Snapper Ledge,ML4-198-B,17,OK,1.00,0,N/A,N/A,N/A,0
6/1/2015,Molasses Reef,25.01060,-80.37275,Offshore,Conch Reef 2,ML4-197-Y,17,OK,1.00,0,N/A,N/A,N/A,0
6/1/2015,Molasses Reef,25.01060,-80.37275,Offshore,Conch Reef 1,ML4-197-W,17,OK,1.00,0,N/A,N/A,N/A,0
6/1/2015,Molasses Reef,25.01060,-80.37275,Offshore,Horseshoe Reef,ML4-197-P,17,OK,1.00,0,N/A,N/A,N/A,0
6/1/2015,Molasses Reef,25.01060,-80.37275,Offshore,Snapper Ledge,ML4-197-B,18,OK,1.00,0,N/A,N/A,N/A,0
6/1/2015,Molasses Reef,25.01060,-80.37275,Offshore,Conch Reef 2,ML4-196-Y,17,RM,0.95,0,N/A,N/A,N/A,0
6/1/2015,Molasses Reef,25.01060,-80.37275,Offshore,Conch Reef 1,ML4-196-W,17,OK,1.00,0,N/A,N/A,N/A,0
6/1/2015,Molasses Reef,25.01060,-80.37275,Offshore,Horseshoe Reef,ML4-196-P,17,OK,1.00,0,N/A,N/A,N/A,0
6/1/2015,Molasses Reef,25.01060,-80.37275,Offshore,Snapper Ledge,ML4-196-B,17,OK,1.00,0,N/A,N/A,N/A,0
6/1/2015,Molasses Reef,25.01060,-80.37275,Offshore,Conch Reef 2,ML4-195-Y,17,OK,1.00,0,N/A,N/A,N/A,0
6/1/2015,Molasses Reef,25.01060,-80.37275,Offshore,Conch Reef 1,ML4-195-W,17,OK,1.00,0,N/A,N/A,N/A,0
6/1/2015,Molasses Reef,25.01060,-80.37275,Offshore,Horseshoe Reef,ML4-195-P,17,OK,1.00,0,N/A,N/A,N/A,0
6/1/2015,Molasses Reef,25.01060,-80.37275,Offshore,Horseshoe Reef,ML4-199-P,18,OK,1.00,0,N/A,N/A,N/A,0
6/1/2015,Molasses Reef,25.01060,-80.37275,Offshore,Conch Reef 2,ML4-194-Y,17,OK,1.00,0,N/A,N/A,N/A,0
6/1/2015,Pickles Reef,24.98607,-80.41506,Offshore,Conch Reef 2,PI4-108-Y,15,OK,1.00,0,N/A,N/A,N/A,0
6/1/2015,Molasses Reef,25.01060,-80.37275,Offshore,Horseshoe Reef,ML4-194-P,17,OK,1.00,0,N/A,N/A,N/A,0
6/1/2015,Molasses Reef,25.01060,-80.37275,Offshore,Snapper Ledge,ML4-194-B,17,OK,1.00,0,N/A,N/A,N/A,0
6/1/2015,Molasses Reef,25.01060,-80.37275,Offshore,Conch Reef 2,ML4-193-Y,18,OK,1.00,0,N/A,N/A,N/A,0
6/1/2015,Molasses Reef,25.01060,-80.37275,Offshore,Conch Reef 1,ML4-193-W,17,OK,1.00,0,N/A,N/A,N/A,0
6/1/2015,Molasses Reef,25.01060,-80.37275,Offshore,Horseshoe Reef,ML4-193-P,17,OK,1.00,0,N/A,N/A,N/A,0
6/1/2015,Molasses Reef,25.01060,-80.37275,Offshore,Snapper Ledge,ML4-193-B,17,OK,1.00,0,N/A,N/A,N/A,0
6/1/2015,Molasses Reef,25.01060,-80.37275,Offshore,Conch Reef 2,ML4-192-Y,17,OK,1.00,0,N/A,N/A,N/A,0
6/1/2015,Molasses Reef,25.01060,-80.37275,Offshore,Conch Reef 1,ML4-192-W,17,OK,1.00,0,N/A,N/A,N/A,0
6/1/2015,Molasses Reef,25.01060,-80.37275,Offshore,Horseshoe Reef,ML4-192-P,17,OK,1.00,0,N/A,N/A,N/A,0
6/1/2015,Molasses Reef,25.01060,-80.37275,Offshore,Snapper Ledge,ML4-192-B,18,OK,1.00,0,N/A,N/A,N/A,0
6/1/2015,Molasses Reef,25.01060,-80.37275,Offshore,Conch Reef 2,ML4-191-Y,18,OK,1.00,0,N/A,N/A,N/A,0
6/1/2015,Molasses Reef,25.01060,-80.37275,Offshore,Conch Reef 1,ML4-191-W,17,OK,1.00,0,N/A,N/A,N/A,0
6/1/2015,Molasses Reef,25.01060,-80.37275,Offshore,Horseshoe Reef,ML4-191-P,17,OK,1.00,0,N/A,N/A,N/A,0
6/1/2015,Molasses Reef,25.01060,-80.37275,Offshore,Snapper Ledge,ML4-195-B,17,OK,1.00,0,N/A,N/A,N/A,0
6/1/2015,Molasses Reef,25.01060,-80.37275,Offshore,Snapper Ledge,ML4-202-B,19,OK,1.00,0,N/A,N/A,N/A,0
6/1/2015,Molasses Reef,25.01060,-80.37275,Offshore,Conch Reef 2,ML4-205-Y,19,OK,1.00,0,N/A,N/A,N/A,0
6/1/2015,Molasses Reef,25.01060,-80.37275,Offshore,Conch Reef 1,ML4-205-W,19,OK,1.00,0,N/A,N/A,N/A,0
6/1/2015,Molasses Reef,25.01060,-80.37275,Offshore,Horseshoe Reef,ML4-205-P,19,OK,1.00,0,N/A,N/A,N/A,0
6/1/2015,Molasses Reef,25.01060,-80.37275,Offshore,Snapper Ledge,ML4-205-B,19,OK,1.00,0,N/A,N/A,N/A,0
6/1/2015,Molasses Reef,25.01060,-80.37275,Offshore,Conch Reef 2,ML4-204-Y,19,OK,1.00,0,N/A,N/A,N/A,0
6/1/2015,Molasses Reef,25.01060,-80.37275,Offshore,Conch Reef 1,ML4-204-W,19,RM,0.95,0,N/A,N/A,N/A,0
6/1/2015,Molasses Reef,25.01060,-80.37275,Offshore,Horseshoe Reef,ML4-204-P,19,OK,1.00,0,N/A,N/A,N/A,0
6/1/2015,Molasses Reef,25.01060,-80.37275,Offshore,Snapper Ledge,ML4-204-B,19,RM,0.95,0,N/A,N/A,N/A,0
6/1/2015,Molasses Reef,25.01060,-80.37275,Offshore,Conch Reef 2,ML4-203-Y,19,OK,1.00,0,N/A,N/A,N/A,0
6/1/2015,Molasses Reef,25.01060,-80.37275,Offshore,Conch Reef 1,ML4-203-W,19,OK,1.00,0,N/A,N/A,N/A,0
6/1/2015,Molasses Reef,25.01060,-80.37275,Offshore,Horseshoe Reef,ML4-203-P,19,OK,1.00,0,N/A,N/A,N/A,0
6/1/2015,Molasses Reef,25.01060,-80.37275,Offshore,Snapper Ledge,ML4-203-B,19,OK,1.00,0,N/A,N/A,N/A,0
6/1/2015,Molasses Reef,25.01060,-80.37275,Offshore,Conch Reef 2,ML4-202-Y,19,OK,1.00,0,N/A,N/A,N/A,0
6/1/2015,Molasses Reef,25.01060,-80.37275,Offshore,Horseshoe Reef,ML4-198-P,17,OK,1.00,0,N/A,N/A,N/A,0
6/1/2015,Molasses Reef,25.01060,-80.37275,Offshore,Conch Reef 1,ML4-200-W,18,OK,1.00,0,N/A,N/A,N/A,0
6/1/2015,Molasses Reef,25.01060,-80.37275,Offshore,Snapper Ledge,ML5-206-B,20,OK,1.00,0,N/A,N/A,N/A,0
6/1/2015,Molasses Reef,25.01060,-80.37275,Offshore,Snapper Ledge,ML4-199-B,19,OK,1.00,0,N/A,N/A,N/A,0
6/1/2015,Molasses Reef,25.01060,-80.37275,Offshore,Conch Reef 2,ML5-220-Y,20,OK,1.00,0,N/A,N/A,N/A,0
6/1/2015,Molasses Reef,25.01060,-80.37275,Offshore,Conch Reef 1,ML4-199-W,18,OK,1.00,0,N/A,N/A,N/A,0
6/1/2015,Molasses Reef,25.01060,-80.37275,Offshore,Conch Reef 2,ML4-199-Y,19,D,0.00,N/A,N/A,N/A,N/A,N/A
6/1/2015,Molasses Reef,25.01060,-80.37275,Offshore,Conch Reef 1,ML4-202-W,19,OK,1.00,0,N/A,N/A,N/A,0
6/1/2015,Molasses Reef,25.01060,-80.37275,Offshore,Horseshoe Reef,ML4-200-P,19,OK,1.00,0,N/A,N/A,N/A,0
6/1/2015,Molasses Reef,25.01060,-80.37275,Offshore,Horseshoe Reef,ML4-202-P,19,OK,1.00,0,N/A,N/A,N/A,0
6/1/2015,Molasses Reef,25.01060,-80.37275,Offshore,Conch Reef 2,ML4-200-Y,18,OK,1.00,0,N/A,N/A,N/A,0
6/1/2015,Molasses Reef,25.01060,-80.37275,Offshore,Snapper Ledge,ML4-201-B,19,OK,1.00,0,N/A,N/A,N/A,0
6/1/2015,Molasses Reef,25.01060,-80.37275,Offshore,Horseshoe Reef,ML4-201-P,19,OK,1.00,0,N/A,N/A,N/A,0
6/1/2015,Molasses Reef,25.01060,-80.37275,Offshore,Conch Reef 1,ML4-201-W,19,OK,1.00,0,N/A,N/A,N/A,0
6/1/2015,Molasses Reef,25.01060,-80.37275,Offshore,Conch Reef 2,ML4-201-Y,19,OK,1.00,0,N/A,N/A,N/A,0
6/1/2015,Molasses Reef,25.01060,-80.37275,Offshore,Conch Reef 1,ML4-198-W,17,OK,1.00,0,N/A,N/A,N/A,0
6/1/2015,Molasses Reef,25.01060,-80.37275,Offshore,Snapper Ledge,ML4-200-B,19,OK,1.00,0,N/A,N/A,N/A,0
6/1/2015,Pickles Reef,24.98575,-80.41558,Offshore,Horseshoe Reef,PI5-120-P,14,OK,1.00,0,N/A,N/A,N/A,0
6/1/2015,Pickles Reef,24.98607,-80.41506,Offshore,Horseshoe Reef,PI4-108-P,15,OK,1.00,0,N/A,N/A,N/A,0
6/1/2015,Pickles Reef,24.98573,-80.41569,Offshore,Conch Reef 1,PI6-123-W,14,OK,1.00,0,N/A,N/A,N/A,0
6/1/2015,Pickles Reef,24.98573,-80.41569,Offshore,Horseshoe Reef,PI6-123-P,14,OK,1.00,0,N/A,N/A,N/A,0
6/1/2015,Pickles Reef,24.98573,-80.41569,Offshore,Snapper Ledge,PI6-123-B,14,OK,1.00,0,N/A,N/A,N/A,0
6/1/2015,Pickles Reef,24.98573,-80.41569,Offshore,Conch Reef 2,PI6-122-Y,14,OK,1.00,0,N/A,N/A,N/A,0
6/1/2015,Pickles Reef,24.98573,-80.41569,Offshore,Conch Reef 1,PI6-122-W,14,OK,1.00,0,N/A,N/A,N/A,0
6/1/2015,Pickles Reef,24.98573,-80.41569,Offshore,Horseshoe Reef,PI6-122-P,14,OK,1.00,0,N/A,N/A,N/A,0
6/1/2015,Pickles Reef,24.98573,-80.41569,Offshore,Snapper Ledge,PI6-122-B,14,OK,1.00,0,N/A,N/A,N/A,0
6/1/2015,Pickles Reef,24.98573,-80.41569,Offshore,Conch Reef 2,PI6-121-Y,15,OK,1.00,0,N/A,N/A,N/A,0
6/1/2015,Pickles Reef,24.98573,-80.41569,Offshore,Conch Reef 1,PI6-121-W,15,OK,1.00,0,N/A,N/A,N/A,0
6/1/2015,Pickles Reef,24.98573,-80.41569,Offshore,Horseshoe Reef,PI6-121-P,14,OK,1.00,0,N/A,N/A,N/A,0
6/1/2015,Pickles Reef,24.98573,-80.41569,Offshore,Snapper Ledge,PI6-121-B,15,OK,1.00,0,N/A,N/A,N/A,0
6/1/2015,Pickles Reef,24.98573,-80.41569,Offshore,Snapper Ledge,PI6-124-B,14,OK,1.00,0,N/A,N/A,N/A,0
6/1/2015,Pickles Reef,24.98575,-80.41558,Offshore,Conch Reef 1,PI5-120-W,14,OK,1.00,0,N/A,N/A,N/A,0
6/1/2015,Pickles Reef,24.98573,-80.41569,Offshore,Horseshoe Reef,PI6-124-P,14,OK,1.00,0,N/A,N/A,N/A,0
6/1/2015,Pickles Reef,24.98575,-80.41558,Offshore,Snapper Ledge,PI5-120-B,14,OK,1.00,0,N/A,N/A,N/A,0
6/1/2015,Pickles Reef,24.98575,-80.41558,Offshore,Conch Reef 2,PI5-119-Y,15,OK,1.00,0,N/A,N/A,N/A,0
6/1/2015,Pickles Reef,24.98575,-80.41558,Offshore,Conch Reef 1,PI5-119-W,14,OK,1.00,0,N/A,N/A,N/A,0
6/1/2015,Pickles Reef,24.98575,-80.41558,Offshore,Horseshoe Reef,PI5-119-P,15,OK,0.80,0,N/A,N/A,N/A,0
6/1/2015,Pickles Reef,24.98575,-80.41558,Offshore,Snapper Ledge,PI5-119-B,14,OK,1.00,0,N/A,N/A,N/A,0
6/1/2015,Pickles Reef,24.98575,-80.41558,Offshore,Conch Reef 2,PI5-118-Y,15,OK,1.00,0,N/A,N/A,N/A,0
6/1/2015,Pickles Reef,24.98575,-80.41558,Offshore,Conch Reef 1,PI5-118-W,15,OK,1.00,0,N/A,N/A,N/A,0
6/1/2015,Pickles Reef,24.98575,-80.41558,Offshore,Horseshoe Reef,PI5-118-P,15,OK,0.60,0,N/A,N/A,N/A,0
6/1/2015,Pickles Reef,24.98575,-80.41558,Offshore,Snapper Ledge,PI5-118-B,15,OK,1.00,0,N/A,N/A,N/A,0
6/1/2015,Pickles Reef,24.98575,-80.41558,Offshore,Conch Reef 2,PI5-117-Y,15,OK,1.00,0,N/A,N/A,N/A,0
6/1/2015,Pickles Reef,24.98575,-80.41558,Offshore,Conch Reef 1,PI5-117-W,15,OK,1.00,0,N/A,N/A,N/A,0
6/1/2015,Pickles Reef,24.98575,-80.41558,Offshore,Horseshoe Reef,PI5-117-P,15,OK,0.50,0,N/A,N/A,N/A,0
6/1/2015,Pickles Reef,24.98575,-80.41558,Offshore,Snapper Ledge,PI5-117-B,15,OK,1.00,0,N/A,N/A,N/A,0
6/1/2015,Pickles Reef,24.98575,-80.41558,Offshore,Conch Reef 2,PI5-120-Y,14,OK,1.00,0,N/A,N/A,N/A,0
6/1/2015,Pickles Reef,24.98573,-80.41569,Offshore,Conch Reef 2,PI6-127-Y,14,OK,1.00,0,N/A,N/A,N/A,0
6/1/2015,Molasses Reef,25.01060,-80.37275,Offshore,Snapper Ledge,ML4-191-B,17,OK,1.00,0,N/A,N/A,N/A,0
6/1/2015,French Reef,25.03420,-80.34897,Offshore,Snapper Ledge,FR6-280-B,21,OK,1.00,0,N/A,N/A,N/A,0
6/1/2015,Pickles Reef,24.98573,-80.41569,Offshore,Conch Reef 2,PI6-130-Y,13,RM,0.75,0,N/A,N/A,N/A,0
6/1/2015,Pickles Reef,24.98573,-80.41569,Offshore,Conch Reef 1,PI6-130-W,13,OK,1.00,0,N/A,N/A,N/A,0
6/1/2015,Pickles Reef,24.98573,-80.41569,Offshore,Horseshoe Reef,PI6-130-P,13,OK,1.00,0,N/A,N/A,N/A,0
6/1/2015,Pickles Reef,24.98573,-80.41569,Offshore,Snapper Ledge,PI6-130-B,13,OK,1.00,0,N/A,N/A,N/A,0
6/1/2015,Pickles Reef,24.98573,-80.41569,Offshore,Conch Reef 2,PI6-129-Y,14,OK,1.00,0,N/A,N/A,N/A,0
6/1/2015,Pickles Reef,24.98573,-80.41569,Offshore,Conch Reef 1,PI6-129-W,14,OK,1.00,0,N/A,N/A,N/A,0
6/1/2015,Pickles Reef,24.98573,-80.41569,Offshore,Horseshoe Reef,PI6-129-P,14,OK,1.00,0,N/A,N/A,N/A,0
6/1/2015,Pickles Reef,24.98573,-80.41569,Offshore,Snapper Ledge,PI6-129-B,14,OK,1.00,0,N/A,N/A,N/A,0
6/1/2015,Pickles Reef,24.98573,-80.41569,Offshore,Conch Reef 2,PI6-128-Y,14,OK,1.00,0,N/A,N/A,N/A,0
6/1/2015,Pickles Reef,24.98573,-80.41569,Offshore,Conch Reef 1,PI6-128-W,13,OK,1.00,0,N/A,N/A,N/A,0
6/1/2015,Pickles Reef,24.98573,-80.41569,Offshore,Conch Reef 2,PI6-123-Y,14,OK,1.00,0,N/A,N/A,N/A,0
6/1/2015,Pickles Reef,24.98573,-80.41569,Offshore,Snapper Ledge,PI6-128-B,14,OK,1.00,0,N/A,N/A,N/A,0
6/1/2015,Pickles Reef,24.98575,-80.41558,Offshore,Horseshoe Reef,PI5-116-P,15,OK,1.00,0,N/A,N/A,N/A,0
6/1/2015,Pickles Reef,24.98573,-80.41569,Offshore,Conch Reef 1,PI6-127-W,13,OK,1.00,0,N/A,N/A,N/A,0
6/1/2015,Pickles Reef,24.98573,-80.41569,Offshore,Horseshoe Reef,PI6-127-P,14,OK,1.00,0,N/A,N/A,N/A,0
6/1/2015,Pickles Reef,24.98573,-80.41569,Offshore,Snapper Ledge,PI6-127-B,13,OK,1.00,0,N/A,N/A,N/A,0
6/1/2015,Pickles Reef,24.98573,-80.41569,Offshore,Conch Reef 2,PI6-126-Y,14,RM,0.50,0,N/A,N/A,N/A,0
6/1/2015,Pickles Reef,24.98573,-80.41569,Offshore,Conch Reef 1,PI6-126-W,14,OK,1.00,0,N/A,N/A,N/A,0
6/1/2015,Pickles Reef,24.98573,-80.41569,Offshore,Horseshoe Reef,PI6-126-P,14,OK,1.00,0,N/A,N/A,N/A,0
6/1/2015,Pickles Reef,24.98573,-80.41569,Offshore,Snapper Ledge,PI6-126-B,14,OK,1.00,0,N/A,N/A,N/A,0
6/1/2015,Pickles Reef,24.98573,-80.41569,Offshore,Conch Reef 2,PI6-125-Y,14,OK,1.00,0,N/A,N/A,N/A,0
6/1/2015,Pickles Reef,24.98573,-80.41569,Offshore,Conch Reef 1,PI6-125-W,14,OK,1.00,0,N/A,N/A,N/A,0
6/1/2015,Pickles Reef,24.98573,-80.41569,Offshore,Horseshoe Reef,PI6-125-P,14,OK,1.00,0,N/A,N/A,N/A,0
6/1/2015,Pickles Reef,24.98573,-80.41569,Offshore,Snapper Ledge,PI6-125-B,14,OK,1.00,0,N/A,N/A,N/A,0
6/1/2015,Pickles Reef,24.98573,-80.41569,Offshore,Conch Reef 2,PI6-124-Y,14,OK,1.00,0,N/A,N/A,N/A,0
6/1/2015,Pickles Reef,24.98573,-80.41569,Offshore,Conch Reef 1,PI6-124-W,14,OK,1.00,0,N/A,N/A,N/A,0
6/1/2015,Pickles Reef,24.98573,-80.41569,Offshore,Horseshoe Reef,PI6-128-P,13,OK,1.00,0,N/A,N/A,N/A,0
6/1/2015,Pickles Reef,24.98607,-80.41506,Offshore,Conch Reef 1,PI4-104-W,17,RM,0.80,0,N/A,N/A,N/A,0
6/1/2015,Pickles Reef,24.98607,-80.41506,Offshore,Snapper Ledge,PI4-108-B,15,OK,1.00,0,N/A,N/A,N/A,0
6/1/2015,Pickles Reef,24.98607,-80.41506,Offshore,Conch Reef 2,PI4-107-Y,16,OK,1.00,0,N/A,N/A,N/A,0
6/1/2015,Pickles Reef,24.98607,-80.41506,Offshore,Conch Reef 1,PI4-107-W,16,OK,1.00,0,N/A,N/A,N/A,0
6/1/2015,Pickles Reef,24.98607,-80.41506,Offshore,Horseshoe Reef,PI4-107-P,16,OK,1.00,0,N/A,N/A,N/A,0
6/1/2015,Pickles Reef,24.98607,-80.41506,Offshore,Snapper Ledge,PI4-107-B,16,RM,0.85,0,N/A,N/A,N/A,0
6/1/2015,Pickles Reef,24.98607,-80.41506,Offshore,Conch Reef 2,PI4-106-Y,16,OK,1.00,0,N/A,N/A,N/A,0
6/1/2015,Pickles Reef,24.98607,-80.41506,Offshore,Conch Reef 1,PI4-106-W,16,OK,1.00,0,N/A,N/A,N/A,0
6/1/2015,Pickles Reef,24.98607,-80.41506,Offshore,Horseshoe Reef,PI4-106-P,16,OK,1.00,0,N/A,N/A,N/A,0
6/1/2015,Pickles Reef,24.98607,-80.41506,Offshore,Snapper Ledge,PI4-106-B,16,OK,1.00,0,N/A,N/A,N/A,0
6/1/2015,Pickles Reef,24.98607,-80.41506,Offshore,Conch Reef 2,PI4-105-Y,17,OK,1.00,0,N/A,N/A,N/A,0
6/1/2015,Pickles Reef,24.98607,-80.41506,Offshore,Conch Reef 1,PI4-105-W,16,OK,1.00,0,N/A,N/A,N/A,0
6/1/2015,Pickles Reef,24.98607,-80.41506,Offshore,Horseshoe Reef,PI4-105-P,17,OK,1.00,0,N/A,N/A,N/A,0
6/1/2015,Pickles Reef,24.98575,-80.41558,Offshore,Conch Reef 2,PI5-116-Y,15,OK,1.00,0,N/A,N/A,N/A,0
6/1/2015,Pickles Reef,24.98607,-80.41506,Offshore,Conch Reef 2,PI4-104-Y,17,RM,0.80,0,N/A,N/A,N/A,3
6/1/2015,Pickles Reef,24.98607,-80.41506,Offshore,Horseshoe Reef,PI4-109-P,16,OK,1.00,0,N/A,N/A,N/A,0
6/1/2015,Pickles Reef,24.98607,-80.41506,Offshore,Horseshoe Reef,PI4-104-P,17,RM,0.90,0,N/A,N/A,N/A,0
6/1/2015,Pickles Reef,24.98607,-80.41506,Offshore,Snapper Ledge,PI4-104-B,17,OK,1.00,0,N/A,N/A,N/A,0
6/1/2015,Pickles Reef,24.98607,-80.41506,Offshore,Conch Reef 2,PI4-103-Y,17,OK,1.00,0,N/A,N/A,N/A,0
6/1/2015,Pickles Reef,24.98607,-80.41506,Offshore,Conch Reef 1,PI4-103-W,17,OK,1.00,0,N/A,N/A,N/A,0
6/1/2015,Pickles Reef,24.98607,-80.41506,Offshore,Horseshoe Reef,PI4-103-P,17,RM,0.15,0,N/A,N/A,N/A,0
6/1/2015,Pickles Reef,24.98607,-80.41506,Offshore,Snapper Ledge,PI4-103-B,17,OK,1.00,0,N/A,N/A,N/A,0
6/1/2015,Pickles Reef,24.98607,-80.41506,Offshore,Conch Reef 2,PI4-102-Y,17,OK,1.00,0,N/A,N/A,N/A,0
6/1/2015,Pickles Reef,24.98607,-80.41506,Offshore,Conch Reef 1,PI4-102-W,17,OK,1.00,0,N/A,N/A,N/A,0
6/1/2015,Pickles Reef,24.98607,-80.41506,Offshore,Horseshoe Reef,PI4-102-P,17,OK,1.00,0,N/A,N/A,N/A,0
6/1/2015,Pickles Reef,24.98607,-80.41506,Offshore,Snapper Ledge,PI4-102-B,17,OK,1.00,0,N/A,N/A,N/A,0
6/1/2015,Pickles Reef,24.98607,-80.41506,Offshore,Conch Reef 2,PI4-101-Y,17,OK,1.00,0,N/A,N/A,N/A,0
6/1/2015,Pickles Reef,24.98607,-80.41506,Offshore,Conch Reef 1,PI4-101-W,17,OK,1.00,0,N/A,N/A,N/A,0
6/1/2015,Pickles Reef,24.98607,-80.41506,Offshore,Horseshoe Reef,PI4-101-P,17,OK,1.00,0,N/A,N/A,N/A,0
6/1/2015,Pickles Reef,24.98607,-80.41506,Offshore,Snapper Ledge,PI4-105-B,16,OK,1.00,0,N/A,N/A,N/A,0
6/1/2015,Pickles Reef,24.98575,-80.41558,Offshore,Conch Reef 1,PI5-112-W,15,OK,1.00,0,N/A,N/A,N/A,0
6/1/2015,Pickles Reef,24.98607,-80.41506,Offshore,Snapper Ledge,PI4-101-B,17,OK,1.00,0,N/A,N/A,N/A,0
6/1/2015,Pickles Reef,24.98575,-80.41558,Offshore,Snapper Ledge,PI5-116-B,15,OK,1.00,0,N/A,N/A,N/A,0
6/1/2015,Pickles Reef,24.98575,-80.41558,Offshore,Conch Reef 2,PI5-115-Y,15,OK,1.00,0,N/A,N/A,N/A,0
6/1/2015,Pickles Reef,24.98575,-80.41558,Offshore,Conch Reef 1,PI5-115-W,15,OK,1.00,0,N/A,N/A,N/A,0
6/1/2015,Pickles Reef,24.98575,-80.41558,Offshore,Horseshoe Reef,PI5-115-P,15,OK,1.00,0,N/A,N/A,N/A,0
6/1/2015,Pickles Reef,24.98575,-80.41558,Offshore,Snapper Ledge,PI5-115-B,15,OK,1.00,0,N/A,N/A,N/A,0
6/1/2015,Pickles Reef,24.98575,-80.41558,Offshore,Conch Reef 2,PI5-114-Y,16,OK,1.00,0,N/A,N/A,N/A,0
6/1/2015,Pickles Reef,24.98575,-80.41558,Offshore,Conch Reef 1,PI5-114-W,15,OK,1.00,0,N/A,N/A,N/A,0
6/1/2015,Pickles Reef,24.98575,-80.41558,Offshore,Horseshoe Reef,PI5-114-P,15,OK,1.00,0,N/A,N/A,N/A,0
6/1/2015,Pickles Reef,24.98575,-80.41558,Offshore,Snapper Ledge,PI5-114-B,16,OK,1.00,0,N/A,N/A,N/A,0
6/1/2015,Pickles Reef,24.98575,-80.41558,Offshore,Conch Reef 2,PI5-113-Y,16,OK,1.00,0,N/A,N/A,N/A,0
6/1/2015,Pickles Reef,24.98575,-80.41558,Offshore,Conch Reef 1,PI5-113-W,15,OK,1.00,0,N/A,N/A,N/A,0
6/1/2015,Pickles Reef,24.98575,-80.41558,Offshore,Horseshoe Reef,PI5-113-P,16,OK,1.00,0,N/A,N/A,N/A,0
6/1/2015,Pickles Reef,24.98607,-80.41506,Offshore,Conch Reef 1,PI4-108-W,15,RM,0.80,0,N/A,N/A,N/A,0
6/1/2015,Pickles Reef,24.98575,-80.41558,Offshore,Snapper Ledge,PI5-111-B,16,OK,1.00,0,N/A,N/A,N/A,0
6/1/2015,Pickles Reef,24.98575,-80.41558,Offshore,Conch Reef 1,PI5-116-W,15,OK,1.00,0,N/A,N/A,N/A,0
6/1/2015,Pickles Reef,24.98607,-80.41506,Offshore,Conch Reef 1,PI4-109-W,16,OK,1.00,0,N/A,N/A,N/A,0
6/1/2015,Pickles Reef,24.98607,-80.41506,Offshore,Conch Reef 2,PI4-109-Y,16,OK,1.00,0,N/A,N/A,N/A,0
6/1/2015,Pickles Reef,24.98607,-80.41506,Offshore,Snapper Ledge,PI4-110-B,16,OK,1.00,0,N/A,N/A,N/A,0
6/1/2015,Pickles Reef,24.98607,-80.41506,Offshore,Horseshoe Reef,PI4-110-P,16,OK,1.00,0,N/A,N/A,N/A,0
6/1/2015,Pickles Reef,24.98575,-80.41558,Offshore,Snapper Ledge,PI5-113-B,15,OK,1.00,0,N/A,N/A,N/A,0
6/1/2015,Pickles Reef,24.98607,-80.41506,Offshore,Conch Reef 2,PI4-110-Y,16,OK,1.00,0,N/A,N/A,N/A,0
6/1/2015,Pickles Reef,24.98575,-80.41558,Offshore,Conch Reef 2,PI5-112-Y,15,OK,1.00,0,N/A,N/A,N/A,0
6/1/2015,Pickles Reef,24.98575,-80.41558,Offshore,Horseshoe Reef,PI5-111-P,16,OK,1.00,0,N/A,N/A,N/A,0
6/1/2015,Pickles Reef,24.98575,-80.41558,Offshore,Conch Reef 1,PI5-111-W,16,OK,1.00,0,N/A,N/A,N/A,0
6/1/2015,Pickles Reef,24.98575,-80.41558,Offshore,Conch Reef 2,PI5-111-Y,16,OK,1.00,0,N/A,N/A,N/A,0
6/1/2015,Pickles Reef,24.98575,-80.41558,Offshore,Snapper Ledge,PI5-112-B,15,OK,1.00,0,N/A,N/A,N/A,0
6/1/2015,Pickles Reef,24.98575,-80.41558,Offshore,Horseshoe Reef,PI5-112-P,15,OK,1.00,0,N/A,N/A,N/A,0
6/1/2015,Pickles Reef,24.98607,-80.41506,Offshore,Snapper Ledge,PI4-109-B,16,OK,1.00,0,N/A,N/A,N/A,0
6/1/2015,Pickles Reef,24.98607,-80.41506,Offshore,Conch Reef 1,PI4-110-W,16,OK,1.00,0,N/A,N/A,N/A,0
6/1/2015,French Reef,25.03438,-80.34888,Offshore,Snapper Ledge,FR5-269-B,21,OK,1.00,0,N/A,N/A,N/A,0
6/1/2015,French Reef,25.03420,-80.34897,Offshore,Conch Reef 2,FR6-280-Y,21,OK,1.00,0,N/A,N/A,N/A,0
6/1/2015,French Reef,25.03420,-80.34897,Offshore,Horseshoe Reef,FR6-272-P,20,OK,1.00,0,N/A,N/A,N/A,0
6/1/2015,French Reef,25.03420,-80.34897,Offshore,Snapper Ledge,FR6-272-B,20,OK,1.00,0,N/A,N/A,N/A,0
6/1/2015,French Reef,25.03420,-80.34897,Offshore,Conch Reef 2,FR6-271-Y,20,OK,1.00,0,N/A,N/A,N/A,0
6/1/2015,French Reef,25.03420,-80.34897,Offshore,Conch Reef 1,FR6-271-W,20,OK,1.00,0,N/A,N/A,N/A,0
6/1/2015,French Reef,25.03420,-80.34897,Offshore,Horseshoe Reef,FR6-271-P,20,OK,1.00,0,N/A,N/A,N/A,0
6/1/2015,French Reef,25.03420,-80.34897,Offshore,Snapper Ledge,FR6-271-B,20,RM,0.98,0,N/A,N/A,N/A,0
6/1/2015,French Reef,25.03438,-80.34888,Offshore,Conch Reef 2,FR5-270-Y,20,OK,1.00,0,N/A,N/A,N/A,0
6/1/2015,French Reef,25.03438,-80.34888,Offshore,Conch Reef 1,FR5-270-W,20,OK,1.00,0,N/A,N/A,N/A,0
6/1/2015,French Reef,25.03438,-80.34888,Offshore,Horseshoe Reef,FR5-270-P,20,OK,1.00,0,N/A,N/A,N/A,0
6/1/2015,French Reef,25.03438,-80.34888,Offshore,Snapper Ledge,FR5-270-B,20,RM,0.85,0,N/A,N/A,N/A,0
6/1/2015,French Reef,25.03438,-80.34888,Offshore,Conch Reef 2,FR5-269-Y,20,OK,1.00,0,N/A,N/A,N/A,0
6/1/2015,French Reef,25.03420,-80.34897,Offshore,Conch Reef 2,FR6-272-Y,20,OK,1.00,0,N/A,N/A,N/A,0
6/1/2015,French Reef,25.03438,-80.34888,Offshore,Horseshoe Reef,FR5-269-P,20,OK,1.00,0,N/A,N/A,N/A,0
6/1/2015,French Reef,25.03420,-80.34897,Offshore,Snapper Ledge,FR6-273-B,20,OK,1.00,0,N/A,N/A,N/A,0
6/1/2015,French Reef,25.03438,-80.34888,Offshore,Conch Reef 2,FR5-268-Y,20,OK,1.00,0,N/A,N/A,N/A,0
6/1/2015,French Reef,25.03438,-80.34888,Offshore,Conch Reef 1,FR5-268-W,20,OK,1.00,0,N/A,N/A,N/A,0
6/1/2015,French Reef,25.03438,-80.34888,Offshore,Horseshoe Reef,FR5-268-P,21,OK,1.00,0,N/A,N/A,N/A,0
6/1/2015,French Reef,25.03438,-80.34888,Offshore,Snapper Ledge,FR5-268-B,20,OK,1.00,0,N/A,N/A,N/A,0
6/1/2015,French Reef,25.03438,-80.34888,Offshore,Conch Reef 2,FR5-267-Y,20,OK,1.00,0,N/A,N/A,N/A,0
6/1/2015,French Reef,25.03438,-80.34888,Offshore,Conch Reef 1,FR5-267-W,21,OK,1.00,0,N/A,N/A,N/A,0
6/1/2015,French Reef,25.03438,-80.34888,Offshore,Horseshoe Reef,FR5-267-P,20,OK,1.00,0,N/A,N/A,N/A,0
6/1/2015,French Reef,25.03438,-80.34888,Offshore,Snapper Ledge,FR5-267-B,20,OK,1.00,0,N/A,N/A,N/A,0
6/1/2015,French Reef,25.03438,-80.34888,Offshore,Conch Reef 2,FR5-266-Y,21,OK,1.00,0,N/A,N/A,N/A,0
6/1/2015,French Reef,25.03438,-80.34888,Offshore,Conch Reef 1,FR5-266-W,21,OK,1.00,0,N/A,N/A,N/A,0
6/1/2015,French Reef,25.03438,-80.34888,Offshore,Horseshoe Reef,FR5-266-P,21,D,0.00,N/A,N/A,N/A,N/A,N/A
6/1/2015,French Reef,25.03438,-80.34888,Offshore,Snapper Ledge,FR5-266-B,21,OK,1.00,0,N/A,N/A,N/A,0
6/1/2015,French Reef,25.03438,-80.34888,Offshore,Conch Reef 1,FR5-269-W,20,OK,1.00,0,N/A,N/A,N/A,0
6/1/2015,French Reef,25.03420,-80.34897,Offshore,Conch Reef 2,FR6-276-Y,19,OK,1.00,0,N/A,N/A,N/A,0
6/1/2015,French Reef,25.03420,-80.34897,Offshore,Horseshoe Reef,FR6-280-P,21,OK,1.00,0,N/A,N/A,N/A,0
6/1/2015,French Reef,25.03438,-80.34888,Offshore,Snapper Ledge,FR4-251-B,22,OK,1.00,0,N/A,N/A,N/A,0
6/1/2015,French Reef,25.03420,-80.34897,Offshore,Conch Reef 2,FR6-279-Y,21,OK,1.00,0,N/A,N/A,N/A,0
6/1/2015,French Reef,25.03420,-80.34897,Offshore,Conch Reef 1,FR6-279-W,21,D,0.00,N/A,N/A,N/A,N/A,N/A
6/1/2015,French Reef,25.03420,-80.34897,Offshore,Horseshoe Reef,FR6-279-P,21,OK,1.00,0,N/A,N/A,N/A,0
6/1/2015,French Reef,25.03420,-80.34897,Offshore,Snapper Ledge,FR6-279-B,20,OK,1.00,0,N/A,N/A,N/A,0
6/1/2015,French Reef,25.03420,-80.34897,Offshore,Conch Reef 2,FR6-278-Y,20,OK,1.00,0,N/A,N/A,N/A,0
6/1/2015,French Reef,25.03420,-80.34897,Offshore,Conch Reef 1,FR6-278-W,21,OK,1.00,0,N/A,N/A,N/A,0
6/1/2015,French Reef,25.03420,-80.34897,Offshore,Horseshoe Reef,FR6-278-P,21,OK,1.00,0,N/A,N/A,N/A,0
6/1/2015,French Reef,25.03420,-80.34897,Offshore,Snapper Ledge,FR6-278-B,21,OK,1.00,0,N/A,N/A,N/A,0
6/1/2015,French Reef,25.03420,-80.34897,Offshore,Conch Reef 2,FR6-277-Y,19,OK,1.00,0,N/A,N/A,N/A,0
6/1/2015,French Reef,25.03420,-80.34897,Offshore,Conch Reef 1,FR6-277-W,20,OK,1.00,0,N/A,N/A,N/A,0
6/1/2015,French Reef,25.03420,-80.34897,Offshore,Conch Reef 1,FR6-272-W,20,OK,1.00,0,N/A,N/A,N/A,0
6/1/2015,French Reef,25.03420,-80.34897,Offshore,Snapper Ledge,FR6-277-B,19,OK,1.00,0,N/A,N/A,N/A,0
6/1/2015,French Reef,25.03438,-80.34888,Offshore,Horseshoe Reef,FR5-265-P,20,OK,1.00,0,N/A,N/A,N/A,0
6/1/2015,French Reef,25.03420,-80.34897,Offshore,Conch Reef 1,FR6-276-W,20,OK,1.00,0,N/A,N/A,N/A,0
6/1/2015,French Reef,25.03420,-80.34897,Offshore,Horseshoe Reef,FR6-276-P,20,OK,1.00,0,N/A,N/A,N/A,0
6/1/2015,French Reef,25.03420,-80.34897,Offshore,Snapper Ledge,FR6-276-B,19,OK,1.00,0,N/A,N/A,N/A,0
6/1/2015,French Reef,25.03420,-80.34897,Offshore,Conch Reef 2,FR6-275-Y,20,OK,1.00,0,N/A,N/A,N/A,0
6/1/2015,French Reef,25.03420,-80.34897,Offshore,Conch Reef 1,FR6-275-W,20,OK,1.00,0,N/A,N/A,N/A,0
6/1/2015,French Reef,25.03420,-80.34897,Offshore,Horseshoe Reef,FR6-275-P,20,OK,1.00,0,N/A,N/A,N/A,0
6/1/2015,French Reef,25.03420,-80.34897,Offshore,Snapper Ledge,FR6-275-B,20,OK,1.00,0,N/A,N/A,N/A,0
6/1/2015,French Reef,25.03420,-80.34897,Offshore,Conch Reef 2,FR6-274-Y,19,RM,0.95,0,N/A,N/A,N/A,0
6/1/2015,French Reef,25.03420,-80.34897,Offshore,Conch Reef 1,FR6-274-W,19,RM,0.95,0,N/A,N/A,N/A,0
6/1/2015,French Reef,25.03420,-80.34897,Offshore,Horseshoe Reef,FR6-274-P,19,OK,1.00,0,N/A,N/A,N/A,0
6/1/2015,French Reef,25.03420,-80.34897,Offshore,Snapper Ledge,FR6-274-B,19,OK,1.00,0,N/A,N/A,N/A,0
6/1/2015,French Reef,25.03420,-80.34897,Offshore,Conch Reef 1,FR6-273-W,20,OK,1.00,0,N/A,N/A,N/A,0
6/1/2015,French Reef,25.03420,-80.34897,Offshore,Horseshoe Reef,FR6-277-P,19,OK,1.00,0,N/A,N/A,N/A,0
6/1/2015,French Reef,25.03438,-80.34888,Offshore,Horseshoe Reef,FR4-254-P,22,OK,1.00,0,N/A,N/A,N/A,0
6/1/2015,French Reef,25.03438,-80.34888,Offshore,Conch Reef 2,FR4-257-Y,21,OK,1.00,0,N/A,N/A,N/A,0
6/1/2015,French Reef,25.03438,-80.34888,Offshore,Conch Reef 1,FR4-257-W,21,OK,1.00,0,N/A,N/A,N/A,0
6/1/2015,French Reef,25.03438,-80.34888,Offshore,Horseshoe Reef,FR4-257-P,21,OK,1.00,0,N/A,N/A,N/A,0
6/1/2015,French Reef,25.03438,-80.34888,Offshore,Snapper Ledge,FR4-257-B,21,OK,1.00,0,N/A,N/A,N/A,0
6/1/2015,French Reef,25.03438,-80.34888,Offshore,Conch Reef 2,FR4-256-Y,21,OK,1.00,0,N/A,N/A,N/A,0
6/1/2015,French Reef,25.03438,-80.34888,Offshore,Conch Reef 1,FR4-256-W,22,OK,1.00,0,N/A,N/A,N/A,0
6/1/2015,French Reef,25.03438,-80.34888,Offshore,Horseshoe Reef,FR4-256-P,22,OK,1.00,0,N/A,N/A,N/A,0
6/1/2015,French Reef,25.03438,-80.34888,Offshore,Snapper Ledge,FR4-256-B,21,OK,1.00,0,N/A,N/A,N/A,0
6/1/2015,French Reef,25.03438,-80.34888,Offshore,Conch Reef 2,FR4-255-Y,22,D,0.00,N/A,N/A,N/A,N/A,N/A
6/1/2015,French Reef,25.03438,-80.34888,Offshore,Conch Reef 1,FR4-255-W,21,OK,1.00,0,N/A,N/A,N/A,0
6/1/2015,French Reef,25.03438,-80.34888,Offshore,Horseshoe Reef,FR4-255-P,21,OK,1.00,0,N/A,N/A,N/A,0
6/1/2015,French Reef,25.03438,-80.34888,Offshore,Snapper Ledge,FR4-255-B,21,OK,1.00,0,N/A,N/A,N/A,0
6/1/2015,French Reef,25.03438,-80.34888,Offshore,Conch Reef 2,FR5-265-Y,20,OK,1.00,0,N/A,N/A,N/A,0
6/1/2015,French Reef,25.03438,-80.34888,Offshore,Conch Reef 1,FR4-254-W,22,OK,1.00,0,N/A,N/A,N/A,0
6/1/2015,French Reef,25.03438,-80.34888,Offshore,Conch Reef 1,FR4-258-W,21,OK,1.00,0,N/A,N/A,N/A,0
6/1/2015,French Reef,25.03438,-80.34888,Offshore,Snapper Ledge,FR4-254-B,22,OK,1.00,0,N/A,N/A,N/A,0
6/1/2015,French Reef,25.03438,-80.34888,Offshore,Conch Reef 2,FR4-253-Y,22,OK,1.00,0,N/A,N/A,N/A,0
6/1/2015,French Reef,25.03438,-80.34888,Offshore,Conch Reef 1,FR4-253-W,22,OK,1.00,0,N/A,N/A,N/A,0
6/1/2015,French Reef,25.03438,-80.34888,Offshore,Horseshoe Reef,FR4-253-P,22,OK,1.00,0,N/A,N/A,N/A,0
6/1/2015,French Reef,25.03438,-80.34888,Offshore,Snapper Ledge,FR4-253-B,22,OK,1.00,0,N/A,N/A,N/A,0
6/1/2015,French Reef,25.03438,-80.34888,Offshore,Conch Reef 2,FR4-252-Y,22,OK,1.00,0,N/A,N/A,N/A,0
6/1/2015,French Reef,25.03438,-80.34888,Offshore,Conch Reef 1,FR4-252-W,22,OK,1.00,0,N/A,N/A,N/A,0
6/1/2015,French Reef,25.03438,-80.34888,Offshore,Horseshoe Reef,FR4-252-P,22,OK,1.00,0,N/A,N/A,N/A,0
6/1/2015,French Reef,25.03438,-80.34888,Offshore,Snapper Ledge,FR4-252-B,23,OK,1.00,0,N/A,N/A,N/A,0
6/1/2015,French Reef,25.03438,-80.34888,Offshore,Conch Reef 2,FR4-251-Y,22,OK,1.00,0,N/A,N/A,N/A,0
6/1/2015,French Reef,25.03438,-80.34888,Offshore,Conch Reef 1,FR4-251-W,22,OK,1.00,0,N/A,N/A,N/A,0
6/1/2015,French Reef,25.03438,-80.34888,Offshore,Horseshoe Reef,FR4-251-P,22,OK,1.00,0,N/A,N/A,N/A,0
6/1/2015,French Reef,25.03438,-80.34888,Offshore,Conch Reef 2,FR4-254-Y,22,OK,1.00,0,N/A,N/A,N/A,0
6/1/2015,French Reef,25.03438,-80.34888,Offshore,Conch Reef 2,FR5-261-Y,21,OK,1.00,0,N/A,N/A,N/A,0
6/1/2015,French Reef,25.03420,-80.34897,Offshore,Conch Reef 2,FR6-273-Y,20,OK,1.00,0,N/A,N/A,N/A,0
6/1/2015,French Reef,25.03438,-80.34888,Offshore,Snapper Ledge,FR5-265-B,21,OK,1.00,0,N/A,N/A,N/A,0
6/1/2015,French Reef,25.03438,-80.34888,Offshore,Conch Reef 2,FR5-264-Y,20,OK,1.00,0,N/A,N/A,N/A,0
6/1/2015,French Reef,25.03438,-80.34888,Offshore,Conch Reef 1,FR5-264-W,21,OK,1.00,0,N/A,N/A,N/A,0
6/1/2015,French Reef,25.03438,-80.34888,Offshore,Horseshoe Reef,FR5-264-P,21,OK,1.00,0,N/A,N/A,N/A,0
6/1/2015,French Reef,25.03438,-80.34888,Offshore,Snapper Ledge,FR5-264-B,21,OK,1.00,0,N/A,N/A,N/A,0
6/1/2015,French Reef,25.03438,-80.34888,Offshore,Conch Reef 2,FR5-263-Y,21,OK,1.00,0,N/A,N/A,N/A,0
6/1/2015,French Reef,25.03438,-80.34888,Offshore,Conch Reef 1,FR5-263-W,21,OK,1.00,0,N/A,N/A,N/A,0
6/1/2015,French Reef,25.03438,-80.34888,Offshore,Horseshoe Reef,FR5-263-P,20,RM,0.60,0,N/A,N/A,N/A,0
6/1/2015,French Reef,25.03438,-80.34888,Offshore,Snapper Ledge,FR5-263-B,21,OK,1.00,0,N/A,N/A,N/A,0
6/1/2015,French Reef,25.03438,-80.34888,Offshore,Conch Reef 2,FR5-262-Y,21,OK,1.00,0,N/A,N/A,N/A,0
6/1/2015,French Reef,25.03438,-80.34888,Offshore,Conch Reef 1,FR5-262-W,21,OK,1.00,0,N/A,N/A,N/A,0
6/1/2015,French Reef,25.03438,-80.34888,Offshore,Snapper Ledge,FR4-258-B,20,OK,1.00,0,N/A,N/A,N/A,0
6/1/2015,French Reef,25.03438,-80.34888,Offshore,Snapper Ledge,FR5-262-B,21,OK,1.00,0,N/A,N/A,N/A,0
6/1/2015,French Reef,25.03438,-80.34888,Offshore,Horseshoe Reef,FR4-258-P,21,RM,0.85,0,N/A,N/A,N/A,0
6/1/2015,French Reef,25.03438,-80.34888,Offshore,Conch Reef 1,FR5-261-W,21,OK,1.00,0,N/A,N/A,N/A,0
6/1/2015,French Reef,25.03438,-80.34888,Offshore,Horseshoe Reef,FR5-261-P,21,OK,1.00,0,N/A,N/A,N/A,0
6/1/2015,French Reef,25.03438,-80.34888,Offshore,Snapper Ledge,FR5-261-B,21,OK,1.00,0,N/A,N/A,N/A,0
6/1/2015,French Reef,25.03438,-80.34888,Offshore,Conch Reef 2,FR4-260-Y,21,OK,1.00,0,N/A,N/A,N/A,0
6/1/2015,French Reef,25.03438,-80.34888,Offshore,Conch Reef 1,FR4-260-W,21,OK,1.00,0,N/A,N/A,N/A,0
6/1/2015,French Reef,25.03438,-80.34888,Offshore,Horseshoe Reef,FR4-260-P,21,OK,1.00,0,N/A,N/A,N/A,0
6/1/2015,French Reef,25.03438,-80.34888,Offshore,Snapper Ledge,FR4-260-B,21,OK,1.00,0,N/A,N/A,N/A,0
6/1/2015,French Reef,25.03438,-80.34888,Offshore,Conch Reef 2,FR4-259-Y,20,OK,1.00,0,N/A,N/A,N/A,0
6/1/2015,French Reef,25.03438,-80.34888,Offshore,Conch Reef 1,FR4-259-W,20,OK,1.00,0,N/A,N/A,N/A,0
6/1/2015,French Reef,25.03438,-80.34888,Offshore,Horseshoe Reef,FR4-259-P,21,OK,1.00,0,N/A,N/A,N/A,0
6/1/2015,French Reef,25.03438,-80.34888,Offshore,Snapper Ledge,FR4-259-B,21,OK,1.00,0,N/A,N/A,N/A,0
6/1/2015,French Reef,25.03438,-80.34888,Offshore,Conch Reef 2,FR4-258-Y,21,OK,1.00,0,N/A,N/A,N/A,0
6/1/2015,French Reef,25.03438,-80.34888,Offshore,Conch Reef 1,FR5-265-W,21,OK,1.00,0,N/A,N/A,N/A,0
6/1/2015,French Reef,25.03438,-80.34888,Offshore,Horseshoe Reef,FR5-262-P,21,OK,1.00,0,N/A,N/A,N/A,0
6/1/2015,French Reef,25.03420,-80.34897,Offshore,Horseshoe Reef,FR6-273-P,20,OK,1.00,0,N/A,N/A,N/A,0
6/1/2015,French Reef,25.03420,-80.34897,Offshore,Conch Reef 1,FR6-280-W,21,OK,1.00,0,N/A,N/A,N/A,0
6/4/2015,North Dry Rocks,25.13002,-80.29386,Nearshore,Conch Reef 2,ND3-189-Y,12,OK,1.00,0,N/A,N/A,N/A,0
6/4/2015,AAA,25.16850,-80.26681,Nearshore,Conch Reef 1,AA1-132-W,14,OK,1.00,0,N/A,N/A,N/A,0
6/4/2015,AAA,25.16850,-80.26681,Nearshore,Horseshoe Reef,AA1-132-P,14,OK,1.00,0,N/A,N/A,N/A,0
6/4/2015,Horseshoe,25.14023,-80.29410,Nearshore,Horseshoe Reef,HS1-221-P,13,OK,1.00,0,N/A,N/A,N/A,0
6/4/2015,AAA,25.16850,-80.26681,Nearshore,Conch Reef 2,AA1-131-Y,15,OK,1.00,0,N/A,N/A,N/A,0
6/4/2015,AAA,25.16850,-80.26681,Nearshore,Horseshoe Reef,AA1-131-P,15,OK,1.00,0,N/A,N/A,N/A,0
6/4/2015,AAA,25.16850,-80.26681,Nearshore,Snapper Ledge,AA1-131-B,15,OK,1.00,0,N/A,N/A,N/A,0
6/4/2015,North Dry Rocks,25.13002,-80.29386,Nearshore,Conch Reef 2,ND3-190-Y,13,OK,1.00,0,N/A,N/A,N/A,0
6/4/2015,North Dry Rocks,25.13002,-80.29386,Nearshore,Conch Reef 1,ND3-190-W,12,OK,1.00,0,N/A,N/A,N/A,0
6/4/2015,AAA,25.16850,-80.26681,Nearshore,Conch Reef 1,AA1-138-W,13,OK,1.00,0,N/A,N/A,N/A,0
6/4/2015,North Dry Rocks,25.13002,-80.29386,Nearshore,Snapper Ledge,ND3-190-B,12,OK,1.00,0,N/A,N/A,N/A,0
6/4/2015,AAA,25.16850,-80.26681,Nearshore,Horseshoe Reef,AA1-133-P,14,OK,1.00,0,N/A,N/A,N/A,0
6/4/2015,North Dry Rocks,25.13002,-80.29386,Nearshore,Conch Reef 1,ND3-189-W,12,OK,1.00,0,N/A,N/A,N/A,0
6/4/2015,North Dry Rocks,25.13002,-80.29386,Nearshore,Horseshoe Reef,ND3-189-P,12,OK,1.00,0,N/A,N/A,N/A,0
6/4/2015,North Dry Rocks,25.13002,-80.29386,Nearshore,Snapper Ledge,ND3-189-B,12,OK,1.00,0,N/A,N/A,N/A,0
6/4/2015,North Dry Rocks,25.13002,-80.29386,Nearshore,Conch Reef 2,ND3-188-Y,12,OK,1.00,0,N/A,N/A,N/A,0
6/4/2015,North Dry Rocks,25.13002,-80.29386,Nearshore,Conch Reef 1,ND3-188-W,12,OK,1.00,0,N/A,N/A,N/A,0
6/4/2015,North Dry Rocks,25.13002,-80.29386,Nearshore,Horseshoe Reef,ND3-188-P,12,OK,1.00,0,N/A,N/A,N/A,0
6/4/2015,North Dry Rocks,25.13002,-80.29386,Nearshore,Snapper Ledge,ND3-188-B,12,OK,1.00,0,N/A,N/A,N/A,0
6/4/2015,North Dry Rocks,25.13002,-80.29386,Nearshore,Conch Reef 2,ND3-187-Y,13,OK,1.00,0,N/A,N/A,N/A,0
6/4/2015,North Dry Rocks,25.13002,-80.29386,Nearshore,Horseshoe Reef,ND3-190-P,12,OK,1.00,0,N/A,N/A,N/A,0
6/4/2015,AAA,25.16850,-80.26681,Nearshore,Conch Reef 1,AA1-135-W,14,OK,1.00,0,N/A,N/A,N/A,0
6/4/2015,AAA,25.16850,-80.26681,Nearshore,Snapper Ledge,AA1-138-B,13,OK,1.00,0,N/A,N/A,N/A,0
6/4/2015,AAA,25.16850,-80.26681,Nearshore,Conch Reef 2,AA1-137-Y,14,OK,1.00,0,N/A,N/A,N/A,0
6/4/2015,AAA,25.16850,-80.26681,Nearshore,Conch Reef 1,AA1-137-W,14,OK,1.00,0,N/A,N/A,N/A,0
6/4/2015,AAA,25.16850,-80.26681,Nearshore,Horseshoe Reef,AA1-137-P,14,OK,1.00,0,N/A,N/A,N/A,0
6/4/2015,AAA,25.16850,-80.26681,Nearshore,Snapper Ledge,AA1-137-B,13,OK,1.00,0,N/A,N/A,N/A,0
6/4/2015,AAA,25.16850,-80.26681,Nearshore,Conch Reef 2,AA1-136-Y,14,OK,1.00,0,N/A,N/A,N/A,0
6/4/2015,AAA,25.16850,-80.26681,Nearshore,Conch Reef 1,AA1-136-W,14,OK,1.00,0,N/A,N/A,N/A,0
6/4/2015,AAA,25.16850,-80.26681,Nearshore,Horseshoe Reef,AA1-136-P,14,OK,1.00,0,N/A,N/A,N/A,0
6/4/2015,AAA,25.16850,-80.26681,Nearshore,Conch Reef 2,AA1-132-Y,14,OK,1.00,0,N/A,N/A,N/A,0
6/4/2015,AAA,25.16850,-80.26681,Nearshore,Conch Reef 2,AA1-135-Y,14,OK,1.00,0,N/A,N/A,N/A,0
6/4/2015,AAA,25.16850,-80.26681,Nearshore,Snapper Ledge,AA1-133-B,14,OK,1.00,0,N/A,N/A,N/A,0
6/4/2015,AAA,25.16850,-80.26681,Nearshore,Horseshoe Reef,AA1-135-P,14,OK,1.00,0,N/A,N/A,N/A,0
6/4/2015,AAA,25.16850,-80.26681,Nearshore,Snapper Ledge,AA1-135-B,14,OK,1.00,0,N/A,N/A,N/A,0
6/4/2015,AAA,25.16850,-80.26681,Nearshore,Conch Reef 2,AA1-134-Y,14,OK,1.00,0,N/A,N/A,N/A,0
6/4/2015,AAA,25.16850,-80.26681,Nearshore,Conch Reef 1,AA1-134-W,14,OK,1.00,0,N/A,N/A,N/A,0
6/4/2015,AAA,25.16850,-80.26681,Nearshore,Horseshoe Reef,AA1-134-P,14,OK,1.00,0,N/A,N/A,N/A,0
6/4/2015,AAA,25.16850,-80.26681,Nearshore,Snapper Ledge,AA1-134-B,14,OK,1.00,0,N/A,N/A,N/A,0
6/4/2015,AAA,25.16850,-80.26681,Nearshore,Conch Reef 2,AA1-133-Y,14,OK,1.00,0,N/A,N/A,N/A,0
6/4/2015,AAA,25.16850,-80.26681,Nearshore,Conch Reef 1,AA1-133-W,14,OK,1.00,0,N/A,N/A,N/A,0
6/4/2015,North Dry Rocks,25.13002,-80.29386,Nearshore,Snapper Ledge,ND3-187-B,12,OK,1.00,0,N/A,N/A,N/A,0
6/4/2015,AAA,25.16850,-80.26681,Nearshore,Snapper Ledge,AA1-136-B,14,OK,1.00,0,N/A,N/A,N/A,0
6/4/2015,North Dry Rocks,25.12965,-80.29367,Nearshore,Conch Reef 1,ND2-178-W,12,OK,1.00,0,N/A,N/A,N/A,0
6/4/2015,North Dry Rocks,25.13002,-80.29386,Nearshore,Conch Reef 1,ND3-187-W,13,OK,1.00,0,N/A,N/A,N/A,0
6/4/2015,North Dry Rocks,25.13002,-80.29386,Nearshore,Snapper Ledge,ND3-181-B,12,OK,1.00,0,N/A,N/A,N/A,0
6/4/2015,North Dry Rocks,25.12965,-80.29367,Nearshore,Conch Reef 2,ND2-180-Y,13,OK,1.00,0,N/A,N/A,N/A,0
6/4/2015,North Dry Rocks,25.12965,-80.29367,Nearshore,Conch Reef 1,ND2-180-W,13,OK,1.00,0,N/A,N/A,N/A,0
6/4/2015,North Dry Rocks,25.12965,-80.29367,Nearshore,Horseshoe Reef,ND2-180-P,13,OK,1.00,0,N/A,N/A,N/A,0
6/4/2015,North Dry Rocks,25.12965,-80.29367,Nearshore,Snapper Ledge,ND2-180-B,13,OK,1.00,0,N/A,N/A,N/A,0
6/4/2015,North Dry Rocks,25.12965,-80.29367,Nearshore,Conch Reef 2,ND2-179-Y,13,OK,1.00,0,N/A,N/A,N/A,0
6/4/2015,North Dry Rocks,25.12965,-80.29367,Nearshore,Conch Reef 1,ND2-179-W,13,OK,1.00,0,N/A,N/A,N/A,0
6/4/2015,North Dry Rocks,25.12965,-80.29367,Nearshore,Horseshoe Reef,ND2-179-P,13,OK,1.00,0,N/A,N/A,N/A,0
6/4/2015,North Dry Rocks,25.13002,-80.29386,Nearshore,Conch Reef 1,ND3-181-W,13,OK,1.00,0,N/A,N/A,N/A,0
6/4/2015,North Dry Rocks,25.12965,-80.29367,Nearshore,Conch Reef 2,ND2-178-Y,13,OK,1.00,0,N/A,N/A,N/A,0
6/4/2015,North Dry Rocks,25.13002,-80.29386,Nearshore,Conch Reef 2,ND3-181-Y,13,OK,0.40,0,N/A,N/A,N/A,0
6/4/2015,North Dry Rocks,25.12965,-80.29367,Nearshore,Horseshoe Reef,ND2-178-P,13,RM,0.98,0,N/A,N/A,N/A,0
6/4/2015,North Dry Rocks,25.12965,-80.29367,Nearshore,Snapper Ledge,ND2-178-B,13,OK,1.00,0,N/A,N/A,N/A,0
6/4/2015,North Dry Rocks,25.12965,-80.29367,Nearshore,Conch Reef 2,ND2-177-Y,13,OK,1.00,0,N/A,N/A,N/A,0
6/4/2015,North Dry Rocks,25.12965,-80.29367,Nearshore,Conch Reef 1,ND2-177-W,13,OK,0.90,0,N/A,N/A,N/A,0
6/4/2015,North Dry Rocks,25.12965,-80.29367,Nearshore,Horseshoe Reef,ND2-177-P,13,OK,1.00,0,N/A,N/A,N/A,0
6/4/2015,North Dry Rocks,25.12965,-80.29367,Nearshore,Snapper Ledge,ND2-177-B,14,OK,1.00,0,N/A,N/A,N/A,0
6/4/2015,North Dry Rocks,25.12965,-80.29367,Nearshore,Conch Reef 2,ND2-176-Y,13,OK,1.00,0,N/A,N/A,N/A,0
6/4/2015,North Dry Rocks,25.12965,-80.29367,Nearshore,Conch Reef 1,ND2-176-W,13,OK,1.00,0,N/A,N/A,N/A,0
6/4/2015,North Dry Rocks,25.12965,-80.29367,Nearshore,Horseshoe Reef,ND2-176-P,12,OK,1.00,0,N/A,N/A,N/A,0
6/4/2015,North Dry Rocks,25.12965,-80.29367,Nearshore,Snapper Ledge,ND2-179-B,13,OK,1.00,0,N/A,N/A,N/A,0
6/4/2015,North Dry Rocks,25.13002,-80.29386,Nearshore,Horseshoe Reef,ND3-184-P,12,OK,1.00,0,N/A,N/A,N/A,0
6/4/2015,AAA,25.16850,-80.26681,Nearshore,Conch Reef 2,AA1-138-Y,14,OK,1.00,0,N/A,N/A,N/A,0
6/4/2015,North Dry Rocks,25.13002,-80.29386,Nearshore,Conch Reef 2,ND3-186-Y,12,OK,0.20,0,N/A,N/A,N/A,0
6/4/2015,North Dry Rocks,25.13002,-80.29386,Nearshore,Conch Reef 1,ND3-186-W,12,OK,1.00,0,N/A,N/A,N/A,0
6/4/2015,North Dry Rocks,25.13002,-80.29386,Nearshore,Horseshoe Reef,ND3-186-P,12,OK,1.00,0,N/A,N/A,N/A,0
6/4/2015,North Dry Rocks,25.13002,-80.29386,Nearshore,Snapper Ledge,ND3-186-B,12,OK,1.00,0,N/A,N/A,N/A,0
6/4/2015,North Dry Rocks,25.13002,-80.29386,Nearshore,Conch Reef 2,ND3-185-Y,11,D,0.00,N/A,N/A,N/A,N/A,N/A
6/4/2015,North Dry Rocks,25.13002,-80.29386,Nearshore,Conch Reef 1,ND3-185-W,11,OK,1.00,0,N/A,N/A,N/A,0
6/4/2015,North Dry Rocks,25.13002,-80.29386,Nearshore,Horseshoe Reef,ND3-185-P,11,OK,1.00,0,N/A,N/A,N/A,0
6/4/2015,North Dry Rocks,25.13002,-80.29386,Nearshore,Snapper Ledge,ND3-185-B,11,OK,1.00,0,N/A,N/A,N/A,0
6/4/2015,North Dry Rocks,25.13002,-80.29386,Nearshore,Horseshoe Reef,ND3-181-P,12,OK,1.00,0,N/A,N/A,N/A,0
6/4/2015,North Dry Rocks,25.13002,-80.29386,Nearshore,Conch Reef 1,ND3-184-W,12,OK,1.00,0,N/A,N/A,N/A,0
6/4/2015,North Dry Rocks,25.13002,-80.29386,Nearshore,Horseshoe Reef,ND3-187-P,13,OK,1.00,0,N/A,N/A,N/A,0
6/4/2015,North Dry Rocks,25.13002,-80.29386,Nearshore,Snapper Ledge,ND3-184-B,12,OK,1.00,0,N/A,N/A,N/A,0
6/4/2015,North Dry Rocks,25.13002,-80.29386,Nearshore,Conch Reef 2,ND3-183-Y,11,OK,1.00,0,N/A,N/A,N/A,0
6/4/2015,North Dry Rocks,25.13002,-80.29386,Nearshore,Conch Reef 1,ND3-183-W,11,OK,1.00,0,N/A,N/A,N/A,0
6/4/2015,North Dry Rocks,25.13002,-80.29386,Nearshore,Horseshoe Reef,ND3-183-P,12,OK,1.00,0,N/A,N/A,N/A,0
6/4/2015,North Dry Rocks,25.13002,-80.29386,Nearshore,Snapper Ledge,ND3-183-B,12,OK,1.00,0,N/A,N/A,N/A,0
6/4/2015,North Dry Rocks,25.13002,-80.29386,Nearshore,Conch Reef 2,ND3-182-Y,12,OK,1.00,0,N/A,N/A,N/A,0
6/4/2015,North Dry Rocks,25.13002,-80.29386,Nearshore,Conch Reef 1,ND3-182-W,12,OK,1.00,0,N/A,N/A,N/A,0
6/4/2015,North Dry Rocks,25.13002,-80.29386,Nearshore,Horseshoe Reef,ND3-182-P,12,OK,1.00,0,N/A,N/A,N/A,0
6/4/2015,North Dry Rocks,25.13002,-80.29386,Nearshore,Snapper Ledge,ND3-182-B,13,OK,1.00,0,N/A,N/A,N/A,0
6/4/2015,North Dry Rocks,25.13002,-80.29386,Nearshore,Conch Reef 2,ND3-184-Y,11,OK,1.00,0,N/A,N/A,N/A,0
6/4/2015,AAA,25.16864,-80.26669,Nearshore,Conch Reef 2,AA3-152-Y,14,OK,1.00,0,N/A,N/A,N/A,0
6/4/2015,AAA,25.16864,-80.26669,Nearshore,Conch Reef 2,AA3-154-Y,13,OK,1.00,0,N/A,N/A,N/A,0
6/4/2015,AAA,25.16864,-80.26669,Nearshore,Conch Reef 1,AA3-154-W,13,OK,0.20,0,N/A,N/A,N/A,0
6/4/2015,AAA,25.16864,-80.26669,Nearshore,Horseshoe Reef,AA3-154-P,13,OK,1.00,0,N/A,N/A,N/A,0
6/4/2015,AAA,25.16864,-80.26669,Nearshore,Snapper Ledge,AA3-154-B,13,OK,1.00,0,N/A,N/A,N/A,0
6/4/2015,AAA,25.16864,-80.26669,Nearshore,Conch Reef 2,AA3-153-Y,14,OK,1.00,1,N/A,N/A,N/A,0
6/4/2015,AAA,25.16864,-80.26669,Nearshore,Conch Reef 1,AA3-153-W,14,D,0.00,N/A,N/A,N/A,N/A,N/A
6/4/2015,AAA,25.16864,-80.26669,Nearshore,Horseshoe Reef,AA3-153-P,14,OK,1.00,0,N/A,N/A,N/A,0
6/4/2015,AAA,25.16850,-80.26681,Nearshore,Snapper Ledge,AA1-132-B,14,OK,1.00,0,N/A,N/A,N/A,0
6/4/2015,AAA,25.16850,-80.26681,Nearshore,Horseshoe Reef,AA1-138-P,13,OK,1.00,0,N/A,N/A,N/A,0
6/4/2015,North Dry Rocks,25.12965,-80.29367,Nearshore,Snapper Ledge,ND2-176-B,12,OK,1.00,0,N/A,N/A,N/A,0
6/4/2015,AAA,25.16864,-80.26669,Nearshore,Conch Reef 1,AA3-155-W,13,OK,1.00,0,N/A,N/A,N/A,0
6/4/2015,AAA,25.16864,-80.26669,Nearshore,Conch Reef 1,AA3-152-W,14,OK,1.00,0,N/A,N/A,N/A,0
6/4/2015,AAA,25.16864,-80.26669,Nearshore,Horseshoe Reef,AA3-152-P,14,OK,1.00,0,N/A,N/A,N/A,0
6/4/2015,AAA,25.16864,-80.26669,Nearshore,Snapper Ledge,AA3-152-B,14,OK,1.00,0,N/A,N/A,N/A,0
6/4/2015,AAA,25.16864,-80.26669,Nearshore,Conch Reef 2,AA3-151-Y,15,OK,1.00,0,N/A,N/A,N/A,0
6/4/2015,AAA,25.16864,-80.26669,Nearshore,Conch Reef 1,AA3-151-W,15,OK,1.00,0,N/A,N/A,N/A,0
6/4/2015,AAA,25.16864,-80.26669,Nearshore,Horseshoe Reef,AA3-151-P,15,OK,1.00,0,N/A,N/A,N/A,0
6/4/2015,AAA,25.16864,-80.26669,Nearshore,Snapper Ledge,AA3-151-B,14,OK,1.00,0,N/A,N/A,N/A,0
6/4/2015,AAA,25.16860,-80.26677,Nearshore,Conch Reef 2,AA2-150-Y,11,OK,1.00,0,N/A,N/A,N/A,0
6/4/2015,AAA,25.16860,-80.26677,Nearshore,Conch Reef 1,AA2-150-W,11,OK,1.00,0,N/A,N/A,N/A,0
6/4/2015,AAA,25.16864,-80.26669,Nearshore,Snapper Ledge,AA3-153-B,14,OK,1.00,0,N/A,N/A,N/A,0
6/4/2015,AAA,25.16864,-80.26669,Nearshore,Conch Reef 2,AA3-157-Y,12,OK,1.00,0,N/A,N/A,N/A,0
6/4/2015,AAA,25.16864,-80.26669,Nearshore,Horseshoe Reef,AA3-160-P,11,OK,1.00,0,N/A,N/A,N/A,0
6/4/2015,AAA,25.16864,-80.26669,Nearshore,Conch Reef 1,AA3-160-W,11,OK,1.00,0,N/A,N/A,N/A,0
6/4/2015,AAA,25.16864,-80.26669,Nearshore,Conch Reef 2,AA3-159-Y,11,OK,1.00,0,N/A,N/A,N/A,0
6/4/2015,AAA,25.16864,-80.26669,Nearshore,Conch Reef 2,AA3-160-Y,11,OK,1.00,0,N/A,N/A,N/A,0
6/4/2015,AAA,25.16864,-80.26669,Nearshore,Conch Reef 1,AA3-159-W,11,OK,1.00,0,N/A,N/A,N/A,0
6/4/2015,AAA,25.16864,-80.26669,Nearshore,Horseshoe Reef,AA3-159-P,11,OK,1.00,0,N/A,N/A,N/A,0
6/4/2015,AAA,25.16864,-80.26669,Nearshore,Snapper Ledge,AA3-159-B,11,OK,1.00,0,N/A,N/A,N/A,0
6/4/2015,AAA,25.16864,-80.26669,Nearshore,Conch Reef 2,AA3-158-Y,11,OK,1.00,0,N/A,N/A,N/A,0
6/4/2015,AAA,25.16864,-80.26669,Nearshore,Conch Reef 1,AA3-158-W,11,OK,1.00,0,N/A,N/A,N/A,0
6/4/2015,AAA,25.16864,-80.26669,Nearshore,Snapper Ledge,AA3-155-B,13,OK,1.00,0,N/A,N/A,N/A,0
6/4/2015,AAA,25.16864,-80.26669,Nearshore,Snapper Ledge,AA3-158-B,11,OK,1.00,0,N/A,N/A,N/A,0
6/4/2015,AAA,25.16864,-80.26669,Nearshore,Horseshoe Reef,AA3-155-P,13,OK,1.00,0,N/A,N/A,N/A,0
6/4/2015,AAA,25.16864,-80.26669,Nearshore,Conch Reef 1,AA3-157-W,13,OK,1.00,0,N/A,N/A,N/A,0
6/4/2015,AAA,25.16864,-80.26669,Nearshore,Horseshoe Reef,AA3-157-P,13,OK,1.00,0,N/A,N/A,N/A,0
6/4/2015,AAA,25.16864,-80.26669,Nearshore,Snapper Ledge,AA3-157-B,13,OK,1.00,0,N/A,N/A,N/A,0
6/4/2015,AAA,25.16864,-80.26669,Nearshore,Conch Reef 2,AA3-156-Y,13,OK,1.00,0,N/A,N/A,N/A,0
6/4/2015,AAA,25.16864,-80.26669,Nearshore,Conch Reef 1,AA3-156-W,12,OK,1.00,0,N/A,N/A,N/A,0
6/4/2015,AAA,25.16864,-80.26669,Nearshore,Horseshoe Reef,AA3-156-P,12,OK,1.00,0,N/A,N/A,N/A,0
6/4/2015,AAA,25.16864,-80.26669,Nearshore,Snapper Ledge,AA3-156-B,12,OK,1.00,0,N/A,N/A,N/A,0
6/4/2015,AAA,25.16864,-80.26669,Nearshore,Conch Reef 2,AA3-155-Y,14,OK,1.00,0,N/A,N/A,N/A,0
6/4/2015,AAA,25.16860,-80.26677,Nearshore,Conch Reef 2,AA2-149-Y,11,OK,1.00,0,N/A,N/A,N/A,0
6/4/2015,AAA,25.16864,-80.26669,Nearshore,Horseshoe Reef,AA3-158-P,11,OK,1.00,0,N/A,N/A,N/A,0
6/4/2015,AAA,25.16860,-80.26677,Nearshore,Horseshoe Reef,AA2-141-P,14,OK,1.00,0,N/A,N/A,N/A,0
6/4/2015,AAA,25.16860,-80.26677,Nearshore,Horseshoe Reef,AA2-150-P,11,OK,0.80,0,N/A,N/A,N/A,0
6/4/2015,AAA,25.16860,-80.26677,Nearshore,Conch Reef 2,AA2-143-Y,13,OK,1.00,0,N/A,N/A,N/A,0
6/4/2015,AAA,25.16860,-80.26677,Nearshore,Conch Reef 1,AA2-143-W,14,OK,0.65,0,N/A,N/A,N/A,2
6/4/2015,AAA,25.16860,-80.26677,Nearshore,Horseshoe Reef,AA2-143-P,14,OK,1.00,0,N/A,N/A,N/A,0
6/4/2015,AAA,25.16860,-80.26677,Nearshore,Snapper Ledge,AA2-143-B,14,OK,1.00,0,N/A,N/A,N/A,0
6/4/2015,AAA,25.16860,-80.26677,Nearshore,Conch Reef 2,AA2-142-Y,13,OK,1.00,0,N/A,N/A,N/A,0
6/4/2015,AAA,25.16860,-80.26677,Nearshore,Conch Reef 1,AA2-142-W,13,OK,1.00,0,N/A,N/A,N/A,0
6/4/2015,AAA,25.16860,-80.26677,Nearshore,Horseshoe Reef,AA2-142-P,13,D,0.00,N/A,N/A,N/A,N/A,N/A
6/4/2015,AAA,25.16860,-80.26677,Nearshore,Snapper Ledge,AA2-142-B,13,OK,1.00,0,N/A,N/A,N/A,0
6/4/2015,AAA,25.16860,-80.26677,Nearshore,Horseshoe Reef,AA2-144-P,13,OK,1.00,0,N/A,N/A,N/A,0
6/4/2015,AAA,25.16860,-80.26677,Nearshore,Conch Reef 1,AA2-141-W,14,OK,1.00,0,N/A,N/A,N/A,0
6/4/2015,AAA,25.16860,-80.26677,Nearshore,Conch Reef 1,AA2-144-W,13,OK,0.70,0,N/A,N/A,N/A,0
6/4/2015,AAA,25.16860,-80.26677,Nearshore,Snapper Ledge,AA2-141-B,14,OK,1.00,0,N/A,N/A,N/A,0
6/4/2015,AAA,25.16850,-80.26681,Nearshore,Conch Reef 2,AA1-140-Y,13,OK,1.00,0,N/A,N/A,N/A,0
6/4/2015,AAA,25.16850,-80.26681,Nearshore,Conch Reef 1,AA1-140-W,13,OK,1.00,0,N/A,N/A,N/A,0
6/4/2015,AAA,25.16850,-80.26681,Nearshore,Horseshoe Reef,AA1-140-P,13,OK,1.00,0,N/A,N/A,N/A,0
6/4/2015,AAA,25.16850,-80.26681,Nearshore,Snapper Ledge,AA1-140-B,13,OK,1.00,0,N/A,N/A,N/A,0
6/4/2015,AAA,25.16850,-80.26681,Nearshore,Conch Reef 2,AA1-139-Y,13,OK,1.00,0,N/A,N/A,N/A,0
6/4/2015,AAA,25.16850,-80.26681,Nearshore,Conch Reef 1,AA1-139-W,13,OK,1.00,0,N/A,N/A,N/A,0
6/4/2015,AAA,25.16850,-80.26681,Nearshore,Horseshoe Reef,AA1-139-P,13,OK,1.00,0,N/A,N/A,N/A,0
6/4/2015,AAA,25.16850,-80.26681,Nearshore,Snapper Ledge,AA1-139-B,13,OK,1.00,0,N/A,N/A,N/A,0
6/4/2015,AAA,25.16860,-80.26677,Nearshore,Conch Reef 2,AA2-141-Y,14,OK,1.00,0,N/A,N/A,N/A,0
6/4/2015,AAA,25.16860,-80.26677,Nearshore,Snapper Ledge,AA2-147-B,12,OK,1.00,0,N/A,N/A,N/A,0
6/4/2015,AAA,25.16864,-80.26669,Nearshore,Snapper Ledge,AA3-160-B,11,OK,1.00,0,N/A,N/A,N/A,0
6/4/2015,AAA,25.16860,-80.26677,Nearshore,Conch Reef 1,AA2-149-W,11,RM,0.95,0,N/A,N/A,N/A,0
6/4/2015,AAA,25.16860,-80.26677,Nearshore,Horseshoe Reef,AA2-149-P,12,OK,1.00,0,N/A,N/A,N/A,0
6/4/2015,AAA,25.16860,-80.26677,Nearshore,Snapper Ledge,AA2-149-B,11,OK,1.00,0,N/A,N/A,N/A,0
6/4/2015,AAA,25.16860,-80.26677,Nearshore,Conch Reef 2,AA2-148-Y,11,OK,1.00,0,N/A,N/A,N/A,0
6/4/2015,AAA,25.16860,-80.26677,Nearshore,Conch Reef 1,AA2-148-W,11,OK,1.00,0,N/A,N/A,N/A,0
6/4/2015,AAA,25.16860,-80.26677,Nearshore,Horseshoe Reef,AA2-148-P,11,OK,1.00,0,N/A,N/A,N/A,0
6/4/2015,AAA,25.16860,-80.26677,Nearshore,Snapper Ledge,AA2-148-B,11,OK,1.00,0,N/A,N/A,N/A,0
6/4/2015,AAA,25.16860,-80.26677,Nearshore,Conch Reef 2,AA2-147-Y,12,OK,1.00,0,N/A,N/A,N/A,0
6/4/2015,AAA,25.16860,-80.26677,Nearshore,Snapper Ledge,AA2-144-B,13,OK,1.00,0,N/A,N/A,N/A,0
6/4/2015,AAA,25.16860,-80.26677,Nearshore,Horseshoe Reef,AA2-147-P,12,OK,1.00,0,N/A,N/A,N/A,0
6/4/2015,AAA,25.16860,-80.26677,Nearshore,Snapper Ledge,AA2-150-B,12,OK,1.00,0,N/A,N/A,N/A,0
6/4/2015,AAA,25.16860,-80.26677,Nearshore,Conch Reef 2,AA2-146-Y,12,OK,1.00,0,N/A,N/A,N/A,0
6/4/2015,AAA,25.16860,-80.26677,Nearshore,Conch Reef 1,AA2-146-W,12,OK,1.00,0,N/A,N/A,N/A,0
6/4/2015,AAA,25.16860,-80.26677,Nearshore,Horseshoe Reef,AA2-146-P,12,OK,1.00,0,N/A,N/A,N/A,0
6/4/2015,AAA,25.16860,-80.26677,Nearshore,Snapper Ledge,AA2-146-B,12,OK,1.00,0,N/A,N/A,N/A,0
6/4/2015,AAA,25.16860,-80.26677,Nearshore,Conch Reef 2,AA2-145-Y,13,OK,1.00,0,N/A,N/A,N/A,0
6/4/2015,AAA,25.16860,-80.26677,Nearshore,Conch Reef 1,AA2-145-W,13,OK,1.00,0,N/A,N/A,N/A,0
6/4/2015,AAA,25.16860,-80.26677,Nearshore,Horseshoe Reef,AA2-145-P,13,OK,1.00,0,N/A,N/A,N/A,0
6/4/2015,AAA,25.16860,-80.26677,Nearshore,Snapper Ledge,AA2-145-B,13,OK,1.00,0,N/A,N/A,N/A,0
6/4/2015,AAA,25.16860,-80.26677,Nearshore,Conch Reef 2,AA2-144-Y,13,OK,1.00,0,N/A,N/A,N/A,0
6/4/2015,AAA,25.16860,-80.26677,Nearshore,Conch Reef 1,AA2-147-W,12,OK,1.00,0,N/A,N/A,N/A,0
6/4/2015,Horseshoe,25.14023,-80.29410,Nearshore,Horseshoe Reef,HS1-235-P,10,OK,1.00,0,N/A,N/A,N/A,0
6/4/2015,Horseshoe,25.14023,-80.29410,Nearshore,Conch Reef 2,HS1-237-Y,10,OK,1.00,0,N/A,N/A,N/A,0
6/4/2015,Horseshoe,25.14023,-80.29410,Nearshore,Conch Reef 1,HS1-237-W,10,OK,1.00,0,N/A,N/A,N/A,0
6/4/2015,Horseshoe,25.14023,-80.29410,Nearshore,Horseshoe Reef,HS1-237-P,9,OK,1.00,0,N/A,N/A,N/A,0
6/4/2015,Horseshoe,25.14023,-80.29410,Nearshore,Snapper Ledge,HS1-237-B,10,OK,1.00,0,N/A,N/A,N/A,0
6/4/2015,Horseshoe,25.14023,-80.29410,Nearshore,Conch Reef 2,HS1-236-Y,10,OK,1.00,0,N/A,N/A,N/A,0
6/4/2015,Horseshoe,25.14023,-80.29410,Nearshore,Conch Reef 1,HS1-236-W,10,OK,1.00,0,N/A,N/A,N/A,0
6/4/2015,Horseshoe,25.14023,-80.29410,Nearshore,Horseshoe Reef,HS1-236-P,10,OK,1.00,0,N/A,N/A,N/A,0
6/4/2015,Horseshoe,25.14023,-80.29410,Nearshore,Snapper Ledge,HS1-236-B,10,OK,1.00,0,N/A,N/A,N/A,0
6/4/2015,Horseshoe,25.14023,-80.29410,Nearshore,Conch Reef 2,HS2-243-Y,11,OK,1.00,0,N/A,N/A,N/A,0
6/4/2015,Horseshoe,25.14023,-80.29410,Nearshore,Conch Reef 1,HS1-235-W,10,OK,1.00,0,N/A,N/A,N/A,0
6/4/2015,Horseshoe,25.14023,-80.29410,Nearshore,Conch Reef 1,HS1-238-W,10,OK,1.00,0,N/A,N/A,N/A,0
6/4/2015,Horseshoe,25.14023,-80.29410,Nearshore,Snapper Ledge,HS1-235-B,10,OK,1.00,0,N/A,N/A,N/A,0
6/4/2015,Horseshoe,25.14023,-80.29410,Nearshore,Conch Reef 2,HS1-234-Y,11,OK,1.00,0,N/A,N/A,N/A,0
6/4/2015,Horseshoe,25.14023,-80.29410,Nearshore,Conch Reef 1,HS1-234-W,11,OK,1.00,0,N/A,N/A,N/A,0
6/4/2015,Horseshoe,25.14023,-80.29410,Nearshore,Horseshoe Reef,HS1-234-P,11,OK,1.00,0,N/A,N/A,N/A,0
6/4/2015,Horseshoe,25.14023,-80.29410,Nearshore,Snapper Ledge,HS1-234-B,11,OK,1.00,0,N/A,N/A,N/A,0
6/4/2015,Horseshoe,25.14023,-80.29410,Nearshore,Conch Reef 2,HS1-233-Y,11,OK,1.00,0,N/A,N/A,N/A,0
6/4/2015,Horseshoe,25.14023,-80.29410,Nearshore,Conch Reef 1,HS1-233-W,12,OK,1.00,0,N/A,N/A,N/A,0
6/4/2015,Horseshoe,25.14023,-80.29410,Nearshore,Horseshoe Reef,HS1-233-P,11,OK,1.00,0,N/A,N/A,N/A,0
6/4/2015,Horseshoe,25.14023,-80.29410,Nearshore,Snapper Ledge,HS1-233-B,12,OK,1.00,0,N/A,N/A,N/A,0
6/4/2015,Horseshoe,25.14023,-80.29410,Nearshore,Conch Reef 2,HS1-235-Y,11,OK,1.00,0,N/A,N/A,N/A,0
6/4/2015,Horseshoe,25.14023,-80.29410,Nearshore,Conch Reef 2,HS1-240-Y,12,OK,1.00,0,N/A,N/A,N/A,0
6/4/2015,Horseshoe,25.14023,-80.29410,Nearshore,Conch Reef 1,HS2-243-W,11,OK,1.00,0,N/A,N/A,N/A,0
6/4/2015,Horseshoe,25.14023,-80.29410,Nearshore,Horseshoe Reef,HS2-243-P,10,OK,1.00,0,N/A,N/A,N/A,0
6/4/2015,Horseshoe,25.14023,-80.29410,Nearshore,Snapper Ledge,HS2-243-B,11,OK,1.00,0,N/A,N/A,N/A,0
6/4/2015,Horseshoe,25.14023,-80.29410,Nearshore,Conch Reef 2,HS2-242-Y,10,OK,1.00,0,N/A,N/A,N/A,0
6/4/2015,Horseshoe,25.14023,-80.29410,Nearshore,Conch Reef 1,HS2-242-W,11,OK,1.00,0,N/A,N/A,N/A,0
6/4/2015,Horseshoe,25.14023,-80.29410,Nearshore,Horseshoe Reef,HS2-242-P,10,OK,1.00,0,N/A,N/A,N/A,0
6/4/2015,Horseshoe,25.14023,-80.29410,Nearshore,Snapper Ledge,HS2-242-B,11,OK,1.00,0,N/A,N/A,N/A,0
6/4/2015,Horseshoe,25.14023,-80.29410,Nearshore,Conch Reef 2,HS2-241-Y,10,OK,1.00,0,N/A,N/A,N/A,0
6/4/2015,Horseshoe,25.14023,-80.29410,Nearshore,Conch Reef 1,HS2-241-W,11,OK,1.00,0,N/A,N/A,N/A,0
6/4/2015,Horseshoe,25.14023,-80.29410,Nearshore,Snapper Ledge,HS1-238-B,10,OK,1.00,0,N/A,N/A,N/A,0
6/4/2015,Horseshoe,25.14023,-80.29410,Nearshore,Snapper Ledge,HS2-241-B,11,OK,1.00,0,N/A,N/A,N/A,0
6/4/2015,Horseshoe,25.14023,-80.29410,Nearshore,Horseshoe Reef,HS1-238-P,10,OK,1.00,0,N/A,N/A,N/A,0
6/4/2015,Horseshoe,25.14023,-80.29410,Nearshore,Conch Reef 1,HS1-240-W,11,OK,1.00,0,N/A,N/A,N/A,0
6/4/2015,Horseshoe,25.14023,-80.29410,Nearshore,Horseshoe Reef,HS1-240-P,12,OK,1.00,0,N/A,N/A,N/A,0
6/4/2015,Horseshoe,25.14023,-80.29410,Nearshore,Snapper Ledge,HS1-240-B,12,OK,1.00,0,N/A,N/A,N/A,0
6/4/2015,Horseshoe,25.14023,-80.29410,Nearshore,Conch Reef 2,HS1-239-Y,10,OK,1.00,0,N/A,N/A,N/A,0
6/4/2015,Horseshoe,25.14023,-80.29410,Nearshore,Conch Reef 1,HS1-239-W,10,OK,1.00,0,N/A,N/A,N/A,0
6/4/2015,Horseshoe,25.14023,-80.29410,Nearshore,Horseshoe Reef,HS1-239-P,11,OK,1.00,0,N/A,N/A,N/A,0
6/4/2015,Horseshoe,25.14023,-80.29410,Nearshore,Snapper Ledge,HS1-239-B,10,OK,1.00,0,N/A,N/A,N/A,0
6/4/2015,Horseshoe,25.14023,-80.29410,Nearshore,Conch Reef 2,HS1-238-Y,9,OK,1.00,0,N/A,N/A,N/A,0
6/4/2015,Horseshoe,25.14023,-80.29410,Nearshore,Conch Reef 2,HS1-231-Y,12,OK,1.00,0,N/A,N/A,N/A,0
6/4/2015,Horseshoe,25.14023,-80.29410,Nearshore,Horseshoe Reef,HS2-241-P,11,OK,1.00,0,N/A,N/A,N/A,0
6/4/2015,Horseshoe,25.14023,-80.29410,Nearshore,Horseshoe Reef,HS1-223-P,13,OK,1.00,0,N/A,N/A,N/A,0
6/4/2015,Horseshoe,25.14023,-80.29410,Nearshore,Conch Reef 1,HS1-232-W,13,OK,1.00,0,N/A,N/A,N/A,0
6/4/2015,Horseshoe,25.14023,-80.29410,Nearshore,Conch Reef 2,HS1-225-Y,11,OK,1.00,0,N/A,N/A,N/A,0
6/4/2015,Horseshoe,25.14023,-80.29410,Nearshore,Conch Reef 1,HS1-225-W,11,OK,1.00,0,N/A,N/A,N/A,0
6/4/2015,Horseshoe,25.14023,-80.29410,Nearshore,Horseshoe Reef,HS1-225-P,11,OK,1.00,0,N/A,N/A,N/A,0
6/4/2015,Horseshoe,25.14023,-80.29410,Nearshore,Snapper Ledge,HS1-225-B,12,OK,1.00,0,N/A,N/A,N/A,0
6/4/2015,Horseshoe,25.14023,-80.29410,Nearshore,Conch Reef 2,HS1-224-Y,12,OK,1.00,0,N/A,N/A,N/A,0
6/4/2015,Horseshoe,25.14023,-80.29410,Nearshore,Conch Reef 1,HS1-224-W,13,OK,1.00,0,N/A,N/A,N/A,0
6/4/2015,Horseshoe,25.14023,-80.29410,Nearshore,Horseshoe Reef,HS1-224-P,13,OK,1.00,0,N/A,N/A,N/A,0
6/4/2015,Horseshoe,25.14023,-80.29410,Nearshore,Snapper Ledge,HS1-224-B,13,OK,1.00,0,N/A,N/A,N/A,0
6/4/2015,Horseshoe,25.14023,-80.29410,Nearshore,Horseshoe Reef,HS1-226-P,12,OK,1.00,0,N/A,N/A,N/A,0
6/4/2015,Horseshoe,25.14023,-80.29410,Nearshore,Conch Reef 1,HS1-223-W,13,OK,1.00,0,N/A,N/A,N/A,0
6/4/2015,Horseshoe,25.14023,-80.29410,Nearshore,Conch Reef 1,HS1-226-W,12,OK,1.00,0,N/A,N/A,N/A,0
6/4/2015,Horseshoe,25.14023,-80.29410,Nearshore,Snapper Ledge,HS1-223-B,12,OK,1.00,0,N/A,N/A,N/A,0
6/4/2015,Horseshoe,25.14023,-80.29410,Nearshore,Conch Reef 2,HS1-222-Y,14,OK,1.00,0,N/A,N/A,N/A,0
6/4/2015,Horseshoe,25.14023,-80.29410,Nearshore,Conch Reef 1,HS1-222-W,14,OK,1.00,0,N/A,N/A,N/A,0
6/4/2015,Horseshoe,25.14023,-80.29410,Nearshore,Horseshoe Reef,HS1-222-P,15,RM,0.90,0,N/A,N/A,N/A,0
6/4/2015,Horseshoe,25.14023,-80.29410,Nearshore,Snapper Ledge,HS1-222-B,14,OK,1.00,0,N/A,N/A,N/A,0
6/4/2015,Horseshoe,25.14023,-80.29410,Nearshore,Conch Reef 2,HS1-221-Y,13,OK,1.00,0,N/A,N/A,N/A,0
6/4/2015,AAA,25.16850,-80.26681,Nearshore,Conch Reef 1,AA1-131-W,15,OK,1.00,0,N/A,N/A,N/A,0
6/4/2015,North Dry Rocks,25.12965,-80.29367,Nearshore,Conch Reef 2,ND2-175-Y,13,OK,1.00,0,N/A,N/A,N/A,0
6/4/2015,Horseshoe,25.14023,-80.29410,Nearshore,Conch Reef 1,HS1-221-W,13,OK,1.00,0,N/A,N/A,N/A,0
6/4/2015,Horseshoe,25.14023,-80.29410,Nearshore,Conch Reef 2,HS1-223-Y,13,OK,1.00,0,N/A,N/A,N/A,0
6/4/2015,Horseshoe,25.14023,-80.29410,Nearshore,Snapper Ledge,HS1-229-B,11,OK,1.00,0,N/A,N/A,N/A,0
6/4/2015,Horseshoe,25.14023,-80.29410,Nearshore,Conch Reef 2,HS1-232-Y,13,OK,1.00,0,N/A,N/A,N/A,0
6/4/2015,Horseshoe,25.14023,-80.29410,Nearshore,Conch Reef 1,HS1-231-W,13,OK,1.00,0,N/A,N/A,N/A,0
6/4/2015,Horseshoe,25.14023,-80.29410,Nearshore,Horseshoe Reef,HS1-231-P,14,OK,1.00,0,N/A,N/A,N/A,0
6/4/2015,Horseshoe,25.14023,-80.29410,Nearshore,Snapper Ledge,HS1-231-B,13,OK,1.00,0,N/A,N/A,N/A,0
6/4/2015,Horseshoe,25.14023,-80.29410,Nearshore,Conch Reef 2,HS1-230-Y,12,OK,1.00,1,N/A,N/A,N/A,0
6/4/2015,Horseshoe,25.14023,-80.29410,Nearshore,Conch Reef 1,HS1-230-W,12,OK,1.00,0,N/A,N/A,N/A,0
6/4/2015,Horseshoe,25.14023,-80.29410,Nearshore,Horseshoe Reef,HS1-230-P,12,OK,1.00,0,N/A,N/A,N/A,0
6/4/2015,Horseshoe,25.14023,-80.29410,Nearshore,Snapper Ledge,HS1-230-B,11,OK,1.00,0,N/A,N/A,N/A,0
6/4/2015,Horseshoe,25.14023,-80.29410,Nearshore,Conch Reef 2,HS1-229-Y,11,OK,1.00,0,N/A,N/A,N/A,0
6/4/2015,Horseshoe,25.14023,-80.29410,Nearshore,Snapper Ledge,HS1-226-B,11,OK,1.00,0,N/A,N/A,N/A,0
6/4/2015,Horseshoe,25.14023,-80.29410,Nearshore,Horseshoe Reef,HS1-229-P,10,OK,1.00,0,N/A,N/A,N/A,0
6/4/2015,Horseshoe,25.14023,-80.29410,Nearshore,Snapper Ledge,HS1-232-B,12,OK,1.00,0,N/A,N/A,N/A,0
6/4/2015,Horseshoe,25.14023,-80.29410,Nearshore,Conch Reef 2,HS1-228-Y,10,OK,1.00,0,N/A,N/A,N/A,0
6/4/2015,Horseshoe,25.14023,-80.29410,Nearshore,Conch Reef 1,HS1-228-W,10,OK,1.00,0,N/A,N/A,N/A,0
6/4/2015,Horseshoe,25.14023,-80.29410,Nearshore,Horseshoe Reef,HS1-228-P,11,OK,1.00,0,N/A,N/A,N/A,0
6/4/2015,Horseshoe,25.14023,-80.29410,Nearshore,Snapper Ledge,HS1-228-B,10,OK,1.00,0,N/A,N/A,N/A,0
6/4/2015,Horseshoe,25.14023,-80.29410,Nearshore,Conch Reef 2,HS1-227-Y,10,OK,1.00,1,N/A,N/A,N/A,0
6/4/2015,Horseshoe,25.14023,-80.29410,Nearshore,Conch Reef 1,HS1-227-W,11,OK,1.00,0,N/A,N/A,N/A,0
6/4/2015,Horseshoe,25.14023,-80.29410,Nearshore,Horseshoe Reef,HS1-227-P,11,OK,1.00,0,N/A,N/A,N/A,0
6/4/2015,Horseshoe,25.14023,-80.29410,Nearshore,Snapper Ledge,HS1-227-B,11,OK,1.00,0,N/A,N/A,N/A,0
6/4/2015,Horseshoe,25.14023,-80.29410,Nearshore,Conch Reef 2,HS1-226-Y,12,OK,1.00,0,N/A,N/A,N/A,0
6/4/2015,Horseshoe,25.14023,-80.29410,Nearshore,Conch Reef 1,HS1-229-W,11,OK,1.00,0,N/A,N/A,N/A,0
6/4/2015,North Dry Rocks,25.12983,-80.29369,Nearshore,Snapper Ledge,ND1-167-B,13,OK,1.00,0,N/A,N/A,N/A,0
6/4/2015,North Dry Rocks,25.12983,-80.29369,Nearshore,Conch Reef 1,ND1-164-W,13,OK,1.00,0,N/A,N/A,N/A,0
6/4/2015,North Dry Rocks,25.12983,-80.29369,Nearshore,Snapper Ledge,ND1-170-B,12,OK,1.00,0,N/A,N/A,N/A,0
6/4/2015,North Dry Rocks,25.12983,-80.29369,Nearshore,Conch Reef 1,ND1-169-W,13,OK,1.00,0,N/A,N/A,N/A,0
6/4/2015,North Dry Rocks,25.12983,-80.29369,Nearshore,Snapper Ledge,ND1-169-B,13,OK,1.00,0,N/A,N/A,N/A,0
6/4/2015,North Dry Rocks,25.12983,-80.29369,Nearshore,Conch Reef 2,ND1-168-Y,12,OK,1.00,0,N/A,N/A,N/A,0
6/4/2015,North Dry Rocks,25.12983,-80.29369,Nearshore,Conch Reef 1,ND1-168-W,12,OK,1.00,0,N/A,N/A,N/A,0
6/4/2015,North Dry Rocks,25.12983,-80.29369,Nearshore,Horseshoe Reef,ND1-168-P,13,OK,1.00,0,N/A,N/A,N/A,0
6/4/2015,North Dry Rocks,25.12983,-80.29369,Nearshore,Snapper Ledge,ND1-168-B,12,OK,1.00,0,N/A,N/A,N/A,0
6/4/2015,North Dry Rocks,25.12983,-80.29369,Nearshore,Conch Reef 2,ND1-167-Y,13,OK,0.05,0,N/A,N/A,N/A,0
6/4/2015,North Dry Rocks,25.12983,-80.29369,Nearshore,Conch Reef 1,ND1-170-W,13,OK,1.00,0,N/A,N/A,N/A,0
6/4/2015,North Dry Rocks,25.12983,-80.29369,Nearshore,Horseshoe Reef,ND1-167-P,13,OK,1.00,0,N/A,N/A,N/A,0
6/4/2015,North Dry Rocks,25.12983,-80.29369,Nearshore,Conch Reef 2,ND1-170-Y,12,OK,1.00,0,N/A,N/A,N/A,0
6/4/2015,North Dry Rocks,25.12983,-80.29369,Nearshore,Conch Reef 2,ND1-166-Y,12,OK,1.00,0,N/A,N/A,N/A,0
6/4/2015,North Dry Rocks,25.12983,-80.29369,Nearshore,Conch Reef 1,ND1-166-W,13,OK,1.00,0,N/A,N/A,N/A,0
6/4/2015,North Dry Rocks,25.12983,-80.29369,Nearshore,Horseshoe Reef,ND1-166-P,13,OK,1.00,0,N/A,N/A,N/A,0
6/4/2015,North Dry Rocks,25.12983,-80.29369,Nearshore,Snapper Ledge,ND1-166-B,13,OK,1.00,0,N/A,N/A,N/A,0
6/4/2015,North Dry Rocks,25.12983,-80.29369,Nearshore,Conch Reef 2,ND1-165-Y,13,OK,1.00,0,N/A,N/A,N/A,0
6/4/2015,North Dry Rocks,25.12983,-80.29369,Nearshore,Conch Reef 1,ND1-165-W,13,OK,1.00,0,N/A,N/A,N/A,0
6/4/2015,North Dry Rocks,25.12983,-80.29369,Nearshore,Horseshoe Reef,ND1-165-P,13,OK,1.00,0,N/A,N/A,N/A,0
6/4/2015,North Dry Rocks,25.12983,-80.29369,Nearshore,Snapper Ledge,ND1-165-B,13,OK,1.00,0,N/A,N/A,N/A,0
6/4/2015,North Dry Rocks,25.12983,-80.29369,Nearshore,Conch Reef 2,ND1-164-Y,13,OK,1.00,0,N/A,N/A,N/A,0
6/4/2015,North Dry Rocks,25.12983,-80.29369,Nearshore,Conch Reef 1,ND1-167-W,13,OK,1.00,0,N/A,N/A,N/A,0
6/4/2015,North Dry Rocks,25.12965,-80.29367,Nearshore,Horseshoe Reef,ND2-173-P,13,OK,1.00,0,N/A,N/A,N/A,0
6/4/2015,North Dry Rocks,25.12965,-80.29367,Nearshore,Horseshoe Reef,ND2-175-P,13,OK,1.00,0,N/A,N/A,N/A,0
6/4/2015,North Dry Rocks,25.12965,-80.29367,Nearshore,Snapper Ledge,ND2-175-B,13,OK,1.00,0,N/A,N/A,N/A,0
6/4/2015,North Dry Rocks,25.12965,-80.29367,Nearshore,Conch Reef 1,ND2-175-W,13,OK,1.00,0,N/A,N/A,N/A,0
6/4/2015,Horseshoe,25.14023,-80.29410,Nearshore,Horseshoe Reef,HS1-232-P,13,OK,1.00,0,N/A,N/A,N/A,0
6/4/2015,Horseshoe,25.14023,-80.29410,Nearshore,Snapper Ledge,HS2-244-B,10,OK,1.00,0,N/A,N/A,N/A,0
6/4/2015,North Dry Rocks,25.12965,-80.29367,Nearshore,Conch Reef 2,ND2-174-Y,13,OK,1.00,0,N/A,N/A,N/A,0
6/4/2015,North Dry Rocks,25.12965,-80.29367,Nearshore,Conch Reef 1,ND2-174-W,14,OK,1.00,0,N/A,N/A,N/A,0
6/4/2015,North Dry Rocks,25.12965,-80.29367,Nearshore,Horseshoe Reef,ND2-174-P,14,OK,1.00,0,N/A,N/A,N/A,0
6/4/2015,North Dry Rocks,25.12965,-80.29367,Nearshore,Snapper Ledge,ND2-174-B,13,OK,1.00,0,N/A,N/A,N/A,0
6/4/2015,North Dry Rocks,25.12983,-80.29369,Nearshore,Horseshoe Reef,ND1-170-P,13,OK,1.00,0,N/A,N/A,N/A,0
6/4/2015,North Dry Rocks,25.12965,-80.29367,Nearshore,Conch Reef 1,ND2-173-W,13,OK,1.00,0,N/A,N/A,N/A,0
6/4/2015,North Dry Rocks,25.12983,-80.29369,Nearshore,Horseshoe Reef,ND1-169-P,14,OK,1.00,0,N/A,N/A,N/A,0
6/4/2015,North Dry Rocks,25.12965,-80.29367,Nearshore,Snapper Ledge,ND2-173-B,13,OK,1.00,0,N/A,N/A,N/A,0
6/4/2015,North Dry Rocks,25.12965,-80.29367,Nearshore,Conch Reef 2,ND2-172-Y,14,OK,1.00,0,N/A,N/A,N/A,0
6/4/2015,North Dry Rocks,25.12965,-80.29367,Nearshore,Conch Reef 1,ND2-172-W,14,OK,1.00,0,N/A,N/A,N/A,0
6/4/2015,North Dry Rocks,25.12965,-80.29367,Nearshore,Horseshoe Reef,ND2-172-P,14,OK,1.00,0,N/A,N/A,N/A,0
6/4/2015,North Dry Rocks,25.12965,-80.29367,Nearshore,Snapper Ledge,ND2-172-B,13,OK,1.00,0,N/A,N/A,N/A,0
6/4/2015,North Dry Rocks,25.12965,-80.29367,Nearshore,Conch Reef 2,ND2-171-Y,15,OK,1.00,0,N/A,N/A,N/A,0
6/4/2015,North Dry Rocks,25.12965,-80.29367,Nearshore,Conch Reef 1,ND2-171-W,16,RM,0.95,0,N/A,N/A,N/A,0
6/4/2015,North Dry Rocks,25.12965,-80.29367,Nearshore,Horseshoe Reef,ND2-171-P,15,OK,1.00,0,N/A,N/A,N/A,0
6/4/2015,North Dry Rocks,25.12965,-80.29367,Nearshore,Snapper Ledge,ND2-171-B,15,OK,1.00,0,N/A,N/A,N/A,0
6/4/2015,North Dry Rocks,25.12965,-80.29367,Nearshore,Conch Reef 2,ND2-173-Y,13,OK,1.00,0,N/A,N/A,N/A,0
6/4/2015,Horseshoe,25.14023,-80.29410,Nearshore,Conch Reef 2,HS2-246-Y,12,OK,1.00,0,N/A,N/A,N/A,0
6/4/2015,Horseshoe,25.14023,-80.29410,Nearshore,Conch Reef 1,HS2-249-W,11,OK,1.00,0,N/A,N/A,N/A,0
6/4/2015,Horseshoe,25.14023,-80.29410,Nearshore,Horseshoe Reef,HS2-249-P,11,OK,1.00,0,N/A,N/A,N/A,0
6/4/2015,Horseshoe,25.14023,-80.29410,Nearshore,Snapper Ledge,HS2-249-B,11,OK,1.00,0,N/A,N/A,N/A,0
6/4/2015,Horseshoe,25.14023,-80.29410,Nearshore,Conch Reef 2,HS2-248-Y,11,OK,1.00,0,N/A,N/A,N/A,0
6/4/2015,Horseshoe,25.14023,-80.29410,Nearshore,Conch Reef 1,HS2-248-W,11,OK,1.00,0,N/A,N/A,N/A,0
6/4/2015,Horseshoe,25.14023,-80.29410,Nearshore,Horseshoe Reef,HS2-248-P,10,OK,1.00,0,N/A,N/A,N/A,0
6/4/2015,Horseshoe,25.14023,-80.29410,Nearshore,Snapper Ledge,HS2-248-B,11,OK,1.00,0,N/A,N/A,N/A,0
6/4/2015,Horseshoe,25.14023,-80.29410,Nearshore,Conch Reef 2,HS2-247-Y,11,OK,1.00,0,N/A,N/A,N/A,0
6/4/2015,Horseshoe,25.14023,-80.29410,Nearshore,Conch Reef 1,HS2-247-W,11,OK,1.00,0,N/A,N/A,N/A,0
6/4/2015,Horseshoe,25.14023,-80.29410,Nearshore,Conch Reef 2,HS2-249-Y,11,OK,1.00,0,N/A,N/A,N/A,0
6/4/2015,Horseshoe,25.14023,-80.29410,Nearshore,Snapper Ledge,HS2-247-B,10,OK,1.00,0,N/A,N/A,N/A,0
6/4/2015,Horseshoe,25.14023,-80.29410,Nearshore,Horseshoe Reef,HS2-245-P,11,OK,1.00,0,N/A,N/A,N/A,0
6/4/2015,Horseshoe,25.14023,-80.29410,Nearshore,Conch Reef 1,HS2-246-W,12,OK,1.00,0,N/A,N/A,N/A,0
6/4/2015,Horseshoe,25.14023,-80.29410,Nearshore,Horseshoe Reef,HS2-246-P,12,OK,1.00,0,N/A,N/A,N/A,0
6/4/2015,Horseshoe,25.14023,-80.29410,Nearshore,Snapper Ledge,HS2-246-B,12,OK,1.00,1,N/A,N/A,N/A,0
6/4/2015,Horseshoe,25.14023,-80.29410,Nearshore,Conch Reef 2,HS2-245-Y,10,OK,1.00,0,N/A,N/A,N/A,0
6/4/2015,Horseshoe,25.14023,-80.29410,Nearshore,Conch Reef 1,HS2-245-W,11,OK,1.00,0,N/A,N/A,N/A,0
6/4/2015,Horseshoe,25.14023,-80.29410,Nearshore,Snapper Ledge,HS2-245-B,11,OK,1.00,0,N/A,N/A,N/A,0
6/4/2015,North Dry Rocks,25.12983,-80.29369,Nearshore,Conch Reef 2,ND1-169-Y,13,OK,1.00,0,N/A,N/A,N/A,0
6/4/2015,Horseshoe,25.14023,-80.29410,Nearshore,Conch Reef 2,HS2-244-Y,11,OK,1.00,0,N/A,N/A,N/A,0
6/4/2015,Horseshoe,25.14023,-80.29410,Nearshore,Conch Reef 1,HS2-244-W,10,OK,1.00,0,N/A,N/A,N/A,0
6/4/2015,Horseshoe,25.14023,-80.29410,Nearshore,Horseshoe Reef,HS2-244-P,11,OK,1.00,0,N/A,N/A,N/A,0
6/4/2015,Horseshoe,25.14023,-80.29410,Nearshore,Horseshoe Reef,HS2-247-P,10,OK,1.00,0,N/A,N/A,N/A,0
6/4/2015,North Dry Rocks,25.12983,-80.29369,Nearshore,Conch Reef 1,ND1-163-W,13,OK,1.00,0,N/A,N/A,N/A,0
6/4/2015,Horseshoe,25.14023,-80.29410,Nearshore,Snapper Ledge,HS2-250-B,13,OK,1.00,1,N/A,N/A,N/A,0
6/4/2015,North Dry Rocks,25.12983,-80.29369,Nearshore,Snapper Ledge,ND1-164-B,13,OK,1.00,0,N/A,N/A,N/A,0
6/4/2015,North Dry Rocks,25.12983,-80.29369,Nearshore,Horseshoe Reef,ND1-164-P,13,D,0.00,N/A,N/A,N/A,N/A,N/A
6/4/2015,North Dry Rocks,25.12983,-80.29369,Nearshore,Conch Reef 2,ND1-163-Y,13,OK,1.00,0,N/A,N/A,N/A,0
6/4/2015,North Dry Rocks,25.12983,-80.29369,Nearshore,Horseshoe Reef,ND1-163-P,13,OK,1.00,0,N/A,N/A,N/A,0
6/4/2015,North Dry Rocks,25.12983,-80.29369,Nearshore,Snapper Ledge,ND1-163-B,13,OK,1.00,0,N/A,N/A,N/A,0
6/4/2015,North Dry Rocks,25.12983,-80.29369,Nearshore,Conch Reef 2,ND1-162-Y,14,OK,1.00,0,N/A,N/A,N/A,0
6/4/2015,North Dry Rocks,25.12983,-80.29369,Nearshore,Conch Reef 1,ND1-162-W,15,OK,1.00,0,N/A,N/A,N/A,0
6/4/2015,North Dry Rocks,25.12983,-80.29369,Nearshore,Horseshoe Reef,ND1-162-P,14,OK,1.00,0,N/A,N/A,N/A,0
6/4/2015,North Dry Rocks,25.12983,-80.29369,Nearshore,Snapper Ledge,ND1-162-B,15,OK,1.00,0,N/A,N/A,N/A,0
6/4/2015,North Dry Rocks,25.12983,-80.29369,Nearshore,Conch Reef 2,ND1-161-Y,15,OK,1.00,0,N/A,N/A,N/A,0
6/4/2015,North Dry Rocks,25.12983,-80.29369,Nearshore,Horseshoe Reef,ND1-161-P,15,OK,1.00,0,N/A,N/A,N/A,0
6/4/2015,North Dry Rocks,25.12983,-80.29369,Nearshore,Snapper Ledge,ND1-161-B,15,OK,1.00,0,N/A,N/A,N/A,0
6/4/2015,Horseshoe,25.14023,-80.29410,Nearshore,Horseshoe Reef,HS2-250-P,12,OK,1.00,0,N/A,N/A,N/A,0
6/4/2015,Horseshoe,25.14023,-80.29410,Nearshore,Snapper Ledge,HS1-221-B,13,OK,1.00,0,N/A,N/A,N/A,0
6/4/2015,Horseshoe,25.14023,-80.29410,Nearshore,Conch Reef 2,HS2-250-Y,13,OK,1.00,0,N/A,N/A,N/A,0
6/4/2015,North Dry Rocks,25.12983,-80.29369,Nearshore,Conch Reef 1,ND1-161-W,15,OK,1.00,0,N/A,N/A,N/A,0
6/4/2015,Horseshoe,25.14023,-80.29410,Nearshore,Conch Reef 1,HS2-250-W,13,RM,0.95,0,N/A,N/A,N/A,0
7/13/2015,North Dry Rocks,25.12983,-80.29369,Nearshore,Conch Reef 2,ND1-161-Y,15,OK,1.00,0,12.00,7.00,4.00,0
7/13/2015,North Dry Rocks,25.12983,-80.29369,Nearshore,Snapper Ledge,ND1-163-B,13,OK,1.00,0,13.50,6.50,3.00,0
7/13/2015,North Dry Rocks,25.12983,-80.29369,Nearshore,Conch Reef 2,ND1-162-Y,14,OK,1.00,0,14.00,8.00,5.50,0
7/13/2015,North Dry Rocks,25.12983,-80.29369,Nearshore,Conch Reef 1,ND1-162-W,15,OK,1.00,0,11.50,7.00,7.00,0
7/13/2015,North Dry Rocks,25.12983,-80.29369,Nearshore,Horseshoe Reef,ND1-163-P,13,OK,1.00,0,11.00,8.00,5.00,0
7/13/2015,North Dry Rocks,25.12983,-80.29369,Nearshore,Snapper Ledge,ND1-162-B,15,OK,1.00,0,11.00,8.00,5.00,0
7/13/2015,North Dry Rocks,25.12983,-80.29369,Nearshore,Conch Reef 1,ND1-164-W,13,OK,1.00,0,11.00,6.50,7.00,0
7/13/2015,North Dry Rocks,25.12983,-80.29369,Nearshore,Conch Reef 1,ND1-161-W,15,OK,1.00,0,10.00,7.00,4.00,0
7/13/2015,North Dry Rocks,25.12983,-80.29369,Nearshore,Horseshoe Reef,ND1-161-P,15,OK,1.00,0,12.50,7.50,8.00,0
7/13/2015,North Dry Rocks,25.12983,-80.29369,Nearshore,Horseshoe Reef,ND1-162-P,14,OK,1.00,0,11.00,5.00,7.00,0
7/13/2015,North Dry Rocks,25.12983,-80.29369,Nearshore,Snapper Ledge,ND1-166-B,13,OK,1.00,0,12.00,7.00,7.00,0
7/13/2015,North Dry Rocks,25.12983,-80.29369,Nearshore,Conch Reef 1,ND1-163-W,13,OK,1.00,0,11.00,7.00,6.00,0
7/13/2015,North Dry Rocks,25.12983,-80.29369,Nearshore,Snapper Ledge,ND1-165-B,13,OK,1.00,0,13.00,4.00,4.00,0
7/13/2015,North Dry Rocks,25.12983,-80.29369,Nearshore,Snapper Ledge,ND1-164-B,13,OK,1.00,0,11.00,6.50,3.50,0
7/13/2015,Horseshoe,25.14023,-80.29410,Nearshore,Snapper Ledge,HS2-250-B,13,OK,1.00,0,10.50,7.00,2.00,0
7/13/2015,North Dry Rocks,25.12983,-80.29369,Nearshore,Conch Reef 2,ND1-164-Y,13,OK,1.00,0,13.00,6.00,7.00,0
7/13/2015,North Dry Rocks,25.12983,-80.29369,Nearshore,Snapper Ledge,ND1-161-B,15,OK,1.00,0,11.00,6.00,3.00,0
7/13/2015,North Dry Rocks,25.12983,-80.29369,Nearshore,Conch Reef 2,ND1-165-Y,13,OK,1.00,0,11.50,6.50,5.00,0
7/13/2015,Horseshoe,25.14023,-80.29410,Nearshore,Horseshoe Reef,HS1-223-P,13,OK,1.00,0,7.00,6.00,2.00,0
7/13/2015,North Dry Rocks,25.12983,-80.29369,Nearshore,Conch Reef 1,ND1-165-W,13,OK,1.00,0,10.50,3.50,3.50,0
7/13/2015,North Dry Rocks,25.12983,-80.29369,Nearshore,Horseshoe Reef,ND1-165-P,13,OK,1.00,0,13.00,7.00,4.00,0
7/13/2015,North Dry Rocks,25.12983,-80.29369,Nearshore,Conch Reef 2,ND1-163-Y,13,OK,1.00,0,13.00,9.50,5.50,0
7/13/2015,Horseshoe,25.14023,-80.29410,Nearshore,Conch Reef 2,HS1-223-Y,13,OK,1.00,0,6.00,6.00,4.00,0
7/13/2015,North Dry Rocks,25.12983,-80.29369,Nearshore,Horseshoe Reef,ND1-166-P,13,OK,1.00,0,9.00,7.00,4.00,0
7/13/2015,North Dry Rocks,25.12965,-80.29367,Nearshore,Horseshoe Reef,ND2-177-P,13,OK,1.00,0,12.50,5.00,2.00,0
7/13/2015,Horseshoe,25.14023,-80.29410,Nearshore,Conch Reef 1,HS2-249-W,11,OK,1.00,0,8.00,6.00,2.50,0
7/13/2015,Horseshoe,25.14023,-80.29410,Nearshore,Conch Reef 2,HS2-249-Y,11,RM,0.80,0,8.00,5.00,3.00,1
7/13/2015,Horseshoe,25.14023,-80.29410,Nearshore,Horseshoe Reef,HS2-250-P,12,OK,1.00,0,7.00,6.00,2.00,0
7/13/2015,Horseshoe,25.14023,-80.29410,Nearshore,Conch Reef 2,HS2-250-Y,13,OK,1.00,0,6.00,5.50,3.00,0
7/13/2015,Horseshoe,25.14023,-80.29410,Nearshore,Snapper Ledge,HS1-225-B,12,OK,1.00,0,11.50,4.00,4.00,0
7/13/2015,Horseshoe,25.14023,-80.29410,Nearshore,Conch Reef 2,HS1-224-Y,12,OK,1.00,0,8.00,5.50,3.00,0
7/13/2015,Horseshoe,25.14023,-80.29410,Nearshore,Conch Reef 1,HS1-224-W,13,OK,1.00,0,10.50,4.00,2.00,0
7/13/2015,Horseshoe,25.14023,-80.29410,Nearshore,Conch Reef 2,HS1-222-Y,14,OK,1.00,0,8.50,5.00,2.50,0
7/13/2015,Horseshoe,25.14023,-80.29410,Nearshore,Snapper Ledge,HS1-224-B,13,OK,1.00,0,10.00,6.00,2.00,0
7/13/2015,Horseshoe,25.14023,-80.29410,Nearshore,Snapper Ledge,HS1-221-B,13,OK,1.00,0,9.50,7.00,3.00,0
7/13/2015,Horseshoe,25.14023,-80.29410,Nearshore,Conch Reef 1,HS1-223-W,13,OK,1.00,0,7.00,5.00,1.00,0
7/13/2015,Horseshoe,25.14023,-80.29410,Nearshore,Snapper Ledge,HS1-223-B,12,OK,1.00,0,9.50,8.00,3.00,0
7/13/2015,Horseshoe,25.14023,-80.29410,Nearshore,Conch Reef 1,HS2-250-W,13,OK,1.00,0,9.00,4.50,4.00,0
7/13/2015,Horseshoe,25.14023,-80.29410,Nearshore,Conch Reef 1,HS1-222-W,14,OK,1.00,0,8.00,6.00,2.00,0
7/13/2015,Horseshoe,25.14023,-80.29410,Nearshore,Horseshoe Reef,HS1-222-P,15,OK,0.95,0,7.00,6.00,3.00,0
7/13/2015,Horseshoe,25.14023,-80.29410,Nearshore,Snapper Ledge,HS1-222-B,14,OK,1.00,0,8.50,5.50,3.00,0
7/13/2015,Horseshoe,25.14023,-80.29410,Nearshore,Conch Reef 2,HS1-221-Y,13,OK,1.00,0,7.50,5.00,4.00,0
7/13/2015,Horseshoe,25.14023,-80.29410,Nearshore,Conch Reef 1,HS1-221-W,13,OK,1.00,0,9.50,5.50,1.50,0
7/13/2015,Horseshoe,25.14023,-80.29410,Nearshore,Horseshoe Reef,HS1-221-P,13,OK,1.00,0,9.00,7.50,5.50,0
7/13/2015,Horseshoe,25.14023,-80.29410,Nearshore,Horseshoe Reef,HS1-224-P,13,OK,1.00,0,9.00,4.50,2.50,0
7/13/2015,North Dry Rocks,25.12965,-80.29367,Nearshore,Conch Reef 1,ND2-175-W,13,OK,1.00,0,10.00,7.50,2.00,0
7/13/2015,North Dry Rocks,25.12965,-80.29367,Nearshore,Conch Reef 2,ND2-172-Y,14,OK,1.00,0,10.50,5.50,4.50,0
7/13/2015,North Dry Rocks,25.12965,-80.29367,Nearshore,Snapper Ledge,ND2-173-B,13,OK,1.00,0,9.00,6.00,3.00,0
7/13/2015,North Dry Rocks,25.12965,-80.29367,Nearshore,Horseshoe Reef,ND2-173-P,13,OK,1.00,0,9.00,9.00,6.00,0
7/13/2015,North Dry Rocks,25.12965,-80.29367,Nearshore,Conch Reef 1,ND2-173-W,13,OK,1.00,0,9.50,7.50,8.00,0
7/13/2015,North Dry Rocks,25.12965,-80.29367,Nearshore,Conch Reef 2,ND2-173-Y,13,OK,1.00,0,10.00,7.00,2.00,0
7/13/2015,North Dry Rocks,25.12965,-80.29367,Nearshore,Snapper Ledge,ND2-174-B,13,OK,1.00,0,12.00,6.00,4.00,0
7/13/2015,North Dry Rocks,25.12965,-80.29367,Nearshore,Horseshoe Reef,ND2-174-P,14,OK,1.00,0,9.50,6.00,2.00,0
7/13/2015,North Dry Rocks,25.12965,-80.29367,Nearshore,Conch Reef 1,ND2-174-W,14,OK,1.00,0,15.00,6.00,5.00,0
7/13/2015,North Dry Rocks,25.12965,-80.29367,Nearshore,Conch Reef 2,ND2-174-Y,13,OK,1.00,0,12.00,7.50,5.00,0
7/13/2015,North Dry Rocks,25.12965,-80.29367,Nearshore,Conch Reef 2,ND2-176-Y,13,OK,1.00,0,12.50,8.50,4.00,0
7/13/2015,North Dry Rocks,25.12965,-80.29367,Nearshore,Horseshoe Reef,ND2-175-P,13,OK,1.00,0,10.50,5.00,3.00,0
7/13/2015,North Dry Rocks,25.12965,-80.29367,Nearshore,Snapper Ledge,ND2-172-B,13,OK,1.00,0,11.00,5.00,1.00,0
7/13/2015,North Dry Rocks,25.12965,-80.29367,Nearshore,Conch Reef 2,ND2-175-Y,13,OK,1.00,0,9.50,7.50,3.50,0
7/13/2015,North Dry Rocks,25.12965,-80.29367,Nearshore,Snapper Ledge,ND2-176-B,12,OK,1.00,0,11.50,4.00,4.00,0
7/13/2015,North Dry Rocks,25.12965,-80.29367,Nearshore,Horseshoe Reef,ND2-176-P,12,OK,1.00,0,8.00,8.00,3.00,0
7/13/2015,North Dry Rocks,25.12965,-80.29367,Nearshore,Conch Reef 1,ND2-176-W,13,OK,1.00,0,8.50,4.50,3.00,0
7/13/2015,North Dry Rocks,25.12965,-80.29367,Nearshore,Snapper Ledge,ND2-177-B,14,OK,1.00,0,11.50,5.00,2.00,0
7/13/2015,Horseshoe,25.14023,-80.29410,Nearshore,Horseshoe Reef,HS2-249-P,11,OK,1.00,0,9.00,5.00,3.00,0
7/13/2015,Horseshoe,25.14023,-80.29410,Nearshore,Conch Reef 2,HS1-226-Y,12,OK,1.00,0,11.50,5.50,4.00,0
7/13/2015,North Dry Rocks,25.12965,-80.29367,Nearshore,Conch Reef 2,ND2-177-Y,13,OK,1.00,0,10.00,10.00,6.00,0
7/13/2015,North Dry Rocks,25.12965,-80.29367,Nearshore,Conch Reef 1,ND2-177-W,13,OK,1.00,0,11.00,7.50,6.00,0
7/13/2015,North Dry Rocks,25.12965,-80.29367,Nearshore,Snapper Ledge,ND2-175-B,13,OK,1.00,0,12.00,4.00,6.00,0
7/13/2015,North Dry Rocks,25.12983,-80.29369,Nearshore,Conch Reef 1,ND1-169-W,13,OK,1.00,0,9.50,6.00,5.00,0
7/13/2015,North Dry Rocks,25.12983,-80.29369,Nearshore,Conch Reef 2,ND1-166-Y,12,OK,1.00,0,12.00,6.50,7.00,0
7/13/2015,North Dry Rocks,25.12983,-80.29369,Nearshore,Snapper Ledge,ND1-167-B,13,OK,1.00,0,11.00,5.00,2.50,0
7/13/2015,North Dry Rocks,25.12983,-80.29369,Nearshore,Horseshoe Reef,ND1-167-P,13,OK,1.00,0,9.00,7.00,5.00,0
7/13/2015,North Dry Rocks,25.12983,-80.29369,Nearshore,Conch Reef 1,ND1-167-W,13,OK,1.00,0,9.50,8.00,4.00,0
7/13/2015,North Dry Rocks,25.12983,-80.29369,Nearshore,Conch Reef 2,ND1-167-Y,13,OK,0.10,0,7.00,8.00,4.00,0
7/13/2015,North Dry Rocks,25.12983,-80.29369,Nearshore,Snapper Ledge,ND1-168-B,12,OK,1.00,0,12.00,7.00,4.00,0
7/13/2015,North Dry Rocks,25.12983,-80.29369,Nearshore,Horseshoe Reef,ND1-168-P,13,OK,1.00,0,11.00,5.50,4.00,0
7/13/2015,North Dry Rocks,25.12983,-80.29369,Nearshore,Conch Reef 1,ND1-168-W,12,OK,1.00,0,9.00,8.00,6.00,0
7/13/2015,North Dry Rocks,25.12983,-80.29369,Nearshore,Conch Reef 2,ND1-168-Y,12,OK,1.00,0,13.00,7.50,5.00,0
7/13/2015,North Dry Rocks,25.12965,-80.29367,Nearshore,Conch Reef 1,ND2-172-W,14,OK,1.00,0,13.00,6.50,3.50,0
7/13/2015,North Dry Rocks,25.12983,-80.29369,Nearshore,Horseshoe Reef,ND1-169-P,14,OK,1.00,0,10.50,8.00,7.00,0
7/13/2015,North Dry Rocks,25.12965,-80.29367,Nearshore,Horseshoe Reef,ND2-172-P,14,OK,1.00,0,10.50,6.00,4.50,0
7/13/2015,North Dry Rocks,25.12983,-80.29369,Nearshore,Conch Reef 2,ND1-169-Y,13,OK,1.00,0,13.00,8.00,5.00,0
7/13/2015,North Dry Rocks,25.12983,-80.29369,Nearshore,Snapper Ledge,ND1-170-B,12,OK,1.00,0,9.50,7.00,3.50,0
7/13/2015,North Dry Rocks,25.12983,-80.29369,Nearshore,Horseshoe Reef,ND1-170-P,13,OK,1.00,0,10.50,6.00,5.00,0
7/13/2015,North Dry Rocks,25.12983,-80.29369,Nearshore,Conch Reef 1,ND1-170-W,13,OK,1.00,0,12.00,9.00,7.00,0
7/13/2015,North Dry Rocks,25.12983,-80.29369,Nearshore,Conch Reef 2,ND1-170-Y,12,OK,1.00,0,9.50,8.50,6.50,0
7/13/2015,North Dry Rocks,25.12965,-80.29367,Nearshore,Snapper Ledge,ND2-171-B,15,OK,1.00,0,10.50,6.50,2.00,0
7/13/2015,North Dry Rocks,25.12965,-80.29367,Nearshore,Horseshoe Reef,ND2-171-P,15,OK,1.00,0,11.50,6.00,4.00,0
7/13/2015,North Dry Rocks,25.12965,-80.29367,Nearshore,Conch Reef 1,ND2-171-W,16,OK,1.00,0,10.00,7.00,3.50,0
7/13/2015,North Dry Rocks,25.12965,-80.29367,Nearshore,Conch Reef 2,ND2-171-Y,15,OK,1.00,0,9.00,5.50,3.00,0
7/13/2015,North Dry Rocks,25.12983,-80.29369,Nearshore,Conch Reef 1,ND1-166-W,13,OK,1.00,0,13.00,4.50,6.00,0
7/13/2015,North Dry Rocks,25.12983,-80.29369,Nearshore,Snapper Ledge,ND1-169-B,13,OK,1.00,0,10.50,7.50,4.50,0
7/13/2015,Horseshoe,25.14023,-80.29410,Nearshore,Horseshoe Reef,HS1-234-P,11,OK,1.00,0,9.00,6.00,2.50,0
7/13/2015,Horseshoe,25.14023,-80.29410,Nearshore,Snapper Ledge,HS1-237-B,10,OK,1.00,0,8.50,7.00,2.50,0
7/13/2015,Horseshoe,25.14023,-80.29410,Nearshore,Conch Reef 2,HS1-231-Y,12,OK,1.00,0,10.00,5.00,2.50,0
7/13/2015,Horseshoe,25.14023,-80.29410,Nearshore,Snapper Ledge,HS1-232-B,12,OK,1.00,0,12.00,5.50,4.00,0
7/13/2015,Horseshoe,25.14023,-80.29410,Nearshore,Horseshoe Reef,HS1-232-P,13,OK,1.00,0,8.50,8.00,6.00,0
7/13/2015,Horseshoe,25.14023,-80.29410,Nearshore,Conch Reef 1,HS1-232-W,13,OK,1.00,0,9.00,6.50,2.50,0
7/13/2015,Horseshoe,25.14023,-80.29410,Nearshore,Conch Reef 2,HS1-232-Y,13,OK,1.00,0,8.00,6.00,4.00,0
7/13/2015,Horseshoe,25.14023,-80.29410,Nearshore,Snapper Ledge,HS1-233-B,12,OK,1.00,0,9.00,6.00,2.00,0
7/13/2015,Horseshoe,25.14023,-80.29410,Nearshore,Horseshoe Reef,HS1-233-P,11,OK,1.00,0,8.00,7.50,3.00,0
7/13/2015,Horseshoe,25.14023,-80.29410,Nearshore,Conch Reef 1,HS1-233-W,12,OK,1.00,0,7.50,5.00,2.50,0
7/13/2015,Horseshoe,25.14023,-80.29410,Nearshore,Horseshoe Reef,HS1-231-P,14,OK,1.00,0,9.00,8.00,4.00,0
7/13/2015,Horseshoe,25.14023,-80.29410,Nearshore,Snapper Ledge,HS1-234-B,11,OK,1.00,0,9.00,6.50,2.00,0
7/13/2015,Horseshoe,25.14023,-80.29410,Nearshore,Snapper Ledge,HS1-231-B,13,OK,1.00,0,10.00,5.50,5.00,0
7/13/2015,Horseshoe,25.14023,-80.29410,Nearshore,Conch Reef 1,HS1-234-W,11,OK,1.00,0,6.50,6.00,2.00,0
7/13/2015,Horseshoe,25.14023,-80.29410,Nearshore,Conch Reef 2,HS1-234-Y,11,OK,1.00,0,7.50,7.00,2.00,0
7/13/2015,Horseshoe,25.14023,-80.29410,Nearshore,Snapper Ledge,HS1-235-B,10,OK,1.00,0,12.00,6.00,2.50,0
7/13/2015,Horseshoe,25.14023,-80.29410,Nearshore,Horseshoe Reef,HS1-235-P,10,OK,1.00,0,7.50,5.50,2.50,0
7/13/2015,Horseshoe,25.14023,-80.29410,Nearshore,Conch Reef 1,HS1-235-W,10,OK,1.00,0,8.00,6.00,2.00,0
7/13/2015,Horseshoe,25.14023,-80.29410,Nearshore,Conch Reef 2,HS1-235-Y,11,OK,1.00,0,7.00,5.00,5.00,0
7/13/2015,Horseshoe,25.14023,-80.29410,Nearshore,Snapper Ledge,HS1-236-B,10,OK,1.00,0,13.50,8.00,4.00,0
7/13/2015,Horseshoe,25.14023,-80.29410,Nearshore,Horseshoe Reef,HS1-236-P,10,OK,1.00,0,7.50,6.00,2.00,0
7/13/2015,Horseshoe,25.14023,-80.29410,Nearshore,Conch Reef 1,HS1-236-W,10,OK,1.00,0,8.00,7.50,3.50,0
7/13/2015,Horseshoe,25.14023,-80.29410,Nearshore,Horseshoe Reef,HS1-227-P,11,OK,1.00,0,8.00,7.50,3.00,0
7/13/2015,Horseshoe,25.14023,-80.29410,Nearshore,Conch Reef 2,HS1-233-Y,11,OK,1.00,0,8.00,7.00,4.00,0
7/13/2015,Horseshoe,25.14023,-80.29410,Nearshore,Horseshoe Reef,HS1-228-P,11,OK,1.00,0,7.00,6.00,4.00,0
7/13/2015,Horseshoe,25.14023,-80.29410,Nearshore,Conch Reef 1,HS1-225-W,11,OK,0.99,0,11.00,3.00,2.50,0
7/13/2015,Horseshoe,25.14023,-80.29410,Nearshore,Conch Reef 2,HS1-225-Y,11,OK,1.00,0,8.00,5.00,2.00,0
7/13/2015,Horseshoe,25.14023,-80.29410,Nearshore,Snapper Ledge,HS1-226-B,11,OK,1.00,0,12.00,6.00,3.00,0
7/13/2015,Horseshoe,25.14023,-80.29410,Nearshore,Horseshoe Reef,HS1-226-P,12,OK,1.00,0,8.00,8.00,5.00,0
7/13/2015,Horseshoe,25.14023,-80.29410,Nearshore,Conch Reef 1,HS1-226-W,12,OK,1.00,0,9.00,3.50,2.00,0
7/13/2015,North Dry Rocks,25.13002,-80.29386,Nearshore,Conch Reef 2,ND3-188-Y,12,OK,1.00,0,10.00,8.00,4.00,0
7/13/2015,Horseshoe,25.14023,-80.29410,Nearshore,Snapper Ledge,HS1-227-B,11,OK,1.00,0,10.50,7.00,3.00,0
7/13/2015,North Dry Rocks,25.12965,-80.29367,Nearshore,Snapper Ledge,ND2-178-B,13,OK,1.00,0,11.50,5.00,3.00,0
7/13/2015,Horseshoe,25.14023,-80.29410,Nearshore,Conch Reef 1,HS1-227-W,11,OK,1.00,0,7.00,6.50,2.00,0
7/13/2015,Horseshoe,25.14023,-80.29410,Nearshore,Conch Reef 1,HS1-231-W,13,OK,1.00,0,7.50,6.00,2.00,0
7/13/2015,Horseshoe,25.14023,-80.29410,Nearshore,Snapper Ledge,HS1-228-B,10,OK,1.00,0,11.50,5.50,1.50,0
7/13/2015,Horseshoe,25.14023,-80.29410,Nearshore,Horseshoe Reef,HS1-237-P,9,OK,1.00,0,8.50,7.50,3.00,0
7/13/2015,Horseshoe,25.14023,-80.29410,Nearshore,Conch Reef 1,HS1-228-W,10,OK,1.00,0,8.00,4.50,2.00,0
7/13/2015,Horseshoe,25.14023,-80.29410,Nearshore,Conch Reef 2,HS1-228-Y,10,OK,1.00,0,9.00,5.00,2.50,0
7/13/2015,Horseshoe,25.14023,-80.29410,Nearshore,Snapper Ledge,HS1-229-B,11,OK,1.00,0,9.00,4.50,1.50,0
7/13/2015,Horseshoe,25.14023,-80.29410,Nearshore,Horseshoe Reef,HS1-229-P,10,OK,1.00,0,8.50,7.00,4.00,0
7/13/2015,Horseshoe,25.14023,-80.29410,Nearshore,Conch Reef 1,HS1-229-W,11,OK,1.00,0,6.00,5.00,3.00,0
7/13/2015,Horseshoe,25.14023,-80.29410,Nearshore,Conch Reef 2,HS1-229-Y,11,OK,1.00,0,9.50,5.50,4.00,0
7/13/2015,Horseshoe,25.14023,-80.29410,Nearshore,Snapper Ledge,HS1-230-B,11,RM,0.95,0,10.00,5.50,2.00,1
7/13/2015,Horseshoe,25.14023,-80.29410,Nearshore,Horseshoe Reef,HS1-230-P,12,OK,1.00,0,10.00,5.00,3.50,0
7/13/2015,Horseshoe,25.14023,-80.29410,Nearshore,Conch Reef 1,HS1-230-W,12,OK,1.00,0,8.50,5.00,2.50,0
7/13/2015,Horseshoe,25.14023,-80.29410,Nearshore,Conch Reef 2,HS1-230-Y,12,OK,1.00,0,9.00,5.00,3.00,0
7/13/2015,Horseshoe,25.14023,-80.29410,Nearshore,Conch Reef 2,HS1-227-Y,10,OK,1.00,0,7.00,7.00,3.00,0
7/13/2015,Horseshoe,25.14023,-80.29410,Nearshore,Horseshoe Reef,HS2-246-P,12,OK,1.00,0,9.00,6.50,4.00,0
7/13/2015,Horseshoe,25.14023,-80.29410,Nearshore,Conch Reef 2,HS1-236-Y,10,OK,1.00,0,8.00,5.50,3.00,0
7/13/2015,Horseshoe,25.14023,-80.29410,Nearshore,Conch Reef 2,HS2-243-Y,11,OK,1.00,0,9.00,3.50,2.00,0
7/13/2015,Horseshoe,25.14023,-80.29410,Nearshore,Snapper Ledge,HS2-244-B,10,OK,1.00,0,8.00,7.00,2.00,0
7/13/2015,Horseshoe,25.14023,-80.29410,Nearshore,Horseshoe Reef,HS2-244-P,11,OK,1.00,0,10.00,8.50,3.00,0
7/13/2015,Horseshoe,25.14023,-80.29410,Nearshore,Conch Reef 1,HS2-244-W,10,OK,1.00,0,7.00,5.00,1.50,0
7/13/2015,Horseshoe,25.14023,-80.29410,Nearshore,Conch Reef 2,HS2-244-Y,11,OK,1.00,0,8.00,6.00,4.00,0
7/13/2015,Horseshoe,25.14023,-80.29410,Nearshore,Snapper Ledge,HS2-245-B,11,OK,1.00,0,9.00,5.00,2.00,0
7/13/2015,Horseshoe,25.14023,-80.29410,Nearshore,Horseshoe Reef,HS2-245-P,11,OK,1.00,0,9.00,5.00,2.00,0
7/13/2015,Horseshoe,25.14023,-80.29410,Nearshore,Conch Reef 1,HS2-245-W,11,OK,1.00,0,8.50,5.00,3.00,0
7/13/2015,Horseshoe,25.14023,-80.29410,Nearshore,Horseshoe Reef,HS2-243-P,10,OK,1.00,0,8.50,6.00,5.00,0
7/13/2015,Horseshoe,25.14023,-80.29410,Nearshore,Snapper Ledge,HS2-246-B,12,OK,1.00,0,11.00,6.50,2.50,0
7/13/2015,Horseshoe,25.14023,-80.29410,Nearshore,Snapper Ledge,HS2-243-B,11,OK,1.00,0,8.50,5.00,2.00,0
7/13/2015,Horseshoe,25.14023,-80.29410,Nearshore,Conch Reef 1,HS2-246-W,12,OK,1.00,0,7.00,5.50,2.50,0
7/13/2015,Horseshoe,25.14023,-80.29410,Nearshore,Conch Reef 2,HS2-246-Y,12,OK,1.00,0,9.50,6.00,4.50,0
7/13/2015,Horseshoe,25.14023,-80.29410,Nearshore,Snapper Ledge,HS2-247-B,10,OK,1.00,0,13.00,5.00,2.00,0
7/13/2015,Horseshoe,25.14023,-80.29410,Nearshore,Horseshoe Reef,HS2-247-P,10,OK,1.00,0,8.00,6.00,5.50,0
7/13/2015,Horseshoe,25.14023,-80.29410,Nearshore,Conch Reef 1,HS2-247-W,11,OK,1.00,0,8.00,5.50,2.00,0
7/13/2015,Horseshoe,25.14023,-80.29410,Nearshore,Conch Reef 2,HS2-247-Y,11,OK,1.00,0,7.00,6.50,3.00,0
7/13/2015,Horseshoe,25.14023,-80.29410,Nearshore,Snapper Ledge,HS2-248-B,11,OK,1.00,0,10.50,5.00,1.00,0
7/13/2015,Horseshoe,25.14023,-80.29410,Nearshore,Horseshoe Reef,HS2-248-P,10,OK,1.00,0,11.00,9.00,5.00,0
7/13/2015,Horseshoe,25.14023,-80.29410,Nearshore,Conch Reef 1,HS2-248-W,11,OK,1.00,0,7.50,5.00,5.00,0
7/13/2015,Horseshoe,25.14023,-80.29410,Nearshore,Conch Reef 2,HS2-248-Y,11,OK,1.00,1,9.00,5.00,2.00,0
7/13/2015,Horseshoe,25.14023,-80.29410,Nearshore,Conch Reef 2,HS2-245-Y,10,OK,1.00,0,8.00,6.00,3.00,0
7/13/2015,Horseshoe,25.14023,-80.29410,Nearshore,Horseshoe Reef,HS1-240-P,12,OK,1.00,0,7.50,6.00,2.00,0
7/13/2015,Horseshoe,25.14023,-80.29410,Nearshore,Conch Reef 1,HS1-237-W,10,OK,1.00,0,7.00,4.00,3.00,0
7/13/2015,Horseshoe,25.14023,-80.29410,Nearshore,Conch Reef 2,HS1-237-Y,10,OK,1.00,0,9.00,6.50,2.00,0
7/13/2015,Horseshoe,25.14023,-80.29410,Nearshore,Snapper Ledge,HS1-238-B,10,OK,1.00,0,11.00,8.00,8.00,0
7/13/2015,Horseshoe,25.14023,-80.29410,Nearshore,Horseshoe Reef,HS1-238-P,10,OK,1.00,0,9.00,7.00,3.00,0
7/13/2015,Horseshoe,25.14023,-80.29410,Nearshore,Conch Reef 1,HS1-238-W,10,OK,1.00,0,8.50,5.00,3.00,0
7/13/2015,Horseshoe,25.14023,-80.29410,Nearshore,Conch Reef 2,HS1-238-Y,9,OK,1.00,0,7.00,6.50,3.00,0
7/13/2015,Horseshoe,25.14023,-80.29410,Nearshore,Snapper Ledge,HS1-239-B,10,OK,1.00,0,10.50,9.00,5.00,0
7/13/2015,Horseshoe,25.14023,-80.29410,Nearshore,Horseshoe Reef,HS1-239-P,11,OK,1.00,0,10.00,6.00,4.00,0
7/13/2015,Horseshoe,25.14023,-80.29410,Nearshore,Conch Reef 1,HS1-239-W,10,OK,1.00,0,9.00,4.50,1.50,0
7/13/2015,Horseshoe,25.14023,-80.29410,Nearshore,Conch Reef 1,HS2-243-W,11,OK,1.00,0,8.00,4.50,2.00,0
7/13/2015,Horseshoe,25.14023,-80.29410,Nearshore,Snapper Ledge,HS1-240-B,12,OK,1.00,0,9.00,7.00,2.00,0
7/13/2015,Horseshoe,25.14023,-80.29410,Nearshore,Snapper Ledge,HS2-249-B,11,OK,1.00,0,10.00,7.00,2.00,0
7/13/2015,Horseshoe,25.14023,-80.29410,Nearshore,Conch Reef 1,HS1-240-W,11,OK,1.00,0,9.50,5.00,2.50,0
7/13/2015,Horseshoe,25.14023,-80.29410,Nearshore,Conch Reef 2,HS1-240-Y,12,OK,1.00,0,7.50,5.50,4.50,0
7/13/2015,Horseshoe,25.14023,-80.29410,Nearshore,Snapper Ledge,HS2-241-B,11,OK,1.00,0,10.50,5.00,4.00,0
7/13/2015,Horseshoe,25.14023,-80.29410,Nearshore,Horseshoe Reef,HS2-241-P,11,OK,1.00,0,8.00,7.00,3.00,0
7/13/2015,Horseshoe,25.14023,-80.29410,Nearshore,Conch Reef 1,HS2-241-W,11,OK,1.00,0,8.00,6.00,2.00,0
7/13/2015,Horseshoe,25.14023,-80.29410,Nearshore,Conch Reef 2,HS2-241-Y,10,OK,1.00,0,8.50,4.00,4.00,0
7/13/2015,Horseshoe,25.14023,-80.29410,Nearshore,Snapper Ledge,HS2-242-B,11,OK,1.00,0,11.00,4.50,3.00,0
7/13/2015,Horseshoe,25.14023,-80.29410,Nearshore,Horseshoe Reef,HS2-242-P,10,OK,1.00,0,8.00,5.50,4.00,0
7/13/2015,Horseshoe,25.14023,-80.29410,Nearshore,Conch Reef 1,HS2-242-W,11,OK,1.00,0,8.00,5.00,1.50,0
7/13/2015,Horseshoe,25.14023,-80.29410,Nearshore,Conch Reef 2,HS2-242-Y,10,OK,1.00,0,8.00,6.00,4.00,0
7/13/2015,Horseshoe,25.14023,-80.29410,Nearshore,Conch Reef 2,HS1-239-Y,10,OK,1.00,0,8.50,6.00,3.00,0
7/13/2015,AAA,25.16860,-80.26677,Nearshore,Snapper Ledge,AA2-148-B,11,OK,1.00,0,12.00,6.00,7.00,0
7/13/2015,AAA,25.16850,-80.26681,Nearshore,Conch Reef 2,AA1-139-Y,13,OK,1.00,0,10.00,9.00,7.00,0
7/13/2015,AAA,25.16860,-80.26677,Nearshore,Conch Reef 2,AA2-145-Y,13,OK,1.00,0,8.50,7.00,4.00,0
7/13/2015,AAA,25.16860,-80.26677,Nearshore,Snapper Ledge,AA2-146-B,12,OK,1.00,0,13.00,8.50,3.00,0
7/13/2015,AAA,25.16860,-80.26677,Nearshore,Horseshoe Reef,AA2-146-P,12,OK,1.00,0,13.00,7.50,4.00,0
7/13/2015,AAA,25.16860,-80.26677,Nearshore,Conch Reef 1,AA2-146-W,12,OK,1.00,0,10.00,6.50,3.50,0
7/13/2015,AAA,25.16860,-80.26677,Nearshore,Conch Reef 2,AA2-146-Y,12,OK,1.00,0,11.00,11.00,4.50,0
7/13/2015,AAA,25.16860,-80.26677,Nearshore,Snapper Ledge,AA2-147-B,12,OK,1.00,0,15.00,6.00,5.00,0
7/13/2015,AAA,25.16860,-80.26677,Nearshore,Horseshoe Reef,AA2-147-P,12,OK,1.00,0,10.00,6.00,3.50,0
7/13/2015,AAA,25.16860,-80.26677,Nearshore,Horseshoe Reef,AA2-145-P,13,OK,0.99,0,8.00,5.00,3.00,0
7/13/2015,AAA,25.16860,-80.26677,Nearshore,Conch Reef 2,AA2-147-Y,12,OK,1.00,0,9.50,6.50,4.00,0
7/13/2015,AAA,25.16860,-80.26677,Nearshore,Snapper Ledge,AA2-145-B,13,OK,1.00,0,12.00,6.00,3.00,0
7/13/2015,AAA,25.16860,-80.26677,Nearshore,Horseshoe Reef,AA2-148-P,11,OK,1.00,0,9.00,8.50,5.00,0
7/13/2015,AAA,25.16860,-80.26677,Nearshore,Conch Reef 1,AA2-148-W,11,OK,1.00,0,8.00,6.00,6.00,0
7/13/2015,AAA,25.16860,-80.26677,Nearshore,Conch Reef 2,AA2-148-Y,11,OK,1.00,0,8.00,7.00,3.00,0
7/13/2015,AAA,25.16860,-80.26677,Nearshore,Snapper Ledge,AA2-149-B,11,OK,1.00,0,11.00,8.50,6.00,0
7/13/2015,AAA,25.16860,-80.26677,Nearshore,Horseshoe Reef,AA2-149-P,12,OK,1.00,0,8.00,5.50,2.00,0
7/13/2015,AAA,25.16860,-80.26677,Nearshore,Conch Reef 1,AA2-149-W,11,OK,0.99,0,10.50,6.00,2.50,0
7/13/2015,AAA,25.16860,-80.26677,Nearshore,Conch Reef 2,AA2-149-Y,11,OK,1.00,0,10.50,10.00,4.00,0
7/13/2015,AAA,25.16860,-80.26677,Nearshore,Snapper Ledge,AA2-150-B,12,OK,1.00,0,12.00,7.00,4.00,0
7/13/2015,AAA,25.16860,-80.26677,Nearshore,Conch Reef 1,AA2-147-W,12,OK,1.00,0,9.50,5.00,4.00,0
7/13/2015,AAA,25.16860,-80.26677,Nearshore,Conch Reef 2,AA2-142-Y,13,OK,1.00,0,9.00,7.50,4.00,0
7/13/2015,AAA,25.16864,-80.26669,Nearshore,Conch Reef 2,AA3-159-Y,11,OK,1.00,0,8.50,6.50,3.00,0
7/13/2015,AAA,25.16850,-80.26681,Nearshore,Horseshoe Reef,AA1-140-P,13,OK,1.00,0,9.00,8.00,5.00,0
7/13/2015,AAA,25.16850,-80.26681,Nearshore,Conch Reef 1,AA1-140-W,13,OK,0.99,0,12.00,4.00,3.00,0
7/13/2015,AAA,25.16850,-80.26681,Nearshore,Conch Reef 2,AA1-140-Y,13,OK,1.00,0,9.00,5.00,4.00,0
7/13/2015,AAA,25.16860,-80.26677,Nearshore,Snapper Ledge,AA2-141-B,14,OK,1.00,0,11.50,6.50,5.00,0
7/13/2015,AAA,25.16860,-80.26677,Nearshore,Horseshoe Reef,AA2-141-P,14,OK,1.00,0,9.50,6.00,2.00,0
7/13/2015,AAA,25.16860,-80.26677,Nearshore,Conch Reef 1,AA2-141-W,14,OK,1.00,0,14.00,5.50,6.00,0
7/13/2015,AAA,25.16860,-80.26677,Nearshore,Conch Reef 2,AA2-141-Y,14,OK,1.00,0,9.50,9.00,4.00,0
7/13/2015,AAA,25.16860,-80.26677,Nearshore,Conch Reef 1,AA2-145-W,13,OK,1.00,0,11.50,8.00,5.50,0
7/13/2015,AAA,25.16860,-80.26677,Nearshore,Conch Reef 1,AA2-142-W,13,OK,1.00,0,9.00,6.50,3.00,0
7/13/2015,AAA,25.16860,-80.26677,Nearshore,Conch Reef 2,AA2-150-Y,11,OK,1.00,0,8.00,6.50,2.50,0
7/13/2015,AAA,25.16860,-80.26677,Nearshore,Snapper Ledge,AA2-143-B,14,OK,1.00,0,11.50,7.00,3.00,0
7/13/2015,AAA,25.16860,-80.26677,Nearshore,Horseshoe Reef,AA2-143-P,14,OK,1.00,0,10.00,8.50,4.00,0
7/13/2015,AAA,25.16860,-80.26677,Nearshore,Conch Reef 1,AA2-143-W,14,OK,0.80,0,7.50,5.00,1.50,0
7/13/2015,AAA,25.16860,-80.26677,Nearshore,Conch Reef 2,AA2-143-Y,13,OK,1.00,0,8.50,6.00,4.00,0
7/13/2015,AAA,25.16860,-80.26677,Nearshore,Snapper Ledge,AA2-144-B,13,RM,0.99,0,14.00,6.00,4.00,2
7/13/2015,AAA,25.16860,-80.26677,Nearshore,Horseshoe Reef,AA2-144-P,13,OK,1.00,0,10.00,7.00,4.50,0
7/13/2015,AAA,25.16860,-80.26677,Nearshore,Conch Reef 1,AA2-144-W,13,OK,0.80,0,7.00,5.50,2.00,0
7/13/2015,AAA,25.16860,-80.26677,Nearshore,Conch Reef 2,AA2-144-Y,13,OK,1.00,0,8.50,5.50,2.50,0
7/13/2015,AAA,25.16860,-80.26677,Nearshore,Snapper Ledge,AA2-142-B,13,RM,0.99,0,9.00,5.50,2.50,1
7/13/2015,AAA,25.16864,-80.26669,Nearshore,Conch Reef 1,AA3-158-W,11,OK,1.00,0,10.50,4.50,4.00,0
7/13/2015,AAA,25.16864,-80.26669,Nearshore,Snapper Ledge,AA3-156-B,12,OK,1.00,0,11.50,7.00,3.00,0
7/13/2015,AAA,25.16864,-80.26669,Nearshore,Horseshoe Reef,AA3-156-P,12,OK,1.00,0,8.00,6.50,5.00,0
7/13/2015,AAA,25.16864,-80.26669,Nearshore,Conch Reef 1,AA3-156-W,12,OK,1.00,0,8.50,7.50,4.50,0
7/13/2015,AAA,25.16864,-80.26669,Nearshore,Conch Reef 2,AA3-156-Y,13,OK,1.00,0,9.50,8.00,4.00,0
7/13/2015,AAA,25.16864,-80.26669,Nearshore,Snapper Ledge,AA3-157-B,13,OK,1.00,0,11.50,7.00,4.00,0
7/13/2015,AAA,25.16864,-80.26669,Nearshore,Horseshoe Reef,AA3-157-P,13,OK,1.00,0,12.00,4.50,3.00,0
7/13/2015,AAA,25.16864,-80.26669,Nearshore,Conch Reef 1,AA3-157-W,13,OK,1.00,0,11.50,4.50,7.00,0
7/13/2015,AAA,25.16864,-80.26669,Nearshore,Conch Reef 2,AA3-157-Y,12,OK,1.00,0,9.00,7.00,5.50,0
7/13/2015,AAA,25.16860,-80.26677,Nearshore,Horseshoe Reef,AA2-150-P,11,OK,0.80,0,9.00,6.00,2.00,0
7/13/2015,AAA,25.16864,-80.26669,Nearshore,Horseshoe Reef,AA3-158-P,11,OK,1.00,0,9.00,5.00,3.00,0
7/13/2015,AAA,25.16864,-80.26669,Nearshore,Horseshoe Reef,AA3-155-P,13,OK,1.00,0,9.00,5.00,3.00,0
7/13/2015,AAA,25.16864,-80.26669,Nearshore,Conch Reef 2,AA3-158-Y,11,OK,1.00,0,8.50,8.50,4.00,0
7/13/2015,AAA,25.16864,-80.26669,Nearshore,Snapper Ledge,AA3-159-B,11,OK,1.00,0,8.50,8.00,3.00,0
7/13/2015,AAA,25.16864,-80.26669,Nearshore,Horseshoe Reef,AA3-159-P,11,OK,1.00,0,9.50,4.50,3.50,0
7/13/2015,AAA,25.16864,-80.26669,Nearshore,Conch Reef 1,AA3-159-W,11,OK,1.00,0,12.00,5.50,2.50,0
7/13/2015,AAA,25.16864,-80.26669,Nearshore,Conch Reef 2,AA3-160-Y,11,OK,1.00,0,8.00,6.00,6.00,0
7/13/2015,AAA,25.16864,-80.26669,Nearshore,Conch Reef 1,AA3-160-W,11,OK,1.00,0,10.00,4.00,3.00,0
7/13/2015,AAA,25.16864,-80.26669,Nearshore,Horseshoe Reef,AA3-160-P,11,OK,1.00,0,7.50,7.00,2.00,0
7/13/2015,AAA,25.16864,-80.26669,Nearshore,Snapper Ledge,AA3-160-B,11,OK,1.00,0,14.00,5.50,3.50,0
7/13/2015,AAA,25.16864,-80.26669,Nearshore,Snapper Ledge,AA3-158-B,11,OK,1.00,0,11.00,7.00,4.00,0
7/13/2015,AAA,25.16864,-80.26669,Nearshore,Horseshoe Reef,AA3-153-P,14,OK,1.00,0,10.00,6.00,3.00,0
7/13/2015,AAA,25.16850,-80.26681,Nearshore,Conch Reef 1,AA1-139-W,13,OK,1.00,0,14.00,5.50,5.00,0
7/13/2015,AAA,25.16864,-80.26669,Nearshore,Snapper Ledge,AA3-151-B,14,OK,1.00,0,11.50,9.00,4.00,0
7/13/2015,AAA,25.16864,-80.26669,Nearshore,Horseshoe Reef,AA3-151-P,15,OK,1.00,0,12.00,5.50,2.50,0
7/13/2015,AAA,25.16864,-80.26669,Nearshore,Conch Reef 1,AA3-151-W,15,OK,1.00,0,7.00,6.00,4.00,0
7/13/2015,AAA,25.16864,-80.26669,Nearshore,Conch Reef 2,AA3-151-Y,15,OK,1.00,0,9.00,4.00,5.00,0
7/13/2015,AAA,25.16864,-80.26669,Nearshore,Snapper Ledge,AA3-152-B,14,OK,1.00,0,13.00,8.00,4.00,0
7/13/2015,AAA,25.16864,-80.26669,Nearshore,Horseshoe Reef,AA3-152-P,14,OK,1.00,0,8.50,8.00,4.00,0
7/13/2015,AAA,25.16864,-80.26669,Nearshore,Conch Reef 1,AA3-152-W,14,OK,1.00,0,9.00,4.00,3.50,0
7/13/2015,AAA,25.16864,-80.26669,Nearshore,Conch Reef 2,AA3-155-Y,14,OK,1.00,0,7.50,6.00,3.50,0
7/13/2015,AAA,25.16864,-80.26669,Nearshore,Snapper Ledge,AA3-153-B,14,OK,1.00,0,12.00,9.50,5.50,0
7/13/2015,AAA,25.16864,-80.26669,Nearshore,Conch Reef 1,AA3-155-W,13,OK,1.00,0,11.00,4.00,5.00,0
7/13/2015,AAA,25.16864,-80.26669,Nearshore,Conch Reef 2,AA3-153-Y,14,OK,1.00,1,11.00,7.50,4.00,0
7/13/2015,AAA,25.16864,-80.26669,Nearshore,Snapper Ledge,AA3-154-B,13,OK,1.00,0,14.00,7.50,5.00,0
7/13/2015,AAA,25.16864,-80.26669,Nearshore,Horseshoe Reef,AA3-154-P,13,OK,1.00,0,8.50,6.00,3.50,0
7/13/2015,North Dry Rocks,25.12965,-80.29367,Nearshore,Horseshoe Reef,ND2-178-P,13,OK,1.00,0,8.00,7.00,6.00,0
7/13/2015,AAA,25.16864,-80.26669,Nearshore,Conch Reef 1,AA3-154-W,13,OK,0.30,0,7.50,5.50,3.00,0
7/13/2015,North Dry Rocks,25.13002,-80.29386,Nearshore,Horseshoe Reef,ND3-188-P,12,OK,1.00,0,9.00,5.50,4.00,0
7/13/2015,AAA,25.16864,-80.26669,Nearshore,Conch Reef 2,AA3-154-Y,13,OK,1.00,0,10.00,7.50,4.00,0
7/13/2015,AAA,25.16864,-80.26669,Nearshore,Snapper Ledge,AA3-155-B,13,OK,1.00,0,9.00,6.00,4.00,0
7/13/2015,AAA,25.16860,-80.26677,Nearshore,Conch Reef 1,AA2-150-W,11,OK,1.00,0,9.00,5.00,2.00,0
7/13/2015,AAA,25.16864,-80.26669,Nearshore,Conch Reef 2,AA3-152-Y,14,OK,1.00,0,10.00,6.50,3.00,0
7/13/2015,North Dry Rocks,25.13002,-80.29386,Nearshore,Conch Reef 1,ND3-186-W,12,OK,1.00,0,11.00,6.50,3.00,0
7/13/2015,AAA,25.16850,-80.26681,Nearshore,Snapper Ledge,AA1-140-B,13,OK,1.00,0,11.00,9.00,5.00,0
7/13/2015,North Dry Rocks,25.13002,-80.29386,Nearshore,Snapper Ledge,ND3-184-B,12,OK,1.00,0,10.50,6.50,5.00,0
7/13/2015,North Dry Rocks,25.13002,-80.29386,Nearshore,Horseshoe Reef,ND3-184-P,12,OK,1.00,0,11.00,7.00,4.00,0
7/13/2015,North Dry Rocks,25.13002,-80.29386,Nearshore,Conch Reef 1,ND3-184-W,12,OK,1.00,0,14.00,4.50,5.00,0
7/13/2015,North Dry Rocks,25.13002,-80.29386,Nearshore,Conch Reef 2,ND3-184-Y,11,OK,1.00,0,12.00,9.00,6.00,0
7/13/2015,North Dry Rocks,25.13002,-80.29386,Nearshore,Snapper Ledge,ND3-185-B,11,OK,1.00,0,10.50,6.00,3.00,0
7/13/2015,North Dry Rocks,25.13002,-80.29386,Nearshore,Horseshoe Reef,ND3-185-P,11,OK,1.00,0,9.50,6.50,4.00,0
7/13/2015,North Dry Rocks,25.13002,-80.29386,Nearshore,Conch Reef 1,ND3-185-W,11,OK,1.00,0,10.50,5.00,1.50,0
7/13/2015,North Dry Rocks,25.13002,-80.29386,Nearshore,Conch Reef 1,ND3-183-W,11,OK,1.00,0,12.00,5.00,4.00,0
7/13/2015,North Dry Rocks,25.13002,-80.29386,Nearshore,Horseshoe Reef,ND3-186-P,12,OK,1.00,0,12.00,6.50,6.00,0
7/13/2015,North Dry Rocks,25.13002,-80.29386,Nearshore,Horseshoe Reef,ND3-183-P,12,OK,1.00,0,13.00,4.50,4.50,0
7/13/2015,North Dry Rocks,25.13002,-80.29386,Nearshore,Conch Reef 2,ND3-186-Y,12,OK,0.30,0,10.00,8.00,6.00,0
7/13/2015,North Dry Rocks,25.13002,-80.29386,Nearshore,Snapper Ledge,ND3-187-B,12,OK,1.00,0,7.50,6.00,2.00,0
7/13/2015,North Dry Rocks,25.13002,-80.29386,Nearshore,Horseshoe Reef,ND3-187-P,13,OK,1.00,0,11.50,8.00,6.00,0
7/13/2015,North Dry Rocks,25.13002,-80.29386,Nearshore,Conch Reef 1,ND3-187-W,13,OK,1.00,0,11.00,5.50,3.00,0
7/13/2015,North Dry Rocks,25.13002,-80.29386,Nearshore,Conch Reef 2,ND3-187-Y,13,OK,1.00,0,11.50,8.00,4.00,0
7/13/2015,North Dry Rocks,25.13002,-80.29386,Nearshore,Snapper Ledge,ND3-188-B,12,OK,1.00,0,10.50,5.50,3.00,0
7/13/2015,North Dry Rocks,25.13002,-80.29386,Nearshore,Conch Reef 1,ND3-188-W,12,OK,1.00,0,9.50,5.00,2.50,0
7/13/2015,North Dry Rocks,25.13002,-80.29386,Nearshore,Snapper Ledge,ND3-189-B,12,OK,1.00,0,14.00,6.00,2.50,0
7/13/2015,North Dry Rocks,25.13002,-80.29386,Nearshore,Snapper Ledge,ND3-186-B,12,OK,1.00,0,12.50,5.00,4.00,0
7/13/2015,North Dry Rocks,25.13002,-80.29386,Nearshore,Snapper Ledge,ND3-181-B,12,OK,1.00,0,13.00,6.00,3.00,0
7/13/2015,North Dry Rocks,25.12965,-80.29367,Nearshore,Conch Reef 1,ND2-178-W,12,OK,1.00,0,14.50,6.50,3.00,0
7/13/2015,North Dry Rocks,25.12965,-80.29367,Nearshore,Conch Reef 2,ND2-178-Y,13,OK,1.00,0,12.00,6.50,5.00,0
7/13/2015,North Dry Rocks,25.12965,-80.29367,Nearshore,Snapper Ledge,ND2-179-B,13,OK,1.00,0,13.00,6.00,2.50,0
7/13/2015,North Dry Rocks,25.12965,-80.29367,Nearshore,Horseshoe Reef,ND2-179-P,13,OK,1.00,0,11.00,8.00,6.00,0
7/13/2015,North Dry Rocks,25.12965,-80.29367,Nearshore,Conch Reef 1,ND2-179-W,13,OK,1.00,0,8.00,7.00,4.00,0
7/13/2015,North Dry Rocks,25.12965,-80.29367,Nearshore,Conch Reef 2,ND2-179-Y,13,OK,1.00,0,11.00,8.50,4.00,0
7/13/2015,North Dry Rocks,25.12965,-80.29367,Nearshore,Snapper Ledge,ND2-180-B,13,OK,1.00,0,10.00,4.50,3.00,0
7/13/2015,North Dry Rocks,25.12965,-80.29367,Nearshore,Horseshoe Reef,ND2-180-P,13,OK,1.00,0,9.50,5.00,4.00,0
7/13/2015,North Dry Rocks,25.13002,-80.29386,Nearshore,Conch Reef 2,ND3-183-Y,11,OK,1.00,0,9.50,9.00,5.50,0
7/13/2015,North Dry Rocks,25.12965,-80.29367,Nearshore,Conch Reef 2,ND2-180-Y,13,OK,1.00,0,10.00,8.50,4.00,0
7/13/2015,North Dry Rocks,25.13002,-80.29386,Nearshore,Conch Reef 2,ND3-189-Y,12,RM,0.90,0,10.50,6.50,3.00,1
7/13/2015,North Dry Rocks,25.13002,-80.29386,Nearshore,Horseshoe Reef,ND3-181-P,12,OK,1.00,0,11.00,7.00,6.00,0
7/13/2015,North Dry Rocks,25.13002,-80.29386,Nearshore,Conch Reef 1,ND3-181-W,13,OK,1.00,0,12.50,5.50,6.00,0
7/13/2015,North Dry Rocks,25.13002,-80.29386,Nearshore,Conch Reef 2,ND3-181-Y,13,OK,0.60,0,12.00,8.00,6.00,0
7/13/2015,North Dry Rocks,25.13002,-80.29386,Nearshore,Snapper Ledge,ND3-182-B,13,OK,1.00,0,10.00,5.50,3.50,0
7/13/2015,North Dry Rocks,25.13002,-80.29386,Nearshore,Horseshoe Reef,ND3-182-P,12,OK,1.00,0,10.00,8.00,2.00,0
7/13/2015,North Dry Rocks,25.13002,-80.29386,Nearshore,Conch Reef 1,ND3-182-W,12,OK,1.00,0,14.00,10.00,6.00,0
7/13/2015,North Dry Rocks,25.13002,-80.29386,Nearshore,Conch Reef 2,ND3-182-Y,12,OK,1.00,0,9.50,7.50,5.50,0
7/13/2015,North Dry Rocks,25.13002,-80.29386,Nearshore,Snapper Ledge,ND3-183-B,12,OK,1.00,0,12.50,7.50,6.00,0
7/13/2015,North Dry Rocks,25.12965,-80.29367,Nearshore,Conch Reef 1,ND2-180-W,13,OK,1.00,0,9.50,6.50,2.00,0
7/13/2015,AAA,25.16850,-80.26681,Nearshore,Horseshoe Reef,AA1-137-P,14,OK,1.00,0,10.00,9.50,5.00,0
7/13/2015,AAA,25.16850,-80.26681,Nearshore,Conch Reef 2,AA1-134-Y,14,OK,1.00,0,8.00,7.50,4.00,0
7/13/2015,AAA,25.16850,-80.26681,Nearshore,Snapper Ledge,AA1-135-B,14,OK,1.00,0,11.00,6.00,3.00,1
7/13/2015,AAA,25.16850,-80.26681,Nearshore,Horseshoe Reef,AA1-135-P,14,OK,1.00,0,10.00,7.00,3.00,0
7/13/2015,AAA,25.16850,-80.26681,Nearshore,Conch Reef 1,AA1-135-W,14,OK,1.00,0,9.00,5.50,3.00,0
7/13/2015,AAA,25.16850,-80.26681,Nearshore,Conch Reef 2,AA1-135-Y,14,OK,1.00,0,10.00,9.00,4.50,0
7/13/2015,AAA,25.16850,-80.26681,Nearshore,Snapper Ledge,AA1-136-B,14,OK,1.00,0,12.00,5.00,2.00,0
7/13/2015,AAA,25.16850,-80.26681,Nearshore,Horseshoe Reef,AA1-136-P,14,OK,1.00,0,13.00,7.50,3.50,0
7/13/2015,AAA,25.16850,-80.26681,Nearshore,Conch Reef 1,AA1-136-W,14,OK,1.00,0,12.00,6.00,5.00,0
7/13/2015,North Dry Rocks,25.13002,-80.29386,Nearshore,Horseshoe Reef,ND3-189-P,12,OK,1.00,0,11.00,9.00,5.00,0
7/13/2015,AAA,25.16850,-80.26681,Nearshore,Snapper Ledge,AA1-137-B,13,OK,1.00,0,11.50,11.50,4.00,0
7/13/2015,AAA,25.16850,-80.26681,Nearshore,Snapper Ledge,AA1-134-B,14,OK,1.00,0,11.00,10.00,5.00,0
7/13/2015,AAA,25.16850,-80.26681,Nearshore,Conch Reef 1,AA1-137-W,14,OK,1.00,0,10.00,5.00,3.50,0
7/13/2015,AAA,25.16850,-80.26681,Nearshore,Conch Reef 2,AA1-137-Y,14,OK,1.00,0,10.00,8.00,5.00,0
7/13/2015,AAA,25.16850,-80.26681,Nearshore,Snapper Ledge,AA1-138-B,13,OK,1.00,0,13.00,7.00,4.00,0
7/13/2015,AAA,25.16850,-80.26681,Nearshore,Horseshoe Reef,AA1-138-P,13,OK,1.00,0,10.50,7.00,5.00,0
7/13/2015,AAA,25.16850,-80.26681,Nearshore,Conch Reef 1,AA1-138-W,13,OK,1.00,0,8.00,5.50,2.00,0
7/13/2015,AAA,25.16850,-80.26681,Nearshore,Conch Reef 2,AA1-138-Y,14,OK,1.00,0,9.00,9.00,4.00,0
7/13/2015,AAA,25.16850,-80.26681,Nearshore,Snapper Ledge,AA1-139-B,13,OK,1.00,0,11.00,7.00,7.00,0
7/13/2015,AAA,25.16850,-80.26681,Nearshore,Horseshoe Reef,AA1-139-P,13,OK,1.00,0,8.00,7.00,3.00,0
7/13/2015,AAA,25.16850,-80.26681,Nearshore,Conch Reef 2,AA1-136-Y,14,OK,1.00,0,10.50,7.00,5.00,0
7/13/2015,AAA,25.16850,-80.26681,Nearshore,Conch Reef 2,AA1-131-Y,15,OK,1.00,0,11.00,7.00,5.00,0
7/13/2015,North Dry Rocks,25.13002,-80.29386,Nearshore,Snapper Ledge,ND3-190-B,12,OK,1.00,0,9.00,6.50,3.00,0
7/13/2015,North Dry Rocks,25.13002,-80.29386,Nearshore,Horseshoe Reef,ND3-190-P,12,OK,1.00,0,8.00,8.00,5.00,0
7/13/2015,North Dry Rocks,25.13002,-80.29386,Nearshore,Conch Reef 1,ND3-190-W,12,OK,1.00,0,11.00,6.00,5.00,0
7/13/2015,North Dry Rocks,25.13002,-80.29386,Nearshore,Conch Reef 2,ND3-190-Y,13,OK,1.00,0,10.00,8.50,4.00,0
7/13/2015,Horseshoe,25.14023,-80.29410,Nearshore,Horseshoe Reef,HS1-225-P,11,OK,1.00,0,9.00,5.50,3.00,0
7/13/2015,AAA,25.16850,-80.26681,Nearshore,Snapper Ledge,AA1-131-B,15,OK,1.00,0,8.50,6.50,1.50,0
7/13/2015,AAA,25.16850,-80.26681,Nearshore,Conch Reef 1,AA1-134-W,14,OK,1.00,0,14.00,6.50,4.00,0
7/13/2015,AAA,25.16850,-80.26681,Nearshore,Conch Reef 1,AA1-131-W,15,OK,1.00,0,8.00,6.00,8.00,0
7/13/2015,AAA,25.16850,-80.26681,Nearshore,Horseshoe Reef,AA1-134-P,14,OK,1.00,0,8.00,7.50,3.00,0
7/13/2015,AAA,25.16850,-80.26681,Nearshore,Snapper Ledge,AA1-132-B,14,OK,1.00,0,14.00,8.50,3.50,0
7/13/2015,AAA,25.16850,-80.26681,Nearshore,Horseshoe Reef,AA1-132-P,14,OK,1.00,0,10.50,4.50,3.00,0
7/13/2015,AAA,25.16850,-80.26681,Nearshore,Conch Reef 1,AA1-132-W,14,OK,1.00,0,12.50,7.00,4.00,0
7/13/2015,AAA,25.16850,-80.26681,Nearshore,Conch Reef 2,AA1-132-Y,14,OK,1.00,0,9.00,6.00,5.50,0
7/13/2015,AAA,25.16850,-80.26681,Nearshore,Snapper Ledge,AA1-133-B,14,OK,1.00,0,8.00,8.00,4.00,0
7/13/2015,AAA,25.16850,-80.26681,Nearshore,Horseshoe Reef,AA1-133-P,14,OK,1.00,0,9.50,8.00,4.00,0
7/13/2015,AAA,25.16850,-80.26681,Nearshore,Conch Reef 1,AA1-133-W,14,OK,1.00,0,10.00,6.00,5.00,0
7/13/2015,AAA,25.16850,-80.26681,Nearshore,Conch Reef 2,AA1-133-Y,14,OK,1.00,0,12.00,7.00,6.00,0
7/13/2015,North Dry Rocks,25.13002,-80.29386,Nearshore,Conch Reef 1,ND3-189-W,12,OK,1.00,0,7.50,5.50,3.00,0
7/13/2015,AAA,25.16850,-80.26681,Nearshore,Horseshoe Reef,AA1-131-P,15,OK,1.00,0,12.50,5.50,3.00,0
7/16/2015,Molasses Reef,25.01060,-80.37275,Offshore,Snapper Ledge,ML4-193-B,17,OK,1.00,0,8.50,6.50,3.00,0
7/16/2015,French Reef,25.03420,-80.34897,Offshore,Snapper Ledge,FR6-275-B,20,OK,1.00,1,10.50,5.00,4.00,0
7/16/2015,French Reef,25.03438,-80.34888,Offshore,Snapper Ledge,FR5-262-B,21,OK,1.00,0,8.00,7.00,1.00,0
7/16/2015,French Reef,25.03438,-80.34888,Offshore,Horseshoe Reef,FR5-265-P,20,OK,1.00,0,8.50,4.50,6.00,0
7/16/2015,French Reef,25.03438,-80.34888,Offshore,Conch Reef 2,FR4-258-Y,21,OK,1.00,0,8.00,7.50,3.00,0
7/16/2015,French Reef,25.03438,-80.34888,Offshore,Snapper Ledge,FR4-259-B,21,OK,1.00,0,9.50,5.00,2.00,0
7/16/2015,French Reef,25.03438,-80.34888,Offshore,Horseshoe Reef,FR4-259-P,21,OK,1.00,0,10.00,7.00,6.00,0
7/16/2015,French Reef,25.03438,-80.34888,Offshore,Conch Reef 1,FR4-259-W,20,OK,1.00,0,7.50,3.50,2.50,0
7/16/2015,French Reef,25.03438,-80.34888,Offshore,Conch Reef 2,FR4-259-Y,20,OK,1.00,0,9.00,6.00,3.50,0
7/16/2015,French Reef,25.03438,-80.34888,Offshore,Snapper Ledge,FR4-260-B,21,OK,1.00,0,8.00,6.00,3.00,0
7/16/2015,French Reef,25.03438,-80.34888,Offshore,Horseshoe Reef,FR4-260-P,21,OK,1.00,0,11.50,5.00,5.00,0
7/16/2015,French Reef,25.03438,-80.34888,Offshore,Conch Reef 1,FR4-260-W,21,OK,1.00,0,8.00,4.00,2.00,0
7/16/2015,French Reef,25.03438,-80.34888,Offshore,Conch Reef 2,FR4-260-Y,21,OK,1.00,0,8.50,5.50,5.00,0
7/16/2015,French Reef,25.03438,-80.34888,Offshore,Snapper Ledge,FR5-261-B,21,OK,1.00,0,6.50,4.00,2.00,0
7/16/2015,French Reef,25.03438,-80.34888,Offshore,Horseshoe Reef,FR5-261-P,21,D,0.00,N/A,N/A,N/A,N/A,N/A
7/16/2015,French Reef,25.03438,-80.34888,Offshore,Horseshoe Reef,FR4-258-P,21,OK,1.00,0,9.00,6.00,6.00,0
7/16/2015,French Reef,25.03438,-80.34888,Offshore,Conch Reef 2,FR5-261-Y,21,OK,1.00,0,13.00,7.50,4.00,0
7/16/2015,French Reef,25.03438,-80.34888,Offshore,Snapper Ledge,FR4-258-B,20,OK,1.00,0,11.00,9.00,5.00,0
7/16/2015,French Reef,25.03438,-80.34888,Offshore,Horseshoe Reef,FR5-262-P,21,OK,1.00,0,10.00,5.00,5.00,0
7/16/2015,French Reef,25.03438,-80.34888,Offshore,Conch Reef 1,FR5-262-W,21,OK,1.00,0,8.50,5.50,2.00,0
7/16/2015,French Reef,25.03438,-80.34888,Offshore,Conch Reef 2,FR5-262-Y,21,OK,1.00,0,8.50,7.00,3.00,0
7/16/2015,French Reef,25.03438,-80.34888,Offshore,Snapper Ledge,FR5-263-B,21,OK,1.00,0,10.00,5.00,2.00,0
7/16/2015,French Reef,25.03438,-80.34888,Offshore,Horseshoe Reef,FR5-263-P,20,OK,0.60,0,10.00,8.50,5.50,0
7/16/2015,French Reef,25.03438,-80.34888,Offshore,Conch Reef 1,FR5-263-W,21,OK,1.00,0,12.00,5.00,3.00,0
7/16/2015,French Reef,25.03438,-80.34888,Offshore,Conch Reef 2,FR5-263-Y,21,OK,1.00,0,7.50,5.00,4.00,0
7/16/2015,French Reef,25.03438,-80.34888,Offshore,Snapper Ledge,FR5-264-B,21,OK,1.00,0,8.00,5.50,1.50,0
7/16/2015,French Reef,25.03438,-80.34888,Offshore,Horseshoe Reef,FR5-264-P,21,OK,1.00,0,9.50,7.00,2.00,0
7/16/2015,French Reef,25.03438,-80.34888,Offshore,Conch Reef 1,FR5-264-W,21,OK,1.00,0,8.00,6.00,2.50,0
7/16/2015,French Reef,25.03438,-80.34888,Offshore,Conch Reef 2,FR5-264-Y,20,OK,1.00,0,13.00,10.50,6.50,0
7/16/2015,French Reef,25.03420,-80.34897,Offshore,Conch Reef 1,FR6-275-W,20,OK,1.00,0,11.00,4.00,2.00,0
7/16/2015,French Reef,25.03438,-80.34888,Offshore,Conch Reef 1,FR5-261-W,21,OK,1.00,0,8.00,4.00,5.00,0
7/16/2015,French Reef,25.03438,-80.34888,Offshore,Horseshoe Reef,FR4-252-P,22,OK,1.00,0,9.00,5.00,3.00,0
7/16/2015,French Reef,25.03438,-80.34888,Offshore,Snapper Ledge,FR4-256-B,21,OK,1.00,0,9.00,7.00,3.00,0
7/16/2015,French Reef,25.03438,-80.34888,Offshore,Conch Reef 1,FR4-255-W,21,OK,1.00,0,11.00,6.00,4.00,0
7/16/2015,French Reef,25.03438,-80.34888,Offshore,Horseshoe Reef,FR4-255-P,21,OK,1.00,0,8.50,5.50,4.50,0
7/16/2015,French Reef,25.03438,-80.34888,Offshore,Snapper Ledge,FR4-255-B,21,OK,1.00,0,11.50,9.00,3.50,0
7/16/2015,French Reef,25.03438,-80.34888,Offshore,Conch Reef 2,FR4-254-Y,22,OK,1.00,0,10.50,5.50,4.00,0
7/16/2015,French Reef,25.03438,-80.34888,Offshore,Conch Reef 1,FR4-254-W,22,OK,1.00,0,7.50,7.50,2.50,0
7/16/2015,French Reef,25.03438,-80.34888,Offshore,Horseshoe Reef,FR4-254-P,22,OK,1.00,0,7.00,5.00,4.00,0
7/16/2015,French Reef,25.03438,-80.34888,Offshore,Snapper Ledge,FR4-254-B,22,D,0.00,N/A,N/A,N/A,N/A,N/A
7/16/2015,French Reef,25.03438,-80.34888,Offshore,Conch Reef 2,FR4-253-Y,22,OK,1.00,0,12.00,10.00,5.50,0
7/16/2015,French Reef,25.03438,-80.34888,Offshore,Conch Reef 1,FR4-253-W,22,OK,1.00,0,9.50,4.50,2.00,0
7/16/2015,French Reef,25.03438,-80.34888,Offshore,Horseshoe Reef,FR4-253-P,22,OK,1.00,0,9.50,7.00,7.00,0
7/16/2015,French Reef,25.03438,-80.34888,Offshore,Snapper Ledge,FR4-253-B,22,OK,1.00,0,8.00,6.00,4.00,0
7/16/2015,French Reef,25.03438,-80.34888,Offshore,Conch Reef 1,FR4-258-W,21,OK,1.00,0,7.50,3.50,3.00,0
7/16/2015,French Reef,25.03438,-80.34888,Offshore,Conch Reef 1,FR4-252-W,22,OK,1.00,0,8.50,4.50,2.00,0
7/16/2015,French Reef,25.03438,-80.34888,Offshore,Conch Reef 1,FR5-265-W,21,OK,1.00,0,13.50,3.50,3.00,0
7/16/2015,French Reef,25.03438,-80.34888,Offshore,Snapper Ledge,FR4-252-B,23,OK,1.00,0,14.00,6.00,4.00,0
7/16/2015,French Reef,25.03438,-80.34888,Offshore,Conch Reef 2,FR4-251-Y,22,OK,1.00,0,15.00,12.00,7.00,0
7/16/2015,French Reef,25.03438,-80.34888,Offshore,Conch Reef 1,FR4-251-W,22,OK,1.00,0,9.00,5.50,3.50,0
7/16/2015,French Reef,25.03438,-80.34888,Offshore,Horseshoe Reef,FR4-251-P,22,OK,1.00,0,9.50,5.50,5.00,0
7/16/2015,French Reef,25.03438,-80.34888,Offshore,Snapper Ledge,FR4-251-B,22,OK,1.00,0,12.00,6.00,6.00,0
7/16/2015,French Reef,25.03438,-80.34888,Offshore,Horseshoe Reef,FR4-256-P,22,OK,1.00,0,7.50,7.50,3.00,0
7/16/2015,French Reef,25.03438,-80.34888,Offshore,Conch Reef 1,FR4-256-W,22,OK,1.00,0,9.50,3.50,2.50,0
7/16/2015,French Reef,25.03438,-80.34888,Offshore,Conch Reef 2,FR4-256-Y,21,OK,1.00,0,14.00,8.00,10.00,0
7/16/2015,French Reef,25.03438,-80.34888,Offshore,Snapper Ledge,FR4-257-B,21,OK,1.00,0,8.00,8.00,3.00,0
7/16/2015,French Reef,25.03438,-80.34888,Offshore,Horseshoe Reef,FR4-257-P,21,OK,1.00,0,7.50,7.00,4.00,0
7/16/2015,French Reef,25.03438,-80.34888,Offshore,Conch Reef 1,FR4-257-W,21,OK,1.00,0,7.00,7.00,3.00,0
7/16/2015,French Reef,25.03438,-80.34888,Offshore,Conch Reef 2,FR4-257-Y,21,OK,1.00,0,7.50,6.50,3.00,0
7/16/2015,French Reef,25.03438,-80.34888,Offshore,Conch Reef 2,FR4-252-Y,22,OK,1.00,0,9.00,4.50,5.00,0
7/16/2015,French Reef,25.03420,-80.34897,Offshore,Horseshoe Reef,FR6-277-P,19,OK,1.00,0,11.00,5.50,3.50,0
7/16/2015,French Reef,25.03438,-80.34888,Offshore,Snapper Ledge,FR5-265-B,21,OK,1.00,0,9.00,8.00,5.00,0
7/16/2015,French Reef,25.03420,-80.34897,Offshore,Conch Reef 1,FR6-273-W,20,D,0.00,N/A,N/A,N/A,N/A,N/A
7/16/2015,French Reef,25.03420,-80.34897,Offshore,Conch Reef 2,FR6-273-Y,20,RM,0.99,0,9.50,5.50,3.00,0
7/16/2015,French Reef,25.03420,-80.34897,Offshore,Snapper Ledge,FR6-274-B,19,OK,1.00,0,9.00,7.00,2.00,0
7/16/2015,French Reef,25.03420,-80.34897,Offshore,Horseshoe Reef,FR6-274-P,19,OK,1.00,0,8.50,6.00,5.00,0
7/16/2015,French Reef,25.03420,-80.34897,Offshore,Conch Reef 1,FR6-274-W,19,OK,1.00,0,7.50,6.00,2.00,0
7/16/2015,French Reef,25.03420,-80.34897,Offshore,Conch Reef 2,FR6-274-Y,19,OK,1.00,0,11.50,9.50,3.50,0
7/16/2015,French Reef,25.03420,-80.34897,Offshore,Horseshoe Reef,FR6-275-P,20,OK,1.00,0,9.00,5.50,8.00,0
7/16/2015,French Reef,25.03420,-80.34897,Offshore,Conch Reef 2,FR6-275-Y,20,OK,1.00,0,8.50,5.00,3.00,0
7/16/2015,French Reef,25.03420,-80.34897,Offshore,Snapper Ledge,FR6-276-B,19,OK,1.00,0,13.00,6.00,4.50,0
7/16/2015,French Reef,25.03420,-80.34897,Offshore,Horseshoe Reef,FR6-276-P,20,OK,1.00,0,9.50,5.00,3.00,0
7/16/2015,French Reef,25.03420,-80.34897,Offshore,Conch Reef 1,FR6-276-W,20,OK,1.00,0,8.00,5.00,2.00,0
7/16/2015,French Reef,25.03420,-80.34897,Offshore,Snapper Ledge,FR6-273-B,20,RM,0.98,0,11.00,5.00,2.00,0
7/16/2015,French Reef,25.03420,-80.34897,Offshore,Snapper Ledge,FR6-277-B,19,OK,1.00,0,11.00,8.00,5.00,0
7/16/2015,French Reef,25.03420,-80.34897,Offshore,Conch Reef 2,FR6-272-Y,20,OK,1.00,0,15.00,10.00,7.00,0
7/16/2015,French Reef,25.03420,-80.34897,Offshore,Conch Reef 1,FR6-277-W,20,OK,1.00,0,7.50,4.50,3.00,0
7/16/2015,French Reef,25.03420,-80.34897,Offshore,Conch Reef 2,FR6-277-Y,19,OK,1.00,0,16.50,9.50,7.00,0
7/16/2015,French Reef,25.03420,-80.34897,Offshore,Snapper Ledge,FR6-278-B,21,OK,1.00,0,9.00,6.00,3.00,0
7/16/2015,French Reef,25.03420,-80.34897,Offshore,Horseshoe Reef,FR6-278-P,21,OK,1.00,0,8.00,8.00,4.00,0
7/16/2015,French Reef,25.03420,-80.34897,Offshore,Conch Reef 1,FR6-278-W,21,OK,1.00,0,8.00,8.00,3.00,0
7/16/2015,French Reef,25.03420,-80.34897,Offshore,Conch Reef 2,FR6-278-Y,20,OK,1.00,0,12.00,7.00,5.00,0
7/16/2015,French Reef,25.03420,-80.34897,Offshore,Snapper Ledge,FR6-279-B,20,OK,1.00,0,10.00,5.00,4.00,0
7/16/2015,French Reef,25.03420,-80.34897,Offshore,Horseshoe Reef,FR6-279-P,21,RM,0.60,0,9.50,5.00,2.50,0
7/16/2015,French Reef,25.03420,-80.34897,Offshore,Conch Reef 2,FR6-279-Y,21,OK,1.00,0,16.50,11.00,7.00,0
7/16/2015,French Reef,25.03420,-80.34897,Offshore,Snapper Ledge,FR6-280-B,21,OK,1.00,0,9.00,6.00,2.50,0
7/16/2015,French Reef,25.03420,-80.34897,Offshore,Horseshoe Reef,FR6-280-P,21,OK,1.00,0,10.00,7.50,6.00,0
7/16/2015,French Reef,25.03420,-80.34897,Offshore,Conch Reef 1,FR6-280-W,21,OK,1.00,0,7.00,6.00,2.00,0
7/16/2015,French Reef,25.03420,-80.34897,Offshore,Conch Reef 2,FR6-276-Y,19,OK,1.00,0,9.00,3.50,4.00,0
7/16/2015,French Reef,25.03438,-80.34888,Offshore,Conch Reef 1,FR5-269-W,20,OK,1.00,0,8.50,5.50,4.00,0
7/16/2015,French Reef,25.03438,-80.34888,Offshore,Conch Reef 2,FR5-265-Y,20,OK,1.00,0,9.50,6.00,3.00,0
7/16/2015,French Reef,25.03438,-80.34888,Offshore,Snapper Ledge,FR5-266-B,21,OK,1.00,0,8.50,7.00,3.00,0
7/16/2015,French Reef,25.03438,-80.34888,Offshore,Conch Reef 1,FR5-266-W,21,OK,1.00,0,7.50,5.50,4.50,0
7/16/2015,French Reef,25.03438,-80.34888,Offshore,Conch Reef 2,FR5-266-Y,21,OK,1.00,0,9.00,5.50,4.50,0
7/16/2015,French Reef,25.03438,-80.34888,Offshore,Snapper Ledge,FR5-267-B,20,OK,0.99,1,9.00,6.00,4.50,0
7/16/2015,French Reef,25.03438,-80.34888,Offshore,Horseshoe Reef,FR5-267-P,20,OK,1.00,0,10.50,8.00,7.00,0
7/16/2015,French Reef,25.03438,-80.34888,Offshore,Conch Reef 1,FR5-267-W,21,OK,1.00,0,9.50,3.50,4.00,0
7/16/2015,French Reef,25.03438,-80.34888,Offshore,Conch Reef 2,FR5-267-Y,20,OK,1.00,0,8.00,4.50,4.00,0
7/16/2015,French Reef,25.03438,-80.34888,Offshore,Snapper Ledge,FR5-268-B,20,OK,1.00,0,12.50,6.50,2.50,0
7/16/2015,French Reef,25.03438,-80.34888,Offshore,Horseshoe Reef,FR5-268-P,21,OK,1.00,0,9.00,6.50,7.00,0
7/16/2015,French Reef,25.03438,-80.34888,Offshore,Conch Reef 1,FR5-268-W,20,OK,1.00,0,6.50,5.00,3.50,0
7/16/2015,French Reef,25.03438,-80.34888,Offshore,Conch Reef 2,FR5-268-Y,20,OK,1.00,0,11.00,11.00,7.50,0
7/16/2015,French Reef,25.03420,-80.34897,Offshore,Horseshoe Reef,FR6-273-P,20,OK,1.00,0,10.50,6.00,3.00,0
7/16/2015,French Reef,25.03438,-80.34888,Offshore,Horseshoe Reef,FR5-269-P,20,OK,1.00,0,11.00,6.50,5.00,0
7/16/2015,French Reef,25.03420,-80.34897,Offshore,Conch Reef 2,FR6-280-Y,21,OK,1.00,0,8.50,5.00,4.50,0
7/16/2015,French Reef,25.03438,-80.34888,Offshore,Conch Reef 2,FR5-269-Y,20,RM,0.80,0,12.00,8.00,6.00,1
7/16/2015,French Reef,25.03438,-80.34888,Offshore,Snapper Ledge,FR5-270-B,20,OK,0.98,0,9.00,6.00,3.00,0
7/16/2015,French Reef,25.03438,-80.34888,Offshore,Horseshoe Reef,FR5-270-P,20,OK,1.00,0,9.50,5.50,3.00,0
7/16/2015,French Reef,25.03438,-80.34888,Offshore,Conch Reef 1,FR5-270-W,20,OK,1.00,0,7.00,5.00,3.50,0
7/16/2015,French Reef,25.03438,-80.34888,Offshore,Conch Reef 2,FR5-270-Y,20,OK,1.00,0,7.00,5.00,2.50,0
7/16/2015,French Reef,25.03420,-80.34897,Offshore,Snapper Ledge,FR6-271-B,20,OK,1.00,0,9.50,4.00,3.00,0
7/16/2015,French Reef,25.03420,-80.34897,Offshore,Horseshoe Reef,FR6-271-P,20,D,0.00,N/A,N/A,N/A,N/A,N/A
7/16/2015,French Reef,25.03420,-80.34897,Offshore,Conch Reef 1,FR6-271-W,20,OK,1.00,0,8.00,5.00,3.00,0
7/16/2015,French Reef,25.03420,-80.34897,Offshore,Conch Reef 2,FR6-271-Y,20,OK,1.00,0,7.00,5.50,5.00,0
7/16/2015,French Reef,25.03420,-80.34897,Offshore,Snapper Ledge,FR6-272-B,20,OK,1.00,0,12.00,6.50,4.00,0
7/16/2015,French Reef,25.03420,-80.34897,Offshore,Horseshoe Reef,FR6-272-P,20,OK,1.00,0,8.50,5.00,4.00,0
7/16/2015,French Reef,25.03420,-80.34897,Offshore,Conch Reef 1,FR6-272-W,20,OK,1.00,0,7.50,4.50,5.00,0
7/16/2015,French Reef,25.03438,-80.34888,Offshore,Snapper Ledge,FR5-269-B,21,D,0.00,N/A,N/A,N/A,N/A,N/A
7/16/2015,Pickles Reef,24.98575,-80.41558,Offshore,Snapper Ledge,PI5-113-B,15,OK,1.00,0,10.00,7.50,6.00,0
7/16/2015,Pickles Reef,24.98607,-80.41506,Offshore,Snapper Ledge,PI4-102-B,17,OK,1.00,0,12.00,8.50,5.50,0
7/16/2015,Pickles Reef,24.98607,-80.41506,Offshore,Conch Reef 2,PI4-109-Y,16,OK,1.00,0,9.50,7.00,4.00,0
7/16/2015,Pickles Reef,24.98607,-80.41506,Offshore,Snapper Ledge,PI4-110-B,16,OK,1.00,0,9.50,8.50,4.00,0
7/16/2015,Pickles Reef,24.98607,-80.41506,Offshore,Horseshoe Reef,PI4-110-P,16,OK,1.00,0,7.50,7.50,6.00,0
7/16/2015,Pickles Reef,24.98607,-80.41506,Offshore,Conch Reef 1,PI4-110-W,16,OK,1.00,0,11.00,5.50,4.50,0
7/16/2015,Pickles Reef,24.98607,-80.41506,Offshore,Conch Reef 2,PI4-110-Y,16,OK,1.00,0,11.50,7.00,5.00,1
7/16/2015,Pickles Reef,24.98575,-80.41558,Offshore,Snapper Ledge,PI5-111-B,16,OK,1.00,0,9.00,8.00,6.00,0
7/16/2015,Pickles Reef,24.98575,-80.41558,Offshore,Horseshoe Reef,PI5-111-P,16,OK,1.00,0,10.00,6.00,5.00,0
7/16/2015,Pickles Reef,24.98575,-80.41558,Offshore,Conch Reef 1,PI5-111-W,16,OK,1.00,0,11.50,5.00,5.00,0
7/16/2015,Pickles Reef,24.98575,-80.41558,Offshore,Conch Reef 2,PI5-111-Y,16,RM,0.98,0,10.00,7.00,4.50,0
7/16/2015,Pickles Reef,24.98575,-80.41558,Offshore,Snapper Ledge,PI5-112-B,15,OK,1.00,0,11.00,5.50,3.00,0
7/16/2015,Pickles Reef,24.98575,-80.41558,Offshore,Horseshoe Reef,PI5-112-P,15,RM,0.70,0,8.00,5.00,3.00,1
7/16/2015,Pickles Reef,24.98607,-80.41506,Offshore,Horseshoe Reef,PI4-109-P,16,OK,1.00,0,10.00,5.00,4.00,0
7/16/2015,Pickles Reef,24.98575,-80.41558,Offshore,Conch Reef 2,PI5-112-Y,15,OK,1.00,0,8.00,7.50,5.00,0
7/16/2015,Pickles Reef,24.98607,-80.41506,Offshore,Snapper Ledge,PI4-109-B,16,OK,1.00,0,11.00,7.50,4.50,0
7/16/2015,Pickles Reef,24.98575,-80.41558,Offshore,Horseshoe Reef,PI5-113-P,16,RM,0.99,0,9.00,5.50,4.00,1
7/16/2015,Pickles Reef,24.98575,-80.41558,Offshore,Conch Reef 1,PI5-113-W,15,OK,1.00,0,6.50,6.00,8.00,0
7/16/2015,Pickles Reef,24.98575,-80.41558,Offshore,Conch Reef 2,PI5-113-Y,16,OK,1.00,0,12.00,10.00,4.00,0
7/16/2015,Pickles Reef,24.98575,-80.41558,Offshore,Snapper Ledge,PI5-114-B,16,OK,1.00,0,13.00,6.00,3.50,0
7/16/2015,Pickles Reef,24.98575,-80.41558,Offshore,Horseshoe Reef,PI5-114-P,15,OK,1.00,0,10.00,7.50,4.00,0
7/16/2015,Pickles Reef,24.98575,-80.41558,Offshore,Conch Reef 1,PI5-114-W,15,OK,1.00,0,9.50,7.50,7.00,0
7/16/2015,Pickles Reef,24.98575,-80.41558,Offshore,Conch Reef 2,PI5-114-Y,16,OK,1.00,0,12.00,7.50,3.00,0
7/16/2015,Pickles Reef,24.98575,-80.41558,Offshore,Snapper Ledge,PI5-115-B,15,OK,1.00,0,9.50,7.50,4.00,0
7/16/2015,Pickles Reef,24.98575,-80.41558,Offshore,Horseshoe Reef,PI5-115-P,15,OK,1.00,0,9.00,4.00,2.50,0
7/16/2015,Pickles Reef,24.98575,-80.41558,Offshore,Conch Reef 1,PI5-115-W,15,OK,1.00,0,11.00,7.00,2.50,0
7/16/2015,Pickles Reef,24.98575,-80.41558,Offshore,Conch Reef 2,PI5-115-Y,15,OK,1.00,0,11.00,8.50,5.00,0
7/16/2015,Pickles Reef,24.98575,-80.41558,Offshore,Snapper Ledge,PI5-116-B,15,OK,1.00,0,7.00,8.00,4.50,0
7/16/2015,Pickles Reef,24.98575,-80.41558,Offshore,Conch Reef 1,PI5-112-W,15,OK,1.00,0,8.50,7.00,9.00,0
7/16/2015,Pickles Reef,24.98607,-80.41506,Offshore,Conch Reef 2,PI4-105-Y,17,OK,1.00,0,12.00,10.00,7.00,0
7/16/2015,Pickles Reef,24.98607,-80.41506,Offshore,Horseshoe Reef,PI4-102-P,17,OK,1.00,0,9.00,8.50,5.00,0
7/16/2015,Pickles Reef,24.98607,-80.41506,Offshore,Conch Reef 1,PI4-102-W,17,OK,1.00,0,8.00,6.50,6.00,0
7/16/2015,Pickles Reef,24.98607,-80.41506,Offshore,Conch Reef 2,PI4-102-Y,17,D,0.00,N/A,N/A,N/A,N/A,N/A
7/16/2015,Pickles Reef,24.98607,-80.41506,Offshore,Snapper Ledge,PI4-103-B,17,OK,0.90,0,10.50,7.00,5.00,0
7/16/2015,Pickles Reef,24.98607,-80.41506,Offshore,Horseshoe Reef,PI4-103-P,17,OK,0.20,0,8.00,4.00,3.00,0
7/16/2015,Pickles Reef,24.98607,-80.41506,Offshore,Conch Reef 1,PI4-103-W,17,OK,0.99,0,10.50,6.00,2.50,0
7/16/2015,Pickles Reef,24.98607,-80.41506,Offshore,Conch Reef 2,PI4-103-Y,17,OK,0.95,0,11.00,6.50,6.00,0
7/16/2015,Pickles Reef,24.98607,-80.41506,Offshore,Snapper Ledge,PI4-104-B,17,OK,1.00,0,6.00,5.00,6.50,0
7/16/2015,Pickles Reef,24.98607,-80.41506,Offshore,Horseshoe Reef,PI4-104-P,17,OK,0.90,0,10.00,4.50,4.00,0
7/16/2015,Pickles Reef,24.98607,-80.41506,Offshore,Conch Reef 1,PI4-104-W,17,RM,0.80,0,11.00,7.50,4.50,3
7/16/2015,Pickles Reef,24.98607,-80.41506,Offshore,Conch Reef 2,PI4-104-Y,17,OK,1.00,0,12.00,10.00,6.00,0
7/16/2015,Pickles Reef,24.98607,-80.41506,Offshore,Snapper Ledge,PI4-105-B,16,OK,1.00,0,7.50,7.50,4.00,0
7/16/2015,Pickles Reef,24.98607,-80.41506,Offshore,Conch Reef 1,PI4-109-W,16,OK,1.00,0,11.50,6.00,5.00,0
7/16/2015,Pickles Reef,24.98607,-80.41506,Offshore,Conch Reef 1,PI4-105-W,16,OK,1.00,0,10.00,6.50,6.00,0
7/16/2015,Pickles Reef,24.98575,-80.41558,Offshore,Conch Reef 2,PI5-116-Y,15,OK,1.00,0,9.50,7.00,4.00,0
7/16/2015,Pickles Reef,24.98607,-80.41506,Offshore,Snapper Ledge,PI4-106-B,16,OK,1.00,0,9.00,7.00,3.00,0
7/16/2015,Pickles Reef,24.98607,-80.41506,Offshore,Horseshoe Reef,PI4-106-P,16,OK,1.00,0,9.00,6.00,2.50,0
7/16/2015,Pickles Reef,24.98607,-80.41506,Offshore,Conch Reef 1,PI4-106-W,16,OK,1.00,0,11.00,6.50,4.00,0
7/16/2015,Pickles Reef,24.98607,-80.41506,Offshore,Conch Reef 2,PI4-106-Y,16,OK,1.00,0,13.00,6.00,6.00,0
7/16/2015,Pickles Reef,24.98607,-80.41506,Offshore,Snapper Ledge,PI4-107-B,16,OK,0.90,0,9.50,9.00,4.00,0
7/16/2015,Pickles Reef,24.98607,-80.41506,Offshore,Horseshoe Reef,PI4-107-P,16,OK,0.95,0,10.50,7.00,4.00,0
7/16/2015,Pickles Reef,24.98607,-80.41506,Offshore,Conch Reef 1,PI4-107-W,16,OK,1.00,0,7.50,6.00,5.00,0
7/16/2015,Pickles Reef,24.98607,-80.41506,Offshore,Conch Reef 2,PI4-107-Y,16,OK,1.00,0,13.00,9.00,7.00,0
7/16/2015,Pickles Reef,24.98607,-80.41506,Offshore,Snapper Ledge,PI4-108-B,15,OK,1.00,0,14.00,5.50,4.00,0
7/16/2015,Pickles Reef,24.98607,-80.41506,Offshore,Horseshoe Reef,PI4-108-P,15,RM,0.98,0,9.00,6.50,3.50,0
7/16/2015,Pickles Reef,24.98607,-80.41506,Offshore,Conch Reef 1,PI4-108-W,15,OK,0.90,0,8.50,7.00,3.50,0
7/16/2015,Pickles Reef,24.98607,-80.41506,Offshore,Conch Reef 2,PI4-108-Y,15,OK,1.00,0,11.00,10.00,5.50,0
7/16/2015,Pickles Reef,24.98607,-80.41506,Offshore,Horseshoe Reef,PI4-105-P,17,OK,1.00,1,8.50,6.00,3.00,0
7/16/2015,Pickles Reef,24.98573,-80.41569,Offshore,Horseshoe Reef,PI6-128-P,13,OK,1.00,0,10.00,6.00,4.00,0
7/16/2015,Pickles Reef,24.98573,-80.41569,Offshore,Conch Reef 2,PI6-124-Y,14,OK,1.00,0,11.00,9.00,6.00,0
7/16/2015,Pickles Reef,24.98573,-80.41569,Offshore,Snapper Ledge,PI6-125-B,14,OK,1.00,0,8.50,5.00,5.50,0
7/16/2015,Pickles Reef,24.98573,-80.41569,Offshore,Horseshoe Reef,PI6-125-P,14,OK,1.00,0,9.50,8.00,3.50,0
7/16/2015,Pickles Reef,24.98573,-80.41569,Offshore,Conch Reef 1,PI6-125-W,14,OK,1.00,0,13.00,5.00,4.00,0
7/16/2015,Pickles Reef,24.98573,-80.41569,Offshore,Conch Reef 2,PI6-125-Y,14,OK,1.00,0,9.50,8.00,6.50,0
7/16/2015,Pickles Reef,24.98573,-80.41569,Offshore,Snapper Ledge,PI6-126-B,14,OK,1.00,0,8.50,6.00,3.00,0
7/16/2015,Pickles Reef,24.98573,-80.41569,Offshore,Horseshoe Reef,PI6-126-P,14,RM,0.99,0,9.00,7.50,4.00,0
7/16/2015,Pickles Reef,24.98573,-80.41569,Offshore,Conch Reef 1,PI6-126-W,14,OK,1.00,0,14.00,9.00,9.00,0
7/16/2015,Pickles Reef,24.98573,-80.41569,Offshore,Conch Reef 2,PI6-126-Y,14,OK,0.50,0,8.00,5.00,4.00,0
7/16/2015,Pickles Reef,24.98573,-80.41569,Offshore,Snapper Ledge,PI6-127-B,13,OK,1.00,0,8.50,7.00,4.50,0
7/16/2015,Pickles Reef,24.98573,-80.41569,Offshore,Horseshoe Reef,PI6-127-P,14,OK,1.00,0,10.00,8.00,7.00,0
7/16/2015,Pickles Reef,24.98573,-80.41569,Offshore,Conch Reef 1,PI6-127-W,13,OK,1.00,0,12.00,5.00,5.00,0
7/16/2015,Pickles Reef,24.98575,-80.41558,Offshore,Horseshoe Reef,PI5-116-P,15,OK,1.00,0,8.50,7.50,5.00,0
7/16/2015,Pickles Reef,24.98573,-80.41569,Offshore,Snapper Ledge,PI6-128-B,14,OK,1.00,0,7.50,5.00,4.00,0
7/16/2015,Pickles Reef,24.98573,-80.41569,Offshore,Snapper Ledge,PI6-124-B,14,OK,1.00,0,11.50,7.00,5.00,0
7/16/2015,Pickles Reef,24.98573,-80.41569,Offshore,Conch Reef 1,PI6-128-W,13,OK,1.00,0,11.00,10.00,5.00,0
7/16/2015,Pickles Reef,24.98573,-80.41569,Offshore,Conch Reef 2,PI6-128-Y,14,OK,1.00,0,9.50,6.00,6.00,0
7/16/2015,Pickles Reef,24.98573,-80.41569,Offshore,Snapper Ledge,PI6-129-B,14,OK,1.00,0,11.00,6.00,4.00,0
7/16/2015,Pickles Reef,24.98573,-80.41569,Offshore,Horseshoe Reef,PI6-129-P,14,OK,0.99,0,8.50,7.00,3.00,0
7/16/2015,Pickles Reef,24.98573,-80.41569,Offshore,Conch Reef 1,PI6-129-W,14,RM,0.95,0,10.50,3.50,3.00,1
7/16/2015,Pickles Reef,24.98573,-80.41569,Offshore,Conch Reef 2,PI6-129-Y,14,OK,1.00,0,10.50,7.00,3.50,0
7/16/2015,Pickles Reef,24.98573,-80.41569,Offshore,Snapper Ledge,PI6-130-B,13,OK,1.00,0,14.00,4.50,3.50,0
7/16/2015,Pickles Reef,24.98573,-80.41569,Offshore,Horseshoe Reef,PI6-130-P,13,OK,1.00,0,8.50,7.00,3.00,0
7/16/2015,Pickles Reef,24.98573,-80.41569,Offshore,Conch Reef 1,PI6-130-W,13,OK,1.00,0,10.00,6.00,2.00,0
7/16/2015,Pickles Reef,24.98573,-80.41569,Offshore,Conch Reef 2,PI6-130-Y,13,OK,0.80,0,10.00,8.00,5.50,0
7/16/2015,Molasses Reef,25.01060,-80.37275,Offshore,Conch Reef 1,ML4-192-W,17,OK,1.00,0,10.00,8.50,6.00,0
7/16/2015,Molasses Reef,25.01060,-80.37275,Offshore,Snapper Ledge,ML4-191-B,17,OK,1.00,0,9.50,5.50,2.00,0
7/16/2015,Pickles Reef,24.98573,-80.41569,Offshore,Conch Reef 2,PI6-127-Y,14,OK,1.00,0,9.00,7.00,3.00,0
7/16/2015,Pickles Reef,24.98575,-80.41558,Offshore,Conch Reef 2,PI5-120-Y,14,OK,1.00,0,13.00,9.00,4.00,0
7/16/2015,Pickles Reef,24.98575,-80.41558,Offshore,Conch Reef 2,PI5-119-Y,15,OK,1.00,0,11.00,8.50,5.00,0
7/16/2015,Pickles Reef,24.98575,-80.41558,Offshore,Snapper Ledge,PI5-117-B,15,OK,1.00,0,9.50,4.50,2.00,0
7/16/2015,Pickles Reef,24.98575,-80.41558,Offshore,Horseshoe Reef,PI5-117-P,15,OK,0.50,0,9.00,6.00,4.00,0
7/16/2015,Pickles Reef,24.98575,-80.41558,Offshore,Conch Reef 1,PI5-117-W,15,OK,1.00,0,11.00,6.00,8.00,0
7/16/2015,Pickles Reef,24.98575,-80.41558,Offshore,Conch Reef 2,PI5-117-Y,15,OK,1.00,0,15.00,8.00,5.00,0
7/16/2015,Pickles Reef,24.98575,-80.41558,Offshore,Snapper Ledge,PI5-118-B,15,OK,1.00,0,7.50,4.50,1.50,0
7/16/2015,Pickles Reef,24.98575,-80.41558,Offshore,Horseshoe Reef,PI5-118-P,15,OK,0.70,0,9.00,5.50,3.50,0
7/16/2015,Pickles Reef,24.98575,-80.41558,Offshore,Conch Reef 1,PI5-118-W,15,OK,1.00,0,10.00,8.50,4.00,0
7/16/2015,Pickles Reef,24.98575,-80.41558,Offshore,Conch Reef 2,PI5-118-Y,15,OK,1.00,0,12.00,9.50,4.50,0
7/16/2015,Pickles Reef,24.98575,-80.41558,Offshore,Snapper Ledge,PI5-119-B,14,OK,1.00,0,9.00,6.00,3.50,0
7/16/2015,Pickles Reef,24.98575,-80.41558,Offshore,Horseshoe Reef,PI5-119-P,15,OK,0.90,0,9.50,4.00,4.00,0
7/16/2015,Pickles Reef,24.98575,-80.41558,Offshore,Conch Reef 1,PI5-119-W,14,OK,1.00,0,16.00,5.00,6.50,0
7/16/2015,Pickles Reef,24.98573,-80.41569,Offshore,Conch Reef 1,PI6-124-W,14,OK,1.00,0,13.50,7.50,4.00,0
7/16/2015,Pickles Reef,24.98575,-80.41558,Offshore,Conch Reef 1,PI5-120-W,14,OK,1.00,0,10.00,5.00,4.00,0
7/16/2015,Pickles Reef,24.98573,-80.41569,Offshore,Horseshoe Reef,PI6-124-P,14,OK,1.00,0,10.00,4.00,5.50,0
7/16/2015,Pickles Reef,24.98573,-80.41569,Offshore,Snapper Ledge,PI6-121-B,15,OK,1.00,0,12.00,6.50,4.00,0
7/16/2015,Pickles Reef,24.98573,-80.41569,Offshore,Horseshoe Reef,PI6-121-P,14,OK,1.00,0,10.00,4.00,2.00,0
7/16/2015,Pickles Reef,24.98573,-80.41569,Offshore,Conch Reef 1,PI6-121-W,15,OK,1.00,0,9.50,4.50,3.50,0
7/16/2015,Pickles Reef,24.98573,-80.41569,Offshore,Conch Reef 2,PI6-121-Y,15,OK,1.00,0,9.00,6.00,4.00,0
7/16/2015,Pickles Reef,24.98573,-80.41569,Offshore,Snapper Ledge,PI6-122-B,14,RM,0.98,0,11.00,5.00,4.00,2
7/16/2015,Pickles Reef,24.98573,-80.41569,Offshore,Horseshoe Reef,PI6-122-P,14,OK,1.00,0,10.50,6.00,3.50,0
7/16/2015,Pickles Reef,24.98573,-80.41569,Offshore,Conch Reef 1,PI6-122-W,14,OK,1.00,0,9.50,7.50,6.00,0
7/16/2015,Pickles Reef,24.98573,-80.41569,Offshore,Conch Reef 2,PI6-122-Y,14,OK,1.00,0,8.00,7.00,8.00,0
7/16/2015,Pickles Reef,24.98573,-80.41569,Offshore,Snapper Ledge,PI6-123-B,14,OK,1.00,0,11.00,8.00,2.50,0
7/16/2015,Pickles Reef,24.98573,-80.41569,Offshore,Horseshoe Reef,PI6-123-P,14,OK,1.00,0,11.50,9.00,5.00,0
7/16/2015,Pickles Reef,24.98573,-80.41569,Offshore,Conch Reef 1,PI6-123-W,14,OK,1.00,0,11.50,5.50,3.00,0
7/16/2015,Pickles Reef,24.98573,-80.41569,Offshore,Conch Reef 2,PI6-123-Y,14,OK,1.00,0,9.00,7.50,6.00,0
7/16/2015,Pickles Reef,24.98575,-80.41558,Offshore,Conch Reef 1,PI5-116-W,15,RM,0.98,0,11.00,4.50,4.00,0
7/16/2015,Pickles Reef,24.98575,-80.41558,Offshore,Snapper Ledge,PI5-120-B,14,OK,1.00,0,10.00,6.50,2.50,0
7/16/2015,Molasses Reef,25.01060,-80.37275,Offshore,Conch Reef 2,ML4-202-Y,19,OK,1.00,0,14.00,8.00,9.00,0
7/16/2015,Molasses Reef,25.01060,-80.37275,Offshore,Snapper Ledge,ML5-206-B,20,OK,1.00,0,11.00,5.00,4.00,0
7/16/2015,Molasses Reef,25.01060,-80.37275,Offshore,Horseshoe Reef,ML4-199-P,18,RM,0.90,0,8.00,7.50,2.00,0
7/16/2015,Molasses Reef,25.01060,-80.37275,Offshore,Conch Reef 1,ML4-199-W,18,OK,1.00,0,16.50,7.00,5.00,0
7/16/2015,Molasses Reef,25.01060,-80.37275,Offshore,Snapper Ledge,ML4-200-B,19,OK,1.00,0,9.00,5.50,4.00,0
7/16/2015,Molasses Reef,25.01060,-80.37275,Offshore,Horseshoe Reef,ML4-200-P,19,RM,0.85,0,10.00,5.00,2.00,0
7/16/2015,Molasses Reef,25.01060,-80.37275,Offshore,Conch Reef 1,ML4-200-W,18,OK,1.00,0,9.00,5.00,4.00,0
7/16/2015,Molasses Reef,25.01060,-80.37275,Offshore,Conch Reef 2,ML4-200-Y,18,OK,1.00,0,8.50,6.00,3.00,0
7/16/2015,Molasses Reef,25.01060,-80.37275,Offshore,Snapper Ledge,ML4-201-B,19,OK,1.00,0,8.00,7.00,3.00,0
7/16/2015,Molasses Reef,25.01060,-80.37275,Offshore,Horseshoe Reef,ML4-201-P,19,OK,1.00,0,8.50,6.50,2.00,0
7/16/2015,Molasses Reef,25.01060,-80.37275,Offshore,Conch Reef 1,ML4-201-W,19,OK,1.00,0,13.00,7.50,4.00,0
7/16/2015,Molasses Reef,25.01060,-80.37275,Offshore,Conch Reef 2,ML4-201-Y,19,OK,1.00,0,15.00,13.00,5.50,0
7/16/2015,Molasses Reef,25.01060,-80.37275,Offshore,Snapper Ledge,ML4-202-B,19,OK,1.00,0,8.50,5.00,2.00,0
7/16/2015,Molasses Reef,25.01060,-80.37275,Offshore,Conch Reef 2,ML4-198-Y,17,OK,1.00,0,9.00,8.00,6.00,0
7/16/2015,Molasses Reef,25.01060,-80.37275,Offshore,Conch Reef 1,ML4-202-W,19,OK,1.00,0,10.00,9.50,4.50,0
7/16/2015,Molasses Reef,25.01060,-80.37275,Offshore,Conch Reef 1,ML4-198-W,17,OK,1.00,0,14.50,5.50,6.00,0
7/16/2015,Molasses Reef,25.01060,-80.37275,Offshore,Snapper Ledge,ML4-203-B,19,OK,1.00,0,8.50,6.00,3.00,0
7/16/2015,Molasses Reef,25.01060,-80.37275,Offshore,Horseshoe Reef,ML4-203-P,19,OK,1.00,0,10.00,5.50,2.00,0
7/16/2015,Molasses Reef,25.01060,-80.37275,Offshore,Conch Reef 1,ML4-203-W,19,OK,1.00,0,15.00,12.00,7.00,0
7/16/2015,Molasses Reef,25.01060,-80.37275,Offshore,Conch Reef 2,ML4-203-Y,19,OK,1.00,0,11.00,11.00,6.00,0
7/16/2015,Molasses Reef,25.01060,-80.37275,Offshore,Snapper Ledge,ML4-204-B,19,OK,1.00,0,9.00,5.00,2.00,0
7/16/2015,Molasses Reef,25.01060,-80.37275,Offshore,Horseshoe Reef,ML4-204-P,19,RM,0.90,0,9.00,5.50,2.00,0
7/16/2015,Molasses Reef,25.01060,-80.37275,Offshore,Conch Reef 1,ML4-204-W,19,RM,0.95,0,14.00,6.00,2.00,0
7/16/2015,Molasses Reef,25.01060,-80.37275,Offshore,Conch Reef 2,ML4-204-Y,19,OK,1.00,2,12.50,8.50,6.00,0
7/16/2015,Molasses Reef,25.01060,-80.37275,Offshore,Snapper Ledge,ML4-205-B,19,OK,1.00,0,8.50,5.00,2.00,0
7/16/2015,Molasses Reef,25.01060,-80.37275,Offshore,Horseshoe Reef,ML4-205-P,19,OK,1.00,0,9.00,5.00,2.00,0
7/16/2015,Molasses Reef,25.01060,-80.37275,Offshore,Conch Reef 1,ML4-205-W,19,OK,1.00,0,12.50,5.00,5.00,0
7/16/2015,Molasses Reef,25.01060,-80.37275,Offshore,Conch Reef 2,ML4-205-Y,19,OK,1.00,0,12.50,10.00,7.00,0
7/16/2015,Molasses Reef,25.01060,-80.37275,Offshore,Horseshoe Reef,ML4-202-P,19,OK,1.00,0,8.50,4.50,3.00,0
7/16/2015,Molasses Reef,25.01060,-80.37275,Offshore,Conch Reef 2,ML4-194-Y,17,OK,1.00,0,12.00,12.00,4.00,0
7/16/2015,Molasses Reef,25.01060,-80.37275,Offshore,Conch Reef 1,ML4-191-W,17,OK,1.00,0,15.00,8.00,4.00,0
7/16/2015,Molasses Reef,25.01060,-80.37275,Offshore,Horseshoe Reef,ML4-191-P,17,OK,1.00,0,10.00,4.50,4.00,0
7/16/2015,Pickles Reef,24.98575,-80.41558,Offshore,Horseshoe Reef,PI5-120-P,14,OK,0.90,0,9.00,6.50,4.50,0
7/16/2015,Pickles Reef,24.98607,-80.41506,Offshore,Conch Reef 2,PI4-101-Y,17,OK,1.00,0,11.00,10.00,5.00,0
7/16/2015,Molasses Reef,25.01060,-80.37275,Offshore,Conch Reef 2,ML4-191-Y,18,OK,0.99,1,15.00,8.00,7.00,0
7/16/2015,Molasses Reef,25.01060,-80.37275,Offshore,Snapper Ledge,ML4-192-B,18,OK,1.00,0,11.50,5.00,3.00,0
7/16/2015,Molasses Reef,25.01060,-80.37275,Offshore,Horseshoe Reef,ML4-192-P,17,OK,1.00,0,8.50,5.00,2.00,0
7/16/2015,Molasses Reef,25.01060,-80.37275,Offshore,Conch Reef 2,ML4-192-Y,17,OK,1.00,0,15.00,8.00,6.00,0
7/16/2015,Molasses Reef,25.01060,-80.37275,Offshore,Horseshoe Reef,ML4-193-P,17,OK,1.00,0,9.00,5.00,2.00,0
7/16/2015,Molasses Reef,25.01060,-80.37275,Offshore,Conch Reef 1,ML4-193-W,17,OK,0.90,0,9.00,7.50,2.00,0
7/16/2015,Molasses Reef,25.01060,-80.37275,Offshore,Conch Reef 2,ML4-193-Y,18,OK,1.00,1,17.00,8.00,4.00,0
7/16/2015,Molasses Reef,25.01060,-80.37275,Offshore,Snapper Ledge,ML4-194-B,17,OK,1.00,0,9.00,6.00,3.50,0
7/16/2015,Molasses Reef,25.01060,-80.37275,Offshore,Snapper Ledge,ML4-199-B,19,OK,1.00,0,10.50,6.00,3.00,0
7/16/2015,Molasses Reef,25.01060,-80.37275,Offshore,Conch Reef 1,ML4-194-W,17,OK,1.00,0,13.50,5.00,7.00,0
7/16/2015,Molasses Reef,25.01060,-80.37275,Offshore,Conch Reef 2,ML4-197-Y,17,OK,1.00,0,7.50,7.50,2.50,0
7/16/2015,Molasses Reef,25.01060,-80.37275,Offshore,Snapper Ledge,ML4-195-B,17,OK,1.00,0,10.00,7.00,3.50,0
7/16/2015,Molasses Reef,25.01060,-80.37275,Offshore,Horseshoe Reef,ML4-195-P,17,OK,1.00,0,8.00,6.50,2.00,0
7/16/2015,Molasses Reef,25.01060,-80.37275,Offshore,Conch Reef 1,ML4-195-W,17,OK,1.00,0,10.50,7.00,10.00,0
7/16/2015,Molasses Reef,25.01060,-80.37275,Offshore,Conch Reef 2,ML4-195-Y,17,OK,1.00,0,12.00,7.50,6.00,0
7/16/2015,Molasses Reef,25.01060,-80.37275,Offshore,Snapper Ledge,ML4-196-B,17,OK,1.00,0,9.00,5.50,3.00,0
7/16/2015,Molasses Reef,25.01060,-80.37275,Offshore,Horseshoe Reef,ML4-196-P,17,OK,1.00,0,11.00,6.00,2.50,0
7/16/2015,Molasses Reef,25.01060,-80.37275,Offshore,Conch Reef 1,ML4-196-W,17,RM,0.98,0,11.00,6.00,5.50,0
7/16/2015,Molasses Reef,25.01060,-80.37275,Offshore,Conch Reef 2,ML4-196-Y,17,OK,1.00,0,15.00,7.00,9.00,0
7/16/2015,Molasses Reef,25.01060,-80.37275,Offshore,Snapper Ledge,ML4-197-B,18,OK,1.00,0,11.00,7.50,3.00,0
7/16/2015,Molasses Reef,25.01060,-80.37275,Offshore,Conch Reef 1,ML4-197-W,17,OK,1.00,0,16.50,7.00,5.50,0
7/16/2015,Molasses Reef,25.01060,-80.37275,Offshore,Snapper Ledge,ML4-198-B,17,OK,1.00,0,8.50,7.00,4.00,0
7/16/2015,Molasses Reef,25.01060,-80.37275,Offshore,Horseshoe Reef,ML4-198-P,17,OK,1.00,0,11.50,6.00,2.50,0
7/16/2015,Molasses Reef,25.01060,-80.37275,Offshore,Horseshoe Reef,ML4-194-P,17,OK,1.00,0,10.00,6.50,2.00,0
7/16/2015,Molasses Reef,25.01060,-80.37275,Offshore,Conch Reef 2,ML5-218-Y,20,OK,1.00,0,12.00,7.00,8.00,0
7/16/2015,Molasses Reef,25.01060,-80.37275,Offshore,Conch Reef 1,ML5-214-W,20,RM,0.40,0,14.00,7.00,4.00,0
7/16/2015,Molasses Reef,25.01060,-80.37275,Offshore,Conch Reef 2,ML5-214-Y,19,RM,0.40,0,11.00,8.00,4.00,0
7/16/2015,Molasses Reef,25.01060,-80.37275,Offshore,Snapper Ledge,ML5-215-B,19,OK,1.00,0,9.00,8.00,5.50,0
7/16/2015,Molasses Reef,25.01060,-80.37275,Offshore,Horseshoe Reef,ML5-215-P,19,OK,1.00,0,9.00,5.00,2.00,0
7/16/2015,Molasses Reef,25.01060,-80.37275,Offshore,Conch Reef 2,ML5-215-Y,19,OK,1.00,0,11.50,9.50,4.00,0
7/16/2015,Molasses Reef,25.01060,-80.37275,Offshore,Snapper Ledge,ML5-216-B,19,OK,1.00,0,9.50,6.50,6.00,0
7/16/2015,Molasses Reef,25.01060,-80.37275,Offshore,Horseshoe Reef,ML5-216-P,19,OK,1.00,0,11.00,5.00,3.00,0
7/16/2015,Molasses Reef,25.01060,-80.37275,Offshore,Conch Reef 1,ML5-216-W,19,OK,1.00,1,14.00,8.50,6.00,0
7/16/2015,Molasses Reef,25.01060,-80.37275,Offshore,Conch Reef 2,ML5-216-Y,19,OK,1.00,0,9.50,8.50,3.00,0
7/16/2015,Molasses Reef,25.01060,-80.37275,Offshore,Snapper Ledge,ML5-217-B,20,OK,1.00,0,8.00,7.00,4.00,0
7/16/2015,Molasses Reef,25.01060,-80.37275,Offshore,Horseshoe Reef,ML5-217-P,20,OK,1.00,0,7.50,5.00,2.50,0
7/16/2015,Molasses Reef,25.01060,-80.37275,Offshore,Conch Reef 1,ML5-217-W,20,OK,1.00,0,11.50,7.00,6.00,0
7/16/2015,Molasses Reef,25.01060,-80.37275,Offshore,Horseshoe Reef,ML5-214-P,19,OK,1.00,0,9.00,5.00,2.00,0
7/16/2015,Molasses Reef,25.01060,-80.37275,Offshore,Conch Reef 1,ML5-218-W,20,RM,0.85,0,15.00,5.00,7.00,0
7/16/2015,Molasses Reef,25.01060,-80.37275,Offshore,Conch Reef 2,ML5-217-Y,20,OK,0.99,0,12.00,12.00,5.00,0
7/16/2015,Molasses Reef,25.01060,-80.37275,Offshore,Snapper Ledge,ML5-219-B,19,OK,1.00,0,10.00,6.00,5.00,0
7/16/2015,Molasses Reef,25.01060,-80.37275,Offshore,Horseshoe Reef,ML5-219-P,19,OK,1.00,1,10.00,6.00,1.00,0
7/16/2015,Molasses Reef,25.01060,-80.37275,Offshore,Conch Reef 1,ML5-219-W,20,OK,1.00,1,13.50,6.50,5.00,0
7/16/2015,Molasses Reef,25.01060,-80.37275,Offshore,Conch Reef 2,ML5-219-Y,20,OK,1.00,0,9.00,6.00,4.00,0
7/16/2015,Molasses Reef,25.01060,-80.37275,Offshore,Snapper Ledge,ML5-220-B,19,OK,1.00,0,10.00,6.00,4.00,0
7/16/2015,Molasses Reef,25.01060,-80.37275,Offshore,Horseshoe Reef,ML5-220-P,20,RM,1.00,1,9.00,6.00,4.00,0
7/16/2015,Molasses Reef,25.01060,-80.37275,Offshore,Conch Reef 1,ML5-220-W,20,OK,1.00,0,10.50,9.00,5.00,0
7/16/2015,Molasses Reef,25.01060,-80.37275,Offshore,Horseshoe Reef,ML5-206-P,20,OK,1.00,0,10.00,5.50,1.50,0
7/16/2015,Molasses Reef,25.01060,-80.37275,Offshore,Horseshoe Reef,ML4-197-P,17,OK,1.00,0,10.00,5.50,1.00,0
7/16/2015,Pickles Reef,24.98607,-80.41506,Offshore,Conch Reef 1,PI4-101-W,17,OK,1.00,0,11.50,7.00,6.00,0
7/16/2015,Pickles Reef,24.98607,-80.41506,Offshore,Horseshoe Reef,PI4-101-P,17,OK,1.00,0,9.00,9.00,5.00,0
7/16/2015,Molasses Reef,25.01060,-80.37275,Offshore,Conch Reef 2,ML5-220-Y,20,RM,0.75,0,12.50,9.00,5.00,0
7/16/2015,Pickles Reef,24.98607,-80.41506,Offshore,Snapper Ledge,PI4-101-B,17,OK,1.00,0,8.50,7.00,3.50,0
7/16/2015,Molasses Reef,25.01060,-80.37275,Offshore,Snapper Ledge,ML5-218-B,19,OK,1.00,0,11.50,4.00,4.00,0
7/16/2015,Molasses Reef,25.01060,-80.37275,Offshore,Horseshoe Reef,ML5-218-P,20,OK,1.00,0,9.50,5.50,3.00,0
7/16/2015,Molasses Reef,25.01060,-80.37275,Offshore,Conch Reef 2,ML5-209-Y,19,OK,1.00,0,11.00,8.00,5.00,0
7/16/2015,Molasses Reef,25.01060,-80.37275,Offshore,Horseshoe Reef,ML5-209-P,19,OK,1.00,0,11.50,4.00,3.00,0
7/16/2015,Molasses Reef,25.01060,-80.37275,Offshore,Snapper Ledge,ML5-209-B,19,D,0.00,N/A,N/A,N/A,N/A,N/A
7/16/2015,Molasses Reef,25.01060,-80.37275,Offshore,Conch Reef 2,ML5-208-Y,20,OK,1.00,0,13.00,7.00,6.00,0
7/16/2015,Molasses Reef,25.01060,-80.37275,Offshore,Conch Reef 1,ML5-208-W,20,D,0.00,N/A,N/A,N/A,N/A,N/A
7/16/2015,Molasses Reef,25.01060,-80.37275,Offshore,Snapper Ledge,ML5-210-B,19,OK,1.00,0,8.50,7.50,2.50,0
7/16/2015,Molasses Reef,25.01060,-80.37275,Offshore,Snapper Ledge,ML5-214-B,20,RM,0.90,0,7.50,6.50,4.00,0
7/16/2015,Molasses Reef,25.01060,-80.37275,Offshore,Conch Reef 1,ML5-209-W,19,RM,0.98,0,16.00,4.50,5.00,0
7/16/2015,Molasses Reef,25.01060,-80.37275,Offshore,Conch Reef 2,ML5-207-Y,20,OK,1.00,0,8.00,8.00,5.00,0
7/16/2015,Molasses Reef,25.01060,-80.37275,Offshore,Conch Reef 1,ML5-207-W,19,OK,1.00,0,11.50,7.50,5.00,0
7/16/2015,Molasses Reef,25.01060,-80.37275,Offshore,Horseshoe Reef,ML5-207-P,19,OK,1.00,0,9.00,5.50,3.00,0
7/16/2015,Molasses Reef,25.01060,-80.37275,Offshore,Snapper Ledge,ML5-207-B,19,OK,1.00,0,8.00,7.50,2.00,0
7/16/2015,Molasses Reef,25.01060,-80.37275,Offshore,Conch Reef 2,ML5-206-Y,20,OK,1.00,0,12.00,9.00,5.00,0
7/16/2015,Molasses Reef,25.01060,-80.37275,Offshore,Conch Reef 1,ML5-206-W,20,OK,1.00,0,10.00,9.50,3.00,0
7/16/2015,Molasses Reef,25.01060,-80.37275,Offshore,Horseshoe Reef,ML5-208-P,21,OK,1.00,0,8.00,5.00,2.00,0
7/16/2015,Molasses Reef,25.01060,-80.37275,Offshore,Horseshoe Reef,ML5-211-P,19,OK,1.00,0,6.00,6.00,3.50,0
7/16/2015,Molasses Reef,25.01060,-80.37275,Offshore,Snapper Ledge,ML5-213-B,19,OK,1.00,0,12.00,7.00,5.00,0
7/16/2015,Molasses Reef,25.01060,-80.37275,Offshore,Horseshoe Reef,ML5-213-P,19,OK,1.00,0,9.00,5.50,3.50,0
7/16/2015,Molasses Reef,25.01060,-80.37275,Offshore,Horseshoe Reef,ML5-212-P,19,OK,1.00,0,10.00,6.00,1.50,0
7/16/2015,Molasses Reef,25.01060,-80.37275,Offshore,Snapper Ledge,ML5-212-B,19,OK,1.00,0,7.50,5.00,3.50,0
7/16/2015,Molasses Reef,25.01060,-80.37275,Offshore,Conch Reef 2,ML5-212-Y,20,OK,1.00,0,12.50,7.00,7.00,0
7/16/2015,Molasses Reef,25.01060,-80.37275,Offshore,Conch Reef 2,ML5-211-Y,19,OK,1.00,0,10.00,8.00,6.00,0
7/16/2015,Molasses Reef,25.01060,-80.37275,Offshore,Conch Reef 1,ML5-212-W,20,OK,1.00,0,9.50,8.00,7.00,0
7/16/2015,Molasses Reef,25.01060,-80.37275,Offshore,Conch Reef 2,ML5-210-Y,20,OK,0.90,0,11.00,10.00,5.00,0
7/16/2015,Molasses Reef,25.01060,-80.37275,Offshore,Conch Reef 1,ML5-210-W,19,OK,1.00,0,12.50,4.50,2.50,0
7/16/2015,Molasses Reef,25.01060,-80.37275,Offshore,Conch Reef 1,ML5-213-W,20,OK,1.00,0,12.50,8.50,5.00,0
7/16/2015,Molasses Reef,25.01060,-80.37275,Offshore,Horseshoe Reef,ML5-210-P,20,D,0.00,N/A,N/A,N/A,N/A,N/A
7/16/2015,Molasses Reef,25.01060,-80.37275,Offshore,Conch Reef 2,ML5-213-Y,20,OK,1.00,0,8.00,7.00,2.50,0
9/8/2015,North Dry Rocks,25.12983,-80.29369,Nearshore,Conch Reef 1,ND1-170-W,13,OK,1.00,1,N/A,N/A,N/A,0
9/8/2015,North Dry Rocks,25.12983,-80.29369,Nearshore,Horseshoe Reef,ND1-170-P,13,OK,1.00,0,N/A,N/A,N/A,0
9/8/2015,North Dry Rocks,25.12965,-80.29367,Nearshore,Snapper Ledge,ND2-171-B,15,OK,1.00,2,N/A,N/A,N/A,0
9/8/2015,North Dry Rocks,25.12965,-80.29367,Nearshore,Conch Reef 2,ND2-173-Y,13,OK,1.00,2,N/A,N/A,N/A,0
9/8/2015,North Dry Rocks,25.12965,-80.29367,Nearshore,Horseshoe Reef,ND2-171-P,15,OK,1.00,0,N/A,N/A,N/A,0
9/8/2015,North Dry Rocks,25.12983,-80.29369,Nearshore,Conch Reef 2,ND1-170-Y,12,OK,1.00,2,N/A,N/A,N/A,0
9/8/2015,North Dry Rocks,25.12965,-80.29367,Nearshore,Conch Reef 1,ND2-173-W,13,OK,1.00,2,N/A,N/A,N/A,0
9/8/2015,North Dry Rocks,25.12965,-80.29367,Nearshore,Horseshoe Reef,ND2-172-P,14,OK,1.00,1,N/A,N/A,N/A,0
9/8/2015,North Dry Rocks,25.12965,-80.29367,Nearshore,Conch Reef 2,ND2-171-Y,15,OK,1.00,1,N/A,N/A,N/A,0
9/8/2015,North Dry Rocks,25.12965,-80.29367,Nearshore,Horseshoe Reef,ND2-173-P,13,OK,1.00,0,N/A,N/A,N/A,0
9/8/2015,North Dry Rocks,25.12965,-80.29367,Nearshore,Snapper Ledge,ND2-172-B,13,OK,1.00,2,N/A,N/A,N/A,0
9/8/2015,North Dry Rocks,25.12983,-80.29369,Nearshore,Snapper Ledge,ND1-170-B,12,OK,1.00,3,N/A,N/A,N/A,0
9/8/2015,North Dry Rocks,25.12983,-80.29369,Nearshore,Conch Reef 1,ND1-167-W,13,OK,1.00,2,N/A,N/A,N/A,0
9/8/2015,North Dry Rocks,25.12965,-80.29367,Nearshore,Conch Reef 1,ND2-172-W,14,OK,1.00,2,N/A,N/A,N/A,0
9/8/2015,North Dry Rocks,25.12965,-80.29367,Nearshore,Conch Reef 2,ND2-172-Y,14,OK,1.00,2,N/A,N/A,N/A,0
9/8/2015,North Dry Rocks,25.12965,-80.29367,Nearshore,Snapper Ledge,ND2-173-B,13,OK,1.00,3,N/A,N/A,N/A,0
9/8/2015,North Dry Rocks,25.12965,-80.29367,Nearshore,Conch Reef 1,ND2-171-W,16,OK,1.00,1,N/A,N/A,N/A,0
9/8/2015,North Dry Rocks,25.12983,-80.29369,Nearshore,Horseshoe Reef,ND1-167-P,13,OK,1.00,1,N/A,N/A,N/A,0
9/8/2015,North Dry Rocks,25.12983,-80.29369,Nearshore,Horseshoe Reef,ND1-166-P,13,OK,1.00,1,N/A,N/A,N/A,0
9/8/2015,North Dry Rocks,25.12983,-80.29369,Nearshore,Conch Reef 1,ND1-166-W,13,OK,1.00,2,N/A,N/A,N/A,0
9/8/2015,North Dry Rocks,25.13002,-80.29386,Nearshore,Snapper Ledge,ND3-181-B,12,OK,1.00,2,N/A,N/A,N/A,0
9/8/2015,North Dry Rocks,25.12983,-80.29369,Nearshore,Snapper Ledge,ND1-166-B,13,OK,1.00,3,N/A,N/A,N/A,0
9/8/2015,North Dry Rocks,25.12965,-80.29367,Nearshore,Snapper Ledge,ND2-174-B,13,OK,1.00,3,N/A,N/A,N/A,0
9/8/2015,North Dry Rocks,25.12983,-80.29369,Nearshore,Conch Reef 2,ND1-165-Y,13,OK,1.00,3,N/A,N/A,N/A,0
9/8/2015,North Dry Rocks,25.12983,-80.29369,Nearshore,Snapper Ledge,ND1-168-B,12,OK,1.00,3,N/A,N/A,N/A,0
9/8/2015,North Dry Rocks,25.12983,-80.29369,Nearshore,Snapper Ledge,ND1-167-B,13,OK,1.00,3,N/A,N/A,N/A,0
9/8/2015,North Dry Rocks,25.12983,-80.29369,Nearshore,Conch Reef 2,ND1-169-Y,13,OK,1.00,2,N/A,N/A,N/A,0
9/8/2015,North Dry Rocks,25.12983,-80.29369,Nearshore,Conch Reef 2,ND1-167-Y,13,OK,0.15,2,N/A,N/A,N/A,1
9/8/2015,North Dry Rocks,25.12983,-80.29369,Nearshore,Horseshoe Reef,ND1-168-P,13,OK,1.00,1,N/A,N/A,N/A,1
9/8/2015,North Dry Rocks,25.12983,-80.29369,Nearshore,Conch Reef 1,ND1-168-W,12,OK,1.00,2,N/A,N/A,N/A,0
9/8/2015,North Dry Rocks,25.12983,-80.29369,Nearshore,Conch Reef 2,ND1-168-Y,12,OK,1.00,2,N/A,N/A,N/A,0
9/8/2015,North Dry Rocks,25.12983,-80.29369,Nearshore,Snapper Ledge,ND1-169-B,13,OK,1.00,3,N/A,N/A,N/A,0
9/8/2015,North Dry Rocks,25.12983,-80.29369,Nearshore,Horseshoe Reef,ND1-169-P,14,OK,1.00,1,N/A,N/A,N/A,0
9/8/2015,North Dry Rocks,25.12983,-80.29369,Nearshore,Conch Reef 1,ND1-169-W,13,OK,1.00,2,N/A,N/A,N/A,0
9/8/2015,North Dry Rocks,25.12983,-80.29369,Nearshore,Conch Reef 2,ND1-166-Y,12,OK,1.00,2,N/A,N/A,N/A,0
9/8/2015,North Dry Rocks,25.13002,-80.29386,Nearshore,Conch Reef 2,ND3-181-Y,13,OK,1.00,1,N/A,N/A,N/A,0
9/8/2015,North Dry Rocks,25.12965,-80.29367,Nearshore,Horseshoe Reef,ND2-179-P,13,OK,1.00,1,N/A,N/A,N/A,0
9/8/2015,North Dry Rocks,25.12965,-80.29367,Nearshore,Conch Reef 1,ND2-179-W,13,OK,1.00,2,N/A,N/A,N/A,0
9/8/2015,North Dry Rocks,25.12965,-80.29367,Nearshore,Conch Reef 2,ND2-179-Y,13,OK,1.00,1,N/A,N/A,N/A,0
9/8/2015,North Dry Rocks,25.12965,-80.29367,Nearshore,Snapper Ledge,ND2-180-B,13,D,0.00,N/A,N/A,N/A,N/A,N/A
9/8/2015,North Dry Rocks,25.12965,-80.29367,Nearshore,Horseshoe Reef,ND2-180-P,13,OK,1.00,1,N/A,N/A,N/A,0
9/8/2015,North Dry Rocks,25.12965,-80.29367,Nearshore,Conch Reef 2,ND2-180-Y,13,OK,1.00,1,N/A,N/A,N/A,0
9/8/2015,North Dry Rocks,25.12965,-80.29367,Nearshore,Conch Reef 1,ND2-180-W,13,OK,1.00,2,N/A,N/A,N/A,0
9/8/2015,North Dry Rocks,25.13002,-80.29386,Nearshore,Conch Reef 1,ND3-181-W,13,OK,1.00,2,N/A,N/A,N/A,0
9/8/2015,North Dry Rocks,25.12965,-80.29367,Nearshore,Conch Reef 1,ND2-178-W,12,OK,1.00,2,N/A,N/A,N/A,0
9/8/2015,North Dry Rocks,25.13002,-80.29386,Nearshore,Snapper Ledge,ND3-182-B,13,OK,1.00,3,N/A,N/A,N/A,0
9/8/2015,North Dry Rocks,25.13002,-80.29386,Nearshore,Horseshoe Reef,ND3-182-P,12,OK,1.00,3,N/A,N/A,N/A,0
9/8/2015,North Dry Rocks,25.13002,-80.29386,Nearshore,Conch Reef 1,ND3-182-W,12,OK,1.00,2,N/A,N/A,N/A,0
9/8/2015,North Dry Rocks,25.12983,-80.29369,Nearshore,Conch Reef 1,ND1-165-W,13,OK,1.00,2,N/A,N/A,N/A,0
9/8/2015,Horseshoe,25.14023,-80.29410,Nearshore,Conch Reef 1,HS1-240-W,11,OK,1.00,3,N/A,N/A,N/A,0
9/8/2015,North Dry Rocks,25.13002,-80.29386,Nearshore,Conch Reef 2,ND3-182-Y,12,OK,1.00,3,N/A,N/A,N/A,0
9/8/2015,North Dry Rocks,25.13002,-80.29386,Nearshore,Snapper Ledge,ND3-183-B,12,OK,1.00,3,N/A,N/A,N/A,0
9/8/2015,North Dry Rocks,25.13002,-80.29386,Nearshore,Horseshoe Reef,ND3-181-P,12,OK,1.00,1,N/A,N/A,N/A,0
9/8/2015,North Dry Rocks,25.12965,-80.29367,Nearshore,Conch Reef 2,ND2-176-Y,13,OK,1.00,2,N/A,N/A,N/A,0
9/8/2015,North Dry Rocks,25.12965,-80.29367,Nearshore,Conch Reef 1,ND2-174-W,14,OK,1.00,2,N/A,N/A,N/A,0
9/8/2015,North Dry Rocks,25.12965,-80.29367,Nearshore,Conch Reef 2,ND2-174-Y,13,OK,1.00,2,N/A,N/A,N/A,0
9/8/2015,North Dry Rocks,25.12965,-80.29367,Nearshore,Snapper Ledge,ND2-175-B,13,D,0.00,N/A,N/A,N/A,N/A,N/A
9/8/2015,North Dry Rocks,25.12965,-80.29367,Nearshore,Horseshoe Reef,ND2-175-P,13,OK,1.00,1,N/A,N/A,N/A,0
9/8/2015,North Dry Rocks,25.12965,-80.29367,Nearshore,Conch Reef 1,ND2-175-W,13,OK,1.00,2,N/A,N/A,N/A,0
9/8/2015,North Dry Rocks,25.12965,-80.29367,Nearshore,Conch Reef 2,ND2-175-Y,13,RM,0.50,1,N/A,N/A,N/A,0
9/8/2015,North Dry Rocks,25.12965,-80.29367,Nearshore,Snapper Ledge,ND2-176-B,12,OK,1.00,3,N/A,N/A,N/A,0
9/8/2015,North Dry Rocks,25.12965,-80.29367,Nearshore,Snapper Ledge,ND2-179-B,13,OK,1.00,3,N/A,N/A,N/A,0
9/8/2015,North Dry Rocks,25.12965,-80.29367,Nearshore,Conch Reef 1,ND2-176-W,13,OK,1.00,2,N/A,N/A,N/A,0
9/8/2015,North Dry Rocks,25.12965,-80.29367,Nearshore,Conch Reef 2,ND2-178-Y,13,OK,0.95,2,N/A,N/A,N/A,0
9/8/2015,North Dry Rocks,25.12965,-80.29367,Nearshore,Snapper Ledge,ND2-177-B,14,OK,1.00,2,N/A,N/A,N/A,0
9/8/2015,North Dry Rocks,25.12965,-80.29367,Nearshore,Horseshoe Reef,ND2-177-P,13,OK,0.95,1,N/A,N/A,N/A,0
9/8/2015,North Dry Rocks,25.12965,-80.29367,Nearshore,Conch Reef 1,ND2-177-W,13,OK,1.00,2,N/A,N/A,N/A,0
9/8/2015,North Dry Rocks,25.12965,-80.29367,Nearshore,Conch Reef 2,ND2-177-Y,13,OK,0.95,1,N/A,N/A,N/A,0
9/8/2015,North Dry Rocks,25.12965,-80.29367,Nearshore,Snapper Ledge,ND2-178-B,13,OK,1.00,3,N/A,N/A,N/A,0
9/8/2015,North Dry Rocks,25.12965,-80.29367,Nearshore,Horseshoe Reef,ND2-178-P,13,OK,1.00,1,N/A,N/A,N/A,0
9/8/2015,North Dry Rocks,25.12965,-80.29367,Nearshore,Horseshoe Reef,ND2-174-P,14,OK,1.00,1,N/A,N/A,N/A,0
9/8/2015,North Dry Rocks,25.12965,-80.29367,Nearshore,Horseshoe Reef,ND2-176-P,12,OK,1.00,1,N/A,N/A,N/A,0
9/8/2015,Horseshoe,25.14023,-80.29410,Nearshore,Conch Reef 2,HS2-243-Y,11,OK,1.00,2,N/A,N/A,N/A,0
9/8/2015,Horseshoe,25.14023,-80.29410,Nearshore,Conch Reef 2,HS2-241-Y,10,OK,1.00,2,N/A,N/A,N/A,0
9/8/2015,Horseshoe,25.14023,-80.29410,Nearshore,Snapper Ledge,HS2-242-B,11,OK,1.00,4,N/A,N/A,N/A,0
9/8/2015,Horseshoe,25.14023,-80.29410,Nearshore,Horseshoe Reef,HS2-242-P,10,OK,1.00,1,N/A,N/A,N/A,0
9/8/2015,Horseshoe,25.14023,-80.29410,Nearshore,Conch Reef 1,HS2-242-W,11,OK,1.00,3,N/A,N/A,N/A,0
9/8/2015,Horseshoe,25.14023,-80.29410,Nearshore,Conch Reef 2,HS2-242-Y,10,OK,1.00,2,N/A,N/A,N/A,0
9/8/2015,Horseshoe,25.14023,-80.29410,Nearshore,Snapper Ledge,HS2-243-B,11,OK,1.00,4,N/A,N/A,N/A,0
9/8/2015,Horseshoe,25.14023,-80.29410,Nearshore,Conch Reef 2,HS2-245-Y,10,OK,1.00,3,N/A,N/A,N/A,0
9/8/2015,Horseshoe,25.14023,-80.29410,Nearshore,Conch Reef 1,HS2-243-W,11,OK,1.00,3,N/A,N/A,N/A,0
9/8/2015,Horseshoe,25.14023,-80.29410,Nearshore,Conch Reef 2,HS1-240-Y,12,OK,0.25,2,N/A,N/A,N/A,0
9/8/2015,Horseshoe,25.14023,-80.29410,Nearshore,Snapper Ledge,HS2-244-B,10,OK,1.00,4,N/A,N/A,N/A,1
9/8/2015,Horseshoe,25.14023,-80.29410,Nearshore,Horseshoe Reef,HS2-244-P,11,OK,1.00,2,N/A,N/A,N/A,0
9/8/2015,Horseshoe,25.14023,-80.29410,Nearshore,Conch Reef 1,HS2-244-W,10,OK,1.00,3,N/A,N/A,N/A,0
9/8/2015,Horseshoe,25.14023,-80.29410,Nearshore,Conch Reef 2,HS2-244-Y,11,OK,1.00,2,N/A,N/A,N/A,0
9/8/2015,Horseshoe,25.14023,-80.29410,Nearshore,Snapper Ledge,HS2-245-B,11,OK,1.00,4,N/A,N/A,N/A,0
9/8/2015,Horseshoe,25.14023,-80.29410,Nearshore,Horseshoe Reef,HS2-245-P,11,OK,1.00,2,N/A,N/A,N/A,0
9/8/2015,Horseshoe,25.14023,-80.29410,Nearshore,Snapper Ledge,HS2-241-B,11,OK,0.90,4,N/A,N/A,N/A,0
9/8/2015,Horseshoe,25.14023,-80.29410,Nearshore,Horseshoe Reef,HS2-243-P,10,OK,1.00,2,N/A,N/A,N/A,0
9/8/2015,Horseshoe,25.14023,-80.29410,Nearshore,Conch Reef 2,HS1-238-Y,9,OK,1.00,4,N/A,N/A,N/A,0
9/8/2015,Pickles Reef,24.98573,-80.41569,Offshore,Conch Reef 1,PI6-123-W,14,OK,1.00,1,N/A,N/A,N/A,0
9/8/2015,North Dry Rocks,25.13002,-80.29386,Nearshore,Horseshoe Reef,ND3-183-P,12,OK,1.00,1,N/A,N/A,N/A,0
9/8/2015,Horseshoe,25.14023,-80.29410,Nearshore,Snapper Ledge,HS1-237-B,10,OK,1.00,4,N/A,N/A,N/A,0
9/8/2015,Horseshoe,25.14023,-80.29410,Nearshore,Horseshoe Reef,HS1-237-P,9,OK,1.00,1,N/A,N/A,N/A,0
9/8/2015,Horseshoe,25.14023,-80.29410,Nearshore,Conch Reef 1,HS1-237-W,10,OK,1.00,2,N/A,N/A,N/A,0
9/8/2015,Horseshoe,25.14023,-80.29410,Nearshore,Conch Reef 2,HS1-237-Y,10,OK,1.00,3,N/A,N/A,N/A,0
9/8/2015,Horseshoe,25.14023,-80.29410,Nearshore,Snapper Ledge,HS1-238-B,10,OK,1.00,4,N/A,N/A,N/A,0
9/8/2015,Horseshoe,25.14023,-80.29410,Nearshore,Conch Reef 1,HS2-241-W,11,OK,1.00,4,N/A,N/A,N/A,0
9/8/2015,Horseshoe,25.14023,-80.29410,Nearshore,Conch Reef 1,HS1-238-W,10,OK,1.00,4,N/A,N/A,N/A,0
9/8/2015,Horseshoe,25.14023,-80.29410,Nearshore,Horseshoe Reef,HS2-241-P,11,OK,1.00,2,N/A,N/A,N/A,0
9/8/2015,Horseshoe,25.14023,-80.29410,Nearshore,Snapper Ledge,HS1-239-B,10,OK,1.00,3,N/A,N/A,N/A,0
9/8/2015,Horseshoe,25.14023,-80.29410,Nearshore,Horseshoe Reef,HS1-239-P,11,OK,1.00,1,N/A,N/A,N/A,0
9/8/2015,Horseshoe,25.14023,-80.29410,Nearshore,Conch Reef 1,HS1-239-W,10,OK,1.00,3,N/A,N/A,N/A,0
9/8/2015,Horseshoe,25.14023,-80.29410,Nearshore,Conch Reef 2,HS1-239-Y,10,OK,1.00,2,N/A,N/A,N/A,0
9/8/2015,Horseshoe,25.14023,-80.29410,Nearshore,Snapper Ledge,HS1-240-B,12,RM,0.30,4,N/A,N/A,N/A,0
9/8/2015,Horseshoe,25.14023,-80.29410,Nearshore,Horseshoe Reef,HS1-240-P,12,D,0.00,N/A,N/A,N/A,N/A,N/A
9/8/2015,Horseshoe,25.14023,-80.29410,Nearshore,Snapper Ledge,HS2-246-B,12,OK,1.00,4,N/A,N/A,N/A,0
9/8/2015,Horseshoe,25.14023,-80.29410,Nearshore,Horseshoe Reef,HS1-238-P,10,OK,1.00,1,N/A,N/A,N/A,0
9/8/2015,North Dry Rocks,25.12983,-80.29369,Nearshore,Snapper Ledge,ND1-163-B,13,OK,1.00,2,N/A,N/A,N/A,0
9/8/2015,North Dry Rocks,25.12983,-80.29369,Nearshore,Snapper Ledge,ND1-161-B,15,OK,1.00,3,N/A,N/A,N/A,0
9/8/2015,North Dry Rocks,25.12983,-80.29369,Nearshore,Horseshoe Reef,ND1-161-P,15,OK,1.00,1,N/A,N/A,N/A,0
9/8/2015,North Dry Rocks,25.12983,-80.29369,Nearshore,Conch Reef 1,ND1-161-W,15,OK,1.00,3,N/A,N/A,N/A,0
9/8/2015,North Dry Rocks,25.12983,-80.29369,Nearshore,Conch Reef 2,ND1-161-Y,15,OK,1.00,2,N/A,N/A,N/A,0
9/8/2015,North Dry Rocks,25.12983,-80.29369,Nearshore,Snapper Ledge,ND1-162-B,15,D,0.00,N/A,N/A,N/A,N/A,N/A
9/8/2015,North Dry Rocks,25.12983,-80.29369,Nearshore,Horseshoe Reef,ND1-162-P,14,OK,1.00,1,N/A,N/A,N/A,1
9/8/2015,Horseshoe,25.14023,-80.29410,Nearshore,Conch Reef 1,HS2-245-W,11,OK,1.00,3,N/A,N/A,N/A,0
9/8/2015,North Dry Rocks,25.12983,-80.29369,Nearshore,Conch Reef 2,ND1-162-Y,14,OK,1.00,2,N/A,N/A,N/A,0
9/8/2015,Horseshoe,25.14023,-80.29410,Nearshore,Horseshoe Reef,HS2-250-P,12,OK,1.00,1,N/A,N/A,N/A,0
9/8/2015,North Dry Rocks,25.12983,-80.29369,Nearshore,Horseshoe Reef,ND1-163-P,13,OK,1.00,1,N/A,N/A,N/A,0
9/8/2015,North Dry Rocks,25.12983,-80.29369,Nearshore,Conch Reef 1,ND1-163-W,13,OK,1.00,2,N/A,N/A,N/A,0
9/8/2015,North Dry Rocks,25.12983,-80.29369,Nearshore,Conch Reef 2,ND1-163-Y,13,OK,1.00,2,N/A,N/A,N/A,0
9/8/2015,North Dry Rocks,25.12983,-80.29369,Nearshore,Snapper Ledge,ND1-164-B,13,OK,1.00,3,N/A,N/A,N/A,0
9/8/2015,North Dry Rocks,25.12983,-80.29369,Nearshore,Conch Reef 1,ND1-164-W,13,OK,1.00,1,N/A,N/A,N/A,0
9/8/2015,North Dry Rocks,25.12983,-80.29369,Nearshore,Conch Reef 2,ND1-164-Y,13,OK,1.00,2,N/A,N/A,N/A,0
9/8/2015,North Dry Rocks,25.12983,-80.29369,Nearshore,Snapper Ledge,ND1-165-B,13,OK,1.00,3,N/A,N/A,N/A,0
9/8/2015,North Dry Rocks,25.12983,-80.29369,Nearshore,Conch Reef 1,ND1-162-W,15,OK,1.00,1,N/A,N/A,N/A,0
9/8/2015,Horseshoe,25.14023,-80.29410,Nearshore,Conch Reef 1,HS2-248-W,11,OK,1.00,4,N/A,N/A,N/A,0
9/8/2015,Horseshoe,25.14023,-80.29410,Nearshore,Horseshoe Reef,HS2-246-P,12,OK,1.00,2,N/A,N/A,N/A,0
9/8/2015,Horseshoe,25.14023,-80.29410,Nearshore,Conch Reef 1,HS2-246-W,12,OK,1.00,3,N/A,N/A,N/A,0
9/8/2015,Horseshoe,25.14023,-80.29410,Nearshore,Conch Reef 2,HS2-246-Y,12,OK,1.00,1,N/A,N/A,N/A,0
9/8/2015,Horseshoe,25.14023,-80.29410,Nearshore,Snapper Ledge,HS2-247-B,10,OK,1.00,4,N/A,N/A,N/A,0
9/8/2015,Horseshoe,25.14023,-80.29410,Nearshore,Horseshoe Reef,HS2-247-P,10,OK,1.00,2,N/A,N/A,N/A,1
9/8/2015,Horseshoe,25.14023,-80.29410,Nearshore,Conch Reef 1,HS2-247-W,11,OK,1.00,3,N/A,N/A,N/A,0
9/8/2015,Horseshoe,25.14023,-80.29410,Nearshore,Conch Reef 2,HS2-247-Y,11,OK,1.00,3,N/A,N/A,N/A,0
9/8/2015,Horseshoe,25.14023,-80.29410,Nearshore,Conch Reef 2,HS2-250-Y,13,OK,1.00,2,N/A,N/A,N/A,0
9/8/2015,Horseshoe,25.14023,-80.29410,Nearshore,Horseshoe Reef,HS2-248-P,10,OK,1.00,1,N/A,N/A,N/A,0
9/8/2015,Horseshoe,25.14023,-80.29410,Nearshore,Conch Reef 1,HS2-250-W,13,OK,1.00,3,N/A,N/A,N/A,0
9/8/2015,Horseshoe,25.14023,-80.29410,Nearshore,Conch Reef 2,HS2-248-Y,11,OK,0.95,1,N/A,N/A,N/A,0
9/8/2015,Horseshoe,25.14023,-80.29410,Nearshore,Snapper Ledge,HS2-249-B,11,OK,1.00,3,N/A,N/A,N/A,0
9/8/2015,Horseshoe,25.14023,-80.29410,Nearshore,Horseshoe Reef,HS2-249-P,11,OK,1.00,2,N/A,N/A,N/A,0
9/8/2015,Horseshoe,25.14023,-80.29410,Nearshore,Conch Reef 1,HS2-249-W,11,OK,1.00,3,N/A,N/A,N/A,0
9/8/2015,Horseshoe,25.14023,-80.29410,Nearshore,Conch Reef 2,HS2-249-Y,11,OK,1.00,2,N/A,N/A,N/A,0
9/8/2015,Horseshoe,25.14023,-80.29410,Nearshore,Snapper Ledge,HS2-250-B,13,OK,1.00,3,N/A,N/A,N/A,0
9/8/2015,North Dry Rocks,25.12983,-80.29369,Nearshore,Horseshoe Reef,ND1-165-P,13,OK,1.00,1,N/A,N/A,N/A,0
9/8/2015,Horseshoe,25.14023,-80.29410,Nearshore,Snapper Ledge,HS2-248-B,11,OK,1.00,4,N/A,N/A,N/A,0
9/8/2015,Pickles Reef,24.98575,-80.41558,Offshore,Conch Reef 2,PI5-119-Y,15,OK,1.00,1,N/A,N/A,N/A,0
9/8/2015,Pickles Reef,24.98573,-80.41569,Offshore,Snapper Ledge,PI6-123-B,14,OK,1.00,2,N/A,N/A,N/A,0
9/8/2015,Pickles Reef,24.98575,-80.41558,Offshore,Snapper Ledge,PI5-118-B,15,OK,1.00,1,N/A,N/A,N/A,0
9/8/2015,Pickles Reef,24.98575,-80.41558,Offshore,Horseshoe Reef,PI5-118-P,15,OK,0.85,1,N/A,N/A,N/A,0
9/8/2015,Pickles Reef,24.98575,-80.41558,Offshore,Conch Reef 1,PI5-118-W,15,OK,1.00,1,N/A,N/A,N/A,0
9/8/2015,Pickles Reef,24.98575,-80.41558,Offshore,Conch Reef 2,PI5-118-Y,15,OK,1.00,1,N/A,N/A,N/A,0
9/8/2015,Pickles Reef,24.98575,-80.41558,Offshore,Snapper Ledge,PI5-119-B,14,OK,1.00,2,N/A,N/A,N/A,0
9/8/2015,Pickles Reef,24.98575,-80.41558,Offshore,Conch Reef 1,PI5-117-W,15,OK,0.95,1,N/A,N/A,N/A,0
9/8/2015,Pickles Reef,24.98575,-80.41558,Offshore,Conch Reef 1,PI5-119-W,14,OK,0.95,1,N/A,N/A,N/A,0
9/8/2015,Pickles Reef,24.98575,-80.41558,Offshore,Horseshoe Reef,PI5-117-P,15,OK,0.60,1,N/A,N/A,N/A,0
9/8/2015,Pickles Reef,24.98575,-80.41558,Offshore,Snapper Ledge,PI5-120-B,14,OK,1.00,2,N/A,N/A,N/A,0
9/8/2015,Pickles Reef,24.98575,-80.41558,Offshore,Horseshoe Reef,PI5-120-P,14,OK,1.00,0,N/A,N/A,N/A,0
9/8/2015,Pickles Reef,24.98575,-80.41558,Offshore,Conch Reef 1,PI5-120-W,14,OK,1.00,0,N/A,N/A,N/A,0
9/8/2015,Pickles Reef,24.98575,-80.41558,Offshore,Conch Reef 2,PI5-120-Y,14,OK,0.95,2,N/A,N/A,N/A,0
9/8/2015,Pickles Reef,24.98573,-80.41569,Offshore,Snapper Ledge,PI6-121-B,15,OK,1.00,2,N/A,N/A,N/A,0
9/8/2015,Pickles Reef,24.98573,-80.41569,Offshore,Horseshoe Reef,PI6-121-P,14,OK,1.00,1,N/A,N/A,N/A,0
9/8/2015,Pickles Reef,24.98573,-80.41569,Offshore,Conch Reef 1,PI6-121-W,15,OK,1.00,1,N/A,N/A,N/A,0
9/8/2015,Pickles Reef,24.98575,-80.41558,Offshore,Horseshoe Reef,PI5-119-P,15,OK,1.00,1,N/A,N/A,N/A,0
9/8/2015,Pickles Reef,24.98575,-80.41558,Offshore,Horseshoe Reef,PI5-115-P,15,OK,1.00,2,N/A,N/A,N/A,0
9/8/2015,Pickles Reef,24.98575,-80.41558,Offshore,Horseshoe Reef,PI5-113-P,16,OK,1.00,2,N/A,N/A,N/A,0
9/8/2015,Pickles Reef,24.98575,-80.41558,Offshore,Conch Reef 1,PI5-113-W,15,OK,1.00,1,N/A,N/A,N/A,0
9/8/2015,Pickles Reef,24.98575,-80.41558,Offshore,Conch Reef 2,PI5-113-Y,16,OK,0.99,1,N/A,N/A,N/A,0
9/8/2015,Pickles Reef,24.98575,-80.41558,Offshore,Snapper Ledge,PI5-114-B,16,OK,1.00,2,N/A,N/A,N/A,0
9/8/2015,Pickles Reef,24.98575,-80.41558,Offshore,Horseshoe Reef,PI5-114-P,15,OK,1.00,1,N/A,N/A,N/A,0
9/8/2015,Pickles Reef,24.98575,-80.41558,Offshore,Conch Reef 1,PI5-114-W,15,OK,1.00,1,N/A,N/A,N/A,0
9/8/2015,Pickles Reef,24.98575,-80.41558,Offshore,Conch Reef 2,PI5-117-Y,15,OK,1.00,2,N/A,N/A,N/A,0
9/8/2015,Pickles Reef,24.98575,-80.41558,Offshore,Snapper Ledge,PI5-115-B,15,OK,1.00,2,N/A,N/A,N/A,0
9/8/2015,Pickles Reef,24.98573,-80.41569,Offshore,Horseshoe Reef,PI6-122-P,14,OK,1.00,1,N/A,N/A,N/A,0
9/8/2015,Pickles Reef,24.98575,-80.41558,Offshore,Conch Reef 1,PI5-115-W,15,OK,1.00,2,N/A,N/A,N/A,0
9/8/2015,Pickles Reef,24.98575,-80.41558,Offshore,Conch Reef 2,PI5-115-Y,15,OK,0.99,2,N/A,N/A,N/A,0
9/8/2015,Pickles Reef,24.98575,-80.41558,Offshore,Snapper Ledge,PI5-116-B,15,OK,0.95,2,N/A,N/A,N/A,0
9/8/2015,Pickles Reef,24.98575,-80.41558,Offshore,Horseshoe Reef,PI5-116-P,15,OK,0.99,1,N/A,N/A,N/A,0
9/8/2015,Pickles Reef,24.98575,-80.41558,Offshore,Conch Reef 1,PI5-116-W,15,OK,0.90,2,N/A,N/A,N/A,0
9/8/2015,Pickles Reef,24.98575,-80.41558,Offshore,Conch Reef 2,PI5-116-Y,15,OK,1.00,2,N/A,N/A,N/A,0
9/8/2015,Pickles Reef,24.98575,-80.41558,Offshore,Snapper Ledge,PI5-117-B,15,OK,1.00,2,N/A,N/A,N/A,0
9/8/2015,Pickles Reef,24.98575,-80.41558,Offshore,Conch Reef 2,PI5-114-Y,16,OK,0.95,2,N/A,N/A,N/A,0
9/8/2015,Pickles Reef,24.98573,-80.41569,Offshore,Snapper Ledge,PI6-129-B,14,OK,1.00,2,N/A,N/A,N/A,0
9/8/2015,Pickles Reef,24.98573,-80.41569,Offshore,Snapper Ledge,PI6-127-B,13,OK,1.00,2,N/A,N/A,N/A,0
9/8/2015,Pickles Reef,24.98573,-80.41569,Offshore,Horseshoe Reef,PI6-127-P,14,OK,1.00,1,N/A,N/A,N/A,0
9/8/2015,Pickles Reef,24.98573,-80.41569,Offshore,Conch Reef 1,PI6-127-W,13,OK,1.00,1,N/A,N/A,N/A,0
9/8/2015,Pickles Reef,24.98573,-80.41569,Offshore,Conch Reef 2,PI6-127-Y,14,OK,0.95,2,N/A,N/A,N/A,0
9/8/2015,Pickles Reef,24.98573,-80.41569,Offshore,Snapper Ledge,PI6-128-B,14,D,0.00,N/A,N/A,N/A,N/A,N/A
9/8/2015,Pickles Reef,24.98573,-80.41569,Offshore,Horseshoe Reef,PI6-128-P,13,OK,1.00,1,N/A,N/A,N/A,0
9/8/2015,Pickles Reef,24.98573,-80.41569,Offshore,Conch Reef 2,PI6-121-Y,15,OK,1.00,2,N/A,N/A,N/A,0
9/8/2015,Pickles Reef,24.98573,-80.41569,Offshore,Conch Reef 2,PI6-128-Y,14,OK,1.00,1,N/A,N/A,N/A,0
9/8/2015,Pickles Reef,24.98573,-80.41569,Offshore,Horseshoe Reef,PI6-126-P,14,OK,1.00,1,N/A,N/A,N/A,0
9/8/2015,Pickles Reef,24.98573,-80.41569,Offshore,Horseshoe Reef,PI6-129-P,14,OK,1.00,1,N/A,N/A,N/A,0
9/8/2015,Pickles Reef,24.98573,-80.41569,Offshore,Conch Reef 1,PI6-129-W,14,OK,0.95,1,N/A,N/A,N/A,0
9/8/2015,Pickles Reef,24.98573,-80.41569,Offshore,Conch Reef 2,PI6-129-Y,14,OK,0.99,1,N/A,N/A,N/A,0
9/8/2015,Pickles Reef,24.98573,-80.41569,Offshore,Snapper Ledge,PI6-130-B,13,OK,1.00,2,N/A,N/A,N/A,0
9/8/2015,Pickles Reef,24.98573,-80.41569,Offshore,Horseshoe Reef,PI6-130-P,13,OK,0.99,1,N/A,N/A,N/A,0
9/8/2015,Pickles Reef,24.98573,-80.41569,Offshore,Conch Reef 1,PI6-130-W,13,OK,1.00,1,N/A,N/A,N/A,0
9/8/2015,Pickles Reef,24.98573,-80.41569,Offshore,Conch Reef 2,PI6-130-Y,13,OK,0.90,1,N/A,N/A,N/A,0
9/8/2015,Pickles Reef,24.98573,-80.41569,Offshore,Conch Reef 1,PI6-128-W,13,OK,1.00,1,N/A,N/A,N/A,0
9/8/2015,Pickles Reef,24.98573,-80.41569,Offshore,Conch Reef 1,PI6-124-W,14,OK,0.95,1,N/A,N/A,N/A,0
9/8/2015,Pickles Reef,24.98575,-80.41558,Offshore,Conch Reef 1,PI5-112-W,15,OK,1.00,0,N/A,N/A,N/A,0
9/8/2015,Pickles Reef,24.98573,-80.41569,Offshore,Conch Reef 1,PI6-122-W,14,OK,1.00,1,N/A,N/A,N/A,0
9/8/2015,Pickles Reef,24.98573,-80.41569,Offshore,Conch Reef 2,PI6-122-Y,14,OK,1.00,1,N/A,N/A,N/A,0
9/8/2015,Horseshoe,25.14023,-80.29410,Nearshore,Conch Reef 2,HS1-236-Y,10,OK,1.00,3,N/A,N/A,N/A,0
9/8/2015,Pickles Reef,24.98573,-80.41569,Offshore,Horseshoe Reef,PI6-123-P,14,OK,1.00,2,N/A,N/A,N/A,0
9/8/2015,Pickles Reef,24.98607,-80.41506,Offshore,Snapper Ledge,PI4-109-B,16,OK,0.90,2,N/A,N/A,N/A,0
9/8/2015,Pickles Reef,24.98573,-80.41569,Offshore,Conch Reef 2,PI6-123-Y,14,OK,1.00,1,N/A,N/A,N/A,0
9/8/2015,Pickles Reef,24.98573,-80.41569,Offshore,Conch Reef 2,PI6-126-Y,14,OK,0.70,1,N/A,N/A,N/A,0
9/8/2015,Pickles Reef,24.98573,-80.41569,Offshore,Horseshoe Reef,PI6-124-P,14,OK,1.00,1,N/A,N/A,N/A,0
9/8/2015,Pickles Reef,24.98573,-80.41569,Offshore,Conch Reef 1,PI6-126-W,14,OK,0.95,1,N/A,N/A,N/A,0
9/8/2015,Pickles Reef,24.98573,-80.41569,Offshore,Conch Reef 2,PI6-124-Y,14,OK,0.95,2,N/A,N/A,N/A,0
9/8/2015,Pickles Reef,24.98573,-80.41569,Offshore,Snapper Ledge,PI6-125-B,14,OK,1.00,2,N/A,N/A,N/A,0
9/8/2015,Pickles Reef,24.98573,-80.41569,Offshore,Horseshoe Reef,PI6-125-P,14,OK,1.00,1,N/A,N/A,N/A,0
9/8/2015,Pickles Reef,24.98573,-80.41569,Offshore,Conch Reef 1,PI6-125-W,14,OK,1.00,1,N/A,N/A,N/A,0
9/8/2015,Pickles Reef,24.98573,-80.41569,Offshore,Conch Reef 2,PI6-125-Y,14,OK,1.00,1,N/A,N/A,N/A,0
9/8/2015,Pickles Reef,24.98573,-80.41569,Offshore,Snapper Ledge,PI6-126-B,14,OK,1.00,2,N/A,N/A,N/A,0
9/8/2015,Pickles Reef,24.98573,-80.41569,Offshore,Snapper Ledge,PI6-122-B,14,OK,1.00,2,N/A,N/A,N/A,0
9/8/2015,Pickles Reef,24.98573,-80.41569,Offshore,Snapper Ledge,PI6-124-B,14,OK,1.00,2,N/A,N/A,N/A,0
9/8/2015,North Dry Rocks,25.13002,-80.29386,Nearshore,Conch Reef 2,ND3-190-Y,13,OK,1.00,2,N/A,N/A,N/A,0
9/8/2015,North Dry Rocks,25.13002,-80.29386,Nearshore,Conch Reef 2,ND3-188-Y,12,OK,1.00,1,N/A,N/A,N/A,0
9/8/2015,North Dry Rocks,25.13002,-80.29386,Nearshore,Snapper Ledge,ND3-189-B,12,OK,1.00,3,N/A,N/A,N/A,0
9/8/2015,North Dry Rocks,25.13002,-80.29386,Nearshore,Horseshoe Reef,ND3-189-P,12,OK,1.00,1,N/A,N/A,N/A,0
9/8/2015,North Dry Rocks,25.13002,-80.29386,Nearshore,Conch Reef 1,ND3-189-W,12,OK,1.00,2,N/A,N/A,N/A,0
9/8/2015,North Dry Rocks,25.13002,-80.29386,Nearshore,Conch Reef 2,ND3-189-Y,12,OK,1.00,1,N/A,N/A,N/A,0
9/8/2015,North Dry Rocks,25.13002,-80.29386,Nearshore,Snapper Ledge,ND3-190-B,12,OK,1.00,3,N/A,N/A,N/A,0
9/8/2015,Pickles Reef,24.98607,-80.41506,Offshore,Snapper Ledge,PI4-103-B,17,RM,0.40,1,N/A,N/A,N/A,0
9/8/2015,North Dry Rocks,25.13002,-80.29386,Nearshore,Conch Reef 1,ND3-190-W,12,OK,1.00,2,N/A,N/A,N/A,0
9/8/2015,North Dry Rocks,25.13002,-80.29386,Nearshore,Snapper Ledge,ND3-188-B,12,OK,1.00,3,N/A,N/A,N/A,0
9/8/2015,Pickles Reef,24.98607,-80.41506,Offshore,Snapper Ledge,PI4-101-B,17,OK,1.00,2,N/A,N/A,N/A,0
9/8/2015,Pickles Reef,24.98607,-80.41506,Offshore,Horseshoe Reef,PI4-101-P,17,OK,0.99,0,N/A,N/A,N/A,0
9/8/2015,Pickles Reef,24.98607,-80.41506,Offshore,Conch Reef 1,PI4-101-W,17,OK,1.00,1,N/A,N/A,N/A,0
9/8/2015,Pickles Reef,24.98607,-80.41506,Offshore,Conch Reef 2,PI4-101-Y,17,OK,0.95,1,N/A,N/A,N/A,0
9/8/2015,Pickles Reef,24.98607,-80.41506,Offshore,Snapper Ledge,PI4-102-B,17,OK,1.00,2,N/A,N/A,N/A,0
9/8/2015,Pickles Reef,24.98607,-80.41506,Offshore,Horseshoe Reef,PI4-102-P,17,OK,0.95,0,N/A,N/A,N/A,0
9/8/2015,Pickles Reef,24.98575,-80.41558,Offshore,Snapper Ledge,PI5-113-B,15,OK,1.00,0,N/A,N/A,N/A,0
9/8/2015,North Dry Rocks,25.13002,-80.29386,Nearshore,Horseshoe Reef,ND3-190-P,12,OK,1.00,1,N/A,N/A,N/A,0
9/8/2015,North Dry Rocks,25.13002,-80.29386,Nearshore,Horseshoe Reef,ND3-186-P,12,OK,1.00,1,N/A,N/A,N/A,0
9/8/2015,North Dry Rocks,25.13002,-80.29386,Nearshore,Conch Reef 2,ND3-183-Y,11,OK,1.00,2,N/A,N/A,N/A,0
9/8/2015,North Dry Rocks,25.13002,-80.29386,Nearshore,Snapper Ledge,ND3-184-B,12,OK,1.00,3,N/A,N/A,N/A,0
9/8/2015,North Dry Rocks,25.13002,-80.29386,Nearshore,Horseshoe Reef,ND3-184-P,12,OK,1.00,1,N/A,N/A,N/A,0
9/8/2015,North Dry Rocks,25.13002,-80.29386,Nearshore,Conch Reef 1,ND3-184-W,12,OK,1.00,2,N/A,N/A,N/A,0
9/8/2015,North Dry Rocks,25.13002,-80.29386,Nearshore,Conch Reef 2,ND3-184-Y,11,OK,1.00,1,N/A,N/A,N/A,0
9/8/2015,North Dry Rocks,25.13002,-80.29386,Nearshore,Snapper Ledge,ND3-185-B,11,OK,1.00,3,N/A,N/A,N/A,0
9/8/2015,North Dry Rocks,25.13002,-80.29386,Nearshore,Horseshoe Reef,ND3-185-P,11,OK,1.00,2,N/A,N/A,N/A,0
9/8/2015,North Dry Rocks,25.13002,-80.29386,Nearshore,Conch Reef 1,ND3-188-W,12,OK,1.00,2,N/A,N/A,N/A,0
9/8/2015,North Dry Rocks,25.13002,-80.29386,Nearshore,Snapper Ledge,ND3-186-B,12,OK,1.00,4,N/A,N/A,N/A,0
9/8/2015,North Dry Rocks,25.13002,-80.29386,Nearshore,Horseshoe Reef,ND3-188-P,12,OK,1.00,0,N/A,N/A,N/A,0
9/8/2015,North Dry Rocks,25.13002,-80.29386,Nearshore,Conch Reef 1,ND3-186-W,12,OK,1.00,2,N/A,N/A,N/A,0
9/8/2015,North Dry Rocks,25.13002,-80.29386,Nearshore,Conch Reef 2,ND3-186-Y,12,OK,0.40,1,N/A,N/A,N/A,0
9/8/2015,North Dry Rocks,25.13002,-80.29386,Nearshore,Snapper Ledge,ND3-187-B,12,OK,1.00,3,N/A,N/A,N/A,0
9/8/2015,North Dry Rocks,25.13002,-80.29386,Nearshore,Horseshoe Reef,ND3-187-P,13,OK,0.99,0,N/A,N/A,N/A,0
9/8/2015,North Dry Rocks,25.13002,-80.29386,Nearshore,Conch Reef 1,ND3-187-W,13,OK,0.99,2,N/A,N/A,N/A,0
9/8/2015,North Dry Rocks,25.13002,-80.29386,Nearshore,Conch Reef 2,ND3-187-Y,13,OK,1.00,1,N/A,N/A,N/A,0
9/8/2015,Pickles Reef,24.98607,-80.41506,Offshore,Horseshoe Reef,PI4-103-P,17,OK,0.30,0,N/A,N/A,N/A,0
9/8/2015,North Dry Rocks,25.13002,-80.29386,Nearshore,Conch Reef 1,ND3-185-W,11,OK,1.00,2,N/A,N/A,N/A,0
9/8/2015,Pickles Reef,24.98607,-80.41506,Offshore,Conch Reef 2,PI4-110-Y,16,OK,0.99,1,N/A,N/A,N/A,1
9/8/2015,Pickles Reef,24.98607,-80.41506,Offshore,Horseshoe Reef,PI4-108-P,15,OK,1.00,1,N/A,N/A,N/A,0
9/8/2015,Pickles Reef,24.98607,-80.41506,Offshore,Conch Reef 1,PI4-108-W,15,OK,1.00,2,N/A,N/A,N/A,0
9/8/2015,Pickles Reef,24.98607,-80.41506,Offshore,Conch Reef 2,PI4-108-Y,15,OK,1.00,1,N/A,N/A,N/A,0
9/8/2015,Pickles Reef,24.98607,-80.41506,Offshore,Horseshoe Reef,PI4-109-P,16,RM,0.60,0,N/A,N/A,N/A,0
9/8/2015,Pickles Reef,24.98607,-80.41506,Offshore,Conch Reef 2,PI4-109-Y,16,OK,0.99,1,N/A,N/A,N/A,0
9/8/2015,Pickles Reef,24.98607,-80.41506,Offshore,Snapper Ledge,PI4-110-B,16,OK,1.00,2,N/A,N/A,N/A,0
9/8/2015,Pickles Reef,24.98607,-80.41506,Offshore,Conch Reef 1,PI4-102-W,17,OK,1.00,1,N/A,N/A,N/A,0
9/8/2015,Pickles Reef,24.98607,-80.41506,Offshore,Conch Reef 1,PI4-110-W,16,OK,1.00,1,N/A,N/A,N/A,0
9/8/2015,Pickles Reef,24.98607,-80.41506,Offshore,Conch Reef 1,PI4-107-W,16,OK,1.00,1,N/A,N/A,N/A,0
9/8/2015,Pickles Reef,24.98575,-80.41558,Offshore,Snapper Ledge,PI5-111-B,16,OK,1.00,2,N/A,N/A,N/A,0
9/8/2015,Pickles Reef,24.98575,-80.41558,Offshore,Horseshoe Reef,PI5-111-P,16,OK,1.00,1,N/A,N/A,N/A,0
9/8/2015,Pickles Reef,24.98575,-80.41558,Offshore,Conch Reef 1,PI5-111-W,16,OK,0.99,2,N/A,N/A,N/A,0
9/8/2015,Pickles Reef,24.98575,-80.41558,Offshore,Conch Reef 2,PI5-111-Y,16,OK,1.00,1,N/A,N/A,N/A,0
9/8/2015,Pickles Reef,24.98575,-80.41558,Offshore,Snapper Ledge,PI5-112-B,15,RM,0.60,2,N/A,N/A,N/A,0
9/8/2015,Pickles Reef,24.98575,-80.41558,Offshore,Horseshoe Reef,PI5-112-P,15,OK,0.50,2,N/A,N/A,N/A,0
9/8/2015,North Dry Rocks,25.13002,-80.29386,Nearshore,Conch Reef 1,ND3-183-W,11,OK,1.00,2,N/A,N/A,N/A,0
9/8/2015,Pickles Reef,24.98607,-80.41506,Offshore,Horseshoe Reef,PI4-110-P,16,OK,0.99,0,N/A,N/A,N/A,0
9/8/2015,Pickles Reef,24.98607,-80.41506,Offshore,Conch Reef 2,PI4-105-Y,17,OK,1.00,2,N/A,N/A,N/A,0
9/8/2015,Pickles Reef,24.98607,-80.41506,Offshore,Conch Reef 1,PI4-103-W,17,OK,0.99,1,N/A,N/A,N/A,0
9/8/2015,Pickles Reef,24.98607,-80.41506,Offshore,Conch Reef 2,PI4-103-Y,17,OK,1.00,1,N/A,N/A,N/A,0
9/8/2015,Pickles Reef,24.98607,-80.41506,Offshore,Snapper Ledge,PI4-104-B,17,OK,1.00,2,N/A,N/A,N/A,0
9/8/2015,Pickles Reef,24.98607,-80.41506,Offshore,Horseshoe Reef,PI4-104-P,17,OK,1.00,1,N/A,N/A,N/A,0
9/8/2015,Pickles Reef,24.98607,-80.41506,Offshore,Conch Reef 1,PI4-104-W,17,OK,0.80,1,N/A,N/A,N/A,0
9/8/2015,Pickles Reef,24.98607,-80.41506,Offshore,Conch Reef 2,PI4-104-Y,17,OK,1.00,1,N/A,N/A,N/A,0
9/8/2015,Pickles Reef,24.98607,-80.41506,Offshore,Snapper Ledge,PI4-105-B,16,RM,0.40,2,N/A,N/A,N/A,0
9/8/2015,Pickles Reef,24.98607,-80.41506,Offshore,Snapper Ledge,PI4-108-B,15,OK,1.00,2,N/A,N/A,N/A,0
9/8/2015,Pickles Reef,24.98607,-80.41506,Offshore,Conch Reef 1,PI4-105-W,16,OK,1.00,1,N/A,N/A,N/A,0
9/8/2015,Pickles Reef,24.98607,-80.41506,Offshore,Conch Reef 2,PI4-107-Y,16,OK,1.00,2,N/A,N/A,N/A,0
9/8/2015,Pickles Reef,24.98607,-80.41506,Offshore,Snapper Ledge,PI4-106-B,16,OK,1.00,2,N/A,N/A,N/A,0
9/8/2015,Pickles Reef,24.98607,-80.41506,Offshore,Horseshoe Reef,PI4-106-P,16,OK,1.00,2,N/A,N/A,N/A,0
9/8/2015,Pickles Reef,24.98607,-80.41506,Offshore,Conch Reef 1,PI4-106-W,16,OK,0.95,2,N/A,N/A,N/A,0
9/8/2015,Pickles Reef,24.98607,-80.41506,Offshore,Conch Reef 2,PI4-106-Y,16,OK,0.95,1,N/A,N/A,N/A,0
9/8/2015,Pickles Reef,24.98607,-80.41506,Offshore,Snapper Ledge,PI4-107-B,16,OK,0.90,2,N/A,N/A,N/A,0
9/8/2015,Pickles Reef,24.98607,-80.41506,Offshore,Horseshoe Reef,PI4-107-P,16,OK,0.99,1,N/A,N/A,N/A,0
9/8/2015,Pickles Reef,24.98575,-80.41558,Offshore,Conch Reef 2,PI5-112-Y,15,OK,1.00,1,N/A,N/A,N/A,0
9/8/2015,Pickles Reef,24.98607,-80.41506,Offshore,Horseshoe Reef,PI4-105-P,17,OK,1.00,1,N/A,N/A,N/A,0
9/8/2015,AAA,25.16860,-80.26677,Nearshore,Horseshoe Reef,AA2-150-P,11,OK,0.90,3,N/A,N/A,N/A,1
9/8/2015,Horseshoe,25.14023,-80.29410,Nearshore,Horseshoe Reef,HS1-222-P,15,OK,1.00,0,N/A,N/A,N/A,0
9/8/2015,AAA,25.16864,-80.26669,Nearshore,Snapper Ledge,AA3-154-B,13,OK,1.00,3,N/A,N/A,N/A,0
9/8/2015,AAA,25.16864,-80.26669,Nearshore,Conch Reef 2,AA3-153-Y,14,OK,1.00,2,N/A,N/A,N/A,0
9/8/2015,AAA,25.16864,-80.26669,Nearshore,Horseshoe Reef,AA3-153-P,14,OK,1.00,2,N/A,N/A,N/A,0
9/8/2015,AAA,25.16864,-80.26669,Nearshore,Snapper Ledge,AA3-153-B,14,OK,1.00,3,N/A,N/A,N/A,0
9/8/2015,AAA,25.16864,-80.26669,Nearshore,Conch Reef 2,AA3-152-Y,14,OK,1.00,3,N/A,N/A,N/A,0
9/8/2015,AAA,25.16864,-80.26669,Nearshore,Conch Reef 1,AA3-152-W,14,OK,1.00,4,N/A,N/A,N/A,0
9/8/2015,AAA,25.16864,-80.26669,Nearshore,Horseshoe Reef,AA3-152-P,14,OK,0.95,2,N/A,N/A,N/A,0
9/8/2015,AAA,25.16864,-80.26669,Nearshore,Snapper Ledge,AA3-152-B,14,OK,1.00,4,N/A,N/A,N/A,0
9/8/2015,AAA,25.16864,-80.26669,Nearshore,Conch Reef 2,AA3-151-Y,15,OK,1.00,1,N/A,N/A,N/A,0
9/8/2015,AAA,25.16864,-80.26669,Nearshore,Conch Reef 1,AA3-151-W,15,OK,0.90,3,N/A,N/A,N/A,0
9/8/2015,AAA,25.16864,-80.26669,Nearshore,Horseshoe Reef,AA3-151-P,15,RM,0.20,0,N/A,N/A,N/A,0
9/8/2015,AAA,25.16864,-80.26669,Nearshore,Snapper Ledge,AA3-151-B,14,OK,1.00,4,N/A,N/A,N/A,0
9/8/2015,AAA,25.16864,-80.26669,Nearshore,Conch Reef 1,AA3-154-W,13,OK,0.30,3,N/A,N/A,N/A,0
9/8/2015,AAA,25.16860,-80.26677,Nearshore,Conch Reef 2,AA2-148-Y,11,OK,1.00,4,N/A,N/A,N/A,0
9/8/2015,AAA,25.16860,-80.26677,Nearshore,Snapper Ledge,AA2-147-B,12,OK,1.00,4,N/A,N/A,N/A,0
9/8/2015,AAA,25.16860,-80.26677,Nearshore,Horseshoe Reef,AA2-147-P,12,OK,1.00,3,N/A,N/A,N/A,0
9/8/2015,AAA,25.16860,-80.26677,Nearshore,Conch Reef 1,AA2-147-W,12,OK,1.00,4,N/A,N/A,N/A,0
9/8/2015,AAA,25.16860,-80.26677,Nearshore,Conch Reef 2,AA2-147-Y,12,OK,1.00,3,N/A,N/A,N/A,0
9/8/2015,AAA,25.16860,-80.26677,Nearshore,Snapper Ledge,AA2-148-B,11,OK,1.00,4,N/A,N/A,N/A,0
9/8/2015,AAA,25.16860,-80.26677,Nearshore,Conch Reef 2,AA2-150-Y,11,OK,1.00,3,N/A,N/A,N/A,1
9/8/2015,AAA,25.16860,-80.26677,Nearshore,Conch Reef 1,AA2-148-W,11,OK,0.85,3,N/A,N/A,N/A,1
9/8/2015,AAA,25.16860,-80.26677,Nearshore,Conch Reef 1,AA2-150-W,11,OK,1.00,4,N/A,N/A,N/A,0
9/8/2015,AAA,25.16860,-80.26677,Nearshore,Snapper Ledge,AA2-149-B,11,OK,1.00,3,N/A,N/A,N/A,0
9/8/2015,AAA,25.16860,-80.26677,Nearshore,Horseshoe Reef,AA2-149-P,12,OK,1.00,3,N/A,N/A,N/A,0
9/8/2015,AAA,25.16860,-80.26677,Nearshore,Conch Reef 1,AA2-149-W,11,OK,1.00,4,N/A,N/A,N/A,0
9/8/2015,AAA,25.16860,-80.26677,Nearshore,Conch Reef 2,AA2-149-Y,11,OK,1.00,3,N/A,N/A,N/A,0
9/8/2015,AAA,25.16860,-80.26677,Nearshore,Snapper Ledge,AA2-150-B,12,OK,1.00,4,N/A,N/A,N/A,0
9/8/2015,AAA,25.16864,-80.26669,Nearshore,Conch Reef 2,AA3-154-Y,13,OK,1.00,4,N/A,N/A,N/A,0
9/8/2015,AAA,25.16860,-80.26677,Nearshore,Horseshoe Reef,AA2-148-P,11,OK,1.00,2,N/A,N/A,N/A,0
9/8/2015,AAA,25.16864,-80.26669,Nearshore,Horseshoe Reef,AA3-158-P,11,OK,1.00,4,N/A,N/A,N/A,0
9/8/2015,Horseshoe,25.14023,-80.29410,Nearshore,Snapper Ledge,HS1-222-B,14,OK,1.00,4,N/A,N/A,N/A,0
9/8/2015,Horseshoe,25.14023,-80.29410,Nearshore,Conch Reef 2,HS1-221-Y,13,OK,1.00,2,N/A,N/A,N/A,0
9/8/2015,Horseshoe,25.14023,-80.29410,Nearshore,Conch Reef 1,HS1-221-W,13,OK,1.00,3,N/A,N/A,N/A,0
9/8/2015,Horseshoe,25.14023,-80.29410,Nearshore,Horseshoe Reef,HS1-221-P,13,OK,1.00,1,N/A,N/A,N/A,0
9/8/2015,Horseshoe,25.14023,-80.29410,Nearshore,Snapper Ledge,HS1-221-B,13,OK,1.00,4,N/A,N/A,N/A,0
9/8/2015,AAA,25.16864,-80.26669,Nearshore,Conch Reef 2,AA3-160-Y,11,OK,1.00,2,N/A,N/A,N/A,0
9/8/2015,AAA,25.16864,-80.26669,Nearshore,Conch Reef 1,AA3-160-W,11,OK,1.00,4,N/A,N/A,N/A,0
9/8/2015,AAA,25.16864,-80.26669,Nearshore,Horseshoe Reef,AA3-160-P,11,OK,1.00,3,N/A,N/A,N/A,0
9/8/2015,AAA,25.16864,-80.26669,Nearshore,Snapper Ledge,AA3-160-B,11,OK,1.00,4,N/A,N/A,N/A,0
9/8/2015,AAA,25.16864,-80.26669,Nearshore,Conch Reef 2,AA3-159-Y,11,OK,1.00,3,N/A,N/A,N/A,0
9/8/2015,AAA,25.16864,-80.26669,Nearshore,Conch Reef 1,AA3-159-W,11,OK,1.00,4,N/A,N/A,N/A,0
9/8/2015,AAA,25.16864,-80.26669,Nearshore,Horseshoe Reef,AA3-159-P,11,OK,1.00,4,N/A,N/A,N/A,0
9/8/2015,AAA,25.16864,-80.26669,Nearshore,Snapper Ledge,AA3-159-B,11,OK,1.00,4,N/A,N/A,N/A,0
9/8/2015,AAA,25.16864,-80.26669,Nearshore,Horseshoe Reef,AA3-154-P,13,OK,0.95,3,N/A,N/A,N/A,0
9/8/2015,AAA,25.16864,-80.26669,Nearshore,Conch Reef 2,AA3-156-Y,13,OK,1.00,2,N/A,N/A,N/A,0
9/8/2015,AAA,25.16864,-80.26669,Nearshore,Snapper Ledge,AA3-155-B,13,OK,1.00,3,N/A,N/A,N/A,0
9/8/2015,AAA,25.16864,-80.26669,Nearshore,Horseshoe Reef,AA3-155-P,13,OK,1.00,2,N/A,N/A,N/A,0
9/8/2015,AAA,25.16864,-80.26669,Nearshore,Conch Reef 1,AA3-155-W,13,OK,1.00,3,N/A,N/A,N/A,0
9/8/2015,AAA,25.16864,-80.26669,Nearshore,Conch Reef 2,AA3-155-Y,14,OK,1.00,3,N/A,N/A,N/A,0
9/8/2015,AAA,25.16864,-80.26669,Nearshore,Snapper Ledge,AA3-156-B,12,OK,0.95,4,N/A,N/A,N/A,0
9/8/2015,AAA,25.16864,-80.26669,Nearshore,Conch Reef 2,AA3-158-Y,11,OK,1.00,3,N/A,N/A,N/A,0
9/8/2015,AAA,25.16864,-80.26669,Nearshore,Conch Reef 1,AA3-156-W,12,OK,1.00,3,N/A,N/A,N/A,0
9/8/2015,AAA,25.16864,-80.26669,Nearshore,Conch Reef 1,AA3-158-W,11,OK,1.00,4,N/A,N/A,N/A,0
9/8/2015,AAA,25.16864,-80.26669,Nearshore,Snapper Ledge,AA3-157-B,13,OK,0.95,4,N/A,N/A,N/A,0
9/8/2015,AAA,25.16864,-80.26669,Nearshore,Horseshoe Reef,AA3-157-P,13,OK,0.95,2,N/A,N/A,N/A,0
9/8/2015,AAA,25.16864,-80.26669,Nearshore,Conch Reef 1,AA3-157-W,13,OK,1.00,3,N/A,N/A,N/A,0
9/8/2015,AAA,25.16864,-80.26669,Nearshore,Conch Reef 2,AA3-157-Y,12,OK,0.95,3,N/A,N/A,N/A,0
9/8/2015,AAA,25.16864,-80.26669,Nearshore,Snapper Ledge,AA3-158-B,11,OK,0.95,4,N/A,N/A,N/A,0
9/8/2015,AAA,25.16860,-80.26677,Nearshore,Horseshoe Reef,AA2-146-P,12,OK,1.00,2,N/A,N/A,N/A,0
9/8/2015,AAA,25.16864,-80.26669,Nearshore,Horseshoe Reef,AA3-156-P,12,OK,1.00,2,N/A,N/A,N/A,0
9/8/2015,AAA,25.16850,-80.26681,Nearshore,Conch Reef 2,AA1-133-Y,14,OK,1.00,2,N/A,N/A,N/A,0
9/8/2015,AAA,25.16850,-80.26681,Nearshore,Snapper Ledge,AA1-138-B,13,OK,1.00,4,N/A,N/A,N/A,0
9/8/2015,AAA,25.16850,-80.26681,Nearshore,Conch Reef 2,AA1-137-Y,14,OK,1.00,3,N/A,N/A,N/A,0
9/8/2015,AAA,25.16850,-80.26681,Nearshore,Conch Reef 1,AA1-137-W,14,OK,1.00,4,N/A,N/A,N/A,0
9/8/2015,AAA,25.16850,-80.26681,Nearshore,Horseshoe Reef,AA1-137-P,14,OK,1.00,2,N/A,N/A,N/A,0
9/8/2015,AAA,25.16850,-80.26681,Nearshore,Snapper Ledge,AA1-137-B,13,OK,1.00,4,N/A,N/A,N/A,0
9/8/2015,AAA,25.16850,-80.26681,Nearshore,Conch Reef 2,AA1-136-Y,14,OK,1.00,3,N/A,N/A,N/A,0
9/8/2015,AAA,25.16850,-80.26681,Nearshore,Conch Reef 1,AA1-136-W,14,OK,1.00,3,N/A,N/A,N/A,0
9/8/2015,AAA,25.16850,-80.26681,Nearshore,Horseshoe Reef,AA1-136-P,14,RM,0.15,1,N/A,N/A,N/A,0
9/8/2015,AAA,25.16850,-80.26681,Nearshore,Snapper Ledge,AA1-136-B,14,OK,1.00,4,N/A,N/A,N/A,0
9/8/2015,AAA,25.16850,-80.26681,Nearshore,Conch Reef 2,AA1-135-Y,14,OK,1.00,3,N/A,N/A,N/A,0
9/8/2015,AAA,25.16850,-80.26681,Nearshore,Conch Reef 1,AA1-135-W,14,OK,1.00,3,N/A,N/A,N/A,0
9/8/2015,AAA,25.16850,-80.26681,Nearshore,Horseshoe Reef,AA1-135-P,14,OK,1.00,2,N/A,N/A,N/A,0
9/8/2015,AAA,25.16850,-80.26681,Nearshore,Snapper Ledge,AA1-135-B,14,OK,1.00,4,N/A,N/A,N/A,0
9/8/2015,AAA,25.16860,-80.26677,Nearshore,Conch Reef 2,AA2-146-Y,12,OK,1.00,3,N/A,N/A,N/A,0
9/8/2015,AAA,25.16850,-80.26681,Nearshore,Horseshoe Reef,AA1-132-P,14,OK,1.00,2,N/A,N/A,N/A,0
9/8/2015,Pickles Reef,24.98607,-80.41506,Offshore,Conch Reef 1,PI4-109-W,16,OK,1.00,1,N/A,N/A,N/A,0
9/8/2015,Horseshoe,25.14023,-80.29410,Nearshore,Conch Reef 1,HS1-236-W,10,OK,1.00,3,N/A,N/A,N/A,0
9/8/2015,AAA,25.16850,-80.26681,Nearshore,Snapper Ledge,AA1-131-B,15,OK,1.00,4,N/A,N/A,N/A,0
9/8/2015,AAA,25.16850,-80.26681,Nearshore,Horseshoe Reef,AA1-131-P,15,OK,1.00,1,N/A,N/A,N/A,0
9/8/2015,AAA,25.16850,-80.26681,Nearshore,Conch Reef 1,AA1-131-W,15,OK,1.00,2,N/A,N/A,N/A,0
9/8/2015,AAA,25.16850,-80.26681,Nearshore,Conch Reef 1,AA1-134-W,14,OK,1.00,3,N/A,N/A,N/A,0
9/8/2015,AAA,25.16850,-80.26681,Nearshore,Snapper Ledge,AA1-132-B,14,OK,1.00,4,N/A,N/A,N/A,0
9/8/2015,AAA,25.16850,-80.26681,Nearshore,Snapper Ledge,AA1-134-B,14,OK,1.00,3,N/A,N/A,N/A,0
9/8/2015,AAA,25.16850,-80.26681,Nearshore,Conch Reef 1,AA1-132-W,14,OK,1.00,3,N/A,N/A,N/A,0
9/8/2015,AAA,25.16850,-80.26681,Nearshore,Conch Reef 2,AA1-132-Y,14,OK,1.00,3,N/A,N/A,N/A,0
9/8/2015,AAA,25.16850,-80.26681,Nearshore,Snapper Ledge,AA1-133-B,14,OK,0.95,4,N/A,N/A,N/A,0
9/8/2015,AAA,25.16850,-80.26681,Nearshore,Horseshoe Reef,AA1-133-P,14,OK,1.00,2,N/A,N/A,N/A,0
9/8/2015,AAA,25.16850,-80.26681,Nearshore,Conch Reef 1,AA1-133-W,14,OK,1.00,3,N/A,N/A,N/A,0
9/8/2015,AAA,25.16850,-80.26681,Nearshore,Conch Reef 2,AA1-138-Y,14,OK,1.00,3,N/A,N/A,N/A,0
9/8/2015,AAA,25.16850,-80.26681,Nearshore,Conch Reef 2,AA1-131-Y,15,OK,1.00,3,N/A,N/A,N/A,0
9/8/2015,AAA,25.16860,-80.26677,Nearshore,Conch Reef 2,AA2-144-Y,13,OK,1.00,3,N/A,N/A,N/A,0
9/8/2015,AAA,25.16850,-80.26681,Nearshore,Horseshoe Reef,AA1-138-P,13,OK,1.00,3,N/A,N/A,N/A,0
9/8/2015,AAA,25.16860,-80.26677,Nearshore,Horseshoe Reef,AA2-143-P,14,OK,1.00,2,N/A,N/A,N/A,0
9/8/2015,AAA,25.16860,-80.26677,Nearshore,Conch Reef 1,AA2-143-W,14,OK,1.00,4,N/A,N/A,N/A,0
9/8/2015,AAA,25.16860,-80.26677,Nearshore,Conch Reef 2,AA2-143-Y,13,OK,1.00,2,N/A,N/A,N/A,0
9/8/2015,AAA,25.16860,-80.26677,Nearshore,Snapper Ledge,AA2-144-B,13,OK,1.00,4,N/A,N/A,N/A,0
9/8/2015,AAA,25.16860,-80.26677,Nearshore,Conch Reef 2,AA2-142-Y,13,OK,1.00,3,N/A,N/A,N/A,0
9/8/2015,AAA,25.16860,-80.26677,Nearshore,Conch Reef 1,AA2-144-W,13,OK,0.90,4,N/A,N/A,N/A,0
9/8/2015,AAA,25.16860,-80.26677,Nearshore,Conch Reef 1,AA2-142-W,13,OK,0.95,3,N/A,N/A,N/A,0
9/8/2015,AAA,25.16860,-80.26677,Nearshore,Snapper Ledge,AA2-145-B,13,OK,1.00,4,N/A,N/A,N/A,0
9/8/2015,AAA,25.16860,-80.26677,Nearshore,Horseshoe Reef,AA2-145-P,13,OK,1.00,3,N/A,N/A,N/A,0
9/8/2015,AAA,25.16860,-80.26677,Nearshore,Conch Reef 1,AA2-145-W,13,RM,0.85,3,N/A,N/A,N/A,2
9/8/2015,AAA,25.16860,-80.26677,Nearshore,Conch Reef 2,AA2-145-Y,13,OK,1.00,4,N/A,N/A,N/A,0
9/8/2015,AAA,25.16860,-80.26677,Nearshore,Snapper Ledge,AA2-146-B,12,OK,1.00,4,N/A,N/A,N/A,0
9/8/2015,AAA,25.16850,-80.26681,Nearshore,Conch Reef 2,AA1-134-Y,14,OK,1.00,2,N/A,N/A,N/A,0
9/8/2015,AAA,25.16860,-80.26677,Nearshore,Horseshoe Reef,AA2-144-P,13,OK,1.00,2,N/A,N/A,N/A,0
9/8/2015,AAA,25.16850,-80.26681,Nearshore,Conch Reef 1,AA1-140-W,13,OK,1.00,4,N/A,N/A,N/A,0
9/8/2015,AAA,25.16860,-80.26677,Nearshore,Conch Reef 1,AA2-146-W,12,OK,1.00,4,N/A,N/A,N/A,0
9/8/2015,AAA,25.16850,-80.26681,Nearshore,Snapper Ledge,AA1-139-B,13,OK,1.00,4,N/A,N/A,N/A,0
9/8/2015,AAA,25.16850,-80.26681,Nearshore,Horseshoe Reef,AA1-139-P,13,OK,1.00,3,N/A,N/A,N/A,0
9/8/2015,AAA,25.16850,-80.26681,Nearshore,Conch Reef 1,AA1-139-W,13,OK,1.00,3,N/A,N/A,N/A,0
9/8/2015,AAA,25.16850,-80.26681,Nearshore,Conch Reef 2,AA1-139-Y,13,OK,1.00,3,N/A,N/A,N/A,0
9/8/2015,AAA,25.16860,-80.26677,Nearshore,Snapper Ledge,AA2-143-B,14,OK,1.00,4,N/A,N/A,N/A,0
9/8/2015,AAA,25.16850,-80.26681,Nearshore,Horseshoe Reef,AA1-140-P,13,OK,1.00,3,N/A,N/A,N/A,0
9/8/2015,AAA,25.16850,-80.26681,Nearshore,Conch Reef 1,AA1-138-W,13,OK,1.00,4,N/A,N/A,N/A,0
9/8/2015,AAA,25.16850,-80.26681,Nearshore,Conch Reef 2,AA1-140-Y,13,OK,1.00,3,N/A,N/A,N/A,0
9/8/2015,AAA,25.16860,-80.26677,Nearshore,Snapper Ledge,AA2-141-B,14,OK,1.00,3,N/A,N/A,N/A,0
9/8/2015,AAA,25.16860,-80.26677,Nearshore,Horseshoe Reef,AA2-141-P,14,OK,0.99,3,N/A,N/A,N/A,0
9/8/2015,AAA,25.16860,-80.26677,Nearshore,Conch Reef 1,AA2-141-W,14,OK,1.00,3,N/A,N/A,N/A,0
9/8/2015,AAA,25.16860,-80.26677,Nearshore,Conch Reef 2,AA2-141-Y,14,OK,1.00,3,N/A,N/A,N/A,0
9/8/2015,AAA,25.16860,-80.26677,Nearshore,Snapper Ledge,AA2-142-B,13,D,0.00,N/A,N/A,N/A,N/A,N/A
9/8/2015,AAA,25.16850,-80.26681,Nearshore,Snapper Ledge,AA1-140-B,13,OK,1.00,4,N/A,N/A,N/A,0
9/8/2015,Horseshoe,25.14023,-80.29410,Nearshore,Snapper Ledge,HS1-226-B,11,OK,1.00,4,N/A,N/A,N/A,0
9/8/2015,Horseshoe,25.14023,-80.29410,Nearshore,Conch Reef 1,HS1-229-W,11,OK,1.00,2,N/A,N/A,N/A,0
9/8/2015,Horseshoe,25.14023,-80.29410,Nearshore,Horseshoe Reef,HS1-229-P,10,OK,1.00,0,N/A,N/A,N/A,0
9/8/2015,Horseshoe,25.14023,-80.29410,Nearshore,Snapper Ledge,HS1-229-B,11,OK,1.00,4,N/A,N/A,N/A,0
9/8/2015,Horseshoe,25.14023,-80.29410,Nearshore,Conch Reef 2,HS1-228-Y,10,OK,1.00,3,N/A,N/A,N/A,1
9/8/2015,Horseshoe,25.14023,-80.29410,Nearshore,Conch Reef 1,HS1-228-W,10,OK,1.00,3,N/A,N/A,N/A,0
9/8/2015,Horseshoe,25.14023,-80.29410,Nearshore,Horseshoe Reef,HS1-228-P,11,OK,1.00,1,N/A,N/A,N/A,0
9/8/2015,Horseshoe,25.14023,-80.29410,Nearshore,Snapper Ledge,HS1-228-B,10,OK,1.00,4,N/A,N/A,N/A,0
9/8/2015,Horseshoe,25.14023,-80.29410,Nearshore,Conch Reef 2,HS1-227-Y,10,OK,1.00,3,N/A,N/A,N/A,0
9/8/2015,Horseshoe,25.14023,-80.29410,Nearshore,Conch Reef 1,HS1-227-W,11,OK,1.00,4,N/A,N/A,N/A,0
9/8/2015,Horseshoe,25.14023,-80.29410,Nearshore,Horseshoe Reef,HS1-227-P,11,OK,1.00,2,N/A,N/A,N/A,0
9/8/2015,Horseshoe,25.14023,-80.29410,Nearshore,Snapper Ledge,HS1-227-B,11,OK,1.00,4,N/A,N/A,N/A,0
9/8/2015,Horseshoe,25.14023,-80.29410,Nearshore,Conch Reef 2,HS1-226-Y,12,RM,0.95,3,N/A,N/A,N/A,0
9/8/2015,Horseshoe,25.14023,-80.29410,Nearshore,Conch Reef 2,HS1-229-Y,11,OK,1.00,3,N/A,N/A,N/A,0
9/8/2015,Horseshoe,25.14023,-80.29410,Nearshore,Horseshoe Reef,HS1-226-P,12,RM,0.30,3,N/A,N/A,N/A,1
9/8/2015,Horseshoe,25.14023,-80.29410,Nearshore,Snapper Ledge,HS1-225-B,12,OK,1.00,4,N/A,N/A,N/A,0
9/8/2015,Horseshoe,25.14023,-80.29410,Nearshore,Conch Reef 2,HS1-225-Y,11,OK,1.00,3,N/A,N/A,N/A,0
9/8/2015,Horseshoe,25.14023,-80.29410,Nearshore,Conch Reef 1,HS1-225-W,11,OK,1.00,3,N/A,N/A,N/A,0
9/8/2015,Horseshoe,25.14023,-80.29410,Nearshore,Horseshoe Reef,HS1-225-P,11,OK,1.00,1,N/A,N/A,N/A,0
9/8/2015,Horseshoe,25.14023,-80.29410,Nearshore,Conch Reef 2,HS1-224-Y,12,OK,1.00,1,N/A,N/A,N/A,0
9/8/2015,Horseshoe,25.14023,-80.29410,Nearshore,Horseshoe Reef,HS1-224-P,13,OK,1.00,3,N/A,N/A,N/A,0
9/8/2015,Horseshoe,25.14023,-80.29410,Nearshore,Snapper Ledge,HS1-224-B,13,OK,0.90,4,N/A,N/A,N/A,0
9/8/2015,Horseshoe,25.14023,-80.29410,Nearshore,Conch Reef 2,HS1-223-Y,13,OK,1.00,1,N/A,N/A,N/A,0
9/8/2015,Horseshoe,25.14023,-80.29410,Nearshore,Conch Reef 1,HS1-223-W,13,OK,1.00,3,N/A,N/A,N/A,0
9/8/2015,Horseshoe,25.14023,-80.29410,Nearshore,Horseshoe Reef,HS1-223-P,13,OK,1.00,1,N/A,N/A,N/A,0
9/8/2015,Horseshoe,25.14023,-80.29410,Nearshore,Snapper Ledge,HS1-223-B,12,OK,1.00,4,N/A,N/A,N/A,0
9/8/2015,Horseshoe,25.14023,-80.29410,Nearshore,Conch Reef 2,HS1-222-Y,14,OK,1.00,3,N/A,N/A,N/A,0
9/8/2015,Horseshoe,25.14023,-80.29410,Nearshore,Conch Reef 1,HS1-222-W,14,OK,1.00,3,N/A,N/A,N/A,0
9/8/2015,Horseshoe,25.14023,-80.29410,Nearshore,Conch Reef 1,HS1-226-W,12,OK,1.00,3,N/A,N/A,N/A,0
9/8/2015,Horseshoe,25.14023,-80.29410,Nearshore,Conch Reef 2,HS1-234-Y,11,OK,1.00,3,N/A,N/A,N/A,0
9/8/2015,Horseshoe,25.14023,-80.29410,Nearshore,Conch Reef 1,HS1-224-W,13,OK,1.00,3,N/A,N/A,N/A,0
9/8/2015,Horseshoe,25.14023,-80.29410,Nearshore,Snapper Ledge,HS1-230-B,11,OK,1.00,4,N/A,N/A,N/A,0
9/8/2015,AAA,25.16850,-80.26681,Nearshore,Horseshoe Reef,AA1-134-P,14,OK,1.00,1,N/A,N/A,N/A,0
9/8/2015,Horseshoe,25.14023,-80.29410,Nearshore,Conch Reef 2,HS1-235-Y,11,OK,1.00,2,N/A,N/A,N/A,0
9/8/2015,Horseshoe,25.14023,-80.29410,Nearshore,Conch Reef 1,HS1-235-W,10,OK,1.00,3,N/A,N/A,N/A,0
9/8/2015,Horseshoe,25.14023,-80.29410,Nearshore,Snapper Ledge,HS1-235-B,10,OK,1.00,4,N/A,N/A,N/A,0
9/8/2015,Horseshoe,25.14023,-80.29410,Nearshore,Conch Reef 1,HS1-234-W,11,OK,1.00,2,N/A,N/A,N/A,0
9/8/2015,Horseshoe,25.14023,-80.29410,Nearshore,Horseshoe Reef,HS1-234-P,11,OK,1.00,1,N/A,N/A,N/A,0
9/8/2015,Horseshoe,25.14023,-80.29410,Nearshore,Snapper Ledge,HS1-234-B,11,OK,0.98,4,N/A,N/A,N/A,0
9/8/2015,Horseshoe,25.14023,-80.29410,Nearshore,Conch Reef 2,HS1-233-Y,11,OK,1.00,1,N/A,N/A,N/A,0
9/8/2015,Horseshoe,25.14023,-80.29410,Nearshore,Conch Reef 1,HS1-233-W,12,OK,1.00,3,N/A,N/A,N/A,0
9/8/2015,Horseshoe,25.14023,-80.29410,Nearshore,Horseshoe Reef,HS1-233-P,11,RM,0.40,1,N/A,N/A,N/A,0
9/8/2015,Horseshoe,25.14023,-80.29410,Nearshore,Snapper Ledge,HS1-233-B,12,OK,1.00,4,N/A,N/A,N/A,0
9/8/2015,Horseshoe,25.14023,-80.29410,Nearshore,Horseshoe Reef,HS1-231-P,14,OK,1.00,3,N/A,N/A,N/A,0
9/8/2015,Horseshoe,25.14023,-80.29410,Nearshore,Horseshoe Reef,HS1-230-P,12,OK,1.00,2,N/A,N/A,N/A,0
9/8/2015,Horseshoe,25.14023,-80.29410,Nearshore,Conch Reef 1,HS1-230-W,12,OK,1.00,3,N/A,N/A,N/A,0
9/8/2015,Horseshoe,25.14023,-80.29410,Nearshore,Horseshoe Reef,HS1-235-P,10,OK,1.00,1,N/A,N/A,N/A,0
9/8/2015,Horseshoe,25.14023,-80.29410,Nearshore,Conch Reef 2,HS1-232-Y,13,OK,1.00,3,N/A,N/A,N/A,0
9/8/2015,Horseshoe,25.14023,-80.29410,Nearshore,Conch Reef 2,HS1-230-Y,12,OK,1.00,3,N/A,N/A,N/A,0
9/8/2015,Horseshoe,25.14023,-80.29410,Nearshore,Snapper Ledge,HS1-231-B,13,OK,1.00,4,N/A,N/A,N/A,0
9/8/2015,Horseshoe,25.14023,-80.29410,Nearshore,Conch Reef 1,HS1-231-W,13,OK,1.00,3,N/A,N/A,N/A,0
9/8/2015,Horseshoe,25.14023,-80.29410,Nearshore,Horseshoe Reef,HS1-232-P,13,OK,1.00,3,N/A,N/A,N/A,0
9/8/2015,Horseshoe,25.14023,-80.29410,Nearshore,Snapper Ledge,HS1-236-B,10,OK,1.00,4,N/A,N/A,N/A,0
9/8/2015,Horseshoe,25.14023,-80.29410,Nearshore,Snapper Ledge,HS1-232-B,12,OK,1.00,4,N/A,N/A,N/A,0
9/8/2015,Horseshoe,25.14023,-80.29410,Nearshore,Conch Reef 1,HS1-232-W,13,OK,1.00,3,N/A,N/A,N/A,0
9/8/2015,Horseshoe,25.14023,-80.29410,Nearshore,Horseshoe Reef,HS1-236-P,10,OK,1.00,1,N/A,N/A,N/A,0
9/8/2015,Horseshoe,25.14023,-80.29410,Nearshore,Conch Reef 2,HS1-231-Y,12,OK,1.00,2,N/A,N/A,N/A,0
9/9/2015,Molasses Reef,25.01060,-80.37275,Offshore,Snapper Ledge,ML4-204-B,19,D,0.00,N/A,N/A,N/A,N/A,N/A
9/9/2015,Molasses Reef,25.01060,-80.37275,Offshore,Conch Reef 1,ML4-204-W,19,D,0.00,N/A,N/A,N/A,N/A,N/A
9/9/2015,Molasses Reef,25.01060,-80.37275,Offshore,Conch Reef 1,ML4-205-W,19,OK,1.00,1,N/A,N/A,N/A,0
9/9/2015,Molasses Reef,25.01060,-80.37275,Offshore,Horseshoe Reef,ML5-206-P,20,D,0.00,N/A,N/A,N/A,N/A,N/A
9/9/2015,Molasses Reef,25.01060,-80.37275,Offshore,Horseshoe Reef,ML4-205-P,19,D,0.00,N/A,N/A,N/A,N/A,N/A
9/9/2015,Molasses Reef,25.01060,-80.37275,Offshore,Conch Reef 2,ML4-203-Y,19,RM,0.15,1,N/A,N/A,N/A,0
9/9/2015,Molasses Reef,25.01060,-80.37275,Offshore,Horseshoe Reef,ML4-202-P,19,D,0.00,N/A,N/A,N/A,N/A,N/A
9/9/2015,Molasses Reef,25.01060,-80.37275,Offshore,Snapper Ledge,ML5-206-B,20,D,0.00,N/A,N/A,N/A,N/A,N/A
9/9/2015,Molasses Reef,25.01060,-80.37275,Offshore,Conch Reef 2,ML4-205-Y,19,D,0.00,N/A,N/A,N/A,N/A,N/A
9/9/2015,Molasses Reef,25.01060,-80.37275,Offshore,Snapper Ledge,ML4-205-B,19,D,0.00,N/A,N/A,N/A,N/A,N/A
9/9/2015,Molasses Reef,25.01060,-80.37275,Offshore,Conch Reef 1,ML4-203-W,19,OK,1.00,1,N/A,N/A,N/A,0
9/9/2015,Molasses Reef,25.01060,-80.37275,Offshore,Horseshoe Reef,ML4-203-P,19,OK,1.00,1,N/A,N/A,N/A,0
9/9/2015,Molasses Reef,25.01060,-80.37275,Offshore,Snapper Ledge,ML4-203-B,19,D,0.00,N/A,N/A,N/A,N/A,N/A
9/9/2015,Molasses Reef,25.01060,-80.37275,Offshore,Conch Reef 1,ML4-202-W,19,RM,0.05,1,N/A,N/A,N/A,0
9/9/2015,Molasses Reef,25.01060,-80.37275,Offshore,Snapper Ledge,ML4-202-B,19,D,0.00,N/A,N/A,N/A,N/A,N/A
9/9/2015,Molasses Reef,25.01060,-80.37275,Offshore,Conch Reef 1,ML5-206-W,20,OK,1.00,1,N/A,N/A,N/A,0
9/9/2015,French Reef,25.03438,-80.34888,Offshore,Snapper Ledge,FR4-255-B,21,OK,1.00,1,N/A,N/A,N/A,0
9/9/2015,Molasses Reef,25.01060,-80.37275,Offshore,Conch Reef 2,ML4-201-Y,19,OK,1.00,1,N/A,N/A,N/A,0
9/9/2015,Molasses Reef,25.01060,-80.37275,Offshore,Conch Reef 1,ML4-201-W,19,OK,1.00,1,N/A,N/A,N/A,0
9/9/2015,Molasses Reef,25.01060,-80.37275,Offshore,Conch Reef 2,ML4-202-Y,19,D,0.00,N/A,N/A,N/A,N/A,N/A
9/9/2015,French Reef,25.03438,-80.34888,Offshore,Horseshoe Reef,FR4-253-P,22,OK,1.00,1,N/A,N/A,N/A,0
9/9/2015,Molasses Reef,25.01060,-80.37275,Offshore,Conch Reef 1,ML4-193-W,17,OK,1.00,2,N/A,N/A,N/A,0
9/9/2015,Molasses Reef,25.01060,-80.37275,Offshore,Horseshoe Reef,ML4-201-P,19,D,0.00,N/A,N/A,N/A,N/A,N/A
9/9/2015,French Reef,25.03438,-80.34888,Offshore,Horseshoe Reef,FR4-256-P,22,OK,1.00,1,N/A,N/A,N/A,0
9/9/2015,French Reef,25.03438,-80.34888,Offshore,Snapper Ledge,FR4-256-B,21,OK,1.00,2,N/A,N/A,N/A,0
9/9/2015,French Reef,25.03438,-80.34888,Offshore,Conch Reef 1,FR4-255-W,21,OK,1.00,1,N/A,N/A,N/A,0
9/9/2015,French Reef,25.03438,-80.34888,Offshore,Horseshoe Reef,FR4-255-P,21,OK,0.99,0,N/A,N/A,N/A,0
9/9/2015,French Reef,25.03438,-80.34888,Offshore,Conch Reef 2,FR4-254-Y,22,OK,1.00,1,N/A,N/A,N/A,0
9/9/2015,French Reef,25.03438,-80.34888,Offshore,Horseshoe Reef,FR4-254-P,22,OK,1.00,0,N/A,N/A,N/A,0
9/9/2015,French Reef,25.03438,-80.34888,Offshore,Conch Reef 1,FR4-254-W,22,OK,1.00,1,N/A,N/A,N/A,0
9/9/2015,French Reef,25.03438,-80.34888,Offshore,Conch Reef 1,FR4-253-W,22,OK,1.00,1,N/A,N/A,N/A,0
9/9/2015,French Reef,25.03438,-80.34888,Offshore,Snapper Ledge,FR4-251-B,22,OK,1.00,1,N/A,N/A,N/A,0
9/9/2015,French Reef,25.03438,-80.34888,Offshore,Snapper Ledge,FR4-253-B,22,D,0.00,N/A,N/A,N/A,N/A,N/A
9/9/2015,French Reef,25.03438,-80.34888,Offshore,Conch Reef 2,FR4-252-Y,22,OK,1.00,1,N/A,N/A,N/A,0
9/9/2015,French Reef,25.03438,-80.34888,Offshore,Conch Reef 1,FR4-252-W,22,OK,1.00,1,N/A,N/A,N/A,0
9/9/2015,French Reef,25.03438,-80.34888,Offshore,Horseshoe Reef,FR4-252-P,22,D,0.00,N/A,N/A,N/A,N/A,N/A
9/9/2015,French Reef,25.03438,-80.34888,Offshore,Snapper Ledge,FR4-252-B,23,OK,1.00,1,N/A,N/A,N/A,0
9/9/2015,French Reef,25.03438,-80.34888,Offshore,Conch Reef 2,FR4-251-Y,22,OK,1.00,0,N/A,N/A,N/A,0
9/9/2015,French Reef,25.03438,-80.34888,Offshore,Conch Reef 1,FR4-251-W,22,OK,1.00,1,N/A,N/A,N/A,0
9/9/2015,French Reef,25.03438,-80.34888,Offshore,Horseshoe Reef,FR4-251-P,22,OK,1.00,0,N/A,N/A,N/A,0
9/9/2015,French Reef,25.03438,-80.34888,Offshore,Conch Reef 2,FR4-253-Y,22,OK,1.00,1,N/A,N/A,N/A,0
9/9/2015,Molasses Reef,25.01060,-80.37275,Offshore,Conch Reef 2,ML4-192-Y,17,OK,1.00,2,N/A,N/A,N/A,0
9/9/2015,Molasses Reef,25.01060,-80.37275,Offshore,Snapper Ledge,ML4-194-B,17,D,0.00,N/A,N/A,N/A,N/A,N/A
9/9/2015,Molasses Reef,25.01060,-80.37275,Offshore,Snapper Ledge,ML4-195-B,17,OK,1.00,2,N/A,N/A,N/A,0
9/9/2015,Molasses Reef,25.01060,-80.37275,Offshore,Conch Reef 2,ML4-194-Y,17,OK,0.05,1,N/A,N/A,N/A,0
9/9/2015,Molasses Reef,25.01060,-80.37275,Offshore,Conch Reef 1,ML4-194-W,17,OK,1.00,1,N/A,N/A,N/A,0
9/9/2015,Molasses Reef,25.01060,-80.37275,Offshore,Horseshoe Reef,ML4-194-P,17,D,0.00,N/A,N/A,N/A,N/A,N/A
9/9/2015,French Reef,25.03438,-80.34888,Offshore,Conch Reef 1,FR4-256-W,22,OK,1.00,1,N/A,N/A,N/A,0
9/9/2015,Molasses Reef,25.01060,-80.37275,Offshore,Conch Reef 2,ML4-193-Y,18,OK,1.00,1,N/A,N/A,N/A,0
9/9/2015,Molasses Reef,25.01060,-80.37275,Offshore,Conch Reef 2,ML4-204-Y,19,D,0.00,N/A,N/A,N/A,N/A,N/A
9/9/2015,Molasses Reef,25.01060,-80.37275,Offshore,Conch Reef 1,ML4-195-W,17,OK,1.00,1,N/A,N/A,N/A,0
9/9/2015,Molasses Reef,25.01060,-80.37275,Offshore,Snapper Ledge,ML4-193-B,17,OK,1.00,2,N/A,N/A,N/A,0
9/9/2015,Molasses Reef,25.01060,-80.37275,Offshore,Conch Reef 2,ML4-195-Y,17,OK,1.00,1,N/A,N/A,N/A,0
9/9/2015,Molasses Reef,25.01060,-80.37275,Offshore,Conch Reef 1,ML4-192-W,17,OK,1.00,1,N/A,N/A,N/A,0
9/9/2015,Molasses Reef,25.01060,-80.37275,Offshore,Horseshoe Reef,ML4-192-P,17,OK,1.00,1,N/A,N/A,N/A,0
9/9/2015,Molasses Reef,25.01060,-80.37275,Offshore,Snapper Ledge,ML4-192-B,18,D,0.00,N/A,N/A,N/A,N/A,N/A
9/9/2015,Molasses Reef,25.01060,-80.37275,Offshore,Conch Reef 2,ML4-191-Y,18,D,0.00,N/A,N/A,N/A,N/A,N/A
9/9/2015,Molasses Reef,25.01060,-80.37275,Offshore,Conch Reef 1,ML4-191-W,17,D,0.00,N/A,N/A,N/A,N/A,N/A
9/9/2015,Molasses Reef,25.01060,-80.37275,Offshore,Horseshoe Reef,ML4-191-P,17,D,0.00,N/A,N/A,N/A,N/A,N/A
9/9/2015,Molasses Reef,25.01060,-80.37275,Offshore,Snapper Ledge,ML4-191-B,17,D,0.00,N/A,N/A,N/A,N/A,N/A
9/9/2015,Molasses Reef,25.01060,-80.37275,Offshore,Conch Reef 2,ML5-208-Y,20,D,0.00,N/A,N/A,N/A,N/A,N/A
9/9/2015,Molasses Reef,25.01060,-80.37275,Offshore,Horseshoe Reef,ML4-193-P,17,OK,1.00,1,N/A,N/A,N/A,0
9/9/2015,Molasses Reef,25.01060,-80.37275,Offshore,Snapper Ledge,ML4-198-B,17,OK,1.00,1,N/A,N/A,N/A,0
9/9/2015,Molasses Reef,25.01060,-80.37275,Offshore,Conch Reef 2,ML4-200-Y,18,D,0.00,N/A,N/A,N/A,N/A,N/A
9/9/2015,Molasses Reef,25.01060,-80.37275,Offshore,Conch Reef 1,ML4-200-W,18,OK,0.95,1,N/A,N/A,N/A,0
9/9/2015,Molasses Reef,25.01060,-80.37275,Offshore,Horseshoe Reef,ML4-200-P,19,D,0.00,N/A,N/A,N/A,N/A,N/A
9/9/2015,Molasses Reef,25.01060,-80.37275,Offshore,Snapper Ledge,ML4-200-B,19,OK,1.00,1,N/A,N/A,N/A,0
9/9/2015,Molasses Reef,25.01060,-80.37275,Offshore,Conch Reef 1,ML4-199-W,18,D,0.00,N/A,N/A,N/A,N/A,N/A
9/9/2015,Molasses Reef,25.01060,-80.37275,Offshore,Horseshoe Reef,ML4-199-P,18,D,0.00,N/A,N/A,N/A,N/A,N/A
9/9/2015,Molasses Reef,25.01060,-80.37275,Offshore,Snapper Ledge,ML4-199-B,19,D,0.00,N/A,N/A,N/A,N/A,N/A
9/9/2015,Molasses Reef,25.01060,-80.37275,Offshore,Conch Reef 2,ML4-198-Y,17,OK,1.00,1,N/A,N/A,N/A,0
9/9/2015,Molasses Reef,25.01060,-80.37275,Offshore,Horseshoe Reef,ML4-195-P,17,RM,0.50,1,N/A,N/A,N/A,0
9/9/2015,Molasses Reef,25.01060,-80.37275,Offshore,Horseshoe Reef,ML4-198-P,17,OK,0.99,1,N/A,N/A,N/A,0
9/9/2015,Molasses Reef,25.01060,-80.37275,Offshore,Snapper Ledge,ML4-201-B,19,D,0.00,N/A,N/A,N/A,N/A,N/A
9/9/2015,Molasses Reef,25.01060,-80.37275,Offshore,Conch Reef 2,ML4-197-Y,17,OK,1.00,2,N/A,N/A,N/A,0
9/9/2015,Molasses Reef,25.01060,-80.37275,Offshore,Conch Reef 1,ML4-197-W,17,G,N/A,N/A,N/A,N/A,N/A,N/A
9/9/2015,Molasses Reef,25.01060,-80.37275,Offshore,Horseshoe Reef,ML4-197-P,17,D,0.00,N/A,N/A,N/A,N/A,N/A
9/9/2015,Molasses Reef,25.01060,-80.37275,Offshore,Snapper Ledge,ML4-197-B,18,D,0.00,N/A,N/A,N/A,N/A,N/A
9/9/2015,Molasses Reef,25.01060,-80.37275,Offshore,Conch Reef 2,ML4-196-Y,17,OK,0.99,1,N/A,N/A,N/A,0
9/9/2015,Molasses Reef,25.01060,-80.37275,Offshore,Conch Reef 1,ML4-196-W,17,D,0.00,N/A,N/A,N/A,N/A,N/A
9/9/2015,Molasses Reef,25.01060,-80.37275,Offshore,Horseshoe Reef,ML4-196-P,17,D,0.00,N/A,N/A,N/A,N/A,N/A
9/9/2015,Molasses Reef,25.01060,-80.37275,Offshore,Snapper Ledge,ML4-196-B,17,D,0.00,N/A,N/A,N/A,N/A,N/A
9/9/2015,Molasses Reef,25.01060,-80.37275,Offshore,Conch Reef 1,ML4-198-W,17,OK,0.99,1,N/A,N/A,N/A,0
9/9/2015,French Reef,25.03438,-80.34888,Offshore,Conch Reef 2,FR4-256-Y,21,OK,0.99,1,N/A,N/A,N/A,0
9/9/2015,French Reef,25.03420,-80.34897,Offshore,Conch Reef 1,FR6-280-W,21,OK,1.00,1,N/A,N/A,N/A,0
9/9/2015,French Reef,25.03420,-80.34897,Offshore,Conch Reef 2,FR6-280-Y,21,OK,1.00,2,N/A,N/A,N/A,0
9/9/2015,Molasses Reef,25.01060,-80.37275,Offshore,Conch Reef 2,ML5-206-Y,20,RM,0.60,1,N/A,N/A,N/A,0
9/9/2015,Molasses Reef,25.01060,-80.37275,Offshore,Snapper Ledge,ML5-207-B,19,OK,1.00,2,N/A,N/A,N/A,0
9/9/2015,Molasses Reef,25.01060,-80.37275,Offshore,Horseshoe Reef,ML5-207-P,19,OK,1.00,2,N/A,N/A,N/A,0
9/9/2015,Molasses Reef,25.01060,-80.37275,Offshore,Conch Reef 1,ML5-207-W,19,OK,1.00,1,N/A,N/A,N/A,0
9/9/2015,French Reef,25.03420,-80.34897,Offshore,Conch Reef 1,FR6-275-W,20,OK,0.95,2,N/A,N/A,N/A,0
9/9/2015,Molasses Reef,25.01060,-80.37275,Offshore,Horseshoe Reef,ML5-208-P,21,D,0.00,N/A,N/A,N/A,N/A,N/A
9/9/2015,French Reef,25.03420,-80.34897,Offshore,Conch Reef 2,FR6-279-Y,21,OK,1.00,1,N/A,N/A,N/A,0
9/9/2015,Molasses Reef,25.01060,-80.37275,Offshore,Conch Reef 1,ML5-220-W,20,D,0.00,N/A,N/A,N/A,N/A,N/A
9/9/2015,Molasses Reef,25.01060,-80.37275,Offshore,Horseshoe Reef,ML4-204-P,19,D,0.00,N/A,N/A,N/A,N/A,N/A
9/9/2015,Molasses Reef,25.01060,-80.37275,Offshore,Snapper Ledge,ML5-220-B,19,D,0.00,N/A,N/A,N/A,N/A,N/A
9/9/2015,Molasses Reef,25.01060,-80.37275,Offshore,Conch Reef 2,ML5-219-Y,20,OK,1.00,2,N/A,N/A,N/A,0
9/9/2015,Molasses Reef,25.01060,-80.37275,Offshore,Conch Reef 1,ML5-219-W,20,RM,0.85,2,N/A,N/A,N/A,0
9/9/2015,Molasses Reef,25.01060,-80.37275,Offshore,Horseshoe Reef,ML5-219-P,19,RM,0.60,2,N/A,N/A,N/A,0
9/9/2015,Molasses Reef,25.01060,-80.37275,Offshore,Conch Reef 2,ML5-207-Y,20,OK,1.00,1,N/A,N/A,N/A,0
9/9/2015,French Reef,25.03420,-80.34897,Offshore,Conch Reef 2,FR6-277-Y,19,OK,1.00,1,N/A,N/A,N/A,0
9/9/2015,French Reef,25.03420,-80.34897,Offshore,Conch Reef 2,FR6-275-Y,20,OK,0.99,2,N/A,N/A,N/A,0
9/9/2015,French Reef,25.03420,-80.34897,Offshore,Snapper Ledge,FR6-276-B,19,OK,1.00,2,N/A,N/A,N/A,0
9/9/2015,French Reef,25.03420,-80.34897,Offshore,Horseshoe Reef,FR6-276-P,20,OK,1.00,1,N/A,N/A,N/A,0
9/9/2015,French Reef,25.03420,-80.34897,Offshore,Conch Reef 1,FR6-276-W,20,OK,0.99,2,N/A,N/A,N/A,0
9/9/2015,French Reef,25.03420,-80.34897,Offshore,Conch Reef 2,FR6-276-Y,19,OK,1.00,2,N/A,N/A,N/A,0
9/9/2015,French Reef,25.03420,-80.34897,Offshore,Snapper Ledge,FR6-277-B,19,OK,1.00,2,N/A,N/A,N/A,0
9/9/2015,French Reef,25.03420,-80.34897,Offshore,Horseshoe Reef,FR6-280-P,21,OK,1.00,0,N/A,N/A,N/A,0
9/9/2015,French Reef,25.03420,-80.34897,Offshore,Conch Reef 1,FR6-277-W,20,OK,1.00,1,N/A,N/A,N/A,0
9/9/2015,French Reef,25.03420,-80.34897,Offshore,Snapper Ledge,FR6-280-B,21,OK,1.00,1,N/A,N/A,N/A,0
9/9/2015,French Reef,25.03420,-80.34897,Offshore,Snapper Ledge,FR6-278-B,21,OK,1.00,2,N/A,N/A,N/A,0
9/9/2015,French Reef,25.03420,-80.34897,Offshore,Horseshoe Reef,FR6-278-P,21,OK,1.00,1,N/A,N/A,N/A,0
9/9/2015,French Reef,25.03420,-80.34897,Offshore,Conch Reef 1,FR6-278-W,21,OK,1.00,1,N/A,N/A,N/A,0
9/9/2015,French Reef,25.03420,-80.34897,Offshore,Conch Reef 2,FR6-278-Y,20,OK,1.00,2,N/A,N/A,N/A,0
9/9/2015,French Reef,25.03420,-80.34897,Offshore,Snapper Ledge,FR6-279-B,20,OK,1.00,1,N/A,N/A,N/A,0
9/9/2015,French Reef,25.03420,-80.34897,Offshore,Horseshoe Reef,FR6-279-P,21,D,0.00,N/A,N/A,N/A,N/A,N/A
9/9/2015,Molasses Reef,25.01060,-80.37275,Offshore,Conch Reef 1,ML5-218-W,20,D,0.00,N/A,N/A,N/A,N/A,N/A
9/9/2015,French Reef,25.03420,-80.34897,Offshore,Horseshoe Reef,FR6-277-P,19,OK,1.00,0,N/A,N/A,N/A,0
9/9/2015,Molasses Reef,25.01060,-80.37275,Offshore,Conch Reef 2,ML5-211-Y,19,OK,1.00,1,N/A,N/A,N/A,0
9/9/2015,Molasses Reef,25.01060,-80.37275,Offshore,Snapper Ledge,ML5-219-B,19,OK,1.00,2,N/A,N/A,N/A,0
9/9/2015,Molasses Reef,25.01060,-80.37275,Offshore,Conch Reef 1,ML5-213-W,20,D,0.00,N/A,N/A,N/A,N/A,N/A
9/9/2015,Molasses Reef,25.01060,-80.37275,Offshore,Horseshoe Reef,ML5-213-P,19,D,0.00,N/A,N/A,N/A,N/A,N/A
9/9/2015,Molasses Reef,25.01060,-80.37275,Offshore,Snapper Ledge,ML5-213-B,19,RM,0.01,0,N/A,N/A,N/A,0
9/9/2015,Molasses Reef,25.01060,-80.37275,Offshore,Conch Reef 2,ML5-212-Y,20,RM,0.40,1,N/A,N/A,N/A,0
9/9/2015,Molasses Reef,25.01060,-80.37275,Offshore,Conch Reef 1,ML5-212-W,20,OK,1.00,1,N/A,N/A,N/A,0
9/9/2015,Molasses Reef,25.01060,-80.37275,Offshore,Snapper Ledge,ML5-214-B,20,D,0.00,N/A,N/A,N/A,N/A,N/A
9/9/2015,Molasses Reef,25.01060,-80.37275,Offshore,Snapper Ledge,ML5-212-B,19,OK,0.10,2,N/A,N/A,N/A,0
9/9/2015,Molasses Reef,25.01060,-80.37275,Offshore,Horseshoe Reef,ML5-214-P,19,D,0.00,N/A,N/A,N/A,N/A,N/A
9/9/2015,Molasses Reef,25.01060,-80.37275,Offshore,Horseshoe Reef,ML5-211-P,19,D,0.00,N/A,N/A,N/A,N/A,N/A
9/9/2015,Molasses Reef,25.01060,-80.37275,Offshore,Conch Reef 2,ML5-210-Y,20,OK,1.00,1,N/A,N/A,N/A,0
9/9/2015,Molasses Reef,25.01060,-80.37275,Offshore,Conch Reef 1,ML5-210-W,19,OK,1.00,2,N/A,N/A,N/A,0
9/9/2015,Molasses Reef,25.01060,-80.37275,Offshore,Snapper Ledge,ML5-210-B,19,D,0.00,N/A,N/A,N/A,N/A,N/A
9/9/2015,Molasses Reef,25.01060,-80.37275,Offshore,Conch Reef 2,ML5-209-Y,19,D,0.00,N/A,N/A,N/A,N/A,N/A
9/9/2015,Molasses Reef,25.01060,-80.37275,Offshore,Conch Reef 1,ML5-209-W,19,OK,1.00,2,N/A,N/A,N/A,0
9/9/2015,Molasses Reef,25.01060,-80.37275,Offshore,Horseshoe Reef,ML5-209-P,19,OK,1.00,1,N/A,N/A,N/A,0
9/9/2015,Molasses Reef,25.01060,-80.37275,Offshore,Horseshoe Reef,ML5-212-P,19,OK,1.00,1,N/A,N/A,N/A,0
9/9/2015,Molasses Reef,25.01060,-80.37275,Offshore,Conch Reef 1,ML5-216-W,19,OK,1.00,2,N/A,N/A,N/A,0
9/9/2015,Molasses Reef,25.01060,-80.37275,Offshore,Conch Reef 2,ML5-220-Y,20,D,0.00,N/A,N/A,N/A,N/A,N/A
9/9/2015,Molasses Reef,25.01060,-80.37275,Offshore,Horseshoe Reef,ML5-218-P,20,D,0.00,N/A,N/A,N/A,N/A,N/A
9/9/2015,Molasses Reef,25.01060,-80.37275,Offshore,Snapper Ledge,ML5-218-B,19,D,0.00,N/A,N/A,N/A,N/A,N/A
9/9/2015,Molasses Reef,25.01060,-80.37275,Offshore,Conch Reef 2,ML5-217-Y,20,OK,0.99,2,N/A,N/A,N/A,0
9/9/2015,Molasses Reef,25.01060,-80.37275,Offshore,Conch Reef 1,ML5-217-W,20,OK,1.00,1,N/A,N/A,N/A,0
9/9/2015,Molasses Reef,25.01060,-80.37275,Offshore,Horseshoe Reef,ML5-217-P,20,D,0.00,N/A,N/A,N/A,N/A,N/A
9/9/2015,Molasses Reef,25.01060,-80.37275,Offshore,Conch Reef 2,ML5-213-Y,20,D,0.00,N/A,N/A,N/A,N/A,N/A
9/9/2015,Molasses Reef,25.01060,-80.37275,Offshore,Conch Reef 2,ML5-216-Y,19,OK,1.00,2,N/A,N/A,N/A,0
9/9/2015,Molasses Reef,25.01060,-80.37275,Offshore,Conch Reef 2,ML5-218-Y,20,D,0.00,N/A,N/A,N/A,N/A,N/A
9/9/2015,Molasses Reef,25.01060,-80.37275,Offshore,Horseshoe Reef,ML5-216-P,19,RM,0.15,1,N/A,N/A,N/A,0
9/9/2015,Molasses Reef,25.01060,-80.37275,Offshore,Snapper Ledge,ML5-216-B,19,OK,1.00,2,N/A,N/A,N/A,0
9/9/2015,Molasses Reef,25.01060,-80.37275,Offshore,Conch Reef 2,ML5-215-Y,19,D,0.00,N/A,N/A,N/A,N/A,N/A
9/9/2015,Molasses Reef,25.01060,-80.37275,Offshore,Horseshoe Reef,ML5-215-P,19,OK,1.00,1,N/A,N/A,N/A,0
9/9/2015,Molasses Reef,25.01060,-80.37275,Offshore,Snapper Ledge,ML5-215-B,19,D,0.00,N/A,N/A,N/A,N/A,N/A
9/9/2015,Molasses Reef,25.01060,-80.37275,Offshore,Conch Reef 2,ML5-214-Y,19,D,0.00,N/A,N/A,N/A,N/A,N/A
9/9/2015,Molasses Reef,25.01060,-80.37275,Offshore,Conch Reef 1,ML5-214-W,20,D,0.00,N/A,N/A,N/A,N/A,N/A
9/9/2015,Molasses Reef,25.01060,-80.37275,Offshore,Snapper Ledge,ML5-217-B,20,D,0.00,N/A,N/A,N/A,N/A,N/A
9/9/2015,French Reef,25.03438,-80.34888,Offshore,Conch Reef 2,FR5-263-Y,21,OK,1.00,1,N/A,N/A,N/A,0
9/9/2015,French Reef,25.03438,-80.34888,Offshore,Conch Reef 2,FR5-261-Y,21,OK,1.00,1,N/A,N/A,N/A,0
9/9/2015,French Reef,25.03438,-80.34888,Offshore,Snapper Ledge,FR5-262-B,21,OK,1.00,2,N/A,N/A,N/A,0
9/9/2015,French Reef,25.03438,-80.34888,Offshore,Horseshoe Reef,FR5-262-P,21,OK,0.99,0,N/A,N/A,N/A,0
9/9/2015,French Reef,25.03438,-80.34888,Offshore,Conch Reef 1,FR5-262-W,21,OK,1.00,1,N/A,N/A,N/A,0
9/9/2015,French Reef,25.03438,-80.34888,Offshore,Conch Reef 2,FR5-262-Y,21,OK,1.00,1,N/A,N/A,N/A,0
9/9/2015,French Reef,25.03438,-80.34888,Offshore,Snapper Ledge,FR5-263-B,21,OK,1.00,1,N/A,N/A,N/A,0
9/9/2015,French Reef,25.03438,-80.34888,Offshore,Conch Reef 1,FR5-265-W,21,OK,0.70,1,N/A,N/A,N/A,0
9/9/2015,French Reef,25.03438,-80.34888,Offshore,Conch Reef 1,FR5-263-W,21,OK,1.00,1,N/A,N/A,N/A,0
9/9/2015,French Reef,25.03438,-80.34888,Offshore,Conch Reef 2,FR4-260-Y,21,OK,1.00,1,N/A,N/A,N/A,0
9/9/2015,French Reef,25.03438,-80.34888,Offshore,Snapper Ledge,FR5-264-B,21,OK,1.00,2,N/A,N/A,N/A,0
9/9/2015,French Reef,25.03438,-80.34888,Offshore,Horseshoe Reef,FR5-264-P,21,OK,0.99,0,N/A,N/A,N/A,0
9/9/2015,French Reef,25.03438,-80.34888,Offshore,Conch Reef 1,FR5-264-W,21,OK,0.99,1,N/A,N/A,N/A,0
9/9/2015,French Reef,25.03438,-80.34888,Offshore,Conch Reef 2,FR5-264-Y,20,OK,1.00,1,N/A,N/A,N/A,0
9/9/2015,French Reef,25.03438,-80.34888,Offshore,Snapper Ledge,FR5-265-B,21,D,0.00,N/A,N/A,N/A,N/A,N/A
9/9/2015,French Reef,25.03438,-80.34888,Offshore,Horseshoe Reef,FR5-265-P,20,OK,1.00,0,N/A,N/A,N/A,0
9/9/2015,French Reef,25.03438,-80.34888,Offshore,Horseshoe Reef,FR5-263-P,20,OK,0.70,0,N/A,N/A,N/A,0
9/9/2015,French Reef,25.03438,-80.34888,Offshore,Snapper Ledge,FR4-259-B,21,OK,1.00,1,N/A,N/A,N/A,0
9/9/2015,French Reef,25.03438,-80.34888,Offshore,Snapper Ledge,FR4-257-B,21,OK,1.00,1,N/A,N/A,N/A,0
9/9/2015,French Reef,25.03438,-80.34888,Offshore,Horseshoe Reef,FR4-257-P,21,OK,1.00,0,N/A,N/A,N/A,0
9/9/2015,French Reef,25.03438,-80.34888,Offshore,Conch Reef 1,FR4-257-W,21,OK,0.99,1,N/A,N/A,N/A,0
9/9/2015,French Reef,25.03438,-80.34888,Offshore,Conch Reef 2,FR4-257-Y,21,OK,1.00,1,N/A,N/A,N/A,0
9/9/2015,French Reef,25.03438,-80.34888,Offshore,Snapper Ledge,FR4-258-B,20,OK,1.00,1,N/A,N/A,N/A,0
9/9/2015,Molasses Reef,25.01060,-80.37275,Offshore,Horseshoe Reef,ML5-220-P,20,D,0.00,N/A,N/A,N/A,N/A,N/A
9/9/2015,French Reef,25.03438,-80.34888,Offshore,Conch Reef 1,FR5-261-W,21,OK,1.00,1,N/A,N/A,N/A,0
9/9/2015,French Reef,25.03420,-80.34897,Offshore,Horseshoe Reef,FR6-275-P,20,OK,0.99,1,N/A,N/A,N/A,0
9/9/2015,French Reef,25.03438,-80.34888,Offshore,Snapper Ledge,FR5-261-B,21,OK,1.00,1,N/A,N/A,N/A,0
9/9/2015,French Reef,25.03438,-80.34888,Offshore,Horseshoe Reef,FR4-259-P,21,OK,1.00,0,N/A,N/A,N/A,0
9/9/2015,French Reef,25.03438,-80.34888,Offshore,Conch Reef 1,FR4-259-W,20,OK,1.00,1,N/A,N/A,N/A,0
9/9/2015,French Reef,25.03438,-80.34888,Offshore,Conch Reef 2,FR4-259-Y,20,OK,1.00,1,N/A,N/A,N/A,0
9/9/2015,French Reef,25.03438,-80.34888,Offshore,Snapper Ledge,FR4-260-B,21,OK,1.00,1,N/A,N/A,N/A,0
9/9/2015,French Reef,25.03438,-80.34888,Offshore,Horseshoe Reef,FR4-260-P,21,OK,1.00,1,N/A,N/A,N/A,0
9/9/2015,French Reef,25.03438,-80.34888,Offshore,Conch Reef 1,FR4-260-W,21,OK,1.00,1,N/A,N/A,N/A,0
9/9/2015,French Reef,25.03438,-80.34888,Offshore,Conch Reef 2,FR4-258-Y,21,OK,1.00,1,N/A,N/A,N/A,0
9/9/2015,French Reef,25.03438,-80.34888,Offshore,Conch Reef 1,FR4-258-W,21,OK,1.00,1,N/A,N/A,N/A,0
9/9/2015,French Reef,25.03420,-80.34897,Offshore,Snapper Ledge,FR6-273-B,20,D,0.00,N/A,N/A,N/A,N/A,N/A
9/9/2015,French Reef,25.03438,-80.34888,Offshore,Conch Reef 2,FR5-270-Y,20,OK,1.00,2,N/A,N/A,N/A,0
9/9/2015,French Reef,25.03420,-80.34897,Offshore,Snapper Ledge,FR6-271-B,20,OK,0.99,2,N/A,N/A,N/A,0
9/9/2015,French Reef,25.03420,-80.34897,Offshore,Conch Reef 1,FR6-271-W,20,OK,1.00,1,N/A,N/A,N/A,0
9/9/2015,French Reef,25.03420,-80.34897,Offshore,Conch Reef 2,FR6-271-Y,20,OK,1.00,1,N/A,N/A,N/A,0
9/9/2015,French Reef,25.03420,-80.34897,Offshore,Snapper Ledge,FR6-272-B,20,OK,1.00,2,N/A,N/A,N/A,0
9/9/2015,French Reef,25.03420,-80.34897,Offshore,Horseshoe Reef,FR6-272-P,20,RM,0.99,0,N/A,N/A,N/A,0
9/9/2015,French Reef,25.03438,-80.34888,Offshore,Conch Reef 1,FR5-270-W,20,OK,1.00,1,N/A,N/A,N/A,0
9/9/2015,French Reef,25.03420,-80.34897,Offshore,Conch Reef 2,FR6-272-Y,20,RM,0.70,1,N/A,N/A,N/A,0
9/9/2015,French Reef,25.03420,-80.34897,Offshore,Conch Reef 2,FR6-273-Y,20,OK,0.99,1,N/A,N/A,N/A,0
9/9/2015,French Reef,25.03420,-80.34897,Offshore,Horseshoe Reef,FR6-273-P,20,OK,1.00,1,N/A,N/A,N/A,0
9/9/2015,French Reef,25.03420,-80.34897,Offshore,Snapper Ledge,FR6-274-B,19,OK,0.99,2,N/A,N/A,N/A,0
9/9/2015,French Reef,25.03420,-80.34897,Offshore,Conch Reef 1,FR6-274-W,19,OK,1.00,1,N/A,N/A,N/A,0
9/9/2015,French Reef,25.03420,-80.34897,Offshore,Snapper Ledge,FR6-275-B,20,OK,0.60,2,N/A,N/A,N/A,1
9/9/2015,French Reef,25.03420,-80.34897,Offshore,Conch Reef 2,FR6-274-Y,19,OK,1.00,1,N/A,N/A,N/A,0
9/9/2015,French Reef,25.03438,-80.34888,Offshore,Conch Reef 2,FR5-265-Y,20,OK,1.00,1,N/A,N/A,N/A,0
9/9/2015,French Reef,25.03438,-80.34888,Offshore,Horseshoe Reef,FR4-258-P,21,OK,1.00,0,N/A,N/A,N/A,0
9/9/2015,French Reef,25.03420,-80.34897,Offshore,Conch Reef 1,FR6-272-W,20,OK,1.00,1,N/A,N/A,N/A,0
9/9/2015,French Reef,25.03438,-80.34888,Offshore,Conch Reef 1,FR5-267-W,21,OK,1.00,2,N/A,N/A,N/A,0
9/9/2015,French Reef,25.03420,-80.34897,Offshore,Horseshoe Reef,FR6-274-P,19,OK,1.00,0,N/A,N/A,N/A,0
9/9/2015,French Reef,25.03438,-80.34888,Offshore,Snapper Ledge,FR5-267-B,20,OK,1.00,2,N/A,N/A,N/A,0
9/9/2015,French Reef,25.03438,-80.34888,Offshore,Snapper Ledge,FR5-266-B,21,OK,1.00,2,N/A,N/A,N/A,0
9/9/2015,French Reef,25.03438,-80.34888,Offshore,Conch Reef 2,FR5-266-Y,21,OK,1.00,1,N/A,N/A,N/A,0
9/9/2015,French Reef,25.03438,-80.34888,Offshore,Horseshoe Reef,FR5-267-P,20,OK,1.00,0,N/A,N/A,N/A,0
9/9/2015,French Reef,25.03438,-80.34888,Offshore,Horseshoe Reef,FR5-270-P,20,OK,1.00,0,N/A,N/A,N/A,0
9/9/2015,French Reef,25.03438,-80.34888,Offshore,Conch Reef 1,FR5-266-W,21,OK,1.00,1,N/A,N/A,N/A,0
9/9/2015,French Reef,25.03438,-80.34888,Offshore,Conch Reef 2,FR5-267-Y,20,OK,1.00,2,N/A,N/A,N/A,0
9/9/2015,French Reef,25.03438,-80.34888,Offshore,Snapper Ledge,FR5-268-B,20,OK,1.00,2,N/A,N/A,N/A,0
9/9/2015,French Reef,25.03438,-80.34888,Offshore,Horseshoe Reef,FR5-268-P,21,OK,0.40,1,N/A,N/A,N/A,0
9/9/2015,French Reef,25.03438,-80.34888,Offshore,Conch Reef 1,FR5-268-W,20,OK,1.00,2,N/A,N/A,N/A,0
9/9/2015,French Reef,25.03438,-80.34888,Offshore,Conch Reef 2,FR5-268-Y,20,OK,1.00,1,N/A,N/A,N/A,0
9/9/2015,French Reef,25.03438,-80.34888,Offshore,Horseshoe Reef,FR5-269-P,20,OK,0.99,0,N/A,N/A,N/A,0
9/9/2015,French Reef,25.03438,-80.34888,Offshore,Conch Reef 1,FR5-269-W,20,OK,1.00,1,N/A,N/A,N/A,0
9/9/2015,French Reef,25.03438,-80.34888,Offshore,Conch Reef 2,FR5-269-Y,20,OK,0.95,1,N/A,N/A,N/A,0
9/9/2015,French Reef,25.03438,-80.34888,Offshore,Snapper Ledge,FR5-270-B,20,OK,0.99,2,N/A,N/A,N/A,0
10/7/2015,AAA,25.16864,-80.26669,Nearshore,Horseshoe Reef,AA3-152-P,14,RM,0.60,4,N/A,N/A,N/A,0
10/7/2015,AAA,25.16860,-80.26677,Nearshore,Snapper Ledge,AA2-150-B,12,RM,0.90,4,N/A,N/A,N/A,1
10/7/2015,AAA,25.16860,-80.26677,Nearshore,Horseshoe Reef,AA2-150-P,11,D,0.00,N/A,N/A,N/A,N/A,N/A
10/7/2015,AAA,25.16860,-80.26677,Nearshore,Conch Reef 1,AA2-150-W,11,OK,1.00,4,N/A,N/A,N/A,0
10/7/2015,AAA,25.16860,-80.26677,Nearshore,Conch Reef 2,AA2-149-Y,11,RM,0.90,3,N/A,N/A,N/A,0
10/7/2015,AAA,25.16860,-80.26677,Nearshore,Conch Reef 2,AA2-150-Y,11,OK,0.95,3,N/A,N/A,N/A,0
10/7/2015,AAA,25.16864,-80.26669,Nearshore,Snapper Ledge,AA3-151-B,14,OK,1.00,4,N/A,N/A,N/A,0
10/7/2015,AAA,25.16864,-80.26669,Nearshore,Horseshoe Reef,AA3-151-P,15,OK,0.05,2,N/A,N/A,N/A,0
10/7/2015,AAA,25.16864,-80.26669,Nearshore,Conch Reef 1,AA3-151-W,15,OK,0.85,4,N/A,N/A,N/A,0
10/7/2015,AAA,25.16864,-80.26669,Nearshore,Snapper Ledge,AA3-152-B,14,D,0.00,N/A,N/A,N/A,N/A,N/A
10/7/2015,AAA,25.16860,-80.26677,Nearshore,Horseshoe Reef,AA2-148-P,11,RM,0.30,4,N/A,N/A,N/A,1
10/7/2015,AAA,25.16864,-80.26669,Nearshore,Conch Reef 1,AA3-152-W,14,OK,1.00,4,N/A,N/A,N/A,0
10/7/2015,AAA,25.16864,-80.26669,Nearshore,Conch Reef 2,AA3-152-Y,14,OK,0.60,2,N/A,N/A,N/A,0
10/7/2015,AAA,25.16864,-80.26669,Nearshore,Conch Reef 2,AA3-151-Y,15,OK,1.00,2,N/A,N/A,N/A,0
10/7/2015,AAA,25.16860,-80.26677,Nearshore,Conch Reef 1,AA2-149-W,11,OK,1.00,4,N/A,N/A,N/A,0
10/7/2015,AAA,25.16860,-80.26677,Nearshore,Horseshoe Reef,AA2-149-P,12,RM,0.10,4,N/A,N/A,N/A,0
10/7/2015,AAA,25.16860,-80.26677,Nearshore,Snapper Ledge,AA2-149-B,11,RM,0.30,4,N/A,N/A,N/A,0
10/7/2015,AAA,25.16860,-80.26677,Nearshore,Conch Reef 1,AA2-148-W,11,OK,1.00,3,N/A,N/A,N/A,0
10/7/2015,AAA,25.16860,-80.26677,Nearshore,Snapper Ledge,AA2-148-B,11,RM,0.60,4,N/A,N/A,N/A,0
10/7/2015,AAA,25.16860,-80.26677,Nearshore,Conch Reef 2,AA2-147-Y,12,OK,1.00,3,N/A,N/A,N/A,0
10/7/2015,AAA,25.16860,-80.26677,Nearshore,Conch Reef 1,AA2-147-W,12,OK,0.95,4,N/A,N/A,N/A,0
10/7/2015,AAA,25.16860,-80.26677,Nearshore,Horseshoe Reef,AA2-147-P,12,D,0.00,N/A,N/A,N/A,N/A,N/A
10/7/2015,AAA,25.16860,-80.26677,Nearshore,Snapper Ledge,AA2-147-B,12,OK,0.95,4,N/A,N/A,N/A,0
10/7/2015,AAA,25.16860,-80.26677,Nearshore,Conch Reef 1,AA2-146-W,12,OK,1.00,4,N/A,N/A,N/A,0
10/7/2015,AAA,25.16864,-80.26669,Nearshore,Snapper Ledge,AA3-153-B,14,RM,0.30,4,N/A,N/A,N/A,0
10/7/2015,AAA,25.16864,-80.26669,Nearshore,Conch Reef 2,AA3-157-Y,12,OK,1.00,3,N/A,N/A,N/A,0
10/7/2015,AAA,25.16860,-80.26677,Nearshore,Conch Reef 2,AA2-146-Y,12,OK,1.00,3,N/A,N/A,N/A,0
10/7/2015,AAA,25.16860,-80.26677,Nearshore,Conch Reef 2,AA2-148-Y,11,RM,0.95,3,N/A,N/A,N/A,0
10/7/2015,AAA,25.16864,-80.26669,Nearshore,Snapper Ledge,AA3-157-B,13,RM,0.85,4,N/A,N/A,N/A,0
10/7/2015,AAA,25.16860,-80.26677,Nearshore,Horseshoe Reef,AA2-146-P,12,RM,0.85,3,N/A,N/A,N/A,0
10/7/2015,AAA,25.16860,-80.26677,Nearshore,Conch Reef 2,AA2-142-Y,13,OK,1.00,3,N/A,N/A,N/A,0
10/7/2015,AAA,25.16864,-80.26669,Nearshore,Conch Reef 2,AA3-160-Y,11,OK,1.00,3,N/A,N/A,N/A,0
10/7/2015,AAA,25.16864,-80.26669,Nearshore,Conch Reef 1,AA3-160-W,11,OK,1.00,4,N/A,N/A,N/A,0
10/7/2015,AAA,25.16864,-80.26669,Nearshore,Horseshoe Reef,AA3-160-P,11,D,0.00,N/A,N/A,N/A,N/A,N/A
10/7/2015,AAA,25.16864,-80.26669,Nearshore,Snapper Ledge,AA3-160-B,11,RM,0.95,4,N/A,N/A,N/A,0
10/7/2015,AAA,25.16864,-80.26669,Nearshore,Conch Reef 2,AA3-159-Y,11,OK,1.00,3,N/A,N/A,N/A,0
10/7/2015,AAA,25.16864,-80.26669,Nearshore,Conch Reef 1,AA3-159-W,11,OK,1.00,4,N/A,N/A,N/A,0
10/7/2015,AAA,25.16864,-80.26669,Nearshore,Horseshoe Reef,AA3-159-P,11,RM,0.05,4,N/A,N/A,N/A,0
10/7/2015,AAA,25.16864,-80.26669,Nearshore,Snapper Ledge,AA3-159-B,11,D,0.00,N/A,N/A,N/A,N/A,N/A
10/7/2015,AAA,25.16864,-80.26669,Nearshore,Conch Reef 2,AA3-158-Y,11,RM,0.80,3,N/A,N/A,N/A,0
10/7/2015,AAA,25.16864,-80.26669,Nearshore,Conch Reef 1,AA3-158-W,11,OK,1.00,4,N/A,N/A,N/A,0
10/7/2015,AAA,25.16864,-80.26669,Nearshore,Horseshoe Reef,AA3-158-P,11,D,0.00,N/A,N/A,N/A,N/A,N/A
10/7/2015,AAA,25.16864,-80.26669,Nearshore,Horseshoe Reef,AA3-157-P,13,RM,0.60,3,N/A,N/A,N/A,0
10/7/2015,AAA,25.16864,-80.26669,Nearshore,Conch Reef 1,AA3-155-W,13,OK,1.00,4,N/A,N/A,N/A,0
10/7/2015,AAA,25.16864,-80.26669,Nearshore,Conch Reef 2,AA3-153-Y,14,OK,1.00,2,N/A,N/A,N/A,0
10/7/2015,AAA,25.16864,-80.26669,Nearshore,Snapper Ledge,AA3-154-B,13,RM,0.60,4,N/A,N/A,N/A,0
10/7/2015,AAA,25.16864,-80.26669,Nearshore,Horseshoe Reef,AA3-154-P,13,D,0.00,N/A,N/A,N/A,N/A,N/A
10/7/2015,AAA,25.16864,-80.26669,Nearshore,Conch Reef 1,AA3-154-W,13,OK,0.20,4,N/A,N/A,N/A,0
10/7/2015,AAA,25.16864,-80.26669,Nearshore,Conch Reef 2,AA3-154-Y,13,RM,0.95,3,N/A,N/A,N/A,0
10/7/2015,AAA,25.16864,-80.26669,Nearshore,Snapper Ledge,AA3-158-B,11,OK,0.95,4,N/A,N/A,N/A,0
10/7/2015,AAA,25.16864,-80.26669,Nearshore,Horseshoe Reef,AA3-155-P,13,RM,0.90,3,N/A,N/A,N/A,0
10/7/2015,AAA,25.16864,-80.26669,Nearshore,Conch Reef 1,AA3-157-W,13,RM,0.95,4,N/A,N/A,N/A,0
10/7/2015,AAA,25.16864,-80.26669,Nearshore,Conch Reef 2,AA3-155-Y,14,OK,1.00,3,N/A,N/A,N/A,0
10/7/2015,AAA,25.16864,-80.26669,Nearshore,Snapper Ledge,AA3-156-B,12,D,0.00,N/A,N/A,N/A,N/A,N/A
10/7/2015,AAA,25.16864,-80.26669,Nearshore,Horseshoe Reef,AA3-156-P,12,RM,0.95,4,N/A,N/A,N/A,0
10/7/2015,AAA,25.16864,-80.26669,Nearshore,Conch Reef 1,AA3-156-W,12,OK,1.00,4,N/A,N/A,N/A,0
10/7/2015,AAA,25.16864,-80.26669,Nearshore,Conch Reef 2,AA3-156-Y,13,OK,1.00,2,N/A,N/A,N/A,0
10/7/2015,AAA,25.16864,-80.26669,Nearshore,Horseshoe Reef,AA3-153-P,14,OK,0.95,3,N/A,N/A,N/A,0
10/7/2015,AAA,25.16864,-80.26669,Nearshore,Snapper Ledge,AA3-155-B,13,RM,0.85,4,N/A,N/A,N/A,0
10/7/2015,AAA,25.16850,-80.26681,Nearshore,Conch Reef 1,AA1-133-W,14,OK,1.00,3,N/A,N/A,N/A,0
10/7/2015,AAA,25.16850,-80.26681,Nearshore,Conch Reef 1,AA1-137-W,14,RM,0.90,4,N/A,N/A,N/A,0
10/7/2015,AAA,25.16850,-80.26681,Nearshore,Horseshoe Reef,AA1-137-P,14,RM,0.90,4,N/A,N/A,N/A,0
10/7/2015,AAA,25.16850,-80.26681,Nearshore,Snapper Ledge,AA1-137-B,13,RM,0.05,4,N/A,N/A,N/A,0
10/7/2015,AAA,25.16850,-80.26681,Nearshore,Conch Reef 2,AA1-136-Y,14,OK,0.95,3,N/A,N/A,N/A,0
10/7/2015,AAA,25.16850,-80.26681,Nearshore,Conch Reef 1,AA1-136-W,14,RM,0.10,4,N/A,N/A,N/A,0
10/7/2015,AAA,25.16850,-80.26681,Nearshore,Horseshoe Reef,AA1-136-P,14,OK,0.20,2,N/A,N/A,N/A,0
10/7/2015,AAA,25.16850,-80.26681,Nearshore,Snapper Ledge,AA1-136-B,14,RM,0.15,4,N/A,N/A,N/A,0
10/7/2015,AAA,25.16850,-80.26681,Nearshore,Conch Reef 2,AA1-135-Y,14,OK,1.00,3,N/A,N/A,N/A,0
10/7/2015,AAA,25.16850,-80.26681,Nearshore,Conch Reef 1,AA1-135-W,14,OK,0.95,4,N/A,N/A,N/A,0
10/7/2015,AAA,25.16850,-80.26681,Nearshore,Horseshoe Reef,AA1-135-P,14,OK,0.95,3,N/A,N/A,N/A,0
10/7/2015,AAA,25.16850,-80.26681,Nearshore,Snapper Ledge,AA1-135-B,14,D,0.00,N/A,N/A,N/A,N/A,N/A
10/7/2015,AAA,25.16850,-80.26681,Nearshore,Conch Reef 2,AA1-134-Y,14,OK,1.00,3,N/A,N/A,N/A,0
10/7/2015,AAA,25.16850,-80.26681,Nearshore,Conch Reef 2,AA1-137-Y,14,RM,0.95,3,N/A,N/A,N/A,0
10/7/2015,AAA,25.16850,-80.26681,Nearshore,Snapper Ledge,AA1-134-B,14,OK,0.90,4,N/A,N/A,N/A,0
10/7/2015,AAA,25.16850,-80.26681,Nearshore,Horseshoe Reef,AA1-134-P,14,OK,1.00,3,N/A,N/A,N/A,0
10/7/2015,AAA,25.16850,-80.26681,Nearshore,Horseshoe Reef,AA1-133-P,14,OK,0.80,3,N/A,N/A,N/A,0
10/7/2015,AAA,25.16850,-80.26681,Nearshore,Snapper Ledge,AA1-133-B,14,OK,0.95,4,N/A,N/A,N/A,0
10/7/2015,AAA,25.16850,-80.26681,Nearshore,Conch Reef 2,AA1-132-Y,14,OK,1.00,3,N/A,N/A,N/A,0
10/7/2015,AAA,25.16850,-80.26681,Nearshore,Conch Reef 1,AA1-132-W,14,OK,0.90,4,N/A,N/A,N/A,0
10/7/2015,AAA,25.16850,-80.26681,Nearshore,Horseshoe Reef,AA1-132-P,14,RM,0.85,3,N/A,N/A,N/A,0
10/7/2015,AAA,25.16850,-80.26681,Nearshore,Snapper Ledge,AA1-132-B,14,RM,0.50,4,N/A,N/A,N/A,0
10/7/2015,AAA,25.16850,-80.26681,Nearshore,Conch Reef 2,AA1-131-Y,15,OK,1.00,3,N/A,N/A,N/A,1
10/7/2015,AAA,25.16850,-80.26681,Nearshore,Conch Reef 1,AA1-131-W,15,OK,1.00,4,N/A,N/A,N/A,1
10/7/2015,AAA,25.16850,-80.26681,Nearshore,Horseshoe Reef,AA1-131-P,15,OK,1.00,2,N/A,N/A,N/A,0
10/7/2015,AAA,25.16850,-80.26681,Nearshore,Snapper Ledge,AA1-131-B,15,D,0.00,N/A,N/A,N/A,N/A,N/A
10/7/2015,AAA,25.16860,-80.26677,Nearshore,Horseshoe Reef,AA2-143-P,14,RM,0.05,4,N/A,N/A,N/A,0
10/7/2015,AAA,25.16860,-80.26677,Nearshore,Snapper Ledge,AA2-146-B,12,D,0.00,N/A,N/A,N/A,N/A,N/A
10/7/2015,AAA,25.16850,-80.26681,Nearshore,Conch Reef 1,AA1-134-W,14,OK,1.00,4,N/A,N/A,N/A,0
10/7/2015,AAA,25.16860,-80.26677,Nearshore,Conch Reef 1,AA2-143-W,14,OK,0.80,3,N/A,N/A,N/A,0
10/7/2015,AAA,25.16860,-80.26677,Nearshore,Conch Reef 1,AA2-145-W,13,RM,0.50,4,N/A,N/A,N/A,0
10/7/2015,AAA,25.16850,-80.26681,Nearshore,Conch Reef 2,AA1-133-Y,14,OK,1.00,4,N/A,N/A,N/A,0
10/7/2015,AAA,25.16850,-80.26681,Nearshore,Snapper Ledge,AA1-138-B,13,D,0.00,N/A,N/A,N/A,N/A,N/A
10/7/2015,AAA,25.16860,-80.26677,Nearshore,Conch Reef 2,AA2-145-Y,13,RM,0.90,3,N/A,N/A,N/A,0
10/7/2015,AAA,25.16860,-80.26677,Nearshore,Horseshoe Reef,AA2-145-P,13,RM,0.95,4,N/A,N/A,N/A,0
10/7/2015,AAA,25.16860,-80.26677,Nearshore,Snapper Ledge,AA2-145-B,13,RM,0.80,4,N/A,N/A,N/A,0
10/7/2015,AAA,25.16860,-80.26677,Nearshore,Conch Reef 2,AA2-144-Y,13,OK,1.00,3,N/A,N/A,N/A,0
10/7/2015,AAA,25.16860,-80.26677,Nearshore,Conch Reef 1,AA2-144-W,13,RM,0.60,4,N/A,N/A,N/A,0
10/7/2015,AAA,25.16860,-80.26677,Nearshore,Horseshoe Reef,AA2-144-P,13,RM,0.85,3,N/A,N/A,N/A,0
10/7/2015,AAA,25.16860,-80.26677,Nearshore,Conch Reef 2,AA2-143-Y,13,RM,0.95,3,N/A,N/A,N/A,0
10/7/2015,AAA,25.16860,-80.26677,Nearshore,Snapper Ledge,AA2-143-B,14,D,0.00,N/A,N/A,N/A,N/A,N/A
10/7/2015,AAA,25.16860,-80.26677,Nearshore,Conch Reef 1,AA2-142-W,13,OK,0.95,4,N/A,N/A,N/A,1
10/7/2015,AAA,25.16860,-80.26677,Nearshore,Conch Reef 2,AA2-141-Y,14,RM,0.90,3,N/A,N/A,N/A,0
10/7/2015,AAA,25.16860,-80.26677,Nearshore,Conch Reef 1,AA2-141-W,14,RM,0.95,4,N/A,N/A,N/A,0
10/7/2015,AAA,25.16850,-80.26681,Nearshore,Snapper Ledge,AA1-139-B,13,RM,0.60,4,N/A,N/A,N/A,0
10/7/2015,AAA,25.16850,-80.26681,Nearshore,Horseshoe Reef,AA1-138-P,13,D,0.00,N/A,N/A,N/A,N/A,N/A
10/7/2015,AAA,25.16850,-80.26681,Nearshore,Conch Reef 1,AA1-138-W,13,OK,1.00,4,N/A,N/A,N/A,0
10/7/2015,AAA,25.16860,-80.26677,Nearshore,Snapper Ledge,AA2-144-B,13,D,0.00,N/A,N/A,N/A,N/A,N/A
10/7/2015,AAA,25.16850,-80.26681,Nearshore,Conch Reef 2,AA1-138-Y,14,OK,0.95,3,N/A,N/A,N/A,0
10/7/2015,AAA,25.16850,-80.26681,Nearshore,Horseshoe Reef,AA1-139-P,13,D,0.00,N/A,N/A,N/A,N/A,N/A
10/7/2015,AAA,25.16850,-80.26681,Nearshore,Conch Reef 1,AA1-139-W,13,RM,0.95,4,N/A,N/A,N/A,0
10/7/2015,AAA,25.16850,-80.26681,Nearshore,Conch Reef 2,AA1-139-Y,13,OK,1.00,3,N/A,N/A,N/A,0
10/7/2015,AAA,25.16850,-80.26681,Nearshore,Snapper Ledge,AA1-140-B,13,D,0.00,N/A,N/A,N/A,N/A,N/A
10/7/2015,AAA,25.16850,-80.26681,Nearshore,Conch Reef 1,AA1-140-W,13,OK,1.00,4,N/A,N/A,N/A,0
10/7/2015,AAA,25.16850,-80.26681,Nearshore,Conch Reef 2,AA1-140-Y,13,RM,0.70,3,N/A,N/A,N/A,0
10/7/2015,AAA,25.16860,-80.26677,Nearshore,Snapper Ledge,AA2-141-B,14,RM,0.20,4,N/A,N/A,N/A,0
10/7/2015,AAA,25.16860,-80.26677,Nearshore,Horseshoe Reef,AA2-141-P,14,RM,0.40,4,N/A,N/A,N/A,0
10/7/2015,AAA,25.16850,-80.26681,Nearshore,Horseshoe Reef,AA1-140-P,13,OK,0.60,3,N/A,N/A,N/A,0
10/8/2015,North Dry Rocks,25.12965,-80.29367,Nearshore,Horseshoe Reef,ND2-179-P,13,OK,1.00,2,N/A,N/A,N/A,0
10/8/2015,North Dry Rocks,25.12965,-80.29367,Nearshore,Conch Reef 2,ND2-176-Y,13,OK,1.00,2,N/A,N/A,N/A,0
10/8/2015,North Dry Rocks,25.12965,-80.29367,Nearshore,Snapper Ledge,ND2-177-B,14,D,0.00,N/A,N/A,N/A,N/A,N/A
10/8/2015,North Dry Rocks,25.12965,-80.29367,Nearshore,Horseshoe Reef,ND2-177-P,13,RM,0.95,2,N/A,N/A,N/A,0
10/8/2015,North Dry Rocks,25.12965,-80.29367,Nearshore,Conch Reef 1,ND2-177-W,13,OK,1.00,3,N/A,N/A,N/A,0
10/8/2015,North Dry Rocks,25.12965,-80.29367,Nearshore,Conch Reef 2,ND2-177-Y,13,OK,0.99,2,N/A,N/A,N/A,0
10/8/2015,North Dry Rocks,25.12965,-80.29367,Nearshore,Snapper Ledge,ND2-178-B,13,RM,0.70,4,N/A,N/A,N/A,0
10/8/2015,North Dry Rocks,25.12965,-80.29367,Nearshore,Horseshoe Reef,ND2-178-P,13,OK,1.00,2,N/A,N/A,N/A,0
10/8/2015,North Dry Rocks,25.12965,-80.29367,Nearshore,Snapper Ledge,ND2-179-B,13,RM,0.40,4,N/A,N/A,N/A,0
10/8/2015,North Dry Rocks,25.12965,-80.29367,Nearshore,Conch Reef 2,ND2-178-Y,13,OK,0.99,2,N/A,N/A,N/A,0
10/8/2015,North Dry Rocks,25.12965,-80.29367,Nearshore,Conch Reef 1,ND2-179-W,13,OK,1.00,3,N/A,N/A,N/A,0
10/8/2015,North Dry Rocks,25.12965,-80.29367,Nearshore,Conch Reef 1,ND2-172-W,14,OK,1.00,3,N/A,N/A,N/A,0
10/8/2015,North Dry Rocks,25.12965,-80.29367,Nearshore,Conch Reef 1,ND2-176-W,13,OK,0.99,3,N/A,N/A,N/A,0
10/8/2015,North Dry Rocks,25.12965,-80.29367,Nearshore,Conch Reef 1,ND2-178-W,12,OK,1.00,3,N/A,N/A,N/A,0
10/8/2015,North Dry Rocks,25.12965,-80.29367,Nearshore,Horseshoe Reef,ND2-174-P,14,OK,1.00,1,N/A,N/A,N/A,0
10/8/2015,North Dry Rocks,25.13002,-80.29386,Nearshore,Conch Reef 1,ND3-187-W,13,OK,1.00,4,N/A,N/A,N/A,0
10/8/2015,North Dry Rocks,25.12965,-80.29367,Nearshore,Conch Reef 2,ND2-179-Y,13,OK,1.00,2,N/A,N/A,N/A,0
10/8/2015,North Dry Rocks,25.12965,-80.29367,Nearshore,Horseshoe Reef,ND2-172-P,14,OK,1.00,2,N/A,N/A,N/A,0
10/8/2015,North Dry Rocks,25.12965,-80.29367,Nearshore,Conch Reef 2,ND2-172-Y,14,RM,0.99,2,N/A,N/A,N/A,0
10/8/2015,North Dry Rocks,25.12965,-80.29367,Nearshore,Horseshoe Reef,ND2-173-P,13,OK,1.00,1,N/A,N/A,N/A,0
10/8/2015,North Dry Rocks,25.12965,-80.29367,Nearshore,Conch Reef 1,ND2-173-W,13,OK,1.00,3,N/A,N/A,N/A,0
10/8/2015,North Dry Rocks,25.12965,-80.29367,Nearshore,Snapper Ledge,ND2-173-B,13,RM,0.40,4,N/A,N/A,N/A,0
10/8/2015,North Dry Rocks,25.12965,-80.29367,Nearshore,Snapper Ledge,ND2-174-B,13,D,0.00,N/A,N/A,N/A,N/A,N/A
10/8/2015,North Dry Rocks,25.12965,-80.29367,Nearshore,Horseshoe Reef,ND2-176-P,12,OK,1.00,2,N/A,N/A,N/A,0
10/8/2015,North Dry Rocks,25.12965,-80.29367,Nearshore,Conch Reef 1,ND2-174-W,14,OK,1.00,4,N/A,N/A,N/A,0
10/8/2015,North Dry Rocks,25.12965,-80.29367,Nearshore,Conch Reef 2,ND2-174-Y,13,OK,0.99,2,N/A,N/A,N/A,0
10/8/2015,North Dry Rocks,25.12965,-80.29367,Nearshore,Horseshoe Reef,ND2-175-P,13,RM,0.90,3,N/A,N/A,N/A,0
10/8/2015,North Dry Rocks,25.12965,-80.29367,Nearshore,Conch Reef 1,ND2-175-W,13,RM,0.40,3,N/A,N/A,N/A,0
10/8/2015,North Dry Rocks,25.12965,-80.29367,Nearshore,Conch Reef 2,ND2-175-Y,13,D,0.00,N/A,N/A,N/A,N/A,N/A
10/8/2015,North Dry Rocks,25.12965,-80.29367,Nearshore,Snapper Ledge,ND2-176-B,12,RM,0.80,4,N/A,N/A,N/A,0
10/8/2015,North Dry Rocks,25.12965,-80.29367,Nearshore,Conch Reef 2,ND2-173-Y,13,RM,0.99,3,N/A,N/A,N/A,0
10/8/2015,North Dry Rocks,25.13002,-80.29386,Nearshore,Conch Reef 1,ND3-186-W,12,OK,1.00,4,N/A,N/A,N/A,0
10/8/2015,North Dry Rocks,25.13002,-80.29386,Nearshore,Snapper Ledge,ND3-187-B,12,RM,0.80,4,N/A,N/A,N/A,0
10/8/2015,North Dry Rocks,25.13002,-80.29386,Nearshore,Conch Reef 2,ND3-184-Y,11,OK,1.00,2,N/A,N/A,N/A,0
10/8/2015,North Dry Rocks,25.13002,-80.29386,Nearshore,Snapper Ledge,ND3-185-B,11,RM,0.95,4,N/A,N/A,N/A,0
10/8/2015,North Dry Rocks,25.13002,-80.29386,Nearshore,Horseshoe Reef,ND3-185-P,11,OK,1.00,1,N/A,N/A,N/A,0
10/8/2015,North Dry Rocks,25.13002,-80.29386,Nearshore,Conch Reef 1,ND3-185-W,11,OK,1.00,3,N/A,N/A,N/A,0
10/8/2015,North Dry Rocks,25.13002,-80.29386,Nearshore,Horseshoe Reef,ND3-184-P,12,RM,0.95,2,N/A,N/A,N/A,0
10/8/2015,North Dry Rocks,25.13002,-80.29386,Nearshore,Horseshoe Reef,ND3-186-P,12,RM,0.95,2,N/A,N/A,N/A,0
10/8/2015,North Dry Rocks,25.13002,-80.29386,Nearshore,Snapper Ledge,ND3-184-B,12,RM,0.70,4,N/A,N/A,N/A,0
10/8/2015,North Dry Rocks,25.13002,-80.29386,Nearshore,Conch Reef 2,ND3-186-Y,12,OK,0.45,2,N/A,N/A,N/A,0
10/8/2015,North Dry Rocks,25.12965,-80.29367,Nearshore,Snapper Ledge,ND2-172-B,13,RM,0.95,4,N/A,N/A,N/A,0
10/8/2015,North Dry Rocks,25.13002,-80.29386,Nearshore,Horseshoe Reef,ND3-187-P,13,RM,0.95,2,N/A,N/A,N/A,0
10/8/2015,North Dry Rocks,25.12983,-80.29369,Nearshore,Conch Reef 2,ND1-164-Y,13,OK,1.00,2,N/A,N/A,N/A,0
10/8/2015,North Dry Rocks,25.13002,-80.29386,Nearshore,Conch Reef 2,ND3-187-Y,13,OK,1.00,2,N/A,N/A,N/A,0
10/8/2015,North Dry Rocks,25.13002,-80.29386,Nearshore,Snapper Ledge,ND3-188-B,12,RM,0.60,4,N/A,N/A,N/A,0
10/8/2015,North Dry Rocks,25.13002,-80.29386,Nearshore,Snapper Ledge,ND3-186-B,12,D,0.00,N/A,N/A,N/A,N/A,N/A
10/8/2015,North Dry Rocks,25.13002,-80.29386,Nearshore,Horseshoe Reef,ND3-182-P,12,RM,0.60,4,N/A,N/A,N/A,0
10/8/2015,North Dry Rocks,25.12965,-80.29367,Nearshore,Conch Reef 1,ND2-180-W,13,D,0.00,N/A,N/A,N/A,N/A,N/A
10/8/2015,North Dry Rocks,25.12965,-80.29367,Nearshore,Conch Reef 2,ND2-180-Y,13,OK,1.00,2,N/A,N/A,N/A,0
10/8/2015,North Dry Rocks,25.13002,-80.29386,Nearshore,Snapper Ledge,ND3-181-B,12,RM,0.95,4,N/A,N/A,N/A,0
10/8/2015,North Dry Rocks,25.13002,-80.29386,Nearshore,Horseshoe Reef,ND3-181-P,12,OK,1.00,2,N/A,N/A,N/A,0
10/8/2015,North Dry Rocks,25.13002,-80.29386,Nearshore,Conch Reef 1,ND3-181-W,13,OK,1.00,3,N/A,N/A,N/A,0
10/8/2015,North Dry Rocks,25.13002,-80.29386,Nearshore,Conch Reef 1,ND3-184-W,12,OK,1.00,3,N/A,N/A,N/A,0
10/8/2015,North Dry Rocks,25.13002,-80.29386,Nearshore,Snapper Ledge,ND3-182-B,13,RM,0.05,4,N/A,N/A,N/A,0
10/8/2015,North Dry Rocks,25.12965,-80.29367,Nearshore,Horseshoe Reef,ND2-180-P,13,OK,1.00,1,N/A,N/A,N/A,0
10/8/2015,North Dry Rocks,25.13002,-80.29386,Nearshore,Conch Reef 1,ND3-182-W,12,OK,1.00,3,N/A,N/A,N/A,0
10/8/2015,North Dry Rocks,25.13002,-80.29386,Nearshore,Conch Reef 2,ND3-182-Y,12,OK,1.00,2,N/A,N/A,N/A,0
10/8/2015,North Dry Rocks,25.13002,-80.29386,Nearshore,Snapper Ledge,ND3-183-B,12,RM,0.40,4,N/A,N/A,N/A,0
10/8/2015,North Dry Rocks,25.13002,-80.29386,Nearshore,Horseshoe Reef,ND3-183-P,12,OK,1.00,3,N/A,N/A,N/A,0
10/8/2015,North Dry Rocks,25.13002,-80.29386,Nearshore,Conch Reef 1,ND3-183-W,11,RM,0.95,3,N/A,N/A,N/A,0
10/8/2015,North Dry Rocks,25.13002,-80.29386,Nearshore,Conch Reef 2,ND3-183-Y,11,OK,1.00,2,N/A,N/A,N/A,0
10/8/2015,North Dry Rocks,25.13002,-80.29386,Nearshore,Conch Reef 2,ND3-181-Y,13,OK,0.90,2,N/A,N/A,N/A,0
10/8/2015,North Dry Rocks,25.12983,-80.29369,Nearshore,Horseshoe Reef,ND1-161-P,15,OK,1.00,3,N/A,N/A,N/A,0
10/8/2015,North Dry Rocks,25.12983,-80.29369,Nearshore,Horseshoe Reef,ND1-165-P,13,OK,1.00,2,N/A,N/A,N/A,0
10/8/2015,Molasses Reef,25.01060,-80.37275,Offshore,Conch Reef 2,ML5-217-Y,20,RM,0.50,1,N/A,N/A,N/A,0
10/8/2015,Molasses Reef,25.01060,-80.37275,Offshore,Snapper Ledge,ML5-219-B,19,RM,0.95,1,N/A,N/A,N/A,0
10/8/2015,Molasses Reef,25.01060,-80.37275,Offshore,Horseshoe Reef,ML5-219-P,19,D,0.00,N/A,N/A,N/A,N/A,N/A
10/8/2015,Molasses Reef,25.01060,-80.37275,Offshore,Conch Reef 1,ML5-219-W,20,D,0.00,N/A,N/A,N/A,N/A,N/A
10/8/2015,Molasses Reef,25.01060,-80.37275,Offshore,Conch Reef 2,ML5-216-Y,19,OK,1.00,2,N/A,N/A,N/A,0
10/8/2015,North Dry Rocks,25.12983,-80.29369,Nearshore,Snapper Ledge,ND1-161-B,15,OK,1.00,4,N/A,N/A,N/A,0
10/8/2015,Molasses Reef,25.01060,-80.37275,Offshore,Conch Reef 1,ML5-216-W,19,OK,1.00,2,N/A,N/A,N/A,0
10/8/2015,North Dry Rocks,25.12983,-80.29369,Nearshore,Conch Reef 1,ND1-161-W,15,OK,1.00,4,N/A,N/A,N/A,0
10/8/2015,North Dry Rocks,25.12983,-80.29369,Nearshore,Conch Reef 2,ND1-161-Y,15,OK,0.90,2,N/A,N/A,N/A,0
10/8/2015,North Dry Rocks,25.12983,-80.29369,Nearshore,Horseshoe Reef,ND1-162-P,14,RM,0.99,3,N/A,N/A,N/A,0
10/8/2015,North Dry Rocks,25.12983,-80.29369,Nearshore,Conch Reef 1,ND1-162-W,15,RM,0.95,2,N/A,N/A,N/A,0
10/8/2015,North Dry Rocks,25.12983,-80.29369,Nearshore,Conch Reef 2,ND1-162-Y,14,OK,1.00,3,N/A,N/A,N/A,0
10/8/2015,North Dry Rocks,25.12983,-80.29369,Nearshore,Snapper Ledge,ND1-163-B,13,RM,0.95,4,N/A,N/A,N/A,0
10/8/2015,Molasses Reef,25.01060,-80.37275,Offshore,Conch Reef 2,ML5-219-Y,20,D,0.00,N/A,N/A,N/A,N/A,N/A
10/8/2015,Molasses Reef,25.01060,-80.37275,Offshore,Horseshoe Reef,ML5-212-P,19,OK,1.00,2,N/A,N/A,N/A,0
10/8/2015,Molasses Reef,25.01060,-80.37275,Offshore,Conch Reef 2,ML5-207-Y,20,OK,1.00,1,N/A,N/A,N/A,0
10/8/2015,Molasses Reef,25.01060,-80.37275,Offshore,Horseshoe Reef,ML5-209-P,19,OK,1.00,1,N/A,N/A,N/A,0
10/8/2015,Molasses Reef,25.01060,-80.37275,Offshore,Conch Reef 1,ML5-209-W,19,OK,1.00,2,N/A,N/A,N/A,0
10/8/2015,Molasses Reef,25.01060,-80.37275,Offshore,Conch Reef 1,ML5-210-W,19,OK,1.00,2,N/A,N/A,N/A,0
10/8/2015,Molasses Reef,25.01060,-80.37275,Offshore,Conch Reef 2,ML5-210-Y,20,RM,0.15,1,N/A,N/A,N/A,0
10/8/2015,Molasses Reef,25.01060,-80.37275,Offshore,Conch Reef 1,ML5-217-W,20,RM,0.85,1,N/A,N/A,N/A,4
10/8/2015,Molasses Reef,25.01060,-80.37275,Offshore,Snapper Ledge,ML5-212-B,19,OK,0.05,0,N/A,N/A,N/A,0
10/8/2015,North Dry Rocks,25.12983,-80.29369,Nearshore,Conch Reef 2,ND1-163-Y,13,OK,1.00,3,N/A,N/A,N/A,0
10/8/2015,Molasses Reef,25.01060,-80.37275,Offshore,Conch Reef 1,ML5-212-W,20,RM,0.95,2,N/A,N/A,N/A,0
10/8/2015,Molasses Reef,25.01060,-80.37275,Offshore,Conch Reef 2,ML5-212-Y,20,D,0.00,N/A,N/A,N/A,N/A,N/A
10/8/2015,Molasses Reef,25.01060,-80.37275,Offshore,Snapper Ledge,ML5-213-B,19,D,0.00,N/A,N/A,N/A,N/A,N/A
10/8/2015,Molasses Reef,25.01060,-80.37275,Offshore,Horseshoe Reef,ML5-215-P,19,OK,1.00,1,N/A,N/A,N/A,0
10/8/2015,Molasses Reef,25.01060,-80.37275,Offshore,Snapper Ledge,ML5-216-B,19,RM,0.95,1,N/A,N/A,N/A,2
10/8/2015,Molasses Reef,25.01060,-80.37275,Offshore,Horseshoe Reef,ML5-216-P,19,D,0.00,N/A,N/A,N/A,N/A,N/A
10/8/2015,Molasses Reef,25.01060,-80.37275,Offshore,Conch Reef 2,ML5-211-Y,19,RM,0.90,2,N/A,N/A,N/A,1
10/8/2015,North Dry Rocks,25.12983,-80.29369,Nearshore,Snapper Ledge,ND1-170-B,12,RM,0.50,4,N/A,N/A,N/A,0
10/8/2015,North Dry Rocks,25.12983,-80.29369,Nearshore,Horseshoe Reef,ND1-168-P,13,D,0.00,N/A,N/A,N/A,N/A,N/A
10/8/2015,North Dry Rocks,25.12983,-80.29369,Nearshore,Conch Reef 1,ND1-168-W,12,RM,0.95,3,N/A,N/A,N/A,1
10/8/2015,North Dry Rocks,25.12983,-80.29369,Nearshore,Conch Reef 2,ND1-168-Y,12,OK,1.00,2,N/A,N/A,N/A,0
10/8/2015,North Dry Rocks,25.12983,-80.29369,Nearshore,Snapper Ledge,ND1-169-B,13,D,0.00,N/A,N/A,N/A,N/A,N/A
10/8/2015,North Dry Rocks,25.12983,-80.29369,Nearshore,Horseshoe Reef,ND1-169-P,14,OK,1.00,1,N/A,N/A,N/A,0
10/8/2015,North Dry Rocks,25.12983,-80.29369,Nearshore,Horseshoe Reef,ND1-163-P,13,RM,0.99,3,N/A,N/A,N/A,0
10/8/2015,North Dry Rocks,25.12983,-80.29369,Nearshore,Conch Reef 2,ND1-169-Y,13,OK,1.00,2,N/A,N/A,N/A,0
10/8/2015,North Dry Rocks,25.12983,-80.29369,Nearshore,Conch Reef 1,ND1-167-W,13,OK,1.00,4,N/A,N/A,N/A,0
10/8/2015,North Dry Rocks,25.12983,-80.29369,Nearshore,Horseshoe Reef,ND1-170-P,13,OK,1.00,1,N/A,N/A,N/A,0
10/8/2015,North Dry Rocks,25.12983,-80.29369,Nearshore,Conch Reef 1,ND1-170-W,13,OK,1.00,2,N/A,N/A,N/A,0
10/8/2015,North Dry Rocks,25.12983,-80.29369,Nearshore,Conch Reef 2,ND1-170-Y,12,OK,1.00,2,N/A,N/A,N/A,0
10/8/2015,North Dry Rocks,25.12965,-80.29367,Nearshore,Snapper Ledge,ND2-171-B,15,RM,0.80,4,N/A,N/A,N/A,0
10/8/2015,North Dry Rocks,25.12965,-80.29367,Nearshore,Horseshoe Reef,ND2-171-P,15,RM,0.99,1,N/A,N/A,N/A,0
10/8/2015,North Dry Rocks,25.12965,-80.29367,Nearshore,Conch Reef 1,ND2-171-W,16,RM,0.99,3,N/A,N/A,N/A,0
10/8/2015,North Dry Rocks,25.12983,-80.29369,Nearshore,Conch Reef 1,ND1-169-W,13,OK,1.00,4,N/A,N/A,N/A,0
10/8/2015,North Dry Rocks,25.12983,-80.29369,Nearshore,Snapper Ledge,ND1-166-B,13,D,0.00,N/A,N/A,N/A,N/A,N/A
10/8/2015,North Dry Rocks,25.12965,-80.29367,Nearshore,Conch Reef 2,ND2-171-Y,15,OK,1.00,2,N/A,N/A,N/A,0
10/8/2015,North Dry Rocks,25.12983,-80.29369,Nearshore,Snapper Ledge,ND1-164-B,13,RM,0.90,4,N/A,N/A,N/A,0
10/8/2015,North Dry Rocks,25.12983,-80.29369,Nearshore,Conch Reef 1,ND1-164-W,13,OK,1.00,2,N/A,N/A,N/A,0
10/8/2015,Pickles Reef,24.98607,-80.41506,Offshore,Horseshoe Reef,PI4-106-P,16,RM,0.90,2,N/A,N/A,N/A,0
10/8/2015,North Dry Rocks,25.12983,-80.29369,Nearshore,Snapper Ledge,ND1-165-B,13,OK,1.00,4,N/A,N/A,N/A,0
10/8/2015,North Dry Rocks,25.13002,-80.29386,Nearshore,Horseshoe Reef,ND3-188-P,12,OK,1.00,1,N/A,N/A,N/A,0
10/8/2015,North Dry Rocks,25.12983,-80.29369,Nearshore,Snapper Ledge,ND1-168-B,12,RM,0.50,4,N/A,N/A,N/A,0
10/8/2015,North Dry Rocks,25.12983,-80.29369,Nearshore,Conch Reef 2,ND1-165-Y,13,OK,1.00,3,N/A,N/A,N/A,0
10/8/2015,North Dry Rocks,25.12983,-80.29369,Nearshore,Conch Reef 2,ND1-167-Y,13,OK,0.10,1,N/A,N/A,N/A,0
10/8/2015,North Dry Rocks,25.12983,-80.29369,Nearshore,Horseshoe Reef,ND1-166-P,13,OK,1.00,1,N/A,N/A,N/A,0
10/8/2015,North Dry Rocks,25.12983,-80.29369,Nearshore,Conch Reef 1,ND1-166-W,13,OK,1.00,3,N/A,N/A,N/A,0
10/8/2015,North Dry Rocks,25.12983,-80.29369,Nearshore,Conch Reef 2,ND1-166-Y,12,RM,0.95,2,N/A,N/A,N/A,0
10/8/2015,North Dry Rocks,25.12983,-80.29369,Nearshore,Snapper Ledge,ND1-167-B,13,D,0.00,N/A,N/A,N/A,N/A,N/A
10/8/2015,North Dry Rocks,25.12983,-80.29369,Nearshore,Horseshoe Reef,ND1-167-P,13,OK,1.00,2,N/A,N/A,N/A,0
10/8/2015,North Dry Rocks,25.12983,-80.29369,Nearshore,Conch Reef 1,ND1-163-W,13,OK,1.00,4,N/A,N/A,N/A,0
10/8/2015,North Dry Rocks,25.12983,-80.29369,Nearshore,Conch Reef 1,ND1-165-W,13,OK,1.00,4,N/A,N/A,N/A,0
10/8/2015,Pickles Reef,24.98573,-80.41569,Offshore,Snapper Ledge,PI6-121-B,15,OK,1.00,4,N/A,N/A,N/A,0
10/8/2015,Pickles Reef,24.98573,-80.41569,Offshore,Conch Reef 2,PI6-122-Y,14,OK,1.00,2,N/A,N/A,N/A,0
10/8/2015,Pickles Reef,24.98575,-80.41558,Offshore,Conch Reef 1,PI5-119-W,14,OK,1.00,2,N/A,N/A,N/A,0
10/8/2015,Pickles Reef,24.98575,-80.41558,Offshore,Conch Reef 2,PI5-119-Y,15,OK,1.00,2,N/A,N/A,N/A,0
10/8/2015,Pickles Reef,24.98575,-80.41558,Offshore,Snapper Ledge,PI5-120-B,14,RM,0.95,3,N/A,N/A,N/A,0
10/8/2015,Pickles Reef,24.98575,-80.41558,Offshore,Horseshoe Reef,PI5-120-P,14,OK,0.99,2,N/A,N/A,N/A,0
10/8/2015,Pickles Reef,24.98575,-80.41558,Offshore,Snapper Ledge,PI5-119-B,14,OK,1.00,4,N/A,N/A,N/A,0
10/8/2015,Pickles Reef,24.98575,-80.41558,Offshore,Conch Reef 2,PI5-120-Y,14,RM,0.99,2,N/A,N/A,N/A,0
10/8/2015,Pickles Reef,24.98575,-80.41558,Offshore,Conch Reef 2,PI5-118-Y,15,OK,1.00,2,N/A,N/A,N/A,0
10/8/2015,Pickles Reef,24.98573,-80.41569,Offshore,Horseshoe Reef,PI6-121-P,14,OK,1.00,4,N/A,N/A,N/A,0
10/8/2015,Pickles Reef,24.98573,-80.41569,Offshore,Conch Reef 1,PI6-121-W,15,OK,1.00,3,N/A,N/A,N/A,0
10/8/2015,Pickles Reef,24.98573,-80.41569,Offshore,Conch Reef 2,PI6-121-Y,15,OK,1.00,3,N/A,N/A,N/A,0
10/8/2015,Pickles Reef,24.98573,-80.41569,Offshore,Snapper Ledge,PI6-122-B,14,RM,0.60,4,N/A,N/A,N/A,0
10/8/2015,Pickles Reef,24.98573,-80.41569,Offshore,Horseshoe Reef,PI6-122-P,14,OK,1.00,1,N/A,N/A,N/A,0
10/8/2015,Pickles Reef,24.98607,-80.41506,Offshore,Conch Reef 2,PI4-105-Y,17,OK,0.99,2,N/A,N/A,N/A,0
10/8/2015,Pickles Reef,24.98575,-80.41558,Offshore,Conch Reef 1,PI5-120-W,14,OK,1.00,2,N/A,N/A,N/A,0
10/8/2015,Pickles Reef,24.98575,-80.41558,Offshore,Snapper Ledge,PI5-117-B,15,OK,1.00,3,N/A,N/A,N/A,0
10/8/2015,French Reef,25.03438,-80.34888,Offshore,Horseshoe Reef,FR5-267-P,20,OK,0.99,1,N/A,N/A,N/A,0
10/8/2015,Pickles Reef,24.98575,-80.41558,Offshore,Conch Reef 2,PI5-115-Y,15,OK,1.00,2,N/A,N/A,N/A,0
10/8/2015,Molasses Reef,25.01060,-80.37275,Offshore,Conch Reef 1,ML5-207-W,19,OK,1.00,2,N/A,N/A,N/A,0
10/8/2015,Pickles Reef,24.98575,-80.41558,Offshore,Snapper Ledge,PI5-116-B,15,OK,0.90,3,N/A,N/A,N/A,0
10/8/2015,Pickles Reef,24.98575,-80.41558,Offshore,Horseshoe Reef,PI5-116-P,15,RM,0.95,1,N/A,N/A,N/A,0
10/8/2015,Pickles Reef,24.98575,-80.41558,Offshore,Horseshoe Reef,PI5-119-P,15,OK,0.20,1,N/A,N/A,N/A,0
10/8/2015,Pickles Reef,24.98575,-80.41558,Offshore,Conch Reef 2,PI5-116-Y,15,RM,0.99,2,N/A,N/A,N/A,0
10/8/2015,Pickles Reef,24.98573,-80.41569,Offshore,Snapper Ledge,PI6-123-B,14,OK,1.00,3,N/A,N/A,N/A,0
10/8/2015,Pickles Reef,24.98575,-80.41558,Offshore,Horseshoe Reef,PI5-117-P,15,OK,0.60,2,N/A,N/A,N/A,0
10/8/2015,Pickles Reef,24.98575,-80.41558,Offshore,Conch Reef 1,PI5-117-W,15,OK,1.00,2,N/A,N/A,N/A,0
10/8/2015,Pickles Reef,24.98575,-80.41558,Offshore,Conch Reef 2,PI5-117-Y,15,RM,0.99,2,N/A,N/A,N/A,0
10/8/2015,Pickles Reef,24.98575,-80.41558,Offshore,Snapper Ledge,PI5-118-B,15,OK,1.00,2,N/A,N/A,N/A,0
10/8/2015,Pickles Reef,24.98575,-80.41558,Offshore,Horseshoe Reef,PI5-118-P,15,OK,0.80,2,N/A,N/A,N/A,0
10/8/2015,Pickles Reef,24.98575,-80.41558,Offshore,Conch Reef 1,PI5-118-W,15,OK,1.00,2,N/A,N/A,N/A,0
10/8/2015,Pickles Reef,24.98575,-80.41558,Offshore,Conch Reef 1,PI5-116-W,15,OK,0.95,3,N/A,N/A,N/A,0
10/8/2015,Pickles Reef,24.98573,-80.41569,Offshore,Horseshoe Reef,PI6-129-P,14,OK,1.00,1,N/A,N/A,N/A,0
10/8/2015,Pickles Reef,24.98573,-80.41569,Offshore,Conch Reef 1,PI6-122-W,14,OK,1.00,2,N/A,N/A,N/A,0
10/8/2015,Pickles Reef,24.98573,-80.41569,Offshore,Conch Reef 1,PI6-127-W,13,RM,0.95,2,N/A,N/A,N/A,2
10/8/2015,Pickles Reef,24.98573,-80.41569,Offshore,Conch Reef 2,PI6-127-Y,14,OK,1.00,2,N/A,N/A,N/A,0
10/8/2015,Pickles Reef,24.98573,-80.41569,Offshore,Horseshoe Reef,PI6-128-P,13,OK,1.00,1,N/A,N/A,N/A,0
10/8/2015,Pickles Reef,24.98573,-80.41569,Offshore,Conch Reef 1,PI6-128-W,13,OK,1.00,2,N/A,N/A,N/A,0
10/8/2015,Pickles Reef,24.98573,-80.41569,Offshore,Snapper Ledge,PI6-127-B,13,RM,0.95,3,N/A,N/A,N/A,0
10/8/2015,Pickles Reef,24.98573,-80.41569,Offshore,Snapper Ledge,PI6-129-B,14,OK,1.00,4,N/A,N/A,N/A,0
10/8/2015,Pickles Reef,24.98573,-80.41569,Offshore,Conch Reef 2,PI6-126-Y,14,OK,1.00,1,N/A,N/A,N/A,0
10/8/2015,Pickles Reef,24.98573,-80.41569,Offshore,Conch Reef 1,PI6-129-W,14,OK,1.00,2,N/A,N/A,N/A,0
10/8/2015,Pickles Reef,24.98573,-80.41569,Offshore,Conch Reef 2,PI6-129-Y,14,OK,1.00,2,N/A,N/A,N/A,0
10/8/2015,Pickles Reef,24.98573,-80.41569,Offshore,Snapper Ledge,PI6-130-B,13,OK,1.00,4,N/A,N/A,N/A,0
10/8/2015,Pickles Reef,24.98573,-80.41569,Offshore,Horseshoe Reef,PI6-130-P,13,OK,1.00,0,N/A,N/A,N/A,0
10/8/2015,Pickles Reef,24.98573,-80.41569,Offshore,Conch Reef 1,PI6-130-W,13,OK,0.80,2,N/A,N/A,N/A,0
10/8/2015,Pickles Reef,24.98573,-80.41569,Offshore,Conch Reef 2,PI6-130-Y,13,RM,0.80,0,N/A,N/A,N/A,0
10/8/2015,Pickles Reef,24.98573,-80.41569,Offshore,Conch Reef 2,PI6-128-Y,14,OK,1.00,2,N/A,N/A,N/A,0
10/8/2015,Pickles Reef,24.98573,-80.41569,Offshore,Snapper Ledge,PI6-125-B,14,OK,1.00,4,N/A,N/A,N/A,0
10/8/2015,Pickles Reef,24.98573,-80.41569,Offshore,Horseshoe Reef,PI6-123-P,14,OK,1.00,2,N/A,N/A,N/A,0
10/8/2015,Pickles Reef,24.98573,-80.41569,Offshore,Conch Reef 1,PI6-123-W,14,RM,0.85,3,N/A,N/A,N/A,1
10/8/2015,Pickles Reef,24.98573,-80.41569,Offshore,Conch Reef 2,PI6-123-Y,14,OK,1.00,2,N/A,N/A,N/A,0
10/8/2015,Pickles Reef,24.98573,-80.41569,Offshore,Snapper Ledge,PI6-124-B,14,OK,1.00,3,N/A,N/A,N/A,0
10/8/2015,Pickles Reef,24.98573,-80.41569,Offshore,Horseshoe Reef,PI6-124-P,14,OK,1.00,1,N/A,N/A,N/A,0
10/8/2015,Pickles Reef,24.98573,-80.41569,Offshore,Horseshoe Reef,PI6-127-P,14,OK,1.00,2,N/A,N/A,N/A,0
10/8/2015,Pickles Reef,24.98573,-80.41569,Offshore,Conch Reef 2,PI6-124-Y,14,OK,1.00,3,N/A,N/A,N/A,0
10/8/2015,Pickles Reef,24.98575,-80.41558,Offshore,Snapper Ledge,PI5-115-B,15,RM,0.90,3,N/A,N/A,N/A,0
10/8/2015,Pickles Reef,24.98573,-80.41569,Offshore,Horseshoe Reef,PI6-125-P,14,RM,0.95,2,N/A,N/A,N/A,1
10/8/2015,Pickles Reef,24.98573,-80.41569,Offshore,Conch Reef 1,PI6-125-W,14,OK,1.00,2,N/A,N/A,N/A,0
10/8/2015,Pickles Reef,24.98573,-80.41569,Offshore,Conch Reef 2,PI6-125-Y,14,OK,1.00,2,N/A,N/A,N/A,0
10/8/2015,Pickles Reef,24.98573,-80.41569,Offshore,Snapper Ledge,PI6-126-B,14,OK,1.00,3,N/A,N/A,N/A,0
10/8/2015,Pickles Reef,24.98573,-80.41569,Offshore,Horseshoe Reef,PI6-126-P,14,OK,1.00,1,N/A,N/A,N/A,0
10/8/2015,Pickles Reef,24.98573,-80.41569,Offshore,Conch Reef 1,PI6-126-W,14,OK,1.00,1,N/A,N/A,N/A,0
10/8/2015,Pickles Reef,24.98573,-80.41569,Offshore,Conch Reef 1,PI6-124-W,14,OK,1.00,2,N/A,N/A,N/A,0
10/8/2015,Pickles Reef,24.98607,-80.41506,Offshore,Conch Reef 2,PI4-104-Y,17,RM,0.95,2,N/A,N/A,N/A,0
10/8/2015,Pickles Reef,24.98575,-80.41558,Offshore,Conch Reef 1,PI5-115-W,15,OK,1.00,2,N/A,N/A,N/A,0
10/8/2015,Pickles Reef,24.98607,-80.41506,Offshore,Horseshoe Reef,PI4-103-P,17,OK,0.15,2,N/A,N/A,N/A,0
10/8/2015,Pickles Reef,24.98607,-80.41506,Offshore,Conch Reef 1,PI4-103-W,17,OK,1.00,2,N/A,N/A,N/A,0
10/8/2015,Pickles Reef,24.98607,-80.41506,Offshore,Conch Reef 2,PI4-103-Y,17,RM,0.50,2,N/A,N/A,N/A,0
10/8/2015,Pickles Reef,24.98607,-80.41506,Offshore,Snapper Ledge,PI4-104-B,17,OK,0.95,2,N/A,N/A,N/A,0
10/8/2015,Pickles Reef,24.98607,-80.41506,Offshore,Conch Reef 1,PI4-102-W,17,OK,0.99,2,N/A,N/A,N/A,0
10/8/2015,Pickles Reef,24.98607,-80.41506,Offshore,Conch Reef 1,PI4-104-W,17,OK,0.80,2,N/A,N/A,N/A,0
10/8/2015,Pickles Reef,24.98607,-80.41506,Offshore,Horseshoe Reef,PI4-102-P,17,D,0.00,N/A,N/A,N/A,N/A,N/A
10/8/2015,Pickles Reef,24.98607,-80.41506,Offshore,Snapper Ledge,PI4-105-B,16,OK,0.35,2,N/A,N/A,N/A,0
10/8/2015,Pickles Reef,24.98607,-80.41506,Offshore,Horseshoe Reef,PI4-105-P,17,OK,0.90,1,N/A,N/A,N/A,0
10/8/2015,Pickles Reef,24.98607,-80.41506,Offshore,Conch Reef 1,PI4-105-W,16,OK,1.00,2,N/A,N/A,N/A,0
10/8/2015,Pickles Reef,24.98607,-80.41506,Offshore,Snapper Ledge,PI4-106-B,16,RM,0.90,3,N/A,N/A,N/A,0
10/8/2015,Pickles Reef,24.98607,-80.41506,Offshore,Conch Reef 1,PI4-106-W,16,OK,0.99,2,N/A,N/A,N/A,0
10/8/2015,Pickles Reef,24.98607,-80.41506,Offshore,Conch Reef 2,PI4-106-Y,16,OK,0.99,2,N/A,N/A,N/A,0
10/8/2015,Pickles Reef,24.98607,-80.41506,Offshore,Horseshoe Reef,PI4-104-P,17,OK,0.99,2,N/A,N/A,N/A,0
10/8/2015,North Dry Rocks,25.13002,-80.29386,Nearshore,Conch Reef 1,ND3-190-W,12,OK,1.00,3,N/A,N/A,N/A,0
10/8/2015,North Dry Rocks,25.13002,-80.29386,Nearshore,Conch Reef 2,ND3-188-Y,12,OK,1.00,2,N/A,N/A,N/A,0
10/8/2015,North Dry Rocks,25.13002,-80.29386,Nearshore,Snapper Ledge,ND3-189-B,12,D,0.00,N/A,N/A,N/A,N/A,N/A
10/8/2015,North Dry Rocks,25.13002,-80.29386,Nearshore,Horseshoe Reef,ND3-189-P,12,RM,0.95,2,N/A,N/A,N/A,0
10/8/2015,North Dry Rocks,25.13002,-80.29386,Nearshore,Conch Reef 1,ND3-189-W,12,OK,1.00,3,N/A,N/A,N/A,0
10/8/2015,North Dry Rocks,25.13002,-80.29386,Nearshore,Conch Reef 2,ND3-189-Y,12,OK,1.00,2,N/A,N/A,N/A,0
10/8/2015,Pickles Reef,24.98607,-80.41506,Offshore,Snapper Ledge,PI4-103-B,17,OK,0.60,2,N/A,N/A,N/A,0
10/8/2015,North Dry Rocks,25.13002,-80.29386,Nearshore,Horseshoe Reef,ND3-190-P,12,RM,0.99,2,N/A,N/A,N/A,0
10/8/2015,Pickles Reef,24.98607,-80.41506,Offshore,Conch Reef 1,PI4-107-W,16,OK,0.99,2,N/A,N/A,N/A,0
10/8/2015,North Dry Rocks,25.13002,-80.29386,Nearshore,Conch Reef 2,ND3-190-Y,13,RM,0.99,2,N/A,N/A,N/A,0
10/8/2015,Pickles Reef,24.98607,-80.41506,Offshore,Snapper Ledge,PI4-101-B,17,RM,0.01,2,N/A,N/A,N/A,0
10/8/2015,Pickles Reef,24.98607,-80.41506,Offshore,Horseshoe Reef,PI4-101-P,17,OK,0.95,1,N/A,N/A,N/A,0
10/8/2015,Pickles Reef,24.98607,-80.41506,Offshore,Conch Reef 1,PI4-101-W,17,OK,1.00,2,N/A,N/A,N/A,0
10/8/2015,Pickles Reef,24.98607,-80.41506,Offshore,Conch Reef 2,PI4-101-Y,17,OK,0.99,2,N/A,N/A,N/A,0
10/8/2015,Pickles Reef,24.98607,-80.41506,Offshore,Snapper Ledge,PI4-102-B,17,RM,0.95,3,N/A,N/A,N/A,0
10/8/2015,North Dry Rocks,25.13002,-80.29386,Nearshore,Snapper Ledge,ND3-190-B,12,RM,0.05,4,N/A,N/A,N/A,0
10/8/2015,Pickles Reef,24.98575,-80.41558,Offshore,Conch Reef 1,PI5-113-W,15,OK,1.00,2,N/A,N/A,N/A,0
10/8/2015,Pickles Reef,24.98575,-80.41558,Offshore,Conch Reef 2,PI5-111-Y,16,RM,0.99,2,N/A,N/A,N/A,0
10/8/2015,Pickles Reef,24.98575,-80.41558,Offshore,Snapper Ledge,PI5-112-B,15,D,0.00,N/A,N/A,N/A,N/A,N/A
10/8/2015,Pickles Reef,24.98575,-80.41558,Offshore,Horseshoe Reef,PI5-112-P,15,D,0.00,N/A,N/A,N/A,N/A,N/A
10/8/2015,Pickles Reef,24.98575,-80.41558,Offshore,Conch Reef 1,PI5-112-W,15,OK,1.00,1,N/A,N/A,N/A,0
10/8/2015,Pickles Reef,24.98575,-80.41558,Offshore,Conch Reef 2,PI5-112-Y,15,RM,0.90,2,N/A,N/A,N/A,0
10/8/2015,Pickles Reef,24.98607,-80.41506,Offshore,Snapper Ledge,PI4-107-B,16,D,0.00,N/A,N/A,N/A,N/A,N/A
10/8/2015,Pickles Reef,24.98575,-80.41558,Offshore,Horseshoe Reef,PI5-113-P,16,RM,0.99,2,N/A,N/A,N/A,0
10/8/2015,Pickles Reef,24.98575,-80.41558,Offshore,Snapper Ledge,PI5-111-B,16,RM,0.95,3,N/A,N/A,N/A,0
10/8/2015,Pickles Reef,24.98575,-80.41558,Offshore,Conch Reef 2,PI5-113-Y,16,RM,0.99,2,N/A,N/A,N/A,0
10/8/2015,Pickles Reef,24.98575,-80.41558,Offshore,Snapper Ledge,PI5-114-B,16,RM,0.95,2,N/A,N/A,N/A,0
10/8/2015,Pickles Reef,24.98575,-80.41558,Offshore,Horseshoe Reef,PI5-114-P,15,OK,1.00,2,N/A,N/A,N/A,0
10/8/2015,Pickles Reef,24.98575,-80.41558,Offshore,Conch Reef 1,PI5-114-W,15,OK,1.00,2,N/A,N/A,N/A,0
10/8/2015,Pickles Reef,24.98575,-80.41558,Offshore,Conch Reef 2,PI5-114-Y,16,OK,0.99,3,N/A,N/A,N/A,0
10/8/2015,North Dry Rocks,25.13002,-80.29386,Nearshore,Conch Reef 1,ND3-188-W,12,OK,1.00,3,N/A,N/A,N/A,0
10/8/2015,Pickles Reef,24.98575,-80.41558,Offshore,Snapper Ledge,PI5-113-B,15,OK,1.00,1,N/A,N/A,N/A,0
10/8/2015,Pickles Reef,24.98607,-80.41506,Offshore,Conch Reef 1,PI4-109-W,16,OK,0.99,2,N/A,N/A,N/A,0
10/8/2015,Pickles Reef,24.98575,-80.41558,Offshore,Horseshoe Reef,PI5-115-P,15,OK,1.00,2,N/A,N/A,N/A,0
10/8/2015,Pickles Reef,24.98607,-80.41506,Offshore,Conch Reef 2,PI4-107-Y,16,OK,1.00,2,N/A,N/A,N/A,0
10/8/2015,Pickles Reef,24.98607,-80.41506,Offshore,Snapper Ledge,PI4-108-B,15,RM,0.90,3,N/A,N/A,N/A,0
10/8/2015,Pickles Reef,24.98607,-80.41506,Offshore,Horseshoe Reef,PI4-108-P,15,RM,0.98,2,N/A,N/A,N/A,0
10/8/2015,Pickles Reef,24.98607,-80.41506,Offshore,Conch Reef 1,PI4-108-W,15,RM,0.99,2,N/A,N/A,N/A,0
10/8/2015,Pickles Reef,24.98607,-80.41506,Offshore,Conch Reef 2,PI4-108-Y,15,OK,1.00,2,N/A,N/A,N/A,0
10/8/2015,Pickles Reef,24.98575,-80.41558,Offshore,Conch Reef 1,PI5-111-W,16,OK,1.00,2,N/A,N/A,N/A,0
10/8/2015,Pickles Reef,24.98607,-80.41506,Offshore,Horseshoe Reef,PI4-109-P,16,RM,0.20,2,N/A,N/A,N/A,2
10/8/2015,Pickles Reef,24.98575,-80.41558,Offshore,Horseshoe Reef,PI5-111-P,16,RM,0.80,2,N/A,N/A,N/A,3
10/8/2015,Pickles Reef,24.98607,-80.41506,Offshore,Conch Reef 2,PI4-109-Y,16,OK,0.99,2,N/A,N/A,N/A,0
10/8/2015,Pickles Reef,24.98607,-80.41506,Offshore,Snapper Ledge,PI4-110-B,16,RM,0.80,3,N/A,N/A,N/A,0
10/8/2015,Pickles Reef,24.98607,-80.41506,Offshore,Horseshoe Reef,PI4-110-P,16,OK,0.99,1,N/A,N/A,N/A,0
10/8/2015,Pickles Reef,24.98607,-80.41506,Offshore,Conch Reef 1,PI4-110-W,16,OK,0.99,2,N/A,N/A,N/A,0
10/8/2015,Pickles Reef,24.98607,-80.41506,Offshore,Conch Reef 2,PI4-110-Y,16,OK,0.99,2,N/A,N/A,N/A,0
10/8/2015,Pickles Reef,24.98607,-80.41506,Offshore,Horseshoe Reef,PI4-107-P,16,RM,0.95,2,N/A,N/A,N/A,0
10/8/2015,Pickles Reef,24.98607,-80.41506,Offshore,Snapper Ledge,PI4-109-B,16,OK,0.95,3,N/A,N/A,N/A,0
10/8/2015,French Reef,25.03420,-80.34897,Offshore,Snapper Ledge,FR6-276-B,19,OK,1.00,2,N/A,N/A,N/A,0
10/8/2015,French Reef,25.03420,-80.34897,Offshore,Conch Reef 2,FR6-277-Y,19,OK,1.00,2,N/A,N/A,N/A,0
10/8/2015,French Reef,25.03420,-80.34897,Offshore,Conch Reef 1,FR6-274-W,19,OK,1.00,1,N/A,N/A,N/A,0
10/8/2015,French Reef,25.03420,-80.34897,Offshore,Conch Reef 2,FR6-274-Y,19,OK,1.00,1,N/A,N/A,N/A,0
10/8/2015,French Reef,25.03420,-80.34897,Offshore,Snapper Ledge,FR6-275-B,20,D,0.00,N/A,N/A,N/A,N/A,N/A
10/8/2015,French Reef,25.03420,-80.34897,Offshore,Horseshoe Reef,FR6-275-P,20,RM,0.50,0,N/A,N/A,N/A,1
10/8/2015,French Reef,25.03420,-80.34897,Offshore,Snapper Ledge,FR6-274-B,19,OK,1.00,2,N/A,N/A,N/A,0
10/8/2015,French Reef,25.03420,-80.34897,Offshore,Conch Reef 2,FR6-275-Y,20,OK,1.00,2,N/A,N/A,N/A,0
10/8/2015,French Reef,25.03420,-80.34897,Offshore,Conch Reef 2,FR6-273-Y,20,RM,0.20,0,N/A,N/A,N/A,0
10/8/2015,French Reef,25.03420,-80.34897,Offshore,Horseshoe Reef,FR6-276-P,20,OK,1.00,1,N/A,N/A,N/A,0
10/8/2015,French Reef,25.03420,-80.34897,Offshore,Conch Reef 1,FR6-276-W,20,OK,1.00,2,N/A,N/A,N/A,0
10/8/2015,French Reef,25.03420,-80.34897,Offshore,Conch Reef 2,FR6-276-Y,19,OK,1.00,2,N/A,N/A,N/A,0
10/8/2015,French Reef,25.03420,-80.34897,Offshore,Snapper Ledge,FR6-277-B,19,OK,1.00,2,N/A,N/A,N/A,0
10/8/2015,French Reef,25.03420,-80.34897,Offshore,Horseshoe Reef,FR6-277-P,19,OK,1.00,1,N/A,N/A,N/A,0
10/8/2015,French Reef,25.03438,-80.34888,Offshore,Horseshoe Reef,FR5-269-P,20,OK,1.00,1,N/A,N/A,N/A,0
10/8/2015,French Reef,25.03420,-80.34897,Offshore,Conch Reef 1,FR6-275-W,20,OK,1.00,2,N/A,N/A,N/A,0
10/8/2015,French Reef,25.03420,-80.34897,Offshore,Conch Reef 1,FR6-271-W,20,OK,1.00,1,N/A,N/A,N/A,0
10/8/2015,Horseshoe,25.14023,-80.29410,Nearshore,Horseshoe Reef,HS1-226-P,12,D,0.00,N/A,N/A,N/A,N/A,N/A
10/8/2015,French Reef,25.03438,-80.34888,Offshore,Conch Reef 2,FR5-269-Y,20,OK,0.95,2,N/A,N/A,N/A,0
10/8/2015,French Reef,25.03438,-80.34888,Offshore,Snapper Ledge,FR5-270-B,20,OK,0.99,2,N/A,N/A,N/A,0
10/8/2015,French Reef,25.03438,-80.34888,Offshore,Horseshoe Reef,FR5-270-P,20,OK,0.99,1,N/A,N/A,N/A,0
10/8/2015,French Reef,25.03438,-80.34888,Offshore,Conch Reef 1,FR5-270-W,20,OK,0.99,2,N/A,N/A,N/A,0
10/8/2015,French Reef,25.03420,-80.34897,Offshore,Horseshoe Reef,FR6-274-P,19,OK,1.00,1,N/A,N/A,N/A,0
10/8/2015,French Reef,25.03420,-80.34897,Offshore,Snapper Ledge,FR6-271-B,20,OK,1.00,1,N/A,N/A,N/A,0
10/8/2015,French Reef,25.03420,-80.34897,Offshore,Snapper Ledge,FR6-278-B,21,OK,1.00,3,N/A,N/A,N/A,0
10/8/2015,French Reef,25.03420,-80.34897,Offshore,Conch Reef 2,FR6-271-Y,20,OK,1.00,1,N/A,N/A,N/A,0
10/8/2015,French Reef,25.03420,-80.34897,Offshore,Snapper Ledge,FR6-272-B,20,D,0.00,N/A,N/A,N/A,N/A,N/A
10/8/2015,French Reef,25.03420,-80.34897,Offshore,Horseshoe Reef,FR6-272-P,20,RM,0.90,1,N/A,N/A,N/A,0
10/8/2015,French Reef,25.03420,-80.34897,Offshore,Conch Reef 1,FR6-272-W,20,OK,1.00,1,N/A,N/A,N/A,0
10/8/2015,French Reef,25.03420,-80.34897,Offshore,Conch Reef 2,FR6-272-Y,20,D,0.00,N/A,N/A,N/A,N/A,N/A
10/8/2015,French Reef,25.03420,-80.34897,Offshore,Horseshoe Reef,FR6-273-P,20,OK,1.00,0,N/A,N/A,N/A,0
10/8/2015,French Reef,25.03438,-80.34888,Offshore,Conch Reef 2,FR5-270-Y,20,OK,1.00,2,N/A,N/A,N/A,0
10/8/2015,Horseshoe,25.14023,-80.29410,Nearshore,Conch Reef 1,HS1-224-W,13,OK,1.00,4,N/A,N/A,N/A,0
10/8/2015,French Reef,25.03420,-80.34897,Offshore,Conch Reef 1,FR6-277-W,20,OK,1.00,1,N/A,N/A,N/A,0
10/8/2015,Horseshoe,25.14023,-80.29410,Nearshore,Snapper Ledge,HS1-223-B,12,RM,0.20,4,N/A,N/A,N/A,0
10/8/2015,Horseshoe,25.14023,-80.29410,Nearshore,Horseshoe Reef,HS1-223-P,13,RM,0.80,4,N/A,N/A,N/A,0
10/8/2015,Horseshoe,25.14023,-80.29410,Nearshore,Conch Reef 1,HS1-223-W,13,OK,1.00,4,N/A,N/A,N/A,0
10/8/2015,Horseshoe,25.14023,-80.29410,Nearshore,Conch Reef 2,HS1-223-Y,13,RM,0.95,2,N/A,N/A,N/A,0
10/8/2015,Horseshoe,25.14023,-80.29410,Nearshore,Conch Reef 1,HS1-222-W,14,OK,1.00,4,N/A,N/A,N/A,0
10/8/2015,Horseshoe,25.14023,-80.29410,Nearshore,Horseshoe Reef,HS1-224-P,13,D,0.00,N/A,N/A,N/A,N/A,N/A
10/8/2015,Horseshoe,25.14023,-80.29410,Nearshore,Horseshoe Reef,HS1-222-P,15,OK,0.90,2,N/A,N/A,N/A,0
10/8/2015,Horseshoe,25.14023,-80.29410,Nearshore,Conch Reef 2,HS1-224-Y,12,RM,0.95,2,N/A,N/A,N/A,0
10/8/2015,Horseshoe,25.14023,-80.29410,Nearshore,Snapper Ledge,HS1-225-B,12,RM,0.10,4,N/A,N/A,N/A,0
10/8/2015,Horseshoe,25.14023,-80.29410,Nearshore,Horseshoe Reef,HS1-225-P,11,RM,0.01,4,N/A,N/A,N/A,0
10/8/2015,Horseshoe,25.14023,-80.29410,Nearshore,Conch Reef 1,HS1-225-W,11,RM,0.99,4,N/A,N/A,N/A,0
10/8/2015,Horseshoe,25.14023,-80.29410,Nearshore,Conch Reef 2,HS1-225-Y,11,RM,0.90,3,N/A,N/A,N/A,0
10/8/2015,Horseshoe,25.14023,-80.29410,Nearshore,Snapper Ledge,HS1-226-B,11,D,0.00,N/A,N/A,N/A,N/A,N/A
10/8/2015,Horseshoe,25.14023,-80.29410,Nearshore,Snapper Ledge,HS1-224-B,13,D,0.00,N/A,N/A,N/A,N/A,N/A
10/8/2015,French Reef,25.03420,-80.34897,Offshore,Conch Reef 1,FR6-280-W,21,OK,1.00,1,N/A,N/A,N/A,0
10/8/2015,French Reef,25.03420,-80.34897,Offshore,Horseshoe Reef,FR6-278-P,21,OK,1.00,1,N/A,N/A,N/A,0
10/8/2015,French Reef,25.03420,-80.34897,Offshore,Conch Reef 1,FR6-278-W,21,OK,1.00,1,N/A,N/A,N/A,0
10/8/2015,French Reef,25.03420,-80.34897,Offshore,Conch Reef 2,FR6-278-Y,20,OK,1.00,1,N/A,N/A,N/A,0
10/8/2015,French Reef,25.03420,-80.34897,Offshore,Snapper Ledge,FR6-279-B,20,RM,0.90,1,N/A,N/A,N/A,0
10/8/2015,French Reef,25.03420,-80.34897,Offshore,Conch Reef 2,FR6-279-Y,21,OK,1.00,1,N/A,N/A,N/A,0
10/8/2015,Horseshoe,25.14023,-80.29410,Nearshore,Conch Reef 2,HS1-222-Y,14,OK,1.00,3,N/A,N/A,N/A,0
10/8/2015,French Reef,25.03420,-80.34897,Offshore,Horseshoe Reef,FR6-280-P,21,OK,1.00,0,N/A,N/A,N/A,0
10/8/2015,French Reef,25.03438,-80.34888,Offshore,Conch Reef 2,FR5-267-Y,20,OK,1.00,2,N/A,N/A,N/A,0
10/8/2015,French Reef,25.03420,-80.34897,Offshore,Conch Reef 2,FR6-280-Y,21,OK,1.00,2,N/A,N/A,N/A,0
10/8/2015,Horseshoe,25.14023,-80.29410,Nearshore,Snapper Ledge,HS1-221-B,13,D,0.00,N/A,N/A,N/A,N/A,N/A
10/8/2015,Horseshoe,25.14023,-80.29410,Nearshore,Horseshoe Reef,HS1-221-P,13,D,0.00,N/A,N/A,N/A,N/A,N/A
10/8/2015,Horseshoe,25.14023,-80.29410,Nearshore,Conch Reef 1,HS1-221-W,13,OK,1.00,4,N/A,N/A,N/A,0
10/8/2015,Horseshoe,25.14023,-80.29410,Nearshore,Conch Reef 2,HS1-221-Y,13,OK,1.00,3,N/A,N/A,N/A,0
10/8/2015,Horseshoe,25.14023,-80.29410,Nearshore,Snapper Ledge,HS1-222-B,14,RM,0.30,4,N/A,N/A,N/A,0
10/8/2015,French Reef,25.03420,-80.34897,Offshore,Snapper Ledge,FR6-280-B,21,OK,1.00,1,N/A,N/A,N/A,0
10/8/2015,French Reef,25.03438,-80.34888,Offshore,Conch Reef 2,FR4-257-Y,21,OK,1.00,1,N/A,N/A,N/A,0
10/8/2015,French Reef,25.03438,-80.34888,Offshore,Conch Reef 1,FR4-259-W,20,OK,1.00,2,N/A,N/A,N/A,0
10/8/2015,French Reef,25.03438,-80.34888,Offshore,Horseshoe Reef,FR4-256-P,22,OK,0.99,0,N/A,N/A,N/A,0
10/8/2015,French Reef,25.03438,-80.34888,Offshore,Conch Reef 1,FR4-256-W,22,OK,0.99,2,N/A,N/A,N/A,0
10/8/2015,French Reef,25.03438,-80.34888,Offshore,Conch Reef 2,FR4-256-Y,21,OK,0.99,2,N/A,N/A,N/A,0
10/8/2015,French Reef,25.03438,-80.34888,Offshore,Snapper Ledge,FR4-257-B,21,OK,0.99,2,N/A,N/A,N/A,0
10/8/2015,French Reef,25.03438,-80.34888,Offshore,Conch Reef 1,FR4-255-W,21,OK,1.00,2,N/A,N/A,N/A,0
10/8/2015,French Reef,25.03438,-80.34888,Offshore,Conch Reef 1,FR4-257-W,21,OK,1.00,2,N/A,N/A,N/A,0
10/8/2015,French Reef,25.03438,-80.34888,Offshore,Horseshoe Reef,FR4-255-P,21,OK,0.99,1,N/A,N/A,N/A,0
10/8/2015,French Reef,25.03438,-80.34888,Offshore,Snapper Ledge,FR4-258-B,20,OK,1.00,2,N/A,N/A,N/A,0
10/8/2015,French Reef,25.03438,-80.34888,Offshore,Horseshoe Reef,FR4-258-P,21,OK,1.00,1,N/A,N/A,N/A,0
10/8/2015,French Reef,25.03438,-80.34888,Offshore,Conch Reef 1,FR4-258-W,21,OK,1.00,1,N/A,N/A,N/A,0
10/8/2015,French Reef,25.03438,-80.34888,Offshore,Conch Reef 2,FR4-258-Y,21,OK,1.00,2,N/A,N/A,N/A,0
10/8/2015,French Reef,25.03438,-80.34888,Offshore,Snapper Ledge,FR4-259-B,21,OK,0.99,2,N/A,N/A,N/A,0
10/8/2015,Molasses Reef,25.01060,-80.37275,Offshore,Horseshoe Reef,ML5-207-P,19,RM,0.02,0,N/A,N/A,N/A,0
10/8/2015,French Reef,25.03438,-80.34888,Offshore,Horseshoe Reef,FR4-257-P,21,RM,0.90,1,N/A,N/A,N/A,0
10/8/2015,French Reef,25.03438,-80.34888,Offshore,Horseshoe Reef,FR4-253-P,22,OK,1.00,1,N/A,N/A,N/A,0
10/8/2015,French Reef,25.03438,-80.34888,Offshore,Snapper Ledge,FR4-251-B,22,OK,1.00,2,N/A,N/A,N/A,0
10/8/2015,French Reef,25.03438,-80.34888,Offshore,Horseshoe Reef,FR4-251-P,22,OK,1.00,1,N/A,N/A,N/A,0
10/8/2015,French Reef,25.03438,-80.34888,Offshore,Conch Reef 1,FR4-251-W,22,OK,1.00,2,N/A,N/A,N/A,0
10/8/2015,French Reef,25.03438,-80.34888,Offshore,Conch Reef 2,FR4-251-Y,22,OK,0.99,1,N/A,N/A,N/A,0
10/8/2015,French Reef,25.03438,-80.34888,Offshore,Snapper Ledge,FR4-252-B,23,OK,1.00,2,N/A,N/A,N/A,0
10/8/2015,French Reef,25.03438,-80.34888,Offshore,Snapper Ledge,FR4-256-B,21,OK,0.99,3,N/A,N/A,N/A,0
10/8/2015,French Reef,25.03438,-80.34888,Offshore,Conch Reef 2,FR4-252-Y,22,OK,1.00,2,N/A,N/A,N/A,0
10/8/2015,French Reef,25.03438,-80.34888,Offshore,Conch Reef 2,FR4-259-Y,20,OK,1.00,2,N/A,N/A,N/A,0
10/8/2015,French Reef,25.03438,-80.34888,Offshore,Conch Reef 1,FR4-253-W,22,OK,1.00,1,N/A,N/A,N/A,0
10/8/2015,French Reef,25.03438,-80.34888,Offshore,Conch Reef 2,FR4-253-Y,22,OK,1.00,2,N/A,N/A,N/A,0
10/8/2015,French Reef,25.03438,-80.34888,Offshore,Horseshoe Reef,FR4-254-P,22,OK,1.00,1,N/A,N/A,N/A,0
10/8/2015,French Reef,25.03438,-80.34888,Offshore,Conch Reef 1,FR4-254-W,22,OK,1.00,2,N/A,N/A,N/A,0
10/8/2015,French Reef,25.03438,-80.34888,Offshore,Conch Reef 2,FR4-254-Y,22,OK,1.00,2,N/A,N/A,N/A,0
10/8/2015,French Reef,25.03438,-80.34888,Offshore,Snapper Ledge,FR4-255-B,21,OK,1.00,2,N/A,N/A,N/A,0
10/8/2015,French Reef,25.03438,-80.34888,Offshore,Conch Reef 1,FR4-252-W,22,OK,1.00,2,N/A,N/A,N/A,0
10/8/2015,French Reef,25.03438,-80.34888,Offshore,Conch Reef 1,FR5-266-W,21,OK,1.00,2,N/A,N/A,N/A,0
10/8/2015,French Reef,25.03438,-80.34888,Offshore,Horseshoe Reef,FR4-259-P,21,OK,1.00,1,N/A,N/A,N/A,0
10/8/2015,French Reef,25.03438,-80.34888,Offshore,Conch Reef 1,FR5-264-W,21,RM,0.99,2,N/A,N/A,N/A,0
10/8/2015,French Reef,25.03438,-80.34888,Offshore,Conch Reef 2,FR5-264-Y,20,OK,1.00,1,N/A,N/A,N/A,0
10/8/2015,French Reef,25.03438,-80.34888,Offshore,Horseshoe Reef,FR5-265-P,20,OK,1.00,1,N/A,N/A,N/A,0
10/8/2015,French Reef,25.03438,-80.34888,Offshore,Conch Reef 1,FR5-265-W,21,OK,0.60,2,N/A,N/A,N/A,0
10/8/2015,French Reef,25.03438,-80.34888,Offshore,Snapper Ledge,FR5-264-B,21,OK,0.95,3,N/A,N/A,N/A,0
10/8/2015,French Reef,25.03438,-80.34888,Offshore,Snapper Ledge,FR5-266-B,21,OK,1.00,2,N/A,N/A,N/A,0
10/8/2015,French Reef,25.03438,-80.34888,Offshore,Conch Reef 2,FR5-263-Y,21,OK,1.00,2,N/A,N/A,N/A,0
10/8/2015,French Reef,25.03438,-80.34888,Offshore,Conch Reef 2,FR5-266-Y,21,OK,0.99,2,N/A,N/A,N/A,0
10/8/2015,French Reef,25.03438,-80.34888,Offshore,Snapper Ledge,FR5-267-B,20,D,0.00,N/A,N/A,N/A,N/A,N/A
10/8/2015,French Reef,25.03438,-80.34888,Offshore,Conch Reef 1,FR5-267-W,21,OK,1.00,2,N/A,N/A,N/A,0
10/8/2015,French Reef,25.03438,-80.34888,Offshore,Snapper Ledge,FR5-268-B,20,OK,0.99,2,N/A,N/A,N/A,0
10/8/2015,French Reef,25.03438,-80.34888,Offshore,Horseshoe Reef,FR5-268-P,21,OK,0.35,2,N/A,N/A,N/A,0
10/8/2015,French Reef,25.03438,-80.34888,Offshore,Conch Reef 1,FR5-268-W,20,OK,1.00,2,N/A,N/A,N/A,0
10/8/2015,French Reef,25.03438,-80.34888,Offshore,Conch Reef 2,FR5-265-Y,20,OK,1.00,2,N/A,N/A,N/A,0
10/8/2015,French Reef,25.03438,-80.34888,Offshore,Snapper Ledge,FR5-262-B,21,OK,1.00,2,N/A,N/A,N/A,0
10/8/2015,French Reef,25.03438,-80.34888,Offshore,Snapper Ledge,FR4-260-B,21,OK,1.00,2,N/A,N/A,N/A,0
10/8/2015,French Reef,25.03438,-80.34888,Offshore,Horseshoe Reef,FR4-260-P,21,OK,0.99,1,N/A,N/A,N/A,0
10/8/2015,French Reef,25.03438,-80.34888,Offshore,Conch Reef 1,FR4-260-W,21,OK,0.99,2,N/A,N/A,N/A,0
10/8/2015,French Reef,25.03438,-80.34888,Offshore,Conch Reef 2,FR4-260-Y,21,OK,1.00,2,N/A,N/A,N/A,0
10/8/2015,French Reef,25.03438,-80.34888,Offshore,Snapper Ledge,FR5-261-B,21,OK,0.99,2,N/A,N/A,N/A,0
10/8/2015,French Reef,25.03438,-80.34888,Offshore,Horseshoe Reef,FR5-264-P,21,OK,0.99,1,N/A,N/A,N/A,0
10/8/2015,French Reef,25.03438,-80.34888,Offshore,Conch Reef 2,FR5-261-Y,21,OK,1.00,2,N/A,N/A,N/A,0
10/8/2015,French Reef,25.03438,-80.34888,Offshore,Conch Reef 1,FR5-269-W,20,OK,1.00,2,N/A,N/A,N/A,0
10/8/2015,French Reef,25.03438,-80.34888,Offshore,Horseshoe Reef,FR5-262-P,21,D,0.00,N/A,N/A,N/A,N/A,N/A
10/8/2015,French Reef,25.03438,-80.34888,Offshore,Conch Reef 1,FR5-262-W,21,OK,1.00,2,N/A,N/A,N/A,0
10/8/2015,French Reef,25.03438,-80.34888,Offshore,Conch Reef 2,FR5-262-Y,21,OK,1.00,2,N/A,N/A,N/A,0
10/8/2015,French Reef,25.03438,-80.34888,Offshore,Snapper Ledge,FR5-263-B,21,OK,1.00,2,N/A,N/A,N/A,0
10/8/2015,French Reef,25.03438,-80.34888,Offshore,Horseshoe Reef,FR5-263-P,20,OK,0.75,0,N/A,N/A,N/A,0
10/8/2015,French Reef,25.03438,-80.34888,Offshore,Conch Reef 1,FR5-263-W,21,OK,1.00,2,N/A,N/A,N/A,0
10/8/2015,French Reef,25.03438,-80.34888,Offshore,Conch Reef 1,FR5-261-W,21,OK,1.00,2,N/A,N/A,N/A,0
10/8/2015,Horseshoe,25.14023,-80.29410,Nearshore,Snapper Ledge,HS2-249-B,11,OK,1.00,4,N/A,N/A,N/A,0
10/8/2015,Molasses Reef,25.01060,-80.37275,Offshore,Horseshoe Reef,ML4-192-P,17,D,0.00,N/A,N/A,N/A,N/A,N/A
10/8/2015,Horseshoe,25.14023,-80.29410,Nearshore,Conch Reef 1,HS2-247-W,11,OK,1.00,4,N/A,N/A,N/A,0
10/8/2015,Horseshoe,25.14023,-80.29410,Nearshore,Conch Reef 2,HS2-247-Y,11,OK,1.00,4,N/A,N/A,N/A,0
10/8/2015,Horseshoe,25.14023,-80.29410,Nearshore,Snapper Ledge,HS2-248-B,11,OK,1.00,4,N/A,N/A,N/A,0
10/8/2015,Horseshoe,25.14023,-80.29410,Nearshore,Horseshoe Reef,HS2-248-P,10,RM,0.05,4,N/A,N/A,N/A,0
10/8/2015,Horseshoe,25.14023,-80.29410,Nearshore,Snapper Ledge,HS2-247-B,10,OK,1.00,4,N/A,N/A,N/A,0
10/8/2015,Molasses Reef,25.01060,-80.37275,Offshore,Snapper Ledge,ML5-207-B,19,OK,1.00,3,N/A,N/A,N/A,1
10/8/2015,Horseshoe,25.14023,-80.29410,Nearshore,Conch Reef 2,HS2-246-Y,12,OK,1.00,2,N/A,N/A,N/A,0
10/8/2015,Horseshoe,25.14023,-80.29410,Nearshore,Conch Reef 1,HS2-249-W,11,OK,1.00,4,N/A,N/A,N/A,0
10/8/2015,Horseshoe,25.14023,-80.29410,Nearshore,Conch Reef 2,HS2-249-Y,11,OK,0.90,3,N/A,N/A,N/A,0
10/8/2015,Horseshoe,25.14023,-80.29410,Nearshore,Snapper Ledge,HS2-250-B,13,D,0.00,N/A,N/A,N/A,N/A,N/A
10/8/2015,Horseshoe,25.14023,-80.29410,Nearshore,Horseshoe Reef,HS2-250-P,12,OK,1.00,4,N/A,N/A,N/A,0
10/8/2015,Horseshoe,25.14023,-80.29410,Nearshore,Conch Reef 1,HS2-250-W,13,OK,1.00,4,N/A,N/A,N/A,0
10/8/2015,Horseshoe,25.14023,-80.29410,Nearshore,Snapper Ledge,HS2-243-B,11,OK,1.00,4,N/A,N/A,N/A,0
10/8/2015,Horseshoe,25.14023,-80.29410,Nearshore,Conch Reef 1,HS2-248-W,11,OK,1.00,4,N/A,N/A,N/A,0
10/8/2015,Horseshoe,25.14023,-80.29410,Nearshore,Snapper Ledge,HS2-245-B,11,D,0.00,N/A,N/A,N/A,N/A,N/A
10/8/2015,Horseshoe,25.14023,-80.29410,Nearshore,Horseshoe Reef,HS2-243-P,10,D,0.00,N/A,N/A,N/A,N/A,N/A
10/8/2015,Horseshoe,25.14023,-80.29410,Nearshore,Conch Reef 1,HS2-243-W,11,OK,1.00,4,N/A,N/A,N/A,0
10/8/2015,Horseshoe,25.14023,-80.29410,Nearshore,Conch Reef 2,HS2-243-Y,11,OK,1.00,3,N/A,N/A,N/A,0
10/8/2015,Horseshoe,25.14023,-80.29410,Nearshore,Snapper Ledge,HS2-244-B,10,OK,1.00,4,N/A,N/A,N/A,0
10/8/2015,Horseshoe,25.14023,-80.29410,Nearshore,Horseshoe Reef,HS2-244-P,11,RM,0.40,4,N/A,N/A,N/A,0
10/8/2015,Horseshoe,25.14023,-80.29410,Nearshore,Horseshoe Reef,HS2-247-P,10,D,0.00,N/A,N/A,N/A,N/A,N/A
10/8/2015,Horseshoe,25.14023,-80.29410,Nearshore,Conch Reef 2,HS2-244-Y,11,OK,1.00,3,N/A,N/A,N/A,0
10/8/2015,Molasses Reef,25.01060,-80.37275,Offshore,Conch Reef 1,ML4-192-W,17,OK,0.05,1,N/A,N/A,N/A,0
10/8/2015,Horseshoe,25.14023,-80.29410,Nearshore,Horseshoe Reef,HS2-245-P,11,RM,0.50,4,N/A,N/A,N/A,0
10/8/2015,Horseshoe,25.14023,-80.29410,Nearshore,Conch Reef 1,HS2-245-W,11,OK,1.00,4,N/A,N/A,N/A,0
10/8/2015,Horseshoe,25.14023,-80.29410,Nearshore,Conch Reef 2,HS2-245-Y,10,OK,1.00,4,N/A,N/A,N/A,0
10/8/2015,Horseshoe,25.14023,-80.29410,Nearshore,Snapper Ledge,HS2-246-B,12,D,0.00,N/A,N/A,N/A,N/A,N/A
10/8/2015,Horseshoe,25.14023,-80.29410,Nearshore,Horseshoe Reef,HS2-246-P,12,D,0.00,N/A,N/A,N/A,N/A,N/A
10/8/2015,Horseshoe,25.14023,-80.29410,Nearshore,Conch Reef 1,HS2-246-W,12,OK,1.00,4,N/A,N/A,N/A,0
10/8/2015,Horseshoe,25.14023,-80.29410,Nearshore,Conch Reef 1,HS2-244-W,10,OK,1.00,4,N/A,N/A,N/A,0
10/8/2015,Molasses Reef,25.01060,-80.37275,Offshore,Conch Reef 1,ML4-203-W,19,RM,0.70,2,N/A,N/A,N/A,0
10/8/2015,Horseshoe,25.14023,-80.29410,Nearshore,Conch Reef 2,HS2-250-Y,13,OK,1.00,3,N/A,N/A,N/A,0
10/8/2015,Molasses Reef,25.01060,-80.37275,Offshore,Snapper Ledge,ML4-200-B,19,OK,1.00,2,N/A,N/A,N/A,0
10/8/2015,Molasses Reef,25.01060,-80.37275,Offshore,Conch Reef 1,ML4-200-W,18,OK,0.99,2,N/A,N/A,N/A,0
10/8/2015,Molasses Reef,25.01060,-80.37275,Offshore,Conch Reef 1,ML4-201-W,19,OK,1.00,2,N/A,N/A,N/A,0
10/8/2015,Molasses Reef,25.01060,-80.37275,Offshore,Conch Reef 2,ML4-201-Y,19,OK,1.00,2,N/A,N/A,N/A,0
10/8/2015,Molasses Reef,25.01060,-80.37275,Offshore,Conch Reef 1,ML4-198-W,17,OK,1.00,2,N/A,N/A,N/A,0
10/8/2015,Molasses Reef,25.01060,-80.37275,Offshore,Horseshoe Reef,ML4-203-P,19,OK,1.00,2,N/A,N/A,N/A,0
10/8/2015,Molasses Reef,25.01060,-80.37275,Offshore,Horseshoe Reef,ML4-198-P,17,OK,0.99,2,N/A,N/A,N/A,0
10/8/2015,Molasses Reef,25.01060,-80.37275,Offshore,Conch Reef 2,ML4-203-Y,19,D,0.00,N/A,N/A,N/A,N/A,N/A
10/8/2015,Molasses Reef,25.01060,-80.37275,Offshore,Conch Reef 1,ML4-205-W,19,OK,0.99,2,N/A,N/A,N/A,0
10/8/2015,Molasses Reef,25.01060,-80.37275,Offshore,Conch Reef 1,ML5-206-W,20,RM,0.80,1,N/A,N/A,N/A,1
10/8/2015,Molasses Reef,25.01060,-80.37275,Offshore,Conch Reef 2,ML5-206-Y,20,D,0.00,N/A,N/A,N/A,N/A,N/A
10/8/2015,Horseshoe,25.14023,-80.29410,Nearshore,Conch Reef 1,HS1-226-W,12,RM,0.95,4,N/A,N/A,N/A,0
10/8/2015,French Reef,25.03438,-80.34888,Offshore,Conch Reef 2,FR5-268-Y,20,OK,1.00,2,N/A,N/A,N/A,0
10/8/2015,Molasses Reef,25.01060,-80.37275,Offshore,Conch Reef 1,ML4-202-W,19,OK,0.05,2,N/A,N/A,N/A,0
10/8/2015,Molasses Reef,25.01060,-80.37275,Offshore,Snapper Ledge,ML4-195-B,17,OK,1.00,3,N/A,N/A,N/A,0
10/8/2015,Molasses Reef,25.01060,-80.37275,Offshore,Conch Reef 2,ML4-192-Y,17,RM,0.30,1,N/A,N/A,N/A,2
10/8/2015,Molasses Reef,25.01060,-80.37275,Offshore,Snapper Ledge,ML4-193-B,17,OK,0.99,2,N/A,N/A,N/A,0
10/8/2015,Molasses Reef,25.01060,-80.37275,Offshore,Horseshoe Reef,ML4-193-P,17,OK,1.00,2,N/A,N/A,N/A,0
10/8/2015,Molasses Reef,25.01060,-80.37275,Offshore,Conch Reef 1,ML4-193-W,17,OK,1.00,2,N/A,N/A,N/A,0
10/8/2015,Molasses Reef,25.01060,-80.37275,Offshore,Conch Reef 2,ML4-193-Y,18,RM,0.95,2,N/A,N/A,N/A,0
10/8/2015,Molasses Reef,25.01060,-80.37275,Offshore,Conch Reef 2,ML4-198-Y,17,OK,0.99,2,N/A,N/A,N/A,0
10/8/2015,Molasses Reef,25.01060,-80.37275,Offshore,Conch Reef 2,ML4-194-Y,17,OK,0.05,2,N/A,N/A,N/A,0
10/8/2015,Horseshoe,25.14023,-80.29410,Nearshore,Conch Reef 2,HS2-248-Y,11,OK,0.90,1,N/A,N/A,N/A,0
10/8/2015,Molasses Reef,25.01060,-80.37275,Offshore,Horseshoe Reef,ML4-195-P,17,OK,0.01,2,N/A,N/A,N/A,0
10/8/2015,Molasses Reef,25.01060,-80.37275,Offshore,Conch Reef 1,ML4-195-W,17,OK,1.00,2,N/A,N/A,N/A,0
10/8/2015,Molasses Reef,25.01060,-80.37275,Offshore,Conch Reef 2,ML4-195-Y,17,OK,0.99,2,N/A,N/A,N/A,0
10/8/2015,Molasses Reef,25.01060,-80.37275,Offshore,Conch Reef 2,ML4-196-Y,17,OK,0.95,2,N/A,N/A,N/A,0
10/8/2015,Molasses Reef,25.01060,-80.37275,Offshore,Conch Reef 2,ML4-197-Y,17,D,0.00,N/A,N/A,N/A,N/A,N/A
10/8/2015,Molasses Reef,25.01060,-80.37275,Offshore,Snapper Ledge,ML4-198-B,17,OK,1.00,3,N/A,N/A,N/A,0
10/8/2015,Molasses Reef,25.01060,-80.37275,Offshore,Conch Reef 1,ML4-194-W,17,OK,1.00,2,N/A,N/A,N/A,0
10/8/2015,Horseshoe,25.14023,-80.29410,Nearshore,Conch Reef 2,HS1-232-Y,13,OK,1.00,3,N/A,N/A,N/A,0
10/8/2015,Horseshoe,25.14023,-80.29410,Nearshore,Snapper Ledge,HS1-231-B,13,RM,0.90,4,N/A,N/A,N/A,0
10/8/2015,Horseshoe,25.14023,-80.29410,Nearshore,Horseshoe Reef,HS1-231-P,14,D,0.00,N/A,N/A,N/A,N/A,N/A
10/8/2015,Horseshoe,25.14023,-80.29410,Nearshore,Conch Reef 1,HS1-231-W,13,RM,0.99,4,N/A,N/A,N/A,0
10/8/2015,Horseshoe,25.14023,-80.29410,Nearshore,Conch Reef 2,HS1-231-Y,12,OK,1.00,3,N/A,N/A,N/A,0
10/8/2015,Horseshoe,25.14023,-80.29410,Nearshore,Snapper Ledge,HS1-232-B,12,D,0.00,N/A,N/A,N/A,N/A,N/A
10/8/2015,Horseshoe,25.14023,-80.29410,Nearshore,Conch Reef 1,HS1-234-W,11,OK,0.99,4,N/A,N/A,N/A,0
10/8/2015,Horseshoe,25.14023,-80.29410,Nearshore,Conch Reef 1,HS1-232-W,13,OK,1.00,3,N/A,N/A,N/A,0
10/8/2015,Horseshoe,25.14023,-80.29410,Nearshore,Horseshoe Reef,HS1-230-P,12,D,0.00,N/A,N/A,N/A,N/A,N/A
10/8/2015,Horseshoe,25.14023,-80.29410,Nearshore,Snapper Ledge,HS1-233-B,12,OK,0.99,4,N/A,N/A,N/A,0
10/8/2015,Horseshoe,25.14023,-80.29410,Nearshore,Horseshoe Reef,HS1-233-P,11,D,0.00,N/A,N/A,N/A,N/A,N/A
10/8/2015,Horseshoe,25.14023,-80.29410,Nearshore,Conch Reef 1,HS1-233-W,12,OK,0.99,4,N/A,N/A,N/A,0
10/8/2015,Horseshoe,25.14023,-80.29410,Nearshore,Conch Reef 2,HS1-233-Y,11,RM,0.99,2,N/A,N/A,N/A,0
10/8/2015,Horseshoe,25.14023,-80.29410,Nearshore,Snapper Ledge,HS1-234-B,11,D,0.00,N/A,N/A,N/A,N/A,N/A
10/8/2015,Horseshoe,25.14023,-80.29410,Nearshore,Horseshoe Reef,HS1-234-P,11,RM,0.99,3,N/A,N/A,N/A,0
10/8/2015,Horseshoe,25.14023,-80.29410,Nearshore,Horseshoe Reef,HS1-232-P,13,D,0.00,N/A,N/A,N/A,N/A,N/A
10/8/2015,Horseshoe,25.14023,-80.29410,Nearshore,Conch Reef 2,HS2-242-Y,10,OK,1.00,3,N/A,N/A,N/A,0
10/8/2015,Horseshoe,25.14023,-80.29410,Nearshore,Conch Reef 2,HS1-226-Y,12,RM,0.90,3,N/A,N/A,N/A,0
10/8/2015,Horseshoe,25.14023,-80.29410,Nearshore,Snapper Ledge,HS1-227-B,11,RM,0.90,4,N/A,N/A,N/A,0
10/8/2015,Horseshoe,25.14023,-80.29410,Nearshore,Horseshoe Reef,HS1-227-P,11,D,0.00,N/A,N/A,N/A,N/A,N/A
10/8/2015,Horseshoe,25.14023,-80.29410,Nearshore,Conch Reef 1,HS1-227-W,11,OK,1.00,4,N/A,N/A,N/A,0
10/8/2015,Horseshoe,25.14023,-80.29410,Nearshore,Conch Reef 2,HS1-227-Y,10,RM,0.95,4,N/A,N/A,N/A,0
10/8/2015,Horseshoe,25.14023,-80.29410,Nearshore,Snapper Ledge,HS1-228-B,10,RM,0.10,4,N/A,N/A,N/A,0
10/8/2015,Horseshoe,25.14023,-80.29410,Nearshore,Conch Reef 2,HS1-230-Y,12,RM,0.99,3,N/A,N/A,N/A,0
10/8/2015,Horseshoe,25.14023,-80.29410,Nearshore,Conch Reef 1,HS1-228-W,10,OK,0.99,4,N/A,N/A,N/A,0
10/8/2015,Horseshoe,25.14023,-80.29410,Nearshore,Conch Reef 1,HS1-230-W,12,RM,0.99,4,N/A,N/A,N/A,0
10/8/2015,Horseshoe,25.14023,-80.29410,Nearshore,Snapper Ledge,HS1-229-B,11,RM,0.35,4,N/A,N/A,N/A,0
10/8/2015,Horseshoe,25.14023,-80.29410,Nearshore,Horseshoe Reef,HS1-229-P,10,RM,0.99,2,N/A,N/A,N/A,0
10/8/2015,Horseshoe,25.14023,-80.29410,Nearshore,Conch Reef 1,HS1-229-W,11,OK,1.00,4,N/A,N/A,N/A,0
10/8/2015,Horseshoe,25.14023,-80.29410,Nearshore,Conch Reef 2,HS1-229-Y,11,RM,0.99,3,N/A,N/A,N/A,0
10/8/2015,Horseshoe,25.14023,-80.29410,Nearshore,Snapper Ledge,HS1-230-B,11,RM,0.70,4,N/A,N/A,N/A,0
10/8/2015,Horseshoe,25.14023,-80.29410,Nearshore,Conch Reef 2,HS1-228-Y,10,OK,1.00,4,N/A,N/A,N/A,0
10/8/2015,Horseshoe,25.14023,-80.29410,Nearshore,Horseshoe Reef,HS2-249-P,11,D,0.00,N/A,N/A,N/A,N/A,N/A
10/8/2015,Horseshoe,25.14023,-80.29410,Nearshore,Snapper Ledge,HS2-241-B,11,D,0.00,N/A,N/A,N/A,N/A,N/A
10/8/2015,Horseshoe,25.14023,-80.29410,Nearshore,Snapper Ledge,HS1-239-B,10,RM,0.90,4,N/A,N/A,N/A,0
10/8/2015,Horseshoe,25.14023,-80.29410,Nearshore,Horseshoe Reef,HS1-239-P,11,OK,1.00,3,N/A,N/A,N/A,0
10/8/2015,Horseshoe,25.14023,-80.29410,Nearshore,Conch Reef 1,HS1-239-W,10,OK,1.00,4,N/A,N/A,N/A,0
10/8/2015,Horseshoe,25.14023,-80.29410,Nearshore,Conch Reef 2,HS1-239-Y,10,RM,0.99,3,N/A,N/A,N/A,0
10/8/2015,Horseshoe,25.14023,-80.29410,Nearshore,Snapper Ledge,HS1-240-B,12,D,0.00,N/A,N/A,N/A,N/A,N/A
10/8/2015,Horseshoe,25.14023,-80.29410,Nearshore,Conch Reef 2,HS1-238-Y,9,RM,0.60,4,N/A,N/A,N/A,0
10/8/2015,Horseshoe,25.14023,-80.29410,Nearshore,Conch Reef 2,HS1-240-Y,12,OK,0.40,2,N/A,N/A,N/A,0
10/8/2015,Horseshoe,25.14023,-80.29410,Nearshore,Conch Reef 1,HS2-241-W,11,OK,1.00,4,N/A,N/A,N/A,0
10/8/2015,Horseshoe,25.14023,-80.29410,Nearshore,Horseshoe Reef,HS2-241-P,11,D,0.00,N/A,N/A,N/A,N/A,N/A
10/8/2015,Horseshoe,25.14023,-80.29410,Nearshore,Conch Reef 2,HS2-241-Y,10,OK,1.00,3,N/A,N/A,N/A,0
10/8/2015,Horseshoe,25.14023,-80.29410,Nearshore,Horseshoe Reef,HS2-242-P,10,OK,1.00,3,N/A,N/A,N/A,0
10/8/2015,Horseshoe,25.14023,-80.29410,Nearshore,Conch Reef 1,HS2-242-W,11,OK,1.00,4,N/A,N/A,N/A,0
10/8/2015,Horseshoe,25.14023,-80.29410,Nearshore,Conch Reef 2,HS1-234-Y,11,RM,0.90,3,N/A,N/A,N/A,0
10/8/2015,Horseshoe,25.14023,-80.29410,Nearshore,Horseshoe Reef,HS1-228-P,11,OK,1.00,3,N/A,N/A,N/A,0
10/8/2015,Horseshoe,25.14023,-80.29410,Nearshore,Conch Reef 1,HS1-240-W,11,RM,0.95,4,N/A,N/A,N/A,0
10/8/2015,Horseshoe,25.14023,-80.29410,Nearshore,Horseshoe Reef,HS1-236-P,10,RM,0.50,4,N/A,N/A,N/A,0
10/8/2015,Horseshoe,25.14023,-80.29410,Nearshore,Snapper Ledge,HS2-242-B,11,RM,0.95,4,N/A,N/A,N/A,0
10/8/2015,Horseshoe,25.14023,-80.29410,Nearshore,Conch Reef 1,HS1-235-W,10,OK,1.00,4,N/A,N/A,N/A,0
10/8/2015,Horseshoe,25.14023,-80.29410,Nearshore,Horseshoe Reef,HS1-235-P,10,OK,1.00,2,N/A,N/A,N/A,0
10/8/2015,Horseshoe,25.14023,-80.29410,Nearshore,Snapper Ledge,HS1-236-B,10,RM,0.99,4,N/A,N/A,N/A,0
10/8/2015,Horseshoe,25.14023,-80.29410,Nearshore,Conch Reef 1,HS1-238-W,10,OK,1.00,4,N/A,N/A,N/A,0
10/8/2015,Horseshoe,25.14023,-80.29410,Nearshore,Snapper Ledge,HS1-235-B,10,RM,0.10,4,N/A,N/A,N/A,0
10/8/2015,Horseshoe,25.14023,-80.29410,Nearshore,Conch Reef 2,HS1-235-Y,11,RM,0.99,2,N/A,N/A,N/A,0
10/8/2015,Horseshoe,25.14023,-80.29410,Nearshore,Conch Reef 1,HS1-236-W,10,RM,0.40,4,N/A,N/A,N/A,0
10/8/2015,Horseshoe,25.14023,-80.29410,Nearshore,Conch Reef 2,HS1-236-Y,10,RM,0.90,3,N/A,N/A,N/A,0
10/8/2015,Horseshoe,25.14023,-80.29410,Nearshore,Snapper Ledge,HS1-237-B,10,RM,0.05,4,N/A,N/A,N/A,0
10/8/2015,Horseshoe,25.14023,-80.29410,Nearshore,Horseshoe Reef,HS1-237-P,9,RM,0.80,3,N/A,N/A,N/A,0
10/8/2015,Horseshoe,25.14023,-80.29410,Nearshore,Conch Reef 1,HS1-237-W,10,OK,0.99,4,N/A,N/A,N/A,0
10/8/2015,Horseshoe,25.14023,-80.29410,Nearshore,Conch Reef 2,HS1-237-Y,10,RM,0.95,3,N/A,N/A,N/A,0
10/8/2015,Horseshoe,25.14023,-80.29410,Nearshore,Snapper Ledge,HS1-238-B,10,RM,0.05,4,N/A,N/A,N/A,0
10/8/2015,Horseshoe,25.14023,-80.29410,Nearshore,Horseshoe Reef,HS1-238-P,10,RM,0.60,3,N/A,N/A,N/A,0
11/12/2015,AAA,25.16860,-80.26677,Nearshore,Conch Reef 1,AA2-150-W,11,D,0.00,N/A,N/A,N/A,N/A,N/A
11/12/2015,AAA,25.16860,-80.26677,Nearshore,Conch Reef 2,AA2-150-Y,11,OK,0.99,1,10.00,9.00,5.00,0
11/12/2015,AAA,25.16864,-80.26669,Nearshore,Snapper Ledge,AA3-151-B,14,D,0.00,N/A,N/A,N/A,N/A,N/A
11/12/2015,AAA,25.16860,-80.26677,Nearshore,Snapper Ledge,AA2-150-B,12,D,0.00,N/A,N/A,N/A,N/A,N/A
11/12/2015,AAA,25.16864,-80.26669,Nearshore,Horseshoe Reef,AA3-151-P,15,OK,0.05,N/A,12.00,5.50,2.50,N/A
11/12/2015,AAA,25.16864,-80.26669,Nearshore,Conch Reef 1,AA3-151-W,15,OK,0.95,1,10.50,6.50,5.50,0
11/12/2015,AAA,25.16860,-80.26677,Nearshore,Conch Reef 2,AA2-149-Y,11,D,0.00,N/A,N/A,N/A,N/A,N/A
11/12/2015,AAA,25.16864,-80.26669,Nearshore,Horseshoe Reef,AA3-152-P,14,D,0.00,N/A,N/A,N/A,N/A,N/A
11/12/2015,AAA,25.16860,-80.26677,Nearshore,Conch Reef 2,AA2-147-Y,12,OK,0.95,2,10.00,6.50,6.00,0
11/12/2015,AAA,25.16864,-80.26669,Nearshore,Conch Reef 1,AA3-152-W,14,D,0.00,N/A,N/A,N/A,N/A,N/A
11/12/2015,AAA,25.16864,-80.26669,Nearshore,Conch Reef 2,AA3-152-Y,14,OK,0.50,1,11.50,6.50,3.50,0
11/12/2015,AAA,25.16864,-80.26669,Nearshore,Conch Reef 2,AA3-151-Y,15,RM,0.99,1,12.50,6.00,4.00,0
11/12/2015,AAA,25.16860,-80.26677,Nearshore,Conch Reef 1,AA2-149-W,11,D,0.00,N/A,N/A,N/A,N/A,N/A
11/12/2015,AAA,25.16860,-80.26677,Nearshore,Horseshoe Reef,AA2-149-P,12,D,0.00,N/A,N/A,N/A,N/A,N/A
11/12/2015,AAA,25.16860,-80.26677,Nearshore,Snapper Ledge,AA2-149-B,11,D,0.00,N/A,N/A,N/A,N/A,N/A
11/12/2015,AAA,25.16860,-80.26677,Nearshore,Conch Reef 2,AA2-148-Y,11,RM,0.95,2,16.00,8.50,3.00,0
11/12/2015,AAA,25.16860,-80.26677,Nearshore,Conch Reef 1,AA2-148-W,11,D,0.00,N/A,N/A,N/A,N/A,N/A
11/12/2015,AAA,25.16860,-80.26677,Nearshore,Snapper Ledge,AA2-148-B,11,D,0.00,N/A,N/A,N/A,N/A,N/A
11/12/2015,AAA,25.16860,-80.26677,Nearshore,Conch Reef 1,AA2-147-W,12,D,0.00,N/A,N/A,N/A,N/A,N/A
11/12/2015,AAA,25.16860,-80.26677,Nearshore,Snapper Ledge,AA2-147-B,12,D,0.00,N/A,N/A,N/A,N/A,N/A
11/12/2015,AAA,25.16860,-80.26677,Nearshore,Conch Reef 2,AA2-146-Y,12,RM,0.99,2,12.00,10.50,7.00,0
11/12/2015,AAA,25.16864,-80.26669,Nearshore,Snapper Ledge,AA3-153-B,14,D,0.00,N/A,N/A,N/A,N/A,N/A
11/12/2015,AAA,25.16864,-80.26669,Nearshore,Snapper Ledge,AA3-158-B,11,D,0.00,N/A,N/A,N/A,N/A,N/A
11/12/2015,AAA,25.16860,-80.26677,Nearshore,Conch Reef 1,AA2-146-W,12,OK,0.01,1,11.00,7.00,4.50,0
11/12/2015,AAA,25.16860,-80.26677,Nearshore,Horseshoe Reef,AA2-148-P,11,D,0.00,N/A,N/A,N/A,N/A,N/A
11/12/2015,AAA,25.16864,-80.26669,Nearshore,Conch Reef 2,AA3-156-Y,13,OK,0.99,1,9.50,8.50,8.00,0
11/12/2015,AAA,25.16860,-80.26677,Nearshore,Horseshoe Reef,AA2-146-P,12,OK,0.10,1,15.50,8.00,4.00,0
11/12/2015,AAA,25.16864,-80.26669,Nearshore,Conch Reef 2,AA3-160-Y,11,RM,0.95,2,9.50,7.00,8.00,0
11/12/2015,AAA,25.16864,-80.26669,Nearshore,Conch Reef 1,AA3-160-W,11,OK,1.00,3,11.50,5.00,4.50,0
11/12/2015,AAA,25.16864,-80.26669,Nearshore,Snapper Ledge,AA3-160-B,11,D,0.00,N/A,N/A,N/A,N/A,N/A
11/12/2015,AAA,25.16864,-80.26669,Nearshore,Conch Reef 2,AA3-159-Y,11,RM,0.99,2,9.50,7.00,5.50,0
11/12/2015,AAA,25.16864,-80.26669,Nearshore,Conch Reef 1,AA3-159-W,11,RM,0.99,3,12.50,6.00,4.50,0
11/12/2015,AAA,25.16864,-80.26669,Nearshore,Horseshoe Reef,AA3-159-P,11,D,0.00,N/A,N/A,N/A,N/A,N/A
11/12/2015,AAA,25.16864,-80.26669,Nearshore,Conch Reef 2,AA3-158-Y,11,RM,0.85,2,10.50,8.50,6.00,0
11/12/2015,AAA,25.16864,-80.26669,Nearshore,Conch Reef 1,AA3-158-W,11,RM,0.15,2,12.00,4.50,5.00,0
11/12/2015,AAA,25.16864,-80.26669,Nearshore,Conch Reef 2,AA3-157-Y,12,OK,0.99,1,11.00,9.00,6.00,0
11/12/2015,AAA,25.16864,-80.26669,Nearshore,Conch Reef 1,AA3-157-W,13,RM,0.99,3,10.00,5.00,8.00,0
11/12/2015,AAA,25.16864,-80.26669,Nearshore,Snapper Ledge,AA3-157-B,13,D,0.00,N/A,N/A,N/A,N/A,N/A
11/12/2015,AAA,25.16864,-80.26669,Nearshore,Horseshoe Reef,AA3-153-P,14,OK,0.60,1,10.50,7.00,3.50,0
11/12/2015,AAA,25.16864,-80.26669,Nearshore,Conch Reef 1,AA3-156-W,12,OK,1.00,2,9.50,9.50,7.00,2
11/12/2015,AAA,25.16864,-80.26669,Nearshore,Horseshoe Reef,AA3-156-P,12,D,0.00,N/A,N/A,N/A,N/A,N/A
11/12/2015,AAA,25.16864,-80.26669,Nearshore,Conch Reef 2,AA3-155-Y,14,OK,1.00,1,11.00,7.00,6.50,0
11/12/2015,AAA,25.16864,-80.26669,Nearshore,Conch Reef 1,AA3-155-W,13,OK,0.99,2,11.50,4.50,8.00,0
11/12/2015,AAA,25.16864,-80.26669,Nearshore,Horseshoe Reef,AA3-155-P,13,OK,0.10,1,10.00,6.00,4.00,0
11/12/2015,AAA,25.16864,-80.26669,Nearshore,Snapper Ledge,AA3-155-B,13,D,0.00,N/A,N/A,N/A,N/A,N/A
11/12/2015,AAA,25.16864,-80.26669,Nearshore,Conch Reef 2,AA3-154-Y,13,RM,0.40,2,11.00,7.50,5.50,0
11/12/2015,AAA,25.16864,-80.26669,Nearshore,Conch Reef 1,AA3-154-W,13,D,0.00,N/A,N/A,N/A,N/A,N/A
11/12/2015,AAA,25.16864,-80.26669,Nearshore,Snapper Ledge,AA3-154-B,13,D,0.00,N/A,N/A,N/A,N/A,N/A
11/12/2015,AAA,25.16864,-80.26669,Nearshore,Conch Reef 2,AA3-153-Y,14,OK,0.90,2,13.00,10.00,5.50,0
11/12/2015,AAA,25.16864,-80.26669,Nearshore,Horseshoe Reef,AA3-157-P,13,OK,0.50,1,13.00,5.00,3.00,0
11/12/2015,AAA,25.16860,-80.26677,Nearshore,Conch Reef 2,AA2-145-Y,13,D,0.00,N/A,N/A,N/A,N/A,N/A
11/12/2015,AAA,25.16850,-80.26681,Nearshore,Horseshoe Reef,AA1-137-P,14,D,0.00,N/A,N/A,N/A,N/A,N/A
11/12/2015,AAA,25.16850,-80.26681,Nearshore,Snapper Ledge,AA1-137-B,13,D,0.00,N/A,N/A,N/A,N/A,N/A
11/12/2015,AAA,25.16850,-80.26681,Nearshore,Conch Reef 2,AA1-136-Y,14,OK,0.95,1,11.00,8.00,7.00,0
11/12/2015,AAA,25.16850,-80.26681,Nearshore,Conch Reef 1,AA1-136-W,14,OK,0.85,3,13.00,7.00,5.00,0
11/12/2015,AAA,25.16850,-80.26681,Nearshore,Horseshoe Reef,AA1-136-P,14,OK,0.30,0,14.00,7.50,4.50,0
11/12/2015,AAA,25.16850,-80.26681,Nearshore,Snapper Ledge,AA1-136-B,14,D,0.00,N/A,N/A,N/A,N/A,N/A
11/12/2015,AAA,25.16850,-80.26681,Nearshore,Conch Reef 2,AA1-135-Y,14,OK,1.00,3,12.00,11.00,7.00,0
11/12/2015,AAA,25.16850,-80.26681,Nearshore,Conch Reef 1,AA1-135-W,14,D,0.00,N/A,N/A,N/A,N/A,N/A
11/12/2015,AAA,25.16850,-80.26681,Nearshore,Horseshoe Reef,AA1-135-P,14,D,0.00,N/A,N/A,N/A,N/A,N/A
11/12/2015,AAA,25.16850,-80.26681,Nearshore,Conch Reef 2,AA1-134-Y,14,OK,1.00,2,11.50,9.00,6.00,0
11/12/2015,AAA,25.16850,-80.26681,Nearshore,Conch Reef 1,AA1-137-W,14,OK,1.00,2,9.00,6.00,3.00,0
11/12/2015,AAA,25.16850,-80.26681,Nearshore,Horseshoe Reef,AA1-134-P,14,OK,0.60,0,10.00,8.00,6.00,0
11/12/2015,AAA,25.16850,-80.26681,Nearshore,Snapper Ledge,AA1-134-B,14,D,0.00,N/A,N/A,N/A,N/A,N/A
11/12/2015,AAA,25.16850,-80.26681,Nearshore,Conch Reef 2,AA1-133-Y,14,RM,0.95,1,13.00,7.00,7.00,0
11/12/2015,AAA,25.16850,-80.26681,Nearshore,Horseshoe Reef,AA1-133-P,14,D,0.00,N/A,N/A,N/A,N/A,N/A
11/12/2015,AAA,25.16850,-80.26681,Nearshore,Snapper Ledge,AA1-133-B,14,D,0.00,N/A,N/A,N/A,N/A,N/A
11/12/2015,AAA,25.16850,-80.26681,Nearshore,Conch Reef 2,AA1-132-Y,14,OK,1.00,1,12.00,7.00,6.00,0
11/12/2015,AAA,25.16850,-80.26681,Nearshore,Conch Reef 1,AA1-132-W,14,OK,1.00,3,14.50,6.00,6.00,0
11/12/2015,AAA,25.16850,-80.26681,Nearshore,Horseshoe Reef,AA1-132-P,14,D,0.00,N/A,N/A,N/A,N/A,N/A
11/12/2015,AAA,25.16850,-80.26681,Nearshore,Snapper Ledge,AA1-132-B,14,D,0.00,N/A,N/A,N/A,N/A,N/A
11/12/2015,AAA,25.16850,-80.26681,Nearshore,Conch Reef 2,AA1-131-Y,15,RM,0.45,1,12.00,7.00,6.00,2
11/12/2015,AAA,25.16850,-80.26681,Nearshore,Conch Reef 1,AA1-131-W,15,OK,1.00,1,10.00,6.00,9.00,0
11/12/2015,AAA,25.16850,-80.26681,Nearshore,Horseshoe Reef,AA1-131-P,15,RM,0.95,1,14.00,5.00,4.00,1
11/12/2015,AAA,25.16850,-80.26681,Nearshore,Conch Reef 1,AA1-134-W,14,OK,0.95,2,16.00,6.00,5.00,0
11/12/2015,AAA,25.16860,-80.26677,Nearshore,Conch Reef 2,AA2-143-Y,13,RM,0.99,2,7.00,6.50,6.00,0
11/12/2015,AAA,25.16850,-80.26681,Nearshore,Conch Reef 1,AA1-133-W,14,RM,0.15,0,11.00,7.00,6.00,0
11/12/2015,AAA,25.16850,-80.26681,Nearshore,Conch Reef 2,AA1-137-Y,14,RM,0.80,2,11.00,10.00,6.00,0
11/12/2015,AAA,25.16860,-80.26677,Nearshore,Conch Reef 1,AA2-145-W,13,D,0.00,N/A,N/A,N/A,N/A,N/A
11/12/2015,AAA,25.16860,-80.26677,Nearshore,Horseshoe Reef,AA2-145-P,13,D,0.00,N/A,N/A,N/A,N/A,N/A
11/12/2015,AAA,25.16860,-80.26677,Nearshore,Snapper Ledge,AA2-145-B,13,D,0.00,N/A,N/A,N/A,N/A,N/A
11/12/2015,AAA,25.16860,-80.26677,Nearshore,Conch Reef 2,AA2-144-Y,13,OK,1.00,1,8.50,6.50,3.00,0
11/12/2015,AAA,25.16860,-80.26677,Nearshore,Horseshoe Reef,AA2-144-P,13,D,0.00,N/A,N/A,N/A,N/A,N/A
11/12/2015,AAA,25.16860,-80.26677,Nearshore,Conch Reef 1,AA2-143-W,14,OK,0.65,2,8.50,6.50,2.00,0
11/12/2015,AAA,25.16860,-80.26677,Nearshore,Horseshoe Reef,AA2-143-P,14,D,0.00,N/A,N/A,N/A,N/A,N/A
11/12/2015,AAA,25.16860,-80.26677,Nearshore,Conch Reef 2,AA2-142-Y,13,RM,0.60,2,11.00,6.00,5.00,0
11/12/2015,AAA,25.16860,-80.26677,Nearshore,Conch Reef 1,AA2-142-W,13,RM,0.60,1,8.50,6.00,4.00,0
11/12/2015,AAA,25.16850,-80.26681,Nearshore,Snapper Ledge,AA1-139-B,13,D,0.00,N/A,N/A,N/A,N/A,N/A
11/12/2015,AAA,25.16850,-80.26681,Nearshore,Conch Reef 1,AA1-138-W,13,RM,0.75,2,9.00,6.00,3.00,0
11/12/2015,AAA,25.16860,-80.26677,Nearshore,Conch Reef 1,AA2-144-W,13,RM,0.70,3,8.00,6.50,4.00,0
11/12/2015,AAA,25.16850,-80.26681,Nearshore,Conch Reef 2,AA1-138-Y,14,OK,0.85,1,11.00,10.00,5.00,0
11/12/2015,AAA,25.16860,-80.26677,Nearshore,Conch Reef 2,AA2-141-Y,14,RM,0.65,2,11.00,5.50,8.00,0
11/12/2015,AAA,25.16850,-80.26681,Nearshore,Conch Reef 1,AA1-139-W,13,D,0.00,N/A,N/A,N/A,N/A,N/A
11/12/2015,AAA,25.16850,-80.26681,Nearshore,Conch Reef 2,AA1-139-Y,13,RM,0.15,0,11.50,9.00,7.50,0
11/12/2015,AAA,25.16850,-80.26681,Nearshore,Horseshoe Reef,AA1-140-P,13,D,0.00,N/A,N/A,N/A,N/A,N/A
11/12/2015,AAA,25.16850,-80.26681,Nearshore,Conch Reef 1,AA1-140-W,13,OK,0.10,0,13.00,4.00,5.00,0
11/12/2015,AAA,25.16850,-80.26681,Nearshore,Conch Reef 2,AA1-140-Y,13,D,0.00,N/A,N/A,N/A,N/A,N/A
11/12/2015,AAA,25.16860,-80.26677,Nearshore,Snapper Ledge,AA2-141-B,14,D,0.00,N/A,N/A,N/A,N/A,N/A
11/12/2015,AAA,25.16860,-80.26677,Nearshore,Horseshoe Reef,AA2-141-P,14,D,0.00,N/A,N/A,N/A,N/A,N/A
11/12/2015,AAA,25.16860,-80.26677,Nearshore,Conch Reef 1,AA2-141-W,14,RM,0.80,2,11.50,6.50,7.00,0
11/12/2015,Molasses Reef,25.01060,-80.37275,Offshore,Horseshoe Reef,ML5-215-P,19,OK,1.00,2,9.50,5.00,2.50,0
11/12/2015,North Dry Rocks,25.12983,-80.29369,Nearshore,Conch Reef 1,ND1-161-W,15,RM,0.99,2,10.50,7.50,7.50,0
11/12/2015,North Dry Rocks,25.12983,-80.29369,Nearshore,Horseshoe Reef,ND1-161-P,15,OK,1.00,0,13.00,7.50,9.00,0
11/12/2015,North Dry Rocks,25.12983,-80.29369,Nearshore,Snapper Ledge,ND1-161-B,15,D,0.00,N/A,N/A,N/A,N/A,N/A
11/12/2015,Molasses Reef,25.01060,-80.37275,Offshore,Snapper Ledge,ML5-219-B,19,OK,0.85,1,11.00,6.50,7.00,0
11/12/2015,Molasses Reef,25.01060,-80.37275,Offshore,Conch Reef 2,ML5-217-Y,20,D,0.00,N/A,N/A,N/A,N/A,N/A
11/12/2015,Molasses Reef,25.01060,-80.37275,Offshore,Conch Reef 1,ML5-217-W,20,D,0.00,N/A,N/A,N/A,N/A,N/A
11/12/2015,Molasses Reef,25.01060,-80.37275,Offshore,Conch Reef 2,ML5-216-Y,19,OK,1.00,2,12.50,9.00,6.00,0
11/12/2015,Horseshoe,25.14023,-80.29410,Nearshore,Snapper Ledge,HS2-248-B,11,D,0.00,N/A,N/A,N/A,N/A,N/A
11/12/2015,Molasses Reef,25.01060,-80.37275,Offshore,Snapper Ledge,ML5-216-B,19,RM,0.95,2,9.00,7.50,8.00,3
11/12/2015,North Dry Rocks,25.12983,-80.29369,Nearshore,Conch Reef 1,ND1-162-W,15,OK,1.00,1,11.50,8.50,10.00,0
11/12/2015,Molasses Reef,25.01060,-80.37275,Offshore,Conch Reef 1,ML5-212-W,20,OK,0.99,2,10.00,9.50,8.50,0
11/12/2015,Molasses Reef,25.01060,-80.37275,Offshore,Horseshoe Reef,ML5-212-P,19,D,0.00,N/A,N/A,N/A,N/A,N/A
11/12/2015,Molasses Reef,25.01060,-80.37275,Offshore,Snapper Ledge,ML5-212-B,19,OK,0.05,1,8.00,4.50,4.50,0
11/12/2015,Molasses Reef,25.01060,-80.37275,Offshore,Conch Reef 2,ML5-211-Y,19,OK,0.99,2,11.50,10.00,8.50,0
11/12/2015,Molasses Reef,25.01060,-80.37275,Offshore,Conch Reef 2,ML5-210-Y,20,OK,0.20,2,11.50,10.00,4.00,0
11/12/2015,Molasses Reef,25.01060,-80.37275,Offshore,Conch Reef 1,ML5-210-W,19,RM,0.95,2,14.00,5.00,4.50,0
11/12/2015,Molasses Reef,25.01060,-80.37275,Offshore,Conch Reef 1,ML5-209-W,19,OK,0.99,2,16.50,5.00,5.00,0
11/12/2015,Molasses Reef,25.01060,-80.37275,Offshore,Conch Reef 1,ML5-216-W,19,RM,0.65,1,14.00,4.00,8.50,0
11/12/2015,North Dry Rocks,25.12983,-80.29369,Nearshore,Conch Reef 2,ND1-164-Y,13,OK,1.00,0,15.50,9.00,6.00,0
11/12/2015,North Dry Rocks,25.12983,-80.29369,Nearshore,Conch Reef 1,ND1-167-W,13,OK,0.99,1,10.50,8.50,4.00,0
11/12/2015,North Dry Rocks,25.12983,-80.29369,Nearshore,Horseshoe Reef,ND1-167-P,13,OK,0.99,2,10.50,9.00,8.50,0
11/12/2015,North Dry Rocks,25.12983,-80.29369,Nearshore,Conch Reef 2,ND1-166-Y,12,OK,0.99,2,13.50,6.00,9.00,0
11/12/2015,North Dry Rocks,25.12983,-80.29369,Nearshore,Conch Reef 1,ND1-166-W,13,OK,1.00,0,11.00,5.00,9.00,0
11/12/2015,North Dry Rocks,25.12983,-80.29369,Nearshore,Horseshoe Reef,ND1-166-P,13,OK,0.99,1,11.00,9.50,8.00,0
11/12/2015,North Dry Rocks,25.12983,-80.29369,Nearshore,Conch Reef 2,ND1-165-Y,13,OK,1.00,1,15.00,7.50,7.50,0
11/12/2015,North Dry Rocks,25.12983,-80.29369,Nearshore,Conch Reef 1,ND1-165-W,13,OK,1.00,0,10.50,4.00,3.00,0
11/12/2015,North Dry Rocks,25.12983,-80.29369,Nearshore,Conch Reef 2,ND1-161-Y,15,OK,1.00,0,14.50,9.00,7.00,0
11/12/2015,North Dry Rocks,25.12983,-80.29369,Nearshore,Snapper Ledge,ND1-165-B,13,RM,0.95,2,12.50,5.50,5.00,0
11/12/2015,North Dry Rocks,25.12983,-80.29369,Nearshore,Horseshoe Reef,ND1-162-P,14,OK,1.00,1,13.00,4.50,10.00,0
11/12/2015,North Dry Rocks,25.12983,-80.29369,Nearshore,Conch Reef 1,ND1-164-W,13,RM,0.99,1,12.50,10.50,10.00,0
11/12/2015,North Dry Rocks,25.12983,-80.29369,Nearshore,Snapper Ledge,ND1-164-B,13,RM,0.90,2,12.00,7.00,4.50,0
11/12/2015,North Dry Rocks,25.12983,-80.29369,Nearshore,Conch Reef 2,ND1-163-Y,13,OK,1.00,1,17.50,11.00,8.00,0
11/12/2015,North Dry Rocks,25.12983,-80.29369,Nearshore,Conch Reef 1,ND1-163-W,13,OK,1.00,1,10.50,4.50,6.00,0
11/12/2015,North Dry Rocks,25.12983,-80.29369,Nearshore,Horseshoe Reef,ND1-163-P,13,OK,1.00,0,13.00,10.00,6.50,0
11/12/2015,North Dry Rocks,25.12983,-80.29369,Nearshore,Snapper Ledge,ND1-163-B,13,RM,0.95,2,14.50,7.00,4.00,0
11/12/2015,North Dry Rocks,25.12983,-80.29369,Nearshore,Conch Reef 2,ND1-162-Y,14,RM,0.99,2,15.50,9.00,7.50,0
11/12/2015,Molasses Reef,25.01060,-80.37275,Offshore,Conch Reef 1,ML5-207-W,19,RM,0.99,1,12.00,8.50,8.50,0
11/12/2015,North Dry Rocks,25.12983,-80.29369,Nearshore,Horseshoe Reef,ND1-165-P,13,OK,0.99,0,13.00,8.50,8.00,0
11/12/2015,Horseshoe,25.14023,-80.29410,Nearshore,Conch Reef 2,HS2-250-Y,13,RM,0.95,1,7.00,6.50,5.00,0
11/12/2015,Molasses Reef,25.01060,-80.37275,Offshore,Horseshoe Reef,ML5-209-P,19,RM,0.10,1,11.50,5.00,4.50,0
11/12/2015,Molasses Reef,25.01060,-80.37275,Offshore,Conch Reef 2,ML4-194-Y,17,OK,0.05,0,12.00,8.00,5.00,0
11/12/2015,Molasses Reef,25.01060,-80.37275,Offshore,Conch Reef 1,ML4-194-W,17,OK,1.00,0,15.50,6.00,9.00,0
11/12/2015,Molasses Reef,25.01060,-80.37275,Offshore,Conch Reef 2,ML4-193-Y,18,RM,0.05,0,19.00,11.00,4.00,1
11/12/2015,Molasses Reef,25.01060,-80.37275,Offshore,Conch Reef 1,ML4-193-W,17,D,0.00,N/A,N/A,N/A,N/A,N/A
11/12/2015,Molasses Reef,25.01060,-80.37275,Offshore,Horseshoe Reef,ML4-193-P,17,RM,0.02,0,10.00,7.00,3.00,4
11/12/2015,Molasses Reef,25.01060,-80.37275,Offshore,Snapper Ledge,ML4-193-B,17,D,0.00,N/A,N/A,N/A,N/A,N/A
11/12/2015,Molasses Reef,25.01060,-80.37275,Offshore,Horseshoe Reef,ML4-195-P,17,OK,0.02,0,7.00,6.00,1.00,0
11/12/2015,Molasses Reef,25.01060,-80.37275,Offshore,Conch Reef 1,ML4-192-W,17,OK,0.05,0,12.00,8.00,9.00,0
11/12/2015,Molasses Reef,25.01060,-80.37275,Offshore,Conch Reef 1,ML4-195-W,17,OK,1.00,0,10.00,7.00,12.00,0
11/12/2015,Horseshoe,25.14023,-80.29410,Nearshore,Conch Reef 1,HS2-250-W,13,RM,0.05,1,10.00,4.00,5.00,0
11/12/2015,Horseshoe,25.14023,-80.29410,Nearshore,Horseshoe Reef,HS2-250-P,12,D,0.00,N/A,N/A,N/A,N/A,N/A
11/12/2015,Horseshoe,25.14023,-80.29410,Nearshore,Conch Reef 2,HS2-249-Y,11,OK,0.90,1,8.00,4.00,5.00,0
11/12/2015,Horseshoe,25.14023,-80.29410,Nearshore,Conch Reef 1,HS2-249-W,11,D,0.00,N/A,N/A,N/A,N/A,N/A
11/12/2015,Horseshoe,25.14023,-80.29410,Nearshore,Snapper Ledge,HS2-249-B,11,D,0.00,N/A,N/A,N/A,N/A,N/A
11/12/2015,Horseshoe,25.14023,-80.29410,Nearshore,Conch Reef 2,HS2-248-Y,11,OK,0.95,0,10.00,5.00,3.00,0
11/12/2015,Horseshoe,25.14023,-80.29410,Nearshore,Conch Reef 1,HS2-248-W,11,D,0.00,N/A,N/A,N/A,N/A,N/A
11/12/2015,Horseshoe,25.14023,-80.29410,Nearshore,Horseshoe Reef,HS2-248-P,10,D,0.00,N/A,N/A,N/A,N/A,N/A
11/12/2015,Molasses Reef,25.01060,-80.37275,Offshore,Conch Reef 2,ML4-192-Y,17,RM,0.02,0,15.00,9.00,8.00,1
11/12/2015,Molasses Reef,25.01060,-80.37275,Offshore,Conch Reef 1,ML4-201-W,19,RM,0.90,0,15.00,8.00,6.00,1
11/12/2015,North Dry Rocks,25.12983,-80.29369,Nearshore,Conch Reef 1,ND1-168-W,12,OK,1.00,1,8.00,9.00,11.50,0
11/12/2015,Molasses Reef,25.01060,-80.37275,Offshore,Horseshoe Reef,ML5-207-P,19,D,0.00,N/A,N/A,N/A,N/A,N/A
11/12/2015,Molasses Reef,25.01060,-80.37275,Offshore,Snapper Ledge,ML5-207-B,19,RM,0.01,2,10.50,8.50,2.50,0
11/12/2015,Molasses Reef,25.01060,-80.37275,Offshore,Conch Reef 1,ML5-206-W,20,OK,0.05,2,11.50,9.50,5.50,0
11/12/2015,Molasses Reef,25.01060,-80.37275,Offshore,Conch Reef 1,ML4-205-W,19,RM,0.95,0,15.00,7.00,7.00,2
11/12/2015,Molasses Reef,25.01060,-80.37275,Offshore,Conch Reef 1,ML4-203-W,19,RM,0.50,0,14.00,13.00,7.00,2
11/12/2015,Molasses Reef,25.01060,-80.37275,Offshore,Horseshoe Reef,ML4-203-P,19,OK,1.00,0,10.00,6.00,3.00,0
11/12/2015,Molasses Reef,25.01060,-80.37275,Offshore,Snapper Ledge,ML4-195-B,17,OK,1.00,0,10.00,7.00,6.00,0
11/12/2015,Molasses Reef,25.01060,-80.37275,Offshore,Conch Reef 2,ML4-201-Y,19,OK,0.90,0,15.00,10.00,6.00,0
11/12/2015,Molasses Reef,25.01060,-80.37275,Offshore,Conch Reef 2,ML5-207-Y,20,RM,0.80,2,13.50,10.50,7.00,4
11/12/2015,Molasses Reef,25.01060,-80.37275,Offshore,Conch Reef 1,ML4-200-W,18,OK,1.00,0,9.00,6.50,7.00,0
11/12/2015,Molasses Reef,25.01060,-80.37275,Offshore,Snapper Ledge,ML4-200-B,19,OK,1.00,0,10.00,8.00,4.00,0
11/12/2015,Molasses Reef,25.01060,-80.37275,Offshore,Conch Reef 2,ML4-198-Y,17,OK,1.00,0,12.00,11.00,8.00,0
11/12/2015,Molasses Reef,25.01060,-80.37275,Offshore,Conch Reef 1,ML4-198-W,17,OK,1.00,0,14.00,8.00,8.00,0
11/12/2015,Molasses Reef,25.01060,-80.37275,Offshore,Horseshoe Reef,ML4-198-P,17,OK,1.00,0,14.00,6.00,5.00,0
11/12/2015,Molasses Reef,25.01060,-80.37275,Offshore,Snapper Ledge,ML4-198-B,17,OK,1.00,0,8.50,8.00,5.00,0
11/12/2015,Molasses Reef,25.01060,-80.37275,Offshore,Conch Reef 2,ML4-196-Y,17,OK,0.90,0,15.00,8.00,5.00,0
11/12/2015,Molasses Reef,25.01060,-80.37275,Offshore,Conch Reef 2,ML4-195-Y,17,OK,1.00,0,14.00,12.00,7.00,0
11/12/2015,Molasses Reef,25.01060,-80.37275,Offshore,Conch Reef 1,ML4-202-W,19,OK,0.05,0,11.00,9.00,7.00,0
11/12/2015,North Dry Rocks,25.13002,-80.29386,Nearshore,Conch Reef 2,ND3-182-Y,12,OK,0.99,2,11.00,10.50,8.50,0
11/12/2015,North Dry Rocks,25.12965,-80.29367,Nearshore,Conch Reef 1,ND2-179-W,13,OK,1.00,0,11.00,6.00,7.00,0
11/12/2015,North Dry Rocks,25.13002,-80.29386,Nearshore,Conch Reef 2,ND3-184-Y,11,OK,1.00,1,13.00,11.50,10.00,0
11/12/2015,North Dry Rocks,25.13002,-80.29386,Nearshore,Conch Reef 1,ND3-184-W,12,OK,0.99,1,14.50,5.00,10.50,0
11/12/2015,North Dry Rocks,25.13002,-80.29386,Nearshore,Horseshoe Reef,ND3-184-P,12,OK,0.99,1,13.50,9.00,5.00,0
11/12/2015,North Dry Rocks,25.13002,-80.29386,Nearshore,Snapper Ledge,ND3-184-B,12,D,0.00,N/A,N/A,N/A,N/A,N/A
11/12/2015,North Dry Rocks,25.13002,-80.29386,Nearshore,Conch Reef 2,ND3-183-Y,11,RM,0.99,1,16.00,13.00,9.50,0
11/12/2015,North Dry Rocks,25.13002,-80.29386,Nearshore,Conch Reef 1,ND3-183-W,11,RM,0.99,2,12.50,6.50,4.00,0
11/12/2015,North Dry Rocks,25.13002,-80.29386,Nearshore,Horseshoe Reef,ND3-185-P,11,OK,1.00,0,11.50,8.00,6.00,0
11/12/2015,North Dry Rocks,25.13002,-80.29386,Nearshore,Snapper Ledge,ND3-183-B,12,D,0.00,N/A,N/A,N/A,N/A,N/A
11/12/2015,North Dry Rocks,25.13002,-80.29386,Nearshore,Conch Reef 1,ND3-185-W,11,OK,1.00,2,12.00,7.00,3.50,0
11/12/2015,North Dry Rocks,25.13002,-80.29386,Nearshore,Conch Reef 1,ND3-182-W,12,RM,0.99,1,18.00,9.50,7.50,0
11/12/2015,North Dry Rocks,25.13002,-80.29386,Nearshore,Horseshoe Reef,ND3-182-P,12,D,0.00,N/A,N/A,N/A,N/A,N/A
11/12/2015,North Dry Rocks,25.13002,-80.29386,Nearshore,Conch Reef 2,ND3-181-Y,13,OK,0.99,2,12.00,7.00,6.00,0
11/12/2015,North Dry Rocks,25.13002,-80.29386,Nearshore,Horseshoe Reef,ND3-181-P,12,OK,1.00,1,11.50,7.50,8.00,0
11/12/2015,North Dry Rocks,25.13002,-80.29386,Nearshore,Snapper Ledge,ND3-181-B,12,RM,1.00,N/A,2.00,1.00,0.50,N/A
11/12/2015,North Dry Rocks,25.12965,-80.29367,Nearshore,Conch Reef 2,ND2-180-Y,13,OK,1.00,0,11.00,10.00,6.00,0
11/12/2015,North Dry Rocks,25.12965,-80.29367,Nearshore,Horseshoe Reef,ND2-180-P,13,OK,1.00,0,11.00,7.00,6.00,0
11/12/2015,North Dry Rocks,25.12983,-80.29369,Nearshore,Conch Reef 2,ND1-167-Y,13,OK,0.15,1,8.50,6.00,7.50,0
11/12/2015,North Dry Rocks,25.13002,-80.29386,Nearshore,Horseshoe Reef,ND3-183-P,12,RM,0.95,1,14.50,6.00,6.50,0
11/12/2015,North Dry Rocks,25.13002,-80.29386,Nearshore,Horseshoe Reef,ND3-188-P,12,OK,1.00,1,11.50,7.00,9.00,0
11/12/2015,North Dry Rocks,25.13002,-80.29386,Nearshore,Conch Reef 2,ND3-190-Y,13,OK,1.00,1,15.50,9.50,8.00,0
11/12/2015,North Dry Rocks,25.13002,-80.29386,Nearshore,Conch Reef 1,ND3-190-W,12,RM,0.95,1,11.00,8.50,9.50,2
11/12/2015,North Dry Rocks,25.13002,-80.29386,Nearshore,Horseshoe Reef,ND3-190-P,12,OK,1.00,1,10.00,9.00,7.00,0
11/12/2015,North Dry Rocks,25.13002,-80.29386,Nearshore,Snapper Ledge,ND3-190-B,12,D,0.00,N/A,N/A,N/A,N/A,N/A
11/12/2015,North Dry Rocks,25.13002,-80.29386,Nearshore,Conch Reef 2,ND3-189-Y,12,OK,1.00,1,13.50,9.50,7.00,0
11/12/2015,North Dry Rocks,25.13002,-80.29386,Nearshore,Conch Reef 1,ND3-189-W,12,OK,1.00,0,9.00,7.00,4.50,0
11/12/2015,North Dry Rocks,25.13002,-80.29386,Nearshore,Horseshoe Reef,ND3-189-P,12,OK,0.85,1,12.00,10.00,5.50,0
11/12/2015,North Dry Rocks,25.13002,-80.29386,Nearshore,Snapper Ledge,ND3-185-B,11,D,0.00,N/A,N/A,N/A,N/A,N/A
11/12/2015,North Dry Rocks,25.13002,-80.29386,Nearshore,Conch Reef 1,ND3-188-W,12,OK,1.00,2,11.00,6.00,4.00,0
11/12/2015,North Dry Rocks,25.12965,-80.29367,Nearshore,Horseshoe Reef,ND2-179-P,13,OK,1.00,0,14.00,10.00,7.00,0
11/12/2015,North Dry Rocks,25.13002,-80.29386,Nearshore,Snapper Ledge,ND3-188-B,12,D,0.00,N/A,N/A,N/A,N/A,N/A
11/12/2015,North Dry Rocks,25.13002,-80.29386,Nearshore,Conch Reef 2,ND3-187-Y,13,OK,1.00,0,12.50,9.50,8.00,0
11/12/2015,North Dry Rocks,25.13002,-80.29386,Nearshore,Conch Reef 1,ND3-187-W,13,OK,0.99,1,12.00,5.50,4.50,0
11/12/2015,North Dry Rocks,25.13002,-80.29386,Nearshore,Horseshoe Reef,ND3-187-P,13,RM,0.99,0,13.50,10.00,9.50,0
11/12/2015,North Dry Rocks,25.13002,-80.29386,Nearshore,Snapper Ledge,ND3-187-B,12,D,0.00,N/A,N/A,N/A,N/A,N/A
11/12/2015,North Dry Rocks,25.13002,-80.29386,Nearshore,Conch Reef 2,ND3-186-Y,12,OK,0.50,0,10.50,8.00,6.00,0
11/12/2015,North Dry Rocks,25.13002,-80.29386,Nearshore,Conch Reef 1,ND3-186-W,12,OK,1.00,3,13.00,7.00,6.50,0
11/12/2015,North Dry Rocks,25.13002,-80.29386,Nearshore,Horseshoe Reef,ND3-186-P,12,OK,0.85,2,11.50,5.50,8.00,0
11/12/2015,North Dry Rocks,25.13002,-80.29386,Nearshore,Conch Reef 2,ND3-188-Y,12,OK,1.00,1,13.00,10.00,8.50,0
11/12/2015,North Dry Rocks,25.12983,-80.29369,Nearshore,Conch Reef 2,ND1-170-Y,12,OK,1.00,2,11.50,10.50,11.50,0
11/12/2015,North Dry Rocks,25.12965,-80.29367,Nearshore,Conch Reef 2,ND2-179-Y,13,OK,1.00,0,14.00,13.00,7.00,0
11/12/2015,North Dry Rocks,25.12965,-80.29367,Nearshore,Conch Reef 2,ND2-172-Y,14,OK,1.00,0,13.00,8.00,8.00,0
11/12/2015,North Dry Rocks,25.12965,-80.29367,Nearshore,Conch Reef 1,ND2-172-W,14,OK,1.00,0,17.00,8.00,5.00,0
11/12/2015,North Dry Rocks,25.12965,-80.29367,Nearshore,Horseshoe Reef,ND2-172-P,14,OK,1.00,0,12.00,7.00,6.00,0
11/12/2015,North Dry Rocks,25.12965,-80.29367,Nearshore,Snapper Ledge,ND2-172-B,13,OK,1.00,2,11.00,5.00,2.00,0
11/12/2015,North Dry Rocks,25.12965,-80.29367,Nearshore,Conch Reef 2,ND2-171-Y,15,OK,1.00,0,10.00,8.00,5.00,0
11/12/2015,North Dry Rocks,25.12965,-80.29367,Nearshore,Conch Reef 1,ND2-171-W,16,OK,1.00,0,12.00,8.00,5.00,0
11/12/2015,North Dry Rocks,25.12965,-80.29367,Nearshore,Horseshoe Reef,ND2-173-P,13,OK,1.00,0,11.00,10.00,7.00,0
11/12/2015,North Dry Rocks,25.12965,-80.29367,Nearshore,Snapper Ledge,ND2-171-B,15,RM,0.02,0,11.00,9.00,4.00,0
11/12/2015,North Dry Rocks,25.12965,-80.29367,Nearshore,Conch Reef 1,ND2-173-W,13,OK,1.00,0,15.00,7.00,10.00,0
11/12/2015,North Dry Rocks,25.12983,-80.29369,Nearshore,Conch Reef 1,ND1-170-W,13,OK,1.00,0,13.00,10.00,9.50,0
11/12/2015,North Dry Rocks,25.12983,-80.29369,Nearshore,Horseshoe Reef,ND1-170-P,13,OK,1.00,1,11.00,6.00,7.50,0
11/12/2015,North Dry Rocks,25.12983,-80.29369,Nearshore,Snapper Ledge,ND1-170-B,12,D,0.00,N/A,N/A,N/A,N/A,N/A
11/12/2015,North Dry Rocks,25.12983,-80.29369,Nearshore,Conch Reef 2,ND1-169-Y,13,OK,1.00,2,15.00,8.50,10.50,0
11/12/2015,North Dry Rocks,25.12983,-80.29369,Nearshore,Conch Reef 1,ND1-169-W,13,D,0.00,N/A,N/A,N/A,N/A,N/A
11/12/2015,North Dry Rocks,25.12983,-80.29369,Nearshore,Horseshoe Reef,ND1-169-P,14,OK,0.99,0,11.00,10.00,12.00,0
11/12/2015,North Dry Rocks,25.12983,-80.29369,Nearshore,Conch Reef 2,ND1-168-Y,12,OK,1.00,2,17.50,9.00,8.00,0
11/12/2015,North Dry Rocks,25.13002,-80.29386,Nearshore,Conch Reef 1,ND3-181-W,13,RM,0.99,1,14.00,6.50,8.00,0
11/12/2015,North Dry Rocks,25.12965,-80.29367,Nearshore,Horseshoe Reef,ND2-171-P,15,OK,1.00,0,14.00,7.00,5.00,0
11/12/2015,North Dry Rocks,25.12965,-80.29367,Nearshore,Conch Reef 1,ND2-176-W,13,OK,1.00,0,10.50,5.00,5.50,0
11/12/2015,North Dry Rocks,25.12965,-80.29367,Nearshore,Snapper Ledge,ND2-179-B,13,D,0.00,N/A,N/A,N/A,N/A,N/A
11/12/2015,North Dry Rocks,25.12965,-80.29367,Nearshore,Conch Reef 2,ND2-178-Y,13,OK,1.00,0,14.00,8.00,7.00,0
11/12/2015,North Dry Rocks,25.12965,-80.29367,Nearshore,Conch Reef 1,ND2-178-W,12,OK,1.00,1,17.00,10.00,7.00,0
11/12/2015,North Dry Rocks,25.12965,-80.29367,Nearshore,Horseshoe Reef,ND2-178-P,13,OK,1.00,0,11.00,9.00,7.00,0
11/12/2015,North Dry Rocks,25.12965,-80.29367,Nearshore,Snapper Ledge,ND2-178-B,13,RM,0.80,3,14.00,6.00,4.00,0
11/12/2015,North Dry Rocks,25.12965,-80.29367,Nearshore,Conch Reef 2,ND2-177-Y,13,OK,1.00,0,13.00,10.00,7.00,0
11/12/2015,North Dry Rocks,25.12965,-80.29367,Nearshore,Conch Reef 1,ND2-177-W,13,OK,1.00,0,12.00,8.00,9.00,0
11/12/2015,North Dry Rocks,25.12965,-80.29367,Nearshore,Snapper Ledge,ND2-173-B,13,D,0.00,N/A,N/A,N/A,N/A,N/A
11/12/2015,North Dry Rocks,25.12965,-80.29367,Nearshore,Conch Reef 2,ND2-176-Y,13,OK,1.00,1,16.00,13.00,8.00,0
11/12/2015,North Dry Rocks,25.12983,-80.29369,Nearshore,Snapper Ledge,ND1-168-B,12,D,0.00,N/A,N/A,N/A,N/A,N/A
11/12/2015,North Dry Rocks,25.12965,-80.29367,Nearshore,Horseshoe Reef,ND2-176-P,12,OK,1.00,0,10.00,7.00,4.00,0
11/12/2015,North Dry Rocks,25.12965,-80.29367,Nearshore,Snapper Ledge,ND2-176-B,12,D,0.00,N/A,N/A,N/A,N/A,N/A
11/12/2015,North Dry Rocks,25.12965,-80.29367,Nearshore,Conch Reef 1,ND2-175-W,13,OK,0.55,1,11.00,7.00,4.00,0
11/12/2015,North Dry Rocks,25.12965,-80.29367,Nearshore,Horseshoe Reef,ND2-175-P,13,RM,0.90,0,11.00,5.00,5.00,0
11/12/2015,North Dry Rocks,25.12965,-80.29367,Nearshore,Conch Reef 2,ND2-174-Y,13,OK,1.00,0,17.00,9.00,7.00,0
11/12/2015,North Dry Rocks,25.12965,-80.29367,Nearshore,Conch Reef 1,ND2-174-W,14,OK,1.00,1,18.00,6.00,6.00,0
11/12/2015,North Dry Rocks,25.12965,-80.29367,Nearshore,Horseshoe Reef,ND2-174-P,14,OK,1.00,0,12.00,7.00,6.00,0
11/12/2015,North Dry Rocks,25.12965,-80.29367,Nearshore,Conch Reef 2,ND2-173-Y,13,OK,1.00,0,12.00,8.00,3.00,0
11/12/2015,North Dry Rocks,25.12965,-80.29367,Nearshore,Horseshoe Reef,ND2-177-P,13,OK,1.00,0,14.00,6.00,4.00,0
11/12/2015,Horseshoe,25.14023,-80.29410,Nearshore,Snapper Ledge,HS1-231-B,13,D,0.00,N/A,N/A,N/A,N/A,N/A
11/12/2015,Horseshoe,25.14023,-80.29410,Nearshore,Horseshoe Reef,HS1-228-P,11,OK,0.40,1,6.50,6.50,4.50,0
11/12/2015,Horseshoe,25.14023,-80.29410,Nearshore,Conch Reef 1,HS1-228-W,10,OK,1.00,2,8.50,4.50,3.50,0
11/12/2015,Horseshoe,25.14023,-80.29410,Nearshore,Conch Reef 2,HS1-228-Y,10,RM,0.99,2,9.00,5.00,4.50,0
11/12/2015,Horseshoe,25.14023,-80.29410,Nearshore,Snapper Ledge,HS1-229-B,11,D,0.00,N/A,N/A,N/A,N/A,N/A
11/12/2015,Horseshoe,25.14023,-80.29410,Nearshore,Horseshoe Reef,HS1-229-P,10,OK,1.00,0,10.00,8.00,5.50,0
11/12/2015,Horseshoe,25.14023,-80.29410,Nearshore,Conch Reef 1,HS1-229-W,11,OK,1.00,3,7.50,5.50,4.50,0
11/12/2015,Horseshoe,25.14023,-80.29410,Nearshore,Conch Reef 2,HS1-229-Y,11,OK,1.00,2,10.50,7.50,5.00,0
11/12/2015,Horseshoe,25.14023,-80.29410,Nearshore,Snapper Ledge,HS1-230-B,11,D,0.00,N/A,N/A,N/A,N/A,N/A
11/12/2015,Horseshoe,25.14023,-80.29410,Nearshore,Conch Reef 1,HS1-234-W,11,OK,0.99,2,7.50,7.00,2.50,0
11/12/2015,Horseshoe,25.14023,-80.29410,Nearshore,Conch Reef 2,HS1-230-Y,12,OK,1.00,2,10.50,5.50,5.50,0
11/12/2015,Horseshoe,25.14023,-80.29410,Nearshore,Conch Reef 2,HS1-226-Y,12,D,0.00,N/A,N/A,N/A,N/A,N/A
11/12/2015,Horseshoe,25.14023,-80.29410,Nearshore,Conch Reef 1,HS1-231-W,13,OK,1.00,3,8.50,7.50,4.00,0
11/12/2015,Horseshoe,25.14023,-80.29410,Nearshore,Conch Reef 2,HS1-231-Y,12,OK,1.00,0,10.50,6.00,6.00,0
11/12/2015,Horseshoe,25.14023,-80.29410,Nearshore,Conch Reef 1,HS1-232-W,13,OK,1.00,2,10.00,8.00,5.00,0
11/12/2015,Horseshoe,25.14023,-80.29410,Nearshore,Conch Reef 2,HS1-232-Y,13,OK,1.00,2,10.00,7.50,6.00,0
11/12/2015,Horseshoe,25.14023,-80.29410,Nearshore,Snapper Ledge,HS1-233-B,12,D,0.00,N/A,N/A,N/A,N/A,N/A
11/12/2015,Horseshoe,25.14023,-80.29410,Nearshore,Conch Reef 1,HS1-233-W,12,OK,1.00,2,8.00,5.50,5.00,0
11/12/2015,Horseshoe,25.14023,-80.29410,Nearshore,Conch Reef 2,HS1-233-Y,11,OK,1.00,0,10.50,7.00,7.00,0
11/12/2015,Horseshoe,25.14023,-80.29410,Nearshore,Horseshoe Reef,HS1-234-P,11,OK,0.95,0,10.00,5.00,5.00,0
11/12/2015,Horseshoe,25.14023,-80.29410,Nearshore,Conch Reef 1,HS1-230-W,12,OK,1.00,2,9.50,5.50,6.00,0
11/12/2015,Horseshoe,25.14023,-80.29410,Nearshore,Conch Reef 1,HS1-223-W,13,OK,1.00,3,9.50,5.50,3.00,0
11/12/2015,North Dry Rocks,25.13002,-80.29386,Nearshore,Snapper Ledge,ND3-182-B,13,D,0.00,N/A,N/A,N/A,N/A,N/A
11/12/2015,Horseshoe,25.14023,-80.29410,Nearshore,Conch Reef 2,HS2-247-Y,11,RM,0.90,2,8.00,6.50,5.00,0
11/12/2015,Horseshoe,25.14023,-80.29410,Nearshore,Conch Reef 1,HS1-221-W,13,OK,1.00,3,10.50,5.00,2.00,0
11/12/2015,Horseshoe,25.14023,-80.29410,Nearshore,Conch Reef 2,HS1-221-Y,13,RM,0.99,1,9.50,5.50,6.00,0
11/12/2015,Horseshoe,25.14023,-80.29410,Nearshore,Snapper Ledge,HS1-222-B,14,D,0.00,N/A,N/A,N/A,N/A,N/A
11/12/2015,Horseshoe,25.14023,-80.29410,Nearshore,Horseshoe Reef,HS1-222-P,15,RM,0.95,0,7.50,6.50,3.50,2
11/12/2015,Horseshoe,25.14023,-80.29410,Nearshore,Conch Reef 1,HS1-222-W,14,OK,0.90,2,8.00,7.00,4.50,0
11/12/2015,Horseshoe,25.14023,-80.29410,Nearshore,Conch Reef 2,HS1-222-Y,14,OK,1.00,2,10.00,5.50,6.00,0
11/12/2015,Horseshoe,25.14023,-80.29410,Nearshore,Snapper Ledge,HS1-228-B,10,D,0.00,N/A,N/A,N/A,N/A,N/A
11/12/2015,Horseshoe,25.14023,-80.29410,Nearshore,Horseshoe Reef,HS1-223-P,13,D,0.00,N/A,N/A,N/A,N/A,N/A
11/12/2015,Horseshoe,25.14023,-80.29410,Nearshore,Conch Reef 1,HS1-227-W,11,OK,1.00,3,7.50,6.00,2.00,0
11/12/2015,Horseshoe,25.14023,-80.29410,Nearshore,Conch Reef 2,HS1-223-Y,13,OK,1.00,0,7.50,7.00,4.50,0
11/12/2015,Horseshoe,25.14023,-80.29410,Nearshore,Conch Reef 1,HS1-224-W,13,RM,0.10,2,10.50,3.54,4.00,0
11/12/2015,Horseshoe,25.14023,-80.29410,Nearshore,Conch Reef 2,HS1-224-Y,12,OK,1.00,1,9.50,8.50,7.00,0
11/12/2015,Horseshoe,25.14023,-80.29410,Nearshore,Snapper Ledge,HS1-225-B,12,D,0.00,N/A,N/A,N/A,N/A,N/A
11/12/2015,Horseshoe,25.14023,-80.29410,Nearshore,Horseshoe Reef,HS1-225-P,11,D,0.00,N/A,N/A,N/A,N/A,N/A
11/12/2015,Horseshoe,25.14023,-80.29410,Nearshore,Conch Reef 1,HS1-225-W,11,D,0.00,N/A,N/A,N/A,N/A,N/A
11/12/2015,Horseshoe,25.14023,-80.29410,Nearshore,Conch Reef 2,HS1-225-Y,11,OK,1.00,2,7.50,7.00,4.50,0
11/12/2015,Horseshoe,25.14023,-80.29410,Nearshore,Conch Reef 1,HS1-226-W,12,RM,0.95,3,10.50,4.00,4.00,0
11/12/2015,Horseshoe,25.14023,-80.29410,Nearshore,Conch Reef 2,HS1-227-Y,10,D,0.00,N/A,N/A,N/A,N/A,N/A
11/12/2015,Horseshoe,25.14023,-80.29410,Nearshore,Snapper Ledge,HS1-223-B,12,D,0.00,N/A,N/A,N/A,N/A,N/A
11/12/2015,Horseshoe,25.14023,-80.29410,Nearshore,Conch Reef 2,HS2-244-Y,11,OK,1.00,3,10.00,7.50,4.00,0
11/12/2015,Horseshoe,25.14023,-80.29410,Nearshore,Conch Reef 1,HS2-241-W,11,D,0.00,N/A,N/A,N/A,N/A,N/A
11/12/2015,Horseshoe,25.14023,-80.29410,Nearshore,Conch Reef 2,HS2-241-Y,10,D,0.00,N/A,N/A,N/A,N/A,N/A
11/12/2015,Horseshoe,25.14023,-80.29410,Nearshore,Snapper Ledge,HS2-242-B,11,D,0.00,N/A,N/A,N/A,N/A,N/A
11/12/2015,Horseshoe,25.14023,-80.29410,Nearshore,Horseshoe Reef,HS2-242-P,10,RM,0.75,0,9.00,7.00,5.00,0
11/12/2015,Horseshoe,25.14023,-80.29410,Nearshore,Conch Reef 1,HS2-242-W,11,OK,1.00,3,8.00,5.00,3.00,0
11/12/2015,Horseshoe,25.14023,-80.29410,Nearshore,Conch Reef 2,HS2-242-Y,10,OK,1.00,1,9.00,7.00,5.00,0
11/12/2015,Horseshoe,25.14023,-80.29410,Nearshore,Snapper Ledge,HS2-243-B,11,D,0.00,N/A,N/A,N/A,N/A,N/A
11/12/2015,Horseshoe,25.14023,-80.29410,Nearshore,Conch Reef 2,HS2-243-Y,11,OK,1.00,0,10.50,5.00,3.00,0
11/12/2015,Horseshoe,25.14023,-80.29410,Nearshore,Conch Reef 2,HS1-240-Y,12,D,0.00,N/A,N/A,N/A,N/A,N/A
11/12/2015,Horseshoe,25.14023,-80.29410,Nearshore,Conch Reef 1,HS2-244-W,10,OK,1.00,0,8.50,8.00,2.00,0
11/12/2015,Horseshoe,25.14023,-80.29410,Nearshore,Conch Reef 1,HS2-243-W,11,OK,1.00,1,8.50,4.00,4.00,0
11/12/2015,Horseshoe,25.14023,-80.29410,Nearshore,Horseshoe Reef,HS2-245-P,11,D,0.00,N/A,N/A,N/A,N/A,N/A
11/12/2015,Horseshoe,25.14023,-80.29410,Nearshore,Conch Reef 1,HS2-245-W,11,OK,1.00,2,10.00,6.00,3.00,0
11/12/2015,Horseshoe,25.14023,-80.29410,Nearshore,Conch Reef 2,HS2-245-Y,10,OK,1.00,2,8.00,8.00,4.00,0
11/12/2015,Horseshoe,25.14023,-80.29410,Nearshore,Conch Reef 1,HS2-246-W,12,OK,1.00,3,7.00,7.00,4.00,0
11/12/2015,Horseshoe,25.14023,-80.29410,Nearshore,Conch Reef 2,HS2-246-Y,12,OK,1.00,0,9.50,6.00,6.00,0
11/12/2015,Horseshoe,25.14023,-80.29410,Nearshore,Conch Reef 2,HS1-234-Y,11,RM,0.99,2,9.00,7.50,5.00,0
11/12/2015,Horseshoe,25.14023,-80.29410,Nearshore,Snapper Ledge,HS1-227-B,11,D,0.00,N/A,N/A,N/A,N/A,N/A
11/12/2015,Horseshoe,25.14023,-80.29410,Nearshore,Conch Reef 1,HS2-247-W,11,RM,0.90,2,9.00,5.00,4.00,0
11/12/2015,Horseshoe,25.14023,-80.29410,Nearshore,Snapper Ledge,HS2-247-B,10,D,0.00,N/A,N/A,N/A,N/A,N/A
11/12/2015,Horseshoe,25.14023,-80.29410,Nearshore,Horseshoe Reef,HS2-244-P,11,D,0.00,N/A,N/A,N/A,N/A,N/A
11/12/2015,Horseshoe,25.14023,-80.29410,Nearshore,Conch Reef 1,HS1-237-W,10,OK,1.00,2,6.50,5.00,8.00,0
11/12/2015,Horseshoe,25.14023,-80.29410,Nearshore,Conch Reef 1,HS1-235-W,10,OK,1.00,3,10.00,8.00,2.50,0
11/12/2015,Horseshoe,25.14023,-80.29410,Nearshore,Snapper Ledge,HS2-244-B,10,D,0.00,N/A,N/A,N/A,N/A,N/A
11/12/2015,Horseshoe,25.14023,-80.29410,Nearshore,Snapper Ledge,HS1-236-B,10,D,0.00,N/A,N/A,N/A,N/A,N/A
11/12/2015,Horseshoe,25.14023,-80.29410,Nearshore,Horseshoe Reef,HS1-236-P,10,D,0.00,N/A,N/A,N/A,N/A,N/A
11/12/2015,Horseshoe,25.14023,-80.29410,Nearshore,Conch Reef 1,HS1-236-W,10,OK,1.00,2,8.50,7.00,5.00,0
11/12/2015,Horseshoe,25.14023,-80.29410,Nearshore,Conch Reef 2,HS1-236-Y,10,OK,0.99,2,6.00,5.50,9.00,0
11/12/2015,Horseshoe,25.14023,-80.29410,Nearshore,Horseshoe Reef,HS1-237-P,9,OK,0.15,2,9.50,6.50,5.50,0
11/12/2015,Horseshoe,25.14023,-80.29410,Nearshore,Conch Reef 2,HS1-235-Y,11,OK,1.00,1,8.00,7.50,7.50,0
11/12/2015,Horseshoe,25.14023,-80.29410,Nearshore,Conch Reef 2,HS1-237-Y,10,OK,0.95,2,9.50,7.50,5.50,0
11/12/2015,Horseshoe,25.14023,-80.29410,Nearshore,Horseshoe Reef,HS1-235-P,10,OK,0.99,0,8.50,6.50,5.00,0
11/12/2015,Horseshoe,25.14023,-80.29410,Nearshore,Conch Reef 2,HS1-239-Y,10,OK,1.00,0,8.50,7.50,5.50,0
11/12/2015,Horseshoe,25.14023,-80.29410,Nearshore,Horseshoe Reef,HS1-238-P,10,D,0.00,N/A,N/A,N/A,N/A,N/A
11/12/2015,Horseshoe,25.14023,-80.29410,Nearshore,Conch Reef 1,HS1-238-W,10,D,0.00,N/A,N/A,N/A,N/A,N/A
11/12/2015,Horseshoe,25.14023,-80.29410,Nearshore,Conch Reef 2,HS1-238-Y,9,D,0.00,N/A,N/A,N/A,N/A,N/A
11/12/2015,Horseshoe,25.14023,-80.29410,Nearshore,Snapper Ledge,HS1-239-B,10,D,0.00,N/A,N/A,N/A,N/A,N/A
11/12/2015,Horseshoe,25.14023,-80.29410,Nearshore,Horseshoe Reef,HS1-239-P,11,RM,0.20,2,11.00,6.50,6.00,0
11/12/2015,Horseshoe,25.14023,-80.29410,Nearshore,Conch Reef 1,HS1-239-W,10,OK,1.00,2,10.00,4.50,3.00,0
11/12/2015,Horseshoe,25.14023,-80.29410,Nearshore,Snapper Ledge,HS1-238-B,10,D,0.00,N/A,N/A,N/A,N/A,N/A
11/12/2015,Horseshoe,25.14023,-80.29410,Nearshore,Snapper Ledge,HS1-237-B,10,D,0.00,N/A,N/A,N/A,N/A,N/A
11/12/2015,Horseshoe,25.14023,-80.29410,Nearshore,Snapper Ledge,HS1-235-B,10,D,0.00,N/A,N/A,N/A,N/A,N/A
11/12/2015,Horseshoe,25.14023,-80.29410,Nearshore,Conch Reef 1,HS1-240-W,11,D,0.00,N/A,N/A,N/A,N/A,N/A
11/13/2015,French Reef,25.03438,-80.34888,Offshore,Snapper Ledge,FR4-258-B,20,RM,0.99,0,12.50,9.50,6.00,0
11/13/2015,French Reef,25.03438,-80.34888,Offshore,Conch Reef 1,FR4-255-W,21,OK,1.00,1,13.00,6.50,5.00,0
11/13/2015,French Reef,25.03438,-80.34888,Offshore,Snapper Ledge,FR4-256-B,21,OK,1.00,1,10.50,7.50,4.50,0
11/13/2015,French Reef,25.03438,-80.34888,Offshore,Horseshoe Reef,FR4-256-P,22,OK,1.00,1,10.50,9.00,4.00,0
11/13/2015,French Reef,25.03438,-80.34888,Offshore,Conch Reef 1,FR4-256-W,22,OK,1.00,0,10.50,6.50,4.50,0
11/13/2015,French Reef,25.03438,-80.34888,Offshore,Conch Reef 2,FR4-256-Y,21,OK,0.99,2,16.00,13.50,11.00,0
11/13/2015,French Reef,25.03438,-80.34888,Offshore,Snapper Ledge,FR4-257-B,21,OK,0.99,0,9.50,8.00,4.00,0
11/13/2015,French Reef,25.03438,-80.34888,Offshore,Horseshoe Reef,FR4-257-P,21,OK,0.30,2,9.50,8.50,5.50,0
11/13/2015,French Reef,25.03438,-80.34888,Offshore,Horseshoe Reef,FR4-258-P,21,OK,0.99,1,11.00,7.50,9.00,0
11/13/2015,French Reef,25.03438,-80.34888,Offshore,Conch Reef 2,FR4-257-Y,21,OK,0.99,0,10.50,10.00,4.50,0
11/13/2015,French Reef,25.03438,-80.34888,Offshore,Horseshoe Reef,FR4-255-P,21,OK,1.00,1,11.00,8.00,5.00,0
11/13/2015,French Reef,25.03438,-80.34888,Offshore,Conch Reef 1,FR4-258-W,21,OK,1.00,1,9.50,4.50,5.00,0
11/13/2015,French Reef,25.03438,-80.34888,Offshore,Snapper Ledge,FR4-251-B,22,OK,1.00,1,14.50,9.00,7.00,0
11/13/2015,French Reef,25.03438,-80.34888,Offshore,Conch Reef 1,FR4-257-W,21,OK,1.00,1,7.50,6.00,4.00,0
11/13/2015,French Reef,25.03438,-80.34888,Offshore,Snapper Ledge,FR4-255-B,21,OK,1.00,1,13.00,12.00,4.00,0
11/13/2015,French Reef,25.03438,-80.34888,Offshore,Conch Reef 2,FR4-254-Y,22,RM,0.99,2,12.50,6.00,6.00,0
11/13/2015,French Reef,25.03438,-80.34888,Offshore,Conch Reef 1,FR4-254-W,22,OK,1.00,1,8.00,7.00,4.50,0
11/13/2015,French Reef,25.03438,-80.34888,Offshore,Horseshoe Reef,FR4-254-P,22,OK,0.99,1,10.00,7.50,4.50,0
11/13/2015,French Reef,25.03438,-80.34888,Offshore,Conch Reef 2,FR4-253-Y,22,OK,1.00,2,11.00,13.00,11.00,0
11/13/2015,French Reef,25.03438,-80.34888,Offshore,Conch Reef 1,FR4-253-W,22,OK,1.00,1,12.00,5.50,2.50,0
11/13/2015,French Reef,25.03438,-80.34888,Offshore,Horseshoe Reef,FR4-253-P,22,OK,1.00,1,10.00,8.50,6.00,0
11/13/2015,French Reef,25.03438,-80.34888,Offshore,Conch Reef 2,FR4-252-Y,22,OK,1.00,1,12.00,6.00,5.50,0
11/13/2015,French Reef,25.03438,-80.34888,Offshore,Conch Reef 1,FR4-252-W,22,OK,1.00,1,9.00,6.00,3.00,0
11/13/2015,French Reef,25.03438,-80.34888,Offshore,Snapper Ledge,FR4-252-B,23,OK,1.00,1,17.50,8.50,3.00,0
11/13/2015,French Reef,25.03438,-80.34888,Offshore,Conch Reef 2,FR4-251-Y,22,OK,0.99,1,15.50,12.50,6.00,0
11/13/2015,French Reef,25.03438,-80.34888,Offshore,Horseshoe Reef,FR4-251-P,22,OK,1.00,1,11.50,8.00,6.50,0
11/13/2015,French Reef,25.03438,-80.34888,Offshore,Conch Reef 2,FR4-258-Y,21,OK,1.00,1,9.50,8.50,4.00,0
11/13/2015,French Reef,25.03438,-80.34888,Offshore,Conch Reef 1,FR4-251-W,22,OK,0.99,1,8.50,5.00,3.00,0
11/13/2015,Pickles Reef,24.98575,-80.41558,Offshore,Conch Reef 2,PI5-115-Y,15,OK,1.00,2,14.00,10.50,6.00,0
11/13/2015,Pickles Reef,24.98575,-80.41558,Offshore,Conch Reef 1,PI5-115-W,15,OK,1.00,1,12.50,9.50,6.50,0
11/13/2015,Pickles Reef,24.98575,-80.41558,Offshore,Horseshoe Reef,PI5-115-P,15,OK,1.00,2,11.50,5.50,3.00,0
11/13/2015,Pickles Reef,24.98575,-80.41558,Offshore,Snapper Ledge,PI5-115-B,15,RM,0.05,2,12.00,9.50,5.50,0
11/13/2015,Pickles Reef,24.98575,-80.41558,Offshore,Conch Reef 2,PI5-114-Y,16,RM,0.99,2,13.50,9.50,5.00,0
11/13/2015,Pickles Reef,24.98575,-80.41558,Offshore,Horseshoe Reef,PI5-114-P,15,RM,0.95,1,12.00,9.00,6.00,1
11/13/2015,Pickles Reef,24.98575,-80.41558,Offshore,Snapper Ledge,PI5-116-B,15,RM,0.85,1,8.50,8.00,9.50,0
11/13/2015,Pickles Reef,24.98575,-80.41558,Offshore,Conch Reef 2,PI5-113-Y,16,OK,0.99,0,14.50,13.00,6.00,0
11/13/2015,Pickles Reef,24.98575,-80.41558,Offshore,Conch Reef 1,PI5-114-W,15,OK,1.00,1,12.50,9.50,11.00,0
11/13/2015,Pickles Reef,24.98575,-80.41558,Offshore,Horseshoe Reef,PI5-116-P,15,OK,1.00,0,10.00,9.00,10.00,0
11/13/2015,Pickles Reef,24.98575,-80.41558,Offshore,Conch Reef 1,PI5-116-W,15,OK,0.95,1,13.00,5.00,5.50,0
11/13/2015,Pickles Reef,24.98575,-80.41558,Offshore,Conch Reef 2,PI5-116-Y,15,OK,1.00,1,15.00,10.50,6.50,0
11/13/2015,Pickles Reef,24.98575,-80.41558,Offshore,Snapper Ledge,PI5-117-B,15,OK,0.85,1,9.50,4.50,3.00,0
11/13/2015,Pickles Reef,24.98575,-80.41558,Offshore,Horseshoe Reef,PI5-117-P,15,OK,0.55,1,10.00,6.00,6.00,0
11/13/2015,Pickles Reef,24.98575,-80.41558,Offshore,Conch Reef 1,PI5-117-W,15,OK,1.00,1,8.50,8.50,7.50,0
11/13/2015,Pickles Reef,24.98575,-80.41558,Offshore,Conch Reef 2,PI5-117-Y,15,OK,1.00,1,19.50,10.50,8.00,0
11/13/2015,Pickles Reef,24.98575,-80.41558,Offshore,Horseshoe Reef,PI5-118-P,15,RM,0.80,1,9.50,7.50,4.00,0
11/13/2015,Pickles Reef,24.98575,-80.41558,Offshore,Conch Reef 2,PI5-118-Y,15,OK,1.00,1,16.50,12.50,10.00,0
11/13/2015,Pickles Reef,24.98575,-80.41558,Offshore,Horseshoe Reef,PI5-113-P,16,OK,1.00,1,8.00,7.00,12.00,0
11/13/2015,Pickles Reef,24.98607,-80.41506,Offshore,Horseshoe Reef,PI4-107-P,16,OK,1.00,1,10.50,7.00,6.00,0
11/13/2015,Pickles Reef,24.98575,-80.41558,Offshore,Conch Reef 1,PI5-118-W,15,OK,0.99,1,13.00,10.50,7.00,0
11/13/2015,Pickles Reef,24.98575,-80.41558,Offshore,Snapper Ledge,PI5-118-B,15,OK,1.00,1,8.50,6.00,3.00,0
11/13/2015,Pickles Reef,24.98607,-80.41506,Offshore,Conch Reef 2,PI4-109-Y,16,OK,1.00,0,9.50,8.00,7.00,0
11/13/2015,Pickles Reef,24.98573,-80.41569,Offshore,Horseshoe Reef,PI6-130-P,13,RM,0.99,1,8.50,7.50,4.00,0
11/13/2015,Pickles Reef,24.98575,-80.41558,Offshore,Snapper Ledge,PI5-119-B,14,RM,0.80,2,11.00,8.00,5.50,0
11/13/2015,Pickles Reef,24.98607,-80.41506,Offshore,Conch Reef 2,PI4-106-Y,16,RM,0.99,2,16.00,7.00,6.50,0
11/13/2015,Pickles Reef,24.98607,-80.41506,Offshore,Conch Reef 1,PI4-107-W,16,OK,0.99,2,8.50,6.00,9.50,0
11/13/2015,Pickles Reef,24.98607,-80.41506,Offshore,Snapper Ledge,PI4-108-B,15,RM,0.55,2,14.00,6.50,5.00,0
11/13/2015,Pickles Reef,24.98607,-80.41506,Offshore,Horseshoe Reef,PI4-108-P,15,RM,0.99,1,11.00,9.00,7.00,0
11/13/2015,Pickles Reef,24.98607,-80.41506,Offshore,Conch Reef 1,PI4-108-W,15,OK,0.99,1,10.00,8.00,5.50,0
11/13/2015,Pickles Reef,24.98607,-80.41506,Offshore,Conch Reef 2,PI4-108-Y,15,RM,0.99,1,13.50,12.00,8.00,0
11/13/2015,Pickles Reef,24.98607,-80.41506,Offshore,Snapper Ledge,PI4-109-B,16,RM,0.95,2,13.50,11.50,6.00,1
11/13/2015,Pickles Reef,24.98607,-80.41506,Offshore,Conch Reef 2,PI4-107-Y,16,OK,1.00,2,18.00,11.00,10.50,0
11/13/2015,Pickles Reef,24.98607,-80.41506,Offshore,Conch Reef 1,PI4-109-W,16,RM,0.40,1,12.00,9.00,9.00,2
11/13/2015,Pickles Reef,24.98575,-80.41558,Offshore,Snapper Ledge,PI5-113-B,15,OK,1.00,1,13.00,11.00,9.00,0
11/13/2015,Pickles Reef,24.98607,-80.41506,Offshore,Snapper Ledge,PI4-110-B,16,D,0.00,N/A,N/A,N/A,N/A,N/A
11/13/2015,Pickles Reef,24.98607,-80.41506,Offshore,Horseshoe Reef,PI4-110-P,16,RM,0.99,1,9.50,9.00,9.00,0
11/13/2015,Pickles Reef,24.98607,-80.41506,Offshore,Conch Reef 1,PI4-110-W,16,RM,0.90,2,12.00,8.00,6.00,4
11/13/2015,Pickles Reef,24.98607,-80.41506,Offshore,Conch Reef 2,PI4-110-Y,16,RM,0.99,2,14.00,8.50,8.00,0
11/13/2015,Pickles Reef,24.98575,-80.41558,Offshore,Snapper Ledge,PI5-111-B,16,RM,0.95,0,10.00,9.50,5.00,0
11/13/2015,Pickles Reef,24.98575,-80.41558,Offshore,Horseshoe Reef,PI5-111-P,16,OK,0.80,1,9.50,6.00,5.00,0
11/13/2015,Pickles Reef,24.98575,-80.41558,Offshore,Conch Reef 1,PI5-111-W,16,RM,0.95,1,13.50,5.00,7.00,0
11/13/2015,Pickles Reef,24.98575,-80.41558,Offshore,Conch Reef 2,PI5-111-Y,16,OK,1.00,1,13.50,11.50,6.00,1
11/13/2015,Pickles Reef,24.98575,-80.41558,Offshore,Conch Reef 1,PI5-112-W,15,OK,1.00,2,10.00,5.50,11.00,0
11/13/2015,Pickles Reef,24.98575,-80.41558,Offshore,Conch Reef 2,PI5-112-Y,15,RM,0.10,2,8.50,7.00,4.50,1
11/13/2015,Pickles Reef,24.98607,-80.41506,Offshore,Horseshoe Reef,PI4-109-P,16,RM,0.10,2,12.00,5.50,5.00,0
11/13/2015,Pickles Reef,24.98573,-80.41569,Offshore,Conch Reef 1,PI6-128-W,13,OK,1.00,1,13.00,12.50,8.50,0
11/13/2015,Pickles Reef,24.98573,-80.41569,Offshore,Conch Reef 2,PI6-129-Y,14,RM,0.95,2,8.50,8.00,4.00,0
11/13/2015,Pickles Reef,24.98573,-80.41569,Offshore,Conch Reef 2,PI6-125-Y,14,OK,1.00,1,13.00,13.00,8.00,0
11/13/2015,Pickles Reef,24.98573,-80.41569,Offshore,Snapper Ledge,PI6-126-B,14,OK,1.00,1,10.00,8.00,5.50,0
11/13/2015,Pickles Reef,24.98573,-80.41569,Offshore,Horseshoe Reef,PI6-126-P,14,OK,1.00,0,12.50,10.50,5.00,0
11/13/2015,Pickles Reef,24.98573,-80.41569,Offshore,Conch Reef 1,PI6-126-W,14,RM,0.99,1,13.50,10.50,6.50,0
11/13/2015,Pickles Reef,24.98573,-80.41569,Offshore,Conch Reef 2,PI6-126-Y,14,OK,0.80,2,9.00,6.00,4.50,0
11/13/2015,Pickles Reef,24.98573,-80.41569,Offshore,Snapper Ledge,PI6-127-B,13,RM,0.99,2,9.50,8.50,7.50,0
11/13/2015,Pickles Reef,24.98573,-80.41569,Offshore,Horseshoe Reef,PI6-127-P,14,RM,0.99,2,13.50,10.00,7.00,0
11/13/2015,Pickles Reef,24.98573,-80.41569,Offshore,Conch Reef 1,PI6-127-W,13,OK,1.00,1,15.00,6.00,6.50,0
11/13/2015,Pickles Reef,24.98573,-80.41569,Offshore,Horseshoe Reef,PI6-125-P,14,OK,1.00,1,11.50,10.00,4.50,0
11/13/2015,Pickles Reef,24.98573,-80.41569,Offshore,Horseshoe Reef,PI6-128-P,13,RM,0.99,1,12.50,8.00,6.50,0
11/13/2015,Pickles Reef,24.98573,-80.41569,Offshore,Snapper Ledge,PI6-125-B,14,OK,0.99,2,9.00,6.50,6.50,0
11/13/2015,Pickles Reef,24.98573,-80.41569,Offshore,Conch Reef 2,PI6-128-Y,14,OK,1.00,1,13.00,8.00,7.50,0
11/13/2015,Pickles Reef,24.98573,-80.41569,Offshore,Snapper Ledge,PI6-129-B,14,RM,0.05,2,11.50,6.00,5.50,0
11/13/2015,Pickles Reef,24.98573,-80.41569,Offshore,Horseshoe Reef,PI6-129-P,14,RM,0.99,2,9.50,7.00,5.00,0
11/13/2015,Pickles Reef,24.98573,-80.41569,Offshore,Conch Reef 1,PI6-129-W,14,RM,0.95,2,11.50,4.50,4.00,0
11/13/2015,Pickles Reef,24.98607,-80.41506,Offshore,Conch Reef 1,PI4-106-W,16,OK,0.99,2,14.50,7.00,7.50,0
11/13/2015,Pickles Reef,24.98573,-80.41569,Offshore,Snapper Ledge,PI6-130-B,13,RM,0.20,2,14.50,4.00,4.00,0
11/13/2015,Pickles Reef,24.98575,-80.41558,Offshore,Conch Reef 1,PI5-113-W,15,RM,0.99,1,10.50,7.00,5.50,0
11/13/2015,Pickles Reef,24.98573,-80.41569,Offshore,Conch Reef 1,PI6-130-W,13,RM,0.99,1,11.50,8.00,5.00,1
11/13/2015,Pickles Reef,24.98573,-80.41569,Offshore,Conch Reef 2,PI6-130-Y,13,RM,0.15,2,12.00,11.00,6.00,1
11/13/2015,French Reef,25.03438,-80.34888,Offshore,Snapper Ledge,FR4-259-B,21,OK,1.00,2,9.50,6.50,3.00,0
11/13/2015,Pickles Reef,24.98573,-80.41569,Offshore,Conch Reef 2,PI6-127-Y,14,RM,0.99,2,13.00,8.00,5.50,0
11/13/2015,Pickles Reef,24.98573,-80.41569,Offshore,Horseshoe Reef,PI6-122-P,14,OK,1.00,2,11.50,8.00,6.00,0
11/13/2015,Pickles Reef,24.98575,-80.41558,Offshore,Conch Reef 1,PI5-119-W,14,OK,1.00,1,18.50,7.00,8.00,0
11/13/2015,Pickles Reef,24.98575,-80.41558,Offshore,Conch Reef 2,PI5-119-Y,15,RM,0.95,1,13.00,12.00,8.00,0
11/13/2015,Pickles Reef,24.98575,-80.41558,Offshore,Snapper Ledge,PI5-120-B,14,OK,0.99,1,12.50,7.00,5.00,0
11/13/2015,Pickles Reef,24.98575,-80.41558,Offshore,Horseshoe Reef,PI5-120-P,14,RM,0.99,1,8.50,8.50,6.50,0
11/13/2015,Pickles Reef,24.98575,-80.41558,Offshore,Conch Reef 1,PI5-120-W,14,OK,1.00,0,11.50,6.00,7.00,0
11/13/2015,Pickles Reef,24.98575,-80.41558,Offshore,Conch Reef 2,PI5-120-Y,14,OK,1.00,1,18.50,12.50,7.50,0
11/13/2015,Pickles Reef,24.98573,-80.41569,Offshore,Snapper Ledge,PI6-121-B,15,RM,0.95,1,13.50,6.50,4.00,0
11/13/2015,Pickles Reef,24.98573,-80.41569,Offshore,Horseshoe Reef,PI6-121-P,14,D,0.00,N/A,N/A,N/A,N/A,N/A
11/13/2015,Pickles Reef,24.98573,-80.41569,Offshore,Conch Reef 1,PI6-121-W,15,OK,1.00,1,10.50,8.00,8.00,0
11/13/2015,Pickles Reef,24.98573,-80.41569,Offshore,Conch Reef 1,PI6-125-W,14,OK,1.00,0,15.00,7.00,7.00,0
11/13/2015,Pickles Reef,24.98573,-80.41569,Offshore,Snapper Ledge,PI6-122-B,14,D,0.00,N/A,N/A,N/A,N/A,N/A
11/13/2015,Pickles Reef,24.98575,-80.41558,Offshore,Horseshoe Reef,PI5-119-P,15,OK,1.00,1,10.00,6.00,6.00,0
11/13/2015,Pickles Reef,24.98573,-80.41569,Offshore,Conch Reef 1,PI6-122-W,14,OK,0.99,1,12.00,8.00,7.50,0
11/13/2015,Pickles Reef,24.98573,-80.41569,Offshore,Conch Reef 2,PI6-122-Y,14,OK,1.00,2,15.00,10.00,10.50,0
11/13/2015,Pickles Reef,24.98573,-80.41569,Offshore,Snapper Ledge,PI6-123-B,14,D,0.00,N/A,N/A,N/A,N/A,N/A
11/13/2015,Pickles Reef,24.98573,-80.41569,Offshore,Horseshoe Reef,PI6-123-P,14,RM,0.95,2,10.50,9.50,7.00,0
11/13/2015,Pickles Reef,24.98573,-80.41569,Offshore,Conch Reef 1,PI6-123-W,14,OK,0.99,1,12.50,6.00,5.50,0
11/13/2015,Pickles Reef,24.98573,-80.41569,Offshore,Conch Reef 2,PI6-123-Y,14,OK,1.00,1,12.50,11.50,7.00,0
11/13/2015,Pickles Reef,24.98573,-80.41569,Offshore,Snapper Ledge,PI6-124-B,14,RM,0.99,1,10.50,7.50,4.00,0
11/13/2015,Pickles Reef,24.98573,-80.41569,Offshore,Horseshoe Reef,PI6-124-P,14,OK,1.00,1,11.00,6.00,7.00,0
11/13/2015,Pickles Reef,24.98573,-80.41569,Offshore,Conch Reef 1,PI6-124-W,14,RM,0.99,1,15.50,8.00,6.00,1
11/13/2015,Pickles Reef,24.98573,-80.41569,Offshore,Conch Reef 2,PI6-124-Y,14,RM,0.99,1,14.00,12.50,10.00,1
11/13/2015,Pickles Reef,24.98573,-80.41569,Offshore,Conch Reef 2,PI6-121-Y,15,RM,0.99,2,11.00,6.50,9.00,0
11/13/2015,French Reef,25.03438,-80.34888,Offshore,Snapper Ledge,FR5-270-B,20,OK,1.00,1,8.00,5.50,4.00,0
11/13/2015,French Reef,25.03420,-80.34897,Offshore,Snapper Ledge,FR6-274-B,19,OK,1.00,1,11.00,7.50,3.00,0
11/13/2015,French Reef,25.03420,-80.34897,Offshore,Conch Reef 2,FR6-273-Y,20,D,0.00,N/A,N/A,N/A,N/A,N/A
11/13/2015,French Reef,25.03420,-80.34897,Offshore,Horseshoe Reef,FR6-273-P,20,OK,1.00,0,12.00,6.50,5.50,0
11/13/2015,French Reef,25.03420,-80.34897,Offshore,Conch Reef 1,FR6-272-W,20,OK,1.00,0,8.50,6.00,8.00,0
11/13/2015,French Reef,25.03420,-80.34897,Offshore,Horseshoe Reef,FR6-272-P,20,OK,1.00,0,8.50,5.50,5.00,0
11/13/2015,French Reef,25.03420,-80.34897,Offshore,Conch Reef 2,FR6-271-Y,20,OK,1.00,1,9.50,8.00,7.00,0
11/13/2015,French Reef,25.03420,-80.34897,Offshore,Conch Reef 1,FR6-271-W,20,OK,0.99,0,11.50,7.00,4.00,0
11/13/2015,French Reef,25.03420,-80.34897,Offshore,Snapper Ledge,FR6-271-B,20,OK,1.00,1,11.50,5.50,3.50,0
11/13/2015,French Reef,25.03438,-80.34888,Offshore,Conch Reef 2,FR5-270-Y,20,OK,0.99,1,8.50,6.00,4.00,0
11/13/2015,French Reef,25.03438,-80.34888,Offshore,Horseshoe Reef,FR5-267-P,20,OK,1.00,1,13.00,11.50,8.00,0
11/13/2015,French Reef,25.03438,-80.34888,Offshore,Horseshoe Reef,FR5-270-P,20,RM,0.99,0,10.50,8.00,5.00,0
11/13/2015,French Reef,25.03420,-80.34897,Offshore,Conch Reef 2,FR6-274-Y,19,OK,1.00,1,14.00,11.00,6.50,0
11/13/2015,French Reef,25.03438,-80.34888,Offshore,Conch Reef 2,FR5-269-Y,20,OK,0.99,1,14.50,11.00,5.50,0
11/13/2015,French Reef,25.03438,-80.34888,Offshore,Conch Reef 1,FR5-269-W,20,OK,1.00,1,12.00,7.00,4.50,0
11/13/2015,French Reef,25.03438,-80.34888,Offshore,Horseshoe Reef,FR5-269-P,20,OK,1.00,0,13.50,7.50,6.00,0
11/13/2015,French Reef,25.03438,-80.34888,Offshore,Conch Reef 2,FR5-268-Y,20,OK,0.99,1,14.00,14.00,7.50,0
11/13/2015,French Reef,25.03438,-80.34888,Offshore,Conch Reef 1,FR5-268-W,20,OK,1.00,1,8.00,8.00,4.00,0
11/13/2015,French Reef,25.03438,-80.34888,Offshore,Horseshoe Reef,FR5-268-P,21,OK,0.35,1,11.00,7.50,5.00,0
11/13/2015,French Reef,25.03438,-80.34888,Offshore,Snapper Ledge,FR5-268-B,20,OK,0.99,1,14.50,9.00,2.50,0
11/13/2015,French Reef,25.03438,-80.34888,Offshore,Conch Reef 2,FR5-267-Y,20,OK,1.00,1,10.50,6.50,7.50,0
11/13/2015,French Reef,25.03438,-80.34888,Offshore,Conch Reef 1,FR5-267-W,21,OK,1.00,2,11.50,5.00,5.50,0
11/13/2015,French Reef,25.03438,-80.34888,Offshore,Conch Reef 1,FR5-270-W,20,OK,1.00,0,8.50,4.50,6.50,0
11/13/2015,French Reef,25.03420,-80.34897,Offshore,Snapper Ledge,FR6-278-B,21,OK,1.00,0,9.50,6.00,6.50,0
11/13/2015,French Reef,25.03420,-80.34897,Offshore,Conch Reef 2,FR6-280-Y,21,OK,1.00,2,10.00,6.50,5.50,0
11/13/2015,Pickles Reef,24.98575,-80.41558,Offshore,Snapper Ledge,PI5-114-B,16,OK,0.99,1,15.00,6.00,6.50,0
11/13/2015,Pickles Reef,24.98607,-80.41506,Offshore,Horseshoe Reef,PI4-106-P,16,OK,0.99,1,9.00,6.00,6.00,0
11/13/2015,French Reef,25.03420,-80.34897,Offshore,Conch Reef 1,FR6-280-W,21,OK,1.00,2,8.00,8.00,2.50,0
11/13/2015,French Reef,25.03420,-80.34897,Offshore,Horseshoe Reef,FR6-280-P,21,OK,1.00,1,10.50,9.00,9.50,0
11/13/2015,French Reef,25.03420,-80.34897,Offshore,Snapper Ledge,FR6-280-B,21,OK,1.00,2,10.00,7.50,5.00,0
11/13/2015,French Reef,25.03420,-80.34897,Offshore,Conch Reef 2,FR6-279-Y,21,OK,0.90,2,19.00,9.00,6.00,0
11/13/2015,French Reef,25.03420,-80.34897,Offshore,Snapper Ledge,FR6-279-B,20,OK,1.00,1,11.50,6.50,4.00,0
11/13/2015,French Reef,25.03420,-80.34897,Offshore,Conch Reef 2,FR6-278-Y,20,OK,0.99,2,15.50,8.50,7.00,0
11/13/2015,French Reef,25.03420,-80.34897,Offshore,Horseshoe Reef,FR6-274-P,19,OK,1.00,0,12.00,8.00,5.00,0
11/13/2015,French Reef,25.03420,-80.34897,Offshore,Horseshoe Reef,FR6-278-P,21,OK,1.00,1,8.00,7.50,6.00,0
11/13/2015,French Reef,25.03420,-80.34897,Offshore,Conch Reef 1,FR6-274-W,19,RM,0.99,1,8.50,6.00,2.50,0
11/13/2015,French Reef,25.03420,-80.34897,Offshore,Conch Reef 2,FR6-277-Y,19,OK,0.99,2,17.50,11.00,10.00,0
11/13/2015,French Reef,25.03420,-80.34897,Offshore,Conch Reef 1,FR6-277-W,20,OK,0.99,1,8.50,6.50,3.50,0
11/13/2015,French Reef,25.03420,-80.34897,Offshore,Snapper Ledge,FR6-277-B,19,OK,1.00,1,12.50,7.50,5.00,0
11/13/2015,French Reef,25.03420,-80.34897,Offshore,Conch Reef 1,FR6-276-W,20,OK,1.00,2,8.50,7.00,4.50,0
11/13/2015,French Reef,25.03420,-80.34897,Offshore,Horseshoe Reef,FR6-276-P,20,OK,0.99,1,11.50,5.50,5.00,0
11/13/2015,French Reef,25.03420,-80.34897,Offshore,Snapper Ledge,FR6-276-B,19,OK,1.00,1,14.00,8.50,5.50,0
11/13/2015,French Reef,25.03420,-80.34897,Offshore,Conch Reef 2,FR6-275-Y,20,OK,1.00,1,8.00,8.00,4.00,0
11/13/2015,French Reef,25.03420,-80.34897,Offshore,Conch Reef 1,FR6-275-W,20,OK,1.00,1,12.00,5.00,3.00,0
11/13/2015,French Reef,25.03420,-80.34897,Offshore,Horseshoe Reef,FR6-275-P,20,OK,0.90,1,15.00,5.50,5.00,0
11/13/2015,French Reef,25.03420,-80.34897,Offshore,Conch Reef 2,FR6-276-Y,19,OK,1.00,2,10.50,6.00,4.50,0
11/13/2015,French Reef,25.03420,-80.34897,Offshore,Conch Reef 1,FR6-278-W,21,OK,1.00,0,9.00,9.00,4.00,0
11/13/2015,Pickles Reef,24.98607,-80.41506,Offshore,Conch Reef 2,PI4-103-Y,17,D,0.00,N/A,N/A,N/A,N/A,N/A
11/13/2015,French Reef,25.03438,-80.34888,Offshore,Conch Reef 2,FR4-259-Y,20,OK,1.00,1,10.50,10.00,4.00,0
11/13/2015,French Reef,25.03438,-80.34888,Offshore,Conch Reef 1,FR4-259-W,20,OK,1.00,1,8.00,4.50,4.00,0
11/13/2015,French Reef,25.03438,-80.34888,Offshore,Horseshoe Reef,FR4-259-P,21,OK,1.00,0,12.00,11.50,8.00,0
11/13/2015,Pickles Reef,24.98607,-80.41506,Offshore,Snapper Ledge,PI4-101-B,17,OK,0.05,2,10.00,10.50,6.00,0
11/13/2015,Pickles Reef,24.98607,-80.41506,Offshore,Horseshoe Reef,PI4-101-P,17,OK,1.00,0,12.50,11.50,7.50,0
11/13/2015,Pickles Reef,24.98607,-80.41506,Offshore,Conch Reef 1,PI4-101-W,17,OK,1.00,2,11.00,6.50,8.00,0
11/13/2015,Pickles Reef,24.98607,-80.41506,Offshore,Conch Reef 2,PI4-101-Y,17,OK,0.99,2,12.00,12.50,7.50,0
11/13/2015,Pickles Reef,24.98607,-80.41506,Offshore,Snapper Ledge,PI4-102-B,17,RM,0.99,2,14.00,7.50,8.50,0
11/13/2015,Pickles Reef,24.98607,-80.41506,Offshore,Conch Reef 1,PI4-102-W,17,OK,1.00,2,8.50,7.00,6.00,0
11/13/2015,French Reef,25.03438,-80.34888,Offshore,Snapper Ledge,FR4-260-B,21,OK,0.99,0,10.00,8.00,4.00,0
11/13/2015,Pickles Reef,24.98607,-80.41506,Offshore,Horseshoe Reef,PI4-103-P,17,OK,0.30,1,8.00,5.50,4.50,0
11/13/2015,Pickles Reef,24.98607,-80.41506,Offshore,Conch Reef 1,PI4-103-W,17,RM,0.99,2,12.50,7.00,4.50,0
11/13/2015,Pickles Reef,24.98607,-80.41506,Offshore,Horseshoe Reef,PI4-104-P,17,OK,0.99,0,11.00,5.00,5.50,0
11/13/2015,Pickles Reef,24.98607,-80.41506,Offshore,Conch Reef 1,PI4-104-W,17,OK,0.95,1,11.50,10.50,6.50,1
11/13/2015,Pickles Reef,24.98607,-80.41506,Offshore,Conch Reef 2,PI4-104-Y,17,RM,0.99,2,15.00,13.50,10.00,0
11/13/2015,Pickles Reef,24.98607,-80.41506,Offshore,Snapper Ledge,PI4-105-B,16,OK,0.40,1,9.00,7.50,4.00,0
11/13/2015,Pickles Reef,24.98607,-80.41506,Offshore,Horseshoe Reef,PI4-105-P,17,OK,1.00,1,9.50,6.50,5.00,0
11/13/2015,French Reef,25.03438,-80.34888,Offshore,Conch Reef 2,FR5-266-Y,21,OK,0.99,1,11.00,6.00,5.50,0
11/13/2015,French Reef,25.03420,-80.34897,Offshore,Horseshoe Reef,FR6-277-P,19,OK,0.99,1,13.00,7.00,7.00,0
11/13/2015,Pickles Reef,24.98607,-80.41506,Offshore,Conch Reef 1,PI4-105-W,16,OK,1.00,1,11.00,7.00,8.00,0
11/13/2015,Pickles Reef,24.98607,-80.41506,Offshore,Conch Reef 2,PI4-105-Y,17,OK,1.00,2,14.50,12.00,8.50,0
11/13/2015,Pickles Reef,24.98607,-80.41506,Offshore,Snapper Ledge,PI4-106-B,16,OK,1.00,1,12.00,9.00,6.50,0
11/13/2015,Pickles Reef,24.98607,-80.41506,Offshore,Snapper Ledge,PI4-103-B,17,OK,0.45,1,12.50,6.50,5.50,0
11/13/2015,French Reef,25.03438,-80.34888,Offshore,Horseshoe Reef,FR5-264-P,21,OK,1.00,1,11.00,9.00,3.00,0
11/13/2015,French Reef,25.03438,-80.34888,Offshore,Conch Reef 1,FR5-265-W,21,OK,0.60,1,13.50,5.00,3.50,0
11/13/2015,French Reef,25.03438,-80.34888,Offshore,Conch Reef 2,FR5-265-Y,20,OK,1.00,1,11.50,7.00,4.50,0
11/13/2015,Pickles Reef,24.98607,-80.41506,Offshore,Snapper Ledge,PI4-104-B,17,OK,1.00,1,10.00,9.00,10.00,0
11/13/2015,French Reef,25.03438,-80.34888,Offshore,Snapper Ledge,FR5-266-B,21,OK,1.00,1,10.50,10.50,2.00,0
11/13/2015,French Reef,25.03438,-80.34888,Offshore,Horseshoe Reef,FR4-260-P,21,OK,1.00,0,9.50,9.00,6.50,0
11/13/2015,French Reef,25.03438,-80.34888,Offshore,Horseshoe Reef,FR5-265-P,20,OK,1.00,0,10.00,7.00,5.50,0
11/13/2015,French Reef,25.03438,-80.34888,Offshore,Conch Reef 1,FR5-264-W,21,OK,0.99,1,10.50,8.00,3.50,0
11/13/2015,French Reef,25.03438,-80.34888,Offshore,Conch Reef 1,FR5-266-W,21,OK,1.00,1,8.00,7.00,5.00,0
11/13/2015,French Reef,25.03438,-80.34888,Offshore,Snapper Ledge,FR5-264-B,21,OK,0.99,1,10.00,7.00,2.00,0
11/13/2015,French Reef,25.03438,-80.34888,Offshore,Conch Reef 2,FR5-263-Y,21,OK,1.00,1,10.50,7.00,5.00,0
11/13/2015,French Reef,25.03438,-80.34888,Offshore,Conch Reef 1,FR5-263-W,21,OK,1.00,1,13.50,6.50,3.00,0
11/13/2015,French Reef,25.03438,-80.34888,Offshore,Conch Reef 1,FR5-262-W,21,OK,1.00,2,9.50,7.00,3.00,0
11/13/2015,French Reef,25.03438,-80.34888,Offshore,Conch Reef 2,FR5-261-Y,21,OK,1.00,1,15.00,8.50,5.00,0
11/13/2015,French Reef,25.03438,-80.34888,Offshore,Conch Reef 2,FR5-264-Y,20,OK,1.00,1,15.00,13.00,8.50,0
11/13/2015,French Reef,25.03438,-80.34888,Offshore,Snapper Ledge,FR5-261-B,21,OK,1.00,1,9.00,7.00,3.00,0
11/13/2015,French Reef,25.03438,-80.34888,Offshore,Horseshoe Reef,FR5-263-P,20,OK,0.70,0,11.50,10.00,6.50,0
11/13/2015,French Reef,25.03438,-80.34888,Offshore,Snapper Ledge,FR5-262-B,21,OK,1.00,1,9.00,7.00,4.00,0
11/13/2015,French Reef,25.03438,-80.34888,Offshore,Conch Reef 1,FR5-261-W,21,OK,1.00,1,9.50,6.00,7.00,0
11/13/2015,French Reef,25.03438,-80.34888,Offshore,Conch Reef 2,FR4-260-Y,21,OK,1.00,1,8.50,6.50,3.50,0
11/13/2015,French Reef,25.03438,-80.34888,Offshore,Conch Reef 2,FR5-262-Y,21,OK,1.00,2,9.00,8.50,4.50,0
11/13/2015,French Reef,25.03438,-80.34888,Offshore,Conch Reef 1,FR4-260-W,21,OK,1.00,0,9.00,5.00,3.00,0
11/13/2015,French Reef,25.03438,-80.34888,Offshore,Snapper Ledge,FR5-263-B,21,OK,1.00,1,13.00,7.00,4.00,0
6/9/2016,French Reef,25.03420,-80.34897,Offshore,Conch Reef 2,FR6-279-Y,21,OK,1.00,1,15.00,12.50,11.50,0
6/9/2016,French Reef,25.03420,-80.34897,Offshore,Snapper Ledge,FR6-278-B,21,OK,1.00,1,10.00,9.50,5.00,0
6/9/2016,French Reef,25.03420,-80.34897,Offshore,Conch Reef 1,FR6-278-W,21,OK,1.00,0,11.00,8.50,6.00,0
6/9/2016,French Reef,25.03420,-80.34897,Offshore,Conch Reef 2,FR6-277-Y,19,OK,1.00,1,15.50,9.00,9.50,0
6/9/2016,French Reef,25.03420,-80.34897,Offshore,Conch Reef 1,FR6-277-W,20,OK,1.00,1,9.50,8.50,5.00,0
6/9/2016,French Reef,25.03420,-80.34897,Offshore,Horseshoe Reef,FR6-278-P,21,RM,0.95,0,11.00,8.00,5.50,0
6/9/2016,French Reef,25.03420,-80.34897,Offshore,Snapper Ledge,FR6-279-B,20,OK,1.00,0,13.50,8.00,5.00,0
6/9/2016,French Reef,25.03420,-80.34897,Offshore,Snapper Ledge,FR6-280-B,21,RM,0.99,1,13.00,12.00,4.00,0
6/9/2016,French Reef,25.03420,-80.34897,Offshore,Horseshoe Reef,FR6-280-P,21,OK,1.00,1,12.00,8.00,8.00,0
6/9/2016,French Reef,25.03420,-80.34897,Offshore,Horseshoe Reef,FR6-277-P,19,OK,1.00,1,13.00,10.00,5.50,0
6/9/2016,French Reef,25.03420,-80.34897,Offshore,Conch Reef 1,FR6-274-W,19,OK,1.00,0,10.50,7.50,5.00,0
6/9/2016,Molasses Reef,25.01060,-80.37275,Offshore,Conch Reef 1,ML4-192-W,17,D,0.00,N/A,N/A,N/A,N/A,N/A
6/9/2016,French Reef,25.03420,-80.34897,Offshore,Conch Reef 1,FR6-280-W,21,OK,1.00,1,11.00,10.00,4.00,0
6/9/2016,French Reef,25.03420,-80.34897,Offshore,Conch Reef 2,FR6-280-Y,21,OK,1.00,1,8.00,7.50,7.00,0
6/9/2016,French Reef,25.03420,-80.34897,Offshore,Conch Reef 2,FR6-278-Y,20,OK,1.00,1,17.50,12.00,11.50,0
6/9/2016,French Reef,25.03420,-80.34897,Offshore,Conch Reef 2,FR6-274-Y,19,OK,1.00,0,15.50,14.50,7.00,0
6/9/2016,French Reef,25.03420,-80.34897,Offshore,Conch Reef 2,FR6-271-Y,20,OK,1.00,1,11.50,10.50,8.00,0
6/9/2016,French Reef,25.03420,-80.34897,Offshore,Horseshoe Reef,FR6-272-P,20,OK,1.00,0,11.00,10.00,5.50,0
6/9/2016,Molasses Reef,25.01060,-80.37275,Offshore,Conch Reef 1,ML5-207-W,19,OK,1.00,1,15.00,7.50,12.50,0
6/9/2016,Molasses Reef,25.01060,-80.37275,Offshore,Conch Reef 2,ML4-192-Y,17,D,0.00,N/A,N/A,N/A,N/A,N/A
6/9/2016,French Reef,25.03420,-80.34897,Offshore,Conch Reef 1,FR6-271-W,20,OK,1.00,1,12.50,10.00,5.50,0
6/9/2016,French Reef,25.03420,-80.34897,Offshore,Conch Reef 1,FR6-272-W,20,OK,1.00,1,11.50,9.00,10.00,0
6/9/2016,French Reef,25.03420,-80.34897,Offshore,Horseshoe Reef,FR6-273-P,20,OK,1.00,0,14.00,9.00,6.50,0
6/9/2016,French Reef,25.03420,-80.34897,Offshore,Horseshoe Reef,FR6-275-P,20,D,0.00,N/A,N/A,N/A,N/A,N/A
6/9/2016,French Reef,25.03420,-80.34897,Offshore,Horseshoe Reef,FR6-274-P,19,OK,1.00,0,13.50,11.00,7.00,0
6/9/2016,French Reef,25.03420,-80.34897,Offshore,Snapper Ledge,FR6-277-B,19,OK,1.00,1,13.00,7.50,6.50,0
6/9/2016,French Reef,25.03420,-80.34897,Offshore,Conch Reef 1,FR6-275-W,20,OK,1.00,0,13.00,7.00,3.50,0
6/9/2016,French Reef,25.03420,-80.34897,Offshore,Conch Reef 2,FR6-275-Y,20,OK,1.00,1,11.00,10.00,5.50,0
6/9/2016,French Reef,25.03420,-80.34897,Offshore,Snapper Ledge,FR6-276-B,19,OK,1.00,1,17.50,11.00,6.50,0
6/9/2016,French Reef,25.03420,-80.34897,Offshore,Snapper Ledge,FR6-271-B,20,OK,1.00,1,13.00,8.50,5.00,0
6/9/2016,French Reef,25.03420,-80.34897,Offshore,Horseshoe Reef,FR6-276-P,20,OK,1.00,1,13.00,8.50,6.00,0
6/9/2016,French Reef,25.03420,-80.34897,Offshore,Conch Reef 1,FR6-276-W,20,OK,1.00,1,10.50,8.50,5.50,0
6/9/2016,French Reef,25.03420,-80.34897,Offshore,Conch Reef 2,FR6-276-Y,19,OK,1.00,1,10.00,10.00,7.00,0
6/9/2016,French Reef,25.03420,-80.34897,Offshore,Snapper Ledge,FR6-274-B,19,RM,0.99,0,14.50,9.00,6.00,0
6/9/2016,Molasses Reef,25.01060,-80.37275,Offshore,Conch Reef 1,ML5-212-W,20,OK,1.00,1,14.50,11.00,11.00,0
6/9/2016,Molasses Reef,25.01060,-80.37275,Offshore,Snapper Ledge,ML5-207-B,19,D,0.00,N/A,N/A,N/A,N/A,N/A
6/9/2016,Molasses Reef,25.01060,-80.37275,Offshore,Conch Reef 2,ML5-207-Y,20,OK,0.30,1,12.50,7.50,5.00,0
6/9/2016,Molasses Reef,25.01060,-80.37275,Offshore,Horseshoe Reef,ML5-209-P,19,D,0.00,N/A,N/A,N/A,N/A,N/A
6/9/2016,Molasses Reef,25.01060,-80.37275,Offshore,Conch Reef 1,ML5-209-W,19,RM,0.90,1,15.00,6.50,8.50,0
6/9/2016,Molasses Reef,25.01060,-80.37275,Offshore,Conch Reef 1,ML5-210-W,19,OK,0.95,1,15.00,5.00,4.00,0
6/9/2016,Molasses Reef,25.01060,-80.37275,Offshore,Conch Reef 2,ML5-210-Y,20,OK,0.40,1,12.00,10.50,4.50,0
6/9/2016,Molasses Reef,25.01060,-80.37275,Offshore,Conch Reef 1,ML5-206-W,20,OK,0.05,1,15.00,8.50,4.50,0
6/9/2016,Molasses Reef,25.01060,-80.37275,Offshore,Snapper Ledge,ML5-212-B,19,OK,0.50,1,7.00,6.00,3.50,0
6/9/2016,Molasses Reef,25.01060,-80.37275,Offshore,Horseshoe Reef,ML4-203-P,19,OK,1.00,1,13.00,8.00,4.00,0
6/9/2016,Molasses Reef,25.01060,-80.37275,Offshore,Horseshoe Reef,ML5-215-P,19,OK,1.00,1,12.50,7.50,4.50,0
6/9/2016,Molasses Reef,25.01060,-80.37275,Offshore,Snapper Ledge,ML5-216-B,19,D,0.00,N/A,N/A,N/A,N/A,N/A
6/9/2016,French Reef,25.03438,-80.34888,Offshore,Conch Reef 2,FR5-270-Y,20,OK,1.00,1,12.50,10.00,6.00,0
6/9/2016,French Reef,25.03438,-80.34888,Offshore,Horseshoe Reef,FR4-257-P,21,OK,0.70,0,7.50,5.00,7.00,0
6/9/2016,Molasses Reef,25.01060,-80.37275,Offshore,Conch Reef 1,ML5-216-W,19,RM,0.15,1,14.00,3.50,6.50,2
6/9/2016,Molasses Reef,25.01060,-80.37275,Offshore,Conch Reef 2,ML5-216-Y,19,OK,1.00,0,14.00,9.00,9.00,0
6/9/2016,Molasses Reef,25.01060,-80.37275,Offshore,Conch Reef 2,ML5-211-Y,19,OK,1.00,1,14.00,12.00,11.00,0
6/9/2016,Molasses Reef,25.01060,-80.37275,Offshore,Conch Reef 1,ML4-198-W,17,OK,1.00,0,12.00,9.50,8.00,0
6/9/2016,Molasses Reef,25.01060,-80.37275,Offshore,Conch Reef 2,ML4-193-Y,18,OK,1.00,0,2.00,1.00,1.50,0
6/9/2016,Molasses Reef,25.01060,-80.37275,Offshore,Conch Reef 1,ML4-194-W,17,D,0.00,N/A,N/A,N/A,N/A,N/A
6/9/2016,Molasses Reef,25.01060,-80.37275,Offshore,Conch Reef 2,ML4-194-Y,17,OK,0.05,0,10.50,5.00,5.50,0
6/9/2016,Molasses Reef,25.01060,-80.37275,Offshore,Snapper Ledge,ML4-195-B,17,RM,0.15,1,12.00,9.00,4.50,3
6/9/2016,Molasses Reef,25.01060,-80.37275,Offshore,Conch Reef 1,ML4-195-W,17,OK,1.00,0,13.00,9.50,17.00,0
6/9/2016,Molasses Reef,25.01060,-80.37275,Offshore,Conch Reef 2,ML4-196-Y,17,RM,0.90,1,19.50,8.00,6.50,0
6/9/2016,Molasses Reef,25.01060,-80.37275,Offshore,Conch Reef 1,ML4-205-W,19,OK,1.00,1,12.00,6.00,9.00,0
6/9/2016,Molasses Reef,25.01060,-80.37275,Offshore,Horseshoe Reef,ML4-198-P,17,RM,0.95,1,14.00,8.50,8.00,0
6/9/2016,Molasses Reef,25.01060,-80.37275,Offshore,Conch Reef 1,ML4-203-W,19,OK,0.75,1,16.50,4.00,7.00,0
6/9/2016,Molasses Reef,25.01060,-80.37275,Offshore,Conch Reef 2,ML4-198-Y,17,OK,1.00,0,12.00,10.00,11.00,0
6/9/2016,Molasses Reef,25.01060,-80.37275,Offshore,Snapper Ledge,ML4-200-B,19,OK,1.00,1,12.50,11.50,7.50,0
6/9/2016,Molasses Reef,25.01060,-80.37275,Offshore,Conch Reef 1,ML4-200-W,18,RM,0.85,1,10.50,8.00,8.00,1
6/9/2016,Molasses Reef,25.01060,-80.37275,Offshore,Conch Reef 1,ML4-201-W,19,OK,0.30,1,12.00,6.00,7.50,0
6/9/2016,Molasses Reef,25.01060,-80.37275,Offshore,Conch Reef 2,ML4-201-Y,19,RM,0.60,1,14.00,12.00,7.50,0
6/9/2016,Molasses Reef,25.01060,-80.37275,Offshore,Conch Reef 1,ML4-202-W,19,OK,0.20,0,7.00,6.50,9.00,0
6/9/2016,Molasses Reef,25.01060,-80.37275,Offshore,Horseshoe Reef,ML4-193-P,17,D,0.00,N/A,N/A,N/A,N/A,N/A
6/9/2016,Molasses Reef,25.01060,-80.37275,Offshore,Snapper Ledge,ML4-198-B,17,OK,1.00,0,10.00,8.00,4.50,0
6/9/2016,French Reef,25.03438,-80.34888,Offshore,Conch Reef 1,FR4-258-W,21,OK,1.00,1,11.50,6.50,7.50,0
6/9/2016,French Reef,25.03438,-80.34888,Offshore,Snapper Ledge,FR4-256-B,21,OK,1.00,1,12.50,10.50,4.50,0
6/9/2016,French Reef,25.03438,-80.34888,Offshore,Horseshoe Reef,FR4-256-P,22,OK,1.00,0,14.50,10.00,6.50,0
6/9/2016,French Reef,25.03438,-80.34888,Offshore,Conch Reef 1,FR4-256-W,22,OK,1.00,1,11.00,10.00,7.50,0
6/9/2016,French Reef,25.03438,-80.34888,Offshore,Conch Reef 2,FR4-256-Y,21,OK,1.00,1,14.50,11.00,10.50,0
6/9/2016,French Reef,25.03438,-80.34888,Offshore,Snapper Ledge,FR4-257-B,21,OK,1.00,1,13.00,10.50,6.00,0
6/9/2016,French Reef,25.03438,-80.34888,Offshore,Conch Reef 1,FR4-257-W,21,OK,1.00,0,10.00,8.00,5.50,0
6/9/2016,French Reef,25.03438,-80.34888,Offshore,Horseshoe Reef,FR4-260-P,21,OK,1.00,1,14.50,10.00,9.50,0
6/9/2016,French Reef,25.03438,-80.34888,Offshore,Horseshoe Reef,FR4-258-P,21,OK,1.00,0,15.50,11.50,11.00,0
6/9/2016,French Reef,25.03438,-80.34888,Offshore,Snapper Ledge,FR4-255-B,21,OK,1.00,1,11.50,11.00,5.50,0
6/9/2016,French Reef,25.03438,-80.34888,Offshore,Conch Reef 2,FR4-258-Y,21,OK,1.00,1,11.00,12.00,7.50,0
6/9/2016,French Reef,25.03438,-80.34888,Offshore,Snapper Ledge,FR4-259-B,21,OK,1.00,1,10.00,9.00,4.00,0
6/9/2016,French Reef,25.03438,-80.34888,Offshore,Horseshoe Reef,FR4-259-P,21,OK,1.00,1,16.50,11.50,8.00,0
6/9/2016,French Reef,25.03438,-80.34888,Offshore,Conch Reef 1,FR4-259-W,20,OK,1.00,1,10.00,7.50,5.50,0
6/9/2016,French Reef,25.03438,-80.34888,Offshore,Conch Reef 2,FR4-259-Y,20,OK,1.00,1,15.00,12.00,7.00,0
6/9/2016,French Reef,25.03438,-80.34888,Offshore,Conch Reef 2,FR4-257-Y,21,OK,1.00,0,12.50,11.50,7.00,0
6/9/2016,French Reef,25.03438,-80.34888,Offshore,Snapper Ledge,FR4-258-B,20,OK,1.00,1,14.50,12.50,7.50,0
6/9/2016,French Reef,25.03438,-80.34888,Offshore,Conch Reef 2,FR4-252-Y,22,OK,1.00,1,12.50,8.50,9.50,0
6/9/2016,Molasses Reef,25.01060,-80.37275,Offshore,Snapper Ledge,ML5-219-B,19,D,0.00,N/A,N/A,N/A,N/A,N/A
6/9/2016,Molasses Reef,25.01060,-80.37275,Offshore,Conch Reef 2,ML4-195-Y,17,OK,1.00,1,19.00,18.50,7.50,0
6/9/2016,French Reef,25.03438,-80.34888,Offshore,Snapper Ledge,FR4-251-B,22,OK,1.00,1,17.00,12.00,8.50,0
6/9/2016,French Reef,25.03438,-80.34888,Offshore,Horseshoe Reef,FR4-251-P,22,OK,1.00,1,11.50,9.00,10.50,0
6/9/2016,French Reef,25.03438,-80.34888,Offshore,Conch Reef 1,FR4-251-W,22,OK,1.00,1,11.50,8.00,5.50,0
6/9/2016,French Reef,25.03438,-80.34888,Offshore,Conch Reef 2,FR4-251-Y,22,OK,1.00,1,18.00,13.50,10.00,0
6/9/2016,French Reef,25.03438,-80.34888,Offshore,Conch Reef 1,FR4-255-W,21,OK,1.00,1,11.00,8.50,6.50,0
6/9/2016,French Reef,25.03438,-80.34888,Offshore,Conch Reef 1,FR4-252-W,22,OK,1.00,1,9.00,9.00,5.00,0
6/9/2016,French Reef,25.03438,-80.34888,Offshore,Horseshoe Reef,FR4-255-P,21,OK,1.00,1,11.50,11.50,7.00,0
6/9/2016,French Reef,25.03438,-80.34888,Offshore,Horseshoe Reef,FR4-253-P,22,OK,1.00,1,11.00,8.00,10.00,0
6/9/2016,French Reef,25.03438,-80.34888,Offshore,Conch Reef 1,FR4-253-W,22,OK,1.00,1,13.00,8.00,6.00,0
6/9/2016,French Reef,25.03438,-80.34888,Offshore,Conch Reef 2,FR4-253-Y,22,OK,1.00,1,14.50,9.50,10.50,0
6/9/2016,French Reef,25.03438,-80.34888,Offshore,Horseshoe Reef,FR4-254-P,22,OK,1.00,1,14.00,13.00,9.00,0
6/9/2016,French Reef,25.03438,-80.34888,Offshore,Conch Reef 1,FR4-254-W,22,OK,1.00,0,10.00,9.00,7.00,0
6/9/2016,French Reef,25.03438,-80.34888,Offshore,Conch Reef 2,FR4-254-Y,22,OK,1.00,1,12.00,7.50,7.00,0
6/9/2016,French Reef,25.03438,-80.34888,Offshore,Conch Reef 1,FR4-260-W,21,OK,1.00,1,10.50,8.00,6.50,0
6/9/2016,French Reef,25.03438,-80.34888,Offshore,Snapper Ledge,FR4-252-B,23,OK,1.00,1,20.00,9.50,4.00,0
6/9/2016,French Reef,25.03438,-80.34888,Offshore,Conch Reef 1,FR5-268-W,20,OK,1.00,1,9.50,7.50,7.00,0
6/9/2016,French Reef,25.03438,-80.34888,Offshore,Snapper Ledge,FR5-266-B,21,OK,1.00,1,14.00,14.00,6.00,0
6/9/2016,French Reef,25.03438,-80.34888,Offshore,Conch Reef 1,FR5-266-W,21,OK,1.00,1,8.00,7.50,8.00,0
6/9/2016,French Reef,25.03438,-80.34888,Offshore,Conch Reef 2,FR5-266-Y,21,RM,0.85,1,12.00,6.00,7.50,1
6/9/2016,French Reef,25.03438,-80.34888,Offshore,Horseshoe Reef,FR5-267-P,20,OK,1.00,0,12.50,9.00,6.00,0
6/9/2016,French Reef,25.03438,-80.34888,Offshore,Conch Reef 1,FR5-267-W,21,OK,1.00,1,8.00,7.00,5.00,0
6/9/2016,French Reef,25.03438,-80.34888,Offshore,Conch Reef 2,FR5-267-Y,20,OK,1.00,1,10.00,9.00,11.00,0
6/9/2016,French Reef,25.03438,-80.34888,Offshore,Snapper Ledge,FR4-260-B,21,OK,1.00,1,12.50,9.00,5.00,0
6/9/2016,French Reef,25.03438,-80.34888,Offshore,Horseshoe Reef,FR5-268-P,21,OK,1.00,0,11.00,5.00,8.00,0
6/9/2016,French Reef,25.03438,-80.34888,Offshore,Horseshoe Reef,FR5-265-P,20,OK,1.00,0,11.50,10.00,8.50,0
6/9/2016,French Reef,25.03438,-80.34888,Offshore,Conch Reef 2,FR5-268-Y,20,OK,1.00,1,13.00,13.00,10.50,0
6/9/2016,French Reef,25.03438,-80.34888,Offshore,Horseshoe Reef,FR5-269-P,20,OK,0.99,0,10.50,9.50,8.00,0
6/9/2016,French Reef,25.03438,-80.34888,Offshore,Conch Reef 1,FR5-269-W,20,OK,1.00,1,12.50,8.00,7.50,0
6/9/2016,French Reef,25.03438,-80.34888,Offshore,Conch Reef 2,FR5-269-Y,20,OK,1.00,1,17.00,11.00,9.00,0
6/9/2016,French Reef,25.03438,-80.34888,Offshore,Snapper Ledge,FR5-270-B,20,OK,1.00,1,10.50,9.00,4.00,0
6/9/2016,French Reef,25.03438,-80.34888,Offshore,Horseshoe Reef,FR5-270-P,20,OK,1.00,0,10.50,10.00,7.00,0
6/9/2016,French Reef,25.03438,-80.34888,Offshore,Snapper Ledge,FR5-268-B,20,OK,1.00,1,17.50,11.50,4.00,0
6/9/2016,French Reef,25.03438,-80.34888,Offshore,Horseshoe Reef,FR5-263-P,20,OK,0.95,0,13.00,12.00,9.50,0
6/9/2016,French Reef,25.03438,-80.34888,Offshore,Conch Reef 2,FR4-260-Y,21,OK,1.00,1,11.50,11.00,6.50,0
6/9/2016,French Reef,25.03438,-80.34888,Offshore,Snapper Ledge,FR5-261-B,21,OK,1.00,1,11.00,9.50,4.00,0
6/9/2016,French Reef,25.03438,-80.34888,Offshore,Conch Reef 1,FR5-261-W,21,OK,1.00,1,9.00,8.00,6.50,0
6/9/2016,French Reef,25.03438,-80.34888,Offshore,Conch Reef 2,FR5-261-Y,21,OK,1.00,1,18.00,14.00,8.50,0
6/9/2016,French Reef,25.03438,-80.34888,Offshore,Snapper Ledge,FR5-262-B,21,OK,1.00,1,12.00,7.50,2.50,0
6/9/2016,French Reef,25.03438,-80.34888,Offshore,Conch Reef 1,FR5-262-W,21,OK,1.00,1,10.00,8.00,5.50,0
6/9/2016,French Reef,25.03438,-80.34888,Offshore,Conch Reef 2,FR5-265-Y,20,OK,1.00,1,15.00,12.00,8.00,0
6/9/2016,French Reef,25.03438,-80.34888,Offshore,Snapper Ledge,FR5-263-B,21,OK,1.00,1,16.50,10.00,5.50,0
6/9/2016,French Reef,25.03438,-80.34888,Offshore,Conch Reef 1,FR5-265-W,21,OK,0.95,1,13.50,6.00,4.50,0
6/9/2016,French Reef,25.03438,-80.34888,Offshore,Conch Reef 1,FR5-263-W,21,OK,1.00,0,14.50,8.00,10.00,0
6/9/2016,French Reef,25.03438,-80.34888,Offshore,Conch Reef 2,FR5-263-Y,21,OK,1.00,0,14.50,12.00,9.00,0
6/9/2016,French Reef,25.03438,-80.34888,Offshore,Snapper Ledge,FR5-264-B,21,OK,1.00,1,12.50,10.00,4.00,0
6/9/2016,French Reef,25.03438,-80.34888,Offshore,Horseshoe Reef,FR5-264-P,21,OK,1.00,1,14.00,11.00,6.00,0
6/9/2016,French Reef,25.03438,-80.34888,Offshore,Conch Reef 1,FR5-264-W,21,OK,1.00,1,11.50,9.00,5.50,0
6/9/2016,French Reef,25.03438,-80.34888,Offshore,Conch Reef 2,FR5-264-Y,20,OK,1.00,1,19.00,16.00,7.50,0
6/9/2016,French Reef,25.03438,-80.34888,Offshore,Conch Reef 1,FR5-270-W,20,OK,1.00,1,8.50,8.00,5.50,0
6/9/2016,French Reef,25.03438,-80.34888,Offshore,Conch Reef 2,FR5-262-Y,21,OK,1.00,1,11.50,10.00,6.50,0
6/9/2016,Pickles Reef,24.98575,-80.41558,Offshore,Snapper Ledge,PI5-113-B,15,OK,1.00,1,17.00,14.00,9.50,0
6/9/2016,Pickles Reef,24.98607,-80.41506,Offshore,Snapper Ledge,PI4-101-B,17,OK,0.20,0,7.50,6.50,5.00,0
6/9/2016,Pickles Reef,24.98607,-80.41506,Offshore,Horseshoe Reef,PI4-109-P,16,OK,0.01,1,10.00,3.00,4.00,0
6/9/2016,Pickles Reef,24.98607,-80.41506,Offshore,Conch Reef 1,PI4-109-W,16,OK,0.05,1,11.00,4.00,5.00,0
6/9/2016,Pickles Reef,24.98607,-80.41506,Offshore,Conch Reef 2,PI4-109-Y,16,D,0.00,N/A,N/A,N/A,N/A,N/A
6/9/2016,Pickles Reef,24.98607,-80.41506,Offshore,Horseshoe Reef,PI4-110-P,16,D,0.00,N/A,N/A,N/A,N/A,N/A
6/9/2016,Pickles Reef,24.98607,-80.41506,Offshore,Conch Reef 1,PI4-110-W,16,D,0.00,N/A,N/A,N/A,N/A,N/A
6/9/2016,Pickles Reef,24.98607,-80.41506,Offshore,Conch Reef 2,PI4-110-Y,16,OK,0.01,1,14.00,6.00,6.00,0
6/9/2016,Pickles Reef,24.98575,-80.41558,Offshore,Snapper Ledge,PI5-111-B,16,OK,1.00,1,14.00,13.00,6.50,0
6/9/2016,Pickles Reef,24.98575,-80.41558,Offshore,Horseshoe Reef,PI5-111-P,16,OK,1.00,1,12.00,8.00,5.00,0
6/9/2016,Pickles Reef,24.98575,-80.41558,Offshore,Conch Reef 1,PI5-111-W,16,OK,1.00,1,10.00,10.00,9.00,0
6/9/2016,Pickles Reef,24.98575,-80.41558,Offshore,Conch Reef 2,PI5-111-Y,16,RM,0.90,1,12.50,11.00,11.50,3
6/9/2016,Pickles Reef,24.98607,-80.41506,Offshore,Conch Reef 2,PI4-108-Y,15,RM,0.95,0,13.50,13.00,8.00,0
6/9/2016,Pickles Reef,24.98575,-80.41558,Offshore,Conch Reef 2,PI5-112-Y,15,OK,0.10,1,7.00,6.50,7.00,0
6/9/2016,Pickles Reef,24.98607,-80.41506,Offshore,Conch Reef 1,PI4-108-W,15,OK,1.00,1,9.00,5.00,9.00,0
6/9/2016,Pickles Reef,24.98575,-80.41558,Offshore,Horseshoe Reef,PI5-113-P,16,OK,1.00,0,11.50,11.00,6.50,0
6/9/2016,Pickles Reef,24.98575,-80.41558,Offshore,Conch Reef 1,PI5-113-W,15,OK,1.00,1,10.00,7.50,14.50,0
6/9/2016,Pickles Reef,24.98575,-80.41558,Offshore,Conch Reef 2,PI5-113-Y,16,OK,1.00,1,17.00,13.00,7.00,0
6/9/2016,Pickles Reef,24.98575,-80.41558,Offshore,Horseshoe Reef,PI5-114-P,15,OK,0.10,0,10.00,8.00,5.00,0
6/9/2016,Pickles Reef,24.98575,-80.41558,Offshore,Conch Reef 2,PI5-114-Y,16,OK,0.99,1,12.00,9.00,5.50,0
6/9/2016,Pickles Reef,24.98575,-80.41558,Offshore,Snapper Ledge,PI5-115-B,15,OK,1.00,0,4.50,2.00,2.00,0
6/9/2016,Pickles Reef,24.98575,-80.41558,Offshore,Horseshoe Reef,PI5-115-P,15,OK,0.80,1,12.00,5.00,4.50,0
6/9/2016,Pickles Reef,24.98575,-80.41558,Offshore,Conch Reef 1,PI5-115-W,15,OK,0.10,1,11.00,7.00,10.00,0
6/9/2016,Pickles Reef,24.98575,-80.41558,Offshore,Conch Reef 2,PI5-115-Y,15,OK,0.45,1,16.00,9.00,8.00,0
6/9/2016,Pickles Reef,24.98575,-80.41558,Offshore,Snapper Ledge,PI5-116-B,15,OK,1.00,1,11.00,9.00,4.50,0
6/9/2016,Pickles Reef,24.98575,-80.41558,Offshore,Horseshoe Reef,PI5-116-P,15,OK,1.00,0,15.00,14.00,11.00,0
6/9/2016,Pickles Reef,24.98575,-80.41558,Offshore,Conch Reef 1,PI5-112-W,15,OK,1.00,0,11.00,8.00,13.50,0
6/9/2016,Pickles Reef,24.98607,-80.41506,Offshore,Horseshoe Reef,PI4-105-P,17,OK,1.00,0,10.50,9.00,5.00,0
6/9/2016,Pickles Reef,24.98607,-80.41506,Offshore,Horseshoe Reef,PI4-101-P,17,OK,1.00,1,14.00,14.00,9.00,0
6/9/2016,Pickles Reef,24.98607,-80.41506,Offshore,Conch Reef 1,PI4-101-W,17,OK,1.00,1,10.00,11.00,11.50,0
6/9/2016,Pickles Reef,24.98607,-80.41506,Offshore,Conch Reef 2,PI4-101-Y,17,OK,1.00,1,12.00,9.00,10.00,0
6/9/2016,Pickles Reef,24.98607,-80.41506,Offshore,Snapper Ledge,PI4-102-B,17,OK,1.00,0,12.50,11.50,6.50,0
6/9/2016,Pickles Reef,24.98607,-80.41506,Offshore,Conch Reef 1,PI4-102-W,17,RM,0.95,0,9.50,6.50,7.00,0
6/9/2016,Pickles Reef,24.98607,-80.41506,Offshore,Snapper Ledge,PI4-103-B,17,OK,0.10,0,8.00,7.00,5.00,0
6/9/2016,Pickles Reef,24.98607,-80.41506,Offshore,Horseshoe Reef,PI4-103-P,17,OK,0.70,0,9.00,5.00,6.50,0
6/9/2016,Pickles Reef,24.98607,-80.41506,Offshore,Conch Reef 1,PI4-103-W,17,OK,0.70,0,9.00,6.00,9.00,0
6/9/2016,Pickles Reef,24.98607,-80.41506,Offshore,Snapper Ledge,PI4-104-B,17,D,0.00,N/A,N/A,N/A,N/A,N/A
6/9/2016,Pickles Reef,24.98607,-80.41506,Offshore,Horseshoe Reef,PI4-104-P,17,OK,1.00,0,16.50,9.00,7.00,0
6/9/2016,Pickles Reef,24.98607,-80.41506,Offshore,Conch Reef 1,PI4-104-W,17,OK,0.99,0,12.00,7.50,11.00,0
6/9/2016,Pickles Reef,24.98607,-80.41506,Offshore,Snapper Ledge,PI4-109-B,16,OK,0.01,1,13.00,7.00,5.00,0
6/9/2016,Pickles Reef,24.98607,-80.41506,Offshore,Snapper Ledge,PI4-105-B,16,RM,0.99,0,10.00,7.00,4.50,0
6/9/2016,Pickles Reef,24.98575,-80.41558,Offshore,Snapper Ledge,PI5-117-B,15,OK,1.00,0,14.00,8.50,4.50,0
6/9/2016,Pickles Reef,24.98607,-80.41506,Offshore,Conch Reef 1,PI4-105-W,16,OK,1.00,0,14.00,10.00,9.50,0
6/9/2016,Pickles Reef,24.98607,-80.41506,Offshore,Conch Reef 2,PI4-105-Y,17,OK,1.00,1,15.00,13.50,7.00,0
6/9/2016,Pickles Reef,24.98607,-80.41506,Offshore,Snapper Ledge,PI4-106-B,16,OK,1.00,1,12.00,10.00,6.00,0
6/9/2016,Pickles Reef,24.98607,-80.41506,Offshore,Horseshoe Reef,PI4-106-P,16,OK,1.00,1,10.00,7.00,5.50,0
6/9/2016,Pickles Reef,24.98607,-80.41506,Offshore,Conch Reef 1,PI4-106-W,16,OK,1.00,0,12.00,7.50,10.00,0
6/9/2016,Pickles Reef,24.98607,-80.41506,Offshore,Conch Reef 2,PI4-106-Y,16,OK,1.00,1,16.50,9.00,8.50,0
6/9/2016,Pickles Reef,24.98607,-80.41506,Offshore,Horseshoe Reef,PI4-107-P,16,D,0.00,N/A,N/A,N/A,N/A,N/A
6/9/2016,Pickles Reef,24.98607,-80.41506,Offshore,Conch Reef 1,PI4-107-W,16,OK,1.00,1,11.00,9.00,14.00,0
6/9/2016,Pickles Reef,24.98607,-80.41506,Offshore,Conch Reef 2,PI4-107-Y,16,RM,0.65,1,14.00,14.00,11.50,7
6/9/2016,Pickles Reef,24.98607,-80.41506,Offshore,Snapper Ledge,PI4-108-B,15,OK,1.00,0,15.00,10.00,5.00,0
6/9/2016,Pickles Reef,24.98607,-80.41506,Offshore,Horseshoe Reef,PI4-108-P,15,OK,1.00,1,15.00,13.00,7.00,0
6/9/2016,Pickles Reef,24.98607,-80.41506,Offshore,Conch Reef 2,PI4-104-Y,17,RM,0.90,1,15.50,13.00,6.00,3
6/9/2016,Pickles Reef,24.98573,-80.41569,Offshore,Horseshoe Reef,PI6-128-P,13,OK,1.00,1,13.50,12.50,7.00,0
6/9/2016,Pickles Reef,24.98573,-80.41569,Offshore,Conch Reef 2,PI6-124-Y,14,OK,1.00,1,17.00,14.50,7.00,0
6/9/2016,Pickles Reef,24.98573,-80.41569,Offshore,Snapper Ledge,PI6-125-B,14,D,0.00,N/A,N/A,N/A,N/A,N/A
6/9/2016,Pickles Reef,24.98573,-80.41569,Offshore,Horseshoe Reef,PI6-125-P,14,OK,1.00,1,13.00,10.50,6.50,0
6/9/2016,Pickles Reef,24.98573,-80.41569,Offshore,Conch Reef 1,PI6-125-W,14,OK,1.00,1,14.00,9.50,10.00,0
6/9/2016,Pickles Reef,24.98573,-80.41569,Offshore,Conch Reef 2,PI6-125-Y,14,OK,1.00,1,17.00,13.00,12.50,0
6/9/2016,Pickles Reef,24.98573,-80.41569,Offshore,Snapper Ledge,PI6-126-B,14,OK,1.00,0,12.50,10.00,6.00,0
6/9/2016,Pickles Reef,24.98573,-80.41569,Offshore,Horseshoe Reef,PI6-126-P,14,OK,1.00,0,15.00,13.50,8.00,0
6/9/2016,Pickles Reef,24.98573,-80.41569,Offshore,Conch Reef 1,PI6-126-W,14,RM,0.95,1,12.50,7.50,6.00,1
6/9/2016,Pickles Reef,24.98573,-80.41569,Offshore,Conch Reef 2,PI6-126-Y,14,OK,0.95,1,8.50,6.00,7.50,0
6/9/2016,Pickles Reef,24.98573,-80.41569,Offshore,Snapper Ledge,PI6-127-B,13,OK,0.95,1,7.00,4.00,6.00,0
6/9/2016,Pickles Reef,24.98573,-80.41569,Offshore,Horseshoe Reef,PI6-127-P,14,OK,1.00,0,9.00,8.00,7.50,1
6/9/2016,Pickles Reef,24.98575,-80.41558,Offshore,Conch Reef 1,PI5-116-W,15,OK,1.00,1,11.00,7.50,8.00,0
6/9/2016,Pickles Reef,24.98573,-80.41569,Offshore,Conch Reef 2,PI6-127-Y,14,OK,1.00,0,12.00,10.00,5.50,0
6/9/2016,Pickles Reef,24.98573,-80.41569,Offshore,Snapper Ledge,PI6-124-B,14,D,0.00,N/A,N/A,N/A,N/A,N/A
6/9/2016,Pickles Reef,24.98573,-80.41569,Offshore,Conch Reef 1,PI6-128-W,13,RM,0.95,0,14.00,12.00,15.00,1
6/9/2016,Pickles Reef,24.98573,-80.41569,Offshore,Conch Reef 2,PI6-128-Y,14,RM,0.95,0,11.00,9.50,9.50,0
6/9/2016,Pickles Reef,24.98573,-80.41569,Offshore,Snapper Ledge,PI6-129-B,14,OK,0.20,0,6.50,4.00,2.50,0
6/9/2016,Pickles Reef,24.98573,-80.41569,Offshore,Horseshoe Reef,PI6-129-P,14,RM,0.40,1,10.00,7.00,5.00,1
6/9/2016,Pickles Reef,24.98573,-80.41569,Offshore,Conch Reef 1,PI6-129-W,14,RM,0.85,1,11.50,4.00,3.00,0
6/9/2016,Pickles Reef,24.98573,-80.41569,Offshore,Conch Reef 2,PI6-129-Y,14,OK,1.00,1,10.50,10.50,4.00,0
6/9/2016,Pickles Reef,24.98573,-80.41569,Offshore,Snapper Ledge,PI6-130-B,13,RM,0.85,1,11.00,5.00,3.50,0
6/9/2016,Pickles Reef,24.98573,-80.41569,Offshore,Horseshoe Reef,PI6-130-P,13,OK,0.20,1,8.00,6.50,3.00,0
6/9/2016,Pickles Reef,24.98573,-80.41569,Offshore,Conch Reef 1,PI6-130-W,13,OK,0.05,1,10.00,6.50,3.50,0
6/9/2016,Pickles Reef,24.98573,-80.41569,Offshore,Conch Reef 2,PI6-130-Y,13,OK,0.05,1,9.00,5.00,6.00,0
6/9/2016,Molasses Reef,25.01060,-80.37275,Offshore,Horseshoe Reef,ML4-195-P,17,D,0.00,N/A,N/A,N/A,N/A,N/A
6/9/2016,Pickles Reef,24.98573,-80.41569,Offshore,Conch Reef 1,PI6-127-W,13,OK,1.00,0,11.50,9.00,10.00,0
6/9/2016,Pickles Reef,24.98575,-80.41558,Offshore,Horseshoe Reef,PI5-120-P,14,OK,1.00,0,13.00,12.00,7.50,0
6/9/2016,Pickles Reef,24.98575,-80.41558,Offshore,Snapper Ledge,PI5-114-B,16,D,0.00,N/A,N/A,N/A,N/A,N/A
6/9/2016,Pickles Reef,24.98575,-80.41558,Offshore,Horseshoe Reef,PI5-117-P,15,OK,0.70,1,10.00,8.00,5.50,0
6/9/2016,Pickles Reef,24.98575,-80.41558,Offshore,Conch Reef 1,PI5-117-W,15,OK,1.00,1,11.00,8.50,9.00,0
6/9/2016,Pickles Reef,24.98575,-80.41558,Offshore,Conch Reef 2,PI5-117-Y,15,OK,1.00,0,21.00,14.00,11.00,0
6/9/2016,Pickles Reef,24.98575,-80.41558,Offshore,Snapper Ledge,PI5-118-B,15,OK,0.80,1,9.00,7.00,2.50,0
6/9/2016,Pickles Reef,24.98575,-80.41558,Offshore,Horseshoe Reef,PI5-118-P,15,OK,0.95,1,10.50,9.50,7.00,0
6/9/2016,Pickles Reef,24.98575,-80.41558,Offshore,Conch Reef 1,PI5-118-W,15,OK,1.00,0,14.50,10.50,10.50,0
6/9/2016,Pickles Reef,24.98575,-80.41558,Offshore,Conch Reef 2,PI5-118-Y,15,OK,1.00,1,19.00,16.50,8.00,0
6/9/2016,Pickles Reef,24.98575,-80.41558,Offshore,Snapper Ledge,PI5-119-B,14,OK,1.00,1,13.00,10.50,4.50,0
6/9/2016,Pickles Reef,24.98575,-80.41558,Offshore,Horseshoe Reef,PI5-119-P,15,OK,1.00,0,14.50,10.00,7.00,0
6/9/2016,Pickles Reef,24.98575,-80.41558,Offshore,Conch Reef 1,PI5-119-W,14,OK,1.00,0,13.00,9.50,10.50,0
6/9/2016,Pickles Reef,24.98573,-80.41569,Offshore,Conch Reef 1,PI6-124-W,14,RM,0.95,0,15.00,10.50,8.00,2
6/9/2016,Pickles Reef,24.98575,-80.41558,Offshore,Snapper Ledge,PI5-120-B,14,OK,1.00,1,13.00,12.50,4.50,0
6/9/2016,Pickles Reef,24.98573,-80.41569,Offshore,Horseshoe Reef,PI6-124-P,14,OK,1.00,1,14.00,8.50,8.00,0
6/9/2016,Pickles Reef,24.98575,-80.41558,Offshore,Conch Reef 1,PI5-120-W,14,OK,1.00,0,14.00,8.50,10.00,0
6/9/2016,Pickles Reef,24.98575,-80.41558,Offshore,Conch Reef 2,PI5-120-Y,14,OK,1.00,1,20.50,10.00,11.00,0
6/9/2016,Pickles Reef,24.98573,-80.41569,Offshore,Snapper Ledge,PI6-121-B,15,OK,0.15,1,10.00,5.00,4.00,0
6/9/2016,Pickles Reef,24.98573,-80.41569,Offshore,Conch Reef 1,PI6-121-W,15,OK,1.00,0,12.00,9.50,9.50,0
6/9/2016,Pickles Reef,24.98573,-80.41569,Offshore,Conch Reef 2,PI6-121-Y,15,RM,0.80,1,10.00,6.00,8.00,0
6/9/2016,Pickles Reef,24.98573,-80.41569,Offshore,Horseshoe Reef,PI6-122-P,14,RM,0.95,1,10.00,9.00,3.50,1
6/9/2016,Pickles Reef,24.98573,-80.41569,Offshore,Conch Reef 1,PI6-122-W,14,RM,0.95,0,13.00,9.00,14.00,0
6/9/2016,Pickles Reef,24.98573,-80.41569,Offshore,Conch Reef 2,PI6-122-Y,14,OK,1.00,0,13.00,10.00,12.50,0
6/9/2016,Pickles Reef,24.98573,-80.41569,Offshore,Horseshoe Reef,PI6-123-P,14,RM,0.99,0,14.00,11.50,7.00,0
6/9/2016,Pickles Reef,24.98573,-80.41569,Offshore,Conch Reef 1,PI6-123-W,14,OK,1.00,1,10.00,8.50,7.50,0
6/9/2016,Pickles Reef,24.98573,-80.41569,Offshore,Conch Reef 2,PI6-123-Y,14,RM,0.95,0,11.00,8.00,9.50,2
6/9/2016,Pickles Reef,24.98575,-80.41558,Offshore,Conch Reef 2,PI5-116-Y,15,OK,1.00,0,16.00,12.00,7.00,0
6/9/2016,Pickles Reef,24.98575,-80.41558,Offshore,Conch Reef 2,PI5-119-Y,15,OK,1.00,1,19.00,13.00,10.00,0
6/9/2016,Pickles Reef,24.98575,-80.41558,Offshore,Conch Reef 1,PI5-114-W,15,RM,0.95,0,13.00,7.00,15.00,2
6/10/2016,North Dry Rocks,25.12965,-80.29367,Nearshore,Conch Reef 1,ND2-171-W,16,OK,1.00,0,11.00,10.00,8.00,0
6/10/2016,North Dry Rocks,25.12965,-80.29367,Nearshore,Conch Reef 2,ND2-171-Y,15,RM,0.70,1,13.50,7.50,8.00,1
6/10/2016,North Dry Rocks,25.12965,-80.29367,Nearshore,Snapper Ledge,ND2-172-B,13,OK,1.00,1,15.50,8.00,2.50,0
6/10/2016,North Dry Rocks,25.12965,-80.29367,Nearshore,Horseshoe Reef,ND2-172-P,14,RM,0.99,0,13.00,8.50,8.00,0
6/10/2016,North Dry Rocks,25.12965,-80.29367,Nearshore,Conch Reef 1,ND2-172-W,14,OK,1.00,0,16.00,10.50,12.00,0
6/10/2016,North Dry Rocks,25.12965,-80.29367,Nearshore,Conch Reef 2,ND2-172-Y,14,RM,0.99,0,14.00,11.00,12.00,0
6/10/2016,North Dry Rocks,25.12965,-80.29367,Nearshore,Horseshoe Reef,ND2-173-P,13,OK,1.00,0,15.50,13.00,10.50,0
6/10/2016,North Dry Rocks,25.12965,-80.29367,Nearshore,Conch Reef 1,ND2-173-W,13,OK,1.00,0,13.00,10.00,15.00,0
6/10/2016,Horseshoe,25.14023,-80.29410,Nearshore,Conch Reef 1,HS1-239-W,10,OK,0.70,1,9.50,5.00,3.00,0
6/10/2016,North Dry Rocks,25.12965,-80.29367,Nearshore,Horseshoe Reef,ND2-174-P,14,OK,1.00,0,14.00,10.50,5.00,0
6/10/2016,North Dry Rocks,25.12983,-80.29369,Nearshore,Conch Reef 2,ND1-162-Y,14,RM,0.95,0,17.00,8.00,8.00,2
6/10/2016,AAA,25.16864,-80.26669,Nearshore,Conch Reef 2,AA3-159-Y,11,OK,1.00,1,11.50,9.00,7.00,0
6/10/2016,North Dry Rocks,25.12983,-80.29369,Nearshore,Conch Reef 2,ND1-170-Y,12,OK,1.00,0,8.00,7.00,12.00,0
6/10/2016,AAA,25.16864,-80.26669,Nearshore,Conch Reef 1,AA3-159-W,11,OK,1.00,1,13.00,6.00,3.50,0
6/10/2016,AAA,25.16864,-80.26669,Nearshore,Conch Reef 2,AA3-158-Y,11,OK,1.00,1,12.00,11.50,9.00,0
6/10/2016,AAA,25.16864,-80.26669,Nearshore,Conch Reef 1,AA3-158-W,11,OK,0.05,1,9.50,5.00,5.00,0
6/10/2016,AAA,25.16864,-80.26669,Nearshore,Conch Reef 2,AA3-157-Y,12,OK,1.00,0,14.00,10.50,6.50,0
6/10/2016,AAA,25.16864,-80.26669,Nearshore,Conch Reef 1,AA3-157-W,13,RM,0.95,0,11.50,8.50,12.00,2
6/10/2016,AAA,25.16864,-80.26669,Nearshore,Horseshoe Reef,AA3-157-P,13,OK,1.00,1,11.00,7.50,5.00,0
6/10/2016,AAA,25.16864,-80.26669,Nearshore,Conch Reef 2,AA3-156-Y,13,RM,0.90,1,12.50,8.50,8.50,2
6/10/2016,AAA,25.16864,-80.26669,Nearshore,Conch Reef 1,AA3-156-W,12,OK,1.00,1,12.00,9.00,6.00,0
6/10/2016,AAA,25.16864,-80.26669,Nearshore,Conch Reef 2,AA3-155-Y,14,OK,1.00,1,11.50,10.00,7.50,0
6/10/2016,AAA,25.16864,-80.26669,Nearshore,Conch Reef 1,AA3-155-W,13,OK,1.00,1,12.00,7.00,8.00,0
6/10/2016,AAA,25.16864,-80.26669,Nearshore,Conch Reef 1,AA3-160-W,11,OK,1.00,1,14.50,9.00,7.50,0
6/10/2016,North Dry Rocks,25.12983,-80.29369,Nearshore,Conch Reef 1,ND1-166-W,13,OK,1.00,0,9.00,7.50,14.00,0
6/10/2016,North Dry Rocks,25.12983,-80.29369,Nearshore,Snapper Ledge,ND1-163-B,13,OK,1.00,0,15.00,11.00,6.00,0
6/10/2016,North Dry Rocks,25.12983,-80.29369,Nearshore,Horseshoe Reef,ND1-163-P,13,OK,1.00,0,18.00,17.00,9.00,0
6/10/2016,North Dry Rocks,25.12983,-80.29369,Nearshore,Conch Reef 1,ND1-163-W,13,RM,0.90,0,11.00,7.00,6.00,3
6/10/2016,North Dry Rocks,25.12983,-80.29369,Nearshore,Conch Reef 2,ND1-163-Y,13,OK,1.00,0,15.50,14.00,8.00,0
6/10/2016,North Dry Rocks,25.12983,-80.29369,Nearshore,Snapper Ledge,ND1-164-B,13,OK,1.00,0,13.00,7.50,5.00,0
6/10/2016,North Dry Rocks,25.12983,-80.29369,Nearshore,Conch Reef 1,ND1-164-W,13,OK,1.00,0,12.00,11.50,12.00,0
6/10/2016,North Dry Rocks,25.12983,-80.29369,Nearshore,Conch Reef 2,ND1-164-Y,13,OK,1.00,0,18.00,13.00,10.00,0
6/10/2016,North Dry Rocks,25.12983,-80.29369,Nearshore,Snapper Ledge,ND1-165-B,13,OK,1.00,0,13.50,9.50,5.50,0
6/10/2016,North Dry Rocks,25.12983,-80.29369,Nearshore,Horseshoe Reef,ND1-165-P,13,OK,1.00,0,12.00,9.50,9.00,0
6/10/2016,North Dry Rocks,25.12983,-80.29369,Nearshore,Conch Reef 1,ND1-165-W,13,OK,1.00,0,11.00,5.00,4.00,0
6/10/2016,North Dry Rocks,25.12965,-80.29367,Nearshore,Horseshoe Reef,ND2-171-P,15,OK,1.00,0,16.00,11.00,9.00,0
6/10/2016,North Dry Rocks,25.12983,-80.29369,Nearshore,Horseshoe Reef,ND1-166-P,13,OK,1.00,0,14.00,11.50,6.50,0
6/10/2016,North Dry Rocks,25.12965,-80.29367,Nearshore,Snapper Ledge,ND2-171-B,15,D,0.00,N/A,N/A,N/A,N/A,N/A
6/10/2016,North Dry Rocks,25.12983,-80.29369,Nearshore,Conch Reef 2,ND1-166-Y,12,OK,1.00,0,16.00,9.00,12.00,0
6/10/2016,North Dry Rocks,25.12983,-80.29369,Nearshore,Horseshoe Reef,ND1-167-P,13,OK,1.00,0,14.00,8.00,9.50,0
6/10/2016,North Dry Rocks,25.12983,-80.29369,Nearshore,Conch Reef 1,ND1-167-W,13,OK,0.60,0,13.50,9.50,5.50,0
6/10/2016,North Dry Rocks,25.12983,-80.29369,Nearshore,Conch Reef 2,ND1-167-Y,13,OK,0.40,0,9.00,8.00,5.00,0
6/10/2016,North Dry Rocks,25.12983,-80.29369,Nearshore,Conch Reef 1,ND1-168-W,12,OK,1.00,0,10.00,7.00,14.00,0
6/10/2016,North Dry Rocks,25.12983,-80.29369,Nearshore,Conch Reef 2,ND1-168-Y,12,OK,1.00,0,17.00,8.00,11.00,0
6/10/2016,North Dry Rocks,25.12983,-80.29369,Nearshore,Horseshoe Reef,ND1-169-P,14,OK,1.00,0,14.50,9.50,16.00,0
6/10/2016,North Dry Rocks,25.12983,-80.29369,Nearshore,Conch Reef 2,ND1-169-Y,13,OK,1.00,0,16.00,8.00,9.50,0
6/10/2016,North Dry Rocks,25.12983,-80.29369,Nearshore,Horseshoe Reef,ND1-170-P,13,OK,1.00,0,10.50,6.50,10.00,0
6/10/2016,North Dry Rocks,25.12983,-80.29369,Nearshore,Conch Reef 1,ND1-170-W,13,OK,1.00,0,14.00,13.00,15.00,0
6/10/2016,AAA,25.16864,-80.26669,Nearshore,Conch Reef 2,AA3-153-Y,14,RM,0.99,1,14.00,10.50,5.50,1
6/10/2016,North Dry Rocks,25.12983,-80.29369,Nearshore,Conch Reef 2,ND1-165-Y,13,OK,1.00,0,14.00,9.50,11.50,0
6/10/2016,AAA,25.16850,-80.26681,Nearshore,Conch Reef 1,AA1-131-W,15,OK,1.00,0,10.00,8.00,13.50,0
6/10/2016,AAA,25.16864,-80.26669,Nearshore,Horseshoe Reef,AA3-155-P,13,OK,0.45,0,9.00,4.50,5.00,0
6/10/2016,AAA,25.16850,-80.26681,Nearshore,Conch Reef 1,AA1-136-W,14,OK,0.90,1,12.00,6.00,5.00,0
6/10/2016,AAA,25.16850,-80.26681,Nearshore,Horseshoe Reef,AA1-136-P,14,OK,0.40,1,13.50,8.00,4.00,0
6/10/2016,AAA,25.16850,-80.26681,Nearshore,Conch Reef 2,AA1-135-Y,14,OK,1.00,1,11.50,8.00,6.50,0
6/10/2016,AAA,25.16850,-80.26681,Nearshore,Conch Reef 2,AA1-134-Y,14,OK,1.00,0,11.00,9.00,7.50,0
6/10/2016,AAA,25.16850,-80.26681,Nearshore,Conch Reef 1,AA1-134-W,14,OK,1.00,0,12.00,8.00,5.00,0
6/10/2016,AAA,25.16850,-80.26681,Nearshore,Horseshoe Reef,AA1-134-P,14,OK,1.00,0,10.00,9.00,3.00,0
6/10/2016,AAA,25.16850,-80.26681,Nearshore,Conch Reef 2,AA1-133-Y,14,OK,1.00,0,13.00,7.00,5.00,0
6/10/2016,AAA,25.16850,-80.26681,Nearshore,Conch Reef 1,AA1-133-W,14,OK,0.20,1,7.50,5.50,1.50,0
6/10/2016,AAA,25.16850,-80.26681,Nearshore,Conch Reef 2,AA1-132-Y,14,OK,1.00,0,10.50,9.50,7.50,0
6/10/2016,AAA,25.16850,-80.26681,Nearshore,Conch Reef 1,AA1-137-W,14,OK,1.00,1,8.50,6.50,5.50,0
6/10/2016,AAA,25.16850,-80.26681,Nearshore,Conch Reef 2,AA1-131-Y,15,D,0.00,N/A,N/A,N/A,N/A,N/A
6/10/2016,AAA,25.16850,-80.26681,Nearshore,Conch Reef 2,AA1-137-Y,14,OK,1.00,1,9.50,8.00,6.50,0
6/10/2016,AAA,25.16850,-80.26681,Nearshore,Horseshoe Reef,AA1-131-P,15,RM,0.80,1,11.00,7.00,4.00,4
6/10/2016,North Dry Rocks,25.12965,-80.29367,Nearshore,Conch Reef 1,ND2-174-W,14,OK,1.00,0,14.00,10.00,12.00,0
6/10/2016,North Dry Rocks,25.12965,-80.29367,Nearshore,Conch Reef 2,ND2-174-Y,13,OK,1.00,1,13.00,11.00,12.50,0
6/10/2016,North Dry Rocks,25.12965,-80.29367,Nearshore,Horseshoe Reef,ND2-175-P,13,OK,1.00,0,12.00,8.00,6.00,0
6/10/2016,North Dry Rocks,25.12965,-80.29367,Nearshore,Conch Reef 1,ND2-175-W,13,OK,0.80,0,10.50,8.50,6.50,0
6/10/2016,North Dry Rocks,25.12965,-80.29367,Nearshore,Horseshoe Reef,ND2-176-P,12,OK,1.00,0,12.00,11.00,5.00,0
6/10/2016,North Dry Rocks,25.12965,-80.29367,Nearshore,Conch Reef 1,ND2-176-W,13,OK,1.00,0,11.00,6.00,8.50,0
6/10/2016,North Dry Rocks,25.12965,-80.29367,Nearshore,Conch Reef 2,ND2-176-Y,13,OK,1.00,0,15.00,10.00,15.00,0
6/10/2016,North Dry Rocks,25.12965,-80.29367,Nearshore,Horseshoe Reef,ND2-177-P,13,OK,1.00,0,12.00,11.00,11.00,0
6/10/2016,North Dry Rocks,25.12965,-80.29367,Nearshore,Conch Reef 2,ND2-177-Y,13,OK,1.00,1,14.50,12.00,16.00,0
6/10/2016,North Dry Rocks,25.12965,-80.29367,Nearshore,Conch Reef 1,ND2-177-W,13,OK,1.00,0,12.00,11.00,14.50,0
6/10/2016,AAA,25.16850,-80.26681,Nearshore,Conch Reef 1,AA1-132-W,14,RM,0.99,0,11.50,7.50,7.00,0
6/10/2016,AAA,25.16860,-80.26677,Nearshore,Conch Reef 2,AA2-144-Y,13,OK,1.00,1,19.00,6.50,4.00,0
6/10/2016,North Dry Rocks,25.12965,-80.29367,Nearshore,Conch Reef 2,ND2-173-Y,13,OK,1.00,1,14.50,10.00,6.50,0
6/10/2016,AAA,25.16864,-80.26669,Nearshore,Horseshoe Reef,AA3-153-P,14,OK,0.90,0,12.00,8.50,4.00,0
6/10/2016,AAA,25.16864,-80.26669,Nearshore,Conch Reef 2,AA3-152-Y,14,OK,0.70,1,12.00,7.50,3.50,0
6/10/2016,AAA,25.16864,-80.26669,Nearshore,Conch Reef 2,AA3-151-Y,15,OK,1.00,0,10.00,9.50,8.00,0
6/10/2016,AAA,25.16864,-80.26669,Nearshore,Conch Reef 1,AA3-151-W,15,OK,0.90,0,13.50,8.00,8.00,0
6/10/2016,AAA,25.16864,-80.26669,Nearshore,Horseshoe Reef,AA3-151-P,15,OK,0.05,N/A,12.00,5.50,2.50,N/A
6/10/2016,AAA,25.16860,-80.26677,Nearshore,Conch Reef 2,AA2-150-Y,11,OK,1.00,1,12.00,11.50,4.00,0
6/10/2016,AAA,25.16860,-80.26677,Nearshore,Conch Reef 2,AA2-148-Y,11,RM,0.90,1,8.50,8.50,5.00,1
6/10/2016,AAA,25.16860,-80.26677,Nearshore,Conch Reef 2,AA2-147-Y,12,OK,1.00,1,13.00,9.50,3.00,0
6/10/2016,AAA,25.16860,-80.26677,Nearshore,Conch Reef 2,AA2-146-Y,12,OK,1.00,1,13.00,10.00,6.00,0
6/10/2016,AAA,25.16850,-80.26681,Nearshore,Conch Reef 2,AA1-136-Y,14,OK,1.00,1,10.50,8.00,7.00,0
6/10/2016,AAA,25.16860,-80.26677,Nearshore,Horseshoe Reef,AA2-146-P,12,OK,0.25,0,13.00,6.50,4.50,0
6/10/2016,AAA,25.16864,-80.26669,Nearshore,Conch Reef 2,AA3-154-Y,13,OK,0.85,1,11.00,10.00,6.00,0
6/10/2016,AAA,25.16860,-80.26677,Nearshore,Conch Reef 1,AA2-144-W,13,D,0.00,N/A,N/A,N/A,N/A,N/A
6/10/2016,AAA,25.16860,-80.26677,Nearshore,Conch Reef 2,AA2-143-Y,13,OK,1.00,0,9.50,8.00,4.50,0
6/10/2016,AAA,25.16860,-80.26677,Nearshore,Conch Reef 1,AA2-143-W,14,OK,1.00,0,8.50,6.50,3.00,0
6/10/2016,AAA,25.16860,-80.26677,Nearshore,Conch Reef 2,AA2-142-Y,13,RM,0.95,0,8.50,4.00,6.00,1
6/10/2016,AAA,25.16860,-80.26677,Nearshore,Conch Reef 1,AA2-142-W,13,D,0.00,N/A,N/A,N/A,N/A,N/A
6/10/2016,AAA,25.16860,-80.26677,Nearshore,Conch Reef 2,AA2-141-Y,14,OK,0.75,1,11.00,5.50,4.00,0
6/10/2016,AAA,25.16860,-80.26677,Nearshore,Conch Reef 1,AA2-141-W,14,OK,1.00,0,9.00,8.00,9.00,0
6/10/2016,AAA,25.16850,-80.26681,Nearshore,Conch Reef 1,AA1-140-W,13,OK,0.15,1,13.00,3.50,3.00,0
6/10/2016,AAA,25.16850,-80.26681,Nearshore,Conch Reef 2,AA1-139-Y,13,OK,0.30,1,9.00,6.00,8.00,0
6/10/2016,AAA,25.16850,-80.26681,Nearshore,Conch Reef 2,AA1-138-Y,14,OK,1.00,1,11.00,9.00,6.00,0
6/10/2016,AAA,25.16850,-80.26681,Nearshore,Conch Reef 1,AA1-138-W,13,OK,0.55,1,10.00,6.00,4.00,0
6/10/2016,AAA,25.16860,-80.26677,Nearshore,Conch Reef 1,AA2-146-W,12,D,0.00,N/A,N/A,N/A,N/A,N/A
6/10/2016,Horseshoe,25.14023,-80.29410,Nearshore,Conch Reef 2,HS1-239-Y,10,RM,0.20,1,9.50,6.00,5.50,0
6/10/2016,Horseshoe,25.14023,-80.29410,Nearshore,Conch Reef 1,HS1-227-W,11,OK,1.00,0,9.00,11.00,4.00,0
6/10/2016,Horseshoe,25.14023,-80.29410,Nearshore,Conch Reef 1,HS1-226-W,12,OK,1.00,0,10.00,6.00,5.50,0
6/10/2016,Horseshoe,25.14023,-80.29410,Nearshore,Conch Reef 2,HS1-225-Y,11,OK,1.00,0,10.50,8.50,6.50,0
6/10/2016,Horseshoe,25.14023,-80.29410,Nearshore,Conch Reef 2,HS1-224-Y,12,OK,1.00,0,12.50,8.50,9.50,0
6/10/2016,Horseshoe,25.14023,-80.29410,Nearshore,Conch Reef 1,HS1-224-W,13,D,0.00,N/A,N/A,N/A,N/A,N/A
6/10/2016,Horseshoe,25.14023,-80.29410,Nearshore,Conch Reef 2,HS1-223-Y,13,OK,1.00,0,10.00,8.50,9.00,0
6/10/2016,Horseshoe,25.14023,-80.29410,Nearshore,Conch Reef 1,HS1-223-W,13,OK,1.00,0,9.00,7.50,6.50,0
6/10/2016,Horseshoe,25.14023,-80.29410,Nearshore,Conch Reef 2,HS1-222-Y,14,RM,0.95,0,10.00,8.00,7.50,3
6/10/2016,Horseshoe,25.14023,-80.29410,Nearshore,Conch Reef 1,HS1-222-W,14,OK,0.10,1,8.00,7.00,3.50,0
6/10/2016,Horseshoe,25.14023,-80.29410,Nearshore,Horseshoe Reef,HS1-222-P,15,OK,0.05,1,7.50,7.00,4.50,0
6/10/2016,Horseshoe,25.14023,-80.29410,Nearshore,Conch Reef 2,HS2-246-Y,12,OK,1.00,1,13.00,8.00,7.00,0
6/10/2016,Horseshoe,25.14023,-80.29410,Nearshore,Conch Reef 1,HS1-221-W,13,OK,1.00,0,11.00,7.00,5.00,0
6/10/2016,Horseshoe,25.14023,-80.29410,Nearshore,Conch Reef 2,HS1-228-Y,10,OK,1.00,0,9.00,7.00,4.50,0
6/10/2016,Horseshoe,25.14023,-80.29410,Nearshore,Horseshoe Reef,HS2-242-P,10,OK,1.00,0,9.00,9.50,7.00,0
6/10/2016,Horseshoe,25.14023,-80.29410,Nearshore,Conch Reef 1,HS2-242-W,11,OK,1.00,0,10.00,7.00,3.50,0
6/10/2016,Horseshoe,25.14023,-80.29410,Nearshore,Conch Reef 2,HS2-242-Y,10,OK,1.00,0,10.50,9.00,6.50,0
6/10/2016,Horseshoe,25.14023,-80.29410,Nearshore,Conch Reef 1,HS2-243-W,11,OK,1.00,0,9.00,7.00,4.50,0
6/10/2016,Horseshoe,25.14023,-80.29410,Nearshore,Conch Reef 2,HS2-243-Y,11,OK,1.00,0,11.00,8.00,5.00,0
6/10/2016,Horseshoe,25.14023,-80.29410,Nearshore,Conch Reef 1,HS2-244-W,10,OK,1.00,0,9.00,8.00,2.50,0
6/10/2016,Horseshoe,25.14023,-80.29410,Nearshore,Conch Reef 2,HS2-244-Y,11,OK,1.00,0,10.50,10.00,5.50,0
6/10/2016,Horseshoe,25.14023,-80.29410,Nearshore,Conch Reef 1,HS2-245-W,11,OK,1.00,0,8.50,6.50,5.50,0
6/10/2016,Horseshoe,25.14023,-80.29410,Nearshore,Conch Reef 2,HS2-245-Y,10,OK,1.00,0,9.00,4.50,7.50,0
6/10/2016,Horseshoe,25.14023,-80.29410,Nearshore,Conch Reef 1,HS2-246-W,12,OK,1.00,0,9.00,7.50,6.00,0
6/10/2016,Horseshoe,25.14023,-80.29410,Nearshore,Conch Reef 2,HS1-221-Y,13,OK,1.00,0,10.00,6.50,10.00,0
6/10/2016,AAA,25.16864,-80.26669,Nearshore,Conch Reef 2,AA3-160-Y,11,OK,1.00,1,12.00,11.00,7.50,0
6/10/2016,Horseshoe,25.14023,-80.29410,Nearshore,Horseshoe Reef,HS1-239-P,11,RM,0.70,0,6.50,5.00,6.00,0
6/10/2016,Horseshoe,25.14023,-80.29410,Nearshore,Conch Reef 2,HS1-237-Y,10,OK,1.00,1,9.00,8.50,4.50,0
6/10/2016,Horseshoe,25.14023,-80.29410,Nearshore,Conch Reef 1,HS1-237-W,10,OK,1.00,0,7.00,6.00,5.50,0
6/10/2016,Horseshoe,25.14023,-80.29410,Nearshore,Horseshoe Reef,HS1-237-P,9,OK,0.30,0,7.00,6.00,4.00,0
6/10/2016,Horseshoe,25.14023,-80.29410,Nearshore,Conch Reef 2,HS1-236-Y,10,OK,1.00,0,12.50,9.00,9.00,0
6/10/2016,Horseshoe,25.14023,-80.29410,Nearshore,Conch Reef 1,HS1-236-W,10,OK,1.00,0,10.00,9.50,8.50,0
6/10/2016,Horseshoe,25.14023,-80.29410,Nearshore,Conch Reef 2,HS1-235-Y,11,OK,1.00,0,10.00,9.00,7.50,0
6/10/2016,Horseshoe,25.14023,-80.29410,Nearshore,Conch Reef 1,HS1-235-W,10,OK,1.00,1,11.00,8.00,3.00,0
6/10/2016,Horseshoe,25.14023,-80.29410,Nearshore,Horseshoe Reef,HS1-235-P,10,OK,1.00,0,10.50,9.00,5.00,0
6/10/2016,Horseshoe,25.14023,-80.29410,Nearshore,Conch Reef 2,HS1-234-Y,11,OK,1.00,0,9.50,8.00,6.50,0
6/10/2016,Horseshoe,25.14023,-80.29410,Nearshore,Horseshoe Reef,HS1-228-P,11,OK,0.60,0,7.00,4.50,3.50,0
6/10/2016,Horseshoe,25.14023,-80.29410,Nearshore,Horseshoe Reef,HS1-234-P,11,OK,1.00,0,10.50,9.00,4.00,0
6/10/2016,Horseshoe,25.14023,-80.29410,Nearshore,Conch Reef 1,HS1-228-W,10,OK,1.00,0,9.00,7.50,5.50,0
6/10/2016,Horseshoe,25.14023,-80.29410,Nearshore,Conch Reef 1,HS1-233-W,12,OK,1.00,0,9.00,8.00,5.50,0
6/10/2016,North Dry Rocks,25.12983,-80.29369,Nearshore,Conch Reef 1,ND1-162-W,15,OK,1.00,0,13.50,10.50,15.50,0
6/10/2016,Horseshoe,25.14023,-80.29410,Nearshore,Conch Reef 1,HS1-232-W,13,OK,1.00,0,14.00,8.50,6.50,0
6/10/2016,Horseshoe,25.14023,-80.29410,Nearshore,Conch Reef 2,HS1-231-Y,12,OK,1.00,0,12.50,11.00,7.00,0
6/10/2016,Horseshoe,25.14023,-80.29410,Nearshore,Conch Reef 1,HS1-231-W,13,OK,1.00,0,8.00,6.00,7.50,0
6/10/2016,Horseshoe,25.14023,-80.29410,Nearshore,Conch Reef 2,HS1-230-Y,12,OK,1.00,0,9.50,9.00,7.50,0
6/10/2016,Horseshoe,25.14023,-80.29410,Nearshore,Conch Reef 1,HS1-230-W,12,OK,1.00,0,9.50,8.00,6.50,0
6/10/2016,Horseshoe,25.14023,-80.29410,Nearshore,Conch Reef 2,HS1-229-Y,11,OK,1.00,1,10.50,9.50,6.50,0
6/10/2016,Horseshoe,25.14023,-80.29410,Nearshore,Conch Reef 1,HS1-229-W,11,OK,1.00,0,11.00,6.50,8.00,0
6/10/2016,Horseshoe,25.14023,-80.29410,Nearshore,Horseshoe Reef,HS1-229-P,10,OK,1.00,0,10.00,7.00,6.00,0
6/10/2016,Horseshoe,25.14023,-80.29410,Nearshore,Conch Reef 2,HS1-232-Y,13,OK,1.00,0,12.50,9.00,9.00,0
6/10/2016,Horseshoe,25.14023,-80.29410,Nearshore,Conch Reef 1,HS1-234-W,11,OK,1.00,0,10.00,9.00,4.00,0
6/10/2016,North Dry Rocks,25.12965,-80.29367,Nearshore,Conch Reef 2,ND2-179-Y,13,OK,1.00,0,16.00,13.00,15.00,0
6/10/2016,North Dry Rocks,25.13002,-80.29386,Nearshore,Horseshoe Reef,ND3-184-P,12,OK,1.00,0,12.00,18.00,9.50,0
6/10/2016,North Dry Rocks,25.13002,-80.29386,Nearshore,Conch Reef 2,ND3-183-Y,11,OK,1.00,0,15.00,13.00,9.00,0
6/10/2016,North Dry Rocks,25.13002,-80.29386,Nearshore,Conch Reef 1,ND3-183-W,11,OK,1.00,0,9.00,9.00,6.00,0
6/10/2016,North Dry Rocks,25.13002,-80.29386,Nearshore,Horseshoe Reef,ND3-183-P,12,OK,1.00,0,13.00,9.00,8.50,0
6/10/2016,North Dry Rocks,25.13002,-80.29386,Nearshore,Conch Reef 2,ND3-182-Y,12,OK,1.00,1,17.00,13.00,11.00,0
6/10/2016,North Dry Rocks,25.13002,-80.29386,Nearshore,Conch Reef 1,ND3-182-W,12,RM,0.99,0,14.00,10.50,6.00,0
6/10/2016,North Dry Rocks,25.13002,-80.29386,Nearshore,Conch Reef 2,ND3-181-Y,13,OK,1.00,0,13.00,7.00,8.00,0
6/10/2016,North Dry Rocks,25.13002,-80.29386,Nearshore,Conch Reef 1,ND3-181-W,13,RM,0.99,0,13.50,9.00,10.00,0
6/10/2016,North Dry Rocks,25.13002,-80.29386,Nearshore,Horseshoe Reef,ND3-181-P,12,OK,1.00,0,12.00,9.50,9.00,0
6/10/2016,North Dry Rocks,25.13002,-80.29386,Nearshore,Snapper Ledge,ND3-181-B,12,OK,1.00,0,2.00,1.00,0.50,0
6/10/2016,North Dry Rocks,25.13002,-80.29386,Nearshore,Conch Reef 1,ND3-184-W,12,OK,1.00,0,16.50,7.50,13.00,0
6/10/2016,North Dry Rocks,25.12965,-80.29367,Nearshore,Horseshoe Reef,ND2-180-P,13,OK,1.00,0,9.00,7.00,8.00,0
6/10/2016,North Dry Rocks,25.12965,-80.29367,Nearshore,Horseshoe Reef,ND2-179-P,13,OK,1.00,0,17.00,11.00,11.00,0
6/10/2016,North Dry Rocks,25.12965,-80.29367,Nearshore,Conch Reef 1,ND2-179-W,13,OK,1.00,0,10.00,9.00,11.00,0
6/10/2016,North Dry Rocks,25.12965,-80.29367,Nearshore,Conch Reef 2,ND2-178-Y,13,OK,1.00,0,13.00,11.00,11.00,0
6/10/2016,North Dry Rocks,25.12965,-80.29367,Nearshore,Horseshoe Reef,ND2-178-P,13,OK,1.00,0,11.00,7.50,8.00,0
6/10/2016,North Dry Rocks,25.12965,-80.29367,Nearshore,Snapper Ledge,ND2-178-B,13,OK,0.90,0,11.00,7.00,3.50,0
6/10/2016,North Dry Rocks,25.12983,-80.29369,Nearshore,Horseshoe Reef,ND1-161-P,15,OK,1.00,0,14.50,13.00,8.00,0
6/10/2016,North Dry Rocks,25.12983,-80.29369,Nearshore,Conch Reef 1,ND1-161-W,15,OK,1.00,0,10.00,9.50,9.00,0
6/10/2016,Horseshoe,25.14023,-80.29410,Nearshore,Conch Reef 1,HS2-247-W,11,OK,1.00,0,8.00,8.00,8.50,0
6/10/2016,Horseshoe,25.14023,-80.29410,Nearshore,Conch Reef 2,HS1-233-Y,11,OK,1.00,1,10.50,8.50,9.50,0
6/10/2016,North Dry Rocks,25.12983,-80.29369,Nearshore,Horseshoe Reef,ND1-162-P,14,OK,1.00,0,16.00,7.50,9.00,0
6/10/2016,North Dry Rocks,25.12983,-80.29369,Nearshore,Conch Reef 2,ND1-161-Y,15,OK,1.00,0,15.00,9.50,10.00,0
6/10/2016,North Dry Rocks,25.12965,-80.29367,Nearshore,Conch Reef 2,ND2-180-Y,13,OK,1.00,0,14.00,12.00,10.00,0
6/10/2016,North Dry Rocks,25.13002,-80.29386,Nearshore,Horseshoe Reef,ND3-190-P,12,OK,1.00,0,16.00,12.00,8.50,0
6/10/2016,Horseshoe,25.14023,-80.29410,Nearshore,Conch Reef 2,HS2-248-Y,11,OK,1.00,0,12.00,7.00,5.00,0
6/10/2016,Horseshoe,25.14023,-80.29410,Nearshore,Conch Reef 2,HS2-249-Y,11,OK,1.00,0,10.00,6.00,6.00,0
6/10/2016,Horseshoe,25.14023,-80.29410,Nearshore,Conch Reef 1,HS2-250-W,13,D,0.00,N/A,N/A,N/A,N/A,N/A
6/10/2016,North Dry Rocks,25.12965,-80.29367,Nearshore,Conch Reef 1,ND2-178-W,12,OK,1.00,0,15.00,8.50,12.00,0
6/10/2016,North Dry Rocks,25.13002,-80.29386,Nearshore,Conch Reef 2,ND3-184-Y,11,OK,1.00,0,13.50,9.50,9.00,0
6/10/2016,Horseshoe,25.14023,-80.29410,Nearshore,Conch Reef 2,HS2-250-Y,13,OK,1.00,0,9.00,8.50,6.50,0
6/10/2016,Horseshoe,25.14023,-80.29410,Nearshore,Conch Reef 2,HS2-247-Y,11,OK,1.00,1,9.50,8.50,6.00,0
6/10/2016,North Dry Rocks,25.13002,-80.29386,Nearshore,Conch Reef 1,ND3-190-W,12,RM,0.45,0,9.00,7.00,8.00,2
6/10/2016,North Dry Rocks,25.13002,-80.29386,Nearshore,Conch Reef 2,ND3-189-Y,12,OK,1.00,1,14.50,10.50,10.50,0
6/10/2016,North Dry Rocks,25.13002,-80.29386,Nearshore,Conch Reef 1,ND3-189-W,12,OK,1.00,0,12.00,9.00,7.50,0
6/10/2016,North Dry Rocks,25.13002,-80.29386,Nearshore,Horseshoe Reef,ND3-189-P,12,OK,1.00,0,14.00,11.00,7.00,0
6/10/2016,North Dry Rocks,25.13002,-80.29386,Nearshore,Conch Reef 2,ND3-188-Y,12,OK,1.00,1,16.50,14.00,11.00,0
6/10/2016,North Dry Rocks,25.13002,-80.29386,Nearshore,Conch Reef 1,ND3-187-W,13,OK,1.00,0,16.00,12.00,9.00,0
6/10/2016,North Dry Rocks,25.13002,-80.29386,Nearshore,Conch Reef 2,ND3-186-Y,12,OK,0.70,1,12.50,7.00,3.50,0
6/10/2016,North Dry Rocks,25.13002,-80.29386,Nearshore,Conch Reef 2,ND3-190-Y,13,OK,1.00,0,16.00,14.00,14.00,0
6/10/2016,North Dry Rocks,25.13002,-80.29386,Nearshore,Conch Reef 1,ND3-188-W,12,OK,1.00,0,12.00,10.00,7.00,0
6/10/2016,North Dry Rocks,25.13002,-80.29386,Nearshore,Conch Reef 1,ND3-186-W,12,RM,0.99,0,12.00,7.50,7.50,0
6/10/2016,North Dry Rocks,25.13002,-80.29386,Nearshore,Horseshoe Reef,ND3-187-P,13,OK,1.00,0,10.50,9.50,8.50,0
6/10/2016,North Dry Rocks,25.13002,-80.29386,Nearshore,Horseshoe Reef,ND3-186-P,12,OK,1.00,1,12.50,11.00,10.00,0
6/10/2016,North Dry Rocks,25.13002,-80.29386,Nearshore,Conch Reef 2,ND3-187-Y,13,OK,1.00,1,19.00,9.50,7.50,0
6/10/2016,North Dry Rocks,25.13002,-80.29386,Nearshore,Conch Reef 1,ND3-185-W,11,OK,1.00,0,11.00,9.00,4.50,0
6/10/2016,North Dry Rocks,25.13002,-80.29386,Nearshore,Horseshoe Reef,ND3-185-P,11,OK,1.00,0,14.00,10.50,10.00,0
6/10/2016,North Dry Rocks,25.13002,-80.29386,Nearshore,Horseshoe Reef,ND3-188-P,12,RM,0.99,0,14.00,10.50,15.00,0
12/1/2016,French Reef,25.03438,-80.34888,Offshore,Conch Reef 2,FR5-263-Y,21,OK,1.00,1,18.00,17.50,8.00,0
12/1/2016,French Reef,25.03438,-80.34888,Offshore,Snapper Ledge,FR5-266-B,21,OK,1.00,1,13.50,11.00,10.00,0
12/1/2016,French Reef,25.03438,-80.34888,Offshore,Horseshoe Reef,FR5-264-P,21,RM,0.99,0,13.00,12.00,8.00,1
12/1/2016,French Reef,25.03438,-80.34888,Offshore,Conch Reef 1,FR5-264-W,21,RM,0.99,0,13.50,11.50,7.00,0
12/1/2016,French Reef,25.03438,-80.34888,Offshore,Conch Reef 2,FR5-264-Y,20,OK,1.00,0,22.00,20.00,7.50,0
12/1/2016,French Reef,25.03438,-80.34888,Offshore,Conch Reef 1,FR5-263-W,21,OK,1.00,1,15.00,8.50,9.50,0
12/1/2016,French Reef,25.03438,-80.34888,Offshore,Snapper Ledge,FR5-264-B,21,OK,1.00,1,16.00,12.50,6.00,0
12/1/2016,French Reef,25.03438,-80.34888,Offshore,Horseshoe Reef,FR5-265-P,20,OK,1.00,1,14.00,12.00,12.50,0
12/1/2016,French Reef,25.03438,-80.34888,Offshore,Conch Reef 2,FR5-265-Y,20,OK,1.00,2,16.00,13.00,8.50,0
12/1/2016,French Reef,25.03438,-80.34888,Offshore,Conch Reef 1,FR5-266-W,21,RM,0.99,0,10.00,8.00,9.00,0
12/1/2016,French Reef,25.03438,-80.34888,Offshore,Conch Reef 2,FR5-266-Y,21,OK,1.00,1,12.00,10.00,9.00,0
12/1/2016,French Reef,25.03438,-80.34888,Offshore,Horseshoe Reef,FR5-268-P,21,RM,0.90,1,13.00,8.50,10.00,0
12/1/2016,French Reef,25.03438,-80.34888,Offshore,Conch Reef 1,FR4-260-W,21,OK,1.00,1,12.00,11.00,7.00,0
12/1/2016,French Reef,25.03438,-80.34888,Offshore,Horseshoe Reef,FR5-267-P,20,OK,1.00,1,12.00,11.00,8.00,0
12/1/2016,French Reef,25.03438,-80.34888,Offshore,Conch Reef 1,FR5-267-W,21,OK,1.00,1,16.00,12.00,10.00,0
12/1/2016,French Reef,25.03438,-80.34888,Offshore,Snapper Ledge,FR5-268-B,20,RM,0.95,1,17.00,16.00,7.00,1
12/1/2016,French Reef,25.03438,-80.34888,Offshore,Conch Reef 2,FR5-267-Y,20,RM,0.99,0,13.50,10.00,11.00,0
12/1/2016,French Reef,25.03438,-80.34888,Offshore,Conch Reef 1,FR5-265-W,21,RM,0.95,1,12.50,7.00,5.50,0
12/1/2016,French Reef,25.03438,-80.34888,Offshore,Horseshoe Reef,FR4-260-P,21,OK,1.00,1,19.00,12.50,11.00,0
12/1/2016,French Reef,25.03438,-80.34888,Offshore,Conch Reef 2,FR4-258-Y,21,OK,1.00,1,15.00,12.50,8.50,0
12/1/2016,French Reef,25.03438,-80.34888,Offshore,Snapper Ledge,FR4-259-B,21,OK,1.00,1,15.00,12.00,5.50,0
12/1/2016,French Reef,25.03438,-80.34888,Offshore,Conch Reef 1,FR4-258-W,21,OK,1.00,1,14.00,10.50,8.00,0
12/1/2016,French Reef,25.03420,-80.34897,Offshore,Snapper Ledge,FR6-277-B,19,OK,0.99,0,18.00,12.50,7.00,0
12/1/2016,French Reef,25.03438,-80.34888,Offshore,Conch Reef 1,FR5-268-W,20,OK,1.00,1,12.50,12.00,10.00,0
12/1/2016,French Reef,25.03438,-80.34888,Offshore,Horseshoe Reef,FR4-259-P,21,OK,1.00,1,20.00,15.50,13.00,0
12/1/2016,French Reef,25.03438,-80.34888,Offshore,Conch Reef 1,FR4-259-W,20,OK,1.00,1,12.00,8.00,7.00,0
12/1/2016,French Reef,25.03438,-80.34888,Offshore,Snapper Ledge,FR5-261-B,21,OK,1.00,1,15.00,12.00,5.50,0
12/1/2016,French Reef,25.03438,-80.34888,Offshore,Snapper Ledge,FR4-260-B,21,OK,1.00,1,14.50,10.00,5.50,0
12/1/2016,French Reef,25.03438,-80.34888,Offshore,Horseshoe Reef,FR5-263-P,20,RM,0.98,0,15.50,14.00,10.00,0
12/1/2016,French Reef,25.03438,-80.34888,Offshore,Conch Reef 2,FR4-260-Y,21,OK,1.00,1,14.00,14.00,9.00,0
12/1/2016,French Reef,25.03438,-80.34888,Offshore,Conch Reef 1,FR5-261-W,21,OK,1.00,1,9.00,7.50,7.00,0
12/1/2016,French Reef,25.03438,-80.34888,Offshore,Conch Reef 2,FR5-261-Y,21,OK,1.00,1,21.50,18.00,12.50,0
12/1/2016,French Reef,25.03438,-80.34888,Offshore,Snapper Ledge,FR5-262-B,21,RM,0.95,0,15.00,11.50,3.00,0
12/1/2016,French Reef,25.03438,-80.34888,Offshore,Conch Reef 1,FR5-262-W,21,OK,1.00,0,12.00,9.50,9.50,0
12/1/2016,French Reef,25.03438,-80.34888,Offshore,Conch Reef 2,FR5-262-Y,21,RM,0.99,1,12.00,11.00,7.50,0
12/1/2016,French Reef,25.03438,-80.34888,Offshore,Snapper Ledge,FR5-263-B,21,OK,1.00,1,18.50,12.50,7.00,0
12/1/2016,French Reef,25.03438,-80.34888,Offshore,Conch Reef 2,FR4-259-Y,20,OK,1.00,1,19.00,16.00,6.50,0
12/1/2016,French Reef,25.03420,-80.34897,Offshore,Snapper Ledge,FR6-279-B,20,OK,1.00,0,16.00,12.00,7.00,0
12/1/2016,French Reef,25.03420,-80.34897,Offshore,Horseshoe Reef,FR6-276-P,20,OK,1.00,1,14.00,11.00,6.50,0
12/1/2016,French Reef,25.03420,-80.34897,Offshore,Conch Reef 2,FR6-276-Y,19,OK,1.00,1,16.00,13.50,9.00,0
12/1/2016,French Reef,25.03420,-80.34897,Offshore,Horseshoe Reef,FR6-277-P,19,OK,1.00,0,22.00,15.00,8.00,0
12/1/2016,French Reef,25.03420,-80.34897,Offshore,Conch Reef 1,FR6-277-W,20,OK,1.00,0,14.00,12.00,10.00,0
12/1/2016,French Reef,25.03420,-80.34897,Offshore,Conch Reef 2,FR6-277-Y,19,OK,1.00,0,25.00,13.00,13.50,0
12/1/2016,French Reef,25.03420,-80.34897,Offshore,Snapper Ledge,FR6-278-B,21,OK,1.00,1,13.50,12.50,8.00,0
12/1/2016,French Reef,25.03420,-80.34897,Offshore,Horseshoe Reef,FR6-278-P,21,OK,1.00,1,14.00,13.50,5.00,0
12/1/2016,French Reef,25.03420,-80.34897,Offshore,Conch Reef 1,FR6-276-W,20,OK,1.00,0,15.00,11.00,8.00,0
12/1/2016,French Reef,25.03420,-80.34897,Offshore,Conch Reef 2,FR6-278-Y,20,OK,1.00,1,21.00,16.00,10.50,0
12/1/2016,French Reef,25.03420,-80.34897,Offshore,Conch Reef 1,FR6-275-W,20,OK,0.99,1,17.00,10.50,4.50,0
12/1/2016,French Reef,25.03420,-80.34897,Offshore,Conch Reef 2,FR6-279-Y,21,OK,0.99,1,20.50,16.00,17.00,1
12/1/2016,French Reef,25.03420,-80.34897,Offshore,Snapper Ledge,FR6-280-B,21,OK,1.00,0,16.00,14.00,7.00,1
12/1/2016,French Reef,25.03420,-80.34897,Offshore,Horseshoe Reef,FR6-280-P,21,OK,1.00,0,15.00,11.00,9.00,1
12/1/2016,French Reef,25.03420,-80.34897,Offshore,Conch Reef 1,FR6-280-W,21,OK,1.00,0,13.00,13.00,6.00,0
12/1/2016,French Reef,25.03438,-80.34888,Offshore,Horseshoe Reef,FR4-258-P,21,OK,1.00,1,19.00,16.00,12.00,0
12/1/2016,French Reef,25.03438,-80.34888,Offshore,Conch Reef 1,FR4-252-W,22,OK,1.00,1,13.00,9.50,8.50,0
12/1/2016,French Reef,25.03420,-80.34897,Offshore,Conch Reef 2,FR6-280-Y,21,OK,1.00,0,16.00,13.00,10.00,0
12/1/2016,French Reef,25.03420,-80.34897,Offshore,Conch Reef 1,FR6-278-W,21,OK,1.00,0,13.50,10.50,10.00,0
12/1/2016,French Reef,25.03420,-80.34897,Offshore,Conch Reef 2,FR6-271-Y,20,OK,1.00,1,17.00,14.50,9.00,0
12/1/2016,French Reef,25.03438,-80.34888,Offshore,Horseshoe Reef,FR5-269-P,20,RM,0.99,0,20.00,13.00,12.00,0
12/1/2016,French Reef,25.03438,-80.34888,Offshore,Conch Reef 1,FR5-269-W,20,OK,1.00,1,16.00,12.00,10.50,0
12/1/2016,French Reef,25.03438,-80.34888,Offshore,Conch Reef 2,FR5-269-Y,20,OK,1.00,1,21.50,16.00,10.00,0
12/1/2016,French Reef,25.03438,-80.34888,Offshore,Snapper Ledge,FR5-270-B,20,OK,1.00,1,13.00,10.50,5.00,0
12/1/2016,French Reef,25.03438,-80.34888,Offshore,Horseshoe Reef,FR5-270-P,20,OK,1.00,0,16.00,12.00,9.00,0
12/1/2016,French Reef,25.03438,-80.34888,Offshore,Conch Reef 1,FR5-270-W,20,OK,1.00,1,15.00,11.00,8.00,0
12/1/2016,French Reef,25.03438,-80.34888,Offshore,Conch Reef 2,FR5-270-Y,20,OK,1.00,1,16.00,16.00,8.00,0
12/1/2016,French Reef,25.03420,-80.34897,Offshore,Snapper Ledge,FR6-276-B,19,OK,1.00,1,22.00,14.50,7.50,0
12/1/2016,French Reef,25.03420,-80.34897,Offshore,Conch Reef 1,FR6-271-W,20,OK,1.00,0,17.00,12.00,9.00,0
12/1/2016,French Reef,25.03420,-80.34897,Offshore,Conch Reef 2,FR6-275-Y,20,OK,1.00,1,17.00,15.00,9.00,0
12/1/2016,French Reef,25.03420,-80.34897,Offshore,Horseshoe Reef,FR6-272-P,20,OK,1.00,0,13.00,12.00,10.00,0
12/1/2016,French Reef,25.03420,-80.34897,Offshore,Conch Reef 1,FR6-272-W,20,OK,0.99,0,12.00,10.00,11.00,0
12/1/2016,French Reef,25.03420,-80.34897,Offshore,Horseshoe Reef,FR6-273-P,20,RM,0.99,0,11.50,11.00,7.00,0
12/1/2016,French Reef,25.03420,-80.34897,Offshore,Snapper Ledge,FR6-274-B,19,OK,1.00,0,15.00,12.00,11.00,0
12/1/2016,French Reef,25.03420,-80.34897,Offshore,Horseshoe Reef,FR6-274-P,19,OK,1.00,0,17.00,13.00,9.50,0
12/1/2016,French Reef,25.03420,-80.34897,Offshore,Conch Reef 1,FR6-274-W,19,OK,1.00,0,12.00,11.00,7.50,0
12/1/2016,French Reef,25.03420,-80.34897,Offshore,Conch Reef 2,FR6-274-Y,19,OK,1.00,1,20.00,19.00,9.00,0
12/1/2016,French Reef,25.03438,-80.34888,Offshore,Conch Reef 2,FR5-268-Y,20,RM,0.99,1,19.00,15.00,12.00,0
12/1/2016,French Reef,25.03420,-80.34897,Offshore,Snapper Ledge,FR6-271-B,20,OK,1.00,1,16.00,11.50,6.50,0
12/1/2016,French Reef,25.03438,-80.34888,Offshore,Conch Reef 1,FR4-253-W,22,OK,1.00,1,16.50,8.50,8.00,0
12/1/2016,French Reef,25.03438,-80.34888,Offshore,Horseshoe Reef,FR4-253-P,22,OK,1.00,1,14.00,7.50,12.00,0
12/1/2016,French Reef,25.03438,-80.34888,Offshore,Snapper Ledge,FR4-258-B,20,OK,1.00,1,17.00,16.00,7.00,0
12/1/2016,French Reef,25.03438,-80.34888,Offshore,Horseshoe Reef,FR4-251-P,22,OK,1.00,1,18.00,13.50,8.00,0
12/1/2016,French Reef,25.03438,-80.34888,Offshore,Conch Reef 1,FR4-251-W,22,OK,1.00,1,11.00,10.50,7.50,0
12/1/2016,French Reef,25.03438,-80.34888,Offshore,Conch Reef 2,FR4-251-Y,22,OK,1.00,1,25.00,18.50,14.00,0
12/1/2016,French Reef,25.03438,-80.34888,Offshore,Conch Reef 2,FR4-252-Y,22,OK,1.00,1,16.00,13.50,12.50,0
12/1/2016,French Reef,25.03438,-80.34888,Offshore,Snapper Ledge,FR4-251-B,22,OK,1.00,1,15.00,15.00,9.00,0
12/1/2016,French Reef,25.03438,-80.34888,Offshore,Conch Reef 2,FR4-253-Y,22,OK,1.00,1,20.00,13.00,13.00,0
12/1/2016,French Reef,25.03438,-80.34888,Offshore,Horseshoe Reef,FR4-254-P,22,OK,1.00,0,18.00,15.50,6.50,0
12/1/2016,French Reef,25.03438,-80.34888,Offshore,Conch Reef 1,FR4-254-W,22,OK,1.00,0,12.50,12.00,8.50,0
12/1/2016,French Reef,25.03438,-80.34888,Offshore,Conch Reef 2,FR4-254-Y,22,OK,1.00,1,18.00,11.00,9.50,0
12/1/2016,French Reef,25.03438,-80.34888,Offshore,Conch Reef 1,FR4-257-W,21,OK,1.00,1,13.00,10.00,7.00,0
12/1/2016,French Reef,25.03438,-80.34888,Offshore,Snapper Ledge,FR4-252-B,23,OK,1.00,1,22.00,13.00,6.50,0
12/1/2016,French Reef,25.03438,-80.34888,Offshore,Conch Reef 2,FR4-257-Y,21,OK,1.00,0,16.50,15.50,9.00,0
12/1/2016,French Reef,25.03438,-80.34888,Offshore,Snapper Ledge,FR4-255-B,21,OK,1.00,0,20.00,14.00,7.00,0
12/1/2016,French Reef,25.03438,-80.34888,Offshore,Horseshoe Reef,FR4-257-P,21,OK,1.00,0,9.00,7.00,6.00,0
12/1/2016,French Reef,25.03438,-80.34888,Offshore,Snapper Ledge,FR4-257-B,21,OK,1.00,1,16.00,12.50,6.00,0
12/1/2016,French Reef,25.03438,-80.34888,Offshore,Conch Reef 2,FR4-256-Y,21,OK,1.00,1,19.50,13.00,14.00,0
12/1/2016,French Reef,25.03438,-80.34888,Offshore,Conch Reef 1,FR4-256-W,22,OK,0.95,0,13.00,11.00,7.00,0
12/1/2016,French Reef,25.03438,-80.34888,Offshore,Horseshoe Reef,FR4-256-P,22,OK,1.00,0,18.50,14.00,7.00,0
12/1/2016,French Reef,25.03438,-80.34888,Offshore,Snapper Ledge,FR4-256-B,21,OK,1.00,1,15.50,12.00,4.00,0
12/1/2016,French Reef,25.03438,-80.34888,Offshore,Conch Reef 1,FR4-255-W,21,OK,1.00,1,14.00,12.50,10.00,0
12/1/2016,French Reef,25.03438,-80.34888,Offshore,Horseshoe Reef,FR4-255-P,21,OK,1.00,0,15.00,13.00,11.00,0
12/2/2016,North Dry Rocks,25.12983,-80.29369,Nearshore,Conch Reef 2,ND1-169-Y,13,OK,1.00,1,21.00,14.00,13.00,0
12/2/2016,North Dry Rocks,25.12983,-80.29369,Nearshore,Conch Reef 1,ND1-166-W,13,OK,1.00,0,23.00,10.00,11.00,0
12/2/2016,North Dry Rocks,25.12983,-80.29369,Nearshore,Conch Reef 2,ND1-166-Y,12,OK,1.00,1,23.00,13.00,15.00,0
12/2/2016,North Dry Rocks,25.12983,-80.29369,Nearshore,Horseshoe Reef,ND1-167-P,13,RM,0.99,1,18.50,15.00,10.00,0
12/2/2016,North Dry Rocks,25.12983,-80.29369,Nearshore,Conch Reef 1,ND1-167-W,13,OK,1.00,0,16.00,10.00,7.00,0
12/2/2016,North Dry Rocks,25.12983,-80.29369,Nearshore,Conch Reef 2,ND1-167-Y,13,OK,1.00,1,7.00,4.00,8.00,0
12/2/2016,North Dry Rocks,25.12983,-80.29369,Nearshore,Conch Reef 1,ND1-168-W,12,OK,1.00,0,15.00,12.00,13.00,0
12/2/2016,North Dry Rocks,25.12983,-80.29369,Nearshore,Conch Reef 2,ND1-168-Y,12,OK,1.00,0,26.00,18.00,18.00,0
12/2/2016,North Dry Rocks,25.12983,-80.29369,Nearshore,Horseshoe Reef,ND1-169-P,14,OK,1.00,0,19.50,18.00,15.50,0
12/2/2016,North Dry Rocks,25.12983,-80.29369,Nearshore,Horseshoe Reef,ND1-166-P,13,OK,1.00,0,19.00,12.00,12.00,0
12/2/2016,North Dry Rocks,25.12983,-80.29369,Nearshore,Horseshoe Reef,ND1-170-P,13,OK,1.00,0,14.00,11.50,6.00,0
12/2/2016,North Dry Rocks,25.12983,-80.29369,Nearshore,Conch Reef 1,ND1-170-W,13,OK,1.00,0,23.00,19.50,14.00,0
12/2/2016,North Dry Rocks,25.12983,-80.29369,Nearshore,Conch Reef 2,ND1-170-Y,12,OK,1.00,0,17.50,15.00,14.00,0
12/2/2016,North Dry Rocks,25.12965,-80.29367,Nearshore,Horseshoe Reef,ND2-171-P,15,OK,1.00,1,23.50,13.00,12.50,0
12/2/2016,North Dry Rocks,25.12965,-80.29367,Nearshore,Conch Reef 1,ND2-171-W,16,OK,1.00,0,19.50,12.50,10.50,0
12/2/2016,North Dry Rocks,25.12965,-80.29367,Nearshore,Conch Reef 2,ND2-171-Y,15,OK,1.00,0,19.00,17.00,9.50,0
12/2/2016,North Dry Rocks,25.12965,-80.29367,Nearshore,Snapper Ledge,ND2-172-B,13,OK,1.00,0,22.00,12.50,7.50,0
12/2/2016,North Dry Rocks,25.12965,-80.29367,Nearshore,Horseshoe Reef,ND2-172-P,14,RM,0.99,1,19.50,18.00,13.00,0
12/2/2016,North Dry Rocks,25.12965,-80.29367,Nearshore,Conch Reef 1,ND2-172-W,14,OK,1.00,0,33.00,23.00,16.00,0
12/2/2016,North Dry Rocks,25.12965,-80.29367,Nearshore,Conch Reef 2,ND2-172-Y,14,RM,0.95,1,31.00,17.00,17.00,1
12/2/2016,North Dry Rocks,25.12965,-80.29367,Nearshore,Conch Reef 1,ND2-173-W,13,OK,1.00,0,30.00,16.00,16.50,0
12/2/2016,North Dry Rocks,25.12983,-80.29369,Nearshore,Horseshoe Reef,ND1-162-P,14,OK,1.00,0,18.00,11.00,12.50,0
12/2/2016,North Dry Rocks,25.12965,-80.29367,Nearshore,Horseshoe Reef,ND2-173-P,13,OK,1.00,0,25.00,19.50,12.00,0
12/2/2016,North Dry Rocks,25.12965,-80.29367,Nearshore,Horseshoe Reef,ND2-178-P,13,OK,1.00,0,14.00,11.50,9.00,0
12/2/2016,Horseshoe,25.14023,-80.29410,Nearshore,Conch Reef 2,HS2-245-Y,10,RM,0.99,1,15.00,11.50,9.00,0
12/2/2016,Horseshoe,25.14023,-80.29410,Nearshore,Conch Reef 1,HS2-246-W,12,RM,0.99,0,16.00,11.00,14.00,0
12/2/2016,Horseshoe,25.14023,-80.29410,Nearshore,Conch Reef 2,HS2-246-Y,12,OK,1.00,1,16.00,9.50,5.50,0
12/2/2016,Horseshoe,25.14023,-80.29410,Nearshore,Conch Reef 1,HS2-247-W,11,OK,1.00,0,16.00,10.00,9.50,0
12/2/2016,Horseshoe,25.14023,-80.29410,Nearshore,Conch Reef 2,HS2-247-Y,11,OK,1.00,1,16.00,15.00,11.00,0
12/2/2016,Horseshoe,25.14023,-80.29410,Nearshore,Conch Reef 2,HS2-248-Y,11,RM,0.85,1,15.00,9.00,7.00,2
12/2/2016,Horseshoe,25.14023,-80.29410,Nearshore,Conch Reef 2,HS2-249-Y,11,RM,0.99,1,13.50,10.00,7.00,0
12/2/2016,Horseshoe,25.14023,-80.29410,Nearshore,Conch Reef 2,HS2-250-Y,13,OK,1.00,1,13.00,12.00,12.50,0
12/2/2016,North Dry Rocks,25.12983,-80.29369,Nearshore,Horseshoe Reef,ND1-161-P,15,OK,1.00,1,19.00,15.50,10.00,0
12/2/2016,North Dry Rocks,25.12983,-80.29369,Nearshore,Conch Reef 2,ND1-162-Y,14,OK,0.90,0,22.00,16.00,12.50,0
12/2/2016,North Dry Rocks,25.12983,-80.29369,Nearshore,Conch Reef 2,ND1-161-Y,15,RM,0.99,1,22.00,14.00,12.00,0
12/2/2016,North Dry Rocks,25.12983,-80.29369,Nearshore,Conch Reef 1,ND1-165-W,13,OK,1.00,0,12.00,7.00,10.00,0
12/2/2016,North Dry Rocks,25.12983,-80.29369,Nearshore,Conch Reef 1,ND1-162-W,15,OK,1.00,0,21.00,17.00,15.50,0
12/2/2016,North Dry Rocks,25.12965,-80.29367,Nearshore,Conch Reef 2,ND2-173-Y,13,OK,1.00,1,24.00,21.00,12.00,0
12/2/2016,North Dry Rocks,25.12983,-80.29369,Nearshore,Snapper Ledge,ND1-163-B,13,RM,0.99,0,22.00,15.00,10.00,0
12/2/2016,North Dry Rocks,25.12983,-80.29369,Nearshore,Horseshoe Reef,ND1-163-P,13,OK,1.00,0,19.00,19.00,10.00,0
12/2/2016,North Dry Rocks,25.12983,-80.29369,Nearshore,Conch Reef 1,ND1-163-W,13,OK,1.00,0,15.00,9.00,9.50,0
12/2/2016,North Dry Rocks,25.12983,-80.29369,Nearshore,Conch Reef 2,ND1-163-Y,13,OK,1.00,2,26.00,19.00,11.00,0
12/2/2016,North Dry Rocks,25.12983,-80.29369,Nearshore,Snapper Ledge,ND1-164-B,13,RM,0.99,0,19.00,12.00,8.00,0
12/2/2016,North Dry Rocks,25.12983,-80.29369,Nearshore,Conch Reef 1,ND1-164-W,13,OK,1.00,2,24.00,14.00,12.00,0
12/2/2016,North Dry Rocks,25.12983,-80.29369,Nearshore,Conch Reef 2,ND1-164-Y,13,OK,1.00,0,23.00,19.00,12.50,0
12/2/2016,North Dry Rocks,25.12983,-80.29369,Nearshore,Snapper Ledge,ND1-165-B,13,OK,1.00,0,19.00,14.50,8.00,0
12/2/2016,North Dry Rocks,25.12983,-80.29369,Nearshore,Conch Reef 1,ND1-161-W,15,OK,1.00,0,13.00,12.00,10.00,0
12/2/2016,North Dry Rocks,25.13002,-80.29386,Nearshore,Conch Reef 1,ND3-187-W,13,RM,0.95,0,20.00,11.50,11.00,1
12/2/2016,North Dry Rocks,25.12965,-80.29367,Nearshore,Conch Reef 2,ND2-177-Y,13,OK,1.00,0,23.50,18.00,20.00,0
12/2/2016,North Dry Rocks,25.13002,-80.29386,Nearshore,Conch Reef 1,ND3-183-W,11,OK,1.00,0,15.00,10.00,12.00,0
12/2/2016,North Dry Rocks,25.13002,-80.29386,Nearshore,Conch Reef 2,ND3-183-Y,11,OK,0.95,0,29.50,27.00,12.50,0
12/2/2016,North Dry Rocks,25.13002,-80.29386,Nearshore,Horseshoe Reef,ND3-184-P,12,OK,1.00,0,22.00,15.00,11.00,0
12/2/2016,North Dry Rocks,25.13002,-80.29386,Nearshore,Conch Reef 1,ND3-184-W,12,OK,1.00,0,18.00,11.00,16.00,0
12/2/2016,North Dry Rocks,25.13002,-80.29386,Nearshore,Conch Reef 2,ND3-184-Y,11,OK,1.00,0,23.50,16.00,14.00,0
12/2/2016,North Dry Rocks,25.13002,-80.29386,Nearshore,Horseshoe Reef,ND3-185-P,11,OK,1.00,0,19.00,15.00,10.00,0
12/2/2016,North Dry Rocks,25.13002,-80.29386,Nearshore,Conch Reef 1,ND3-185-W,11,OK,1.00,0,14.00,11.00,7.00,0
12/2/2016,North Dry Rocks,25.13002,-80.29386,Nearshore,Horseshoe Reef,ND3-186-P,12,RM,0.85,1,20.00,14.50,12.00,0
12/2/2016,North Dry Rocks,25.13002,-80.29386,Nearshore,Conch Reef 1,ND3-186-W,12,OK,1.00,0,19.50,14.00,10.00,0
12/2/2016,North Dry Rocks,25.13002,-80.29386,Nearshore,Conch Reef 2,ND3-182-Y,12,OK,1.00,1,20.00,15.00,10.50,0
12/2/2016,North Dry Rocks,25.13002,-80.29386,Nearshore,Horseshoe Reef,ND3-187-P,13,OK,1.00,1,24.00,19.00,13.00,0
12/2/2016,North Dry Rocks,25.13002,-80.29386,Nearshore,Conch Reef 1,ND3-182-W,12,OK,1.00,0,18.50,9.00,9.00,0
12/2/2016,North Dry Rocks,25.13002,-80.29386,Nearshore,Conch Reef 2,ND3-187-Y,13,OK,1.00,1,28.00,15.00,9.00,0
12/2/2016,North Dry Rocks,25.13002,-80.29386,Nearshore,Horseshoe Reef,ND3-188-P,12,OK,1.00,0,26.00,12.00,12.00,0
12/2/2016,North Dry Rocks,25.13002,-80.29386,Nearshore,Conch Reef 1,ND3-188-W,12,OK,1.00,0,18.00,13.00,10.50,0
12/2/2016,North Dry Rocks,25.13002,-80.29386,Nearshore,Conch Reef 2,ND3-188-Y,12,OK,1.00,1,19.00,18.00,13.00,0
12/2/2016,North Dry Rocks,25.13002,-80.29386,Nearshore,Horseshoe Reef,ND3-189-P,12,OK,0.99,0,20.00,16.00,11.00,0
12/2/2016,North Dry Rocks,25.13002,-80.29386,Nearshore,Conch Reef 1,ND3-189-W,12,OK,1.00,1,15.00,13.50,10.50,0
12/2/2016,North Dry Rocks,25.13002,-80.29386,Nearshore,Conch Reef 2,ND3-189-Y,12,OK,1.00,1,24.00,21.00,11.50,0
12/2/2016,North Dry Rocks,25.13002,-80.29386,Nearshore,Horseshoe Reef,ND3-190-P,12,OK,1.00,1,18.00,15.50,15.00,0
12/2/2016,North Dry Rocks,25.13002,-80.29386,Nearshore,Conch Reef 1,ND3-190-W,12,OK,0.10,0,11.50,6.00,4.00,0
12/2/2016,North Dry Rocks,25.13002,-80.29386,Nearshore,Conch Reef 2,ND3-190-Y,13,RM,0.99,1,33.00,20.00,15.00,1
12/2/2016,North Dry Rocks,25.13002,-80.29386,Nearshore,Conch Reef 2,ND3-186-Y,12,OK,1.00,1,13.00,11.00,5.00,0
12/2/2016,North Dry Rocks,25.12965,-80.29367,Nearshore,Conch Reef 1,ND2-178-W,12,OK,1.00,0,25.00,16.00,15.50,0
12/2/2016,North Dry Rocks,25.12965,-80.29367,Nearshore,Conch Reef 1,ND2-174-W,14,OK,1.00,1,17.00,12.50,14.00,0
12/2/2016,North Dry Rocks,25.12965,-80.29367,Nearshore,Conch Reef 2,ND2-174-Y,13,OK,1.00,1,28.00,16.00,13.50,0
12/2/2016,North Dry Rocks,25.12965,-80.29367,Nearshore,Horseshoe Reef,ND2-175-P,13,RM,0.99,0,15.00,9.50,7.00,0
12/2/2016,North Dry Rocks,25.12965,-80.29367,Nearshore,Conch Reef 1,ND2-175-W,13,OK,1.00,0,14.00,11.00,8.00,0
12/2/2016,North Dry Rocks,25.12965,-80.29367,Nearshore,Horseshoe Reef,ND2-176-P,12,OK,1.00,0,19.50,18.00,12.00,0
12/2/2016,North Dry Rocks,25.12965,-80.29367,Nearshore,Conch Reef 1,ND2-176-W,13,OK,1.00,0,19.00,9.50,11.00,0
12/2/2016,North Dry Rocks,25.12965,-80.29367,Nearshore,Conch Reef 2,ND2-176-Y,13,OK,1.00,1,24.50,21.50,14.00,0
12/2/2016,North Dry Rocks,25.12965,-80.29367,Nearshore,Horseshoe Reef,ND2-177-P,13,OK,1.00,0,23.00,14.00,14.00,0
12/2/2016,North Dry Rocks,25.12965,-80.29367,Nearshore,Conch Reef 1,ND2-177-W,13,OK,1.00,0,14.50,14.00,16.00,0
12/2/2016,Horseshoe,25.14023,-80.29410,Nearshore,Conch Reef 1,HS2-245-W,11,OK,1.00,0,13.50,8.00,10.50,0
12/2/2016,North Dry Rocks,25.13002,-80.29386,Nearshore,Horseshoe Reef,ND3-183-P,12,OK,1.00,0,22.50,14.50,11.00,0
12/2/2016,North Dry Rocks,25.12983,-80.29369,Nearshore,Horseshoe Reef,ND1-165-P,13,OK,1.00,1,18.00,15.00,12.00,0
12/2/2016,North Dry Rocks,25.12965,-80.29367,Nearshore,Horseshoe Reef,ND2-174-P,14,OK,1.00,0,19.00,14.00,7.00,0
12/2/2016,North Dry Rocks,25.12965,-80.29367,Nearshore,Conch Reef 2,ND2-178-Y,13,OK,1.00,0,22.00,19.00,12.00,0
12/2/2016,North Dry Rocks,25.12965,-80.29367,Nearshore,Horseshoe Reef,ND2-179-P,13,OK,1.00,0,20.00,15.00,14.00,0
12/2/2016,North Dry Rocks,25.12965,-80.29367,Nearshore,Conch Reef 1,ND2-179-W,13,OK,1.00,0,23.00,16.50,11.50,0
12/2/2016,North Dry Rocks,25.12965,-80.29367,Nearshore,Conch Reef 2,ND2-179-Y,13,OK,1.00,0,25.00,24.00,13.50,0
12/2/2016,North Dry Rocks,25.12965,-80.29367,Nearshore,Horseshoe Reef,ND2-180-P,13,OK,1.00,0,14.00,12.00,11.00,0
12/2/2016,North Dry Rocks,25.12965,-80.29367,Nearshore,Conch Reef 2,ND2-180-Y,13,OK,1.00,1,19.00,17.00,14.00,0
12/2/2016,North Dry Rocks,25.13002,-80.29386,Nearshore,Snapper Ledge,ND3-181-B,12,OK,1.00,0,2.00,1.50,1.00,0
12/2/2016,North Dry Rocks,25.13002,-80.29386,Nearshore,Horseshoe Reef,ND3-181-P,12,OK,1.00,0,22.50,15.00,8.50,0
12/2/2016,North Dry Rocks,25.13002,-80.29386,Nearshore,Conch Reef 1,ND3-181-W,13,RM,0.99,0,17.00,12.50,10.50,1
12/2/2016,North Dry Rocks,25.13002,-80.29386,Nearshore,Conch Reef 2,ND3-181-Y,13,OK,1.00,1,14.50,14.00,10.50,0
12/2/2016,North Dry Rocks,25.12965,-80.29367,Nearshore,Snapper Ledge,ND2-178-B,13,OK,1.00,0,13.50,9.00,6.00,0
12/2/2016,AAA,25.16850,-80.26681,Nearshore,Conch Reef 2,AA1-136-Y,14,OK,1.00,1,18.00,13.50,10.00,0
12/2/2016,AAA,25.16860,-80.26677,Nearshore,Conch Reef 1,AA2-141-W,14,OK,0.99,1,21.00,9.00,10.50,2
12/2/2016,AAA,25.16850,-80.26681,Nearshore,Horseshoe Reef,AA1-134-P,14,OK,1.00,1,14.00,11.00,5.50,0
12/2/2016,AAA,25.16850,-80.26681,Nearshore,Conch Reef 1,AA1-134-W,14,RM,0.99,1,23.50,12.00,9.00,1
12/2/2016,AAA,25.16850,-80.26681,Nearshore,Conch Reef 2,AA1-134-Y,14,OK,1.00,1,18.50,18.00,11.00,0
12/2/2016,AAA,25.16850,-80.26681,Nearshore,Conch Reef 2,AA1-135-Y,14,OK,1.00,1,18.00,15.00,8.50,0
12/2/2016,AAA,25.16850,-80.26681,Nearshore,Conch Reef 1,AA1-133-W,14,OK,1.00,0,3.50,2.00,2.00,0
12/2/2016,AAA,25.16850,-80.26681,Nearshore,Conch Reef 1,AA1-136-W,14,OK,0.85,1,14.00,9.00,5.00,0
12/2/2016,AAA,25.16850,-80.26681,Nearshore,Conch Reef 2,AA1-132-Y,14,RM,0.85,0,20.50,13.50,11.00,1
12/2/2016,AAA,25.16850,-80.26681,Nearshore,Conch Reef 1,AA1-137-W,14,OK,1.00,1,16.00,8.50,6.50,0
12/2/2016,AAA,25.16850,-80.26681,Nearshore,Conch Reef 2,AA1-137-Y,14,OK,1.00,1,15.50,15.00,10.00,0
12/2/2016,AAA,25.16850,-80.26681,Nearshore,Conch Reef 1,AA1-138-W,13,OK,1.00,1,10.00,8.00,7.00,0
12/2/2016,AAA,25.16850,-80.26681,Nearshore,Conch Reef 2,AA1-138-Y,14,OK,1.00,1,16.50,12.00,9.00,0
12/2/2016,AAA,25.16850,-80.26681,Nearshore,Conch Reef 2,AA1-139-Y,13,D,0.00,N/A,N/A,N/A,N/A,N/A
12/2/2016,Horseshoe,25.14023,-80.29410,Nearshore,Horseshoe Reef,HS1-228-P,11,OK,1.00,0,7.00,6.50,2.00,0
12/2/2016,AAA,25.16850,-80.26681,Nearshore,Horseshoe Reef,AA1-136-P,14,OK,1.00,1,9.00,5.00,4.50,0
12/2/2016,Horseshoe,25.14023,-80.29410,Nearshore,Conch Reef 1,HS1-222-W,14,OK,1.00,0,3.00,2.00,1.00,0
12/2/2016,Horseshoe,25.14023,-80.29410,Nearshore,Conch Reef 1,HS1-227-W,11,RM,0.99,0,10.00,9.50,8.50,1
12/2/2016,Horseshoe,25.14023,-80.29410,Nearshore,Conch Reef 1,HS1-226-W,12,D,0.00,N/A,N/A,N/A,N/A,N/A
12/2/2016,Horseshoe,25.14023,-80.29410,Nearshore,Conch Reef 2,HS1-225-Y,11,OK,1.00,0,18.00,17.00,13.00,0
12/2/2016,Horseshoe,25.14023,-80.29410,Nearshore,Conch Reef 2,HS1-224-Y,12,OK,1.00,0,17.00,15.00,15.00,0
12/2/2016,Horseshoe,25.14023,-80.29410,Nearshore,Conch Reef 2,HS1-223-Y,13,RM,0.99,0,16.00,10.00,9.50,0
12/2/2016,AAA,25.16850,-80.26681,Nearshore,Conch Reef 2,AA1-133-Y,14,OK,1.00,1,21.00,9.00,8.00,0
12/2/2016,Horseshoe,25.14023,-80.29410,Nearshore,Conch Reef 2,HS1-222-Y,14,RM,0.50,1,15.50,9.00,8.50,2
12/2/2016,AAA,25.16860,-80.26677,Nearshore,Conch Reef 2,AA2-141-Y,14,RM,0.30,1,13.00,6.00,6.00,3
12/2/2016,Horseshoe,25.14023,-80.29410,Nearshore,Horseshoe Reef,HS1-222-P,15,OK,1.00,0,2.50,2.00,1.50,0
12/2/2016,Horseshoe,25.14023,-80.29410,Nearshore,Conch Reef 2,HS1-221-Y,13,OK,1.00,0,21.00,12.00,15.50,0
12/2/2016,Horseshoe,25.14023,-80.29410,Nearshore,Conch Reef 1,HS1-221-W,13,OK,1.00,0,16.50,9.00,10.00,0
12/2/2016,AAA,25.16850,-80.26681,Nearshore,Horseshoe Reef,AA1-131-P,15,OK,1.00,0,16.50,10.00,5.50,0
12/2/2016,AAA,25.16850,-80.26681,Nearshore,Conch Reef 1,AA1-131-W,15,OK,1.00,0,13.00,12.50,15.00,0
12/2/2016,AAA,25.16850,-80.26681,Nearshore,Conch Reef 1,AA1-132-W,14,OK,0.40,0,14.00,8.00,10.50,0
12/2/2016,Horseshoe,25.14023,-80.29410,Nearshore,Conch Reef 1,HS1-223-W,13,OK,1.00,0,12.00,12.00,9.00,0
12/2/2016,AAA,25.16864,-80.26669,Nearshore,Conch Reef 2,AA3-157-Y,12,OK,1.00,1,18.00,17.00,11.00,0
12/2/2016,AAA,25.16850,-80.26681,Nearshore,Conch Reef 1,AA1-140-W,13,OK,1.00,0,6.00,3.50,6.00,0
12/2/2016,North Dry Rocks,25.12983,-80.29369,Nearshore,Conch Reef 2,ND1-165-Y,13,RM,0.99,0,26.00,14.00,17.00,0
12/2/2016,AAA,25.16864,-80.26669,Nearshore,Conch Reef 2,AA3-155-Y,14,RM,0.90,1,18.00,12.00,10.00,4
12/2/2016,AAA,25.16864,-80.26669,Nearshore,Conch Reef 1,AA3-156-W,12,RM,0.99,1,16.50,16.50,11.00,0
12/2/2016,AAA,25.16864,-80.26669,Nearshore,Conch Reef 2,AA3-156-Y,13,OK,1.00,0,18.00,17.50,12.50,0
12/2/2016,Horseshoe,25.14023,-80.29410,Nearshore,Conch Reef 2,HS2-244-Y,11,OK,1.00,1,13.50,11.00,9.50,0
12/2/2016,AAA,25.16864,-80.26669,Nearshore,Conch Reef 1,AA3-157-W,13,OK,1.00,0,23.00,11.50,13.50,0
12/2/2016,AAA,25.16864,-80.26669,Nearshore,Conch Reef 2,AA3-153-Y,14,RM,0.85,1,18.50,14.50,7.50,2
12/2/2016,AAA,25.16864,-80.26669,Nearshore,Conch Reef 1,AA3-158-W,11,OK,0.10,0,11.00,5.00,3.00,0
12/2/2016,AAA,25.16864,-80.26669,Nearshore,Conch Reef 2,AA3-158-Y,11,RM,0.99,1,22.50,21.00,11.00,1
12/2/2016,AAA,25.16864,-80.26669,Nearshore,Conch Reef 1,AA3-159-W,11,RM,0.99,0,19.00,7.50,8.00,0
12/2/2016,AAA,25.16864,-80.26669,Nearshore,Conch Reef 2,AA3-159-Y,11,OK,1.00,1,20.00,17.00,10.00,0
12/2/2016,AAA,25.16864,-80.26669,Nearshore,Conch Reef 1,AA3-160-W,11,OK,1.00,1,18.50,12.00,10.00,0
12/2/2016,AAA,25.16864,-80.26669,Nearshore,Conch Reef 2,AA3-160-Y,11,OK,1.00,1,18.50,15.00,13.00,0
12/2/2016,AAA,25.16864,-80.26669,Nearshore,Horseshoe Reef,AA3-157-P,13,RM,0.99,0,13.50,10.00,9.00,0
12/2/2016,AAA,25.16860,-80.26677,Nearshore,Conch Reef 2,AA2-148-Y,11,OK,0.05,1,10.00,8.00,6.00,0
12/2/2016,AAA,25.16860,-80.26677,Nearshore,Conch Reef 2,AA2-142-Y,13,RM,0.80,0,13.00,10.50,9.50,3
12/2/2016,AAA,25.16860,-80.26677,Nearshore,Conch Reef 1,AA2-143-W,14,RM,0.99,1,7.50,4.50,5.00,0
12/2/2016,AAA,25.16860,-80.26677,Nearshore,Conch Reef 2,AA2-143-Y,13,OK,1.00,0,16.50,15.00,10.00,0
12/2/2016,AAA,25.16860,-80.26677,Nearshore,Conch Reef 2,AA2-144-Y,13,RM,0.99,1,16.50,9.00,7.00,1
12/2/2016,AAA,25.16860,-80.26677,Nearshore,Horseshoe Reef,AA2-146-P,12,OK,1.00,1,10.50,5.50,5.00,0
12/2/2016,AAA,25.16864,-80.26669,Nearshore,Horseshoe Reef,AA3-155-P,13,OK,1.00,1,6.00,6.00,2.00,0
12/2/2016,AAA,25.16860,-80.26677,Nearshore,Conch Reef 2,AA2-147-Y,12,RM,0.90,1,15.50,9.00,6.50,1
12/2/2016,AAA,25.16864,-80.26669,Nearshore,Conch Reef 2,AA3-154-Y,13,OK,1.00,0,18.00,8.50,9.00,0
12/2/2016,AAA,25.16860,-80.26677,Nearshore,Conch Reef 2,AA2-150-Y,11,OK,1.00,0,16.50,15.50,7.00,0
12/2/2016,AAA,25.16864,-80.26669,Nearshore,Horseshoe Reef,AA3-151-P,15,OK,1.00,0,6.00,4.50,6.00,0
12/2/2016,AAA,25.16864,-80.26669,Nearshore,Conch Reef 1,AA3-151-W,15,OK,1.00,0,13.50,10.50,15.00,0
12/2/2016,AAA,25.16864,-80.26669,Nearshore,Conch Reef 2,AA3-151-Y,15,OK,1.00,0,24.00,14.00,11.00,0
12/2/2016,AAA,25.16864,-80.26669,Nearshore,Conch Reef 2,AA3-152-Y,14,OK,1.00,1,15.00,9.50,8.00,0
12/2/2016,AAA,25.16864,-80.26669,Nearshore,Horseshoe Reef,AA3-153-P,14,OK,1.00,0,11.00,9.00,6.00,0
12/2/2016,AAA,25.16860,-80.26677,Nearshore,Conch Reef 2,AA2-146-Y,12,RM,0.99,2,26.50,23.00,11.00,2
12/2/2016,Horseshoe,25.14023,-80.29410,Nearshore,Conch Reef 2,HS2-242-Y,10,OK,1.00,0,19.00,15.00,12.00,0
12/2/2016,Horseshoe,25.14023,-80.29410,Nearshore,Conch Reef 1,HS1-235-W,10,OK,1.00,1,12.00,11.00,5.50,0
12/2/2016,Horseshoe,25.14023,-80.29410,Nearshore,Conch Reef 2,HS1-235-Y,11,OK,1.00,1,16.50,12.00,12.50,0
12/2/2016,Horseshoe,25.14023,-80.29410,Nearshore,Conch Reef 1,HS1-236-W,10,OK,1.00,1,12.50,11.00,8.50,0
12/2/2016,Horseshoe,25.14023,-80.29410,Nearshore,Horseshoe Reef,HS1-237-P,9,OK,1.00,1,5.00,4.00,1.00,0
12/2/2016,Horseshoe,25.14023,-80.29410,Nearshore,Conch Reef 2,HS1-237-Y,10,OK,1.00,1,17.00,13.50,7.50,0
12/2/2016,Horseshoe,25.14023,-80.29410,Nearshore,Horseshoe Reef,HS1-239-P,11,D,0.00,N/A,N/A,N/A,N/A,N/A
12/2/2016,Horseshoe,25.14023,-80.29410,Nearshore,Horseshoe Reef,HS1-235-P,10,OK,1.00,0,15.00,12.00,7.00,0
12/2/2016,Horseshoe,25.14023,-80.29410,Nearshore,Conch Reef 1,HS2-243-W,11,OK,1.00,1,12.50,8.00,8.50,0
12/2/2016,Horseshoe,25.14023,-80.29410,Nearshore,Conch Reef 2,HS1-236-Y,10,RM,0.99,1,17.00,15.00,12.00,0
12/2/2016,Horseshoe,25.14023,-80.29410,Nearshore,Conch Reef 1,HS2-242-W,11,OK,1.00,0,14.00,9.00,9.50,0
12/2/2016,Horseshoe,25.14023,-80.29410,Nearshore,Horseshoe Reef,HS2-242-P,10,OK,1.00,0,12.50,12.00,8.50,0
12/2/2016,Horseshoe,25.14023,-80.29410,Nearshore,Conch Reef 2,HS1-239-Y,10,D,0.00,N/A,N/A,N/A,N/A,N/A
12/2/2016,Horseshoe,25.14023,-80.29410,Nearshore,Conch Reef 1,HS1-239-W,10,RM,0.90,0,9.50,5.00,8.00,1
12/2/2016,AAA,25.16864,-80.26669,Nearshore,Conch Reef 1,AA3-155-W,13,RM,0.99,1,13.00,7.00,10.00,1
12/2/2016,Horseshoe,25.14023,-80.29410,Nearshore,Conch Reef 1,HS1-228-W,10,OK,1.00,0,16.00,9.00,11.00,0
12/2/2016,Horseshoe,25.14023,-80.29410,Nearshore,Conch Reef 2,HS2-243-Y,11,OK,1.00,1,16.00,9.50,7.00,0
12/2/2016,Horseshoe,25.14023,-80.29410,Nearshore,Conch Reef 1,HS1-230-W,12,OK,1.00,1,17.50,10.00,8.50,0
12/2/2016,Horseshoe,25.14023,-80.29410,Nearshore,Conch Reef 2,HS1-228-Y,10,OK,1.00,1,16.00,12.00,8.00,0
12/2/2016,Horseshoe,25.14023,-80.29410,Nearshore,Horseshoe Reef,HS1-229-P,10,OK,1.00,0,18.00,13.00,7.00,0
12/2/2016,Horseshoe,25.14023,-80.29410,Nearshore,Conch Reef 1,HS1-237-W,10,RM,0.90,1,7.50,6.50,7.50,2
12/2/2016,Horseshoe,25.14023,-80.29410,Nearshore,Conch Reef 2,HS1-229-Y,11,RM,0.99,1,15.00,14.00,13.00,1
12/2/2016,Horseshoe,25.14023,-80.29410,Nearshore,Conch Reef 2,HS1-234-Y,11,OK,1.00,1,18.00,13.00,10.50,0
12/2/2016,Horseshoe,25.14023,-80.29410,Nearshore,Conch Reef 2,HS1-230-Y,12,OK,1.00,1,13.50,11.00,10.00,0
12/2/2016,Horseshoe,25.14023,-80.29410,Nearshore,Conch Reef 1,HS1-231-W,13,RM,0.99,0,12.00,11.00,9.50,0
12/2/2016,Horseshoe,25.14023,-80.29410,Nearshore,Conch Reef 2,HS1-231-Y,12,OK,1.00,1,21.50,13.00,13.50,0
12/2/2016,Horseshoe,25.14023,-80.29410,Nearshore,Conch Reef 2,HS1-232-Y,13,OK,1.00,1,17.00,13.00,11.00,0
12/2/2016,Horseshoe,25.14023,-80.29410,Nearshore,Conch Reef 1,HS1-233-W,12,OK,1.00,1,14.50,11.50,13.50,0
12/2/2016,Horseshoe,25.14023,-80.29410,Nearshore,Conch Reef 1,HS2-244-W,10,RM,0.90,1,11.00,9.00,8.00,0
12/2/2016,Horseshoe,25.14023,-80.29410,Nearshore,Conch Reef 2,HS1-233-Y,11,OK,1.00,1,12.00,11.00,14.00,0
12/2/2016,Horseshoe,25.14023,-80.29410,Nearshore,Conch Reef 1,HS1-234-W,11,OK,1.00,1,12.50,12.00,8.00,0
12/2/2016,Horseshoe,25.14023,-80.29410,Nearshore,Conch Reef 1,HS1-232-W,13,OK,1.00,1,21.50,14.00,11.00,0
12/2/2016,Horseshoe,25.14023,-80.29410,Nearshore,Conch Reef 1,HS1-229-W,11,RM,0.99,0,15.00,9.00,10.00,0
12/2/2016,Horseshoe,25.14023,-80.29410,Nearshore,Horseshoe Reef,HS1-234-P,11,RM,0.95,0,14.00,13.00,6.00,0
12/7/2016,Pickles Reef,24.98575,-80.41558,Offshore,Horseshoe Reef,PI5-120-P,14,OK,1.00,1,19.00,17.00,8.00,0
12/7/2016,Pickles Reef,24.98575,-80.41558,Offshore,Conch Reef 1,PI5-118-W,15,OK,1.00,1,25.00,19.00,15.50,0
12/7/2016,Pickles Reef,24.98575,-80.41558,Offshore,Conch Reef 2,PI5-118-Y,15,OK,1.00,1,29.00,18.50,11.50,0
12/7/2016,Pickles Reef,24.98575,-80.41558,Offshore,Snapper Ledge,PI5-119-B,14,OK,1.00,0,19.00,11.50,6.00,0
12/7/2016,Pickles Reef,24.98575,-80.41558,Offshore,Horseshoe Reef,PI5-119-P,15,OK,1.00,1,20.00,12.00,11.50,0
12/7/2016,Pickles Reef,24.98575,-80.41558,Offshore,Conch Reef 1,PI5-119-W,14,RM,0.95,2,27.50,15.00,13.00,2
12/7/2016,Pickles Reef,24.98575,-80.41558,Offshore,Snapper Ledge,PI5-120-B,14,OK,1.00,0,15.50,13.00,6.00,0
12/7/2016,Pickles Reef,24.98575,-80.41558,Offshore,Conch Reef 1,PI5-120-W,14,OK,1.00,1,18.50,12.50,9.00,0
12/7/2016,Pickles Reef,24.98575,-80.41558,Offshore,Snapper Ledge,PI5-115-B,15,OK,1.00,0,10.00,5.50,4.00,0
12/7/2016,Pickles Reef,24.98575,-80.41558,Offshore,Horseshoe Reef,PI5-118-P,15,OK,1.00,1,15.00,13.00,8.50,0
12/7/2016,Pickles Reef,24.98575,-80.41558,Offshore,Conch Reef 2,PI5-119-Y,15,OK,1.00,1,21.00,20.00,13.00,0
12/7/2016,Pickles Reef,24.98575,-80.41558,Offshore,Conch Reef 2,PI5-115-Y,15,RM,0.35,1,18.00,14.50,9.50,0
12/7/2016,Pickles Reef,24.98575,-80.41558,Offshore,Horseshoe Reef,PI5-113-P,16,OK,1.00,1,25.00,15.00,11.00,0
12/7/2016,Pickles Reef,24.98575,-80.41558,Offshore,Conch Reef 1,PI5-113-W,15,OK,0.80,1,14.50,13.00,16.00,0
12/7/2016,Pickles Reef,24.98575,-80.41558,Offshore,Conch Reef 2,PI5-113-Y,16,OK,1.00,2,24.00,24.00,8.50,0
12/7/2016,Pickles Reef,24.98575,-80.41558,Offshore,Horseshoe Reef,PI5-114-P,15,OK,1.00,0,5.50,4.00,1.50,0
12/7/2016,Pickles Reef,24.98575,-80.41558,Offshore,Conch Reef 1,PI5-114-W,15,OK,1.00,1,23.00,16.00,11.00,0
12/7/2016,Pickles Reef,24.98575,-80.41558,Offshore,Conch Reef 2,PI5-114-Y,16,OK,1.00,2,17.00,12.00,7.00,0
12/7/2016,Pickles Reef,24.98573,-80.41569,Offshore,Horseshoe Reef,PI6-124-P,14,OK,1.00,1,18.50,11.00,11.00,0
12/7/2016,Pickles Reef,24.98575,-80.41558,Offshore,Conch Reef 1,PI5-115-W,15,D,0.00,N/A,N/A,N/A,N/A,N/A
12/7/2016,Pickles Reef,24.98575,-80.41558,Offshore,Conch Reef 2,PI5-120-Y,14,OK,1.00,1,24.50,18.00,13.00,0
12/7/2016,Pickles Reef,24.98575,-80.41558,Offshore,Snapper Ledge,PI5-118-B,15,OK,1.00,1,12.50,10.00,5.00,0
12/7/2016,Pickles Reef,24.98575,-80.41558,Offshore,Snapper Ledge,PI5-116-B,15,OK,0.30,1,9.00,3.50,4.50,0
12/7/2016,Pickles Reef,24.98575,-80.41558,Offshore,Horseshoe Reef,PI5-116-P,15,OK,1.00,1,24.00,19.00,18.50,0
12/7/2016,Pickles Reef,24.98575,-80.41558,Offshore,Conch Reef 1,PI5-116-W,15,RM,0.95,1,22.00,8.00,10.00,0
12/7/2016,Pickles Reef,24.98575,-80.41558,Offshore,Conch Reef 2,PI5-116-Y,15,OK,1.00,1,28.50,18.00,12.00,0
12/7/2016,Pickles Reef,24.98575,-80.41558,Offshore,Snapper Ledge,PI5-117-B,15,OK,1.00,1,17.50,8.50,7.50,0
12/7/2016,Pickles Reef,24.98575,-80.41558,Offshore,Horseshoe Reef,PI5-117-P,15,OK,1.00,0,11.00,11.00,9.00,0
12/7/2016,Pickles Reef,24.98575,-80.41558,Offshore,Conch Reef 1,PI5-117-W,15,OK,1.00,1,16.50,15.00,14.50,0
12/7/2016,Pickles Reef,24.98575,-80.41558,Offshore,Conch Reef 2,PI5-117-Y,15,OK,1.00,1,30.50,20.00,16.50,0
12/7/2016,Pickles Reef,24.98575,-80.41558,Offshore,Horseshoe Reef,PI5-115-P,15,OK,1.00,1,14.50,5.50,6.00,0
12/7/2016,Pickles Reef,24.98573,-80.41569,Offshore,Snapper Ledge,PI6-129-B,14,OK,1.00,1,5.50,3.00,2.00,0
12/7/2016,Pickles Reef,24.98573,-80.41569,Offshore,Conch Reef 1,PI6-123-W,14,RM,0.95,1,18.00,13.00,10.50,2
12/7/2016,Pickles Reef,24.98573,-80.41569,Offshore,Snapper Ledge,PI6-127-B,13,OK,1.00,0,13.50,12.50,8.00,0
12/7/2016,Pickles Reef,24.98573,-80.41569,Offshore,Horseshoe Reef,PI6-127-P,14,RM,0.95,1,17.00,13.00,10.50,1
12/7/2016,Pickles Reef,24.98573,-80.41569,Offshore,Conch Reef 1,PI6-127-W,13,OK,0.99,1,20.50,11.00,11.00,0
12/7/2016,Pickles Reef,24.98573,-80.41569,Offshore,Conch Reef 2,PI6-127-Y,14,OK,1.00,1,21.00,19.00,8.50,0
12/7/2016,Pickles Reef,24.98573,-80.41569,Offshore,Horseshoe Reef,PI6-128-P,13,OK,1.00,1,24.00,19.00,10.00,0
12/7/2016,Pickles Reef,24.98573,-80.41569,Offshore,Conch Reef 1,PI6-126-W,14,RM,0.95,1,19.00,14.50,13.00,4
12/7/2016,Pickles Reef,24.98573,-80.41569,Offshore,Conch Reef 2,PI6-128-Y,14,OK,1.00,1,25.00,17.00,13.00,0
12/7/2016,Pickles Reef,24.98573,-80.41569,Offshore,Horseshoe Reef,PI6-126-P,14,OK,1.00,0,26.50,19.00,10.00,0
12/7/2016,Pickles Reef,24.98573,-80.41569,Offshore,Horseshoe Reef,PI6-129-P,14,OK,0.90,1,7.00,6.50,6.00,0
12/7/2016,Pickles Reef,24.98573,-80.41569,Offshore,Conch Reef 1,PI6-129-W,14,OK,1.00,1,10.50,5.00,5.00,0
12/7/2016,Pickles Reef,24.98573,-80.41569,Offshore,Conch Reef 2,PI6-129-Y,14,OK,1.00,2,14.50,14.00,3.50,0
12/7/2016,Pickles Reef,24.98573,-80.41569,Offshore,Snapper Ledge,PI6-130-B,13,D,0.00,N/A,N/A,N/A,N/A,N/A
12/7/2016,Pickles Reef,24.98573,-80.41569,Offshore,Horseshoe Reef,PI6-130-P,13,RM,0.99,0,5.50,4.00,4.00,0
12/7/2016,Pickles Reef,24.98573,-80.41569,Offshore,Conch Reef 1,PI6-130-W,13,OK,1.00,0,3.00,2.50,2.00,0
12/7/2016,Pickles Reef,24.98573,-80.41569,Offshore,Conch Reef 1,PI6-128-W,13,RM,0.85,1,16.00,13.00,14.00,2
12/7/2016,Pickles Reef,24.98607,-80.41506,Offshore,Horseshoe Reef,PI4-106-P,16,OK,1.00,0,17.00,13.00,9.00,0
12/7/2016,Pickles Reef,24.98573,-80.41569,Offshore,Conch Reef 1,PI6-121-W,15,OK,1.00,2,18.00,15.00,12.00,0
12/7/2016,Pickles Reef,24.98573,-80.41569,Offshore,Conch Reef 2,PI6-121-Y,15,OK,1.00,2,17.50,10.00,8.00,0
12/7/2016,Pickles Reef,24.98573,-80.41569,Offshore,Horseshoe Reef,PI6-122-P,14,RM,0.75,1,16.00,13.00,6.00,2
12/7/2016,Pickles Reef,24.98573,-80.41569,Offshore,Conch Reef 1,PI6-122-W,14,RM,0.90,1,22.00,15.50,13.00,2
12/7/2016,Pickles Reef,24.98573,-80.41569,Offshore,Conch Reef 2,PI6-122-Y,14,RM,0.15,1,11.00,10.00,3.50,0
12/7/2016,Pickles Reef,24.98573,-80.41569,Offshore,Horseshoe Reef,PI6-123-P,14,RM,0.95,1,16.00,14.00,8.50,2
12/7/2016,Pickles Reef,24.98573,-80.41569,Offshore,Conch Reef 2,PI6-126-Y,14,OK,1.00,1,16.00,15.50,11.00,0
12/7/2016,Pickles Reef,24.98573,-80.41569,Offshore,Conch Reef 2,PI6-123-Y,14,OK,1.00,0,20.00,16.00,13.50,0
12/7/2016,Pickles Reef,24.98573,-80.41569,Offshore,Snapper Ledge,PI6-121-B,15,OK,0.40,0,9.00,4.00,4.00,0
12/7/2016,Pickles Reef,24.98573,-80.41569,Offshore,Conch Reef 1,PI6-124-W,14,OK,1.00,1,25.50,13.50,11.00,0
12/7/2016,Pickles Reef,24.98573,-80.41569,Offshore,Conch Reef 2,PI6-124-Y,14,OK,1.00,2,22.50,21.50,10.00,0
12/7/2016,Pickles Reef,24.98573,-80.41569,Offshore,Horseshoe Reef,PI6-125-P,14,OK,1.00,1,19.00,17.00,7.00,0
12/7/2016,Pickles Reef,24.98573,-80.41569,Offshore,Conch Reef 1,PI6-125-W,14,OK,1.00,1,19.00,17.00,11.00,0
12/7/2016,Pickles Reef,24.98573,-80.41569,Offshore,Conch Reef 2,PI6-125-Y,14,OK,1.00,2,24.00,21.50,11.00,2
12/7/2016,Pickles Reef,24.98573,-80.41569,Offshore,Snapper Ledge,PI6-126-B,14,OK,1.00,1,19.50,16.00,10.00,0
12/7/2016,Pickles Reef,24.98575,-80.41558,Offshore,Snapper Ledge,PI5-113-B,15,OK,1.00,1,21.00,20.00,12.00,0
12/7/2016,Molasses Reef,25.01060,-80.37275,Offshore,Snapper Ledge,ML4-198-B,17,RM,0.70,1,14.00,12.50,6.00,1
12/7/2016,Molasses Reef,25.01060,-80.37275,Offshore,Conch Reef 2,ML4-201-Y,19,D,0.00,N/A,N/A,N/A,N/A,N/A
12/7/2016,Molasses Reef,25.01060,-80.37275,Offshore,Conch Reef 1,ML4-201-W,19,D,0.00,N/A,N/A,N/A,N/A,N/A
12/7/2016,Molasses Reef,25.01060,-80.37275,Offshore,Conch Reef 1,ML4-200-W,18,RM,0.15,1,12.00,7.50,4.50,0
12/7/2016,Molasses Reef,25.01060,-80.37275,Offshore,Snapper Ledge,ML4-200-B,19,D,0.00,N/A,N/A,N/A,N/A,N/A
12/7/2016,Molasses Reef,25.01060,-80.37275,Offshore,Conch Reef 2,ML4-198-Y,17,D,0.00,N/A,N/A,N/A,N/A,N/A
12/7/2016,Pickles Reef,24.98607,-80.41506,Offshore,Snapper Ledge,PI4-101-B,17,OK,0.50,1,2.00,2.00,1.00,0
12/7/2016,Molasses Reef,25.01060,-80.37275,Offshore,Horseshoe Reef,ML4-198-P,17,D,0.00,N/A,N/A,N/A,N/A,N/A
12/7/2016,Molasses Reef,25.01060,-80.37275,Offshore,Conch Reef 1,ML4-203-W,19,OK,0.50,1,17.50,17.00,8.00,0
12/7/2016,Molasses Reef,25.01060,-80.37275,Offshore,Conch Reef 2,ML4-196-Y,17,OK,1.00,1,23.50,10.50,9.50,0
12/7/2016,Molasses Reef,25.01060,-80.37275,Offshore,Conch Reef 2,ML4-195-Y,17,RM,0.85,1,15.00,9.00,8.00,0
12/7/2016,Molasses Reef,25.01060,-80.37275,Offshore,Conch Reef 1,ML4-195-W,17,OK,0.80,1,4.50,3.00,17.00,0
12/7/2016,Molasses Reef,25.01060,-80.37275,Offshore,Snapper Ledge,ML4-195-B,17,OK,0.40,0,12.50,10.00,4.00,0
12/7/2016,Molasses Reef,25.01060,-80.37275,Offshore,Conch Reef 2,ML4-194-Y,17,D,0.00,N/A,N/A,N/A,N/A,N/A
12/7/2016,Pickles Reef,24.98607,-80.41506,Offshore,Conch Reef 2,PI4-106-Y,16,RM,0.99,2,23.50,13.00,12.50,0
12/7/2016,Molasses Reef,25.01060,-80.37275,Offshore,Conch Reef 1,ML4-198-W,17,D,0.00,N/A,N/A,N/A,N/A,N/A
12/7/2016,Molasses Reef,25.01060,-80.37275,Offshore,Conch Reef 1,ML5-210-W,19,RM,0.50,1,14.50,6.00,5.00,1
12/7/2016,Pickles Reef,24.98573,-80.41569,Offshore,Conch Reef 2,PI6-130-Y,13,OK,1.00,0,5.50,3.50,2.00,0
12/7/2016,Molasses Reef,25.01060,-80.37275,Offshore,Conch Reef 2,ML5-216-Y,19,D,0.00,N/A,N/A,N/A,N/A,N/A
12/7/2016,Molasses Reef,25.01060,-80.37275,Offshore,Conch Reef 1,ML5-216-W,19,D,0.00,N/A,N/A,N/A,N/A,N/A
12/7/2016,Molasses Reef,25.01060,-80.37275,Offshore,Horseshoe Reef,ML5-215-P,19,D,0.00,N/A,N/A,N/A,N/A,N/A
12/7/2016,Molasses Reef,25.01060,-80.37275,Offshore,Conch Reef 1,ML5-212-W,20,RM,0.95,1,18.00,16.00,13.00,2
12/7/2016,Molasses Reef,25.01060,-80.37275,Offshore,Snapper Ledge,ML5-212-B,19,RM,0.99,0,5.00,4.50,4.00,0
12/7/2016,Molasses Reef,25.01060,-80.37275,Offshore,Conch Reef 1,ML4-202-W,19,RM,0.99,0,4.00,3.00,7.00,0
12/7/2016,Molasses Reef,25.01060,-80.37275,Offshore,Conch Reef 2,ML5-210-Y,20,OK,1.00,0,7.00,5.50,5.00,0
12/7/2016,Molasses Reef,25.01060,-80.37275,Offshore,Horseshoe Reef,ML4-203-P,19,RM,0.99,2,17.00,10.50,4.50,1
12/7/2016,Molasses Reef,25.01060,-80.37275,Offshore,Conch Reef 1,ML5-209-W,19,D,0.00,N/A,N/A,N/A,N/A,N/A
12/7/2016,Molasses Reef,25.01060,-80.37275,Offshore,Conch Reef 2,ML5-207-Y,20,D,0.00,N/A,N/A,N/A,N/A,N/A
12/7/2016,Molasses Reef,25.01060,-80.37275,Offshore,Conch Reef 1,ML5-207-W,19,RM,0.95,1,4.50,3.00,1.50,0
12/7/2016,Molasses Reef,25.01060,-80.37275,Offshore,Conch Reef 1,ML5-206-W,20,D,0.00,N/A,N/A,N/A,N/A,N/A
12/7/2016,Molasses Reef,25.01060,-80.37275,Offshore,Conch Reef 1,ML4-205-W,19,OK,1.00,2,23.00,8.50,10.50,0
12/7/2016,Pickles Reef,24.98607,-80.41506,Offshore,Horseshoe Reef,PI4-101-P,17,RM,0.45,1,23.00,18.00,9.00,9
12/7/2016,Molasses Reef,25.01060,-80.37275,Offshore,Conch Reef 2,ML5-211-Y,19,RM,0.95,0,20.00,18.00,14.00,2
12/7/2016,Pickles Reef,24.98607,-80.41506,Offshore,Conch Reef 1,PI4-109-W,16,OK,1.00,1,1.50,1.00,0.50,0
12/7/2016,Pickles Reef,24.98607,-80.41506,Offshore,Conch Reef 2,PI4-107-Y,16,RM,0.90,1,22.50,14.00,10.50,3
12/7/2016,Pickles Reef,24.98607,-80.41506,Offshore,Snapper Ledge,PI4-108-B,15,OK,1.00,1,22.50,17.50,9.00,0
12/7/2016,Pickles Reef,24.98607,-80.41506,Offshore,Horseshoe Reef,PI4-108-P,15,RM,0.99,0,21.00,18.00,9.50,0
12/7/2016,Pickles Reef,24.98607,-80.41506,Offshore,Conch Reef 1,PI4-108-W,15,OK,1.00,1,18.50,13.50,10.00,0
12/7/2016,Pickles Reef,24.98607,-80.41506,Offshore,Conch Reef 2,PI4-108-Y,15,RM,0.80,1,24.00,18.00,11.50,2
12/7/2016,Molasses Reef,25.01060,-80.37275,Offshore,Conch Reef 2,ML4-193-Y,18,OK,1.00,0,2.50,1.00,1.50,0
12/7/2016,Pickles Reef,24.98607,-80.41506,Offshore,Horseshoe Reef,PI4-109-P,16,D,0.00,N/A,N/A,N/A,N/A,N/A
12/7/2016,Pickles Reef,24.98607,-80.41506,Offshore,Snapper Ledge,PI4-106-B,16,RM,0.70,2,22.00,17.00,7.00,0
12/7/2016,Pickles Reef,24.98607,-80.41506,Offshore,Conch Reef 2,PI4-110-Y,16,D,0.00,N/A,N/A,N/A,N/A,N/A
12/7/2016,Pickles Reef,24.98575,-80.41558,Offshore,Snapper Ledge,PI5-111-B,16,RM,0.75,1,15.00,15.00,6.50,0
12/7/2016,Pickles Reef,24.98575,-80.41558,Offshore,Horseshoe Reef,PI5-111-P,16,RM,0.99,1,16.00,11.00,7.50,0
12/7/2016,Pickles Reef,24.98575,-80.41558,Offshore,Conch Reef 1,PI5-111-W,16,RM,0.95,1,16.00,13.50,11.50,1
12/7/2016,Pickles Reef,24.98575,-80.41558,Offshore,Conch Reef 2,PI5-111-Y,16,OK,1.00,1,23.50,22.00,13.00,0
12/7/2016,Pickles Reef,24.98575,-80.41558,Offshore,Conch Reef 1,PI5-112-W,15,OK,1.00,0,18.50,17.00,15.00,0
12/7/2016,Pickles Reef,24.98607,-80.41506,Offshore,Snapper Ledge,PI4-109-B,16,D,0.00,N/A,N/A,N/A,N/A,N/A
12/7/2016,Pickles Reef,24.98607,-80.41506,Offshore,Conch Reef 1,PI4-104-W,17,OK,1.00,0,22.00,20.50,15.00,0
12/7/2016,Pickles Reef,24.98607,-80.41506,Offshore,Conch Reef 1,PI4-101-W,17,RM,0.90,1,14.00,14.00,12.00,1
12/7/2016,Pickles Reef,24.98607,-80.41506,Offshore,Conch Reef 2,PI4-101-Y,17,OK,1.00,0,22.00,20.00,13.50,0
12/7/2016,Pickles Reef,24.98607,-80.41506,Offshore,Snapper Ledge,PI4-102-B,17,RM,0.95,1,23.00,13.50,11.00,0
12/7/2016,Pickles Reef,24.98607,-80.41506,Offshore,Conch Reef 1,PI4-102-W,17,D,0.00,N/A,N/A,N/A,N/A,N/A
12/7/2016,Pickles Reef,24.98607,-80.41506,Offshore,Snapper Ledge,PI4-103-B,17,OK,1.00,1,4.00,2.50,1.00,0
12/7/2016,Pickles Reef,24.98607,-80.41506,Offshore,Horseshoe Reef,PI4-103-P,17,RM,0.15,1,9.00,4.50,8.00,0
12/7/2016,Pickles Reef,24.98607,-80.41506,Offshore,Conch Reef 1,PI4-107-W,16,OK,1.00,1,24.00,16.00,22.50,0
12/7/2016,Pickles Reef,24.98607,-80.41506,Offshore,Horseshoe Reef,PI4-104-P,17,OK,1.00,1,23.00,14.00,13.50,0
12/7/2016,Pickles Reef,24.98607,-80.41506,Offshore,Conch Reef 1,PI4-106-W,16,OK,1.00,1,22.00,11.00,13.00,0
12/7/2016,Pickles Reef,24.98607,-80.41506,Offshore,Conch Reef 2,PI4-104-Y,17,OK,0.95,1,22.50,21.50,12.50,0
12/7/2016,Pickles Reef,24.98607,-80.41506,Offshore,Snapper Ledge,PI4-105-B,16,OK,1.00,0,16.00,8.00,6.00,0
12/7/2016,Pickles Reef,24.98607,-80.41506,Offshore,Horseshoe Reef,PI4-105-P,17,OK,1.00,1,15.50,12.50,5.50,0
12/7/2016,Pickles Reef,24.98607,-80.41506,Offshore,Conch Reef 1,PI4-105-W,16,RM,0.65,2,16.00,14.00,15.00,0
12/7/2016,Pickles Reef,24.98607,-80.41506,Offshore,Conch Reef 2,PI4-105-Y,17,OK,1.00,1,27.00,23.00,12.50,0
12/7/2016,Pickles Reef,24.98575,-80.41558,Offshore,Conch Reef 2,PI5-112-Y,15,OK,1.00,0,4.00,3.50,4.50,0
12/7/2016,Pickles Reef,24.98607,-80.41506,Offshore,Conch Reef 1,PI4-103-W,17,RM,0.75,1,13.00,8.00,10.00,0
