Survey Date,Reef,Latitude,Longitude,Full Genet Name,TagID,Treatment,Depth,Status,Proprtion_Live,Bleaching_Rank,Length,Width,Height,Snails
5/6/2014,Molasses Reef,25.01000,-80.37381,Snapper Ledge,ML2-125-L,Lg,16,OK,1.00,0,N/A,N/A,N/A,N/A
5/6/2014,Molasses Reef,25.01000,-80.37381,Snapper Ledge,ML2-118-L,Lg,16,OK,1.00,0,N/A,N/A,N/A,N/A
5/6/2014,Molasses Reef,25.01006,-80.37362,Snapper Ledge,ML1-101-S,Sm,19,OK,1.00,0,N/A,N/A,N/A,N/A
5/6/2014,Molasses Reef,25.01006,-80.37362,Snapper Ledge,ML1-101-L,Lg,19,OK,1.00,0,N/A,N/A,N/A,N/A
5/6/2014,Molasses Reef,25.01000,-80.37381,Snapper Ledge,ML2-118-S,Sm,16,OK,1.00,0,N/A,N/A,N/A,N/A
5/6/2014,Molasses Reef,25.01000,-80.37381,Snapper Ledge,ML2-119-L,Lg,17,OK,1.00,0,N/A,N/A,N/A,N/A
5/6/2014,Molasses Reef,25.01000,-80.37381,Snapper Ledge,ML2-119-S,Sm,17,OK,1.00,0,N/A,N/A,N/A,N/A
5/6/2014,Molasses Reef,25.01000,-80.37381,Snapper Ledge,ML2-120-L,Lg,17,OK,1.00,0,N/A,N/A,N/A,N/A
5/6/2014,Molasses Reef,25.01000,-80.37381,Snapper Ledge,ML2-121-L,Lg,16,OK,1.00,0,N/A,N/A,N/A,N/A
5/6/2014,Molasses Reef,25.01000,-80.37381,Snapper Ledge,ML2-121-S,Sm,17,OK,1.00,0,N/A,N/A,N/A,N/A
5/6/2014,Molasses Reef,25.01000,-80.37381,Snapper Ledge,ML2-122-L,Lg,18,OK,1.00,0,N/A,N/A,N/A,N/A
5/6/2014,Molasses Reef,25.01000,-80.37381,Snapper Ledge,ML2-122-S,Sm,17,OK,1.00,0,N/A,N/A,N/A,N/A
5/6/2014,Molasses Reef,25.01000,-80.37381,Snapper Ledge,ML2-123-L,Lg,17,OK,1.00,0,N/A,N/A,N/A,N/A
5/6/2014,Molasses Reef,25.01000,-80.37381,Snapper Ledge,ML2-123-S,Sm,17,OK,1.00,0,N/A,N/A,N/A,N/A
5/6/2014,Molasses Reef,25.00984,-80.37395,Snapper Ledge,ML3-132-L,Lg,18,OK,1.00,0,N/A,N/A,N/A,N/A
5/6/2014,Molasses Reef,25.01000,-80.37381,Snapper Ledge,ML2-128-L,Lg,14,OK,1.00,0,N/A,N/A,N/A,N/A
5/6/2014,Molasses Reef,25.00984,-80.37395,Snapper Ledge,ML3-131-S,Sm,18,OK,1.00,0,N/A,N/A,N/A,N/A
5/6/2014,Molasses Reef,25.00984,-80.37395,Snapper Ledge,ML3-131-L,Lg,18,OK,1.00,0,N/A,N/A,N/A,N/A
5/6/2014,Molasses Reef,25.00984,-80.37395,Snapper Ledge,ML3-130-S,Sm,19,OK,1.00,0,N/A,N/A,N/A,N/A
5/6/2014,Molasses Reef,25.00984,-80.37395,Snapper Ledge,ML3-130-L,Lg,19,OK,1.00,0,N/A,N/A,N/A,N/A
5/6/2014,Molasses Reef,25.00984,-80.37395,Snapper Ledge,ML3-129-S,Sm,19,OK,1.00,0,N/A,N/A,N/A,N/A
5/6/2014,Molasses Reef,25.01000,-80.37381,Snapper Ledge,ML2-124-L,Lg,16,OK,1.00,0,N/A,N/A,N/A,N/A
5/6/2014,Molasses Reef,25.01000,-80.37381,Snapper Ledge,ML2-128-S,Sm,14,OK,1.00,0,N/A,N/A,N/A,N/A
5/6/2014,Molasses Reef,25.01000,-80.37381,Snapper Ledge,ML2-124-S,Sm,15,OK,1.00,0,N/A,N/A,N/A,N/A
5/6/2014,Molasses Reef,25.01000,-80.37381,Snapper Ledge,ML2-127-S,Sm,15,OK,1.00,0,N/A,N/A,N/A,N/A
5/6/2014,Molasses Reef,25.01000,-80.37381,Snapper Ledge,ML2-127-L,Lg,15,OK,1.00,0,N/A,N/A,N/A,N/A
5/6/2014,Molasses Reef,25.01000,-80.37381,Snapper Ledge,ML2-126-S,Sm,16,OK,1.00,0,N/A,N/A,N/A,N/A
5/6/2014,Molasses Reef,25.01000,-80.37381,Snapper Ledge,ML2-126-L,Lg,16,OK,1.00,0,N/A,N/A,N/A,N/A
5/6/2014,Molasses Reef,25.01000,-80.37381,Snapper Ledge,ML2-125-S,Sm,16,OK,1.00,0,N/A,N/A,N/A,N/A
5/6/2014,Molasses Reef,25.01006,-80.37362,Snapper Ledge,ML1-102-S,Sm,19,OK,1.00,0,N/A,N/A,N/A,N/A
5/6/2014,Molasses Reef,25.01000,-80.37381,Snapper Ledge,ML2-117-L,Lg,17,OK,1.00,0,N/A,N/A,N/A,N/A
5/6/2014,Molasses Reef,25.01006,-80.37362,Snapper Ledge,ML1-108-L,Lg,15,OK,1.00,0,N/A,N/A,N/A,N/A
5/6/2014,Molasses Reef,25.01000,-80.37381,Snapper Ledge,ML2-117-S,Sm,17,OK,1.00,0,N/A,N/A,N/A,N/A
5/6/2014,Molasses Reef,25.01006,-80.37362,Snapper Ledge,ML1-113-L,Lg,16,OK,1.00,0,N/A,N/A,N/A,N/A
5/6/2014,Molasses Reef,25.01006,-80.37362,Snapper Ledge,ML1-112-S,Sm,15,OK,1.00,0,N/A,N/A,N/A,N/A
5/6/2014,Molasses Reef,25.01006,-80.37362,Snapper Ledge,ML1-107-L,Lg,16,OK,1.00,0,N/A,N/A,N/A,N/A
5/6/2014,Molasses Reef,25.01006,-80.37362,Snapper Ledge,ML1-112-L,Lg,15,OK,1.00,0,N/A,N/A,N/A,N/A
5/6/2014,Molasses Reef,25.01006,-80.37362,Snapper Ledge,ML1-113-S,Sm,16,OK,1.00,0,N/A,N/A,N/A,N/A
5/6/2014,Molasses Reef,25.01006,-80.37362,Snapper Ledge,ML1-111-S,Sm,17,OK,1.00,0,N/A,N/A,N/A,N/A
5/6/2014,Molasses Reef,25.01006,-80.37362,Snapper Ledge,ML1-106-L,Lg,16,OK,1.00,0,N/A,N/A,N/A,N/A
5/6/2014,Molasses Reef,25.01006,-80.37362,Snapper Ledge,ML1-108-S,Sm,15,OK,1.00,0,N/A,N/A,N/A,N/A
5/6/2014,Molasses Reef,25.01006,-80.37362,Snapper Ledge,ML1-111-L,Lg,17,OK,1.00,0,N/A,N/A,N/A,N/A
5/6/2014,Molasses Reef,25.01006,-80.37362,Snapper Ledge,ML1-110-S,Sm,16,OK,1.00,0,N/A,N/A,N/A,N/A
5/6/2014,Molasses Reef,25.01006,-80.37362,Snapper Ledge,ML1-109-L,Lg,17,OK,1.00,0,N/A,N/A,N/A,N/A
5/6/2014,Molasses Reef,25.01006,-80.37362,Snapper Ledge,ML1-110-L,Lg,16,OK,1.00,0,N/A,N/A,N/A,N/A
5/6/2014,Molasses Reef,25.01006,-80.37362,Snapper Ledge,ML1-109-S,Sm,17,OK,1.00,0,N/A,N/A,N/A,N/A
5/6/2014,Molasses Reef,25.01006,-80.37362,Snapper Ledge,ML1-107-S,Sm,16,OK,1.00,0,N/A,N/A,N/A,N/A
5/6/2014,Molasses Reef,25.01000,-80.37381,Snapper Ledge,ML2-115-S,Sm,18,OK,1.00,0,N/A,N/A,N/A,N/A
5/6/2014,Molasses Reef,25.00984,-80.37395,Snapper Ledge,ML3-129-L,Lg,18,OK,1.00,0,N/A,N/A,N/A,N/A
5/6/2014,Molasses Reef,25.01000,-80.37381,Snapper Ledge,ML2-120-S,Sm,17,OK,1.00,0,N/A,N/A,N/A,N/A
5/6/2014,Molasses Reef,25.01006,-80.37362,Snapper Ledge,ML1-103-L,Lg,17,OK,1.00,0,N/A,N/A,N/A,N/A
5/6/2014,Molasses Reef,25.01000,-80.37381,Snapper Ledge,ML2-116-S,Sm,18,OK,1.00,0,N/A,N/A,N/A,N/A
5/6/2014,Molasses Reef,25.01006,-80.37362,Snapper Ledge,ML1-103-S,Sm,17,OK,1.00,0,N/A,N/A,N/A,N/A
5/6/2014,Molasses Reef,25.01006,-80.37362,Snapper Ledge,ML1-106-S,Sm,16,OK,1.00,0,N/A,N/A,N/A,N/A
5/6/2014,Molasses Reef,25.01006,-80.37362,Snapper Ledge,ML1-104-L,Lg,16,OK,1.00,0,N/A,N/A,N/A,N/A
5/6/2014,Molasses Reef,25.01006,-80.37362,Snapper Ledge,ML1-102-L,Lg,19,OK,1.00,0,N/A,N/A,N/A,N/A
5/6/2014,Molasses Reef,25.01006,-80.37362,Snapper Ledge,ML1-104-S,Sm,16,OK,1.00,0,N/A,N/A,N/A,N/A
5/6/2014,Molasses Reef,25.01000,-80.37381,Snapper Ledge,ML2-115-L,Lg,19,OK,1.00,0,N/A,N/A,N/A,N/A
5/6/2014,Molasses Reef,25.01006,-80.37362,Snapper Ledge,ML1-105-L,Lg,16,OK,1.00,0,N/A,N/A,N/A,N/A
5/6/2014,Molasses Reef,25.01006,-80.37362,Snapper Ledge,ML1-114-S,Sm,14,OK,1.00,0,N/A,N/A,N/A,N/A
5/6/2014,Molasses Reef,25.01006,-80.37362,Snapper Ledge,ML1-105-S,Sm,17,OK,1.00,0,N/A,N/A,N/A,N/A
5/6/2014,Molasses Reef,25.01006,-80.37362,Snapper Ledge,ML1-114-L,Lg,14,OK,1.00,0,N/A,N/A,N/A,N/A
5/6/2014,Molasses Reef,25.01000,-80.37381,Snapper Ledge,ML2-116-L,Lg,17,OK,1.00,0,N/A,N/A,N/A,N/A
5/6/2014,Molasses Reef,25.00984,-80.37395,Snapper Ledge,ML3-135-L,Lg,18,OK,1.00,0,N/A,N/A,N/A,N/A
5/6/2014,Molasses Reef,25.00984,-80.37395,Snapper Ledge,ML3-132-S,Sm,18,OK,1.00,0,N/A,N/A,N/A,N/A
5/6/2014,Molasses Reef,25.00984,-80.37395,Snapper Ledge,ML3-137-L,Lg,16,OK,1.00,0,N/A,N/A,N/A,N/A
5/6/2014,Molasses Reef,25.00984,-80.37395,Snapper Ledge,ML3-136-S,Sm,17,OK,1.00,0,N/A,N/A,N/A,N/A
5/6/2014,Molasses Reef,25.00984,-80.37395,Snapper Ledge,ML3-139-S,Sm,17,OK,1.00,0,N/A,N/A,N/A,N/A
5/6/2014,Molasses Reef,25.00984,-80.37395,Snapper Ledge,ML3-142-S,Sm,17,OK,1.00,0,N/A,N/A,N/A,N/A
5/6/2014,Molasses Reef,25.00984,-80.37395,Snapper Ledge,ML3-138-S,Sm,16,OK,1.00,0,N/A,N/A,N/A,N/A
5/6/2014,Molasses Reef,25.00984,-80.37395,Snapper Ledge,ML3-138-L,Lg,16,OK,1.00,0,N/A,N/A,N/A,N/A
5/6/2014,Molasses Reef,25.00984,-80.37395,Snapper Ledge,ML3-135-S,Sm,18,OK,1.00,0,N/A,N/A,N/A,N/A
5/6/2014,Molasses Reef,25.00984,-80.37395,Snapper Ledge,ML3-137-S,Sm,16,OK,1.00,0,N/A,N/A,N/A,N/A
5/6/2014,Molasses Reef,25.00984,-80.37395,Snapper Ledge,ML3-142-L,Lg,17,OK,1.00,0,N/A,N/A,N/A,N/A
5/6/2014,Molasses Reef,25.00984,-80.37395,Snapper Ledge,ML3-136-L,Lg,17,OK,1.00,0,N/A,N/A,N/A,N/A
5/6/2014,Molasses Reef,25.00984,-80.37395,Snapper Ledge,ML3-134-S,Sm,18,OK,1.00,0,N/A,N/A,N/A,N/A
5/6/2014,Molasses Reef,25.00984,-80.37395,Snapper Ledge,ML3-134-L,Lg,18,OK,1.00,0,N/A,N/A,N/A,N/A
5/6/2014,Molasses Reef,25.00984,-80.37395,Snapper Ledge,ML3-139-L,Lg,17,OK,1.00,0,N/A,N/A,N/A,N/A
5/6/2014,Molasses Reef,25.00984,-80.37395,Snapper Ledge,ML3-133-S,Sm,18,OK,1.00,0,N/A,N/A,N/A,N/A
5/6/2014,Molasses Reef,25.00984,-80.37395,Snapper Ledge,ML3-133-L,Lg,17,OK,1.00,0,N/A,N/A,N/A,N/A
5/6/2014,Molasses Reef,25.00984,-80.37395,Snapper Ledge,ML3-140-S,Sm,16,OK,1.00,0,N/A,N/A,N/A,N/A
5/6/2014,Molasses Reef,25.00984,-80.37395,Snapper Ledge,ML3-140-L,Lg,16,OK,1.00,0,N/A,N/A,N/A,N/A
5/16/2014,Pickles Reef,24.98588,-80.41554,Snapper Ledge,PI2-215-S,Sm,16,OK,1.00,0,N/A,N/A,N/A,N/A
5/16/2014,Pickles Reef,24.98577,-80.41569,Snapper Ledge,PI3-164-L,Lg,13,OK,1.00,0,N/A,N/A,N/A,N/A
5/16/2014,Pickles Reef,24.98609,-80.41514,Snapper Ledge,PI1-207-S,Sm,15,OK,1.00,0,N/A,N/A,N/A,N/A
5/16/2014,Pickles Reef,24.98609,-80.41514,Snapper Ledge,PI1-206-S,Sm,15,OK,1.00,0,N/A,N/A,N/A,N/A
5/16/2014,Pickles Reef,24.98588,-80.41554,Snapper Ledge,PI2-216-L,Lg,16,OK,1.00,0,N/A,N/A,N/A,N/A
5/16/2014,Pickles Reef,24.98577,-80.41569,Snapper Ledge,PI3-163-S,Sm,14,OK,1.00,0,N/A,N/A,N/A,N/A
5/16/2014,Pickles Reef,24.98609,-80.41514,Snapper Ledge,PI1-206-L,Lg,15,OK,1.00,0,N/A,N/A,N/A,N/A
5/16/2014,Pickles Reef,24.98609,-80.41514,Snapper Ledge,PI1-205-S,Sm,15,OK,1.00,0,N/A,N/A,N/A,N/A
5/16/2014,Pickles Reef,24.98609,-80.41514,Snapper Ledge,PI1-205-L,Lg,15,OK,1.00,0,N/A,N/A,N/A,N/A
5/16/2014,Pickles Reef,24.98588,-80.41554,Snapper Ledge,PI2-216-S,Sm,16,OK,1.00,0,N/A,N/A,N/A,N/A
5/16/2014,Pickles Reef,24.98609,-80.41514,Snapper Ledge,PI1-204-S,Sm,16,OK,1.00,0,N/A,N/A,N/A,N/A
5/16/2014,Pickles Reef,24.98609,-80.41514,Snapper Ledge,PI1-207-L,Lg,15,OK,1.00,0,N/A,N/A,N/A,N/A
5/16/2014,Pickles Reef,24.98609,-80.41514,Snapper Ledge,PI1-214-S,Sm,14,OK,1.00,0,N/A,N/A,N/A,N/A
5/16/2014,Pickles Reef,24.98609,-80.41514,Snapper Ledge,PI1-213-S,Sm,15,OK,1.00,0,N/A,N/A,N/A,N/A
5/16/2014,Pickles Reef,24.98609,-80.41514,Snapper Ledge,PI1-213-L,Lg,15,OK,1.00,0,N/A,N/A,N/A,N/A
5/16/2014,Pickles Reef,24.98609,-80.41514,Snapper Ledge,PI1-212-S,Sm,15,OK,1.00,0,N/A,N/A,N/A,N/A
5/16/2014,Pickles Reef,24.98609,-80.41514,Snapper Ledge,PI1-212-L,Lg,15,OK,1.00,0,N/A,N/A,N/A,N/A
5/16/2014,Pickles Reef,24.98609,-80.41514,Snapper Ledge,PI1-214-L,Lg,14,OK,1.00,0,N/A,N/A,N/A,N/A
5/16/2014,Pickles Reef,24.98609,-80.41514,Snapper Ledge,PI1-211-S,Sm,15,OK,1.00,0,N/A,N/A,N/A,N/A
5/16/2014,Pickles Reef,24.98577,-80.41569,Snapper Ledge,PI3-229-L,Lg,15,OK,1.00,0,N/A,N/A,N/A,N/A
5/16/2014,Pickles Reef,24.98609,-80.41514,Snapper Ledge,PI1-209-L,Lg,15,OK,1.00,0,N/A,N/A,N/A,N/A
5/16/2014,Pickles Reef,24.98609,-80.41514,Snapper Ledge,PI1-210-S,Sm,15,OK,1.00,0,N/A,N/A,N/A,N/A
5/16/2014,Pickles Reef,24.98609,-80.41514,Snapper Ledge,PI1-208-L,Lg,N/A,OK,1.00,0,N/A,N/A,N/A,N/A
5/16/2014,Pickles Reef,24.98609,-80.41514,Snapper Ledge,PI1-210-L,Lg,16,OK,1.00,0,N/A,N/A,N/A,N/A
5/16/2014,Pickles Reef,24.98577,-80.41569,Snapper Ledge,PI3-164-S,Sm,13,OK,1.00,0,N/A,N/A,N/A,N/A
5/16/2014,Pickles Reef,24.98588,-80.41554,Snapper Ledge,PI2-228-L,Lg,13,OK,1.00,0,N/A,N/A,N/A,N/A
5/16/2014,Pickles Reef,24.98609,-80.41514,Snapper Ledge,PI1-209-S,Sm,15,OK,1.00,0,N/A,N/A,N/A,N/A
5/16/2014,Pickles Reef,24.98609,-80.41514,Snapper Ledge,PI1-204-L,Lg,17,OK,1.00,0,N/A,N/A,N/A,N/A
5/16/2014,Pickles Reef,24.98588,-80.41554,Snapper Ledge,PI2-215-L,Lg,16,OK,1.00,0,N/A,N/A,N/A,N/A
5/16/2014,Pickles Reef,24.98609,-80.41514,Snapper Ledge,PI1-208-S,Sm,16,OK,1.00,0,N/A,N/A,N/A,N/A
5/16/2014,Pickles Reef,24.98609,-80.41514,Snapper Ledge,PI1-211-L,Lg,15,OK,1.00,0,N/A,N/A,N/A,N/A
5/16/2014,Pickles Reef,24.98588,-80.41554,Snapper Ledge,PI2-219-L,Lg,16,OK,1.00,0,N/A,N/A,N/A,N/A
5/16/2014,Pickles Reef,24.98588,-80.41554,Snapper Ledge,PI2-222-L,Lg,15,OK,1.00,0,N/A,N/A,N/A,N/A
5/16/2014,Pickles Reef,24.98588,-80.41554,Snapper Ledge,PI2-222-S,Sm,15,OK,1.00,0,N/A,N/A,N/A,N/A
5/16/2014,Pickles Reef,24.98588,-80.41554,Snapper Ledge,PI2-223-L,Lg,13,OK,1.00,0,N/A,N/A,N/A,N/A
5/16/2014,Pickles Reef,24.98588,-80.41554,Snapper Ledge,PI2-221-S,Sm,15,OK,1.00,0,N/A,N/A,N/A,N/A
5/16/2014,Pickles Reef,24.98577,-80.41569,Snapper Ledge,PI3-229-S,Sm,16,OK,1.00,0,N/A,N/A,N/A,N/A
5/16/2014,Pickles Reef,24.98588,-80.41554,Snapper Ledge,PI2-221-L,Lg,15,OK,1.00,0,N/A,N/A,N/A,N/A
5/16/2014,Pickles Reef,24.98588,-80.41554,Snapper Ledge,PI2-224-L,Lg,14,OK,1.00,0,N/A,N/A,N/A,N/A
5/16/2014,Pickles Reef,24.98588,-80.41554,Snapper Ledge,PI2-220-S,Sm,15,OK,1.00,0,N/A,N/A,N/A,N/A
5/16/2014,Pickles Reef,24.98588,-80.41554,Snapper Ledge,PI2-224-S,Sm,14,OK,1.00,0,N/A,N/A,N/A,N/A
5/16/2014,Pickles Reef,24.98588,-80.41554,Snapper Ledge,PI2-220-L,Lg,15,OK,1.00,0,N/A,N/A,N/A,N/A
5/16/2014,Pickles Reef,24.98588,-80.41554,Snapper Ledge,PI2-225-L,Lg,13,OK,1.00,0,N/A,N/A,N/A,N/A
5/16/2014,Pickles Reef,24.98588,-80.41554,Snapper Ledge,PI2-225-S,Sm,13,OK,1.00,0,N/A,N/A,N/A,N/A
5/16/2014,Pickles Reef,24.98588,-80.41554,Snapper Ledge,PI2-219-S,Sm,15,OK,1.00,0,N/A,N/A,N/A,N/A
5/16/2014,Pickles Reef,24.98609,-80.41514,Snapper Ledge,PI1-201-S,Sm,14,OK,1.00,0,N/A,N/A,N/A,N/A
5/16/2014,Pickles Reef,24.98588,-80.41554,Snapper Ledge,PI2-223-S,Sm,14,OK,1.00,0,N/A,N/A,N/A,N/A
5/16/2014,Pickles Reef,24.98609,-80.41514,Snapper Ledge,PI1-203-S,Sm,14,OK,1.00,0,N/A,N/A,N/A,N/A
5/16/2014,Pickles Reef,24.98588,-80.41554,Snapper Ledge,PI2-217-L,Lg,15,OK,1.00,0,N/A,N/A,N/A,N/A
5/16/2014,Pickles Reef,24.98609,-80.41514,Snapper Ledge,PI1-203-L,Lg,14,OK,1.00,0,N/A,N/A,N/A,N/A
5/16/2014,Pickles Reef,24.98609,-80.41514,Snapper Ledge,PI1-202-S,Sm,17,OK,1.00,0,N/A,N/A,N/A,N/A
5/16/2014,Pickles Reef,24.98588,-80.41554,Snapper Ledge,PI2-228-S,Sm,13,OK,1.00,0,N/A,N/A,N/A,N/A
5/16/2014,Pickles Reef,24.98588,-80.41554,Snapper Ledge,PI2-226-L,Lg,14,OK,1.00,0,N/A,N/A,N/A,N/A
5/16/2014,Pickles Reef,24.98609,-80.41514,Snapper Ledge,PI1-202-L,Lg,17,OK,1.00,0,N/A,N/A,N/A,N/A
5/16/2014,Pickles Reef,24.98588,-80.41554,Snapper Ledge,PI2-226-S,Sm,13,OK,1.00,0,N/A,N/A,N/A,N/A
5/16/2014,Pickles Reef,24.98588,-80.41554,Snapper Ledge,PI2-218-L,Lg,15,OK,1.00,0,N/A,N/A,N/A,N/A
5/16/2014,Pickles Reef,24.98609,-80.41514,Snapper Ledge,PI1-201-L,Lg,15,OK,1.00,0,N/A,N/A,N/A,N/A
5/16/2014,Pickles Reef,24.98588,-80.41554,Snapper Ledge,PI2-218-S,Sm,14,OK,1.00,0,N/A,N/A,N/A,N/A
5/16/2014,Pickles Reef,24.98588,-80.41554,Snapper Ledge,PI2-227-S,Sm,13,OK,1.00,0,N/A,N/A,N/A,N/A
5/16/2014,Pickles Reef,24.98588,-80.41554,Snapper Ledge,PI2-227-L,Lg,13,OK,1.00,0,N/A,N/A,N/A,N/A
5/16/2014,Pickles Reef,24.98577,-80.41569,Snapper Ledge,PI3-163-L,Lg,13,OK,1.00,0,N/A,N/A,N/A,N/A
5/16/2014,Pickles Reef,24.98588,-80.41554,Snapper Ledge,PI2-217-S,Sm,15,OK,1.00,0,N/A,N/A,N/A,N/A
5/16/2014,Pickles Reef,24.98577,-80.41569,Snapper Ledge,PI3-233-S,Sm,15,OK,1.00,0,N/A,N/A,N/A,N/A
5/16/2014,Pickles Reef,24.98577,-80.41569,Snapper Ledge,PI3-240-L,Lg,14,OK,1.00,0,N/A,N/A,N/A,N/A
5/16/2014,Pickles Reef,24.98577,-80.41569,Snapper Ledge,PI3-236-S,Sm,13,OK,1.00,0,N/A,N/A,N/A,N/A
5/16/2014,Pickles Reef,24.98577,-80.41569,Snapper Ledge,PI3-232-L,Lg,14,OK,1.00,0,N/A,N/A,N/A,N/A
5/16/2014,Pickles Reef,24.98577,-80.41569,Snapper Ledge,PI3-238-L,Lg,14,OK,1.00,0,N/A,N/A,N/A,N/A
5/16/2014,Pickles Reef,24.98577,-80.41569,Snapper Ledge,PI3-232-S,Sm,14,OK,1.00,0,N/A,N/A,N/A,N/A
5/16/2014,Pickles Reef,24.98577,-80.41569,Snapper Ledge,PI3-236-L,Lg,14,OK,1.00,0,N/A,N/A,N/A,N/A
5/16/2014,Pickles Reef,24.98577,-80.41569,Snapper Ledge,PI3-231-S,Sm,15,OK,1.00,0,N/A,N/A,N/A,N/A
5/16/2014,Pickles Reef,24.98577,-80.41569,Snapper Ledge,PI3-233-L,Lg,15,OK,1.00,0,N/A,N/A,N/A,N/A
5/16/2014,Pickles Reef,24.98577,-80.41569,Snapper Ledge,PI3-239-S,Sm,14,OK,1.00,0,N/A,N/A,N/A,N/A
5/16/2014,Pickles Reef,24.98577,-80.41569,Snapper Ledge,PI3-235-S,Sm,14,OK,1.00,0,N/A,N/A,N/A,N/A
5/16/2014,Pickles Reef,24.98577,-80.41569,Snapper Ledge,PI3-239-L,Lg,14,OK,1.00,0,N/A,N/A,N/A,N/A
5/16/2014,Pickles Reef,24.98577,-80.41569,Snapper Ledge,PI3-238-S,Sm,13,OK,1.00,0,N/A,N/A,N/A,N/A
5/16/2014,Pickles Reef,24.98577,-80.41569,Snapper Ledge,PI3-234-L,Lg,14,OK,1.00,0,N/A,N/A,N/A,N/A
5/16/2014,Pickles Reef,24.98577,-80.41569,Snapper Ledge,PI3-235-L,Lg,14,OK,1.00,0,N/A,N/A,N/A,N/A
5/16/2014,Pickles Reef,24.98577,-80.41569,Snapper Ledge,PI3-234-S,Sm,15,OK,1.00,0,N/A,N/A,N/A,N/A
5/16/2014,Pickles Reef,24.98577,-80.41569,Snapper Ledge,PI3-237-S,Sm,13,OK,1.00,0,N/A,N/A,N/A,N/A
5/16/2014,Pickles Reef,24.98577,-80.41569,Snapper Ledge,PI3-230-S,Sm,N/A,OK,1.00,0,N/A,N/A,N/A,N/A
5/16/2014,Pickles Reef,24.98577,-80.41569,Snapper Ledge,PI3-240-S,Sm,14,OK,1.00,0,N/A,N/A,N/A,N/A
5/16/2014,Pickles Reef,24.98577,-80.41569,Snapper Ledge,PI3-231-L,Lg,14,OK,1.00,0,N/A,N/A,N/A,N/A
5/16/2014,Pickles Reef,24.98577,-80.41569,Snapper Ledge,PI3-237-L,Lg,12,OK,1.00,0,N/A,N/A,N/A,N/A
5/16/2014,Pickles Reef,24.98577,-80.41569,Snapper Ledge,PI3-230-L,Lg,15,OK,1.00,0,N/A,N/A,N/A,N/A
5/24/2014,French Reef,25.03333,-80.35012,Snapper Ledge,FR2-315-L,Lg,21,OK,1.00,0,N/A,N/A,N/A,N/A
5/24/2014,French Reef,25.03333,-80.35012,Snapper Ledge,FR2-319-S,Sm,20,OK,1.00,0,N/A,N/A,N/A,N/A
5/24/2014,French Reef,25.03342,-80.35006,Snapper Ledge,FR3-194-S,Sm,23,OK,1.00,0,N/A,N/A,N/A,N/A
5/24/2014,French Reef,25.03342,-80.35006,Snapper Ledge,FR3-329-L,Lg,20,OK,1.00,0,N/A,N/A,N/A,N/A
5/24/2014,French Reef,25.03331,-80.35008,Snapper Ledge,FR1-314-S,Sm,21,OK,1.00,0,N/A,N/A,N/A,N/A
5/24/2014,French Reef,25.03342,-80.35006,Snapper Ledge,FR3-329-S,Sm,21,OK,1.00,0,N/A,N/A,N/A,N/A
5/24/2014,French Reef,25.03342,-80.35006,Snapper Ledge,FR3-330-L,Lg,20,OK,1.00,0,N/A,N/A,N/A,N/A
5/24/2014,French Reef,25.03342,-80.35006,Snapper Ledge,FR3-330-S,Sm,21,OK,1.00,0,N/A,N/A,N/A,N/A
5/24/2014,French Reef,25.03342,-80.35006,Snapper Ledge,FR3-194-L,Lg,24,OK,1.00,0,N/A,N/A,N/A,N/A
5/24/2014,French Reef,25.03342,-80.35006,Snapper Ledge,FR3-331-L,Lg,20,OK,1.00,0,N/A,N/A,N/A,N/A
5/24/2014,French Reef,25.03342,-80.35006,Snapper Ledge,FR3-193-L,Lg,23,OK,1.00,0,N/A,N/A,N/A,N/A
5/24/2014,French Reef,25.03331,-80.35008,Snapper Ledge,FR1-314-L,Lg,21,OK,1.00,0,N/A,N/A,N/A,N/A
5/24/2014,French Reef,25.03333,-80.35012,Snapper Ledge,FR2-321-L,Lg,20,OK,1.00,0,N/A,N/A,N/A,N/A
5/24/2014,French Reef,25.03333,-80.35012,Snapper Ledge,FR2-320-S,Sm,20,OK,1.00,0,N/A,N/A,N/A,N/A
5/24/2014,French Reef,25.03342,-80.35006,Snapper Ledge,FR3-331-S,Sm,21,OK,1.00,0,N/A,N/A,N/A,N/A
5/24/2014,French Reef,25.03342,-80.35006,Snapper Ledge,FR3-332-L,Lg,21,OK,1.00,0,N/A,N/A,N/A,N/A
5/24/2014,French Reef,25.03331,-80.35008,Snapper Ledge,FR1-313-S,Sm,19,OK,1.00,0,N/A,N/A,N/A,N/A
5/24/2014,French Reef,25.03342,-80.35006,Snapper Ledge,FR3-332-S,Sm,21,OK,1.00,0,N/A,N/A,N/A,N/A
5/24/2014,French Reef,25.03342,-80.35006,Snapper Ledge,FR3-333-L,Lg,21,OK,1.00,0,N/A,N/A,N/A,N/A
5/24/2014,French Reef,25.03342,-80.35006,Snapper Ledge,FR3-333-S,Sm,21,OK,1.00,0,N/A,N/A,N/A,N/A
5/24/2014,French Reef,25.03331,-80.35008,Snapper Ledge,FR1-313-L,Lg,20,OK,1.00,0,N/A,N/A,N/A,N/A
5/24/2014,French Reef,25.03333,-80.35012,Snapper Ledge,FR2-320-L,Lg,20,OK,1.00,0,N/A,N/A,N/A,N/A
5/24/2014,French Reef,25.03333,-80.35012,Snapper Ledge,FR2-321-S,Sm,20,OK,1.00,0,N/A,N/A,N/A,N/A
5/24/2014,French Reef,25.03333,-80.35012,Snapper Ledge,FR2-327-S,Sm,21,OK,1.00,0,N/A,N/A,N/A,N/A
5/24/2014,French Reef,25.03333,-80.35012,Snapper Ledge,FR2-323-S,Sm,20,OK,1.00,0,N/A,N/A,N/A,N/A
5/24/2014,French Reef,25.03333,-80.35012,Snapper Ledge,FR2-324-S,Sm,20,OK,1.00,0,N/A,N/A,N/A,N/A
5/24/2014,French Reef,25.03333,-80.35012,Snapper Ledge,FR2-318-S,Sm,19,OK,1.00,0,N/A,N/A,N/A,N/A
5/24/2014,French Reef,25.03333,-80.35012,Snapper Ledge,FR2-318-L,Lg,20,OK,1.00,0,N/A,N/A,N/A,N/A
5/24/2014,French Reef,25.03333,-80.35012,Snapper Ledge,FR2-325-L,Lg,20,OK,1.00,0,N/A,N/A,N/A,N/A
5/24/2014,French Reef,25.03333,-80.35012,Snapper Ledge,FR2-323-L,Lg,20,OK,1.00,0,N/A,N/A,N/A,N/A
5/24/2014,French Reef,25.03333,-80.35012,Snapper Ledge,FR2-317-S,Sm,19,OK,1.00,0,N/A,N/A,N/A,N/A
5/24/2014,French Reef,25.03333,-80.35012,Snapper Ledge,FR2-325-S,Sm,20,OK,1.00,0,N/A,N/A,N/A,N/A
5/24/2014,French Reef,25.03333,-80.35012,Snapper Ledge,FR2-326-L,Lg,21,OK,1.00,0,N/A,N/A,N/A,N/A
5/24/2014,French Reef,25.03333,-80.35012,Snapper Ledge,FR2-326-S,Sm,21,OK,1.00,0,N/A,N/A,N/A,N/A
5/24/2014,French Reef,25.03333,-80.35012,Snapper Ledge,FR2-315-S,Sm,21,OK,1.00,0,N/A,N/A,N/A,N/A
5/24/2014,French Reef,25.03333,-80.35012,Snapper Ledge,FR2-327-L,Lg,21,OK,1.00,0,N/A,N/A,N/A,N/A
5/24/2014,French Reef,25.03333,-80.35012,Snapper Ledge,FR2-316-S,Sm,20,OK,1.00,0,N/A,N/A,N/A,N/A
5/24/2014,French Reef,25.03333,-80.35012,Snapper Ledge,FR2-317-L,Lg,20,OK,1.00,0,N/A,N/A,N/A,N/A
5/24/2014,French Reef,25.03342,-80.35006,Snapper Ledge,FR3-334-S,Sm,21,OK,1.00,0,N/A,N/A,N/A,N/A
5/24/2014,French Reef,25.03333,-80.35012,Snapper Ledge,FR2-322-S,Sm,21,OK,1.00,0,N/A,N/A,N/A,N/A
5/24/2014,French Reef,25.03333,-80.35012,Snapper Ledge,FR2-322-L,Lg,20,OK,1.00,0,N/A,N/A,N/A,N/A
5/24/2014,French Reef,25.03333,-80.35012,Snapper Ledge,FR2-328-S,Sm,21,OK,1.00,0,N/A,N/A,N/A,N/A
5/24/2014,French Reef,25.03342,-80.35006,Snapper Ledge,FR3-192-L,Lg,23,OK,1.00,0,N/A,N/A,N/A,N/A
5/24/2014,French Reef,25.03333,-80.35012,Snapper Ledge,FR2-316-L,Lg,20,OK,1.00,0,N/A,N/A,N/A,N/A
5/24/2014,French Reef,25.03342,-80.35006,Snapper Ledge,FR3-192-S,Sm,23,OK,1.00,0,N/A,N/A,N/A,N/A
5/24/2014,French Reef,25.03333,-80.35012,Snapper Ledge,FR2-324-L,Lg,20,OK,1.00,0,N/A,N/A,N/A,N/A
5/24/2014,French Reef,25.03342,-80.35006,Snapper Ledge,FR3-193-S,Sm,23,OK,1.00,0,N/A,N/A,N/A,N/A
5/24/2014,French Reef,25.03333,-80.35012,Snapper Ledge,FR2-319-L,Lg,20,OK,1.00,0,N/A,N/A,N/A,N/A
5/24/2014,French Reef,25.03331,-80.35008,Snapper Ledge,FR1-304-L,Lg,20,OK,1.00,0,N/A,N/A,N/A,N/A
5/24/2014,French Reef,25.03331,-80.35008,Snapper Ledge,FR1-308-S,Sm,20,OK,1.00,0,N/A,N/A,N/A,N/A
5/24/2014,French Reef,25.03342,-80.35006,Snapper Ledge,FR3-339-S,Sm,22,OK,1.00,0,N/A,N/A,N/A,N/A
5/24/2014,French Reef,25.03331,-80.35008,Snapper Ledge,FR1-305-S,Sm,20,OK,1.00,0,N/A,N/A,N/A,N/A
5/24/2014,French Reef,25.03342,-80.35006,Snapper Ledge,FR3-340-L,Lg,22,OK,1.00,0,N/A,N/A,N/A,N/A
5/24/2014,French Reef,25.03331,-80.35008,Snapper Ledge,FR1-310-L,Lg,19,OK,1.00,0,N/A,N/A,N/A,N/A
5/24/2014,French Reef,25.03342,-80.35006,Snapper Ledge,FR3-340-S,Sm,22,OK,1.00,0,N/A,N/A,N/A,N/A
5/24/2014,French Reef,25.03331,-80.35008,Snapper Ledge,FR1-303-S,Sm,20,OK,1.00,0,N/A,N/A,N/A,N/A
5/24/2014,French Reef,25.03331,-80.35008,Snapper Ledge,FR1-309-S,Sm,19,OK,1.00,0,N/A,N/A,N/A,N/A
5/24/2014,French Reef,25.03342,-80.35006,Snapper Ledge,FR3-339-L,Lg,22,OK,1.00,0,N/A,N/A,N/A,N/A
5/24/2014,French Reef,25.03342,-80.35006,Snapper Ledge,FR3-334-L,Lg,21,OK,1.00,0,N/A,N/A,N/A,N/A
5/24/2014,French Reef,25.03331,-80.35008,Snapper Ledge,FR1-310-S,Sm,19,OK,1.00,0,N/A,N/A,N/A,N/A
5/24/2014,French Reef,25.03331,-80.35008,Snapper Ledge,FR1-312-S,Sm,21,OK,1.00,0,N/A,N/A,N/A,N/A
5/24/2014,French Reef,25.03331,-80.35008,Snapper Ledge,FR1-304-S,Sm,21,OK,1.00,0,N/A,N/A,N/A,N/A
5/24/2014,French Reef,25.03331,-80.35008,Snapper Ledge,FR1-308-L,Lg,20,OK,1.00,0,N/A,N/A,N/A,N/A
5/24/2014,French Reef,25.03331,-80.35008,Snapper Ledge,FR1-307-S,Sm,19,OK,1.00,0,N/A,N/A,N/A,N/A
5/24/2014,French Reef,25.03331,-80.35008,Snapper Ledge,FR1-307-L,Lg,19,OK,1.00,0,N/A,N/A,N/A,N/A
5/24/2014,French Reef,25.03331,-80.35008,Snapper Ledge,FR1-305-L,Lg,20,OK,1.00,0,N/A,N/A,N/A,N/A
5/24/2014,French Reef,25.03331,-80.35008,Snapper Ledge,FR1-306-S,Sm,21,OK,1.00,0,N/A,N/A,N/A,N/A
5/24/2014,French Reef,25.03331,-80.35008,Snapper Ledge,FR1-306-L,Lg,21,OK,1.00,0,N/A,N/A,N/A,N/A
5/24/2014,French Reef,25.03331,-80.35008,Snapper Ledge,FR1-309-L,Lg,19,OK,1.00,0,N/A,N/A,N/A,N/A
5/24/2014,French Reef,25.03331,-80.35008,Snapper Ledge,FR1-302-S,Sm,21,OK,1.00,0,N/A,N/A,N/A,N/A
5/24/2014,French Reef,25.03342,-80.35006,Snapper Ledge,FR3-335-S,Sm,21,OK,1.00,0,N/A,N/A,N/A,N/A
5/24/2014,French Reef,25.03342,-80.35006,Snapper Ledge,FR3-336-L,Lg,21,OK,1.00,0,N/A,N/A,N/A,N/A
5/24/2014,French Reef,25.03331,-80.35008,Snapper Ledge,FR1-303-L,Lg,20,OK,1.00,0,N/A,N/A,N/A,N/A
5/24/2014,French Reef,25.03331,-80.35008,Snapper Ledge,FR1-312-L,Lg,21,OK,1.00,0,N/A,N/A,N/A,N/A
5/24/2014,French Reef,25.03342,-80.35006,Snapper Ledge,FR3-335-L,Lg,21,OK,1.00,0,N/A,N/A,N/A,N/A
5/24/2014,French Reef,25.03331,-80.35008,Snapper Ledge,FR1-311-S,Sm,19,OK,1.00,0,N/A,N/A,N/A,N/A
5/24/2014,French Reef,25.03331,-80.35008,Snapper Ledge,FR1-302-L,Lg,21,OK,1.00,0,N/A,N/A,N/A,N/A
5/24/2014,French Reef,25.03331,-80.35008,Snapper Ledge,FR1-301-S,Sm,20,OK,1.00,0,N/A,N/A,N/A,N/A
5/24/2014,French Reef,25.03342,-80.35006,Snapper Ledge,FR3-336-S,Sm,21,OK,1.00,0,N/A,N/A,N/A,N/A
5/24/2014,French Reef,25.03342,-80.35006,Snapper Ledge,FR3-337-S,Sm,21,OK,1.00,0,N/A,N/A,N/A,N/A
5/24/2014,French Reef,25.03342,-80.35006,Snapper Ledge,FR3-338-L,Lg,22,OK,1.00,0,N/A,N/A,N/A,N/A
5/24/2014,French Reef,25.03342,-80.35006,Snapper Ledge,FR3-338-S,Sm,22,OK,1.00,0,N/A,N/A,N/A,N/A
5/24/2014,French Reef,25.03331,-80.35008,Snapper Ledge,FR1-311-L,Lg,20,OK,1.00,0,N/A,N/A,N/A,N/A
5/24/2014,French Reef,25.03331,-80.35008,Snapper Ledge,FR1-301-L,Lg,20,OK,1.00,0,N/A,N/A,N/A,N/A
5/24/2014,French Reef,25.03333,-80.35012,Snapper Ledge,FR2-328-L,Lg,21,OK,1.00,0,N/A,N/A,N/A,N/A
5/24/2014,French Reef,25.03342,-80.35006,Snapper Ledge,FR3-337-L,Lg,21,OK,1.00,0,N/A,N/A,N/A,N/A
6/10/2014,Pickles Reef,24.98609,-80.41514,Snapper Ledge,PI1-209-S,Sm,15,OK,1.00,0,13.50,6.50,6.00,0
6/10/2014,Pickles Reef,24.98609,-80.41514,Snapper Ledge,PI1-210-L,Lg,16,OK,1.00,0,14.50,14.00,5.00,0
6/10/2014,Molasses Reef,25.00984,-80.37395,Snapper Ledge,ML3-139-S,Sm,17,OK,1.00,0,11.00,8.00,3.50,0
6/10/2014,Pickles Reef,24.98609,-80.41514,Snapper Ledge,PI1-210-S,Sm,15,OK,1.00,0,8.50,6.00,5.00,0
6/10/2014,Pickles Reef,24.98609,-80.41514,Snapper Ledge,PI1-212-S,Sm,15,OK,1.00,0,9.50,6.50,3.00,0
6/10/2014,Pickles Reef,24.98609,-80.41514,Snapper Ledge,PI1-211-S,Sm,15,OK,1.00,0,10.00,7.50,2.00,0
6/10/2014,Pickles Reef,24.98609,-80.41514,Snapper Ledge,PI1-211-L,Lg,15,OK,1.00,0,13.50,8.00,6.50,0
6/10/2014,Pickles Reef,24.98609,-80.41514,Snapper Ledge,PI1-212-L,Lg,15,OK,1.00,0,12.50,8.00,3.00,0
6/10/2014,Molasses Reef,25.00984,-80.37395,Snapper Ledge,ML3-139-L,Lg,17,OK,1.00,0,17.50,4.50,6.00,0
6/10/2014,Molasses Reef,25.00984,-80.37395,Snapper Ledge,ML3-138-S,Sm,16,OK,1.00,0,8.00,7.50,3.00,0
6/10/2014,Pickles Reef,24.98609,-80.41514,Snapper Ledge,PI1-206-L,Lg,15,OK,1.00,3,10.00,7.00,10.00,0
6/10/2014,Pickles Reef,24.98609,-80.41514,Snapper Ledge,PI1-203-S,Sm,14,OK,0.90,0,12.00,7.00,8.00,0
6/10/2014,Pickles Reef,24.98609,-80.41514,Snapper Ledge,PI1-203-L,Lg,14,OK,1.00,0,12.00,8.00,10.00,0
6/10/2014,Pickles Reef,24.98609,-80.41514,Snapper Ledge,PI1-204-L,Lg,17,OK,1.00,0,14.00,9.50,3.50,0
6/10/2014,Pickles Reef,24.98609,-80.41514,Snapper Ledge,PI1-202-S,Sm,17,OK,1.00,0,9.50,7.50,8.50,0
6/10/2014,Pickles Reef,24.98609,-80.41514,Snapper Ledge,PI1-204-S,Sm,16,RM,0.95,0,11.00,8.00,2.50,0
6/10/2014,Pickles Reef,24.98609,-80.41514,Snapper Ledge,PI1-202-L,Lg,17,OK,0.99,0,13.50,13.00,4.00,0
6/10/2014,Pickles Reef,24.98609,-80.41514,Snapper Ledge,PI1-205-L,Lg,15,OK,1.00,0,12.50,5.00,5.50,0
6/10/2014,Pickles Reef,24.98609,-80.41514,Snapper Ledge,PI1-201-S,Sm,14,OK,1.00,0,9.00,8.00,4.50,0
6/10/2014,Pickles Reef,24.98609,-80.41514,Snapper Ledge,PI1-206-S,Sm,15,OK,1.00,0,10.00,9.50,4.00,0
6/10/2014,Pickles Reef,24.98609,-80.41514,Snapper Ledge,PI1-201-L,Lg,15,RM,0.80,3,17.00,10.50,8.00,0
6/10/2014,Molasses Reef,25.00984,-80.37395,Snapper Ledge,ML3-140-L,Lg,16,OK,1.00,0,19.00,12.00,7.50,0
6/10/2014,Molasses Reef,25.00984,-80.37395,Snapper Ledge,ML3-142-S,Sm,17,OK,1.00,0,11.00,7.50,2.00,0
6/10/2014,Pickles Reef,24.98609,-80.41514,Snapper Ledge,PI1-207-L,Lg,15,OK,1.00,0,11.00,8.00,8.00,0
6/10/2014,Molasses Reef,25.00984,-80.37395,Snapper Ledge,ML3-142-L,Lg,17,OK,1.00,0,20.00,13.50,4.00,0
6/10/2014,Pickles Reef,24.98609,-80.41514,Snapper Ledge,PI1-207-S,Sm,15,OK,1.00,0,10.50,7.00,3.00,0
6/10/2014,Pickles Reef,24.98609,-80.41514,Snapper Ledge,PI1-208-L,Lg,N/A,OK,1.00,2,14.00,10.00,8.00,0
6/10/2014,Molasses Reef,25.00984,-80.37395,Snapper Ledge,ML3-140-S,Sm,16,OK,1.00,0,12.00,7.50,4.00,0
6/10/2014,Pickles Reef,24.98609,-80.41514,Snapper Ledge,PI1-208-S,Sm,16,OK,0.99,0,12.00,8.00,4.00,0
6/10/2014,Pickles Reef,24.98609,-80.41514,Snapper Ledge,PI1-209-L,Lg,15,OK,1.00,0,14.00,9.50,8.00,0
6/10/2014,Pickles Reef,24.98609,-80.41514,Snapper Ledge,PI1-205-S,Sm,15,OK,0.95,0,10.50,7.00,7.00,0
6/10/2014,Molasses Reef,25.01006,-80.37362,Snapper Ledge,ML1-102-L,Lg,19,OK,1.00,0,14.00,7.50,8.00,0
6/10/2014,Molasses Reef,25.01000,-80.37381,Snapper Ledge,ML2-119-S,Sm,17,OK,1.00,0,10.50,4.50,3.00,0
6/10/2014,Molasses Reef,25.01000,-80.37381,Snapper Ledge,ML2-115-L,Lg,19,OK,1.00,0,20.50,11.50,5.50,0
6/10/2014,Molasses Reef,25.01006,-80.37362,Snapper Ledge,ML1-104-L,Lg,16,OK,1.00,0,14.00,9.00,5.00,0
6/10/2014,Molasses Reef,25.01000,-80.37381,Snapper Ledge,ML2-115-S,Sm,18,OK,1.00,0,12.50,6.50,5.50,0
6/10/2014,Molasses Reef,25.01006,-80.37362,Snapper Ledge,ML1-103-S,Sm,17,OK,1.00,0,12.50,6.50,4.50,0
6/10/2014,Molasses Reef,25.01000,-80.37381,Snapper Ledge,ML2-116-L,Lg,17,OK,1.00,0,15.00,7.50,4.50,0
6/10/2014,Molasses Reef,25.01006,-80.37362,Snapper Ledge,ML1-103-L,Lg,17,OK,1.00,0,15.00,11.50,5.50,0
6/10/2014,Molasses Reef,25.01006,-80.37362,Snapper Ledge,ML1-114-S,Sm,14,OK,1.00,0,9.00,6.50,2.00,0
6/10/2014,Molasses Reef,25.01006,-80.37362,Snapper Ledge,ML1-102-S,Sm,19,OK,1.00,0,7.50,7.00,4.00,0
6/10/2014,Molasses Reef,25.01006,-80.37362,Snapper Ledge,ML1-105-L,Lg,16,Ok,0.95,0,17.00,11.50,5.50,0
6/10/2014,Pickles Reef,24.98609,-80.41514,Snapper Ledge,PI1-213-L,Lg,15,OK,0.99,0,15.00,9.00,4.50,0
6/10/2014,Molasses Reef,25.01000,-80.37381,Snapper Ledge,ML2-117-S,Sm,17,OK,1.00,0,9.00,5.50,4.50,0
6/10/2014,Molasses Reef,25.01006,-80.37362,Snapper Ledge,ML1-101-S,Sm,19,OK,1.00,0,11.00,3.00,6.50,0
6/10/2014,Molasses Reef,25.01006,-80.37362,Snapper Ledge,ML1-101-L,Lg,19,OK,1.00,0,14.50,7.50,2.50,0
6/10/2014,Molasses Reef,25.01000,-80.37381,Snapper Ledge,ML2-118-L,Lg,16,RM,0.80,0,20.00,8.50,8.00,0
6/10/2014,Molasses Reef,25.01000,-80.37381,Snapper Ledge,ML2-118-S,Sm,16,OK,1.00,0,12.00,6.00,3.00,0
6/10/2014,Molasses Reef,25.00984,-80.37395,Snapper Ledge,ML3-132-L,Lg,18,OK,1.00,0,19.50,12.00,3.00,0
6/10/2014,Molasses Reef,25.01000,-80.37381,Snapper Ledge,ML2-116-S,Sm,18,RM,0.98,0,10.00,4.50,4.00,0
6/10/2014,Molasses Reef,25.01006,-80.37362,Snapper Ledge,ML1-112-L,Lg,15,OK,1.00,0,20.00,9.00,8.00,0
6/10/2014,Molasses Reef,25.01006,-80.37362,Snapper Ledge,ML1-109-L,Lg,17,OK,1.00,0,18.00,8.00,2.50,0
6/10/2014,Molasses Reef,25.01006,-80.37362,Snapper Ledge,ML1-110-L,Lg,16,OK,1.00,0,16.00,13.00,9.00,0
6/10/2014,Molasses Reef,25.01006,-80.37362,Snapper Ledge,ML1-108-S,Sm,15,OK,1.00,0,10.50,5.50,2.50,0
6/10/2014,Molasses Reef,25.01006,-80.37362,Snapper Ledge,ML1-110-S,Sm,16,OK,1.00,0,10.00,7.00,6.00,0
6/10/2014,Molasses Reef,25.01006,-80.37362,Snapper Ledge,ML1-108-L,Lg,15,OK,1.00,0,15.00,10.50,8.50,0
6/10/2014,Molasses Reef,25.01006,-80.37362,Snapper Ledge,ML1-111-L,Lg,17,OK,1.00,0,18.50,9.50,8.00,0
6/10/2014,Molasses Reef,25.01006,-80.37362,Snapper Ledge,ML1-107-S,Sm,16,OK,1.00,0,10.00,5.00,7.50,0
6/10/2014,Molasses Reef,25.01006,-80.37362,Snapper Ledge,ML1-104-S,Sm,16,OK,1.00,0,9.50,6.50,1.00,0
6/10/2014,Molasses Reef,25.01006,-80.37362,Snapper Ledge,ML1-107-L,Lg,16,OK,1.00,0,15.00,8.00,4.50,0
6/10/2014,Molasses Reef,25.01000,-80.37381,Snapper Ledge,ML2-120-L,Lg,17,RM,0.95,0,18.00,7.50,5.00,0
6/10/2014,Molasses Reef,25.01006,-80.37362,Snapper Ledge,ML1-112-S,Sm,15,OK,1.00,0,14.00,7.00,5.00,0
6/10/2014,Molasses Reef,25.01006,-80.37362,Snapper Ledge,ML1-106-S,Sm,16,OK,1.00,0,9.50,7.00,2.50,0
6/10/2014,Molasses Reef,25.01006,-80.37362,Snapper Ledge,ML1-113-L,Lg,16,RM,0.95,0,12.50,8.00,8.00,0
6/10/2014,Molasses Reef,25.01006,-80.37362,Snapper Ledge,ML1-106-L,Lg,16,OK,1.00,0,13.00,8.00,6.50,0
6/10/2014,Molasses Reef,25.01006,-80.37362,Snapper Ledge,ML1-113-S,Sm,16,OK,1.00,0,8.00,5.50,7.00,0
6/10/2014,Molasses Reef,25.01006,-80.37362,Snapper Ledge,ML1-105-S,Sm,17,OK,1.00,0,9.00,6.50,9.50,0
6/10/2014,Molasses Reef,25.01006,-80.37362,Snapper Ledge,ML1-114-L,Lg,14,RM,0.90,0,13.50,8.00,4.00,1
6/10/2014,Molasses Reef,25.01006,-80.37362,Snapper Ledge,ML1-111-S,Sm,17,OK,1.00,0,11.00,5.50,7.00,0
6/10/2014,Molasses Reef,25.00984,-80.37395,Snapper Ledge,ML3-134-L,Lg,18,OK,1.00,0,19.00,7.00,4.00,0
6/10/2014,Molasses Reef,25.01000,-80.37381,Snapper Ledge,ML2-119-L,Lg,17,OK,1.00,0,14.00,11.50,4.00,0
6/10/2014,Molasses Reef,25.00984,-80.37395,Snapper Ledge,ML3-130-S,Sm,19,OK,1.00,1,10.50,4.50,2.00,0
6/10/2014,Molasses Reef,25.00984,-80.37395,Snapper Ledge,ML3-131-L,Lg,18,OK,1.00,0,13.50,10.50,6.00,0
6/10/2014,Molasses Reef,25.01006,-80.37362,Snapper Ledge,ML1-109-S,Sm,17,OK,1.00,0,9.50,6.00,1.50,0
6/10/2014,Molasses Reef,25.00984,-80.37395,Snapper Ledge,ML3-131-S,Sm,18,OK,1.00,0,11.00,6.50,4.50,0
6/10/2014,Molasses Reef,25.01000,-80.37381,Snapper Ledge,ML2-117-L,Lg,17,OK,1.00,0,15.50,8.00,6.50,0
6/10/2014,Molasses Reef,25.00984,-80.37395,Snapper Ledge,ML3-132-S,Sm,18,OK,1.00,0,11.00,7.50,3.00,0
6/10/2014,Molasses Reef,25.00984,-80.37395,Snapper Ledge,ML3-129-S,Sm,19,OK,1.00,1,10.00,6.50,2.50,0
6/10/2014,Molasses Reef,25.00984,-80.37395,Snapper Ledge,ML3-133-S,Sm,18,OK,1.00,0,8.50,7.00,4.00,0
6/10/2014,Molasses Reef,25.00984,-80.37395,Snapper Ledge,ML3-129-L,Lg,18,OK,1.00,0,16.00,11.50,5.50,0
6/10/2014,Molasses Reef,25.00984,-80.37395,Snapper Ledge,ML3-134-S,Sm,18,OK,1.00,0,9.50,4.50,4.50,0
6/10/2014,Molasses Reef,25.00984,-80.37395,Snapper Ledge,ML3-135-L,Lg,18,OK,1.00,0,18.50,7.50,7.00,0
6/10/2014,Molasses Reef,25.00984,-80.37395,Snapper Ledge,ML3-135-S,Sm,18,OK,1.00,0,9.50,6.50,5.50,0
6/10/2014,Molasses Reef,25.00984,-80.37395,Snapper Ledge,ML3-136-L,Lg,17,OK,1.00,0,14.00,11.00,4.50,0
6/10/2014,Molasses Reef,25.00984,-80.37395,Snapper Ledge,ML3-136-S,Sm,17,OK,1.00,0,11.50,7.50,4.50,0
6/10/2014,Molasses Reef,25.00984,-80.37395,Snapper Ledge,ML3-137-L,Lg,16,OK,1.00,0,19.00,13.50,5.00,0
6/10/2014,Molasses Reef,25.00984,-80.37395,Snapper Ledge,ML3-137-S,Sm,16,OK,1.00,0,11.50,6.00,3.00,0
6/10/2014,Molasses Reef,25.00984,-80.37395,Snapper Ledge,ML3-133-L,Lg,17,OK,1.00,0,17.00,10.00,3.00,0
6/10/2014,Molasses Reef,25.01000,-80.37381,Snapper Ledge,ML2-125-L,Lg,16,OK,1.00,0,12.00,10.00,5.00,0
6/10/2014,Molasses Reef,25.01000,-80.37381,Snapper Ledge,ML2-120-S,Sm,17,G,N/A,N/A,N/A,N/A,N/A,N/A
6/10/2014,Molasses Reef,25.01000,-80.37381,Snapper Ledge,ML2-121-L,Lg,16,OK,1.00,0,13.50,10.50,4.00,0
6/10/2014,Molasses Reef,25.01000,-80.37381,Snapper Ledge,ML2-121-S,Sm,17,OK,1.00,0,8.50,7.00,1.00,0
6/10/2014,Molasses Reef,25.01000,-80.37381,Snapper Ledge,ML2-122-L,Lg,18,OK,1.00,0,17.00,10.50,9.00,0
6/10/2014,Molasses Reef,25.01000,-80.37381,Snapper Ledge,ML2-122-S,Sm,17,OK,1.00,0,12.50,6.50,4.50,0
6/10/2014,Molasses Reef,25.01000,-80.37381,Snapper Ledge,ML2-123-L,Lg,17,OK,1.00,0,15.00,13.00,4.00,0
6/10/2014,Molasses Reef,25.01000,-80.37381,Snapper Ledge,ML2-123-S,Sm,17,OK,1.00,1,9.50,6.50,2.50,0
6/10/2014,Molasses Reef,25.00984,-80.37395,Snapper Ledge,ML3-130-L,Lg,19,OK,1.00,0,16.00,8.50,3.50,0
6/10/2014,Molasses Reef,25.01000,-80.37381,Snapper Ledge,ML2-124-S,Sm,15,OK,1.00,0,9.50,6.00,3.00,0
6/10/2014,Molasses Reef,25.00984,-80.37395,Snapper Ledge,ML3-138-L,Lg,16,OK,1.00,0,13.00,8.50,7.00,0
6/10/2014,Molasses Reef,25.01000,-80.37381,Snapper Ledge,ML2-125-S,Sm,16,OK,1.00,0,11.50,5.50,3.00,0
6/10/2014,Molasses Reef,25.01000,-80.37381,Snapper Ledge,ML2-126-L,Lg,16,OK,1.00,0,11.50,9.50,6.50,0
6/10/2014,Molasses Reef,25.01000,-80.37381,Snapper Ledge,ML2-126-S,Sm,16,OK,1.00,0,9.50,5.50,5.00,0
6/10/2014,Molasses Reef,25.01000,-80.37381,Snapper Ledge,ML2-127-L,Lg,15,OK,1.00,0,22.50,13.00,6.50,0
6/10/2014,Molasses Reef,25.01000,-80.37381,Snapper Ledge,ML2-127-S,Sm,15,OK,1.00,0,13.50,6.50,2.50,0
6/10/2014,Molasses Reef,25.01000,-80.37381,Snapper Ledge,ML2-128-L,Lg,14,OK,1.00,0,12.00,7.00,13.00,0
6/10/2014,Molasses Reef,25.01000,-80.37381,Snapper Ledge,ML2-128-S,Sm,14,OK,1.00,0,11.00,5.50,6.00,0
6/10/2014,Molasses Reef,25.01000,-80.37381,Snapper Ledge,ML2-124-L,Lg,16,OK,1.00,0,14.00,8.50,4.50,0
6/10/2014,Pickles Reef,24.98577,-80.41569,Snapper Ledge,PI3-229-S,Sm,16,OK,1.00,0,11.00,6.50,9.00,1
6/10/2014,Pickles Reef,24.98588,-80.41554,Snapper Ledge,PI2-227-L,Lg,13,OK,1.00,2,13.00,7.00,7.00,0
6/10/2014,Pickles Reef,24.98577,-80.41569,Snapper Ledge,PI3-233-S,Sm,15,OK,0.95,0,9.50,7.00,3.00,1
6/10/2014,Pickles Reef,24.98577,-80.41569,Snapper Ledge,PI3-229-L,Lg,15,OK,1.00,0,11.00,9.00,7.00,0
6/10/2014,Pickles Reef,24.98588,-80.41554,Snapper Ledge,PI2-215-L,Lg,16,OK,1.00,0,14.00,9.00,4.00,0
6/10/2014,Pickles Reef,24.98588,-80.41554,Snapper Ledge,PI2-223-S,Sm,14,OK,1.00,0,8.00,6.50,3.00,0
6/10/2014,Pickles Reef,24.98588,-80.41554,Snapper Ledge,PI2-227-S,Sm,13,RM,0.85,0,9.00,5.00,8.00,0
6/10/2014,Pickles Reef,24.98577,-80.41569,Snapper Ledge,PI3-231-S,Sm,15,OK,1.00,0,10.00,7.00,3.00,0
6/10/2014,Pickles Reef,24.98577,-80.41569,Snapper Ledge,PI3-230-S,Sm,N/A,G,N/A,N/A,N/A,N/A,N/A,N/A
6/10/2014,Pickles Reef,24.98577,-80.41569,Snapper Ledge,PI3-238-L,Lg,14,OK,0.99,2,13.00,7.00,4.00,0
6/10/2014,Pickles Reef,24.98577,-80.41569,Snapper Ledge,PI3-237-L,Lg,12,OK,1.00,0,14.50,7.50,4.00,0
6/10/2014,Pickles Reef,24.98588,-80.41554,Snapper Ledge,PI2-225-L,Lg,13,OK,0.99,2,12.00,10.00,10.00,0
6/10/2014,Pickles Reef,24.98577,-80.41569,Snapper Ledge,PI3-231-L,Lg,14,OK,1.00,0,18.00,6.00,4.00,0
6/10/2014,Pickles Reef,24.98588,-80.41554,Snapper Ledge,PI2-228-L,Lg,13,OK,1.00,0,17.00,10.00,5.00,0
6/10/2014,Pickles Reef,24.98588,-80.41554,Snapper Ledge,PI2-218-S,Sm,14,OK,1.00,0,10.00,8.00,3.00,0
6/10/2014,Pickles Reef,24.98609,-80.41514,Snapper Ledge,PI1-214-S,Sm,14,OK,1.00,0,11.50,5.00,5.00,0
6/10/2014,Pickles Reef,24.98588,-80.41554,Snapper Ledge,PI2-222-S,Sm,15,OK,1.00,0,11.50,6.50,3.50,0
6/10/2014,Pickles Reef,24.98588,-80.41554,Snapper Ledge,PI2-218-L,Lg,15,OK,1.00,0,12.50,9.00,6.50,0
6/10/2014,Pickles Reef,24.98577,-80.41569,Snapper Ledge,PI3-235-L,Lg,14,OK,1.00,0,16.00,11.00,7.00,0
6/10/2014,Pickles Reef,24.98588,-80.41554,Snapper Ledge,PI2-225-S,Sm,13,OK,0.99,0,10.00,10.00,4.00,0
6/10/2014,Pickles Reef,24.98588,-80.41554,Snapper Ledge,PI2-221-L,Lg,15,OK,1.00,0,12.00,11.00,8.00,1
6/10/2014,Pickles Reef,24.98577,-80.41569,Snapper Ledge,PI3-237-S,Sm,13,OK,1.00,0,15.00,5.50,4.00,0
6/10/2014,Pickles Reef,24.98588,-80.41554,Snapper Ledge,PI2-216-S,Sm,16,OK,1.00,0,11.00,8.00,5.00,0
6/10/2014,Pickles Reef,24.98588,-80.41554,Snapper Ledge,PI2-216-L,Lg,16,OK,1.00,2,13.00,10.00,8.00,0
6/10/2014,Pickles Reef,24.98588,-80.41554,Snapper Ledge,PI2-226-L,Lg,14,OK,0.99,0,12.00,8.50,12.00,0
6/10/2014,Pickles Reef,24.98577,-80.41569,Snapper Ledge,PI3-236-L,Lg,14,OK,1.00,0,14.00,10.00,5.00,0
6/10/2014,Pickles Reef,24.98577,-80.41569,Snapper Ledge,PI3-234-L,Lg,14,OK,1.00,1,14.00,8.00,7.00,0
6/10/2014,Pickles Reef,24.98577,-80.41569,Snapper Ledge,PI3-230-L,Lg,15,OK,1.00,0,12.00,7.00,9.00,0
6/10/2014,Pickles Reef,24.98588,-80.41554,Snapper Ledge,PI2-217-S,Sm,15,OK,1.00,0,13.00,8.50,3.00,0
6/10/2014,Pickles Reef,24.98588,-80.41554,Snapper Ledge,PI2-217-L,Lg,15,OK,1.00,2,15.00,11.00,7.00,0
6/10/2014,Pickles Reef,24.98588,-80.41554,Snapper Ledge,PI2-226-S,Sm,13,OK,1.00,0,11.00,5.50,5.00,0
6/10/2014,Pickles Reef,24.98588,-80.41554,Snapper Ledge,PI2-224-L,Lg,14,OK,1.00,2,13.50,8.50,6.00,0
6/10/2014,Pickles Reef,24.98588,-80.41554,Snapper Ledge,PI2-215-S,Sm,16,OK,1.00,0,9.00,5.50,2.00,0
6/10/2014,Pickles Reef,24.98577,-80.41569,Snapper Ledge,PI3-240-L,Lg,14,OK,1.00,0,13.00,11.00,7.00,0
6/10/2014,Pickles Reef,24.98577,-80.41569,Snapper Ledge,PI3-239-S,Sm,14,OK,1.00,2,7.50,6.00,4.00,0
6/10/2014,Pickles Reef,24.98588,-80.41554,Snapper Ledge,PI2-223-L,Lg,13,OK,1.00,0,11.00,8.50,8.00,0
6/10/2014,Pickles Reef,24.98588,-80.41554,Snapper Ledge,PI2-224-S,Sm,14,OK,1.00,0,8.00,8.00,7.00,0
6/10/2014,Pickles Reef,24.98588,-80.41554,Snapper Ledge,PI2-219-L,Lg,16,OK,1.00,0,13.00,7.00,10.50,0
6/10/2014,Pickles Reef,24.98577,-80.41569,Snapper Ledge,PI3-238-S,Sm,13,OK,1.00,0,9.00,5.00,2.00,0
6/10/2014,Pickles Reef,24.98588,-80.41554,Snapper Ledge,PI2-219-S,Sm,15,OK,1.00,0,9.00,7.50,7.00,0
6/10/2014,Pickles Reef,24.98588,-80.41554,Snapper Ledge,PI2-220-L,Lg,15,OK,1.00,0,13.50,8.00,7.00,0
6/10/2014,Pickles Reef,24.98577,-80.41569,Snapper Ledge,PI3-163-L,Lg,13,OK,1.00,0,13.00,7.00,3.50,0
6/10/2014,Pickles Reef,24.98609,-80.41514,Snapper Ledge,PI1-214-L,Lg,14,OK,0.99,0,14.00,9.00,5.50,0
6/10/2014,Pickles Reef,24.98577,-80.41569,Snapper Ledge,PI3-164-L,Lg,13,OK,1.00,0,15.50,12.00,8.00,0
6/10/2014,Pickles Reef,24.98588,-80.41554,Snapper Ledge,PI2-221-S,Sm,15,OK,1.00,0,11.00,6.00,5.00,1
6/10/2014,Pickles Reef,24.98577,-80.41569,Snapper Ledge,PI3-163-S,Sm,14,OK,1.00,0,10.00,6.50,3.00,0
6/10/2014,Pickles Reef,24.98577,-80.41569,Snapper Ledge,PI3-233-L,Lg,15,OK,1.00,2,13.00,8.00,3.00,0
6/10/2014,Pickles Reef,24.98577,-80.41569,Snapper Ledge,PI3-232-L,Lg,14,RM,0.90,0,13.00,10.00,7.50,0
6/10/2014,Pickles Reef,24.98577,-80.41569,Snapper Ledge,PI3-240-S,Sm,14,OK,1.00,0,11.00,7.50,2.00,0
6/10/2014,Pickles Reef,24.98577,-80.41569,Snapper Ledge,PI3-236-S,Sm,13,RM,0.95,0,11.00,10.00,3.00,0
6/10/2014,Pickles Reef,24.98588,-80.41554,Snapper Ledge,PI2-220-S,Sm,15,OK,1.00,0,8.00,8.00,5.00,0
6/10/2014,Pickles Reef,24.98577,-80.41569,Snapper Ledge,PI3-234-S,Sm,15,OK,1.00,2,7.00,6.00,6.00,0
6/10/2014,Pickles Reef,24.98577,-80.41569,Snapper Ledge,PI3-235-S,Sm,14,OK,1.00,0,11.00,7.00,5.00,0
6/10/2014,Pickles Reef,24.98577,-80.41569,Snapper Ledge,PI3-232-S,Sm,14,OK,1.00,0,10.00,7.50,4.00,0
6/10/2014,Pickles Reef,24.98577,-80.41569,Snapper Ledge,PI3-239-L,Lg,14,OK,1.00,0,10.50,7.00,6.00,0
6/10/2014,Pickles Reef,24.98588,-80.41554,Snapper Ledge,PI2-222-L,Lg,15,OK,0.99,0,14.00,10.00,6.00,0
6/10/2014,Pickles Reef,24.98609,-80.41514,Snapper Ledge,PI1-213-S,Sm,15,OK,1.00,0,11.00,8.50,6.00,0
6/10/2014,Pickles Reef,24.98577,-80.41569,Snapper Ledge,PI3-164-S,Sm,13,RM,0.55,0,11.50,7.00,4.00,5
6/10/2014,Pickles Reef,24.98588,-80.41554,Snapper Ledge,PI2-228-S,Sm,13,OK,1.00,0,10.50,7.00,7.00,0
6/25/2014,French Reef,25.03331,-80.35008,Snapper Ledge,FR1-311-S,Sm,19,RM,0.85,2,6.00,4.00,1.00,0
6/25/2014,French Reef,25.03342,-80.35006,Snapper Ledge,FR3-194-L,Lg,24,OK,1.00,0,14.00,9.50,7.00,0
6/25/2014,French Reef,25.03331,-80.35008,Snapper Ledge,FR1-313-L,Lg,20,OK,1.00,0,16.50,13.00,5.50,0
6/25/2014,French Reef,25.03333,-80.35012,Snapper Ledge,FR2-318-L,Lg,20,Ok,1.00,0,14.00,10.00,5.50,0
6/25/2014,French Reef,25.03342,-80.35006,Snapper Ledge,FR3-338-S,Sm,22,OK,1.00,0,11.00,6.00,2.50,0
6/25/2014,French Reef,25.03331,-80.35008,Snapper Ledge,FR1-307-L,Lg,19,OK,1.00,0,15.50,9.00,5.00,0
6/25/2014,French Reef,25.03331,-80.35008,Snapper Ledge,FR1-307-S,Sm,19,OK,1.00,0,14.00,5.00,1.50,0
6/25/2014,French Reef,25.03342,-80.35006,Snapper Ledge,FR3-192-L,Lg,23,OK,1.00,0,12.50,9.50,4.00,0
6/25/2014,French Reef,25.03331,-80.35008,Snapper Ledge,FR1-313-S,Sm,19,OK,1.00,0,13.50,8.00,7.00,0
6/25/2014,French Reef,25.03333,-80.35012,Snapper Ledge,FR2-318-S,Sm,19,RM,0.85,2,11.00,7.00,3.00,0
6/25/2014,French Reef,25.03342,-80.35006,Snapper Ledge,FR3-338-L,Lg,22,OK,1.00,0,12.00,9.00,2.50,0
6/25/2014,French Reef,25.03331,-80.35008,Snapper Ledge,FR1-312-L,Lg,21,G,N/A,N/A,9.00,8.00,6.50,N/A
6/25/2014,French Reef,25.03333,-80.35012,Snapper Ledge,FR2-319-L,Lg,20,OK,1.00,0,14.00,7.00,7.00,0
6/25/2014,French Reef,25.03333,-80.35012,Snapper Ledge,FR2-328-S,Sm,21,OK,1.00,0,8.00,5.50,3.00,0
6/25/2014,French Reef,25.03331,-80.35008,Snapper Ledge,FR1-306-S,Sm,21,OK,1.00,0,8.00,4.00,2.00,0
6/25/2014,French Reef,25.03331,-80.35008,Snapper Ledge,FR1-312-S,Sm,21,Ok,1.00,0,12.50,7.00,4.00,0
6/25/2014,French Reef,25.03333,-80.35012,Snapper Ledge,FR2-316-S,Sm,20,OK,1.00,0,9.50,6.50,2.50,0
6/25/2014,French Reef,25.03333,-80.35012,Snapper Ledge,FR2-315-L,Lg,21,OK,1.00,0,13.00,7.00,5.00,0
6/25/2014,French Reef,25.03333,-80.35012,Snapper Ledge,FR2-315-S,Sm,21,OK,1.00,0,10.00,6.50,2.00,0
6/25/2014,French Reef,25.03342,-80.35006,Snapper Ledge,FR3-329-L,Lg,20,RM,0.99,0,16.50,11.50,3.50,0
6/25/2014,French Reef,25.03342,-80.35006,Snapper Ledge,FR3-193-L,Lg,23,OK,1.00,0,12.00,11.00,4.00,0
6/25/2014,French Reef,25.03342,-80.35006,Snapper Ledge,FR3-340-S,Sm,22,RM,0.75,0,14.00,6.00,3.50,0
6/25/2014,French Reef,25.03331,-80.35008,Snapper Ledge,FR1-309-L,Lg,19,OK,1.00,0,13.50,8.50,2.50,0
6/25/2014,French Reef,25.03331,-80.35008,Snapper Ledge,FR1-314-S,Sm,21,OK,1.00,0,10.50,9.00,2.00,0
6/25/2014,French Reef,25.03342,-80.35006,Snapper Ledge,FR3-340-L,Lg,22,RM,0.85,0,12.50,7.00,7.50,0
6/25/2014,French Reef,25.03331,-80.35008,Snapper Ledge,FR1-310-L,Lg,19,OK,1.00,0,13.00,7.50,2.50,0
6/25/2014,French Reef,25.03331,-80.35008,Snapper Ledge,FR1-308-S,Sm,20,OK,1.00,0,8.50,7.50,4.00,0
6/25/2014,French Reef,25.03342,-80.35006,Snapper Ledge,FR3-330-L,Lg,20,OK,1.00,2,13.50,11.00,3.50,0
6/25/2014,French Reef,25.03331,-80.35008,Snapper Ledge,FR1-314-L,Lg,21,OK,1.00,2,14.00,11.00,8.00,0
6/25/2014,French Reef,25.03342,-80.35006,Snapper Ledge,FR3-339-L,Lg,22,OK,1.00,0,13.50,9.00,7.50,0
6/25/2014,French Reef,25.03331,-80.35008,Snapper Ledge,FR1-310-S,Sm,19,OK,1.00,0,8.50,3.00,2.00,0
6/25/2014,French Reef,25.03342,-80.35006,Snapper Ledge,FR3-339-S,Sm,22,OK,1.00,2,8.00,6.50,1.50,0
6/25/2014,French Reef,25.03331,-80.35008,Snapper Ledge,FR1-308-L,Lg,20,OK,1.00,0,13.50,8.00,7.00,0
6/25/2014,French Reef,25.03342,-80.35006,Snapper Ledge,FR3-192-S,Sm,23,OK,1.00,0,8.00,6.00,2.00,0
6/25/2014,French Reef,25.03342,-80.35006,Snapper Ledge,FR3-193-S,Sm,23,OK,1.00,0,9.00,8.00,4.00,0
6/25/2014,French Reef,25.03331,-80.35008,Snapper Ledge,FR1-309-S,Sm,19,OK,1.00,2,8.00,7.00,2.00,0
6/25/2014,French Reef,25.03342,-80.35006,Snapper Ledge,FR3-194-S,Sm,23,OK,1.00,2,8.50,3.00,4.00,0
6/25/2014,French Reef,25.03342,-80.35006,Snapper Ledge,FR3-329-S,Sm,21,OK,1.00,0,10.00,8.00,2.00,0
6/25/2014,French Reef,25.03333,-80.35012,Snapper Ledge,FR2-317-L,Lg,20,OK,1.00,0,12.50,10.00,4.00,0
6/25/2014,French Reef,25.03331,-80.35008,Snapper Ledge,FR1-311-L,Lg,20,RM,0.95,0,14.00,9.00,7.50,0
6/25/2014,French Reef,25.03333,-80.35012,Snapper Ledge,FR2-317-S,Sm,19,OK,1.00,0,7.50,4.00,2.00,0
6/25/2014,French Reef,25.03333,-80.35012,Snapper Ledge,FR2-316-L,Lg,20,OK,1.00,0,11.50,11.50,7.00,0
6/25/2014,French Reef,25.03342,-80.35006,Snapper Ledge,FR3-336-L,Lg,21,OK,1.00,0,13.00,7.50,8.00,0
6/25/2014,French Reef,25.03333,-80.35012,Snapper Ledge,FR2-320-S,Sm,20,D,0.00,N/A,N/A,N/A,N/A,0
6/25/2014,French Reef,25.03333,-80.35012,Snapper Ledge,FR2-321-L,Lg,20,OK,1.00,0,12.00,7.50,7.50,0
6/25/2014,French Reef,25.03342,-80.35006,Snapper Ledge,FR3-336-S,Sm,21,OK,1.00,0,9.00,8.00,4.00,0
6/25/2014,French Reef,25.03342,-80.35006,Snapper Ledge,FR3-333-L,Lg,21,OK,1.00,0,10.00,8.50,7.00,0
6/25/2014,French Reef,25.03342,-80.35006,Snapper Ledge,FR3-332-S,Sm,21,OK,1.00,0,11.50,9.50,5.50,0
6/25/2014,French Reef,25.03342,-80.35006,Snapper Ledge,FR3-334-S,Sm,21,OK,1.00,0,6.50,5.00,2.00,0
6/25/2014,French Reef,25.03342,-80.35006,Snapper Ledge,FR3-332-L,Lg,21,OK,1.00,2,15.00,7.50,3.00,0
6/25/2014,French Reef,25.03333,-80.35012,Snapper Ledge,FR2-324-L,Lg,20,OK,1.00,0,13.00,9.00,7.50,0
6/25/2014,French Reef,25.03331,-80.35008,Snapper Ledge,FR1-302-L,Lg,21,OK,1.00,0,17.00,12.00,3.50,0
6/25/2014,French Reef,25.03333,-80.35012,Snapper Ledge,FR2-321-S,Sm,20,OK,1.00,0,11.50,5.00,7.50,0
6/25/2014,French Reef,25.03331,-80.35008,Snapper Ledge,FR1-305-L,Lg,20,OK,1.00,0,15.50,7.50,5.00,0
6/25/2014,French Reef,25.03333,-80.35012,Snapper Ledge,FR2-327-L,Lg,21,OK,1.00,0,14.00,9.50,2.00,0
6/25/2014,French Reef,25.03331,-80.35008,Snapper Ledge,FR1-304-S,Sm,21,RM,0.80,0,12.50,8.50,5.00,0
6/25/2014,French Reef,25.03333,-80.35012,Snapper Ledge,FR2-322-L,Lg,20,OK,1.00,0,21.00,11.00,7.00,0
6/25/2014,French Reef,25.03333,-80.35012,Snapper Ledge,FR2-326-L,Lg,21,OK,1.00,0,12.00,8.50,5.00,0
6/25/2014,French Reef,25.03331,-80.35008,Snapper Ledge,FR1-303-S,Sm,20,OK,1.00,0,9.50,5.50,2.00,0
6/25/2014,French Reef,25.03342,-80.35006,Snapper Ledge,FR3-335-L,Lg,21,OK,1.00,0,12.00,9.50,4.00,0
6/25/2014,French Reef,25.03333,-80.35012,Snapper Ledge,FR2-323-S,Sm,20,OK,1.00,0,9.00,4.50,3.00,0
6/25/2014,French Reef,25.03333,-80.35012,Snapper Ledge,FR2-322-S,Sm,21,RM,0.95,0,11.50,8.00,2.00,0
6/25/2014,French Reef,25.03342,-80.35006,Snapper Ledge,FR3-335-S,Sm,21,OK,1.00,0,12.50,4.50,3.50,0
6/25/2014,French Reef,25.03333,-80.35012,Snapper Ledge,FR2-323-L,Lg,20,OK,1.00,0,15.00,7.00,4.00,0
6/25/2014,French Reef,25.03331,-80.35008,Snapper Ledge,FR1-302-S,Sm,21,OK,1.00,0,8.50,7.50,3.50,0
6/25/2014,French Reef,25.03331,-80.35008,Snapper Ledge,FR1-303-L,Lg,20,OK,1.00,0,11.00,8.50,6.50,0
6/25/2014,French Reef,25.03333,-80.35012,Snapper Ledge,FR2-326-S,Sm,21,OK,1.00,0,6.00,5.00,2.00,0
6/25/2014,French Reef,25.03331,-80.35008,Snapper Ledge,FR1-304-L,Lg,20,RM,0.80,2,17.50,11.50,7.00,0
6/25/2014,French Reef,25.03342,-80.35006,Snapper Ledge,FR3-334-L,Lg,21,OK,1.00,0,13.00,10.00,3.00,0
6/25/2014,French Reef,25.03333,-80.35012,Snapper Ledge,FR2-320-L,Lg,20,OK,1.00,0,11.50,9.00,7.50,0
6/25/2014,French Reef,25.03333,-80.35012,Snapper Ledge,FR2-328-L,Lg,21,OK,1.00,0,11.50,11.50,6.00,0
6/25/2014,French Reef,25.03333,-80.35012,Snapper Ledge,FR2-325-L,Lg,20,RM,0.85,0,17.50,6.50,6.50,0
6/25/2014,French Reef,25.03331,-80.35008,Snapper Ledge,FR1-306-L,Lg,21,OK,1.00,0,11.50,9.00,7.00,0
6/25/2014,French Reef,25.03342,-80.35006,Snapper Ledge,FR3-330-S,Sm,21,RM,0.95,0,8.50,7.00,1.50,0
6/25/2014,French Reef,25.03342,-80.35006,Snapper Ledge,FR3-333-S,Sm,21,OK,1.00,0,9.50,4.50,3.00,0
6/25/2014,French Reef,25.03331,-80.35008,Snapper Ledge,FR1-305-S,Sm,20,OK,1.00,0,8.00,7.00,4.50,0
6/25/2014,French Reef,25.03342,-80.35006,Snapper Ledge,FR3-337-L,Lg,21,OK,1.00,0,13.50,8.50,3.50,1
6/25/2014,French Reef,25.03342,-80.35006,Snapper Ledge,FR3-331-S,Sm,21,G,N/A,N/A,7.00,6.00,1.50,N/A
6/25/2014,French Reef,25.03342,-80.35006,Snapper Ledge,FR3-331-L,Lg,20,RM,0.90,0,11.00,6.50,7.00,0
6/25/2014,French Reef,25.03331,-80.35008,Snapper Ledge,FR1-301-L,Lg,20,OK,1.00,0,11.50,10.00,2.00,0
6/25/2014,French Reef,25.03331,-80.35008,Snapper Ledge,FR1-301-S,Sm,20,OK,1.00,0,12.50,7.00,3.00,0
6/25/2014,French Reef,25.03333,-80.35012,Snapper Ledge,FR2-325-S,Sm,20,OK,1.00,0,8.00,4.50,7.00,0
6/25/2014,French Reef,25.03333,-80.35012,Snapper Ledge,FR2-324-S,Sm,20,OK,1.00,0,9.50,6.50,6.00,0
6/25/2014,French Reef,25.03342,-80.35006,Snapper Ledge,FR3-337-S,Sm,21,OK,0.99,0,9.00,8.00,3.00,0
6/25/2014,French Reef,25.03333,-80.35012,Snapper Ledge,FR2-319-S,Sm,20,RM,0.00,N/A,6.50,5.00,2.00,0
6/25/2014,French Reef,25.03333,-80.35012,Snapper Ledge,FR2-327-S,Sm,21,OK,1.00,0,11.50,5.00,3.50,0
8/20/2014,Molasses Reef,25.00984,-80.37395,Snapper Ledge,ML3-133-L,Lg,17,Ok,1.00,0,N/A,N/A,N/A,0
8/20/2014,Molasses Reef,25.01006,-80.37362,Snapper Ledge,ML1-105-L,Lg,16,RM,0.95,3,N/A,N/A,N/A,0
8/20/2014,Molasses Reef,25.00984,-80.37395,Snapper Ledge,ML3-132-S,Sm,18,D,0.00,N/A,N/A,N/A,N/A,0
8/20/2014,Molasses Reef,25.00984,-80.37395,Snapper Ledge,ML3-136-L,Lg,17,RM,0.05,0,N/A,N/A,N/A,0
8/20/2014,Molasses Reef,25.00984,-80.37395,Snapper Ledge,ML3-132-L,Lg,18,Ok,1.00,0,N/A,N/A,N/A,0
8/20/2014,Molasses Reef,25.01006,-80.37362,Snapper Ledge,ML1-104-S,Sm,16,Ok,1.00,0,N/A,N/A,N/A,0
8/20/2014,Molasses Reef,25.01006,-80.37362,Snapper Ledge,ML1-112-L,Lg,15,RM,0.85,0,N/A,N/A,N/A,2
8/20/2014,Molasses Reef,25.01000,-80.37381,Snapper Ledge,ML2-116-S,Sm,18,RM,0.95,0,N/A,N/A,N/A,0
8/20/2014,Molasses Reef,25.01006,-80.37362,Snapper Ledge,ML1-113-S,Sm,16,Ok,1.00,0,N/A,N/A,N/A,0
8/20/2014,Molasses Reef,25.00984,-80.37395,Snapper Ledge,ML3-135-L,Lg,18,RM,0.90,2,N/A,N/A,N/A,0
8/20/2014,Molasses Reef,25.00984,-80.37395,Snapper Ledge,ML3-134-S,Sm,18,Ok,1.00,0,N/A,N/A,N/A,0
8/20/2014,Molasses Reef,25.01000,-80.37381,Snapper Ledge,ML2-117-L,Lg,17,Ok,1.00,0,N/A,N/A,N/A,0
8/20/2014,Molasses Reef,25.01006,-80.37362,Snapper Ledge,ML1-114-S,Sm,14,Ok,1.00,0,N/A,N/A,N/A,0
8/20/2014,Molasses Reef,25.00984,-80.37395,Snapper Ledge,ML3-134-L,Lg,18,Ok,0.95,0,N/A,N/A,N/A,0
8/20/2014,Molasses Reef,25.00984,-80.37395,Snapper Ledge,ML3-133-S,Sm,18,Ok,1.00,0,N/A,N/A,N/A,0
8/20/2014,Molasses Reef,25.01000,-80.37381,Snapper Ledge,ML2-115-S,Sm,18,RM,0.95,0,N/A,N/A,N/A,0
8/20/2014,Molasses Reef,25.01006,-80.37362,Snapper Ledge,ML1-114-L,Lg,14,Ok,1.00,0,N/A,N/A,N/A,0
8/20/2014,Molasses Reef,25.00984,-80.37395,Snapper Ledge,ML3-135-S,Sm,18,Ok,1.00,0,N/A,N/A,N/A,0
8/20/2014,Molasses Reef,25.01000,-80.37381,Snapper Ledge,ML2-116-L,Lg,17,Ok,1.00,0,N/A,N/A,N/A,0
8/20/2014,Molasses Reef,25.01006,-80.37362,Snapper Ledge,ML1-104-L,Lg,16,Ok,1.00,0,N/A,N/A,N/A,0
8/20/2014,Molasses Reef,25.01006,-80.37362,Snapper Ledge,ML1-103-S,Sm,17,RM,0.80,0,N/A,N/A,N/A,0
8/20/2014,Molasses Reef,25.01000,-80.37381,Snapper Ledge,ML2-115-L,Lg,19,RM,0.75,2,N/A,N/A,N/A,0
8/20/2014,Molasses Reef,25.01006,-80.37362,Snapper Ledge,ML1-112-S,Sm,15,Ok,1.00,0,N/A,N/A,N/A,0
8/20/2014,Molasses Reef,25.01006,-80.37362,Snapper Ledge,ML1-113-L,Lg,16,Ok,1.00,0,N/A,N/A,N/A,0
8/20/2014,Molasses Reef,25.01006,-80.37362,Snapper Ledge,ML1-110-L,Lg,16,RM,0.95,0,N/A,N/A,N/A,0
8/20/2014,Molasses Reef,25.01006,-80.37362,Snapper Ledge,ML1-107-S,Sm,16,Ok,1.00,0,N/A,N/A,N/A,0
8/20/2014,Molasses Reef,25.01006,-80.37362,Snapper Ledge,ML1-110-S,Sm,16,Ok,1.00,0,N/A,N/A,N/A,0
8/20/2014,Molasses Reef,25.01000,-80.37381,Snapper Ledge,ML2-127-S,Sm,15,Ok,1.00,0,N/A,N/A,N/A,0
8/20/2014,Molasses Reef,25.01000,-80.37381,Snapper Ledge,ML2-121-S,Sm,17,Ok,1.00,0,N/A,N/A,N/A,0
8/20/2014,Molasses Reef,25.01000,-80.37381,Snapper Ledge,ML2-127-L,Lg,15,D,0.00,N/A,N/A,N/A,N/A,0
8/20/2014,Molasses Reef,25.01000,-80.37381,Snapper Ledge,ML2-122-L,Lg,18,G,N/A,N/A,N/A,N/A,N/A,N/A
8/20/2014,Molasses Reef,25.01000,-80.37381,Snapper Ledge,ML2-126-S,Sm,16,Ok,1.00,0,N/A,N/A,N/A,0
8/20/2014,Molasses Reef,25.00984,-80.37395,Snapper Ledge,ML3-130-L,Lg,19,D,0.00,N/A,N/A,N/A,N/A,0
8/20/2014,Molasses Reef,25.01000,-80.37381,Snapper Ledge,ML2-126-L,Lg,16,Ok,1.00,0,N/A,N/A,N/A,0
8/20/2014,Molasses Reef,25.01000,-80.37381,Snapper Ledge,ML2-128-L,Lg,14,Ok,1.00,0,N/A,N/A,N/A,0
8/20/2014,Molasses Reef,25.01006,-80.37362,Snapper Ledge,ML1-108-S,Sm,15,Ok,1.00,1,N/A,N/A,N/A,0
8/20/2014,Molasses Reef,25.01000,-80.37381,Snapper Ledge,ML2-122-S,Sm,17,Ok,1.00,2,N/A,N/A,N/A,0
8/20/2014,Molasses Reef,25.01000,-80.37381,Snapper Ledge,ML2-125-S,Sm,16,Ok,1.00,0,N/A,N/A,N/A,0
8/20/2014,Molasses Reef,25.01000,-80.37381,Snapper Ledge,ML2-123-L,Lg,17,Ok,1.00,0,N/A,N/A,N/A,0
8/20/2014,Molasses Reef,25.01000,-80.37381,Snapper Ledge,ML2-125-L,Lg,16,Ok,1.00,3,N/A,N/A,N/A,0
8/20/2014,Molasses Reef,25.01006,-80.37362,Snapper Ledge,ML1-109-L,Lg,17,Ok,1.00,2,N/A,N/A,N/A,0
8/20/2014,Molasses Reef,25.01000,-80.37381,Snapper Ledge,ML2-123-S,Sm,17,Ok,1.00,0,N/A,N/A,N/A,0
8/20/2014,Molasses Reef,25.01006,-80.37362,Snapper Ledge,ML1-109-S,Sm,17,Ok,1.00,0,N/A,N/A,N/A,0
8/20/2014,Molasses Reef,25.01006,-80.37362,Snapper Ledge,ML1-108-L,Lg,15,D,0.00,N/A,N/A,N/A,N/A,0
8/20/2014,Molasses Reef,25.01000,-80.37381,Snapper Ledge,ML2-118-S,Sm,16,Ok,1.00,0,N/A,N/A,N/A,0
8/20/2014,Molasses Reef,25.00984,-80.37395,Snapper Ledge,ML3-131-S,Sm,18,RM,0.10,0,N/A,N/A,N/A,0
8/20/2014,Molasses Reef,25.01006,-80.37362,Snapper Ledge,ML1-106-L,Lg,16,Ok,1.00,0,N/A,N/A,N/A,0
8/20/2014,Molasses Reef,25.00984,-80.37395,Snapper Ledge,ML3-131-L,Lg,18,Ok,1.00,0,N/A,N/A,N/A,0
8/20/2014,Molasses Reef,25.01000,-80.37381,Snapper Ledge,ML2-117-S,Sm,17,Ok,1.00,0,N/A,N/A,N/A,0
8/20/2014,Molasses Reef,25.01000,-80.37381,Snapper Ledge,ML2-118-L,Lg,16,Ok,0.30,0,N/A,N/A,N/A,0
8/20/2014,Molasses Reef,25.00984,-80.37395,Snapper Ledge,ML3-130-S,Sm,19,Ok,1.00,0,N/A,N/A,N/A,0
8/20/2014,Molasses Reef,25.01006,-80.37362,Snapper Ledge,ML1-111-S,Sm,17,Ok,1.00,0,N/A,N/A,N/A,0
8/20/2014,Molasses Reef,25.01000,-80.37381,Snapper Ledge,ML2-124-S,Sm,15,Ok,1.00,0,N/A,N/A,N/A,0
8/20/2014,Molasses Reef,25.01000,-80.37381,Snapper Ledge,ML2-121-L,Lg,16,Ok,1.00,0,N/A,N/A,N/A,0
8/20/2014,Molasses Reef,25.01000,-80.37381,Snapper Ledge,ML2-124-L,Lg,16,Ok,1.00,0,N/A,N/A,N/A,0
8/20/2014,Molasses Reef,25.01000,-80.37381,Snapper Ledge,ML2-120-L,Lg,17,Ok,1.00,0,N/A,N/A,N/A,0
8/20/2014,Molasses Reef,25.01000,-80.37381,Snapper Ledge,ML2-119-L,Lg,17,Ok,1.00,2,N/A,N/A,N/A,0
8/20/2014,Molasses Reef,25.00984,-80.37395,Snapper Ledge,ML3-129-S,Sm,19,Ok,1.00,0,N/A,N/A,N/A,0
8/20/2014,Molasses Reef,25.01006,-80.37362,Snapper Ledge,ML1-107-L,Lg,16,Ok,1.00,0,N/A,N/A,N/A,0
8/20/2014,Molasses Reef,25.00984,-80.37395,Snapper Ledge,ML3-129-L,Lg,18,RM,0.00,N/A,N/A,N/A,N/A,0
8/20/2014,Molasses Reef,25.01000,-80.37381,Snapper Ledge,ML2-119-S,Sm,17,Ok,1.00,0,N/A,N/A,N/A,0
8/20/2014,Molasses Reef,25.01000,-80.37381,Snapper Ledge,ML2-128-S,Sm,14,Ok,1.00,0,N/A,N/A,N/A,0
8/20/2014,Molasses Reef,25.01006,-80.37362,Snapper Ledge,ML1-111-L,Lg,17,Ok,0.95,0,N/A,N/A,N/A,2
8/20/2014,Molasses Reef,25.01006,-80.37362,Snapper Ledge,ML1-105-S,Sm,17,Ok,1.00,0,N/A,N/A,N/A,0
8/20/2014,Molasses Reef,25.01006,-80.37362,Snapper Ledge,ML1-106-S,Sm,16,RM,0.00,N/A,N/A,N/A,N/A,0
8/20/2014,Molasses Reef,25.01006,-80.37362,Snapper Ledge,ML1-101-L,Lg,19,Ok,1.00,0,N/A,N/A,N/A,0
8/20/2014,Molasses Reef,25.01006,-80.37362,Snapper Ledge,ML1-103-L,Lg,17,RM,0.50,0,N/A,N/A,N/A,1
8/20/2014,Molasses Reef,25.00984,-80.37395,Snapper Ledge,ML3-142-S,Sm,17,RM,0.04,0,N/A,N/A,N/A,0
8/20/2014,Molasses Reef,25.00984,-80.37395,Snapper Ledge,ML3-142-L,Lg,17,RM,0.80,0,N/A,N/A,N/A,0
8/20/2014,Molasses Reef,25.00984,-80.37395,Snapper Ledge,ML3-140-S,Sm,16,Ok,1.00,0,N/A,N/A,N/A,0
8/20/2014,Molasses Reef,25.00984,-80.37395,Snapper Ledge,ML3-140-L,Lg,16,D,0.00,N/A,N/A,N/A,N/A,0
8/20/2014,Molasses Reef,25.00984,-80.37395,Snapper Ledge,ML3-139-S,Sm,17,Ok,1.00,0,N/A,N/A,N/A,0
8/20/2014,Molasses Reef,25.00984,-80.37395,Snapper Ledge,ML3-139-L,Lg,17,Ok,1.00,2,N/A,N/A,N/A,0
8/20/2014,Molasses Reef,25.00984,-80.37395,Snapper Ledge,ML3-138-S,Sm,16,Ok,1.00,0,N/A,N/A,N/A,0
8/20/2014,Molasses Reef,25.01006,-80.37362,Snapper Ledge,ML1-101-S,Sm,19,Ok,1.00,0,N/A,N/A,N/A,0
8/20/2014,Molasses Reef,25.00984,-80.37395,Snapper Ledge,ML3-138-L,Lg,16,Ok,1.00,0,N/A,N/A,N/A,0
8/20/2014,Molasses Reef,25.01006,-80.37362,Snapper Ledge,ML1-102-L,Lg,19,RM,0.80,0,N/A,N/A,N/A,0
8/20/2014,Molasses Reef,25.00984,-80.37395,Snapper Ledge,ML3-137-S,Sm,16,Ok,0.95,0,N/A,N/A,N/A,0
8/20/2014,Molasses Reef,25.00984,-80.37395,Snapper Ledge,ML3-137-L,Lg,16,RM,0.95,2,N/A,N/A,N/A,0
8/20/2014,Molasses Reef,25.00984,-80.37395,Snapper Ledge,ML3-136-S,Sm,17,Ok,1.00,0,N/A,N/A,N/A,0
8/20/2014,Molasses Reef,25.01006,-80.37362,Snapper Ledge,ML1-102-S,Sm,19,RM,0.70,0,N/A,N/A,N/A,0
8/25/2014,Pickles Reef,24.98577,-80.41569,Snapper Ledge,PI3-229-L,Lg,15,RM,0.98,0,N/A,N/A,N/A,1
8/25/2014,French Reef,25.03342,-80.35006,Snapper Ledge,FR3-337-L,Lg,21,Ok,1.00,0,N/A,N/A,N/A,0
8/25/2014,French Reef,25.03331,-80.35008,Snapper Ledge,FR1-305-S,Sm,20,Ok,1.00,0,N/A,N/A,N/A,0
8/25/2014,Pickles Reef,24.98588,-80.41554,Snapper Ledge,PI2-226-L,Lg,14,Ok,1.00,1,N/A,N/A,N/A,0
8/25/2014,Pickles Reef,24.98609,-80.41514,Snapper Ledge,PI1-206-S,Sm,15,RM,0.95,1,N/A,N/A,N/A,1
8/25/2014,Pickles Reef,24.98588,-80.41554,Snapper Ledge,PI2-215-S,Sm,16,Ok,1.00,0,N/A,N/A,N/A,0
8/25/2014,French Reef,25.03333,-80.35012,Snapper Ledge,FR2-320-L,Lg,20,Ok,0.99,2,N/A,N/A,N/A,0
8/25/2014,Pickles Reef,24.98609,-80.41514,Snapper Ledge,PI1-207-L,Lg,15,Ok,1.00,1,N/A,N/A,N/A,0
8/25/2014,French Reef,25.03333,-80.35012,Snapper Ledge,FR2-327-S,Sm,21,Ok,1.00,0,N/A,N/A,N/A,0
8/25/2014,French Reef,25.03331,-80.35008,Snapper Ledge,FR1-305-L,Lg,20,Ok,1.00,0,N/A,N/A,N/A,0
8/25/2014,Pickles Reef,24.98588,-80.41554,Snapper Ledge,PI2-226-S,Sm,13,Ok,1.00,0,N/A,N/A,N/A,0
8/25/2014,Pickles Reef,24.98609,-80.41514,Snapper Ledge,PI1-208-S,Sm,16,Ok,1.00,1,N/A,N/A,N/A,0
8/25/2014,Pickles Reef,24.98609,-80.41514,Snapper Ledge,PI1-207-S,Sm,15,Ok,1.00,1,N/A,N/A,N/A,0
8/25/2014,Pickles Reef,24.98609,-80.41514,Snapper Ledge,PI1-212-S,Sm,15,Ok,1.00,0,N/A,N/A,N/A,0
8/25/2014,French Reef,25.03342,-80.35006,Snapper Ledge,FR3-336-S,Sm,21,RM,0.85,0,N/A,N/A,N/A,0
8/25/2014,French Reef,25.03331,-80.35008,Snapper Ledge,FR1-304-S,Sm,21,Ok,0.85,0,N/A,N/A,N/A,0
8/25/2014,Pickles Reef,24.98588,-80.41554,Snapper Ledge,PI2-215-L,Lg,16,Ok,1.00,1,N/A,N/A,N/A,0
8/25/2014,French Reef,25.03333,-80.35012,Snapper Ledge,FR2-321-L,Lg,20,Ok,1.00,1,N/A,N/A,N/A,0
8/25/2014,Pickles Reef,24.98609,-80.41514,Snapper Ledge,PI1-208-L,Lg,N/A,RM,0.90,0,N/A,N/A,N/A,1
8/25/2014,Pickles Reef,24.98588,-80.41554,Snapper Ledge,PI2-227-L,Lg,13,Ok,1.00,1,N/A,N/A,N/A,0
8/25/2014,Pickles Reef,24.98609,-80.41514,Snapper Ledge,PI1-213-S,Sm,15,RM,0.90,0,N/A,N/A,N/A,0
8/25/2014,French Reef,25.03342,-80.35006,Snapper Ledge,FR3-333-S,Sm,21,Ok,1.00,2,N/A,N/A,N/A,0
8/25/2014,French Reef,25.03331,-80.35008,Snapper Ledge,FR1-306-S,Sm,21,Ok,1.00,0,N/A,N/A,N/A,0
8/25/2014,Pickles Reef,24.98609,-80.41514,Snapper Ledge,PI1-203-S,Sm,14,RM,0.80,0,N/A,N/A,N/A,2
8/25/2014,Pickles Reef,24.98588,-80.41554,Snapper Ledge,PI2-224-S,Sm,14,Ok,1.00,1,N/A,N/A,N/A,0
8/25/2014,French Reef,25.03331,-80.35008,Snapper Ledge,FR1-307-L,Lg,19,Ok,1.00,1,N/A,N/A,N/A,0
8/25/2014,French Reef,25.03342,-80.35006,Snapper Ledge,FR3-192-L,Lg,23,Ok,1.00,0,N/A,N/A,N/A,0
8/25/2014,Pickles Reef,24.98609,-80.41514,Snapper Ledge,PI1-204-L,Lg,17,Ok,1.00,0,N/A,N/A,N/A,0
8/25/2014,French Reef,25.03342,-80.35006,Snapper Ledge,FR3-338-L,Lg,22,RM,0.10,0,N/A,N/A,N/A,0
8/25/2014,French Reef,25.03331,-80.35008,Snapper Ledge,FR1-301-L,Lg,20,Ok,1.00,0,N/A,N/A,N/A,0
8/25/2014,Pickles Reef,24.98588,-80.41554,Snapper Ledge,PI2-216-S,Sm,16,Ok,1.00,0,N/A,N/A,N/A,0
8/25/2014,French Reef,25.03333,-80.35012,Snapper Ledge,FR2-328-S,Sm,21,Ok,1.00,1,N/A,N/A,N/A,0
8/25/2014,Pickles Reef,24.98609,-80.41514,Snapper Ledge,PI1-204-S,Sm,16,Ok,0.70,0,N/A,N/A,N/A,0
8/25/2014,Pickles Reef,24.98609,-80.41514,Snapper Ledge,PI1-206-L,Lg,15,Ok,1.00,0,N/A,N/A,N/A,0
8/25/2014,Pickles Reef,24.98588,-80.41554,Snapper Ledge,PI2-225-L,Lg,13,RM,0.01,0,N/A,N/A,N/A,0
8/25/2014,Pickles Reef,24.98588,-80.41554,Snapper Ledge,PI2-216-L,Lg,16,Ok,1.00,1,N/A,N/A,N/A,0
8/25/2014,Pickles Reef,24.98577,-80.41569,Snapper Ledge,PI3-229-S,Sm,16,Ok,1.00,2,N/A,N/A,N/A,0
8/25/2014,Pickles Reef,24.98577,-80.41569,Snapper Ledge,PI3-235-L,Lg,14,Ok,1.00,1,N/A,N/A,N/A,0
8/25/2014,Pickles Reef,24.98609,-80.41514,Snapper Ledge,PI1-205-L,Lg,15,Ok,1.00,0,N/A,N/A,N/A,0
8/25/2014,French Reef,25.03342,-80.35006,Snapper Ledge,FR3-337-S,Sm,21,Ok,1.00,2,N/A,N/A,N/A,0
8/25/2014,Pickles Reef,24.98577,-80.41569,Snapper Ledge,PI3-237-S,Sm,13,Ok,1.00,0,N/A,N/A,N/A,0
8/25/2014,French Reef,25.03331,-80.35008,Snapper Ledge,FR1-306-L,Lg,21,Ok,1.00,0,N/A,N/A,N/A,0
8/25/2014,Pickles Reef,24.98609,-80.41514,Snapper Ledge,PI1-205-S,Sm,15,Ok,1.00,0,N/A,N/A,N/A,0
8/25/2014,Pickles Reef,24.98588,-80.41554,Snapper Ledge,PI2-225-S,Sm,13,RM,0.85,0,N/A,N/A,N/A,0
8/25/2014,French Reef,25.03333,-80.35012,Snapper Ledge,FR2-328-L,Lg,21,Ok,1.00,0,N/A,N/A,N/A,0
8/25/2014,French Reef,25.03342,-80.35006,Snapper Ledge,FR3-330-S,Sm,21,Ok,0.50,1,N/A,N/A,N/A,0
8/25/2014,French Reef,25.03342,-80.35006,Snapper Ledge,FR3-332-L,Lg,21,Ok,1.00,1,N/A,N/A,N/A,0
8/25/2014,French Reef,25.03342,-80.35006,Snapper Ledge,FR3-330-L,Lg,20,Ok,1.00,1,N/A,N/A,N/A,0
8/25/2014,Pickles Reef,24.98609,-80.41514,Snapper Ledge,PI1-211-L,Lg,15,RM,0.95,0,N/A,N/A,N/A,0
8/25/2014,French Reef,25.03342,-80.35006,Snapper Ledge,FR3-332-S,Sm,21,Ok,1.00,1,N/A,N/A,N/A,0
8/25/2014,Pickles Reef,24.98588,-80.41554,Snapper Ledge,PI2-228-S,Sm,13,Ok,1.00,2,N/A,N/A,N/A,0
8/25/2014,French Reef,25.03331,-80.35008,Snapper Ledge,FR1-302-S,Sm,21,OK,1.00,1,N/A,N/A,N/A,0
8/25/2014,Pickles Reef,24.98609,-80.41514,Snapper Ledge,PI1-210-S,Sm,15,Ok,1.00,2,N/A,N/A,N/A,0
8/25/2014,Pickles Reef,24.98609,-80.41514,Snapper Ledge,PI1-212-L,Lg,15,Ok,1.00,1,N/A,N/A,N/A,0
8/25/2014,French Reef,25.03333,-80.35012,Snapper Ledge,FR2-326-L,Lg,21,Ok,1.00,0,N/A,N/A,N/A,0
8/25/2014,French Reef,25.03342,-80.35006,Snapper Ledge,FR3-335-L,Lg,21,Ok,1.00,0,N/A,N/A,N/A,0
8/25/2014,French Reef,25.03333,-80.35012,Snapper Ledge,FR2-323-S,Sm,20,Ok,1.00,1,N/A,N/A,N/A,0
8/25/2014,Pickles Reef,24.98577,-80.41569,Snapper Ledge,PI3-234-S,Sm,15,Ok,1.00,2,N/A,N/A,N/A,0
8/25/2014,Pickles Reef,24.98577,-80.41569,Snapper Ledge,PI3-236-L,Lg,14,Ok,1.00,2,N/A,N/A,N/A,0
8/25/2014,French Reef,25.03331,-80.35008,Snapper Ledge,FR1-301-S,Sm,20,OK,1.00,0,N/A,N/A,N/A,0
8/25/2014,French Reef,25.03333,-80.35012,Snapper Ledge,FR2-326-S,Sm,21,RM,0.40,0,N/A,N/A,N/A,0
8/25/2014,Pickles Reef,24.98577,-80.41569,Snapper Ledge,PI3-163-L,Lg,13,Ok,1.00,2,N/A,N/A,N/A,0
8/25/2014,French Reef,25.03342,-80.35006,Snapper Ledge,FR3-334-S,Sm,21,Ok,1.00,0,N/A,N/A,N/A,0
8/25/2014,French Reef,25.03342,-80.35006,Snapper Ledge,FR3-333-L,Lg,21,G,N/A,N/A,N/A,N/A,N/A,N/A
8/25/2014,Pickles Reef,24.98577,-80.41569,Snapper Ledge,PI3-164-L,Lg,13,Ok,1.00,2,N/A,N/A,N/A,0
8/25/2014,French Reef,25.03331,-80.35008,Snapper Ledge,FR1-302-L,Lg,21,OK,1.00,2,N/A,N/A,N/A,0
8/25/2014,Pickles Reef,24.98577,-80.41569,Snapper Ledge,PI3-240-S,Sm,14,Ok,1.00,2,N/A,N/A,N/A,0
8/25/2014,Pickles Reef,24.98609,-80.41514,Snapper Ledge,PI1-211-S,Sm,15,RM,0.95,2,N/A,N/A,N/A,0
8/25/2014,French Reef,25.03333,-80.35012,Snapper Ledge,FR2-324-L,Lg,20,Ok,1.00,1,N/A,N/A,N/A,0
8/25/2014,French Reef,25.03333,-80.35012,Snapper Ledge,FR2-325-S,Sm,20,Ok,1.00,0,N/A,N/A,N/A,0
8/25/2014,Pickles Reef,24.98577,-80.41569,Snapper Ledge,PI3-236-S,Sm,13,Ok,1.00,1,N/A,N/A,N/A,0
8/25/2014,Pickles Reef,24.98609,-80.41514,Snapper Ledge,PI1-214-L,Lg,14,Ok,1.00,1,N/A,N/A,N/A,0
8/25/2014,French Reef,25.03333,-80.35012,Snapper Ledge,FR2-322-L,Lg,20,Ok,1.00,1,N/A,N/A,N/A,0
8/25/2014,Pickles Reef,24.98577,-80.41569,Snapper Ledge,PI3-237-L,Lg,12,Ok,1.00,2,N/A,N/A,N/A,0
8/25/2014,French Reef,25.03333,-80.35012,Snapper Ledge,FR2-321-S,Sm,20,Ok,1.00,0,N/A,N/A,N/A,0
8/25/2014,French Reef,25.03333,-80.35012,Snapper Ledge,FR2-327-L,Lg,21,Ok,1.00,1,N/A,N/A,N/A,0
8/25/2014,French Reef,25.03331,-80.35008,Snapper Ledge,FR1-304-L,Lg,20,Ok,0.80,1,N/A,N/A,N/A,0
8/25/2014,French Reef,25.03342,-80.35006,Snapper Ledge,FR3-338-S,Sm,22,Ok,1.00,1,N/A,N/A,N/A,0
8/25/2014,French Reef,25.03342,-80.35006,Snapper Ledge,FR3-334-L,Lg,21,Ok,1.00,0,N/A,N/A,N/A,0
8/25/2014,French Reef,25.03333,-80.35012,Snapper Ledge,FR2-318-S,Sm,19,Ok,0.98,1,N/A,N/A,N/A,0
8/25/2014,French Reef,25.03342,-80.35006,Snapper Ledge,FR3-336-L,Lg,21,RM,0.90,0,N/A,N/A,N/A,0
8/25/2014,Pickles Reef,24.98577,-80.41569,Snapper Ledge,PI3-234-L,Lg,14,Ok,1.00,1,N/A,N/A,N/A,0
8/25/2014,Pickles Reef,24.98588,-80.41554,Snapper Ledge,PI2-227-S,Sm,13,RM,0.70,0,N/A,N/A,N/A,0
8/25/2014,Pickles Reef,24.98609,-80.41514,Snapper Ledge,PI1-210-L,Lg,16,Ok,1.00,2,N/A,N/A,N/A,0
8/25/2014,Pickles Reef,24.98609,-80.41514,Snapper Ledge,PI1-209-L,Lg,15,Ok,1.00,0,N/A,N/A,N/A,0
8/25/2014,Pickles Reef,24.98577,-80.41569,Snapper Ledge,PI3-163-S,Sm,14,Ok,1.00,0,N/A,N/A,N/A,0
8/25/2014,Pickles Reef,24.98577,-80.41569,Snapper Ledge,PI3-164-S,Sm,13,Ok,0.75,1,N/A,N/A,N/A,0
8/25/2014,French Reef,25.03333,-80.35012,Snapper Ledge,FR2-324-S,Sm,20,Ok,1.00,1,N/A,N/A,N/A,0
8/25/2014,Pickles Reef,24.98609,-80.41514,Snapper Ledge,PI1-214-S,Sm,14,Ok,1.00,2,N/A,N/A,N/A,0
8/25/2014,Pickles Reef,24.98609,-80.41514,Snapper Ledge,PI1-209-S,Sm,15,Ok,1.00,1,N/A,N/A,N/A,0
8/25/2014,French Reef,25.03342,-80.35006,Snapper Ledge,FR3-335-S,Sm,21,Ok,1.00,0,N/A,N/A,N/A,0
8/25/2014,French Reef,25.03333,-80.35012,Snapper Ledge,FR2-322-S,Sm,21,G,N/A,N/A,N/A,N/A,N/A,N/A
8/25/2014,French Reef,25.03333,-80.35012,Snapper Ledge,FR2-323-L,Lg,20,Ok,1.00,0,N/A,N/A,N/A,0
8/25/2014,French Reef,25.03331,-80.35008,Snapper Ledge,FR1-303-L,Lg,20,Ok,1.00,1,N/A,N/A,N/A,0
8/25/2014,Pickles Reef,24.98588,-80.41554,Snapper Ledge,PI2-228-L,Lg,13,RM,0.80,0,N/A,N/A,N/A,0
8/25/2014,Pickles Reef,24.98577,-80.41569,Snapper Ledge,PI3-240-L,Lg,14,Ok,1.00,2,N/A,N/A,N/A,0
8/25/2014,French Reef,25.03331,-80.35008,Snapper Ledge,FR1-303-S,Sm,20,Ok,1.00,1,N/A,N/A,N/A,0
8/25/2014,French Reef,25.03342,-80.35006,Snapper Ledge,FR3-340-S,Sm,22,D,0.00,N/A,N/A,N/A,N/A,0
8/25/2014,Pickles Reef,24.98588,-80.41554,Snapper Ledge,PI2-218-L,Lg,15,Ok,1.00,1,N/A,N/A,N/A,0
8/25/2014,Pickles Reef,24.98588,-80.41554,Snapper Ledge,PI2-221-S,Sm,15,Ok,1.00,0,N/A,N/A,N/A,0
8/25/2014,French Reef,25.03331,-80.35008,Snapper Ledge,FR1-310-L,Lg,19,Ok,1.00,0,N/A,N/A,N/A,0
8/25/2014,Pickles Reef,24.98588,-80.41554,Snapper Ledge,PI2-219-L,Lg,16,Ok,1.00,0,N/A,N/A,N/A,0
8/25/2014,French Reef,25.03342,-80.35006,Snapper Ledge,FR3-329-L,Lg,20,Ok,0.05,0,N/A,N/A,N/A,0
8/25/2014,French Reef,25.03331,-80.35008,Snapper Ledge,FR1-314-S,Sm,21,Ok,1.00,0,N/A,N/A,N/A,0
8/25/2014,Pickles Reef,24.98577,-80.41569,Snapper Ledge,PI3-231-S,Sm,15,Ok,1.00,2,N/A,N/A,N/A,0
8/25/2014,French Reef,25.03331,-80.35008,Snapper Ledge,FR1-309-S,Sm,19,G,N/A,N/A,N/A,N/A,N/A,N/A
8/25/2014,Pickles Reef,24.98609,-80.41514,Snapper Ledge,PI1-213-L,Lg,15,G,N/A,N/A,N/A,N/A,N/A,N/A
8/25/2014,French Reef,25.03333,-80.35012,Snapper Ledge,FR2-315-L,Lg,21,Ok,1.00,0,N/A,N/A,N/A,0
8/25/2014,French Reef,25.03331,-80.35008,Snapper Ledge,FR1-314-L,Lg,21,Ok,1.00,1,N/A,N/A,N/A,0
8/25/2014,Pickles Reef,24.98588,-80.41554,Snapper Ledge,PI2-222-S,Sm,15,Ok,1.00,0,N/A,N/A,N/A,0
8/25/2014,Pickles Reef,24.98588,-80.41554,Snapper Ledge,PI2-218-S,Sm,14,Ok,1.00,2,N/A,N/A,N/A,0
8/25/2014,French Reef,25.03333,-80.35012,Snapper Ledge,FR2-315-S,Sm,21,Ok,1.00,0,N/A,N/A,N/A,0
8/25/2014,French Reef,25.03331,-80.35008,Snapper Ledge,FR1-309-L,Lg,19,Ok,1.00,0,N/A,N/A,N/A,0
8/25/2014,Pickles Reef,24.98577,-80.41569,Snapper Ledge,PI3-231-L,Lg,14,Ok,1.00,1,N/A,N/A,N/A,0
8/25/2014,French Reef,25.03342,-80.35006,Snapper Ledge,FR3-340-L,Lg,22,RM,0.75,0,N/A,N/A,N/A,0
8/25/2014,French Reef,25.03331,-80.35008,Snapper Ledge,FR1-308-S,Sm,20,Ok,1.00,0,N/A,N/A,N/A,0
8/25/2014,French Reef,25.03342,-80.35006,Snapper Ledge,FR3-329-S,Sm,21,Ok,1.00,0,N/A,N/A,N/A,0
8/25/2014,Pickles Reef,24.98588,-80.41554,Snapper Ledge,PI2-223-L,Lg,13,Ok,1.00,0,N/A,N/A,N/A,0
8/25/2014,Pickles Reef,24.98588,-80.41554,Snapper Ledge,PI2-222-L,Lg,15,Ok,1.00,3,N/A,N/A,N/A,0
8/25/2014,French Reef,25.03333,-80.35012,Snapper Ledge,FR2-325-L,Lg,20,RM,0.98,0,N/A,N/A,N/A,1
8/25/2014,French Reef,25.03331,-80.35008,Snapper Ledge,FR1-311-S,Sm,19,Ok,1.00,1,N/A,N/A,N/A,0
8/25/2014,Pickles Reef,24.98588,-80.41554,Snapper Ledge,PI2-220-S,Sm,15,Ok,1.00,0,N/A,N/A,N/A,0
8/25/2014,French Reef,25.03342,-80.35006,Snapper Ledge,FR3-194-L,Lg,24,Ok,1.00,0,N/A,N/A,N/A,0
8/25/2014,French Reef,25.03331,-80.35008,Snapper Ledge,FR1-312-S,Sm,21,Ok,1.00,1,N/A,N/A,N/A,0
8/25/2014,Pickles Reef,24.98577,-80.41569,Snapper Ledge,PI3-232-S,Sm,14,Ok,1.00,2,N/A,N/A,N/A,0
8/25/2014,Pickles Reef,24.98588,-80.41554,Snapper Ledge,PI2-220-L,Lg,15,Ok,1.00,0,N/A,N/A,N/A,0
8/25/2014,French Reef,25.03331,-80.35008,Snapper Ledge,FR1-311-L,Lg,20,RM,0.98,0,N/A,N/A,N/A,0
8/25/2014,Pickles Reef,24.98577,-80.41569,Snapper Ledge,PI3-232-L,Lg,14,Ok,1.00,1,N/A,N/A,N/A,0
8/25/2014,Pickles Reef,24.98577,-80.41569,Snapper Ledge,PI3-233-L,Lg,15,Ok,1.00,0,N/A,N/A,N/A,0
8/25/2014,French Reef,25.03333,-80.35012,Snapper Ledge,FR2-319-L,Lg,20,Ok,1.00,1,N/A,N/A,N/A,0
8/25/2014,French Reef,25.03342,-80.35006,Snapper Ledge,FR3-193-L,Lg,23,Ok,1.00,1,N/A,N/A,N/A,0
8/25/2014,Pickles Reef,24.98577,-80.41569,Snapper Ledge,PI3-238-S,Sm,13,Ok,1.00,2,N/A,N/A,N/A,0
8/25/2014,Pickles Reef,24.98588,-80.41554,Snapper Ledge,PI2-221-L,Lg,15,Ok,1.00,1,N/A,N/A,N/A,0
8/25/2014,French Reef,25.03342,-80.35006,Snapper Ledge,FR3-193-S,Sm,23,Ok,1.00,0,N/A,N/A,N/A,0
8/25/2014,French Reef,25.03342,-80.35006,Snapper Ledge,FR3-194-S,Sm,23,Ok,1.00,0,N/A,N/A,N/A,0
8/25/2014,French Reef,25.03331,-80.35008,Snapper Ledge,FR1-313-S,Sm,19,Ok,1.00,2,N/A,N/A,N/A,0
8/25/2014,Pickles Reef,24.98588,-80.41554,Snapper Ledge,PI2-219-S,Sm,15,Ok,1.00,0,N/A,N/A,N/A,0
8/25/2014,Pickles Reef,24.98577,-80.41569,Snapper Ledge,PI3-235-S,Sm,14,Ok,1.00,0,N/A,N/A,N/A,0
8/25/2014,French Reef,25.03331,-80.35008,Snapper Ledge,FR1-310-S,Sm,19,Ok,1.00,0,N/A,N/A,N/A,0
8/25/2014,Pickles Reef,24.98577,-80.41569,Snapper Ledge,PI3-239-L,Lg,14,Ok,1.00,0,N/A,N/A,N/A,0
8/25/2014,French Reef,25.03331,-80.35008,Snapper Ledge,FR1-313-L,Lg,20,Ok,1.00,1,N/A,N/A,N/A,0
8/25/2014,French Reef,25.03333,-80.35012,Snapper Ledge,FR2-317-S,Sm,19,RM,0.80,2,N/A,N/A,N/A,0
8/25/2014,Pickles Reef,24.98609,-80.41514,Snapper Ledge,PI1-203-L,Lg,14,Ok,1.00,0,N/A,N/A,N/A,0
8/25/2014,Pickles Reef,24.98588,-80.41554,Snapper Ledge,PI2-223-S,Sm,14,Ok,1.00,0,N/A,N/A,N/A,0
8/25/2014,Pickles Reef,24.98588,-80.41554,Snapper Ledge,PI2-224-L,Lg,14,Ok,1.00,1,N/A,N/A,N/A,0
8/25/2014,Pickles Reef,24.98588,-80.41554,Snapper Ledge,PI2-217-S,Sm,15,RM,0.05,0,N/A,N/A,N/A,0
8/25/2014,Pickles Reef,24.98577,-80.41569,Snapper Ledge,PI3-230-L,Lg,15,RM,0.95,0,N/A,N/A,N/A,2
8/25/2014,Pickles Reef,24.98588,-80.41554,Snapper Ledge,PI2-217-L,Lg,15,RM,0.20,0,N/A,N/A,N/A,2
8/25/2014,Pickles Reef,24.98609,-80.41514,Snapper Ledge,PI1-202-L,Lg,17,Ok,1.00,2,N/A,N/A,N/A,0
8/25/2014,French Reef,25.03331,-80.35008,Snapper Ledge,FR1-308-L,Lg,20,Ok,1.00,0,N/A,N/A,N/A,0
8/25/2014,Pickles Reef,24.98609,-80.41514,Snapper Ledge,PI1-201-S,Sm,14,Ok,1.00,2,N/A,N/A,N/A,0
8/25/2014,French Reef,25.03331,-80.35008,Snapper Ledge,FR1-307-S,Sm,19,Ok,1.00,1,N/A,N/A,N/A,0
8/25/2014,French Reef,25.03342,-80.35006,Snapper Ledge,FR3-192-S,Sm,23,Ok,1.00,0,N/A,N/A,N/A,0
8/25/2014,French Reef,25.03342,-80.35006,Snapper Ledge,FR3-339-S,Sm,22,Ok,1.00,0,N/A,N/A,N/A,0
8/25/2014,Pickles Reef,24.98577,-80.41569,Snapper Ledge,PI3-233-S,Sm,15,Ok,1.00,1,N/A,N/A,N/A,0
8/25/2014,Pickles Reef,24.98609,-80.41514,Snapper Ledge,PI1-201-L,Lg,15,Ok,0.75,1,N/A,N/A,N/A,2
8/25/2014,French Reef,25.03333,-80.35012,Snapper Ledge,FR2-316-S,Sm,20,Ok,1.00,1,N/A,N/A,N/A,0
8/25/2014,Pickles Reef,24.98577,-80.41569,Snapper Ledge,PI3-239-S,Sm,14,Ok,1.00,0,N/A,N/A,N/A,0
8/25/2014,French Reef,25.03342,-80.35006,Snapper Ledge,FR3-339-L,Lg,22,Ok,1.00,0,N/A,N/A,N/A,0
8/25/2014,Pickles Reef,24.98577,-80.41569,Snapper Ledge,PI3-238-L,Lg,14,Ok,1.00,0,N/A,N/A,N/A,0
8/25/2014,Pickles Reef,24.98609,-80.41514,Snapper Ledge,PI1-202-S,Sm,17,Ok,1.00,0,N/A,N/A,N/A,0
8/25/2014,French Reef,25.03333,-80.35012,Snapper Ledge,FR2-318-L,Lg,20,RM,0.98,2,N/A,N/A,N/A,0
8/25/2014,French Reef,25.03333,-80.35012,Snapper Ledge,FR2-317-L,Lg,20,D,0.00,N/A,N/A,N/A,N/A,0
8/25/2014,French Reef,25.03333,-80.35012,Snapper Ledge,FR2-316-L,Lg,20,D,0.00,N/A,N/A,N/A,N/A,0
9/19/2014,Molasses Reef,25.01006,-80.37362,Snapper Ledge,ML1-109-L,Lg,17,OK,1.00,3,N/A,N/A,N/A,0
9/19/2014,French Reef,25.03342,-80.35006,Snapper Ledge,FR3-193-S,Sm,23,OK,1.00,2,N/A,N/A,N/A,0
9/19/2014,Molasses Reef,25.01006,-80.37362,Snapper Ledge,ML1-112-S,Sm,15,D,0.00,N/A,N/A,N/A,N/A,N/A
9/19/2014,French Reef,25.03342,-80.35006,Snapper Ledge,FR3-334-S,Sm,21,D,0.00,N/A,N/A,N/A,N/A,N/A
9/19/2014,French Reef,25.03342,-80.35006,Snapper Ledge,FR3-194-S,Sm,23,OK,1.00,2,N/A,N/A,N/A,0
9/19/2014,Molasses Reef,25.01006,-80.37362,Snapper Ledge,ML1-104-L,Lg,16,OK,1.00,1,N/A,N/A,N/A,0
9/19/2014,French Reef,25.03333,-80.35012,Snapper Ledge,FR2-326-L,Lg,21,OK,1.00,3,N/A,N/A,N/A,0
9/19/2014,Molasses Reef,25.01006,-80.37362,Snapper Ledge,ML1-112-L,Lg,15,RM,0.10,2,N/A,N/A,N/A,0
9/19/2014,French Reef,25.03342,-80.35006,Snapper Ledge,FR3-335-L,Lg,21,OK,0.95,2,N/A,N/A,N/A,0
9/19/2014,Pickles Reef,24.98577,-80.41569,Snapper Ledge,PI3-232-L,Lg,14,OK,0.95,3,N/A,N/A,N/A,0
9/19/2014,Molasses Reef,25.01006,-80.37362,Snapper Ledge,ML1-103-L,Lg,17,D,0.00,N/A,N/A,N/A,N/A,N/A
9/19/2014,French Reef,25.03333,-80.35012,Snapper Ledge,FR2-325-L,Lg,20,OK,1.00,3,N/A,N/A,N/A,0
9/19/2014,French Reef,25.03342,-80.35006,Snapper Ledge,FR3-194-L,Lg,24,OK,1.00,2,N/A,N/A,N/A,0
9/19/2014,Molasses Reef,25.01006,-80.37362,Snapper Ledge,ML1-113-S,Sm,16,OK,1.00,2,N/A,N/A,N/A,0
9/19/2014,Molasses Reef,25.01006,-80.37362,Snapper Ledge,ML1-102-S,Sm,19,D,0.00,N/A,N/A,N/A,N/A,N/A
9/19/2014,French Reef,25.03342,-80.35006,Snapper Ledge,FR3-192-L,Lg,23,OK,1.00,3,N/A,N/A,N/A,0
9/19/2014,French Reef,25.03342,-80.35006,Snapper Ledge,FR3-334-L,Lg,21,RM,0.90,2,N/A,N/A,N/A,0
9/19/2014,Molasses Reef,25.01006,-80.37362,Snapper Ledge,ML1-108-S,Sm,15,OK,1.00,3,N/A,N/A,N/A,0
9/19/2014,French Reef,25.03342,-80.35006,Snapper Ledge,FR3-338-L,Lg,22,D,0.00,N/A,N/A,N/A,N/A,N/A
9/19/2014,Pickles Reef,24.98577,-80.41569,Snapper Ledge,PI3-232-S,Sm,14,OK,1.00,3,N/A,N/A,N/A,0
9/19/2014,Pickles Reef,24.98577,-80.41569,Snapper Ledge,PI3-230-L,Lg,15,OK,1.00,3,N/A,N/A,N/A,0
9/19/2014,French Reef,25.03333,-80.35012,Snapper Ledge,FR2-325-S,Sm,20,OK,1.00,2,N/A,N/A,N/A,0
9/19/2014,Pickles Reef,24.98577,-80.41569,Snapper Ledge,PI3-233-S,Sm,15,OK,1.00,3,N/A,N/A,N/A,0
9/19/2014,Molasses Reef,25.01006,-80.37362,Snapper Ledge,ML1-113-L,Lg,16,OK,1.00,2,N/A,N/A,N/A,0
9/19/2014,Pickles Reef,24.98577,-80.41569,Snapper Ledge,PI3-234-L,Lg,14,OK,1.00,3,N/A,N/A,N/A,0
9/19/2014,Molasses Reef,25.01006,-80.37362,Snapper Ledge,ML1-102-L,Lg,19,D,0.00,N/A,N/A,N/A,N/A,N/A
9/19/2014,French Reef,25.03342,-80.35006,Snapper Ledge,FR3-332-S,Sm,21,OK,1.00,2,N/A,N/A,N/A,0
9/19/2014,French Reef,25.03333,-80.35012,Snapper Ledge,FR2-328-S,Sm,21,OK,1.00,3,N/A,N/A,N/A,0
9/19/2014,Pickles Reef,24.98577,-80.41569,Snapper Ledge,PI3-164-L,Lg,13,OK,1.00,3,N/A,N/A,N/A,0
9/19/2014,Molasses Reef,25.01006,-80.37362,Snapper Ledge,ML1-103-S,Sm,17,OK,0.50,2,N/A,N/A,N/A,0
9/19/2014,French Reef,25.03342,-80.35006,Snapper Ledge,FR3-337-L,Lg,21,OK,1.00,2,N/A,N/A,N/A,0
9/19/2014,French Reef,25.03333,-80.35012,Snapper Ledge,FR2-326-S,Sm,21,D,0.00,N/A,N/A,N/A,N/A,N/A
9/19/2014,French Reef,25.03342,-80.35006,Snapper Ledge,FR3-332-L,Lg,21,RM,0.95,3,N/A,N/A,N/A,0
9/19/2014,Pickles Reef,24.98577,-80.41569,Snapper Ledge,PI3-231-L,Lg,14,RM,0.90,3,N/A,N/A,N/A,1
9/19/2014,French Reef,25.03342,-80.35006,Snapper Ledge,FR3-329-L,Lg,20,RM,0.10,2,N/A,N/A,N/A,0
9/19/2014,Molasses Reef,25.01006,-80.37362,Snapper Ledge,ML1-106-L,Lg,16,OK,1.00,3,N/A,N/A,N/A,N/A
9/19/2014,French Reef,25.03333,-80.35012,Snapper Ledge,FR2-327-L,Lg,21,OK,1.00,2,N/A,N/A,N/A,0
9/19/2014,French Reef,25.03342,-80.35006,Snapper Ledge,FR3-192-S,Sm,23,OK,1.00,2,N/A,N/A,N/A,0
9/19/2014,Molasses Reef,25.01006,-80.37362,Snapper Ledge,ML1-110-S,Sm,16,OK,1.00,2,N/A,N/A,N/A,0
9/19/2014,Pickles Reef,24.98577,-80.41569,Snapper Ledge,PI3-229-S,Sm,16,OK,0.98,3,N/A,N/A,N/A,2
9/19/2014,Molasses Reef,25.01006,-80.37362,Snapper Ledge,ML1-107-L,Lg,16,RM,1.00,2,N/A,N/A,N/A,0
9/19/2014,Molasses Reef,25.01006,-80.37362,Snapper Ledge,ML1-105-S,Sm,17,D,0.00,N/A,N/A,N/A,N/A,N/A
9/19/2014,French Reef,25.03342,-80.35006,Snapper Ledge,FR3-340-L,Lg,22,D,0.00,N/A,N/A,N/A,N/A,N/A
9/19/2014,French Reef,25.03342,-80.35006,Snapper Ledge,FR3-339-S,Sm,22,OK,1.00,2,N/A,N/A,N/A,0
9/19/2014,Pickles Reef,24.98577,-80.41569,Snapper Ledge,PI3-229-L,Lg,15,OK,0.98,2,N/A,N/A,N/A,0
9/19/2014,Pickles Reef,24.98577,-80.41569,Snapper Ledge,PI3-235-S,Sm,14,OK,1.00,3,N/A,N/A,N/A,0
9/19/2014,French Reef,25.03342,-80.35006,Snapper Ledge,FR3-336-S,Sm,21,OK,0.90,2,N/A,N/A,N/A,0
9/19/2014,French Reef,25.03333,-80.35012,Snapper Ledge,FR2-327-S,Sm,21,OK,1.00,2,N/A,N/A,N/A,0
9/19/2014,Molasses Reef,25.01006,-80.37362,Snapper Ledge,ML1-110-L,Lg,16,RM,0.05,N/A,N/A,N/A,N/A,0
9/19/2014,French Reef,25.03342,-80.35006,Snapper Ledge,FR3-329-S,Sm,21,OK,1.00,2,N/A,N/A,N/A,0
9/19/2014,French Reef,25.03342,-80.35006,Snapper Ledge,FR3-330-S,Sm,21,OK,0.60,2,N/A,N/A,N/A,0
9/19/2014,Molasses Reef,25.01006,-80.37362,Snapper Ledge,ML1-109-S,Sm,17,OK,1.00,2,N/A,N/A,N/A,0
9/19/2014,Molasses Reef,25.01006,-80.37362,Snapper Ledge,ML1-101-S,Sm,19,OK,1.00,3,N/A,N/A,N/A,0
9/19/2014,Molasses Reef,25.01006,-80.37362,Snapper Ledge,ML1-104-S,Sm,16,OK,1.00,1,N/A,N/A,N/A,0
9/19/2014,French Reef,25.03342,-80.35006,Snapper Ledge,FR3-193-L,Lg,23,OK,1.00,2,N/A,N/A,N/A,0
9/19/2014,Pickles Reef,24.98577,-80.41569,Snapper Ledge,PI3-233-L,Lg,15,OK,0.95,3,N/A,N/A,N/A,1
9/19/2014,Molasses Reef,25.01006,-80.37362,Snapper Ledge,ML1-107-S,Sm,16,OK,0.10,2,N/A,N/A,N/A,0
9/19/2014,French Reef,25.03342,-80.35006,Snapper Ledge,FR3-339-L,Lg,22,OK,1.00,2,N/A,N/A,N/A,0
9/19/2014,Pickles Reef,24.98577,-80.41569,Snapper Ledge,PI3-235-L,Lg,14,OK,1.00,3,N/A,N/A,N/A,0
9/19/2014,French Reef,25.03342,-80.35006,Snapper Ledge,FR3-337-S,Sm,21,OK,1.00,3,N/A,N/A,N/A,0
9/19/2014,French Reef,25.03342,-80.35006,Snapper Ledge,FR3-338-S,Sm,22,D,0.00,N/A,N/A,N/A,N/A,N/A
9/19/2014,French Reef,25.03342,-80.35006,Snapper Ledge,FR3-335-S,Sm,21,RM,0.90,3,N/A,N/A,N/A,0
9/19/2014,French Reef,25.03342,-80.35006,Snapper Ledge,FR3-330-L,Lg,20,OK,1.00,3,N/A,N/A,N/A,0
9/19/2014,Pickles Reef,24.98577,-80.41569,Snapper Ledge,PI3-234-S,Sm,15,OK,1.00,3,N/A,N/A,N/A,0
9/19/2014,Pickles Reef,24.98577,-80.41569,Snapper Ledge,PI3-164-S,Sm,13,OK,0.80,3,N/A,N/A,N/A,0
9/19/2014,Molasses Reef,25.01006,-80.37362,Snapper Ledge,ML1-105-L,Lg,16,D,0.00,N/A,N/A,N/A,N/A,N/A
9/19/2014,Pickles Reef,24.98577,-80.41569,Snapper Ledge,PI3-236-L,Lg,14,OK,1.00,3,N/A,N/A,N/A,0
9/19/2014,French Reef,25.03333,-80.35012,Snapper Ledge,FR2-328-L,Lg,21,OK,1.00,3,N/A,N/A,N/A,0
9/19/2014,Molasses Reef,25.01006,-80.37362,Snapper Ledge,ML1-101-L,Lg,19,OK,1.00,3,N/A,N/A,N/A,0
9/19/2014,French Reef,25.03342,-80.35006,Snapper Ledge,FR3-336-L,Lg,21,OK,0.90,2,N/A,N/A,N/A,0
9/19/2014,Molasses Reef,25.01006,-80.37362,Snapper Ledge,ML1-111-L,Lg,17,OK,0.90,3,N/A,N/A,N/A,1
9/19/2014,Molasses Reef,25.01006,-80.37362,Snapper Ledge,ML1-111-S,Sm,17,OK,1.00,2,N/A,N/A,N/A,0
9/19/2014,Pickles Reef,24.98588,-80.41554,Snapper Ledge,PI2-220-S,Sm,15,OK,1.00,3,N/A,N/A,N/A,0
9/19/2014,Pickles Reef,24.98588,-80.41554,Snapper Ledge,PI2-221-L,Lg,15,OK,1.00,3,N/A,N/A,N/A,0
9/19/2014,Molasses Reef,25.00984,-80.37395,Snapper Ledge,ML3-134-S,Sm,18,OK,1.00,3,N/A,N/A,N/A,0
9/19/2014,Pickles Reef,24.98588,-80.41554,Snapper Ledge,PI2-215-L,Lg,16,OK,1.00,3,N/A,N/A,N/A,0
9/19/2014,French Reef,25.03331,-80.35008,Snapper Ledge,FR1-313-L,Lg,20,OK,1.00,2,N/A,N/A,N/A,0
9/19/2014,Molasses Reef,25.00984,-80.37395,Snapper Ledge,ML3-135-L,Lg,18,RM,0.02,2,N/A,N/A,N/A,0
9/19/2014,Pickles Reef,24.98577,-80.41569,Snapper Ledge,PI3-163-S,Sm,14,OK,1.00,3,N/A,N/A,N/A,0
9/19/2014,French Reef,25.03331,-80.35008,Snapper Ledge,FR1-304-S,Sm,21,D,0.00,N/A,N/A,N/A,N/A,N/A
9/19/2014,Molasses Reef,25.00984,-80.37395,Snapper Ledge,ML3-129-S,Sm,19,OK,1.00,2,N/A,N/A,N/A,0
9/19/2014,French Reef,25.03331,-80.35008,Snapper Ledge,FR1-312-S,Sm,21,OK,1.00,3,N/A,N/A,N/A,0
9/19/2014,Pickles Reef,24.98609,-80.41514,Snapper Ledge,PI1-208-L,Lg,N/A,OK,1.00,3,N/A,N/A,N/A,0
9/19/2014,Molasses Reef,25.00984,-80.37395,Snapper Ledge,ML3-135-S,Sm,18,OK,1.00,2,N/A,N/A,N/A,0
9/19/2014,Pickles Reef,24.98609,-80.41514,Snapper Ledge,PI1-207-S,Sm,15,OK,1.00,3,N/A,N/A,N/A,0
9/19/2014,Molasses Reef,25.00984,-80.37395,Snapper Ledge,ML3-136-L,Lg,17,RM,0.05,1,N/A,N/A,N/A,0
9/19/2014,French Reef,25.03331,-80.35008,Snapper Ledge,FR1-305-L,Lg,20,OK,1.00,2,N/A,N/A,N/A,0
9/19/2014,French Reef,25.03331,-80.35008,Snapper Ledge,FR1-311-S,Sm,19,OK,1.00,3,N/A,N/A,N/A,0
9/19/2014,Pickles Reef,24.98588,-80.41554,Snapper Ledge,PI2-220-L,Lg,15,OK,1.00,3,N/A,N/A,N/A,0
9/19/2014,Molasses Reef,25.00984,-80.37395,Snapper Ledge,ML3-136-S,Sm,17,OK,1.00,4,N/A,N/A,N/A,0
9/19/2014,Pickles Reef,24.98609,-80.41514,Snapper Ledge,PI1-207-L,Lg,15,RM,0.90,3,N/A,N/A,N/A,0
9/19/2014,Molasses Reef,25.01000,-80.37381,Snapper Ledge,ML2-124-L,Lg,16,OK,1.00,2,N/A,N/A,N/A,0
9/19/2014,Pickles Reef,24.98588,-80.41554,Snapper Ledge,PI2-222-L,Lg,15,OK,1.00,4,N/A,N/A,N/A,0
9/19/2014,Pickles Reef,24.98577,-80.41569,Snapper Ledge,PI3-238-L,Lg,14,OK,1.00,3,N/A,N/A,N/A,0
9/19/2014,Pickles Reef,24.98577,-80.41569,Snapper Ledge,PI3-238-S,Sm,13,OK,1.00,3,N/A,N/A,N/A,0
9/19/2014,French Reef,25.03333,-80.35012,Snapper Ledge,FR2-315-S,Sm,21,OK,1.00,2,N/A,N/A,N/A,0
9/19/2014,French Reef,25.03331,-80.35008,Snapper Ledge,FR1-306-S,Sm,21,OK,1.00,3,N/A,N/A,N/A,0
9/19/2014,Molasses Reef,25.00984,-80.37395,Snapper Ledge,ML3-130-S,Sm,19,RM,0.95,3,N/A,N/A,N/A,0
9/19/2014,Molasses Reef,25.00984,-80.37395,Snapper Ledge,ML3-131-L,Lg,18,OK,1.00,2,N/A,N/A,N/A,0
9/19/2014,Pickles Reef,24.98577,-80.41569,Snapper Ledge,PI3-240-L,Lg,14,OK,1.00,3,N/A,N/A,N/A,0
9/19/2014,French Reef,25.03333,-80.35012,Snapper Ledge,FR2-315-L,Lg,21,OK,1.00,3,N/A,N/A,N/A,0
9/19/2014,French Reef,25.03331,-80.35008,Snapper Ledge,FR1-313-S,Sm,19,OK,1.00,3,N/A,N/A,N/A,0
9/19/2014,Pickles Reef,24.98609,-80.41514,Snapper Ledge,PI1-208-S,Sm,16,OK,1.00,4,N/A,N/A,N/A,0
9/19/2014,Molasses Reef,25.00984,-80.37395,Snapper Ledge,ML3-134-L,Lg,18,OK,1.00,3,N/A,N/A,N/A,0
9/19/2014,Molasses Reef,25.00984,-80.37395,Snapper Ledge,ML3-132-L,Lg,18,OK,1.00,3,N/A,N/A,N/A,0
9/19/2014,French Reef,25.03331,-80.35008,Snapper Ledge,FR1-314-S,Sm,21,OK,1.00,3,N/A,N/A,N/A,0
9/19/2014,Pickles Reef,24.98588,-80.41554,Snapper Ledge,PI2-221-S,Sm,15,OK,1.00,2,N/A,N/A,N/A,0
9/19/2014,Molasses Reef,25.00984,-80.37395,Snapper Ledge,ML3-133-L,Lg,17,OK,1.00,3,N/A,N/A,N/A,0
9/19/2014,French Reef,25.03331,-80.35008,Snapper Ledge,FR1-304-L,Lg,20,OK,1.00,3,N/A,N/A,N/A,0
9/19/2014,French Reef,25.03331,-80.35008,Snapper Ledge,FR1-314-L,Lg,21,RM,0.95,3,N/A,N/A,N/A,0
9/19/2014,Molasses Reef,25.00984,-80.37395,Snapper Ledge,ML3-133-S,Sm,18,OK,1.00,0,N/A,N/A,N/A,0
9/19/2014,Pickles Reef,24.98588,-80.41554,Snapper Ledge,PI2-219-S,Sm,15,OK,1.00,2,N/A,N/A,N/A,0
9/19/2014,Molasses Reef,25.00984,-80.37395,Snapper Ledge,ML3-131-S,Sm,18,Ok,0.05,0,N/A,N/A,N/A,0
9/19/2014,French Reef,25.03331,-80.35008,Snapper Ledge,FR1-307-S,Sm,19,OK,1.00,3,N/A,N/A,N/A,0
9/19/2014,French Reef,25.03331,-80.35008,Snapper Ledge,FR1-311-L,Lg,20,OK,1.00,2,N/A,N/A,N/A,2
9/19/2014,Pickles Reef,24.98588,-80.41554,Snapper Ledge,PI2-216-L,Lg,16,OK,1.00,3,N/A,N/A,N/A,0
9/19/2014,Pickles Reef,24.98609,-80.41514,Snapper Ledge,PI1-201-L,Lg,15,RM,0.65,3,N/A,N/A,N/A,0
9/19/2014,French Reef,25.03331,-80.35008,Snapper Ledge,FR1-308-L,Lg,20,OK,1.00,2,N/A,N/A,N/A,0
9/19/2014,Pickles Reef,24.98588,-80.41554,Snapper Ledge,PI2-217-S,Sm,15,RM,0.10,4,N/A,N/A,N/A,0
9/19/2014,Pickles Reef,24.98609,-80.41514,Snapper Ledge,PI1-201-S,Sm,14,OK,0.85,3,N/A,N/A,N/A,0
9/19/2014,French Reef,25.03331,-80.35008,Snapper Ledge,FR1-306-L,Lg,21,OK,1.00,3,N/A,N/A,N/A,0
9/19/2014,Pickles Reef,24.98609,-80.41514,Snapper Ledge,PI1-202-L,Lg,17,OK,1.00,4,N/A,N/A,N/A,0
9/19/2014,Pickles Reef,24.98588,-80.41554,Snapper Ledge,PI2-218-L,Lg,15,OK,1.00,3,N/A,N/A,N/A,0
9/19/2014,Pickles Reef,24.98609,-80.41514,Snapper Ledge,PI1-202-S,Sm,17,OK,1.00,2,N/A,N/A,N/A,0
9/19/2014,Pickles Reef,24.98609,-80.41514,Snapper Ledge,PI1-205-S,Sm,15,OK,1.00,3,N/A,N/A,N/A,0
9/19/2014,Pickles Reef,24.98609,-80.41514,Snapper Ledge,PI1-203-L,Lg,14,OK,1.00,3,N/A,N/A,N/A,0
9/19/2014,Pickles Reef,24.98609,-80.41514,Snapper Ledge,PI1-205-L,Lg,15,OK,1.00,3,N/A,N/A,N/A,0
9/19/2014,French Reef,25.03331,-80.35008,Snapper Ledge,FR1-307-L,Lg,19,OK,1.00,3,N/A,N/A,N/A,0
9/19/2014,Pickles Reef,24.98609,-80.41514,Snapper Ledge,PI1-203-S,Sm,14,RM,0.80,3,N/A,N/A,N/A,3
9/19/2014,Pickles Reef,24.98588,-80.41554,Snapper Ledge,PI2-216-S,Sm,16,OK,1.00,3,N/A,N/A,N/A,0
9/19/2014,Pickles Reef,24.98609,-80.41514,Snapper Ledge,PI1-204-L,Lg,17,OK,1.00,3,N/A,N/A,N/A,0
9/19/2014,Pickles Reef,24.98577,-80.41569,Snapper Ledge,PI3-239-S,Sm,14,OK,1.00,3,N/A,N/A,N/A,0
9/19/2014,Pickles Reef,24.98609,-80.41514,Snapper Ledge,PI1-204-S,Sm,16,OK,0.80,3,N/A,N/A,N/A,0
9/19/2014,Pickles Reef,24.98588,-80.41554,Snapper Ledge,PI2-217-L,Lg,15,RM,0.10,3,N/A,N/A,N/A,0
9/19/2014,Pickles Reef,24.98577,-80.41569,Snapper Ledge,PI3-239-L,Lg,14,OK,1.00,3,N/A,N/A,N/A,0
9/19/2014,French Reef,25.03331,-80.35008,Snapper Ledge,FR1-303-S,Sm,20,OK,1.00,3,N/A,N/A,N/A,0
9/19/2014,Molasses Reef,25.00984,-80.37395,Snapper Ledge,ML3-137-S,Sm,16,RM,0.15,0,N/A,N/A,N/A,0
9/19/2014,Pickles Reef,24.98588,-80.41554,Snapper Ledge,PI2-215-S,Sm,16,OK,1.00,3,N/A,N/A,N/A,0
9/19/2014,French Reef,25.03331,-80.35008,Snapper Ledge,FR1-310-S,Sm,19,OK,1.00,2,N/A,N/A,N/A,0
9/19/2014,Molasses Reef,25.00984,-80.37395,Snapper Ledge,ML3-138-L,Lg,16,OK,1.00,3,N/A,N/A,N/A,0
9/19/2014,Pickles Reef,24.98609,-80.41514,Snapper Ledge,PI1-206-S,Sm,15,OK,1.00,3,N/A,N/A,N/A,0
9/19/2014,Pickles Reef,24.98588,-80.41554,Snapper Ledge,PI2-219-L,Lg,16,OK,1.00,3,N/A,N/A,N/A,0
9/19/2014,Molasses Reef,25.00984,-80.37395,Snapper Ledge,ML3-138-S,Sm,16,OK,1.00,2,N/A,N/A,N/A,0
9/19/2014,Molasses Reef,25.00984,-80.37395,Snapper Ledge,ML3-142-S,Sm,17,Ok,0.05,1,N/A,N/A,N/A,0
9/19/2014,Molasses Reef,25.00984,-80.37395,Snapper Ledge,ML3-139-L,Lg,17,OK,1.00,3,N/A,N/A,N/A,0
9/19/2014,Molasses Reef,25.00984,-80.37395,Snapper Ledge,ML3-137-L,Lg,16,OK,1.00,3,N/A,N/A,N/A,0
9/19/2014,French Reef,25.03331,-80.35008,Snapper Ledge,FR1-305-S,Sm,20,OK,1.00,3,N/A,N/A,N/A,0
9/19/2014,Pickles Reef,24.98609,-80.41514,Snapper Ledge,PI1-206-L,Lg,15,OK,0.90,3,N/A,N/A,N/A,1
9/19/2014,Molasses Reef,25.00984,-80.37395,Snapper Ledge,ML3-139-S,Sm,17,D,0.00,N/A,N/A,N/A,N/A,N/A
9/19/2014,French Reef,25.03331,-80.35008,Snapper Ledge,FR1-309-L,Lg,19,OK,1.00,3,N/A,N/A,N/A,0
9/19/2014,Pickles Reef,24.98588,-80.41554,Snapper Ledge,PI2-218-S,Sm,14,OK,1.00,3,N/A,N/A,N/A,0
9/19/2014,Molasses Reef,25.00984,-80.37395,Snapper Ledge,ML3-140-S,Sm,16,RM,0.70,3,N/A,N/A,N/A,0
9/19/2014,Molasses Reef,25.00984,-80.37395,Snapper Ledge,ML3-142-L,Lg,17,OK,0.90,3,N/A,N/A,N/A,0
9/19/2014,French Reef,25.03331,-80.35008,Snapper Ledge,FR1-308-S,Sm,20,OK,1.00,2,N/A,N/A,N/A,0
9/19/2014,French Reef,25.03331,-80.35008,Snapper Ledge,FR1-310-L,Lg,19,OK,1.00,2,N/A,N/A,N/A,0
9/19/2014,French Reef,25.03333,-80.35012,Snapper Ledge,FR2-321-S,Sm,20,OK,1.00,3,N/A,N/A,N/A,0
9/19/2014,Pickles Reef,24.98588,-80.41554,Snapper Ledge,PI2-228-L,Lg,13,D,0.00,N/A,N/A,N/A,N/A,N/A
9/19/2014,Molasses Reef,25.01000,-80.37381,Snapper Ledge,ML2-117-S,Sm,17,OK,1.00,2,N/A,N/A,N/A,0
9/19/2014,Molasses Reef,25.01000,-80.37381,Snapper Ledge,ML2-118-L,Lg,16,D,0.00,N/A,N/A,N/A,N/A,N/A
9/19/2014,French Reef,25.03333,-80.35012,Snapper Ledge,FR2-322-L,Lg,20,OK,1.00,3,N/A,N/A,N/A,0
9/19/2014,Molasses Reef,25.01000,-80.37381,Snapper Ledge,ML2-118-S,Sm,16,OK,1.00,1,N/A,N/A,N/A,0
9/19/2014,Pickles Reef,24.98588,-80.41554,Snapper Ledge,PI2-227-S,Sm,13,OK,0.80,3,N/A,N/A,N/A,0
9/19/2014,Molasses Reef,25.01000,-80.37381,Snapper Ledge,ML2-119-L,Lg,17,D,0.00,N/A,N/A,N/A,N/A,N/A
9/19/2014,Molasses Reef,25.01000,-80.37381,Snapper Ledge,ML2-121-S,Sm,17,RM,0.20,1,N/A,N/A,N/A,0
9/19/2014,Molasses Reef,25.01000,-80.37381,Snapper Ledge,ML2-119-S,Sm,17,OK,1.00,2,N/A,N/A,N/A,1
9/19/2014,Pickles Reef,24.98609,-80.41514,Snapper Ledge,PI1-211-S,Sm,15,RM,0.10,4,N/A,N/A,N/A,0
9/19/2014,Pickles Reef,24.98609,-80.41514,Snapper Ledge,PI1-214-L,Lg,14,OK,1.00,3,N/A,N/A,N/A,0
9/19/2014,Molasses Reef,25.01000,-80.37381,Snapper Ledge,ML2-120-L,Lg,17,RM,0.02,2,N/A,N/A,N/A,0
9/19/2014,French Reef,25.03331,-80.35008,Snapper Ledge,FR1-302-L,Lg,21,OK,1.00,3,N/A,N/A,N/A,0
9/19/2014,Pickles Reef,24.98588,-80.41554,Snapper Ledge,PI2-227-L,Lg,13,OK,1.00,3,N/A,N/A,N/A,0
9/19/2014,Pickles Reef,24.98588,-80.41554,Snapper Ledge,PI2-222-S,Sm,15,OK,1.00,3,N/A,N/A,N/A,0
9/19/2014,Molasses Reef,25.01000,-80.37381,Snapper Ledge,ML2-121-L,Lg,16,OK,1.00,1,N/A,N/A,N/A,0
9/19/2014,Pickles Reef,24.98588,-80.41554,Snapper Ledge,PI2-223-L,Lg,13,OK,1.00,3,N/A,N/A,N/A,0
9/19/2014,Pickles Reef,24.98588,-80.41554,Snapper Ledge,PI2-226-S,Sm,13,RM,0.80,3,N/A,N/A,N/A,0
9/19/2014,Pickles Reef,24.98609,-80.41514,Snapper Ledge,PI1-211-L,Lg,15,RM,0.80,3,N/A,N/A,N/A,0
9/19/2014,Molasses Reef,25.01000,-80.37381,Snapper Ledge,ML2-115-S,Sm,18,D,0.00,N/A,N/A,N/A,N/A,N/A
9/19/2014,Molasses Reef,25.01006,-80.37362,Snapper Ledge,ML1-114-L,Lg,14,OK,1.00,2,N/A,N/A,N/A,0
9/19/2014,French Reef,25.03331,-80.35008,Snapper Ledge,FR1-301-L,Lg,20,OK,1.00,2,N/A,N/A,N/A,0
9/19/2014,Pickles Reef,24.98609,-80.41514,Snapper Ledge,PI1-212-S,Sm,15,OK,1.00,3,N/A,N/A,N/A,0
9/19/2014,French Reef,25.03333,-80.35012,Snapper Ledge,FR2-324-S,Sm,20,OK,1.00,3,N/A,N/A,N/A,0
9/19/2014,Molasses Reef,25.01006,-80.37362,Snapper Ledge,ML1-114-S,Sm,14,OK,1.00,3,N/A,N/A,N/A,0
9/19/2014,Pickles Reef,24.98609,-80.41514,Snapper Ledge,PI1-213-S,Sm,15,OK,0.90,3,N/A,N/A,N/A,1
9/19/2014,French Reef,25.03333,-80.35012,Snapper Ledge,FR2-324-L,Lg,20,OK,1.00,2,N/A,N/A,N/A,0
9/19/2014,Molasses Reef,25.01000,-80.37381,Snapper Ledge,ML2-115-L,Lg,19,RM,0.05,2,N/A,N/A,N/A,1
9/19/2014,Molasses Reef,25.01000,-80.37381,Snapper Ledge,ML2-117-L,Lg,17,D,0.00,N/A,N/A,N/A,N/A,N/A
9/19/2014,Pickles Reef,24.98577,-80.41569,Snapper Ledge,PI3-163-L,Lg,13,OK,1.00,3,N/A,N/A,N/A,0
9/19/2014,French Reef,25.03333,-80.35012,Snapper Ledge,FR2-323-L,Lg,20,OK,1.00,3,N/A,N/A,N/A,0
9/19/2014,Molasses Reef,25.01000,-80.37381,Snapper Ledge,ML2-116-L,Lg,17,OK,1.00,2,N/A,N/A,N/A,0
9/19/2014,Pickles Reef,24.98577,-80.41569,Snapper Ledge,PI3-240-S,Sm,14,RM,0.80,4,N/A,N/A,N/A,0
9/19/2014,French Reef,25.03333,-80.35012,Snapper Ledge,FR2-323-S,Sm,20,OK,1.00,3,N/A,N/A,N/A,0
9/19/2014,Pickles Reef,24.98588,-80.41554,Snapper Ledge,PI2-228-S,Sm,13,OK,1.00,4,N/A,N/A,N/A,0
9/19/2014,Molasses Reef,25.01000,-80.37381,Snapper Ledge,ML2-116-S,Sm,18,OK,1.00,2,N/A,N/A,N/A,0
9/19/2014,Pickles Reef,24.98609,-80.41514,Snapper Ledge,PI1-212-L,Lg,15,OK,1.00,3,N/A,N/A,N/A,0
9/19/2014,French Reef,25.03331,-80.35008,Snapper Ledge,FR1-301-S,Sm,20,OK,1.00,2,N/A,N/A,N/A,0
9/19/2014,Pickles Reef,24.98577,-80.41569,Snapper Ledge,PI3-237-L,Lg,12,OK,1.00,4,N/A,N/A,N/A,0
9/19/2014,Pickles Reef,24.98577,-80.41569,Snapper Ledge,PI3-236-S,Sm,13,OK,1.00,3,N/A,N/A,N/A,0
9/19/2014,Pickles Reef,24.98588,-80.41554,Snapper Ledge,PI2-224-L,Lg,14,RM,0.30,3,N/A,N/A,N/A,1
9/19/2014,Molasses Reef,25.01000,-80.37381,Snapper Ledge,ML2-125-L,Lg,16,D,0.00,N/A,N/A,N/A,N/A,N/A
9/19/2014,Pickles Reef,24.98609,-80.41514,Snapper Ledge,PI1-210-S,Sm,15,RM,0.90,4,N/A,N/A,N/A,0
9/19/2014,Pickles Reef,24.98588,-80.41554,Snapper Ledge,PI2-224-S,Sm,14,RM,0.80,3,N/A,N/A,N/A,0
9/19/2014,French Reef,25.03333,-80.35012,Snapper Ledge,FR2-321-L,Lg,20,OK,1.00,3,N/A,N/A,N/A,0
9/19/2014,Molasses Reef,25.01000,-80.37381,Snapper Ledge,ML2-125-S,Sm,16,OK,0.95,3,N/A,N/A,N/A,1
9/19/2014,Pickles Reef,24.98609,-80.41514,Snapper Ledge,PI1-209-S,Sm,15,OK,1.00,3,N/A,N/A,N/A,0
9/19/2014,French Reef,25.03333,-80.35012,Snapper Ledge,FR2-318-L,Lg,20,OK,1.00,3,N/A,N/A,N/A,0
9/19/2014,French Reef,25.03333,-80.35012,Snapper Ledge,FR2-318-S,Sm,19,OK,1.00,3,N/A,N/A,N/A,0
9/19/2014,French Reef,25.03333,-80.35012,Snapper Ledge,FR2-317-S,Sm,19,D,0.00,N/A,N/A,N/A,N/A,N/A
9/19/2014,French Reef,25.03331,-80.35008,Snapper Ledge,FR1-303-L,Lg,20,OK,1.00,3,N/A,N/A,N/A,0
9/19/2014,Molasses Reef,25.01000,-80.37381,Snapper Ledge,ML2-126-S,Sm,16,D,0.00,N/A,N/A,N/A,N/A,N/A
9/19/2014,Pickles Reef,24.98609,-80.41514,Snapper Ledge,PI1-214-S,Sm,14,RM,0.90,4,N/A,N/A,N/A,0
9/19/2014,Molasses Reef,25.01000,-80.37381,Snapper Ledge,ML2-127-S,Sm,15,OK,1.00,2,N/A,N/A,N/A,0
9/19/2014,Pickles Reef,24.98609,-80.41514,Snapper Ledge,PI1-209-L,Lg,15,OK,1.00,3,N/A,N/A,N/A,0
9/19/2014,Pickles Reef,24.98588,-80.41554,Snapper Ledge,PI2-223-S,Sm,14,OK,1.00,3,N/A,N/A,N/A,0
9/19/2014,Molasses Reef,25.01000,-80.37381,Snapper Ledge,ML2-128-L,Lg,14,D,0.00,N/A,N/A,N/A,N/A,N/A
9/19/2014,French Reef,25.03333,-80.35012,Snapper Ledge,FR2-316-S,Sm,20,OK,1.00,2,N/A,N/A,N/A,0
9/19/2014,Molasses Reef,25.01000,-80.37381,Snapper Ledge,ML2-128-S,Sm,14,OK,1.00,2,N/A,N/A,N/A,0
9/19/2014,Molasses Reef,25.01000,-80.37381,Snapper Ledge,ML2-126-L,Lg,16,OK,1.00,3,N/A,N/A,N/A,0
9/19/2014,French Reef,25.03333,-80.35012,Snapper Ledge,FR2-320-L,Lg,20,RM,0.95,3,N/A,N/A,N/A,0
9/19/2014,Pickles Reef,24.98588,-80.41554,Snapper Ledge,PI2-225-S,Sm,13,OK,1.00,2,N/A,N/A,N/A,0
9/19/2014,Molasses Reef,25.01000,-80.37381,Snapper Ledge,ML2-122-S,Sm,17,D,0.00,N/A,N/A,N/A,N/A,N/A
9/19/2014,Pickles Reef,24.98609,-80.41514,Snapper Ledge,PI1-210-L,Lg,16,RM,0.80,3,N/A,N/A,N/A,1
9/19/2014,French Reef,25.03331,-80.35008,Snapper Ledge,FR1-302-S,Sm,21,OK,1.00,2,N/A,N/A,N/A,0
9/19/2014,Pickles Reef,24.98588,-80.41554,Snapper Ledge,PI2-225-L,Lg,13,D,0.00,N/A,N/A,N/A,N/A,1
9/19/2014,Molasses Reef,25.01000,-80.37381,Snapper Ledge,ML2-123-L,Lg,17,OK,1.00,3,N/A,N/A,N/A,0
9/19/2014,Pickles Reef,24.98588,-80.41554,Snapper Ledge,PI2-226-L,Lg,14,OK,1.00,3,N/A,N/A,N/A,0
9/19/2014,Molasses Reef,25.01000,-80.37381,Snapper Ledge,ML2-123-S,Sm,17,OK,1.00,2,N/A,N/A,N/A,0
9/19/2014,French Reef,25.03333,-80.35012,Snapper Ledge,FR2-319-L,Lg,20,OK,1.00,3,N/A,N/A,N/A,0
9/19/2014,Pickles Reef,24.98577,-80.41569,Snapper Ledge,PI3-231-S,Sm,15,OK,1.00,3,N/A,N/A,N/A,0
9/19/2014,Molasses Reef,25.01000,-80.37381,Snapper Ledge,ML2-124-S,Sm,15,OK,1.00,2,N/A,N/A,N/A,0
9/19/2014,Pickles Reef,24.98577,-80.41569,Snapper Ledge,PI3-237-S,Sm,13,RM,0.90,3,N/A,N/A,N/A,0
9/19/2014,French Reef,25.03342,-80.35006,Snapper Ledge,FR3-333-S,Sm,21,OK,1.00,2,N/A,N/A,N/A,0
11/7/2014,Pickles Reef,24.98577,-80.41569,Snapper Ledge,PI3-234-S,Sm,15,OK,1.00,1,11.00,10.00,6.00,0
11/7/2014,French Reef,25.03342,-80.35006,Snapper Ledge,FR3-332-L,Lg,21,RM,0.20,0,16.00,9.00,9.00,0
11/7/2014,Pickles Reef,24.98577,-80.41569,Snapper Ledge,PI3-239-S,Sm,14,OK,1.00,0,9.50,8.00,3.50,0
11/7/2014,Pickles Reef,24.98577,-80.41569,Snapper Ledge,PI3-240-L,Lg,14,OK,0.90,1,15.50,11.50,7.00,0
11/7/2014,French Reef,25.03331,-80.35008,Snapper Ledge,FR1-303-S,Sm,20,Ok,1.00,0,9.50,6.00,4.00,0
11/7/2014,French Reef,25.03331,-80.35008,Snapper Ledge,FR1-302-L,Lg,21,D,0.00,N/A,N/A,N/A,N/A,N/A
11/7/2014,French Reef,25.03331,-80.35008,Snapper Ledge,FR1-306-L,Lg,21,Ok,1.00,0,13.00,10.00,7.00,0
11/7/2014,French Reef,25.03331,-80.35008,Snapper Ledge,FR1-305-S,Sm,20,Ok,1.00,0,8.00,7.00,5.00,0
11/7/2014,French Reef,25.03331,-80.35008,Snapper Ledge,FR1-305-L,Lg,20,Ok,1.00,0,14.00,8.00,6.00,0
11/7/2014,French Reef,25.03342,-80.35006,Snapper Ledge,FR3-332-S,Sm,21,OK,1.00,0,10.00,10.00,6.00,0
11/7/2014,French Reef,25.03331,-80.35008,Snapper Ledge,FR1-303-L,Lg,20,Ok,1.00,0,12.00,9.00,7.00,0
11/7/2014,French Reef,25.03342,-80.35006,Snapper Ledge,FR3-333-L,Lg,21,G,N/A,0,10.00,8.00,N/A,0
11/7/2014,French Reef,25.03331,-80.35008,Snapper Ledge,FR1-304-L,Lg,20,Ok,1.00,0,17.00,13.00,9.00,0
11/7/2014,French Reef,25.03331,-80.35008,Snapper Ledge,FR1-302-S,Sm,21,Ok,1.00,0,8.00,6.50,3.00,0
11/7/2014,French Reef,25.03342,-80.35006,Snapper Ledge,FR3-330-S,Sm,21,OK,0.60,0,8.00,7.00,2.00,0
11/7/2014,French Reef,25.03331,-80.35008,Snapper Ledge,FR1-301-S,Sm,20,OK,1.00,0,14.00,7.00,3.00,0
11/7/2014,French Reef,25.03331,-80.35008,Snapper Ledge,FR1-301-L,Lg,20,RM,0.10,0,13.00,10.00,4.00,0
11/7/2014,French Reef,25.03333,-80.35012,Snapper Ledge,FR2-321-L,Lg,20,OK,1.00,0,14.00,14.00,5.00,0
11/7/2014,French Reef,25.03331,-80.35008,Snapper Ledge,FR1-312-S,Sm,21,Ok,1.00,0,10.00,8.00,4.00,0
11/7/2014,French Reef,25.03333,-80.35012,Snapper Ledge,FR2-316-S,Sm,20,D,0.00,N/A,N/A,N/A,N/A,N/A
11/7/2014,French Reef,25.03342,-80.35006,Snapper Ledge,FR3-192-L,Lg,23,OK,1.00,0,12.00,10.00,7.00,0
11/7/2014,French Reef,25.03333,-80.35012,Snapper Ledge,FR2-318-L,Lg,20,D,0.00,N/A,N/A,N/A,N/A,N/A
11/7/2014,Pickles Reef,24.98577,-80.41569,Snapper Ledge,PI3-237-S,Sm,13,OK,1.00,0,18.50,8.50,6.00,0
11/7/2014,French Reef,25.03333,-80.35012,Snapper Ledge,FR2-328-S,Sm,21,OK,1.00,0,9.00,6.00,5.00,0
11/7/2014,French Reef,25.03333,-80.35012,Snapper Ledge,FR2-318-S,Sm,19,D,0.00,N/A,N/A,N/A,N/A,N/A
11/7/2014,French Reef,25.03333,-80.35012,Snapper Ledge,FR2-328-L,Lg,21,OK,1.00,0,13.00,12.00,8.00,0
11/7/2014,French Reef,25.03333,-80.35012,Snapper Ledge,FR2-319-L,Lg,20,OK,1.00,0,17.00,9.00,5.00,0
11/7/2014,French Reef,25.03333,-80.35012,Snapper Ledge,FR2-327-S,Sm,21,OK,1.00,0,14.00,6.00,8.00,0
11/7/2014,French Reef,25.03333,-80.35012,Snapper Ledge,FR2-320-L,Lg,20,OK,1.00,0,11.00,8.50,4.00,0
11/7/2014,French Reef,25.03342,-80.35006,Snapper Ledge,FR3-192-S,Sm,23,OK,1.00,0,8.00,7.00,5.00,0
11/7/2014,French Reef,25.03333,-80.35012,Snapper Ledge,FR2-327-L,Lg,21,OK,1.00,0,17.00,13.00,6.00,0
11/7/2014,French Reef,25.03333,-80.35012,Snapper Ledge,FR2-315-S,Sm,21,D,0.00,N/A,N/A,N/A,N/A,N/A
11/7/2014,French Reef,25.03333,-80.35012,Snapper Ledge,FR2-321-S,Sm,20,OK,1.00,0,15.00,7.00,4.00,0
11/7/2014,French Reef,25.03333,-80.35012,Snapper Ledge,FR2-322-L,Lg,20,OK,1.00,0,21.00,11.00,7.00,0
11/7/2014,Pickles Reef,24.98577,-80.41569,Snapper Ledge,PI3-236-L,Lg,14,OK,1.00,0,19.00,15.00,7.00,0
11/7/2014,French Reef,25.03333,-80.35012,Snapper Ledge,FR2-323-L,Lg,20,OK,1.00,0,15.50,9.00,6.00,0
11/7/2014,Pickles Reef,24.98577,-80.41569,Snapper Ledge,PI3-236-S,Sm,13,OK,1.00,0,15.00,12.50,7.00,0
11/7/2014,French Reef,25.03333,-80.35012,Snapper Ledge,FR2-326-L,Lg,21,OK,1.00,0,13.00,11.00,5.00,0
11/7/2014,French Reef,25.03333,-80.35012,Snapper Ledge,FR2-325-S,Sm,20,OK,1.00,0,12.00,6.00,3.00,0
11/7/2014,French Reef,25.03333,-80.35012,Snapper Ledge,FR2-323-S,Sm,20,OK,1.00,0,10.00,5.50,6.00,0
11/7/2014,French Reef,25.03333,-80.35012,Snapper Ledge,FR2-324-L,Lg,20,OK,1.00,0,12.00,9.00,11.00,0
11/7/2014,French Reef,25.03333,-80.35012,Snapper Ledge,FR2-325-L,Lg,20,OK,1.00,0,22.00,8.00,8.00,0
11/7/2014,French Reef,25.03333,-80.35012,Snapper Ledge,FR2-324-S,Sm,20,OK,1.00,0,10.00,7.00,7.00,0
11/7/2014,Pickles Reef,24.98577,-80.41569,Snapper Ledge,PI3-237-L,Lg,12,D,0.00,N/A,N/A,N/A,N/A,N/A
11/7/2014,French Reef,25.03331,-80.35008,Snapper Ledge,FR1-311-L,Lg,20,Ok,1.00,0,14.00,10.00,8.00,0
11/7/2014,French Reef,25.03331,-80.35008,Snapper Ledge,FR1-306-S,Sm,21,Ok,1.00,0,9.00,6.00,3.00,0
11/7/2014,French Reef,25.03331,-80.35008,Snapper Ledge,FR1-307-L,Lg,19,Ok,1.00,0,18.00,14.00,8.00,0
11/7/2014,French Reef,25.03331,-80.35008,Snapper Ledge,FR1-307-S,Sm,19,Ok,1.00,0,15.00,6.00,4.00,0
11/7/2014,French Reef,25.03342,-80.35006,Snapper Ledge,FR3-329-S,Sm,21,OK,1.00,0,12.00,8.00,2.00,0
11/7/2014,French Reef,25.03331,-80.35008,Snapper Ledge,FR1-308-L,Lg,20,Ok,1.00,0,15.00,9.00,8.00,0
11/7/2014,Pickles Reef,24.98577,-80.41569,Snapper Ledge,PI3-235-L,Lg,14,OK,0.99,1,21.50,13.50,10.00,0
11/7/2014,French Reef,25.03331,-80.35008,Snapper Ledge,FR1-308-S,Sm,20,Ok,1.00,0,9.00,8.00,5.00,0
11/7/2014,French Reef,25.03342,-80.35006,Snapper Ledge,FR3-329-L,Lg,20,OK,0.05,0,16.00,12.00,8.00,0
11/7/2014,French Reef,25.03331,-80.35008,Snapper Ledge,FR1-309-L,Lg,19,Ok,1.00,0,14.00,10.50,8.00,0
11/7/2014,Pickles Reef,24.98577,-80.41569,Snapper Ledge,PI3-239-L,Lg,14,OK,1.00,2,14.50,8.50,7.00,0
11/7/2014,French Reef,25.03331,-80.35008,Snapper Ledge,FR1-310-L,Lg,19,Ok,1.00,0,15.00,7.00,7.00,0
11/7/2014,Pickles Reef,24.98577,-80.41569,Snapper Ledge,PI3-235-S,Sm,14,OK,1.00,0,15.00,10.00,6.00,0
11/7/2014,French Reef,25.03331,-80.35008,Snapper Ledge,FR1-310-S,Sm,19,Ok,1.00,0,9.50,6.00,5.50,0
11/7/2014,French Reef,25.03342,-80.35006,Snapper Ledge,FR3-330-L,Lg,20,OK,1.00,0,15.00,13.00,7.00,0
11/7/2014,French Reef,25.03342,-80.35006,Snapper Ledge,FR3-194-L,Lg,24,OK,1.00,0,14.00,10.00,9.00,0
11/7/2014,French Reef,25.03331,-80.35008,Snapper Ledge,FR1-311-S,Sm,19,Ok,1.00,0,7.00,6.00,2.00,0
11/7/2014,Pickles Reef,24.98577,-80.41569,Snapper Ledge,PI3-238-S,Sm,13,OK,1.00,0,11.00,6.00,6.50,0
11/7/2014,French Reef,25.03342,-80.35006,Snapper Ledge,FR3-193-S,Sm,23,OK,1.00,0,10.00,10.00,5.00,0
11/7/2014,French Reef,25.03331,-80.35008,Snapper Ledge,FR1-313-L,Lg,20,Ok,1.00,0,20.00,17.00,13.00,0
11/7/2014,French Reef,25.03331,-80.35008,Snapper Ledge,FR1-313-S,Sm,19,Ok,1.00,0,8.00,7.00,5.00,0
11/7/2014,French Reef,25.03342,-80.35006,Snapper Ledge,FR3-193-L,Lg,23,OK,1.00,0,12.00,10.00,7.00,0
11/7/2014,French Reef,25.03331,-80.35008,Snapper Ledge,FR1-314-L,Lg,21,Ok,1.00,2,15.00,11.00,8.00,0
11/7/2014,French Reef,25.03331,-80.35008,Snapper Ledge,FR1-314-S,Sm,21,Ok,1.00,0,11.00,10.50,8.00,0
11/7/2014,French Reef,25.03333,-80.35012,Snapper Ledge,FR2-315-L,Lg,21,RM,0.01,0,8.90,5.60,3.30,N/A
11/7/2014,Pickles Reef,24.98577,-80.41569,Snapper Ledge,PI3-238-L,Lg,14,OK,1.00,0,16.00,8.50,5.50,0
11/7/2014,French Reef,25.03342,-80.35006,Snapper Ledge,FR3-194-S,Sm,23,OK,1.00,0,7.00,6.00,3.00,0
11/7/2014,Molasses Reef,25.00984,-80.37395,Snapper Ledge,ML3-142-S,Sm,17,OK,0.05,0,11.00,7.00,7.00,0
11/7/2014,Pickles Reef,24.98609,-80.41514,Snapper Ledge,PI1-207-L,Lg,15,OK,1.00,0,15.00,11.00,10.00,0
11/7/2014,Molasses Reef,25.01000,-80.37381,Snapper Ledge,ML2-121-L,Lg,16,RM,0.95,0,19.50,19.00,7.00,0
11/7/2014,Pickles Reef,24.98588,-80.41554,Snapper Ledge,PI2-226-S,Sm,13,D,0.00,N/A,N/A,N/A,N/A,N/A
11/7/2014,Pickles Reef,24.98577,-80.41569,Snapper Ledge,PI3-240-S,Sm,14,D,0.00,N/A,N/A,N/A,N/A,1
11/7/2014,Pickles Reef,24.98588,-80.41554,Snapper Ledge,PI2-227-L,Lg,13,RM,0.90,0,15.00,8.50,6.00,0
11/7/2014,Pickles Reef,24.98609,-80.41514,Snapper Ledge,PI1-208-L,Lg,N/A,OK,1.00,0,12.50,11.00,5.00,1
11/7/2014,Pickles Reef,24.98588,-80.41554,Snapper Ledge,PI2-218-L,Lg,15,OK,1.00,0,13.00,14.00,11.00,0
11/7/2014,Molasses Reef,25.01006,-80.37362,Snapper Ledge,ML1-109-L,Lg,17,OK,1.00,2,20.00,11.00,6.00,0
11/7/2014,Molasses Reef,25.01006,-80.37362,Snapper Ledge,ML1-107-S,Sm,16,D,0.00,N/A,N/A,N/A,N/A,N/A
11/7/2014,Pickles Reef,24.98609,-80.41514,Snapper Ledge,PI1-207-S,Sm,15,OK,1.00,0,13.50,9.50,7.00,0
11/7/2014,Pickles Reef,24.98609,-80.41514,Snapper Ledge,PI1-201-L,Lg,15,D,0.00,N/A,N/A,N/A,N/A,N/A
11/7/2014,Pickles Reef,24.98588,-80.41554,Snapper Ledge,PI2-215-L,Lg,16,D,0.00,N/A,N/A,N/A,N/A,N/A
11/7/2014,Molasses Reef,25.01006,-80.37362,Snapper Ledge,ML1-109-S,Sm,17,OK,1.00,2,12.00,7.50,6.00,0
11/7/2014,Molasses Reef,25.01000,-80.37381,Snapper Ledge,ML2-119-S,Sm,17,OK,1.00,1,12.00,7.00,4.00,0
11/7/2014,Pickles Reef,24.98588,-80.41554,Snapper Ledge,PI2-217-S,Sm,15,D,0.00,N/A,N/A,N/A,N/A,N/A
11/7/2014,Pickles Reef,24.98609,-80.41514,Snapper Ledge,PI1-214-S,Sm,14,RM,0.10,0,12.50,6.00,4.00,0
11/7/2014,Pickles Reef,24.98577,-80.41569,Snapper Ledge,PI3-229-S,Sm,16,RM,0.90,0,13.00,8.00,10.00,1
11/7/2014,Molasses Reef,25.01000,-80.37381,Snapper Ledge,ML2-123-L,Lg,17,D,0.00,N/A,N/A,N/A,N/A,N/A
11/7/2014,Pickles Reef,24.98577,-80.41569,Snapper Ledge,PI3-164-L,Lg,13,OK,0.99,0,18.00,13.00,8.00,0
11/7/2014,Pickles Reef,24.98588,-80.41554,Snapper Ledge,PI2-218-S,Sm,14,OK,1.00,0,11.00,9.00,5.00,0
11/7/2014,Molasses Reef,25.01006,-80.37362,Snapper Ledge,ML1-114-L,Lg,14,OK,1.00,0,14.00,12.00,9.00,0
11/7/2014,Molasses Reef,25.01000,-80.37381,Snapper Ledge,ML2-120-L,Lg,17,D,0.00,N/A,N/A,N/A,N/A,N/A
11/7/2014,Pickles Reef,24.98577,-80.41569,Snapper Ledge,PI3-231-S,Sm,15,RM,0.30,3,13.00,10.00,8.00,1
11/7/2014,Pickles Reef,24.98577,-80.41569,Snapper Ledge,PI3-231-L,Lg,14,D,0.00,N/A,N/A,N/A,N/A,N/A
11/7/2014,Molasses Reef,25.01006,-80.37362,Snapper Ledge,ML1-108-S,Sm,15,OK,0.90,2,11.00,8.00,9.00,0
11/7/2014,Molasses Reef,25.01000,-80.37381,Snapper Ledge,ML2-123-S,Sm,17,OK,1.00,0,14.00,10.50,6.00,0
11/7/2014,Pickles Reef,24.98609,-80.41514,Snapper Ledge,PI1-202-L,Lg,17,D,0.00,N/A,N/A,N/A,N/A,N/A
11/7/2014,Pickles Reef,24.98588,-80.41554,Snapper Ledge,PI2-225-S,Sm,13,D,0.00,N/A,N/A,N/A,N/A,N/A
11/7/2014,Molasses Reef,25.01006,-80.37362,Snapper Ledge,ML1-107-L,Lg,16,OK,1.00,0,16.50,10.00,7.50,0
11/7/2014,Pickles Reef,24.98588,-80.41554,Snapper Ledge,PI2-226-L,Lg,14,D,0.00,N/A,N/A,N/A,N/A,N/A
11/7/2014,Pickles Reef,24.98609,-80.41514,Snapper Ledge,PI1-208-S,Sm,16,OK,0.80,1,15.00,10.00,7.00,0
11/7/2014,Pickles Reef,24.98577,-80.41569,Snapper Ledge,PI3-230-L,Lg,15,RM,0.40,0,15.00,11.00,8.00,2
11/7/2014,Molasses Reef,25.01000,-80.37381,Snapper Ledge,ML2-121-S,Sm,17,OK,0.10,0,9.00,7.00,3.00,0
11/7/2014,Molasses Reef,25.00984,-80.37395,Snapper Ledge,ML3-142-L,Lg,17,D,0.00,N/A,N/A,N/A,N/A,N/A
11/7/2014,Molasses Reef,25.01006,-80.37362,Snapper Ledge,ML1-106-L,Lg,16,D,0.00,N/A,N/A,N/A,N/A,N/A
11/7/2014,Pickles Reef,24.98588,-80.41554,Snapper Ledge,PI2-216-L,Lg,16,OK,1.00,0,12.00,8.00,8.00,0
11/7/2014,Pickles Reef,24.98609,-80.41514,Snapper Ledge,PI1-201-S,Sm,14,D,0.00,N/A,N/A,N/A,N/A,N/A
11/7/2014,Pickles Reef,24.98588,-80.41554,Snapper Ledge,PI2-228-S,Sm,13,D,0.00,N/A,N/A,N/A,N/A,N/A
11/7/2014,Molasses Reef,25.01000,-80.37381,Snapper Ledge,ML2-124-S,Sm,15,OK,1.00,0,12.50,10.00,3.00,0
11/7/2014,Pickles Reef,24.98609,-80.41514,Snapper Ledge,PI1-204-L,Lg,17,OK,1.00,0,16.00,12.00,9.00,0
11/7/2014,Molasses Reef,25.00984,-80.37395,Snapper Ledge,ML3-134-L,Lg,18,OK,1.00,0,21.00,9.00,7.00,0
11/7/2014,Molasses Reef,25.01006,-80.37362,Snapper Ledge,ML1-113-L,Lg,16,OK,1.00,0,15.00,11.00,9.00,0
11/7/2014,Pickles Reef,24.98588,-80.41554,Snapper Ledge,PI2-216-S,Sm,16,OK,1.00,0,15.00,9.50,7.00,0
11/7/2014,Pickles Reef,24.98609,-80.41514,Snapper Ledge,PI1-205-S,Sm,15,OK,0.40,0,3.50,7.00,10.00,0
11/7/2014,Pickles Reef,24.98609,-80.41514,Snapper Ledge,PI1-203-S,Sm,14,D,0.00,N/A,N/A,N/A,N/A,N/A
11/7/2014,Pickles Reef,24.98577,-80.41569,Snapper Ledge,PI3-163-L,Lg,13,OK,0.90,1,15.50,8.00,7.00,2
11/7/2014,Molasses Reef,25.01000,-80.37381,Snapper Ledge,ML2-115-L,Lg,19,D,0.00,N/A,N/A,N/A,N/A,N/A
11/7/2014,Molasses Reef,25.01006,-80.37362,Snapper Ledge,ML1-113-S,Sm,16,OK,1.00,0,10.00,9.00,8.00,0
11/7/2014,Pickles Reef,24.98609,-80.41514,Snapper Ledge,PI1-204-S,Sm,16,OK,0.60,0,12.00,8.00,3.00,0
11/7/2014,Molasses Reef,25.01006,-80.37362,Snapper Ledge,ML1-114-S,Sm,14,OK,1.00,0,10.50,10.50,5.00,0
11/7/2014,Pickles Reef,24.98577,-80.41569,Snapper Ledge,PI3-163-S,Sm,14,OK,1.00,0,12.00,10.00,9.00,0
11/7/2014,Pickles Reef,24.98609,-80.41514,Snapper Ledge,PI1-205-L,Lg,15,OK,0.90,0,14.00,12.00,6.00,0
11/7/2014,Molasses Reef,25.01000,-80.37381,Snapper Ledge,ML2-116-L,Lg,17,OK,1.00,0,17.50,8.00,5.00,0
11/7/2014,Molasses Reef,25.01006,-80.37362,Snapper Ledge,ML1-111-L,Lg,17,RM,0.10,0,19.00,9.00,7.00,0
11/7/2014,Pickles Reef,24.98577,-80.41569,Snapper Ledge,PI3-229-L,Lg,15,OK,1.00,0,12.00,10.00,9.50,0
11/7/2014,Molasses Reef,25.01006,-80.37362,Snapper Ledge,ML1-110-L,Lg,16,OK,0.05,0,13.00,13.00,10.00,0
11/7/2014,Pickles Reef,24.98609,-80.41514,Snapper Ledge,PI1-206-S,Sm,15,D,0.00,N/A,N/A,N/A,N/A,N/A
11/7/2014,Molasses Reef,25.01006,-80.37362,Snapper Ledge,ML1-110-S,Sm,16,OK,1.00,0,14.00,10.00,7.50,0
11/7/2014,Molasses Reef,25.01000,-80.37381,Snapper Ledge,ML2-118-S,Sm,16,OK,1.00,0,14.00,8.00,7.00,0
11/7/2014,Pickles Reef,24.98588,-80.41554,Snapper Ledge,PI2-227-S,Sm,13,OK,0.60,0,8.00,5.00,9.00,0
11/7/2014,Molasses Reef,25.01000,-80.37381,Snapper Ledge,ML2-116-S,Sm,18,OK,1.00,0,9.00,7.00,5.00,0
11/7/2014,Pickles Reef,24.98577,-80.41569,Snapper Ledge,PI3-164-S,Sm,13,D,0.00,N/A,N/A,N/A,N/A,N/A
11/7/2014,Molasses Reef,25.01000,-80.37381,Snapper Ledge,ML2-124-L,Lg,16,OK,1.00,0,17.00,16.00,7.00,0
11/7/2014,Pickles Reef,24.98609,-80.41514,Snapper Ledge,PI1-202-S,Sm,17,OK,0.90,0,12.00,7.00,7.00,0
11/7/2014,Molasses Reef,25.01006,-80.37362,Snapper Ledge,ML1-111-S,Sm,17,OK,1.00,0,7.00,8.50,5.00,0
11/7/2014,Pickles Reef,24.98609,-80.41514,Snapper Ledge,PI1-203-L,Lg,14,D,0.00,N/A,N/A,N/A,N/A,N/A
11/7/2014,Pickles Reef,24.98588,-80.41554,Snapper Ledge,PI2-215-S,Sm,16,OK,1.00,0,12.50,8.00,5.50,0
11/7/2014,Pickles Reef,24.98609,-80.41514,Snapper Ledge,PI1-206-L,Lg,15,D,0.00,N/A,N/A,N/A,N/A,N/A
11/7/2014,Molasses Reef,25.01000,-80.37381,Snapper Ledge,ML2-117-S,Sm,17,OK,0.70,0,9.00,7.50,6.00,0
11/7/2014,Molasses Reef,25.01006,-80.37362,Snapper Ledge,ML1-112-L,Lg,15,OK,0.15,0,21.00,14.00,9.00,0
11/7/2014,Pickles Reef,24.98588,-80.41554,Snapper Ledge,PI2-217-L,Lg,15,D,0.00,N/A,N/A,N/A,N/A,N/A
11/7/2014,French Reef,25.03342,-80.35006,Snapper Ledge,FR3-337-S,Sm,21,OK,0.90,0,10.00,5.00,3.00,0
11/7/2014,Molasses Reef,25.00984,-80.37395,Snapper Ledge,ML3-136-L,Lg,17,Ok,0.05,0,15.00,11.00,5.00,N/A
11/7/2014,Pickles Reef,24.98609,-80.41514,Snapper Ledge,PI1-211-S,Sm,15,D,0.00,N/A,N/A,N/A,N/A,N/A
11/7/2014,Molasses Reef,25.00984,-80.37395,Snapper Ledge,ML3-131-S,Sm,18,OK,0.10,0,11.00,8.00,5.00,0
11/7/2014,Pickles Reef,24.98588,-80.41554,Snapper Ledge,PI2-222-L,Lg,15,OK,1.00,3,16.00,13.00,10.00,0
11/7/2014,Molasses Reef,25.00984,-80.37395,Snapper Ledge,ML3-131-L,Lg,18,OK,1.00,0,18.00,14.00,7.00,0
11/7/2014,French Reef,25.03342,-80.35006,Snapper Ledge,FR3-337-L,Lg,21,OK,0.85,0,15.00,10.00,6.00,1
11/7/2014,Pickles Reef,24.98588,-80.41554,Snapper Ledge,PI2-220-L,Lg,15,D,0.00,N/A,N/A,N/A,N/A,N/A
11/7/2014,Molasses Reef,25.00984,-80.37395,Snapper Ledge,ML3-130-S,Sm,19,OK,1.00,0,13.00,7.00,4.00,0
11/7/2014,Molasses Reef,25.00984,-80.37395,Snapper Ledge,ML3-132-L,Lg,18,RM,0.01,0,20.00,14.00,6.00,0
11/7/2014,Molasses Reef,25.00984,-80.37395,Snapper Ledge,ML3-140-S,Sm,16,D,0.00,N/A,N/A,N/A,N/A,N/A
11/7/2014,Molasses Reef,25.00984,-80.37395,Snapper Ledge,ML3-129-S,Sm,19,D,0.00,N/A,N/A,N/A,N/A,N/A
11/7/2014,Molasses Reef,25.01006,-80.37362,Snapper Ledge,ML1-104-L,Lg,16,OK,1.00,0,12.00,11.00,6.00,0
11/7/2014,Pickles Reef,24.98609,-80.41514,Snapper Ledge,PI1-210-S,Sm,15,RM,0.80,0,10.50,6.00,4.00,3
11/7/2014,Pickles Reef,24.98577,-80.41569,Snapper Ledge,PI3-233-S,Sm,15,OK,1.00,0,13.00,10.50,5.50,0
11/7/2014,French Reef,25.03342,-80.35006,Snapper Ledge,FR3-339-L,Lg,22,OK,1.00,0,13.00,10.00,7.00,0
11/7/2014,Pickles Reef,24.98609,-80.41514,Snapper Ledge,PI1-211-L,Lg,15,RM,0.20,0,15.00,9.50,6.00,1
11/7/2014,French Reef,25.03342,-80.35006,Snapper Ledge,FR3-335-L,Lg,21,OK,0.90,0,12.00,10.00,7.00,0
11/7/2014,Pickles Reef,24.98588,-80.41554,Snapper Ledge,PI2-221-L,Lg,15,RM,0.90,2,11.50,11.00,9.00,1
11/7/2014,Pickles Reef,24.98609,-80.41514,Snapper Ledge,PI1-212-S,Sm,15,OK,1.00,0,11.00,8.00,5.00,0
11/7/2014,French Reef,25.03342,-80.35006,Snapper Ledge,FR3-334-L,Lg,21,OK,0.90,0,15.50,10.00,5.00,0
11/7/2014,Molasses Reef,25.00984,-80.37395,Snapper Ledge,ML3-134-S,Sm,18,OK,1.00,0,12.00,9.00,6.00,0
11/7/2014,Molasses Reef,25.00984,-80.37395,Snapper Ledge,ML3-133-S,Sm,18,D,0.00,N/A,N/A,N/A,N/A,N/A
11/7/2014,Molasses Reef,25.00984,-80.37395,Snapper Ledge,ML3-133-L,Lg,17,OK,0.10,1,18.00,8.00,8.00,0
11/7/2014,French Reef,25.03342,-80.35006,Snapper Ledge,FR3-336-S,Sm,21,OK,1.00,0,6.00,6.00,2.50,0
11/7/2014,Molasses Reef,25.00984,-80.37395,Snapper Ledge,ML3-135-L,Lg,18,OK,0.05,0,20.00,8.00,10.00,0
11/7/2014,Molasses Reef,25.00984,-80.37395,Snapper Ledge,ML3-135-S,Sm,18,OK,1.00,0,12.00,10.00,7.00,0
11/7/2014,Pickles Reef,24.98609,-80.41514,Snapper Ledge,PI1-212-L,Lg,15,OK,1.00,1,14.00,11.00,8.00,0
11/7/2014,French Reef,25.03342,-80.35006,Snapper Ledge,FR3-335-S,Sm,21,OK,0.90,0,11.00,6.00,3.00,0
11/7/2014,Pickles Reef,24.98588,-80.41554,Snapper Ledge,PI2-221-S,Sm,15,D,0.00,N/A,N/A,N/A,N/A,N/A
11/7/2014,Pickles Reef,24.98588,-80.41554,Snapper Ledge,PI2-220-S,Sm,15,RM,0.80,0,10.00,6.50,6.00,1
11/7/2014,Pickles Reef,24.98609,-80.41514,Snapper Ledge,PI1-213-S,Sm,15,OK,0.80,0,10.00,10.00,6.00,1
11/7/2014,French Reef,25.03342,-80.35006,Snapper Ledge,FR3-336-L,Lg,21,OK,0.90,0,13.50,9.00,8.00,0
11/7/2014,Pickles Reef,24.98588,-80.41554,Snapper Ledge,PI2-223-L,Lg,13,RM,0.95,0,12.50,11.50,8.00,1
11/7/2014,Pickles Reef,24.98577,-80.41569,Snapper Ledge,PI3-234-L,Lg,14,OK,1.00,0,12.00,8.00,7.00,0
11/7/2014,Molasses Reef,25.00984,-80.37395,Snapper Ledge,ML3-138-S,Sm,16,OK,1.00,0,14.00,13.50,6.00,0
11/7/2014,Pickles Reef,24.98609,-80.41514,Snapper Ledge,PI1-214-L,Lg,14,OK,1.00,0,15.50,12.00,5.00,0
11/7/2014,Molasses Reef,25.01000,-80.37381,Snapper Ledge,ML2-126-L,Lg,16,OK,1.00,2,15.00,12.00,8.00,0
11/7/2014,Pickles Reef,24.98588,-80.41554,Snapper Ledge,PI2-222-S,Sm,15,OK,1.00,0,16.00,10.00,10.00,0
11/7/2014,Pickles Reef,24.98577,-80.41569,Snapper Ledge,PI3-232-S,Sm,14,OK,0.40,2,14.00,8.00,4.00,0
11/7/2014,Pickles Reef,24.98588,-80.41554,Snapper Ledge,PI2-219-L,Lg,16,D,0.00,N/A,N/A,N/A,N/A,N/A
11/7/2014,Pickles Reef,24.98609,-80.41514,Snapper Ledge,PI1-209-S,Sm,15,OK,0.01,0,12.00,7.00,4.00,0
11/7/2014,Molasses Reef,25.00984,-80.37395,Snapper Ledge,ML3-138-L,Lg,16,OK,1.00,2,15.00,9.50,8.00,0
11/7/2014,Pickles Reef,24.98588,-80.41554,Snapper Ledge,PI2-224-S,Sm,14,RM,0.90,1,9.50,8.00,2.00,0
11/7/2014,Molasses Reef,25.01006,-80.37362,Snapper Ledge,ML1-101-S,Sm,19,RM,0.30,0,12.00,7.00,6.00,0
11/7/2014,Pickles Reef,24.98577,-80.41569,Snapper Ledge,PI3-232-L,Lg,14,OK,1.00,0,16.00,10.00,10.00,0
11/7/2014,Molasses Reef,25.01006,-80.37362,Snapper Ledge,ML1-103-S,Sm,17,OK,0.50,0,12.00,7.00,4.00,0
11/7/2014,Molasses Reef,25.01006,-80.37362,Snapper Ledge,ML1-104-S,Sm,16,D,0.00,N/A,N/A,N/A,N/A,N/A
11/7/2014,Molasses Reef,25.00984,-80.37395,Snapper Ledge,ML3-139-L,Lg,17,OK,1.00,0,14.00,6.00,6.00,0
11/7/2014,French Reef,25.03342,-80.35006,Snapper Ledge,FR3-333-S,Sm,21,OK,1.00,0,10.00,6.00,6.00,0
11/7/2014,Pickles Reef,24.98609,-80.41514,Snapper Ledge,PI1-209-L,Lg,15,OK,0.99,0,17.00,14.00,8.00,0
11/7/2014,Molasses Reef,25.01000,-80.37381,Snapper Ledge,ML2-125-S,Sm,16,OK,0.95,2,13.00,7.00,5.00,0
11/7/2014,Molasses Reef,25.00984,-80.37395,Snapper Ledge,ML3-136-S,Sm,17,OK,0.80,0,14.00,10.00,6.00,0
11/7/2014,French Reef,25.03342,-80.35006,Snapper Ledge,FR3-339-S,Sm,22,OK,1.00,0,10.00,9.00,3.00,0
11/7/2014,Pickles Reef,24.98609,-80.41514,Snapper Ledge,PI1-210-L,Lg,16,OK,0.10,0,14.00,13.00,7.00,0
11/7/2014,Molasses Reef,25.01000,-80.37381,Snapper Ledge,ML2-127-S,Sm,15,OK,1.00,0,16.00,9.50,5.00,0
11/7/2014,Molasses Reef,25.00984,-80.37395,Snapper Ledge,ML3-137-L,Lg,16,OK,0.70,0,21.00,14.00,7.00,0
11/7/2014,Molasses Reef,25.01000,-80.37381,Snapper Ledge,ML2-128-S,Sm,14,OK,1.00,0,16.00,9.00,5.00,0
11/7/2014,Pickles Reef,24.98588,-80.41554,Snapper Ledge,PI2-219-S,Sm,15,D,0.00,N/A,N/A,N/A,N/A,N/A
11/7/2014,Pickles Reef,24.98577,-80.41569,Snapper Ledge,PI3-233-L,Lg,15,OK,1.00,0,16.50,10.00,7.00,0
11/7/2014,Molasses Reef,25.01006,-80.37362,Snapper Ledge,ML1-101-L,Lg,19,RM,0.20,1,16.00,12.00,8.00,0
11/7/2014,Pickles Reef,24.98588,-80.41554,Snapper Ledge,PI2-224-L,Lg,14,D,0.00,N/A,N/A,N/A,N/A,N/A
11/7/2014,Molasses Reef,25.00984,-80.37395,Snapper Ledge,ML3-137-S,Sm,16,OK,0.10,0,11.00,6.00,6.00,0
11/7/2014,Pickles Reef,24.98588,-80.41554,Snapper Ledge,PI2-223-S,Sm,14,OK,1.00,0,9.00,6.00,4.00,0
6/25/2015,French Reef,25.03331,-80.35008,Snapper Ledge,FR1-313-S,Sm,19,OK,1.00,0,10.00,9.00,N/A,0
6/25/2015,French Reef,25.03331,-80.35008,Snapper Ledge,FR1-309-L,Lg,19,OK,1.00,0,17.50,15.00,N/A,0
6/25/2015,French Reef,25.03331,-80.35008,Snapper Ledge,FR1-308-L,Lg,20,OK,1.00,0,20.00,12.00,N/A,1
6/25/2015,French Reef,25.03331,-80.35008,Snapper Ledge,FR1-306-L,Lg,21,OK,1.00,0,17.00,12.00,N/A,0
6/25/2015,French Reef,25.03331,-80.35008,Snapper Ledge,FR1-313-L,Lg,20,OK,1.00,0,22.50,19.00,N/A,0
6/25/2015,French Reef,25.03331,-80.35008,Snapper Ledge,FR1-311-L,Lg,20,OK,1.00,1,14.00,11.00,N/A,0
6/25/2015,French Reef,25.03331,-80.35008,Snapper Ledge,FR1-314-L,Lg,21,OK,1.00,0,15.00,12.00,N/A,0
6/25/2015,French Reef,25.03331,-80.35008,Snapper Ledge,FR1-308-S,Sm,20,OK,1.00,0,11.00,12.00,N/A,0
6/25/2015,French Reef,25.03331,-80.35008,Snapper Ledge,FR1-307-S,Sm,19,OK,1.00,0,17.00,8.00,N/A,0
6/25/2015,French Reef,25.03331,-80.35008,Snapper Ledge,FR1-312-S,Sm,21,OK,0.99,0,12.00,11.00,N/A,0
6/25/2015,French Reef,25.03331,-80.35008,Snapper Ledge,FR1-311-S,Sm,19,OK,0.90,0,8.50,7.00,N/A,0
6/25/2015,French Reef,25.03331,-80.35008,Snapper Ledge,FR1-310-S,Sm,19,OK,1.00,0,13.00,12.00,N/A,0
6/25/2015,French Reef,25.03331,-80.35008,Snapper Ledge,FR1-310-L,Lg,19,OK,0.95,0,19.00,12.00,N/A,0
6/25/2015,French Reef,25.03331,-80.35008,Snapper Ledge,FR1-307-L,Lg,19,OK,1.00,0,23.00,15.00,N/A,0
6/25/2015,French Reef,25.03331,-80.35008,Snapper Ledge,FR1-314-S,Sm,21,OK,1.00,0,16.00,12.00,N/A,0
6/25/2015,French Reef,25.03331,-80.35008,Snapper Ledge,FR1-306-S,Sm,21,OK,1.00,0,11.00,8.00,N/A,0
6/25/2015,French Reef,25.03331,-80.35008,Snapper Ledge,FR1-301-L,Lg,20,D,0.00,N/A,N/A,N/A,N/A,N/A
6/25/2015,French Reef,25.03331,-80.35008,Snapper Ledge,FR1-305-L,Lg,20,OK,1.00,0,15.50,9.00,N/A,0
6/25/2015,French Reef,25.03331,-80.35008,Snapper Ledge,FR1-301-S,Sm,20,D,0.00,N/A,N/A,N/A,N/A,N/A
6/25/2015,French Reef,25.03331,-80.35008,Snapper Ledge,FR1-303-L,Lg,20,RM,0.20,0,16.00,12.00,N/A,0
6/25/2015,French Reef,25.03331,-80.35008,Snapper Ledge,FR1-305-S,Sm,20,OK,1.00,0,12.50,10.00,N/A,0
6/25/2015,French Reef,25.03331,-80.35008,Snapper Ledge,FR1-304-L,Lg,20,OK,0.99,0,22.00,14.00,N/A,0
6/25/2015,French Reef,25.03331,-80.35008,Snapper Ledge,FR1-303-S,Sm,20,OK,1.00,0,12.00,11.00,N/A,0
6/25/2015,French Reef,25.03331,-80.35008,Snapper Ledge,FR1-302-S,Sm,21,OK,0.99,0,9.00,7.00,N/A,0
6/26/2015,Pickles Reef,24.98609,-80.41514,Snapper Ledge,PI1-207-S,Sm,15,RM,0.10,0,8.00,6.00,N/A,1
6/26/2015,Pickles Reef,24.98609,-80.41514,Snapper Ledge,PI1-208-S,Sm,16,OK,0.01,0,14.00,9.00,N/A,0
6/26/2015,French Reef,25.03333,-80.35012,Snapper Ledge,FR2-320-L,Lg,20,OK,1.00,0,13.00,12.00,N/A,0
6/26/2015,Pickles Reef,24.98609,-80.41514,Snapper Ledge,PI1-208-L,Lg,N/A,RM,0.80,0,13.00,9.00,N/A,3
6/26/2015,French Reef,25.03333,-80.35012,Snapper Ledge,FR2-321-L,Lg,20,OK,1.00,0,15.00,11.00,N/A,0
6/26/2015,French Reef,25.03333,-80.35012,Snapper Ledge,FR2-328-L,Lg,21,OK,1.00,0,20.00,16.00,N/A,0
6/26/2015,Pickles Reef,24.98609,-80.41514,Snapper Ledge,PI1-207-L,Lg,15,OK,0.02,0,14.00,8.00,N/A,0
6/26/2015,French Reef,25.03333,-80.35012,Snapper Ledge,FR2-321-S,Sm,20,OK,1.00,0,18.00,9.00,N/A,0
6/26/2015,French Reef,25.03333,-80.35012,Snapper Ledge,FR2-327-S,Sm,21,OK,1.00,0,18.00,8.00,N/A,0
6/26/2015,French Reef,25.03333,-80.35012,Snapper Ledge,FR2-328-S,Sm,21,OK,1.00,0,13.00,11.00,N/A,0
6/26/2015,French Reef,25.03333,-80.35012,Snapper Ledge,FR2-327-L,Lg,21,G,N/A,N/A,N/A,N/A,N/A,N/A
6/26/2015,French Reef,25.03333,-80.35012,Snapper Ledge,FR2-325-S,Sm,20,OK,1.00,0,12.00,9.00,N/A,0
6/26/2015,Pickles Reef,24.98609,-80.41514,Snapper Ledge,PI1-214-S,Sm,14,OK,0.05,0,12.00,5.00,N/A,0
6/26/2015,Pickles Reef,24.98609,-80.41514,Snapper Ledge,PI1-209-L,Lg,15,D,0.00,N/A,N/A,N/A,N/A,N/A
6/26/2015,Pickles Reef,24.98609,-80.41514,Snapper Ledge,PI1-209-S,Sm,15,D,0.00,N/A,N/A,N/A,N/A,N/A
6/26/2015,Pickles Reef,24.98609,-80.41514,Snapper Ledge,PI1-210-L,Lg,16,OK,0.10,0,16.00,8.00,N/A,0
6/26/2015,Pickles Reef,24.98609,-80.41514,Snapper Ledge,PI1-214-L,Lg,14,OK,1.00,0,14.00,12.00,N/A,0
6/26/2015,Pickles Reef,24.98609,-80.41514,Snapper Ledge,PI1-210-S,Sm,15,RM,0.08,0,10.00,6.00,N/A,2
6/26/2015,French Reef,25.03333,-80.35012,Snapper Ledge,FR2-315-L,Lg,21,D,0.00,N/A,N/A,N/A,N/A,N/A
6/26/2015,Pickles Reef,24.98609,-80.41514,Snapper Ledge,PI1-211-L,Lg,15,OK,0.02,0,11.00,6.00,N/A,0
6/26/2015,Pickles Reef,24.98609,-80.41514,Snapper Ledge,PI1-213-S,Sm,15,OK,0.50,0,14.00,10.00,N/A,0
6/26/2015,Pickles Reef,24.98609,-80.41514,Snapper Ledge,PI1-212-L,Lg,15,D,0.00,N/A,N/A,N/A,N/A,N/A
6/26/2015,Pickles Reef,24.98609,-80.41514,Snapper Ledge,PI1-212-S,Sm,15,OK,0.10,0,10.00,13.00,N/A,4
6/26/2015,French Reef,25.03333,-80.35012,Snapper Ledge,FR2-319-L,Lg,20,OK,0.90,0,23.00,7.00,N/A,0
6/26/2015,Pickles Reef,24.98609,-80.41514,Snapper Ledge,PI1-202-S,Sm,17,OK,0.60,0,11.00,8.00,N/A,3
6/26/2015,French Reef,25.03333,-80.35012,Snapper Ledge,FR2-323-S,Sm,20,OK,1.00,3,13.00,8.00,N/A,0
6/26/2015,Pickles Reef,24.98609,-80.41514,Snapper Ledge,PI1-204-S,Sm,16,D,0.00,N/A,N/A,N/A,N/A,N/A
6/26/2015,Pickles Reef,24.98609,-80.41514,Snapper Ledge,PI1-205-L,Lg,15,D,0.00,N/A,N/A,N/A,N/A,N/A
6/26/2015,Pickles Reef,24.98609,-80.41514,Snapper Ledge,PI1-204-L,Lg,17,D,0.00,N/A,N/A,N/A,N/A,N/A
6/26/2015,French Reef,25.03333,-80.35012,Snapper Ledge,FR2-326-L,Lg,21,OK,1.00,0,15.00,12.00,N/A,0
6/26/2015,French Reef,25.03333,-80.35012,Snapper Ledge,FR2-325-L,Lg,20,OK,1.00,0,28.00,12.00,N/A,0
6/26/2015,French Reef,25.03333,-80.35012,Snapper Ledge,FR2-323-L,Lg,20,OK,1.00,0,20.00,13.00,N/A,0
6/26/2015,French Reef,25.03333,-80.35012,Snapper Ledge,FR2-322-L,Lg,20,OK,1.00,0,23.00,14.00,N/A,0
6/26/2015,French Reef,25.03333,-80.35012,Snapper Ledge,FR2-324-S,Sm,20,OK,1.00,0,14.00,10.00,N/A,0
6/26/2015,Pickles Reef,24.98609,-80.41514,Snapper Ledge,PI1-205-S,Sm,15,D,0.00,N/A,N/A,N/A,N/A,N/A
6/26/2015,French Reef,25.03333,-80.35012,Snapper Ledge,FR2-324-L,Lg,20,OK,1.00,0,16.00,11.00,N/A,0
6/27/2015,French Reef,25.03342,-80.35006,Snapper Ledge,FR3-330-S,Sm,21,OK,1.00,0,8.00,6.00,N/A,0
6/27/2015,Pickles Reef,24.98588,-80.41554,Snapper Ledge,PI2-222-L,Lg,15,D,0.00,N/A,N/A,N/A,N/A,N/A
6/27/2015,Pickles Reef,24.98588,-80.41554,Snapper Ledge,PI2-224-S,Sm,14,OK,0.90,0,9.00,8.00,N/A,0
6/27/2015,French Reef,25.03342,-80.35006,Snapper Ledge,FR3-194-L,Lg,24,OK,1.00,0,15.00,12.00,N/A,0
6/27/2015,French Reef,25.03342,-80.35006,Snapper Ledge,FR3-193-S,Sm,23,OK,1.00,0,13.00,12.00,N/A,0
6/27/2015,French Reef,25.03342,-80.35006,Snapper Ledge,FR3-337-L,Lg,21,OK,1.00,0,19.00,12.00,N/A,0
6/27/2015,French Reef,25.03342,-80.35006,Snapper Ledge,FR3-193-L,Lg,23,OK,1.00,0,13.00,12.00,N/A,0
6/27/2015,Pickles Reef,24.98588,-80.41554,Snapper Ledge,PI2-218-S,Sm,14,OK,0.90,0,9.50,9.00,N/A,0
6/27/2015,Pickles Reef,24.98588,-80.41554,Snapper Ledge,PI2-223-S,Sm,14,D,0.00,N/A,N/A,N/A,N/A,N/A
6/27/2015,Pickles Reef,24.98588,-80.41554,Snapper Ledge,PI2-216-L,Lg,16,OK,0.90,0,10.00,10.00,N/A,1
6/27/2015,French Reef,25.03342,-80.35006,Snapper Ledge,FR3-330-L,Lg,20,OK,1.00,0,19.00,16.00,N/A,0
6/27/2015,French Reef,25.03342,-80.35006,Snapper Ledge,FR3-329-L,Lg,20,OK,0.20,0,14.00,7.00,N/A,0
6/27/2015,French Reef,25.03342,-80.35006,Snapper Ledge,FR3-337-S,Sm,21,OK,1.00,0,13.00,6.00,N/A,0
6/27/2015,French Reef,25.03342,-80.35006,Snapper Ledge,FR3-339-S,Sm,22,OK,1.00,0,11.00,10.00,N/A,0
6/27/2015,Pickles Reef,24.98588,-80.41554,Snapper Ledge,PI2-223-L,Lg,13,RM,0.80,0,16.00,10.00,N/A,2
6/27/2015,French Reef,25.03342,-80.35006,Snapper Ledge,FR3-329-S,Sm,21,OK,1.00,0,15.00,9.00,N/A,0
6/27/2015,Pickles Reef,24.98588,-80.41554,Snapper Ledge,PI2-222-S,Sm,15,D,0.00,N/A,N/A,N/A,N/A,N/A
6/27/2015,French Reef,25.03342,-80.35006,Snapper Ledge,FR3-333-L,Lg,21,G,N/A,0,17.00,10.00,N/A,0
6/27/2015,Pickles Reef,24.98588,-80.41554,Snapper Ledge,PI2-220-S,Sm,15,D,0.00,N/A,N/A,N/A,N/A,N/A
6/27/2015,Pickles Reef,24.98588,-80.41554,Snapper Ledge,PI2-227-L,Lg,13,OK,0.05,0,13.00,6.00,N/A,0
6/27/2015,French Reef,25.03342,-80.35006,Snapper Ledge,FR3-332-S,Sm,21,OK,1.00,0,14.00,14.00,N/A,0
6/27/2015,French Reef,25.03342,-80.35006,Snapper Ledge,FR3-334-L,Lg,21,OK,1.00,0,23.00,13.00,N/A,0
6/27/2015,Pickles Reef,24.98588,-80.41554,Snapper Ledge,PI2-221-L,Lg,15,OK,0.85,0,11.00,9.00,N/A,0
6/27/2015,French Reef,25.03342,-80.35006,Snapper Ledge,FR3-339-L,Lg,22,OK,1.00,0,16.00,12.00,N/A,0
6/27/2015,Pickles Reef,24.98588,-80.41554,Snapper Ledge,PI2-216-S,Sm,16,OK,1.00,0,13.00,12.00,N/A,0
6/27/2015,Pickles Reef,24.98588,-80.41554,Snapper Ledge,PI2-215-S,Sm,16,D,0.00,N/A,N/A,N/A,N/A,N/A
6/27/2015,French Reef,25.03342,-80.35006,Snapper Ledge,FR3-335-L,Lg,21,OK,1.00,0,15.00,14.00,N/A,0
6/27/2015,French Reef,25.03342,-80.35006,Snapper Ledge,FR3-192-L,Lg,23,OK,1.00,0,15.00,14.00,N/A,0
6/27/2015,French Reef,25.03342,-80.35006,Snapper Ledge,FR3-335-S,Sm,21,OK,1.00,0,12.00,8.00,N/A,0
6/27/2015,Pickles Reef,24.98588,-80.41554,Snapper Ledge,PI2-227-S,Sm,13,OK,0.90,0,8.00,5.00,N/A,0
6/27/2015,French Reef,25.03342,-80.35006,Snapper Ledge,FR3-332-L,Lg,21,D,0.00,N/A,N/A,N/A,N/A,N/A
6/27/2015,French Reef,25.03342,-80.35006,Snapper Ledge,FR3-336-L,Lg,21,OK,1.00,0,18.00,13.00,N/A,0
6/27/2015,French Reef,25.03342,-80.35006,Snapper Ledge,FR3-192-S,Sm,23,OK,1.00,0,9.00,10.00,N/A,0
6/27/2015,French Reef,25.03342,-80.35006,Snapper Ledge,FR3-194-S,Sm,23,OK,1.00,0,11.00,10.00,N/A,0
6/27/2015,French Reef,25.03342,-80.35006,Snapper Ledge,FR3-333-S,Sm,21,OK,1.00,0,14.00,10.00,N/A,0
6/27/2015,French Reef,25.03342,-80.35006,Snapper Ledge,FR3-336-S,Sm,21,OK,1.00,0,10.00,7.00,N/A,0
6/27/2015,Pickles Reef,24.98588,-80.41554,Snapper Ledge,PI2-218-L,Lg,15,OK,0.90,0,23.00,19.00,N/A,1
6/28/2015,Pickles Reef,24.98577,-80.41569,Snapper Ledge,PI3-234-L,Lg,14,RM,0.75,0,15.00,11.00,N/A,0
6/28/2015,Molasses Reef,25.01006,-80.37362,Snapper Ledge,ML1-114-S,Sm,14,OK,0.30,0,12.00,12.00,N/A,0
6/28/2015,Pickles Reef,24.98577,-80.41569,Snapper Ledge,PI3-234-S,Sm,15,D,0.00,N/A,N/A,N/A,N/A,N/A
6/28/2015,Pickles Reef,24.98577,-80.41569,Snapper Ledge,PI3-233-S,Sm,15,RM,0.05,1,11.50,9.00,N/A,1
6/28/2015,Molasses Reef,25.01006,-80.37362,Snapper Ledge,ML1-113-S,Sm,16,OK,1.00,0,10.00,9.00,N/A,0
6/28/2015,Pickles Reef,24.98577,-80.41569,Snapper Ledge,PI3-238-S,Sm,13,OK,0.90,1,11.00,7.00,N/A,1
6/28/2015,Pickles Reef,24.98577,-80.41569,Snapper Ledge,PI3-238-L,Lg,14,OK,0.02,0,15.00,9.00,N/A,0
6/28/2015,Pickles Reef,24.98577,-80.41569,Snapper Ledge,PI3-163-L,Lg,13,OK,0.02,0,13.00,9.00,N/A,0
6/28/2015,Pickles Reef,24.98577,-80.41569,Snapper Ledge,PI3-236-S,Sm,13,OK,1.00,0,19.00,16.00,N/A,0
6/28/2015,Pickles Reef,24.98577,-80.41569,Snapper Ledge,PI3-235-L,Lg,14,OK,0.90,0,22.00,15.00,N/A,0
6/28/2015,Pickles Reef,24.98577,-80.41569,Snapper Ledge,PI3-239-L,Lg,14,RM,0.02,0,14.00,6.00,N/A,1
6/28/2015,Pickles Reef,24.98577,-80.41569,Snapper Ledge,PI3-230-L,Lg,15,OK,0.05,0,15.00,5.00,N/A,0
6/28/2015,Molasses Reef,25.01006,-80.37362,Snapper Ledge,ML1-112-L,Lg,15,OK,0.15,0,17.00,13.00,N/A,0
6/28/2015,Pickles Reef,24.98577,-80.41569,Snapper Ledge,PI3-229-S,Sm,16,D,0.00,N/A,N/A,N/A,N/A,N/A
6/28/2015,Molasses Reef,25.01006,-80.37362,Snapper Ledge,ML1-114-L,Lg,14,RM,0.20,0,18.00,12.00,N/A,1
6/28/2015,Pickles Reef,24.98577,-80.41569,Snapper Ledge,PI3-235-S,Sm,14,OK,0.90,0,20.00,12.00,N/A,0
6/28/2015,Pickles Reef,24.98577,-80.41569,Snapper Ledge,PI3-164-L,Lg,13,OK,1.00,0,23.00,21.00,N/A,0
6/28/2015,Molasses Reef,25.01006,-80.37362,Snapper Ledge,ML1-109-L,Lg,17,OK,1.00,0,17.00,6.00,N/A,0
6/28/2015,Molasses Reef,25.01006,-80.37362,Snapper Ledge,ML1-111-S,Sm,17,OK,0.99,0,10.00,9.00,N/A,1
6/28/2015,Molasses Reef,25.01006,-80.37362,Snapper Ledge,ML1-109-S,Sm,17,OK,1.00,0,13.00,8.00,N/A,0
6/28/2015,Molasses Reef,25.01006,-80.37362,Snapper Ledge,ML1-111-L,Lg,17,D,0.00,N/A,N/A,N/A,N/A,N/A
6/28/2015,Pickles Reef,24.98577,-80.41569,Snapper Ledge,PI3-229-L,Lg,15,D,0.00,N/A,N/A,N/A,N/A,N/A
6/28/2015,Molasses Reef,25.01006,-80.37362,Snapper Ledge,ML1-110-L,Lg,16,OK,0.10,0,15.00,9.00,N/A,0
6/28/2015,Molasses Reef,25.01006,-80.37362,Snapper Ledge,ML1-108-S,Sm,15,OK,1.00,0,11.00,7.00,N/A,0
6/28/2015,Pickles Reef,24.98577,-80.41569,Snapper Ledge,PI3-239-S,Sm,14,OK,0.90,0,10.50,6.00,N/A,0
6/28/2015,Pickles Reef,24.98577,-80.41569,Snapper Ledge,PI3-240-L,Lg,14,D,0.00,N/A,N/A,N/A,N/A,N/A
6/28/2015,Pickles Reef,24.98577,-80.41569,Snapper Ledge,PI3-233-L,Lg,15,RM,0.80,0,21.00,16.00,N/A,3
6/28/2015,Molasses Reef,25.01006,-80.37362,Snapper Ledge,ML1-101-L,Lg,19,D,0.00,N/A,N/A,N/A,N/A,N/A
6/28/2015,Pickles Reef,24.98577,-80.41569,Snapper Ledge,PI3-237-S,Sm,13,OK,1.00,0,22.00,11.50,N/A,0
6/28/2015,Molasses Reef,25.01006,-80.37362,Snapper Ledge,ML1-110-S,Sm,16,OK,1.00,0,19.00,14.00,N/A,0
6/28/2015,Molasses Reef,25.01006,-80.37362,Snapper Ledge,ML1-107-L,Lg,16,OK,1.00,0,21.00,14.00,N/A,0
6/28/2015,Pickles Reef,24.98577,-80.41569,Snapper Ledge,PI3-232-S,Sm,14,D,0.00,N/A,N/A,N/A,N/A,N/A
6/28/2015,Pickles Reef,24.98577,-80.41569,Snapper Ledge,PI3-163-S,Sm,14,D,0.00,N/A,N/A,N/A,N/A,N/A
6/28/2015,Pickles Reef,24.98577,-80.41569,Snapper Ledge,PI3-232-L,Lg,14,OK,0.05,0,17.00,12.00,N/A,0
6/28/2015,Molasses Reef,25.01006,-80.37362,Snapper Ledge,ML1-103-S,Sm,17,OK,1.00,0,11.00,8.00,N/A,0
6/28/2015,Molasses Reef,25.01006,-80.37362,Snapper Ledge,ML1-113-L,Lg,16,OK,1.00,0,15.00,9.00,N/A,0
6/28/2015,Molasses Reef,25.01006,-80.37362,Snapper Ledge,ML1-104-L,Lg,16,OK,0.90,0,14.00,13.00,N/A,0
6/28/2015,Pickles Reef,24.98577,-80.41569,Snapper Ledge,PI3-231-S,Sm,15,D,0.00,N/A,N/A,N/A,N/A,N/A
6/28/2015,Pickles Reef,24.98577,-80.41569,Snapper Ledge,PI3-236-L,Lg,14,OK,1.00,0,21.00,17.00,N/A,0
6/28/2015,Molasses Reef,25.01006,-80.37362,Snapper Ledge,ML1-101-S,Sm,19,D,0.00,N/A,N/A,N/A,N/A,N/A
6/29/2015,Molasses Reef,25.01000,-80.37381,Snapper Ledge,ML2-118-S,Sm,16,OK,1.00,0,18.00,11.00,N/A,0
6/29/2015,Molasses Reef,25.01000,-80.37381,Snapper Ledge,ML2-116-L,Lg,17,OK,0.05,0,13.00,6.00,N/A,0
6/29/2015,Molasses Reef,25.01000,-80.37381,Snapper Ledge,ML2-123-S,Sm,17,OK,1.00,0,19.00,13.00,N/A,0
6/29/2015,Molasses Reef,25.01000,-80.37381,Snapper Ledge,ML2-127-S,Sm,15,OK,1.00,0,20.00,14.00,N/A,0
6/29/2015,Molasses Reef,25.01000,-80.37381,Snapper Ledge,ML2-126-L,Lg,16,OK,1.00,0,17.00,12.00,N/A,0
6/29/2015,Molasses Reef,25.01000,-80.37381,Snapper Ledge,ML2-128-S,Sm,14,OK,1.00,0,17.00,14.00,N/A,0
6/29/2015,Molasses Reef,25.01000,-80.37381,Snapper Ledge,ML2-125-S,Sm,16,OK,0.10,0,13.00,6.00,N/A,0
6/29/2015,Molasses Reef,25.01000,-80.37381,Snapper Ledge,ML2-116-S,Sm,18,RM,0.80,0,11.00,8.00,N/A,1
6/29/2015,Molasses Reef,25.01000,-80.37381,Snapper Ledge,ML2-124-S,Sm,15,D,0.00,N/A,N/A,N/A,N/A,N/A
6/29/2015,Molasses Reef,25.01000,-80.37381,Snapper Ledge,ML2-119-S,Sm,17,OK,0.99,0,14.00,9.00,N/A,0
6/29/2015,Molasses Reef,25.01000,-80.37381,Snapper Ledge,ML2-124-L,Lg,16,OK,0.20,0,15.00,9.00,N/A,0
6/29/2015,Molasses Reef,25.01000,-80.37381,Snapper Ledge,ML2-117-S,Sm,17,OK,0.90,0,10.00,9.50,N/A,0
6/29/2015,Molasses Reef,25.01000,-80.37381,Snapper Ledge,ML2-121-L,Lg,16,D,0.00,N/A,N/A,N/A,N/A,N/A
6/29/2015,Molasses Reef,25.01000,-80.37381,Snapper Ledge,ML2-121-S,Sm,17,OK,0.80,0,6.00,5.00,N/A,0
6/30/2015,Molasses Reef,25.00984,-80.37395,Snapper Ledge,ML3-138-S,Sm,16,OK,1.00,0,20.00,17.00,N/A,0
6/30/2015,Molasses Reef,25.00984,-80.37395,Snapper Ledge,ML3-139-L,Lg,17,OK,1.00,0,16.00,8.00,N/A,0
6/30/2015,Molasses Reef,25.00984,-80.37395,Snapper Ledge,ML3-142-S,Sm,17,D,0.00,N/A,N/A,N/A,N/A,N/A
6/30/2015,Molasses Reef,25.00984,-80.37395,Snapper Ledge,ML3-137-S,Sm,16,D,0.00,N/A,N/A,N/A,N/A,N/A
6/30/2015,Molasses Reef,25.00984,-80.37395,Snapper Ledge,ML3-134-L,Lg,18,OK,1.00,0,22.00,13.00,N/A,0
6/30/2015,Molasses Reef,25.00984,-80.37395,Snapper Ledge,ML3-137-L,Lg,16,D,0.00,N/A,N/A,N/A,N/A,N/A
6/30/2015,Molasses Reef,25.00984,-80.37395,Snapper Ledge,ML3-136-S,Sm,17,OK,0.90,0,17.00,12.00,N/A,0
6/30/2015,Molasses Reef,25.00984,-80.37395,Snapper Ledge,ML3-138-L,Lg,16,OK,1.00,0,16.00,9.00,N/A,0
6/30/2015,Molasses Reef,25.00984,-80.37395,Snapper Ledge,ML3-134-S,Sm,18,RM,0.60,0,15.00,15.00,N/A,1
6/30/2015,Molasses Reef,25.00984,-80.37395,Snapper Ledge,ML3-130-S,Sm,19,D,0.00,N/A,N/A,N/A,N/A,N/A
6/30/2015,Molasses Reef,25.00984,-80.37395,Snapper Ledge,ML3-136-L,Lg,17,OK,0.30,0,13.00,10.00,N/A,0
6/30/2015,Molasses Reef,25.00984,-80.37395,Snapper Ledge,ML3-133-L,Lg,17,D,0.00,N/A,N/A,N/A,N/A,N/A
6/30/2015,Molasses Reef,25.00984,-80.37395,Snapper Ledge,ML3-132-L,Lg,18,D,0.00,N/A,N/A,N/A,N/A,N/A
6/30/2015,Molasses Reef,25.00984,-80.37395,Snapper Ledge,ML3-131-L,Lg,18,D,0.00,N/A,N/A,N/A,N/A,N/A
6/30/2015,Molasses Reef,25.00984,-80.37395,Snapper Ledge,ML3-131-S,Sm,18,D,0.00,N/A,N/A,N/A,N/A,N/A
6/30/2015,Molasses Reef,25.00984,-80.37395,Snapper Ledge,ML3-135-S,Sm,18,OK,1.00,0,14.00,14.00,N/A,0
6/30/2015,Molasses Reef,25.00984,-80.37395,Snapper Ledge,ML3-135-L,Lg,18,OK,0.05,0,16.00,6.00,N/A,0
12/1/2016,French Reef,25.03331,-80.35008,Snapper Ledge,FR1-307-S,Sm,19,OK,0.90,0,13.00,4.50,N/A,0
12/1/2016,French Reef,25.03333,-80.35012,Snapper Ledge,FR2-328-S,Sm,21,D,0.00,N/A,N/A,N/A,N/A,N/A
12/1/2016,French Reef,25.03342,-80.35006,Snapper Ledge,FR3-194-L,Lg,24,D,0.00,N/A,N/A,N/A,N/A,N/A
12/1/2016,French Reef,25.03333,-80.35012,Snapper Ledge,FR2-326-L,Lg,21,D,0.00,N/A,N/A,N/A,N/A,N/A
12/1/2016,French Reef,25.03342,-80.35006,Snapper Ledge,FR3-193-S,Sm,23,D,0.00,N/A,N/A,N/A,N/A,N/A
12/1/2016,French Reef,25.03331,-80.35008,Snapper Ledge,FR1-304-L,Lg,20,OK,1.00,0,32.00,22.00,N/A,0
12/1/2016,French Reef,25.03331,-80.35008,Snapper Ledge,FR1-308-L,Lg,20,D,0.00,N/A,N/A,N/A,N/A,N/A
12/1/2016,French Reef,25.03331,-80.35008,Snapper Ledge,FR1-305-L,Lg,20,OK,1.00,0,22.00,18.00,N/A,0
12/1/2016,French Reef,25.03342,-80.35006,Snapper Ledge,FR3-194-S,Sm,23,D,0.00,N/A,N/A,N/A,N/A,N/A
12/1/2016,French Reef,25.03333,-80.35012,Snapper Ledge,FR2-321-L,Lg,20,D,0.00,N/A,N/A,N/A,N/A,N/A
12/1/2016,French Reef,25.03333,-80.35012,Snapper Ledge,FR2-328-L,Lg,21,OK,1.00,0,7.00,6.00,N/A,0
12/1/2016,French Reef,25.03333,-80.35012,Snapper Ledge,FR2-327-S,Sm,21,OK,1.00,0,31.50,17.50,N/A,0
12/1/2016,French Reef,25.03333,-80.35012,Snapper Ledge,FR2-321-S,Sm,20,D,0.00,N/A,N/A,N/A,N/A,N/A
12/1/2016,French Reef,25.03333,-80.35012,Snapper Ledge,FR2-325-L,Lg,20,D,0.00,N/A,N/A,N/A,N/A,N/A
12/1/2016,French Reef,25.03342,-80.35006,Snapper Ledge,FR3-192-S,Sm,23,D,0.00,N/A,N/A,N/A,N/A,N/A
12/1/2016,French Reef,25.03331,-80.35008,Snapper Ledge,FR1-303-S,Sm,20,OK,1.00,0,19.00,17.00,N/A,0
12/1/2016,French Reef,25.03333,-80.35012,Snapper Ledge,FR2-323-S,Sm,20,D,0.00,N/A,N/A,N/A,N/A,N/A
12/1/2016,French Reef,25.03333,-80.35012,Snapper Ledge,FR2-324-L,Lg,20,OK,1.00,0,20.00,17.00,N/A,0
12/1/2016,French Reef,25.03331,-80.35008,Snapper Ledge,FR1-306-S,Sm,21,D,0.00,N/A,N/A,N/A,N/A,N/A
12/1/2016,French Reef,25.03331,-80.35008,Snapper Ledge,FR1-306-L,Lg,21,D,0.00,N/A,N/A,N/A,N/A,N/A
12/1/2016,French Reef,25.03333,-80.35012,Snapper Ledge,FR2-322-L,Lg,20,OK,1.00,0,3.00,2.50,N/A,0
12/1/2016,French Reef,25.03333,-80.35012,Snapper Ledge,FR2-324-S,Sm,20,OK,1.00,0,22.50,17.00,N/A,0
12/1/2016,French Reef,25.03333,-80.35012,Snapper Ledge,FR2-325-S,Sm,20,RM,0.99,0,19.50,18.00,N/A,0
12/1/2016,French Reef,25.03342,-80.35006,Snapper Ledge,FR3-193-L,Lg,23,D,0.00,N/A,N/A,N/A,N/A,N/A
12/1/2016,French Reef,25.03331,-80.35008,Snapper Ledge,FR1-307-L,Lg,19,D,0.00,N/A,N/A,N/A,N/A,N/A
12/1/2016,French Reef,25.03342,-80.35006,Snapper Ledge,FR3-192-L,Lg,23,D,0.00,N/A,N/A,N/A,N/A,N/A
12/1/2016,French Reef,25.03331,-80.35008,Snapper Ledge,FR1-303-L,Lg,20,OK,0.75,0,19.00,10.00,N/A,0
12/1/2016,French Reef,25.03333,-80.35012,Snapper Ledge,FR2-323-L,Lg,20,D,0.00,N/A,N/A,N/A,N/A,N/A
12/1/2016,French Reef,25.03331,-80.35008,Snapper Ledge,FR1-305-S,Sm,20,OK,1.00,0,18.00,16.00,N/A,0
12/1/2016,French Reef,25.03342,-80.35006,Snapper Ledge,FR3-329-L,Lg,20,OK,1.00,0,18.00,11.00,N/A,0
12/1/2016,French Reef,25.03342,-80.35006,Snapper Ledge,FR3-332-S,Sm,21,OK,0.60,0,15.50,8.00,N/A,0
12/1/2016,French Reef,25.03331,-80.35008,Snapper Ledge,FR1-312-L,Lg,21,OK,1.00,0,14.00,14.00,N/A,0
12/1/2016,French Reef,25.03342,-80.35006,Snapper Ledge,FR3-330-S,Sm,21,OK,1.00,1,16.00,11.00,N/A,0
12/1/2016,French Reef,25.03331,-80.35008,Snapper Ledge,FR1-310-S,Sm,19,OK,1.00,0,28.00,23.00,N/A,0
12/1/2016,French Reef,25.03331,-80.35008,Snapper Ledge,FR1-314-L,Lg,21,OK,0.90,1,21.00,19.00,N/A,0
12/1/2016,French Reef,25.03331,-80.35008,Snapper Ledge,FR1-312-S,Sm,21,OK,1.00,0,13.00,8.00,N/A,0
12/1/2016,French Reef,25.03342,-80.35006,Snapper Ledge,FR3-337-L,Lg,21,OK,1.00,0,4.50,3.00,N/A,0
12/1/2016,French Reef,25.03342,-80.35006,Snapper Ledge,FR3-334-L,Lg,21,D,0.00,N/A,N/A,N/A,N/A,N/A
12/1/2016,French Reef,25.03342,-80.35006,Snapper Ledge,FR3-333-S,Sm,21,OK,1.00,1,21.00,15.00,N/A,0
12/1/2016,French Reef,25.03342,-80.35006,Snapper Ledge,FR3-336-S,Sm,21,D,0.00,N/A,N/A,N/A,N/A,N/A
12/1/2016,French Reef,25.03342,-80.35006,Snapper Ledge,FR3-336-L,Lg,21,OK,0.15,0,21.00,17.00,N/A,0
12/1/2016,French Reef,25.03342,-80.35006,Snapper Ledge,FR3-335-S,Sm,21,D,0.00,N/A,N/A,N/A,N/A,N/A
12/1/2016,French Reef,25.03331,-80.35008,Snapper Ledge,FR1-311-S,Sm,19,OK,1.00,0,12.00,11.00,N/A,0
12/1/2016,French Reef,25.03331,-80.35008,Snapper Ledge,FR1-314-S,Sm,21,RM,0.95,1,27.00,20.50,N/A,0
12/1/2016,French Reef,25.03342,-80.35006,Snapper Ledge,FR3-335-L,Lg,21,D,0.00,N/A,N/A,N/A,N/A,N/A
12/1/2016,French Reef,25.03333,-80.35012,Snapper Ledge,FR2-320-L,Lg,20,RM,0.85,0,19.00,18.00,N/A,1
12/1/2016,French Reef,25.03331,-80.35008,Snapper Ledge,FR1-313-L,Lg,20,OK,1.00,0,35.50,30.00,N/A,0
12/1/2016,French Reef,25.03331,-80.35008,Snapper Ledge,FR1-308-S,Sm,20,OK,1.00,0,19.50,14.00,N/A,0
12/1/2016,French Reef,25.03331,-80.35008,Snapper Ledge,FR1-302-S,Sm,21,D,0.00,N/A,N/A,N/A,N/A,N/A
12/1/2016,French Reef,25.03333,-80.35012,Snapper Ledge,FR2-319-L,Lg,20,OK,1.00,0,24.50,14.00,N/A,0
12/1/2016,French Reef,25.03331,-80.35008,Snapper Ledge,FR1-313-S,Sm,19,RM,0.99,1,36.00,16.00,N/A,0
12/1/2016,French Reef,25.03342,-80.35006,Snapper Ledge,FR3-339-S,Sm,22,RM,0.99,0,23.00,18.50,N/A,0
12/1/2016,French Reef,25.03331,-80.35008,Snapper Ledge,FR1-309-L,Lg,19,OK,1.00,0,32.00,31.00,N/A,0
12/1/2016,French Reef,25.03331,-80.35008,Snapper Ledge,FR1-311-L,Lg,20,RM,0.99,0,24.00,17.00,N/A,0
12/1/2016,French Reef,25.03342,-80.35006,Snapper Ledge,FR3-339-L,Lg,22,RM,0.95,0,18.00,6.50,N/A,0
12/1/2016,French Reef,25.03342,-80.35006,Snapper Ledge,FR3-329-S,Sm,21,D,0.00,N/A,N/A,N/A,N/A,N/A
12/1/2016,French Reef,25.03342,-80.35006,Snapper Ledge,FR3-337-S,Sm,21,OK,0.70,0,18.00,8.00,N/A,0
12/1/2016,French Reef,25.03342,-80.35006,Snapper Ledge,FR3-330-L,Lg,20,OK,0.25,0,18.00,13.50,N/A,0
12/1/2016,French Reef,25.03331,-80.35008,Snapper Ledge,FR1-310-L,Lg,19,OK,1.00,0,25.00,16.00,N/A,0
12/7/2016,Molasses Reef,25.01006,-80.37362,Snapper Ledge,ML1-108-S,Sm,15,OK,1.00,0,19.00,13.50,N/A,0
12/7/2016,Pickles Reef,24.98609,-80.41514,Snapper Ledge,PI1-208-L,Lg,N/A,D,0.00,N/A,N/A,N/A,N/A,N/A
12/7/2016,Pickles Reef,24.98577,-80.41569,Snapper Ledge,PI3-234-L,Lg,14,D,0.00,N/A,N/A,N/A,N/A,N/A
12/7/2016,Pickles Reef,24.98609,-80.41514,Snapper Ledge,PI1-207-S,Sm,15,D,0.00,N/A,N/A,N/A,N/A,N/A
12/7/2016,Pickles Reef,24.98609,-80.41514,Snapper Ledge,PI1-212-S,Sm,15,D,0.00,N/A,N/A,N/A,N/A,N/A
12/7/2016,Pickles Reef,24.98577,-80.41569,Snapper Ledge,PI3-235-S,Sm,14,RM,0.99,0,32.00,20.00,N/A,0
12/7/2016,Molasses Reef,25.01006,-80.37362,Snapper Ledge,ML1-104-L,Lg,16,D,0.00,N/A,N/A,N/A,N/A,N/A
12/7/2016,Molasses Reef,25.01006,-80.37362,Snapper Ledge,ML1-109-L,Lg,17,OK,1.00,2,16.50,15.00,N/A,0
12/7/2016,Pickles Reef,24.98609,-80.41514,Snapper Ledge,PI1-214-L,Lg,14,D,0.00,N/A,N/A,N/A,N/A,N/A
12/7/2016,Pickles Reef,24.98577,-80.41569,Snapper Ledge,PI3-235-L,Lg,14,OK,1.00,0,11.00,7.00,N/A,0
12/7/2016,Pickles Reef,24.98609,-80.41514,Snapper Ledge,PI1-210-L,Lg,16,D,0.00,N/A,N/A,N/A,N/A,N/A
12/7/2016,Pickles Reef,24.98577,-80.41569,Snapper Ledge,PI3-232-L,Lg,14,OK,1.00,0,14.00,8.00,N/A,0
12/7/2016,Pickles Reef,24.98609,-80.41514,Snapper Ledge,PI1-213-S,Sm,15,OK,1.00,0,9.50,6.50,N/A,0
12/7/2016,Molasses Reef,25.01006,-80.37362,Snapper Ledge,ML1-103-S,Sm,17,D,0.00,N/A,N/A,N/A,N/A,N/A
12/7/2016,Pickles Reef,24.98609,-80.41514,Snapper Ledge,PI1-214-S,Sm,14,OK,1.00,0,6.00,4.00,N/A,0
12/7/2016,Pickles Reef,24.98609,-80.41514,Snapper Ledge,PI1-211-L,Lg,15,D,0.00,N/A,N/A,N/A,N/A,N/A
12/7/2016,Pickles Reef,24.98577,-80.41569,Snapper Ledge,PI3-233-S,Sm,15,D,0.00,N/A,N/A,N/A,N/A,N/A
12/7/2016,Pickles Reef,24.98609,-80.41514,Snapper Ledge,PI1-208-S,Sm,16,D,0.00,N/A,N/A,N/A,N/A,N/A
12/7/2016,Pickles Reef,24.98577,-80.41569,Snapper Ledge,PI3-233-L,Lg,15,D,0.00,N/A,N/A,N/A,N/A,N/A
12/7/2016,Pickles Reef,24.98577,-80.41569,Snapper Ledge,PI3-230-L,Lg,15,D,0.00,N/A,N/A,N/A,N/A,0
12/7/2016,Molasses Reef,25.01006,-80.37362,Snapper Ledge,ML1-107-L,Lg,16,D,0.00,N/A,N/A,N/A,N/A,N/A
12/7/2016,Pickles Reef,24.98609,-80.41514,Snapper Ledge,PI1-210-S,Sm,15,D,0.00,N/A,N/A,N/A,N/A,N/A
12/7/2016,Molasses Reef,25.00984,-80.37395,Snapper Ledge,ML3-136-S,Sm,17,D,0.00,N/A,N/A,N/A,N/A,N/A
12/7/2016,Molasses Reef,25.01000,-80.37381,Snapper Ledge,ML2-121-S,Sm,17,OK,1.00,0,25.00,19.00,N/A,1
12/7/2016,Pickles Reef,24.98588,-80.41554,Snapper Ledge,PI2-218-L,Lg,15,RM,0.80,1,33.50,30.50,N/A,4
12/7/2016,Molasses Reef,25.01000,-80.37381,Snapper Ledge,ML2-123-S,Sm,17,D,0.00,N/A,N/A,N/A,N/A,N/A
12/7/2016,Pickles Reef,24.98588,-80.41554,Snapper Ledge,PI2-218-S,Sm,14,OK,1.00,0,19.50,14.50,N/A,0
12/7/2016,Molasses Reef,25.00984,-80.37395,Snapper Ledge,ML3-139-L,Lg,17,D,0.00,N/A,N/A,N/A,N/A,N/A
12/7/2016,Molasses Reef,25.00984,-80.37395,Snapper Ledge,ML3-138-S,Sm,16,D,0.00,N/A,N/A,N/A,N/A,N/A
12/7/2016,Pickles Reef,24.98588,-80.41554,Snapper Ledge,PI2-224-S,Sm,14,G,N/A,N/A,N/A,N/A,N/A,N/A
12/7/2016,Molasses Reef,25.01000,-80.37381,Snapper Ledge,ML2-125-S,Sm,16,OK,1.00,0,12.00,7.00,N/A,0
12/7/2016,Molasses Reef,25.00984,-80.37395,Snapper Ledge,ML3-138-L,Lg,16,D,0.00,N/A,N/A,N/A,N/A,N/A
12/7/2016,Molasses Reef,25.01000,-80.37381,Snapper Ledge,ML2-126-L,Lg,16,D,0.00,N/A,N/A,N/A,N/A,N/A
12/7/2016,Molasses Reef,25.01000,-80.37381,Snapper Ledge,ML2-116-S,Sm,18,OK,1.00,0,14.00,12.50,N/A,0
12/7/2016,Molasses Reef,25.01000,-80.37381,Snapper Ledge,ML2-127-S,Sm,15,D,0.00,N/A,N/A,N/A,N/A,N/A
12/7/2016,Molasses Reef,25.01000,-80.37381,Snapper Ledge,ML2-119-S,Sm,17,D,0.00,N/A,N/A,N/A,N/A,N/A
12/7/2016,Pickles Reef,24.98588,-80.41554,Snapper Ledge,PI2-223-L,Lg,13,D,0.00,N/A,N/A,N/A,N/A,N/A
12/7/2016,Pickles Reef,24.98577,-80.41569,Snapper Ledge,PI3-238-S,Sm,13,D,0.00,N/A,N/A,N/A,N/A,N/A
12/7/2016,Molasses Reef,25.01000,-80.37381,Snapper Ledge,ML2-128-S,Sm,14,D,0.00,N/A,N/A,N/A,N/A,N/A
12/7/2016,Molasses Reef,25.00984,-80.37395,Snapper Ledge,ML3-136-L,Lg,17,D,0.00,N/A,N/A,N/A,N/A,N/A
12/7/2016,Molasses Reef,25.00984,-80.37395,Snapper Ledge,ML3-135-S,Sm,18,D,0.00,N/A,N/A,N/A,N/A,N/A
12/7/2016,Molasses Reef,25.00984,-80.37395,Snapper Ledge,ML3-135-L,Lg,18,D,0.00,N/A,N/A,N/A,N/A,N/A
12/7/2016,Pickles Reef,24.98577,-80.41569,Snapper Ledge,PI3-238-L,Lg,14,D,0.00,N/A,N/A,N/A,N/A,N/A
12/7/2016,Molasses Reef,25.00984,-80.37395,Snapper Ledge,ML3-134-S,Sm,18,D,0.00,N/A,N/A,N/A,N/A,N/A
12/7/2016,Pickles Reef,24.98588,-80.41554,Snapper Ledge,PI2-221-L,Lg,15,D,0.00,N/A,N/A,N/A,N/A,N/A
12/7/2016,Molasses Reef,25.00984,-80.37395,Snapper Ledge,ML3-134-L,Lg,18,D,0.00,N/A,N/A,N/A,N/A,N/A
12/7/2016,Pickles Reef,24.98577,-80.41569,Snapper Ledge,PI3-237-S,Sm,13,OK,1.00,0,34.50,24.50,N/A,0
12/7/2016,Molasses Reef,25.01006,-80.37362,Snapper Ledge,ML1-114-S,Sm,14,RM,0.80,0,22.50,18.00,N/A,0
12/7/2016,Molasses Reef,25.01006,-80.37362,Snapper Ledge,ML1-109-S,Sm,17,D,0.00,N/A,N/A,N/A,N/A,N/A
12/7/2016,Molasses Reef,25.01006,-80.37362,Snapper Ledge,ML1-110-L,Lg,16,OK,1.00,0,17.00,13.50,N/A,0
12/7/2016,Molasses Reef,25.01006,-80.37362,Snapper Ledge,ML1-110-S,Sm,16,D,0.00,N/A,N/A,N/A,N/A,N/A
12/7/2016,Pickles Reef,24.98577,-80.41569,Snapper Ledge,PI3-239-S,Sm,14,D,0.00,N/A,N/A,N/A,N/A,N/A
12/7/2016,Molasses Reef,25.01006,-80.37362,Snapper Ledge,ML1-111-S,Sm,17,OK,1.00,0,17.00,16.00,N/A,0
12/7/2016,Pickles Reef,24.98577,-80.41569,Snapper Ledge,PI3-164-L,Lg,13,D,0.00,N/A,N/A,N/A,N/A,N/A
12/7/2016,Molasses Reef,25.01006,-80.37362,Snapper Ledge,ML1-112-L,Lg,15,D,0.00,N/A,N/A,N/A,N/A,N/A
12/7/2016,Molasses Reef,25.01006,-80.37362,Snapper Ledge,ML1-113-L,Lg,16,D,0.00,N/A,N/A,N/A,N/A,N/A
12/7/2016,Pickles Reef,24.98577,-80.41569,Snapper Ledge,PI3-236-L,Lg,14,OK,0.80,0,27.00,25.50,N/A,0
12/7/2016,Molasses Reef,25.01006,-80.37362,Snapper Ledge,ML1-113-S,Sm,16,OK,0.15,0,16.50,7.50,N/A,0
12/7/2016,Molasses Reef,25.01000,-80.37381,Snapper Ledge,ML2-121-L,Lg,16,OK,1.00,0,18.00,10.00,N/A,0
12/7/2016,Pickles Reef,24.98588,-80.41554,Snapper Ledge,PI2-216-L,Lg,16,D,0.00,N/A,N/A,N/A,N/A,N/A
12/7/2016,Pickles Reef,24.98577,-80.41569,Snapper Ledge,PI3-239-L,Lg,14,D,0.00,N/A,N/A,N/A,N/A,N/A
12/7/2016,Pickles Reef,24.98577,-80.41569,Snapper Ledge,PI3-163-L,Lg,13,D,0.00,N/A,N/A,N/A,N/A,N/A
12/7/2016,Molasses Reef,25.01000,-80.37381,Snapper Ledge,ML2-116-L,Lg,17,OK,1.00,0,16.00,6.50,N/A,0
12/7/2016,Molasses Reef,25.01000,-80.37381,Snapper Ledge,ML2-124-L,Lg,16,RM,0.99,0,15.00,9.00,N/A,0
12/7/2016,Pickles Reef,24.98588,-80.41554,Snapper Ledge,PI2-216-S,Sm,16,D,0.00,N/A,N/A,N/A,N/A,N/A
12/7/2016,Molasses Reef,25.01000,-80.37381,Snapper Ledge,ML2-117-S,Sm,17,D,0.00,N/A,N/A,N/A,N/A,N/A
12/7/2016,Pickles Reef,24.98609,-80.41514,Snapper Ledge,PI1-202-S,Sm,17,D,0.00,N/A,N/A,N/A,N/A,N/A
12/7/2016,Pickles Reef,24.98588,-80.41554,Snapper Ledge,PI2-227-S,Sm,13,D,0.00,N/A,N/A,N/A,N/A,N/A
12/7/2016,Pickles Reef,24.98577,-80.41569,Snapper Ledge,PI3-236-S,Sm,13,RM,0.25,0,20.00,13.00,N/A,2
12/7/2016,Molasses Reef,25.01000,-80.37381,Snapper Ledge,ML2-118-S,Sm,16,OK,1.00,0,41.00,30.50,N/A,0
12/7/2016,Pickles Reef,24.98588,-80.41554,Snapper Ledge,PI2-227-L,Lg,13,D,0.00,N/A,N/A,N/A,N/A,N/A
12/7/2016,Pickles Reef,24.98609,-80.41514,Snapper Ledge,PI1-207-L,Lg,15,RM,0.35,0,11.50,7.00,N/A,0
12/7/2016,Molasses Reef,25.01006,-80.37362,Snapper Ledge,ML1-114-L,Lg,14,OK,1.00,0,0.50,0.50,N/A,0
