log_size,acute_recent,acute_delayed,context_recent,context_delayed,catastrophic_recent,catastrophic_delayed,log_interval,pred_survival
4.605170185988092,0,0,0,0,0,0,0.016304709024940075,0.9063940236695877
4.605170185988092,0,0,0,0,0,1,0.016304709024940075,3.8134498646060024e-7
4.605170185988092,0,0,0,0,1,0,0.016304709024940075,0.5153062470674171
4.605170185988092,0,0,0,0,1,1,0.016304709024940075,4.186997656319832e-8
4.605170185988092,0,0,0,1,0,0,0.016304709024940075,0.9046974012438647
4.605170185988092,0,0,0,1,0,1,0.016304709024940075,3.738549952993184e-7
4.605170185988092,0,0,0,1,1,0,0.016304709024940075,0.5103504421692928
4.605170185988092,0,0,0,1,1,1,0.016304709024940075,4.1047608707618245e-8
4.605170185988092,0,0,0,2,0,0,0.016304709024940075,0.9029733191380982
4.605170185988092,0,0,0,2,0,1,0.016304709024940075,3.6651211488821427e-7
4.605170185988092,0,0,0,2,1,0,0.016304709024940075,0.5053926019086752
4.605170185988092,0,0,0,2,1,1,0.016304709024940075,4.024139297148495e-8
4.605170185988092,0,0,0,3,0,0,0.016304709024940075,0.9012214527541551
4.605170185988092,0,0,0,3,0,1,0.016304709024940075,3.5931345583040563e-7
4.605170185988092,0,0,0,3,1,0,0.016304709024940075,0.5004337008887818
4.605170185988092,0,0,0,3,1,1,0.016304709024940075,3.945101211119475e-8
4.605170185988092,0,0,1,0,0,0,0.016304709024940075,0.9090647134581907
4.605170185988092,0,0,1,0,0,1,0.016304709024940075,3.937013831677039e-7
4.605170185988092,0,0,1,0,1,0,0.016304709024940075,0.5232662869785052
4.605170185988092,0,0,1,0,1,1,0.016304709024940075,4.322665421787576e-8
4.605170185988092,0,0,1,1,0,0,0.016304709024940075,0.9074115529316279
4.605170185988092,0,0,1,1,0,1,0.016304709024940075,3.8596870029763865e-7
4.605170185988092,0,0,1,1,1,0,0.016304709024940075,0.518315792400103
4.605170185988092,0,0,1,1,1,1,0.016304709024940075,4.237763986908307e-8
4.605170185988092,0,0,1,2,0,0,0.016304709024940075,0.905731455245933
4.605170185988092,0,0,1,2,0,1,0.016304709024940075,3.783878948765726e-7
4.605170185988092,0,0,1,2,1,0,0.016304709024940075,0.5133616994037654
4.605170185988092,0,0,1,2,1,1,0.016304709024940075,4.154530100321987e-8
4.605170185988092,0,0,1,3,0,0,0.016304709024940075,0.9040240952882558
4.605170185988092,0,0,1,3,0,1,0.016304709024940075,3.7095598388521017e-7
4.605170185988092,0,0,1,3,1,0,0.016304709024940075,0.5084049796470164
4.605170185988092,0,0,1,3,1,1,0.016304709024940075,4.07293100973078e-8
4.605170185988092,0,0,2,0,0,0,0.016304709024940075,0.9116666312258839
4.605170185988092,0,0,2,0,0,1,0.016304709024940075,4.0645815350746593e-7
4.605170185988092,0,0,2,0,1,0,0.016304709024940075,0.5312145251894392
4.605170185988092,0,0,2,0,1,1,0.016304709024940075,4.462729115621295e-8
4.605170185988092,0,0,2,1,0,0,0.016304709024940075,0.9100560922563211
4.605170185988092,0,0,2,1,0,1,0.016304709024940075,3.9847491520530383e-7
4.605170185988092,0,0,2,1,1,0,0.016304709024940075,0.5262718443781743
4.605170185988092,0,0,2,1,1,1,0.016304709024940075,4.3750766910399843e-8
4.605170185988092,0,0,2,2,0,0,0.016304709024940075,0.908419138877699
4.605170185988092,0,0,2,2,0,1,0.016304709024940075,3.906484755018223e-7
4.605170185988092,0,0,2,2,1,0,0.016304709024940075,0.5213240093938354
4.605170185988092,0,0,2,2,1,1,0.016304709024940075,4.2891458469100826e-8
4.605170185988092,0,0,2,3,0,0,0.016304709024940075,0.9067554459196837
4.605170185988092,0,0,2,3,0,1,0.016304709024940075,3.8297575472175694e-7
4.605170185988092,0,0,2,3,1,0,0.016304709024940075,0.5163719869820239
4.605170185988092,0,0,2,3,1,1,0.016304709024940075,4.2049027696889456e-8
4.605170185988092,0,0,3,0,0,0,0.016304709024940075,0.9142011272484618
4.605170185988092,0,0,3,0,0,1,0.016304709024940075,4.196282704296135e-7
4.605170185988092,0,0,3,0,1,0,0.016304709024940075,0.5391469574764001
4.605170185988092,0,0,3,0,1,1,0.016304709024940075,4.60733117537332e-8
4.605170185988092,0,0,3,1,0,0,0.016304709024940075,0.9126323700430136
4.605170185988092,0,0,3,1,0,1,0.016304709024940075,4.113863581712365e-7
4.605170185988092,0,0,3,1,1,0,0.016304709024940075,0.5342145780548812
4.605170185988092,0,0,3,1,1,1,0.016304709024940075,4.516838623095277e-8
4.605170185988092,0,0,3,2,0,0,0.016304709024940075,0.9110377207064958
4.605170185988092,0,0,3,2,0,1,0.016304709024940075,4.0330632511658655e-7
4.605170185988092,0,0,3,2,1,0,0.016304709024940075,0.5292754991394093
4.605170185988092,0,0,3,2,1,1,0.016304709024940075,4.428123434185213e-8
4.605170185988092,0,0,3,3,0,0,0.016304709024940075,0.9094168544424415
4.605170185988092,0,0,3,3,0,1,0.016304709024940075,3.953849918025916e-7
4.605170185988092,0,0,3,3,1,0,0.016304709024940075,0.5243306806185762
4.605170185988092,0,0,3,3,1,1,0.016304709024940075,4.341150699468967e-8
4.605170185988092,0,1,0,0,0,0,0.016304709024940075,0.930893238583134
4.605170185988092,0,1,0,0,0,1,0.016304709024940075,5.304981275903024e-7
4.605170185988092,0,1,0,0,1,0,0.016304709024940075,0.596609148639943
4.605170185988092,0,1,0,0,1,1,0.016304709024940075,5.824633312847733e-8
4.605170185988092,0,1,0,1,0,0,0.016304709024940075,0.9296061814474895
4.605170185988092,0,1,0,1,0,1,0.016304709024940075,5.200786233440361e-7
4.605170185988092,0,1,0,1,1,0,0.016304709024940075,0.5918261694388353
4.605170185988092,0,1,0,1,1,1,0.016304709024940075,5.71023174104616e-8
4.605170185988092,0,1,0,2,0,0,0.016304709024940075,0.9282970002649106
4.605170185988092,0,1,0,2,0,1,0.016304709024940075,5.098637682901735e-7
4.605170185988092,0,1,0,2,1,0,0.016304709024940075,0.5870257345801214
4.605170185988092,0,1,0,2,1,1,0.016304709024940075,5.598077129386978e-8
4.605170185988092,0,1,0,3,0,0,0.016304709024940075,0.92696538389837
4.605170185988092,0,1,0,3,0,1,0.016304709024940075,4.998495429236946e-7
4.605170185988092,0,1,0,3,1,0,0.016304709024940075,0.582208697809476
4.605170185988092,0,1,0,3,1,1,0.016304709024940075,5.4881253453531236e-8
4.605170185988092,0,1,1,0,0,0,0.016304709024940075,0.9329166698767992
4.605170185988092,0,1,1,0,0,1,0.016304709024940075,5.476874038105977e-7
4.605170185988092,0,1,1,0,1,0,0.016304709024940075,0.6042593789995998
4.605170185988092,0,1,1,0,1,1,0.016304709024940075,6.013364006706646e-8
4.605170185988092,0,1,1,1,0,0,0.016304709024940075,0.9316645311193033
4.605170185988092,0,1,1,1,0,1,0.016304709024940075,5.36930285478462e-7
4.605170185988092,0,1,1,1,1,0,0.016304709024940075,0.5995062171231459
4.605170185988092,0,1,1,1,1,1,0.016304709024940075,5.8952555772211634e-8
4.605170185988092,0,1,1,2,0,0,0.016304709024940075,0.9303907645326195
4.605170185988092,0,1,1,2,0,1,0.016304709024940075,5.263844474005289e-7
4.605170185988092,0,1,1,2,1,0,0.016304709024940075,0.5947342547050345
4.605170185988092,0,1,1,2,1,1,0.016304709024940075,5.779466914224726e-8
4.605170185988092,0,1,1,3,0,0,0.016304709024940075,0.9290950620268448
4.605170185988092,0,1,1,3,0,1,0.016304709024940075,5.160457398316803e-7
4.605170185988092,0,1,1,3,1,0,0.016304709024940075,0.5899443242591518
4.605170185988092,0,1,1,3,1,1,0.016304709024940075,5.665952455212047e-8
4.605170185988092,0,1,2,0,0,0,0.016304709024940075,0.9348849997019578
4.605170185988092,0,1,2,0,0,1,0.016304709024940075,5.654336491030551e-7
4.605170185988092,0,1,2,0,1,0,0.016304709024940075,0.6118589134868224
4.605170185988092,0,1,2,0,1,1,0.016304709024940075,6.208209982108642e-8
4.605170185988092,0,1,2,1,0,0,0.016304709024940075,0.9336669883567987
4.605170185988092,0,1,2,1,0,1,0.016304709024940075,5.543279772832666e-7
4.605170185988092,0,1,2,1,1,0,0.016304709024940075,0.6071376842275144
4.605170185988092,0,1,2,1,1,1,0.016304709024940075,6.086274584769536e-8
4.605170185988092,0,1,2,2,0,0,0.016304709024940075,0.9324278402132722
4.605170185988092,0,1,2,2,0,1,0.016304709024940075,5.434404316392704e-7
4.605170185988092,0,1,2,2,1,0,0.016304709024940075,0.6023963454918366
4.605170185988092,0,1,2,2,1,1,0.016304709024940075,5.966734119348017e-8
4.605170185988092,0,1,2,3,0,0,0.016304709024940075,0.9311672504486629
4.605170185988092,0,1,2,3,0,1,0.016304709024940075,5.327667279658302e-7
4.605170185988092,0,1,2,3,1,0,0.016304709024940075,0.5976357071730275
4.605170185988092,0,1,2,3,1,1,0.016304709024940075,5.8495415470158e-8
4.605170185988092,0,1,3,0,0,0,0.016304709024940075,0.9367994881923067
4.605170185988092,0,1,3,0,0,1,0.016304709024940075,5.837549104282847e-7
4.605170185988092,0,1,3,0,1,0,0.016304709024940075,0.6194044303265132
4.605170185988092,0,1,3,0,1,1,0.016304709024940075,6.40936938734038e-8
4.605170185988092,0,1,3,1,0,0,0.016304709024940075,0.9356148220636412
4.605170185988092,0,1,3,1,0,1,0.016304709024940075,5.722893912603926e-7
4.605170185988092,0,1,3,1,1,0,0.016304709024940075,0.6147171884149442
4.605170185988092,0,1,3,1,1,1,0.016304709024940075,6.283483020150887e-8
4.605170185988092,0,1,3,2,0,0,0.016304709024940075,0.9344095046512891
4.605170185988092,0,1,3,2,0,1,0.016304709024940075,5.610490660115328e-7
4.605170185988092,0,1,3,2,1,0,0.016304709024940075,0.6100085661579142
4.605170185988092,0,1,3,2,1,1,0.016304709024940075,6.160069185828552e-8
4.605170185988092,0,1,3,3,0,0,0.016304709024940075,0.933183234601004
4.605170185988092,0,1,3,3,0,1,0.016304709024940075,5.500295116595955e-7
4.605170185988092,0,1,3,3,1,0,0.016304709024940075,0.6052793495286855
4.605170185988092,0,1,3,3,1,1,0.016304709024940075,6.039079321386238e-8
4.605170185988092,0,2,0,0,0,0,0.016304709024940075,0.949338739707735
4.605170185988092,0,2,0,0,0,1,0.016304709024940075,7.379885850108238e-7
4.605170185988092,0,2,0,0,1,0,0.016304709024940075,0.6729302859157575
4.605170185988092,0,2,0,0,1,1,0.016304709024940075,8.102787676659556e-8
4.605170185988092,0,2,0,1,0,0,0.016304709024940075,0.9483761639884948
4.605170185988092,0,2,0,1,0,1,0.016304709024940075,7.234937673457953e-7
4.605170185988092,0,2,0,1,1,0,0.016304709024940075,0.6685494984730335
4.605170185988092,0,2,0,1,1,1,0.016304709024940075,7.943640898537686e-8
4.605170185988092,0,2,0,2,0,0,0.016304709024940075,0.9473963125253227
4.605170185988092,0,2,0,2,0,1,0.016304709024940075,7.092836418757265e-7
4.605170185988092,0,2,0,2,1,0,0.016304709024940075,0.6641393200852707
4.605170185988092,0,2,0,2,1,1,0.016304709024940075,7.78761992057554e-8
4.605170185988092,0,2,0,3,0,0,0.016304709024940075,0.9463989140382509
4.605170185988092,0,2,0,3,0,1,0.016304709024940075,6.953526169792603e-7
4.605170185988092,0,2,0,3,1,0,0.016304709024940075,0.6597003302834656
4.605170185988092,0,2,0,3,1,1,0.016304709024940075,7.63466334897528e-8
4.605170185988092,0,2,1,0,0,0,0.016304709024940075,0.950850605863391
4.605170185988092,0,2,1,0,0,1,0.016304709024940075,7.619009915925232e-7
4.605170185988092,0,2,1,0,1,0,0.016304709024940075,0.679909662183432
4.605170185988092,0,2,1,0,1,1,0.016304709024940075,8.365335483929594e-8
4.605170185988092,0,2,1,1,0,0,0.016304709024940075,0.9499152404499989
4.605170185988092,0,2,1,1,0,1,0.016304709024940075,7.469365112233814e-7
4.605170185988092,0,2,1,1,1,0,0.016304709024940075,0.6755772887010068
4.605170185988092,0,2,1,1,1,1,0.016304709024940075,8.201032007166354e-8
4.605170185988092,0,2,1,2,0,0,0.016304709024940075,0.9489630295047214
4.605170185988092,0,2,1,2,0,1,0.016304709024940075,7.322659476639154e-7
4.605170185988092,0,2,1,2,1,0,0.016304709024940075,0.6712146329169884
4.605170185988092,0,2,1,2,1,1,0.016304709024940075,8.039955613209075e-8
4.605170185988092,0,2,1,3,0,0,0.016304709024940075,0.9479937062671969
4.605170185988092,0,2,1,3,0,1,0.016304709024940075,7.178835281132262e-7
4.605170185988092,0,2,1,3,1,0,0.016304709024940075,0.6668222434457638
4.605170185988092,0,2,1,3,1,1,0.016304709024940075,7.882042918969386e-8
4.605170185988092,0,2,2,0,0,0,0.016304709024940075,0.9523196199781387
4.605170185988092,0,2,2,0,0,1,0.016304709024940075,7.865882106176254e-7
4.605170185988092,0,2,2,0,1,0,0.016304709024940075,0.6868094204638042
4.605170185988092,0,2,2,0,1,1,0.016304709024940075,8.636390406022308e-8
4.605170185988092,0,2,2,1,0,0,0.016304709024940075,0.9514107828508194
4.605170185988092,0,2,2,1,0,1,0.016304709024940075,7.711388495045767e-7
4.605170185988092,0,2,2,1,1,0,0.016304709024940075,0.6825268284728557
4.605170185988092,0,2,2,1,1,1,0.016304709024940075,8.466763142495407e-8
4.605170185988092,0,2,2,2,0,0,0.016304709024940075,0.9504855230558132
4.605170185988092,0,2,2,2,0,1,0.016304709024940075,7.559929287115544e-7
4.605170185988092,0,2,2,2,1,0,0.016304709024940075,0.6782131130025206
4.605170185988092,0,2,2,2,1,1,0.016304709024940075,8.300467526195049e-8
4.605170185988092,0,2,2,3,0,0,0.016304709024940075,0.949543578414771
4.605170185988092,0,2,2,3,0,1,0.016304709024940075,7.411444883875786e-7
4.605170185988092,0,2,2,3,1,0,0.016304709024940075,0.6738687913899584
4.605170185988092,0,2,2,3,1,1,0.016304709024940075,8.137438120285214e-8
4.605170185988092,0,2,3,0,0,0,0.016304709024940075,0.9537468629027521
4.605170185988092,0,2,3,0,0,1,0.016304709024940075,8.120753476044977e-7
4.605170185988092,0,2,3,0,1,0,0.016304709024940075,0.6936274682658061
4.605170185988092,0,2,3,0,1,1,0.016304709024940075,8.916228091744855e-8
4.605170185988092,0,2,3,1,0,0,0.016304709024940075,0.9528638839670709
4.605170185988092,0,2,3,1,0,1,0.016304709024940075,7.961253946134495e-7
4.605170185988092,0,2,3,1,1,0,0.016304709024940075,0.6893959440329506
4.605170185988092,0,2,3,1,1,1,0.016304709024940075,8.741104539319504e-8
4.605170185988092,0,2,3,2,0,0,0.016304709024940075,0.9519648977943143
4.605170185988092,0,2,3,2,0,1,0.016304709024940075,7.804887140331571e-7
4.605170185988092,0,2,3,2,1,0,0.016304709024940075,0.6851325057711893
4.605170185988092,0,2,3,2,1,1,0.016304709024940075,8.569420586652049e-8
4.605170185988092,0,2,3,3,0,0,0.016304709024940075,0.9510496468394084
4.605170185988092,0,2,3,3,0,1,0.016304709024940075,7.651591529018088e-7
4.605170185988092,0,2,3,3,1,0,0.016304709024940075,0.6808376392795814
4.605170185988092,0,2,3,3,1,1,0.016304709024940075,8.40110867661318e-8
4.605170185988092,1,0,0,0,0,0,0.016304709024940075,0.944352945762169
4.605170185988092,1,0,0,0,0,1,0.016304709024940075,6.68338717086175e-7
4.605170185988092,1,0,0,0,1,0,0.016304709024940075,0.6507494386919462
4.605170185988092,1,0,0,0,1,1,0.016304709024940075,7.338062532215538e-8
4.605170185988092,1,0,0,1,0,0,0.016304709024940075,0.9433012965676297
4.605170185988092,1,0,0,1,0,1,0.016304709024940075,6.552118900581136e-7
4.605170185988092,1,0,0,1,1,0,0.016304709024940075,0.6462277464825297
4.605170185988092,1,0,0,1,1,1,0.016304709024940075,7.193935712531199e-8
4.605170185988092,1,0,0,2,0,0,0.016304709024940075,0.9422309885122504
4.605170185988092,1,0,0,2,0,1,0.016304709024940075,6.423428866047382e-7
4.605170185988092,1,0,0,2,1,0,0.016304709024940075,0.6416797472447103
4.605170185988092,1,0,0,2,1,1,0.016304709024940075,7.052639686206319e-8
4.605170185988092,1,0,0,3,0,0,0.016304709024940075,0.9411417367966973
4.605170185988092,1,0,0,3,0,1,0.016304709024940075,6.297266428282033e-7
4.605170185988092,1,0,0,3,1,0,0.016304709024940075,0.6371061132103276
4.605170185988092,1,0,0,3,1,1,0.016304709024940075,6.91411885366582e-8
4.605170185988092,1,0,1,0,0,0,0.016304709024940075,0.9460051386289363
4.605170185988092,1,0,1,0,0,1,0.016304709024940075,6.899943207242789e-7
4.605170185988092,1,0,1,0,1,0,0.016304709024940075,0.6579615546193297
4.605170185988092,1,0,1,0,1,1,0.016304709024940075,7.575831596336957e-8
4.605170185988092,1,0,1,1,0,0,0.016304709024940075,0.9449828944160279
4.605170185988092,1,0,1,1,0,1,0.016304709024940075,6.764421567172482e-7
4.605170185988092,1,0,1,1,1,0,0.016304709024940075,0.6534835159064999
4.605170185988092,1,0,1,1,1,1,0.016304709024940075,7.427034756966177e-8
4.605170185988092,1,0,1,2,0,0,0.016304709024940075,0.9439424436462153
4.605170185988092,1,0,1,2,0,1,0.016304709024940075,6.631561703032222e-7
4.605170185988092,1,0,1,2,1,0,0.016304709024940075,0.6489781274484772
4.605170185988092,1,0,1,2,1,1,0.016304709024940075,7.281160434749177e-8
4.605170185988092,1,0,1,3,0,0,0.016304709024940075,0.9428835057671836
4.605170185988092,1,0,1,3,0,1,0.016304709024940075,6.501311335040025e-7
4.605170185988092,1,0,1,3,1,0,0.016304709024940075,0.6444460323336125
4.605170185988092,1,0,1,3,1,1,0.016304709024940075,7.138151228565673e-8
4.605170185988092,1,0,2,0,0,0,0.016304709024940075,0.9476109982988594
4.605170185988092,1,0,2,0,0,1,0.016304709024940075,7.123516117296923e-7
4.605170185988092,1,0,2,0,1,0,0.016304709024940075,0.6651013841635242
4.605170185988092,1,0,2,0,1,1,0.016304709024940075,7.821304890721266e-8
4.605170185988092,1,0,2,1,0,0,0.016304709024940075,0.946617441023925
4.605170185988092,1,0,2,1,0,1,0.016304709024940075,6.983603289447792e-7
4.605170185988092,1,0,2,1,1,0,0.016304709024940075,0.6606686130160706
4.605170185988092,1,0,2,1,1,1,0.016304709024940075,7.667686712981334e-8
4.605170185988092,1,0,2,2,0,0,0.016304709024940075,0.9456061225353305
4.605170185988092,1,0,2,2,0,1,0.016304709024940075,6.84643848457946e-7
4.605170185988092,1,0,2,2,1,0,0.016304709024940075,0.6562074971502245
4.605170185988092,1,0,2,2,1,1,0.016304709024940075,7.517085748236896e-8
4.605170185988092,1,0,2,3,0,0,0.016304709024940075,0.9445767666292
4.605170185988092,1,0,2,3,0,1,0.016304709024940075,6.711967728941412e-7
4.605170185988092,1,0,2,3,1,0,0.016304709024940075,0.6517186498319144
4.605170185988092,1,0,2,3,1,1,0.016304709024940075,7.369442735448468e-8
4.605170185988092,1,0,3,0,0,0,0.016304709024940075,0.9491716642502893
4.605170185988092,1,0,3,0,0,1,0.016304709024940075,7.35433326224519e-7
4.605170185988092,1,0,3,0,1,0,0.016304709024940075,0.6721664342017963
4.605170185988092,1,0,3,0,1,1,0.016304709024940075,8.074732048998143e-8
4.605170185988092,1,0,3,1,0,0,0.016304709024940075,0.9482060872510324
4.605170185988092,1,0,3,1,0,1,0.016304709024940075,7.209886963052669e-7
4.605170185988092,1,0,3,1,1,0,0.016304709024940075,0.6677804666766153
4.605170185988092,1,0,3,1,1,1,0.016304709024940075,7.916136311157099e-8
4.605170185988092,1,0,3,2,0,0,0.016304709024940075,0.947223187275014
4.605170185988092,1,0,3,2,0,1,0.016304709024940075,7.068277728466634e-7
4.605170185988092,1,0,3,2,1,0,0.016304709024940075,0.6633652081603133
4.605170185988092,1,0,3,2,1,1,0.016304709024940075,7.760655550501296e-8
4.605170185988092,1,0,3,3,0,0,0.016304709024940075,0.946222692554928
4.605170185988092,1,0,3,3,0,1,0.016304709024940075,6.92944983588042e-7
4.605170185988092,1,0,3,3,1,0,0.016304709024940075,0.6589212415206427
4.605170185988092,1,0,3,3,1,1,0.016304709024940075,7.608228585806609e-8
4.605170185988092,1,1,0,0,0,0,0.016304709024940075,0.9593627049546655
4.605170185988092,1,1,0,0,0,1,0.016304709024940075,9.297418631420543e-7
4.605170185988092,1,1,0,0,1,0,0.016304709024940075,0.721607065706903
4.605170185988092,1,1,0,0,1,1,0.016304709024940075,1.0208155451345276e-7
4.605170185988092,1,1,0,1,0,0,0.016304709024940075,0.9585822776231431
4.605170185988092,1,1,0,1,0,1,0.016304709024940075,9.114808269660105e-7
4.605170185988092,1,1,0,1,1,0,0.016304709024940075,0.7176046542021649
4.605170185988092,1,1,0,1,1,1,0.016304709024940075,1.0007657168291824e-7
4.605170185988092,1,1,0,2,0,0,0.016304709024940075,0.9577875218883766
4.605170185988092,1,1,0,2,0,1,0.016304709024940075,8.935784550143762e-7
4.605170185988092,1,1,0,2,1,0,0.016304709024940075,0.7135675412143089
4.605170185988092,1,1,0,2,1,1,0.016304709024940075,9.811096869701347e-8
4.605170185988092,1,1,0,3,0,0,0.016304709024940075,0.9569782002051236
4.605170185988092,1,1,0,3,0,1,0.016304709024940075,8.760277027910457e-7
4.605170185988092,1,1,0,3,1,0,0.016304709024940075,0.7094960780206765
4.605170185988092,1,1,0,3,1,1,0.016304709024940075,9.618397209681561e-8
4.605170185988092,1,1,1,0,0,0,0.016304709024940075,0.9605878484221295
4.605170185988092,1,1,1,0,0,1,0.016304709024940075,9.598674795780972e-7
4.605170185988092,1,1,1,0,1,0,0.016304709024940075,0.7279676255389183
4.605170185988092,1,1,1,0,1,1,0.016304709024940075,1.0538921710899096e-7
4.605170185988092,1,1,1,1,0,0,0.016304709024940075,0.9598299644351104
4.605170185988092,1,1,1,1,0,1,0.016304709024940075,9.410147474962345e-7
4.605170185988092,1,1,1,1,1,0,0.016304709024940075,0.7240216857909382
4.605170185988092,1,1,1,1,1,1,0.016304709024940075,1.0331926851593774e-7
4.605170185988092,1,1,1,2,0,0,0.016304709024940075,0.9590581277272743
4.605170185988092,1,1,1,2,0,1,0.016304709024940075,9.225323010909091e-7
4.605170185988092,1,1,1,2,1,0,0.016304709024940075,0.72004052078743
4.605170185988092,1,1,1,2,1,1,0.016304709024940075,1.0128997575904488e-7
4.605170185988092,1,1,1,3,0,0,0.016304709024940075,0.9582721054979743
4.605170185988092,1,1,1,3,0,1,0.016304709024940075,9.04412867610815e-7
4.605170185988092,1,1,1,3,1,0,0.016304709024940075,0.7160244504308128
4.605170185988092,1,1,1,3,1,1,0.016304709024940075,9.930054031766927e-8
4.605170185988092,1,1,2,0,0,0,0.016304709024940075,0.9617775275378934
4.605170185988092,1,1,2,0,0,1,0.016304709024940075,9.909692291778392e-7
4.605170185988092,1,1,2,0,1,0,0.016304709024940075,0.7342363843697036
4.605170185988092,1,1,2,0,1,1,0.016304709024940075,1.0880405509686797e-7
4.605170185988092,1,1,2,1,0,0,0.016304709024940075,0.9610415929014894
4.605170185988092,1,1,2,1,0,1,0.016304709024940075,9.715056290383447e-7
4.605170185988092,1,1,2,1,1,0,0.016304709024940075,0.7303476930709776
4.605170185988092,1,1,2,1,1,1,0.016304709024940075,1.0666703571110492e-7
4.605170185988092,1,1,2,2,0,0,0.016304709024940075,0.9602920736045879
4.605170185988092,1,1,2,2,0,1,0.016304709024940075,9.524243125847881e-7
4.605170185988092,1,1,2,2,1,0,0.016304709024940075,0.7264233027994742
4.605170185988092,1,1,2,2,1,1,0.016304709024940075,1.0457198949788159e-7
4.605170185988092,1,1,2,3,0,0,0.016304709024940075,0.9595287415867624
4.605170185988092,1,1,2,3,0,1,0.016304709024940075,9.337177714148266e-7
4.605170185988092,1,1,2,3,1,0,0.016304709024940075,0.7224635023805448
4.605170185988092,1,1,2,3,1,1,0.016304709024940075,1.0251809206278138e-7
4.605170185988092,1,1,3,0,0,0,0.016304709024940075,0.9629326812315508
4.605170185988092,1,1,3,0,0,1,0.016304709024940075,1.0230787406396102e-6
4.605170185988092,1,1,3,0,1,0,0.016304709024940075,0.740412197641287
4.605170185988092,1,1,3,0,1,1,0.016304709024940075,1.1232954118986812e-7
4.605170185988092,1,1,3,1,0,0,0.016304709024940075,0.9622181141848274
4.605170185988092,1,1,3,1,0,1,0.016304709024940075,1.0029844790763978e-6
4.605170185988092,1,1,3,1,1,0,0.016304709024940075,0.7365814517614087
4.605170185988092,1,1,3,1,1,1,0.016304709024940075,1.1012327777373728e-7
4.605170185988092,1,1,3,2,0,0,0.016304709024940075,0.9614903229318768
4.605170185988092,1,1,3,2,0,1,0.016304709024940075,9.832848879668865e-7
4.605170185988092,1,1,3,2,1,0,0.016304709024940075,0.7327145826686227
4.605170185988092,1,1,3,2,1,1,0.016304709024940075,1.0796034755103219e-7
4.605170185988092,1,1,3,3,0,0,0.016304709024940075,0.9607490841412266
4.605170185988092,1,1,3,3,0,1,0.016304709024940075,9.639722156222066e-7
4.605170185988092,1,1,3,3,1,0,0.016304709024940075,0.7288118484848962
4.605170185988092,1,1,3,3,1,1,0.016304709024940075,1.0583989941520068e-7
4.605170185988092,1,2,0,0,0,0,0.016304709024940075,0.9704505440301983
4.605170185988092,1,2,0,0,0,1,0.016304709024940075,1.2933858560048263e-6
4.605170185988092,1,2,0,0,1,0,0.016304709024940075,0.7828851191264657
4.605170185988092,1,2,0,0,1,1,0.016304709024940075,1.4200810648800212e-7
4.605170185988092,1,2,0,1,0,0,0.016304709024940075,0.9698763692002127
4.605170185988092,1,2,0,1,0,1,0.016304709024940075,1.2679825065136002e-6
4.605170185988092,1,2,0,1,1,0,0.016304709024940075,0.7794944850652757
4.605170185988092,1,2,0,1,1,1,0.016304709024940075,1.392189267432628e-7
4.605170185988092,1,2,0,2,0,0,0.016304709024940075,0.969291390633048
4.605170185988092,1,2,0,2,0,1,0.016304709024940075,1.2430781027624872e-6
4.605170185988092,1,2,0,2,1,0,0.016304709024940075,0.7760660461054479
4.605170185988092,1,2,0,2,1,1,0.016304709024940075,1.3648452924144664e-7
4.605170185988092,1,2,0,3,0,0,0.016304709024940075,0.9686954188764806
4.605170185988092,1,2,0,3,0,1,0.016304709024940075,1.218662845010756e-6
4.605170185988092,1,2,0,3,1,0,0.016304709024940075,0.7725998522187586
4.605170185988092,1,2,0,3,1,1,0.016304709024940075,1.3380383800552694e-7
4.605170185988092,1,2,1,0,0,0,0.016304709024940075,0.9713513907966475
4.605170185988092,1,2,1,0,0,1,0.016304709024940075,1.3352942965282654e-6
4.605170185988092,1,2,1,0,1,0,0.016304709024940075,0.7882564535633532
4.605170185988092,1,2,1,0,1,1,0.016304709024940075,1.4660947531482474e-7
4.605170185988092,1,2,1,1,0,0,0.016304709024940075,0.9707941935057164
4.605170185988092,1,2,1,1,0,1,0.016304709024940075,1.3090678257985847e-6
4.605170185988092,1,2,1,1,1,0,0.016304709024940075,0.7849266581960289
4.605170185988092,1,2,1,1,1,1,0.016304709024940075,1.4372992014573366e-7
4.605170185988092,1,2,1,2,0,0,0.016304709024940075,0.970226491256525
4.605170185988092,1,2,1,2,0,1,0.016304709024940075,1.2833564676444561e-6
4.605170185988092,1,2,1,2,1,0,0.016304709024940075,0.781559010587134
4.605170185988092,1,2,1,2,1,1,0.016304709024940075,1.409069222815898e-7
4.605170185988092,1,2,1,3,0,0,0.016304709024940075,0.9696480990245016
4.605170185988092,1,2,1,3,0,1,0.016304709024940075,1.2581501047956669e-6
4.605170185988092,1,2,1,3,1,0,0.016304709024940075,0.778153535458192
4.605170185988092,1,2,1,3,1,1,0.016304709024940075,1.3813937088142459e-7
4.605170185988092,1,2,2,0,0,0,0.016304709024940075,0.9722255602891219
4.605170185988092,1,2,2,0,0,1,0.016304709024940075,1.378560657395243e-6
4.605170185988092,1,2,2,0,1,0,0.016304709024940075,0.7935299489824846
4.605170185988092,1,2,2,0,1,1,0.016304709024940075,1.5135993838985159e-7
4.605170185988092,1,2,2,1,0,0,0.016304709024940075,0.9716848694270547
4.605170185988092,1,2,2,1,0,1,0.016304709024940075,1.3514843946637232e-6
4.605170185988092,1,2,2,1,1,0,0.016304709024940075,0.7902610168286348
4.605170185988092,1,2,2,1,1,1,0.016304709024940075,1.4838707943910494e-7
4.605170185988092,1,2,2,2,0,0,0.016304709024940075,0.9711339653386296
4.605170185988092,1,2,2,2,0,1,0.016304709024940075,1.3249399351780166e-6
4.605170185988092,1,2,2,2,1,0,0.016304709024940075,0.786954224570136
4.605170185988092,1,2,2,2,1,1,0.016304709024940075,1.454726103711065e-7
4.605170185988092,1,2,2,3,0,0,0.016304709024940075,0.9705726673725162
4.605170185988092,1,2,2,3,0,1,0.016304709024940075,1.2989168338500127e-6
4.605170185988092,1,2,2,3,1,0,0.016304709024940075,0.7836095725325741
4.605170185988092,1,2,2,3,1,1,0.016304709024940075,1.426153843512834e-7
4.605170185988092,1,2,3,0,0,0,0.016304709024940075,0.9730737952180969
4.605170185988092,1,2,3,0,0,1,0.016304709024940075,1.4232289379164007e-6
4.605170185988092,1,2,3,0,1,0,0.016304709024940075,0.798705646510847
4.605170185988092,1,2,3,0,1,1,0.016304709024940075,1.562643266859621e-7
4.605170185988092,1,2,3,1,0,0,0.016304709024940075,0.9725491508848486
4.605170185988092,1,2,3,1,0,1,0.016304709024940075,1.3952753482387264e-6
4.605170185988092,1,2,3,1,1,0,0.016304709024940075,0.7954975404568991
4.605170185988092,1,2,3,1,1,1,0.016304709024940075,1.531951407112649e-7
4.605170185988092,1,2,3,2,0,0,0.016304709024940075,0.9720145781011781
4.605170185988092,1,2,3,2,0,1,0.016304709024940075,1.367870793284975e-6
4.605170185988092,1,2,3,2,1,0,0.016304709024940075,0.7922516045065443
4.605170185988092,1,2,3,2,1,1,0.016304709024940075,1.5018623657652636e-7
4.605170185988092,1,2,3,3,0,0,0.016304709024940075,0.9714699005318578
4.605170185988092,1,2,3,3,0,1,0.016304709024940075,1.3410044895273422e-6
4.605170185988092,1,2,3,3,1,0,0.016304709024940075,0.7889678154704355
4.605170185988092,1,2,3,3,1,1,0.016304709024940075,1.4723643028730048e-7
4.605170185988092,2,0,0,0,0,0,0.016304709024940075,0.9674712623900042
4.605170185988092,2,0,0,0,0,1,0.016304709024940075,1.1713187799477352e-6
4.605170185988092,2,0,0,0,1,0,0.016304709024940075,0.7655632534265889
4.605170185988092,2,0,0,0,1,1,0.016304709024940075,1.2860566178840857e-7
4.605170185988092,2,0,0,1,0,0,0.016304709024940075,0.9668411752296586
4.605170185988092,2,0,0,1,0,1,0.016304709024940075,1.1483129431703143e-6
4.605170185988092,2,0,0,1,1,0,0.016304709024940075,0.761984349664751
4.605170185988092,2,0,0,1,1,1,0.016304709024940075,1.2607971928763718e-7
4.605170185988092,2,0,0,2,0,0,0.016304709024940075,0.9661993095785052
4.605170185988092,2,0,0,2,0,1,0.016304709024940075,1.1257589628294677e-6
4.605170185988092,2,0,0,2,1,0,0.016304709024940075,0.7583680548558972
4.605170185988092,2,0,0,2,1,1,0.016304709024940075,1.2360338879181053e-7
4.605170185988092,2,0,0,3,0,0,0.016304709024940075,0.96554546190724
4.605170185988092,2,0,0,3,0,1,0.016304709024940075,1.1036479640563502e-6
4.605170185988092,2,0,0,3,1,0,0.016304709024940075,0.754714502557614
4.605170185988092,2,0,0,3,1,1,0.016304709024940075,1.2117569587240087e-7
4.605170185988092,2,0,1,0,0,0,0.016304709024940075,0.9684599838443716
4.605170185988092,2,0,1,0,0,1,0.016304709024940075,1.2092719935086642e-6
4.605170185988092,2,0,1,0,1,0,0.016304709024940075,0.7712379039381291
4.605170185988092,2,0,1,0,1,1,0.016304709024940075,1.327727625682791e-7
4.605170185988092,2,0,1,1,0,0,0.016304709024940075,0.9678484119252535
4.605170185988092,2,0,1,1,0,1,0.016304709024940075,1.1855207196937981e-6
4.605170185988092,2,0,1,1,1,0,0.016304709024940075,0.7677193449672148
4.605170185988092,2,0,1,1,1,1,0.016304709024940075,1.3016497409394502e-7
4.605170185988092,2,0,1,2,0,0,0.016304709024940075,0.9672253827316507
4.605170185988092,2,0,1,2,0,1,0.016304709024940075,1.162235943370987e-6
4.605170185988092,2,0,1,2,1,0,0.016304709024940075,0.7641632164014924
4.605170185988092,2,0,1,2,1,1,0.016304709024940075,1.2760840515988004e-7
4.605170185988092,2,0,1,3,0,0,0.016304709024940075,0.966590697310147
4.605170185988092,2,0,1,3,0,1,0.016304709024940075,1.1394085021091584e-6
4.605170185988092,2,0,1,3,1,0,0.016304709024940075,0.7605696241136182
4.605170185988092,2,0,1,3,1,1,0.016304709024940075,1.25102049764e-7
4.605170185988092,2,0,2,0,0,0,0.016304709024940075,0.9694196027089621
4.605170185988092,2,0,2,0,0,1,0.016304709024940075,1.2484549701758706e-6
4.605170185988092,2,0,2,0,1,0,0.016304709024940075,0.7768152407609797
4.605170185988092,2,0,2,0,1,1,0.016304709024940075,1.3707488638125626e-7
4.605170185988092,2,0,2,1,0,0,0.016304709024940075,0.9688260391787812
4.605170185988092,2,0,2,1,0,1,0.016304709024940075,1.2239341056703639e-6
4.605170185988092,2,0,2,1,1,0,0.016304709024940075,0.7733572567383624
4.605170185988092,2,0,2,1,1,1,0.016304709024940075,1.3438259994837998e-7
4.605170185988092,2,0,2,2,0,0,0.016304709024940075,0.9682213322912789
4.605170185988092,2,0,2,2,0,1,0.016304709024940075,1.199894854109658e-6
4.605170185988092,2,0,2,2,1,0,0.016304709024940075,0.7698615681152692
4.605170185988092,2,0,2,2,1,1,0.016304709024940075,1.31743192678661e-7
4.605170185988092,2,0,2,3,0,0,0.016304709024940075,0.9676052876250685
4.605170185988092,2,0,2,3,0,1,0.016304709024940075,1.1763277561829862e-6
4.605170185988092,2,0,2,3,1,0,0.016304709024940075,0.7663282538208673
4.605170185988092,2,0,2,3,1,1,0.016304709024940075,1.2915562597340768e-7
4.605170185988092,2,0,3,0,0,0,0.016304709024940075,0.9703509185986555
4.605170185988092,2,0,3,0,0,1,0.016304709024940075,1.2889075567322269e-6
4.605170185988092,2,0,3,0,1,0,0.016304709024940075,0.7822949832190221
4.605170185988092,2,0,3,0,1,1,0.016304709024940075,1.415164082629707e-7
4.605170185988092,2,0,3,1,0,0,0.016304709024940075,0.9697748682410949
4.605170185988092,2,0,3,1,0,1,0.016304709024940075,1.263592165260078e-6
4.605170185988092,2,0,3,1,1,0,0.016304709024940075,0.7788977359250011
4.605170185988092,2,0,3,1,1,1,0.016304709024940075,1.3873688595662298e-7
4.605170185988092,2,0,3,2,0,0,0.016304709024940075,0.9691879812196509
4.605170185988092,2,0,3,2,0,1,0.016304709024940075,1.2387739919539237e-6
4.605170185988092,2,0,3,2,1,0,0.016304709024940075,0.7754626913207425
4.605170185988092,2,0,3,2,1,1,0.016304709024940075,1.3601195621162924e-7
4.605170185988092,2,0,3,3,0,0,0.016304709024940075,0.9685900675973503
4.605170185988092,2,0,3,3,0,1,0.016304709024940075,1.2144432710039657e-6
4.605170185988092,2,0,3,3,1,0,0.016304709024940075,0.7719899021747141
4.605170185988092,2,0,3,3,1,1,0.016304709024940075,1.3334054677649302e-7
4.605170185988092,2,1,0,0,0,0,0.016304709024940075,0.9764011129120277
4.605170185988092,2,1,0,0,0,1,0.016304709024940075,1.629449054378863e-6
4.605170185988092,2,1,0,0,1,0,0.016304709024940075,0.8195849707141537
4.605170185988092,2,1,0,0,1,1,0.016304709024940075,1.7890642841196815e-7
4.605170185988092,2,1,0,1,0,0,0.016304709024940075,0.9759396967646061
4.605170185988092,2,1,0,1,0,1,0.016304709024940075,1.5974451090931306e-6
4.605170185988092,2,1,0,1,1,0,0.016304709024940075,0.8166332310940919
4.605170185988092,2,1,0,1,1,1,0.016304709024940075,1.7539252923662974e-7
4.605170185988092,2,1,0,2,0,0,0.016304709024940075,0.9754694854580486
4.605170185988092,2,1,0,2,0,1,0.016304709024940075,1.5660697510633458e-6
4.605170185988092,2,1,0,2,1,0,0.016304709024940075,0.8136441793227714
4.605170185988092,2,1,0,2,1,1,0.016304709024940075,1.7194764650413698e-7
4.605170185988092,2,1,0,3,0,0,0.016304709024940075,0.9749903202850458
4.605170185988092,2,1,0,3,0,1,0.016304709024940075,1.5353106342893708e-6
4.605170185988092,2,1,0,3,1,0,0.016304709024940075,0.810617702663396
4.605170185988092,2,1,0,3,1,1,0.016304709024940075,1.6857042466399758e-7
4.605170185988092,2,1,1,0,0,0,0.016304709024940075,0.9771248263524988
4.605170185988092,2,1,1,0,0,1,0.016304709024940075,1.6822466358366875e-6
4.605170185988092,2,1,1,0,1,0,0.016304709024940075,0.8242521865912464
4.605170185988092,2,1,1,0,1,1,0.016304709024940075,1.847033822029343e-7
4.605170185988092,2,1,1,1,0,0,0.016304709024940075,0.9766772225761269
4.605170185988092,2,1,1,1,0,1,0.016304709024940075,1.6492056970242557e-6
4.605170185988092,2,1,1,1,1,0,0.016304709024940075,0.8213601628859319
4.605170185988092,2,1,1,1,1,1,0.016304709024940075,1.8107562514312566e-7
4.605170185988092,2,1,1,2,0,0,0.016304709024940075,0.9762210735740202
4.605170185988092,2,1,1,2,0,1,0.016304709024940075,1.6168137129187418e-6
4.605170185988092,2,1,1,2,1,0,0.016304709024940075,0.8184310326270685
4.605170185988092,2,1,1,2,1,1,0.016304709024940075,1.7751912080642235e-7
4.605170185988092,2,1,1,3,0,0,0.016304709024940075,0.9757562246216583
4.605170185988092,2,1,1,3,0,1,0.016304709024940075,1.5850579374881521e-6
4.605170185988092,2,1,1,3,1,0,0.016304709024940075,0.8154646644487852
4.605170185988092,2,1,1,3,1,1,0.016304709024940075,1.7403246971962888e-7
4.605170185988092,2,1,2,0,0,0,0.016304709024940075,0.9778268494895557
4.605170185988092,2,1,2,0,0,1,0.016304709024940075,1.7367549671697228e-6
4.605170185988092,2,1,2,0,1,0,0.016304709024940075,0.8288238816543358
4.605170185988092,2,1,2,0,1,1,0.016304709024940075,1.9068816975227796e-7
4.605170185988092,2,1,2,1,0,0,0.016304709024940075,0.9773926645419589
4.605170185988092,2,1,2,1,0,1,0.016304709024940075,1.7026434342270972e-6
4.605170185988092,2,1,2,1,1,0,0.016304709024940075,0.8259912058020669
4.605170185988092,2,1,2,1,1,1,0.016304709024940075,1.8694286556926095e-7
4.605170185988092,2,1,2,2,0,0,0.016304709024940075,0.9769501779882335
4.605170185988092,2,1,2,2,0,1,0.016304709024940075,1.669201883382931e-6
4.605170185988092,2,1,2,2,1,0,0.016304709024940075,0.8231216576990393
4.605170185988092,2,1,2,2,1,1,0.016304709024940075,1.8327112284981433e-7
4.605170185988092,2,1,2,3,0,0,0.016304709024940075,0.9764992390184873
4.605170185988092,2,1,2,3,0,1,0.016304709024940075,1.6364171556118244e-6
4.605170185988092,2,1,2,3,1,0,0.016304709024940075,0.8202150883031293
4.605170185988092,2,1,2,3,1,1,0.016304709024940075,1.7967149677485411e-7
4.605170185988092,2,1,3,0,0,0,0.016304709024940075,0.978507801906728
4.605170185988092,2,1,3,0,0,1,0.016304709024940075,1.793029479985324e-6
4.605170185988092,2,1,3,0,1,0,0.016304709024940075,0.8333007053493235
4.605170185988092,2,1,3,0,1,1,0.016304709024940075,1.9686687727499876e-7
4.605170185988092,2,1,3,1,0,0,0.016304709024940075,0.9780866522510603
4.605170185988092,2,1,3,1,0,1,0.016304709024940075,1.7578126635918338e-6
4.605170185988092,2,1,3,1,1,0,0.016304709024940075,0.8305269651378437
4.605170185988092,2,1,3,1,1,1,0.016304709024940075,1.930002171909092e-7
4.605170185988092,2,1,3,2,0,0,0.016304709024940075,0.9776574384059054
4.605170185988092,2,1,3,2,0,1,0.016304709024940075,1.7232875380118358e-6
4.605170185988092,2,1,3,2,1,0,0.016304709024940075,0.8277166141539017
4.605170185988092,2,1,3,2,1,1,0.016304709024940075,1.892095021189203e-7
4.605170185988092,2,1,3,3,0,0,0.016304709024940075,0.977220013406886
4.605170185988092,2,1,3,3,0,1,0.016304709024940075,1.6894405178450098e-6
4.605170185988092,2,1,3,3,1,0,0.016304709024940075,0.8248694866300943
4.605170185988092,2,1,3,3,1,1,0.016304709024940075,1.854932404247609e-7
4.605170185988092,2,2,0,0,0,0,0.016304709024940075,0.9829227952867085
4.605170185988092,2,2,0,0,0,1,0.016304709024940075,2.2667644287048675e-6
4.605170185988092,2,2,0,0,1,0,0.016304709024940075,0.8633798502515003
4.605170185988092,2,2,0,0,1,1,0.016304709024940075,2.4888102943770196e-7
4.605170185988092,2,2,0,1,0,0,0.016304709024940075,0.9825866198997497
4.605170185988092,2,2,0,1,0,1,0.016304709024940075,2.2222430248409795e-6
4.605170185988092,2,2,0,1,1,0,0.016304709024940075,0.8610231309501442
4.605170185988092,2,2,0,1,1,1,0.016304709024940075,2.439927602353739e-7
4.605170185988092,2,2,0,2,0,0,0.016304709024940075,0.9822439462393284
4.605170185988092,2,2,0,2,0,1,0.016304709024940075,2.178596061681473e-6
4.605170185988092,2,2,0,2,1,0,0.016304709024940075,0.8586324144115037
4.605170185988092,2,2,0,2,1,1,0.016304709024940075,2.392005014446576e-7
4.605170185988092,2,2,0,3,0,0,0.016304709024940075,0.9818946534426511
4.605170185988092,2,2,0,3,0,1,0.016304709024940075,2.135806364492831e-6
4.605170185988092,2,2,0,3,1,0,0.016304709024940075,0.8562074402185745
4.605170185988092,2,2,0,3,1,1,0.016304709024940075,2.3450236732759772e-7
4.605170185988092,2,2,1,0,0,0,0.016304709024940075,0.9834498965919706
4.605170185988092,2,2,1,0,0,1,0.016304709024940075,2.3402123223369947e-6
4.605170185988092,2,2,1,0,1,0,0.016304709024940075,0.8670978377776144
4.605170185988092,2,2,1,0,1,1,0.016304709024940075,2.5694531050170615e-7
4.605170185988092,2,2,1,1,0,0,0.016304709024940075,0.9831239193678297
4.605170185988092,2,2,1,1,0,1,0.016304709024940075,2.2942483354716653e-6
4.605170185988092,2,2,1,1,1,0,0.016304709024940075,0.8647952107107533
4.605170185988092,2,2,1,1,1,1,0.016304709024940075,2.5189865089524267e-7
4.605170185988092,2,2,1,2,0,0,0.016304709024940075,0.9827916339174009
4.605170185988092,2,2,1,2,0,1,0.016304709024940075,2.2491871228189784e-6
4.605170185988092,2,2,1,2,1,0,0.016304709024940075,0.8624590171327737
4.605170185988092,2,2,1,2,1,1,0.016304709024940075,2.4695111264205265e-7
4.605170185988092,2,2,1,3,0,0,0.016304709024940075,0.9824529226309618
4.605170185988092,2,2,1,3,0,1,0.016304709024940075,2.205010953157071e-6
4.605170185988092,2,2,1,3,1,0,0.016304709024940075,0.860088987405491
4.605170185988092,2,2,1,3,1,1,0.016304709024940075,2.4210074890231634e-7
4.605170185988092,2,2,2,0,0,0,0.016304709024940075,0.9839609939809594
4.605170185988092,2,2,2,0,0,1,0.016304709024940075,2.4160400751097984e-6
4.605170185988092,2,2,2,0,1,0,0.016304709024940075,0.8707297932837256
4.605170185988092,2,2,2,0,1,1,0.016304709024940075,2.6527089156103206e-7
4.605170185988092,2,2,2,1,0,0,0.016304709024940075,0.9836449161146436
4.605170185988092,2,2,2,1,0,1,0.016304709024940075,2.3685867628769172e-6
4.605170185988092,2,2,2,1,1,0,0.016304709024940075,0.8684805479825184
4.605170185988092,2,2,2,1,1,1,0.016304709024940075,2.6006070936439817e-7
4.605170185988092,2,2,2,2,0,0,0.016304709024940075,0.9833227149317887
4.605170185988092,2,2,2,2,0,1,0.016304709024940075,2.322065476414714e-6
4.605170185988092,2,2,2,2,1,0,0.016304709024940075,0.8661981806595244
4.605170185988092,2,2,2,2,1,1,0.016304709024940075,2.549528602637221e-7
4.605170185988092,2,2,2,3,0,0,0.016304709024940075,0.9829942760051402
4.605170185988092,2,2,2,3,0,1,0.016304709024940075,2.2764579099822044e-6
4.605170185988092,2,2,2,3,1,0,0.016304709024940075,0.8638824132672732
4.605170185988092,2,2,2,3,1,1,0.016304709024940075,2.499453343375008e-7
4.605170185988092,2,2,3,0,0,0,0.016304709024940075,0.9844565572104641
4.605170185988092,2,2,3,0,0,1,0.016304709024940075,2.494324798856424e-6
4.605170185988092,2,2,3,0,1,0,0.016304709024940075,0.8742768857344121
4.605170185988092,2,2,3,0,1,1,0.016304709024940075,2.738662392911612e-7
4.605170185988092,2,2,3,1,0,0,0.016304709024940075,0.984150088008393
4.605170185988092,2,2,3,1,0,1,0.016304709024940075,2.4453339043652112e-6
4.605170185988092,2,2,3,1,1,0,0.016304709024940075,0.8720802912694046
4.605170185988092,2,2,3,1,1,1,0.016304709024940075,2.684872360247513e-7
4.605170185988092,2,2,3,2,0,0,0.016304709024940075,0.9838376753750471
4.605170185988092,2,2,3,2,0,1,0.016304709024940075,2.3973052349981555e-6
4.605170185988092,2,2,3,2,1,0,0.016304709024940075,0.8698510317608694
4.605170185988092,2,2,3,2,1,1,0.016304709024940075,2.632138816641692e-7
4.605170185988092,2,2,3,3,0,0,0.016304709024940075,0.9835192079954697
4.605170185988092,2,2,3,3,0,1,0.016304709024940075,2.350219891880182e-6
4.605170185988092,2,2,3,3,1,0,0.016304709024940075,0.8675888215401532
4.605170185988092,2,2,3,3,1,1,0.016304709024940075,2.5804410116224895e-7
6.761572768804055,0,0,0,0,0,0,0.016304709024940075,0.955266688272123
6.761572768804055,0,0,0,0,0,1,0.016304709024940075,8.410038184309737e-7
6.761572768804055,0,0,0,0,1,0,0.016304709024940075,0.7010150969460787
6.761572768804055,0,0,0,0,1,1,0.016304709024940075,9.233850142581224e-8
6.761572768804055,0,0,0,1,0,0,0.016304709024940075,0.9544113361772151
6.761572768804055,0,0,0,1,0,1,0.016304709024940075,8.244856824865557e-7
6.761572768804055,0,0,0,1,1,0,0.016304709024940075,0.696841012360563
6.761572768804055,0,0,0,1,1,1,0.016304709024940075,9.052488178995484e-8
6.761572768804055,0,0,0,2,0,0,0.016304709024940075,0.9535404242153522
6.761572768804055,0,0,0,2,0,1,0.016304709024940075,8.082919785941177e-7
6.761572768804055,0,0,0,2,1,0,0.016304709024940075,0.6926342046067652
6.761572768804055,0,0,0,2,1,1,0.016304709024940075,8.8746883437104e-8
6.761572768804055,0,0,0,3,0,0,0.016304709024940075,0.9526536999738776
6.761572768804055,0,0,0,3,0,1,0.016304709024940075,7.924163346068131e-7
6.761572768804055,0,0,0,3,1,0,0.016304709024940075,0.6883951246806632
6.761572768804055,0,0,0,3,1,1,0.016304709024940075,8.700380673016047e-8
6.761572768804055,0,0,1,0,0,0,0.016304709024940075,0.9566097343575247
6.761572768804055,0,0,1,0,0,1,0.016304709024940075,8.68254135729553e-7
6.761572768804055,0,0,1,0,1,0,0.016304709024940075,0.7076555273737708
6.761572768804055,0,0,1,0,1,1,0.016304709024940075,9.533046811188102e-8
6.761572768804055,0,0,1,1,0,0,0.016304709024940075,0.9557788740370483
6.761572768804055,0,0,1,1,0,1,0.016304709024940075,8.512007774084286e-7
6.761572768804055,0,0,1,1,1,0,0.016304709024940075,0.7035349427034965
6.761572768804055,0,0,1,1,1,1,0.016304709024940075,9.34580832920458e-8
6.761572768804055,0,0,1,2,0,0,0.016304709024940075,0.9549328534828521
6.761572768804055,0,0,1,2,0,1,0.016304709024940075,8.344823634030053e-7
6.761572768804055,0,0,1,2,1,0,0.016304709024940075,0.6993809512832049
6.761572768804055,0,0,1,2,1,1,0.016304709024940075,9.162247396132486e-8
6.761572768804055,0,0,1,3,0,0,0.016304709024940075,0.9540714249897538
6.761572768804055,0,0,1,3,0,1,0.016304709024940075,8.180923150965026e-7
6.761572768804055,0,0,1,3,1,0,0.016304709024940075,0.6951939723376354
6.761572768804055,0,0,1,3,1,1,0.016304709024940075,8.982291781288323e-8
6.761572768804055,0,0,2,0,0,0,0.016304709024940075,0.9579142341181937
6.761572768804055,0,0,2,0,0,1,0.016304709024940075,8.963874206329887e-7
6.761572768804055,0,0,2,0,1,0,0.016304709024940075,0.7142086007508183
6.761572768804055,0,0,2,0,1,1,0.016304709024940075,9.841938096483917e-8
6.761572768804055,0,0,2,1,0,0,0.016304709024940075,0.9571072330378062
6.761572768804055,0,0,2,1,0,1,0.016304709024940075,8.787814976342484e-7
6.761572768804055,0,0,2,1,1,0,0.016304709024940075,0.7101425483432942
6.761572768804055,0,0,2,1,1,1,0.016304709024940075,9.648632684281566e-8
6.761572768804055,0,0,2,2,0,0,0.016304709024940075,0.9562854637615373
6.761572768804055,0,0,2,2,0,1,0.016304709024940075,8.61521371832633e-7
6.761572768804055,0,0,2,2,1,0,0.016304709024940075,0.7060424566430012
6.761572768804055,0,0,2,2,1,1,0.016304709024940075,9.459123981475828e-8
6.761572768804055,0,0,2,3,0,0,0.016304709024940075,0.9554486833124766
6.761572768804055,0,0,2,3,0,1,0.016304709024940075,8.446002514514467e-7
6.761572768804055,0,0,2,3,1,0,0.016304709024940075,0.7019087131361252
6.761572768804055,0,0,2,3,1,1,0.016304709024940075,9.273337416954777e-8
6.761572768804055,0,0,3,0,0,0,0.016304709024940075,0.9591811884354947
6.761572768804055,0,0,3,0,0,1,0.016304709024940075,9.254322830969826e-7
6.761572768804055,0,0,3,0,1,0,0.016304709024940075,0.7206727642461104
6.761572768804055,0,0,3,0,1,1,0.016304709024940075,1.0160838124873792e-7
6.761572768804055,0,0,3,1,0,0,0.016304709024940075,0.9583974263009286
6.761572768804055,0,0,3,1,0,1,0.016304709024940075,9.072558911956861e-7
6.761572768804055,0,0,3,1,1,0,0.016304709024940075,0.7166621946081813
6.761572768804055,0,0,3,1,1,1,0.016304709024940075,9.961269200881932e-8
6.761572768804055,0,0,3,2,0,0,0.016304709024940075,0.9575992803907551
6.761572768804055,0,0,3,2,0,1,0.016304709024940075,8.894365010272343e-7
6.761572768804055,0,0,3,2,1,0,0.016304709024940075,0.7126170040056474
6.761572768804055,0,0,3,2,1,1,0.016304709024940075,9.765620007826114e-8
6.761572768804055,0,0,3,3,0,0,0.016304709024940075,0.9567865124685291
6.761572768804055,0,0,3,3,0,1,0.016304709024940075,8.719671007482727e-7
6.761572768804055,0,0,3,3,1,0,0.016304709024940075,0.7085375483072103
6.761572768804055,0,0,3,3,1,1,0.016304709024940075,9.57381355833102e-8
6.761572768804055,0,1,0,0,0,0,0.016304709024940075,0.9674341837753028
6.761572768804055,0,1,0,0,0,1,0.016304709024940075,1.169940307604909e-6
6.761572768804055,0,1,0,0,1,0,0.016304709024940075,0.7653518452982642
6.761572768804055,0,1,0,0,1,1,0.016304709024940075,1.2845431141686582e-7
6.761572768804055,0,1,0,1,0,0,0.016304709024940075,0.9668034030399749
6.761572768804055,0,1,0,1,0,1,0.016304709024940075,1.1469615453300834e-6
6.761572768804055,0,1,0,1,1,0,0.016304709024940075,0.7617707184789742
6.761572768804055,0,1,0,1,1,1,0.016304709024940075,1.2593134158683479e-7
6.761572768804055,0,1,0,2,0,0,0.016304709024940075,0.9661608318115088
6.761572768804055,0,1,0,2,0,1,0.016304709024940075,1.1244341077241513e-6
6.761572768804055,0,1,0,2,1,0,0.016304709024940075,0.7581522080551424
6.761572768804055,0,1,0,2,1,1,0.016304709024940075,1.2345792537557437e-7
6.761572768804055,0,1,0,3,0,0,0.016304709024940075,0.9655062663908368
6.761572768804055,0,1,0,3,0,1,0.016304709024940075,1.1023491303626173e-6
6.761572768804055,0,1,0,3,1,0,0.016304709024940075,0.7544964486202962
6.761572768804055,0,1,0,3,1,1,0.016304709024940075,1.2103308950131807e-7
6.761572768804055,0,1,1,0,0,0,0.016304709024940075,0.9684239954629169
6.761572768804055,0,1,1,0,0,1,0.016304709024940075,1.2078488557912903e-6
6.761572768804055,0,1,1,0,1,0,0.016304709024940075,0.7710300825449667
6.761572768804055,0,1,1,0,1,1,0.016304709024940075,1.3261650811896185e-7
6.761572768804055,0,1,1,1,0,0,0.016304709024940075,0.9678117489098829
6.761572768804055,0,1,1,1,0,1,0.016304709024940075,1.1841255337472048e-6
6.761572768804055,0,1,1,1,1,0,0.016304709024940075,0.7675092906822726
6.761572768804055,0,1,1,1,1,1,0.016304709024940075,1.3001178863627263e-7
6.761572768804055,0,1,1,2,0,0,0.016304709024940075,0.9671880333509375
6.761572768804055,0,1,1,2,0,1,0.016304709024940075,1.1608681601972387e-6
6.761572768804055,0,1,1,2,1,0,0.016304709024940075,0.7639509350363489
6.761572768804055,0,1,1,2,1,1,0.016304709024940075,1.2745822841584258e-7
6.761572768804055,0,1,1,3,0,0,0.016304709024940075,0.9665526496644452
6.761572768804055,0,1,1,3,0,1,0.016304709024940075,1.1380675834930754e-6
6.761572768804055,0,1,1,3,1,0,0.016304709024940075,0.7603551224892681
6.761572768804055,0,1,1,3,1,1,0.016304709024940075,1.249548226395054e-7
6.761572768804055,0,1,2,0,0,0,0.016304709024940075,0.9693846746754772
6.761572768804055,0,1,2,0,0,1,0.016304709024940075,1.2469857198364061e-6
6.761572768804055,0,1,2,0,1,0,0.016304709024940075,0.7766110185638696
6.761572768804055,0,1,2,0,1,1,0.016304709024940075,1.3691356895153362e-7
6.761572768804055,0,1,2,1,0,0,0.016304709024940075,0.9687904550204145
6.761572768804055,0,1,2,1,0,1,0.016304709024940075,1.2224937127949802e-6
6.761572768804055,0,1,2,1,1,0,0.016304709024940075,0.7731507943787486
6.761572768804055,0,1,2,1,1,1,0.016304709024940075,1.3422445095220902e-7
6.761572768804055,0,1,2,2,0,0,0.016304709024940075,0.9681850805448375
6.761572768804055,0,1,2,2,0,1,0.016304709024940075,1.1984827519118657e-6
6.761572768804055,0,1,2,2,1,0,0.016304709024940075,0.7696528698186014
6.761572768804055,0,1,2,2,1,1,0.016304709024940075,1.315881498848961e-7
6.761572768804055,0,1,2,3,0,0,0.016304709024940075,0.967568356660828
6.761572768804055,0,1,2,3,0,1,0.016304709024940075,1.1749433890084461e-06
6.761572768804055,0,1,2,3,1,0,0.016304709024940075,0.7661173247938671
6.761572768804055,0,1,2,3,1,1,0.016304709024940075,1.2900362837318253e-7
6.761572768804055,0,1,3,0,0,0,0.016304709024940075,0.9703170217164376
6.761572768804055,0,1,3,0,0,1,0.016304709024940075,1.2873906996296561e-6
6.761572768804055,0,1,3,0,1,0,0.016304709024940075,0.7820943686552899
6.761572768804055,0,1,3,0,1,1,0.016304709024940075,1.4134986380142876e-7
6.761572768804055,0,1,3,1,0,0,0.016304709024940075,0.9697403333155774
6.761572768804055,0,1,3,1,0,1,0.016304709024940075,1.2621051006610065e-6
6.761572768804055,0,1,3,1,1,0,0.016304709024940075,0.7786948764165661
6.761572768804055,0,1,3,1,1,1,0.016304709024940075,1.3857361259266888e-7
6.761572768804055,0,1,3,2,0,0,0.016304709024940075,0.9691527970529852
6.761572768804055,0,1,3,2,0,1,0.016304709024940075,1.2373161347069452e-6
6.761572768804055,0,1,3,2,1,0,0.016304709024940075,0.7752575895540629
6.761572768804055,0,1,3,2,1,1,0.016304709024940075,1.3585188969769555e-07
6.761572768804055,0,1,3,3,0,0,0.016304709024940075,0.9685542228269786
6.761572768804055,0,1,3,3,0,1,0.016304709024940075,1.213014047450514e-6
6.761572768804055,0,1,3,3,1,0,0.016304709024940075,0.7717825617879343
6.761572768804055,0,1,3,3,1,1,0.016304709024940075,1.3318362412689694e-7
6.761572768804055,0,2,0,0,0,0,0.016304709024940075,0.9763739646161047
6.761572768804055,0,2,0,0,0,1,0.016304709024940075,1.6275314300172157e-6
6.761572768804055,0,2,0,0,1,0,0.016304709024940075,0.8194107863163136
6.761572768804055,0,2,0,0,1,1,0.016304709024940075,1.78695881281503e-7
6.761572768804055,0,2,0,1,0,0,0.016304709024940075,0.9759120307481933
6.761572768804055,0,2,0,1,0,1,0.016304709024940075,1.5955651486566371e-6
6.761572768804055,0,2,0,1,1,0,0.016304709024940075,0.8164568350978924
6.761572768804055,0,2,0,1,1,1,0.016304709024940075,1.751861174592931e-7
6.761572768804055,0,2,0,2,0,0,0.016304709024940075,0.9754412923694641
6.761572768804055,0,2,0,2,0,1,0.016304709024940075,1.5642267147998182e-6
6.761572768804055,0,2,0,2,1,0,0.016304709024940075,0.8134655647055217
6.761572768804055,0,2,0,2,1,1,0.016304709024940075,1.717452888575467e-7
6.761572768804055,0,2,0,3,0,0,0.016304709024940075,0.9749615906242434
6.761572768804055,0,2,0,3,0,1,0.016304709024940075,1.5335037969759063e-6
6.761572768804055,0,2,0,3,1,0,0.016304709024940075,0.8104368631085611
6.761572768804055,0,2,0,3,1,1,0.016304709024940075,1.6837204152105632e-7
6.761572768804055,0,2,1,0,0,0,0.016304709024940075,0.9770984910928862
6.761572768804055,0,2,1,0,0,1,0.016304709024940075,1.6802668765110492e-6
6.761572768804055,0,2,1,0,1,0,0.016304709024940075,0.8240815410368995
6.761572768804055,0,2,1,0,1,1,0.016304709024940075,1.8448601289301036e-7
6.761572768804055,0,2,1,1,0,0,0.016304709024940075,0.97665038432237
6.761572768804055,0,2,1,1,0,1,0.016304709024940075,1.6472648220082041e-6
6.761572768804055,0,2,1,1,1,0,0.016304709024940075,0.8211873184475191
6.761572768804055,0,2,1,1,1,1,0.016304709024940075,1.8086252518060928e-7
6.761572768804055,0,2,1,2,0,0,0.016304709024940075,0.976193723209691
6.761572768804055,0,2,1,2,0,1,0.016304709024940075,1.6149109584908352e-6
6.761572768804055,0,2,1,2,1,0,0.016304709024940075,0.8182559811925703
6.761572768804055,0,2,1,2,1,1,0.016304709024940075,1.7731020633715458e-7
6.761572768804055,0,2,1,3,0,0,0.016304709024940075,0.9757283528844606
6.761572768804055,0,2,1,3,0,1,0.016304709024940075,1.5831925549270028e-6
6.761572768804055,0,2,1,3,1,0,0.016304709024940075,0.81528739857716
6.761572768804055,0,2,1,3,1,1,0.016304709024940075,1.7382765853642593e-7
6.761572768804055,0,2,2,0,0,0,0.016304709024940075,0.9778013040794653
6.761572768804055,0,2,2,0,0,1,0.016304709024940075,1.7347110595867546e-6
6.761572768804055,0,2,2,0,1,0,0.016304709024940075,0.8286567523100278
6.761572768804055,0,2,2,0,1,1,0.016304709024940075,1.9046375720970526e-7
6.761572768804055,0,2,2,1,0,0,0.016304709024940075,0.9773666304911788
6.761572768804055,0,2,2,1,0,1,0.016304709024940075,1.7006396708807088e-6
6.761572768804055,0,2,2,1,1,0,0.016304709024940075,0.8258218919654104
6.761572768804055,0,2,2,1,1,1,0.016304709024940075,1.8672286071007303e-7
6.761572768804055,0,2,2,2,0,0,0.016304709024940075,0.9769236464115254
6.761572768804055,0,2,2,2,0,1,0.016304709024940075,1.667237475805787e-6
6.761572768804055,0,2,2,2,1,0,0.016304709024940075,0.8229501502252392
6.761572768804055,0,2,2,2,1,1,0.016304709024940075,1.8305543910279952e-7
6.761572768804055,0,2,2,3,0,0,0.016304709024940075,0.9764722008872799
6.761572768804055,0,2,2,3,0,1,0.016304709024940075,1.6344913308226751e-6
6.761572768804055,0,2,2,3,1,0,0.016304709024940075,0.8200413786831958
6.761572768804055,0,2,2,3,1,1,0.016304709024940075,1.794600492691429e-7
6.761572768804055,0,2,3,0,0,0,0.016304709024940075,0.9784830237502139
6.761572768804055,0,2,3,0,0,1,0.016304709024940075,1.7909193456175483e-6
6.761572768804055,0,2,3,0,1,0,0.016304709024940075,0.8331370670033389
6.761572768804055,0,2,3,0,1,1,0.016304709024940075,1.966351932839973e-7
6.761572768804055,0,2,3,1,0,0,0.016304709024940075,0.9780613994410237
6.761572768804055,0,2,3,1,0,1,0.016304709024940075,1.7557439742114114e-6
6.761572768804055,0,2,3,1,1,0,0.016304709024940075,0.830361158277939
6.761572768804055,0,2,3,1,1,1,0.016304709024940075,1.9277308370164658e-7
6.761572768804055,0,2,3,2,0,0,0.016304709024940075,0.9776317022841805
6.761572768804055,0,2,3,2,0,1,0.016304709024940075,1.7212594796037511e-6
6.761572768804055,0,2,3,2,1,0,0.016304709024940075,0.8275486286588937
6.761572768804055,0,2,3,2,1,1,0.016304709024940075,1.8898682975509569e-7
6.761572768804055,0,2,3,3,0,0,0.016304709024940075,0.977193785174541
6.761572768804055,0,2,3,3,0,1,0.016304709024940075,1.6874522923820899e-6
6.761572768804055,0,2,3,3,1,0,0.016304709024940075,0.8246993129795587
6.761572768804055,0,2,3,3,1,1,0.016304709024940075,1.852749415655086e-7
6.761572768804055,1,0,0,0,0,0,0.016304709024940075,0.9739758880090587
6.761572768804055,1,0,0,0,0,1,0.016304709024940075,1.473928433810065e-6
6.761572768804055,1,0,0,0,1,0,0.016304709024940075,0.804274473686219
6.761572768804055,1,0,0,0,1,1,0.016304709024940075,1.618309173961519e-7
6.761572768804055,1,0,0,1,0,0,0.016304709024940075,0.9734683412788148
6.761572768804055,1,0,0,1,0,1,0.016304709024940075,1.444979058549731e-6
6.761572768804055,1,0,0,1,1,0,0.016304709024940075,0.8011330219931568
6.761572768804055,1,0,0,1,1,1,0.016304709024940075,1.586523980900004e-7
6.761572768804055,1,0,0,2,0,0,0.016304709024940075,0.9729511707955114
6.761572768804055,1,0,0,2,0,1,0.016304709024940075,1.41659827612032e-6
6.761572768804055,1,0,0,2,1,0,0.016304709024940075,0.797953815674364
6.761572768804055,1,0,0,2,1,1,0.016304709024940075,1.5553630803760803e-7
6.761572768804055,1,0,0,3,0,0,0.016304709024940075,0.9724242048929492
6.761572768804055,1,0,0,3,0,1,0.016304709024940075,1.3887749188576776e-6
6.761572768804055,1,0,0,3,1,0,0.016304709024940075,0.794736806769207
6.761572768804055,1,0,0,3,1,1,0.016304709024940075,1.5248142106724229e-7
6.761572768804055,1,0,1,0,0,0,0.016304709024940075,0.9747720547977052
6.761572768804055,1,0,1,0,0,1,0.016304709024940075,1.5216868272576695e-6
6.761572768804055,1,0,1,0,1,0,0.016304709024940075,0.8092455779554515
6.761572768804055,1,0,1,0,1,1,0.016304709024940075,1.6707458792806207e-7
6.761572768804055,1,0,1,1,0,0,0.016304709024940075,0.9742796256150217
6.761572768804055,1,0,1,1,0,1,0.016304709024940075,1.4917994325117874e-6
6.761572768804055,1,0,1,1,1,0,0.016304709024940075,0.8061646845921535
6.761572768804055,1,0,1,1,1,1,0.016304709024940075,1.6379307776232119e-7
6.761572768804055,1,0,1,2,0,0,0.016304709024940075,0.9737778431768488
6.761572768804055,1,0,1,2,0,1,0.016304709024940075,1.4624990541232182e-6
6.761572768804055,1,0,1,2,1,0,0.016304709024940075,0.803046141940609
6.761572768804055,1,0,1,2,1,1,0.016304709024940075,1.6057601969173238e-7
6.761572768804055,1,0,1,3,0,0,0.016304709024940075,0.9732665400056547
6.761572768804055,1,0,1,3,0,1,0.016304709024940075,1.4337741625756337e-6
6.761572768804055,1,0,1,3,1,0,0.016304709024940075,0.7998898804403235
6.761572768804055,1,0,1,3,1,1,0.016304709024940075,1.574221478140022e-7
6.761572768804055,1,0,2,0,0,0,0.016304709024940075,0.9755444757061006
6.761572768804055,1,0,2,0,0,1,0.016304709024940075,1.5709926910635043e-6
6.761572768804055,1,0,2,0,1,0,0.016304709024940075,0.8141196045617326
6.761572768804055,1,0,2,0,1,1,0.016304709024940075,1.7248816465803956e-7
6.761572768804055,1,0,2,1,0,0,0.016304709024940075,0.9750667379090002
6.761572768804055,1,0,2,1,0,1,0.016304709024940075,1.5401368831600178e-6
6.761572768804055,1,0,2,1,1,0,0.016304709024940075,0.8110990563862038
6.761572768804055,1,0,2,1,1,1,0.016304709024940075,1.6910032650855934e-7
6.761572768804055,1,0,2,2,0,0,0.016304709024940075,0.974579910703476
6.761572768804055,1,0,2,2,0,1,0.016304709024940075,1.5098871120950627e-6
6.761572768804055,1,0,2,2,1,0,0.016304709024940075,0.8080409977636951
6.761572768804055,1,0,2,2,1,1,0.016304709024940075,1.6577902883997014e-7
6.761572768804055,1,0,2,3,0,0,0.016304709024940075,0.9740838307368674
6.761572768804055,1,0,2,3,0,1,0.016304709024940075,1.4802314747756165e-6
6.761572768804055,1,0,2,3,1,0,0.016304709024940075,0.80494533846977
6.761572768804055,1,0,2,3,1,1,0.016304709024940075,1.6252296473206255e-7
6.761572768804055,1,0,3,0,0,0,0.016304709024940075,0.9762938220404418
6.761572768804055,1,0,3,0,0,1,0.016304709024940075,1.6218961662957786e-6
6.761572768804055,1,0,3,0,1,0,0.016304709024940075,0.8188969639880176
6.761572768804055,1,0,3,0,1,1,0.016304709024940075,1.7807715291023517e-7
6.761572768804055,1,0,3,1,0,0,0.016304709024940075,0.9758303600217414
6.761572768804055,1,0,3,1,0,1,0.016304709024940075,1.5900405667542483e-6
6.761572768804055,1,0,3,1,1,0,0.016304709024940075,0.8159364959757166
6.761572768804055,1,0,3,1,1,1,0.016304709024940075,1.7457954152298103e-7
6.761572768804055,1,0,3,2,0,0,0.016304709024940075,0.9753580658958743
6.761572768804055,1,0,3,2,0,1,0.016304709024940075,1.5588106408294308e-6
6.761572768804055,1,0,3,2,1,0,0.016304709024940075,0.8129386883444403
6.761572768804055,1,0,3,2,1,1,0.016304709024940075,1.7115062667047374e-7
6.761572768804055,1,0,3,3,0,0,0.016304709024940075,0.974876780369629
6.761572768804055,1,0,3,3,0,1,0.016304709024940075,1.528194099747239e-6
6.761572768804055,1,0,3,3,1,0,0.016304709024940075,0.8099034311510711
6.761572768804055,1,0,3,3,1,1,0.016304709024940075,1.677890590855237e-7
6.761572768804055,1,1,0,0,0,0,0.016304709024940075,0.981154858898482
6.761572768804055,1,1,0,0,0,1,0.016304709024940075,2.050416205690854e-6
6.761572768804055,1,1,0,0,1,0,0.016304709024940075,0.8511107386083271
6.761572768804055,1,1,0,0,1,1,0.016304709024940075,2.251268774571375e-7
6.761572768804055,1,1,0,1,0,0,0.016304709024940075,0.9807845609574531
6.761572768804055,1,1,0,1,0,1,0.016304709024940075,2.010144077635281e-6
6.761572768804055,1,1,0,1,1,0,0.016304709024940075,0.8485794935600545
6.761572768804055,1,1,0,1,1,1,0.016304709024940075,2.20705163155313e-7
6.761572768804055,1,1,0,2,0,0,0.016304709024940075,0.9804071321396759
6.761572768804055,1,1,0,2,0,1,0.016304709024940075,1.970662930989973e-6
6.761572768804055,1,1,0,2,1,0,0.016304709024940075,0.8460130009720598
6.761572768804055,1,1,0,2,1,1,0.016304709024940075,2.163702956723013e-7
6.761572768804055,1,1,0,3,0,0,0.016304709024940075,0.9800224408855319
6.761572768804055,1,1,0,3,0,1,0.016304709024940075,1.9319572302175786e-6
6.761572768804055,1,1,0,3,1,0,0.016304709024940075,0.843411034972965
6.761572768804055,1,1,0,3,1,1,0.016304709024940075,2.121205692518766e-7
6.761572768804055,1,1,1,0,0,0,0.016304709024940075,0.9817355149597121
6.761572768804055,1,1,1,0,0,1,0.016304709024940075,2.116853980656638e-6
6.761572768804055,1,1,1,0,1,0,0.016304709024940075,0.8551065841653335
6.761572768804055,1,1,1,0,1,1,0.016304709024940075,2.324214730456418e-7
6.761572768804055,1,1,1,1,0,0,0.016304709024940075,0.9813764100612556
6.761572768804055,1,1,1,1,0,1,0.016304709024940075,2.07527695410235e-6
6.761572768804055,1,1,1,1,1,0,0.016304709024940075,0.8526315094584465
6.761572768804055,1,1,1,1,1,1,0.016304709024940075,2.2785648571193994e-7
6.761572768804055,1,1,1,2,0,0,0.016304709024940075,0.9810103812370735
6.761572768804055,1,1,1,2,0,1,0.016304709024940075,2.034516538252399e-6
6.761572768804055,1,1,1,2,1,0,0.016304709024940075,0.8501215659226036
6.761572768804055,1,1,1,2,1,1,0.016304709024940075,2.233811592190748e-7
6.761572768804055,1,1,1,3,0,0,0.016304709024940075,0.9806373004045056
6.761572768804055,1,1,1,3,0,1,0.016304709024940075,1.994556694192729e-6
6.761572768804055,1,1,1,3,1,0,0.016304709024940075,0.8475765157703611
6.761572768804055,1,1,1,3,1,1,0.016304709024940075,2.189937325407313e-7
6.761572768804055,1,1,2,0,0,0,0.016304709024940075,0.9822986026409405
6.761572768804055,1,1,2,0,0,1,0.016304709024940075,2.1854444738284284e-6
6.761572768804055,1,1,2,0,1,0,0.016304709024940075,0.8590129546732053
6.761572768804055,1,1,2,0,1,1,0.016304709024940075,2.399524291817299e-7
6.761572768804055,1,1,2,1,0,0,0.016304709024940075,0.9819503652742232
6.761572768804055,1,1,2,1,0,1,0.016304709024940075,2.142520267604688e-6
6.761572768804055,1,1,2,1,1,0,0.016304709024940075,0.8565934179118544
6.761572768804055,1,1,2,1,1,1,0.016304709024940075,2.352395264646765e-7
6.761572768804055,1,1,2,2,0,0,0.016304709024940075,0.9815954054364131
6.761572768804055,1,1,2,2,0,1,0.016304709024940075,2.1004391318098444e-6
6.761572768804055,1,1,2,2,1,0,0.016304709024940075,0.8541394090415747
6.761572768804055,1,1,2,2,1,1,0.016304709024940075,2.3061918979070828e-7
6.761572768804055,1,1,2,3,0,0,0.016304709024940075,0.9812335984504578
6.761572768804055,1,1,2,3,0,1,0.016304709024940075,2.059184507843205e-6
6.761572768804055,1,1,2,3,1,0,0.016304709024940075,0.8516506792370797
6.761572768804055,1,1,2,3,1,1,0.016304709024940075,2.2608960107255845e-7
6.761572768804055,1,1,3,0,0,0,0.016304709024940075,0.9828446338803051
6.761572768804055,1,1,3,0,0,1,0.016304709024940075,2.25625743731778e-6
6.761572768804055,1,1,3,0,1,0,0.016304709024940075,0.8628309023137637
6.761572768804055,1,1,3,0,1,1,0.016304709024940075,2.4772740445051926e-7
6.761572768804055,1,1,3,1,0,0,0.016304709024940075,0.9825069472209101
6.761572768804055,1,1,3,1,0,1,0.016304709024940075,2.211942400276269e-6
6.761572768804055,1,1,3,1,1,0,0.016304709024940075,0.8604662439615127
6.761572768804055,1,1,3,1,1,1,0.016304709024940075,2.428617935767073e-7
6.761572768804055,1,1,3,2,0,0,0.016304709024940075,0.9821627341632118
6.761572768804055,1,1,3,2,0,1,0.016304709024940075,2.1684977507255453e-6
6.761572768804055,1,1,3,2,1,0,0.016304709024940075,0.8580675268430725
6.761572768804055,1,1,3,2,1,1,0.016304709024940075,2.3809174808287836e-7
6.761572768804055,1,1,3,3,0,0,0.016304709024940075,0.9818118733645393
6.761572768804055,1,1,3,3,0,1,0.016304709024940075,2.12590639353986e-6
6.761572768804055,1,1,3,3,1,0,0.016304709024940075,0.8556344919540655
6.761572768804055,1,1,3,3,1,1,0.016304709024940075,2.334153909719248e-7
6.761572768804055,1,2,0,0,0,0,0.016304709024940075,0.9863811412394025
6.761572768804055,1,2,0,0,0,1,0.016304709024940075,2.852381141556146e-6
6.761572768804055,1,2,0,0,1,0,0.016304709024940075,0.8882959068341756
6.761572768804055,1,2,0,0,1,1,0.016304709024940075,3.1317940053950895e-7
6.761572768804055,1,2,0,1,0,0,0.016304709024940075,0.9861120836298258
6.761572768804055,1,2,0,1,0,1,0.016304709024940075,2.7963577020400347e-6
6.761572768804055,1,2,0,1,1,0,0.016304709024940075,0.8863123977472387
6.761572768804055,1,2,0,1,1,1,0.016304709024940075,3.0702824821818395e-7
6.761572768804055,1,2,0,2,0,0,0.016304709024940075,0.9858377867698558
6.761572768804055,1,2,0,2,0,1,0.016304709024940075,2.7414346123772993e-6
6.761572768804055,1,2,0,2,1,0,0.016304709024940075,0.884298255411168
6.761572768804055,1,2,0,2,1,1,0.016304709024940075,3.009979105590819e-7
6.761572768804055,1,2,0,3,0,0,0.016304709024940075,0.9855581516809109
6.761572768804055,1,2,0,3,0,1,0.016304709024940075,2.6875902608418827e-6
6.761572768804055,1,2,0,3,1,0,0.016304709024940075,0.8822531701540628
6.761572768804055,1,2,0,3,1,1,0.016304709024940075,2.9508601464520376e-7
6.761572768804055,1,2,1,0,0,0,0.016304709024940075,0.9868029311770142
6.761572768804055,1,2,1,0,0,1,0.016304709024940075,2.944804181801167e-6
6.761572768804055,1,2,1,0,1,0,0.016304709024940075,0.8914211014374541
6.761572768804055,1,2,1,0,1,1,0.016304709024940075,3.2332708655423376e-7
6.761572768804055,1,2,1,1,0,0,0.016304709024940075,0.9865420928629057
6.761572768804055,1,2,1,1,0,1,0.016304709024940075,2.886965472375549e-6
6.761572768804055,1,2,1,1,1,0,0.016304709024940075,0.8894861818527051
6.761572768804055,1,2,1,1,1,1,0.016304709024940075,3.1697662373390233e-7
6.761572768804055,1,2,1,2,0,0,0.016304709024940075,0.9862761708126457
6.761572768804055,1,2,1,2,0,1,0.016304709024940075,2.8302627661044176e-6
6.761572768804055,1,2,1,2,1,0,0.016304709024940075,0.887521132016911
6.761572768804055,1,2,1,2,1,1,0.016304709024940075,3.1075089022694363e-7
6.761572768804055,1,2,1,3,0,0,0.016304709024940075,0.9860050688045517
6.761572768804055,1,2,1,3,0,1,0.016304709024940075,2.7746737510111284e-6
6.761572768804055,1,2,1,3,1,0,0.016304709024940075,0.885525638324002
6.761572768804055,1,2,1,3,1,1,0.016304709024940075,3.04647436228911e-7
6.761572768804055,1,2,2,0,0,0,0.016304709024940075,0.9872118272121204
6.761572768804055,1,2,2,0,0,1,0.016304709024940075,3.040221910334502e-6
6.761572768804055,1,2,2,0,1,0,0.016304709024940075,0.8944692484845748
6.761572768804055,1,2,2,0,1,1,0.016304709024940075,3.338035793068924e-7
6.761572768804055,1,2,2,1,0,0,0.016304709024940075,0.9869589638696535
6.761572768804055,1,2,2,1,0,1,0.016304709024940075,2.9805091130290177e-6
6.761572768804055,1,2,2,1,1,0,0.016304709024940075,0.8925821025395396
6.761572768804055,1,2,2,1,1,1,0.016304709024940075,3.2724734790512255e-7
6.761572768804055,1,2,2,2,0,0,0.016304709024940075,0.9867011679593797
6.761572768804055,1,2,2,2,0,1,0.016304709024940075,2.9219691273960185e-6
6.761572768804055,1,2,2,2,1,0,0.016304709024940075,0.8906653348495224
6.761572768804055,1,2,2,2,1,1,0.016304709024940075,3.208198873107007e-7
6.761572768804055,1,2,2,3,0,0,0.016304709024940075,0.9864383459506192
6.761572768804055,1,2,2,3,0,1,0.016304709024940075,2.864578918519679e-6
6.761572768804055,1,2,2,3,1,0,0.016304709024940075,0.8887186284987643
6.761572768804055,1,2,2,3,1,1,0.016304709024940075,3.145186683404331e-7
6.761572768804055,1,2,3,0,0,0,0.016304709024940075,0.987608213166022
6.761572768804055,1,2,3,0,0,1,0.016304709024940075,3.138731360347298e-6
6.761572768804055,1,2,3,0,1,0,0.016304709024940075,0.8974416695439276
6.761572768804055,1,2,3,0,1,1,0.016304709024940075,3.44619532832053e-7
6.761572768804055,1,2,3,1,0,0,0.016304709024940075,0.9873630873209204
6.761572768804055,1,2,3,1,0,1,0.016304709024940075,3.0770837514081616e-6
6.761572768804055,1,2,3,1,1,0,0.016304709024940075,0.8956014737874783
6.761572768804055,1,2,3,1,1,1,0.016304709024940075,3.3785086551113715e-7
6.761572768804055,1,2,3,2,0,0,0.016304709024940075,0.9871131758352515
6.761572768804055,1,2,3,2,0,1,0.016304709024940075,3.016646955306139e-6
6.761572768804055,1,2,3,2,1,0,0.016304709024940075,0.893732169332039
6.761572768804055,1,2,3,2,1,1,0.016304709024940075,3.3121514144433736e-7
6.761572768804055,1,2,3,3,0,0,0.016304709024940075,0.9868583878043184
6.761572768804055,1,2,3,3,0,1,0.016304709024940075,2.957397190762531e-6
6.761572768804055,1,2,3,3,1,0,0.016304709024940075,0.8918334365491479
6.761572768804055,1,2,3,3,1,1,0.016304709024940075,3.2470974949767637e-7
6.761572768804055,2,0,0,0,0,0,0.016304709024940075,0.9849831851519864
6.761572768804055,2,0,0,0,0,1,0.016304709024940075,2.5831797021335982e-6
6.761572768804055,2,0,0,0,1,0,0.016304709024940075,0.8780741795252797
6.761572768804055,2,0,0,0,1,1,0.016304709024940075,2.836221516617792e-7
6.761572768804055,2,0,0,1,0,0,0.016304709024940075,0.9846869379303553
6.761572768804055,2,0,0,1,0,1,0.016304709024940075,2.5324436178541546e-6
6.761572768804055,2,0,0,1,1,0,0.016304709024940075,0.8759345153792425
6.761572768804055,2,0,0,1,1,1,0.016304709024940075,2.7805153269986455e-7
6.761572768804055,2,0,0,2,0,0,0.016304709024940075,0.9843849390823842
6.761572768804055,2,0,0,2,0,1,0.016304709024940075,2.48270403562023e-6
6.761572768804055,2,0,0,2,1,0,0.016304709024940075,0.8737627007169537
6.761572768804055,2,0,0,2,1,1,0.016304709024940075,2.725903261621138e-7
6.761572768804055,2,0,0,3,0,0,0.016304709024940075,0.9840770806292538
6.761572768804055,2,0,0,3,0,1,0.016304709024940075,2.4339413833371775e-6
6.761572768804055,2,0,0,3,1,0,0.016304709024940075,0.8715584423819932
6.761572768804055,2,0,0,3,1,1,0.016304709024940075,2.6723638308228434e-7
6.761572768804055,2,0,1,0,0,0,0.016304709024940075,0.9854476324542613
6.761572768804055,2,0,1,0,0,1,0.016304709024940075,2.6668800829997583e-6
6.761572768804055,2,0,1,0,1,0,0.016304709024940075,0.8814471850304757
6.761572768804055,2,0,1,0,1,1,0.016304709024940075,2.92812119535629e-7
6.761572768804055,2,0,1,1,0,0,0.016304709024940075,0.9851604096694457
6.761572768804055,2,0,1,1,0,1,0.016304709024940075,2.6145000486414605e-6
6.761572768804055,2,0,1,1,1,0,0.016304709024940075,0.8793585807716596
6.761572768804055,2,0,1,1,1,1,0.016304709024940075,2.8706100058701877e-7
6.761572768804055,2,0,1,2,0,0,0.016304709024940075,0.9848676049670038
6.761572768804055,2,0,1,2,0,1,0.016304709024940075,2.563148804810498e-6
6.761572768804055,2,0,1,2,1,0,0.016304709024940075,0.8772383052098504
6.761572768804055,2,0,1,2,1,1,0.016304709024940075,2.8142283925746145e-7
6.761572768804055,2,0,1,3,0,0,0.016304709024940075,0.9845691133349921
6.761572768804055,2,0,1,3,0,1,0.016304709024940075,2.5128061452471833e-6
6.761572768804055,2,0,1,3,1,0,0.016304709024940075,0.8750860591391355
6.761572768804055,2,0,1,3,1,1,0.016304709024940075,2.758954169497253e-7
6.761572768804055,2,0,2,0,0,0,0.016304709024940075,0.9858979207658521
6.761572768804055,2,0,2,0,0,1,0.016304709024940075,2.7532925223659146e-6
6.761572768804055,2,0,2,0,1,0,0.016304709024940075,0.8847391270140073
6.761572768804055,2,0,2,0,1,1,0.016304709024940075,3.022998620490718e-7
6.761572768804055,2,0,2,1,0,0,0.016304709024940075,0.9856194557118487
6.761572768804055,2,0,2,1,0,1,0.016304709024940075,2.6992152709657324e-6
6.761572768804055,2,0,2,1,1,0,0.016304709024940075,0.8827008007141275
6.761572768804055,2,0,2,1,1,1,0.016304709024940075,2.9636239453106355e-7
6.761572768804055,2,0,2,2,0,0,0.016304709024940075,0.9853355737686457
6.761572768804055,2,0,2,2,0,1,0.016304709024940075,2.646200144769033e-6
6.761572768804055,2,0,2,2,1,0,0.016304709024940075,0.8806312911230687
6.761572768804055,2,0,2,2,1,1,0.016304709024940075,2.905415446987074e-7
6.761572768804055,2,0,2,3,0,0,0.016304709024940075,0.9850461728228443
6.761572768804055,2,0,2,3,0,1,0.016304709024940075,2.5942262828036533e-6
6.761572768804055,2,0,2,3,1,0,0.016304709024940075,0.8785302936942774
6.761572768804055,2,0,2,3,1,1,0.016304709024940075,2.8483502206759174e-7
6.761572768804055,2,0,3,0,0,0,0.016304709024940075,0.9863344691943297
6.761572768804055,2,0,3,0,0,1,0.016304709024940075,2.8425048958196424e-6
6.761572768804055,2,0,3,0,1,0,0.016304709024940075,0.8879512791757996
6.761572768804055,2,0,3,0,1,1,0.016304709024940075,3.120950277321909e-7
6.761572768804055,2,0,3,1,0,0,0.016304709024940075,0.9860645025468965
6.761572768804055,2,0,3,1,0,1,0.016304709024940075,2.786675434487498e-6
6.761572768804055,2,0,3,1,1,0,0.016304709024940075,0.885962436206058
6.761572768804055,2,0,3,1,1,1,0.016304709024940075,3.0596517355582243e-7
6.761572768804055,2,0,3,2,0,0,0.016304709024940075,0.9857892794673067
6.761572768804055,2,0,3,2,0,1,0.016304709024940075,2.7319425131268055e-6
6.761572768804055,2,0,3,2,1,0,0.016304709024940075,0.8839429056509182
6.761572768804055,2,0,3,2,1,1,0.016304709024940075,2.9995571572548257e-7
6.761572768804055,2,0,3,3,0,0,0.016304709024940075,0.9855087006731023
6.761572768804055,2,0,3,3,0,1,0.016304709024940075,2.6782845948397714e-6
6.761572768804055,2,0,3,3,1,0,0.016304709024940075,0.8818923783052172
6.761572768804055,2,0,3,3,1,1,0.016304709024940075,2.9406428954029767e-7
6.761572768804055,2,1,0,0,0,0,0.016304709024940075,0.9891594964693247
6.761572768804055,2,1,0,0,0,1,0.016304709024940075,3.5935199457574937e-6
6.761572768804055,2,1,0,0,1,0,0.016304709024940075,0.9092432972399453
6.761572768804055,2,1,0,0,1,1,0.016304709024940075,3.9455357089409603e-7
6.761572768804055,2,1,0,1,0,0,0.016304709024940075,0.9889447135448527
6.761572768804055,2,1,0,1,0,1,0.016304709024940075,3.522939896646555e-6
6.761572768804055,2,1,0,1,1,0,0.016304709024940075,0.9075930532665583
6.761572768804055,2,1,0,1,1,1,0.016304709024940075,3.8680415022435125e-7
6.761572768804055,2,1,0,2,0,0,0.016304709024940075,0.9887257236291672
6.761572768804055,2,1,0,2,0,1,0.016304709024940075,3.4537461000686893e-6
6.761572768804055,2,1,0,2,1,0,0.016304709024940075,0.9059159075804735
6.761572768804055,2,1,0,2,1,1,0.016304709024940075,3.79206935750098e-7
6.761572768804055,2,1,0,3,0,0,0.016304709024940075,0.988502446259138
6.761572768804055,2,1,0,3,0,1,0.016304709024940075,3.3859113290246834e-6
6.761572768804055,2,1,0,3,1,0,0.016304709024940075,0.9042115350507867
6.761572768804055,2,1,0,3,1,1,0.016304709024940075,3.7175893799515296e-7
6.761572768804055,2,1,1,0,0,0,0.016304709024940075,0.9894961542327967
6.761572768804055,2,1,1,0,0,1,0.016304709024940075,3.7099573249011374e-6
6.761572768804055,2,1,1,0,1,0,0.016304709024940075,0.9118406007545731
6.761572768804055,2,1,1,0,1,1,0.016304709024940075,4.073379539351299e-7
6.761572768804055,2,1,1,1,0,0,0.016304709024940075,0.9892879692750051
6.761572768804055,2,1,1,1,0,1,0.016304709024940075,3.6370903464918786e-6
6.761572768804055,2,1,1,1,1,0,0.016304709024940075,0.9102329213654398
6.761572768804055,2,1,1,1,1,1,0.016304709024940075,3.993374354932856e-7
6.761572768804055,2,1,1,2,0,0,0.016304709024940075,0.9890757036707644
6.761572768804055,2,1,1,2,0,1,0.016304709024940075,3.5656545375396508e-6
6.761572768804055,2,1,1,2,1,0,0.016304709024940075,0.9085988630033682
6.761572768804055,2,1,1,2,1,1,0.016304709024940075,3.9149405504867693e-7
6.761572768804055,2,1,1,3,0,0,0.016304709024940075,0.9888592792577366
6.761572768804055,2,1,1,3,0,1,0.016304709024940075,3.4956217888570282e-6
6.761572768804055,2,1,1,3,1,0,0.016304709024940075,0.9069381005100315
6.761572768804055,2,1,1,3,1,1,0.016304709024940075,3.8380472625993596e-7
6.761572768804055,2,1,2,0,0,0,0.016304709024940075,0.9898224644785854
6.761572768804055,2,1,2,0,0,1,0.016304709024940075,3.830167498279438e-6
6.761572768804055,2,1,2,0,1,0,0.016304709024940075,0.914370574017
6.761572768804055,2,1,2,0,1,1,0.016304709024940075,4.2053657826825624e-7
6.761572768804055,2,1,2,1,0,0,0.016304709024940075,0.9896206791104465
6.761572768804055,2,1,2,1,0,1,0.016304709024940075,3.754939490227512e-6
6.761572768804055,2,1,2,1,1,0,0.016304709024940075,0.9128046194960893
6.761572768804055,2,1,2,1,1,1,0.016304709024940075,4.1227682595726397e-7
6.761572768804055,2,1,2,2,0,0,0.016304709024940075,0.9894149358187481
6.761572768804055,2,1,2,2,0,1,0.016304709024940075,3.68118902391889e-6
6.761572768804055,2,1,2,2,1,0,0.016304709024940075,0.9112128082238604
6.761572768804055,2,1,2,2,1,1,0.016304709024940075,4.0417930324576425e-7
6.761572768804055,2,1,2,3,0,0,0.016304709024940075,0.9892051586831143
6.761572768804055,2,1,2,3,0,1,0.016304709024940075,3.6088870793948814e-6
6.761572768804055,2,1,2,3,1,0,0.016304709024940075,0.9095948154441769
6.761572768804055,2,1,2,3,1,1,0.016304709024940075,3.962408237885865e-7
6.761572768804055,2,1,3,0,0,0,0.016304709024940075,0.9901387386650571
6.761572768804055,2,1,3,0,0,1,0.016304709024940075,3.9542727107045034e-6
6.761572768804055,2,1,3,0,1,0,0.016304709024940075,0.91683456479882
6.761572768804055,2,1,3,0,1,1,0.016304709024940075,4.341628661838485e-7
6.761572768804055,2,1,3,1,0,0,0.016304709024940075,0.9899431602102874
6.761572768804055,2,1,3,1,0,1,0.016304709024940075,3.876607171727116e-6
6.761572768804055,2,1,3,1,1,0,0.016304709024940075,0.9153094971236888
6.761572768804055,2,1,3,1,1,1,0.016304709024940075,4.256354802804134e-7
6.761572768804055,2,1,3,2,0,0,0.016304709024940075,0.9897437430261623
6.761572768804055,2,1,3,2,0,1,0.016304709024940075,3.800467049295749e-6
6.761572768804055,2,1,3,2,1,0,0.016304709024940075,0.9137590937431501
6.761572768804055,2,1,3,2,1,1,0.016304709024940075,4.1727558055708817e-7
6.761572768804055,2,1,3,3,0,0,0.016304709024940075,0.9895404133765006
6.761572768804055,2,1,3,3,0,1,0.016304709024940075,3.7258223831711967e-6
6.761572768804055,2,1,3,3,1,0,0.016304709024940075,0.912183030707549
6.761572768804055,2,1,3,3,1,1,0.016304709024940075,4.09079877424585e-7
6.761572768804055,2,2,0,0,0,0,0.016304709024940075,0.9921835550085506
6.761572768804055,2,2,0,0,0,1,0.016304709024940075,4.999025227294805e-6
6.761572768804055,2,2,0,0,1,0,0.016304709024940075,0.9330518615256433
6.761572768804055,2,2,0,0,1,1,0.016304709024940075,5.488729023416057e-7
6.761572768804055,2,2,0,1,0,0,0.016304709024940075,0.9920282048936557
6.761572768804055,2,2,0,1,0,1,0.016304709024940075,4.9008398922453406e-6
6.761572768804055,2,2,0,1,1,0,0.016304709024940075,0.9318020617116055
6.761572768804055,2,2,0,1,1,1,0.016304709024940075,5.380924996669228e-7
6.761572768804055,2,2,0,2,0,0,0.016304709024940075,0.9918697925297697
6.761572768804055,2,2,0,2,0,1,0.016304709024940075,4.804582995893885e-6
6.761572768804055,2,2,0,2,1,0,0.016304709024940075,0.9305306675309838
6.761572768804055,2,2,0,2,1,1,0.016304709024940075,5.275238345730647e-7
6.761572768804055,2,2,0,3,0,0,0.016304709024940075,0.9917082585693412
6.761572768804055,2,2,0,3,0,1,0.016304709024940075,4.7102166625187195e-6
6.761572768804055,2,2,0,3,1,0,0.016304709024940075,0.9292373711086699
6.761572768804055,2,2,0,3,1,1,0.016304709024940075,5.171627483325985e-7
6.761572768804055,2,2,1,0,0,0,0.016304709024940075,0.9924270179826762
6.761572768804055,2,2,1,0,0,1,0.016304709024940075,5.161003610581017e-6
6.761572768804055,2,2,1,0,1,0,0.016304709024940075,0.9350165009243223
6.761572768804055,2,2,1,0,1,1,0.016304709024940075,5.666575603046071e-7
6.761572768804055,2,2,1,1,0,0,0.016304709024940075,0.9922764689736961
6.761572768804055,2,2,1,1,0,1,0.016304709024940075,5.059636891033136e-6
6.761572768804055,2,2,1,1,1,0,0.016304709024940075,0.9338007752021477
6.761572768804055,2,2,1,1,1,1,0.016304709024940075,5.555278496809526e-7
6.761572768804055,2,2,1,2,0,0,0.016304709024940075,0.9921229508425982
6.761572768804055,2,2,1,2,0,1,0.016304709024940075,4.960261094499287e-6
6.761572768804055,2,2,1,2,1,0,0.016304709024940075,0.9325639457802521
6.761572768804055,2,2,1,2,1,1,0.016304709024940075,5.446167373780153e-7
6.761572768804055,2,2,1,3,0,0,0.016304709024940075,0.9919664059859631
6.761572768804055,2,2,1,3,0,1,0.016304709024940075,4.862837118051757e-6
6.761572768804055,2,2,1,3,1,0,0.016304709024940075,0.9313057080649481
6.761572768804055,2,2,1,3,1,1,0.016304709024940075,5.339199299172047e-7
6.761572768804055,2,2,2,0,0,0,0.016304709024940075,0.9926629537630444
6.761572768804055,2,2,2,0,0,1,0.016304709024940075,5.328230388436502e-6
6.761572768804055,2,2,2,0,1,0,0.016304709024940075,0.936927383907657
6.761572768804055,2,2,2,0,1,1,0.016304709024940075,5.850184789510446e-7
6.761572768804055,2,2,2,1,0,0,0.016304709024940075,0.9925170597336161
6.761572768804055,2,2,2,1,0,1,0.016304709024940075,5.223579202799397e-6
6.761572768804055,2,2,2,1,1,0,0.016304709024940075,0.9357449506944568
6.761572768804055,2,2,2,1,1,1,0.016304709024940075,5.735281420719e-7
6.761572768804055,2,2,2,2,0,0,0.016304709024940075,0.9923682869673008
6.761572768804055,2,2,2,2,0,1,0.016304709024940075,5.120983449035971e-6
6.761572768804055,2,2,2,2,1,0,0.016304709024940075,0.9345418989110068
6.761572768804055,2,2,2,2,1,1,0.016304709024940075,5.622634865551604e-7
6.761572768804055,2,2,2,3,0,0,0.016304709024940075,0.9922165795572057
6.761572768804055,2,2,2,3,0,1,0.016304709024940075,5.020402757251518e-6
6.761572768804055,2,2,2,3,1,0,0.016304709024940075,0.9333179274450757
6.761572768804055,2,2,2,3,1,1,0.016304709024940075,5.512200798048835e-7
6.761572768804055,2,2,3,0,0,0,0.016304709024940075,0.9928915916284825
6.761572768804055,2,2,3,0,0,1,0.016304709024940075,5.500875616560632e-6
6.761572768804055,2,2,3,0,1,0,0.016304709024940075,0.9387857548401591
6.761572768804055,2,2,3,0,1,1,0.016304709024940075,6.039743303285421e-7
6.761572768804055,2,2,3,1,0,0,0.016304709024940075,0.9927502107615004
6.761572768804055,2,2,3,1,0,1,0.016304709024940075,5.392833543318282e-6
6.761572768804055,2,2,3,1,1,0,0.016304709024940075,0.937635841845735
6.761572768804055,2,2,3,1,1,1,0.016304709024940075,5.921116821515011e-7
6.761572768804055,2,2,3,2,0,0,0.016304709024940075,0.9926060388763537
6.761572768804055,2,2,3,2,0,1,0.016304709024940075,5.286913500946873e-6
6.761572768804055,2,2,3,2,1,0,0.016304709024940075,0.9364657895750388
6.761572768804055,2,2,3,2,1,1,0.016304709024940075,5.804820278833403e-7
6.761572768804055,2,2,3,3,0,0,0.016304709024940075,0.9924590217161396
6.761572768804055,2,2,3,3,0,1,0.016304709024940075,5.183073811535802e-6
6.761572768804055,2,2,3,3,1,0,0.016304709024940075,0.9352753005793804
6.761572768804055,2,2,3,3,1,1,0.016304709024940075,5.690807913031009e-7
8.642944396721798,0,0,0,0,0,0,0.016304709024940075,0.9770516323814193
8.642944396721798,0,0,0,0,0,1,0.016304709024940075,1.6767554972563096e-6
8.642944396721798,0,0,0,0,1,0,0.016304709024940075,0.8237780608356967
8.642944396721798,0,0,0,0,1,1,0.016304709024940075,1.8410047811013628e-7
8.642944396721798,0,0,0,1,0,0,0.016304709024940075,0.976602630696081
8.642944396721798,0,0,0,1,0,1,0.016304709024940075,1.6438224094995683e-6
8.642944396721798,0,0,0,1,1,0,0.016304709024940075,0.8208799306070439
8.642944396721798,0,0,0,1,1,1,0.016304709024940075,1.8048456268072006e-7
8.642944396721798,0,0,0,2,0,0,0.016304709024940075,0.9761450584516197
8.642944396721798,0,0,0,2,0,1,0.016304709024940075,1.6115361581617935e-6
8.642944396721798,0,0,0,2,1,0,0.016304709024940075,0.8179446713982651
8.642944396721798,0,0,0,2,1,1,0.016304709024940075,1.769396673932038e-7
8.642944396721798,0,0,0,3,0,0,0.016304709024940075,0.9756787605182763
8.642944396721798,0,0,0,3,0,1,0.016304709024940075,1.5798840388157436e-6
8.642944396721798,0,0,0,3,1,0,0.016304709024940075,0.8149721537096924
8.642944396721798,0,0,0,3,1,1,0.016304709024940075,1.7346439734251117e-7
8.642944396721798,0,0,1,0,0,0,0.016304709024940075,0.9777558506542806
8.642944396721798,0,0,1,0,0,1,0.016304709024940075,1.7310859044510992e-6
8.642944396721798,0,0,1,0,1,0,0.016304709024940075,0.8283595209747222
8.642944396721798,0,0,1,0,1,1,0.016304709024940075,1.9006573027155588e-7
8.642944396721798,0,0,1,1,0,0,0.016304709024940075,0.9773203076843521
8.642944396721798,0,0,1,1,0,1,0.016304709024940075,1.6970857171474106e-6
8.642944396721798,0,0,1,1,1,0,0.016304709024940075,0.8255207784094432
8.642944396721798,0,0,1,1,1,1,0.016304709024940075,1.8633265141305412e-7
8.642944396721798,0,0,1,2,0,0,0.016304709024940075,0.9768764384171865
8.642944396721798,0,0,1,2,0,1,0.016304709024940075,1.6637533250180628e-6
8.642944396721798,0,0,1,2,1,0,0.016304709024940075,0.8226451382941377
8.642944396721798,0,0,1,2,1,1,0.016304709024940075,1.8267289390079494e-7
8.642944396721798,0,0,1,3,0,0,0.016304709024940075,0.9764240916446898
8.642944396721798,0,0,1,3,0,1,0.016304709024940075,1.6310756119904433e-6
8.642944396721798,0,0,1,3,1,0,0.016304709024940075,0.8197324533552227
8.642944396721798,0,0,1,3,1,1,0.016304709024940075,1.7908501763183015e-7
8.642944396721798,0,0,2,0,0,0,0.016304709024940075,0.9784389354153332
8.642944396721798,0,0,2,0,0,1,0.016304709024940075,1.7871767280425504e-6
8.642944396721798,0,0,2,0,1,0,0.016304709024940075,0.832846039972841
8.642944396721798,0,0,2,0,1,1,0.016304709024940075,1.96224269418062e-7
8.642944396721798,0,0,2,1,0,0,0.016304709024940075,0.9780164666063514
8.642944396721798,0,0,2,1,0,1,0.016304709024940075,1.7520748651017142e-6
8.642944396721798,0,0,2,1,1,0,0.016304709024940075,0.8300662772724916
8.642944396721798,0,0,2,1,1,1,0.016304709024940075,1.923702307851097e-7
8.642944396721798,0,0,2,2,0,0,0.016304709024940075,0.9775859095476274
8.642944396721798,0,0,2,2,0,1,0.016304709024940075,1.71766243519018e-6
8.642944396721798,0,0,2,2,1,0,0.016304709024940075,0.8272498757843084
8.642944396721798,0,0,2,2,1,1,0.016304709024940075,1.8859188926662278e-7
8.642944396721798,0,0,2,3,0,0,0.016304709024940075,0.9771471168837054
8.642944396721798,0,0,2,3,0,1,0.016304709024940075,1.683925897252139e-6
8.642944396721798,0,0,2,3,1,0,0.016304709024940075,0.8243966714121023
8.642944396721798,0,0,2,3,1,1,0.016304709024940075,1.8488775809727684e-7
8.642944396721798,0,0,3,0,0,0,0.016304709024940075,0.9791014920098718
8.642944396721798,0,0,3,0,0,1,0.016304709024940075,1.84508500891795e-6
8.642944396721798,0,0,3,0,1,0,0.016304709024940075,0.8372383282864437
8.642944396721798,0,0,3,0,1,1,0.016304709024940075,2.0258235846070838e-7
8.642944396721798,0,0,3,1,0,0,0.016304709024940075,0.9786917226514549
8.642944396721798,0,0,3,1,0,1,0.016304709024940075,1.8088457739255985e-6
8.642944396721798,0,0,3,1,1,0,0.016304709024940075,0.8345170957015904
8.642944396721798,0,0,3,1,1,1,0.016304709024940075,1.9860344069833886e-7
8.642944396721798,0,0,3,2,0,0,0.016304709024940075,0.978274096988402
8.642944396721798,0,0,3,2,0,1,0.016304709024940075,1.7733183109207703e-6
8.642944396721798,0,0,3,2,1,0,0.016304709024940075,0.8317595088997187
8.642944396721798,0,0,3,2,1,1,0.016304709024940075,1.9470267279856103e-7
8.642944396721798,0,0,3,3,0,0,0.016304709024940075,0.9778484714480835
8.642944396721798,0,0,3,3,0,1,0.016304709024940075,1.7384886400944902e-6
8.642944396721798,0,0,3,3,1,0,0.016304709024940075,0.8289653879086897
8.642944396721798,0,0,3,3,1,1,0.016304709024940075,1.908785198217172e-7
8.642944396721798,0,1,0,0,0,0,0.016304709024940075,0.9833965971320046
8.642944396721798,0,1,0,0,0,1,0.016304709024940075,2.332573477076049e-6
8.642944396721798,0,1,0,0,1,0,0.016304709024940075,0.8667206092173467
8.642944396721798,0,1,0,0,1,1,0.016304709024940075,2.561065962002977e-7
8.642944396721798,0,1,0,1,0,0,0.016304709024940075,0.9830695881738962
8.642944396721798,0,1,0,1,0,1,0.016304709024940075,2.2867595240247363e-6
8.642944396721798,0,1,0,1,1,0,0.016304709024940075,0.8644124683827114
8.642944396721798,0,1,0,1,1,1,0.016304709024940075,2.510764097667266e-7
8.642944396721798,0,1,0,2,0,0,0.016304709024940075,0.9827362517421944
8.642944396721798,0,1,0,2,0,1,0.016304709024940075,2.241845398399807e-6
8.642944396721798,0,1,0,2,1,0,0.016304709024940075,0.8620707162193687
8.642944396721798,0,1,0,2,1,1,0.016304709024940075,2.4614502113728674e-7
8.642944396721798,0,1,0,3,0,0,0.016304709024940075,0.9823964698968939
8.642944396721798,0,1,0,3,0,1,0.016304709024940075,2.1978134268561645e-6
8.642944396721798,0,1,0,3,1,0,0.016304709024940075,0.8596950839968378
8.642944396721798,0,1,0,3,1,1,0.016304709024940075,2.413104898269755e-7
8.642944396721798,0,1,1,0,0,0,0.016304709024940075,0.9839093135748345
8.642944396721798,0,1,1,0,0,1,0.016304709024940075,2.4081537159504404e-6
8.642944396721798,0,1,1,0,1,0,0.016304709024940075,0.8703613323676301
8.642944396721798,0,1,1,0,1,1,0.016304709024940075,2.6440500111835903e-7
8.642944396721798,0,1,1,1,0,0,0.016304709024940075,0.9835922342348473
8.642944396721798,0,1,1,1,0,1,0.016304709024940075,2.3608552989048954e-6
8.642944396721798,0,1,1,1,1,0,0.016304709024940075,0.8681066471189195
8.642944396721798,0,1,1,1,1,1,0.016304709024940075,2.592118258604532e-7
8.642944396721798,0,1,1,2,0,0,0.016304709024940075,0.9832690128525489
8.642944396721798,0,1,1,2,0,1,0.016304709024940075,2.3144858653633415e-6
8.642944396721798,0,1,1,2,1,0,0.016304709024940075,0.8658187936789736
8.642944396721798,0,1,1,2,1,1,0.016304709024940075,2.541206496656961e-7
8.642944396721798,0,1,1,3,0,0,0.016304709024940075,0.9829395346776213
8.642944396721798,0,1,1,3,0,1,0.016304709024940075,2.269027169336806e-6
8.642944396721798,0,1,1,3,1,0,0.016304709024940075,0.8634974948258581
8.642944396721798,0,1,1,3,1,1,0.016304709024940075,2.4912946917330547e-7
8.642944396721798,0,1,2,0,0,0,0.016304709024940075,0.984406448287888
8.642944396721798,0,1,2,0,0,1,0.016304709024940075,2.486182905892138e-6
8.642944396721798,0,1,2,0,1,0,0.016304709024940075,0.87391707116117
8.642944396721798,0,1,2,0,1,1,0.016304709024940075,2.729722921424709e-7
8.642944396721798,0,1,2,1,0,0,0.016304709024940075,0.9840990070491048
8.642944396721798,0,1,2,1,0,1,0.016304709024940075,2.4373519254775395e-6
8.642944396721798,0,1,2,1,1,0,0.016304709024940075,0.871715112573797
8.642944396721798,0,1,2,1,1,1,0.016304709024940075,2.6761084687575615e-7
8.642944396721798,0,1,2,2,0,0,0.016304709024940075,0.9837856041632621
8.642944396721798,0,1,2,2,0,1,0.016304709024940075,2.389480029346295e-6
8.642944396721798,0,1,2,2,1,0,0.016304709024940075,0.8694804415504417
8.642944396721798,0,1,2,2,1,1,0.016304709024940075,2.6235470565869764e-7
8.642944396721798,0,1,2,3,0,0,0.016304709024940075,0.9834661279995129
8.642944396721798,0,1,2,3,0,1,0.016304709024940075,2.3425483803114144e-6
8.642944396721798,0,1,2,3,1,0,0.016304709024940075,0.8672127731683074
8.642944396721798,0,1,2,3,1,1,0.016304709024940075,2.572018002174326e-7
8.642944396721798,0,1,3,0,0,0,0.016304709024940075,0.9848884595233355
8.642944396721798,0,1,3,0,0,1,0.016304709024940075,2.5667403974181054e-6
8.642944396721798,0,1,3,0,1,0,0.016304709024940075,0.8773890218860053
8.642944396721798,0,1,3,0,1,1,0.016304709024940075,2.818171817539635e-7
8.642944396721798,0,1,3,1,0,0,0.016304709024940075,0.9845903728181798
8.642944396721798,0,1,3,1,0,1,0.016304709024940075,2.516327195766631e-6
8.642944396721798,0,1,3,1,1,0,0.016304709024940075,0.8752390423699632
8.642944396721798,0,1,3,1,1,1,0.016304709024940075,2.762820141725473e-7
8.642944396721798,0,1,3,2,0,0,0.016304709024940075,0.9842864999374089
8.642944396721798,0,1,3,2,0,1,0.016304709024940075,2.466904154488865e-6
8.642944396721798,0,1,3,2,1,0,0.016304709024940075,0.8730568175521659
8.642944396721798,0,1,3,2,1,1,0.016304709024940075,2.7085556271576526e-7
8.642944396721798,0,1,3,3,0,0,0.016304709024940075,0.9839767322999367
8.642944396721798,0,1,3,3,0,1,0.016304709024940075,2.4184518260444063e-6
8.642944396721798,0,1,3,3,1,0,0.016304709024940075,0.8708420555748544
8.642944396721798,0,1,3,3,1,1,0.016304709024940075,2.655356920933607e-7
8.642944396721798,0,2,0,0,0,0,0.016304709024940075,0.9880087811280207
8.642944396721798,0,2,0,0,0,1,0.016304709024940075,3.2448962530544396e-6
8.642944396721798,0,2,0,0,1,0,0.016304709024940075,0.9004631400178512
8.642944396721798,0,2,0,0,1,1,0.016304709024940075,3.5627602624048805e-7
8.642944396721798,0,2,0,1,0,0,0.016304709024940075,0.9877714809325148
8.642944396721798,0,2,0,1,0,1,0.016304709024940075,3.181163473319497e-6
8.642944396721798,0,2,0,1,1,0,0.016304709024940075,0.8986710370281166
8.642944396721798,0,2,0,1,1,1,0.016304709024940075,3.4927841397903364e-7
8.642944396721798,0,2,0,2,0,0,0.016304709024940075,0.9875295439580474
8.642944396721798,0,2,0,2,0,1,0.016304709024940075,3.1186824607377274e-6
8.642944396721798,0,2,0,2,1,0,0.016304709024940075,0.8968503643717683
8.642944396721798,0,2,0,2,1,1,0.016304709024940075,3.4241824167140304e-7
8.642944396721798,0,2,0,3,0,0,0.016304709024940075,0.9872828819709643
8.642944396721798,0,2,0,3,0,1,0.016304709024940075,3.057428629666787e-6
8.642944396721798,0,2,0,3,1,0,0.016304709024940075,0.8950008001970449
8.642944396721798,0,2,0,3,1,1,0.016304709024940075,3.356928098642101e-7
8.642944396721798,0,2,1,0,0,0,0.016304709024940075,0.9883807552084758
8.642944396721798,0,2,1,0,0,1,0.016304709024940075,3.350037550999013e-6
8.642944396721798,0,2,1,0,1,0,0.016304709024940075,0.9032849891934109
8.642944396721798,0,2,1,0,1,1,0.016304709024940075,3.678201350860085e-7
8.642944396721798,0,2,1,1,0,0,0.016304709024940075,0.9881507279098435
8.642944396721798,0,2,1,1,0,1,0.016304709024940075,3.2842397051871403e-6
8.642944396721798,0,2,1,1,1,0,0.016304709024940075,0.9015381365539455
8.642944396721798,0,2,1,1,1,1,0.016304709024940075,3.6059578523199745e-7
8.642944396721798,0,2,1,2,0,0,0.016304709024940075,0.9879162024137884
8.642944396721798,0,2,1,2,0,1,0.016304709024940075,3.2197341859561237e-6
8.642944396721798,0,2,1,2,1,0,0.016304709024940075,0.8997632337450797
8.642944396721798,0,2,1,2,1,1,0.016304709024940075,3.535133286768693e-7
8.642944396721798,0,2,1,3,0,0,0.016304709024940075,0.9876770929826869
8.642944396721798,0,2,1,3,0,1,0.016304709024940075,3.156495611056431e-6
8.642944396721798,0,2,1,3,1,0,0.016304709024940075,0.8979599573368322
8.642944396721798,0,2,1,3,1,1,0.016304709024940075,3.465699784993673e-7
8.642944396721798,0,2,2,0,0,0,0.016304709024940075,0.9887413219409782
8.642944396721798,0,2,2,0,0,1,0.016304709024940075,3.4585856309907333e-6
8.642944396721798,0,2,2,0,1,0,0.016304709024940075,0.9060351875448428
8.642944396721798,0,2,2,0,1,1,0.016304709024940075,3.7973829772301494e-7
8.642944396721798,0,2,2,1,0,0,0.016304709024940075,0.9885183498948766
8.642944396721798,0,2,2,1,0,1,0.016304709024940075,3.390655807401043e-6
8.642944396721798,0,2,2,1,1,0,0.016304709024940075,0.9043327476342222
8.642944396721798,0,2,2,1,1,1,0.016304709024940075,3.7227986349938964e-7
8.642944396721798,0,2,2,2,0,0,0.016304709024940075,0.988291014301451
8.642944396721798,0,2,2,2,0,1,0.016304709024940075,3.3240601839979316e-6
8.642944396721798,0,2,2,2,1,0,0.016304709024940075,0.902602778916278
8.642944396721798,0,2,2,2,1,1,0.016304709024940075,3.6496792021728686e-7
8.642944396721798,0,2,2,3,0,0,0.016304709024940075,0.9880592318569822
8.642944396721798,0,2,2,3,0,1,0.016304709024940075,3.258772556114182e-6
8.642944396721798,0,2,2,3,1,0,0.016304709024940075,0.9008449568967044
8.642944396721798,0,2,2,3,1,1,0.016304709024940075,3.5779959065344583e-07
8.642944396721798,0,2,3,0,0,0,0.016304709024940075,0.9890908231168558
8.642944396721798,0,2,3,0,0,1,0.016304709024940075,3.570650878601772e-6
8.642944396721798,0,2,3,0,1,0,0.016304709024940075,0.9087150842612768
8.642944396721798,0,2,3,0,1,1,0.016304709024940075,3.9204263428419325e-7
8.642944396721798,0,2,3,1,0,0,0.016304709024940075,0.9888746948703405
8.642944396721798,0,2,3,1,0,1,0.016304709024940075,3.5005199975091343e-6
8.642944396721798,0,2,3,1,1,0,0.016304709024940075,0.9070562174952135
8.642944396721798,0,2,3,1,1,1,0.016304709024940075,3.843425308631605e-7
8.642944396721798,0,2,3,2,0,0,0.016304709024940075,0.9886543338937172
8.642944396721798,0,2,3,2,0,1,0.016304709024940075,3.4317665469666657e-6
8.642944396721798,0,2,3,2,1,0,0.016304709024940075,0.9053703443576099
8.642944396721798,0,2,3,2,1,1,0.016304709024940075,3.7679366499939663e-7
8.642944396721798,0,2,3,3,0,0,0.016304709024940075,0.9884296592560533
8.642944396721798,0,2,3,3,0,1,0.016304709024940075,3.364363473242879e-6
8.642944396721798,0,2,3,3,1,0,0.016304709024940075,0.9036571397769376
8.642944396721798,0,2,3,3,1,1,0.016304709024940075,3.6939306624167126e-7
8.642944396721798,1,0,0,0,0,0,0.016304709024940075,0.9867756599524258
8.642944396721798,1,0,0,0,0,1,0.016304709024940075,2.93865021220897e-6
8.642944396721798,1,0,0,0,1,0,0.016304709024940075,0.8912184552987514
8.642944396721798,1,0,0,0,1,1,0.016304709024940075,3.226514048649477e-7
8.642944396721798,1,0,0,1,0,0,0.016304709024940075,0.9865142899923551
8.642944396721798,1,0,0,1,0,1,0.016304709024940075,2.8809323721558633e-6
8.642944396721798,1,0,0,1,1,0,0.016304709024940075,0.8892803730146415
8.642944396721798,1,0,0,1,1,1,0.016304709024940075,3.1631421309510273e-7
8.642944396721798,1,0,0,2,0,0,0.016304709024940075,0.9862478262282912
8.642944396721798,1,0,0,2,0,1,0.016304709024940075,2.824348161289939e-6
8.642944396721798,1,0,0,2,1,0,0.016304709024940075,0.887312127301731
8.642944396721798,1,0,0,2,1,1,0.016304709024940075,3.10101489982354e-7
8.642944396721798,1,0,0,3,0,0,0.016304709024940075,0.9859761722597203
8.642944396721798,1,0,0,3,0,1,0.016304709024940075,2.7688753142605722e-6
8.642944396721798,1,0,0,3,1,0,0.016304709024940075,0.8853134047926043
8.642944396721798,1,0,0,3,1,1,0.016304709024940075,3.040107908417946e-7
8.642944396721798,1,0,1,0,0,0,0.016304709024940075,0.9871853899823961
8.642944396721798,1,0,1,0,0,1,0.016304709024940075,3.0338685400412074e-6
8.642944396721798,1,0,1,0,1,0,0.016304709024940075,0.894271616511009
8.642944396721798,1,0,1,0,1,1,0.016304709024940075,3.331060040854622e-7
8.642944396721798,1,0,1,1,0,0,0.016304709024940075,0.9869320108105648
8.642944396721798,1,0,1,1,0,1,0.016304709024940075,2.9742805284899613e-6
8.642944396721798,1,0,1,1,1,0,0.016304709024940075,0.8923813616388886
8.642944396721798,1,0,1,1,1,1,0.016304709024940075,3.265634737443209e-7
8.642944396721798,1,0,1,2,0,0,0.016304709024940075,0.9866736892849609
8.642944396721798,1,0,1,2,0,1,0.016304709024940075,2.9158628777240707e-6
8.642944396721798,1,0,1,2,1,0,0.016304709024940075,0.8904614515128427
8.642944396721798,1,0,1,2,1,1,0.016304709024940075,3.201494451084502e-7
8.642944396721798,1,0,1,3,0,0,0.016304709024940075,0.9864103317003694
8.642944396721798,1,0,1,3,0,1,0.016304709024940075,2.8585926009644185e-6
8.642944396721798,1,0,1,3,1,0,0.016304709024940075,0.8885115694156417
8.642944396721798,1,0,1,3,1,1,0.016304709024940075,3.138613942800724e-7
8.642944396721798,1,0,2,0,0,0,0.016304709024940075,0.9875825850850846
8.642944396721798,1,0,2,0,0,1,0.016304709024940075,3.1321721284190682e-6
8.642944396721798,1,0,2,0,1,0,0.016304709024940075,0.8972489646970347
8.642944396721798,1,0,2,0,1,1,0.016304709024940075,3.438993546816894e-7
8.642944396721798,1,0,2,1,0,0,0.016304709024940075,0.9873369587829959
8.642944396721798,1,0,2,1,0,1,0.016304709024940075,3.0706533485120495e-6
8.642944396721798,1,0,2,1,1,0,0.016304709024940075,0.8954057142369095
8.642944396721798,1,0,2,1,1,1,0.016304709024940075,3.37144832364767e-7
8.642944396721798,1,0,2,2,0,0,0.016304709024940075,0.9870865373294203
8.642944396721798,1,0,2,2,0,1,0.016304709024940075,3.010342851142895e-6
8.642944396721798,1,0,2,2,1,0,0.016304709024940075,0.8935333212998156
8.642944396721798,1,0,2,2,1,1,0.016304709024940075,3.3052297548041683e-7
8.642944396721798,1,0,2,3,0,0,0.016304709024940075,0.9868312296493633
8.642944396721798,1,0,2,3,0,1,0.016304709024940075,2.951216904729338e-6
8.642944396721798,1,0,2,3,1,0,0.016304709024940075,0.8916314664174978
8.642944396721798,1,0,2,3,1,1,0.016304709024940075,3.240311783513381e-7
8.642944396721798,1,0,3,0,0,0,0.016304709024940075,0.9879676189880174
8.642944396721798,1,0,3,0,0,1,0.016304709024940075,3.2336609451980856e-6
8.642944396721798,1,0,3,0,1,0,0.016304709024940075,0.9001518310652828
8.642944396721798,1,0,3,0,1,1,0.016304709024940075,3.5504243291507443e-7
8.642944396721798,1,0,3,1,0,0,0.016304709024940075,0.9877295143310247
8.642944396721798,1,0,3,1,0,1,0.016304709024940075,3.1701488366572294e-6
8.642944396721798,1,0,3,1,1,0,0.016304709024940075,0.8983547558309548
8.642944396721798,1,0,3,1,1,1,0.016304709024940075,3.480690496337916e-7
8.642944396721798,1,0,3,2,0,0,0.016304709024940075,0.9874867575803191
8.642944396721798,1,0,3,2,0,1,0.016304709024940075,3.107884161122827e-6
8.642944396721798,1,0,3,2,1,0,0.016304709024940075,0.8965290545719314
8.642944396721798,1,0,3,2,1,1,0.016304709024940075,3.412326304257732e-7
8.642944396721798,1,0,3,3,0,0,0.016304709024940075,0.9872392602269662
8.642944396721798,1,0,3,3,0,1,0.016304709024940075,3.0468424180773546e-6
8.642944396721798,1,0,3,3,1,0,0.016304709024940075,0.8946744056402484
8.642944396721798,1,0,3,3,1,1,0.016304709024940075,3.345304851843787e-7
8.642944396721798,1,1,0,0,0,0,0.016304709024940075,0.9904582969892762
8.642944396721798,1,1,0,0,0,1,0.016304709024940075,4.08802247642851e-6
8.642944396721798,1,1,0,0,1,0,0.016304709024940075,0.9193360539818064
8.642944396721798,1,1,0,0,1,1,0.016304709024940075,4.48848093332117e-7
8.642944396721798,1,1,0,1,0,0,0.016304709024940075,0.9902689940492306
8.642944396721798,1,1,0,1,0,1,0.016304709024940075,4.007729980037814e-6
8.642944396721798,1,1,0,1,1,0,0.016304709024940075,0.9178527479630054
8.642944396721798,1,1,0,1,1,1,0.016304709024940075,4.4003227524430325e-7
8.642944396721798,1,1,0,2,0,0,0.016304709024940075,0.9900759730576443
8.642944396721798,1,1,0,2,0,1,0.016304709024940075,3.929014495437995e-6
8.642944396721798,1,1,0,2,1,0,0.016304709024940075,0.9163446478563774
8.642944396721798,1,1,0,2,1,1,0.016304709024940075,4.313896084212159e-7
8.642944396721798,1,1,0,3,0,0,0.016304709024940075,0.9898791624964147
8.642944396721798,1,1,0,3,0,1,0.016304709024940075,3.851845049039346e-6
8.642944396721798,1,1,0,3,1,0,0.016304709024940075,0.914811430957669
8.642944396721798,1,1,0,3,1,1,0.016304709024940075,4.2291669200605776e-7
8.642944396721798,1,1,1,0,0,0,0.016304709024940075,0.9907549967760962
8.642944396721798,1,1,1,0,0,1,0.016304709024940075,4.2204826790182595e-6
8.642944396721798,1,1,1,0,1,0,0.016304709024940075,0.9216694029853741
8.642944396721798,1,1,1,0,1,1,0.016304709024940075,4.633917346879449e-7
8.642944396721798,1,1,1,1,0,0,0.016304709024940075,0.9905715241872143
8.642944396721798,1,1,1,1,0,1,0.016304709024940075,4.137588553993208e-6
8.642944396721798,1,1,1,1,1,0,0.016304709024940075,0.9202252809996543
8.642944396721798,1,1,1,1,1,1,0.016304709024940075,4.542902653069967e-7
8.642944396721798,1,1,1,2,0,0,0.016304709024940075,0.9903844458137704
8.642944396721798,1,1,1,2,0,1,0.016304709024940075,4.056322538502867e-6
8.642944396721798,1,1,1,2,1,0,0.016304709024940075,0.918756881691884
8.642944396721798,1,1,1,2,1,1,0.016304709024940075,4.4536755765570277e-7
8.642944396721798,1,1,1,3,0,0,0.016304709024940075,0.9901936922071788
8.642944396721798,1,1,1,3,0,1,0.016304709024940075,3.976652655379222e-6
8.642944396721798,1,1,1,3,1,0,0.016304709024940075,0.9172638839140823
8.642944396721798,1,1,1,3,1,1,0.016304709024940075,4.3662010068255063e-7
8.642944396721798,1,1,2,0,0,0,0.016304709024940075,0.9910425541031068
8.642944396721798,1,1,2,0,0,1,0.016304709024940075,4.357234841576482e-6
8.642944396721798,1,1,2,0,1,0,0.016304709024940075,0.9239408398442566
8.642944396721798,1,1,2,0,1,1,0.016304709024940075,4.784066210057924e-7
8.642944396721798,1,1,2,1,0,0,0.016304709024940075,0.9908647356413498
8.642944396721798,1,1,2,1,0,1,0.016304709024940075,4.27165479095969e-6
8.642944396721798,1,1,2,1,1,0,0.016304709024940075,0.922535074943388
8.642944396721798,1,1,2,1,1,1,0.016304709024940075,4.6901024462984187e-7
8.642944396721798,1,1,2,2,0,0,0.016304709024940075,0.9906834204062468
8.642944396721798,1,1,2,2,0,1,0.016304709024940075,4.1877556032430704e-6
8.642944396721798,1,1,2,2,1,0,0.016304709024940075,0.9211055465510255
8.642944396721798,1,1,2,2,1,1,0.016304709024940075,4.597984222389838e-7
8.642944396721798,1,1,2,3,0,0,0.016304709024940075,0.9904985409642554
8.642944396721798,1,1,2,3,0,1,0.016304709024940075,4.1055042651643325e-6
8.642944396721798,1,1,2,3,1,0,0.016304709024940075,0.919651935406438
8.642944396721798,1,1,2,3,1,1,0.016304709024940075,4.5076752901647976e-7
8.642944396721798,1,1,3,0,0,0,0.016304709024940075,0.9913212455726976
8.642944396721798,1,1,3,0,0,1,0.016304709024940075,4.498418030455791e-6
8.642944396721798,1,1,3,0,1,0,0.016304709024940075,0.9261516869830096
8.642944396721798,1,1,3,0,1,1,0.016304709024940075,4.939080216114711e-7
8.642944396721798,1,1,3,1,0,0,0.016304709024940075,0.9911489101354046
8.642944396721798,1,1,3,1,0,1,0.016304709024940075,4.410065025980605e-6
8.642944396721798,1,1,3,1,1,0,0.016304709024940075,0.9247834575952619
8.642944396721798,1,1,3,1,1,1,0.016304709024940075,4.842071826350422e-7
8.642944396721798,1,1,3,2,0,0,0.016304709024940075,0.9909731837663639
8.642944396721798,1,1,3,2,0,1,0.016304709024940075,4.323447347034734e-6
8.642944396721798,1,1,3,2,1,0,0.016304709024940075,0.9233919751089843
8.642944396721798,1,1,3,2,1,1,0.016304709024940075,4.746968775800255e-7
8.642944396721798,1,1,3,3,0,0,0.016304709024940075,0.9907940009936955
8.642944396721798,1,1,3,3,0,1,0.016304709024940075,4.238530910692196e-6
8.642944396721798,1,1,3,3,1,0,0.016304709024940075,0.9219769224589425
8.642944396721798,1,1,3,3,1,1,0.016304709024940075,4.653733641782348e-7
8.642944396721798,1,2,0,0,0,0,0.016304709024940075,0.9931225622221088
8.642944396721798,1,2,0,0,0,1,0.016304709024940075,5.686937555740556e-6
8.642944396721798,1,2,0,0,1,0,0.016304709024940075,0.9406697124722083
8.642944396721798,1,2,0,0,1,1,0.016304709024940075,6.244032968900307e-7
8.642944396721798,1,2,0,1,0,0,0.016304709024940075,0.9929857427325711
8.642944396721798,1,2,0,1,0,1,0.016304709024940075,5.575241081456503e-6
8.642944396721798,1,2,0,1,1,0,0.016304709024940075,0.9395529109983767
8.642944396721798,1,2,0,1,1,1,0.016304709024940075,6.121394040202558e-7
8.642944396721798,1,2,0,2,0,0,0.016304709024940075,0.9928462209678178
8.642944396721798,1,2,0,2,0,1,0.016304709024940075,5.465738412547239e-6
8.642944396721798,1,2,0,2,1,0,0.016304709024940075,0.9384164637211462
8.642944396721798,1,2,0,2,1,1,0.016304709024940075,6.001163858845045e-7
8.642944396721798,1,2,0,3,0,0,0.016304709024940075,0.9927039443437151
8.642944396721798,1,2,0,3,0,1,0.016304709024940075,5.358386461440361e-6
8.642944396721798,1,2,0,3,1,0,0.016304709024940075,0.9372600771889938
8.642944396721798,1,2,0,3,1,1,0.016304709024940075,5.883295114753267e-7
8.642944396721798,1,2,1,0,0,0,0.016304709024940075,0.9933369738523979
8.642944396721798,1,2,1,0,0,1,0.016304709024940075,5.871205539003639e-6
8.642944396721798,1,2,1,0,1,0,0.016304709024940075,0.9424245953349589
8.642944396721798,1,2,1,0,1,1,0.016304709024940075,6.446352998780751e-7
8.642944396721798,1,2,1,1,0,0,0.016304709024940075,0.9932043906724167
8.642944396721798,1,2,1,1,0,1,0.016304709024940075,5.755889899679816e-6
8.642944396721798,1,2,1,1,1,0,0.016304709024940075,0.9413387668600691
8.642944396721798,1,2,1,1,1,1,0.016304709024940075,6.31974030886787e-7
8.642944396721798,1,2,1,2,0,0,0.016304709024940075,0.9930691877142568
8.642944396721798,1,2,1,2,0,1,0.016304709024940075,5.642839148128549e-6
8.642944396721798,1,2,1,2,1,0,0.016304709024940075,0.9402337591414455
8.642944396721798,1,2,1,2,1,1,0.016304709024940075,6.195614414716532e-7
8.642944396721798,1,2,1,3,0,0,0.016304709024940075,0.9929313139519835
8.642944396721798,1,2,1,3,0,1,0.016304709024940075,5.532008800710607e-6
8.642944396721798,1,2,1,3,1,0,0.016304709024940075,0.9391092827105689
8.642944396721798,1,2,1,3,1,1,0.016304709024940075,6.073926473311312e-7
8.642944396721798,1,2,2,0,0,0,0.016304709024940075,0.9935447444151382
8.642944396721798,1,2,2,0,0,1,0.016304709024940075,6.061444131844787e-6
8.642944396721798,1,2,2,0,1,0,0.016304709024940075,0.944130654806
8.642944396721798,1,2,2,0,1,1,0.016304709024940075,6.655228626213715e-7
8.642944396721798,1,2,2,1,0,0,0.016304709024940075,0.9934162681234541
8.642944396721798,1,2,2,1,0,1,0.016304709024940075,5.942392061484797e-6
8.642944396721798,1,2,2,1,1,0,0.016304709024940075,0.9430750578645892
8.642944396721798,1,2,2,1,1,1,0.016304709024940075,6.524513416969865e-7
8.642944396721798,1,2,2,2,0,0,0.016304709024940075,0.9932852521023189
8.642944396721798,1,2,2,2,0,1,0.016304709024940075,5.825678264410608e-6
8.642944396721798,1,2,2,2,1,0,0.016304709024940075,0.9420007416625749
8.642944396721798,1,2,2,2,1,1,0.016304709024940075,6.396365580833437e-7
8.642944396721798,1,2,2,3,0,0,0.016304709024940075,0.9931516468406574
8.642944396721798,1,2,2,3,0,1,0.016304709024940075,5.711256815684809e-6
8.642944396721798,1,2,2,3,1,0,0.016304709024940075,0.9409074208466448
8.642944396721798,1,2,2,3,1,1,0.016304709024940075,6.270734692177854e-7
8.642944396721798,1,2,3,0,0,0,0.016304709024940075,0.993746076938804
8.642944396721798,1,2,3,0,0,1,0.016304709024940075,6.257846790223826e-6
8.642944396721798,1,2,3,0,1,0,0.016304709024940075,0.9457890687460645
8.642944396721798,1,2,3,0,1,1,0.016304709024940075,6.8708722661596e-7
8.642944396721798,1,2,3,1,0,0,0.016304709024940075,0.993621581960745
8.642944396721798,1,2,3,1,0,1,0.016304709024940075,6.134937223342096e-6
8.642944396721798,1,2,3,1,1,0,0.016304709024940075,0.9447629726985338
8.642944396721798,1,2,3,1,1,1,0.016304709024940075,6.735921607449844e-7
8.642944396721798,1,2,3,2,0,0,0.016304709024940075,0.99349462492198
8.642944396721798,1,2,3,2,0,1,0.016304709024940075,6.014441692993701e-6
8.642944396721798,1,2,3,2,1,0,0.016304709024940075,0.9437186106038994
8.642944396721798,1,2,3,2,1,1,0.016304709024940075,6.603621510059585e-7
8.642944396721798,1,2,3,3,0,0,0.016304709024940075,0.9933651577839843
8.642944396721798,1,2,3,3,0,1,0.016304709024940075,5.896312786246395e-6
8.642944396721798,1,2,3,3,1,0,0.016304709024940075,0.9426557013414036
8.642944396721798,1,2,3,3,1,1,0.016304709024940075,6.473919914471752e-7
8.642944396721798,2,0,0,0,0,0,0.016304709024940075,0.9924112793374043
8.642944396721798,2,0,0,0,0,1,0.016304709024940075,5.150218313127312e-6
8.642944396721798,2,0,0,0,1,0,0.016304709024940075,0.9348892760588113
8.642944396721798,2,0,0,0,1,1,0.016304709024940075,5.654733723397156e-7
8.642944396721798,2,0,0,1,0,0,0.016304709024940075,0.9922604198880911
8.642944396721798,2,0,0,1,0,1,0.016304709024940075,5.049063425382818e-6
8.642944396721798,2,0,0,1,1,0,0.016304709024940075,0.9336713390299434
8.642944396721798,2,0,0,1,1,1,0.016304709024940075,5.543669203170039e-7
8.642944396721798,2,0,0,2,0,0,0.016304709024940075,0.9921065852921217
8.642944396721798,2,0,0,2,0,1,0.016304709024940075,4.9498953001488535e-6
8.642944396721798,2,0,0,2,1,0,0.016304709024940075,0.9324322662784809
8.642944396721798,2,0,0,2,1,1,0.016304709024940075,5.434786097940123e-7
8.642944396721798,2,0,0,3,0,0,0.016304709024940075,0.9919497178331272
8.642944396721798,2,0,0,3,0,1,0.016304709024940075,4.852674916210811e-6
8.642944396721798,2,0,0,3,1,0,0.016304709024940075,0.9311717529891349
8.642944396721798,2,0,0,3,1,1,0.016304709024940075,5.328041562645249e-7
8.642944396721798,2,0,1,0,0,0,0.016304709024940075,0.9926477018216701
8.642944396721798,2,0,1,0,0,1,0.016304709024940075,5.317095627760608e-6
8.642944396721798,2,0,1,0,1,0,0.016304709024940075,0.936803647316438
8.642944396721798,2,0,1,0,1,1,0.016304709024940075,5.837959207821441e-7
8.642944396721798,2,0,1,1,0,0,0.016304709024940075,0.9925015068048437
8.642944396721798,2,0,1,1,0,1,0.016304709024940075,5.212663137590365e-6
8.642944396721798,2,0,1,1,1,0,0.016304709024940075,0.9356190537909286
8.642944396721798,2,0,1,1,1,1,0.016304709024940075,5.723295961311257e-7
8.642944396721798,2,0,1,2,0,0,0.016304709024940075,0.9923524272041304
8.642944396721798,2,0,1,2,0,1,0.016304709024940075,5.110281783986585e-6
8.642944396721798,2,0,1,2,1,0,0.016304709024940075,0.9344138100450117
8.642944396721798,2,0,1,2,1,1,0.016304709024940075,5.610884812195956e-7
8.642944396721798,2,0,1,3,0,0,0.016304709024940075,0.9922004070027779
8.642944396721798,2,0,1,3,0,1,0.016304709024940075,5.009911281415205e-6
8.642944396721798,2,0,1,3,1,0,0.016304709024940075,0.9331876147322903
8.642944396721798,2,0,1,3,1,1,0.016304709024940075,5.500681527147079e-7
8.642944396721798,2,0,2,0,0,0,0.016304709024940075,0.9928768115592802
8.642944396721798,2,0,2,0,0,1,0.016304709024940075,5.489380069544018e-6
8.642944396721798,2,0,2,0,1,0,0.016304709024940075,0.9386654253574133
8.642944396721798,2,0,2,0,1,1,0.016304709024940075,6.027121586810658e-7
8.642944396721798,2,0,2,1,0,0,0.016304709024940075,0.9927351388787985
8.642944396721798,2,0,2,1,0,1,0.016304709024940075,5.381563777819974e-6
8.642944396721798,2,0,2,1,1,0,0.016304709024940075,0.9375134024213835
8.642944396721798,2,0,2,1,1,1,0.016304709024940075,5.908743007783696e-7
8.642944396721798,2,0,2,2,0,0,0.016304709024940075,0.9925906695058141
8.642944396721798,2,0,2,2,0,1,0.016304709024940075,5.275865082488439e-6
8.642944396721798,2,0,2,2,1,0,0.016304709024940075,0.9363412089503291
8.642944396721798,2,0,2,2,1,1,0.016304709024940075,5.792689498801057e-7
8.642944396721798,2,0,2,3,0,0,0.016304709024940075,0.9924433490765854
8.642944396721798,2,0,2,3,0,1,0.016304709024940075,5.172242392732648e-6
8.642944396721798,2,0,2,3,1,0,0.016304709024940075,0.9351485472499842
8.642944396721798,2,0,2,3,1,1,0.016304709024940075,5.67891539328557e-7
8.642944396721798,2,0,3,0,0,0,0.016304709024940075,0.9930988314949826
8.642944396721798,2,0,3,0,0,1,0.016304709024940075,5.667246837232935e-6
8.642944396721798,2,0,3,0,1,0,0.016304709024940075,0.9404758400656983
8.642944396721798,2,0,3,0,1,1,0.016304709024940075,6.222413228113245e-7
8.642944396721798,2,0,3,1,0,0,0.016304709024940075,0.992961543253102
8.642944396721798,2,0,3,1,0,1,0.016304709024940075,5.555937103895488e-6
8.642944396721798,2,0,3,1,1,0,0.016304709024940075,0.9393556245130585
8.642944396721798,2,0,3,1,1,1,0.016304709024940075,6.100198932059903e-7
8.642944396721798,2,0,3,2,0,0,0.016304709024940075,0.9928215436122546
8.642944396721798,2,0,3,2,0,1,0.016304709024940075,5.446813580124342e-6
8.642944396721798,2,0,3,2,1,0,0.016304709024940075,0.9382157120219328
8.642944396721798,2,0,3,2,1,1,0.016304709024940075,5.980385043160488e-7
8.642944396721798,2,0,3,3,0,0,0.016304709024940075,0.992678779816165
8.642944396721798,2,0,3,3,0,1,0.016304709024940075,5.339833327529715e-6
8.642944396721798,2,0,3,3,1,0,0.016304709024940075,0.937055808716195
8.642944396721798,2,0,3,3,1,1,0.016304709024940075,5.862924415149201e-7
8.642944396721798,2,1,0,0,0,0,0.016304709024940075,0.9945332363546836
8.642944396721798,2,1,0,0,0,1,0.016304709024940075,7.1645784596284195e-6
8.642944396721798,2,1,0,0,1,0,0.016304709024940075,0.9523228097278645
8.642944396721798,2,1,0,0,1,1,0.016304709024940075,7.866434705456153e-7
8.642944396721798,2,1,0,1,0,0,0.016304709024940075,0.9944243232046706
8.642944396721798,2,1,0,1,0,1,0.016304709024940075,7.0238600173116775e-6
8.642944396721798,2,1,0,1,1,0,0.016304709024940075,0.9514140302985349
8.642944396721798,2,1,0,1,1,1,0.016304709024940075,7.711930240744191e-7
8.642944396721798,2,1,0,2,0,0,0.016304709024940075,0.99431325260875425
8.642944396721798,2,1,0,2,0,1,0.016304709024940075,6.88590538639933e-6
8.642944396721798,2,1,0,2,1,0,0.016304709024940075,0.9504888291249155
8.642944396721798,2,1,0,2,1,1,0.016304709024940075,7.560460392406925e-7
8.642944396721798,2,1,0,3,0,0,0.016304709024940075,0.9941999823295372
8.642944396721798,2,1,0,3,0,1,0.016304709024940075,6.75066028438811e-6
8.642944396721798,2,1,0,3,1,0,0.016304709024940075,0.9495469440388117
8.642944396721798,2,1,0,3,1,1,0.016304709024940075,7.411965557747679e-7
8.642944396721798,2,1,1,0,0,0,0.016304709024940075,0.9947039032106048
8.642944396721798,2,1,1,0,0,1,0.016304709024940075,7.396724565813016e-6
8.642944396721798,2,1,1,0,1,0,0.016304709024940075,0.9537499618090282
8.642944396721798,2,1,1,0,1,1,0.016304709024940075,8.121323980706519e-7
8.642944396721798,2,1,1,1,0,0,0.016304709024940075,0.9945983717521075
8.642944396721798,2,1,1,1,0,1,0.016304709024940075,7.251446608690226e-6
8.642944396721798,2,1,1,1,1,0,0.016304709024940075,0.9528670391083655
8.642944396721798,2,1,1,1,1,1,0.016304709024940075,7.961813245536202e-7
8.642944396721798,2,1,1,2,0,0,0.016304709024940075,0.9944907490919986
8.642944396721798,2,1,1,2,0,1,0.016304709024940075,7.109022013835548e-6
8.642944396721798,2,1,1,2,1,0,0.016304709024940075,0.9519681100775661
8.642944396721798,2,1,1,2,1,1,0.016304709024940075,7.805435454555143e-7
8.642944396721798,2,1,1,3,0,0,0.016304709024940075,0.9943809942598719
8.642944396721798,2,1,1,3,0,1,0.016304709024940075,6.9693947399763565e-6
8.642944396721798,2,1,1,3,1,0,0.016304709024940075,0.9510529171818123
8.642944396721798,2,1,1,3,1,1,0.016304709024940075,7.652129073822684e-7
8.642944396721798,2,1,2,0,0,0,0.016304709024940075,0.9948692695061876
8.642944396721798,2,1,2,0,0,1,0.016304709024940075,7.63639259437982e-6
8.642944396721798,2,1,2,0,1,0,0.016304709024940075,0.9551364065444277
8.642944396721798,2,1,2,0,1,1,0.016304709024940075,8.384472205607862e-7
8.642944396721798,2,1,2,1,0,0,0.016304709024940075,0.9947670158460771
8.642944396721798,2,1,2,1,0,1,0.016304709024940075,7.486407388717387e-6
8.642944396721798,2,1,2,1,1,0,0.016304709024940075,0.9542786825454752
8.642944396721798,2,1,2,1,1,1,0.016304709024940075,8.219792986529019e-7
8.642944396721798,2,1,2,2,0,0,0.016304709024940075,0.9946627352391628
8.642944396721798,2,1,2,2,0,1,0.016304709024940075,7.339367997657191e-6
8.642944396721798,2,1,2,2,1,0,0.016304709024940075,0.9534053601281401
8.642944396721798,2,1,2,2,1,1,0.016304709024940075,8.058348225467032e-7
8.642944396721798,2,1,2,3,0,0,0.016304709024940075,0.994556387945823
8.642944396721798,2,1,2,3,0,1,0.016304709024940075,7.19521656417598e-6
8.642944396721798,2,1,2,3,1,0,0.016304709024940075,0.9525161864317313
8.642944396721798,2,1,2,3,1,1,0.016304709024940075,7.900074394661586e-7
8.642944396721798,2,1,3,0,0,0,0.016304709024940075,0.9950294981757604
8.642944396721798,2,1,3,0,0,1,0.016304709024940075,7.88382626442072e-6
8.642944396721798,2,1,3,0,1,0,0.016304709024940075,0.9564831859432525
8.642944396721798,2,1,3,0,1,1,0.016304709024940075,8.656146987077054e-7
8.642944396721798,2,1,3,1,0,0,0.016304709024940075,0.9949304215446854
8.642944396721798,2,1,3,1,0,1,0.016304709024940075,7.7289812898825e-6
8.642944396721798,2,1,3,1,1,0,0.016304709024940075,0.9556500147494761
8.642944396721798,2,1,3,1,1,1,0.016304709024940075,8.486131814608142e-7
8.642944396721798,2,1,3,2,0,0,0.016304709024940075,0.9948293802891315
8.642944396721798,2,1,3,2,0,1,0.016304709024940075,7.577177577753699e-6
8.642944396721798,2,1,3,2,1,0,0.016304709024940075,0.9548016454940672
8.642944396721798,2,1,3,2,1,1,0.016304709024940075,8.319455903229065e-7
8.642944396721798,2,1,3,3,0,0,0.016304709024940075,0.9947263358649774
8.642944396721798,2,1,3,3,0,1,0.016304709024940075,7.4283553964332805e-6
8.642944396721798,2,1,3,3,1,0,0.016304709024940075,0.9539378300213541
8.642944396721798,2,1,3,3,1,1,0.016304709024940075,8.156053666756642e-7
8.642944396721798,2,2,0,0,0,0,0.016304709024940075,0.9960642051725673
8.642944396721798,2,2,0,0,0,1,0.016304709024940075,9.966789938091165e-6
8.642944396721798,2,2,0,0,1,0,0.016304709024940075,0.9652619238345936
8.642944396721798,2,2,0,0,1,1,0.016304709024940075,1.0943183649156085e-6
8.642944396721798,2,2,0,1,0,0,0.016304709024940075,0.9959856700685059
8.642944396721798,2,2,0,1,0,1,0.016304709024940075,9.771034205926345e-6
8.642944396721798,2,2,0,1,1,0,0.016304709024940075,0.9645906077161245
8.642944396721798,2,2,0,1,1,1,0.016304709024940075,1.0728248893415437e-6
8.642944396721798,2,2,0,2,0,0,0.016304709024940075,0.9959055743116135
8.642944396721798,2,2,0,2,0,1,0.016304709024940075,9.579123236201033e-6
8.642944396721798,2,2,0,2,1,0,0.016304709024940075,0.9639068034565872
8.642944396721798,2,2,0,2,1,1,0.016304709024940075,1.0517535660598877e-6
8.642944396721798,2,2,0,3,0,0,0.016304709024940075,0.9958238871481212
8.642944396721798,2,2,0,3,0,1,0.016304709024940075,9.390981516859408e-6
8.642944396721798,2,2,0,3,1,0,0.016304709024940075,0.963210297642041
8.642944396721798,2,2,0,3,1,1,0.016304709024940075,1.0310961036155813e-6
8.642944396721798,2,2,1,0,0,0,0.016304709024940075,0.996187259956458
8.642944396721798,2,2,1,0,0,1,0.016304709024940075,1.0289732145308978e-5
8.642944396721798,2,2,1,0,1,0,0.016304709024940075,0.9663154607539955
8.642944396721798,2,2,1,0,1,1,0.016304709024940075,1.129776604482825e-6
8.642944396721798,2,2,1,1,0,0,0.016304709024940075,0.9961111707089682
8.642944396721798,2,2,1,1,0,1,0.016304709024940075,1.0087633633684626e-5
8.642944396721798,2,2,1,1,1,0,0.016304709024940075,0.965663780088195
8.642944396721798,2,2,1,1,1,1,0.016304709024940075,1.1075866954152218e-6
8.642944396721798,2,2,1,2,0,0,0.016304709024940075,0.9960335690264099
8.642944396721798,2,2,1,2,0,1,0.016304709024940075,9.889504458083295e-6
8.642944396721798,2,2,1,2,1,0,0.016304709024940075,0.9649999482852633
8.642944396721798,2,2,1,2,1,1,0.016304709024940075,1.0858326172258813e-6
8.642944396721798,2,2,1,3,0,0,0.016304709024940075,0.9959544250896059
8.642944396721798,2,2,1,3,0,1,0.016304709024940075,9.695266659890855e-6
8.642944396721798,2,2,1,3,1,0,0.016304709024940075,0.964323756586406
8.642944396721798,2,2,1,3,1,1,0.016304709024940075,1.0645058098010413e-6
8.642944396721798,2,2,2,0,0,0,0.016304709024940075,0.9963064816315412
8.642944396721798,2,2,2,0,0,1,0.016304709024940075,1.0623138159021609e-5
8.642944396721798,2,2,2,0,1,0,0.016304709024940075,0.9673381271484033
8.642944396721798,2,2,2,0,1,1,0.016304709024940075,1.1663837649920977e-6
8.642944396721798,2,2,2,1,0,0,0.016304709024940075,0.9962327626432863
8.642944396721798,2,2,2,1,0,1,0.016304709024940075,1.0414491356689415e-5
8.642944396721798,2,2,2,1,1,0,0.016304709024940075,0.9667055498842015
8.642944396721798,2,2,2,1,1,1,0.016304709024940075,1.1434748565835235e-6
8.642944396721798,2,2,2,2,0,0,0.016304709024940075,0.9961575779711831
8.642944396721798,2,2,2,2,0,1,0.016304709024940075,1.0209942500085935e-5
8.642944396721798,2,2,2,2,1,0,0.016304709024940075,0.966061151048084
8.642944396721798,2,2,2,2,1,1,0.016304709024940075,1.1210159008508133e-6
8.642944396721798,2,2,2,3,0,0,0.016304709024940075,0.9960808987031807
8.642944396721798,2,2,2,3,0,1,0.016304709024940075,1.0009411104777906e-5
8.642944396721798,2,2,2,3,1,0,0.016304709024940075,0.9654047265018105
8.642944396721798,2,2,2,3,1,1,0.016304709024940075,1.0989980603165347e-6
8.642944396721798,2,2,3,0,0,0,0.016304709024940075,0.996421988719258
8.642944396721798,2,2,3,0,0,1,0.016304709024940075,1.0967347014758878e-5
8.642944396721798,2,2,3,0,1,0,0.016304709024940075,0.9683307628268701
8.642944396721798,2,2,3,0,1,1,0.016304709024940075,1.204177073790803e-6
8.642944396721798,2,2,3,1,0,0,0.016304709024940075,0.9963505666940693
8.642944396721798,2,2,3,1,0,1,0.016304709024940075,1.0751939752022527e-5
8.642944396721798,2,2,3,1,1,0,0.016304709024940075,0.9677167687916722
8.642944396721798,2,2,3,1,1,1,0.016304709024940075,1.1805258690183665e-6
8.642944396721798,2,2,3,2,0,0,0.016304709024940075,0.996277724312884
8.642944396721798,2,2,3,2,0,1,0.016304709024940075,1.0540763211600046e-5
8.642944396721798,2,2,3,2,1,0,0.016304709024940075,0.9670912753726488
8.642944396721798,2,2,3,2,1,1,0.016304709024940075,1.1573391962918973e-6
8.642944396721798,2,2,3,3,0,0,0.016304709024940075,0.9962034335440617
8.642944396721798,2,2,3,3,0,1,0.016304709024940075,1.0333734301410845e-5
8.642944396721798,2,2,3,3,1,0,0.016304709024940075,0.9664540830129548
8.642944396721798,2,2,3,3,1,1,0.016304709024940075,1.1346079317832768e-6
