year,median,mean,ci_lower,ci_upper,pi_lower,pi_upper,scenario,return_interval,label,sim_type,pct_initial_median,pct_initial_mean
0,210,210,210,210,210,210,baseline,0,baseline_no_heatwave,monte_carlo,100,100
1,146.27427925329698,145.18962468690782,125.12900758188889,153.84314083741077,139.57826205519083,150.85379670348766,baseline,0,baseline_no_heatwave,monte_carlo,69.65441869204618,69.13791651757515
2,113.64221749665276,112.20328804410889,83.17612671441304,125.707168461799,103.47593043801261,120.86936940576088,baseline,0,baseline_no_heatwave,monte_carlo,54.11534166507275,53.43013716386138
3,93.85729641591192,92.34809946162156,58.78614520250336,109.1939460837443,81.54878660284865,102.95154680537505,baseline,0,baseline_no_heatwave,monte_carlo,44.69395067424377,43.97528545791503
4,80.77506457431411,79.32756278781582,43.30232662045046,98.83664927486194,66.96942980966644,91.37563953611618,baseline,0,baseline_no_heatwave,monte_carlo,38.4643164639591,37.775029898959914
5,71.67275180521459,70.35604562184987,32.89228178867526,92.23695569613997,56.702628587719424,83.61717195393636,baseline,0,baseline_no_heatwave,monte_carlo,34.12988181200694,33.50287886754756
6,65.07738179313787,63.933754525108036,25.57142961579799,88.08280528303294,49.12799183013548,78.29963700006765,baseline,0,baseline_no_heatwave,monte_carlo,30.989229425303748,30.444645011956204
7,60.10524474336482,59.1656256142626,20.22559361422885,85.56253094981815,43.29733229269198,74.58136503365643,baseline,0,baseline_no_heatwave,monte_carlo,28.621545115888008,28.174107435363144
8,56.201621004464265,55.49182798046744,16.19871616393211,84.14538159200154,38.63202210631606,71.92089473959737,baseline,0,baseline_no_heatwave,monte_carlo,26.76267666879251,26.42467999069878
9,53.011663215395274,52.55457302986577,13.08955248003365,83.4762757122511,34.771214555963056,69.96260185625371,baseline,0,baseline_no_heatwave,monte_carlo,25.243649150188226,25.025987157078937
10,50.30652738061984,50.12260449861876,10.643340429857723,83.31556981553024,31.48637061867579,68.47107464670393,baseline,0,baseline_no_heatwave,monte_carlo,23.955489228866593,23.86790690410417
11,47.938026846794884,48.04531226392129,8.69185513826142,83.50109707331305,28.63045518195326,67.29011063894546,baseline,0,baseline_no_heatwave,monte_carlo,22.82763183180709,22.878720125676804
12,45.80990706264035,46.2239213081367,7.119487303208525,83.92312328049405,26.10702261068398,66.31607020181991,baseline,0,baseline_no_heatwave,monte_carlo,21.814241458400165,22.011391099112714
13,43.85940769545809,44.59312324278358,5.843689166179984,84.50748808343681,23.851216506736808,65.48026354165735,baseline,0,baseline_no_heatwave,monte_carlo,20.88543223593242,21.234820591801704
14,42.045370433660814,43.109281282417086,4.803473146112834,85.20416391466335,21.81804306202505,64.73723171914006,baseline,0,baseline_no_heatwave,monte_carlo,20.02160496840991,20.528229182103374
15,40.34056108841071,41.74283093007593,3.9524782266758027,85.97947299489626,19.97511952090402,64.05693592521096,baseline,0,baseline_no_heatwave,monte_carlo,19.209790994481292,19.877538538131397
16,38.72671642632493,40.4733761109663,3.254661463336702,86.81079447087734,18.29818313239832,63.41955463533491,baseline,0,baseline_no_heatwave,monte_carlo,18.441293536345206,19.273036243317286
17,37.191353659826675,39.28652178044706,2.681523611374892,87.68297058559527,16.768303416988704,62.812023510483584,baseline,0,baseline_no_heatwave,monte_carlo,17.710168409441273,18.7078675144986
18,35.725718906535846,38.17182631313835,2.2102513019858683,88.58587150998483,15.370144840674456,62.22573893744442,baseline,0,baseline_no_heatwave,monte_carlo,17.012247098350404,18.1770601491135
19,34.32347021634222,37.121476122246456,1.8224225191540808,89.51274888664673,14.090876871436295,61.655037072932814,baseline,0,baseline_no_heatwave,monte_carlo,16.344509626829627,17.67689339154593
20,32.97983333830889,36.12942606850851,1.5030703492469892,90.45912499801574,12.919483000287798,61.09618854220628,baseline,0,baseline_no_heatwave,monte_carlo,15.704682542051854,17.204488604051672
21,31.69106107962672,35.190840279463906,1.2399835805340744,91.42204478837454,11.846315867231947,60.546735208827606,baseline,0,baseline_no_heatwave,monte_carlo,15.090981466488914,16.75754299022091
22,30.45408724597138,34.30172678323008,1.0231703072662635,92.39957311376168,10.8628045796823,60.00505335789319,baseline,0,baseline_no_heatwave,monte_carlo,14.501946307605419,16.33415561106194
23,29.26630507604027,33.45869728763197,0.844438124513325,93.39045736038051,9.961256593084194,59.47006643192703,baseline,0,baseline_no_heatwave,monte_carlo,13.936335750495365,15.932712994110462
24,28.12542520839101,32.65880788433716,0.697060612364015,94.39390135751222,9.13471880658536,58.94105636781716,baseline,0,baseline_no_heatwave,monte_carlo,13.393059623043339,15.55181327825579
25,27.029384394878782,31.899452203963126,0.5755095111174366,95.40941406050959,8.37687618532554,58.417539835145966,baseline,0,baseline_no_heatwave,monte_carlo,12.871135426132755,15.190215335220536
26,25.976286564239203,31.178288681792093,0.47523801948567324,96.43670838781014,7.681974579757124,57.89918713211988,baseline,0,baseline_no_heatwave,monte_carlo,12.369660268685333,14.846804134186712
27,24.96436449728792,30.49319011180545,0.3925045373556304,97.47563365416659,7.044759521905171,57.385769083299294,baseline,0,baseline_no_heatwave,monte_carlo,11.887792617756153,14.520566719907357
28,23.991954633598837,29.842207858172518,0.3242287866603289,98.52613048180109,6.460425899883208,56.877122298137365,baseline,0,baseline_no_heatwave,monte_carlo,11.424740301713731,14.210575170558343
29,23.057480248501804,29.223545788812455,0.2678740702982605,99.58820073498887,5.924575319106066,56.37312645701205,baseline,0,baseline_no_heatwave,monte_carlo,10.979752499286572,13.915974185148789
30,22.15943997269911,28.635540729867486,0.2213507545805409,100.66188748663072,5.4331791251426145,55.87368946934049,baseline,0,baseline_no_heatwave,monte_carlo,10.552114272713862,13.635971776127375
31,21.296399730507098,28.07664735665954,0.18293705388571785,101.74726167844219,4.982545778385611,55.378737780211836,baseline,0,baseline_no_heatwave,monte_carlo,10.141142728812904,13.36983207459978
32,20.46698687467419,27.54542615678414,0.1512139596621216,102.8444132442277,4.569291711144197,54.888210042090165,baseline,0,baseline_no_heatwave,monte_carlo,9.746184226035329,13.116869598468636
33,19.66988574172395,27.040533566207554,0.12501175432496012,103.95344520720897,4.190315070846556,54.40205298468577,baseline,0,baseline_no_heatwave,monte_carlo,9.366612257963785,12.87644455533693
34,18.903834134913048,26.56071368057636,0.10336602637507744,105.07446975813733,3.8427719241394884,53.92021872003237,baseline,0,baseline_no_heatwave,monte_carlo,9.001825778530023,12.64795889551255
35,18.167620421525072,26.104791139817262,0.08548148521299583,106.20760565205846,3.5240546055135646,53.442662984222636,baseline,0,baseline_no_heatwave,monte_carlo,8.651247819773843,12.430852923722506
36,17.460081045120873,25.671664911998302,0.07070218325149748,107.35297648259792,3.231771964797728,52.969343990207406,baseline,0,baseline_no_heatwave,monte_carlo,8.314324307200415,12.224602339046811
37,16.78009832555992,25.260302786409632,0.058487004225446726,108.51070954002066,2.9637313151132934,52.500221679116024,baseline,0,baseline_no_heatwave,monte_carlo,7.99052301217139,12.028715612576017
38,16.1265984653565,24.869736441385736,0.04838948157041288,109.68093505754732,2.7179219155613357,52.03525723141073,baseline,0,baseline_no_heatwave,monte_carlo,7.679332602550715,11.842731638755112
39,15.498549709926024,24.4990569894922,0.040041178320464,110.86378571584153,2.4924998464591623,51.57441274741161,baseline,0,baseline_no_heatwave,monte_carlo,7.380261766631441,11.666217614043903
40,14.894960627654484,24.14741092775694,0.03313799720363135,112.05939631914697,2.285774152646106,51.11765103820287,baseline,0,baseline_no_heatwave,monte_carlo,7.092838394121183,11.498767108455686
41,14.314878487381751,23.81399643778754,0.027428902115551865,113.26790358554408,2.0961941442697247,50.664935488465495,baseline,0,baseline_no_heatwave,monte_carlo,6.81660880351512,11.339998303708352
42,13.757387718293892,23.498059992567242,0.022706624458081838,114.48944601308487,1.9223377557867538,50.21622996617291,baseline,0,baseline_no_heatwave,monte_carlo,6.551137008711377,11.189552377412973
43,13.221608441932565,23.19889323520796,0.018800003611220556,115.72416379639054,1.762900873443287,49.7714987628188,baseline,0,baseline_no_heatwave,monte_carlo,6.296004019967888,11.047092016765696
44,12.706695069039222,22.91583010109491,0.01556767305035891,116.97219877682502,1.6166875497232316,49.330706553537055,baseline,0,baseline_no_heatwave,monte_carlo,6.050807175732962,10.912300048140434
45,12.211834955883926,22.64824415943243,0.012892854763824558,118.23369441502663,1.4826010304859005,48.89381837018354,baseline,0,baseline_no_heatwave,monte_carlo,5.81515950280187,10.7848781711583
46,11.736247115978017,22.395546153683448,0.010679066660419423,119.5087957783467,1.3596355269583253,48.460799582865576,baseline,0,baseline_no_heatwave,monte_carlo,5.588689102846675,10.66454578746831
47,11.27918098388733,22.15718172311468,0.008846582214320305,120.79764953824707,1.2468686705451923,48.03161588697972,baseline,0,baseline_no_heatwave,monte_carlo,5.371038563755872,10.551038915768894
48,10.839915228405705,21.932629289831787,0.007329510012021732,122.10040397437172,1.1434545936677467,47.60623329384383,baseline,0,baseline_no_heatwave,monte_carlo,5.161864394478907,10.444109185634185
49,10.417756612717561,21.721398097465066,0.006073384239065445,123.41720898311107,1.0486175846151624,47.184618123676806,baseline,0,baseline_no_heatwave,monte_carlo,4.9608364822464575,10.343522903554794
50,10.012038899436135,21.523026389144064,0.005033176372451952,124.74821608921252,0.9616462687435174,46.76673700011483,baseline,0,baseline_no_heatwave,monte_carlo,4.767637571160064,10.249060185306698
0,210,210,210,210,210,210,moderate_bleaching,5,moderate_bleaching_every_5yr,monte_carlo,100,100
1,145.985640360731,145.45176706548364,132.3543833042587,154.26806579159725,140.5113926660804,151.48902970931954,moderate_bleaching,5,moderate_bleaching_every_5yr,monte_carlo,69.5169716003481,69.26274622165887
2,113.19416604678007,112.54627034772656,93.07196594753336,126.40256191785488,104.86411630046598,121.88945996693933,moderate_bleaching,5,moderate_bleaching_every_5yr,monte_carlo,53.90198383180004,53.593462070345986
3,93.30277421671099,92.70972696716318,69.59765924730121,110.10127997109407,83.19532667004069,104.25760618954735,moderate_bleaching,5,moderate_bleaching_every_5yr,monte_carlo,44.429892484148084,44.14748903198247
4,80.13938458731576,79.68455797710008,54.24877280661923,99.93320920292777,68.77838177420094,92.9245138566368,moderate_bleaching,5,moderate_bleaching_every_5yr,monte_carlo,38.1616117082456,37.945027608142894
5,34.418381574356715,34.2884491555849,21.150310281202227,45.354495304674764,28.43138592491547,41.413874364499094,moderate_bleaching,5,moderate_bleaching_every_5yr,monte_carlo,16.389705511598436,16.327832931230905
6,31.18951417811195,31.166861072219408,17.40426489637079,43.43147786848242,24.798070441415852,38.94351680096662,moderate_bleaching,5,moderate_bleaching_every_5yr,monte_carlo,14.852149608624737,14.841362415342576
7,28.749684298626523,28.84794185014739,14.572668556500904,42.30534327785428,22.001085660938354,37.25038782269166,moderate_bleaching,5,moderate_bleaching_every_5yr,monte_carlo,13.690325856488819,13.737115166736851
8,26.82944718091025,27.06067338845359,12.357041199831961,41.71959223865544,19.761712075417012,36.07286386187017,moderate_bleaching,5,moderate_bleaching_every_5yr,monte_carlo,12.77592722900488,12.886034946882663
9,25.256692946518147,25.631737469747875,10.573370170456114,41.50219289714598,17.905695623040675,35.23843256831303,moderate_bleaching,5,moderate_bleaching_every_5yr,monte_carlo,12.026996641199117,12.205589271308511
10,11.60104389639749,11.85735922713156,4.415756596229262,20.144565354880843,7.916144479050081,16.79609749453444,moderate_bleaching,5,moderate_bleaching_every_5yr,monte_carlo,5.5243066173321385,5.646361536729314
11,11.033036550863109,11.367835032169092,3.819535555173982,20.24520603960407,7.246256217529275,16.575918849005223,moderate_bleaching,5,moderate_bleaching_every_5yr,monte_carlo,5.253826928982433,5.4132547772233774
12,10.522440658563152,10.939145798255366,3.3141724703683657,20.403749542680572,6.651769017879313,16.404775738641447,moderate_bleaching,5,moderate_bleaching_every_5yr,monte_carlo,5.010686027887215,5.20911704678827
13,10.054535428526458,10.555949296774813,2.8820312127528727,20.60259397508328,6.117652266349178,16.266237095834565,moderate_bleaching,5,moderate_bleaching_every_5yr,monte_carlo,4.787874013584028,5.02664252227372
14,9.619657314545648,10.207996704455343,2.5102006048664562,20.82984001674395,5.633580994397828,16.14938496185154,moderate_bleaching,5,moderate_bleaching_every_5yr,monte_carlo,4.58078919740269,4.860950811645401
15,4.467360798105457,4.795668110615344,1.0615616473216387,10.222187479720898,2.5181302548122453,7.78249285560765,moderate_bleaching,5,moderate_bleaching_every_5yr,monte_carlo,2.1273146657645032,2.2836514812454016
16,4.280179095600051,4.652045136367478,0.92647503795859,10.349545452113666,2.322155951637579,7.737505641624726,moderate_bleaching,5,moderate_bleaching_every_5yr,monte_carlo,2.0381805217143096,2.2152595887464184
17,4.102375629298283,4.518184049755029,0.8091256580607262,10.482414324153467,2.1422354509608543,7.695658996983019,moderate_bleaching,5,moderate_bleaching_every_5yr,monte_carlo,1.9535122044277538,2.1515162141690616
18,3.932933346304642,4.39289401992676,0.7070269420570383,10.619622752092713,1.9767455058966137,7.655937023397371,moderate_bleaching,5,moderate_bleaching_every_5yr,monte_carlo,1.8728254030022107,2.0918542952032193
19,3.771108006173989,4.275282860985434,0.6180961620749482,10.76039269268555,1.8243392349567311,7.61766957637248,moderate_bleaching,5,moderate_bleaching_every_5yr,monte_carlo,1.7957657172257089,2.035848981421635
20,1.753855922695069,2.0197842443917033,0.2621659636019206,5.288344663771044,0.8166445208710711,3.6763638478092977,moderate_bleaching,5,moderate_bleaching_every_5yr,monte_carlo,0.8351694869976519,0.9618020211389064
21,1.681993871243089,1.9692540011704198,0.22936567502104377,5.3594099459014934,0.753817329828512,3.658646205028584,moderate_bleaching,5,moderate_bleaching_every_5yr,monte_carlo,0.8009494624967091,0.9377400005573429
22,1.613152358921387,1.9216218196662564,0.20073631983500598,5.431686908176625,0.6958565561189971,3.641185843349387,moderate_bleaching,5,moderate_bleaching_every_5yr,monte_carlo,0.7681677899625652,0.915058009364884
23,1.547176523051852,1.8766988936975344,0.17573590101204972,5.505110258046393,0.6423724221570303,3.6239216249307913,moderate_bleaching,5,moderate_bleaching_every_5yr,monte_carlo,0.7367507252627866,0.8936661398559688
24,1.4839294012916755,1.8343210084543007,0.1538955065467555,5.5796409120970285,0.5930113474731988,3.6068132857319255,moderate_bleaching,5,moderate_bleaching_every_5yr,monte_carlo,0.7066330482341312,0.873486194502048
25,0.6902683697943603,0.8702236766494313,0.06537974665604565,2.742697311698242,0.2655036758126612,1.7410045458461674,moderate_bleaching,5,moderate_bleaching_every_5yr,monte_carlo,0.32869922371160015,0.4143922269759197
26,0.6620656508583044,0.8519352806680919,0.05728722481038404,2.779891868982707,0.24510743206320756,1.732824257159625,moderate_bleaching,5,moderate_bleaching_every_5yr,monte_carlo,0.31526935755157354,0.4056834669848057
27,0.6350189360338259,0.8346896910902728,0.050210223536917814,2.817607557682205,0.22627939848938,1.7246925537399955,moderate_bleaching,5,moderate_bleaching_every_5yr,monte_carlo,0.30238996953991704,0.3974712814715585
28,0.6090794736217272,0.8184342387121177,0.04401936919660338,2.8558461918854947,0.20889847860401,1.7166056817352269,moderate_bleaching,5,moderate_bleaching_every_5yr,monte_carlo,0.29003784458177484,0.3897305898629132
29,0.5842010707066609,0.803120453874299,0.03860206096799512,2.8946113650591947,0.19285313056783557,1.7085611213155654,moderate_bleaching,5,moderate_bleaching_every_5yr,monte_carlo,0.2781909860507909,0.3824383113687138
30,0.2717546345799455,0.38250692428353594,0.01642160426931924,1.4228921379691908,0.08634643124415628,0.8247393938815543,moderate_bleaching,5,moderate_bleaching_every_5yr,monte_carlo,0.1294069688475931,0.1821461544207314
31,0.2606552878980875,0.37592983507777034,0.01440807841296161,1.4422106819837228,0.07971446195681338,0.820876736633412,moderate_bleaching,5,moderate_bleaching_every_5yr,monte_carlo,0.12412156566575597,0.17901420717989064
32,0.2500094542332499,0.3697489084591186,0.012644611360289958,1.4617927027355018,0.0735919337211377,0.8170327934763293,moderate_bleaching,5,moderate_bleaching_every_5yr,monte_carlo,0.11905212106345232,0.1760709087900565
33,0.23979853698795417,0.36394677532880143,0.011099717492795102,1.4816414452812428,0.06793969181275064,0.8132072709110664,moderate_bleaching,5,moderate_bleaching_every_5yr,monte_carlo,0.11418977951807342,0.1733079882518102
34,0.23000472662568194,0.3585072759193772,0.009745934193669809,1.501760311148517,0.06272159909268431,0.8093999478973771,moderate_bleaching,5,moderate_bleaching_every_5yr,monte_carlo,0.10952606029794379,0.17071775043779866
35,0.1069923153269965,0.17140004683683932,0.004151105160985375,0.7382165239356265,0.02808253586308653,0.3907065607375466,moderate_bleaching,5,moderate_bleaching_every_5yr,monte_carlo,0.050948721584284054,0.08161906992230444
36,0.10262258837239854,0.16909234943342366,0.003646530055413258,0.7482409916740411,0.025925678607355004,0.3888774937454742,moderate_bleaching,5,moderate_bleaching_every_5yr,monte_carlo,0.04886789922495169,0.08052016639686842
37,0.09843133631329318,0.16694011615129906,0.003204020314759945,0.7584017244543313,0.023934482345214725,0.38705704108173444,moderate_bleaching,5,moderate_bleaching_every_5yr,monte_carlo,0.04687206491109199,0.0794952934053805
38,0.09441126641263758,0.16493746516043134,0.00281584159450431,0.7687005532882115,0.0220962221373353,0.38524515033550777,moderate_bleaching,5,moderate_bleaching_every_5yr,monte_carlo,0.0449577459107798,0.07854165007639588
39,0.09055538510810385,0.16307892626933332,0.00247523686870442,0.7791393412410899,0.020399150831442274,0.3834417734724434,moderate_bleaching,5,moderate_bleaching_every_5yr,monte_carlo,0.043121611956239925,0.0776566315568254
40,0.04212406323478259,0.07825639140322374,0.001055466592574845,0.38299987412828473,0.009133384128344826,0.18509181080860113,moderate_bleaching,5,moderate_bleaching_every_5yr,monte_carlo,0.020059077730848855,0.037264948287249404
41,0.04040366233301362,0.0774875972894266,9.281934091393413e-4,0.3882010207910508,0.008431909123536722,0.18422539921144598,moderate_bleaching,5,moderate_bleaching_every_5yr,monte_carlo,0.01923983920619696,0.036898855852107906
42,0.03875352524607357,0.0767818176555577,8.16436341692243e-4,0.3934728412980378,0.007784310891945408,0.18336305364077507,moderate_bleaching,5,moderate_bleaching_every_5yr,monte_carlo,0.018454059640987414,0.03656277031217033
43,0.037170782137399605,0.07613708670442486,7.182805909738233e-4,0.39881629507632665,0.0071864513169275,0.18250475429905494,moderate_bleaching,5,moderate_bleaching_every_5yr,monte_carlo,0.017700372446380765,0.03625575557353564
44,0.03565268044225071,0.07555158707970638,6.320508101707325e-4,0.4042323550566058,0.006634510137530927,0.1816504817211726,moderate_bleaching,5,moderate_bleaching_every_5yr,monte_carlo,0.016977466877262242,0.03597694622843161
45,0.016584721374205358,0.036385106270196095,2.6978607260952283e-4,0.19870774585780776,0.0029704948161835467,0.08768482735474256,moderate_bleaching,5,moderate_bleaching_every_5yr,monte_carlo,0.007897486368669219,0.01732624108104576
46,0.01590738049595869,0.036156226892323146,2.3748918822908484e-4,0.2014063040033576,0.002742352567438981,0.08727439859012813,moderate_bleaching,5,moderate_bleaching_every_5yr,monte_carlo,0.007574943093313662,0.01721725090110626
47,0.015257703096661227,0.03595382487032493,2.0909737450913247e-4,0.20414152996763896,0.00253173261033968,0.08686589503580282,moderate_bleaching,5,moderate_bleaching_every_5yr,monte_carlo,0.0072655729031720125,0.017120868985869016
48,0.014634559356369219,0.03577727165763717,1.8413310690334672e-4,0.20691392216732962,0.002337289131649626,0.08645930760531184,moderate_bleaching,5,moderate_bleaching_every_5yr,monte_carlo,0.006968837788747247,0.01703679602744627
49,0.0140368656015078,0.03562599448793615,1.621779876990287e-4,0.20972398582746946,0.0021577796868738957,0.08605462726880321,moderate_bleaching,5,moderate_bleaching_every_5yr,monte_carlo,0.006684221715003714,0.016964759279969596
50,0.006529593391003882,0.01721660125636238,6.928709290006786e-5,0.10309367929924301,9.661116571431582e-4,0.04153959205990906,moderate_bleaching,5,moderate_bleaching_every_5yr,monte_carlo,0.003109330186192325,0.008198381550648753
0,210,210,210,210,210,210,moderate_bleaching,10,moderate_bleaching_every_10yr,monte_carlo,100,100
1,146.18399650607006,145.21300428519473,124.96960213139829,153.26750416337848,140.25143994210654,150.79351901535583,moderate_bleaching,10,moderate_bleaching_every_10yr,monte_carlo,69.6114269076524,69.14904965961654
2,113.50198403140303,112.20632338797064,82.94930318816944,124.76820966360332,104.4764541608674,120.7727958303607,moderate_bleaching,10,moderate_bleaching_every_10yr,monte_carlo,54.04856382447763,53.43158256570031
3,93.68362975155054,92.32054853659143,58.52991683477846,107.97281299073535,82.73440150621951,102.82818579675165,moderate_bleaching,10,moderate_bleaching_every_10yr,monte_carlo,44.61125226264311,43.96216596980545
4,80.57585523451101,79.26805024391359,43.03523781029506,97.36566378020402,68.27076495548566,91.22968219938612,moderate_bleaching,10,moderate_bleaching_every_10yr,monte_carlo,38.36945487357667,37.7466905923398
5,71.45187926648987,70.26533825797463,32.62407455021706,90.5242093067709,58.08324895356638,83.45025028303957,moderate_bleaching,10,moderate_bleaching_every_10yr,monte_carlo,34.02470441261422,33.45968488474983
6,64.83681025985646,63.812735899067754,25.307638615216188,86.12374091705189,50.56689209206603,78.11210733243601,moderate_bleaching,10,moderate_bleaching_every_10yr,monte_carlo,30.8746715523126,30.387017094794167
7,59.84611418933945,59.01480483678071,19.96970064976361,83.3464954584833,44.78039596015999,74.37301234951578,moderate_bleaching,10,moderate_bleaching_every_10yr,monte_carlo,28.49814961397117,28.102288017514628
8,55.92480425279436,55.311325782818386,15.953128430433127,81.6593619085581,40.147986741501285,71.69131817452482,moderate_bleaching,10,moderate_bleaching_every_10yr,monte_carlo,26.63085916799731,26.33872656324685
9,52.71802482832284,52.344218972459046,12.856018435756955,80.70691441069701,36.309956794607366,69.71141164799485,moderate_bleaching,10,moderate_bleaching_every_10yr,monte_carlo,25.1038213468204,24.925818558313832
10,24.24764913122707,24.19188176806799,5.0550230375525755,38.91986611859116,16.02298842381875,33.07478394407812,moderate_bleaching,10,moderate_bleaching_every_10yr,monte_carlo,11.546499586298605,11.519943699079995
11,23.09178869292772,23.169540568884287,4.115450620414004,38.860585503727044,14.639920155981569,32.49133511690427,moderate_bleaching,10,moderate_bleaching_every_10yr,monte_carlo,10.996089853775105,11.033114556611565
12,22.053066016395576,22.27103280272579,3.3599691875628164,38.91085646576458,13.413970289609836,32.00822139569811,moderate_bleaching,10,moderate_bleaching_every_10yr,monte_carlo,10.501460007807417,10.60525371558371
13,21.101071123474078,21.46466382075077,2.7483845074586126,39.03519405746967,12.3140260661955,31.592182108147203,moderate_bleaching,10,moderate_bleaching_every_10yr,monte_carlo,10.048129106416228,10.221268486071795
14,20.215855274023347,20.729259818438912,2.250981677701013,39.20974078465139,11.318656166003391,31.221213327198623,moderate_bleaching,10,moderate_bleaching_every_10yr,monte_carlo,9.626597749534929,9.87107610401853
15,19.38420948380628,20.050479186119098,1.845163950122012,39.41848576444629,10.412571529856827,30.88078001592051,moderate_bleaching,10,moderate_bleaching_every_10yr,monte_carlo,9.230575944669656,9.547847231485285
16,18.597265218884345,19.41843219749689,1.5133631467832478,39.65070372392809,9.584426236576988,30.561293938547937,moderate_bleaching,10,moderate_bleaching_every_10yr,monte_carlo,8.855840580421116,9.24687247499852
17,17.848949867591166,18.826143468464902,1.2416926724495576,39.899222996685474,8.825449034829559,30.256437077836598,moderate_bleaching,10,moderate_bleaching_every_10yr,monte_carlo,8.499499936948174,8.964830223078526
18,17.134994181692825,18.268557832420704,1.0190440689077227,40.15925657324013,8.128589377712371,29.962049358855424,moderate_bleaching,10,moderate_bleaching_every_10yr,monte_carlo,8.159521038901344,8.699313253533669
19,16.452295474421618,17.741896690042143,0.8364562629867713,40.42761487347026,7.4879818442313075,29.675392291733996,moderate_bleaching,10,moderate_bleaching_every_10yr,monte_carlo,7.8344264163912465,8.448522233353401
20,7.661990754843158,8.362658989793024,0.3330168965657891,19.739817808530283,3.345699560789442,14.255878398450681,moderate_bleaching,10,moderate_bleaching_every_10yr,monte_carlo,3.64856702611579,3.9822185665681067
21,7.35804305842214,8.133270359298596,0.27339782551454384,19.875301233723278,3.082582083017705,14.122027406728664,moderate_bleaching,10,moderate_bleaching_every_10yr,monte_carlo,3.5038300278200665,3.872985885380284
22,7.066486526130523,7.915399715600853,0.22446287871193701,20.0126587242751,2.840291046731614,13.990093041268105,moderate_bleaching,10,moderate_bleaching_every_10yr,monte_carlo,3.3649935838716774,3.7692379598099297
23,6.786694059837958,7.708256278489119,0.18429251794071502,20.151592240720948,2.617125456227464,13.859822169453047,moderate_bleaching,10,moderate_bleaching_every_10yr,monte_carlo,3.2317590761133137,3.6705982278519613
24,6.518113640507655,7.511153496568739,0.15131430067520288,20.291906136370912,2.411543685447509,13.731045577095596,moderate_bleaching,10,moderate_bleaching_every_10yr,monte_carlo,3.103863638336979,3.576739760270828
25,6.260246956237482,7.323483785759174,0.12423910229442993,20.433472875383806,2.2221408483316583,13.603648980912682,moderate_bleaching,10,moderate_bleaching_every_10yr,monte_carlo,2.981069979160705,3.4873732313138923
26,6.012635596868689,7.144701323026977,0.10200951696705743,20.576210200357977,2.047631904448906,13.477554039964847,moderate_bleaching,10,moderate_bleaching_every_10yr,monte_carlo,2.863159808032709,3.4022387252509416
27,5.774852067294191,6.974310110547914,0.08375790693472612,20.72006593982315,1.886838503613273,13.352705928031385,moderate_bleaching,10,moderate_bleaching_every_10yr,monte_carlo,2.7499295558543766,3.3211000526418637
28,5.546493869524644,6.811855511347875,0.06877218322049343,20.86500790759157,1.738678332338042,13.229065206235697,moderate_bleaching,10,moderate_bleaching_every_10yr,monte_carlo,2.6411875569164973,3.2437407196894643
29,5.327179540335534,6.656918091635704,0.05646783103478907,21.01101719225167,1.6021561904370696,13.106602511457007,moderate_bleaching,10,moderate_bleaching_every_10yr,monte_carlo,2.53675216206454,3.169960996017002
30,2.481432021232886,3.1567998673194877,0.022486187610958407,10.261287018967902,0.7160060461405136,6.297632705835515,moderate_bleaching,10,moderate_bleaching_every_10yr,monte_carlo,1.1816342958251838,1.503238032056899
31,2.383320375423764,3.0883967968927406,0.018463146901738007,10.333122293768799,0.6597866107189173,6.239352158131907,moderate_bleaching,10,moderate_bleaching_every_10yr,monte_carlo,1.1349144644875067,1.4706651413774954
32,2.289089677605947,3.0231116653631167,0.015159892950965422,10.405468093833267,0.6079818568230325,6.181615421857426,moderate_bleaching,10,moderate_bleaching_every_10yr,monte_carlo,1.0900427036218796,1.4395769835062462
33,2.1985858001677814,2.960791392693165,0.012447638045825785,10.478325522568028,0.5602449454192318,6.124415875306696,moderate_bleaching,10,moderate_bleaching_every_10yr,monte_carlo,1.0469456191275148,1.4099006631872215
34,2.11166095994858,2.9012925999701267,0.010220640322693859,10.551696527611437,0.5162563547033072,6.067747512540997,moderate_bleaching,10,moderate_bleaching_every_10yr,monte_carlo,1.0055528380707521,1.3815679047476794
35,2.0281733751618463,2.844480812167777,0.00839207873841773,10.625583624100058,0.47572170185260726,6.011604744386491,moderate_bleaching,10,moderate_bleaching_every_10yr,monte_carlo,0.965796845315165,1.3545146724608461
36,1.947986969850628,2.7902297646126404,0.006890666885194054,10.699989711430703,0.4383697489684492,5.9559822686172685,moderate_bleaching,10,moderate_bleaching_every_10yr,monte_carlo,0.9276128427860134,1.3286808402917336
37,1.870971111491511,2.7384207909150318,0.005657873087265758,10.774917951980651,0.40395057356238806,5.9008749852411935,moderate_bleaching,10,moderate_bleaching_every_10yr,monte_carlo,0.8909386245197671,1.3040099004357293
38,1.7970003725319923,2.688942276581368,0.004645638104977606,10.850371690874145,0.3722338875234156,5.846277941181069,moderate_bleaching,10,moderate_bleaching_every_10yr,monte_carlo,0.8557144631104725,1.2804487031339846
39,1.7259543099195733,2.641689166856192,0.003814501307278725,10.926354402934436,0.34300749100241157,5.792186294109489,moderate_bleaching,10,moderate_bleaching_every_10yr,monte_carlo,0.8218830047236064,1.2579472223124724
40,0.8039628176229134,1.2592857490725433,0.0015189933720135564,5.336192312151985,0.15329105682953723,2.783114679649711,moderate_bleaching,10,moderate_bleaching_every_10yr,monte_carlo,0.38283943696329215,0.5996598805107349
41,0.7721775319870079,1.2383862222118711,0.0012472361637642696,5.373560862877399,0.14125522977001528,2.7573645442317356,moderate_bleaching,10,moderate_bleaching_every_10yr,monte_carlo,0.36770358666048,0.5897077248627958
42,0.7416489541067607,1.2184301429627986,0.0010240984715927449,5.411191246061817,0.13016441161000972,2.7318526975944026,moderate_bleaching,10,moderate_bleaching_every_10yr,monte_carlo,0.353166168622267,0.5802048299822851
43,0.7123273923316263,1.199377300461019,8.408817886207232e-4,5.449085277255273,0.11994440313920628,2.7065769242908457,moderate_bleaching,10,moderate_bleaching_every_10yr,monte_carlo,0.33920352015791727,0.5711320478385805
44,0.6841651210293404,1.1811897506949611,6.904438735339952e-4,5.487244791260121,0.11052683126288224,2.6815350330501078,moderate_bleaching,10,moderate_bleaching_every_10yr,monte_carlo,0.32579291477587635,0.5624713098547434
45,0.6571163023983454,1.1638316748790154,5.669203124921857e-4,5.525671640056011,0.10184869144963081,2.656724855269541,moderate_bleaching,10,moderate_bleaching_every_10yr,monte_carlo,0.31291252495159305,0.5542055594661979
46,0.63113691153761,1.1472692483586715,4.654958985657678e-4,5.564367691458659,0.09385192614677733,2.6321442439696057,moderate_bleaching,10,moderate_bleaching_every_10yr,monte_carlo,0.30054138644648093,0.5463186896946055
47,0.6061846645838844,1.1314705190710534,3.8221691514283846e-4,5.603334828264204,0.08648303632270846,2.607791073050185,moderate_bleaching,10,moderate_bleaching_every_10yr,monte_carlo,0.288659364087564,0.5387954852719302
48,0.5822189497565144,1.1164052947105167,3.138370047194363e-4,5.642574947714966,0.0796927235249857,2.583663236743702,moderate_bleaching,10,moderate_bleaching_every_10yr,monte_carlo,0.27724711893167353,0.5316215689097699
49,0.5592007611704972,1.1020450378515445,2.57690614006753e-4,5.68208996117801,0.07343556005212779,2.5597586491968594,moderate_bleaching,10,moderate_bleaching_every_10yr,monte_carlo,0.2662860767478558,0.5247833513578783
50,0.26048019112672605,0.5278362116518373,1.0261686859784958e-4,2.7750089376732623,0.032818570450061514,1.2299505167188742,moderate_bleaching,10,moderate_bleaching_every_10yr,monte_carlo,0.12403818625082191,0.25135057697706537
0,210,210,210,210,210,210,moderate_bleaching,20,moderate_bleaching_every_20yr,monte_carlo,100,100
1,146.00285222017015,145.49552110967213,131.08936363090547,153.76128183863216,140.44390936347264,150.97017680982543,moderate_bleaching,20,moderate_bleaching_every_20yr,monte_carlo,69.52516772389055,69.28358148079626
2,113.22086112913078,112.60019135954778,91.27223303943619,125.57342760974919,104.76341720707602,121.05593937317367,moderate_bleaching,20,moderate_bleaching_every_20yr,monte_carlo,53.914695775776565,53.6191387426418
3,93.33578475545659,92.76050376863523,67.55640093511724,109.01973345800212,83.07552227550902,103.19001069345472,moderate_bleaching,20,moderate_bleaching_every_20yr,monte_carlo,44.44561178831266,44.17166846125487
4,80.17719421250133,79.72568673431832,52.104503993376134,98.62645368961402,68.64635912829962,91.65795322981126,moderate_bleaching,20,moderate_bleaching_every_20yr,monte_carlo,38.1796162916673,37.96461273062776
5,71.01024716749737,70.72814953788922,41.43349025584181,91.99182012577347,58.482980460607024,83.94022962899442,moderate_bleaching,20,moderate_bleaching_every_20yr,monte_carlo,33.814403413093984,33.68007120851868
6,64.35620555236439,64.2754432711091,33.71529771335904,87.80196490381769,50.98480757464137,78.66279755474086,moderate_bleaching,20,moderate_bleaching_every_20yr,monte_carlo,30.645812167792563,30.607353938623376
7,59.328879873722485,59.47543224111842,27.90671929453468,85.24434234062728,45.21249218635463,74.98509329785374,moderate_bleaching,20,moderate_bleaching_every_20yr,monte_carlo,28.251847558915472,28.32163440053258
8,55.3727445543422,55.76944425334185,23.385396776725077,83.78785442341575,40.59105628866138,72.36601667595664,moderate_bleaching,20,moderate_bleaching_every_20yr,monte_carlo,26.36797359730581,26.556878215877074
9,52.132922910538426,52.8001936869325,19.76818596181201,83.07736088888343,36.76109551672772,70.44992334242845,moderate_bleaching,20,moderate_bleaching_every_20yr,monte_carlo,24.82520138597068,25.14294937472976
10,49.380834955325255,50.33671351787978,16.811993503170104,82.87330071208876,33.4947644748874,69.0012108203346,moderate_bleaching,20,moderate_bleaching_every_20yr,monte_carlo,23.514683312059645,23.969863579942754
11,46.96860879465558,48.228625772688204,14.357357507002735,83.01364587778869,30.645618215144975,67.86343110656057,moderate_bleaching,20,moderate_bleaching_every_20yr,monte_carlo,22.366004187931228,22.966012272708667
12,44.800247549914914,46.377373960692374,12.295699967054258,83.3888111818352,28.11793071401698,66.93270325256861,moderate_bleaching,20,moderate_bleaching_every_20yr,monte_carlo,21.333451214245198,22.08446379080589
13,42.813155097102715,44.7178586110571,10.550088306338669,83.92477263830008,25.847734906736825,66.14012660562697,moderate_bleaching,20,moderate_bleaching_every_20yr,monte_carlo,20.387216712906056,21.29421838621767
14,40.96624250491167,43.206636239811296,9.06381434309321,84.57161704776571,23.791058446702106,65.44007017152452,moderate_bleaching,20,moderate_bleaching_every_20yr,monte_carlo,19.50773452614841,20.574588685624427
15,39.232263686897426,41.814314326643,7.793530474536248,85.29575695060939,21.91661289482746,64.8023611872279,moderate_bleaching,20,moderate_bleaching_every_20yr,monte_carlo,18.68203032709401,19.91157825078238
16,37.592880232895666,40.520644634581416,6.705056846329544,86.0746393528895,20.20124654285025,64.2070775823016,moderate_bleaching,20,moderate_bleaching_every_20yr,monte_carlo,17.901371539474127,19.29554506408639
17,36.03548834847559,39.31135573880562,5.770763278445259,86.89315500477312,18.6271125857537,63.64108194095886,moderate_bleaching,20,moderate_bleaching_every_20yr,monte_carlo,17.159756356416946,18.719693208955054
18,34.551182185761995,38.176107189434816,4.967887305574987,87.74120671010373,17.179901128434498,63.095719232783935,moderate_bleaching,20,moderate_bleaching_every_20yr,monte_carlo,16.452943897981903,18.179098661635624
19,33.13344865315284,37.107166897459415,4.277415445426187,88.61206614418401,15.847730306935727,62.56529077599459,moderate_bleaching,20,moderate_bleaching_every_20yr,monte_carlo,15.777832691977542,17.670079474980675
20,15.411429959668684,17.507144583100185,1.7863382141170792,43.40649136219954,7.090651010824447,30.09120687436803,moderate_bleaching,20,moderate_bleaching_every_20yr,monte_carlo,7.338776171270801,8.336735515761994
21,14.781713930499757,17.044923623365843,1.538337039732426,43.845200009764696,6.542003484940469,29.84360665227521,moderate_bleaching,20,moderate_bleaching_every_20yr,monte_carlo,7.038911395476075,8.116630296840878
22,14.178397263402765,16.607724148031775,1.3248288842633844,44.290431692597465,6.036093851472092,29.59944039042304,moderate_bleaching,20,moderate_bleaching_every_20yr,monte_carlo,6.751617744477508,7.908440070491321
23,13.600128031947305,16.193918808903295,1.1409893213049456,44.741575509760864,5.5694815022371005,29.358185024752945,moderate_bleaching,20,moderate_bleaching_every_20yr,monte_carlo,6.476251443784431,7.711389909001569
24,13.04571103828162,15.802092899101867,0.9826803343996352,45.19824040598483,5.139046063114111,29.119492975936478,moderate_bleaching,20,moderate_bleaching_every_20yr,monte_carlo,6.212243351562676,7.52480614242946
25,12.514064140153014,15.430993417709814,0.8463476759378584,45.660182172491595,4.7419413673925535,28.883131638780736,moderate_bleaching,20,moderate_bleaching_every_20yr,monte_carlo,5.959078161977625,7.34809210367134
26,12.004190005848937,15.079494533406713,0.7289356676543848,46.12725466945555,4.37556129623615,28.648943697133827,moderate_bleaching,20,moderate_bleaching_every_20yr,monte_carlo,5.716280955166161,7.180711682574625
27,11.515157685260512,14.746573735266535,0.6278156429001083,46.59937726465179,4.037513330566827,28.416821120168596,moderate_bleaching,20,moderate_bleaching_every_20yr,monte_carlo,5.483408421552625,7.022177969174541
28,11.046090427688597,14.431294991053827,0.5407253518755124,47.07651311577319,3.7255972390145446,28.186688136659505,moderate_bleaching,20,moderate_bleaching_every_20yr,monte_carlo,5.260043060804094,6.872045233835156
29,10.596157478571122,14.132796538433771,0.46571736142255404,47.5586546962987,3.4377872965737124,27.958490095052618,moderate_bleaching,20,moderate_bleaching_every_20yr,monte_carlo,5.045789275510058,6.729903113539891
30,10.164568415514147,13.850281772827898,0.4011149470917176,48.0458141556492,3.1722170240799725,27.73218617885918,moderate_bleaching,20,moderate_bleaching_every_20yr,monte_carlo,4.840270674054356,6.595372272775189
31,9.750569110329177,13.58301223448234,0.34547429350291187,48.53801690315507,2.927165804568696,27.507744645494682,moderate_bleaching,20,moderate_bleaching_every_20yr,monte_carlo,4.6431281477757995,6.468101064039209
32,9.353438737882344,13.330302044038996,0.2975520457720894,49.035297340385526,2.7010469579891705,27.285139715730995,moderate_bleaching,20,moderate_bleaching_every_20yr,monte_carlo,4.45401844661064,6.347762878113808
33,8.97248746444544,13.0915133593765,0.25627742308970197,49.537696024296324,2.492396995158495,27.06434954222132,moderate_bleaching,20,moderate_bleaching_every_20yr,monte_carlo,4.272613078307352,6.234053980655476
34,8.607054582507399,12.866052570865978,0.22072823515310697,50.04525778281246,2.2998658586197593,26.845354883110502,moderate_bleaching,20,moderate_bleaching_every_20yr,monte_carlo,4.098597420241618,6.126691700412371
35,8.256506944034271,12.653367045755337,0.1901102450657935,50.558030464120115,2.1222080126229708,26.62813823616197,moderate_bleaching,20,moderate_bleaching_every_20yr,monte_carlo,3.931669973349653,6.025412878931113
36,7.920237597987675,12.452942293295942,0.16373940599535292,51.07606410743793,1.9582742792376193,26.412683273551735,moderate_bleaching,20,moderate_bleaching_every_20yr,monte_carlo,3.7715417133274642,5.929972520617115
37,7.59766457196908,12.264299462075305,0.1410265681398303,51.59941039402153,1.8070043402426414,26.19897447290098,moderate_bleaching,20,moderate_bleaching_every_20yr,monte_carlo,3.6179355104614666,5.840142600988241
38,7.288229759406541,12.086993107285602,0.12146431060615247,52.12812228443861,1.6674198395684934,25.986996876352794,moderate_bleaching,20,moderate_bleaching_every_20yr,monte_carlo,3.4705855997174004,5.755711003469335
39,6.991397887337671,11.920609183121849,0.10461560189991931,52.66225377963075,1.5386180315242988,25.776735933176486,moderate_bleaching,20,moderate_bleaching_every_20yr,monte_carlo,3.3292370892084144,5.676480563391357
40,3.252606355579232,5.705696880992878,0.04369882322902039,25.801937485372477,0.6885607358321001,12.40010251017575,moderate_bleaching,20,moderate_bleaching_every_20yr,monte_carlo,1.5488601693234438,2.7169985147585134
41,3.1201358555050875,5.635052232009352,0.037637219196248475,26.066318630592917,0.6353722756971489,12.299774243031068,moderate_bleaching,20,moderate_bleaching_every_20yr,monte_carlo,1.4857789788119464,2.683358205718739
42,2.99306063510793,5.569185307998911,0.03241644006283706,26.33340914539862,0.5862925010006177,12.200258116828412,moderate_bleaching,20,moderate_bleaching_every_20yr,monte_carlo,1.4252669690990143,2.651993003809005
43,2.871160940400462,5.507948175736594,0.02791985210886586,26.603236701154394,0.5410040156819473,12.101547509774614,moderate_bleaching,20,moderate_bleaching_every_20yr,monte_carlo,1.3672194954287915,2.622832464636473
44,2.754225972638792,5.451204451972943,0.024047000345337778,26.87582928385025,0.4992139440701812,12.003635869987665,moderate_bleaching,20,moderate_bleaching_every_20yr,monte_carlo,1.3115361774470438,2.5958116437966394
45,2.642053521754523,5.398828750031902,0.020711364269038388,27.151215186872612,0.4606520361360854,11.906516709253365,moderate_bleaching,20,moderate_bleaching_every_20yr,monte_carlo,1.258120724645011,2.570870833348525
46,2.534449615393471,5.350706174738576,0.01783842494197377,27.42942300721871,0.4250689193108789,11.810183598811186,moderate_bleaching,20,moderate_bleaching_every_20yr,monte_carlo,1.206880769234986,2.547955321304084
47,2.4312281826751057,5.306731861918203,0.015364000202661895,27.710481644006094,0.39223448547407325,11.714630166463422,moderate_bleaching,20,moderate_bleaching_every_20yr,monte_carlo,1.1577277060357647,2.527015172342001
48,2.332210731915451,5.266810559194525,0.013232810811385052,27.994420298515735,0.36193640262273064,11.619850094547646,moderate_bleaching,20,moderate_bleaching_every_20yr,monte_carlo,1.1105765390073576,2.508005028187869
49,2.237226041645357,5.230856245214023,0.01139724549328996,28.28126847526313,0.33397874156244517,11.525837118472733,moderate_bleaching,20,moderate_bleaching_every_20yr,monte_carlo,1.0653457341168369,2.490883926292392
50,2.1461098643200227,5.19879178475602,0.009816297288152018,28.571055983762218,0.30818070871739145,11.432585025623151,moderate_bleaching,20,moderate_bleaching_every_20yr,monte_carlo,1.0219570782476297,2.4756151355981046
0,210,210,210,210,210,210,moderate_bleaching,50,moderate_bleaching_every_50yr,monte_carlo,100,100
1,145.92657730947175,145.04430202645048,123.2825518500174,153.54958313347512,139.53730956907972,151.09185934054625,moderate_bleaching,50,moderate_bleaching_every_50yr,monte_carlo,69.4888463378437,69.0687152506907
2,113.10260886542781,111.94716670905825,80.72527547546993,125.22791103675105,103.41522917565317,121.25115861979585,moderate_bleaching,50,moderate_bleaching_every_50yr,monte_carlo,53.85838517401324,53.30817462336107
3,93.18961580479754,92.00511193748538,56.192273518213604,108.57012181600385,81.47705127294158,103.43972011534743,moderate_bleaching,50,moderate_bleaching_every_50yr,monte_carlo,44.37600752609407,43.811958065469234
4,80.0098428527958,78.9142639030154,40.759340232906055,98.08453424424668,66.89090679905235,91.95380601575083,moderate_bleaching,50,moderate_bleaching_every_50yr,monte_carlo,38.099925167998,37.57822090619781
5,70.82504666165276,69.88349689325396,30.482299050994236,91.36046923035448,56.61954799101616,84.27903882660908,moderate_bleaching,50,moderate_bleaching_every_50yr,monte_carlo,33.72621269602513,33.27785566345427
6,64.154867625779,63.40947158758063,23.32760014077366,87.07939904269071,49.04163975332506,79.04395570185181,moderate_bleaching,50,moderate_bleaching_every_50yr,monte_carlo,30.54993696465667,30.19498647027649
7,59.11241825436333,58.59513987590721,18.159389848416062,84.42652552401529,43.2085721748665,75.40915309152217,moderate_bleaching,50,moderate_bleaching_every_50yr,monte_carlo,28.14877059731587,27.90244755995581
8,55.14194467089242,54.87968417003035,14.311631928725665,82.86987260990404,38.54154007559406,72.83391161348374,moderate_bleaching,50,moderate_bleaching_every_50yr,monte_carlo,26.258068890901153,26.13318293810969
9,51.88855903840099,51.904862978731785,11.377994600338527,82.05416468329483,34.67962339706523,70.96256785507107,moderate_bleaching,50,moderate_bleaching_every_50yr,monte_carlo,24.708837637333804,24.716601418443705
10,49.12375173012134,49.43920290195288,9.100707414475922,81.74006783729956,31.394245064646963,69.55932055194425,moderate_bleaching,50,moderate_bleaching_every_50yr,monte_carlo,23.39226272862921,23.542477572358514
11,46.69973491066431,47.331950416037756,7.309539713692111,81.76592448808779,28.538337112886047,68.4674645771729,moderate_bleaching,50,moderate_bleaching_every_50yr,monte_carlo,22.23796900507824,22.539024007637025
12,44.52057949722676,45.484187017250704,5.8874996321558815,82.02254441665082,26.015415557966133,67.58286551369926,moderate_bleaching,50,moderate_bleaching_every_50yr,monte_carlo,21.200275951060362,21.65913667488129
13,42.52373094068661,43.8304362771487,4.751146206862874,82.436264752375,23.760578428116716,66.83640060377628,moderate_bleaching,50,moderate_bleaching_every_50yr,monte_carlo,20.249395686041243,20.87163632245176
14,40.668115457289645,42.326868261737125,3.8390212002994932,82.95747581053715,21.72878094743954,66.18225704597118,moderate_bleaching,50,moderate_bleaching_every_50yr,monte_carlo,19.36576926537602,20.155651553208152
15,38.92647959191199,40.943708956230886,3.1046560992840235,83.55283111535155,19.88758677024843,65.59011997974316,moderate_bleaching,50,moderate_bleaching_every_50yr,monte_carlo,18.536418853291426,19.49700426487185
16,37.28046015621656,39.66034695963271,2.5121989230774697,84.19996048813353,18.21267950778324,65.03996013635286,moderate_bleaching,50,moderate_bleaching_every_50yr,monte_carlo,17.752600074388837,18.885879504587006
17,35.7174160840615,38.462175203624014,2.0335725150359796,84.88388752911261,16.685076977884286,64.51856164914862,moderate_bleaching,50,moderate_bleaching_every_50yr,monte_carlo,17.00829337336262,18.315321525535243
18,34.22839593168882,37.33854996844865,1.6465522908482795,85.59460702011214,15.28939522174315,64.01721374104692,moderate_bleaching,50,moderate_bleaching_every_50yr,monte_carlo,16.299236157947057,17.780261889737453
19,32.80683597659956,36.28146967283699,1.3334144538901964,86.32545026273434,14.012759353112898,63.53017938909757,moderate_bleaching,50,moderate_bleaching_every_50yr,monte_carlo,15.622302845999789,17.276890320398568
20,31.447727340202015,35.28471744157099,1.0799518377711401,87.07198440997041,12.844112950722213,63.05368149603299,moderate_bleaching,50,moderate_bleaching_every_50yr,monte_carlo,14.975108257239055,16.802246400748093
21,30.14708358119795,34.34330260766788,0.874736441158563,87.83127280520684,11.773773256800268,62.5852329386331,moderate_bleaching,50,moderate_bleaching_every_50yr,monte_carlo,14.355754086284739,16.35395362269899
22,28.901600408045503,33.453095038611124,0.7085542042373469,88.60137880473182,10.793138370000324,62.123194604687534,moderate_bleaching,50,moderate_bleaching_every_50yr,monte_carlo,13.762666860974049,15.930045256481487
23,27.708438022388655,32.61058400316464,0.573964437827948,89.38103346072145,9.894488878695736,61.66648427285475,moderate_bleaching,50,moderate_bleaching_every_50yr,monte_carlo,13.19449429637555,15.528849525316495
24,26.565081627158236,31.81271764095385,0.46495222357826793,90.16941326256983,9.070848642061975,61.214385108209214,moderate_bleaching,50,moderate_bleaching_every_50yr,monte_carlo,12.65003887007535,15.148913162358976
25,25.469251701262824,31.056794754846873,0.3766518232948184,90.96599167040793,8.31588306785205,60.76641983457412,moderate_bleaching,50,moderate_bleaching_every_50yr,monte_carlo,12.12821509583944,14.788949883260416
26,24.418845936471484,30.34039071101494,0.3051252992765054,91.77044004856108,7.623821581764043,60.32226814453946,moderate_bleaching,50,moderate_bleaching_every_50yr,monte_carlo,11.62802187451023,14.447805100483304
27,23.411901312154384,29.6613056994025,0.2471846190291167,92.58256162480691,6.989396083620094,59.881712538185184,moderate_bleaching,50,moderate_bleaching_every_50yr,monte_carlo,11.148524434359231,14.124431285429761
28,22.446568981627458,29.017527763909353,0.20024831998994963,93.40224750249878,6.4077903006503245,59.44460283270836,moderate_bleaching,50,moderate_bleaching_every_50yr,monte_carlo,10.68884237220355,13.817870363766357
29,21.521097317677615,28.4072056839735,0.16222581337056358,94.22944738316662,5.874596851055098,59.01083292240559,moderate_bleaching,50,moderate_bleaching_every_50yr,monte_carlo,10.248141579846482,13.527240801892143
30,20.633820165331564,27.828628508911546,0.13142388610116135,95.0641500929506,5.385779994757563,58.580325569497646,moderate_bleaching,50,moderate_bleaching_every_50yr,monte_carlo,9.825628650157887,13.25172786138645
31,19.783148430007685,27.28020965451099,0.10647108192512514,95.90637063767382,4.93764276175174,58.153022455729605,moderate_bleaching,50,moderate_bleaching_every_50yr,monte_carlo,9.420546871432231,12.990576025957616
32,18.96756381445067,26.76047418686533,0.08625651051565186,96.75614160252536,4.526797587828666,57.72887767791238,moderate_bleaching,50,moderate_bleaching_every_50yr,monte_carlo,9.03217324497651,12.743082946126346
33,18.18561395220705,26.268048381660346,0.06988031445094975,97.61350744121664,4.150139859949542,57.307853496744315,moderate_bleaching,50,moderate_bleaching_every_50yr,monte_carlo,8.659816167717642,12.508594467457307
34,17.435908460506447,25.801650948083935,0.05661356371104091,98.47852068583873,3.8048239443335667,56.889917559162825,moderate_bleaching,50,moderate_bleaching_every_50yr,monte_carlo,8.302813552622117,12.286500451468541
35,16.717115609546465,25.36008550296335,0.04586577833287767,99.35123943287452,3.4882413790557814,56.47504108389217,moderate_bleaching,50,moderate_bleaching_every_50yr,monte_carlo,7.960531242641173,12.07623119188731
36,16.027959415348477,24.942234009686278,0.037158625588626926,100.23172567678073,3.1980009836656973,56.06319767636168,moderate_bleaching,50,moderate_bleaching_every_50yr,monte_carlo,7.632361626356417,11.877254290326798
37,15.367217033033368,24.547050981731708,0.030104616295438834,101.12004420629987,2.9319106856510553,55.6543625547306,moderate_bleaching,50,moderate_bleaching_every_50yr,monte_carlo,7.317722396682556,11.689071896062718
38,14.733716371437929,24.17355830752904,0.024389849282045566,102.0162618742774,2.6879608963595496,55.24851204437182,moderate_bleaching,50,moderate_bleaching_every_50yr,monte_carlo,7.016055414970442,11.511218241680494
39,14.126333877873257,23.820840591737724,0.019760034302112487,102.92044711532873,2.464309292655371,54.8456232476201,moderate_bleaching,50,moderate_bleaching_every_50yr,monte_carlo,6.7268256561301225,11.343257424637011
40,13.54399245947651,23.488040934263747,0.016009170234297394,103.83266962793952,2.2592668784201604,54.445673827917176,moderate_bleaching,50,moderate_bleaching_every_50yr,monte_carlo,6.449520218798338,11.18478139726845
41,12.985659518794343,23.174357086529735,0.012970373968008035,104.75300016564248,2.0712852140258207,54.04864186861195,moderate_bleaching,50,moderate_bleaching_every_50yr,monte_carlo,6.183647389902068,11.035408136442731
42,12.450345088342004,22.879037937366018,0.010508451328541555,105.68151040054116,1.8989447133515658,53.65450578047252,moderate_bleaching,50,moderate_bleaching_every_50yr,monte_carlo,5.928735756353335,10.894779970174294
43,11.937100053410271,22.601380290148384,0.008513879077070194,106.61827283481873,1.7409439175618602,53.26324424097869,moderate_bleaching,50,moderate_bleaching_every_50yr,monte_carlo,5.6843333587667955,10.762562042927803
44,11.445014455292878,22.340725899617876,0.006897929921268316,107.56336074407412,1.5960896631921224,52.87483615434692,moderate_bleaching,50,moderate_bleaching_every_50yr,monte_carlo,5.450006883472799,10.63844090457994
45,10.9732158689792,22.09645874193712,0.005588723410240507,108.51684814177271,1.4632880694177293,52.48926062507955,moderate_bleaching,50,moderate_bleaching_every_50yr,monte_carlo,5.225340889990095,10.522123210446248
46,10.52086785057885,21.868002495477473,0.004528026841306951,109.4788097577088,1.3415362759148095,52.10649694033657,moderate_bleaching,50,moderate_bleaching_every_50yr,monte_carlo,5.009937071704215,10.41333452165594
47,10.087168450555307,21.654818212923928,0.0036686637190919513,110.44932102577198,1.2299148685986432,51.72652455806299,moderate_bleaching,50,moderate_bleaching_every_50yr,monte_carlo,4.80341354788348,10.311818196630442
48,9.671348789394965,21.456402167767756,0.002972414370632996,111.42845807789686,1.1275809358462552,51.34932309887188,moderate_bleaching,50,moderate_bleaching_every_50yr,monte_carlo,4.605404185426174,10.217334365603694
49,9.272671692721339,21.27228386028315,0.0024083152411450708,112.41629774212856,1.0337617026471508,50.97487234037858,moderate_bleaching,50,moderate_bleaching_every_50yr,monte_carlo,4.415557948914923,10.129658981087214
50,4.311697560582479,10.234099162250994,9.463359833750329e-4,55.00320893776463,0.45964093504710035,24.541611435246676,moderate_bleaching,50,moderate_bleaching_every_50yr,monte_carlo,2.053189314563085,4.873380553452853
0,210,210,210,210,210,210,severe_bleaching,5,severe_bleaching_every_5yr,monte_carlo,100,100
1,146.52806994404716,145.69640096392465,125.58186164852678,153.57614674567057,141.0406177102558,151.91526440687105,severe_bleaching,5,severe_bleaching_every_5yr,monte_carlo,69.77527140192721,69.37923855424984
2,114.03690552808922,112.98497126004742,83.76504674448141,125.27126742056632,105.65551450930111,122.5763241226568,severe_bleaching,5,severe_bleaching_every_5yr,monte_carlo,54.30328834670915,53.802367266689245
3,94.34668091157882,93.30855085731832,59.396465037357956,108.62654230192845,84.1388837023116,105.14009878687563,severe_bleaching,5,severe_bleaching_every_5yr,monte_carlo,44.92699091027563,44.43264326538968
4,81.33711460371944,80.42031105081263,43.88787310695274,98.15254051820932,69.82038774000095,93.97473315312087,severe_bleaching,5,severe_bleaching_every_5yr,monte_carlo,38.7319593351045,38.295386214672675
5,15.952016105201972,15.789008456079385,7.37731610686922,20.17585687689774,13.180517123384007,19.108143919475566,severe_bleaching,5,severe_bleaching_every_5yr,monte_carlo,7.596198145334272,7.518575455275897
6,14.509232288680684,14.393405709249755,5.75121402018702,19.23377984129749,11.539438601825047,18.018886221658303,severe_bleaching,5,severe_bleaching_every_5yr,monte_carlo,6.909158232705087,6.854002718690359
7,13.423927340423871,13.361285349656383,4.560707435126659,18.651070753413897,10.27645246196213,17.283977298550475,severe_bleaching,5,severe_bleaching_every_5yr,monte_carlo,6.392346352582797,6.362516833169705
8,12.573868840115885,12.569548311884034,3.661544491330017,18.310375241297564,9.265224123973683,16.784700856661473,severe_bleaching,5,severe_bleaching_every_5yr,monte_carlo,5.987556590531374,5.985499196135255
9,11.880764158725334,11.939353263644604,2.9654306932557155,18.133306716322128,8.426646158420114,16.442567744340234,severe_bleaching,5,severe_bleaching_every_5yr,monte_carlo,5.657506742250159,5.68540631602124
10,2.4919959685518234,2.5197071672413855,0.5331433517095293,3.9864328578741857,1.7013007713417472,3.575635049282457,severe_bleaching,5,severe_bleaching_every_5yr,monte_carlo,1.1866647469294398,1.1998605558292312
11,2.3787894886460257,2.4220733771069556,0.4362256299378853,3.9883915455941823,1.5631949944065489,3.5386894109756373,severe_bleaching,5,severe_bleaching_every_5yr,monte_carlo,1.1327568993552504,1.153368274812836
12,2.277131586166721,2.3366587735881312,0.3579373734044672,4.001609757783945,1.4403520487935428,3.512005187133626,severe_bleaching,5,severe_bleaching_every_5yr,monte_carlo,1.0843483743651052,1.1126946540895863
13,2.1839582871202063,2.2602812812871553,0.2942606956075085,4.022499018949942,1.3296834084625146,3.4921424104575483,severe_bleaching,5,severe_bleaching_every_5yr,monte_carlo,1.0399801367239079,1.0763244196605501
14,2.0972616708314176,2.190819875311545,0.24222266813775317,4.048642232522077,1.2290793286576387,3.476808832730841,severe_bleaching,5,severe_bleaching_every_5yr,monte_carlo,0.9986960337292464,1.0432475596721642
15,0.4447607168805057,0.4692807420701419,0.044031966162886335,0.8998881817920064,0.250886389345173,0.7644255594285533,severe_bleaching,5,severe_bleaching_every_5yr,monte_carlo,0.21179081756214557,0.2234670200334009
16,0.4277086387415826,0.4561583593216606,0.036297308224673475,0.9070174995406117,0.23223201365928237,0.7621446161482127,severe_bleaching,5,severe_bleaching_every_5yr,monte_carlo,0.20367078035313457,0.21721826634364788
17,0.41146432972624425,0.44387822798413595,0.029932884950160304,0.9145459379141931,0.21504514618780493,0.7601549739571497,severe_bleaching,5,severe_bleaching_every_5yr,monte_carlo,0.19593539510773536,0.21137058475435044
18,0.39593513458609464,0.4323315532020245,0.02469082839068954,0.922365895406424,0.19917961225663122,0.7583585330055906,severe_bleaching,5,severe_bleaching_every_5yr,monte_carlo,0.18854054027909267,0.20587216819144025
19,0.38105451702897375,0.4214378601740753,0.020370383905453687,0.9304056555474722,0.18451485807851628,0.7566904204925449,severe_bleaching,5,severe_bleaching_every_5yr,monte_carlo,0.18145453191855893,0.20068469532098826
20,0.08092718430090748,0.09071567039752014,0.003708619322559892,0.20710274851854754,0.037719163198697454,0.16661194648151295,severe_bleaching,5,severe_bleaching_every_5yr,monte_carlo,0.03853675442900356,0.0431979382845334
21,0.07789966906412313,0.08856229506557643,0.003060302881317505,0.20894569214509354,0.03494834565173499,0.16627536381889202,severe_bleaching,5,severe_bleaching_every_5yr,monte_carlo,0.037095080506725296,0.0421725214597983
22,0.07498895096581903,0.08651992715062402,0.0025254704612796006,0.2108150616129127,0.032382597324354015,0.16594728769463413,severe_bleaching,5,severe_bleaching_every_5yr,monte_carlo,0.03570902426943764,0.041199965309820966
23,0.07218923578771601,0.08458118776967019,0.002084197734325691,0.21270785203487388,0.030006147375857085,0.16562500748877235,severe_bleaching,5,severe_bleaching_every_5yr,monte_carlo,0.03437582656557905,0.04027675608079533
24,0.06949547119259872,0.0827397062834316,0.001720084101573822,0.21462211664946873,0.027804666537541153,0.1653067383223271,severe_bleaching,5,severe_bleaching_every_5yr,monte_carlo,0.0330930815202851,0.03939986013496743
25,0.014761945923050216,0.017870136714554657,3.1323388148152666e-4,0.04778247526740892,0.0056849701857518385,0.03640476647418024,severe_bleaching,5,severe_bleaching_every_5yr,monte_carlo,0.007029498058595341,0.008509588911692694
26,0.014211416897451382,0.01750315068871022,2.585232971925943e-4,0.04821360983238023,0.005267995028086908,0.03633562257776138,severe_bleaching,5,severe_bleaching_every_5yr,monte_carlo,0.006767341379738754,0.008334833661290581
27,0.013681499080849709,0.017154267155271075,2.1337248498135627e-4,0.048648937779772417,0.00488163223741602,0.036266821787226636,severe_bleaching,5,severe_bleaching_every_5yr,monte_carlo,0.006514999562309385,0.008168698645367178
28,0.013171391524131673,0.016822563202391366,1.7611001308605044e-4,0.04908840432666151,0.004523623267831126,0.03619829031251022,severe_bleaching,5,severe_bleaching_every_5yr,monte_carlo,0.006272091201967463,0.008010744382091126
29,0.012680335090410135,0.01650718758475579,1.453570217718296e-4,0.04953198545720987,0.004191880544185624,0.036129979603646174,severe_bleaching,5,severe_bleaching_every_5yr,monte_carlo,0.0060382548049572075,0.007860565516550375
30,0.0026935665687017763,0.003576096521142668,2.647226664059302e-5,0.011027844712713092,8.570956279400199e-4,0.00795692539368247,severe_bleaching,5,severe_bleaching_every_5yr,monte_carlo,0.001282650747000846,0.0017029031053060323
31,0.002593152031288105,0.0035132052710357678,2.185016678395909e-5,0.011127535855333898,7.942421767634612e-4,0.007941931539918116,severe_bleaching,5,severe_bleaching_every_5yr,monte_carlo,0.0012348343006133833,0.0016729548909694132
32,0.0024964826784165785,0.0034534294623851957,1.803532303578979e-5,0.011228140694808708,7.359984915475501e-4,0.007926971628904265,severe_bleaching,5,severe_bleaching_every_5yr,monte_carlo,0.001188801275436466,0.0016444902201834264
33,0.002403418167124758,0.0033966277291255873,1.4886703107573441e-5,0.011329664929546557,6.820262785742204e-4,0.007912043629025981,severe_bleaching,5,severe_bleaching_every_5yr,monte_carlo,0.00114448484148798,0.0016174417757740891
34,0.002313823654994331,0.003342667693408593,1.228792320995982e-5,0.011432115200686956,6.320121509731011e-4,0.007897146189294935,severe_bleaching,5,severe_bleaching_every_5yr,monte_carlo,0.0011018207880925384,0.0015917465206707585
35,4.915055802189611e-4,7.262417095774528e-4,2.2380044841610194e-6,0.002545268302750832,1.292251448674924e-4,0.001739197734294082,severe_bleaching,5,severe_bleaching_every_5yr,monte_carlo,2.3405027629474337e-4,3.4582938551307277e-4
36,4.731834173486202e-4,7.155091769712378e-4,1.8473598640950447e-6,0.00256828718635853,1.197488897775861e-4,0.0017359236173070294,severe_bleaching,5,severe_bleaching_every_5yr,monte_carlo,2.253254368326763e-4,3.407186557005895e-4
37,0.00045554430129722643,7.053264589107434e-4,1.5249208810099675e-6,0.0025915154996245643,1.1096755130576968e-4,0.0017326558165049327,severe_bleaching,5,severe_bleaching_every_5yr,monte_carlo,2.16925857760584e-4,3.3586974233844926e-4
38,4.385627534985315e-4,6.956708977288356e-4,1.2587757243309806e-6,0.0026149550803304155,1.0283016571114537e-4,0.001729394267307155,severe_bleaching,5,severe_bleaching_every_5yr,monte_carlo,2.0883940642787215e-4,3.312718560613503e-4
39,4.222142511773971e-4,6.865212035549135e-4,1.0390935165487904e-6,0.0026386078083284904,9.528950832111961e-5,0.0017261389233988996,severe_bleaching,5,severe_bleaching_every_5yr,monte_carlo,2.0105440532257004e-4,3.2691485883567313e-4
40,8.968735843628176e-5,1.4956690646004804e-4,1.892619549760836e-7,5.874661219128746e-4,1.94834938558971e-5,3.801497227456876e-4,severe_bleaching,5,severe_bleaching_every_5yr,monte_carlo,4.270826592203893e-5,7.122233640954668e-5
41,8.634404573627237e-5,1.4775831341100885e-4,1.5623561127406756e-7,5.927803489252745e-4,1.8054747083133397e-5,3.794341596247267e-4,severe_bleaching,5,severe_bleaching_every_5yr,monte_carlo,4.111621225536779e-5,7.036110162428993e-5
42,8.312536398009086e-5,1.4604887196550536e-4,1.2897393411418713e-7,5.981428911766436e-4,1.673077215242724e-5,3.787199475662351e-4,severe_bleaching,5,severe_bleaching_every_5yr,monte_carlo,3.9583506657186126e-5,6.954708188833589e-5
43,8.002666688707152e-5,1.4443491490333447e-4,1.0647044426061736e-7,6.035541878722248e-4,1.5503885936669312e-5,3.7800708261930883e-4,severe_bleaching,5,severe_bleaching_every_5yr,monte_carlo,3.81079366128912e-5,6.877853090634975e-5
44,7.704348151198466e-5,1.4291299527227985e-4,8.789443581950893e-8,6.090146829591328e-4,1.4366968755409975e-5,3.7729556132546347e-4,severe_bleaching,5,severe_bleaching_every_5yr,monte_carlo,3.6687372148564125e-5,6.805380727251422e-5
45,1.6365687829127917e-5,3.12170495811645e-5,1.6010175167945036e-8,1.3559279794681154e-4,2.937561197641979e-6,8.309227445862923e-5,severe_bleaching,5,severe_bleaching_every_5yr,monte_carlo,7.793184680537103e-6,1.486526170531643e-5
46,1.5755617760971034e-5,3.091975765753092e-5,1.3217179340496031e-8,1.3681964625146412e-4,2.7221465966993707e-6,8.293587063962691e-5,severe_bleaching,5,severe_bleaching_every_5yr,monte_carlo,7.502675124271921e-6,1.4723694122633772e-5
47,1.516828953102895e-5,3.064075643234639e-5,1.0911555531062023e-8,1.380576498047588e-4,2.5225285946595762e-6,8.277976134440705e-5,severe_bleaching,5,severe_bleaching_every_5yr,monte_carlo,7.22299501477569e-6,1.4590836396355425e-5
48,1.4602855374913258e-5,3.037945372910843e-5,9.008235523133715e-9,1.393069104612691e-4,2.337548807176975e-6,8.26239459809732e-5,severe_bleaching,5,severe_bleaching_every_5yr,monte_carlo,6.953740654720599e-6,1.4466406537670681e-5
49,1.4058499133666566e-5,3.013529386012656e-5,7.4370033006147806e-9,1.4056753103045976e-4,2.166133796213828e-6,8.24684239713865e-5,severe_bleaching,5,severe_bleaching_every_5yr,monte_carlo,6.694523396984079e-6,1.43501399333936e-5
50,2.986326745366609e-6,6.599043863151714e-6,1.3547481886864919e-9,3.1296425327540196e-5,4.4290140795025185e-7,1.816212450814462e-5,severe_bleaching,5,severe_bleaching_every_5yr,monte_carlo,1.4220603549364806e-6,3.1424018395960543e-6
0,210,210,210,210,210,210,severe_bleaching,10,severe_bleaching_every_10yr,monte_carlo,100,100
1,146.39285552115845,145.40643391279372,126.60519344557875,154.5221323254397,139.94406742645816,151.00432859203394,severe_bleaching,10,severe_bleaching_every_10yr,monte_carlo,69.71088358150402,69.24115900609225
2,113.82653910319695,112.52021712035312,85.13480813902608,126.81953312884855,104.01901843582563,121.11071459558082,severe_bleaching,10,severe_bleaching_every_10yr,monte_carlo,54.20311385866522,53.58105577159673
3,94.08573665858074,92.72212244764962,60.858292560679374,110.6468907520408,82.19163483270495,103.26005499470418,severe_bleaching,10,severe_bleaching_every_10yr,monte_carlo,44.80273174218131,44.15339164173792
4,81.03730365499297,79.74093510251025,45.332915674268406,100.59449412213138,67.67424516881653,91.74091726831242,severe_bleaching,10,severe_bleaching_every_10yr,monte_carlo,38.58919221666332,37.97187385833821
5,71.96373037629698,70.80189778919147,34.815720431484706,94.29261878297922,57.449560962246665,84.03521259744394,severe_bleaching,10,severe_bleaching_every_10yr,monte_carlo,34.268443036331895,33.715189423424505
6,65.39455397153796,64.41010945138102,27.361298340342678,90.44434340457236,49.905594812278196,78.76962234815885,severe_bleaching,10,severe_bleaching_every_10yr,monte_carlo,31.14026379597046,30.67148069113382
7,60.447146267004285,59.67259904964651,21.872814787398326,88.24547118601822,44.09791581835462,75.10390801611024,severe_bleaching,10,severe_bleaching_every_10yr,monte_carlo,28.78435536524014,28.415523356974525
8,56.56713696305134,56.030316205151664,17.702197317539905,87.16830772529119,39.44946036664772,72.49707595173031,severe_bleaching,10,severe_bleaching_every_10yr,monte_carlo,26.936731887167305,26.681102954834124
9,53.39968701697288,53.12567242439497,14.45227274630226,86.85841843905732,35.600015455769245,70.5934762474303,severe_bleaching,10,severe_bleaching_every_10yr,monte_carlo,25.428422389034704,25.29793924971189
10,11.190274438962266,11.192824452647228,2.619226078684885,19.21293569191209,7.131597409375354,15.25935460995089,severe_bleaching,10,severe_bleaching_every_10yr,monte_carlo,5.328702113791555,5.32991640602249
11,10.672065448704144,10.742128604808356,2.1603090859346628,19.341148242061728,6.501733532731052,15.011133434205664,severe_bleaching,10,severe_bleaching_every_10yr,monte_carlo,5.081935927954354,5.1152993356230265
12,10.20656639439504,10.348101874815024,1.7868273590283006,19.52518767569662,5.944221120091649,14.808608585648084,severe_bleaching,10,severe_bleaching_every_10yr,monte_carlo,4.860269711616685,4.927667559435726
13,9.779911990320581,9.996329666356965,1.4807227331271258,19.748461734794162,5.444836493021099,14.63656365332007,severe_bleaching,10,severe_bleaching_every_10yr,monte_carlo,4.657100947771705,4.760156983979507
14,9.38301257468654,9.677189485311176,1.2286192552479256,19.999742063045755,4.99375001981461,14.48491909866457,severe_bleaching,10,severe_bleaching_every_10yr,monte_carlo,4.46810122604121,4.608185469195798
15,9.009858738733465,9.38417315229686,1.020303967204962,20.27145136283867,4.583920590908925,14.347008651012077,severe_bleaching,10,severe_bleaching_every_10yr,monte_carlo,4.290408923206412,4.468653882046124
16,8.65642671049846,9.11280310196363,0.8477878277385704,20.55849312706468,4.210099531673029,14.218429981899597,severe_bleaching,10,severe_bleaching_every_10yr,monte_carlo,4.122107957380218,4.339430048554109
17,8.319972703055145,8.859931795780602,0.7047055657575624,20.85745330592276,3.8682114918914046,14.096279553366045,severe_bleaching,10,severe_bleaching_every_10yr,monte_carlo,3.961891763359593,4.2190151408479055
18,7.998578812914077,8.623288430875085,0.5859172187350496,21.16605682699399,3.5549683619351815,13.97864425515765,severe_bleaching,10,severe_bleaching_every_10yr,monte_carlo,3.8088470537686083,4.106327824226231
19,7.690861291601115,8.401185301346137,0.48723266518746244,21.482798428347806,3.267627120913025,13.864264361495191,severe_bleaching,10,severe_bleaching_every_10yr,monte_carlo,3.662314900762435,4.000564429212447
20,1.6318542781517569,1.807608943890138,0.08940897796297093,4.811572000728439,0.6627862481890157,3.034400217270891,severe_bleaching,10,severe_bleaching_every_10yr,monte_carlo,0.7770734657865509,0.8607661637572086
21,1.5693565985090143,1.7642210599970185,0.07436354497729347,4.8844760711335935,0.6093240962647657,3.010112760375073,severe_bleaching,10,severe_bleaching_every_10yr,monte_carlo,0.7473126659566734,0.8401052666652469
22,1.5093236793840052,1.7233439226505574,0.06185287293016903,4.958730002809681,0.5602007696654011,2.9861605904511355,severe_bleaching,10,severe_bleaching_every_10yr,monte_carlo,0.7187255616114311,0.8206399631669321
23,1.4516323414551724,1.6848219305655259,0.0514485954426426,5.03428077291579,0.5150537467491383,2.9624911573556942,severe_bleaching,10,severe_bleaching_every_10yr,monte_carlo,0.6912534959310345,0.8022961574121551
24,1.3961747521930645,1.648521275006566,0.04279533370120759,5.111098999352806,0.473554856482293,2.9390695752100924,severe_bleaching,10,severe_bleaching_every_10yr,monte_carlo,0.6648451200919354,0.7850101309555076
25,1.3428539536568784,1.6143247175050364,0.03559799368223164,5.189171249180686,0.4354054849441871,2.9158725336047446,severe_bleaching,10,severe_bleaching_every_10yr,monte_carlo,0.6394542636461326,0.7687260559547793
26,1.291580976884053,1.5821280427245996,0.02961139275879245,5.2684948743606785,0.40033296377013033,2.8928843034243186,severe_bleaching,10,severe_bleaching_every_10yr,monte_carlo,0.6150385604209776,0.7533943060593331
27,1.2422729678076794,1.5518376069851803,0.02463173695993745,5.349074548243214,0.3680877334305353,2.8700941190611964,severe_bleaching,10,severe_bleaching_every_10yr,monte_carlo,0.59155855609889485,0.7389702890405621
28,1.1948519579547585,1.5233686080248672,0.020489589803004894,5.430919945181412,0.3384410289972172,2.847494464051907,severe_bleaching,10,severe_bleaching_every_10yr,monte_carlo,0.5689771228355993,0.7254136228689844
29,1.149244046301976,1.496643833588468,0.017044055559738605,5.514044187670982,0.31118293077439285,2.8250799491165592,severe_bleaching,10,severe_bleaching_every_10yr,monte_carlo,0.5472590696676075,0.7126875398040323
30,0.2438980560519744,0.32470189616562495,0.0031283179366453934,1.235281644599783,0.06313154815566119,0.6184384980932041,severe_bleaching,10,severe_bleaching_every_10yr,monte_carlo,0.11614193145332115,0.1546199505550595
31,0.2345890302382022,0.3195294918348933,0.002602270665445686,1.2541977303867213,0.05804708250492756,0.6135720697073782,severe_bleaching,10,severe_bleaching_every_10yr,monte_carlo,0.11170906201819152,0.15215690087375872
32,0.2256354710630994,0.3146990577187334,0.0021646850282489487,1.2734073056078818,0.05337214610429953,0.6087443823690815,severe_bleaching,10,severe_bleaching_every_10yr,monte_carlo,0.1074454624109997,0.14985669415177783
33,0.21702374538881303,0.31019861786359837,0.0018006840591912846,1.2929146627605026,0.049073738178598836,0.6039549756266016,severe_bleaching,10,severe_bleaching_every_10yr,monte_carlo,0.10334464066133954,0.14771362755409445
34,0.2087407648431701,0.30601720311765546,0.0014978930835243276,1.3127242587895722,0.04512152322475114,0.5992034467549061,severe_bleaching,10,severe_bleaching_every_10yr,monte_carlo,0.09940036421103339,0.14572247767507404
35,0.20077395604072973,0.3021447813474936,0.0012460186816885908,1.332840685504463,0.041487613383723976,0.5944894314900137,severe_bleaching,10,severe_bleaching_every_10yr,monte_carlo,0.09560664573368083,0.1438784673083303
36,0.19311123524296706,0.2985721974829311,0.0010364985638814917,1.353268650220045,0.03814636951695426,0.5898125914512766,severe_bleaching,10,severe_bleaching_every_10yr,monte_carlo,0.09195773106807956,0.1421772368966339
37,0.18574098607537115,0.2952911213292073,8.622103825455008e-4,1.3740129632359874,0.035074219015454114,0.5851726059296956,severe_bleaching,10,severe_bleaching_every_10yr,monte_carlo,0.08844808860731959,0.1406148196805749
38,0.17865203941700303,0.2922940016935119,7.172295451072493e-4,1.3950785298902475,0.032249488712429275,0.5805691665256782,severe_bleaching,10,severe_bleaching_every_10yr,monte_carlo,0.0850723997223824,0.13918761985405328
39,0.17183365489370084,0.2895740257792605,5.966277722916713e-4,1.41647034567375,0.02965225151272542,0.5760019736459998,severe_bleaching,10,severe_bleaching_every_10yr,monte_carlo,0.08182554994938135,0.13789239322821928
40,0.0364674738219093,0.06335316621178255,1.0950811805136436e-4,0.3173324686770982,0.006015749160935807,0.12609306028534878,severe_bleaching,10,severe_bleaching_every_10yr,monte_carlo,0.017365463724718713,0.030168174386563117
41,0.0350756679360354,0.06287141753166771,9.109453776936325e-5,0.32219985452894123,0.005531266460431271,0.1251011272690843,severe_bleaching,10,severe_bleaching_every_10yr,monte_carlo,0.016702699017159713,0.029938770253175102
42,0.033736981738272644,0.06244721209449346,7.5777228415088e-5,0.3271426473622838,0.005085801989450177,0.12411700102892446,severe_bleaching,10,severe_bleaching_every_10yr,monte_carlo,0.01606522939917745,0.029736767664044504
43,0.03244938772414106,0.06207962686106877,6.30355366547309e-5,0.33216202529863065,0.004676213358932441,0.12314061964272285,severe_bleaching,10,severe_bleaching_every_10yr,monte_carlo,0.015452089392448127,0.029561727076699414
44,0.031210935825456036,0.06176786961578765,5.243636151423744e-5,0.3372591854189285,0.004299611265262735,0.12217192184128274,severe_bleaching,10,severe_bleaching_every_10yr,monte_carlo,0.014862350393074302,0.02941327124561317
45,0.03001975043471487,0.06151127450069792,4.3619431323125535e-5,0.3424353439407293,0.0039533391035768695,0.12121084694557155,severe_bleaching,10,severe_bleaching_every_10yr,monte_carlo,0.01429511925462613,0.029291083095570436
46,0.028874027550484002,0.06130929807359167,3.628505661357126e-5,0.34769173643963325,0.0036349542246141672,0.12025733482451156,severe_bleaching,10,severe_bleaching_every_10yr,monte_carlo,0.013749536928801907,0.029194903844567466
47,0.02777203203643153,0.061161515852535514,3.0183942572974233e-5,0.3530296181019214,0.0033422107020831876,0.11931132586619082,severe_bleaching,10,severe_bleaching_every_10yr,monte_carlo,0.01322477716020549,0.029124531358350247
48,0.026712094987938244,0.06106761931459432,2.5108714686419716e-5,0.3584502639996673,0.003073043488486737,0.11837276095782866,severe_bleaching,10,severe_bleaching_every_10yr,monte_carlo,0.012720045232351545,0.02907981872123539
49,0.02569261120108854,0.061027413320870735,2.088686945987871e-5,0.36395496938255045,0.0028255538473417217,0.11744158147145628,severe_bleaching,10,severe_bleaching_every_10yr,monte_carlo,0.012234576762423113,0.029060673009938445
50,0.005452626270789443,0.01346844653918217,3.833714510220511e-6,0.08153884963107183,5.732389104952175e-4,0.025709237900467356,severe_bleaching,10,severe_bleaching_every_10yr,monte_carlo,0.0025964887003759253,0.006413545971039129
0,210,210,210,210,210,210,severe_bleaching,20,severe_bleaching_every_20yr,monte_carlo,100,100
1,145.71530445117475,144.87916325586892,120.55539617135197,153.76128183863216,139.55270121064876,151.20304874752878,severe_bleaching,20,severe_bleaching_every_20yr,monte_carlo,69.38824021484513,68.99007774088997
2,112.77533181975784,111.73035125045872,77.19306563562598,125.57342760974919,103.43805217492077,121.42968571594534,severe_bleaching,20,severe_bleaching_every_20yr,monte_carlo,53.70253896178945,53.20492916688511
3,92.7854073727184,91.77748070678807,52.544558223838706,109.01973345800212,81.50403352781103,103.66826040056735,severe_bleaching,20,severe_bleaching_every_20yr,monte_carlo,44.183527320342094,43.70356224132765
4,79.54743658110881,78.69231894417344,37.26999621449937,98.62645368961402,66.92045370791621,92.22479386968337,severe_bleaching,20,severe_bleaching_every_20yr,monte_carlo,37.87973170528991,37.47253283055878
5,70.3137405971072,69.67386708315144,27.255845460913438,91.99182012577347,56.650822068707356,84.589620395701,severe_bleaching,20,severe_bleaching_every_20yr,monte_carlo,33.4827336176701,33.178031944357826
6,63.599463954798956,63.21464908107926,20.396723561177126,87.80196490381769,49.07415801395854,79.39363668964424,severe_bleaching,20,severe_bleaching_every_20yr,monte_carlo,30.285459026094742,30.10221384813298
7,58.515783551910104,58.41592136034005,15.526325313720687,85.24434234062728,43.242010293279705,75.79850314188818,severe_bleaching,20,severe_bleaching_every_20yr,monte_carlo,27.864658834242906,27.817105409685738
8,54.50630979386895,54.71619261555819,11.965541077350732,83.78785442341575,38.57564016873028,73.26385156917941,severe_bleaching,20,severe_bleaching_every_20yr,monte_carlo,25.955385616128073,26.05532981693247
9,51.216118739353064,51.75695748190708,9.302149904357236,83.07736088888343,34.71415493088866,71.43400315350878,severe_bleaching,20,severe_bleaching_every_20yr,monte_carlo,24.388627971120506,24.646170229479562
10,48.41688889401764,49.30663662107208,7.275550539099164,82.87330071208876,31.4289915867654,70.07297576638348,severe_bleaching,20,severe_bleaching_every_20yr,monte_carlo,23.055661378103636,23.479350771939085
11,45.961057566764154,47.21443185020053,5.7141615029250215,83.01364587778869,28.573094313672428,69.0238291035648,severe_bleaching,20,severe_bleaching_every_20yr,monte_carlo,21.88621788893531,22.483062785809775
12,43.75287543335853,45.3814075501707,4.500531616834416,83.3888111818352,26.04999336455082,68.18219618706149,severe_bleaching,20,severe_bleaching_every_20yr,monte_carlo,20.834702587313586,21.610194071509856
13,41.72989518872863,43.74208716031058,3.5514068987791605,83.92477263830008,23.794803755317165,67.47874988878455,severe_bleaching,20,severe_bleaching_every_20yr,monte_carlo,19.871378661299346,20.82956531443361
14,39.851077508397864,42.25265426667218,2.8060172446593423,84.57161704776571,21.762499762366232,66.86750959040701,severe_bleaching,20,severe_bleaching_every_20yr,monte_carlo,18.976703575427553,20.12031155555818
15,38.08914161839559,40.88336022380091,2.218961585659957,85.29575695060939,19.920665113302118,66.31802877164881,severe_bleaching,20,severe_bleaching_every_20yr,monte_carlo,18.13768648495028,19.46826677323853
16,36.42564945806312,39.61362896546192,1.7557207328927822,86.0746393528895,18.245003542252746,65.81017835789999,severe_bleaching,20,severe_bleaching_every_20yr,monte_carlo,17.345547360982437,18.863632840696155
17,34.84785116929595,38.42889659156826,1.3897122212691837,86.89315500477312,16.716552289622086,65.33066896494522,severe_bleaching,20,severe_bleaching_every_20yr,monte_carlo,16.594214842521883,18.29947456741346
18,33.346664124728875,37.31856821712332,1.1002799849014728,87.74120671010373,15.319945609392473,64.87073709445461,severe_bleaching,20,severe_bleaching_every_20yr,monte_carlo,15.879363868918512,17.770746770058725
19,31.915380095958085,36.2746947810111,0.8712724610084612,88.61206614418401,14.042325315856445,64.42460897019582,severe_bleaching,20,severe_bleaching_every_20yr,monte_carlo,15.197800045694326,17.27366418143386
20,6.740496735895041,7.7868634254160884,0.1522475182287092,19.748147778552116,2.84030614236557,14.118839561821874,severe_bleaching,20,severe_bleaching_every_20yr,monte_carlo,3.20976035042621,3.70803020257909
21,6.452346219445207,7.582054062001361,0.12058173810955689,19.947741962093755,2.6039054739139442,14.02426439563962,severe_bleaching,20,severe_bleaching_every_20yr,monte_carlo,3.072545818783432,3.6105019342863622
22,6.176805378999698,7.388559923378583,0.09550685782958952,20.150303855311684,2.3872935872472256,13.930980067767042,severe_bleaching,20,severe_bleaching_every_20yr,monte_carlo,2.941335894761761,3.518361868275516
23,5.913215206893337,7.2056183365830275,0.0756488432583022,20.3555555236942,2.1887694632257175,13.838746718497664,severe_bleaching,20,severe_bleaching_every_20yr,monte_carlo,2.8158167651873036,3.4312468269442986
24,5.660989612409095,7.0325676046102545,0.05992114955366845,20.563319053362065,2.00679576610169,13.747405835190673,severe_bleaching,20,severe_bleaching_every_20yr,monte_carlo,2.695709339242426,3.3488417164810733
25,5.419595814469117,6.868823090645123,0.04746407853998098,20.77348333948092,1.8399764270769439,13.656852274110015,severe_bleaching,20,severe_bleaching_every_20yr,monte_carlo,2.5807599116519606,3.27086813840244
26,5.188541630233393,6.713860860742397,0.03759716017066423,20.985981894509813,1.6870395661751534,13.567015882543158,severe_bleaching,20,severe_bleaching_every_20yr,monte_carlo,2.4707341096349493,3.1970766003535225
27,4.967367145325046,6.567206283709337,0.029781651960678904,21.200778034140864,1.546823940790749,13.477849437873127,severe_bleaching,20,severe_bleaching_every_20yr,monte_carlo,2.36541292634526,3.1272410874806367
28,4.755639169588014,6.428425905961683,0.02359094892804107,21.417854996657034,1.4182677971333835,13.389320738521244,severe_bleaching,20,severe_bleaching_every_20yr,monte_carlo,2.2645900807561974,3.0611551933150873
29,4.552947466210727,6.297121510500127,0.018687205034065728,21.637209357804366,1.3003994210045478,13.301407421066358,severe_bleaching,20,severe_bleaching_every_20yr,monte_carlo,2.1680702220051087,2.998629290714346
30,4.358902112857432,6.172925650056845,0.014802846272274867,21.85884664506392,1.192328941348335,13.214093565877556,severe_bleaching,20,severe_bleaching_every_20yr,monte_carlo,2.075667672789254,2.9394884047889738
31,4.173131588621816,6.055498190149849,0.011725943529224615,22.08277841862395,1.093241097593787,13.127367475228105,severe_bleaching,20,severe_bleaching_every_20yr,monte_carlo,1.9872055183913409,2.8835705667380234
32,3.9952813296060268,5.944523556576095,0.009288634971765027,22.309020329767264,1.0023887788415136,13.041220219541898,severe_bleaching,20,severe_bleaching_every_20yr,monte_carlo,1.9025149188600126,2.8307255031314735
33,3.825012590229727,5.8397084847808856,0.007357959881999325,22.537590830221504,0.9190872031206958,12.955644686583232,severe_bleaching,20,severe_bleaching_every_20yr,monte_carlo,1.8214345667760603,2.7808135641813743
34,3.6620015070165657,5.740780135464274,0.005828600462444667,22.768510314827612,0.842708642654364,12.870634959790536,severe_bleaching,20,severe_bleaching_every_20yr,monte_carlo,1.7438102414364598,2.733704826411559
35,3.505938299305413,5.647484484500793,0.00461713382471078,23.001800552519722,0.772677625071263,12.786185911919828,severe_bleaching,20,severe_bleaching_every_20yr,monte_carlo,1.669494428240673,2.6892783259527584
36,3.35652656515407,5.5595849239655815,0.0036574796079451525,23.237484309060587,0.7084665561062149,12.70229293947985,severe_bleaching,20,severe_bleaching_every_20yr,monte_carlo,1.5983459834066998,2.6474213923645626
37,3.213482645751017,5.4768610300561535,0.002897294348474061,23.475585097271495,0.6495917197652514,12.618951789200601,severe_bleaching,20,severe_bleaching_every_20yr,monte_carlo,1.5302298313100082,2.608029061931502
38,3.0765350411575074,5.399107466372228,0.0022951156105994823,23.716127012007462,0.595609619158147,12.536158444645404,severe_bleaching,20,severe_bleaching_every_20yr,monte_carlo,1.4650166862654797,2.5710035554153468
39,2.9454238662111054,5.326132999560625,0.0018180999198310736,23.9591346214504,0.5461136264124928,12.453909052116588,severe_bleaching,20,severe_bleaching_every_20yr,monte_carlo,1.4025827934338597,2.536253809314583
40,0.622201352028366,1.1601066507851645,3.1778203846167955e-4,5.340669350491966,0.11048456123235884,2.729883528502861,severe_bleaching,20,severe_bleaching_every_20yr,monte_carlo,0.2962863581087457,0.552431738469126
41,0.595685361527148,1.145998966699289,2.5173579786598097e-4,5.395392848676055,0.10130317678725391,2.7119730670254953,severe_bleaching,20,severe_bleaching_every_20yr,monte_carlo,0.2836596959653086,0.5457137936663281
42,0.5702994092704535,1.1328359861584654,1.9941684061140118e-4,5.450677151532716,0.092884791251466,2.6941802015844285,severe_bleaching,20,severe_bleaching_every_20yr,monte_carlo,0.27157114727164455,0.5394457076945073
43,0.5459953332104744,1.1205861696790973,1.5797192262528064e-4,5.506527986678719,0.08516599559901451,2.67650414966232,severe_bleaching,20,severe_bleaching_every_20yr,monte_carlo,0.2599977777192735,0.5336124617519511
44,0.5227270248300815,1.1092202691979285,1.2514087711106145e-4,5.5629511468542105,0.0780886506758175,2.658944137442859,severe_bleaching,20,severe_bleaching_every_20yr,monte_carlo,0.24891763087146737,0.5282001281894898
45,0.5004503412701454,1.0987112037090072,9.913333184469455e-5,5.619952488426442,0.07159944915322515,2.641499398516237,severe_bleaching,20,severe_bleaching_every_20yr,monte_carlo,0.23830968631911686,0.5231958112900034
46,0.4791230213332621,1.0890339451526214,7.853105434659944e-5,5.6775379306061975,0.06564951391892271,2.6241691730231276,severe_bleaching,20,severe_bleaching_every_20yr,monte_carlo,0.22815381968250575,0.5185875929298197
47,0.4587046051499237,1.0801654136544823,6.221059716294193e-5,5.735713455139283,0.060194029864293716,2.606952707084897,severe_bleaching,20,severe_bleaching_every_20yr,monte_carlo,0.21843076435710654,0.5143644826926106
48,0.4391563573203887,1.0720843813318834,4.928202314777644e-5,5.794485106315449,0.055191906285067406,2.5898492524206587,severe_bleaching,20,severe_bleaching_every_20yr,monte_carlo,0.2091220749144708,0.5105163720628016
49,0.4204411933648379,1.0647713839798618,3.90403679883004e-5,5.853858991190094,0.050605467346399195,2.5728580660862996,severe_bleaching,20,severe_bleaching_every_20yr,monte_carlo,0.20021009207849425,0.5070339923713627
50,0.4025236093286962,1.0582086400304795,3.092719215307948e-5,5.913841279949375,0.04640016827718636,2.555978410293167,severe_bleaching,20,severe_bleaching_every_20yr,monte_carlo,0.19167790920414104,0.5039088762049903
0,210,210,210,210,210,210,severe_bleaching,50,severe_bleaching_every_50yr,monte_carlo,100,100
1,145.95859177700316,145.33424448967725,128.51980674660717,153.85718362429003,139.68476622848704,150.89521361325006,severe_bleaching,50,severe_bleaching_every_50yr,monte_carlo,69.50409132238245,69.2067830903225
2,113.15222543682631,112.36477968837713,87.73022846408949,125.730117753331,103.6339038069877,120.93574864308758,severe_bleaching,50,severe_bleaching_every_50yr,monte_carlo,53.88201211277443,53.507037946846246
3,93.2509249249087,92.48718246200276,63.6634886213463,109.22384828316378,81.73560473624153,103.03636806184163,severe_bleaching,50,severe_bleaching_every_50yr,monte_carlo,44.405202345194624,44.041515458096555
4,80.08001290848715,79.4323327201079,48.14131063559916,98.87273748939407,67.17406607923417,91.47603302816539,severe_bleaching,50,severe_bleaching_every_50yr,monte_carlo,38.133339480231975,37.82492034290852
5,70.90267446931328,70.42432863079826,37.533429538234884,92.27905417725306,56.919291702505895,83.73202570762216,severe_bleaching,50,severe_bleaching_every_50yr,monte_carlo,33.76317831872061,33.535394586094405
6,64.23923087069778,63.96679391969333,29.944922179845292,88.13104868441934,49.35334197302772,78.4287159109489,severe_bleaching,50,severe_bleaching_every_50yr,monte_carlo,30.590109938427517,30.460378056996824
7,59.20308772361719,59.16577120889876,24.301876395909996,85.61720500196226,43.52912649251278,74.72482715395776,severe_bleaching,50,severe_bleaching_every_50yr,monte_carlo,28.191946535055806,28.174176766142267
8,55.238587179972725,55.46174210743071,19.96714517847571,84.20683188214609,38.86847609539514,72.07902629219242,severe_bleaching,50,severe_bleaching_every_50yr,monte_carlo,26.304089133320346,26.410353384490815
9,51.99084640690578,52.49698471827311,16.549452692623206,83.54485821122742,35.0107321608149,70.1356817109583,severe_bleaching,50,severe_bleaching_every_50yr,monte_carlo,24.75754590805037,24.998564151558625
10,49.2313266665507,50.04024035103333,13.80025125535639,83.3916266005695,31.7274519308928,68.65931373177992,severe_bleaching,50,severe_bleaching_every_50yr,monte_carlo,23.443488888833667,23.828685881444443
11,46.81220532236135,47.940873247897954,11.555763215140589,83.5849466207578,28.871683215319024,67.49363255868307,severe_bleaching,50,severe_bleaching_every_50yr,monte_carlo,22.291526343981598,22.828987260903787
12,44.6375253386549,46.10006660125925,9.70373872140108,84.0150586869726,26.34707793649161,66.53491281920884,severe_bleaching,50,severe_bleaching_every_50yr,monte_carlo,21.255964446978524,21.952412667266312
13,42.64471521278537,44.45245376348148,8.164113390492084,84.60777921234828,24.088896473546313,65.71438987103132,severe_bleaching,50,severe_bleaching_every_50yr,monte_carlo,20.307007244183513,21.16783512546737
14,40.792695274421455,42.95432412745302,6.877592005779789,85.31306115809875,22.05227627704162,64.98654376574495,severe_bleaching,50,severe_bleaching_every_50yr,monte_carlo,19.42509298781974,20.454440060691915
15,39.0542155962178,41.57602685859682,5.79879157157662,86.09721139350509,20.204973101755304,64.32128825814334,severe_bleaching,50,severe_bleaching_every_50yr,monte_carlo,18.59724552200848,19.798108027903247
16,37.410923783429894,40.29707120502112,4.892028260497227,86.93759756581417,18.522863218142096,63.69876627974194,severe_bleaching,50,severe_bleaching_every_50yr,monte_carlo,17.814725611157094,19.189081526200532
17,35.85019476478368,39.102963362971764,4.128652806660446,87.81905374018716,16.987150466039388,63.10588771984212,severe_bleaching,50,severe_bleaching_every_50yr,monte_carlo,17.071521316563658,18.62045874427227
18,34.36309654387833,37.983162560556835,3.485305307162675,88.73144463653848,15.582625378671237,62.534030894920626,severe_bleaching,50,severe_bleaching_every_50yr,monte_carlo,16.363379306608728,18.087220266931826
19,32.943086920025685,36.92975854285967,2.9427264430972753,89.66801861255351,14.296573122495428,61.977519783093356,severe_bleaching,50,severe_bleaching_every_50yr,monte_carlo,15.687184247631278,17.585599306123655
20,31.58517957745257,35.9366139973721,2.484914134705831,90.62429634724108,13.118081503294796,61.432617238374505,severe_bleaching,50,severe_bleaching_every_50yr,monte_carlo,15.040561703548844,17.11267333208195
21,30.285410933308814,34.998806646527264,2.098501647809586,91.59732246548823,12.037595860923028,60.89686059189522,severe_bleaching,50,severe_bleaching_every_50yr,monte_carlo,14.421624253956578,16.666098403108222
22,29.04049933114789,34.11226456429428,1.7722831212646633,92.58516247330648,11.046626678272558,60.36862394142405,severe_bleaching,50,severe_bleaching_every_50yr,monte_carlo,13.828809205308518,16.2439355068068
23,27.84762703610457,33.27352620203531,1.496841320580369,93.58656513341158,10.137552075417988,59.84683021829569,severe_bleaching,50,severe_bleaching_every_50yr,monte_carlo,13.260774779097414,15.844536286683484
24,26.7043005196433,32.47958103786214,1.2642492146528572,94.60073619434439,9.303479699165111,59.330762031880795,severe_bleaching,50,severe_bleaching_every_50yr,monte_carlo,12.716333580782525,15.466467160886733
25,25.608260600075155,31.72776248312476,1.0678268820692498,95.62718693647442,8.538146221714834,58.81993755017337,severe_bleaching,50,severe_bleaching_every_50yr,monte_carlo,12.194409809559598,15.108458325297505
26,24.557424307612706,31.015674786705183,0.9019412140325008,96.66563290817967,7.835841054452631,58.31402913866292,severe_bleaching,50,severe_bleaching_every_50yr,monte_carlo,11.69401157505367,14.769368946050088
27,23.549846930003547,30.34114217284154,0.7618395598034664,97.71592628563998,7.191346016310149,57.812810075034136,severe_bleaching,50,severe_bleaching_every_50yr,monte_carlo,11.214212823811213,14.448162939448354
28,22.583696898426496,29.702172621204674,0.6435108063444746,98.77801073099985,6.599885834112027,57.31611967839905,severe_bleaching,50,severe_bleaching_every_50yr,monte_carlo,10.754141380203093,14.14389172438318
29,21.657238851317366,29.09693137944928,0.5435689380890455,99.85189128903644,6.05708627056908,56.823840504600795,severe_bleaching,50,severe_bleaching_every_50yr,monte_carlo,10.312970881579698,13.855681609261561
30,20.768821917302713,28.523721022502567,0.4591551962894015,100.93761432682248,5.55893784934246,56.335883441058584,severe_bleaching,50,severe_bleaching_every_50yr,monte_carlo,9.889915198715578,13.582724296429793
31,19.91687134065897,27.980965982443646,0.38785573025767217,102.03525417497576,5.1017638664302725,55.85217796953151,severe_bleaching,50,severe_bleaching_every_50yr,monte_carlo,9.484224447932842,13.324269515449355
32,19.099882259498184,27.467200188075598,0.3276322107481471,103.14490423772412,4.6821918203451744,55.372665807572346,severe_bleaching,50,severe_bleaching_every_50yr,monte_carlo,9.095182028332468,13.079619137178856
33,18.316414882300563,26.981056915368764,0.2767633220320892,104.26667108112285,4.2971276682278745,54.89729675765926,severe_bleaching,50,severe_bleaching_every_50yr,monte_carlo,8.72210232490503,12.848122340651793
34,17.56509058425095,26.521260249371892,0.23379540280140126,105.40067050497055,3.9437324869605015,54.426025998140716,severe_bleaching,50,severe_bleaching_every_50yr,monte_carlo,8.36432884964331,12.629171547319947
35,16.844588619468148,26.08661775297261,0.19750079161873085,106.54702493544269,3.6194012275140848,53.95881231541078,severe_bleaching,50,severe_bleaching_every_50yr,monte_carlo,8.021232675937213,12.422198929986958
36,16.153643255722514,25.676014065259064,0.1668426665319252,107.70586169670423,3.32174332150542,53.495616950298874,severe_bleaching,50,severe_bleaching_every_50yr,monte_carlo,7.692211074153578,12.226673364409079
37,15.491041208145877,25.28840523607222,0.14094536193378926,108.87731186732276,3.048564946030931,53.036402845145425,severe_bleaching,50,severe_bleaching_every_50yr,monte_carlo,7.376686289593275,12.042097731462961
38,14.855619292659703,24.922813658978544,0.11906930685144915,110.06150952565972,2.7978527852759014,52.58113415219311,severe_bleaching,50,severe_bleaching_every_50yr,monte_carlo,7.07410442507605,11.868006504275497
39,14.24626224782795,24.578323502206686,0.1005898636240787,111.2585912539395,2.567759150636519,52.12977591236043,severe_bleaching,50,severe_bleaching_every_50yr,monte_carlo,6.783934403727596,11.703963572479374
40,13.661900691555223,24.254076562429642,0.08497945902543863,112.46869581432321,2.3565883384764335,51.682293845084814,severe_bleaching,50,severe_bleaching_every_50yr,monte_carlo,6.505666995978678,11.549560267823638
41,13.101509190279636,23.94926848374765,0.07179249499147133,113.69196393935232,2.162784118211148,51.23865421055913,severe_bleaching,50,severe_bleaching_every_50yr,monte_carlo,6.2388139001331595,11.404413563689358
42,12.564104425441222,23.663145296486483,0.06065260619615882,114.92853819844629,1.9849182544299027,50.798823719147265,severe_bleaching,50,severe_bleaching_every_50yr,monte_carlo,5.982906869257725,11.268164426898325
43,12.048743446550862,23.395000239211605,0.05124189921519485,116.17856291498778,1.821679976006019,50.36276947154428,severe_bleaching,50,severe_bleaching_every_50yr,monte_carlo,5.737496879309934,11.140476304386478
44,11.554522003094004,23.14417083378513,0.04329186493964978,117.44218411707327,1.6718663131033922,49.93045891897168,severe_bleaching,50,severe_bleaching_every_50yr,monte_carlo,5.5021533348066685,11.02103373037387
45,11.080572949380306,22.91003618811573,0.03657570392665413,118.71954951068614,1.5343732299726587,49.501859836429475,severe_bleaching,50,severe_bleaching_every_50yr,monte_carlo,5.276463309228717,10.909541041959871
46,10.626064717673955,22.692014504950016,0.03090184490304753,120.01080846782439,1.4081874876508362,49.076940304458944,severe_bleaching,50,severe_bleaching_every_50yr,monte_carlo,5.060030817939979,10.80572119283334
47,10.19019985574973,22.489560777964183,0.026108470847195968,121.31611202462327,1.2923791762717416,48.6556686964549,severe_bleaching,50,severe_bleaching_every_50yr,monte_carlo,4.852476121785585,10.70931465617342
48,9.772213625568128,22.302164658749106,0.02205889595279576,122.63561288617967,1.1860948617584897,48.238013669598516,severe_bleaching,50,severe_bleaching_every_50yr,monte_carlo,4.653435059794346,10.620078408928146
49,9.3713726601441,22.12934848019782,0.01863766115920624,123.96946543589179,1.088551296275006,47.823944158154546,severe_bleaching,50,severe_bleaching_every_50yr,monte_carlo,4.462558409592429,10.53778499057039
50,1.9829449622908868,4.847752078773758,0.0034745738051838535,27.650949052708512,0.22043246983622966,10.461610804796605,severe_bleaching,50,severe_bleaching_every_50yr,monte_carlo,0.9442595058528033,2.3084533708446466
0,210,210,210,210,210,210,catastrophic_2023,5,catastrophic_2023_every_5yr,monte_carlo,100,100
1,146.32644254985524,145.3290099792214,121.34496871302055,153.41208407793295,140.0281382679063,150.70762761114412,catastrophic_2023,5,catastrophic_2023_every_5yr,monte_carlo,69.67925835707392,69.20429046629592
2,113.72328446779548,112.38939486591588,78.21029334081571,125.00373359684565,104.14403597352808,120.63525158000907,catastrophic_2023,5,catastrophic_2023_every_5yr,monte_carlo,54.15394498466451,53.51875945995994
3,93.95774428783184,92.55053160233014,53.58944666587301,108.27871340781472,82.33985741491855,102.65257425199519,catastrophic_2023,5,catastrophic_2023_every_5yr,monte_carlo,44.74178299420564,44.07168171539531
4,80.8903477546045,79.53531108982702,38.26415969729054,97.73366865726354,67.83701961842819,91.02200342607463,catastrophic_2023,5,catastrophic_2023_every_5yr,monte_carlo,38.519213216478335,37.87395766182239
5,3.201623526734673,3.146536305153211,1.2561200562163461,4.055597389381512,2.569406724412376,3.7104994973499137,catastrophic_2023,5,catastrophic_2023_every_5yr,monte_carlo,1.5245826317784157,1.4983506215015292
6,2.9080448624188096,2.860169306957282,0.9463330891784417,3.86209388547591,2.233347187115193,3.4711680929357183,catastrophic_2023,5,catastrophic_2023_every_5yr,monte_carlo,1.3847832678184808,1.3619853842653724
7,2.686817983006414,2.6475358341255597,0.7252368062116449,3.7410817936123197,1.9746309581006867,3.30312660368614,catastrophic_2023,5,catastrophic_2023_every_5yr,monte_carlo,1.2794371347649591,1.2607313495836
8,2.513214545946477,2.483672844952988,0.5627123591625577,3.668815172911872,1.767542333864841,3.182210983989877,catastrophic_2023,5,catastrophic_2023_every_5yr,monte_carlo,1.1967688314030842,1.182701354739518
9,2.3714119222575576,2.352616103010666,0.4404491946295629,3.6294486712843965,1.5960255228235773,3.0925650179984014,catastrophic_2023,5,catastrophic_2023_every_5yr,monte_carlo,1.1292437725035989,1.1202933823860315
10,0.10038219829590769,0.10006287789798705,0.015466572723631453,0.16107488598835046,0.0646520228836812,0.13482827505902142,catastrophic_2023,5,catastrophic_2023_every_5yr,monte_carlo,0.04780104680757509,0.04764898947523193
11,0.09569017807721478,0.09592418267735536,0.012231224676297676,0.16098152721586037,0.05897736570667632,0.13237442205918507,catastrophic_2023,5,catastrophic_2023_every_5yr,monte_carlo,0.04556675146534037,0.04567818222731208
12,0.09147479917882387,0.09229150026645955,0.00970031569792989,0.16134212568611328,0.05395256208826735,0.13033186769211977,catastrophic_2023,5,catastrophic_2023_every_5yr,monte_carlo,0.043559428180392316,0.04394833346021883
13,0.08761120664014146,0.0890348772430455,0.007708014303914037,0.16201069322783282,0.0494496110818456,0.1285645570119488,catastrophic_2023,5,catastrophic_2023_every_5yr,monte_carlo,0.041719622209591176,0.04239756059192643
14,0.08401753346771543,0.08606758048813719,0.006132927654636919,0.16288899148794322,0.045380133089862384,0.1269825275526907,catastrophic_2023,5,catastrophic_2023_every_5yr,monte_carlo,0.04000834927034068,0.040984562137208184
15,0.0035957581394085022,0.003715765815128507,2.177810367378653e-4,0.007308868472829878,0.001858570065341445,0.005597279030474975,catastrophic_2023,5,catastrophic_2023_every_5yr,monte_carlo,0.0017122657806707153,0.0017694122929183367
16,0.0034531389807976156,0.0036022257223892466,1.7353693555457978e-4,0.00735887929566717,0.001708028689335899,0.005536215550252346,catastrophic_2023,5,catastrophic_2023_every_5yr,monte_carlo,0.0016443518956179121,0.0017153455820901175
17,0.003317418123898946,0.0034959082241536404,1.3833846408750785e-4,0.007412007683164818,0.0015702686583353898,0.005477868407968701,catastrophic_2023,5,catastrophic_2023_every_5yr,monte_carlo,0.0015797229161423553,0.001664718201977924
18,0.003187821890544006,0.0033959009236688297,1.1031085182979799e-4,0.007467372262183266,0.0014439775912970852,0.005421480276000196,catastrophic_2023,5,catastrophic_2023_every_5yr,monte_carlo,0.0015180104240685743,0.001617095677937538
19,0.003063790788209911,0.0033015253195810192,8.797946555110512e-5,0.007524385623251549,0.00132806146577109,0.005366552629025651,catastrophic_2023,5,catastrophic_2023_every_5yr,monte_carlo,0.0014589479943856718,0.0015721549140861996
20,1.3131464534014552e-4,1.4323615360082307e-4,3.1293198829920727e-6,3.381141673596078e-4,5.447094481677715e-5,2.3689827963937652e-4,catastrophic_2023,5,catastrophic_2023_every_5yr,monte_carlo,6.25307834953074e-5,6.820769219086813e-5
21,1.2622818360542517e-4,1.3946518535466808e-4,2.4964579279463405e-6,3.4075707398593144e-4,5.010727198586238e-5,2.3454032989988385e-4,catastrophic_2023,5,catastrophic_2023_every_5yr,monte_carlo,6.010865885972627e-5,6.641199302603241e-5
22,1.213444685016478e-4,1.358884870405736e-4,1.991753337933719e-6,3.434368994556831e-4,4.609534837767097e-5,2.3221680288682296e-4,catastrophic_2023,5,catastrophic_2023_every_5yr,monte_carlo,5.7783080238879904e-5,6.47088033526541e-5
23,1.166533285244056e-4,1.3249328649875597e-4,1.5891938174015693e-6,3.4614862349681435e-4,4.240596533470419e-5,2.2992344276125384e-4,catastrophic_2023,5,catastrophic_2023_every_5yr,monte_carlo,5.554920405924077e-5,6.30920411898838e-5
24,1.1214584308792157e-4,1.2926854378213687e-4,1.2680709854448251e-6,3.4888896715007487e-4,3.9012673126518946e-5,2.2765739466250312e-4,catastrophic_2023,5,catastrophic_2023_every_5yr,monte_carlo,5.34027824228198e-5,6.155644942006517e-5
25,4.807474943101642e-6,5.6275177938400555e-6,4.512056625917137e-8,1.568049421936862e-5,1.600413761566229e-6,1.005143515311463e-5,catastrophic_2023,5,catastrophic_2023_every_5yr,monte_carlo,2.289273782429353e-6,2.679770378019074e-6
26,4.6218174137148695e-6,5.497669956684671e-6,3.600674601797169e-8,1.5804990633279387e-5,1.4723828845473163e-6,9.952594200693177e-6,catastrophic_2023,5,catastrophic_2023_every_5yr,monte_carlo,2.2008654351023187e-6,2.6179380746117477e-6
27,4.443355648250541e-6,5.374248085279149e-6,2.8735064451714478e-8,1.593057143101757e-5,1.354602238055167e-6,9.854782791181594e-6,catastrophic_2023,5,catastrophic_2023_every_5yr,monte_carlo,2.1158836420240673e-6,2.559165754894833e-6
28,4.271801216782804e-6,5.25693017825095e-6,2.293287750022233e-8,1.6057214658813703e-5,1.246248057440903e-6,9.757970168909911e-6,catastrophic_2023,5,catastrophic_2023_every_5yr,monte_carlo,2.0341910556108588e-6,2.503300084881405e-6
29,4.1068807391675805e-6,5.145419860880448e-6,1.830300535507164e-8,1.618490850070917e-5,1.1465640115461528e-6,9.662133074154687e-6,catastrophic_2023,5,catastrophic_2023_every_5yr,monte_carlo,1.955657494841705e-6,2.450199933752594e-6
30,1.7605802157682213e-7,2.2471107946713939e-7,6.513963028958641e-10,7.274330564371087e-7,4.7036478101476756e-8,4.266082153013009e-7,catastrophic_2023,5,catastrophic_2023_every_5yr,monte_carlo,8.383715313182006e-8,1.0700527593673304e-7
31,1.6926145464131173e-7,2.2022091548184815e-7,5.1992778716611475e-10,7.332202013922119e-7,4.327427704499073e-8,4.224194844460936e-7,catastrophic_2023,5,catastrophic_2023_every_5yr,monte_carlo,8.060069268633891e-8,1.0486710261040387e-7
32,1.627273800223034e-7,2.1595558316464934e-7,4.1500887335691226e-10,7.390540516737977e-7,3.9813024103164174e-8,4.1827218335096914e-7,catastrophic_2023,5,catastrophic_2023_every_5yr,monte_carlo,7.748922858204924e-8,1.0283599198316636e-7
33,1.5644561693479578e-7,2.1190523364423972e-7,3.3127465869721443e-10,7.449348061880757e-7,3.662863430306618e-8,4.141657974242391e-7,catastrophic_2023,5,catastrophic_2023_every_5yr,monte_carlo,7.449791282609323e-8,1.0090725411630464e-7
34,1.504063952722899e-7,2.0806066906360536e-7,2.644450403678346e-10,7.508627244750043e-7,3.3698954669420734e-8,4.100998547867741e-7,catastrophic_2023,5,catastrophic_2023_every_5yr,monte_carlo,7.16220929868047e-8,9.907650907790731e-8
35,6.4477953108030575e-9,9.114882566226043e-9,9.41327803764052e-12,3.3747759009537927e-8,1.3824651054581426e-9,1.8107022379428348e-8,catastrophic_2023,5,catastrophic_2023_every_5yr,monte_carlo,3.0703787194300275e-9,4.340420269631449e-9
36,6.19889515789336e-9,8.960678183398083e-9,7.514855543283843e-12,3.401633521397262e-8,1.2718914439494432e-9,1.7929268579373548e-8,catastrophic_2023,5,catastrophic_2023_every_5yr,monte_carlo,2.9518548370920763e-9,4.2669896111419444e-9
37,5.959603663472243e-9,8.814571920404517e-9,5.9995209102196185e-12,3.428705811521197e-8,1.170161919161872e-9,1.7753261398534865e-8,catastrophic_2023,5,catastrophic_2023_every_5yr,monte_carlo,2.837906506415354e-9,4.197415200192627e-9
38,5.729549697492332e-9,8.676249370904828e-9,4.7899242214003445e-12,3.455994390321457e-8,1.0765690980043073e-9,1.7578983128729655e-8,catastrophic_2023,5,catastrophic_2023_every_5yr,monte_carlo,2.7283569988058723e-9,4.1315473194784894e-9
39,5.508376535697687e-9,8.545416092718375e-9,3.824342734348215e-12,3.4835009233869966e-8,9.904621504519402e-10,1.7406416431671013e-8,catastrophic_2023,5,catastrophic_2023_every_5yr,monte_carlo,2.6230364455703272e-9,4.069245758437321e-9
40,2.361395370839224e-10,3.755317687540462e-10,1.361579387157359e-13,1.5656723050896253e-9,4.0632713554820366e-11,7.68540839470611e-10,catastrophic_2023,5,catastrophic_2023_every_5yr,monte_carlo,1.1244739861139161e-10,1.7882465178764106e-10
41,2.2702404337172374e-10,3.7032964675972576e-10,1.0871843429265118e-13,1.5781342565953856e-9,3.7382800839911367e-11,7.609963823995303e-10,catastrophic_2023,5,catastrophic_2023_every_5yr,monte_carlo,1.0810668731986845e-10,1.7634745083796465e-10
42,2.182604296683016e-10,3.6542688483725695e-10,8.681192305693059e-14,1.5906957064974133e-9,3.439282588966757e-11,7.535259976823329e-10,catastrophic_2023,5,catastrophic_2023_every_5yr,monte_carlo,1.0393353793728647e-10,1.7401280230345568e-10
43,2.0983511169411375e-10,3.608133942803351e-10,6.932206461638722e-14,1.6033574457273894e-9,3.164199789862034e-11,7.461289552083705e-10,catastrophic_2023,5,catastrophic_2023_every_5yr,monte_carlo,9.992148175910178e-11,1.718159020382548e-10
44,2.0173502990713078e-10,3.564797376437334e-10,5.535788420828597e-14,1.6161202734730578e-9,2.9111189050982875e-11,7.38804533052608e-10,catastrophic_2023,5,catastrophic_2023_every_5yr,monte_carlo,9.606429995577658e-11,1.6975225602082543e-10
45,8.648213911115188e-12,1.5714440087377176e-11,1.971266149818347e-15,7.263718960020925e-11,1.1942574260671928e-12,3.262024062530165e-11,catastrophic_2023,5,catastrophic_2023_every_5yr,monte_carlo,4.1181971005310426e-12,7.483066708274846e-12
46,8.31437449605053e-12,1.5545001834077703e-11,1.5742905655722808e-15,7.321541338296467e-11,1.0987376788746797e-12,3.230002241773219e-11,catastrophic_2023,5,catastrophic_2023_every_5yr,monte_carlo,3.959225950500252e-12,7.402381825751286e-12
47,7.993422002145378e-12,1.5386937533789557e-11,1.2573039264314735e-15,7.379825365299743e-11,1.0108578663944923e-12,3.1982947832811106e-11,catastrophic_2023,5,catastrophic_2023_every_5yr,monte_carlo,3.806391429593037e-12,7.32711311132836e-12
48,7.684858962577362e-12,1.5239927362746022e-11,1.004179510620105e-15,7.438574734141735e-11,9.30006923215201e-13,3.166898599317248e-11,catastrophic_2023,5,catastrophic_2023_every_5yr,monte_carlo,3.6594566488463625e-12,7.257108267974296e-12
49,7.388207115389691e-12,1.5103673506402264e-11,8.020438223062342e-16,7.497793168666289e-11,8.556226591542301e-13,3.1358106329872824e-11,catastrophic_2023,5,catastrophic_2023_every_5yr,monte_carlo,3.518193864471281e-12,7.192225479239173e-12
50,3.1672633123313045e-13,6.678714018441177e-13,2.856553744253531e-17,3.369917034864629e-12,3.510106798214358e-14,1.3845461909603605e-12,catastrophic_2023,5,catastrophic_2023_every_5yr,monte_carlo,1.5082206249196688e-13,3.1803400087815127e-13
0,210,210,210,210,210,210,catastrophic_2023,10,catastrophic_2023_every_10yr,monte_carlo,100,100
1,146.47103888418917,145.46496788809125,126.62885819504316,153.07004656274466,140.20437572097208,151.09349728232772,catastrophic_2023,10,catastrophic_2023_every_10yr,monte_carlo,69.7481137543758,69.2690323276625
2,113.948153945244,112.57082779808923,85.1669279916842,124.44693201738963,104.40634821727721,121.25378786094551,catastrophic_2023,10,catastrophic_2023_every_10yr,monte_carlo,54.261025688211426,53.6051560943282
3,94.23656282647741,92.74293410810452,60.89304851391259,107.5560346914514,82.65114145357994,103.44308507802567,catastrophic_2023,10,catastrophic_2023_every_10yr,monte_carlo,44.87455372689401,44.16330195624025
4,81.21056242915819,79.7234097483424,45.36774780399058,96.86487088226565,68.17917519115112,91.95779496484204,catastrophic_2023,10,catastrophic_2023_every_10yr,monte_carlo,38.67169639483723,37.96352845159162
5,72.15610711525923,70.74181068151856,34.84945980078665,89.9425749451264,57.98586307705574,84.28360945069285,catastrophic_2023,10,catastrophic_2023_every_10yr,monte_carlo,34.3600510072663,33.68657651500884
6,65.60439014283874,64.30441584916227,27.393400352748685,85.46013160053072,50.46516995359725,79.04910043643778,catastrophic_2023,10,catastrophic_2023_every_10yr,monte_carlo,31.240185782304163,30.621150404362986
7,60.67349601214869,59.51840499265501,21.90301902416155,82.59772826924635,44.675319159270344,75.4148800270561,catastrophic_2023,10,catastrophic_2023_every_10yr,monte_carlo,28.892140958166042,28.342097615550006
8,56.80928391720442,55.82463180197565,17.730379317237947,80.82148440220274,40.04034082950579,72.84023399859112,catastrophic_2023,10,catastrophic_2023_every_10yr,monte_carlo,27.05203996057353,26.583158000940788
9,53.656918852084765,52.865423501386225,14.478381850098744,79.77589011830173,36.20045154478379,70.96949870171224,catastrophic_2023,10,catastrophic_2023_every_10yr,monte_carlo,25.55091373908798,25.174011191136298
10,2.2735495260044116,2.247782107234956,0.5303909832184521,3.5325536293431843,1.4682583624089944,3.1020187119148233,catastrophic_2023,10,catastrophic_2023_every_10yr,monte_carlo,1.082642631430672,1.0703724320166457
11,2.169422146472145,2.1539943378839266,0.43755740016146477,3.5226283548176522,1.3410715211597406,3.05336025181929,catastrophic_2023,10,catastrophic_2023_every_10yr,monte_carlo,1.0330581649867359,1.0257115894685365
12,2.0759035186455765,2.0715263845676937,0.3619922004156565,3.52264055628803,1.2283576715261066,3.0139436268385107,catastrophic_2023,10,catastrophic_2023_every_10yr,monte_carlo,0.9885254850693223,0.9864411355084255
13,1.990189176566767,1.997469031156182,0.30004702587758036,3.529343512230494,1.1272541540225447,2.9806864874721226,catastrophic_2023,10,catastrophic_2023_every_10yr,monte_carlo,0.9477091316984605,0.9511757291219913
14,1.9104409918330052,1.9298812129294782,0.24901949407705976,3.5405570697236333,1.0357881052481557,2.951545909950946,catastrophic_2023,10,catastrophic_2023_every_10yr,monte_carlo,0.9097338056347644,0.9189910537759419
15,1.8354443896360806,1.8674505245231328,0.20684619454636338,3.5548198649250944,0.952551201243483,2.9251700545898314,catastrophic_2023,10,catastrophic_2023_every_10yr,monte_carlo,0.8740211379219431,0.889262154534825
16,1.7643869103105534,1.8092740026684646,0.17191293397312885,3.57115407100813,0.8764976024657215,2.9006657419005615,catastrophic_2023,10,catastrophic_2023_every_10yr,monte_carlo,0.8401842430050254,0.861559048889745
17,1.696715381172774,1.7547164724678086,0.14293348310180265,3.588906514729899,0.8068182425828702,2.877443622389495,catastrophic_2023,10,catastrophic_2023_every_10yr,monte_carlo,0.8079597053203685,0.8355792726037184
18,1.6320439556355726,1.7033189514363776,0.11886908538724215,3.607641590344765,0.742862389529032,2.8551152442277603,catastrophic_2023,10,catastrophic_2023_every_10yr,monte_carlo,0.7771637883978918,0.8111042625887512
19,1.5700950050969849,1.6547393595085635,0.09887282112783655,3.627069240534827,0.6840884513082354,2.8334247671261017,catastrophic_2023,10,catastrophic_2023_every_10yr,monte_carlo,0.7476642881414214,0.7879711235755064
20,0.06736107638936756,0.07173329983636,0.003667547703338425,0.16262125538159838,0.028093454955589167,0.12539745768167482,catastrophic_2023,10,catastrophic_2023_every_10yr,monte_carlo,0.032076703042555985,0.03415871420779047
21,0.064815849532188885,0.06978553762038335,0.0030511640912303226,0.1635264020557337,0.025875405175741606,0.12446719082601264,catastrophic_2023,10,catastrophic_2023_every_10yr,monte_carlo,0.030864690253423276,0.03323120839065874
22,0.06236973578382748,0.06793458668172753,0.002538502994065944,0.16444434251920098,0.023833600367904814,0.12354965257675625,catastrophic_2023,10,catastrophic_2023_every_10yr,monte_carlo,0.029699874182774987,0.032349803181775015
23,0.060017803269964504,0.06617391015768098,0.002112054570161298,0.1653725765622161,0.0219535951874802,0.12264269101429154,catastrophic_2023,10,catastrophic_2023_every_10yr,monte_carlo,0.028579906319030714,0.0315113857893719
24,0.057755744263021394,0.06449783319809634,0.001757289535546248,0.1663094559217751,0.02022229997312054,0.12174488081606903,catastrophic_2023,10,catastrophic_2023_every_10yr,monte_carlo,0.027502735363343522,0.030713253903855396
25,0.05557969176215857,0.06290133137523139,0.0014621408329815455,0.16725389822626463,0.018627788788325206,0.12085527304385797,catastrophic_2023,10,catastrophic_2023_every_10yr,monte_carlo,0.02646651988674218,0.029953014940586376
26,0.05348610118566791,0.061379887139258994,0.0012165803068529858,0.16820519672745649,0.01715915590884017,0.11997323090884493,catastrophic_2023,10,catastrophic_2023_every_10yr,monte_carlo,0.025469571993175195,0.029228517685361426
27,0.051471673593387834,0.059929390702185115,0.0010122708566913468,0.16916289386329547,0.015806403919204015,0.11909832206765264,catastrophic_2023,10,catastrophic_2023_every_10yr,monte_carlo,0.024510320758756112,0.028537805096278627
28,0.049533305391429513,0.05854607010674544,8.42279425974748e-4,0.17012669730637486,0.014560352984214682,0.11823024804615388,catastrophic_2023,10,catastrophic_2023_every_10yr,monte_carlo,0.0235872882816331,0.027879081003212115
29,0.047668054928532475,0.0572264406225947,7.008395262018564e-4,0.171096424261865,0.013412564785584438,0.11736879802384924,catastrophic_2023,10,catastrophic_2023_every_10yr,monte_carlo,0.022699073775491657,0.027250686010759383
30,0.002045503496370015,0.0024956061587969526,2.6003121826744535e-5,0.0076727679743462136,5.509274802286389e-4,0.005195404714899536,catastrophic_2023,10,catastrophic_2023_every_10yr,monte_carlo,9.740492839857215e-4,0.001188383885141406
31,0.0019684824686061666,0.0024420203714943345,2.1636786456337006e-5,0.007716524213595228,5.074994411924444e-4,0.005157564152327743,catastrophic_2023,10,catastrophic_2023_every_10yr,monte_carlo,9.373726040981745e-4,0.0011628668435687307
32,0.0018943629545191288,0.0023908703264176206,1.800371699067998e-5,0.007760535557700115,4.6749505036207075e-4,0.0051200028909374985,catastrophic_2023,10,catastrophic_2023_every_10yr,monte_carlo,9.020775973900614e-4,0.001138509679246486
33,0.0018230351488570736,0.0023420384182188743,1.4980752862473681e-5,0.007804801605187629,4.3064427180128953e-4,0.0050827175924352125,catastrophic_2023,10,catastrophic_2023_every_10yr,monte_carlo,8.681119756462255e-4,0.0011152563896280354
34,0.001754393585367138,0.0022954143418270788,1.2465424560826716e-5,0.007849322581697241,3.966984205655824e-4,0.005045705396104343,catastrophic_2023,10,catastrophic_2023_every_10yr,monte_carlo,8.354255168414942e-4,0.001093054448489085
35,0.0016883368982818035,0.0022508945017338865,1.037247595799939e-5,0.007894099130345843,3.6542845395301477e-4,0.005008963757901475,catastrophic_2023,10,catastrophic_2023_every_10yr,monte_carlo,8.039699515627635e-4,0.001071854524635184
36,0.001624767620371434,0.002208381498197146,8.630971754604756e-6,0.007939132173069217,3.3662340759885254e-4,0.004972490345363467,catastrophic_2023,10,catastrophic_2023_every_10yr,monte_carlo,7.7369886684354e-4,0.0010516102372367362
37,0.0015635920060654428,0.002167783673592487,7.181891340803142e-6,0.007984422818937437,3.100889609963051e-4,0.004936282968970964,catastrophic_2023,10,catastrophic_2023_every_10yr,monte_carlo,7.445676219359251e-4,0.001032277939805946
38,0.0015047198722876395,0.002129014707092186,5.9761271338896805e-6,0.008029972303549208,2.856461198166262e-4,0.004900339537318743,catastrophic_2023,10,catastrophic_2023_every_10yr,monte_carlo,7.165332725179236e-4,0.0010138165271867553
39,0.001448064452279606,0.0020919932491544535,4.9728193182476886e-6,0.008075781948983188,2.6313000435253513e-4,0.004864658027828558,catastrophic_2023,10,catastrophic_2023_every_10yr,monte_carlo,6.895545010855266e-4,9.961872615021207e-4
40,6.213868974841376e-5,9.170663819975366e-5,1.8451400197528875e-7,3.6215716380046776e-4,1.080822507605653e-5,2.1533787337139112e-4,catastrophic_2023,10,catastrophic_2023_every_10yr,monte_carlo,2.9589852261149407e-5,4.366982771416841e-5
41,5.979905951435194e-5,9.020161050955739e-5,1.5353799790553261e-07,3.6422322510717845e-4,9.956265066947889e-6,2.137699146653304e-4,catastrophic_2023,10,catastrophic_2023_every_10yr,monte_carlo,2.8475742625881875e-5,4.2953147861694e-5
42,5.7547521623614206e-5,8.876481103410961e-5,1.2776275251952584e-7,3.6630107716974344e-4,9.17146112521084e-6,2.122133758778021e-4,catastrophic_2023,10,catastrophic_2023_every_10yr,monte_carlo,2.7403581725530575e-5,4.226895763529029e-5
43,5.538075895294223e-5,8.739336304816275e-5,1.0631498590700159e-7,3.683907859433654e-4,8.44851960266473e-6,2.1066817303645947e-4,catastrophic_2023,10,catastrophic_2023_every_10yr,monte_carlo,2.6371789977591537e-5,4.1615887165791785e-5
44,5.3295579370000276e-5,8.608454881630936e-5,8.846806956129565e-8,3.704924182051711e-4,7.782564144475795e-6,2.0913422306225728e-4,catastrophic_2023,10,catastrophic_2023_every_10yr,monte_carlo,2.537884731904775e-5,4.0992642293480646e-5
45,5.128891099285025e-5,8.483579984515096e-5,7.361739626756804e-8,3.726060414075947e-4,7.169102788200527e-6,2.076114436648778e-4,catastrophic_2023,10,catastrophic_2023_every_10yr,monte_carlo,2.442329094897631e-5,4.039799992626236e-5
46,4.935779764053612e-5,8.364468784975601e-5,6.125988710765693e-8,3.7473172358228713e-4,6.603997659262599e-6,2.0609975327304586e-4,catastrophic_2023,10,catastrophic_2023_every_10yr,monte_carlo,2.3503713162160055e-5,3.9830803737979054e-5
47,4.7499394462940746e-5,8.250891636929958e-5,5.0976940572149634e-8,3.7686953327740796e-4,6.083437057014881e-6,2.0459907098760514e-4,catastrophic_2023,10,catastrophic_2023_every_10yr,monte_carlo,2.261875926806702e-5,3.9289960175856944e-5
48,4.571096374023114e-5,8.142631297512244e-5,4.2420245551479806e-8,3.790195395169738e-4,5.603909742231345e-6,2.0310931654944685e-4,catastrophic_2023,10,catastrophic_2023_every_10yr,monte_carlo,2.1767125590586257e-5,3.87744347500583e-5
49,4.398987084365193e-5,8.03948220212026e-5,3.52999771290976e-8,3.811818117747794e-4,5.162181252066547e-6,2.0163041031713176e-4,catastrophic_2023,10,catastrophic_2023_every_10yr,monte_carlo,2.094755754459616e-5,3.8283248581525047e-5
50,1.8876738022674689e-6,3.5410397751303626e-6,1.309843631137815e-9,1.7094038937778907e-5,2.12039767444786e-7,8.925327749042465e-6,catastrophic_2023,10,catastrophic_2023_every_10yr,monte_carlo,8.988922867940328e-7,1.686209416728744e-6
0,210,210,210,210,210,210,catastrophic_2023,20,catastrophic_2023_every_20yr,monte_carlo,100,100
1,146.0737053838327,145.31052575318162,125.3848468300875,153.84426379269303,140.41774507851878,150.34681120116213,catastrophic_2023,20,catastrophic_2023_every_20yr,monte_carlo,69.55890732563462,69.19548845389602
2,113.3307747489085,112.33710818002874,83.50286862408247,125.70900377835844,104.7243853858803,120.05830544586819,catastrophic_2023,20,catastrophic_2023_every_20yr,monte_carlo,53.967035594718325,53.493861038108925
3,93.47172926066702,92.4613781981487,59.118290818762496,109.19633762223481,83.02909783415713,101.91704095976789,catastrophic_2023,20,catastrophic_2023_every_20yr,monte_carlo,44.5103472669843,44.02922771340414
4,80.33293423358728,79.40967403159144,43.61449058665653,98.83953577895353,68.59521414725403,90.15344703152682,catastrophic_2023,20,catastrophic_2023_every_20yr,monte_carlo,38.25377820647014,37.81413049123402
5,71.18270287817748,70.40433833091366,33.175292447971515,92.24032318174189,58.42851788454007,82.22149321880741,catastrophic_2023,20,catastrophic_2023_every_20yr,monte_carlo,33.89652518008452,33.52587539567317
6,64.543802342932,63.94827821773946,25.82292742754578,88.08666459403997,50.92783526162155,76.73395997536348,catastrophic_2023,20,catastrophic_2023_every_20yr,monte_carlo,30.73514397282476,30.451561056066407
7,59.53069099207992,59.14723474847026,20.44607867608879,85.56690501909453,45.15355336773582,72.84439968299036,catastrophic_2023,20,catastrophic_2023_every_20yr,monte_carlo,28.34794809146663,28.165349880223932
8,55.588054513165055,55.44156541142177,16.389899450841625,84.15029814661142,40.530586508925886,70.00981031079436,catastrophic_2023,20,catastrophic_2023_every_20yr,monte_carlo,26.47050214912622,26.400745434010364
9,52.36102530840458,52.473513701216845,13.25367152193137,83.48176331631626,36.69948964711932,67.874673006105,catastrophic_2023,20,catastrophic_2023_every_20yr,monte_carlo,24.933821575430752,24.987387476769925
10,49.620956365308125,50.011843103460286,10.782860185624799,83.32165592780322,33.43239944415215,66.20441028523443,catastrophic_2023,20,catastrophic_2023_every_20yr,monte_carlo,23.629026840622917,23.815163382600137
11,47.21989580055502,47.90598198742639,8.809315988433447,83.5078072700031,30.582855988449978,64.8438808608109,catastrophic_2023,20,catastrophic_2023_every_20yr,monte_carlo,22.485664666930962,22.812372374964944
12,45.06178176190483,46.05720954643664,7.217410080307049,83.93048111233747,28.055114043085037,63.69047960209979,catastrophic_2023,20,catastrophic_2023_every_20yr,monte_carlo,21.45799131519278,21.932004545922208
13,43.083977531476535,44.400278061477685,5.924506884829379,84.51551524689057,25.785181756775472,62.676413254692704,catastrophic_2023,20,catastrophic_2023_every_20yr,monte_carlo,20.516179776893587,21.14298955308461
14,41.24537823152522,42.891610555276216,4.869480622167185,85.21288055246984,23.729057524191564,61.75694745905953,catastrophic_2023,20,catastrophic_2023_every_20yr,monte_carlo,19.6406563007263,20.424576454893437
15,39.518742887589696,41.50169735731655,4.005797058405676,85.98889802541447,21.855420980096497,60.902600748765195,catastrophic_2023,20,catastrophic_2023_every_20yr,monte_carlo,18.818448994090332,19.762713027293596
16,37.88575453678253,40.21019059037106,3.2972188276374927,86.82094589608897,20.141087561014864,60.09396322463135,catastrophic_2023,20,catastrophic_2023_every_20yr,monte_carlo,18.040835493705963,19.1477098049386
17,36.33384260569839,39.00273662056604,2.715042948145019,87.69386575677042,18.56817806587541,59.3182629686503,catastrophic_2023,20,catastrophic_2023_every_20yr,monte_carlo,17.30182981223733,18.572731724079066
18,34.85414236366982,37.868929024234475,2.2362525672924773,88.59752734581787,17.122351648764756,58.567095232286,catastrophic_2023,20,catastrophic_2023_every_20yr,monte_carlo,16.59721064936658,18.03282334487356
19,33.44018666733997,36.80098405256587,1.8422295983941743,89.52518204657578,15.79169756947634,57.83492375877549,catastrophic_2023,20,catastrophic_2023_every_20yr,monte_carlo,15.923898413019034,17.52427812026946
20,1.4307771214792948,1.5960210527578704,0.0676804429436762,4.034203753095464,0.649506183347511,2.5469220456308217,catastrophic_2023,20,catastrophic_2023_every_20yr,monte_carlo,0.6813224387996643,0.7600100251227955
21,1.3729805660118346,1.553523063440638,0.055767254940318284,4.0771769239061175,0.599138095766985,2.515534324178251,catastrophic_2023,20,catastrophic_2023_every_20yr,monte_carlo,0.653800269529445,0.7397728873526849
22,1.317580856607719,1.5133016451673562,0.04595400353104283,4.1208022348094575,0.552702115437971,2.4846506075180006,catastrophic_2023,20,catastrophic_2023_every_20yr,monte_carlo,0.6274194555274852,0.7206198310320744
23,1.2644558302210607,1.4752064247646577,0.037869403518827616,4.16502383626208,0.509881064113276,2.4542223533674883,catastrophic_2023,20,catastrophic_2023_every_20yr,monte_carlo,0.6021218239147909,0.7024792498879323
24,1.213497661918161,1.439106749791725,0.031208291346265384,4.209806233667305,0.47038731082329643,2.4242163869813993,catastrophic_2023,20,catastrophic_2023_every_20yr,monte_carlo,0.5778560294848386,0.68528892847225
25,1.1646088355673059,1.4048869402728743,0.025719640505737582,4.255127539591708,0.43395853233218584,2.394609575080013,catastrophic_2023,20,catastrophic_2023_every_20yr,monte_carlo,0.5545756359844314,0.6689937810823211
26,1.1176995392326727,1.3724430591035548,0.021196842193040813,4.3009749625013605,0.4003545641354338,2.365385347320737,catastrophic_2023,20,catastrophic_2023_every_20yr,monte_carlo,0.5322378758250822,0.6535443138588356
27,1.072685967365925,1.3416806746954577,0.017469782084070653,4.347341793666564,0.3693549604123989,2.3365314263631767,catastrophic_2023,20,catastrophic_2023_every_20yr,monte_carlo,0.5108028416028214,0.6388955593787894
28,1.0294892002225269,1.3125132761133353,0.014398358596791835,4.394225396440481,0.34075702645923617,2.3080383476816,catastrophic_2023,20,catastrophic_2023_every_20yr,monte_carlo,0.49023295248691756,0.6250063219587311
29,0.9880344510085279,1.2848611209711542,0.011867167854717923,4.441625865493151,0.3143741761826184,2.2798984949372327,catastrophic_2023,20,catastrophic_2023_every_20yr,monte_carlo,0.4704925957183467,0.611838629033883
30,0.9482505477099787,1.2586503735495624,0.009781138455503775,4.489545133415778,0.2900345218980038,2.2521054716346236,catastrophic_2023,20,catastrophic_2023_every_20yr,monte_carlo,0.4515478798618946,0.5993573207378868
31,0.9100695651626973,1.2338124402974837,0.008061942527092962,4.537986375824911,0.26757963726647715,2.2246536919660396,catastrophic_2023,20,catastrophic_2023_every_20yr,monte_carlo,0.4333664596012844,0.5875297334749922
32,0.8734265537895929,1.2102834419276751,0.006645042939978606,4.5869536154980635,0.24686345489393105,2.1975381144308037,catastrophic_2023,20,catastrophic_2023_every_20yr,monte_carlo,0.4159174065664728,0.5763254485369881
33,0.8382593310193912,1.188003782023845,0.005477262767318295,4.636451459138428,0.2277512729126545,2.170754068404426,catastrophic_2023,20,catastrophic_2023_every_20yr,monte_carlo,0.3991711100092339,0.5657160866780214
34,0.8045083138183002,1.1669177854953026,0.004514783989814248,4.686484922474044,0.21011885283196327,2.1442971411915313,catastrophic_2023,20,catastrophic_2023_every_20yr,monte_carlo,0.38309919705633344,0.5556751359501442
35,0.772116378633731,1.1469733889426041,0.0037214992839952332,4.737059314163663,0.1938515959540042,2.1181631044205265,catastrophic_2023,20,catastrophic_2023_every_20yr,monte_carlo,0.36767446601606235,0.5461778042583829
36,0.7410287400314162,1.128121870701031,0.0030676543997289855,4.788180158836878,0.17884378884703922,2.0923478660194474,catastrophic_2023,20,catastrophic_2023_every_20yr,monte_carlo,0.35287082858638863,0.5372008908100148
37,0.7111928424612801,1.1103176120787464,0.0025287297789750255,4.83985314616866,0.16499791044958845,2.0668474388208686,catastrophic_2023,20,catastrophic_2023_every_20yr,monte_carlo,0.3386632583148953,0.5287226724184506
38,0.6825582615838319,1.0935178837907524,0.0020845191884472656,4.892084097269031,0.1522239947709879,2.041657919974297,catastrophic_2023,20,catastrophic_2023_every_20yr,monte_carlo,0.32502774361134856,0.5207228018051202
39,0.6550766128527088,1.077682653251158,0.0017183706188359494,4.9448789425865005,0.14043904411743918,2.0167754773815822,catastrophic_2023,20,catastrophic_2023_every_20yr,monte_carlo,0.3119412442155756,0.5131822158338848
40,0.028034087282661574,0.04738959931918588,6.316509914392068e-5,0.22287398386419788,0.005777429263143244,0.0888329503475961,catastrophic_2023,20,catastrophic_2023_every_20yr,monte_carlo,0.013349565372695988,0.02256647586627899
41,0.026905359951588,0.04676460132922519,5.207185165054176e-5,0.22527922871668987,0.005330151222117737,0.08775031426010009,catastrophic_2023,20,catastrophic_2023_every_20yr,monte_carlo,0.012812076167422855,0.02226885777582152
42,0.025822078490937733,0.04617790224834707,4.2927568926246396e-5,0.2277104350676691,0.00491750139585164,0.0866808737494415,catastrophic_2023,20,catastrophic_2023_every_20yr,monte_carlo,0.01229622785282749,0.021989477261117652
43,0.024782413013855017,0.04562812630315481,3.538970902325326e-5,0.23016788233562818,0.004536798795359935,0.08562446765375976,catastrophic_2023,20,catastrophic_2023_every_20yr,monte_carlo,0.011801149054216675,0.02172767919197848
44,0.02378460735212922,0.045113984946476,2.9175956669143434e-5,0.23265185322273804,0.004185570012012334,0.08458093689431218,catastrophic_2023,20,catastrophic_2023_every_20yr,monte_carlo,0.011326003501013916,0.021482849974512382
45,0.02282697607236983,0.044634271739572566,2.4053629978345425e-5,0.23516263366033824,0.0038615331416812773,0.08355012440831713,catastrophic_2023,20,catastrophic_2023_every_20yr,monte_carlo,0.010869988605890396,0.021254415114082173
46,0.02190790161812759,0.04418785761794713,1.9830951149424445e-5,0.23770051278407434,0.0035625829551678666,0.08253187509728603,catastrophic_2023,20,catastrophic_2023_every_20yr,monte_carlo,0.01043233410387028,0.021041836960927204
47,0.02102583157074354,0.04377368650670069,1.634985302874439e-5,0.24026578292884287,0.0032867772177847298,0.08152603578550305,catastrophic_2023,20,catastrophic_2023_every_20yr,monte_carlo,0.010012300747973116,0.020844612622238422
48,0.02017927602279199,0.043390771255695716,1.3480051206529529e-5,0.24285873963701046,0.0030323240687407235,0.0805324551851868,catastrophic_2023,20,catastrophic_2023_every_20yr,monte_carlo,0.009609179058472375,0.02066227202652177
49,0.01936680505873075,0.04303818986826648,1.1114158914328844e-5,0.24547968167556988,0.0027975703780402333,0.0795509838660829,catastrophic_2023,20,catastrophic_2023_every_20yr,monte_carlo,0.00922228812320512,0.02049437612774594
50,0.01858704633790407,0.042715082000108325,9.163661209231234e-6,0.2481289110593556,0.002580991005071593,0.07858147422802632,catastrophic_2023,20,catastrophic_2023_every_20yr,monte_carlo,0.008850974446620984,0.02034051523814682
0,210,210,210,210,210,210,catastrophic_2023,50,catastrophic_2023_every_50yr,monte_carlo,100,100
1,145.75691174854313,144.97202007565818,125.98419822064584,153.2807517929567,139.55880233707686,150.87024389396598,catastrophic_2023,50,catastrophic_2023_every_50yr,monte_carlo,69.40805321359197,69.03429527412295
2,112.83974125751281,111.84895351633948,84.30163472869927,124.7897999737194,103.44708741093277,120.89572725736689,catastrophic_2023,50,catastrophic_2023_every_50yr,monte_carlo,53.73321012262515,53.26140643635213
3,92.86490375925003,91.89475284101701,59.96703853413031,108.0008671387778,81.51470162236352,102.98522479574721,catastrophic_2023,50,catastrophic_2023_every_50yr,monte_carlo,44.22138274250001,43.75940611477
4,79.63831770461083,78.79594256214618,44.449841648853536,97.39942851386388,66.93212080008004,91.41549709910547,catastrophic_2023,50,catastrophic_2023_every_50yr,monte_carlo,37.923008430767055,37.5218774105458
5,70.41416488518881,69.75816800557756,33.96998879590573,90.56348898937259,56.66315530849991,83.66276662465937,catastrophic_2023,50,catastrophic_2023_every_50yr,monte_carlo,33.53055470723277,33.21817524075122
6,63.708475954018525,63.27715994750134,26.565616228398625,86.168630203563,49.08696544982487,78.35087449506838,catastrophic_2023,50,catastrophic_2023_every_50yr,monte_carlo,30.337369501913585,30.13198092738159
7,58.632809374772364,58.4558570251828,21.132494664583668,83.3972282681878,43.255163118814686,74.63830714220524,catastrophic_2023,50,catastrophic_2023_every_50yr,monte_carlo,27.92038541655827,27.83612239294419
8,54.63090130171583,54.733790366043074,17.01907269686391,81.71622547454692,38.58903617269365,71.9836541036798,catastrophic_2023,50,catastrophic_2023_every_50yr,monte_carlo,26.014714905578966,26.06370969811575
9,51.34783575418378,51.753187226295786,13.826339374175081,80.77020302572073,34.7277030240282,70.03128817131189,catastrophic_2023,50,catastrophic_2023_every_50yr,monte_carlo,24.451350359135134,24.64437486966466
10,48.555255285170915,49.28305277127667,11.300793275692936,80.32013893080833,31.44260654695029,68.5457706202261,catastrophic_2023,50,catastrophic_2023_every_50yr,monte_carlo,23.121550135795673,23.468120367274604
11,46.10555410956895,47.17307222449597,9.274993882078084,80.20486504532936,28.58669599779264,67.3708643089026,catastrophic_2023,50,catastrophic_2023_every_50yr,monte_carlo,21.955025766461407,22.463367725950462
12,43.902948799469335,45.32470653924424,7.6338188918054914,80.3157084256369,26.06350750156705,66.40289557617506,catastrophic_2023,50,catastrophic_2023_every_50yr,monte_carlo,20.906166094985398,21.583193590116302
13,41.88497220610053,43.67279572732143,6.294978423171432,80.57947821767286,23.80816299058572,65.57314493101742,catastrophic_2023,50,catastrophic_2023_every_50yr,monte_carlo,19.94522486004787,20.796569393962585
14,40.01057942615892,42.17376767550986,5.197551318553954,80.94696226200637,21.77564442764523,64.83612923659157,catastrophic_2023,50,catastrophic_2023_every_50yr,monte_carlo,19.052656869599485,20.08274651214755
15,38.25249617646004,40.79805575031432,4.295084719663864,81.38513152867728,19.933543585423287,64.16179087810193,catastrophic_2023,50,catastrophic_2023_every_50yr,monte_carlo,18.215474369742875,19.427645595387773
16,36.59230014285969,39.52521493245976,3.5513195370788546,81.87185920922428,18.257572221680974,63.5302942481988,catastrophic_2023,50,catastrophic_2023_every_50yr,monte_carlo,17.424904829933187,18.821530920218933
17,35.01726378199308,38.340772820056635,2.9374495302757944,82.39234891435495,16.728775287822724,62.92856480526794,catastrophic_2023,50,catastrophic_2023_every_50yr,monte_carlo,16.674887515234797,18.257510866693636
18,33.518331082746045,37.23419705177336,2.430294113633909,82.93672380092329,15.331794240508055,62.34799179089751,catastrophic_2023,50,catastrophic_2023_every_50yr,monte_carlo,15.961110039402879,17.73057002465398
19,32.0888229552445,36.19758133266418,2.0110300321058405,83.49840282385694,14.05377747436986,61.78290655515866,catastrophic_2023,50,catastrophic_2023_every_50yr,monte_carlo,15.280391883449763,17.236943491744846
20,30.72360981459348,35.22479402051514,1.6642762234596773,84.0730094236794,12.88368951913492,61.22957666572139,catastrophic_2023,50,catastrophic_2023_every_50yr,monte_carlo,14.630290387901656,16.773711438340545
21,29.41858310800931,34.310924516066926,1.3774105216245731,84.65763949183096,11.811866199722724,60.68554221361777,catastrophic_2023,50,catastrophic_2023_every_50yr,monte_carlo,14.008849099052053,16.338535483841394
22,28.170317761723137,33.45192149218806,1.1400448695199343,85.25037120079757,10.829721894745669,60.149178641652846,catastrophic_2023,50,catastrophic_2023_every_50yr,monte_carlo,13.414437029391971,15.929486424851458
23,26.97585635514539,32.64435484065131,0.9436133387221471,85.84993730379773,9.929551299368827,59.619409214742866,catastrophic_2023,50,catastrophic_2023_every_50yr,monte_carlo,12.845645883402565,15.544930876500624
24,25.832570799118578,31.88525755422586,0.781043404987569,86.45550635776948,9.10439037130055,59.09551616138473,catastrophic_2023,50,catastrophic_2023_every_50yr,monte_carlo,12.301224190056466,15.18345597820279
25,24.738073309504898,31.172019402269108,0.646490580845134,87.06653684394297,8.347914789219544,58.57701677001043,catastrophic_2023,50,catastrophic_2023_every_50yr,monte_carlo,11.780034909288046,14.84381876298529
26,23.69015871383331,30.502314301838588,0.5351224435192694,87.68268000068898,7.654362605680164,58.06358218291194,catastrophic_2023,50,catastrophic_2023_every_50yr,monte_carlo,11.281027958968243,14.524911572304088
27,22.686766670553535,29.874049733430653,0.44294187968710774,88.30371516348059,7.018472881674644,57.55498422135112,catastrophic_2023,50,catastrophic_2023_every_50yr,monte_carlo,10.803222224073112,14.225737968300312
28,21.725956549030357,29.285330688330614,0.36664187786506486,88.9295067722345,6.435435208429829,57.05106059280084,catastrophic_2023,50,catastrophic_2023_every_50yr,monte_carlo,10.34569359477636,13.94539556587172
29,20.805890370241766,28.73443329101121,0.3034859344649974,89.5599758060237,5.9008469271245225,56.55169214098943,catastrophic_2023,50,catastrophic_2023_every_50yr,monte_carlo,9.907566842972269,13.683063471910101
30,19.924820892614882,28.219784946543065,0.2512093884018507,90.1950808157244,5.410676022402766,56.056787978923325,catastrophic_2023,50,catastrophic_2023_every_50yr,monte_carlo,9.488009948864228,13.437992831687174
31,19.081082996065028,27.739948960532924,0.20793793012656517,90.83480533676928,4.961228379965985,55.56627577812552,catastrophic_2023,50,catastrophic_2023_every_50yr,monte_carlo,9.086229998126203,13.209499505015678
32,18.273087194504864,27.293612286193753,0.17212024535402579,91.47914954009491,4.549118538456208,55.08009542834765,catastrophic_2023,50,catastrophic_2023_every_50yr,monte_carlo,8.701470092621364,12.996958231520836
33,17.499314535843375,26.87957550977112,0.14247231434604823,92.12812469676896,4.171243338641941,54.59819489922245,catastrophic_2023,50,catastrophic_2023_every_50yr,monte_carlo,8.33300692183018,12.79979786179577
34,16.75831241974205,26.496744481366715,0.11793133483443705,92.78174950960778,3.8247580438750535,54.120527539743236,catastrophic_2023,50,catastrophic_2023_every_50yr,monte_carlo,7.980148771305738,12.61749737207939
35,16.048691034896287,26.144123190644926,0.09761759768369213,93.44004768305388,3.5070546145748507,53.64705031621456,catastrophic_2023,50,catastrophic_2023_every_50yr,monte_carlo,7.642233826141089,12.44958247173568
36,15.369120225998747,25.82080761278098,0.08080293821470902,94.10304631398975,3.215741890211083,53.17772266251645,catastrophic_2023,50,catastrophic_2023_every_50yr,monte_carlo,7.318628679047022,12.295622672752847
37,14.718326669029326,25.525980332915417,0.06688462658978053,94.77077482662328,2.948627479535944,52.71250572974779,catastrophic_2023,50,catastrophic_2023_every_50yr,monte_carlo,7.008726985252061,12.155228729959722
38,14.09509127679366,25.258905812458412,0.055363758225805026,95.44326426784642,2.703701192548938,52.25136189629124,catastrophic_2023,50,catastrophic_2023_every_50yr,monte_carlo,6.7119482270446005,12.028050386884958
39,13.498246783990584,25.018926197583557,0.045827367926074045,96.12054684136086,2.479119871278439,51.79425444764979,catastrophic_2023,50,catastrophic_2023_every_50yr,monte_carlo,6.42773656380504,11.913774379801694
40,12.926675478398899,24.80545759543127,0.037933625672545025,96.80265559992185,2.2731934942293437,51.34114736693741,catastrophic_2023,50,catastrophic_2023_every_50yr,monte_carlo,6.155559751618523,11.812122664491081
41,12.379307055743505,24.61798676095997,0.03139958290579753,97.48962424227071,2.0843724432974886,50.89200519748105,catastrophic_2023,50,catastrophic_2023_every_50yr,monte_carlo,5.894908121782621,11.722850838552366
42,11.855116582770883,24.45606814965684,0.025991029773521693,98.18148697937136,1.9112358333326678,50.44679295241092,catastrophic_2023,50,catastrophic_2023_every_50yr,monte_carlo,5.645293610843278,11.645746737931828
43,11.353122557510133,24.319321300157174,0.021514099622863814,98.87827844651915,1.7524808141165105,50.00547605486698,catastrophic_2023,50,catastrophic_2023_every_50yr,monte_carlo,5.406248836909587,11.580629190551035
44,10.872385058550012,24.207428517336187,0.01780831971159929,99.5800336458108,1.6069127627963204,49.56802029815431,catastrophic_2023,50,catastrophic_2023_every_50yr,monte_carlo,5.177326218357148,11.527346913017231
45,10.41200397701116,24.120132831358028,0.014740858991273923,100.28678790870775,1.4734362920938489,49.134391818897576,catastrophic_2023,50,catastrophic_2023_every_50yr,monte_carlo,4.958097131910076,11.485777538741917
46,9.971117326106478,24.057236211982435,0.0122017667458439,100.99857687189782,1.3510470060946578,48.70455707866839,catastrophic_2023,50,catastrophic_2023_every_50yr,monte_carlo,4.748151107669751,11.455826767610683
47,9.54889962399417,24.0185980204601,0.010100031398499415,101.71543646195889,1.2388239412591202,48.278482851137014,catastrophic_2023,50,catastrophic_2023_every_50yr,monte_carlo,4.547095059044843,11.437427628790523
48,9.144560346184543,24.00413368381293,0.008360318205034422,102.4374028858496,1.1359226355789216,47.85613621282882,catastrophic_2023,50,catastrophic_2023_every_50yr,monte_carlo,4.3545525458021626,11.430539849434728
49,8.757342444155633,24.013813578344134,0.006920268890678401,103.16451262525854,1.0415687736061092,47.43748453623486,catastrophic_2023,50,catastrophic_2023_every_50yr,monte_carlo,4.1701630686455395,11.435149323021017
50,0.3739588221750903,1.072296304656507,2.5542603265262865e-4,4.632806166397227,0.04258622360371418,2.0967546828904333,catastrophic_2023,50,catastrophic_2023_every_50yr,monte_carlo,0.17807562960718584,0.51061728793167
0,210,210,210,210,210,210,observed_2023_florida,5,observed_2023_florida_every_5yr,monte_carlo,100,100
1,146.0098256162939,145.31506859779645,126.78349215033177,153.3430819828061,140.35368665438108,151.02702505022296,observed_2023_florida,5,observed_2023_florida_every_5yr,monte_carlo,69.52848838871138,69.19765171323641
2,113.23167457879029,112.33601378104694,85.3779415413164,124.8912870024766,104.62884694296089,121.14712533532204,observed_2023_florida,5,observed_2023_florida_every_5yr,monte_carlo,53.91984503751919,53.49333989573664
3,93.34915385164598,92.45106112599848,61.12259160244135,108.13261407473458,82.91549270296079,103.30662634201335,observed_2023_florida,5,observed_2023_florida_every_5yr,monte_carlo,44.45197802459332,44.024314821904035
4,80.19250396715933,79.38869914218304,45.59899627979321,97.5578444785859,68.47008855212651,91.79609152986174,observed_2023_florida,5,observed_2023_florida_every_5yr,monte_carlo,38.18690665102825,37.80414244865859
5,0.7099695924724791,0.7463973827870071,0.038686154631047465,1.671324169862725,0.14261132296619067,1.439486831276957,observed_2023_florida,5,observed_2023_florida_every_5yr,monte_carlo,0.33808075832022816,0.35542732513667
6,0.6419245617178655,0.6775607878942103,0.034055729580565325,1.5626848812872884,0.1280915372928769,1.3028334426740913,observed_2023_florida,5,observed_2023_florida_every_5yr,monte_carlo,0.3056783627227931,0.32264799423533824
7,0.5859590122736622,0.6263640951913197,0.030221102693348705,1.4705016736149326,0.11637802496084114,1.2042288417578009,observed_2023_florida,5,observed_2023_florida_every_5yr,monte_carlo,0.27902810108269627,0.2982686167577713
8,0.5378033256765682,0.5868499107886329,0.02728567362617071,1.428748369447415,0.10710965085204446,1.1415048541412722,observed_2023_florida,5,observed_2023_florida_every_5yr,monte_carlo,0.2560968217507468,0.27945233847077755
9,0.5001424851738985,0.5552121767388093,0.024825183979490593,1.4094846626267867,0.09641734696179778,1.0911558780587303,observed_2023_florida,5,observed_2023_florida_every_5yr,monte_carlo,0.2381630881780469,0.26438675082800445
10,0.003877761289434096,0.005907519608059591,7.893681099892892e-5,0.020493139521075183,3.8306261788842693e-4,0.014721327123238093,observed_2023_florida,5,observed_2023_florida_every_5yr,monte_carlo,0.0018465529949686173,0.002813104575266472
11,0.003681598458194069,0.0056562786074511135,7.339910014384486e-5,0.019722974344218866,3.300964010794544e-4,0.013972846912214613,observed_2023_florida,5,observed_2023_florida_every_5yr,monte_carlo,0.0017531421229495569,0.0026934660035481495
12,0.0034451038307738283,0.005436358042952683,6.81163830354803e-5,0.019155318178322615,2.880874474402364e-4,0.013424650422041525,observed_2023_florida,5,observed_2023_florida_every_5yr,monte_carlo,0.001640525633701823,0.002588741925215563
13,0.003296520267059488,0.005239970882774833,6.328904454410195e-5,0.018718452107961924,2.7701251775314394e-4,0.012931163028801367,observed_2023_florida,5,observed_2023_florida_every_5yr,monte_carlo,0.0015697715557426134,0.0024952242298927774
14,0.0031466556722905513,0.005061916920514515,5.8549513864593724e-5,0.018316874901547507,2.748147640301761e-4,0.01261002278357829,observed_2023_florida,5,observed_2023_florida_every_5yr,monte_carlo,0.0014984074629955007,0.0024104366288164357
15,2.3655278413350523e-5,5.2079499016943084e-5,2.7273370436541713e-7,2.4899749935202364e-4,1.635771251496676e-6,1.494686454595002e-4,observed_2023_florida,5,observed_2023_florida_every_5yr,monte_carlo,1.1264418292071678e-5,2.479976143663956e-5
16,2.248531913274938e-5,5.0294419461200633e-5,2.6056042332755844e-7,2.4265863196821626e-4,1.5562688627978904e-6,1.430496750675779e-4,observed_2023_florida,5,observed_2023_florida_every_5yr,monte_carlo,1.0707294825118752e-5,2.3949723552952685e-5
17,2.2047061043109306e-5,4.862539156077265e-5,2.571099734912716e-7,2.36657901380695e-4,1.4364737994858217e-6,1.362710637541862e-4,observed_2023_florida,5,observed_2023_florida_every_5yr,monte_carlo,1.0498600496718716e-5,2.315494836227269e-5
18,2.0933459152961086e-5,4.7058398912135674e-5,2.444502308440567e-7,2.3232754815984675e-4,1.3657933830243314e-6,1.3183618685471345e-4,observed_2023_florida,5,observed_2023_florida_every_5yr,monte_carlo,9.968313882362422e-6,2.2408761386731274e-5
19,1.998162753545725e-5,4.558287494715497e-5,2.2770836252422076e-7,2.2862898969426825e-4,1.2781590585624439e-6,1.2825822241686598e-4,observed_2023_florida,5,observed_2023_florida_every_5yr,monte_carlo,9.51506073117012e-6,2.170613092721665e-5
20,1.753763489472889e-7,4.7123942935330244e-7,4.85047180748725e-10,3.5904148236334837e-6,5.45542132520468e-9,1.1831368390524606e-6,observed_2023_florida,5,observed_2023_florida_every_5yr,monte_carlo,8.351254711775661e-8,2.2439972826347737e-7
21,1.6796958545602683e-7,4.572962833925287e-7,4.6497073870911785e-10,3.566540066610279e-6,4.970734116884332e-9,1.1786313999906886e-6,observed_2023_florida,5,observed_2023_florida_every_5yr,monte_carlo,7.99855168838223e-8,2.1776013494882317e-7
22,1.57101453620189e-7,4.441032960076119e-7,4.392027757964324e-10,3.530405198147672e-6,4.5653346253010865e-9,1.1112609233201074e-6,observed_2023_florida,5,observed_2023_florida_every_5yr,monte_carlo,7.48102160096138e-8,2.114777600036247e-7
23,1.487438716081947e-7,4.3161094955752554e-7,4.081650800979296e-10,3.466030806685157e-6,4.30060982817473e-9,1.0993179784112796e-6,observed_2023_florida,5,observed_2023_florida_every_5yr,monte_carlo,7.083041505152128e-8,2.0552902359882166e-7
24,1.42609089494689e-7,4.197760049779714e-7,3.6658901379886223e-10,3.480105309470488e-6,4.089724908644121e-9,1.0573318403512573e-6,observed_2023_florida,5,observed_2023_florida_every_5yr,monte_carlo,6.79090902355662e-8,1.9989333570379592e-7
25,1.1303525066293566e-9,4.773094259642513e-9,1.491689385611097e-12,2.831379156650983e-8,3.6289057206232874e-11,1.350181187635864e-8,observed_2023_florida,5,observed_2023_florida_every_5yr,monte_carlo,5.382630983949317e-10,2.272902028401197e-9
26,1.082259867158465e-9,4.656509571391953e-9,1.416021649082989e-12,2.742488082126065e-8,3.5103842806723585e-11,1.2865813507084015e-8,observed_2023_florida,5,observed_2023_florida_every_5yr,monte_carlo,5.15361841504031e-10,2.217385510186644e-9
27,1.0278619838296253e-9,4.546435105633523e-9,1.183289865968032e-12,2.695911099410132e-8,3.3648630257546243e-11,1.2254799826982736e-8,observed_2023_florida,5,observed_2023_florida_every_5yr,monte_carlo,4.894580875379168e-10,2.164969097920725e-9
28,9.754548599796223e-10,4.442544311767723e-9,9.918735198269929e-13,2.642135692509169e-8,3.09364248854487e-11,1.165421926050172e-8,observed_2023_florida,5,observed_2023_florida_every_5yr,monte_carlo,4.6450231427601066e-10,2.115497291317963e-9
29,9.389960718741818e-10,4.3445379686791e-9,8.403205274733286e-13,2.5526830600634583e-8,2.7687573722306843e-11,1.1324249241668791e-8,observed_2023_florida,5,observed_2023_florida_every_5yr,monte_carlo,4.471409866067532e-10,2.0688276041329048e-9
30,5.856596368422347e-12,4.2184429770453136e-11,6.039830613605584e-15,3.3844176754297807e-10,9.483213498319238e-14,1.1097991689441784e-10,observed_2023_florida,5,observed_2023_florida_every_5yr,monte_carlo,2.7888554135344512e-12,2.008782370021578e-11
31,5.569843773326582e-12,4.1327322605102787e-11,5.271921432685332e-15,3.335680538571521e-10,9.408489364668422e-14,1.0690681445977139e-10,observed_2023_florida,5,observed_2023_florida_every_5yr,monte_carlo,2.6523065587269437e-12,1.9679677431001325e-11
32,5.415362367047837e-12,4.052214006012616e-11,4.4991087488683294e-15,3.2887078425805327e-10,9.315524274630195e-14,1.0379819206348669e-10,observed_2023_florida,5,observed_2023_florida_every_5yr,monte_carlo,2.578743984308494e-12,1.929625717148865e-11
33,5.23406660114763e-12,3.9766816088408e-11,3.871075226653001e-15,3.2434470483345397e-10,8.41442146919899e-14,1.0302023988723696e-10,observed_2023_florida,5,observed_2023_florida_every_5yr,monte_carlo,2.492412667213157e-12,1.8936579089718094e-11
34,4.9639328505022645e-12,3.905944687254619e-11,3.3488155521180358e-15,3.2026494397624136e-10,8.319505558862318e-14,1.0219801397963282e-10,observed_2023_florida,5,observed_2023_florida_every_5yr,monte_carlo,2.363777547858221e-12,1.859973660597438e-11
35,3.7908243110238257e-14,3.9645542766454716e-13,2.4994787075032034e-17,3.3272986136884386e-12,5.732674491433956e-16,9.19514735664828e-13,observed_2023_florida,5,observed_2023_florida_every_5yr,monte_carlo,1.8051544338208695e-14,1.887882988878796e-13
36,3.483460783451288e-14,3.903459325093683e-13,2.2813468464167565e-17,3.213662978865705e-12,5.395452053033755e-16,8.97151229183236e-13,observed_2023_florida,5,observed_2023_florida_every_5yr,monte_carlo,1.658790849262518e-14,1.8587901548065155e-13
37,3.31284387289562e-14,3.847102571703813e-13,1.9350916594025024e-17,3.1131666018008063e-12,4.883629695800366e-16,8.74487463317526e-13,observed_2023_florida,5,observed_2023_florida_every_5yr,monte_carlo,1.5775447013788666e-14,1.8319536055732442e-13
38,3.195482695516919e-14,3.7953348890371504e-13,1.573446466472674e-17,3.1300716322640703e-12,4.609899310106016e-16,8.515564367841114e-13,observed_2023_florida,5,observed_2023_florida_every_5yr,monte_carlo,1.521658426436628e-14,1.8073023281129287e-13
39,3.0927300539680755e-14,3.7480205047809646e-13,1.2830221199951386e-17,3.169589445894163e-12,4.4214170596840625e-16,8.240197052369354e-13,observed_2023_florida,5,observed_2023_florida_every_5yr,monte_carlo,1.472728597127655e-14,1.7847716689433166e-13
40,2.3306421577500773e-16,3.583097381442781e-15,6.144387663767063e-20,3.2220347648228395e-14,2.4675351108363562e-18,7.047144528849763e-15,observed_2023_florida,5,observed_2023_florida_every_5yr,monte_carlo,1.1098295989286082e-16,1.7062368483060861e-15
41,2.226824718554701e-16,3.521937547080502e-15,4.8909721076477424e-20,3.1210217106283955e-14,2.270694705026898e-18,6.8019977736437194e-15,observed_2023_florida,5,observed_2023_florida_every_5yr,monte_carlo,1.0603927231212862e-16,1.6771131176573819e-15
42,2.1377826695329534e-16,3.4650017988791716e-15,3.867877980183039e-20,3.023251195421447e-14,2.1280158002649756e-18,6.565379615953104e-15,observed_2023_florida,5,observed_2023_florida_every_5yr,monte_carlo,1.0179917473966445e-16,1.6500008566091294e-15
43,2.0187771964817677e-16,3.4121518453724556e-15,3.0576550932255076e-20,2.925234523187659e-14,1.992334047306589e-18,6.4253759710232995e-15,observed_2023_florida,5,observed_2023_florida_every_5yr,monte_carlo,9.613224745151274e-17,1.6248342120821217e-15
44,1.9091569457375187e-16,3.3632605520768215e-15,2.4150493701791544e-20,2.8232483358381978e-14,1.8655148201555827e-18,6.3803988684769994e-15,observed_2023_florida,5,observed_2023_florida_every_5yr,monte_carlo,9.091223551131043e-17,1.6015526438461056e-15
45,1.6655951726810426e-18,3.463760091904359e-17,1.2313358460705606e-22,2.894939548422212e-16,1.36746543752351e-20,5.77866730662093e-17,observed_2023_florida,5,observed_2023_florida_every_5yr,monte_carlo,7.931405584195441e-19,1.6494095675735044e-17
46,1.575805439636778e-18,3.421794570899412e-17,1.0278292633715059e-22,2.8159158850359586e-16,1.2986936551873391e-20,5.66733990662964e-17,observed_2023_florida,5,observed_2023_florida_every_5yr,monte_carlo,7.5038354268418e-19,1.629425986142577e-17
47,1.5042531237214981e-18,3.383206230657214e-17,8.781349276463288e-23,2.739344532486643e-16,1.2601098830198557e-20,5.65223559649579e-17,observed_2023_florida,5,observed_2023_florida_every_5yr,monte_carlo,7.163110112959514e-19,1.611050586027245e-17
48,1.4338122790848319e-18,3.3479100967197457e-17,7.747157315555543e-23,2.6868076134787853e-16,1.209936997912016e-20,5.35865646387769e-17,observed_2023_florida,5,observed_2023_florida_every_5yr,monte_carlo,6.82767751945158e-19,1.594242903199879e-17
49,1.3667671963048443e-18,3.315829290845784e-17,6.653699357122436e-23,2.66535339865942e-16,1.1352991939092132e-20,4.984278695405036e-17,observed_2023_florida,5,observed_2023_florida_every_5yr,monte_carlo,6.508415220499259e-19,1.5789663289741828e-17
50,1.2819972777857987e-20,3.8128209573019646e-19,7.378938477195462e-25,3.2018528362443126e-18,6.027979355018428e-23,6.832615259872463e-19,observed_2023_florida,5,observed_2023_florida_every_5yr,monte_carlo,6.104748941837136e-21,1.81562902728665e-19
0,210,210,210,210,210,210,observed_2023_florida,10,observed_2023_florida_every_10yr,monte_carlo,100,100
1,146.03503498101492,145.2690816835088,131.9197413577629,153.2070118586515,140.01723799745648,151.29503745805354,observed_2023_florida,10,observed_2023_florida_every_10yr,monte_carlo,69.54049284810235,69.17575318262324
2,113.27077965421486,112.27496345337504,92.51831080236897,124.66973891769209,104.1278256231615,121.57747852771972,observed_2023_florida,10,observed_2023_florida_every_10yr,monte_carlo,53.938466502007074,53.46426831113097
3,93.39751785345794,92.38437984543181,69.04093404725005,107.84501259335983,82.32063688129483,103.85757755993167,observed_2023_florida,10,observed_2023_florida_every_10yr,monte_carlo,44.47500850164664,43.99256183115801
4,80.2479077914977,79.31897598623272,53.73662164633322,97.21203039495191,67.81591065387674,92.44941730948868,observed_2023_florida,10,observed_2023_florida_every_10yr,monte_carlo,38.21328942452271,37.7709409458251
5,71.08854078171373,70.29929068724459,43.162238632340404,90.3456930496074,57.599934105782424,84.84722816166709,observed_2023_florida,10,observed_2023_florida_every_10yr,monte_carlo,33.85168608653035,33.47585270821171
6,64.44136254858415,63.827551603123936,35.508887707488455,85.91997083767671,50.0623951440049,79.68386067764304,observed_2023_florida,10,observed_2023_florida_every_10yr,monte_carlo,30.686363118373407,30.39407219196378
7,59.42047791432513,59.009339640724725,29.742255761019255,83.11647052495076,44.259610425751,76.12185809961105,observed_2023_florida,10,observed_2023_florida_every_10yr,monte_carlo,28.295465673488156,28.099685543202252
8,55.470457335256725,55.285109207966016,25.244035487215505,81.40184321919764,39.6148253070662,73.62114504800593,observed_2023_florida,10,observed_2023_florida_every_10yr,monte_carlo,26.414503492979392,26.32624247998382
9,52.23642837147639,52.29732512042732,21.63313272822164,80.42063554142464,35.76794922856739,71.82603140253329,observed_2023_florida,10,observed_2023_florida_every_10yr,monte_carlo,24.874489700703045,24.903488152584437
10,0.48878028326440637,0.5510801123743644,0.02556303667756776,1.400996914257922,0.10212043741645778,1.0589088565014646,observed_2023_florida,10,observed_2023_florida_every_10yr,monte_carlo,0.23275251584019352,0.2624191011306497
11,0.46428227219903023,0.5272977270996979,0.023724422539327723,1.3838724440416157,0.08604888076816897,1.0173132919945018,observed_2023_florida,10,observed_2023_florida_every_10yr,monte_carlo,0.22108679628525246,0.2510941557617609
12,0.4453324964899471,0.5063861147173623,0.01992525208769684,1.3672960986841445,0.0840287329772351,0.9849571076703667,observed_2023_florida,10,observed_2023_florida_every_10yr,monte_carlo,0.21206309356664146,0.24113624510350584
13,0.42253907377871924,0.48761940393824527,0.016015152528093435,1.378184313356106,0.07257840690077774,0.9486897307797637,observed_2023_florida,10,observed_2023_florida_every_10yr,monte_carlo,0.20120908275177107,0.23219971616106916
14,0.4002920085371479,0.47051268729085616,0.015602122558507828,1.3778674606969057,0.06951458606944781,0.9158092584402968,observed_2023_florida,10,observed_2023_florida_every_10yr,monte_carlo,0.19061524216054662,0.22405366061469342
15,0.3809481215283291,0.45473733697359014,0.015377909838770167,1.3693501152093948,0.0663459214962303,0.9005648813020934,observed_2023_florida,10,observed_2023_florida_every_10yr,monte_carlo,0.18140386739444242,0.21654158903504292
16,0.36014363700539354,0.4400664245040678,0.014762583707490132,1.361681215308821,0.06383717951434029,0.8747073909886464,observed_2023_florida,10,observed_2023_florida_every_10yr,monte_carlo,0.17149697000256836,0.2095554402400323
17,0.34549490851842235,0.4263395132976673,0.014040352940165623,1.3558546939211709,0.06134245153000541,0.8522959306678399,observed_2023_florida,10,observed_2023_florida_every_10yr,monte_carlo,0.16452138500877256,0.20301881585603204
18,0.3333267007630167,0.4134399290901577,0.011035480858616293,1.3530832806827329,0.058768141162694035,0.8363484986441612,observed_2023_florida,10,observed_2023_florida_every_10yr,monte_carlo,0.15872700036334128,0.1968761567095989
19,0.3179782619050872,0.401280067887727,0.008909549062159763,1.351410760956593,0.05534431150148282,0.8175338707836758,observed_2023_florida,10,observed_2023_florida_every_10yr,monte_carlo,0.15141821995480342,0.19108574661320332
20,0.002463086563608212,0.004261189182741667,2.509205433318671e-5,0.01720292902894347,2.59291463113426e-4,0.010589729671703407,observed_2023_florida,10,observed_2023_florida_every_10yr,monte_carlo,0.001172898363622958,0.0020291377060674604
21,0.002336174862372112,0.004144167919157784,2.1460310737944607e-5,0.01717018012057242,2.3897872492869378e-4,0.01016147513339363,observed_2023_florida,10,observed_2023_florida_every_10yr,monte_carlo,0.0011124642201771962,0.0019734132948370404
22,0.002209617176697911,0.004033216194926984,1.819076559667586e-5,0.017143596295887693,2.2564704360457003e-4,0.009922457454104132,observed_2023_florida,10,observed_2023_florida_every_10yr,monte_carlo,0.001052198655570434,0.001920579140441421
23,0.002083001277475732,0.003927926085012943,1.7103895931151583e-5,0.01721738364548965,2.0853790092284415e-4,0.009850702554618795,observed_2023_florida,10,observed_2023_florida_every_10yr,monte_carlo,9.919053702265393e-4,0.001870440992863306
24,0.001974924926011864,0.003827942700888644,1.6280561400888715e-5,0.017306007303499578,1.9008559204261862e-4,0.009517458148167207,observed_2023_florida,10,observed_2023_florida_every_10yr,monte_carlo,9.404404409580304e-4,0.001822829857566021
25,0.0018567018800061757,0.0037329513841079746,1.44494383937326e-5,0.017249279927593224,1.735786481769704e-4,0.009168121078552305,observed_2023_florida,10,observed_2023_florida_every_10yr,monte_carlo,8.841437523838931e-4,0.0017775958971942736
26,0.001767755169998126,0.0036426690052246045,1.2244702207135995e-5,0.01716643861977755,1.580417947013461e-4,0.008811800382385637,observed_2023_florida,10,observed_2023_florida_every_10yr,monte_carlo,8.417881761895839e-4,0.0017346042882021924
27,0.0017052010957444097,0.0035568379436451488,1.0392665872754924e-5,0.017085837002775654,1.5128792075639873e-4,0.008602822973232642,observed_2023_florida,10,observed_2023_florida_every_10yr,monte_carlo,8.120005217830523e-4,0.0016937323541167375
28,0.0016521392471851918,0.0034752218292071744,9.340641208619975e-6,0.0170332211527427,1.3771993712329255e-4,0.008500294447457335,observed_2023_florida,10,observed_2023_florida_every_10yr,monte_carlo,7.867329748500912e-4,0.001654867537717702
29,0.0015850303435748217,0.0033976024510851736,8.783114109859125e-6,0.017018469294693684,1.2558946257563777e-4,0.008326578877920154,observed_2023_florida,10,observed_2023_florida_every_10yr,monte_carlo,7.547763540832484e-4,0.001617905929088178
30,1.3483294390985354e-5,3.580015827405234e-5,3.1719971688158335e-8,2.0069025144368912e-4,5.920403020206316e-7,9.565832875065753e-5,observed_2023_florida,10,observed_2023_florida_every_10yr,monte_carlo,6.420616376659692e-6,1.70476944162154e-5
31,1.294802086353226e-5,3.497483199300468e-5,2.7829319395544947e-8,1.9988329465308176e-4,5.665360703728646e-7,9.32780702174895e-5,observed_2023_florida,10,observed_2023_florida_every_10yr,monte_carlo,6.165724220729647e-6,1.66546819014308e-5
32,1.2502914304594525e-5,3.418802993034816e-5,2.2957917074096327e-8,1.9659880476773287e-4,5.374392365583603e-7,9.11110034504547e-5,observed_2023_florida,10,observed_2023_florida_every_10yr,monte_carlo,5.953768716473584e-6,1.6280014252546744e-5
33,1.1853874808921114e-5,3.343791956333138e-5,1.8939417924875744e-8,1.9256945778533868e-4,5.030262773159263e-7,8.881607736989673e-5,observed_2023_florida,10,observed_2023_florida_every_10yr,monte_carlo,5.644702289962435e-6,1.5922818839681608e-5
34,1.14069031793995e-5,3.272278229407432e-5,1.5624457539203987e-8,1.901691603815854e-4,4.91744439436865e-7,8.644286104683379e-5,observed_2023_florida,10,observed_2023_florida_every_10yr,monte_carlo,5.4318586568569055e-6,1.558227728289253e-5
35,1.092255986924076e-5,3.204100486148992e-5,1.288983618222309e-8,1.8800496016055965e-4,4.716154379690724e-7,8.539012479237443e-5,observed_2023_florida,10,observed_2023_florida_every_10yr,monte_carlo,5.201218985352743e-6,1.525762136261425e-5
36,1.0605310564830462e-5,3.1391071813276894e-5,1.139143751570975e-8,1.8815240915843703e-4,4.3296159113626895e-7,8.452692772598346e-5,observed_2023_florida,10,observed_2023_florida_every_10yr,monte_carlo,5.050147888014506e-6,1.494812943489376e-5
37,1.0139497188358015e-5,3.077155880714142e-5,1.0679619641763899e-8,1.890982281182925e-4,3.9747761689946907e-7,8.355911919385676e-5,observed_2023_florida,10,observed_2023_florida_every_10yr,monte_carlo,4.828331994456197e-6,1.4653123241495917e-5
38,9.65005854431012e-6,3.0181126580506203e-5,9.135839806525365e-9,0.00019005183924968965,3.6559121188011777e-7,8.11402314837353e-5,observed_2023_florida,10,observed_2023_florida_every_10yr,monte_carlo,4.59526597348101e-6,1.4371965038336288e-5
39,9.07288145319251e-6,2.9618515474231245e-5,8.578074231432757e-9,1.9105559479309193e-4,3.374054879569705e-7,8.105332859990624e-5,observed_2023_florida,10,observed_2023_florida_every_10yr,monte_carlo,4.320419739615482e-6,1.4104054987729164e-5
40,7.099841569840983e-8,3.046458464389881e-7,6.214885947513917e-11,2.0993709268621673e-6,1.6342371637760678e-9,8.03237044759607e-7,observed_2023_florida,10,observed_2023_florida_every_10yr,monte_carlo,3.3808769380195157e-8,1.4506945068523243e-7
41,6.941335499954119e-8,2.991035712699465e-7,5.6617627581948064e-11,2.0883694881717982e-6,1.5357754328229165e-9,7.733869265340579e-7,observed_2023_florida,10,observed_2023_florida_every_10yr,monte_carlo,3.3053978571210094e-8,1.4243027203330787e-7
42,6.712909800507002e-8,2.938133444484103e-7,5.157879162117068e-11,2.053757232647428e-6,1.4024663257037794e-9,7.436152222138955e-7,observed_2023_florida,10,observed_2023_florida_every_10yr,monte_carlo,3.196623714527144e-8,1.3991111640400492e-7
43,6.453871284336276e-8,2.8876461478602747e-7,4.567011371820211e-11,2.0291003823066853e-6,1.3069936625436863e-9,7.296170482333406e-7,observed_2023_florida,10,observed_2023_florida_every_10yr,monte_carlo,3.0732720401601314e-8,1.3750695942191783e-7
44,6.218332116776445e-8,2.8394744491927977e-7,4.2179059325478494e-11,2.042277256701939e-6,1.2215871704780692e-9,7.125461070824166e-7,observed_2023_florida,10,observed_2023_florida_every_10yr,monte_carlo,2.961110531798307e-8,1.3521306900918085e-7
45,5.979600326621986e-8,2.7935247502907663e-7,3.8915034678818954e-11,2.0488606124138538e-6,1.1454783701614045e-9,6.992248377022247e-7,observed_2023_florida,10,observed_2023_florida_every_10yr,monte_carlo,2.8474287269628507e-8,1.330249881090841e-7
46,5.696085156696203e-8,2.7497088914583835e-7,3.4387294467230196e-11,2.0478846437250964e-6,1.0694925786197963e-9,6.878515488459719e-7,observed_2023_florida,10,observed_2023_florida_every_10yr,monte_carlo,2.712421503188668e-8,1.309385186408754e-7
47,5.45456014673999e-8,2.707943838214698e-7,2.981336049217147e-11,2.0470234367149957e-6,9.982618066184028e-10,6.637244838919391e-7,observed_2023_florida,10,observed_2023_florida_every_10yr,monte_carlo,2.5974095936857097e-8,1.2894970658165228e-7
48,5.2316357344751384e-8,2.6681513897627736e-7,2.587977623858977e-11,2.033879488032878e-6,9.464822693993573e-10,6.518189657751805e-7,observed_2023_florida,10,observed_2023_florida_every_10yr,monte_carlo,2.491255111654828e-8,1.270548280839416e-7
49,5.023471411262684e-8,2.6302579075046417e-7,2.0661294644846244e-11,2.003213866439817e-6,9.120455285509164e-10,6.349671194686866e-7,observed_2023_florida,10,observed_2023_florida_every_10yr,monte_carlo,2.392129243458421e-8,1.2525037654784008e-7
50,3.1708365961144987e-10,2.8896178040654586e-9,8.872667422555265e-14,1.9234146868310725e-8,5.286642854022679e-12,6.502969538963096e-9,observed_2023_florida,10,observed_2023_florida_every_10yr,monte_carlo,1.5099221886259518e-10,1.376008478126409e-9
0,210,210,210,210,210,210,observed_2023_florida,20,observed_2023_florida_every_20yr,monte_carlo,100,100
1,146.1234082308909,145.37771075249447,124.75701490080546,153.45250531766288,140.8216133912893,151.31888239304493,observed_2023_florida,20,observed_2023_florida_every_20yr,monte_carlo,69.58257534804329,69.22748131071165
2,113.40791138664275,112.43981595212179,82.67520629907287,125.06972476623048,105.32766865946965,121.61580410669261,observed_2023_florida,20,observed_2023_florida_every_20yr,monte_carlo,54.00376732697274,53.542769501010376
3,93.56717532349592,92.58697519262564,58.248374277888445,108.36461058587628,83.74758832829401,103.9066908669324,observed_2023_florida,20,observed_2023_florida_every_20yr,monte_carlo,44.55579777309329,44.08903580601221
4,80.4423257762412,79.552296146702,42.76760052566393,97.83723040916107,69.3878058948735,92.50771321371664,observed_2023_florida,20,observed_2023_florida_every_20yr,monte_carlo,38.30586941725772,37.88204578414381
5,71.30388770520213,70.56118187631981,32.37837786219276,91.07281880435087,59.2736355892857,84.91411115115636,observed_2023_florida,20,observed_2023_florida_every_20yr,monte_carlo,33.95423224057244,33.60056279824753
6,64.67568364082193,64.11795632608735,25.086273703616836,86.75072170344754,51.81306435952967,79.75924200347484,observed_2023_florida,20,observed_2023_florida_every_20yr,monte_carlo,30.797944590867587,30.53236015527969
7,59.67262616476869,59.32894462058671,19.772663113144073,84.05512162192922,46.070547120230586,76.20587830059031,observed_2023_florida,20,observed_2023_florida_every_20yr,monte_carlo,28.41553626893747,28.251878390755575
8,55.73954877525232,55.63467097946489,15.779381520032224,82.45365293696585,41.47264261840138,73.71402093888547,observed_2023_florida,20,observed_2023_florida_every_20yr,monte_carlo,26.542642273929673,26.492700466411854
9,52.52158962434255,52.67735291665581,12.704059207098492,81.59098921758181,37.660513621211095,71.92797711410309,observed_2023_florida,20,observed_2023_florida_every_20yr,monte_carlo,25.01028077349645,25.084453769836102
10,49.79005386100441,50.22565372617265,10.291221871338811,81.22790992161768,34.406552794390095,70.61157717340167,observed_2023_florida,20,observed_2023_florida_every_20yr,monte_carlo,23.709549457621147,23.91697796484412
11,47.39693254828539,48.12888625318032,8.372127306396855,81.20293479695513,31.56451103023035,69.6076357507524,observed_2023_florida,20,observed_2023_florida_every_20yr,monte_carlo,22.569967880135902,22.9185172634192
12,45.246117266025394,46.28822509397751,6.830769782795864,81.407060904408155,29.038921607873597,68.81154284267018,observed_2023_florida,20,observed_2023_florida_every_20yr,monte_carlo,21.54577012667876,22.0420119495131
13,43.274941839723454,44.638338045880175,5.584303573952957,81.76679623995948,26.76616010163956,68.15375721497144,observed_2023_florida,20,observed_2023_florida_every_20yr,monte_carlo,20.607115161773073,21.25635145041913
14,41.442289272113186,43.13558461140059,4.571532916130408,82.23267504409071,24.702664540851966,67.5881219628273,observed_2023_florida,20,observed_2023_florida_every_20yr,monte_carlo,19.734423462911042,20.540754576857424
15,39.72092131081793,41.75040982567459,3.7459703804865634,82.7714658277179,22.817598500686632,67.084051819822335,observed_2023_florida,20,observed_2023_florida_every_20yr,monte_carlo,18.914724433722824,19.881147536035517
16,38.09253525392205,40.46243487599404,3.071518023876932,83.36088664280449,21.088278583093256,66.62131211029958,observed_2023_florida,20,observed_2023_florida_every_20yr,monte_carlo,18.139302501867643,19.267826131425732
17,36.54458313071062,39.2572857330796,2.519680854691934,83.98602644303523,19.49732220051609,66.18653524915591,observed_2023_florida,20,observed_2023_florida_every_20yr,monte_carlo,17.40218244319553,18.69394558718076
18,35.06822843278944,38.124542834356085,2.067696368631028,84.6369267257516,18.030864966208938,65.77090124481735,observed_2023_florida,20,observed_2023_florida_every_20yr,monte_carlo,16.6991563965664,18.15454420683623
19,33.657035703804155,37.05641393415454,1.697228044099394,85.30695081411022,16.67744235767255,65.36859651843713,observed_2023_florida,20,observed_2023_florida_every_20yr,monte_carlo,16.02715985895436,17.645911397216448
20,0.28976168340969854,0.38418081405624516,0.004663910246635292,1.2822922442550486,0.045134637204508984,0.8433124931691366,observed_2023_florida,20,observed_2023_florida_every_20yr,monte_carlo,0.13798175400461835,0.18294324478868818
21,0.2747026620328015,0.3737566075544025,0.0037986480104483583,1.2813142309204761,0.042417623730304194,0.8304133277978378,observed_2023_florida,20,observed_2023_florida_every_20yr,monte_carlo,0.1308107914441912,0.17797933693066786
22,0.25899827427881034,0.36386585136585087,0.0032269600097390126,1.2803976546815279,0.04064101735603507,0.8116085904574597,observed_2023_florida,20,observed_2023_florida_every_20yr,monte_carlo,0.12333251156133826,0.17326945303135755
23,0.24818181262215855,0.3544723218929609,0.0029704642857408562,1.2795218125583725,0.03819109455796844,0.7954431220448304,observed_2023_florida,20,observed_2023_florida_every_20yr,monte_carlo,0.11818181553436122,0.16879634375855282
24,0.23987393248467015,0.3455444562290368,0.002686733656525312,1.2786730574152203,0.03666684897931648,0.7836530748243844,observed_2023_florida,20,observed_2023_florida_every_20yr,monte_carlo,0.11422568213555723,0.16454497915668417
25,0.23173437178624667,0.3370542268464546,0.0022408968854986788,1.2778423984510732,0.03437394002703381,0.7659766481956487,observed_2023_florida,20,observed_2023_florida_every_20yr,monte_carlo,0.11034970085059366,0.16050201278402598
26,0.22306510294634238,0.3289763782685923,0.0019061915290431502,1.2770239154412175,0.0317899077743445,0.762166740012989,observed_2023_florida,20,observed_2023_florida_every_20yr,monte_carlo,0.10622147759349637,0.1566554182231392
27,0.21361745379722213,0.32128789964828885,0.0015157413239648386,1.2762137117213834,0.029417328011195842,0.7655927620211873,observed_2023_florida,20,observed_2023_florida_every_20yr,monte_carlo,0.10172259704629624,0.1529942379277566
28,0.2014549377471952,0.31396765201063503,0.0012058592091415564,1.2754092234371555,0.02693266732779572,0.7521822979492431,observed_2023_florida,20,observed_2023_florida_every_20yr,monte_carlo,0.09593092273675961,0.14950840571935
29,0.19435649099662256,0.3069960977188114,9.597979913299375e-4,1.2746087641522976,0.025293361896316965,0.7385674544453618,observed_2023_florida,20,observed_2023_florida_every_20yr,monte_carlo,0.0925507099983917,0.14618861796133878
30,0.18466491852823363,0.30035509822713014,7.660308009990202e-4,1.271194089333047,0.023458666356503358,0.7252004445305416,observed_2023_florida,20,observed_2023_florida_every_20yr,monte_carlo,0.08793567548963506,0.14302623725101435
31,0.17679278510376245,0.2940277580833055,6.135618986093787e-4,1.2666199741138109,0.021793252642960323,0.7217833501633599,observed_2023_florida,20,observed_2023_florida_every_20yr,monte_carlo,0.08418704052560116,0.14001321813490739
32,0.16890720892042826,0.28799830080016076,4.915612072266065e-4,1.2620700860606917,0.02092397764028291,0.7098265878386356,observed_2023_florida,20,observed_2023_florida_every_20yr,monte_carlo,0.08043200424782297,0.13714204800007654
33,0.1610647345621113,0.2822519671543276,3.9391569759900905e-4,1.2576440387704209,0.02011045482441883,0.6975743709831119,observed_2023_florida,20,observed_2023_florida_every_20yr,monte_carlo,0.07669749264862442,0.13440569864491791
34,0.1516047407779649,0.2767749296601166,3.157437946375789e-4,1.253433683125556,0.018413774627327475,0.681882255431949,observed_2023_florida,20,observed_2023_florida_every_20yr,monte_carlo,0.07219273370379281,0.13179758555243645
35,0.14363471102121028,0.27155421903497967,2.531462921779202e-4,1.2499270377776388,0.017535600006261476,0.6747658600629056,observed_2023_florida,20,observed_2023_florida_every_20yr,monte_carlo,0.06839748143867157,0.12931153287379984
36,0.13885083365465725,0.26657765981919296,2.1774962395096936e-4,1.2485477867053283,0.016735215756997393,0.6608389549515836,observed_2023_florida,20,observed_2023_florida_every_20yr,monte_carlo,0.06611944459745583,0.12694174277104428
37,0.13548078847231199,0.2618338131933115,1.8966194570276023e-4,1.2471701688098382,0.01597142740735518,0.646094909636939,observed_2023_florida,20,observed_2023_florida_every_20yr,monte_carlo,0.06451466117729142,0.1246827681872912
38,0.13182641090547575,0.25731192561737265,1.6618771113382792e-4,1.2530024969055578,0.015236580181932056,0.6479345049738189,observed_2023_florida,20,observed_2023_florida_every_20yr,monte_carlo,0.06277448138355989,0.12252948838922506
39,0.12591107558445822,0.25300188230155884,1.457944401747654e-4,1.2539782725738888,0.014242437888073334,0.6464525134476818,observed_2023_florida,20,observed_2023_florida_every_20yr,monte_carlo,0.059957655040218195,0.12047708681026612
40,0.0010128533142125,0.002633512244772311,1.039042886682089e-6,0.014851057949237427,5.1982261820887905e-5,0.007426216289729974,observed_2023_florida,20,observed_2023_florida_every_20yr,monte_carlo,4.823111020059524e-4,0.0012540534498915769
41,9.697388458232045e-4,0.002587372095983772,8.2832698359767e-7,0.014923628523450902,5.000123685845546e-5,0.007320112937079393,observed_2023_florida,20,observed_2023_florida_every_20yr,monte_carlo,4.617804027729545e-4,0.0012320819504684627
42,9.275663642958832e-4,0.002543315888475857,6.606564664554567e-7,0.014722235307498962,4.557307216090842e-5,0.00717597719579398,observed_2023_florida,20,observed_2023_florida_every_20yr,monte_carlo,4.416982687123253e-4,0.0012111028040361225
43,8.970175638996108e-4,0.0025012524529314057,5.271733303523907e-7,0.014508407054970699,4.1391761822025505e-5,0.007073626708118246,observed_2023_florida,20,observed_2023_florida_every_20yr,monte_carlo,4.2715122090457655e-4,0.0011910725966340027
44,8.617932392489123e-4,0.002461095765843678,4.2085565936183506e-7,0.014342971185630961,3.852427255513749e-5,0.006867089440056222,observed_2023_florida,20,observed_2023_florida_every_20yr,monte_carlo,4.1037773297567247e-4,0.0011719503646874657
45,8.255918277259137e-4,0.0024227646362186025,3.361343392778595e-7,0.014280172743437333,3.817443503781057e-5,0.006676344738016709,observed_2023_florida,20,observed_2023_florida_every_20yr,monte_carlo,3.9313896558376845e-4,0.0011536974458183822
46,7.909902007447226e-4,0.002386182414159991,2.770223900589471e-7,0.01444109076023361,3.5986236181436066e-5,0.006533489632626366,observed_2023_florida,20,observed_2023_florida_every_20yr,monte_carlo,3.766620003546298e-4,0.0011362773400761862
47,7.489361637241715e-4,0.00235127671950156,2.3743506590467429e-7,0.014410073676004033,3.3716456966893254e-5,0.00653756463002698,observed_2023_florida,20,observed_2023_florida_every_20yr,monte_carlo,3.566362684400817e-4,0.0011196555807150286
48,7.113682115349759e-4,0.0023179791888678094,2.044241562517406e-7,0.0144754820224376,3.236030338054237e-5,0.00654212685730492,observed_2023_florida,20,observed_2023_florida_every_20yr,monte_carlo,3.387467673976076e-4,0.0011037996137465758
49,6.718813240346817e-4,0.0022862252397230992,1.768134555311651e-7,0.014541972537808076,2.9457263491436507e-5,0.006460274763133085,observed_2023_florida,20,observed_2023_florida_every_20yr,monte_carlo,3.1994348763556273e-4,0.0010886786855824283
50,6.406874599543437e-4,0.0022559538501150038,1.5364368127318057e-7,0.014609232519358868,2.6830691982430367e-5,0.006302902287016968,observed_2023_florida,20,observed_2023_florida_every_20yr,monte_carlo,3.050892666449256e-4,0.0010742637381500018
0,210,210,210,210,210,210,observed_2023_florida,50,observed_2023_florida_every_50yr,monte_carlo,100,100
1,145.95205650668254,144.99654379407792,125.1104798893328,153.38032532672426,139.54908597982046,150.88256869823073,observed_2023_florida,50,observed_2023_florida_every_50yr,monte_carlo,69.50097928889645,69.0459732352752
2,113.14209165071377,111.90940092302465,83.13640216232459,124.95196054505675,103.43267574922852,120.9154849689563,observed_2023_florida,50,observed_2023_florida_every_50yr,monte_carlo,53.87718650033989,53.29019091572602
3,93.23839646238403,91.99377364629875,58.728032323463,108.21142164029347,81.49765876991844,103.01047768939716,observed_2023_florida,50,observed_2023_florida_every_50yr,monte_carlo,44.39923641065906,43.806558879189886
4,80.06566620147203,78.93383824675458,43.229547313700486,97.65265682256998,66.91345276151935,91.4453931686234,observed_2023_florida,50,observed_2023_florida_every_50yr,monte_carlo,38.12650771498668,37.58754202226408
5,70.88679465411496,69.93482565066022,32.80828259751356,90.85786254507298,56.64339045350262,83.69697684201996,observed_2023_florida,50,observed_2023_florida_every_50yr,monte_carlo,33.75561650195951,33.302297928885814
6,64.2219641797747,63.49251902963332,25.479189828467824,86.5047977942362,49.06640849379655,78.38933084483838,observed_2023_florida,50,observed_2023_florida_every_50yr,monte_carlo,30.58188770465462,30.23453287125396
7,59.18452059992695,58.709858483831326,20.127698440677804,83.77687947602799,43.23401870738649,74.6810587211732,observed_2023_florida,50,observed_2023_florida_every_50yr,monte_carlo,28.183105047584263,27.957075468491105
8,55.218786528780726,55.02621779001152,16.09744219126651,82.14144491298698,38.5674670988562,72.0307882469083,observed_2023_florida,50,observed_2023_florida_every_50yr,monte_carlo,26.294660251800344,26.202960852386436
9,51.96987821399914,52.083548142406435,12.986909905236093,81.24312356138532,34.70585491487685,70.08289008318158,observed_2023_florida,50,observed_2023_florida_every_50yr,monte_carlo,24.747561054285303,24.80168959162211
10,49.20926299324502,49.65052970325925,10.541081773070903,80.84277403014686,31.42061624071273,68.60190530435976,observed_2023_florida,50,observed_2023_florida_every_50yr,monte_carlo,23.432982377735723,23.643109382504406
11,46.78912548578478,47.57653038859752,8.591470895492737,80.77904380286975,28.564692761097408,67.4315707677561,observed_2023_florida,50,observed_2023_florida_every_50yr,monte_carlo,22.280535945611803,22.655490661236914
12,44.613514520793785,45.76273589901299,7.022203093339924,80.94306583929782,26.04161169470111,66.468187258734,observed_2023_florida,50,observed_2023_florida_every_50yr,monte_carlo,21.244530724187516,21.791778999529996
13,42.61986221313388,44.14376832923247,5.750471084305985,81.26147234725559,23.78648431479712,65.64301295930721,observed_2023_florida,50,observed_2023_florida_every_50yr,monte_carlo,20.295172482444706,21.020842061539273
14,40.76709024282964,42.675897324424604,4.7150424976503285,81.68490205859166,21.754280604869056,64.91054651561845,observed_2023_florida,50,observed_2023_florida_every_50yr,monte_carlo,19.41290011563316,20.321855868773618
15,39.02794809962148,41.32945261904154,3.869333914018042,82.18020661748042,19.91257969759937,64.24071613103243,observed_2023_florida,50,observed_2023_florida_every_50yr,monte_carlo,18.584737190295943,19.680691723353114
16,37.38408130956232,40.083931688742105,3.1771072697098948,82.72516736854998,18.237080664998665,63.613675554374296,observed_2023_florida,50,observed_2023_florida_every_50yr,monte_carlo,17.80194348074396,19.08758651844862
17,35.82286164696001,38.92484136240668,2.6096976609516984,83.30491953414317,16.70881620248284,63.01634250916623,observed_2023_florida,50,observed_2023_florida_every_50yr,monte_carlo,17.058505546171432,18.535638744003183
18,34.33535324315054,37.84165633628333,2.144155485479652,83.9095369683987,15.312416264266254,62.44010079579153,observed_2023_florida,50,observed_2023_florida_every_50yr,monte_carlo,16.35016821102407,18.01983635061111
19,32.91500958943651,36.82649742190132,1.761950312277596,84.53240435090271,14.035018689083731,61.87927807868035,observed_2023_florida,50,observed_2023_florida_every_50yr,monte_carlo,15.67381409020786,17.536427343762533
20,31.556839838231774,35.873273688657434,1.448032042831652,85.16912240220772,12.865578489813759,61.330139553803185,observed_2023_florida,50,observed_2023_florida_every_50yr,monte_carlo,15.027066589634178,17.082511280313064
21,30.256875804256268,34.977123705691945,1.1901284171003563,85.81677302334109,11.794423034585616,60.79022390660895,observed_2023_florida,50,observed_2023_florida_every_50yr,monte_carlo,14.40803609726489,16.65577319318664
22,29.01183126495918,34.13404976645873,0.9782053676137248,86.47342690270827,10.812959278696766,60.25790587430861,observed_2023_florida,50,observed_2023_florida_every_50yr,monte_carlo,13.815157745218656,16.254309412599397
23,27.81888402771971,33.340676785106986,0.8040440437022862,87.137814109146,9.913475471433959,59.73210851693587,observed_2023_florida,50,observed_2023_florida_every_50yr,monte_carlo,13.247087632247482,15.876512754812849
24,26.675536261039376,32.59409189493364,0.6609043503503179,87.80910402909734,9.089002029579925,59.212114212063746,observed_2023_florida,50,observed_2023_florida_every_50yr,monte_carlo,12.702636314780655,15.52099614044459
25,25.57952466321356,31.891736440253833,0.5432544826065124,88.48675853257647,8.333209915838522,58.69744064451679,observed_2023_florida,50,observed_2023_florida_every_50yr,monte_carlo,12.180726030101695,15.186541162025636
26,24.528762342734073,31.23133212387555,0.4465519203186631,89.17043410568301,7.640333210094441,58.18775952364127,observed_2023_florida,50,observed_2023_florida_every_50yr,monte_carlo,11.680363020349558,14.872062916131215
27,23.52130087047729,30.610829546461186,0.3670652066760113,89.85991668180802,7.00510766437668,57.682843353815876,observed_2023_florida,50,observed_2023_florida_every_50yr,monte_carlo,11.200619462132043,14.57658549831485
28,22.555305166241226,30.028371536048,0.30172842692717067,90.5550782824527,6.422720149283283,57.182530603105654,observed_2023_florida,50,observed_2023_florida_every_50yr,monte_carlo,10.740621507733918,14.299224540975239
29,21.629036559329393,29.482266342633288,0.248022119224449,91.25584818977417,5.888765803718655,56.68670292622024,observed_2023_florida,50,observed_2023_florida_every_50yr,monte_carlo,10.299541218728283,14.039174448872993
30,20.740841065772486,28.97096749552047,0.20387566996880183,91.962193792891,5.399210864321596,56.195270278639256,observed_2023_florida,50,observed_2023_florida_every_50yr,monte_carlo,9.876590983701183,13.7956988073907
31,19.889141006575592,28.493058231410593,0.16758723785386603,92.67410786894439,4.9503598649508715,55.708161192740945,observed_2023_florida,50,observed_2023_florida_every_50yr,monte_carlo,9.471019526940758,13.568122967338377
32,19.072428777850206,28.04723911812735,0.13775801523858863,93.39160014147264,4.538826336270156,55.225316428468204,observed_2023_florida,50,observed_2023_florida_every_50yr,monte_carlo,9.082108941833432,13.355828151489217
33,18.289262018892018,27.632317962940228,0.11323823623098582,94.11469168030214,4.16150640812806,54.74668482877385,observed_2023_florida,50,observed_2023_florida_every_50yr,monte_carlo,8.70917238994858,13.158246649019157
34,17.53825969995259,27.24720139588682,0.0930828197053182,94.84341118813757,3.8155548883110537,54.272220614865276,observed_2023_florida,50,observed_2023_florida_every_50yr,monte_carlo,8.351552238072662,12.97485780756515
35,16.81809882598232,26.89088771514701,0.07651492096007033,95.5777925393046,3.498363500004996,53.80188162128601,observed_2023_florida,50,observed_2023_florida_every_50yr,monte_carlo,8.00861848856301,12.80518462626048
36,16.127511563059464,26.562460710536662,0.06289597819264518,96.3178731491835,3.2075410310142116,53.335628144251984,observed_2023_florida,50,observed_2023_florida_every_50yr,monte_carlo,7.679767410980697,12.648790814541266
37,15.465282664081613,26.26108426642636,0.05170109443302692,97.06369289454122,2.9408951950794413,52.873422190014026,observed_2023_florida,50,observed_2023_florida_every_50yr,monte_carlo,7.36442031622934,12.50527822210779
38,14.830247114487396,25.985997602209896,0.042498803460381575,97.815293399099275,2.696416038392941,52.415226984084754,observed_2023_florida,50,observed_2023_florida_every_50yr,monte_carlo,7.062022435470189,12.374284572480903
39,14.221287946735522,25.736511046727603,0.0349344384077325,98.57271756118394,2.4722607480365895,51.96100665053969,observed_2023_florida,50,observed_2023_florida_every_50yr,monte_carlo,6.772041879397868,12.255481450822668
40,13.637334189969682,25.512002269188578,0.02871646127161374,99.336009241796,2.2667397368636704,51.510726002178416,observed_2023_florida,50,observed_2023_florida_every_50yr,monte_carlo,6.4939686618903245,12.148572509137418
41,13.077358932517559,25.311912907257696,0.023605226018499473,100.10521305896569,2.078303893325419,51.06435040293693,observed_2023_florida,50,observed_2023_florida_every_50yr,monte_carlo,6.2273137773893135,12.053291860598902
42,12.540377481998428,25.135745545771137,0.019403741968155985,100.88037425251534,1.9055328961526026,50.62184567738295,observed_2023_florida,50,observed_2023_florida_every_50yr,monte_carlo,5.9716083247611556,11.969402640843398
43,12.025445612354577,24.983061008762494,0.01595008133315132,101.66153859545929,1.7471245034131808,50.183178050891144,observed_2023_florida,50,observed_2023_florida_every_50yr,monte_carlo,5.726402672549798,11.89669571845833
44,11.531657890029154,24.853475934275895,0.013111138219454747,102.44875233629281,1.6018847337664004,49.74831410981015,observed_2023_florida,50,observed_2023_florida_every_50yr,monte_carlo,5.491265661918645,11.834988540131379
45,11.058146073388901,24.746660606562468,0.010777498511812766,103.24206216174032,1.468718865033984,49.31722077465736,observed_2023_florida,50,observed_2023_florida_every_50yr,monte_carlo,5.2657838444709055,11.78412409836308
46,10.604077580713422,24.662337024214185,0.008859222900008765,104.04151517305557,1.3466231817162642,48.88986528180546,observed_2023_florida,50,observed_2023_florida_every_50yr,monte_carlo,5.049560752720677,11.743970011530564
47,10.168654022882944,24.60027718591132,0.007282380505465181,104.84715887130018,1.2346774089350843,48.46621517070596,observed_2023_florida,50,observed_2023_florida_every_50yr,monte_carlo,4.84221620137283,11.714417707576818
48,9.751109797444855,24.56030157798839,0.005986199502214651,105.65904114857263,1.1320377755849638,48.04623827472528,observed_2023_florida,50,observed_2023_florida_every_50yr,monte_carlo,4.643385617830883,11.695381703803994
49,9.350710741121087,24.542277850101122,0.004920724909133062,106.47721028318315,1.037930654292391,47.62990271434036,observed_2023_florida,50,observed_2023_florida_every_50yr,monte_carlo,4.4527194005338515,11.686798976238629
50,0.07067862653178547,0.28103134210382236,4.63282135438818e-5,1.4121847534275327,0.005476198191951403,0.555677073618528,observed_2023_florida,50,observed_2023_florida_every_50yr,monte_carlo,0.03365648882465975,0.1338244486208678
