colony_uid,study,region,population_type,n_intervals,followup_years,death_event,shrink_events,ever_shrunk,mean_timeline_events,prop_acute_exposure
NOAA_survey::BB1-t237,NOAA_survey,Curacao,Natural colony,9,9.142465753424645,0,6,1,0.7777777777777778,0
NOAA_survey::BB1-t238,NOAA_survey,Curacao,Natural colony,9,9.142465753424645,0,3,1,0.7777777777777778,0
NOAA_survey::BB1-t239,NOAA_survey,Curacao,Natural colony,9,9.142465753424645,0,1,1,0.7777777777777778,0
NOAA_survey::BB1-t240,NOAA_survey,Curacao,Natural colony,9,9.142465753424645,0,3,1,0.7777777777777778,0
NOAA_survey::BB1-t241,NOAA_survey,Curacao,Natural colony,9,9.142465753424645,0,1,1,0.7777777777777778,0
NOAA_survey::BB1-t242,NOAA_survey,Curacao,Natural colony,9,9.142465753424645,0,0,0,0.7777777777777778,0
NOAA_survey::BB1-t243,NOAA_survey,Curacao,Natural colony,9,9.142465753424645,0,2,1,0.7777777777777778,0
NOAA_survey::BB1-t244,NOAA_survey,Curacao,Natural colony,3,9.142465753424645,0,0,0,1.6666666666666667,0
NOAA_survey::BB1-t244,NOAA_survey,Curacao,Restoration fragment,6,6.136986301369856,0,3,1,0.3333333333333333,0
NOAA_survey::BB1-t245,NOAA_survey,Curacao,Natural colony,9,9.142465753424645,0,5,1,0.7777777777777778,0
NOAA_survey::BB1-t246,NOAA_survey,Curacao,Natural colony,3,3.221917808219175,1,1,1,0,0
NOAA_survey::BB1-t247,NOAA_survey,Curacao,Natural colony,1,1.09041095890411,1,0,0,0,0
NOAA_survey::BB1-t248,NOAA_survey,Curacao,Natural colony,9,9.142465753424645,0,2,1,0.7777777777777778,0
NOAA_survey::BB1-t283,NOAA_survey,Curacao,Natural colony,1,1.06575342465753,1,0,0,1,0
NOAA_survey::BB1-t395,NOAA_survey,Curacao,Natural colony,1,0.986301369863014,1,0,0,1,0
NOAA_survey::BB1-t396,NOAA_survey,Curacao,Natural colony,5,5.057534246575333,0,2,1,1.4,0
NOAA_survey::BB1-t450,NOAA_survey,Curacao,Natural colony,1,1,1,0,0,2,0
NOAA_survey::BB2-t249,NOAA_survey,Curacao,Natural colony,9,9.142465753424666,0,1,1,0.7777777777777778,0
NOAA_survey::BB2-t250,NOAA_survey,Curacao,Natural colony,3,3.224657534246575,1,0,0,0,0
NOAA_survey::BB2-t251,NOAA_survey,Curacao,Natural colony,9,9.142465753424666,0,6,1,0.7777777777777778,0
NOAA_survey::BB2-t252,NOAA_survey,Curacao,Natural colony,3,3.224657534246575,1,2,1,0,0
NOAA_survey::BB2-t253,NOAA_survey,Curacao,Natural colony,9,9.142465753424666,0,1,1,0.7777777777777778,0
NOAA_survey::BB2-t254,NOAA_survey,Curacao,Natural colony,9,9.142465753424666,0,1,1,0.7777777777777778,0
NOAA_survey::BB2-t255,NOAA_survey,Curacao,Natural colony,3,3.224657534246575,1,0,0,0,0
NOAA_survey::BB2-t256,NOAA_survey,Curacao,Natural colony,3,3.224657534246575,1,0,0,0,0
NOAA_survey::BB2-t257,NOAA_survey,Curacao,Natural colony,3,3.224657534246575,1,2,1,0,0
NOAA_survey::BB2-t258,NOAA_survey,Curacao,Natural colony,3,3.224657534246575,1,0,0,0,0
NOAA_survey::BB2-t259,NOAA_survey,Curacao,Natural colony,3,3.224657534246575,1,1,1,0,0
NOAA_survey::BB2-t260,NOAA_survey,Curacao,Natural colony,8,8.109589041095896,1,7,1,0.625,0
NOAA_survey::BB2-t261,NOAA_survey,Curacao,Natural colony,7,9.142465753424666,0,5,1,1,0
NOAA_survey::BB2-t261,NOAA_survey,Curacao,Restoration fragment,2,4.0849315068493155,0,1,1,0,0
NOAA_survey::BB2-t262,NOAA_survey,Curacao,Natural colony,3,3.224657534246575,1,1,1,0,0
NOAA_survey::BB2-t284,NOAA_survey,Curacao,Natural colony,1,2.03287671232877,1,0,0,1,0
NOAA_survey::BB2-t284,NOAA_survey,Curacao,Restoration fragment,1,1.06301369863014,0,1,1,1,0
NOAA_survey::BB2-t285,NOAA_survey,Curacao,Natural colony,4,4.06849315068494,0,2,1,1.5,0
NOAA_survey::BB2-t286,NOAA_survey,Curacao,Natural colony,4,4.06849315068494,0,0,0,1.5,0
NOAA_survey::BB2-t287,NOAA_survey,Curacao,Natural colony,4,4.06849315068494,0,2,1,1.5,0
NOAA_survey::BB2-t288,NOAA_survey,Curacao,Natural colony,4,4.06849315068494,1,1,1,1.5,0
NOAA_survey::BB2-t388,NOAA_survey,Curacao,Natural colony,1,0.989041095890411,1,0,0,1,0
NOAA_survey::BB2-t389,NOAA_survey,Curacao,Natural colony,2,4.024657534246581,1,0,0,1.5,0
NOAA_survey::BB2-t389,NOAA_survey,Curacao,Restoration fragment,2,2.0520547945205507,0,2,1,1,0
NOAA_survey::BB2-t390,NOAA_survey,Curacao,Natural colony,1,0.989041095890411,1,0,0,1,0
NOAA_survey::BB2-t391,NOAA_survey,Curacao,Natural colony,3,5.057534246575351,0,3,1,1.6666666666666667,0
NOAA_survey::BB2-t391,NOAA_survey,Curacao,Restoration fragment,2,2.0520547945205507,0,2,1,1,0
NOAA_survey::BB2-t392,NOAA_survey,Curacao,Natural colony,1,0.989041095890411,1,0,0,1,0
NOAA_survey::BB2-t393,NOAA_survey,Curacao,Natural colony,5,5.057534246575351,0,0,0,1.4,0
NOAA_survey::BB2-t394,NOAA_survey,Curacao,Natural colony,1,0.989041095890411,1,1,1,1,0
NOAA_survey::BB3-t263,NOAA_survey,Curacao,Natural colony,3,3.22191780821918,1,1,1,0,0
NOAA_survey::BB3-t264,NOAA_survey,Curacao,Natural colony,9,9.139726027397272,0,7,1,0.7777777777777778,0
NOAA_survey::BB3-t265,NOAA_survey,Curacao,Natural colony,9,9.139726027397272,0,8,1,0.7777777777777778,0
NOAA_survey::BB3-t266,NOAA_survey,Curacao,Natural colony,9,9.139726027397272,0,2,1,0.7777777777777778,0
NOAA_survey::BB3-t267,NOAA_survey,Curacao,Natural colony,9,9.139726027397272,0,5,1,0.7777777777777778,0
NOAA_survey::BB3-t268,NOAA_survey,Curacao,Natural colony,2,3.22191780821918,1,0,0,0,0
NOAA_survey::BB3-t268,NOAA_survey,Curacao,Restoration fragment,1,1.09041095890411,0,0,0,0,0
NOAA_survey::BB3-t269,NOAA_survey,Curacao,Natural colony,9,9.139726027397272,0,1,1,0.7777777777777778,0
NOAA_survey::BB3-t270,NOAA_survey,Curacao,Natural colony,1,1.09041095890411,1,0,0,0,0
NOAA_survey::BB3-t271,NOAA_survey,Curacao,Natural colony,2,1.98082191780822,1,0,0,0,0
NOAA_survey::BB3-t272,NOAA_survey,Curacao,Natural colony,2,1.98082191780822,1,0,0,0,0
NOAA_survey::BB3-t300,NOAA_survey,Curacao,Natural colony,1,1.03287671232877,1,0,0,2,0
NOAA_survey::BB3-t369,NOAA_survey,Curacao,Natural colony,2,2.0520547945205507,1,1,1,1,0
NOAA_survey::BB3-t370,NOAA_survey,Curacao,Natural colony,2,5.057534246575351,0,0,0,2,0
NOAA_survey::BB3-t370,NOAA_survey,Curacao,Restoration fragment,3,3.0219178082191807,0,1,1,1,0
NOAA_survey::BB3-t371,NOAA_survey,Curacao,Natural colony,3,3.0219178082191807,1,2,1,1,0
NOAA_survey::BB3-t377,NOAA_survey,Curacao,Natural colony,3,5.057534246575351,0,1,1,1.6666666666666667,0
NOAA_survey::BB3-t377,NOAA_survey,Curacao,Restoration fragment,2,2.0520547945205507,0,0,0,1,0
NOAA_survey::BB3-t378,NOAA_survey,Curacao,Natural colony,5,5.057534246575351,0,2,1,1.4,0
NOAA_survey::BB3-t379,NOAA_survey,Curacao,Natural colony,5,5.057534246575351,0,4,1,1.4,0
NOAA_survey::CF1-t023,NOAA_survey,Florida Keys,Natural colony,2,1.8547945205479401,0,2,1,3.5,1
NOAA_survey::CF1-t024,NOAA_survey,Florida Keys,Natural colony,13,12.813698630136967,0,6,1,2.8461538461538463,0.46153846153846156
NOAA_survey::CF1-t025,NOAA_survey,Florida Keys,Natural colony,2,1.8547945205479401,0,2,1,3.5,1
NOAA_survey::CF1-t026,NOAA_survey,Florida Keys,Natural colony,1,0.827397260273973,1,0,0,4,1
NOAA_survey::CF1-t027,NOAA_survey,Florida Keys,Natural colony,7,7.117808219178068,0,4,1,2.7142857142857144,0.5714285714285714
NOAA_survey::CF1-t028,NOAA_survey,Florida Keys,Natural colony,1,1.14520547945205,0,1,1,4,1
NOAA_survey::CF1-t029,NOAA_survey,Florida Keys,Natural colony,1,1.14520547945205,0,0,0,4,1
NOAA_survey::CF1-t030,NOAA_survey,Florida Keys,Natural colony,1,1.14520547945205,0,0,0,4,1
NOAA_survey::CF1-t031,NOAA_survey,Florida Keys,Natural colony,2,1.8547945205479401,1,2,1,3.5,1
NOAA_survey::CF1-t032,NOAA_survey,Florida Keys,Natural colony,3,3.08219178082191,1,2,1,3,0.6666666666666666
NOAA_survey::CF1-t033,NOAA_survey,Florida Keys,Natural colony,10,9.832876712328753,0,8,1,2.6,0.4
NOAA_survey::CF1-t034,NOAA_survey,Florida Keys,Natural colony,4,4.09863013698629,0,1,1,2.75,0.5
NOAA_survey::CF1-t035,NOAA_survey,Florida Keys,Natural colony,1,1.14520547945205,0,1,1,4,1
NOAA_survey::CF1-t036,NOAA_survey,Florida Keys,Natural colony,2,1.8547945205479401,0,2,1,3.5,1
NOAA_survey::CF1-t229,NOAA_survey,Florida Keys,Natural colony,1,0.980821917808219,0,0,0,2,0
NOAA_survey::CF1-t230,NOAA_survey,Florida Keys,Natural colony,1,0.671232876712329,1,0,0,2,0
NOAA_survey::CF1-t428,NOAA_survey,Florida Keys,Natural colony,1,0.994520547945206,1,0,0,3,0
NOAA_survey::CF1-t949,NOAA_survey,Florida Keys,Natural colony,2,1.980821917808219,1,0,0,2,0
NOAA_survey::CF1-t950,NOAA_survey,Florida Keys,Natural colony,2,1.980821917808219,0,1,1,2,0
NOAA_survey::CF1-t951,NOAA_survey,Florida Keys,Natural colony,1,0.980821917808219,0,0,0,2,0
NOAA_survey::CF2-t038,NOAA_survey,Florida Keys,Natural colony,11,10.909589041095874,1,6,1,2.6363636363636362,0.36363636363636365
NOAA_survey::CF2-t039,NOAA_survey,Florida Keys,Natural colony,1,1.14520547945205,0,1,1,4,1
NOAA_survey::CF2-t040,NOAA_survey,Florida Keys,Natural colony,11,10.909589041095874,1,5,1,2.6363636363636362,0.36363636363636365
NOAA_survey::CF2-t041,NOAA_survey,Florida Keys,Natural colony,5,5.15616438356163,1,1,1,2.8,0.6
NOAA_survey::CF2-t042,NOAA_survey,Florida Keys,Natural colony,12,11.926027397260254,1,2,1,2.75,0.4166666666666667
NOAA_survey::CF2-t043,NOAA_survey,Florida Keys,Natural colony,11,10.909589041095874,0,5,1,2.6363636363636362,0.36363636363636365
NOAA_survey::CF2-t044,NOAA_survey,Florida Keys,Natural colony,3,3.08219178082191,1,2,1,3,0.6666666666666666
NOAA_survey::CF2-t045,NOAA_survey,Florida Keys,Natural colony,11,10.909589041095874,1,4,1,2.6363636363636362,0.36363636363636365
NOAA_survey::CF2-t046,NOAA_survey,Florida Keys,Natural colony,8,7.789041095890397,1,3,1,2.625,0.5
NOAA_survey::CF2-t047,NOAA_survey,Florida Keys,Natural colony,11,10.909589041095874,1,6,1,2.6363636363636362,0.36363636363636365
NOAA_survey::CF2-t048,NOAA_survey,Florida Keys,Natural colony,11,10.909589041095874,1,3,1,2.6363636363636362,0.36363636363636365
NOAA_survey::CF2-t049,NOAA_survey,Florida Keys,Natural colony,11,10.909589041095874,1,5,1,2.6363636363636362,0.36363636363636365
NOAA_survey::CF2-t228,NOAA_survey,Florida Keys,Natural colony,4,3.79178082191781,1,2,1,2.75,0
NOAA_survey::CF2-t395,NOAA_survey,Florida Keys,Natural colony,2,1.9945205479452022,1,1,1,3,0
NOAA_survey::CF2-t396,NOAA_survey,Florida Keys,Natural colony,2,1.9945205479452022,1,2,1,3,0
NOAA_survey::CF2-t426,NOAA_survey,Florida Keys,Natural colony,1,0.994520547945206,0,1,1,3,0
NOAA_survey::CF2-t427,NOAA_survey,Florida Keys,Natural colony,1,0.994520547945206,0,1,1,3,0
NOAA_survey::CF2-t946,NOAA_survey,Florida Keys,Natural colony,2,1.980821917808219,0,2,1,2,0
NOAA_survey::CF2-t947,NOAA_survey,Florida Keys,Natural colony,1,0.726027397260274,1,0,0,2,0
NOAA_survey::CF2-t948,NOAA_survey,Florida Keys,Natural colony,5,4.772602739726028,1,1,1,2.6,0
NOAA_survey::CF3-t087,NOAA_survey,Florida Keys,Natural colony,1,1.13150684931507,0,0,0,4,1
NOAA_survey::CF3-t088,NOAA_survey,Florida Keys,Natural colony,16,18.934246575342456,0,9,1,2.6875,0.4375
NOAA_survey::CF3-t089,NOAA_survey,Florida Keys,Natural colony,1,1.13150684931507,0,0,0,4,1
NOAA_survey::CF3-t090,NOAA_survey,Florida Keys,Natural colony,13,12.799999999999988,0,7,1,2.8461538461538463,0.46153846153846156
NOAA_survey::CF3-t091,NOAA_survey,Florida Keys,Natural colony,4,4.08493150684931,0,0,0,2.75,0.5
NOAA_survey::CF3-t092,NOAA_survey,Florida Keys,Natural colony,16,18.934246575342456,0,10,1,2.6875,0.4375
NOAA_survey::CF3-t093,NOAA_survey,Florida Keys,Natural colony,3,3.06849315068493,1,2,1,3,0.6666666666666666
NOAA_survey::CF3-t094,NOAA_survey,Florida Keys,Natural colony,1,1.13150684931507,0,1,1,4,1
NOAA_survey::CF3-t095,NOAA_survey,Florida Keys,Natural colony,16,18.934246575342456,0,6,1,2.6875,0.4375
NOAA_survey::CF3-t096,NOAA_survey,Florida Keys,Natural colony,1,1.13150684931507,1,0,0,4,1
NOAA_survey::CF3-t098,NOAA_survey,Florida Keys,Restoration fragment,1,1.13150684931507,0,1,1,4,1
NOAA_survey::CF3-t099,NOAA_survey,Florida Keys,Natural colony,1,1.09315068493151,1,0,0,4,1
NOAA_survey::CF3-t390,NOAA_survey,Florida Keys,Natural colony,1,1.9945205479452022,1,0,0,3,0
NOAA_survey::CF3-t390,NOAA_survey,Florida Keys,Restoration fragment,1,1.07671232876712,0,0,0,3,0
NOAA_survey::CF3-t391,NOAA_survey,Florida Keys,Natural colony,2,1.9945205479452022,1,0,0,3,0
NOAA_survey::CF3-t408,NOAA_survey,Florida Keys,Natural colony,1,0.917808219178082,1,0,0,3,0
NOAA_survey::CF3-t409,NOAA_survey,Florida Keys,Natural colony,1,0.917808219178082,0,1,1,3,0
NOAA_survey::CF3-t410,NOAA_survey,Florida Keys,Natural colony,2,1.63013698630137,1,1,1,3,0
NOAA_survey::CF3-t411,NOAA_survey,Florida Keys,Natural colony,2,1.950684931506852,0,2,1,3,0
NOAA_survey::CF3-t425,NOAA_survey,Florida Keys,Natural colony,1,0.994520547945206,1,0,0,3,0
NOAA_survey::CF3-t500,NOAA_survey,Florida Keys,Natural colony,2,2.0136986301369912,1,0,0,2,0
NOAA_survey::CF3-t902,NOAA_survey,Florida Keys,Natural colony,3,3.008219178082192,0,2,1,2.6666666666666665,0
NOAA_survey::CF3-t903,NOAA_survey,Florida Keys,Natural colony,1,1.01369863013699,1,0,0,2,0
NOAA_survey::CF3-t916,NOAA_survey,Florida Keys,Natural colony,4,4.12328767123288,1,1,1,2.25,0.25
NOAA_survey::CF3-t917,NOAA_survey,Florida Keys,Natural colony,2,2.15342465753425,1,1,1,2.5,0.5
NOAA_survey::CF3-t918,NOAA_survey,Florida Keys,Natural colony,3,3.12328767123288,1,1,1,2.3333333333333335,0.3333333333333333
NOAA_survey::CF3-t919,NOAA_survey,Florida Keys,Natural colony,3,3.12328767123288,0,1,1,2.3333333333333335,0.3333333333333333
NOAA_survey::CF3-t973,NOAA_survey,Florida Keys,Natural colony,4,4.032876712328768,0,1,1,2.5,0
NOAA_survey::CF3-t974,NOAA_survey,Florida Keys,Restoration fragment,2,1.9616438356164378,0,0,0,2,0
NOAA_survey::CF4-t801,NOAA_survey,Florida Keys,Natural colony,3,3.1835616438356196,0,2,1,2.3333333333333335,0
NOAA_survey::CF4-t802,NOAA_survey,Florida Keys,Natural colony,4,3.8191780821917836,1,3,1,2.5,0
NOAA_survey::CF4-t803,NOAA_survey,Florida Keys,Natural colony,3,3.1835616438356196,0,3,1,2.3333333333333335,0
NOAA_survey::CF4-t804,NOAA_survey,Florida Keys,Natural colony,3,3.1835616438356196,1,1,1,2.3333333333333335,0
NOAA_survey::CF4-t805,NOAA_survey,Florida Keys,Natural colony,4,4.101369863013701,1,3,1,2.5,0
NOAA_survey::CF4-t806,NOAA_survey,Florida Keys,Natural colony,3,3.1835616438356196,1,1,1,2.3333333333333335,0
NOAA_survey::CF4-t807,NOAA_survey,Florida Keys,Natural colony,3,2.512328767123295,1,1,1,2,0
NOAA_survey::CF4-t808,NOAA_survey,Florida Keys,Natural colony,3,2.512328767123295,1,2,1,2,0
NOAA_survey::CF4-t809,NOAA_survey,Florida Keys,Natural colony,3,3.1835616438356196,1,1,1,2.3333333333333335,0
NOAA_survey::CF4-t810,NOAA_survey,Florida Keys,Natural colony,2,2.1068493150684997,1,0,0,2,0
NOAA_survey::CF4-t811,NOAA_survey,Florida Keys,Natural colony,3,3.1835616438356196,1,1,1,2.3333333333333335,0
NOAA_survey::CF4-t812,NOAA_survey,Florida Keys,Natural colony,8,7.824657534246581,1,1,1,2.75,0.125
NOAA_survey::CF4-t813,NOAA_survey,Florida Keys,Natural colony,3,3.1835616438356196,1,2,1,2.3333333333333335,0
NOAA_survey::CF4-t814,NOAA_survey,Florida Keys,Natural colony,5,4.813698630136989,1,4,1,2.6,0
NOAA_survey::CF4-t908,NOAA_survey,Florida Keys,Natural colony,3,2.715068493150688,1,1,1,2.6666666666666665,0
NOAA_survey::EL1-t050,NOAA_survey,Florida Keys,Natural colony,3,3.19452054794521,1,0,0,3,0.6666666666666666
NOAA_survey::EL1-t051,NOAA_survey,Florida Keys,Natural colony,13,12.813698630136987,0,8,1,2.923076923076923,0.46153846153846156
NOAA_survey::EL1-t052,NOAA_survey,Florida Keys,Natural colony,16,18.309589041095897,0,7,1,2.8125,0.4375
NOAA_survey::EL1-t053,NOAA_survey,Florida Keys,Restoration fragment,1,1.08767123287671,0,1,1,4,1
NOAA_survey::EL1-t054,NOAA_survey,Florida Keys,Natural colony,16,18.309589041095897,0,6,1,2.8125,0.4375
NOAA_survey::EL1-t055,NOAA_survey,Florida Keys,Natural colony,16,18.309589041095897,0,7,1,2.8125,0.4375
NOAA_survey::EL1-t056,NOAA_survey,Florida Keys,Natural colony,16,18.309589041095897,0,5,1,2.8125,0.4375
NOAA_survey::EL1-t057,NOAA_survey,Florida Keys,Natural colony,1,0.534246575342466,1,0,0,1,0
NOAA_survey::EL1-t058,NOAA_survey,Florida Keys,Natural colony,3,3.19452054794521,1,2,1,3,0.6666666666666666
NOAA_survey::EL1-t059,NOAA_survey,Florida Keys,Natural colony,11,10.865753424657537,0,4,1,2.727272727272727,0.36363636363636365
NOAA_survey::EL1-t060,NOAA_survey,Florida Keys,Natural colony,13,12.813698630136987,0,1,1,2.923076923076923,0.46153846153846156
NOAA_survey::EL1-t061,NOAA_survey,Florida Keys,Natural colony,6,6.172602739726029,0,5,1,3,0.6666666666666666
NOAA_survey::EL1-t062,NOAA_survey,Florida Keys,Natural colony,7,6.843835616438358,0,3,1,2.857142857142857,0.5714285714285714
NOAA_survey::EL1-t208,NOAA_survey,Florida Keys,Natural colony,5,7.013698630136991,0,2,1,2.6,0.6
NOAA_survey::EL1-t232,NOAA_survey,Florida Keys,Natural colony,10,12.323287671232888,0,3,1,2.8,0.4
NOAA_survey::EL1-t233,NOAA_survey,Florida Keys,Natural colony,1,0.704109589041096,1,0,0,2,0
NOAA_survey::EL1-t441,NOAA_survey,Florida Keys,Natural colony,7,9.315068493150694,0,3,1,2.857142857142857,0.5714285714285714
NOAA_survey::EL1-t454,NOAA_survey,Florida Keys,Natural colony,2,2.021917808219182,1,1,1,3,0
NOAA_survey::EL1-t977,NOAA_survey,Florida Keys,Natural colony,11,13.306849315068506,0,5,1,2.727272727272727,0.36363636363636365
NOAA_survey::EL1-t978,NOAA_survey,Florida Keys,Natural colony,7,7.041095890410963,0,2,1,3,0.2857142857142857
NOAA_survey::EL1-t979,NOAA_survey,Florida Keys,Natural colony,11,13.306849315068506,0,3,1,2.727272727272727,0.36363636363636365
NOAA_survey::EL1-t986,NOAA_survey,Florida Keys,Natural colony,2,5.030136986301374,1,1,1,2.5,0.5
NOAA_survey::EL1-t986,NOAA_survey,Florida Keys,Restoration fragment,1,0.931506849315068,0,0,0,2,0
NOAA_survey::EL1-t987,NOAA_survey,Florida Keys,Natural colony,4,5.871232876712332,0,1,1,2.25,0.5
NOAA_survey::EL1-t988,NOAA_survey,Florida Keys,Natural colony,3,5.030136986301374,1,0,0,2.3333333333333335,0.3333333333333333
NOAA_survey::EL2-t063,NOAA_survey,Florida Keys,Natural colony,1,1.08767123287671,0,0,0,4,1
NOAA_survey::EL2-t064,NOAA_survey,Florida Keys,Natural colony,6,6.175342465753429,0,4,1,3,0.6666666666666666
NOAA_survey::EL2-t065,NOAA_survey,Florida Keys,Natural colony,17,19.926027397260274,1,11,1,2.6470588235294117,0.4117647058823529
NOAA_survey::EL2-t066,NOAA_survey,Florida Keys,Natural colony,13,12.813698630136985,0,6,1,2.923076923076923,0.46153846153846156
NOAA_survey::EL2-t067,NOAA_survey,Florida Keys,Natural colony,13,12.813698630136985,0,8,1,2.923076923076923,0.46153846153846156
NOAA_survey::EL2-t068,NOAA_survey,Florida Keys,Natural colony,6,6.175342465753429,0,2,1,3,0.6666666666666666
NOAA_survey::EL2-t069,NOAA_survey,Florida Keys,Natural colony,8,8.126027397260275,1,2,1,2.75,0.5
NOAA_survey::EL2-t070,NOAA_survey,Florida Keys,Natural colony,10,9.857534246575346,0,3,1,2.7,0.4
NOAA_survey::EL2-t071,NOAA_survey,Florida Keys,Natural colony,7,7.109589041095895,1,6,1,2.857142857142857,0.5714285714285714
NOAA_survey::EL2-t072,NOAA_survey,Florida Keys,Natural colony,13,12.813698630136985,0,6,1,2.923076923076923,0.46153846153846156
NOAA_survey::EL2-t073,NOAA_survey,Florida Keys,Natural colony,13,12.813698630136985,0,8,1,2.923076923076923,0.46153846153846156
NOAA_survey::EL2-t074,NOAA_survey,Florida Keys,Natural colony,1,0.534246575342466,1,0,0,1,0
NOAA_survey::EL2-t149,NOAA_survey,Florida Keys,Natural colony,1,1.06301369863014,1,0,0,4,1
NOAA_survey::EL2-t208,NOAA_survey,Florida Keys,Natural colony,1,0.654794520547945,1,0,0,2,0
NOAA_survey::EL2-t211,NOAA_survey,Florida Keys,Natural colony,1,1.01095890410959,0,0,0,2,0
NOAA_survey::EL2-t212,NOAA_survey,Florida Keys,Natural colony,1,1.676712328767124,1,0,0,2,0
NOAA_survey::EL2-t212,NOAA_survey,Florida Keys,Restoration fragment,1,1.01095890410959,0,0,0,2,0
NOAA_survey::EL2-t213,NOAA_survey,Florida Keys,Natural colony,1,0.654794520547945,1,0,0,2,0
NOAA_survey::EL2-t214,NOAA_survey,Florida Keys,Natural colony,3,5.068493150684937,1,1,1,2.3333333333333335,0.3333333333333333
NOAA_survey::EL2-t244,NOAA_survey,Florida Keys,Natural colony,1,1.01643835616438,0,0,0,2,0
NOAA_survey::EL2-t246,NOAA_survey,Florida Keys,Natural colony,6,6.104109589041098,0,1,1,3.1666666666666665,0.3333333333333333
NOAA_survey::EL2-t247,NOAA_survey,Florida Keys,Natural colony,6,6.104109589041098,1,2,1,3.1666666666666665,0.3333333333333333
NOAA_survey::EL2-t437,NOAA_survey,Florida Keys,Natural colony,8,10.090410958904117,0,3,1,2.625,0.5
NOAA_survey::EL2-t438,NOAA_survey,Florida Keys,Natural colony,1,0.701369863013699,1,0,0,3,0
NOAA_survey::EL2-t439,NOAA_survey,Florida Keys,Natural colony,3,3.049315068493153,0,2,1,3.6666666666666665,0.6666666666666666
NOAA_survey::EL2-t440,NOAA_survey,Florida Keys,Natural colony,3,3.049315068493153,0,2,1,3.6666666666666665,0.6666666666666666
NOAA_survey::EL2-t452,NOAA_survey,Florida Keys,Natural colony,1,1.07397260273973,1,0,0,3,0
NOAA_survey::EL2-t453,NOAA_survey,Florida Keys,Natural colony,2,2.021917808219182,1,1,1,3,0
NOAA_survey::EL2-t485,NOAA_survey,Florida Keys,Natural colony,1,1.676712328767124,1,0,0,2,0
NOAA_survey::EL2-t485,NOAA_survey,Florida Keys,Restoration fragment,1,1.01095890410959,0,1,1,2,0
NOAA_survey::EL2-t486,NOAA_survey,Florida Keys,Natural colony,5,6.726027397260278,0,1,1,2,0.4
NOAA_survey::EL2-t487,NOAA_survey,Florida Keys,Natural colony,1,1.676712328767124,1,0,0,2,0
NOAA_survey::EL2-t487,NOAA_survey,Florida Keys,Restoration fragment,1,1.01095890410959,0,1,1,2,0
NOAA_survey::EL2-t488,NOAA_survey,Florida Keys,Natural colony,3,5.068493150684937,1,2,1,2.3333333333333335,0.3333333333333333
NOAA_survey::EL2-t767,NOAA_survey,Florida Keys,Natural colony,2,4.057534246575346,1,1,1,2.5,0.5
NOAA_survey::EL2-t768,NOAA_survey,Florida Keys,Natural colony,4,5.715068493150689,0,0,0,2,0.5
NOAA_survey::EL2-t769,NOAA_survey,Florida Keys,Natural colony,2,4.057534246575346,0,0,0,2.5,0.5
NOAA_survey::EL2-t913,NOAA_survey,Florida Keys,Natural colony,17,18.917808219178088,0,8,1,2.4705882352941178,0.35294117647058826
NOAA_survey::EL2-t980,NOAA_survey,Florida Keys,Natural colony,4,3.682191780821916,1,0,0,2.5,0
NOAA_survey::EL3-t075,NOAA_survey,Florida Keys,Natural colony,4,4.115068493150678,1,3,1,2.75,0.5
NOAA_survey::EL3-t076,NOAA_survey,Florida Keys,Natural colony,11,10.85479452054793,0,6,1,2.727272727272727,0.36363636363636365
NOAA_survey::EL3-t077,NOAA_survey,Florida Keys,Natural colony,16,18.25479452054792,0,6,1,2.8125,0.4375
NOAA_survey::EL3-t078,NOAA_survey,Florida Keys,Natural colony,11,10.85479452054793,1,3,1,2.727272727272727,0.36363636363636365
NOAA_survey::EL3-t079,NOAA_survey,Florida Keys,Natural colony,13,12.80273972602738,0,9,1,2.923076923076923,0.46153846153846156
NOAA_survey::EL3-t080,NOAA_survey,Florida Keys,Natural colony,1,1.07671232876712,1,0,0,4,1
NOAA_survey::EL3-t081,NOAA_survey,Florida Keys,Natural colony,4,4.115068493150678,0,3,1,2.75,0.5
NOAA_survey::EL3-t082,NOAA_survey,Florida Keys,Natural colony,2,1.8438356164383531,1,1,1,3.5,1
NOAA_survey::EL3-t083,NOAA_survey,Florida Keys,Natural colony,17,19.33698630136984,1,7,1,2.764705882352941,0.47058823529411764
NOAA_survey::EL3-t084,NOAA_survey,Florida Keys,Natural colony,4,4.115068493150678,0,2,1,2.75,0.5
NOAA_survey::EL3-t085,NOAA_survey,Florida Keys,Natural colony,1,0.832876712328767,1,0,0,4,1
NOAA_survey::EL3-t086,NOAA_survey,Florida Keys,Natural colony,17,19.33698630136984,1,8,1,2.764705882352941,0.47058823529411764
NOAA_survey::EL3-t178,NOAA_survey,Florida Keys,Natural colony,1,1.06301369863014,1,0,0,4,1
NOAA_survey::EL3-t179,NOAA_survey,Florida Keys,Natural colony,1,1.06301369863014,1,0,0,4,1
NOAA_survey::EL3-t187,NOAA_survey,Florida Keys,Natural colony,5,7.013698630136992,1,2,1,2.6,0.6
NOAA_survey::EL3-t421,NOAA_survey,Florida Keys,Natural colony,1,0.695890410958904,1,0,0,3,0
NOAA_survey::EL3-t422,NOAA_survey,Florida Keys,Natural colony,6,7.997260273972611,1,4,1,2.6666666666666665,0.5
NOAA_survey::EL3-t423,NOAA_survey,Florida Keys,Natural colony,1,0.983561643835616,0,0,0,3,0
NOAA_survey::EL3-t432,NOAA_survey,Florida Keys,Natural colony,2,1.758904109589038,1,1,1,3,0
NOAA_survey::EL3-t433,NOAA_survey,Florida Keys,Natural colony,2,1.758904109589038,1,1,1,3,0
NOAA_survey::EL3-t434,NOAA_survey,Florida Keys,Natural colony,1,1.01643835616438,0,0,0,3,0
NOAA_survey::EL3-t451,NOAA_survey,Florida Keys,Natural colony,2,2.032876712328769,0,2,1,2.5,0
NOAA_survey::EL3-t770,NOAA_survey,Florida Keys,Natural colony,1,0.663013698630137,1,0,0,2,0
NOAA_survey::EL3-t911,NOAA_survey,Florida Keys,Natural colony,16,18.153424657534245,1,4,1,2.5625,0.375
NOAA_survey::EL3-t930,NOAA_survey,Florida Keys,Natural colony,4,4.035616438356162,0,0,0,2.5,0
NOAA_survey::EL3-t932,NOAA_survey,Florida Keys,Natural colony,4,4.035616438356162,0,2,1,2.5,0
NOAA_survey::EL3-t933,NOAA_survey,Florida Keys,Natural colony,11,13.35068493150685,1,5,1,2.727272727272727,0.36363636363636365
NOAA_survey::EL3-t934,NOAA_survey,Florida Keys,Natural colony,2,1.728767123287671,1,1,1,2,0
NOAA_survey::EL4-t153,NOAA_survey,Florida Keys,Natural colony,16,19.386301369863006,0,6,1,2.75,0.4375
NOAA_survey::EL4-t154,NOAA_survey,Florida Keys,Natural colony,13,13.120547945205477,0,6,1,2.923076923076923,0.46153846153846156
NOAA_survey::EL4-t155,NOAA_survey,Florida Keys,Natural colony,1,1.05205479452055,0,0,0,4,1
NOAA_survey::EL4-t156,NOAA_survey,Florida Keys,Natural colony,1,1.05205479452055,0,0,0,4,1
NOAA_survey::EL4-t157,NOAA_survey,Florida Keys,Natural colony,1,1.05205479452055,0,0,0,4,1
NOAA_survey::EL4-t158,NOAA_survey,Florida Keys,Natural colony,16,19.386301369863006,0,4,1,2.75,0.4375
NOAA_survey::EL4-t159,NOAA_survey,Florida Keys,Natural colony,4,4.032876712328773,0,3,1,2.75,0.5
NOAA_survey::EL4-t160,NOAA_survey,Florida Keys,Natural colony,8,8.013698630136986,0,1,1,2.625,0.5
NOAA_survey::EL4-t161,NOAA_survey,Florida Keys,Natural colony,1,1.05205479452055,0,1,1,4,1
NOAA_survey::EL4-t162,NOAA_survey,Florida Keys,Natural colony,3,3.106849315068499,0,2,1,3,0.6666666666666666
NOAA_survey::EL4-t163,NOAA_survey,Florida Keys,Restoration fragment,1,1.05205479452055,0,1,1,4,1
NOAA_survey::EL4-t164,NOAA_survey,Florida Keys,Natural colony,5,5.060273972602743,0,4,1,2.8,0.6
NOAA_survey::EL4-t165,NOAA_survey,Florida Keys,Natural colony,10,9.73698630136986,1,5,1,2.7,0.4
NOAA_survey::EL4-t166,NOAA_survey,Florida Keys,Natural colony,1,1.05205479452055,0,0,0,4,1
NOAA_survey::EL4-t167,NOAA_survey,Florida Keys,Natural colony,1,1.05205479452055,0,0,0,4,1
NOAA_survey::EL4-t168,NOAA_survey,Florida Keys,Natural colony,16,19.386301369863006,0,4,1,2.75,0.4375
NOAA_survey::EL4-t169,NOAA_survey,Florida Keys,Natural colony,1,1.05205479452055,0,1,1,4,1
NOAA_survey::EL4-t207,NOAA_survey,Florida Keys,Natural colony,1,0.654794520547945,1,0,0,2,0
NOAA_survey::EL4-t210,NOAA_survey,Florida Keys,Natural colony,3,5.06849315068493,1,2,1,2.3333333333333335,0.3333333333333333
NOAA_survey::EL4-t416,NOAA_survey,Florida Keys,Natural colony,2,2.01369863013699,0,1,1,3,0
NOAA_survey::EL4-t417,NOAA_survey,Florida Keys,Natural colony,3,3.01369863013699,1,1,1,2.6666666666666665,0
NOAA_survey::EL4-t418,NOAA_survey,Florida Keys,Natural colony,2,4.0602739726027455,1,1,1,3.5,0.5
NOAA_survey::EL4-t418,NOAA_survey,Florida Keys,Restoration fragment,2,2.01369863013699,0,2,1,3,0
NOAA_survey::EL4-t419,NOAA_survey,Florida Keys,Natural colony,1,0.695890410958904,1,0,0,3,0
NOAA_survey::EL4-t420,NOAA_survey,Florida Keys,Natural colony,2,2.01369863013699,0,1,1,3,0
NOAA_survey::EL4-t489,NOAA_survey,Florida Keys,Natural colony,2,1.673972602739722,1,1,1,2,0
NOAA_survey::EL4-t772,NOAA_survey,Florida Keys,Natural colony,2,4.03287671232877,0,0,0,2.5,0.5
NOAA_survey::EL4-t922,NOAA_survey,Florida Keys,Natural colony,8,8.043835616438352,1,3,1,2.375,0.25
NOAA_survey::EL4-t935,NOAA_survey,Florida Keys,Natural colony,7,7.084931506849308,0,5,1,3,0.2857142857142857
NOAA_survey::EL4-t936,NOAA_survey,Florida Keys,Natural colony,2,3.016438356164379,0,2,1,2.5,0
NOAA_survey::EL4-t936,NOAA_survey,Florida Keys,Restoration fragment,1,1.02739726027397,0,1,1,2,0
NOAA_survey::EL4-t937,NOAA_survey,Florida Keys,Natural colony,3,2.726027397260271,1,1,1,2,0
NOAA_survey::EL5-t170,NOAA_survey,Florida Keys,Natural colony,2,2.013698630136989,0,1,1,3.5,1
NOAA_survey::EL5-t171,NOAA_survey,Florida Keys,Natural colony,1,1.05205479452055,0,0,0,4,1
NOAA_survey::EL5-t172,NOAA_survey,Florida Keys,Natural colony,1,1.05205479452055,0,0,0,4,1
NOAA_survey::EL5-t173,NOAA_survey,Florida Keys,Natural colony,1,1.05205479452055,0,0,0,4,1
NOAA_survey::EL5-t174,NOAA_survey,Florida Keys,Natural colony,2,1.693150684931509,1,0,0,3.5,1
NOAA_survey::EL5-t175,NOAA_survey,Florida Keys,Natural colony,1,1.05205479452055,0,0,0,4,1
NOAA_survey::EL5-t176,NOAA_survey,Florida Keys,Natural colony,1,1.05205479452055,0,0,0,4,1
NOAA_survey::EL5-t177,NOAA_survey,Florida Keys,Natural colony,12,12.120547945205477,0,9,1,2.8333333333333335,0.4166666666666667
NOAA_survey::EL5-t180,NOAA_survey,Florida Keys,Natural colony,13,13.120547945205477,0,6,1,2.923076923076923,0.46153846153846156
NOAA_survey::EL5-t181,NOAA_survey,Florida Keys,Natural colony,1,1.05205479452055,0,0,0,4,1
NOAA_survey::EL5-t182,NOAA_survey,Florida Keys,Natural colony,1,1.05205479452055,0,0,0,4,1
NOAA_survey::EL5-t183,NOAA_survey,Florida Keys,Natural colony,12,11.830136986301365,1,2,1,2.75,0.3333333333333333
NOAA_survey::EL5-t189,NOAA_survey,Florida Keys,Natural colony,1,0.747945205479452,1,0,0,4,1
NOAA_survey::EL5-t460,NOAA_survey,Florida Keys,Natural colony,3,5.0602739726027455,1,1,1,3.3333333333333335,0.3333333333333333
NOAA_survey::EL5-t460,NOAA_survey,Florida Keys,Restoration fragment,2,3.01369863013699,0,2,1,2.5,0
NOAA_survey::EL5-t462,NOAA_survey,Florida Keys,Restoration fragment,1,1,0,1,1,2,0
NOAA_survey::EL5-t939,NOAA_survey,Florida Keys,Natural colony,1,1.731506849315066,1,0,0,2,0
NOAA_survey::EL5-t939,NOAA_survey,Florida Keys,Restoration fragment,1,1.02739726027397,0,1,1,2,0
NOAA_survey::EL5-t940,NOAA_survey,Florida Keys,Natural colony,1,1.978082191780819,0,0,0,2,0
NOAA_survey::EL5-t940,NOAA_survey,Florida Keys,Restoration fragment,1,1.02739726027397,0,0,0,2,0
NOAA_survey::FR1-t001,NOAA_survey,Florida Keys,Natural colony,5,5.180821917808224,0,3,1,2.8,0.6
NOAA_survey::FR1-t002,NOAA_survey,Florida Keys,Natural colony,16,18.871232876712337,0,7,1,2.6875,0.4375
NOAA_survey::FR1-t003,NOAA_survey,Florida Keys,Natural colony,13,12.835616438356176,0,5,1,2.8461538461538463,0.46153846153846156
NOAA_survey::FR1-t004,NOAA_survey,Florida Keys,Natural colony,13,12.835616438356176,0,8,1,2.8461538461538463,0.46153846153846156
NOAA_survey::FR1-t005,NOAA_survey,Florida Keys,Natural colony,13,12.835616438356176,0,4,1,2.8461538461538463,0.46153846153846156
NOAA_survey::FR1-t006,NOAA_survey,Florida Keys,Natural colony,14,14.178082191780836,0,5,1,2.7857142857142856,0.42857142857142855
NOAA_survey::FR1-t007,NOAA_survey,Florida Keys,Natural colony,13,12.835616438356176,0,6,1,2.8461538461538463,0.46153846153846156
NOAA_survey::FR1-t008,NOAA_survey,Florida Keys,Natural colony,13,12.835616438356176,0,8,1,2.8461538461538463,0.46153846153846156
NOAA_survey::FR1-t009,NOAA_survey,Florida Keys,Natural colony,16,18.871232876712337,0,9,1,2.6875,0.4375
NOAA_survey::FR1-t010,NOAA_survey,Florida Keys,Natural colony,12,11.934246575342478,1,6,1,2.75,0.4166666666666667
NOAA_survey::FR1-t011,NOAA_survey,Florida Keys,Natural colony,8,7.810958904109594,1,1,1,2.625,0.5
NOAA_survey::FR1-t012,NOAA_survey,Florida Keys,Natural colony,2,2.11506849315069,0,1,1,3.5,1
NOAA_survey::FR1-t145,NOAA_survey,Florida Keys,Natural colony,2,4.027397260273968,1,1,1,2.5,1
NOAA_survey::FR1-t199,NOAA_survey,Florida Keys,Natural colony,5,7.136986301369859,1,3,1,2.6,0.6
NOAA_survey::FR1-t200,NOAA_survey,Florida Keys,Natural colony,1,1.0958904109589,1,0,0,4,1
NOAA_survey::FR1-t773,NOAA_survey,Florida Keys,Natural colony,1,0.958904109589041,0,0,0,2,0
NOAA_survey::FR1-t774,NOAA_survey,Florida Keys,Natural colony,3,4.98630136986301,1,0,0,2.3333333333333335,0.6666666666666666
NOAA_survey::FR1-t775,NOAA_survey,Florida Keys,Natural colony,3,4.98630136986301,1,1,1,2.3333333333333335,0.6666666666666666
NOAA_survey::FR1-t776,NOAA_survey,Florida Keys,Natural colony,3,4.98630136986301,1,0,0,2.3333333333333335,0.6666666666666666
NOAA_survey::FR1-t860,NOAA_survey,Florida Keys,Natural colony,3,3.035616438356164,0,2,1,3,0
NOAA_survey::FR1-t861,NOAA_survey,Florida Keys,Natural colony,6,6.156164383561644,1,1,1,3,0.16666666666666666
NOAA_survey::FR1-t923,NOAA_survey,Florida Keys,Natural colony,1,1.05479452054795,1,0,0,2,0
NOAA_survey::FR1-t924,NOAA_survey,Florida Keys,Natural colony,4,6.041095890410959,1,2,1,2.25,0.5
NOAA_survey::FR1-t925,NOAA_survey,Florida Keys,Natural colony,4,6.041095890410959,1,1,1,2.25,0.5
NOAA_survey::FR1-t926,NOAA_survey,Florida Keys,Natural colony,4,6.041095890410959,1,1,1,2.25,0.5
NOAA_survey::FR1-t927,NOAA_survey,Florida Keys,Natural colony,1,0.616438356164384,1,0,0,2,0
NOAA_survey::FR1-t928,NOAA_survey,Florida Keys,Natural colony,4,6.041095890410959,1,2,1,2.25,0.5
NOAA_survey::FR1-t929,NOAA_survey,Florida Keys,Natural colony,3,5.079452054794521,0,0,0,2.3333333333333335,0.3333333333333333
NOAA_survey::FR1-t975,NOAA_survey,Florida Keys,Natural colony,2,1.6465753424657539,1,0,0,2,0
NOAA_survey::FR1-t976,NOAA_survey,Florida Keys,Natural colony,7,7.016438356164377,0,3,1,3,0.2857142857142857
NOAA_survey::FR2-t201,NOAA_survey,Florida Keys,Natural colony,1,1.0958904109589,1,0,0,4,1
NOAA_survey::FR2-t236,NOAA_survey,Florida Keys,Natural colony,9,11.49863013698629,1,2,1,2.888888888888889,0.3333333333333333
NOAA_survey::FR2-t250,NOAA_survey,Florida Keys,Natural colony,10,10.087671232876701,1,3,1,2.9,0.3
NOAA_survey::FR2-t251,NOAA_survey,Florida Keys,Natural colony,11,11.142465753424652,1,3,1,2.8181818181818183,0.2727272727272727
NOAA_survey::FR2-t252,NOAA_survey,Florida Keys,Natural colony,3,3.0739726027397203,0,1,1,3,0.6666666666666666
NOAA_survey::FR2-t254,NOAA_survey,Florida Keys,Natural colony,1,2.0082191780821903,1,0,0,3,1
NOAA_survey::FR2-t254,NOAA_survey,Florida Keys,Restoration fragment,1,1.0027397260274,0,0,0,2,0
NOAA_survey::FR2-t255,NOAA_survey,Florida Keys,Natural colony,14,16.12876712328766,1,6,1,2.7142857142857144,0.35714285714285715
NOAA_survey::FR2-t256,NOAA_survey,Florida Keys,Natural colony,11,10.704109589041085,1,3,1,2.8181818181818183,0.2727272727272727
NOAA_survey::FR2-t257,NOAA_survey,Florida Keys,Natural colony,7,7.035616438356158,1,3,1,2.7142857142857144,0.2857142857142857
NOAA_survey::FR2-t258,NOAA_survey,Florida Keys,Natural colony,10,10.087671232876701,1,4,1,2.9,0.3
NOAA_survey::FR2-t259,NOAA_survey,Florida Keys,Natural colony,11,10.704109589041085,1,5,1,2.8181818181818183,0.2727272727272727
NOAA_survey::FR2-t260,NOAA_survey,Florida Keys,Natural colony,14,16.12876712328766,1,3,1,2.7142857142857144,0.35714285714285715
NOAA_survey::FR2-t261,NOAA_survey,Florida Keys,Natural colony,10,10.087671232876701,1,4,1,2.9,0.3
NOAA_survey::FR2-t262,NOAA_survey,Florida Keys,Natural colony,7,7.035616438356158,0,3,1,2.7142857142857144,0.2857142857142857
NOAA_survey::FR2-t447,NOAA_survey,Florida Keys,Natural colony,3,3.027397260273971,0,1,1,3.6666666666666665,0.6666666666666666
NOAA_survey::FR2-t470,NOAA_survey,Florida Keys,Natural colony,2,2.06575342465753,1,2,1,3.5,0.5
NOAA_survey::FR2-t982,NOAA_survey,Florida Keys,Natural colony,5,4.621917808219176,1,0,0,2.6,0
NOAA_survey::FR2-t983,NOAA_survey,Florida Keys,Natural colony,4,6.041095890410959,1,1,1,2.25,0.5
NOAA_survey::FR2-t984,NOAA_survey,Florida Keys,Natural colony,3,5.079452054794521,1,1,1,2.3333333333333335,0.3333333333333333
NOAA_survey::FR2-t985,NOAA_survey,Florida Keys,Natural colony,1,1.05479452054795,1,0,0,2,0
NOAA_survey::FR3-t202,NOAA_survey,Florida Keys,Natural colony,1,1.04109589041096,1,0,0,4,1
NOAA_survey::FR3-t203,NOAA_survey,Florida Keys,Natural colony,2,1.712328767123289,1,0,0,3,0.5
NOAA_survey::FR3-t407,NOAA_survey,Florida Keys,Natural colony,1,0.693150684931507,1,0,0,3,0
NOAA_survey::FR3-t444,NOAA_survey,Florida Keys,Natural colony,6,8.452054794520542,1,1,1,3,0.5
NOAA_survey::FR3-t445,NOAA_survey,Florida Keys,Natural colony,1,0.69041095890411,1,0,0,3,0
NOAA_survey::FR3-t446,NOAA_survey,Florida Keys,Natural colony,6,8.452054794520542,1,3,1,3,0.5
NOAA_survey::FR3-t472,NOAA_survey,Florida Keys,Natural colony,2,1.671232876712329,1,0,0,3.5,0.5
NOAA_survey::FR3-t474,NOAA_survey,Florida Keys,Natural colony,3,2.6684931506849328,1,1,1,3,0.3333333333333333
NOAA_survey::FR3-t490,NOAA_survey,Florida Keys,Natural colony,1,1.10958904109589,1,0,0,2,0
NOAA_survey::FR3-t491,NOAA_survey,Florida Keys,Natural colony,3,5.134246575342461,1,2,1,2.3333333333333335,0.3333333333333333
NOAA_survey::FR3-t786,NOAA_survey,Florida Keys,Natural colony,1,3.44657534246575,1,0,0,3,1
NOAA_survey::FR3-t815,NOAA_survey,Florida Keys,Natural colony,2,2.087671232876712,1,1,1,2,0
NOAA_survey::FR3-t816,NOAA_survey,Florida Keys,Natural colony,3,2.775342465753424,1,0,0,2,0
NOAA_survey::FR3-t817,NOAA_survey,Florida Keys,Natural colony,2,2.087671232876712,1,1,1,2,0
NOAA_survey::FR3-t818,NOAA_survey,Florida Keys,Natural colony,7,7.131506849315075,1,2,1,2.857142857142857,0.14285714285714285
NOAA_survey::FR3-t819,NOAA_survey,Florida Keys,Natural colony,2,2.087671232876712,1,1,1,2,0
NOAA_survey::FR3-t820,NOAA_survey,Florida Keys,Natural colony,7,7.131506849315075,1,5,1,2.857142857142857,0.14285714285714285
NOAA_survey::FR3-t821,NOAA_survey,Florida Keys,Natural colony,2,2.087671232876712,1,0,0,2,0
NOAA_survey::FR3-t822,NOAA_survey,Florida Keys,Natural colony,5,4.805479452054801,1,2,1,2.6,0
NOAA_survey::FR3-t824,NOAA_survey,Florida Keys,Natural colony,7,7.131506849315075,1,3,1,2.857142857142857,0.14285714285714285
NOAA_survey::FR3-t825,NOAA_survey,Florida Keys,Natural colony,10,12.265753424657532,1,4,1,2.7,0.2
NOAA_survey::FR3-t826,NOAA_survey,Florida Keys,Natural colony,2,2.087671232876712,1,0,0,2,0
NOAA_survey::FR3-t862,NOAA_survey,Florida Keys,Natural colony,8,10.178082191780822,1,5,1,2.875,0.25
NOAA_survey::FR3-t863,NOAA_survey,Florida Keys,Natural colony,3,3.04657534246576,0,3,1,3,0
NOAA_survey::FR3-t864,NOAA_survey,Florida Keys,Natural colony,3,3.04657534246576,1,1,1,3,0
NOAA_survey::FR3-t865,NOAA_survey,Florida Keys,Natural colony,2,2.04657534246576,1,0,0,3,0
NOAA_survey::FR3-t866,NOAA_survey,Florida Keys,Natural colony,8,10.178082191780822,1,3,1,2.875,0.25
NOAA_survey::FR4-t780,NOAA_survey,Florida Keys,Natural colony,1,3.44657534246575,1,0,0,3,1
NOAA_survey::FR4-t781,NOAA_survey,Florida Keys,Natural colony,1,3.44657534246575,1,0,0,3,1
NOAA_survey::FR4-t782,NOAA_survey,Florida Keys,Natural colony,1,3.44657534246575,0,0,0,3,1
NOAA_survey::FR4-t783,NOAA_survey,Florida Keys,Natural colony,1,3.44657534246575,0,0,0,3,1
NOAA_survey::FR4-t784,NOAA_survey,Florida Keys,Natural colony,1,3.44657534246575,0,0,0,3,1
NOAA_survey::FR4-t787,NOAA_survey,Florida Keys,Natural colony,1,3.44657534246575,0,0,0,3,1
NOAA_survey::FR4-t788,NOAA_survey,Florida Keys,Natural colony,1,3.44657534246575,0,0,0,3,1
NOAA_survey::FR4-t789,NOAA_survey,Florida Keys,Natural colony,1,3.44657534246575,0,0,0,3,1
NOAA_survey::FR4-t790,NOAA_survey,Florida Keys,Natural colony,1,3.44657534246575,0,0,0,3,1
NOAA_survey::FR4-t791,NOAA_survey,Florida Keys,Natural colony,1,3.44657534246575,0,0,0,3,1
NOAA_survey::FR4-t792,NOAA_survey,Florida Keys,Natural colony,1,3.44657534246575,0,0,0,3,1
NOAA_survey::FR4-t793,NOAA_survey,Florida Keys,Natural colony,1,3.44657534246575,0,0,0,3,1
NOAA_survey::GR1-t209,NOAA_survey,Florida Keys,Natural colony,2,4.123287671232871,1,0,0,2.5,1
NOAA_survey::GR1-t413,NOAA_survey,Florida Keys,Natural colony,1,0.947945205479452,0,1,1,3,0
NOAA_survey::GR1-t448,NOAA_survey,Florida Keys,Natural colony,1,0.761643835616438,1,0,0,3,0
NOAA_survey::GR1-t463,NOAA_survey,Florida Keys,Natural colony,2,2.049315068493152,0,0,0,3,0
NOAA_survey::GR1-t469,NOAA_survey,Florida Keys,Natural colony,6,8.191780821917806,1,2,1,2.8333333333333335,0.6666666666666666
NOAA_survey::GR1-t827,NOAA_survey,Florida Keys,Natural colony,5,4.528767123287674,1,0,0,2.6,0
NOAA_survey::GR1-t828,NOAA_survey,Florida Keys,Natural colony,5,4.528767123287674,1,2,1,2.6,0
NOAA_survey::GR1-t829,NOAA_survey,Florida Keys,Natural colony,2,2.07123287671233,1,1,1,2,0
NOAA_survey::GR1-t830,NOAA_survey,Florida Keys,Natural colony,5,4.528767123287674,1,3,1,2.6,0
NOAA_survey::GR1-t831,NOAA_survey,Florida Keys,Natural colony,2,2.07123287671233,1,0,0,2,0
NOAA_survey::GR1-t832,NOAA_survey,Florida Keys,Natural colony,5,4.528767123287674,1,3,1,2.6,0
NOAA_survey::GR1-t833,NOAA_survey,Florida Keys,Natural colony,5,4.528767123287674,1,2,1,2.6,0
NOAA_survey::GR1-t834,NOAA_survey,Florida Keys,Natural colony,2,2.07123287671233,1,1,1,2,0
NOAA_survey::GR1-t835,NOAA_survey,Florida Keys,Natural colony,5,4.528767123287674,1,1,1,2.6,0
NOAA_survey::GR1-t836,NOAA_survey,Florida Keys,Natural colony,5,4.528767123287674,1,2,1,2.6,0
NOAA_survey::GR1-t837,NOAA_survey,Florida Keys,Natural colony,2,2.07123287671233,0,0,0,2,0
NOAA_survey::GR1-t838,NOAA_survey,Florida Keys,Natural colony,2,2.07123287671233,1,0,0,2,0
NOAA_survey::GR1-t889,NOAA_survey,Florida Keys,Natural colony,1,2.049315068493152,1,1,1,3,0
NOAA_survey::GR1-t889,NOAA_survey,Florida Keys,Restoration fragment,1,1.1013698630137,0,0,0,3,0
NOAA_survey::GR1-t890,NOAA_survey,Florida Keys,Natural colony,2,2.049315068493152,0,0,0,3,0
NOAA_survey::GR1-t891,NOAA_survey,Florida Keys,Restoration fragment,2,2.049315068493152,0,1,1,3,0
NOAA_survey::GR2-t415,NOAA_survey,Florida Keys,Natural colony,1,0.928767123287671,0,1,1,3,0
NOAA_survey::GR2-t429,NOAA_survey,Florida Keys,Natural colony,1,1.03013698630137,0,1,1,3,0
NOAA_survey::GR2-t430,NOAA_survey,Florida Keys,Natural colony,1,1.03013698630137,0,1,1,3,0
NOAA_survey::GR2-t431,NOAA_survey,Florida Keys,Natural colony,1,1.03013698630137,0,0,0,3,0
NOAA_survey::GR2-t467,NOAA_survey,Florida Keys,Natural colony,2,2.06575342465753,1,0,0,3.5,0.5
NOAA_survey::GR2-t839,NOAA_survey,Florida Keys,Natural colony,4,3.767123287671238,1,1,1,2.5,0
NOAA_survey::GR2-t840,NOAA_survey,Florida Keys,Natural colony,6,5.5452054794520595,1,3,1,2.6666666666666665,0
NOAA_survey::GR2-t841,NOAA_survey,Florida Keys,Natural colony,6,5.5452054794520595,1,3,1,2.6666666666666665,0
NOAA_survey::GR2-t842,NOAA_survey,Florida Keys,Natural colony,2,2.087671232876714,1,0,0,2,0
NOAA_survey::GR2-t843,NOAA_survey,Florida Keys,Natural colony,1,1.1013698630137,0,0,0,2,0
NOAA_survey::GR2-t844,NOAA_survey,Florida Keys,Natural colony,6,5.5452054794520595,1,3,1,2.6666666666666665,0
NOAA_survey::GR2-t845,NOAA_survey,Florida Keys,Natural colony,2,2.087671232876714,1,0,0,2,0
NOAA_survey::GR2-t846,NOAA_survey,Florida Keys,Natural colony,6,6.076712328767128,1,3,1,2.6666666666666665,0
NOAA_survey::GR2-t847,NOAA_survey,Florida Keys,Natural colony,7,6.868493150684936,1,4,1,2.857142857142857,0.14285714285714285
NOAA_survey::GR2-t848,NOAA_survey,Florida Keys,Natural colony,1,1.1013698630137,0,1,1,2,0
NOAA_survey::GR2-t849,NOAA_survey,Florida Keys,Natural colony,1,1.1013698630137,0,0,0,2,0
NOAA_survey::GR2-t850,NOAA_survey,Florida Keys,Natural colony,5,5.106849315068498,1,2,1,2.6,0
NOAA_survey::GR2-t884,NOAA_survey,Florida Keys,Natural colony,2,2.052054794520551,1,2,1,3,0
NOAA_survey::GR2-t885,NOAA_survey,Florida Keys,Natural colony,3,3.019178082191784,0,2,1,3,0
NOAA_survey::GR2-t886,NOAA_survey,Florida Keys,Natural colony,2,3.019178082191784,1,1,1,3,0
NOAA_survey::GR2-t886,NOAA_survey,Florida Keys,Restoration fragment,1,1.12328767123288,0,0,0,3,0
NOAA_survey::GR3-t196,NOAA_survey,Florida Keys,Natural colony,1,1.09315068493151,1,0,0,4,1
NOAA_survey::GR3-t197,NOAA_survey,Florida Keys,Natural colony,1,1.09315068493151,1,0,0,4,1
NOAA_survey::GR3-t198,NOAA_survey,Florida Keys,Natural colony,1,1.09315068493151,1,0,0,4,1
NOAA_survey::GR3-t397,NOAA_survey,Florida Keys,Natural colony,7,6.734246575342473,1,3,1,2.857142857142857,0.14285714285714285
NOAA_survey::GR3-t398,NOAA_survey,Florida Keys,Natural colony,8,10.227397260273975,1,6,1,2.875,0.25
NOAA_survey::GR3-t412,NOAA_survey,Florida Keys,Natural colony,4,3.997260273972606,1,1,1,3.25,0.25
NOAA_survey::GR3-t468,NOAA_survey,Florida Keys,Natural colony,6,7.830136986301373,0,3,1,2.6666666666666665,0.5
NOAA_survey::GR3-t870,NOAA_survey,Florida Keys,Natural colony,6,6.068493150684934,1,4,1,3,0.16666666666666666
NOAA_survey::GR3-t871,NOAA_survey,Florida Keys,Natural colony,4,4.005479452054794,0,2,1,2.75,0
NOAA_survey::GR3-t872,NOAA_survey,Florida Keys,Natural colony,4,4.005479452054794,0,1,1,2.75,0
NOAA_survey::GR3-t873,NOAA_survey,Florida Keys,Natural colony,4,4.005479452054794,0,2,1,2.75,0
NOAA_survey::GR3-t874,NOAA_survey,Florida Keys,Natural colony,6,6.068493150684934,1,1,1,3,0.16666666666666666
NOAA_survey::GR3-t875,NOAA_survey,Florida Keys,Natural colony,3,3.01917808219178,0,2,1,2.6666666666666665,0
NOAA_survey::GR3-t876,NOAA_survey,Florida Keys,Natural colony,6,6.068493150684934,1,4,1,3,0.16666666666666666
NOAA_survey::GR3-t877,NOAA_survey,Florida Keys,Natural colony,6,6.068493150684934,1,4,1,3,0.16666666666666666
NOAA_survey::GR3-t878,NOAA_survey,Florida Keys,Natural colony,1,0.991780821917808,1,0,0,2,0
NOAA_survey::GR3-t879,NOAA_survey,Florida Keys,Restoration fragment,1,0.991780821917808,0,0,0,2,0
NOAA_survey::GR3-t880,NOAA_survey,Florida Keys,Natural colony,1,0.991780821917808,1,0,0,2,0
NOAA_survey::GR3-t881,NOAA_survey,Florida Keys,Natural colony,10,11.835616438356174,0,7,1,2.7,0.3
NOAA_survey::GR3-t901,NOAA_survey,Florida Keys,Natural colony,2,2.005479452054799,1,1,1,2,0
NOAA_survey::KL1-t037,NOAA_survey,Florida Keys,Natural colony,2,2.04931506849315,1,1,1,3,0
NOAA_survey::KL1-t100,NOAA_survey,Florida Keys,Natural colony,2,2.04931506849315,1,1,1,3,0
NOAA_survey::KL1-t101,NOAA_survey,Florida Keys,Natural colony,2,1.84109589041096,1,1,1,3.5,1
NOAA_survey::KL1-t102,NOAA_survey,Florida Keys,Natural colony,4,4.128767123287672,0,4,1,2.75,0.5
NOAA_survey::KL1-t103,NOAA_survey,Florida Keys,Natural colony,4,4.128767123287672,0,3,1,2.75,0.5
NOAA_survey::KL1-t104,NOAA_survey,Florida Keys,Natural colony,11,10.895890410958904,1,6,1,2.727272727272727,0.36363636363636365
NOAA_survey::KL1-t105,NOAA_survey,Florida Keys,Natural colony,11,10.895890410958904,0,6,1,2.727272727272727,0.36363636363636365
NOAA_survey::KL1-t106,NOAA_survey,Florida Keys,Natural colony,11,10.895890410958904,0,8,1,2.727272727272727,0.36363636363636365
NOAA_survey::KL1-t107,NOAA_survey,Florida Keys,Natural colony,11,10.895890410958904,0,6,1,2.727272727272727,0.36363636363636365
NOAA_survey::KL1-t108,NOAA_survey,Florida Keys,Natural colony,12,11.909589041095893,1,5,1,2.8333333333333335,0.4166666666666667
NOAA_survey::KL1-t109,NOAA_survey,Florida Keys,Natural colony,10,9.819178082191783,0,5,1,2.7,0.4
NOAA_survey::KL1-t110,NOAA_survey,Florida Keys,Natural colony,16,18.95616438356165,1,8,1,2.75,0.4375
NOAA_survey::KL1-t111,NOAA_survey,Florida Keys,Natural colony,2,1.84109589041096,1,0,0,3.5,1
NOAA_survey::KL1-t112,NOAA_survey,Florida Keys,Natural colony,1,1.07123287671233,0,1,1,4,1
NOAA_survey::KL1-t113,NOAA_survey,Florida Keys,Natural colony,1,1.07123287671233,0,0,0,4,1
NOAA_survey::KL1-t239,NOAA_survey,Florida Keys,Natural colony,3,3.043835616438356,1,1,1,2.6666666666666665,0
NOAA_survey::KL1-t240,NOAA_survey,Florida Keys,Natural colony,1,0.994520547945206,1,0,0,2,0
NOAA_survey::KL1-t241,NOAA_survey,Florida Keys,Natural colony,1,0.994520547945206,1,0,0,2,0
NOAA_survey::KL1-t373,NOAA_survey,Florida Keys,Natural colony,1,2.04931506849315,1,1,1,3,0
NOAA_survey::KL1-t373,NOAA_survey,Florida Keys,Restoration fragment,1,1.01917808219178,0,0,0,3,0
NOAA_survey::KL1-t374,NOAA_survey,Florida Keys,Natural colony,3,3.0301369863013687,0,1,1,3,0
NOAA_survey::KL1-t375,NOAA_survey,Florida Keys,Natural colony,2,2.04931506849315,1,1,1,3,0
NOAA_survey::KL1-t388,NOAA_survey,Florida Keys,Natural colony,3,3.0301369863013687,1,1,1,3,0
NOAA_survey::KL1-t449,NOAA_survey,Florida Keys,Natural colony,1,0.715068493150685,1,0,0,3,0
NOAA_survey::KL1-t904,NOAA_survey,Florida Keys,Natural colony,6,5.794520547945209,1,2,1,2.3333333333333335,0.3333333333333333
NOAA_survey::KL2-t114,NOAA_survey,Florida Keys,Natural colony,2,1.84109589041096,1,0,0,3.5,1
NOAA_survey::KL2-t115,NOAA_survey,Florida Keys,Natural colony,1,0.53972602739726006,1,0,0,1,0
NOAA_survey::KL2-t116,NOAA_survey,Florida Keys,Natural colony,3,3.18082191780822,1,2,1,3,0.6666666666666666
NOAA_survey::KL2-t117,NOAA_survey,Florida Keys,Natural colony,2,1.84109589041096,1,1,1,3.5,1
NOAA_survey::KL2-t118,NOAA_survey,Florida Keys,Natural colony,1,1.07123287671233,0,1,1,4,1
NOAA_survey::KL2-t119,NOAA_survey,Florida Keys,Natural colony,2,1.84109589041096,1,0,0,3.5,1
NOAA_survey::KL2-t120,NOAA_survey,Florida Keys,Natural colony,2,1.84109589041096,1,1,1,3.5,1
NOAA_survey::KL2-t122,NOAA_survey,Florida Keys,Natural colony,1,0.53972602739726006,1,1,1,1,0
NOAA_survey::KL2-t123,NOAA_survey,Florida Keys,Natural colony,2,2.07945205479452,0,2,1,3.5,1
NOAA_survey::KL2-t124,NOAA_survey,Florida Keys,Natural colony,2,1.84109589041096,1,0,0,3.5,1
NOAA_survey::KL2-t125,NOAA_survey,Florida Keys,Natural colony,2,1.84109589041096,1,0,0,3.5,1
NOAA_survey::KL2-t905,NOAA_survey,Florida Keys,Natural colony,1,0.76986301369863,1,0,0,3,1
NOAA_survey::KL2-t906,NOAA_survey,Florida Keys,Natural colony,1,0.531506849315069,1,0,0,3,1
NOAA_survey::KL2-t907,NOAA_survey,Florida Keys,Natural colony,1,0.991780821917808,0,1,1,3,1
NOAA_survey::KL2-t908,NOAA_survey,Florida Keys,Natural colony,1,0.531506849315069,1,0,0,3,1
NOAA_survey::KL3-t215,NOAA_survey,Florida Keys,Natural colony,11,11.016438356164382,1,8,1,2.6363636363636362,0.2727272727272727
NOAA_survey::KL3-t216,NOAA_survey,Florida Keys,Natural colony,8,8.005479452054793,1,4,1,2.625,0.375
NOAA_survey::KL3-t217,NOAA_survey,Florida Keys,Natural colony,11,11.016438356164382,1,5,1,2.6363636363636362,0.2727272727272727
NOAA_survey::KL3-t219,NOAA_survey,Florida Keys,Natural colony,8,8.005479452054793,1,7,1,2.625,0.375
NOAA_survey::KL3-t220,NOAA_survey,Florida Keys,Natural colony,11,11.016438356164382,1,7,1,2.6363636363636362,0.2727272727272727
NOAA_survey::KL3-t222,NOAA_survey,Florida Keys,Natural colony,9,8.684931506849313,1,2,1,2.5555555555555554,0.3333333333333333
NOAA_survey::KL3-t223,NOAA_survey,Florida Keys,Natural colony,8,8.005479452054793,1,3,1,2.625,0.375
NOAA_survey::KL3-t224,NOAA_survey,Florida Keys,Natural colony,3,2.728767123287667,1,1,1,3,0.6666666666666666
NOAA_survey::KL3-t225,NOAA_survey,Florida Keys,Natural colony,1,1.12602739726027,1,0,0,4,1
NOAA_survey::KL3-t226,NOAA_survey,Florida Keys,Natural colony,1,0.857534246575342,1,0,0,4,1
NOAA_survey::KL3-t227,NOAA_survey,Florida Keys,Natural colony,4,4.0027397260273965,1,0,0,2.75,0.5
NOAA_survey::KL3-t372,NOAA_survey,Florida Keys,Natural colony,3,3.010958904109589,1,1,1,2.6666666666666665,0
NOAA_survey::KL3-t401,NOAA_survey,Florida Keys,Natural colony,2,2.010958904109589,0,1,1,3,0
NOAA_survey::KL3-t402,NOAA_survey,Florida Keys,Natural colony,2,2.010958904109589,0,0,0,3,0
NOAA_survey::KL3-t897,NOAA_survey,Florida Keys,Natural colony,3,3.010958904109589,0,0,0,2.6666666666666665,0
NOAA_survey::KL3-t898,NOAA_survey,Florida Keys,Natural colony,3,3.010958904109589,0,1,1,2.6666666666666665,0
NOAA_survey::KL3-t899,NOAA_survey,Florida Keys,Natural colony,5,5.1397260273972645,1,1,1,3,0.2
NOAA_survey::KL3-t909,NOAA_survey,Florida Keys,Natural colony,1,0.531506849315069,1,0,0,3,1
NOAA_survey::KL3-t910,NOAA_survey,Florida Keys,Natural colony,1,0.531506849315069,1,0,0,3,1
NOAA_survey::KL3-t966,NOAA_survey,Florida Keys,Natural colony,6,5.769863013698627,1,1,1,2.6666666666666665,0
NOAA_survey::KL3-t967,NOAA_survey,Florida Keys,Natural colony,2,1.969863013698626,1,0,0,2,0
NOAA_survey::KL3-t968,NOAA_survey,Florida Keys,Natural colony,7,6.657534246575339,1,1,1,3,0.2857142857142857
NOAA_survey::KL3-t969,NOAA_survey,Florida Keys,Natural colony,8,7.953424657534244,0,2,1,2.875,0.25
NOAA_survey::KL3-t970,NOAA_survey,Florida Keys,Natural colony,2,1.969863013698626,0,0,0,2,0
NOAA_survey::KL4-t244,NOAA_survey,Florida Keys,Natural colony,1,0.665753424657534,1,0,0,2,0
NOAA_survey::KL4-t245,NOAA_survey,Florida Keys,Natural colony,1,0.665753424657534,1,0,0,2,0
NOAA_survey::KL4-t851,NOAA_survey,Florida Keys,Natural colony,5,4.517808219178085,1,0,0,2.4,0
NOAA_survey::KL4-t852,NOAA_survey,Florida Keys,Natural colony,5,4.517808219178085,1,0,0,2.4,0
NOAA_survey::KL4-t853,NOAA_survey,Florida Keys,Natural colony,7,6.824657534246578,0,3,1,2.7142857142857144,0.14285714285714285
NOAA_survey::KL4-t854,NOAA_survey,Florida Keys,Natural colony,3,4.11232876712329,1,2,1,2.3333333333333335,0
NOAA_survey::KL4-t854,NOAA_survey,Florida Keys,Restoration fragment,1,3.08219178082192,0,1,1,2,0
NOAA_survey::KL4-t855,NOAA_survey,Florida Keys,Natural colony,4,4.11232876712329,1,1,1,2.25,0
NOAA_survey::KL4-t856,NOAA_survey,Florida Keys,Natural colony,5,4.517808219178085,1,2,1,2.4,0
NOAA_survey::KL4-t857,NOAA_survey,Florida Keys,Natural colony,1,2.08219178082192,1,0,0,2,0
NOAA_survey::KL4-t857,NOAA_survey,Florida Keys,Restoration fragment,1,1.06849315068493,0,0,0,2,0
NOAA_survey::KL4-t858,NOAA_survey,Florida Keys,Natural colony,5,4.517808219178085,1,1,1,2.4,0
NOAA_survey::KL4-t893,NOAA_survey,Florida Keys,Natural colony,4,5.1397260273972645,1,2,1,3.25,0.25
NOAA_survey::KL4-t893,NOAA_survey,Florida Keys,Restoration fragment,1,1,0,0,0,2,0
NOAA_survey::KL4-t894,NOAA_survey,Florida Keys,Natural colony,2,2.03013698630137,1,1,1,2.5,0
NOAA_survey::LB1-t201,NOAA_survey,Navassa,Natural colony,2,5.37808219178082,0,0,0,1.5,0
NOAA_survey::LB1-t202,NOAA_survey,Navassa,Natural colony,2,5.37808219178082,0,0,0,1.5,0
NOAA_survey::LB1-t204,NOAA_survey,Navassa,Natural colony,2,5.37808219178082,0,1,1,1.5,0
NOAA_survey::LB1-t205,NOAA_survey,Navassa,Natural colony,2,5.37808219178082,0,0,0,1.5,0
NOAA_survey::LB1-t206,NOAA_survey,Navassa,Natural colony,2,5.37808219178082,0,1,1,1.5,0
NOAA_survey::LB1-t208,NOAA_survey,Navassa,Natural colony,2,5.37808219178082,0,0,0,1.5,0
NOAA_survey::LB1-t210,NOAA_survey,Navassa,Natural colony,2,5.37808219178082,0,0,0,1.5,0
NOAA_survey::LB1-t212,NOAA_survey,Navassa,Natural colony,2,5.37808219178082,0,0,0,1.5,0
NOAA_survey::LB1-t214,NOAA_survey,Navassa,Natural colony,2,5.37808219178082,0,1,1,1.5,0
NOAA_survey::LB1-t217,NOAA_survey,Navassa,Natural colony,2,5.37808219178082,0,0,0,1.5,0
NOAA_survey::LB1-t222,NOAA_survey,Navassa,Natural colony,2,5.37808219178082,0,1,1,1.5,0
NOAA_survey::LB1-t230,NOAA_survey,Navassa,Natural colony,2,5.37808219178082,0,0,0,1.5,0
NOAA_survey::LB2-t233,NOAA_survey,Navassa,Natural colony,2,5.38082191780822,0,1,1,1.5,0
NOAA_survey::LB2-t236,NOAA_survey,Navassa,Natural colony,2,5.38082191780822,0,0,0,1.5,0
NOAA_survey::LB2-t238,NOAA_survey,Navassa,Natural colony,2,5.38082191780822,0,0,0,1.5,0
NOAA_survey::LB2-t239,NOAA_survey,Navassa,Natural colony,2,5.38082191780822,0,0,0,1.5,0
NOAA_survey::LB2-t240,NOAA_survey,Navassa,Natural colony,2,5.38082191780822,0,1,1,1.5,0
NOAA_survey::LB2-t242,NOAA_survey,Navassa,Natural colony,2,5.38082191780822,0,0,0,1.5,0
NOAA_survey::LB2-t243,NOAA_survey,Navassa,Natural colony,2,5.38082191780822,0,0,0,1.5,0
NOAA_survey::LB2-t244,NOAA_survey,Navassa,Natural colony,2,5.38082191780822,0,0,0,1.5,0
NOAA_survey::LB2-t246,NOAA_survey,Navassa,Natural colony,2,5.38082191780822,0,0,0,1.5,0
NOAA_survey::LB2-t247,NOAA_survey,Navassa,Natural colony,2,5.38082191780822,0,1,1,1.5,0
NOAA_survey::LB2-t251,NOAA_survey,Navassa,Natural colony,1,2.91780821917808,0,1,1,2,0
NOAA_survey::LB2-t254,NOAA_survey,Navassa,Natural colony,2,5.38082191780822,0,1,1,1.5,0
NOAA_survey::LE2-t200,NOAA_survey,Florida Keys,Natural colony,1,0.945205479452055,1,0,0,1,0
NOAA_survey::ML1-t013,NOAA_survey,Florida Keys,Natural colony,14,14.172602739726026,0,3,1,2.857142857142857,0.42857142857142855
NOAA_survey::ML1-t014,NOAA_survey,Florida Keys,Natural colony,5,5.18630136986301,0,5,1,2.8,0.6
NOAA_survey::ML1-t015,NOAA_survey,Florida Keys,Natural colony,13,12.832876712328765,0,4,1,2.923076923076923,0.46153846153846156
NOAA_survey::ML1-t016,NOAA_survey,Florida Keys,Natural colony,14,14.172602739726026,0,3,1,2.857142857142857,0.42857142857142855
NOAA_survey::ML1-t017,NOAA_survey,Florida Keys,Natural colony,14,14.172602739726026,0,6,1,2.857142857142857,0.42857142857142855
NOAA_survey::ML1-t018,NOAA_survey,Florida Keys,Natural colony,13,12.832876712328765,0,2,1,2.923076923076923,0.46153846153846156
NOAA_survey::ML1-t019,NOAA_survey,Florida Keys,Natural colony,1,0.53972602739726006,1,0,0,1,0
NOAA_survey::ML1-t020,NOAA_survey,Florida Keys,Natural colony,14,14.172602739726026,1,9,1,2.857142857142857,0.42857142857142855
NOAA_survey::ML1-t021,NOAA_survey,Florida Keys,Natural colony,3,3.2027397260273904,0,0,0,3,0.6666666666666666
NOAA_survey::ML1-t022,NOAA_survey,Florida Keys,Natural colony,4,4.14246575342465,0,3,1,2.75,0.5
NOAA_survey::ML1-t234,NOAA_survey,Florida Keys,Natural colony,3,3.010958904109594,0,1,1,2.6666666666666665,0
NOAA_survey::ML1-t235,NOAA_survey,Florida Keys,Natural colony,1,0.652054794520548,1,0,0,2,0
NOAA_survey::ML1-t404,NOAA_survey,Florida Keys,Natural colony,2,2.008219178082192,0,1,1,3,0
NOAA_survey::ML1-t405,NOAA_survey,Florida Keys,Natural colony,1,1.03013698630137,1,1,1,3,0
NOAA_survey::ML1-t464,NOAA_survey,Florida Keys,Natural colony,2,2.016438356164386,1,0,0,3.5,0.5
NOAA_survey::ML1-t882,NOAA_survey,Florida Keys,Natural colony,3,4.0109589041095886,0,3,1,3,0
NOAA_survey::ML1-t882,NOAA_survey,Florida Keys,Restoration fragment,1,1.01917808219178,0,0,0,3,0
NOAA_survey::ML1-t883,NOAA_survey,Florida Keys,Restoration fragment,1,1.01917808219178,0,1,1,3,0
NOAA_survey::ML1-t920,NOAA_survey,Florida Keys,Natural colony,6,5.805479452054795,1,4,1,2.5,0.5
NOAA_survey::ML1-t921,NOAA_survey,Florida Keys,Natural colony,2,2.106849315068497,0,2,1,2.5,0.5
NOAA_survey::ML1-t981,NOAA_survey,Florida Keys,Natural colony,2,1.873972602739727,1,0,0,2,0
NOAA_survey::ML2-t126,NOAA_survey,Florida Keys,Natural colony,16,18.271232876712325,1,10,1,2.75,0.4375
NOAA_survey::ML2-t127,NOAA_survey,Florida Keys,Natural colony,8,8.117808219178075,0,4,1,2.625,0.5
NOAA_survey::ML2-t128,NOAA_survey,Florida Keys,Natural colony,10,9.865753424657527,0,6,1,2.6,0.4
NOAA_survey::ML2-t129,NOAA_survey,Florida Keys,Natural colony,12,11.931506849315067,1,7,1,2.75,0.4166666666666667
NOAA_survey::ML2-t130,NOAA_survey,Florida Keys,Natural colony,10,9.865753424657527,0,7,1,2.6,0.4
NOAA_survey::ML2-t131,NOAA_survey,Florida Keys,Natural colony,14,14.172602739726026,0,4,1,2.7857142857142856,0.42857142857142855
NOAA_survey::ML2-t132,NOAA_survey,Florida Keys,Natural colony,12,11.931506849315067,0,7,1,2.75,0.4166666666666667
NOAA_survey::ML2-t134,NOAA_survey,Florida Keys,Natural colony,1,1.0958904109589,0,1,1,4,1
NOAA_survey::ML2-t135,NOAA_survey,Florida Keys,Natural colony,1,1.0958904109589,0,0,0,4,1
NOAA_survey::ML2-t136,NOAA_survey,Florida Keys,Natural colony,1,1.0958904109589,0,1,1,4,1
NOAA_survey::ML2-t137,NOAA_survey,Florida Keys,Natural colony,11,10.909589041095886,1,7,1,2.6363636363636362,0.36363636363636365
NOAA_survey::ML2-t138,NOAA_survey,Florida Keys,Natural colony,2,1.821917808219174,1,1,1,3.5,1
NOAA_survey::ML2-t139,NOAA_survey,Florida Keys,Natural colony,2,2.1506849315068504,0,2,1,3.5,1
NOAA_survey::ML2-t140,NOAA_survey,Florida Keys,Restoration fragment,1,1.0958904109589,0,1,1,4,1
NOAA_survey::ML2-t141,NOAA_survey,Florida Keys,Natural colony,5,5.164383561643834,0,5,1,2.8,0.6
NOAA_survey::ML2-t142,NOAA_survey,Florida Keys,Natural colony,3,3.2054794520547905,1,2,1,3,0.6666666666666666
NOAA_survey::ML2-t143,NOAA_survey,Florida Keys,Natural colony,1,1.0958904109589,1,0,0,4,1
NOAA_survey::ML2-t149,NOAA_survey,Florida Keys,Natural colony,1,0.665753424657534,1,0,0,2,0
NOAA_survey::ML2-t178,NOAA_survey,Florida Keys,Natural colony,1,0.665753424657534,1,0,0,2,0
NOAA_survey::ML2-t190,NOAA_survey,Florida Keys,Natural colony,3,2.717808219178083,1,2,1,2.6666666666666665,0.3333333333333333
NOAA_survey::ML2-t191,NOAA_survey,Florida Keys,Natural colony,1,0.778082191780822,1,0,0,4,1
NOAA_survey::ML2-t192,NOAA_survey,Florida Keys,Natural colony,1,1.03287671232877,1,1,1,4,1
NOAA_survey::ML2-t193,NOAA_survey,Florida Keys,Natural colony,1,1.03287671232877,1,0,0,4,1
NOAA_survey::ML2-t249,NOAA_survey,Florida Keys,Natural colony,5,4.819178082191779,1,1,1,2.8,0
NOAA_survey::ML2-t425,NOAA_survey,Florida Keys,Natural colony,3,3.054794520547946,1,1,1,3,0.3333333333333333
NOAA_survey::ML2-t442,NOAA_survey,Florida Keys,Natural colony,4,4.0054794520548,0,2,1,3.25,0.5
NOAA_survey::ML2-t443,NOAA_survey,Florida Keys,Natural colony,2,1.764383561643839,1,1,1,3,0
NOAA_survey::ML2-t498,NOAA_survey,Florida Keys,Natural colony,1,1.03835616438356,1,0,0,2,0
NOAA_survey::ML2-t499,NOAA_survey,Florida Keys,Natural colony,1,1.03835616438356,1,0,0,2,0
NOAA_survey::ML2-t771,NOAA_survey,Florida Keys,Natural colony,2,4.0958904109589,1,1,1,2.5,0.5
NOAA_survey::ML2-t868,NOAA_survey,Florida Keys,Natural colony,5,4.78904109589041,1,2,1,3.2,0.2
NOAA_survey::ML2-t869,NOAA_survey,Florida Keys,Natural colony,5,5.043835616438359,1,3,1,3.2,0.2
NOAA_survey::ML2-t952,NOAA_survey,Florida Keys,Natural colony,7,7.109589041095887,0,1,1,3,0.2857142857142857
NOAA_survey::ML2-t953,NOAA_survey,Florida Keys,Natural colony,2,1.9753424657534202,0,1,1,2,0
NOAA_survey::ML2-t954,NOAA_survey,Florida Keys,Natural colony,7,7.109589041095887,0,3,1,3,0.2857142857142857
NOAA_survey::ML3-t144,NOAA_survey,Florida Keys,Natural colony,13,12.81369863013699,0,4,1,2.8461538461538463,0.46153846153846156
NOAA_survey::ML3-t145,NOAA_survey,Florida Keys,Natural colony,15,15.169863013698631,1,8,1,2.7333333333333334,0.4
NOAA_survey::ML3-t146,NOAA_survey,Florida Keys,Natural colony,15,15.169863013698631,1,8,1,2.7333333333333334,0.4
NOAA_survey::ML3-t147,NOAA_survey,Florida Keys,Natural colony,13,12.81369863013699,0,7,1,2.8461538461538463,0.46153846153846156
NOAA_survey::ML3-t148,NOAA_survey,Florida Keys,Natural colony,15,15.169863013698631,1,10,1,2.7333333333333334,0.4
NOAA_survey::ML3-t150,NOAA_survey,Florida Keys,Natural colony,12,11.909589041095893,1,2,1,2.75,0.4166666666666667
NOAA_survey::ML3-t151,NOAA_survey,Florida Keys,Natural colony,1,1.13698630136986,0,1,1,4,1
NOAA_survey::ML3-t152,NOAA_survey,Florida Keys,Natural colony,1,1.13698630136986,0,0,0,4,1
NOAA_survey::ML3-t184,NOAA_survey,Florida Keys,Natural colony,13,12.81369863013699,0,8,1,2.8461538461538463,0.46153846153846156
NOAA_survey::ML3-t185,NOAA_survey,Florida Keys,Natural colony,11,10.857534246575343,1,3,1,2.6363636363636362,0.36363636363636365
NOAA_survey::ML3-t186,NOAA_survey,Florida Keys,Natural colony,14,14.15068493150685,1,2,1,2.7857142857142856,0.42857142857142855
NOAA_survey::ML3-t194,NOAA_survey,Florida Keys,Natural colony,1,1.03835616438356,1,0,0,4,1
NOAA_survey::ML3-t195,NOAA_survey,Florida Keys,Natural colony,1,1.03835616438356,1,0,0,4,1
NOAA_survey::ML3-t200,NOAA_survey,Florida Keys,Natural colony,1,0.665753424657534,1,0,0,2,0
NOAA_survey::ML3-t465,NOAA_survey,Florida Keys,Natural colony,4,3.701369863013697,1,2,1,2.75,0.25
NOAA_survey::ML3-t492,NOAA_survey,Florida Keys,Natural colony,1,0.975342465753425,1,0,0,2,0
NOAA_survey::ML3-t493,NOAA_survey,Florida Keys,Natural colony,2,1.6849315068493151,1,0,0,2,0
NOAA_survey::ML3-t494,NOAA_survey,Florida Keys,Natural colony,2,1.6849315068493151,1,1,1,2,0
NOAA_survey::ML3-t495,NOAA_survey,Florida Keys,Natural colony,1,0.975342465753425,1,0,0,2,0
NOAA_survey::ML3-t496,NOAA_survey,Florida Keys,Natural colony,3,5.134246575342464,1,2,1,2.3333333333333335,0.3333333333333333
NOAA_survey::ML3-t497,NOAA_survey,Florida Keys,Natural colony,2,1.6849315068493151,1,1,1,2,0
NOAA_survey::ML3-t915,NOAA_survey,Florida Keys,Natural colony,12,11.912328767123284,0,5,1,2.5833333333333335,0.25
NOAA_survey::ML3-t955,NOAA_survey,Florida Keys,Natural colony,7,7.109589041095889,0,3,1,3,0.2857142857142857
NOAA_survey::ML3-t956,NOAA_survey,Florida Keys,Natural colony,6,5.789041095890409,1,0,0,2.6666666666666665,0
NOAA_survey::NW1-t301,NOAA_survey,Navassa,Natural colony,2,5.383561643835611,0,1,1,1.5,0
NOAA_survey::NW1-t302,NOAA_survey,Navassa,Natural colony,1,2.47671232876712,1,0,0,1,0
NOAA_survey::NW1-t303,NOAA_survey,Navassa,Natural colony,2,5.383561643835611,0,0,0,1.5,0
NOAA_survey::NW1-t304,NOAA_survey,Navassa,Natural colony,2,5.383561643835611,0,0,0,1.5,0
NOAA_survey::NW1-t305,NOAA_survey,Navassa,Natural colony,2,5.383561643835611,0,1,1,1.5,0
NOAA_survey::NW1-t306,NOAA_survey,Navassa,Natural colony,2,5.383561643835611,0,0,0,1.5,0
NOAA_survey::NW1-t307,NOAA_survey,Navassa,Natural colony,2,5.383561643835611,0,0,0,1.5,0
NOAA_survey::NW1-t308,NOAA_survey,Navassa,Natural colony,1,2.47671232876712,1,0,0,1,0
NOAA_survey::NW1-t309,NOAA_survey,Navassa,Natural colony,2,5.383561643835611,0,1,1,1.5,0
NOAA_survey::NW1-t310,NOAA_survey,Navassa,Natural colony,2,5.383561643835611,0,0,0,1.5,0
NOAA_survey::NW1-t311,NOAA_survey,Navassa,Natural colony,1,2.47671232876712,1,0,0,1,0
NOAA_survey::NW1-t312,NOAA_survey,Navassa,Natural colony,2,5.383561643835611,0,2,1,1.5,0
NOAA_survey::NW1-t331,NOAA_survey,Navassa,Natural colony,1,2.90684931506849,0,0,0,2,0
NOAA_survey::NW1-t332,NOAA_survey,Navassa,Natural colony,1,2.90684931506849,0,0,0,2,0
NOAA_survey::NW2-t313,NOAA_survey,Navassa,Natural colony,2,5.38904109589041,0,0,0,1.5,0
NOAA_survey::NW2-t314,NOAA_survey,Navassa,Natural colony,1,2.91506849315068,0,0,0,2,0
NOAA_survey::NW2-t315,NOAA_survey,Navassa,Natural colony,2,5.38904109589041,0,2,1,1.5,0
NOAA_survey::NW2-t316,NOAA_survey,Navassa,Natural colony,2,5.38904109589041,0,2,1,1.5,0
NOAA_survey::NW2-t317,NOAA_survey,Navassa,Natural colony,2,5.38904109589041,0,1,1,1.5,0
NOAA_survey::NW3-t318,NOAA_survey,Navassa,Natural colony,2,5.38082191780822,0,0,0,1.5,0
NOAA_survey::NW3-t319,NOAA_survey,Navassa,Natural colony,2,5.38082191780822,0,0,0,1.5,0
NOAA_survey::NW3-t320,NOAA_survey,Navassa,Natural colony,2,5.38082191780822,0,0,0,1.5,0
NOAA_survey::NW3-t321,NOAA_survey,Navassa,Natural colony,2,5.38082191780822,0,0,0,1.5,0
NOAA_survey::NW3-t322,NOAA_survey,Navassa,Natural colony,2,5.38082191780822,0,0,0,1.5,0
NOAA_survey::NW3-t323,NOAA_survey,Navassa,Natural colony,2,5.38082191780822,0,0,0,1.5,0
NOAA_survey::NW3-t324,NOAA_survey,Navassa,Natural colony,2,5.38082191780822,1,1,1,1.5,0
NOAA_survey::NW3-t325,NOAA_survey,Navassa,Natural colony,1,2.48219178082192,1,0,0,1,0
NOAA_survey::NW3-t326,NOAA_survey,Navassa,Natural colony,2,5.38082191780822,0,0,0,1.5,0
NOAA_survey::NW3-t327,NOAA_survey,Navassa,Natural colony,2,5.38082191780822,0,0,0,1.5,0
NOAA_survey::NW3-t328,NOAA_survey,Navassa,Natural colony,1,2.48219178082192,1,0,0,1,0
NOAA_survey::NW3-t329,NOAA_survey,Navassa,Natural colony,1,2.48219178082192,1,0,0,1,0
NOAA_survey::NW3-t330,NOAA_survey,Navassa,Natural colony,2,5.38082191780822,1,1,1,1.5,0
NOAA_survey::SI1-t110,NOAA_survey,Florida Keys,Natural colony,2,3.898630136986302,1,1,1,2.5,1
NOAA_survey::SI1-t126,NOAA_survey,Florida Keys,Natural colony,1,3.1013698630137,1,0,0,3,1
NOAA_survey::SI1-t204,NOAA_survey,Florida Keys,Natural colony,2,1.712328767123289,1,1,1,3,0.5
NOAA_survey::SI1-t205,NOAA_survey,Florida Keys,Natural colony,2,1.712328767123289,1,1,1,3,0.5
NOAA_survey::SI1-t206,NOAA_survey,Florida Keys,Natural colony,1,1.04109589041096,1,0,0,4,1
NOAA_survey::SI1-t237,NOAA_survey,Florida Keys,Natural colony,3,5.1287671232876715,1,0,0,2.3333333333333335,0.3333333333333333
NOAA_survey::SI1-t238,NOAA_survey,Florida Keys,Natural colony,4,5.926027397260274,0,1,1,2.25,0.5
NOAA_survey::SI1-t248,NOAA_survey,Florida Keys,Natural colony,1,0.671232876712329,1,0,0,2,0
NOAA_survey::SI1-t253,NOAA_survey,Florida Keys,Natural colony,3,5.1287671232876715,1,1,1,2.3333333333333335,0.3333333333333333
NOAA_survey::SI1-t301,NOAA_survey,Florida Keys,Natural colony,2,1.6630136986301371,1,0,0,2.5,0.5
NOAA_survey::SI1-t302,NOAA_survey,Florida Keys,Natural colony,6,5.9972602739725955,0,1,1,2.6666666666666665,0.16666666666666666
NOAA_survey::SI1-t303,NOAA_survey,Florida Keys,Natural colony,4,4.057534246575335,0,1,1,2.75,0
NOAA_survey::SI1-t304,NOAA_survey,Florida Keys,Natural colony,1,1.6630136986301371,1,0,0,2,0
NOAA_survey::SI1-t304,NOAA_survey,Florida Keys,Restoration fragment,1,0.953424657534247,0,1,1,3,1
NOAA_survey::SI1-t305,NOAA_survey,Florida Keys,Natural colony,6,5.9972602739725955,0,2,1,2.6666666666666665,0.16666666666666666
NOAA_survey::SI1-t307,NOAA_survey,Florida Keys,Natural colony,9,11.498630136986296,1,7,1,2.888888888888889,0.3333333333333333
NOAA_survey::SI1-t308,NOAA_survey,Florida Keys,Natural colony,12,14.235616438356159,1,8,1,2.75,0.4166666666666667
NOAA_survey::SI1-t309,NOAA_survey,Florida Keys,Natural colony,1,0.953424657534247,1,0,0,3,1
NOAA_survey::SI1-t310,NOAA_survey,Florida Keys,Natural colony,3,3.060273972602732,0,1,1,2.6666666666666665,0
NOAA_survey::SI1-t311,NOAA_survey,Florida Keys,Natural colony,1,0.517808219178082,1,0,0,2,0
NOAA_survey::SI1-t312,NOAA_survey,Florida Keys,Natural colony,8,7.632876712328764,1,2,1,3,0.375
NOAA_survey::SI1-t318,NOAA_survey,Florida Keys,Natural colony,1,0.953424657534247,1,0,0,3,1
NOAA_survey::SI1-t319,NOAA_survey,Florida Keys,Natural colony,6,5.9972602739725955,1,4,1,2.6666666666666665,0.16666666666666666
NOAA_survey::SI1-t320,NOAA_survey,Florida Keys,Natural colony,1,0.953424657534247,0,0,0,3,1
NOAA_survey::SI1-t321,NOAA_survey,Florida Keys,Natural colony,1,0.953424657534247,0,1,1,3,1
NOAA_survey::SI1-t332,NOAA_survey,Florida Keys,Natural colony,10,11.967123287671232,0,3,1,2.6,0.3
NOAA_survey::SI1-t403,NOAA_survey,Florida Keys,Natural colony,4,4.0301369863013665,1,1,1,3.25,0.25
NOAA_survey::SI1-t436,NOAA_survey,Florida Keys,Natural colony,3,3.0520547945205534,1,0,0,3.6666666666666665,0.6666666666666666
NOAA_survey::SI1-t476,NOAA_survey,Florida Keys,Natural colony,3,2.6465753424657548,1,1,1,3,0.3333333333333333
NOAA_survey::SI1-t477,NOAA_survey,Florida Keys,Natural colony,6,7.901369863013699,0,4,1,2.6666666666666665,0.5
NOAA_survey::SI1-t480,NOAA_survey,Florida Keys,Natural colony,1,2.027397260273971,1,0,0,2,0
NOAA_survey::SI1-t480,NOAA_survey,Florida Keys,Restoration fragment,1,0.989041095890411,0,1,1,2,0
NOAA_survey::SI1-t755,NOAA_survey,Florida Keys,Natural colony,1,0.693150684931507,1,0,0,2,0
NOAA_survey::SI1-t756,NOAA_survey,Florida Keys,Natural colony,3,4.936986301369863,0,3,1,2.3333333333333335,0.6666666666666666
NOAA_survey::SI1-t757,NOAA_survey,Florida Keys,Natural colony,3,4.936986301369863,0,2,1,2.3333333333333335,0.6666666666666666
NOAA_survey::SI1-t758,NOAA_survey,Florida Keys,Natural colony,3,4.936986301369863,0,0,0,2.3333333333333335,0.6666666666666666
NOAA_survey::SI1-t957,NOAA_survey,Florida Keys,Natural colony,3,3.030136986301366,0,3,1,2.3333333333333335,0
NOAA_survey::SI1-t958,NOAA_survey,Florida Keys,Natural colony,6,6.087671232876708,0,1,1,2.8333333333333335,0.16666666666666666
NOAA_survey::SI1-t959,NOAA_survey,Florida Keys,Natural colony,7,7.098630136986299,0,2,1,3,0.2857142857142857
NOAA_survey::SI2-t287,NOAA_survey,Florida Keys,Natural colony,4,5.926027397260274,0,4,1,2.25,0.5
NOAA_survey::SI2-t288,NOAA_survey,Florida Keys,Natural colony,1,0.989041095890411,1,0,0,2,0
NOAA_survey::SI2-t313,NOAA_survey,Florida Keys,Natural colony,10,12.295890410958906,0,6,1,2.8,0.4
NOAA_survey::SI2-t314,NOAA_survey,Florida Keys,Natural colony,3,2.7013698630136993,1,1,1,2.6666666666666665,0
NOAA_survey::SI2-t322,NOAA_survey,Florida Keys,Natural colony,2,1.6630136986301371,1,1,1,2.5,0.5
NOAA_survey::SI2-t323,NOAA_survey,Florida Keys,Natural colony,12,14.235616438356166,0,4,1,2.75,0.4166666666666667
NOAA_survey::SI2-t324,NOAA_survey,Florida Keys,Natural colony,12,14.235616438356166,0,6,1,2.75,0.4166666666666667
NOAA_survey::SI2-t325,NOAA_survey,Florida Keys,Natural colony,1,0.517808219178082,1,0,0,2,0
NOAA_survey::SI2-t326,NOAA_survey,Florida Keys,Natural colony,12,14.235616438356166,0,7,1,2.75,0.4166666666666667
NOAA_survey::SI2-t327,NOAA_survey,Florida Keys,Natural colony,1,0.517808219178082,1,0,0,2,0
NOAA_survey::SI2-t328,NOAA_survey,Florida Keys,Natural colony,1,0.517808219178082,1,0,0,2,0
NOAA_survey::SI2-t329,NOAA_survey,Florida Keys,Natural colony,1,0.517808219178082,1,0,0,2,0
NOAA_survey::SI2-t330,NOAA_survey,Florida Keys,Natural colony,6,5.9972602739726035,0,2,1,2.6666666666666665,0.16666666666666666
NOAA_survey::SI2-t331,NOAA_survey,Florida Keys,Natural colony,6,6.0410958904109595,1,2,1,2.8333333333333335,0.16666666666666666
NOAA_survey::SI2-t333,NOAA_survey,Florida Keys,Natural colony,3,2.9178082191780828,1,2,1,2.3333333333333335,0.3333333333333333
NOAA_survey::SI2-t334,NOAA_survey,Florida Keys,Natural colony,12,14.235616438356166,0,8,1,2.75,0.4166666666666667
NOAA_survey::SI2-t335,NOAA_survey,Florida Keys,Natural colony,2,1.939726027397261,0,0,0,2.5,0.5
NOAA_survey::SI2-t399,NOAA_survey,Florida Keys,Natural colony,5,5.027397260273968,1,2,1,3,0.2
NOAA_survey::SI2-t435,NOAA_survey,Florida Keys,Natural colony,7,9.235616438356166,0,4,1,2.857142857142857,0.5714285714285714
NOAA_survey::SI2-t479,NOAA_survey,Florida Keys,Natural colony,6,7.901369863013699,0,2,1,2.6666666666666665,0.5
NOAA_survey::SI2-t759,NOAA_survey,Florida Keys,Natural colony,2,4.13972602739726,1,0,0,2.5,0.5
NOAA_survey::SI2-t960,NOAA_survey,Florida Keys,Natural colony,11,13.28219178082192,0,2,1,2.727272727272727,0.36363636363636365
NOAA_survey::SI2-t961,NOAA_survey,Florida Keys,Natural colony,11,13.28219178082192,0,4,1,2.727272727272727,0.36363636363636365
NOAA_survey::SI2-t962,NOAA_survey,Florida Keys,Natural colony,11,13.28219178082192,0,4,1,2.727272727272727,0.36363636363636365
NOAA_survey::SI2-t963,NOAA_survey,Florida Keys,Natural colony,1,0.70958904109589,1,0,0,2,0
NOAA_survey::SI3-t315,NOAA_survey,Florida Keys,Natural colony,5,5.101369863013694,1,2,1,3,0.2
NOAA_survey::SI3-t316,NOAA_survey,Florida Keys,Natural colony,5,4.7917808219178,1,1,1,2.8,0
NOAA_survey::SI3-t317,NOAA_survey,Florida Keys,Natural colony,5,4.7917808219178,1,1,1,2.8,0
NOAA_survey::SI3-t336,NOAA_survey,Florida Keys,Natural colony,3,2.994520547945204,1,0,0,2.6666666666666665,0.3333333333333333
NOAA_survey::SI3-t337,NOAA_survey,Florida Keys,Natural colony,2,1.9972602739726009,0,1,1,3,0.5
NOAA_survey::SI3-t338,NOAA_survey,Florida Keys,Natural colony,7,6.997260273972589,1,1,1,2.857142857142857,0.14285714285714285
NOAA_survey::SI3-t340,NOAA_survey,Florida Keys,Natural colony,6,5.726027397260264,1,4,1,2.8333333333333335,0.16666666666666666
NOAA_survey::SI3-t341,NOAA_survey,Florida Keys,Natural colony,9,8.709589041095878,1,5,1,2.888888888888889,0.2222222222222222
NOAA_survey::SI3-t342,NOAA_survey,Florida Keys,Natural colony,2,1.66849315068493,1,1,1,3,0.5
NOAA_survey::SI3-t343,NOAA_survey,Florida Keys,Natural colony,1,1.03835616438356,1,1,1,4,1
NOAA_survey::SI3-t344,NOAA_survey,Florida Keys,Natural colony,1,0.682191780821918,1,0,0,3,1
NOAA_survey::SI3-t345,NOAA_survey,Florida Keys,Natural colony,6,6.063013698630123,0,3,1,2.8333333333333335,0.16666666666666666
NOAA_survey::SI3-t346,NOAA_survey,Florida Keys,Natural colony,6,6.063013698630123,1,1,1,2.8333333333333335,0.16666666666666666
NOAA_survey::SI3-t347,NOAA_survey,Florida Keys,Natural colony,1,1.03835616438356,0,0,0,4,1
NOAA_survey::SI3-t760,NOAA_survey,Florida Keys,Natural colony,1,4.13972602739726,1,0,0,3,1
NOAA_survey::SI3-t760,NOAA_survey,Florida Keys,Restoration fragment,1,1.03835616438356,0,0,0,2,0
NOAA_survey::SI3-t761,NOAA_survey,Florida Keys,Natural colony,2,4.936986301369863,0,0,0,2.5,1
NOAA_survey::SI3-t761,NOAA_survey,Florida Keys,Restoration fragment,1,1.03835616438356,0,1,1,2,0
NOAA_survey::SI3-t762,NOAA_survey,Florida Keys,Natural colony,3,4.936986301369863,0,2,1,2.3333333333333335,0.6666666666666666
NOAA_survey::SI3-t763,NOAA_survey,Florida Keys,Natural colony,3,4.936986301369863,1,1,1,2.3333333333333335,0.6666666666666666
NOAA_survey::SI3-t764,NOAA_survey,Florida Keys,Natural colony,3,4.936986301369863,0,1,1,2.3333333333333335,0.6666666666666666
NOAA_survey::SI3-t765,NOAA_survey,Florida Keys,Natural colony,3,4.936986301369863,0,2,1,2.3333333333333335,0.6666666666666666
NOAA_survey::SI3-t766,NOAA_survey,Florida Keys,Natural colony,3,4.936986301369863,0,2,1,2.3333333333333335,0.6666666666666666
NOAA_survey::SI3-t964,NOAA_survey,Florida Keys,Natural colony,7,7.098630136986308,0,3,1,3,0.2857142857142857
NOAA_survey::SI3-t965,NOAA_survey,Florida Keys,Natural colony,1,0.986301369863014,0,1,1,2,0
NOAA_survey::SM1-t199,NOAA_survey,Curacao,Natural colony,1,1.980821917808217,1,0,0,0,0
NOAA_survey::SM1-t199,NOAA_survey,Curacao,Restoration fragment,1,1.08767123287671,0,0,0,0,0
NOAA_survey::SM1-t289,NOAA_survey,Curacao,Natural colony,1,1.05479452054795,0,0,0,1,0
NOAA_survey::SM1-t290,NOAA_survey,Curacao,Natural colony,1,1.05479452054795,0,0,0,1,0
NOAA_survey::SM1-t291,NOAA_survey,Curacao,Natural colony,1,1.05479452054795,0,0,0,1,0
NOAA_survey::SM1-t292,NOAA_survey,Curacao,Natural colony,1,1.05479452054795,0,0,0,1,0
NOAA_survey::SM1-t293,NOAA_survey,Curacao,Natural colony,1,1.05479452054795,0,0,0,1,0
NOAA_survey::SM1-t294,NOAA_survey,Curacao,Natural colony,1,1.05479452054795,0,0,0,1,0
NOAA_survey::SM1-t340,NOAA_survey,Curacao,Natural colony,3,3.2191780821917773,1,1,1,0,0
NOAA_survey::SM1-t341,NOAA_survey,Curacao,Natural colony,1,1.980821917808217,1,0,0,0,0
NOAA_survey::SM1-t341,NOAA_survey,Curacao,Restoration fragment,1,1.08767123287671,0,0,0,0,0
NOAA_survey::SM1-t342,NOAA_survey,Curacao,Natural colony,6,6.1287671232876715,0,2,1,0.3333333333333333,0
NOAA_survey::SM1-t343,NOAA_survey,Curacao,Natural colony,2,1.980821917808217,1,0,0,0,0
NOAA_survey::SM1-t344,NOAA_survey,Curacao,Natural colony,2,1.980821917808217,1,0,0,0,0
NOAA_survey::SM1-t345,NOAA_survey,Curacao,Natural colony,6,6.1287671232876715,0,2,1,0.3333333333333333,0
NOAA_survey::SM1-t346,NOAA_survey,Curacao,Natural colony,3,3.2191780821917773,1,1,1,0,0
NOAA_survey::SM1-t347,NOAA_survey,Curacao,Natural colony,3,3.2191780821917773,1,0,0,0,0
NOAA_survey::SM1-t348,NOAA_survey,Curacao,Natural colony,2,1.980821917808217,1,1,1,0,0
NOAA_survey::SM1-t349,NOAA_survey,Curacao,Natural colony,3,3.2191780821917773,1,0,0,0,0
NOAA_survey::SM1-t350,NOAA_survey,Curacao,Natural colony,3,3.2191780821917773,1,0,0,0,0
NOAA_survey::SM1-t351,NOAA_survey,Curacao,Natural colony,3,3.2191780821917773,1,1,1,0,0
NOAA_survey::SM1-t352,NOAA_survey,Curacao,Natural colony,6,6.1287671232876715,0,1,1,0.3333333333333333,0
NOAA_survey::SM1-t353,NOAA_survey,Curacao,Natural colony,6,6.1287671232876715,0,2,1,0.3333333333333333,0
NOAA_survey::SM1-t354,NOAA_survey,Curacao,Natural colony,5,5.073972602739722,1,1,1,0.2,0
NOAA_survey::SM1-t355,NOAA_survey,Curacao,Natural colony,6,6.1287671232876715,0,1,1,0.3333333333333333,0
NOAA_survey::SM2-t200,NOAA_survey,Curacao,Natural colony,2,1.980821917808217,1,1,1,0,0
NOAA_survey::SM2-t295,NOAA_survey,Curacao,Natural colony,2,2.024657534246574,0,1,1,1,0
NOAA_survey::SM2-t296,NOAA_survey,Curacao,Natural colony,2,2.024657534246574,0,2,1,1,0
NOAA_survey::SM2-t356,NOAA_survey,Curacao,Natural colony,2,3.2191780821917773,1,0,0,0,0
NOAA_survey::SM2-t356,NOAA_survey,Curacao,Restoration fragment,1,1.980821917808217,0,1,1,0,0
NOAA_survey::SM2-t357,NOAA_survey,Curacao,Natural colony,3,3.2191780821917773,1,0,0,0,0
NOAA_survey::SM2-t358,NOAA_survey,Curacao,Natural colony,3,3.2191780821917773,1,0,0,0,0
NOAA_survey::SM2-t359,NOAA_survey,Curacao,Natural colony,7,7.098630136986296,0,5,1,0.42857142857142855,0
NOAA_survey::SM2-t360,NOAA_survey,Curacao,Natural colony,3,3.2191780821917773,1,1,1,0,0
NOAA_survey::SM2-t361,NOAA_survey,Curacao,Natural colony,3,3.2191780821917773,1,0,0,0,0
NOAA_survey::SM3-t362,NOAA_survey,Curacao,Natural colony,2,3.216438356164387,1,0,0,0,0
NOAA_survey::SM3-t362,NOAA_survey,Curacao,Restoration fragment,1,1.978082191780827,0,1,1,0,0
NOAA_survey::SM3-t363,NOAA_survey,Curacao,Natural colony,3,3.216438356164387,1,0,0,0,0
NOAA_survey::SM3-t364,NOAA_survey,Curacao,Natural colony,3,3.216438356164387,1,1,1,0,0
NOAA_survey::SM3-t365,NOAA_survey,Curacao,Natural colony,3,3.216438356164387,1,1,1,0,0
NOAA_survey::SM3-t366,NOAA_survey,Curacao,Natural colony,3,3.216438356164387,1,1,1,0,0
NOAA_survey::SM3-t367,NOAA_survey,Curacao,Natural colony,3,3.216438356164387,1,1,1,0,0
NOAA_survey::SM3-t368,NOAA_survey,Curacao,Natural colony,3,3.216438356164387,1,2,1,0,0
NOAA_survey::SM3-t369,NOAA_survey,Curacao,Natural colony,3,3.216438356164387,1,0,0,0,0
NOAA_survey::SM3-t370,NOAA_survey,Curacao,Natural colony,2,3.216438356164387,1,1,1,0,0
NOAA_survey::SM3-t370,NOAA_survey,Curacao,Restoration fragment,1,1.08493150684932,0,0,0,0,0
NOAA_survey::SM3-t371,NOAA_survey,Curacao,Natural colony,3,3.216438356164387,1,0,0,0,0
NOAA_survey::SM3-t372,NOAA_survey,Curacao,Natural colony,3,3.216438356164387,1,0,0,0,0
NOAA_survey::SM3-t373,NOAA_survey,Curacao,Natural colony,1,1.08493150684932,1,0,0,0,0
NOAA_survey::SM3-t374,NOAA_survey,Curacao,Natural colony,3,3.216438356164387,1,1,1,0,0
NOAA_survey::SM3-t375,NOAA_survey,Curacao,Natural colony,3,3.216438356164387,1,1,1,0,0
NOAA_survey::SM3-t376,NOAA_survey,Curacao,Natural colony,3,3.216438356164387,1,0,0,0,0
NOAA_survey::SQ1-t201,NOAA_survey,Curacao,Natural colony,4,4.093150684931512,1,2,1,0,0
NOAA_survey::SQ1-t202,NOAA_survey,Curacao,Natural colony,9,9.153424657534252,1,5,1,0.7777777777777778,0
NOAA_survey::SQ1-t203,NOAA_survey,Curacao,Natural colony,9,9.153424657534252,1,3,1,0.7777777777777778,0
NOAA_survey::SQ1-t204,NOAA_survey,Curacao,Natural colony,7,7.112328767123289,1,3,1,0.42857142857142855,0
NOAA_survey::SQ1-t205,NOAA_survey,Curacao,Natural colony,9,9.153424657534252,1,5,1,0.7777777777777778,0
NOAA_survey::SQ1-t206,NOAA_survey,Curacao,Natural colony,3,4.093150684931512,1,0,0,0,0
NOAA_survey::SQ1-t206,NOAA_survey,Curacao,Restoration fragment,1,1.986301369863017,0,1,1,0,0
NOAA_survey::SQ1-t207,NOAA_survey,Curacao,Natural colony,4,4.093150684931512,1,1,1,0,0
NOAA_survey::SQ1-t208,NOAA_survey,Curacao,Natural colony,4,4.093150684931512,1,1,1,0,0
NOAA_survey::SQ1-t209,NOAA_survey,Curacao,Natural colony,9,9.153424657534252,1,4,1,0.7777777777777778,0
NOAA_survey::SQ1-t210,NOAA_survey,Curacao,Natural colony,9,9.153424657534252,0,7,1,0.7777777777777778,0
NOAA_survey::SQ1-t211,NOAA_survey,Curacao,Natural colony,7,7.112328767123289,1,4,1,0.42857142857142855,0
NOAA_survey::SQ1-t212,NOAA_survey,Curacao,Natural colony,1,1.09315068493151,1,0,0,0,0
NOAA_survey::SQ1-t273,NOAA_survey,Curacao,Natural colony,4,4.076712328767124,0,4,1,1.5,0
NOAA_survey::SQ1-t274,NOAA_survey,Curacao,Natural colony,2,2.0356164383561612,1,1,1,1,0
NOAA_survey::SQ1-t275,NOAA_survey,Curacao,Natural colony,1,1.07671232876712,1,0,0,1,0
NOAA_survey::SQ1-t276,NOAA_survey,Curacao,Natural colony,1,1.07671232876712,1,0,0,1,0
NOAA_survey::SQ1-t277,NOAA_survey,Curacao,Natural colony,1,1.07671232876712,1,0,0,1,0
NOAA_survey::SQ1-t278,NOAA_survey,Curacao,Natural colony,1,1.07671232876712,1,0,0,1,0
NOAA_survey::SQ1-t495,NOAA_survey,Curacao,Natural colony,1,0.997260273972603,1,0,0,2,0
NOAA_survey::SQ1-t496,NOAA_survey,Curacao,Natural colony,2,2.041095890410963,1,1,1,2,0
NOAA_survey::SQ1-t497,NOAA_survey,Curacao,Natural colony,2,2.041095890410963,1,0,0,2,0
NOAA_survey::SQ1-t498,NOAA_survey,Curacao,Natural colony,2,2.041095890410963,0,0,0,2,0
NOAA_survey::SQ1-t499,NOAA_survey,Curacao,Natural colony,2,2.041095890410963,0,1,1,2,0
NOAA_survey::SQ1-t500,NOAA_survey,Curacao,Natural colony,2,2.041095890410963,1,0,0,2,0
NOAA_survey::SQ2-t213,NOAA_survey,Curacao,Natural colony,3,3.238356164383557,1,1,1,0,0
NOAA_survey::SQ2-t214,NOAA_survey,Curacao,Natural colony,9,9.15068493150685,0,2,1,0.7777777777777778,0
NOAA_survey::SQ2-t215,NOAA_survey,Curacao,Natural colony,1,1.983561643835617,1,0,0,0,0
NOAA_survey::SQ2-t215,NOAA_survey,Curacao,Restoration fragment,1,1.09041095890411,0,1,1,0,0
NOAA_survey::SQ2-t216,NOAA_survey,Curacao,Natural colony,6,6.150684931506849,1,1,1,0.3333333333333333,0
NOAA_survey::SQ2-t217,NOAA_survey,Curacao,Natural colony,4,4.0958904109589,1,1,1,0,0
NOAA_survey::SQ2-t218,NOAA_survey,Curacao,Natural colony,9,9.15068493150685,0,4,1,0.7777777777777778,0
NOAA_survey::SQ2-t219,NOAA_survey,Curacao,Natural colony,4,4.0958904109589,1,0,0,0,0
NOAA_survey::SQ2-t220,NOAA_survey,Curacao,Natural colony,3,3.238356164383557,1,0,0,0,0
NOAA_survey::SQ2-t221,NOAA_survey,Curacao,Natural colony,3,3.238356164383557,1,1,1,0,0
NOAA_survey::SQ2-t222,NOAA_survey,Curacao,Natural colony,2,1.983561643835617,1,0,0,0,0
NOAA_survey::SQ2-t223,NOAA_survey,Curacao,Natural colony,7,9.15068493150685,0,5,1,1,0
NOAA_survey::SQ2-t223,NOAA_survey,Curacao,Restoration fragment,2,3.238356164383557,0,0,0,0,0
NOAA_survey::SQ2-t224,NOAA_survey,Curacao,Natural colony,1,1.09041095890411,1,0,0,0,0
NOAA_survey::SQ2-t279,NOAA_survey,Curacao,Natural colony,1,2.035616438356168,1,0,0,1,0
NOAA_survey::SQ2-t279,NOAA_survey,Curacao,Restoration fragment,1,1.07397260273973,0,0,0,1,0
NOAA_survey::SQ2-t380,NOAA_survey,Curacao,Natural colony,3,5.054794520547949,0,2,1,1.6666666666666667,0
NOAA_survey::SQ2-t380,NOAA_survey,Curacao,Restoration fragment,2,2.054794520547949,0,2,1,1,0
NOAA_survey::SQ2-t381,NOAA_survey,Curacao,Natural colony,5,5.054794520547949,0,0,0,1.4,0
NOAA_survey::SQ2-t382,NOAA_survey,Curacao,Natural colony,1,0.980821917808219,1,0,0,1,0
NOAA_survey::SQ2-t383,NOAA_survey,Curacao,Natural colony,5,5.054794520547949,0,1,1,1.4,0
NOAA_survey::SQ2-t384,NOAA_survey,Curacao,Natural colony,1,2.054794520547949,1,0,0,1,0
NOAA_survey::SQ2-t384,NOAA_survey,Curacao,Restoration fragment,1,0.980821917808219,0,1,1,1,0
NOAA_survey::SQ2-t385,NOAA_survey,Curacao,Natural colony,4,4.013698630136989,1,3,1,1.25,0
NOAA_survey::SQ2-t386,NOAA_survey,Curacao,Natural colony,5,5.054794520547949,1,0,0,1.4,0
NOAA_survey::SQ2-t387,NOAA_survey,Curacao,Natural colony,4,4.013698630136989,1,1,1,1.25,0
NOAA_survey::SQ2-t451,NOAA_survey,Curacao,Natural colony,2,2.038356164383563,1,0,0,2,0
NOAA_survey::SQ2-t452,NOAA_survey,Curacao,Natural colony,1,0.997260273972603,1,0,0,2,0
NOAA_survey::SQ2-t453,NOAA_survey,Curacao,Natural colony,2,2.038356164383563,0,0,0,2,0
NOAA_survey::SQ3-t225,NOAA_survey,Curacao,Natural colony,3,3.2328767123287703,1,0,0,0,0
NOAA_survey::SQ3-t226,NOAA_survey,Curacao,Natural colony,7,7.10958904109589,1,4,1,0.42857142857142855,0
NOAA_survey::SQ3-t227,NOAA_survey,Curacao,Natural colony,9,9.142465753424654,0,6,1,0.7777777777777778,0
NOAA_survey::SQ3-t228,NOAA_survey,Curacao,Natural colony,9,9.142465753424654,0,4,1,0.7777777777777778,0
NOAA_survey::SQ3-t229,NOAA_survey,Curacao,Natural colony,9,9.142465753424654,0,2,1,0.7777777777777778,0
NOAA_survey::SQ3-t230,NOAA_survey,Curacao,Natural colony,3,3.2328767123287703,1,0,0,0,0
NOAA_survey::SQ3-t231,NOAA_survey,Curacao,Natural colony,8,8.104109589041094,1,3,1,0.625,0
NOAA_survey::SQ3-t232,NOAA_survey,Curacao,Natural colony,9,9.142465753424654,1,4,1,0.7777777777777778,0
NOAA_survey::SQ3-t233,NOAA_survey,Curacao,Natural colony,3,3.2328767123287703,1,2,1,0,0
NOAA_survey::SQ3-t234,NOAA_survey,Curacao,Natural colony,1,1.09041095890411,1,0,0,0,0
NOAA_survey::SQ3-t235,NOAA_survey,Curacao,Natural colony,1,1.09041095890411,1,0,0,0,0
NOAA_survey::SQ3-t236,NOAA_survey,Curacao,Natural colony,1,1.09041095890411,1,0,0,0,0
NOAA_survey::SQ3-t280,NOAA_survey,Curacao,Natural colony,4,4.071232876712324,0,3,1,1.5,0
NOAA_survey::SQ3-t281,NOAA_survey,Curacao,Natural colony,3,3.032876712328764,1,0,0,1.3333333333333333,0
NOAA_survey::SQ3-t282,NOAA_survey,Curacao,Natural colony,2,2.038356164383559,1,1,1,1,0
NOAA_survey::SQ3-t364,NOAA_survey,Curacao,Natural colony,1,0.980821917808219,1,0,0,1,0
NOAA_survey::SQ3-t366,NOAA_survey,Curacao,Natural colony,1,0.980821917808219,1,0,0,1,0
NOAA_survey::SQ3-t371,NOAA_survey,Curacao,Natural colony,5,5.052054794520542,0,4,1,1.4,0
NOAA_survey::SQ3-t372,NOAA_survey,Curacao,Natural colony,1,0.980821917808219,1,0,0,1,0
NOAA_survey::SQ3-t374,NOAA_survey,Curacao,Natural colony,3,3.019178082191777,1,0,0,1,0
NOAA_survey::SQ3-t454,NOAA_survey,Curacao,Natural colony,2,2.0328767123287657,1,1,1,2,0
NOAA_survey::SQ3-t455,NOAA_survey,Curacao,Natural colony,1,0.994520547945206,1,0,0,2,0
NOAA_survey::SQ3-t456,NOAA_survey,Curacao,Natural colony,2,2.0328767123287657,1,0,0,2,0
NOAA_survey::SQ3-t457,NOAA_survey,Curacao,Natural colony,2,2.0328767123287657,0,1,1,2,0
NOAA_survey::TR1-t289,NOAA_survey,Florida Keys,Natural colony,1,0.93972602739726,1,0,0,3,1
NOAA_survey::TR1-t291,NOAA_survey,Florida Keys,Natural colony,5,6.120547945205482,0,2,1,2.8,0.2
NOAA_survey::TR1-t292,NOAA_survey,Florida Keys,Natural colony,1,4.13150684931507,1,0,0,3,0
NOAA_survey::TR1-t292,NOAA_survey,Florida Keys,Restoration fragment,2,2.10958904109589,0,1,1,2.5,0.5
NOAA_survey::TR1-t293,NOAA_survey,Florida Keys,Natural colony,5,6.120547945205482,0,2,1,2.8,0.2
NOAA_survey::TR1-t294,NOAA_survey,Florida Keys,Natural colony,5,6.120547945205482,1,2,1,2.8,0.2
NOAA_survey::TR1-t295,NOAA_survey,Florida Keys,Natural colony,3,4.13150684931507,1,1,1,2.6666666666666665,0.3333333333333333
NOAA_survey::TR1-t296,NOAA_survey,Florida Keys,Natural colony,3,4.13150684931507,1,2,1,2.6666666666666665,0.3333333333333333
NOAA_survey::TR1-t297,NOAA_survey,Florida Keys,Natural colony,2,4.13150684931507,1,0,0,2.5,0
NOAA_survey::TR1-t297,NOAA_survey,Florida Keys,Restoration fragment,1,0.93972602739726,0,0,0,3,1
NOAA_survey::TR1-t298,NOAA_survey,Florida Keys,Natural colony,3,4.13150684931507,1,2,1,2.6666666666666665,0.3333333333333333
NOAA_survey::TR1-t299,NOAA_survey,Florida Keys,Natural colony,3,4.13150684931507,1,0,0,2.6666666666666665,0.3333333333333333
NOAA_survey::TR1-t300,NOAA_survey,Florida Keys,Natural colony,3,4.13150684931507,1,1,1,2.6666666666666665,0.3333333333333333
NOAA_survey::TR1-t448,NOAA_survey,Florida Keys,Natural colony,1,1.01095890410959,0,0,0,3,0
NOAA_survey::TR1-t449,NOAA_survey,Florida Keys,Restoration fragment,1,1.01095890410959,0,0,0,3,0
NOAA_survey::TR1-t470,NOAA_survey,Florida Keys,Natural colony,1,0.978082191780822,1,0,0,3,0
NOAA_survey::TR1-t471,NOAA_survey,Florida Keys,Natural colony,1,1.9890410958904121,0,1,1,3,0
NOAA_survey::TR1-t471,NOAA_survey,Florida Keys,Restoration fragment,1,0.978082191780822,0,0,0,3,0
NOAA_survey::TR1-t472,NOAA_survey,Florida Keys,Natural colony,1,0.978082191780822,1,0,0,3,0
NOAA_survey::TR1-t473,NOAA_survey,Florida Keys,Natural colony,2,1.9890410958904121,0,1,1,3,0
NOAA_survey::TR1-t474,NOAA_survey,Florida Keys,Natural colony,2,1.9890410958904121,0,0,0,3,0
NOAA_survey::TR1-t475,NOAA_survey,Florida Keys,Restoration fragment,2,1.9890410958904121,0,2,1,3,0
NOAA_survey::TR1-t476,NOAA_survey,Florida Keys,Natural colony,2,1.9890410958904121,1,0,0,3,0
NOAA_survey::TR1-t478,NOAA_survey,Florida Keys,Natural colony,2,1.9890410958904121,0,1,1,3,0
NOAA_survey::TR1-t941,NOAA_survey,Florida Keys,Natural colony,4,5.180821917808223,0,4,1,2.75,0
NOAA_survey::TR1-t942,NOAA_survey,Florida Keys,Natural colony,2,3.1917808219178103,1,0,0,2.5,0
NOAA_survey::TR2-t348,NOAA_survey,Florida Keys,Natural colony,1,0.934246575342466,1,0,0,3,1
NOAA_survey::TR2-t349,NOAA_survey,Florida Keys,Natural colony,2,2.1643835616438363,0,0,0,2.5,0.5
NOAA_survey::TR2-t350,NOAA_survey,Florida Keys,Natural colony,5,6.167123287671236,0,1,1,2.8,0.2
NOAA_survey::TR2-t351,NOAA_survey,Florida Keys,Natural colony,5,6.167123287671236,0,1,1,2.8,0.2
NOAA_survey::TR2-t352,NOAA_survey,Florida Keys,Natural colony,2,2.1643835616438363,0,0,0,2.5,0.5
NOAA_survey::TR2-t353,NOAA_survey,Florida Keys,Natural colony,2,2.1643835616438363,0,0,0,2.5,0.5
NOAA_survey::TR2-t354,NOAA_survey,Florida Keys,Natural colony,1,2.1643835616438363,0,0,0,2,0
NOAA_survey::TR2-t354,NOAA_survey,Florida Keys,Restoration fragment,1,0.934246575342466,0,0,0,3,1
NOAA_survey::TR2-t355,NOAA_survey,Florida Keys,Natural colony,2,2.1643835616438363,1,0,0,2.5,0.5
NOAA_survey::TR2-t356,NOAA_survey,Florida Keys,Natural colony,5,6.167123287671236,0,0,0,2.8,0.2
NOAA_survey::TR2-t357,NOAA_survey,Florida Keys,Natural colony,2,2.1643835616438363,0,0,0,2.5,0.5
NOAA_survey::TR2-t358,NOAA_survey,Florida Keys,Natural colony,1,0.934246575342466,1,0,0,3,1
NOAA_survey::TR2-t359,NOAA_survey,Florida Keys,Natural colony,1,2.1643835616438363,0,0,0,2,0
NOAA_survey::TR2-t359,NOAA_survey,Florida Keys,Restoration fragment,1,0.934246575342466,0,0,0,3,1
NOAA_survey::TR2-t462,NOAA_survey,Florida Keys,Natural colony,2,2.04383561643836,0,0,0,3,0
NOAA_survey::TR2-t463,NOAA_survey,Florida Keys,Natural colony,2,2.04383561643836,0,1,1,3,0
NOAA_survey::TR2-t464,NOAA_survey,Florida Keys,Natural colony,2,2.04383561643836,0,1,1,3,0
NOAA_survey::TR2-t465,NOAA_survey,Florida Keys,Natural colony,2,2.04383561643836,0,1,1,3,0
NOAA_survey::TR2-t466,NOAA_survey,Florida Keys,Natural colony,2,2.04383561643836,0,0,0,3,0
NOAA_survey::TR2-t467,NOAA_survey,Florida Keys,Natural colony,2,2.04383561643836,0,0,0,3,0
NOAA_survey::TR2-t468,NOAA_survey,Florida Keys,Natural colony,1,2.04383561643836,0,1,1,3,0
NOAA_survey::TR2-t468,NOAA_survey,Florida Keys,Restoration fragment,1,0.96986301369863,0,0,0,3,0
NOAA_survey::TR2-t469,NOAA_survey,Florida Keys,Natural colony,2,2.04383561643836,0,1,1,3,0
NOAA_survey::TR2-t944,NOAA_survey,Florida Keys,Natural colony,1,1.23013698630137,1,0,0,2,0
NOAA_survey::TR2-t945,NOAA_survey,Florida Keys,Restoration fragment,1,1.23013698630137,0,0,0,2,0
NOAA_survey::TR3-t360,NOAA_survey,Florida Keys,Natural colony,2,2.164383561643838,0,0,0,2.5,0.5
NOAA_survey::TR3-t361,NOAA_survey,Florida Keys,Natural colony,1,2.164383561643838,0,1,1,2,0
NOAA_survey::TR3-t361,NOAA_survey,Florida Keys,Restoration fragment,1,0.931506849315068,0,0,0,3,1
NOAA_survey::TR3-t362,NOAA_survey,Florida Keys,Natural colony,1,2.164383561643838,0,0,0,2,0
NOAA_survey::TR3-t362,NOAA_survey,Florida Keys,Restoration fragment,1,0.931506849315068,0,0,0,3,1
NOAA_survey::TR3-t363,NOAA_survey,Florida Keys,Natural colony,1,2.164383561643838,0,0,0,2,0
NOAA_survey::TR3-t363,NOAA_survey,Florida Keys,Restoration fragment,1,0.931506849315068,0,0,0,3,1
NOAA_survey::TR3-t364,NOAA_survey,Florida Keys,Natural colony,5,6.112328767123288,0,2,1,2.8,0.2
NOAA_survey::TR3-t365,NOAA_survey,Florida Keys,Natural colony,2,2.164383561643838,0,0,0,2.5,0.5
NOAA_survey::TR3-t366,NOAA_survey,Florida Keys,Natural colony,1,2.16438356164384,0,0,0,2,0
NOAA_survey::TR3-t367,NOAA_survey,Florida Keys,Natural colony,2,2.164383561643838,0,1,1,2.5,0.5
NOAA_survey::TR3-t369,NOAA_survey,Florida Keys,Natural colony,1,2.164383561643838,0,0,0,2,0
NOAA_survey::TR3-t369,NOAA_survey,Florida Keys,Restoration fragment,1,0.931506849315068,0,0,0,3,1
NOAA_survey::TR3-t370,NOAA_survey,Florida Keys,Natural colony,2,2.164383561643838,0,1,1,2.5,0.5
NOAA_survey::TR3-t371,NOAA_survey,Florida Keys,Natural colony,2,2.164383561643838,0,0,0,2.5,0.5
NOAA_survey::TR3-t450,NOAA_survey,Florida Keys,Natural colony,2,1.9890410958904101,1,0,0,3,0
NOAA_survey::TR3-t451,NOAA_survey,Florida Keys,Restoration fragment,2,1.9890410958904101,0,1,1,3,0
NOAA_survey::TR3-t452,NOAA_survey,Florida Keys,Natural colony,1,1.9890410958904101,0,0,0,3,0
NOAA_survey::TR3-t452,NOAA_survey,Florida Keys,Restoration fragment,1,0.96986301369863,0,0,0,3,0
NOAA_survey::TR3-t453,NOAA_survey,Florida Keys,Natural colony,2,1.9890410958904101,0,0,0,3,0
NOAA_survey::TR3-t454,NOAA_survey,Florida Keys,Natural colony,2,1.9890410958904101,0,1,1,3,0
NOAA_survey::TR3-t455,NOAA_survey,Florida Keys,Natural colony,2,1.9890410958904101,0,1,1,3,0
NOAA_survey::TR3-t456,NOAA_survey,Florida Keys,Natural colony,1,1.9890410958904101,0,0,0,3,0
NOAA_survey::TR3-t456,NOAA_survey,Florida Keys,Restoration fragment,1,0.96986301369863,0,0,0,3,0
NOAA_survey::TR3-t457,NOAA_survey,Florida Keys,Natural colony,2,1.9890410958904101,0,1,1,3,0
NOAA_survey::TR3-t458,NOAA_survey,Florida Keys,Natural colony,1,0.96986301369863,1,0,0,3,0
NOAA_survey::TR3-t459,NOAA_survey,Florida Keys,Natural colony,2,1.9890410958904101,0,0,0,3,0
NOAA_survey::TR3-t460,NOAA_survey,Florida Keys,Natural colony,2,1.9890410958904101,0,1,1,3,0
NOAA_survey::TR3-t943,NOAA_survey,Florida Keys,Restoration fragment,1,1.23287671232877,0,0,0,2,0
NOAA_survey::WF1-t401,NOAA_survey,Curacao,Natural colony,4,4.063013698630135,0,0,0,1.5,0
NOAA_survey::WF1-t402,NOAA_survey,Curacao,Natural colony,4,4.063013698630135,0,0,0,1.5,0
NOAA_survey::WF1-t403,NOAA_survey,Curacao,Natural colony,4,4.063013698630135,0,1,1,1.5,0
NOAA_survey::WF1-t404,NOAA_survey,Curacao,Natural colony,3,4.063013698630135,1,0,0,1.6666666666666667,0
NOAA_survey::WF1-t404,NOAA_survey,Curacao,Restoration fragment,1,1.05753424657534,0,0,0,1,0
NOAA_survey::WF1-t405,NOAA_survey,Curacao,Natural colony,4,4.063013698630135,0,0,0,1.5,0
NOAA_survey::WF1-t406,NOAA_survey,Curacao,Natural colony,4,4.063013698630135,0,1,1,1.5,0
NOAA_survey::WF1-t407,NOAA_survey,Curacao,Natural colony,4,4.063013698630135,1,0,0,1.5,0
NOAA_survey::WF1-t408,NOAA_survey,Curacao,Natural colony,1,1.05753424657534,1,0,0,1,0
NOAA_survey::WF1-t409,NOAA_survey,Curacao,Natural colony,4,4.063013698630135,0,0,0,1.5,0
NOAA_survey::WF1-t410,NOAA_survey,Curacao,Natural colony,4,4.063013698630135,0,0,0,1.5,0
NOAA_survey::WF1-t411,NOAA_survey,Curacao,Natural colony,3,4.063013698630135,1,0,0,1.3333333333333333,0
NOAA_survey::WF1-t411,NOAA_survey,Curacao,Restoration fragment,1,3.021917808219175,0,0,0,2,0
NOAA_survey::WF1-t412,NOAA_survey,Curacao,Natural colony,4,4.063013698630135,0,0,0,1.5,0
NOAA_survey::WF1-t458,NOAA_survey,Curacao,Natural colony,2,2.04109589041096,0,0,0,2,0
NOAA_survey::WF2-t416,NOAA_survey,Curacao,Natural colony,4,4.06575342465753,0,1,1,1.5,0
NOAA_survey::WF2-t417,NOAA_survey,Curacao,Natural colony,4,4.06575342465753,0,0,0,1.5,0
NOAA_survey::WF2-t418,NOAA_survey,Curacao,Natural colony,2,2.021917808219175,0,0,0,1,0
NOAA_survey::WF2-t419,NOAA_survey,Curacao,Natural colony,4,4.06575342465753,1,3,1,1.5,0
NOAA_survey::WF2-t420,NOAA_survey,Curacao,Natural colony,4,4.06575342465753,0,1,1,1.5,0
NOAA_survey::WF2-t421,NOAA_survey,Curacao,Natural colony,4,4.06575342465753,0,0,0,1.5,0
NOAA_survey::WF2-t422,NOAA_survey,Curacao,Natural colony,4,4.06575342465753,0,0,0,1.5,0
NOAA_survey::WF2-t423,NOAA_survey,Curacao,Natural colony,4,4.06575342465753,0,0,0,1.5,0
NOAA_survey::WF2-t424,NOAA_survey,Curacao,Natural colony,4,4.06575342465753,0,1,1,1.5,0
NOAA_survey::WF2-t425,NOAA_survey,Curacao,Natural colony,4,4.06575342465753,0,0,0,1.5,0
NOAA_survey::WF2-t426,NOAA_survey,Curacao,Natural colony,2,2.021917808219175,1,0,0,1,0
NOAA_survey::WF2-t427,NOAA_survey,Curacao,Natural colony,4,4.06575342465753,0,0,0,1.5,0
NOAA_survey::WF2-t459,NOAA_survey,Curacao,Natural colony,2,2.043835616438356,0,1,1,2,0
NOAA_survey::WF2-t460,NOAA_survey,Curacao,Natural colony,2,2.043835616438356,0,0,0,2,0
NOAA_survey::WF3-t431,NOAA_survey,Curacao,Natural colony,4,4.065753424657534,0,0,0,1.5,0
NOAA_survey::WF3-t432,NOAA_survey,Curacao,Natural colony,1,1.06575342465753,0,0,0,1,0
NOAA_survey::WF3-t433,NOAA_survey,Curacao,Natural colony,4,4.065753424657534,0,1,1,1.5,0
NOAA_survey::WF3-t434,NOAA_survey,Curacao,Natural colony,4,4.065753424657534,1,0,0,1.5,0
NOAA_survey::WF3-t435,NOAA_survey,Curacao,Natural colony,1,1.06575342465753,1,0,0,1,0
NOAA_survey::WF3-t436,NOAA_survey,Curacao,Natural colony,4,4.065753424657534,1,0,0,1.5,0
NOAA_survey::WF3-t437,NOAA_survey,Curacao,Natural colony,3,4.065753424657534,1,1,1,1.3333333333333333,0
NOAA_survey::WF3-t437,NOAA_survey,Curacao,Restoration fragment,1,3.021917808219174,0,1,1,2,0
NOAA_survey::WF3-t438,NOAA_survey,Curacao,Natural colony,1,1.06575342465753,1,0,0,1,0
NOAA_survey::WF3-t439,NOAA_survey,Curacao,Natural colony,4,4.065753424657534,1,1,1,1.5,0
NOAA_survey::WF3-t440,NOAA_survey,Curacao,Natural colony,2,2.021917808219174,1,0,0,1,0
NOAA_survey::WF3-t441,NOAA_survey,Curacao,Natural colony,1,1.06575342465753,1,0,0,1,0
NOAA_survey::WF3-t442,NOAA_survey,Curacao,Natural colony,2,2.021917808219174,1,0,0,1,0
NOAA_survey::WF3-t461,NOAA_survey,Curacao,Natural colony,1,2.04383561643836,0,1,1,2,0
NOAA_survey::WF3-t461,NOAA_survey,Curacao,Restoration fragment,1,1,0,0,0,2,0
NOAA_survey::WF3-t462,NOAA_survey,Curacao,Restoration fragment,2,2.04383561643836,0,2,1,2,0
NOAA_survey::WF3-t463,NOAA_survey,Curacao,Natural colony,1,2.04383561643836,0,0,0,2,0
NOAA_survey::WF3-t463,NOAA_survey,Curacao,Restoration fragment,1,1,0,0,0,2,0
NOAA_survey::WF3-t464,NOAA_survey,Curacao,Natural colony,2,2.04383561643836,0,0,0,2,0
NOAA_survey::WF3-t465,NOAA_survey,Curacao,Natural colony,2,2.04383561643836,0,1,1,2,0
NOAA_survey::WF3-t466,NOAA_survey,Curacao,Natural colony,2,2.04383561643836,0,0,0,2,0
USGS_USVI_exp::111,USGS_USVI_exp,US Virgin Islands,Restoration fragment,1,1,1,0,0,1,0
USGS_USVI_exp::112,USGS_USVI_exp,US Virgin Islands,Restoration fragment,1,1,1,0,0,1,0
USGS_USVI_exp::113,USGS_USVI_exp,US Virgin Islands,Restoration fragment,1,1,1,0,0,1,0
USGS_USVI_exp::114,USGS_USVI_exp,US Virgin Islands,Restoration fragment,1,1,1,0,0,1,0
USGS_USVI_exp::115,USGS_USVI_exp,US Virgin Islands,Restoration fragment,1,1,1,0,0,1,0
USGS_USVI_exp::116,USGS_USVI_exp,US Virgin Islands,Restoration fragment,2,2.08333333333333,0,0,0,1.5,0.5
USGS_USVI_exp::117,USGS_USVI_exp,US Virgin Islands,Restoration fragment,2,2.08333333333333,0,0,0,1.5,0.5
USGS_USVI_exp::119,USGS_USVI_exp,US Virgin Islands,Restoration fragment,1,1,1,0,0,1,0
USGS_USVI_exp::120,USGS_USVI_exp,US Virgin Islands,Restoration fragment,1,1,1,0,0,1,0
USGS_USVI_exp::163,USGS_USVI_exp,US Virgin Islands,Restoration fragment,2,2.08333333333333,0,0,0,1.5,0.5
USGS_USVI_exp::164,USGS_USVI_exp,US Virgin Islands,Restoration fragment,2,2.08333333333333,0,0,0,1.5,0.5
USGS_USVI_exp::166,USGS_USVI_exp,US Virgin Islands,Restoration fragment,2,2.08333333333333,0,0,0,1.5,0.5
USGS_USVI_exp::167,USGS_USVI_exp,US Virgin Islands,Restoration fragment,1,1,1,0,0,1,0
USGS_USVI_exp::168,USGS_USVI_exp,US Virgin Islands,Restoration fragment,1,1,1,0,0,1,0
USGS_USVI_exp::170,USGS_USVI_exp,US Virgin Islands,Restoration fragment,2,2.08333333333333,0,0,0,1.5,0.5
USGS_USVI_exp::171,USGS_USVI_exp,US Virgin Islands,Restoration fragment,2,2.08333333333333,0,0,0,1.5,0.5
USGS_USVI_exp::172,USGS_USVI_exp,US Virgin Islands,Restoration fragment,1,1,1,0,0,1,0
USGS_USVI_exp::173,USGS_USVI_exp,US Virgin Islands,Restoration fragment,1,1,1,0,0,1,0
USGS_USVI_exp::174,USGS_USVI_exp,US Virgin Islands,Restoration fragment,2,2.08333333333333,0,0,0,1.5,0.5
USGS_USVI_exp::175,USGS_USVI_exp,US Virgin Islands,Restoration fragment,2,2.08333333333333,1,0,0,1.5,0.5
USGS_USVI_exp::177,USGS_USVI_exp,US Virgin Islands,Restoration fragment,1,1,1,0,0,1,0
USGS_USVI_exp::178,USGS_USVI_exp,US Virgin Islands,Restoration fragment,2,2.08333333333333,0,0,0,1.5,0.5
USGS_USVI_exp::180,USGS_USVI_exp,US Virgin Islands,Restoration fragment,2,2.08333333333333,1,0,0,1.5,0.5
USGS_USVI_exp::181,USGS_USVI_exp,US Virgin Islands,Restoration fragment,1,1,1,0,0,1,0
USGS_USVI_exp::182,USGS_USVI_exp,US Virgin Islands,Restoration fragment,2,2.08333333333333,0,0,0,1.5,0.5
USGS_USVI_exp::183,USGS_USVI_exp,US Virgin Islands,Restoration fragment,2,2.08333333333333,0,0,0,1.5,0.5
USGS_USVI_exp::184,USGS_USVI_exp,US Virgin Islands,Restoration fragment,2,2.08333333333333,0,0,0,1.5,0.5
USGS_USVI_exp::185,USGS_USVI_exp,US Virgin Islands,Restoration fragment,1,1,1,0,0,1,0
USGS_USVI_exp::186,USGS_USVI_exp,US Virgin Islands,Restoration fragment,2,2.08333333333333,0,0,0,1.5,0.5
USGS_USVI_exp::187,USGS_USVI_exp,US Virgin Islands,Restoration fragment,2,2.08333333333333,0,0,0,1.5,0.5
fundemar_fragments::1.1.1.1,fundemar_fragments,Dominican Republic,Restoration fragment,1,1.02191780821918,0,0,0,2,1
fundemar_fragments::1.1.1.2,fundemar_fragments,Dominican Republic,Restoration fragment,1,1.02191780821918,0,0,0,2,1
fundemar_fragments::1.1.1.3,fundemar_fragments,Dominican Republic,Restoration fragment,1,1.02191780821918,0,0,0,2,1
fundemar_fragments::1.1.1.4,fundemar_fragments,Dominican Republic,Restoration fragment,1,1.02191780821918,0,0,0,2,1
fundemar_fragments::1.1.1.5,fundemar_fragments,Dominican Republic,Restoration fragment,1,1.02191780821918,0,0,0,2,1
fundemar_fragments::1.1.1.6,fundemar_fragments,Dominican Republic,Restoration fragment,1,1.02191780821918,0,0,0,2,1
fundemar_fragments::1.1.1.7,fundemar_fragments,Dominican Republic,Restoration fragment,1,1.02191780821918,0,0,0,2,1
fundemar_fragments::1.2.2.1,fundemar_fragments,Dominican Republic,Restoration fragment,1,1.02191780821918,0,0,0,2,1
fundemar_fragments::1.2.2.2,fundemar_fragments,Dominican Republic,Restoration fragment,1,1.02191780821918,1,0,0,2,1
fundemar_fragments::1.2.2.3,fundemar_fragments,Dominican Republic,Restoration fragment,1,1.02191780821918,0,0,0,2,1
fundemar_fragments::1.2.2.4,fundemar_fragments,Dominican Republic,Restoration fragment,1,1.02191780821918,0,0,0,2,1
fundemar_fragments::1.2.2.5,fundemar_fragments,Dominican Republic,Restoration fragment,1,1.02191780821918,0,0,0,2,1
fundemar_fragments::1.2.2.6,fundemar_fragments,Dominican Republic,Restoration fragment,1,1.02191780821918,0,0,0,2,1
fundemar_fragments::1.2.2.7,fundemar_fragments,Dominican Republic,Restoration fragment,1,1.02191780821918,0,0,0,2,1
fundemar_fragments::1.3.3.1,fundemar_fragments,Dominican Republic,Restoration fragment,1,1.02191780821918,1,0,0,2,1
fundemar_fragments::1.3.3.5,fundemar_fragments,Dominican Republic,Restoration fragment,1,1.02191780821918,0,1,1,2,1
fundemar_fragments::1.3.3.6,fundemar_fragments,Dominican Republic,Restoration fragment,1,1.02191780821918,1,0,0,2,1
fundemar_fragments::1.3.3.7,fundemar_fragments,Dominican Republic,Restoration fragment,1,1.02191780821918,0,1,1,2,1
fundemar_fragments::1.4.4.1,fundemar_fragments,Dominican Republic,Restoration fragment,1,1.02191780821918,1,0,0,2,1
fundemar_fragments::1.4.4.2,fundemar_fragments,Dominican Republic,Restoration fragment,1,1.02191780821918,0,0,0,2,1
fundemar_fragments::1.4.4.3,fundemar_fragments,Dominican Republic,Restoration fragment,1,1.02191780821918,1,0,0,2,1
fundemar_fragments::1.4.4.4,fundemar_fragments,Dominican Republic,Restoration fragment,1,1.02191780821918,1,0,0,2,1
fundemar_fragments::1.4.4.5,fundemar_fragments,Dominican Republic,Restoration fragment,1,1.02191780821918,0,0,0,2,1
fundemar_fragments::1.4.4.6,fundemar_fragments,Dominican Republic,Restoration fragment,1,1.02191780821918,0,1,1,2,1
fundemar_fragments::1.4.4.7,fundemar_fragments,Dominican Republic,Restoration fragment,1,1.02191780821918,0,0,0,2,1
fundemar_fragments::1.5.5.1,fundemar_fragments,Dominican Republic,Restoration fragment,1,1.02191780821918,0,0,0,2,1
fundemar_fragments::1.5.5.2,fundemar_fragments,Dominican Republic,Restoration fragment,1,1.02191780821918,0,0,0,2,1
fundemar_fragments::1.5.5.3,fundemar_fragments,Dominican Republic,Restoration fragment,1,1.02191780821918,0,0,0,2,1
fundemar_fragments::1.5.5.4,fundemar_fragments,Dominican Republic,Restoration fragment,1,1.02191780821918,0,0,0,2,1
fundemar_fragments::1.5.5.5,fundemar_fragments,Dominican Republic,Restoration fragment,1,1.02191780821918,0,0,0,2,1
fundemar_fragments::1.5.5.6,fundemar_fragments,Dominican Republic,Restoration fragment,1,1.02191780821918,0,0,0,2,1
fundemar_fragments::1.6.6.1,fundemar_fragments,Dominican Republic,Restoration fragment,1,1.02191780821918,0,0,0,2,1
fundemar_fragments::1.6.6.2,fundemar_fragments,Dominican Republic,Restoration fragment,1,1.02191780821918,0,0,0,2,1
fundemar_fragments::1.6.6.3,fundemar_fragments,Dominican Republic,Restoration fragment,1,1.02191780821918,0,0,0,2,1
fundemar_fragments::1.6.6.4,fundemar_fragments,Dominican Republic,Restoration fragment,1,1.02191780821918,0,0,0,2,1
fundemar_fragments::1.6.6.5,fundemar_fragments,Dominican Republic,Restoration fragment,1,1.02191780821918,0,0,0,2,1
fundemar_fragments::1.6.6.6,fundemar_fragments,Dominican Republic,Restoration fragment,1,1.02191780821918,0,0,0,2,1
fundemar_fragments::1.6.6.7,fundemar_fragments,Dominican Republic,Restoration fragment,1,1.02191780821918,0,0,0,2,1
fundemar_fragments::1.7.7.2,fundemar_fragments,Dominican Republic,Restoration fragment,1,1.02191780821918,0,0,0,2,1
fundemar_fragments::1.7.7.3,fundemar_fragments,Dominican Republic,Restoration fragment,1,1.02191780821918,0,0,0,2,1
fundemar_fragments::1.7.7.4,fundemar_fragments,Dominican Republic,Restoration fragment,1,1.02191780821918,0,0,0,2,1
fundemar_fragments::1.7.7.5,fundemar_fragments,Dominican Republic,Restoration fragment,1,1.02191780821918,0,0,0,2,1
fundemar_fragments::1.7.7.6,fundemar_fragments,Dominican Republic,Restoration fragment,1,1.02191780821918,0,0,0,2,1
fundemar_fragments::1.7.7.7,fundemar_fragments,Dominican Republic,Restoration fragment,1,1.02191780821918,0,0,0,2,1
kuffner_et_al_2020::500,kuffner_et_al_2020,Florida Keys,Restoration fragment,1,1,0,0,0,2,0
kuffner_et_al_2020::501,kuffner_et_al_2020,Florida Keys,Restoration fragment,1,1,0,0,0,2,0
kuffner_et_al_2020::502,kuffner_et_al_2020,Florida Keys,Restoration fragment,1,1,0,0,0,2,0
kuffner_et_al_2020::503,kuffner_et_al_2020,Florida Keys,Restoration fragment,1,1,0,0,0,2,0
kuffner_et_al_2020::504,kuffner_et_al_2020,Florida Keys,Restoration fragment,1,1,0,1,1,2,0
kuffner_et_al_2020::505,kuffner_et_al_2020,Florida Keys,Restoration fragment,1,1,0,0,0,2,0
kuffner_et_al_2020::506,kuffner_et_al_2020,Florida Keys,Restoration fragment,1,1,0,0,0,2,0
kuffner_et_al_2020::507,kuffner_et_al_2020,Florida Keys,Restoration fragment,1,1,1,0,0,2,0
kuffner_et_al_2020::508,kuffner_et_al_2020,Florida Keys,Restoration fragment,1,1,0,0,0,2,0
kuffner_et_al_2020::509,kuffner_et_al_2020,Florida Keys,Restoration fragment,1,1,0,0,0,2,0
kuffner_et_al_2020::510,kuffner_et_al_2020,Florida Keys,Restoration fragment,1,1,0,0,0,2,0
kuffner_et_al_2020::511,kuffner_et_al_2020,Florida Keys,Restoration fragment,1,1,0,1,1,2,0
kuffner_et_al_2020::512,kuffner_et_al_2020,Florida Keys,Restoration fragment,1,1,0,0,0,2,0
kuffner_et_al_2020::513,kuffner_et_al_2020,Florida Keys,Restoration fragment,1,1,1,0,0,2,0
kuffner_et_al_2020::514,kuffner_et_al_2020,Florida Keys,Restoration fragment,1,1,1,0,0,2,0
kuffner_et_al_2020::515,kuffner_et_al_2020,Florida Keys,Restoration fragment,1,1,0,0,0,2,0
kuffner_et_al_2020::516,kuffner_et_al_2020,Florida Keys,Restoration fragment,1,1,0,0,0,2,0
kuffner_et_al_2020::518,kuffner_et_al_2020,Florida Keys,Restoration fragment,1,1,1,0,0,2,0
kuffner_et_al_2020::519,kuffner_et_al_2020,Florida Keys,Restoration fragment,1,1,0,0,0,2,0
kuffner_et_al_2020::520,kuffner_et_al_2020,Dry Tortugas,Restoration fragment,1,1,0,0,0,2,0
kuffner_et_al_2020::521,kuffner_et_al_2020,Dry Tortugas,Restoration fragment,1,1,0,0,0,2,0
kuffner_et_al_2020::522,kuffner_et_al_2020,Dry Tortugas,Restoration fragment,1,1,0,0,0,2,0
kuffner_et_al_2020::523,kuffner_et_al_2020,Dry Tortugas,Restoration fragment,1,1,0,0,0,2,0
kuffner_et_al_2020::524,kuffner_et_al_2020,Dry Tortugas,Restoration fragment,1,1,0,0,0,2,0
kuffner_et_al_2020::525,kuffner_et_al_2020,Dry Tortugas,Restoration fragment,1,1,0,0,0,2,0
kuffner_et_al_2020::526,kuffner_et_al_2020,Dry Tortugas,Restoration fragment,1,1,0,0,0,2,0
kuffner_et_al_2020::527,kuffner_et_al_2020,Dry Tortugas,Restoration fragment,1,1,0,0,0,2,0
kuffner_et_al_2020::528,kuffner_et_al_2020,Dry Tortugas,Restoration fragment,1,1,0,0,0,2,0
kuffner_et_al_2020::529,kuffner_et_al_2020,Dry Tortugas,Restoration fragment,1,1,0,0,0,2,0
kuffner_et_al_2020::530,kuffner_et_al_2020,Florida Keys,Restoration fragment,1,1,0,0,0,2,0
kuffner_et_al_2020::531,kuffner_et_al_2020,Florida Keys,Restoration fragment,1,1,1,0,0,2,0
kuffner_et_al_2020::532,kuffner_et_al_2020,Florida Keys,Restoration fragment,1,1,1,0,0,2,0
kuffner_et_al_2020::533,kuffner_et_al_2020,Florida Keys,Restoration fragment,1,1,1,0,0,2,0
kuffner_et_al_2020::534,kuffner_et_al_2020,Florida Keys,Restoration fragment,1,1,0,0,0,2,0
kuffner_et_al_2020::535,kuffner_et_al_2020,Florida Keys,Restoration fragment,1,1,0,0,0,2,0
kuffner_et_al_2020::536,kuffner_et_al_2020,Florida Keys,Restoration fragment,1,1,0,0,0,2,0
kuffner_et_al_2020::537,kuffner_et_al_2020,Florida Keys,Restoration fragment,1,1,1,0,0,2,0
kuffner_et_al_2020::538,kuffner_et_al_2020,Florida Keys,Restoration fragment,1,1,1,0,0,2,0
kuffner_et_al_2020::539,kuffner_et_al_2020,Florida Keys,Restoration fragment,1,1,1,0,0,2,0
kuffner_et_al_2020::540,kuffner_et_al_2020,Dry Tortugas,Restoration fragment,1,1,0,0,0,2,0
kuffner_et_al_2020::541,kuffner_et_al_2020,Dry Tortugas,Restoration fragment,1,1,0,0,0,2,0
kuffner_et_al_2020::542,kuffner_et_al_2020,Dry Tortugas,Restoration fragment,1,1,0,0,0,2,0
kuffner_et_al_2020::543,kuffner_et_al_2020,Dry Tortugas,Restoration fragment,1,1,0,0,0,2,0
kuffner_et_al_2020::544,kuffner_et_al_2020,Dry Tortugas,Restoration fragment,1,1,0,0,0,2,0
kuffner_et_al_2020::545,kuffner_et_al_2020,Dry Tortugas,Restoration fragment,1,1,0,0,0,2,0
kuffner_et_al_2020::546,kuffner_et_al_2020,Dry Tortugas,Restoration fragment,1,1,0,0,0,2,0
kuffner_et_al_2020::547,kuffner_et_al_2020,Dry Tortugas,Restoration fragment,1,1,0,0,0,2,0
kuffner_et_al_2020::548,kuffner_et_al_2020,Dry Tortugas,Restoration fragment,1,1,0,0,0,2,0
kuffner_et_al_2020::549,kuffner_et_al_2020,Dry Tortugas,Restoration fragment,1,1,0,0,0,2,0
kuffner_et_al_2020::550,kuffner_et_al_2020,Dry Tortugas,Restoration fragment,1,1,0,0,0,2,0
kuffner_et_al_2020::551,kuffner_et_al_2020,Dry Tortugas,Restoration fragment,1,1,0,0,0,2,0
kuffner_et_al_2020::555,kuffner_et_al_2020,Dry Tortugas,Restoration fragment,1,1,0,0,0,2,0
kuffner_et_al_2020::558,kuffner_et_al_2020,Dry Tortugas,Restoration fragment,1,1,0,0,0,2,0
mendoza_quiroz_et_al_2023::101/234,mendoza_quiroz_et_al_2023,Mexican Caribbean,Natural colony,1,1,0,0,0,2,0
mendoza_quiroz_et_al_2023::112,mendoza_quiroz_et_al_2023,Mexican Caribbean,Natural colony,1,1,0,1,1,2,0
mendoza_quiroz_et_al_2023::115/231,mendoza_quiroz_et_al_2023,Mexican Caribbean,Natural colony,1,1,0,1,1,2,0
mendoza_quiroz_et_al_2023::120,mendoza_quiroz_et_al_2023,Mexican Caribbean,Natural colony,1,1,0,0,0,2,0
mendoza_quiroz_et_al_2023::125,mendoza_quiroz_et_al_2023,Mexican Caribbean,Natural colony,1,1,0,1,1,2,0
mendoza_quiroz_et_al_2023::14,mendoza_quiroz_et_al_2023,Mexican Caribbean,Natural colony,1,1,0,0,0,2,0
mendoza_quiroz_et_al_2023::28/324,mendoza_quiroz_et_al_2023,Mexican Caribbean,Natural colony,1,1,0,0,0,2,0
mendoza_quiroz_et_al_2023::284/235,mendoza_quiroz_et_al_2023,Mexican Caribbean,Natural colony,1,1,0,1,1,2,0
mendoza_quiroz_et_al_2023::285/399/190,mendoza_quiroz_et_al_2023,Mexican Caribbean,Natural colony,1,1,0,0,0,2,0
mendoza_quiroz_et_al_2023::33,mendoza_quiroz_et_al_2023,Mexican Caribbean,Natural colony,1,1,0,1,1,2,0
mendoza_quiroz_et_al_2023::36/441,mendoza_quiroz_et_al_2023,Mexican Caribbean,Natural colony,1,1,0,1,1,2,0
mendoza_quiroz_et_al_2023::39/90,mendoza_quiroz_et_al_2023,Mexican Caribbean,Natural colony,1,1,0,0,0,2,0
mendoza_quiroz_et_al_2023::46/442,mendoza_quiroz_et_al_2023,Mexican Caribbean,Natural colony,1,1,0,1,1,2,0
mendoza_quiroz_et_al_2023::49,mendoza_quiroz_et_al_2023,Mexican Caribbean,Natural colony,1,1,0,0,0,2,0
mendoza_quiroz_et_al_2023::60/393/443,mendoza_quiroz_et_al_2023,Mexican Caribbean,Natural colony,1,1,0,0,0,2,0
mendoza_quiroz_et_al_2023::87,mendoza_quiroz_et_al_2023,Mexican Caribbean,Natural colony,1,1,0,1,1,2,0
mendoza_quiroz_et_al_2023::AP1108,mendoza_quiroz_et_al_2023,Mexican Caribbean,Natural colony,1,1,0,0,0,2,0
mendoza_quiroz_et_al_2023::AP1111,mendoza_quiroz_et_al_2023,Mexican Caribbean,Natural colony,1,1,0,0,0,2,0
mendoza_quiroz_et_al_2023::AP1117,mendoza_quiroz_et_al_2023,Mexican Caribbean,Natural colony,1,1,0,0,0,2,0
mendoza_quiroz_et_al_2023::AP1119,mendoza_quiroz_et_al_2023,Mexican Caribbean,Natural colony,1,1,0,0,0,2,0
mendoza_quiroz_et_al_2023::AP1120,mendoza_quiroz_et_al_2023,Mexican Caribbean,Natural colony,1,1,0,0,0,2,0
mendoza_quiroz_et_al_2023::AP1123,mendoza_quiroz_et_al_2023,Mexican Caribbean,Natural colony,1,1,0,0,0,2,0
mendoza_quiroz_et_al_2023::AP1126,mendoza_quiroz_et_al_2023,Mexican Caribbean,Natural colony,1,1,0,0,0,2,0
mendoza_quiroz_et_al_2023::AP1128,mendoza_quiroz_et_al_2023,Mexican Caribbean,Natural colony,1,1,0,0,0,2,0
mendoza_quiroz_et_al_2023::AP1191,mendoza_quiroz_et_al_2023,Mexican Caribbean,Natural colony,1,1,0,0,0,2,0
mendoza_quiroz_et_al_2023::AP1203,mendoza_quiroz_et_al_2023,Mexican Caribbean,Natural colony,1,1.08219178082192,0,0,0,2,0
mendoza_quiroz_et_al_2023::AP1206,mendoza_quiroz_et_al_2023,Mexican Caribbean,Natural colony,1,1,0,0,0,2,0
mendoza_quiroz_et_al_2023::AP1207,mendoza_quiroz_et_al_2023,Mexican Caribbean,Natural colony,1,1,0,0,0,2,0
mendoza_quiroz_et_al_2023::AP1210,mendoza_quiroz_et_al_2023,Mexican Caribbean,Natural colony,1,1.08219178082192,0,0,0,2,0
mendoza_quiroz_et_al_2023::AP1221,mendoza_quiroz_et_al_2023,Mexican Caribbean,Natural colony,1,1,0,0,0,2,0
mendoza_quiroz_et_al_2023::AP1226,mendoza_quiroz_et_al_2023,Mexican Caribbean,Natural colony,1,1,0,0,0,2,0
mendoza_quiroz_et_al_2023::AP1231,mendoza_quiroz_et_al_2023,Mexican Caribbean,Natural colony,1,1.08219178082192,0,0,0,2,0
mendoza_quiroz_et_al_2023::AP1236,mendoza_quiroz_et_al_2023,Mexican Caribbean,Natural colony,1,1.08219178082192,0,0,0,2,0
mendoza_quiroz_et_al_2023::AP1238,mendoza_quiroz_et_al_2023,Mexican Caribbean,Natural colony,1,1,0,0,0,2,0
mendoza_quiroz_et_al_2023::AP1241,mendoza_quiroz_et_al_2023,Mexican Caribbean,Natural colony,1,1.08219178082192,0,0,0,2,0
mendoza_quiroz_et_al_2023::AP1243,mendoza_quiroz_et_al_2023,Mexican Caribbean,Natural colony,1,1.08219178082192,0,0,0,2,0
mendoza_quiroz_et_al_2023::AP1248,mendoza_quiroz_et_al_2023,Mexican Caribbean,Natural colony,1,1,0,0,0,2,0
mendoza_quiroz_et_al_2023::AP1252,mendoza_quiroz_et_al_2023,Mexican Caribbean,Natural colony,1,1.08219178082192,0,0,0,2,0
mendoza_quiroz_et_al_2023::AP1264,mendoza_quiroz_et_al_2023,Mexican Caribbean,Natural colony,1,1.08219178082192,0,0,0,2,0
mendoza_quiroz_et_al_2023::AP1265,mendoza_quiroz_et_al_2023,Mexican Caribbean,Natural colony,1,1,0,0,0,2,0
mendoza_quiroz_et_al_2023::AP1270,mendoza_quiroz_et_al_2023,Mexican Caribbean,Natural colony,1,1.08219178082192,0,0,0,2,0
mendoza_quiroz_et_al_2023::AP1276,mendoza_quiroz_et_al_2023,Mexican Caribbean,Natural colony,1,1.08219178082192,0,0,0,2,0
mendoza_quiroz_et_al_2023::AP1277,mendoza_quiroz_et_al_2023,Mexican Caribbean,Natural colony,1,1.08219178082192,0,0,0,2,0
mendoza_quiroz_et_al_2023::AP1278,mendoza_quiroz_et_al_2023,Mexican Caribbean,Natural colony,1,1.08219178082192,0,0,0,2,0
mendoza_quiroz_et_al_2023::AP1280,mendoza_quiroz_et_al_2023,Mexican Caribbean,Natural colony,1,1,0,0,0,2,0
mendoza_quiroz_et_al_2023::AP1286,mendoza_quiroz_et_al_2023,Mexican Caribbean,Natural colony,1,1,0,0,0,2,0
mendoza_quiroz_et_al_2023::AP1289,mendoza_quiroz_et_al_2023,Mexican Caribbean,Natural colony,1,1.08219178082192,0,0,0,2,0
mendoza_quiroz_et_al_2023::AP1290,mendoza_quiroz_et_al_2023,Mexican Caribbean,Natural colony,1,1.08219178082192,0,0,0,2,0
mendoza_quiroz_et_al_2023::AP1293,mendoza_quiroz_et_al_2023,Mexican Caribbean,Natural colony,1,1.08219178082192,0,0,0,2,0
mendoza_quiroz_et_al_2023::AP1294,mendoza_quiroz_et_al_2023,Mexican Caribbean,Natural colony,1,1.08219178082192,0,0,0,2,0
mendoza_quiroz_et_al_2023::AP1295,mendoza_quiroz_et_al_2023,Mexican Caribbean,Natural colony,1,1.08219178082192,0,0,0,2,0
mendoza_quiroz_et_al_2023::AP1297,mendoza_quiroz_et_al_2023,Mexican Caribbean,Natural colony,1,1,0,0,0,2,0
neely_et_al_2022::BB1-1,neely_et_al_2022,Florida Keys,Natural colony,4,3.586584531143053,0,2,1,2.5,0
neely_et_al_2022::BB1-10,neely_et_al_2022,Florida Keys,Natural colony,2,1.6071184120465434,1,0,0,2,0
neely_et_al_2022::BB1-11,neely_et_al_2022,Florida Keys,Natural colony,2,1.6071184120465434,1,1,1,2,0
neely_et_al_2022::BB1-12,neely_et_al_2022,Florida Keys,Natural colony,4,3.586584531143053,0,3,1,2.5,0
neely_et_al_2022::BB1-13,neely_et_al_2022,Florida Keys,Natural colony,3,2.6611909650924024,1,1,1,2.3333333333333335,0
neely_et_al_2022::BB1-14,neely_et_al_2022,Florida Keys,Natural colony,4,3.586584531143053,0,1,1,2.5,0
neely_et_al_2022::BB1-15,neely_et_al_2022,Florida Keys,Natural colony,4,3.586584531143053,0,2,1,2.5,0
neely_et_al_2022::BB1-16,neely_et_al_2022,Florida Keys,Natural colony,3,2.6611909650924024,1,2,1,2.3333333333333335,0
neely_et_al_2022::BB1-17,neely_et_al_2022,Florida Keys,Natural colony,3,2.6611909650924024,1,0,0,2.3333333333333335,0
neely_et_al_2022::BB1-18,neely_et_al_2022,Florida Keys,Natural colony,4,3.586584531143053,0,1,1,2.5,0
neely_et_al_2022::BB1-19,neely_et_al_2022,Florida Keys,Natural colony,1,0.459958932238193,1,0,0,2,0
neely_et_al_2022::BB1-2,neely_et_al_2022,Florida Keys,Natural colony,4,3.586584531143053,0,1,1,2.5,0
neely_et_al_2022::BB1-20,neely_et_al_2022,Florida Keys,Natural colony,1,0.459958932238193,1,0,0,2,0
neely_et_al_2022::BB1-21,neely_et_al_2022,Florida Keys,Natural colony,1,0.459958932238193,1,0,0,2,0
neely_et_al_2022::BB1-22,neely_et_al_2022,Florida Keys,Natural colony,1,0.459958932238193,1,0,0,2,0
neely_et_al_2022::BB1-23,neely_et_al_2022,Florida Keys,Natural colony,3,2.855578370978782,1,1,1,2.6666666666666665,0
neely_et_al_2022::BB1-24,neely_et_al_2022,Florida Keys,Natural colony,3,2.855578370978782,1,1,1,2.6666666666666665,0
neely_et_al_2022::BB1-25,neely_et_al_2022,Florida Keys,Natural colony,1,0.8761122518822724,1,0,0,2,0
neely_et_al_2022::BB1-26,neely_et_al_2022,Florida Keys,Natural colony,1,0.8761122518822724,1,0,0,2,0
neely_et_al_2022::BB1-27,neely_et_al_2022,Florida Keys,Natural colony,3,2.855578370978782,1,1,1,2.6666666666666665,0
neely_et_al_2022::BB1-28,neely_et_al_2022,Florida Keys,Natural colony,2,1.9794661190965095,1,1,1,3,0
neely_et_al_2022::BB1-29,neely_et_al_2022,Florida Keys,Natural colony,2,1.9794661190965095,1,1,1,3,0
neely_et_al_2022::BB1-3,neely_et_al_2022,Florida Keys,Natural colony,4,3.586584531143053,0,0,0,2.5,0
neely_et_al_2022::BB1-30,neely_et_al_2022,Florida Keys,Natural colony,2,1.9794661190965095,0,0,0,3,0
neely_et_al_2022::BB1-31,neely_et_al_2022,Florida Keys,Natural colony,2,1.9794661190965095,0,1,1,3,0
neely_et_al_2022::BB1-32,neely_et_al_2022,Florida Keys,Natural colony,1,0.9253935660506504,1,0,0,3,0
neely_et_al_2022::BB1-33,neely_et_al_2022,Florida Keys,Natural colony,1,0.9253935660506504,0,1,1,3,0
neely_et_al_2022::BB1-4,neely_et_al_2022,Florida Keys,Natural colony,4,3.586584531143053,0,2,1,2.5,0
neely_et_al_2022::BB1-5,neely_et_al_2022,Florida Keys,Natural colony,1,1.1471594798083504,1,0,0,2,0
neely_et_al_2022::BB1-6,neely_et_al_2022,Florida Keys,Natural colony,4,3.586584531143053,0,2,1,2.5,0
neely_et_al_2022::BB1-7,neely_et_al_2022,Florida Keys,Natural colony,4,3.586584531143053,0,3,1,2.5,0
neely_et_al_2022::BB1-8,neely_et_al_2022,Florida Keys,Natural colony,1,1.1471594798083504,1,0,0,2,0
neely_et_al_2022::BB1-9,neely_et_al_2022,Florida Keys,Natural colony,4,3.586584531143053,1,2,1,2.5,0
neely_et_al_2022::BB2-1,neely_et_al_2022,Florida Keys,Natural colony,4,3.3675564681724848,1,1,1,2.5,0
neely_et_al_2022::BB2-10,neely_et_al_2022,Florida Keys,Natural colony,4,3.3675564681724848,0,2,1,2.5,0
neely_et_al_2022::BB2-11,neely_et_al_2022,Florida Keys,Natural colony,3,2.4421629021218343,1,1,1,2.3333333333333335,0
neely_et_al_2022::BB2-12,neely_et_al_2022,Florida Keys,Natural colony,3,2.4421629021218343,1,1,1,2.3333333333333335,0
neely_et_al_2022::BB2-13,neely_et_al_2022,Florida Keys,Natural colony,1,0.917180013689254,1,0,0,2,0
neely_et_al_2022::BB2-14,neely_et_al_2022,Florida Keys,Natural colony,4,3.3675564681724848,0,1,1,2.5,0
neely_et_al_2022::BB2-15,neely_et_al_2022,Florida Keys,Natural colony,1,0.917180013689254,1,0,0,2,0
neely_et_al_2022::BB2-16,neely_et_al_2022,Florida Keys,Natural colony,1,0.8761122518822724,1,0,0,2,0
neely_et_al_2022::BB2-17,neely_et_al_2022,Florida Keys,Natural colony,1,0.47091033538672145,1,0,0,2,0
neely_et_al_2022::BB2-18,neely_et_al_2022,Florida Keys,Natural colony,3,2.855578370978782,1,1,1,2.6666666666666665,0
neely_et_al_2022::BB2-19,neely_et_al_2022,Florida Keys,Natural colony,1,0.9253935660506504,0,0,0,3,0
neely_et_al_2022::BB2-2,neely_et_al_2022,Florida Keys,Natural colony,4,3.3675564681724848,0,2,1,2.5,0
neely_et_al_2022::BB2-20,neely_et_al_2022,Florida Keys,Natural colony,1,0.9253935660506504,1,0,0,3,0
neely_et_al_2022::BB2-21,neely_et_al_2022,Florida Keys,Natural colony,1,0.9253935660506504,1,0,0,3,0
neely_et_al_2022::BB2-22,neely_et_al_2022,Florida Keys,Natural colony,1,0.9253935660506504,1,0,0,3,0
neely_et_al_2022::BB2-3,neely_et_al_2022,Florida Keys,Natural colony,4,3.3675564681724848,0,3,1,2.5,0
neely_et_al_2022::BB2-4,neely_et_al_2022,Florida Keys,Natural colony,4,3.3675564681724848,0,3,1,2.5,0
neely_et_al_2022::BB2-5,neely_et_al_2022,Florida Keys,Natural colony,2,1.3880903490759753,1,1,1,2,0
neely_et_al_2022::BB2-6,neely_et_al_2022,Florida Keys,Natural colony,2,1.3880903490759753,1,1,1,2,0
neely_et_al_2022::BB2-7,neely_et_al_2022,Florida Keys,Natural colony,3,2.4421629021218343,1,1,1,2.3333333333333335,0
neely_et_al_2022::BB2-8,neely_et_al_2022,Florida Keys,Natural colony,4,3.3675564681724848,0,2,1,2.5,0
neely_et_al_2022::BB2-9,neely_et_al_2022,Florida Keys,Natural colony,2,1.3880903490759753,1,0,0,2,0
neely_et_al_2022::DT1-1,neely_et_al_2022,Florida Keys,Natural colony,2,1.590691307323751,1,0,0,2,0
neely_et_al_2022::DT1-10,neely_et_al_2022,Florida Keys,Natural colony,5,4.648870636550308,0,3,1,2.6,0
neely_et_al_2022::DT1-11,neely_et_al_2022,Florida Keys,Natural colony,5,4.648870636550308,0,2,1,2.6,0
neely_et_al_2022::DT1-12,neely_et_al_2022,Florida Keys,Natural colony,5,4.648870636550308,1,2,1,2.6,0
neely_et_al_2022::DT1-13,neely_et_al_2022,Florida Keys,Natural colony,5,4.648870636550308,0,2,1,2.6,0
neely_et_al_2022::DT1-14,neely_et_al_2022,Florida Keys,Natural colony,1,0.9774127310061602,1,0,0,2,0
neely_et_al_2022::DT1-15,neely_et_al_2022,Florida Keys,Natural colony,5,4.648870636550308,0,3,1,2.6,0
neely_et_al_2022::DT1-16,neely_et_al_2022,Florida Keys,Natural colony,1,0.9774127310061602,1,0,0,2,0
neely_et_al_2022::DT1-17,neely_et_al_2022,Florida Keys,Natural colony,5,4.648870636550308,0,2,1,2.6,0
neely_et_al_2022::DT1-18,neely_et_al_2022,Florida Keys,Natural colony,5,4.648870636550308,0,3,1,2.6,0
neely_et_al_2022::DT1-19,neely_et_al_2022,Florida Keys,Natural colony,5,4.648870636550308,0,4,1,2.6,0
neely_et_al_2022::DT1-2,neely_et_al_2022,Florida Keys,Natural colony,5,4.648870636550308,0,1,1,2.6,0
neely_et_al_2022::DT1-20,neely_et_al_2022,Florida Keys,Natural colony,5,4.648870636550308,0,3,1,2.6,0
neely_et_al_2022::DT1-21,neely_et_al_2022,Florida Keys,Natural colony,5,4.648870636550308,1,0,0,2.6,0
neely_et_al_2022::DT1-22,neely_et_al_2022,Florida Keys,Natural colony,5,4.648870636550308,1,1,1,2.6,0
neely_et_al_2022::DT1-23,neely_et_al_2022,Florida Keys,Natural colony,5,4.648870636550308,0,3,1,2.6,0
neely_et_al_2022::DT1-24,neely_et_al_2022,Florida Keys,Natural colony,5,4.648870636550308,0,2,1,2.6,0
neely_et_al_2022::DT1-25,neely_et_al_2022,Florida Keys,Natural colony,4,3.997262149212868,0,1,1,2.75,0
neely_et_al_2022::DT1-26,neely_et_al_2022,Florida Keys,Natural colony,5,4.648870636550308,0,2,1,2.6,0
neely_et_al_2022::DT1-27,neely_et_al_2022,Florida Keys,Natural colony,5,4.648870636550308,0,2,1,2.6,0
neely_et_al_2022::DT1-28,neely_et_al_2022,Florida Keys,Natural colony,5,4.648870636550308,0,2,1,2.6,0
neely_et_al_2022::DT1-29,neely_et_al_2022,Florida Keys,Natural colony,2,1.590691307323751,1,0,0,2,0
neely_et_al_2022::DT1-3,neely_et_al_2022,Florida Keys,Natural colony,2,1.590691307323751,1,0,0,2,0
neely_et_al_2022::DT1-30,neely_et_al_2022,Florida Keys,Natural colony,5,4.648870636550308,1,2,1,2.6,0
neely_et_al_2022::DT1-31,neely_et_al_2022,Florida Keys,Natural colony,5,4.648870636550308,0,2,1,2.6,0
neely_et_al_2022::DT1-32,neely_et_al_2022,Florida Keys,Natural colony,1,0.9774127310061602,1,0,0,2,0
neely_et_al_2022::DT1-33,neely_et_al_2022,Florida Keys,Natural colony,5,4.648870636550308,0,3,1,2.6,0
neely_et_al_2022::DT1-34,neely_et_al_2022,Florida Keys,Natural colony,5,4.648870636550308,0,4,1,2.6,0
neely_et_al_2022::DT1-35,neely_et_al_2022,Florida Keys,Natural colony,5,4.648870636550308,0,3,1,2.6,0
neely_et_al_2022::DT1-36,neely_et_al_2022,Florida Keys,Natural colony,5,4.648870636550308,0,1,1,2.6,0
neely_et_al_2022::DT1-37,neely_et_al_2022,Florida Keys,Natural colony,2,1.590691307323751,1,1,1,2,0
neely_et_al_2022::DT1-38,neely_et_al_2022,Florida Keys,Natural colony,4,3.589322381930185,1,1,1,2.5,0
neely_et_al_2022::DT1-39,neely_et_al_2022,Florida Keys,Natural colony,5,4.648870636550308,0,2,1,2.6,0
neely_et_al_2022::DT1-4,neely_et_al_2022,Florida Keys,Natural colony,2,1.6132785763175908,1,0,0,1,0
neely_et_al_2022::DT1-40,neely_et_al_2022,Florida Keys,Natural colony,5,4.648870636550308,0,2,1,2.6,0
neely_et_al_2022::DT1-41,neely_et_al_2022,Florida Keys,Natural colony,5,4.648870636550308,0,4,1,2.6,0
neely_et_al_2022::DT1-42,neely_et_al_2022,Florida Keys,Natural colony,2,1.590691307323751,0,1,1,2,0
neely_et_al_2022::DT1-43,neely_et_al_2022,Florida Keys,Natural colony,1,0.9390828199863108,1,0,0,2,0
neely_et_al_2022::DT1-44,neely_et_al_2022,Florida Keys,Natural colony,1,0.9774127310061602,1,0,0,2,0
neely_et_al_2022::DT1-45,neely_et_al_2022,Florida Keys,Natural colony,1,0.9774127310061602,1,0,0,2,0
neely_et_al_2022::DT1-46,neely_et_al_2022,Florida Keys,Natural colony,2,1.590691307323751,1,0,0,2,0
neely_et_al_2022::DT1-47,neely_et_al_2022,Florida Keys,Natural colony,1,0.9774127310061602,1,0,0,2,0
neely_et_al_2022::DT1-48,neely_et_al_2022,Florida Keys,Natural colony,5,4.648870636550308,0,2,1,2.6,0
neely_et_al_2022::DT1-49,neely_et_al_2022,Florida Keys,Natural colony,1,0.9774127310061602,1,0,0,2,0
neely_et_al_2022::DT1-5,neely_et_al_2022,Florida Keys,Natural colony,5,4.648870636550308,0,2,1,2.6,0
neely_et_al_2022::DT1-50,neely_et_al_2022,Florida Keys,Natural colony,1,0.9774127310061602,1,0,0,2,0
neely_et_al_2022::DT1-51,neely_et_al_2022,Florida Keys,Natural colony,5,4.648870636550308,0,2,1,2.6,0
neely_et_al_2022::DT1-52,neely_et_al_2022,Florida Keys,Natural colony,5,4.648870636550308,1,2,1,2.6,0
neely_et_al_2022::DT1-53,neely_et_al_2022,Florida Keys,Natural colony,1,0.9774127310061602,1,0,0,2,0
neely_et_al_2022::DT1-54,neely_et_al_2022,Florida Keys,Natural colony,5,4.648870636550308,1,3,1,2.6,0
neely_et_al_2022::DT1-55,neely_et_al_2022,Florida Keys,Natural colony,1,0.9774127310061602,1,0,0,2,0
neely_et_al_2022::DT1-56,neely_et_al_2022,Florida Keys,Natural colony,1,0.6132785763175906,1,0,0,2,0
neely_et_al_2022::DT1-57,neely_et_al_2022,Florida Keys,Natural colony,1,0.6132785763175906,1,0,0,2,0
neely_et_al_2022::DT1-58,neely_et_al_2022,Florida Keys,Natural colony,1,0.6132785763175906,1,0,0,2,0
neely_et_al_2022::DT1-59,neely_et_al_2022,Florida Keys,Natural colony,1,0.6132785763175906,1,0,0,2,0
neely_et_al_2022::DT1-6,neely_et_al_2022,Florida Keys,Natural colony,5,4.648870636550308,0,0,0,2.6,0
neely_et_al_2022::DT1-60,neely_et_al_2022,Florida Keys,Natural colony,1,0.6132785763175906,1,0,0,2,0
neely_et_al_2022::DT1-61,neely_et_al_2022,Florida Keys,Natural colony,1,0.6132785763175906,1,0,0,2,0
neely_et_al_2022::DT1-62,neely_et_al_2022,Florida Keys,Natural colony,4,3.671457905544148,0,2,1,2.75,0
neely_et_al_2022::DT1-63,neely_et_al_2022,Florida Keys,Natural colony,1,0.6132785763175906,1,0,0,2,0
neely_et_al_2022::DT1-64,neely_et_al_2022,Florida Keys,Natural colony,4,3.671457905544148,0,3,1,2.75,0
neely_et_al_2022::DT1-65,neely_et_al_2022,Florida Keys,Natural colony,1,0.6132785763175906,1,0,0,2,0
neely_et_al_2022::DT1-66,neely_et_al_2022,Florida Keys,Natural colony,1,0.6132785763175906,1,0,0,2,0
neely_et_al_2022::DT1-67,neely_et_al_2022,Florida Keys,Natural colony,1,0.6132785763175906,1,0,0,2,0
neely_et_al_2022::DT1-68,neely_et_al_2022,Florida Keys,Natural colony,4,3.997262149212868,0,1,1,2.75,0
neely_et_al_2022::DT1-69,neely_et_al_2022,Florida Keys,Natural colony,2,1.9931553730321698,1,0,0,2.5,0
neely_et_al_2022::DT1-7,neely_et_al_2022,Florida Keys,Natural colony,3,2.64476386036961,1,1,1,2.3333333333333335,0
neely_et_al_2022::DT1-70,neely_et_al_2022,Florida Keys,Natural colony,1,0.9390828199863108,1,0,0,2,0
neely_et_al_2022::DT1-71,neely_et_al_2022,Florida Keys,Natural colony,2,1.9931553730321698,1,1,1,2.5,0
neely_et_al_2022::DT1-72,neely_et_al_2022,Florida Keys,Natural colony,4,3.997262149212868,0,4,1,2.75,0
neely_et_al_2022::DT1-73,neely_et_al_2022,Florida Keys,Natural colony,4,3.997262149212868,0,2,1,2.75,0
neely_et_al_2022::DT1-74,neely_et_al_2022,Florida Keys,Natural colony,1,0.9390828199863108,1,0,0,2,0
neely_et_al_2022::DT1-75,neely_et_al_2022,Florida Keys,Natural colony,4,3.997262149212868,0,3,1,2.75,0
neely_et_al_2022::DT1-76,neely_et_al_2022,Florida Keys,Natural colony,4,3.997262149212868,1,3,1,2.75,0
neely_et_al_2022::DT1-77,neely_et_al_2022,Florida Keys,Natural colony,4,3.997262149212868,1,1,1,2.75,0
neely_et_al_2022::DT1-78,neely_et_al_2022,Florida Keys,Natural colony,4,3.997262149212868,0,2,1,2.75,0
neely_et_al_2022::DT1-79,neely_et_al_2022,Florida Keys,Natural colony,4,3.997262149212868,0,2,1,2.75,0
neely_et_al_2022::DT1-8,neely_et_al_2022,Florida Keys,Natural colony,5,4.648870636550308,0,3,1,2.6,0
neely_et_al_2022::DT1-80,neely_et_al_2022,Florida Keys,Natural colony,2,1.9931553730321698,1,1,1,2.5,0
neely_et_al_2022::DT1-81,neely_et_al_2022,Florida Keys,Natural colony,4,3.997262149212868,0,1,1,2.75,0
neely_et_al_2022::DT1-82,neely_et_al_2022,Florida Keys,Natural colony,1,0.9390828199863108,1,0,0,2,0
neely_et_al_2022::DT1-83,neely_et_al_2022,Florida Keys,Natural colony,1,0.6132785763175906,1,0,0,2,0
neely_et_al_2022::DT1-84,neely_et_al_2022,Florida Keys,Natural colony,1,0.6132785763175906,0,1,1,2,0
neely_et_al_2022::DT1-85,neely_et_al_2022,Florida Keys,Natural colony,1,0.6132785763175906,1,0,0,2,0
neely_et_al_2022::DT1-86,neely_et_al_2022,Florida Keys,Natural colony,1,0.6132785763175906,1,0,0,2,0
neely_et_al_2022::DT1-87,neely_et_al_2022,Florida Keys,Natural colony,1,0.6132785763175906,1,0,0,2,0
neely_et_al_2022::DT1-88,neely_et_al_2022,Florida Keys,Natural colony,2,1.998631074606434,1,0,0,3,0
neely_et_al_2022::DT1-89,neely_et_al_2022,Florida Keys,Natural colony,2,1.998631074606434,1,0,0,3,0
neely_et_al_2022::DT1-9,neely_et_al_2022,Florida Keys,Natural colony,5,4.648870636550308,0,4,1,2.6,0
neely_et_al_2022::DT1-90,neely_et_al_2022,Florida Keys,Natural colony,3,3.058179329226557,0,2,1,3,0
neely_et_al_2022::DT1-91,neely_et_al_2022,Florida Keys,Natural colony,3,3.058179329226557,0,1,1,3,0
neely_et_al_2022::DT1-92,neely_et_al_2022,Florida Keys,Natural colony,1,0.944558521560575,1,0,0,3,0
neely_et_al_2022::DT1-93,neely_et_al_2022,Florida Keys,Natural colony,2,2.004106776180698,0,1,1,3,0
neely_et_al_2022::DT1-94,neely_et_al_2022,Florida Keys,Natural colony,1,1.0595482546201231,1,0,0,3,0
neely_et_al_2022::DT1-95,neely_et_al_2022,Florida Keys,Natural colony,1,1.0595482546201231,1,0,0,3,0
neely_et_al_2022::DT2-1,neely_et_al_2022,Florida Keys,Natural colony,5,4.65160848733744,0,4,1,2.6,0
neely_et_al_2022::DT2-10,neely_et_al_2022,Florida Keys,Natural colony,5,4.65160848733744,1,2,1,2.6,0
neely_et_al_2022::DT2-11,neely_et_al_2022,Florida Keys,Natural colony,5,4.65160848733744,0,1,1,2.6,0
neely_et_al_2022::DT2-12,neely_et_al_2022,Florida Keys,Natural colony,5,4.65160848733744,0,2,1,2.6,0
neely_et_al_2022::DT2-13,neely_et_al_2022,Florida Keys,Natural colony,2,1.593429158110883,1,1,1,2,0
neely_et_al_2022::DT2-14,neely_et_al_2022,Florida Keys,Natural colony,2,1.593429158110883,1,0,0,2,0
neely_et_al_2022::DT2-15,neely_et_al_2022,Florida Keys,Natural colony,5,4.65160848733744,0,4,1,2.6,0
neely_et_al_2022::DT2-16,neely_et_al_2022,Florida Keys,Natural colony,1,0.9801505817932924,1,0,0,2,0
neely_et_al_2022::DT2-17,neely_et_al_2022,Florida Keys,Natural colony,5,4.65160848733744,0,1,1,2.6,0
neely_et_al_2022::DT2-18,neely_et_al_2022,Florida Keys,Natural colony,5,4.65160848733744,0,2,1,2.6,0
neely_et_al_2022::DT2-19,neely_et_al_2022,Florida Keys,Natural colony,1,0.9801505817932924,1,0,0,2,0
neely_et_al_2022::DT2-2,neely_et_al_2022,Florida Keys,Natural colony,5,4.65160848733744,0,1,1,2.6,0
neely_et_al_2022::DT2-20,neely_et_al_2022,Florida Keys,Natural colony,2,1.593429158110883,0,1,1,2,0
neely_et_al_2022::DT2-21,neely_et_al_2022,Florida Keys,Natural colony,1,0.9801505817932924,1,0,0,2,0
neely_et_al_2022::DT2-22,neely_et_al_2022,Florida Keys,Natural colony,5,4.65160848733744,0,1,1,2.6,0
neely_et_al_2022::DT2-23,neely_et_al_2022,Florida Keys,Natural colony,1,0.9801505817932924,1,0,0,2,0
neely_et_al_2022::DT2-24,neely_et_al_2022,Florida Keys,Natural colony,1,0.9801505817932924,1,0,0,2,0
neely_et_al_2022::DT2-25,neely_et_al_2022,Florida Keys,Natural colony,1,0.6132785763175906,1,0,0,2,0
neely_et_al_2022::DT2-26,neely_et_al_2022,Florida Keys,Natural colony,1,0.6132785763175906,1,0,0,2,0
neely_et_al_2022::DT2-27,neely_et_al_2022,Florida Keys,Natural colony,4,3.994524298425736,0,1,1,2.75,0
neely_et_al_2022::DT2-28,neely_et_al_2022,Florida Keys,Natural colony,2,1.9876796714579057,1,0,0,2.5,0
neely_et_al_2022::DT2-29,neely_et_al_2022,Florida Keys,Natural colony,4,3.994524298425736,1,1,1,2.75,0
neely_et_al_2022::DT2-3,neely_et_al_2022,Florida Keys,Natural colony,2,1.593429158110883,1,1,1,2,0
neely_et_al_2022::DT2-30,neely_et_al_2022,Florida Keys,Natural colony,4,3.994524298425736,1,3,1,2.75,0
neely_et_al_2022::DT2-31,neely_et_al_2022,Florida Keys,Natural colony,4,3.994524298425736,0,2,1,2.75,0
neely_et_al_2022::DT2-32,neely_et_al_2022,Florida Keys,Natural colony,1,0.9363449691991786,1,0,0,2,0
neely_et_al_2022::DT2-33,neely_et_al_2022,Florida Keys,Natural colony,1,1.051334702258727,1,0,0,3,0
neely_et_al_2022::DT2-34,neely_et_al_2022,Florida Keys,Natural colony,2,2.00684462696783,0,2,1,3,0
neely_et_al_2022::DT2-35,neely_et_al_2022,Florida Keys,Natural colony,2,2.00684462696783,1,0,0,3,0
neely_et_al_2022::DT2-36,neely_et_al_2022,Florida Keys,Natural colony,1,0.947296372347707,1,0,0,3,0
neely_et_al_2022::DT2-4,neely_et_al_2022,Florida Keys,Natural colony,2,1.593429158110883,1,0,0,2,0
neely_et_al_2022::DT2-5,neely_et_al_2022,Florida Keys,Natural colony,5,4.65160848733744,0,4,1,2.6,0
neely_et_al_2022::DT2-6,neely_et_al_2022,Florida Keys,Natural colony,5,4.65160848733744,0,3,1,2.6,0
neely_et_al_2022::DT2-7,neely_et_al_2022,Florida Keys,Natural colony,5,4.65160848733744,0,3,1,2.6,0
neely_et_al_2022::DT2-8,neely_et_al_2022,Florida Keys,Natural colony,5,4.65160848733744,0,2,1,2.6,0
neely_et_al_2022::DT2-9,neely_et_al_2022,Florida Keys,Natural colony,5,4.65160848733744,0,2,1,2.6,0
neely_et_al_2022::LK1-1,neely_et_al_2022,Florida Keys,Natural colony,4,3.742642026009583,0,0,0,2.5,0
neely_et_al_2022::LK1-10,neely_et_al_2022,Florida Keys,Natural colony,3,2.8090349075975363,1,2,1,2.3333333333333335,0
neely_et_al_2022::LK1-11,neely_et_al_2022,Florida Keys,Natural colony,4,3.742642026009583,0,0,0,2.5,0
neely_et_al_2022::LK1-12,neely_et_al_2022,Florida Keys,Natural colony,4,3.742642026009583,0,4,1,2.5,0
neely_et_al_2022::LK1-13,neely_et_al_2022,Florida Keys,Natural colony,4,3.742642026009583,0,2,1,2.5,0
neely_et_al_2022::LK1-14,neely_et_al_2022,Florida Keys,Natural colony,4,3.742642026009583,0,3,1,2.5,0
neely_et_al_2022::LK1-15,neely_et_al_2022,Florida Keys,Natural colony,4,3.742642026009583,0,1,1,2.5,0
neely_et_al_2022::LK1-16,neely_et_al_2022,Florida Keys,Natural colony,4,3.742642026009583,0,1,1,2.5,0
neely_et_al_2022::LK1-17,neely_et_al_2022,Florida Keys,Natural colony,2,1.7440109514031485,1,1,1,2,0
neely_et_al_2022::LK1-18,neely_et_al_2022,Florida Keys,Natural colony,4,3.742642026009583,0,1,1,2.5,0
neely_et_al_2022::LK1-19,neely_et_al_2022,Florida Keys,Natural colony,4,3.742642026009583,0,2,1,2.5,0
neely_et_al_2022::LK1-2,neely_et_al_2022,Florida Keys,Natural colony,1,1.0924024640657084,1,0,0,2,0
neely_et_al_2022::LK1-20,neely_et_al_2022,Florida Keys,Natural colony,4,3.742642026009583,0,2,1,2.5,0
neely_et_al_2022::LK1-21,neely_et_al_2022,Florida Keys,Natural colony,4,3.742642026009583,0,1,1,2.5,0
neely_et_al_2022::LK1-22,neely_et_al_2022,Florida Keys,Natural colony,2,1.998631074606434,0,0,0,3,0
neely_et_al_2022::LK1-23,neely_et_al_2022,Florida Keys,Natural colony,4,3.742642026009583,0,3,1,2.5,0
neely_et_al_2022::LK1-24,neely_et_al_2022,Florida Keys,Natural colony,4,3.742642026009583,0,0,0,2.5,0
neely_et_al_2022::LK1-25,neely_et_al_2022,Florida Keys,Natural colony,4,3.742642026009583,0,1,1,2.5,0
neely_et_al_2022::LK1-26,neely_et_al_2022,Florida Keys,Natural colony,4,3.742642026009583,0,1,1,2.5,0
neely_et_al_2022::LK1-27,neely_et_al_2022,Florida Keys,Natural colony,4,3.742642026009583,0,2,1,2.5,0
neely_et_al_2022::LK1-28,neely_et_al_2022,Florida Keys,Natural colony,4,3.742642026009583,0,1,1,2.5,0
neely_et_al_2022::LK1-29,neely_et_al_2022,Florida Keys,Natural colony,4,3.742642026009583,0,2,1,2.5,0
neely_et_al_2022::LK1-3,neely_et_al_2022,Florida Keys,Natural colony,3,2.8090349075975363,1,1,1,2.3333333333333335,0
neely_et_al_2022::LK1-30,neely_et_al_2022,Florida Keys,Natural colony,2,1.7440109514031485,1,1,1,2,0
neely_et_al_2022::LK1-31,neely_et_al_2022,Florida Keys,Natural colony,2,1.7440109514031485,1,1,1,2,0
neely_et_al_2022::LK1-32,neely_et_al_2022,Florida Keys,Natural colony,4,3.742642026009583,0,2,1,2.5,0
neely_et_al_2022::LK1-33,neely_et_al_2022,Florida Keys,Natural colony,4,3.742642026009583,0,0,0,2.5,0
neely_et_al_2022::LK1-34,neely_et_al_2022,Florida Keys,Natural colony,4,3.742642026009583,0,1,1,2.5,0
neely_et_al_2022::LK1-35,neely_et_al_2022,Florida Keys,Natural colony,4,3.742642026009583,0,1,1,2.5,0
neely_et_al_2022::LK1-36,neely_et_al_2022,Florida Keys,Natural colony,2,1.7440109514031485,1,0,0,2,0
neely_et_al_2022::LK1-37,neely_et_al_2022,Florida Keys,Natural colony,2,1.9685147159479808,1,0,0,2.5,0
neely_et_al_2022::LK1-38,neely_et_al_2022,Florida Keys,Natural colony,2,1.7166324435318276,1,1,1,2.5,0
neely_et_al_2022::LK1-39,neely_et_al_2022,Florida Keys,Natural colony,1,0.6516084873374401,0,1,1,2,0
neely_et_al_2022::LK1-4,neely_et_al_2022,Florida Keys,Natural colony,4,3.742642026009583,0,1,1,2.5,0
neely_et_al_2022::LK1-40,neely_et_al_2022,Florida Keys,Natural colony,3,2.650239561943874,1,0,0,2.6666666666666665,0
neely_et_al_2022::LK1-41,neely_et_al_2022,Florida Keys,Natural colony,3,2.650239561943874,1,0,0,2.6666666666666665,0
neely_et_al_2022::LK1-42,neely_et_al_2022,Florida Keys,Natural colony,1,0.9034907597535934,1,0,0,2,0
neely_et_al_2022::LK1-43,neely_et_al_2022,Florida Keys,Natural colony,1,0.9034907597535934,1,0,0,2,0
neely_et_al_2022::LK1-44,neely_et_al_2022,Florida Keys,Natural colony,1,1.0650239561943875,1,0,0,3,0
neely_et_al_2022::LK1-45,neely_et_al_2022,Florida Keys,Natural colony,2,1.998631074606434,1,0,0,3,0
neely_et_al_2022::LK1-46,neely_et_al_2022,Florida Keys,Natural colony,2,1.998631074606434,1,1,1,3,0
neely_et_al_2022::LK1-47,neely_et_al_2022,Florida Keys,Natural colony,1,1.0650239561943875,1,0,0,3,0
neely_et_al_2022::LK1-48,neely_et_al_2022,Florida Keys,Natural colony,1,1.0650239561943875,1,0,0,3,0
neely_et_al_2022::LK1-49,neely_et_al_2022,Florida Keys,Natural colony,1,1.0650239561943875,1,0,0,3,0
neely_et_al_2022::LK1-5,neely_et_al_2022,Florida Keys,Natural colony,4,3.742642026009583,0,0,0,2.5,0
neely_et_al_2022::LK1-50,neely_et_al_2022,Florida Keys,Natural colony,1,1.0650239561943875,1,0,0,3,0
neely_et_al_2022::LK1-51,neely_et_al_2022,Florida Keys,Natural colony,1,1.0650239561943875,1,0,0,3,0
neely_et_al_2022::LK1-52,neely_et_al_2022,Florida Keys,Natural colony,2,1.998631074606434,0,1,1,3,0
neely_et_al_2022::LK1-53,neely_et_al_2022,Florida Keys,Natural colony,1,0.9336071184120466,0,0,0,3,0
neely_et_al_2022::LK1-54,neely_et_al_2022,Florida Keys,Natural colony,1,0.9336071184120466,0,0,0,3,0
neely_et_al_2022::LK1-55,neely_et_al_2022,Florida Keys,Natural colony,1,0.9336071184120466,0,0,0,3,0
neely_et_al_2022::LK1-6,neely_et_al_2022,Florida Keys,Natural colony,4,3.742642026009583,0,1,1,2.5,0
neely_et_al_2022::LK1-7,neely_et_al_2022,Florida Keys,Natural colony,1,1.0951403148528405,1,0,0,2,0
neely_et_al_2022::LK1-8,neely_et_al_2022,Florida Keys,Natural colony,4,3.742642026009583,0,0,0,2.5,0
neely_et_al_2022::LK1-9,neely_et_al_2022,Florida Keys,Natural colony,4,3.742642026009583,0,1,1,2.5,0
neely_et_al_2022::LK2-1,neely_et_al_2022,Florida Keys,Natural colony,2,1.7494866529774127,0,1,1,2,0
neely_et_al_2022::LK2-10,neely_et_al_2022,Florida Keys,Natural colony,4,3.748117727583847,0,3,1,2.5,0
neely_et_al_2022::LK2-11,neely_et_al_2022,Florida Keys,Natural colony,2,1.9657768651608487,1,0,0,2.5,0
neely_et_al_2022::LK2-12,neely_et_al_2022,Florida Keys,Natural colony,4,3.748117727583847,0,1,1,2.5,0
neely_et_al_2022::LK2-13,neely_et_al_2022,Florida Keys,Natural colony,4,3.748117727583847,0,2,1,2.5,0
neely_et_al_2022::LK2-14,neely_et_al_2022,Florida Keys,Natural colony,4,3.748117727583847,0,2,1,2.5,0
neely_et_al_2022::LK2-15,neely_et_al_2022,Florida Keys,Natural colony,4,3.748117727583847,0,2,1,2.5,0
neely_et_al_2022::LK2-16,neely_et_al_2022,Florida Keys,Natural colony,1,1.054072553045859,1,0,0,2,0
neely_et_al_2022::LK2-17,neely_et_al_2022,Florida Keys,Natural colony,3,2.6830937713894594,0,2,1,2.3333333333333335,0
neely_et_al_2022::LK2-18,neely_et_al_2022,Florida Keys,Natural colony,4,3.748117727583847,0,4,1,2.5,0
neely_et_al_2022::LK2-19,neely_et_al_2022,Florida Keys,Natural colony,1,1.054072553045859,1,0,0,2,0
neely_et_al_2022::LK2-2,neely_et_al_2022,Florida Keys,Natural colony,4,3.748117727583847,0,3,1,2.5,0
neely_et_al_2022::LK2-20,neely_et_al_2022,Florida Keys,Natural colony,4,3.748117727583847,0,2,1,2.5,0
neely_et_al_2022::LK2-21,neely_et_al_2022,Florida Keys,Natural colony,4,3.748117727583847,0,2,1,2.5,0
neely_et_al_2022::LK2-22,neely_et_al_2022,Florida Keys,Natural colony,4,3.748117727583847,0,1,1,2.5,0
neely_et_al_2022::LK2-23,neely_et_al_2022,Florida Keys,Natural colony,3,2.8145106091718004,1,1,1,2.3333333333333335,0
neely_et_al_2022::LK2-24,neely_et_al_2022,Florida Keys,Natural colony,1,1.054072553045859,1,0,0,2,0
neely_et_al_2022::LK2-25,neely_et_al_2022,Florida Keys,Natural colony,4,3.748117727583847,0,3,1,2.5,0
neely_et_al_2022::LK2-26,neely_et_al_2022,Florida Keys,Natural colony,1,0.6954140999315537,1,0,0,2,0
neely_et_al_2022::LK2-27,neely_et_al_2022,Florida Keys,Natural colony,3,2.6940451745379876,0,1,1,2.6666666666666665,0
neely_et_al_2022::LK2-28,neely_et_al_2022,Florida Keys,Natural colony,1,0.6954140999315537,1,0,0,2,0
neely_et_al_2022::LK2-29,neely_et_al_2022,Florida Keys,Natural colony,3,2.6940451745379876,1,1,1,2.6666666666666665,0
neely_et_al_2022::LK2-3,neely_et_al_2022,Florida Keys,Natural colony,4,3.748117727583847,0,1,1,2.5,0
neely_et_al_2022::LK2-30,neely_et_al_2022,Florida Keys,Natural colony,3,2.8993839835728954,0,0,0,2.6666666666666665,0
neely_et_al_2022::LK2-31,neely_et_al_2022,Florida Keys,Natural colony,3,2.8993839835728954,0,0,0,2.6666666666666665,0
neely_et_al_2022::LK2-32,neely_et_al_2022,Florida Keys,Natural colony,2,1.998631074606434,0,0,0,3,0
neely_et_al_2022::LK2-33,neely_et_al_2022,Florida Keys,Natural colony,2,1.998631074606434,0,0,0,3,0
neely_et_al_2022::LK2-34,neely_et_al_2022,Florida Keys,Natural colony,2,1.998631074606434,0,2,1,3,0
neely_et_al_2022::LK2-35,neely_et_al_2022,Florida Keys,Natural colony,1,0.9336071184120466,0,1,1,3,0
neely_et_al_2022::LK2-36,neely_et_al_2022,Florida Keys,Natural colony,1,0.9336071184120466,0,1,1,3,0
neely_et_al_2022::LK2-4,neely_et_al_2022,Florida Keys,Natural colony,2,1.7494866529774127,1,1,1,2,0
neely_et_al_2022::LK2-5,neely_et_al_2022,Florida Keys,Natural colony,4,3.748117727583847,0,1,1,2.5,0
neely_et_al_2022::LK2-6,neely_et_al_2022,Florida Keys,Natural colony,4,3.748117727583847,1,2,1,2.5,0
neely_et_al_2022::LK2-7,neely_et_al_2022,Florida Keys,Natural colony,1,1.054072553045859,1,0,0,2,0
neely_et_al_2022::LK2-8,neely_et_al_2022,Florida Keys,Natural colony,4,3.748117727583847,0,0,0,2.5,0
neely_et_al_2022::LK2-9,neely_et_al_2022,Florida Keys,Natural colony,4,3.748117727583847,0,1,1,2.5,0
neely_et_al_2022::LK3-1,neely_et_al_2022,Florida Keys,Natural colony,4,3.707049965776865,0,0,0,2.25,0
neely_et_al_2022::LK3-10,neely_et_al_2022,Florida Keys,Natural colony,4,3.707049965776865,0,1,1,2.25,0
neely_et_al_2022::LK3-11,neely_et_al_2022,Florida Keys,Natural colony,1,1.160848733744011,1,0,0,2,0
neely_et_al_2022::LK3-12,neely_et_al_2022,Florida Keys,Natural colony,4,3.707049965776865,0,0,0,2.25,0
neely_et_al_2022::LK3-13,neely_et_al_2022,Florida Keys,Natural colony,1,1.160848733744011,1,0,0,2,0
neely_et_al_2022::LK3-14,neely_et_al_2022,Florida Keys,Natural colony,4,3.707049965776865,0,1,1,2.25,0
neely_et_al_2022::LK3-15,neely_et_al_2022,Florida Keys,Natural colony,4,3.707049965776865,0,0,0,2.25,0
neely_et_al_2022::LK3-16,neely_et_al_2022,Florida Keys,Natural colony,4,3.707049965776865,0,0,0,2.25,0
neely_et_al_2022::LK3-17,neely_et_al_2022,Florida Keys,Natural colony,4,3.707049965776865,0,2,1,2.25,0
neely_et_al_2022::LK3-18,neely_et_al_2022,Florida Keys,Natural colony,4,3.707049965776865,0,2,1,2.25,0
neely_et_al_2022::LK3-19,neely_et_al_2022,Florida Keys,Natural colony,4,3.707049965776865,0,0,0,2.25,0
neely_et_al_2022::LK3-2,neely_et_al_2022,Florida Keys,Natural colony,4,3.707049965776865,0,1,1,2.25,0
neely_et_al_2022::LK3-20,neely_et_al_2022,Florida Keys,Natural colony,1,1.160848733744011,1,0,0,2,0
neely_et_al_2022::LK3-21,neely_et_al_2022,Florida Keys,Natural colony,4,3.707049965776865,0,0,0,2.25,0
neely_et_al_2022::LK3-22,neely_et_al_2022,Florida Keys,Natural colony,4,3.707049965776865,0,1,1,2.25,0
neely_et_al_2022::LK3-23,neely_et_al_2022,Florida Keys,Natural colony,1,1.160848733744011,1,0,0,2,0
neely_et_al_2022::LK3-24,neely_et_al_2022,Florida Keys,Natural colony,1,1.160848733744011,1,0,0,2,0
neely_et_al_2022::LK3-25,neely_et_al_2022,Florida Keys,Natural colony,3,2.7323750855578375,0,0,0,2.3333333333333335,0
neely_et_al_2022::LK3-26,neely_et_al_2022,Florida Keys,Natural colony,4,3.707049965776865,0,0,0,2.25,0
neely_et_al_2022::LK3-27,neely_et_al_2022,Florida Keys,Natural colony,3,2.6803559206023273,1,1,1,2,0
neely_et_al_2022::LK3-28,neely_et_al_2022,Florida Keys,Natural colony,4,3.707049965776865,0,0,0,2.25,0
neely_et_al_2022::LK3-29,neely_et_al_2022,Florida Keys,Natural colony,4,3.707049965776865,0,0,0,2.25,0
neely_et_al_2022::LK3-30,neely_et_al_2022,Florida Keys,Natural colony,4,3.707049965776865,0,2,1,2.25,0
neely_et_al_2022::LK3-31,neely_et_al_2022,Florida Keys,Natural colony,1,1.160848733744011,1,0,0,2,0
neely_et_al_2022::LK3-32,neely_et_al_2022,Florida Keys,Natural colony,4,3.707049965776865,0,2,1,2.25,0
neely_et_al_2022::LK3-33,neely_et_al_2022,Florida Keys,Natural colony,1,1.160848733744011,1,0,0,2,0
neely_et_al_2022::LK3-34,neely_et_al_2022,Florida Keys,Natural colony,4,3.707049965776865,0,2,1,2.25,0
neely_et_al_2022::LK3-35,neely_et_al_2022,Florida Keys,Natural colony,4,3.707049965776865,0,2,1,2.25,0
neely_et_al_2022::LK3-36,neely_et_al_2022,Florida Keys,Natural colony,1,0.5448323066392882,1,0,0,2,0
neely_et_al_2022::LK3-37,neely_et_al_2022,Florida Keys,Natural colony,1,0.5448323066392882,1,0,0,2,0
neely_et_al_2022::LK3-38,neely_et_al_2022,Florida Keys,Natural colony,4,3.707049965776865,0,0,0,2.25,0
neely_et_al_2022::LK3-39,neely_et_al_2022,Florida Keys,Natural colony,4,3.707049965776865,0,2,1,2.25,0
neely_et_al_2022::LK3-4,neely_et_al_2022,Florida Keys,Natural colony,4,3.707049965776865,0,0,0,2.25,0
neely_et_al_2022::LK3-40,neely_et_al_2022,Florida Keys,Natural colony,2,1.8781656399726214,1,0,0,2,0
neely_et_al_2022::LK3-41,neely_et_al_2022,Florida Keys,Natural colony,3,2.9048596851471595,0,1,1,2.3333333333333335,0
neely_et_al_2022::LK3-42,neely_et_al_2022,Florida Keys,Natural colony,2,2.001368925393566,1,0,0,2.5,0
neely_et_al_2022::LK3-43,neely_et_al_2022,Florida Keys,Natural colony,2,2.001368925393566,0,1,1,2.5,0
neely_et_al_2022::LK3-44,neely_et_al_2022,Florida Keys,Natural colony,1,0.974674880219028,1,0,0,2,0
neely_et_al_2022::LK3-45,neely_et_al_2022,Florida Keys,Natural colony,2,2.001368925393566,1,1,1,2.5,0
neely_et_al_2022::LK3-46,neely_et_al_2022,Florida Keys,Natural colony,1,1.026694045174538,0,1,1,3,0
neely_et_al_2022::LK3-5,neely_et_al_2022,Florida Keys,Natural colony,4,3.707049965776865,0,0,0,2.25,0
neely_et_al_2022::LK3-6,neely_et_al_2022,Florida Keys,Natural colony,1,1.160848733744011,1,0,0,2,0
neely_et_al_2022::LK3-7,neely_et_al_2022,Florida Keys,Natural colony,4,3.707049965776865,0,0,0,2.25,0
neely_et_al_2022::LK3-8,neely_et_al_2022,Florida Keys,Natural colony,4,3.707049965776865,0,1,1,2.25,0
neely_et_al_2022::LK3-9,neely_et_al_2022,Florida Keys,Natural colony,1,1.160848733744011,1,0,0,2,0
neely_et_al_2022::MR1-1,neely_et_al_2022,Florida Keys,Natural colony,4,3.934291581108829,1,0,0,3,0.25
neely_et_al_2022::MR1-10,neely_et_al_2022,Florida Keys,Natural colony,4,3.934291581108829,1,0,0,3,0.25
neely_et_al_2022::MR1-11,neely_et_al_2022,Florida Keys,Natural colony,1,1.4948665297741273,1,0,0,4,1
neely_et_al_2022::MR1-12,neely_et_al_2022,Florida Keys,Natural colony,4,3.934291581108829,1,0,0,3,0.25
neely_et_al_2022::MR1-13,neely_et_al_2022,Florida Keys,Natural colony,4,3.934291581108829,1,2,1,3,0.25
neely_et_al_2022::MR1-14,neely_et_al_2022,Florida Keys,Natural colony,4,3.934291581108829,1,1,1,3,0.25
neely_et_al_2022::MR1-15,neely_et_al_2022,Florida Keys,Natural colony,4,3.934291581108829,1,1,1,3,0.25
neely_et_al_2022::MR1-16,neely_et_al_2022,Florida Keys,Natural colony,2,1.9548254620123202,1,0,0,3,0.5
neely_et_al_2022::MR1-17,neely_et_al_2022,Florida Keys,Natural colony,4,3.934291581108829,0,3,1,3,0.25
neely_et_al_2022::MR1-18,neely_et_al_2022,Florida Keys,Natural colony,4,3.934291581108829,1,0,0,3,0.25
neely_et_al_2022::MR1-19,neely_et_al_2022,Florida Keys,Natural colony,4,3.934291581108829,1,1,1,3,0.25
neely_et_al_2022::MR1-2,neely_et_al_2022,Florida Keys,Natural colony,4,3.934291581108829,1,2,1,3,0.25
neely_et_al_2022::MR1-20,neely_et_al_2022,Florida Keys,Natural colony,3,2.8583162217659135,0,1,1,2.6666666666666665,0
neely_et_al_2022::MR1-21,neely_et_al_2022,Florida Keys,Natural colony,4,3.934291581108829,1,1,1,3,0.25
neely_et_al_2022::MR1-22,neely_et_al_2022,Florida Keys,Natural colony,4,3.934291581108829,1,1,1,3,0.25
neely_et_al_2022::MR1-23,neely_et_al_2022,Florida Keys,Natural colony,4,3.934291581108829,1,2,1,3,0.25
neely_et_al_2022::MR1-24,neely_et_al_2022,Florida Keys,Natural colony,4,3.934291581108829,1,1,1,3,0.25
neely_et_al_2022::MR1-25,neely_et_al_2022,Florida Keys,Natural colony,4,3.934291581108829,0,1,1,3,0.25
neely_et_al_2022::MR1-26,neely_et_al_2022,Florida Keys,Natural colony,4,3.934291581108829,0,1,1,3,0.25
neely_et_al_2022::MR1-27,neely_et_al_2022,Florida Keys,Natural colony,4,3.934291581108829,1,0,0,3,0.25
neely_et_al_2022::MR1-28,neely_et_al_2022,Florida Keys,Natural colony,2,1.9548254620123202,1,0,0,3,0.5
neely_et_al_2022::MR1-29,neely_et_al_2022,Florida Keys,Natural colony,4,3.934291581108829,1,1,1,3,0.25
neely_et_al_2022::MR1-3,neely_et_al_2022,Florida Keys,Natural colony,4,3.934291581108829,1,1,1,3,0.25
neely_et_al_2022::MR1-30,neely_et_al_2022,Florida Keys,Natural colony,4,3.934291581108829,1,0,0,3,0.25
neely_et_al_2022::MR1-31,neely_et_al_2022,Florida Keys,Natural colony,2,1.9548254620123202,1,0,0,3,0.5
neely_et_al_2022::MR1-32,neely_et_al_2022,Florida Keys,Natural colony,4,3.934291581108829,0,2,1,3,0.25
neely_et_al_2022::MR1-33,neely_et_al_2022,Florida Keys,Natural colony,4,3.934291581108829,1,2,1,3,0.25
neely_et_al_2022::MR1-34,neely_et_al_2022,Florida Keys,Natural colony,4,3.934291581108829,1,0,0,3,0.25
neely_et_al_2022::MR1-35,neely_et_al_2022,Florida Keys,Natural colony,1,1.4948665297741273,1,0,0,4,1
neely_et_al_2022::MR1-36,neely_et_al_2022,Florida Keys,Natural colony,4,3.934291581108829,1,0,0,3,0.25
neely_et_al_2022::MR1-37,neely_et_al_2022,Florida Keys,Natural colony,2,1.9548254620123202,1,0,0,3,0.5
neely_et_al_2022::MR1-38,neely_et_al_2022,Florida Keys,Natural colony,4,3.934291581108829,1,0,0,3,0.25
neely_et_al_2022::MR1-39,neely_et_al_2022,Florida Keys,Natural colony,4,3.934291581108829,1,0,0,3,0.25
neely_et_al_2022::MR1-4,neely_et_al_2022,Florida Keys,Natural colony,2,1.9548254620123202,1,0,0,3,0.5
neely_et_al_2022::MR1-40,neely_et_al_2022,Florida Keys,Natural colony,4,3.854893908281998,1,0,0,3,0.25
neely_et_al_2022::MR1-41,neely_et_al_2022,Florida Keys,Natural colony,1,0.459958932238193,0,0,0,2,0
neely_et_al_2022::MR1-42,neely_et_al_2022,Florida Keys,Natural colony,3,2.4394250513347018,1,0,0,2.6666666666666665,0
neely_et_al_2022::MR1-43,neely_et_al_2022,Florida Keys,Natural colony,1,0.459958932238193,0,0,0,2,0
neely_et_al_2022::MR1-44,neely_et_al_2022,Florida Keys,Natural colony,3,2.4394250513347018,0,2,1,2.6666666666666665,0
neely_et_al_2022::MR1-45,neely_et_al_2022,Florida Keys,Natural colony,3,2.4394250513347018,0,1,1,2.6666666666666665,0
neely_et_al_2022::MR1-46,neely_et_al_2022,Florida Keys,Natural colony,3,2.4394250513347018,1,1,1,2.6666666666666665,0
neely_et_al_2022::MR1-47,neely_et_al_2022,Florida Keys,Natural colony,3,2.8583162217659135,0,0,0,2.6666666666666665,0
neely_et_al_2022::MR1-48,neely_et_al_2022,Florida Keys,Natural colony,3,2.8583162217659135,1,0,0,2.6666666666666665,0
neely_et_al_2022::MR1-49,neely_et_al_2022,Florida Keys,Natural colony,3,2.8583162217659135,1,1,1,2.6666666666666665,0
neely_et_al_2022::MR1-5,neely_et_al_2022,Florida Keys,Natural colony,4,3.934291581108829,1,0,0,3,0.25
neely_et_al_2022::MR1-50,neely_et_al_2022,Florida Keys,Natural colony,3,2.8583162217659135,1,0,0,2.6666666666666665,0
neely_et_al_2022::MR1-51,neely_et_al_2022,Florida Keys,Natural colony,3,2.8583162217659135,0,1,1,2.6666666666666665,0
neely_et_al_2022::MR1-52,neely_et_al_2022,Florida Keys,Natural colony,3,2.8583162217659135,1,0,0,2.6666666666666665,0
neely_et_al_2022::MR1-53,neely_et_al_2022,Florida Keys,Natural colony,3,2.8583162217659135,1,1,1,2.6666666666666665,0
neely_et_al_2022::MR1-54,neely_et_al_2022,Florida Keys,Natural colony,2,1.9356605065023955,1,0,0,2.5,0
neely_et_al_2022::MR1-55,neely_et_al_2022,Florida Keys,Natural colony,3,2.8583162217659135,1,0,0,2.6666666666666665,0
neely_et_al_2022::MR1-56,neely_et_al_2022,Florida Keys,Natural colony,3,2.8583162217659135,1,0,0,2.6666666666666665,0
neely_et_al_2022::MR1-57,neely_et_al_2022,Florida Keys,Natural colony,3,2.8583162217659135,1,2,1,2.6666666666666665,0
neely_et_al_2022::MR1-58,neely_et_al_2022,Florida Keys,Natural colony,2,1.9356605065023955,1,0,0,2.5,0
neely_et_al_2022::MR1-59,neely_et_al_2022,Florida Keys,Natural colony,2,1.979466119096509,1,1,1,3,0
neely_et_al_2022::MR1-6,neely_et_al_2022,Florida Keys,Natural colony,4,3.934291581108829,1,2,1,3,0.25
neely_et_al_2022::MR1-60,neely_et_al_2022,Florida Keys,Natural colony,2,1.979466119096509,1,1,1,3,0
neely_et_al_2022::MR1-61,neely_et_al_2022,Florida Keys,Natural colony,1,1.056810403832991,1,0,0,3,0
neely_et_al_2022::MR1-62,neely_et_al_2022,Florida Keys,Natural colony,2,1.979466119096509,1,0,0,3,0
neely_et_al_2022::MR1-63,neely_et_al_2022,Florida Keys,Natural colony,2,1.979466119096509,1,0,0,3,0
neely_et_al_2022::MR1-64,neely_et_al_2022,Florida Keys,Natural colony,2,1.979466119096509,1,0,0,3,0
neely_et_al_2022::MR1-65,neely_et_al_2022,Florida Keys,Natural colony,2,1.979466119096509,0,1,1,3,0
neely_et_al_2022::MR1-66,neely_et_al_2022,Florida Keys,Natural colony,2,1.979466119096509,1,0,0,3,0
neely_et_al_2022::MR1-67,neely_et_al_2022,Florida Keys,Natural colony,2,1.979466119096509,1,0,0,3,0
neely_et_al_2022::MR1-68,neely_et_al_2022,Florida Keys,Natural colony,2,1.979466119096509,1,0,0,3,0
neely_et_al_2022::MR1-69,neely_et_al_2022,Florida Keys,Natural colony,1,0.922655715263518,0,1,1,3,0
neely_et_al_2022::MR1-7,neely_et_al_2022,Florida Keys,Natural colony,4,3.934291581108829,1,0,0,3,0.25
neely_et_al_2022::MR1-70,neely_et_al_2022,Florida Keys,Natural colony,1,0.922655715263518,1,0,0,3,0
neely_et_al_2022::MR1-71,neely_et_al_2022,Florida Keys,Natural colony,1,0.922655715263518,1,0,0,3,0
neely_et_al_2022::MR1-72,neely_et_al_2022,Florida Keys,Natural colony,1,0.922655715263518,1,0,0,3,0
neely_et_al_2022::MR1-73,neely_et_al_2022,Florida Keys,Natural colony,1,0.922655715263518,1,0,0,3,0
neely_et_al_2022::MR1-74,neely_et_al_2022,Florida Keys,Natural colony,1,0.922655715263518,1,0,0,3,0
neely_et_al_2022::MR1-75,neely_et_al_2022,Florida Keys,Natural colony,1,0.922655715263518,1,0,0,3,0
neely_et_al_2022::MR1-76,neely_et_al_2022,Florida Keys,Natural colony,1,0.922655715263518,1,0,0,3,0
neely_et_al_2022::MR1-77,neely_et_al_2022,Florida Keys,Natural colony,1,0.922655715263518,1,0,0,3,0
neely_et_al_2022::MR1-78,neely_et_al_2022,Florida Keys,Natural colony,1,0.922655715263518,0,1,1,3,0
neely_et_al_2022::MR1-79,neely_et_al_2022,Florida Keys,Natural colony,1,0.922655715263518,1,0,0,3,0
neely_et_al_2022::MR1-8,neely_et_al_2022,Florida Keys,Natural colony,4,3.934291581108829,1,0,0,3,0.25
neely_et_al_2022::MR1-80,neely_et_al_2022,Florida Keys,Natural colony,1,0.922655715263518,1,0,0,3,0
neely_et_al_2022::MR1-9,neely_et_al_2022,Florida Keys,Natural colony,4,3.934291581108829,1,1,1,3,0.25
neely_et_al_2022::MR2-1,neely_et_al_2022,Florida Keys,Natural colony,3,2.836413415468857,1,0,0,2.3333333333333335,0
neely_et_al_2022::MR2-10,neely_et_al_2022,Florida Keys,Natural colony,3,2.836413415468857,1,0,0,2.3333333333333335,0
neely_et_al_2022::MR2-100,neely_et_al_2022,Florida Keys,Natural colony,2,2.3134839151266258,1,0,0,2.5,0
neely_et_al_2022::MR2-101,neely_et_al_2022,Florida Keys,Natural colony,2,2.3134839151266258,1,0,0,2.5,0
neely_et_al_2022::MR2-102,neely_et_al_2022,Florida Keys,Natural colony,2,2.3134839151266258,1,0,0,2.5,0
neely_et_al_2022::MR2-103,neely_et_al_2022,Florida Keys,Natural colony,1,1.0869267624914445,1,0,0,2,0
neely_et_al_2022::MR2-104,neely_et_al_2022,Florida Keys,Natural colony,2,2.3134839151266258,1,0,0,2.5,0
neely_et_al_2022::MR2-105,neely_et_al_2022,Florida Keys,Natural colony,2,2.3134839151266258,1,0,0,2.5,0
neely_et_al_2022::MR2-106,neely_et_al_2022,Florida Keys,Natural colony,2,2.3134839151266258,1,0,0,2.5,0
neely_et_al_2022::MR2-107,neely_et_al_2022,Florida Keys,Natural colony,2,2.3134839151266258,1,0,0,2.5,0
neely_et_al_2022::MR2-108,neely_et_al_2022,Florida Keys,Natural colony,2,2.3134839151266258,1,0,0,2.5,0
neely_et_al_2022::MR2-109,neely_et_al_2022,Florida Keys,Natural colony,2,2.3134839151266258,1,1,1,2.5,0
neely_et_al_2022::MR2-11,neely_et_al_2022,Florida Keys,Natural colony,3,2.836413415468857,1,2,1,2.3333333333333335,0
neely_et_al_2022::MR2-110,neely_et_al_2022,Florida Keys,Natural colony,2,2.3134839151266258,1,0,0,2.5,0
neely_et_al_2022::MR2-111,neely_et_al_2022,Florida Keys,Natural colony,1,1.0869267624914445,1,0,0,2,0
neely_et_al_2022::MR2-112,neely_et_al_2022,Florida Keys,Natural colony,2,2.3134839151266258,1,0,0,2.5,0
neely_et_al_2022::MR2-113,neely_et_al_2022,Florida Keys,Natural colony,2,2.3134839151266258,1,0,0,2.5,0
neely_et_al_2022::MR2-114,neely_et_al_2022,Florida Keys,Natural colony,2,2.3134839151266258,1,0,0,2.5,0
neely_et_al_2022::MR2-115,neely_et_al_2022,Florida Keys,Natural colony,2,2.3134839151266258,1,0,0,2.5,0
neely_et_al_2022::MR2-116,neely_et_al_2022,Florida Keys,Natural colony,2,2.3134839151266258,1,0,0,2.5,0
neely_et_al_2022::MR2-117,neely_et_al_2022,Florida Keys,Natural colony,1,1.0869267624914445,1,0,0,2,0
neely_et_al_2022::MR2-118,neely_et_al_2022,Florida Keys,Natural colony,2,2.3134839151266258,1,0,0,2.5,0
neely_et_al_2022::MR2-119,neely_et_al_2022,Florida Keys,Natural colony,2,2.3134839151266258,1,0,0,2.5,0
neely_et_al_2022::MR2-12,neely_et_al_2022,Florida Keys,Natural colony,3,2.836413415468857,1,0,0,2.3333333333333335,0
neely_et_al_2022::MR2-120,neely_et_al_2022,Florida Keys,Natural colony,2,2.3134839151266258,1,0,0,2.5,0
neely_et_al_2022::MR2-121,neely_et_al_2022,Florida Keys,Natural colony,2,2.3134839151266258,1,0,0,2.5,0
neely_et_al_2022::MR2-122,neely_et_al_2022,Florida Keys,Natural colony,2,2.3134839151266258,1,0,0,2.5,0
neely_et_al_2022::MR2-123,neely_et_al_2022,Florida Keys,Natural colony,2,2.3134839151266258,1,0,0,2.5,0
neely_et_al_2022::MR2-124,neely_et_al_2022,Florida Keys,Natural colony,2,2.3134839151266258,1,0,0,2.5,0
neely_et_al_2022::MR2-125,neely_et_al_2022,Florida Keys,Natural colony,2,2.3134839151266258,1,0,0,2.5,0
neely_et_al_2022::MR2-126,neely_et_al_2022,Florida Keys,Natural colony,1,1.0869267624914445,1,0,0,2,0
neely_et_al_2022::MR2-127,neely_et_al_2022,Florida Keys,Natural colony,2,2.3134839151266258,1,1,1,2.5,0
neely_et_al_2022::MR2-128,neely_et_al_2022,Florida Keys,Natural colony,1,1.2265571526351813,1,0,0,3,0
neely_et_al_2022::MR2-129,neely_et_al_2022,Florida Keys,Natural colony,1,1.2265571526351813,1,0,0,3,0
neely_et_al_2022::MR2-13,neely_et_al_2022,Florida Keys,Natural colony,3,2.836413415468857,1,1,1,2.3333333333333335,0
neely_et_al_2022::MR2-130,neely_et_al_2022,Florida Keys,Natural colony,1,1.2265571526351813,1,0,0,3,0
neely_et_al_2022::MR2-131,neely_et_al_2022,Florida Keys,Natural colony,1,1.2265571526351813,1,0,0,3,0
neely_et_al_2022::MR2-132,neely_et_al_2022,Florida Keys,Natural colony,1,1.2265571526351813,1,0,0,3,0
neely_et_al_2022::MR2-133,neely_et_al_2022,Florida Keys,Natural colony,1,1.2265571526351813,1,0,0,3,0
neely_et_al_2022::MR2-134,neely_et_al_2022,Florida Keys,Natural colony,1,1.2265571526351813,1,0,0,3,0
neely_et_al_2022::MR2-135,neely_et_al_2022,Florida Keys,Natural colony,1,1.2265571526351813,1,0,0,3,0
neely_et_al_2022::MR2-136,neely_et_al_2022,Florida Keys,Natural colony,1,1.2265571526351813,1,0,0,3,0
neely_et_al_2022::MR2-137,neely_et_al_2022,Florida Keys,Natural colony,1,1.2265571526351813,1,0,0,3,0
neely_et_al_2022::MR2-138,neely_et_al_2022,Florida Keys,Natural colony,1,1.2265571526351813,1,0,0,3,0
neely_et_al_2022::MR2-139,neely_et_al_2022,Florida Keys,Natural colony,1,1.2265571526351813,1,0,0,3,0
neely_et_al_2022::MR2-14,neely_et_al_2022,Florida Keys,Natural colony,3,2.836413415468857,1,1,1,2.3333333333333335,0
neely_et_al_2022::MR2-140,neely_et_al_2022,Florida Keys,Natural colony,1,1.2265571526351813,1,0,0,3,0
neely_et_al_2022::MR2-141,neely_et_al_2022,Florida Keys,Natural colony,1,1.2265571526351813,1,0,0,3,0
neely_et_al_2022::MR2-142,neely_et_al_2022,Florida Keys,Natural colony,1,1.2265571526351813,1,0,0,3,0
neely_et_al_2022::MR2-143,neely_et_al_2022,Florida Keys,Natural colony,1,1.2265571526351813,1,0,0,3,0
neely_et_al_2022::MR2-144,neely_et_al_2022,Florida Keys,Natural colony,1,1.2265571526351813,1,0,0,3,0
neely_et_al_2022::MR2-145,neely_et_al_2022,Florida Keys,Natural colony,1,1.2265571526351813,1,0,0,3,0
neely_et_al_2022::MR2-146,neely_et_al_2022,Florida Keys,Natural colony,1,1.2265571526351813,1,0,0,3,0
neely_et_al_2022::MR2-147,neely_et_al_2022,Florida Keys,Natural colony,2,1.7713894592744694,1,1,1,3,0
neely_et_al_2022::MR2-148,neely_et_al_2022,Florida Keys,Natural colony,1,1.2265571526351813,1,0,0,3,0
neely_et_al_2022::MR2-149,neely_et_al_2022,Florida Keys,Natural colony,2,1.7713894592744694,1,1,1,3,0
neely_et_al_2022::MR2-15,neely_et_al_2022,Florida Keys,Natural colony,3,2.836413415468857,1,0,0,2.3333333333333335,0
neely_et_al_2022::MR2-150,neely_et_al_2022,Florida Keys,Natural colony,1,1.2265571526351813,1,0,0,3,0
neely_et_al_2022::MR2-151,neely_et_al_2022,Florida Keys,Natural colony,1,1.2265571526351813,1,0,0,3,0
neely_et_al_2022::MR2-152,neely_et_al_2022,Florida Keys,Natural colony,1,1.2265571526351813,1,0,0,3,0
neely_et_al_2022::MR2-153,neely_et_al_2022,Florida Keys,Natural colony,1,1.2265571526351813,1,0,0,3,0
neely_et_al_2022::MR2-154,neely_et_al_2022,Florida Keys,Natural colony,1,1.2265571526351813,1,0,0,3,0
neely_et_al_2022::MR2-155,neely_et_al_2022,Florida Keys,Natural colony,1,1.2265571526351813,1,0,0,3,0
neely_et_al_2022::MR2-156,neely_et_al_2022,Florida Keys,Natural colony,1,1.2265571526351813,1,0,0,3,0
neely_et_al_2022::MR2-157,neely_et_al_2022,Florida Keys,Natural colony,1,1.2265571526351813,1,0,0,3,0
neely_et_al_2022::MR2-158,neely_et_al_2022,Florida Keys,Natural colony,1,1.2265571526351813,1,0,0,3,0
neely_et_al_2022::MR2-159,neely_et_al_2022,Florida Keys,Natural colony,1,1.2265571526351813,1,0,0,3,0
neely_et_al_2022::MR2-16,neely_et_al_2022,Florida Keys,Natural colony,3,2.836413415468857,1,0,0,2.3333333333333335,0
neely_et_al_2022::MR2-160,neely_et_al_2022,Florida Keys,Natural colony,1,1.2265571526351813,1,0,0,3,0
neely_et_al_2022::MR2-161,neely_et_al_2022,Florida Keys,Natural colony,1,1.2265571526351813,1,0,0,3,0
neely_et_al_2022::MR2-162,neely_et_al_2022,Florida Keys,Natural colony,1,1.2265571526351813,1,0,0,3,0
neely_et_al_2022::MR2-163,neely_et_al_2022,Florida Keys,Natural colony,1,1.2265571526351813,1,0,0,3,0
neely_et_al_2022::MR2-164,neely_et_al_2022,Florida Keys,Natural colony,1,1.2265571526351813,1,0,0,3,0
neely_et_al_2022::MR2-165,neely_et_al_2022,Florida Keys,Natural colony,1,1.2265571526351813,1,0,0,3,0
neely_et_al_2022::MR2-166,neely_et_al_2022,Florida Keys,Natural colony,1,1.2265571526351813,1,0,0,3,0
neely_et_al_2022::MR2-167,neely_et_al_2022,Florida Keys,Natural colony,2,1.7713894592744694,1,0,0,3,0
neely_et_al_2022::MR2-168,neely_et_al_2022,Florida Keys,Natural colony,1,1.2265571526351813,1,0,0,3,0
neely_et_al_2022::MR2-169,neely_et_al_2022,Florida Keys,Natural colony,1,1.2265571526351813,1,0,0,3,0
neely_et_al_2022::MR2-17,neely_et_al_2022,Florida Keys,Natural colony,2,1.6098562628336754,1,0,0,2,0
neely_et_al_2022::MR2-170,neely_et_al_2022,Florida Keys,Natural colony,1,1.2265571526351813,1,0,0,3,0
neely_et_al_2022::MR2-171,neely_et_al_2022,Florida Keys,Natural colony,1,1.2265571526351813,1,0,0,3,0
neely_et_al_2022::MR2-172,neely_et_al_2022,Florida Keys,Natural colony,1,1.2265571526351813,1,0,0,3,0
neely_et_al_2022::MR2-173,neely_et_al_2022,Florida Keys,Natural colony,1,1.2265571526351813,1,0,0,3,0
neely_et_al_2022::MR2-174,neely_et_al_2022,Florida Keys,Natural colony,1,1.2265571526351813,1,0,0,3,0
neely_et_al_2022::MR2-175,neely_et_al_2022,Florida Keys,Natural colony,2,1.7713894592744694,1,1,1,3,0
neely_et_al_2022::MR2-18,neely_et_al_2022,Florida Keys,Natural colony,3,2.836413415468857,1,1,1,2.3333333333333335,0
neely_et_al_2022::MR2-19,neely_et_al_2022,Florida Keys,Natural colony,3,2.836413415468857,1,0,0,2.3333333333333335,0
neely_et_al_2022::MR2-2,neely_et_al_2022,Florida Keys,Natural colony,3,2.836413415468857,1,0,0,2.3333333333333335,0
neely_et_al_2022::MR2-20,neely_et_al_2022,Florida Keys,Natural colony,3,2.836413415468857,1,0,0,2.3333333333333335,0
neely_et_al_2022::MR2-21,neely_et_al_2022,Florida Keys,Natural colony,4,3.381245722108145,0,1,1,2.5,0
neely_et_al_2022::MR2-22,neely_et_al_2022,Florida Keys,Natural colony,3,2.836413415468857,1,0,0,2.3333333333333335,0
neely_et_al_2022::MR2-23,neely_et_al_2022,Florida Keys,Natural colony,3,2.836413415468857,1,0,0,2.3333333333333335,0
neely_et_al_2022::MR2-24,neely_et_al_2022,Florida Keys,Natural colony,3,2.836413415468857,1,0,0,2.3333333333333335,0
neely_et_al_2022::MR2-25,neely_et_al_2022,Florida Keys,Natural colony,3,2.836413415468857,1,0,0,2.3333333333333335,0
neely_et_al_2022::MR2-26,neely_et_al_2022,Florida Keys,Natural colony,2,1.6098562628336754,1,0,0,2,0
neely_et_al_2022::MR2-27,neely_et_al_2022,Florida Keys,Natural colony,3,2.836413415468857,1,0,0,2.3333333333333335,0
neely_et_al_2022::MR2-28,neely_et_al_2022,Florida Keys,Natural colony,1,1.1471594798083504,1,0,0,2,0
neely_et_al_2022::MR2-29,neely_et_al_2022,Florida Keys,Natural colony,4,3.381245722108145,0,1,1,2.5,0
neely_et_al_2022::MR2-3,neely_et_al_2022,Florida Keys,Natural colony,1,1.1471594798083504,1,0,0,2,0
neely_et_al_2022::MR2-30,neely_et_al_2022,Florida Keys,Natural colony,4,3.381245722108145,0,2,1,2.5,0
neely_et_al_2022::MR2-31,neely_et_al_2022,Florida Keys,Natural colony,3,2.836413415468857,1,0,0,2.3333333333333335,0
neely_et_al_2022::MR2-32,neely_et_al_2022,Florida Keys,Natural colony,3,2.836413415468857,1,0,0,2.3333333333333335,0
neely_et_al_2022::MR2-33,neely_et_al_2022,Florida Keys,Natural colony,1,1.1471594798083504,1,0,0,2,0
neely_et_al_2022::MR2-34,neely_et_al_2022,Florida Keys,Natural colony,3,2.836413415468857,1,0,0,2.3333333333333335,0
neely_et_al_2022::MR2-35,neely_et_al_2022,Florida Keys,Natural colony,3,2.836413415468857,1,0,0,2.3333333333333335,0
neely_et_al_2022::MR2-36,neely_et_al_2022,Florida Keys,Natural colony,4,3.381245722108145,0,1,1,2.5,0
neely_et_al_2022::MR2-37,neely_et_al_2022,Florida Keys,Natural colony,4,3.381245722108145,0,3,1,2.5,0
neely_et_al_2022::MR2-38,neely_et_al_2022,Florida Keys,Natural colony,3,2.836413415468857,1,1,1,2.3333333333333335,0
neely_et_al_2022::MR2-39,neely_et_al_2022,Florida Keys,Natural colony,3,2.836413415468857,1,0,0,2.3333333333333335,0
neely_et_al_2022::MR2-4,neely_et_al_2022,Florida Keys,Natural colony,2,2.3737166324435317,1,0,0,2.5,0
neely_et_al_2022::MR2-40,neely_et_al_2022,Florida Keys,Natural colony,3,2.836413415468857,1,0,0,2.3333333333333335,0
neely_et_al_2022::MR2-41,neely_et_al_2022,Florida Keys,Natural colony,3,2.836413415468857,1,0,0,2.3333333333333335,0
neely_et_al_2022::MR2-42,neely_et_al_2022,Florida Keys,Natural colony,3,2.836413415468857,1,0,0,2.3333333333333335,0
neely_et_al_2022::MR2-43,neely_et_al_2022,Florida Keys,Natural colony,3,2.836413415468857,1,0,0,2.3333333333333335,0
neely_et_al_2022::MR2-44,neely_et_al_2022,Florida Keys,Natural colony,3,2.836413415468857,1,0,0,2.3333333333333335,0
neely_et_al_2022::MR2-45,neely_et_al_2022,Florida Keys,Natural colony,4,3.381245722108145,0,2,1,2.5,0
neely_et_al_2022::MR2-46,neely_et_al_2022,Florida Keys,Natural colony,3,2.836413415468857,1,0,0,2.3333333333333335,0
neely_et_al_2022::MR2-47,neely_et_al_2022,Florida Keys,Natural colony,2,1.6098562628336754,1,0,0,2,0
neely_et_al_2022::MR2-48,neely_et_al_2022,Florida Keys,Natural colony,2,2.3737166324435317,1,0,0,2.5,0
neely_et_al_2022::MR2-49,neely_et_al_2022,Florida Keys,Natural colony,2,2.3737166324435317,1,0,0,2.5,0
neely_et_al_2022::MR2-5,neely_et_al_2022,Florida Keys,Natural colony,2,1.6098562628336754,0,0,0,2,0
neely_et_al_2022::MR2-50,neely_et_al_2022,Florida Keys,Natural colony,3,2.836413415468857,1,0,0,2.3333333333333335,0
neely_et_al_2022::MR2-51,neely_et_al_2022,Florida Keys,Natural colony,4,3.381245722108145,0,2,1,2.5,0
neely_et_al_2022::MR2-52,neely_et_al_2022,Florida Keys,Natural colony,3,2.836413415468857,1,0,0,2.3333333333333335,0
neely_et_al_2022::MR2-53,neely_et_al_2022,Florida Keys,Natural colony,2,2.3737166324435317,1,0,0,2.5,0
neely_et_al_2022::MR2-54,neely_et_al_2022,Florida Keys,Natural colony,2,1.6098562628336754,1,0,0,2,0
neely_et_al_2022::MR2-55,neely_et_al_2022,Florida Keys,Natural colony,2,2.3134839151266258,1,0,0,2.5,0
neely_et_al_2022::MR2-56,neely_et_al_2022,Florida Keys,Natural colony,3,2.836413415468857,1,0,0,2.3333333333333335,0
neely_et_al_2022::MR2-57,neely_et_al_2022,Florida Keys,Natural colony,3,2.836413415468857,1,0,0,2.3333333333333335,0
neely_et_al_2022::MR2-58,neely_et_al_2022,Florida Keys,Natural colony,4,3.381245722108145,0,2,1,2.5,0
neely_et_al_2022::MR2-59,neely_et_al_2022,Florida Keys,Natural colony,4,3.381245722108145,0,2,1,2.5,0
neely_et_al_2022::MR2-6,neely_et_al_2022,Florida Keys,Natural colony,3,2.836413415468857,1,0,0,2.3333333333333335,0
neely_et_al_2022::MR2-60,neely_et_al_2022,Florida Keys,Natural colony,4,3.381245722108145,0,3,1,2.5,0
neely_et_al_2022::MR2-61,neely_et_al_2022,Florida Keys,Natural colony,2,1.6892539356605063,1,0,0,2.5,0
neely_et_al_2022::MR2-62,neely_et_al_2022,Florida Keys,Natural colony,2,1.6892539356605063,1,0,0,2.5,0
neely_et_al_2022::MR2-63,neely_et_al_2022,Florida Keys,Natural colony,3,2.2340862422997945,1,1,1,2.6666666666666665,0
neely_et_al_2022::MR2-64,neely_et_al_2022,Florida Keys,Natural colony,2,1.6892539356605063,1,0,0,2.5,0
neely_et_al_2022::MR2-65,neely_et_al_2022,Florida Keys,Natural colony,2,1.6892539356605063,1,0,0,2.5,0
neely_et_al_2022::MR2-66,neely_et_al_2022,Florida Keys,Natural colony,1,0.46269678302532513,1,0,0,2,0
neely_et_al_2022::MR2-67,neely_et_al_2022,Florida Keys,Natural colony,2,1.6892539356605063,1,1,1,2.5,0
neely_et_al_2022::MR2-68,neely_et_al_2022,Florida Keys,Natural colony,1,0.46269678302532513,1,0,0,2,0
neely_et_al_2022::MR2-69,neely_et_al_2022,Florida Keys,Natural colony,1,0.46269678302532513,1,0,0,2,0
neely_et_al_2022::MR2-7,neely_et_al_2022,Florida Keys,Natural colony,3,2.836413415468857,1,0,0,2.3333333333333335,0
neely_et_al_2022::MR2-70,neely_et_al_2022,Florida Keys,Natural colony,2,1.6892539356605063,1,0,0,2.5,0
neely_et_al_2022::MR2-71,neely_et_al_2022,Florida Keys,Natural colony,1,0.46269678302532513,1,0,0,2,0
neely_et_al_2022::MR2-72,neely_et_al_2022,Florida Keys,Natural colony,2,1.6892539356605063,1,0,0,2.5,0
neely_et_al_2022::MR2-73,neely_et_al_2022,Florida Keys,Natural colony,2,1.6892539356605063,1,0,0,2.5,0
neely_et_al_2022::MR2-74,neely_et_al_2022,Florida Keys,Natural colony,2,1.6892539356605063,1,0,0,2.5,0
neely_et_al_2022::MR2-75,neely_et_al_2022,Florida Keys,Natural colony,1,0.46269678302532513,1,0,0,2,0
neely_et_al_2022::MR2-76,neely_et_al_2022,Florida Keys,Natural colony,1,0.46269678302532513,1,0,0,2,0
neely_et_al_2022::MR2-77,neely_et_al_2022,Florida Keys,Natural colony,1,0.46269678302532513,1,0,0,2,0
neely_et_al_2022::MR2-78,neely_et_al_2022,Florida Keys,Natural colony,1,1.2265571526351813,1,0,0,3,0
neely_et_al_2022::MR2-79,neely_et_al_2022,Florida Keys,Natural colony,2,1.6892539356605063,1,0,0,2.5,0
neely_et_al_2022::MR2-8,neely_et_al_2022,Florida Keys,Natural colony,2,1.6098562628336754,1,0,0,2,0
neely_et_al_2022::MR2-80,neely_et_al_2022,Florida Keys,Natural colony,1,0.46269678302532513,1,0,0,2,0
neely_et_al_2022::MR2-81,neely_et_al_2022,Florida Keys,Natural colony,1,1.2265571526351813,1,0,0,3,0
neely_et_al_2022::MR2-82,neely_et_al_2022,Florida Keys,Natural colony,2,2.3134839151266258,1,0,0,2.5,0
neely_et_al_2022::MR2-83,neely_et_al_2022,Florida Keys,Natural colony,1,1.0869267624914445,1,0,0,2,0
neely_et_al_2022::MR2-84,neely_et_al_2022,Florida Keys,Natural colony,2,2.3134839151266258,1,0,0,2.5,0
neely_et_al_2022::MR2-85,neely_et_al_2022,Florida Keys,Natural colony,1,1.0869267624914445,1,0,0,2,0
neely_et_al_2022::MR2-86,neely_et_al_2022,Florida Keys,Natural colony,2,2.3134839151266258,1,1,1,2.5,0
neely_et_al_2022::MR2-87,neely_et_al_2022,Florida Keys,Natural colony,2,2.3134839151266258,1,0,0,2.5,0
neely_et_al_2022::MR2-88,neely_et_al_2022,Florida Keys,Natural colony,2,2.3134839151266258,1,1,1,2.5,0
neely_et_al_2022::MR2-89,neely_et_al_2022,Florida Keys,Natural colony,2,2.3134839151266258,1,0,0,2.5,0
neely_et_al_2022::MR2-9,neely_et_al_2022,Florida Keys,Natural colony,1,1.1471594798083504,1,0,0,2,0
neely_et_al_2022::MR2-90,neely_et_al_2022,Florida Keys,Natural colony,2,2.3134839151266258,1,0,0,2.5,0
neely_et_al_2022::MR2-91,neely_et_al_2022,Florida Keys,Natural colony,2,2.3134839151266258,1,1,1,2.5,0
neely_et_al_2022::MR2-92,neely_et_al_2022,Florida Keys,Natural colony,2,2.3134839151266258,1,0,0,2.5,0
neely_et_al_2022::MR2-93,neely_et_al_2022,Florida Keys,Natural colony,2,2.3134839151266258,1,0,0,2.5,0
neely_et_al_2022::MR2-94,neely_et_al_2022,Florida Keys,Natural colony,2,2.3134839151266258,1,0,0,2.5,0
neely_et_al_2022::MR2-95,neely_et_al_2022,Florida Keys,Natural colony,3,2.858316221765914,0,1,1,2.6666666666666665,0
neely_et_al_2022::MR2-96,neely_et_al_2022,Florida Keys,Natural colony,1,1.0869267624914445,1,0,0,2,0
neely_et_al_2022::MR2-97,neely_et_al_2022,Florida Keys,Natural colony,2,2.3134839151266258,1,0,0,2.5,0
neely_et_al_2022::MR2-98,neely_et_al_2022,Florida Keys,Natural colony,2,2.3134839151266258,1,0,0,2.5,0
neely_et_al_2022::MR2-99,neely_et_al_2022,Florida Keys,Natural colony,3,2.858316221765914,0,1,1,2.6666666666666665,0
neely_et_al_2022::MR3-1,neely_et_al_2022,Florida Keys,Natural colony,3,2.836413415468857,1,0,0,2.3333333333333335,0
neely_et_al_2022::MR3-10,neely_et_al_2022,Florida Keys,Natural colony,3,2.836413415468857,1,0,0,2.3333333333333335,0
neely_et_al_2022::MR3-100,neely_et_al_2022,Florida Keys,Natural colony,1,1.2265571526351813,1,0,0,3,0
neely_et_al_2022::MR3-101,neely_et_al_2022,Florida Keys,Natural colony,1,1.2265571526351813,1,0,0,3,0
neely_et_al_2022::MR3-102,neely_et_al_2022,Florida Keys,Natural colony,2,1.7686516084873374,0,2,1,3,0
neely_et_al_2022::MR3-103,neely_et_al_2022,Florida Keys,Natural colony,1,1.2265571526351813,1,0,0,3,0
neely_et_al_2022::MR3-104,neely_et_al_2022,Florida Keys,Natural colony,1,1.2265571526351813,1,0,0,3,0
neely_et_al_2022::MR3-105,neely_et_al_2022,Florida Keys,Natural colony,1,1.2265571526351813,1,0,0,3,0
neely_et_al_2022::MR3-106,neely_et_al_2022,Florida Keys,Natural colony,1,1.2265571526351813,1,0,0,3,0
neely_et_al_2022::MR3-107,neely_et_al_2022,Florida Keys,Natural colony,1,1.2265571526351813,1,0,0,3,0
neely_et_al_2022::MR3-108,neely_et_al_2022,Florida Keys,Natural colony,1,1.2265571526351813,1,0,0,3,0
neely_et_al_2022::MR3-109,neely_et_al_2022,Florida Keys,Natural colony,1,1.2265571526351813,1,0,0,3,0
neely_et_al_2022::MR3-11,neely_et_al_2022,Florida Keys,Natural colony,3,2.836413415468857,1,0,0,2.3333333333333335,0
neely_et_al_2022::MR3-110,neely_et_al_2022,Florida Keys,Natural colony,1,1.2265571526351813,1,0,0,3,0
neely_et_al_2022::MR3-111,neely_et_al_2022,Florida Keys,Natural colony,1,1.2265571526351813,1,0,0,3,0
neely_et_al_2022::MR3-112,neely_et_al_2022,Florida Keys,Natural colony,1,1.2265571526351813,1,0,0,3,0
neely_et_al_2022::MR3-113,neely_et_al_2022,Florida Keys,Natural colony,1,1.2265571526351813,1,0,0,3,0
neely_et_al_2022::MR3-114,neely_et_al_2022,Florida Keys,Natural colony,1,0.5420944558521561,0,0,0,3,0
neely_et_al_2022::MR3-115,neely_et_al_2022,Florida Keys,Natural colony,1,1,1,0,0,3,0
neely_et_al_2022::MR3-116,neely_et_al_2022,Florida Keys,Natural colony,1,1,1,0,0,3,0
neely_et_al_2022::MR3-12,neely_et_al_2022,Florida Keys,Natural colony,3,2.836413415468857,1,0,0,2.3333333333333335,0
neely_et_al_2022::MR3-13,neely_et_al_2022,Florida Keys,Natural colony,3,2.836413415468857,1,1,1,2.3333333333333335,0
neely_et_al_2022::MR3-14,neely_et_al_2022,Florida Keys,Natural colony,3,2.836413415468857,1,0,0,2.3333333333333335,0
neely_et_al_2022::MR3-15,neely_et_al_2022,Florida Keys,Natural colony,3,2.836413415468857,1,1,1,2.3333333333333335,0
neely_et_al_2022::MR3-16,neely_et_al_2022,Florida Keys,Natural colony,4,3.378507871321013,0,1,1,2.5,0
neely_et_al_2022::MR3-17,neely_et_al_2022,Florida Keys,Natural colony,3,2.836413415468857,1,0,0,2.3333333333333335,0
neely_et_al_2022::MR3-18,neely_et_al_2022,Florida Keys,Natural colony,3,2.836413415468857,1,0,0,2.3333333333333335,0
neely_et_al_2022::MR3-19,neely_et_al_2022,Florida Keys,Natural colony,3,2.836413415468857,1,0,0,2.3333333333333335,0
neely_et_al_2022::MR3-2,neely_et_al_2022,Florida Keys,Natural colony,3,2.836413415468857,1,1,1,2.3333333333333335,0
neely_et_al_2022::MR3-20,neely_et_al_2022,Florida Keys,Natural colony,3,2.836413415468857,1,0,0,2.3333333333333335,0
neely_et_al_2022::MR3-21,neely_et_al_2022,Florida Keys,Natural colony,3,2.836413415468857,1,0,0,2.3333333333333335,0
neely_et_al_2022::MR3-22,neely_et_al_2022,Florida Keys,Natural colony,3,2.836413415468857,1,0,0,2.3333333333333335,0
neely_et_al_2022::MR3-23,neely_et_al_2022,Florida Keys,Natural colony,3,2.836413415468857,1,0,0,2.3333333333333335,0
neely_et_al_2022::MR3-24,neely_et_al_2022,Florida Keys,Natural colony,3,2.836413415468857,1,0,0,2.3333333333333335,0
neely_et_al_2022::MR3-25,neely_et_al_2022,Florida Keys,Natural colony,3,2.836413415468857,1,0,0,2.3333333333333335,0
neely_et_al_2022::MR3-26,neely_et_al_2022,Florida Keys,Natural colony,3,2.836413415468857,1,0,0,2.3333333333333335,0
neely_et_al_2022::MR3-27,neely_et_al_2022,Florida Keys,Natural colony,3,2.836413415468857,1,0,0,2.3333333333333335,0
neely_et_al_2022::MR3-28,neely_et_al_2022,Florida Keys,Natural colony,3,2.836413415468857,1,0,0,2.3333333333333335,0
neely_et_al_2022::MR3-29,neely_et_al_2022,Florida Keys,Natural colony,3,2.836413415468857,1,1,1,2.3333333333333335,0
neely_et_al_2022::MR3-3,neely_et_al_2022,Florida Keys,Natural colony,3,2.836413415468857,1,0,0,2.3333333333333335,0
neely_et_al_2022::MR3-30,neely_et_al_2022,Florida Keys,Natural colony,2,1.6098562628336754,0,0,0,2,0
neely_et_al_2022::MR3-31,neely_et_al_2022,Florida Keys,Natural colony,3,2.836413415468857,1,0,0,2.3333333333333335,0
neely_et_al_2022::MR3-32,neely_et_al_2022,Florida Keys,Natural colony,3,2.836413415468857,1,1,1,2.3333333333333335,0
neely_et_al_2022::MR3-33,neely_et_al_2022,Florida Keys,Natural colony,3,2.836413415468857,1,0,0,2.3333333333333335,0
neely_et_al_2022::MR3-34,neely_et_al_2022,Florida Keys,Natural colony,3,2.836413415468857,1,0,0,2.3333333333333335,0
neely_et_al_2022::MR3-35,neely_et_al_2022,Florida Keys,Natural colony,4,3.378507871321013,0,0,0,2.5,0
neely_et_al_2022::MR3-36,neely_et_al_2022,Florida Keys,Natural colony,4,3.378507871321013,0,0,0,2.5,0
neely_et_al_2022::MR3-37,neely_et_al_2022,Florida Keys,Natural colony,3,2.836413415468857,1,0,0,2.3333333333333335,0
neely_et_al_2022::MR3-38,neely_et_al_2022,Florida Keys,Natural colony,3,2.836413415468857,1,0,0,2.3333333333333335,0
neely_et_al_2022::MR3-39,neely_et_al_2022,Florida Keys,Natural colony,3,2.836413415468857,1,1,1,2.3333333333333335,0
neely_et_al_2022::MR3-4,neely_et_al_2022,Florida Keys,Natural colony,3,2.836413415468857,1,0,0,2.3333333333333335,0
neely_et_al_2022::MR3-40,neely_et_al_2022,Florida Keys,Natural colony,2,1.6125941136208075,1,1,1,2.5,0
neely_et_al_2022::MR3-41,neely_et_al_2022,Florida Keys,Natural colony,3,2.836413415468857,1,0,0,2.3333333333333335,0
neely_et_al_2022::MR3-42,neely_et_al_2022,Florida Keys,Natural colony,3,2.836413415468857,1,0,0,2.3333333333333335,0
neely_et_al_2022::MR3-43,neely_et_al_2022,Florida Keys,Natural colony,3,2.836413415468857,1,0,0,2.3333333333333335,0
neely_et_al_2022::MR3-44,neely_et_al_2022,Florida Keys,Natural colony,3,2.836413415468857,1,0,0,2.3333333333333335,0
neely_et_al_2022::MR3-45,neely_et_al_2022,Florida Keys,Natural colony,3,2.836413415468857,1,0,0,2.3333333333333335,0
neely_et_al_2022::MR3-46,neely_et_al_2022,Florida Keys,Natural colony,3,2.836413415468857,1,1,1,2.3333333333333335,0
neely_et_al_2022::MR3-47,neely_et_al_2022,Florida Keys,Natural colony,3,2.836413415468857,1,0,0,2.3333333333333335,0
neely_et_al_2022::MR3-48,neely_et_al_2022,Florida Keys,Natural colony,3,2.836413415468857,1,0,0,2.3333333333333335,0
neely_et_al_2022::MR3-49,neely_et_al_2022,Florida Keys,Natural colony,3,2.836413415468857,1,0,0,2.3333333333333335,0
neely_et_al_2022::MR3-5,neely_et_al_2022,Florida Keys,Natural colony,3,2.836413415468857,1,0,0,2.3333333333333335,0
neely_et_al_2022::MR3-50,neely_et_al_2022,Florida Keys,Natural colony,3,2.836413415468857,1,0,0,2.3333333333333335,0
neely_et_al_2022::MR3-51,neely_et_al_2022,Florida Keys,Natural colony,1,0.3860369609856263,0,0,0,2,0
neely_et_al_2022::MR3-52,neely_et_al_2022,Florida Keys,Natural colony,2,1.6125941136208075,1,0,0,2.5,0
neely_et_al_2022::MR3-53,neely_et_al_2022,Florida Keys,Natural colony,2,1.6125941136208075,1,1,1,2.5,0
neely_et_al_2022::MR3-54,neely_et_al_2022,Florida Keys,Natural colony,2,1.6125941136208075,1,0,0,2.5,0
neely_et_al_2022::MR3-55,neely_et_al_2022,Florida Keys,Natural colony,2,1.6125941136208075,1,0,0,2.5,0
neely_et_al_2022::MR3-56,neely_et_al_2022,Florida Keys,Natural colony,3,2.1546885694729636,0,1,1,2.6666666666666665,0
neely_et_al_2022::MR3-57,neely_et_al_2022,Florida Keys,Natural colony,2,1.6125941136208075,1,1,1,2.5,0
neely_et_al_2022::MR3-58,neely_et_al_2022,Florida Keys,Natural colony,1,0.3860369609856263,1,0,0,2,0
neely_et_al_2022::MR3-59,neely_et_al_2022,Florida Keys,Natural colony,1,0.3860369609856263,1,0,0,2,0
neely_et_al_2022::MR3-6,neely_et_al_2022,Florida Keys,Natural colony,3,2.836413415468857,1,0,0,2.3333333333333335,0
neely_et_al_2022::MR3-60,neely_et_al_2022,Florida Keys,Natural colony,2,1.6125941136208075,1,0,0,2.5,0
neely_et_al_2022::MR3-61,neely_et_al_2022,Florida Keys,Natural colony,2,1.6125941136208075,1,1,1,2.5,0
neely_et_al_2022::MR3-62,neely_et_al_2022,Florida Keys,Natural colony,2,1.6125941136208075,1,0,0,2.5,0
neely_et_al_2022::MR3-63,neely_et_al_2022,Florida Keys,Natural colony,2,1.6125941136208075,1,1,1,2.5,0
neely_et_al_2022::MR3-64,neely_et_al_2022,Florida Keys,Natural colony,2,1.6125941136208075,1,1,1,2.5,0
neely_et_al_2022::MR3-65,neely_et_al_2022,Florida Keys,Natural colony,2,1.6125941136208075,1,0,0,2.5,0
neely_et_al_2022::MR3-66,neely_et_al_2022,Florida Keys,Natural colony,2,1.6125941136208075,1,0,0,2.5,0
neely_et_al_2022::MR3-67,neely_et_al_2022,Florida Keys,Natural colony,2,1.6125941136208075,1,0,0,2.5,0
neely_et_al_2022::MR3-68,neely_et_al_2022,Florida Keys,Natural colony,2,2.3134839151266258,1,0,0,2.5,0
neely_et_al_2022::MR3-69,neely_et_al_2022,Florida Keys,Natural colony,2,2.3134839151266258,1,0,0,2.5,0
neely_et_al_2022::MR3-7,neely_et_al_2022,Florida Keys,Natural colony,3,2.836413415468857,1,1,1,2.3333333333333335,0
neely_et_al_2022::MR3-70,neely_et_al_2022,Florida Keys,Natural colony,2,2.3134839151266258,1,0,0,2.5,0
neely_et_al_2022::MR3-71,neely_et_al_2022,Florida Keys,Natural colony,2,2.3134839151266258,1,0,0,2.5,0
neely_et_al_2022::MR3-72,neely_et_al_2022,Florida Keys,Natural colony,2,2.3134839151266258,1,0,0,2.5,0
neely_et_al_2022::MR3-73,neely_et_al_2022,Florida Keys,Natural colony,2,2.3134839151266258,1,1,1,2.5,0
neely_et_al_2022::MR3-74,neely_et_al_2022,Florida Keys,Natural colony,2,2.3134839151266258,1,1,1,2.5,0
neely_et_al_2022::MR3-75,neely_et_al_2022,Florida Keys,Natural colony,2,2.3134839151266258,1,0,0,2.5,0
neely_et_al_2022::MR3-76,neely_et_al_2022,Florida Keys,Natural colony,2,2.3134839151266258,1,0,0,2.5,0
neely_et_al_2022::MR3-77,neely_et_al_2022,Florida Keys,Natural colony,1,1.0869267624914445,1,0,0,2,0
neely_et_al_2022::MR3-78,neely_et_al_2022,Florida Keys,Natural colony,1,1.0869267624914445,1,0,0,2,0
neely_et_al_2022::MR3-79,neely_et_al_2022,Florida Keys,Natural colony,1,1.0869267624914445,1,0,0,2,0
neely_et_al_2022::MR3-8,neely_et_al_2022,Florida Keys,Natural colony,3,2.836413415468857,1,0,0,2.3333333333333335,0
neely_et_al_2022::MR3-80,neely_et_al_2022,Florida Keys,Natural colony,2,2.3134839151266258,1,0,0,2.5,0
neely_et_al_2022::MR3-81,neely_et_al_2022,Florida Keys,Natural colony,2,2.3134839151266258,1,1,1,2.5,0
neely_et_al_2022::MR3-82,neely_et_al_2022,Florida Keys,Natural colony,2,2.3134839151266258,1,0,0,2.5,0
neely_et_al_2022::MR3-83,neely_et_al_2022,Florida Keys,Natural colony,2,2.3134839151266258,1,0,0,2.5,0
neely_et_al_2022::MR3-84,neely_et_al_2022,Florida Keys,Natural colony,2,2.3134839151266258,1,0,0,2.5,0
neely_et_al_2022::MR3-85,neely_et_al_2022,Florida Keys,Natural colony,2,2.3134839151266258,1,0,0,2.5,0
neely_et_al_2022::MR3-86,neely_et_al_2022,Florida Keys,Natural colony,2,2.3134839151266258,1,0,0,2.5,0
neely_et_al_2022::MR3-87,neely_et_al_2022,Florida Keys,Natural colony,2,2.3134839151266258,1,0,0,2.5,0
neely_et_al_2022::MR3-88,neely_et_al_2022,Florida Keys,Natural colony,2,2.3134839151266258,1,0,0,2.5,0
neely_et_al_2022::MR3-89,neely_et_al_2022,Florida Keys,Natural colony,2,2.3134839151266258,1,0,0,2.5,0
neely_et_al_2022::MR3-9,neely_et_al_2022,Florida Keys,Natural colony,3,2.836413415468857,1,2,1,2.3333333333333335,0
neely_et_al_2022::MR3-90,neely_et_al_2022,Florida Keys,Natural colony,2,2.3134839151266258,1,1,1,2.5,0
neely_et_al_2022::MR3-91,neely_et_al_2022,Florida Keys,Natural colony,2,2.3134839151266258,1,0,0,2.5,0
neely_et_al_2022::MR3-92,neely_et_al_2022,Florida Keys,Natural colony,1,1.2265571526351813,1,0,0,3,0
neely_et_al_2022::MR3-93,neely_et_al_2022,Florida Keys,Natural colony,1,1.2265571526351813,1,0,0,3,0
neely_et_al_2022::MR3-94,neely_et_al_2022,Florida Keys,Natural colony,1,1.2265571526351813,1,0,0,3,0
neely_et_al_2022::MR3-95,neely_et_al_2022,Florida Keys,Natural colony,1,1.2265571526351813,1,0,0,3,0
neely_et_al_2022::MR3-96,neely_et_al_2022,Florida Keys,Natural colony,1,1.2265571526351813,1,0,0,3,0
neely_et_al_2022::MR3-97,neely_et_al_2022,Florida Keys,Natural colony,1,1.2265571526351813,1,0,0,3,0
neely_et_al_2022::MR3-98,neely_et_al_2022,Florida Keys,Natural colony,2,1.7686516084873374,0,0,0,3,0
neely_et_al_2022::MR3-99,neely_et_al_2022,Florida Keys,Natural colony,1,1.2265571526351813,1,0,0,3,0
neely_et_al_2022::RK1-1,neely_et_al_2022,Florida Keys,Natural colony,4,3.8658453114305273,1,1,1,2.75,0.25
neely_et_al_2022::RK1-11,neely_et_al_2022,Florida Keys,Natural colony,4,3.8658453114305273,0,1,1,2.75,0.25
neely_et_al_2022::RK1-12,neely_et_al_2022,Florida Keys,Natural colony,1,0.9253935660506504,1,0,0,2,0
neely_et_al_2022::RK1-2,neely_et_al_2022,Florida Keys,Natural colony,4,3.8658453114305273,1,0,0,2.75,0.25
neely_et_al_2022::RK1-3,neely_et_al_2022,Florida Keys,Natural colony,4,3.8658453114305273,1,2,1,2.75,0.25
neely_et_al_2022::RK1-4,neely_et_al_2022,Florida Keys,Natural colony,4,3.8658453114305273,1,2,1,2.75,0.25
neely_et_al_2022::RK1-5,neely_et_al_2022,Florida Keys,Natural colony,4,3.8658453114305273,1,2,1,2.75,0.25
neely_et_al_2022::RK1-6,neely_et_al_2022,Florida Keys,Natural colony,4,3.8658453114305273,0,1,1,2.75,0.25
neely_et_al_2022::RK1-7,neely_et_al_2022,Florida Keys,Natural colony,4,3.8658453114305273,1,3,1,2.75,0.25
neely_et_al_2022::RK1-8,neely_et_al_2022,Florida Keys,Natural colony,4,3.8658453114305273,1,2,1,2.75,0.25
neely_et_al_2022::RK1-9,neely_et_al_2022,Florida Keys,Natural colony,4,3.8658453114305273,0,2,1,2.75,0.25
neely_et_al_2022::SK1-1,neely_et_al_2022,Florida Keys,Natural colony,3,2.9103353867214237,1,0,0,2.3333333333333335,0
neely_et_al_2022::SK1-10,neely_et_al_2022,Florida Keys,Natural colony,1,1.5195071868583163,1,0,0,4,1
neely_et_al_2022::SK1-11,neely_et_al_2022,Florida Keys,Natural colony,1,1.5195071868583163,1,0,0,4,1
neely_et_al_2022::SK1-12,neely_et_al_2022,Florida Keys,Natural colony,1,1.5195071868583163,1,0,0,4,1
neely_et_al_2022::SK1-13,neely_et_al_2022,Florida Keys,Natural colony,1,1.5195071868583163,1,0,0,4,1
neely_et_al_2022::SK1-14,neely_et_al_2022,Florida Keys,Natural colony,4,3.8631074606433953,1,2,1,2.75,0.25
neely_et_al_2022::SK1-15,neely_et_al_2022,Florida Keys,Natural colony,4,3.8631074606433953,1,2,1,2.75,0.25
neely_et_al_2022::SK1-16,neely_et_al_2022,Florida Keys,Natural colony,4,3.8631074606433953,0,1,1,2.75,0.25
neely_et_al_2022::SK1-17,neely_et_al_2022,Florida Keys,Natural colony,1,1.5195071868583163,1,0,0,4,1
neely_et_al_2022::SK1-18,neely_et_al_2022,Florida Keys,Natural colony,4,3.8631074606433953,1,1,1,2.75,0.25
neely_et_al_2022::SK1-19,neely_et_al_2022,Florida Keys,Natural colony,2,1.913757700205339,1,1,1,3,0.5
neely_et_al_2022::SK1-2,neely_et_al_2022,Florida Keys,Natural colony,1,1.5195071868583163,1,0,0,4,1
neely_et_al_2022::SK1-20,neely_et_al_2022,Florida Keys,Natural colony,4,3.8631074606433953,1,2,1,2.75,0.25
neely_et_al_2022::SK1-21,neely_et_al_2022,Florida Keys,Natural colony,1,1.5195071868583163,1,0,0,4,1
neely_et_al_2022::SK1-22,neely_et_al_2022,Florida Keys,Natural colony,1,1.5195071868583163,1,0,0,4,1
neely_et_al_2022::SK1-23,neely_et_al_2022,Florida Keys,Natural colony,3,2.9103353867214237,1,0,0,2.3333333333333335,0
neely_et_al_2022::SK1-24,neely_et_al_2022,Florida Keys,Natural colony,1,1.5195071868583163,1,0,0,4,1
neely_et_al_2022::SK1-25,neely_et_al_2022,Florida Keys,Natural colony,2,1.8863791923340179,1,0,0,2,0
neely_et_al_2022::SK1-3,neely_et_al_2022,Florida Keys,Natural colony,4,3.8631074606433953,1,3,1,2.75,0.25
neely_et_al_2022::SK1-4,neely_et_al_2022,Florida Keys,Natural colony,4,3.8631074606433953,1,2,1,2.75,0.25
neely_et_al_2022::SK1-5,neely_et_al_2022,Florida Keys,Natural colony,2,1.913757700205339,0,2,1,3,0.5
neely_et_al_2022::SK1-6,neely_et_al_2022,Florida Keys,Natural colony,1,1.5195071868583163,1,0,0,4,1
neely_et_al_2022::SK1-7,neely_et_al_2022,Florida Keys,Natural colony,1,1.5195071868583163,1,0,0,4,1
neely_et_al_2022::SK1-8,neely_et_al_2022,Florida Keys,Natural colony,1,1.5195071868583163,1,0,0,4,1
neely_et_al_2022::SK1-9,neely_et_al_2022,Florida Keys,Natural colony,1,1.5195071868583163,1,0,0,4,1
neely_et_al_2022::SK2-1,neely_et_al_2022,Florida Keys,Natural colony,4,3.8631074606433953,1,1,1,2.75,0.25
neely_et_al_2022::SK2-10,neely_et_al_2022,Florida Keys,Natural colony,1,1.377138945927447,1,0,0,4,1
neely_et_al_2022::SK2-11,neely_et_al_2022,Florida Keys,Natural colony,4,3.8631074606433953,0,3,1,2.75,0.25
neely_et_al_2022::SK2-12,neely_et_al_2022,Florida Keys,Natural colony,4,3.8631074606433953,1,1,1,2.75,0.25
neely_et_al_2022::SK2-13,neely_et_al_2022,Florida Keys,Natural colony,4,3.8631074606433953,1,3,1,2.75,0.25
neely_et_al_2022::SK2-14,neely_et_al_2022,Florida Keys,Natural colony,4,3.8631074606433953,1,3,1,2.75,0.25
neely_et_al_2022::SK2-15,neely_et_al_2022,Florida Keys,Natural colony,1,1.377138945927447,1,0,0,4,1
neely_et_al_2022::SK2-16,neely_et_al_2022,Florida Keys,Natural colony,1,1.377138945927447,1,0,0,4,1
neely_et_al_2022::SK2-17,neely_et_al_2022,Florida Keys,Natural colony,4,3.8631074606433953,1,3,1,2.75,0.25
neely_et_al_2022::SK2-18,neely_et_al_2022,Florida Keys,Natural colony,3,2.8391512662559895,1,2,1,2.6666666666666665,0.3333333333333333
neely_et_al_2022::SK2-19,neely_et_al_2022,Florida Keys,Natural colony,4,3.8631074606433953,1,1,1,2.75,0.25
neely_et_al_2022::SK2-2,neely_et_al_2022,Florida Keys,Natural colony,1,1.377138945927447,1,0,0,4,1
neely_et_al_2022::SK2-20,neely_et_al_2022,Florida Keys,Natural colony,4,3.8631074606433953,1,3,1,2.75,0.25
neely_et_al_2022::SK2-21,neely_et_al_2022,Florida Keys,Natural colony,4,3.8631074606433953,1,1,1,2.75,0.25
neely_et_al_2022::SK2-22,neely_et_al_2022,Florida Keys,Natural colony,1,1.377138945927447,1,0,0,4,1
neely_et_al_2022::SK2-23,neely_et_al_2022,Florida Keys,Natural colony,4,3.8631074606433953,1,2,1,2.75,0.25
neely_et_al_2022::SK2-24,neely_et_al_2022,Florida Keys,Natural colony,4,3.8631074606433953,1,1,1,2.75,0.25
neely_et_al_2022::SK2-25,neely_et_al_2022,Florida Keys,Natural colony,4,3.8631074606433953,1,1,1,2.75,0.25
neely_et_al_2022::SK2-26,neely_et_al_2022,Florida Keys,Natural colony,4,3.8631074606433953,1,2,1,2.75,0.25
neely_et_al_2022::SK2-27,neely_et_al_2022,Florida Keys,Natural colony,4,3.8631074606433953,1,2,1,2.75,0.25
neely_et_al_2022::SK2-28,neely_et_al_2022,Florida Keys,Natural colony,4,3.8631074606433953,1,1,1,2.75,0.25
neely_et_al_2022::SK2-29,neely_et_al_2022,Florida Keys,Natural colony,4,3.8631074606433953,1,2,1,2.75,0.25
neely_et_al_2022::SK2-3,neely_et_al_2022,Florida Keys,Natural colony,4,3.8631074606433953,1,2,1,2.75,0.25
neely_et_al_2022::SK2-30,neely_et_al_2022,Florida Keys,Natural colony,4,3.8631074606433953,1,0,0,2.75,0.25
neely_et_al_2022::SK2-31,neely_et_al_2022,Florida Keys,Natural colony,4,3.8631074606433953,1,1,1,2.75,0.25
neely_et_al_2022::SK2-32,neely_et_al_2022,Florida Keys,Natural colony,4,3.8631074606433953,1,3,1,2.75,0.25
neely_et_al_2022::SK2-33,neely_et_al_2022,Florida Keys,Natural colony,4,3.8631074606433953,1,3,1,2.75,0.25
neely_et_al_2022::SK2-34,neely_et_al_2022,Florida Keys,Natural colony,3,2.485968514715948,1,1,1,2.3333333333333335,0
neely_et_al_2022::SK2-4,neely_et_al_2022,Florida Keys,Natural colony,4,3.8631074606433953,1,2,1,2.75,0.25
neely_et_al_2022::SK2-5,neely_et_al_2022,Florida Keys,Natural colony,4,3.8631074606433953,1,3,1,2.75,0.25
neely_et_al_2022::SK2-6,neely_et_al_2022,Florida Keys,Natural colony,4,3.8631074606433953,1,1,1,2.75,0.25
neely_et_al_2022::SK2-7,neely_et_al_2022,Florida Keys,Natural colony,4,3.8631074606433953,1,1,1,2.75,0.25
neely_et_al_2022::SK2-8,neely_et_al_2022,Florida Keys,Natural colony,1,1.377138945927447,1,0,0,4,1
neely_et_al_2022::SK2-9,neely_et_al_2022,Florida Keys,Natural colony,4,3.8631074606433953,1,2,1,2.75,0.25
neely_et_al_2022::SR1-1,neely_et_al_2022,Florida Keys,Natural colony,4,3.8056125941136205,0,1,1,2.75,0.25
neely_et_al_2022::SR1-10,neely_et_al_2022,Florida Keys,Natural colony,4,3.8056125941136205,0,0,0,2.75,0.25
neely_et_al_2022::SR1-11,neely_et_al_2022,Florida Keys,Natural colony,1,1.1553730321697468,1,0,0,4,1
neely_et_al_2022::SR1-12,neely_et_al_2022,Florida Keys,Natural colony,3,2.888432580424367,0,2,1,2.3333333333333335,0
neely_et_al_2022::SR1-13,neely_et_al_2022,Florida Keys,Natural colony,3,2.888432580424367,0,0,0,2.3333333333333335,0
neely_et_al_2022::SR1-14,neely_et_al_2022,Florida Keys,Natural colony,2,1.9520876112251881,1,0,0,2.5,0
neely_et_al_2022::SR1-2,neely_et_al_2022,Florida Keys,Natural colony,4,3.8056125941136205,0,0,0,2.75,0.25
neely_et_al_2022::SR1-3,neely_et_al_2022,Florida Keys,Natural colony,4,3.8056125941136205,0,2,1,2.75,0.25
neely_et_al_2022::SR1-4,neely_et_al_2022,Florida Keys,Natural colony,4,3.8056125941136205,0,1,1,2.75,0.25
neely_et_al_2022::SR1-5,neely_et_al_2022,Florida Keys,Natural colony,4,3.8056125941136205,0,1,1,2.75,0.25
neely_et_al_2022::SR1-6,neely_et_al_2022,Florida Keys,Natural colony,4,3.8056125941136205,0,1,1,2.75,0.25
neely_et_al_2022::SR1-7,neely_et_al_2022,Florida Keys,Natural colony,4,3.8056125941136205,0,1,1,2.75,0.25
neely_et_al_2022::SR1-8,neely_et_al_2022,Florida Keys,Natural colony,4,3.8056125941136205,0,1,1,2.75,0.25
neely_et_al_2022::SR1-9,neely_et_al_2022,Florida Keys,Natural colony,4,3.8056125941136205,0,0,0,2.75,0.25
neely_et_al_2022::SR2-1,neely_et_al_2022,Florida Keys,Natural colony,5,5.107460643394935,0,2,1,2.2,0.2
neely_et_al_2022::SR2-2,neely_et_al_2022,Florida Keys,Natural colony,4,4.108145106091718,1,0,0,2,0.25
neely_et_al_2022::SR2-3,neely_et_al_2022,Florida Keys,Natural colony,5,5.107460643394935,0,1,1,2.2,0.2
neely_et_al_2022::SR2-4,neely_et_al_2022,Florida Keys,Natural colony,5,5.107460643394935,0,0,0,2.2,0.2
neely_et_al_2022::SR2-5,neely_et_al_2022,Florida Keys,Natural colony,5,5.107460643394935,0,1,1,2.2,0.2
neely_et_al_2022::SR2-6,neely_et_al_2022,Florida Keys,Natural colony,2,2.155373032169747,1,1,1,3,0.5
neely_et_al_2022::SR3-1,neely_et_al_2022,Florida Keys,Natural colony,5,5.006160164271047,0,1,1,1.8,0
neely_et_al_2022::SR3-2,neely_et_al_2022,Florida Keys,Natural colony,5,5.006160164271047,0,3,1,1.8,0
neely_et_al_2022::SR3-3,neely_et_al_2022,Florida Keys,Natural colony,4,4.00684462696783,1,1,1,1.5,0
neely_et_al_2022::SR3-4,neely_et_al_2022,Florida Keys,Natural colony,4,4.00684462696783,1,0,0,1.5,0
neely_et_al_2022::SR3-5,neely_et_al_2022,Florida Keys,Natural colony,5,5.006160164271047,0,2,1,1.8,0
neely_et_al_2022::WS1-1,neely_et_al_2022,Florida Keys,Natural colony,3,2.9869952087611225,1,2,1,3,0.3333333333333333
neely_et_al_2022::WS1-10,neely_et_al_2022,Florida Keys,Natural colony,3,2.9869952087611225,1,0,0,3,0.3333333333333333
neely_et_al_2022::WS1-11,neely_et_al_2022,Florida Keys,Natural colony,3,2.9869952087611225,1,0,0,3,0.3333333333333333
neely_et_al_2022::WS1-12,neely_et_al_2022,Florida Keys,Natural colony,3,2.9869952087611225,1,1,1,3,0.3333333333333333
neely_et_al_2022::WS1-13,neely_et_al_2022,Florida Keys,Natural colony,1,1.5824777549623543,1,0,0,4,1
neely_et_al_2022::WS1-14,neely_et_al_2022,Florida Keys,Natural colony,1,1.5824777549623543,1,0,0,4,1
neely_et_al_2022::WS1-15,neely_et_al_2022,Florida Keys,Natural colony,2,1.921971252566735,0,1,1,3,0.5
neely_et_al_2022::WS1-16,neely_et_al_2022,Florida Keys,Natural colony,3,2.9869952087611225,1,0,0,3,0.3333333333333333
neely_et_al_2022::WS1-17,neely_et_al_2022,Florida Keys,Natural colony,2,1.9685147159479808,1,0,0,2.5,0
neely_et_al_2022::WS1-18,neely_et_al_2022,Florida Keys,Natural colony,3,2.9869952087611225,1,1,1,3,0.3333333333333333
neely_et_al_2022::WS1-19,neely_et_al_2022,Florida Keys,Natural colony,1,1.5824777549623543,1,0,0,4,1
neely_et_al_2022::WS1-2,neely_et_al_2022,Florida Keys,Natural colony,2,1.921971252566735,1,1,1,3,0.5
neely_et_al_2022::WS1-20,neely_et_al_2022,Florida Keys,Natural colony,3,2.9869952087611225,1,0,0,3,0.3333333333333333
neely_et_al_2022::WS1-21,neely_et_al_2022,Florida Keys,Natural colony,1,1.5824777549623543,1,0,0,4,1
neely_et_al_2022::WS1-22,neely_et_al_2022,Florida Keys,Natural colony,2,1.4045174537987681,1,0,0,2.5,0
neely_et_al_2022::WS1-23,neely_et_al_2022,Florida Keys,Natural colony,2,1.4045174537987681,1,1,1,2.5,0
neely_et_al_2022::WS1-24,neely_et_al_2022,Florida Keys,Natural colony,2,1.9685147159479808,1,1,1,2.5,0
neely_et_al_2022::WS1-25,neely_et_al_2022,Florida Keys,Natural colony,2,1.9685147159479808,1,0,0,2.5,0
neely_et_al_2022::WS1-26,neely_et_al_2022,Florida Keys,Natural colony,1,1.0650239561943875,1,0,0,3,0
neely_et_al_2022::WS1-27,neely_et_al_2022,Florida Keys,Natural colony,1,0.9390828199863108,1,0,0,3,0
neely_et_al_2022::WS1-3,neely_et_al_2022,Florida Keys,Natural colony,4,3.9260780287474333,0,2,1,3,0.25
neely_et_al_2022::WS1-4,neely_et_al_2022,Florida Keys,Natural colony,1,1.5824777549623543,1,0,0,4,1
neely_et_al_2022::WS1-5,neely_et_al_2022,Florida Keys,Natural colony,3,2.9869952087611225,1,1,1,3,0.3333333333333333
neely_et_al_2022::WS1-6,neely_et_al_2022,Florida Keys,Natural colony,1,1.5824777549623543,1,0,0,4,1
neely_et_al_2022::WS1-7,neely_et_al_2022,Florida Keys,Natural colony,4,3.9260780287474333,1,3,1,3,0.25
neely_et_al_2022::WS1-8,neely_et_al_2022,Florida Keys,Natural colony,3,2.9869952087611225,1,1,1,3,0.3333333333333333
neely_et_al_2022::WS1-9,neely_et_al_2022,Florida Keys,Natural colony,3,2.9869952087611225,1,0,0,3,0.3333333333333333
neely_et_al_2022::WS2-1,neely_et_al_2022,Florida Keys,Natural colony,4,3.9260780287474333,1,2,1,3,0.25
neely_et_al_2022::WS2-10,neely_et_al_2022,Florida Keys,Natural colony,3,2.343600273785079,1,1,1,2.6666666666666665,0
neely_et_al_2022::WS2-2,neely_et_al_2022,Florida Keys,Natural colony,4,3.9260780287474333,1,3,1,3,0.25
neely_et_al_2022::WS2-3,neely_et_al_2022,Florida Keys,Natural colony,4,3.9260780287474333,1,2,1,3,0.25
neely_et_al_2022::WS2-4,neely_et_al_2022,Florida Keys,Natural colony,4,3.9260780287474333,1,3,1,3,0.25
neely_et_al_2022::WS2-5,neely_et_al_2022,Florida Keys,Natural colony,3,2.9869952087611225,1,2,1,3,0.3333333333333333
neely_et_al_2022::WS2-6,neely_et_al_2022,Florida Keys,Natural colony,4,3.9260780287474333,1,3,1,3,0.25
neely_et_al_2022::WS2-7,neely_et_al_2022,Florida Keys,Natural colony,3,2.9869952087611225,1,0,0,3,0.3333333333333333
neely_et_al_2022::WS2-8,neely_et_al_2022,Florida Keys,Natural colony,3,2.9869952087611225,1,2,1,3,0.3333333333333333
neely_et_al_2022::WS3-1,neely_et_al_2022,Florida Keys,Natural colony,1,1.514031485284052,1,0,0,4,1
neely_et_al_2022::WS3-10,neely_et_al_2022,Florida Keys,Natural colony,3,2.91854893908282,1,0,0,3,0.3333333333333333
neely_et_al_2022::WS3-11,neely_et_al_2022,Florida Keys,Natural colony,3,2.91854893908282,1,2,1,3,0.3333333333333333
neely_et_al_2022::WS3-12,neely_et_al_2022,Florida Keys,Natural colony,1,1.514031485284052,1,0,0,4,1
neely_et_al_2022::WS3-13,neely_et_al_2022,Florida Keys,Natural colony,1,1.514031485284052,1,0,0,4,1
neely_et_al_2022::WS3-14,neely_et_al_2022,Florida Keys,Natural colony,4,3.8576317590691307,1,2,1,3,0.25
neely_et_al_2022::WS3-15,neely_et_al_2022,Florida Keys,Natural colony,1,1.514031485284052,1,0,0,4,1
neely_et_al_2022::WS3-16,neely_et_al_2022,Florida Keys,Natural colony,3,2.91854893908282,1,1,1,3,0.3333333333333333
neely_et_al_2022::WS3-17,neely_et_al_2022,Florida Keys,Natural colony,3,2.91854893908282,1,1,1,3,0.3333333333333333
neely_et_al_2022::WS3-18,neely_et_al_2022,Florida Keys,Natural colony,3,2.91854893908282,1,2,1,3,0.3333333333333333
neely_et_al_2022::WS3-19,neely_et_al_2022,Florida Keys,Natural colony,4,3.8576317590691307,1,2,1,3,0.25
neely_et_al_2022::WS3-2,neely_et_al_2022,Florida Keys,Natural colony,1,1.514031485284052,1,0,0,4,1
neely_et_al_2022::WS3-20,neely_et_al_2022,Florida Keys,Natural colony,3,2.91854893908282,1,1,1,3,0.3333333333333333
neely_et_al_2022::WS3-21,neely_et_al_2022,Florida Keys,Natural colony,3,2.91854893908282,1,2,1,3,0.3333333333333333
neely_et_al_2022::WS3-22,neely_et_al_2022,Florida Keys,Natural colony,1,1.514031485284052,1,0,0,4,1
neely_et_al_2022::WS3-23,neely_et_al_2022,Florida Keys,Natural colony,1,1.514031485284052,1,0,0,4,1
neely_et_al_2022::WS3-24,neely_et_al_2022,Florida Keys,Natural colony,1,1.514031485284052,1,0,0,4,1
neely_et_al_2022::WS3-25,neely_et_al_2022,Florida Keys,Natural colony,1,1.514031485284052,1,0,0,4,1
neely_et_al_2022::WS3-26,neely_et_al_2022,Florida Keys,Natural colony,4,3.8576317590691307,1,3,1,3,0.25
neely_et_al_2022::WS3-27,neely_et_al_2022,Florida Keys,Natural colony,1,0.3394934976043806,1,0,0,2,0
neely_et_al_2022::WS3-28,neely_et_al_2022,Florida Keys,Natural colony,2,1.4045174537987681,1,0,0,2.5,0
neely_et_al_2022::WS3-29,neely_et_al_2022,Florida Keys,Natural colony,2,1.4045174537987681,1,1,1,2.5,0
neely_et_al_2022::WS3-3,neely_et_al_2022,Florida Keys,Natural colony,1,1.514031485284052,1,0,0,4,1
neely_et_al_2022::WS3-30,neely_et_al_2022,Florida Keys,Natural colony,3,2.9075975359342916,1,2,1,2.6666666666666665,0
neely_et_al_2022::WS3-4,neely_et_al_2022,Florida Keys,Natural colony,2,2.5790554414784395,1,1,1,3.5,0.5
neely_et_al_2022::WS3-5,neely_et_al_2022,Florida Keys,Natural colony,4,3.8576317590691307,1,3,1,3,0.25
neely_et_al_2022::WS3-6,neely_et_al_2022,Florida Keys,Natural colony,3,2.91854893908282,1,2,1,3,0.3333333333333333
neely_et_al_2022::WS3-7,neely_et_al_2022,Florida Keys,Natural colony,2,1.8535249828884326,1,1,1,3,0.5
neely_et_al_2022::WS3-8,neely_et_al_2022,Florida Keys,Natural colony,4,3.8576317590691307,1,2,1,3,0.25
neely_et_al_2022::WS3-9,neely_et_al_2022,Florida Keys,Natural colony,4,3.8576317590691307,1,2,1,3,0.25
pausch_et_al_2018::AA1-131-B,pausch_et_al_2018,Florida Keys,Restoration fragment,1,1.02827564571787,1,0,0,4,1
pausch_et_al_2018::AA1-131-P,pausch_et_al_2018,Florida Keys,Restoration fragment,1,1.0958904109589,0,0,0,4,1
pausch_et_al_2018::AA1-131-W,pausch_et_al_2018,Florida Keys,Restoration fragment,1,1.0958904109589,0,0,0,4,1
pausch_et_al_2018::AA1-131-Y,pausch_et_al_2018,Florida Keys,Restoration fragment,1,1.02827564571787,1,0,0,4,1
pausch_et_al_2018::AA1-132-B,pausch_et_al_2018,Florida Keys,Restoration fragment,1,1.02827564571787,1,0,0,4,1
pausch_et_al_2018::AA1-132-P,pausch_et_al_2018,Florida Keys,Restoration fragment,1,1.02827564571787,1,0,0,4,1
pausch_et_al_2018::AA1-132-W,pausch_et_al_2018,Florida Keys,Restoration fragment,1,1.0958904109589,0,0,0,4,1
pausch_et_al_2018::AA1-132-Y,pausch_et_al_2018,Florida Keys,Restoration fragment,1,1.0958904109589,0,0,0,4,1
pausch_et_al_2018::AA1-133-B,pausch_et_al_2018,Florida Keys,Restoration fragment,1,1.02827564571787,1,0,0,4,1
pausch_et_al_2018::AA1-133-P,pausch_et_al_2018,Florida Keys,Restoration fragment,1,1.02827564571787,1,0,0,4,1
pausch_et_al_2018::AA1-133-W,pausch_et_al_2018,Florida Keys,Restoration fragment,1,1.0958904109589,0,1,1,4,1
pausch_et_al_2018::AA1-133-Y,pausch_et_al_2018,Florida Keys,Restoration fragment,1,1.0958904109589,0,0,0,4,1
pausch_et_al_2018::AA1-134-B,pausch_et_al_2018,Florida Keys,Restoration fragment,1,1.02827564571787,1,0,0,4,1
pausch_et_al_2018::AA1-134-P,pausch_et_al_2018,Florida Keys,Restoration fragment,1,1.0958904109589,0,0,0,4,1
pausch_et_al_2018::AA1-134-W,pausch_et_al_2018,Florida Keys,Restoration fragment,1,1.0958904109589,0,0,0,4,1
pausch_et_al_2018::AA1-134-Y,pausch_et_al_2018,Florida Keys,Restoration fragment,1,1.0958904109589,0,0,0,4,1
pausch_et_al_2018::AA1-135-B,pausch_et_al_2018,Florida Keys,Restoration fragment,1,1.02827564571787,1,0,0,4,1
pausch_et_al_2018::AA1-135-P,pausch_et_al_2018,Florida Keys,Restoration fragment,1,1.02827564571787,1,0,0,4,1
pausch_et_al_2018::AA1-135-W,pausch_et_al_2018,Florida Keys,Restoration fragment,1,1.02827564571787,1,0,0,4,1
pausch_et_al_2018::AA1-135-Y,pausch_et_al_2018,Florida Keys,Restoration fragment,1,1.0958904109589,0,0,0,4,1
pausch_et_al_2018::AA1-136-B,pausch_et_al_2018,Florida Keys,Restoration fragment,1,1.02827564571787,1,0,0,4,1
pausch_et_al_2018::AA1-136-P,pausch_et_al_2018,Florida Keys,Restoration fragment,1,1.0958904109589,0,1,1,4,1
pausch_et_al_2018::AA1-136-W,pausch_et_al_2018,Florida Keys,Restoration fragment,1,1.0958904109589,0,0,0,4,1
pausch_et_al_2018::AA1-136-Y,pausch_et_al_2018,Florida Keys,Restoration fragment,1,1.0958904109589,0,0,0,4,1
pausch_et_al_2018::AA1-137-B,pausch_et_al_2018,Florida Keys,Restoration fragment,1,1.02827564571787,1,0,0,4,1
pausch_et_al_2018::AA1-137-P,pausch_et_al_2018,Florida Keys,Restoration fragment,1,1.02827564571787,1,0,0,4,1
pausch_et_al_2018::AA1-137-W,pausch_et_al_2018,Florida Keys,Restoration fragment,1,1.0958904109589,0,0,0,4,1
pausch_et_al_2018::AA1-137-Y,pausch_et_al_2018,Florida Keys,Restoration fragment,1,1.0958904109589,0,0,0,4,1
pausch_et_al_2018::AA1-138-B,pausch_et_al_2018,Florida Keys,Restoration fragment,1,1.02827564571787,1,0,0,4,1
pausch_et_al_2018::AA1-138-P,pausch_et_al_2018,Florida Keys,Restoration fragment,1,1.02827564571787,1,0,0,4,1
pausch_et_al_2018::AA1-138-W,pausch_et_al_2018,Florida Keys,Restoration fragment,1,1.0958904109589,0,1,1,4,1
pausch_et_al_2018::AA1-138-Y,pausch_et_al_2018,Florida Keys,Restoration fragment,1,1.0958904109589,0,0,0,4,1
pausch_et_al_2018::AA1-139-B,pausch_et_al_2018,Florida Keys,Restoration fragment,1,1.02827564571787,1,0,0,4,1
pausch_et_al_2018::AA1-139-P,pausch_et_al_2018,Florida Keys,Restoration fragment,1,1.02827564571787,1,0,0,4,1
pausch_et_al_2018::AA1-139-W,pausch_et_al_2018,Florida Keys,Restoration fragment,1,1.02827564571787,1,0,0,4,1
pausch_et_al_2018::AA1-139-Y,pausch_et_al_2018,Florida Keys,Restoration fragment,1,1.0958904109589,0,1,1,4,1
pausch_et_al_2018::AA1-140-B,pausch_et_al_2018,Florida Keys,Restoration fragment,1,1.02827564571787,1,0,0,4,1
pausch_et_al_2018::AA1-140-P,pausch_et_al_2018,Florida Keys,Restoration fragment,1,1.02827564571787,1,0,0,4,1
pausch_et_al_2018::AA1-140-W,pausch_et_al_2018,Florida Keys,Restoration fragment,1,1.0958904109589,0,1,1,4,1
pausch_et_al_2018::AA1-140-Y,pausch_et_al_2018,Florida Keys,Restoration fragment,1,1.02827564571787,1,0,0,4,1
pausch_et_al_2018::AA2-141-B,pausch_et_al_2018,Florida Keys,Restoration fragment,1,1.02827564571787,1,0,0,4,1
pausch_et_al_2018::AA2-141-P,pausch_et_al_2018,Florida Keys,Restoration fragment,1,1.02827564571787,1,0,0,4,1
pausch_et_al_2018::AA2-141-W,pausch_et_al_2018,Florida Keys,Restoration fragment,1,1.0958904109589,0,0,0,4,1
pausch_et_al_2018::AA2-141-Y,pausch_et_al_2018,Florida Keys,Restoration fragment,1,1.0958904109589,0,1,1,4,1
pausch_et_al_2018::AA2-142-B,pausch_et_al_2018,Florida Keys,Restoration fragment,1,1.02827564571787,1,0,0,4,1
pausch_et_al_2018::AA2-142-P,pausch_et_al_2018,Florida Keys,Restoration fragment,1,1.02827564571787,1,0,0,4,1
pausch_et_al_2018::AA2-142-W,pausch_et_al_2018,Florida Keys,Restoration fragment,1,1.02827564571787,1,0,0,4,1
pausch_et_al_2018::AA2-142-Y,pausch_et_al_2018,Florida Keys,Restoration fragment,1,1.0958904109589,0,1,1,4,1
pausch_et_al_2018::AA2-143-B,pausch_et_al_2018,Florida Keys,Restoration fragment,1,1.02827564571787,1,0,0,4,1
pausch_et_al_2018::AA2-143-P,pausch_et_al_2018,Florida Keys,Restoration fragment,1,1.02827564571787,1,0,0,4,1
pausch_et_al_2018::AA2-143-W,pausch_et_al_2018,Florida Keys,Restoration fragment,1,1.0958904109589,0,0,0,4,1
pausch_et_al_2018::AA2-143-Y,pausch_et_al_2018,Florida Keys,Restoration fragment,1,1.0958904109589,0,0,0,4,1
pausch_et_al_2018::AA2-144-B,pausch_et_al_2018,Florida Keys,Restoration fragment,1,1.02827564571787,1,0,0,4,1
pausch_et_al_2018::AA2-144-P,pausch_et_al_2018,Florida Keys,Restoration fragment,1,1.02827564571787,1,0,0,4,1
pausch_et_al_2018::AA2-144-W,pausch_et_al_2018,Florida Keys,Restoration fragment,1,1.02827564571787,1,0,0,4,1
pausch_et_al_2018::AA2-144-Y,pausch_et_al_2018,Florida Keys,Restoration fragment,1,1.0958904109589,0,0,0,4,1
pausch_et_al_2018::AA2-145-B,pausch_et_al_2018,Florida Keys,Restoration fragment,1,1.02827564571787,1,0,0,4,1
pausch_et_al_2018::AA2-145-P,pausch_et_al_2018,Florida Keys,Restoration fragment,1,1.02827564571787,1,0,0,4,1
pausch_et_al_2018::AA2-145-W,pausch_et_al_2018,Florida Keys,Restoration fragment,1,1.02827564571787,1,0,0,4,1
pausch_et_al_2018::AA2-145-Y,pausch_et_al_2018,Florida Keys,Restoration fragment,1,1.02827564571787,1,0,0,4,1
pausch_et_al_2018::AA2-146-B,pausch_et_al_2018,Florida Keys,Restoration fragment,1,1.02827564571787,1,0,0,4,1
pausch_et_al_2018::AA2-146-P,pausch_et_al_2018,Florida Keys,Restoration fragment,1,1.0958904109589,0,1,1,4,1
pausch_et_al_2018::AA2-146-W,pausch_et_al_2018,Florida Keys,Restoration fragment,1,1.02827564571787,1,0,0,4,1
pausch_et_al_2018::AA2-146-Y,pausch_et_al_2018,Florida Keys,Restoration fragment,1,1.0958904109589,0,0,0,4,1
pausch_et_al_2018::AA2-147-B,pausch_et_al_2018,Florida Keys,Restoration fragment,1,1.02827564571787,1,0,0,4,1
pausch_et_al_2018::AA2-147-P,pausch_et_al_2018,Florida Keys,Restoration fragment,1,1.02827564571787,1,0,0,4,1
pausch_et_al_2018::AA2-147-W,pausch_et_al_2018,Florida Keys,Restoration fragment,1,1.02827564571787,1,0,0,4,1
pausch_et_al_2018::AA2-147-Y,pausch_et_al_2018,Florida Keys,Restoration fragment,1,1.0958904109589,0,0,0,4,1
pausch_et_al_2018::AA2-148-B,pausch_et_al_2018,Florida Keys,Restoration fragment,1,1.02827564571787,1,0,0,4,1
pausch_et_al_2018::AA2-148-P,pausch_et_al_2018,Florida Keys,Restoration fragment,1,1.02827564571787,1,0,0,4,1
pausch_et_al_2018::AA2-148-W,pausch_et_al_2018,Florida Keys,Restoration fragment,1,1.02827564571787,1,0,0,4,1
pausch_et_al_2018::AA2-148-Y,pausch_et_al_2018,Florida Keys,Restoration fragment,1,1.0958904109589,0,0,0,4,1
pausch_et_al_2018::AA2-149-B,pausch_et_al_2018,Florida Keys,Restoration fragment,1,1.02827564571787,1,0,0,4,1
pausch_et_al_2018::AA2-149-P,pausch_et_al_2018,Florida Keys,Restoration fragment,1,1.02827564571787,1,0,0,4,1
pausch_et_al_2018::AA2-149-W,pausch_et_al_2018,Florida Keys,Restoration fragment,1,1.02827564571787,1,0,0,4,1
pausch_et_al_2018::AA2-149-Y,pausch_et_al_2018,Florida Keys,Restoration fragment,1,1.02827564571787,1,0,0,4,1
pausch_et_al_2018::AA2-150-B,pausch_et_al_2018,Florida Keys,Restoration fragment,1,1.02827564571787,1,0,0,4,1
pausch_et_al_2018::AA2-150-P,pausch_et_al_2018,Florida Keys,Restoration fragment,1,1.02827564571787,1,0,0,4,1
pausch_et_al_2018::AA2-150-W,pausch_et_al_2018,Florida Keys,Restoration fragment,1,1.02827564571787,1,0,0,4,1
pausch_et_al_2018::AA2-150-Y,pausch_et_al_2018,Florida Keys,Restoration fragment,1,1.0958904109589,0,0,0,4,1
pausch_et_al_2018::AA3-151-B,pausch_et_al_2018,Florida Keys,Restoration fragment,1,1.02827564571787,1,0,0,4,1
pausch_et_al_2018::AA3-151-P,pausch_et_al_2018,Florida Keys,Restoration fragment,1,1.0958904109589,0,1,1,4,1
pausch_et_al_2018::AA3-151-W,pausch_et_al_2018,Florida Keys,Restoration fragment,1,1.0958904109589,0,0,0,4,1
pausch_et_al_2018::AA3-151-Y,pausch_et_al_2018,Florida Keys,Restoration fragment,1,1.0958904109589,0,0,0,4,1
pausch_et_al_2018::AA3-152-B,pausch_et_al_2018,Florida Keys,Restoration fragment,1,1.02827564571787,1,0,0,4,1
pausch_et_al_2018::AA3-152-P,pausch_et_al_2018,Florida Keys,Restoration fragment,1,1.02827564571787,1,0,0,4,1
pausch_et_al_2018::AA3-152-W,pausch_et_al_2018,Florida Keys,Restoration fragment,1,1.02827564571787,1,0,0,4,1
pausch_et_al_2018::AA3-152-Y,pausch_et_al_2018,Florida Keys,Restoration fragment,1,1.0958904109589,0,0,0,4,1
pausch_et_al_2018::AA3-153-B,pausch_et_al_2018,Florida Keys,Restoration fragment,1,1.02827564571787,1,0,0,4,1
pausch_et_al_2018::AA3-153-P,pausch_et_al_2018,Florida Keys,Restoration fragment,1,1.0958904109589,0,0,0,4,1
pausch_et_al_2018::AA3-153-W,pausch_et_al_2018,Florida Keys,Restoration fragment,1,1.02827564571787,1,0,0,4,1
pausch_et_al_2018::AA3-153-Y,pausch_et_al_2018,Florida Keys,Restoration fragment,1,1.0958904109589,0,0,0,4,1
pausch_et_al_2018::AA3-154-B,pausch_et_al_2018,Florida Keys,Restoration fragment,1,1.02827564571787,1,0,0,4,1
pausch_et_al_2018::AA3-154-P,pausch_et_al_2018,Florida Keys,Restoration fragment,1,1.02827564571787,1,0,0,4,1
pausch_et_al_2018::AA3-154-W,pausch_et_al_2018,Florida Keys,Restoration fragment,1,1.02827564571787,1,0,0,4,1
pausch_et_al_2018::AA3-154-Y,pausch_et_al_2018,Florida Keys,Restoration fragment,1,1.0958904109589,0,0,0,4,1
pausch_et_al_2018::AA3-155-B,pausch_et_al_2018,Florida Keys,Restoration fragment,1,1.02827564571787,1,0,0,4,1
pausch_et_al_2018::AA3-155-P,pausch_et_al_2018,Florida Keys,Restoration fragment,1,1.0958904109589,0,1,1,4,1
pausch_et_al_2018::AA3-155-W,pausch_et_al_2018,Florida Keys,Restoration fragment,1,1.0958904109589,0,0,0,4,1
pausch_et_al_2018::AA3-155-Y,pausch_et_al_2018,Florida Keys,Restoration fragment,1,1.0958904109589,0,0,0,4,1
pausch_et_al_2018::AA3-156-B,pausch_et_al_2018,Florida Keys,Restoration fragment,1,1.02827564571787,1,0,0,4,1
pausch_et_al_2018::AA3-156-P,pausch_et_al_2018,Florida Keys,Restoration fragment,1,1.02827564571787,1,0,0,4,1
pausch_et_al_2018::AA3-156-W,pausch_et_al_2018,Florida Keys,Restoration fragment,1,1.0958904109589,0,0,0,4,1
pausch_et_al_2018::AA3-156-Y,pausch_et_al_2018,Florida Keys,Restoration fragment,1,1.0958904109589,0,0,0,4,1
pausch_et_al_2018::AA3-157-B,pausch_et_al_2018,Florida Keys,Restoration fragment,1,1.02827564571787,1,0,0,4,1
pausch_et_al_2018::AA3-157-P,pausch_et_al_2018,Florida Keys,Restoration fragment,1,1.0958904109589,0,0,0,4,1
pausch_et_al_2018::AA3-157-W,pausch_et_al_2018,Florida Keys,Restoration fragment,1,1.0958904109589,0,0,0,4,1
pausch_et_al_2018::AA3-157-Y,pausch_et_al_2018,Florida Keys,Restoration fragment,1,1.0958904109589,0,0,0,4,1
pausch_et_al_2018::AA3-158-B,pausch_et_al_2018,Florida Keys,Restoration fragment,1,1.02827564571787,1,0,0,4,1
pausch_et_al_2018::AA3-158-P,pausch_et_al_2018,Florida Keys,Restoration fragment,1,1.02827564571787,1,0,0,4,1
pausch_et_al_2018::AA3-158-W,pausch_et_al_2018,Florida Keys,Restoration fragment,1,1.0958904109589,0,1,1,4,1
pausch_et_al_2018::AA3-158-Y,pausch_et_al_2018,Florida Keys,Restoration fragment,1,1.0958904109589,0,0,0,4,1
pausch_et_al_2018::AA3-159-B,pausch_et_al_2018,Florida Keys,Restoration fragment,1,1.02827564571787,1,0,0,4,1
pausch_et_al_2018::AA3-159-P,pausch_et_al_2018,Florida Keys,Restoration fragment,1,1.02827564571787,1,0,0,4,1
pausch_et_al_2018::AA3-159-W,pausch_et_al_2018,Florida Keys,Restoration fragment,1,1.0958904109589,0,0,0,4,1
pausch_et_al_2018::AA3-159-Y,pausch_et_al_2018,Florida Keys,Restoration fragment,1,1.0958904109589,0,0,0,4,1
pausch_et_al_2018::AA3-160-B,pausch_et_al_2018,Florida Keys,Restoration fragment,1,1.02827564571787,1,0,0,4,1
pausch_et_al_2018::AA3-160-P,pausch_et_al_2018,Florida Keys,Restoration fragment,1,1.02827564571787,1,0,0,4,1
pausch_et_al_2018::AA3-160-W,pausch_et_al_2018,Florida Keys,Restoration fragment,1,1.0958904109589,0,0,0,4,1
pausch_et_al_2018::AA3-160-Y,pausch_et_al_2018,Florida Keys,Restoration fragment,1,1.0958904109589,0,0,0,4,1
pausch_et_al_2018::FR1-301-L,pausch_et_al_2018,Florida Keys,Restoration fragment,1,1.02827564571787,1,0,0,3,0
pausch_et_al_2018::FR1-301-S,pausch_et_al_2018,Florida Keys,Restoration fragment,1,1.02827564571787,1,0,0,3,0
pausch_et_al_2018::FR1-302-L,pausch_et_al_2018,Florida Keys,Restoration fragment,1,1.02827564571787,1,0,0,3,0
pausch_et_al_2018::FR1-302-S,pausch_et_al_2018,Florida Keys,Restoration fragment,1,1,0,1,1,3,0
pausch_et_al_2018::FR1-303-L,pausch_et_al_2018,Florida Keys,Restoration fragment,1,1,0,1,1,3,0
pausch_et_al_2018::FR1-303-S,pausch_et_al_2018,Florida Keys,Restoration fragment,1,1,0,0,0,3,0
pausch_et_al_2018::FR1-304-L,pausch_et_al_2018,Florida Keys,Restoration fragment,1,1,0,0,0,3,0
pausch_et_al_2018::FR1-304-S,pausch_et_al_2018,Florida Keys,Restoration fragment,1,1.02827564571787,1,0,0,3,0
pausch_et_al_2018::FR1-305-L,pausch_et_al_2018,Florida Keys,Restoration fragment,1,1,0,0,0,3,0
pausch_et_al_2018::FR1-305-S,pausch_et_al_2018,Florida Keys,Restoration fragment,1,1,0,0,0,3,0
pausch_et_al_2018::FR1-306-L,pausch_et_al_2018,Florida Keys,Restoration fragment,1,1,0,0,0,3,0
pausch_et_al_2018::FR1-306-S,pausch_et_al_2018,Florida Keys,Restoration fragment,1,1,0,0,0,3,0
pausch_et_al_2018::FR1-307-L,pausch_et_al_2018,Florida Keys,Restoration fragment,1,1,0,0,0,3,0
pausch_et_al_2018::FR1-307-S,pausch_et_al_2018,Florida Keys,Restoration fragment,1,1,0,0,0,3,0
pausch_et_al_2018::FR1-308-L,pausch_et_al_2018,Florida Keys,Restoration fragment,1,1,0,0,0,3,0
pausch_et_al_2018::FR1-308-S,pausch_et_al_2018,Florida Keys,Restoration fragment,1,1,0,0,0,3,0
pausch_et_al_2018::FR1-309-L,pausch_et_al_2018,Florida Keys,Restoration fragment,1,1,0,0,0,3,0
pausch_et_al_2018::FR1-309-S,pausch_et_al_2018,Florida Keys,Restoration fragment,1,1.02827564571787,1,0,0,3,0
pausch_et_al_2018::FR1-310-L,pausch_et_al_2018,Florida Keys,Restoration fragment,1,1,0,0,0,3,0
pausch_et_al_2018::FR1-310-S,pausch_et_al_2018,Florida Keys,Restoration fragment,1,1,0,0,0,3,0
pausch_et_al_2018::FR1-311-L,pausch_et_al_2018,Florida Keys,Restoration fragment,1,1,0,0,0,3,0
pausch_et_al_2018::FR1-311-S,pausch_et_al_2018,Florida Keys,Restoration fragment,1,1,0,0,0,3,0
pausch_et_al_2018::FR1-312-L,pausch_et_al_2018,Florida Keys,Restoration fragment,1,1.02827564571787,1,0,0,3,0
pausch_et_al_2018::FR1-312-S,pausch_et_al_2018,Florida Keys,Restoration fragment,1,1,0,0,0,3,0
pausch_et_al_2018::FR1-313-L,pausch_et_al_2018,Florida Keys,Restoration fragment,1,1,0,0,0,3,0
pausch_et_al_2018::FR1-313-S,pausch_et_al_2018,Florida Keys,Restoration fragment,1,1,0,1,1,3,0
pausch_et_al_2018::FR1-314-L,pausch_et_al_2018,Florida Keys,Restoration fragment,1,1,0,0,0,3,0
pausch_et_al_2018::FR1-314-S,pausch_et_al_2018,Florida Keys,Restoration fragment,1,1,0,0,0,3,0
pausch_et_al_2018::FR2-315-L,pausch_et_al_2018,Florida Keys,Restoration fragment,1,1.02827564571787,1,0,0,3,0
pausch_et_al_2018::FR2-315-S,pausch_et_al_2018,Florida Keys,Restoration fragment,1,1.02827564571787,1,0,0,3,0
pausch_et_al_2018::FR2-316-L,pausch_et_al_2018,Florida Keys,Restoration fragment,1,1.02827564571787,1,0,0,3,0
pausch_et_al_2018::FR2-316-S,pausch_et_al_2018,Florida Keys,Restoration fragment,1,1.02827564571787,1,0,0,3,0
pausch_et_al_2018::FR2-317-L,pausch_et_al_2018,Florida Keys,Restoration fragment,1,1.02827564571787,1,0,0,3,0
pausch_et_al_2018::FR2-317-S,pausch_et_al_2018,Florida Keys,Restoration fragment,1,1.02827564571787,1,0,0,3,0
pausch_et_al_2018::FR2-318-L,pausch_et_al_2018,Florida Keys,Restoration fragment,1,1.02827564571787,1,0,0,3,0
pausch_et_al_2018::FR2-318-S,pausch_et_al_2018,Florida Keys,Restoration fragment,1,1.02827564571787,1,0,0,3,0
pausch_et_al_2018::FR2-319-L,pausch_et_al_2018,Florida Keys,Restoration fragment,1,1.0027397260274,0,0,0,3,0
pausch_et_al_2018::FR2-320-L,pausch_et_al_2018,Florida Keys,Restoration fragment,1,1.0027397260274,0,0,0,3,0
pausch_et_al_2018::FR2-321-L,pausch_et_al_2018,Florida Keys,Restoration fragment,1,1.0027397260274,0,0,0,3,0
pausch_et_al_2018::FR2-321-S,pausch_et_al_2018,Florida Keys,Restoration fragment,1,1.0027397260274,0,0,0,3,0
pausch_et_al_2018::FR2-322-L,pausch_et_al_2018,Florida Keys,Restoration fragment,1,1.0027397260274,0,0,0,3,0
pausch_et_al_2018::FR2-322-S,pausch_et_al_2018,Florida Keys,Restoration fragment,1,1.02827564571787,1,0,0,3,0
pausch_et_al_2018::FR2-323-L,pausch_et_al_2018,Florida Keys,Restoration fragment,1,1.0027397260274,0,0,0,3,0
pausch_et_al_2018::FR2-323-S,pausch_et_al_2018,Florida Keys,Restoration fragment,1,1.0027397260274,0,0,0,3,0
pausch_et_al_2018::FR2-324-L,pausch_et_al_2018,Florida Keys,Restoration fragment,1,1.0027397260274,0,0,0,3,0
pausch_et_al_2018::FR2-324-S,pausch_et_al_2018,Florida Keys,Restoration fragment,1,1.0027397260274,0,0,0,3,0
pausch_et_al_2018::FR2-325-L,pausch_et_al_2018,Florida Keys,Restoration fragment,1,1.0027397260274,0,0,0,3,0
pausch_et_al_2018::FR2-325-S,pausch_et_al_2018,Florida Keys,Restoration fragment,1,1.0027397260274,0,0,0,3,0
pausch_et_al_2018::FR2-326-L,pausch_et_al_2018,Florida Keys,Restoration fragment,1,1.0027397260274,0,0,0,3,0
pausch_et_al_2018::FR2-326-S,pausch_et_al_2018,Florida Keys,Restoration fragment,1,1.02827564571787,1,0,0,3,0
pausch_et_al_2018::FR2-327-L,pausch_et_al_2018,Florida Keys,Restoration fragment,1,1.02827564571787,1,0,0,3,0
pausch_et_al_2018::FR2-327-S,pausch_et_al_2018,Florida Keys,Restoration fragment,1,1.0027397260274,0,0,0,3,0
pausch_et_al_2018::FR2-328-L,pausch_et_al_2018,Florida Keys,Restoration fragment,1,1.0027397260274,0,0,0,3,0
pausch_et_al_2018::FR2-328-S,pausch_et_al_2018,Florida Keys,Restoration fragment,1,1.0027397260274,0,0,0,3,0
pausch_et_al_2018::FR3-192-L,pausch_et_al_2018,Florida Keys,Restoration fragment,1,1.00547945205479,0,0,0,3,0
pausch_et_al_2018::FR3-192-S,pausch_et_al_2018,Florida Keys,Restoration fragment,1,1.00547945205479,0,0,0,3,0
pausch_et_al_2018::FR3-193-L,pausch_et_al_2018,Florida Keys,Restoration fragment,1,1.00547945205479,0,0,0,3,0
pausch_et_al_2018::FR3-193-S,pausch_et_al_2018,Florida Keys,Restoration fragment,1,1.00547945205479,0,0,0,3,0
pausch_et_al_2018::FR3-194-L,pausch_et_al_2018,Florida Keys,Restoration fragment,1,1.00547945205479,0,0,0,3,0
pausch_et_al_2018::FR3-194-S,pausch_et_al_2018,Florida Keys,Restoration fragment,1,1.00547945205479,0,0,0,3,0
pausch_et_al_2018::FR3-329-L,pausch_et_al_2018,Florida Keys,Restoration fragment,1,1.00547945205479,0,1,1,3,0
pausch_et_al_2018::FR3-329-S,pausch_et_al_2018,Florida Keys,Restoration fragment,1,1.00547945205479,0,0,0,3,0
pausch_et_al_2018::FR3-330-L,pausch_et_al_2018,Florida Keys,Restoration fragment,1,1.00547945205479,0,0,0,3,0
pausch_et_al_2018::FR3-330-S,pausch_et_al_2018,Florida Keys,Restoration fragment,1,1.00547945205479,0,1,1,3,0
pausch_et_al_2018::FR3-331-L,pausch_et_al_2018,Florida Keys,Restoration fragment,1,1.02827564571787,1,0,0,3,0
pausch_et_al_2018::FR3-331-S,pausch_et_al_2018,Florida Keys,Restoration fragment,1,1.02827564571787,1,0,0,3,0
pausch_et_al_2018::FR3-332-L,pausch_et_al_2018,Florida Keys,Restoration fragment,1,1.02827564571787,1,0,0,3,0
pausch_et_al_2018::FR3-332-S,pausch_et_al_2018,Florida Keys,Restoration fragment,1,1.00547945205479,0,0,0,3,0
pausch_et_al_2018::FR3-333-L,pausch_et_al_2018,Florida Keys,Restoration fragment,1,1.00547945205479,1,0,0,3,0
pausch_et_al_2018::FR3-333-S,pausch_et_al_2018,Florida Keys,Restoration fragment,1,1.00547945205479,0,0,0,3,0
pausch_et_al_2018::FR3-334-L,pausch_et_al_2018,Florida Keys,Restoration fragment,1,1.00547945205479,0,0,0,3,0
pausch_et_al_2018::FR3-334-S,pausch_et_al_2018,Florida Keys,Restoration fragment,1,1.02827564571787,1,0,0,3,0
pausch_et_al_2018::FR3-335-L,pausch_et_al_2018,Florida Keys,Restoration fragment,1,1.00547945205479,0,0,0,3,0
pausch_et_al_2018::FR3-335-S,pausch_et_al_2018,Florida Keys,Restoration fragment,1,1.00547945205479,0,0,0,3,0
pausch_et_al_2018::FR3-336-L,pausch_et_al_2018,Florida Keys,Restoration fragment,1,1.00547945205479,0,0,0,3,0
pausch_et_al_2018::FR3-336-S,pausch_et_al_2018,Florida Keys,Restoration fragment,1,1.00547945205479,0,1,1,3,0
pausch_et_al_2018::FR3-337-L,pausch_et_al_2018,Florida Keys,Restoration fragment,1,1.00547945205479,0,0,0,3,0
pausch_et_al_2018::FR3-337-S,pausch_et_al_2018,Florida Keys,Restoration fragment,1,1.00547945205479,0,0,0,3,0
pausch_et_al_2018::FR3-338-L,pausch_et_al_2018,Florida Keys,Restoration fragment,1,1.02827564571787,1,0,0,3,0
pausch_et_al_2018::FR3-338-S,pausch_et_al_2018,Florida Keys,Restoration fragment,1,1.02827564571787,1,0,0,3,0
pausch_et_al_2018::FR3-339-L,pausch_et_al_2018,Florida Keys,Restoration fragment,1,1.00547945205479,0,0,0,3,0
pausch_et_al_2018::FR3-339-S,pausch_et_al_2018,Florida Keys,Restoration fragment,1,1.00547945205479,0,0,0,3,0
pausch_et_al_2018::FR3-340-L,pausch_et_al_2018,Florida Keys,Restoration fragment,1,1.02827564571787,1,0,0,3,0
pausch_et_al_2018::FR3-340-S,pausch_et_al_2018,Florida Keys,Restoration fragment,1,1.02827564571787,1,0,0,3,0
pausch_et_al_2018::FR4-251-B,pausch_et_al_2018,Florida Keys,Restoration fragment,1,1.05479452054795,0,0,0,4,1
pausch_et_al_2018::FR4-251-P,pausch_et_al_2018,Florida Keys,Restoration fragment,1,1.05479452054795,0,0,0,4,1
pausch_et_al_2018::FR4-251-W,pausch_et_al_2018,Florida Keys,Restoration fragment,1,1.05479452054795,0,0,0,4,1
pausch_et_al_2018::FR4-251-Y,pausch_et_al_2018,Florida Keys,Restoration fragment,1,1.05479452054795,0,0,0,4,1
pausch_et_al_2018::FR4-252-B,pausch_et_al_2018,Florida Keys,Restoration fragment,1,1.05479452054795,0,0,0,4,1
pausch_et_al_2018::FR4-252-P,pausch_et_al_2018,Florida Keys,Restoration fragment,1,1.02827564571787,1,0,0,4,1
pausch_et_al_2018::FR4-252-W,pausch_et_al_2018,Florida Keys,Restoration fragment,1,1.05479452054795,0,0,0,4,1
pausch_et_al_2018::FR4-252-Y,pausch_et_al_2018,Florida Keys,Restoration fragment,1,1.05479452054795,0,0,0,4,1
pausch_et_al_2018::FR4-253-B,pausch_et_al_2018,Florida Keys,Restoration fragment,1,1.02827564571787,1,0,0,4,1
pausch_et_al_2018::FR4-253-P,pausch_et_al_2018,Florida Keys,Restoration fragment,1,1.05479452054795,0,0,0,4,1
pausch_et_al_2018::FR4-253-W,pausch_et_al_2018,Florida Keys,Restoration fragment,1,1.05479452054795,0,0,0,4,1
pausch_et_al_2018::FR4-253-Y,pausch_et_al_2018,Florida Keys,Restoration fragment,1,1.05479452054795,0,0,0,4,1
pausch_et_al_2018::FR4-254-B,pausch_et_al_2018,Florida Keys,Restoration fragment,1,1.02827564571787,1,0,0,4,1
pausch_et_al_2018::FR4-254-P,pausch_et_al_2018,Florida Keys,Restoration fragment,1,1.05479452054795,0,0,0,4,1
pausch_et_al_2018::FR4-254-W,pausch_et_al_2018,Florida Keys,Restoration fragment,1,1.05479452054795,0,0,0,4,1
pausch_et_al_2018::FR4-254-Y,pausch_et_al_2018,Florida Keys,Restoration fragment,1,1.05479452054795,0,0,0,4,1
pausch_et_al_2018::FR4-255-B,pausch_et_al_2018,Florida Keys,Restoration fragment,1,1.05479452054795,0,0,0,4,1
pausch_et_al_2018::FR4-255-P,pausch_et_al_2018,Florida Keys,Restoration fragment,1,1.05479452054795,0,0,0,4,1
pausch_et_al_2018::FR4-255-W,pausch_et_al_2018,Florida Keys,Restoration fragment,1,1.05479452054795,0,0,0,4,1
pausch_et_al_2018::FR4-255-Y,pausch_et_al_2018,Florida Keys,Restoration fragment,1,1.02827564571787,1,0,0,4,1
pausch_et_al_2018::FR4-256-B,pausch_et_al_2018,Florida Keys,Restoration fragment,1,1.05479452054795,0,0,0,4,1
pausch_et_al_2018::FR4-256-P,pausch_et_al_2018,Florida Keys,Restoration fragment,1,1.05479452054795,0,0,0,4,1
pausch_et_al_2018::FR4-256-W,pausch_et_al_2018,Florida Keys,Restoration fragment,1,1.05479452054795,0,0,0,4,1
pausch_et_al_2018::FR4-256-Y,pausch_et_al_2018,Florida Keys,Restoration fragment,1,1.05479452054795,0,0,0,4,1
pausch_et_al_2018::FR4-257-B,pausch_et_al_2018,Florida Keys,Restoration fragment,1,1.05479452054795,0,0,0,4,1
pausch_et_al_2018::FR4-257-P,pausch_et_al_2018,Florida Keys,Restoration fragment,1,1.05479452054795,0,1,1,4,1
pausch_et_al_2018::FR4-257-W,pausch_et_al_2018,Florida Keys,Restoration fragment,1,1.05479452054795,0,0,0,4,1
pausch_et_al_2018::FR4-257-Y,pausch_et_al_2018,Florida Keys,Restoration fragment,1,1.05479452054795,0,0,0,4,1
pausch_et_al_2018::FR4-258-B,pausch_et_al_2018,Florida Keys,Restoration fragment,1,1.05479452054795,0,0,0,4,1
pausch_et_al_2018::FR4-258-P,pausch_et_al_2018,Florida Keys,Restoration fragment,1,1.05479452054795,0,0,0,4,1
pausch_et_al_2018::FR4-258-W,pausch_et_al_2018,Florida Keys,Restoration fragment,1,1.05479452054795,0,0,0,4,1
pausch_et_al_2018::FR4-258-Y,pausch_et_al_2018,Florida Keys,Restoration fragment,1,1.05479452054795,0,0,0,4,1
pausch_et_al_2018::FR4-259-B,pausch_et_al_2018,Florida Keys,Restoration fragment,1,1.05479452054795,0,0,0,4,1
pausch_et_al_2018::FR4-259-P,pausch_et_al_2018,Florida Keys,Restoration fragment,1,1.05479452054795,0,0,0,4,1
pausch_et_al_2018::FR4-259-W,pausch_et_al_2018,Florida Keys,Restoration fragment,1,1.05479452054795,0,0,0,4,1
pausch_et_al_2018::FR4-259-Y,pausch_et_al_2018,Florida Keys,Restoration fragment,1,1.05479452054795,0,0,0,4,1
pausch_et_al_2018::FR4-260-B,pausch_et_al_2018,Florida Keys,Restoration fragment,1,1.05479452054795,0,0,0,4,1
pausch_et_al_2018::FR4-260-P,pausch_et_al_2018,Florida Keys,Restoration fragment,1,1.05479452054795,0,0,0,4,1
pausch_et_al_2018::FR4-260-W,pausch_et_al_2018,Florida Keys,Restoration fragment,1,1.05479452054795,0,0,0,4,1
pausch_et_al_2018::FR4-260-Y,pausch_et_al_2018,Florida Keys,Restoration fragment,1,1.05479452054795,0,0,0,4,1
pausch_et_al_2018::FR5-261-B,pausch_et_al_2018,Florida Keys,Restoration fragment,1,1.05479452054795,0,0,0,4,1
pausch_et_al_2018::FR5-261-P,pausch_et_al_2018,Florida Keys,Restoration fragment,1,1.02827564571787,1,0,0,4,1
pausch_et_al_2018::FR5-261-W,pausch_et_al_2018,Florida Keys,Restoration fragment,1,1.05479452054795,0,0,0,4,1
pausch_et_al_2018::FR5-261-Y,pausch_et_al_2018,Florida Keys,Restoration fragment,1,1.05479452054795,0,0,0,4,1
pausch_et_al_2018::FR5-262-B,pausch_et_al_2018,Florida Keys,Restoration fragment,1,1.05479452054795,0,0,0,4,1
pausch_et_al_2018::FR5-262-P,pausch_et_al_2018,Florida Keys,Restoration fragment,1,1.02827564571787,1,0,0,4,1
pausch_et_al_2018::FR5-262-W,pausch_et_al_2018,Florida Keys,Restoration fragment,1,1.05479452054795,0,0,0,4,1
pausch_et_al_2018::FR5-262-Y,pausch_et_al_2018,Florida Keys,Restoration fragment,1,1.05479452054795,0,0,0,4,1
pausch_et_al_2018::FR5-263-B,pausch_et_al_2018,Florida Keys,Restoration fragment,1,1.05479452054795,0,0,0,4,1
pausch_et_al_2018::FR5-263-P,pausch_et_al_2018,Florida Keys,Restoration fragment,1,1.05479452054795,0,0,0,4,1
pausch_et_al_2018::FR5-263-W,pausch_et_al_2018,Florida Keys,Restoration fragment,1,1.05479452054795,0,0,0,4,1
pausch_et_al_2018::FR5-263-Y,pausch_et_al_2018,Florida Keys,Restoration fragment,1,1.05479452054795,0,0,0,4,1
pausch_et_al_2018::FR5-264-B,pausch_et_al_2018,Florida Keys,Restoration fragment,1,1.05479452054795,0,0,0,4,1
pausch_et_al_2018::FR5-264-P,pausch_et_al_2018,Florida Keys,Restoration fragment,1,1.05479452054795,0,0,0,4,1
pausch_et_al_2018::FR5-264-W,pausch_et_al_2018,Florida Keys,Restoration fragment,1,1.05479452054795,0,0,0,4,1
pausch_et_al_2018::FR5-264-Y,pausch_et_al_2018,Florida Keys,Restoration fragment,1,1.05479452054795,0,0,0,4,1
pausch_et_al_2018::FR5-265-B,pausch_et_al_2018,Florida Keys,Restoration fragment,1,1.02827564571787,1,0,0,4,1
pausch_et_al_2018::FR5-265-P,pausch_et_al_2018,Florida Keys,Restoration fragment,1,1.05479452054795,0,0,0,4,1
pausch_et_al_2018::FR5-265-W,pausch_et_al_2018,Florida Keys,Restoration fragment,1,1.05479452054795,0,0,0,4,1
pausch_et_al_2018::FR5-265-Y,pausch_et_al_2018,Florida Keys,Restoration fragment,1,1.05479452054795,0,0,0,4,1
pausch_et_al_2018::FR5-266-B,pausch_et_al_2018,Florida Keys,Restoration fragment,1,1.05479452054795,0,0,0,4,1
pausch_et_al_2018::FR5-266-P,pausch_et_al_2018,Florida Keys,Restoration fragment,1,1.02827564571787,1,0,0,4,1
pausch_et_al_2018::FR5-266-W,pausch_et_al_2018,Florida Keys,Restoration fragment,1,1.05479452054795,0,0,0,4,1
pausch_et_al_2018::FR5-266-Y,pausch_et_al_2018,Florida Keys,Restoration fragment,1,1.05479452054795,0,0,0,4,1
pausch_et_al_2018::FR5-267-B,pausch_et_al_2018,Florida Keys,Restoration fragment,1,1.02827564571787,1,0,0,4,1
pausch_et_al_2018::FR5-267-P,pausch_et_al_2018,Florida Keys,Restoration fragment,1,1.05479452054795,0,0,0,4,1
pausch_et_al_2018::FR5-267-W,pausch_et_al_2018,Florida Keys,Restoration fragment,1,1.05479452054795,0,0,0,4,1
pausch_et_al_2018::FR5-267-Y,pausch_et_al_2018,Florida Keys,Restoration fragment,1,1.05479452054795,0,0,0,4,1
pausch_et_al_2018::FR5-268-B,pausch_et_al_2018,Florida Keys,Restoration fragment,1,1.05479452054795,0,0,0,4,1
pausch_et_al_2018::FR5-268-P,pausch_et_al_2018,Florida Keys,Restoration fragment,1,1.05479452054795,0,0,0,4,1
pausch_et_al_2018::FR5-268-W,pausch_et_al_2018,Florida Keys,Restoration fragment,1,1.05479452054795,0,0,0,4,1
pausch_et_al_2018::FR5-268-Y,pausch_et_al_2018,Florida Keys,Restoration fragment,1,1.05479452054795,0,0,0,4,1
pausch_et_al_2018::FR5-269-B,pausch_et_al_2018,Florida Keys,Restoration fragment,1,1.02827564571787,1,0,0,4,1
pausch_et_al_2018::FR5-269-P,pausch_et_al_2018,Florida Keys,Restoration fragment,1,1.05479452054795,0,0,0,4,1
pausch_et_al_2018::FR5-269-W,pausch_et_al_2018,Florida Keys,Restoration fragment,1,1.05479452054795,0,0,0,4,1
pausch_et_al_2018::FR5-269-Y,pausch_et_al_2018,Florida Keys,Restoration fragment,1,1.05479452054795,0,0,0,4,1
pausch_et_al_2018::FR5-270-B,pausch_et_al_2018,Florida Keys,Restoration fragment,1,1.05479452054795,0,0,0,4,1
pausch_et_al_2018::FR5-270-P,pausch_et_al_2018,Florida Keys,Restoration fragment,1,1.05479452054795,0,0,0,4,1
pausch_et_al_2018::FR5-270-W,pausch_et_al_2018,Florida Keys,Restoration fragment,1,1.05479452054795,0,0,0,4,1
pausch_et_al_2018::FR5-270-Y,pausch_et_al_2018,Florida Keys,Restoration fragment,1,1.05479452054795,0,0,0,4,1
pausch_et_al_2018::FR6-271-B,pausch_et_al_2018,Florida Keys,Restoration fragment,1,1.05479452054795,0,0,0,4,1
pausch_et_al_2018::FR6-271-P,pausch_et_al_2018,Florida Keys,Restoration fragment,1,1.02827564571787,1,0,0,4,1
pausch_et_al_2018::FR6-271-W,pausch_et_al_2018,Florida Keys,Restoration fragment,1,1.05479452054795,0,0,0,4,1
pausch_et_al_2018::FR6-271-Y,pausch_et_al_2018,Florida Keys,Restoration fragment,1,1.05479452054795,0,0,0,4,1
pausch_et_al_2018::FR6-272-B,pausch_et_al_2018,Florida Keys,Restoration fragment,1,1.02827564571787,1,0,0,4,1
pausch_et_al_2018::FR6-272-P,pausch_et_al_2018,Florida Keys,Restoration fragment,1,1.05479452054795,0,0,0,4,1
pausch_et_al_2018::FR6-272-W,pausch_et_al_2018,Florida Keys,Restoration fragment,1,1.05479452054795,0,0,0,4,1
pausch_et_al_2018::FR6-272-Y,pausch_et_al_2018,Florida Keys,Restoration fragment,1,1.02827564571787,1,0,0,4,1
pausch_et_al_2018::FR6-273-B,pausch_et_al_2018,Florida Keys,Restoration fragment,1,1.02827564571787,1,0,0,4,1
pausch_et_al_2018::FR6-273-P,pausch_et_al_2018,Florida Keys,Restoration fragment,1,1.05479452054795,0,0,0,4,1
pausch_et_al_2018::FR6-273-W,pausch_et_al_2018,Florida Keys,Restoration fragment,1,1.02827564571787,1,0,0,4,1
pausch_et_al_2018::FR6-273-Y,pausch_et_al_2018,Florida Keys,Restoration fragment,1,1.02827564571787,1,0,0,4,1
pausch_et_al_2018::FR6-274-B,pausch_et_al_2018,Florida Keys,Restoration fragment,1,1.05479452054795,0,0,0,4,1
pausch_et_al_2018::FR6-274-P,pausch_et_al_2018,Florida Keys,Restoration fragment,1,1.05479452054795,0,0,0,4,1
pausch_et_al_2018::FR6-274-W,pausch_et_al_2018,Florida Keys,Restoration fragment,1,1.05479452054795,0,0,0,4,1
pausch_et_al_2018::FR6-274-Y,pausch_et_al_2018,Florida Keys,Restoration fragment,1,1.05479452054795,0,0,0,4,1
pausch_et_al_2018::FR6-275-B,pausch_et_al_2018,Florida Keys,Restoration fragment,1,1.02827564571787,1,0,0,4,1
pausch_et_al_2018::FR6-275-P,pausch_et_al_2018,Florida Keys,Restoration fragment,1,1.02827564571787,1,0,0,4,1
pausch_et_al_2018::FR6-275-W,pausch_et_al_2018,Florida Keys,Restoration fragment,1,1.05479452054795,0,0,0,4,1
pausch_et_al_2018::FR6-275-Y,pausch_et_al_2018,Florida Keys,Restoration fragment,1,1.05479452054795,0,0,0,4,1
pausch_et_al_2018::FR6-276-B,pausch_et_al_2018,Florida Keys,Restoration fragment,1,1.05479452054795,0,0,0,4,1
pausch_et_al_2018::FR6-276-P,pausch_et_al_2018,Florida Keys,Restoration fragment,1,1.05479452054795,0,0,0,4,1
pausch_et_al_2018::FR6-276-W,pausch_et_al_2018,Florida Keys,Restoration fragment,1,1.05479452054795,0,0,0,4,1
pausch_et_al_2018::FR6-276-Y,pausch_et_al_2018,Florida Keys,Restoration fragment,1,1.05479452054795,0,0,0,4,1
pausch_et_al_2018::FR6-277-B,pausch_et_al_2018,Florida Keys,Restoration fragment,1,1.05479452054795,0,0,0,4,1
pausch_et_al_2018::FR6-277-P,pausch_et_al_2018,Florida Keys,Restoration fragment,1,1.05479452054795,0,0,0,4,1
pausch_et_al_2018::FR6-277-W,pausch_et_al_2018,Florida Keys,Restoration fragment,1,1.05479452054795,0,0,0,4,1
pausch_et_al_2018::FR6-277-Y,pausch_et_al_2018,Florida Keys,Restoration fragment,1,1.05479452054795,0,0,0,4,1
pausch_et_al_2018::FR6-278-B,pausch_et_al_2018,Florida Keys,Restoration fragment,1,1.05479452054795,0,0,0,4,1
pausch_et_al_2018::FR6-278-P,pausch_et_al_2018,Florida Keys,Restoration fragment,1,1.05479452054795,0,0,0,4,1
pausch_et_al_2018::FR6-278-W,pausch_et_al_2018,Florida Keys,Restoration fragment,1,1.05479452054795,0,0,0,4,1
pausch_et_al_2018::FR6-278-Y,pausch_et_al_2018,Florida Keys,Restoration fragment,1,1.05479452054795,0,0,0,4,1
pausch_et_al_2018::FR6-279-B,pausch_et_al_2018,Florida Keys,Restoration fragment,1,1.05479452054795,0,0,0,4,1
pausch_et_al_2018::FR6-279-P,pausch_et_al_2018,Florida Keys,Restoration fragment,1,1.02827564571787,1,0,0,4,1
pausch_et_al_2018::FR6-279-W,pausch_et_al_2018,Florida Keys,Restoration fragment,1,1.02827564571787,1,0,0,4,1
pausch_et_al_2018::FR6-279-Y,pausch_et_al_2018,Florida Keys,Restoration fragment,1,1.05479452054795,0,0,0,4,1
pausch_et_al_2018::FR6-280-B,pausch_et_al_2018,Florida Keys,Restoration fragment,1,1.05479452054795,0,0,0,4,1
pausch_et_al_2018::FR6-280-P,pausch_et_al_2018,Florida Keys,Restoration fragment,1,1.05479452054795,0,0,0,4,1
pausch_et_al_2018::FR6-280-W,pausch_et_al_2018,Florida Keys,Restoration fragment,1,1.05479452054795,0,0,0,4,1
pausch_et_al_2018::FR6-280-Y,pausch_et_al_2018,Florida Keys,Restoration fragment,1,1.05479452054795,0,0,0,4,1
pausch_et_al_2018::HS1-221-B,pausch_et_al_2018,Florida Keys,Restoration fragment,1,1.02827564571787,1,0,0,4,1
pausch_et_al_2018::HS1-221-P,pausch_et_al_2018,Florida Keys,Restoration fragment,1,1.02827564571787,1,0,0,4,1
pausch_et_al_2018::HS1-221-W,pausch_et_al_2018,Florida Keys,Restoration fragment,1,1.06027397260274,0,0,0,4,1
pausch_et_al_2018::HS1-221-Y,pausch_et_al_2018,Florida Keys,Restoration fragment,1,1.06027397260274,0,0,0,4,1
pausch_et_al_2018::HS1-222-B,pausch_et_al_2018,Florida Keys,Restoration fragment,1,1.02827564571787,1,0,0,4,1
pausch_et_al_2018::HS1-222-P,pausch_et_al_2018,Florida Keys,Restoration fragment,1,1.06027397260274,0,1,1,4,1
pausch_et_al_2018::HS1-222-W,pausch_et_al_2018,Florida Keys,Restoration fragment,1,1.06027397260274,0,1,1,4,1
pausch_et_al_2018::HS1-222-Y,pausch_et_al_2018,Florida Keys,Restoration fragment,1,1.06027397260274,0,0,0,4,1
pausch_et_al_2018::HS1-223-B,pausch_et_al_2018,Florida Keys,Restoration fragment,1,1.02827564571787,1,0,0,4,1
pausch_et_al_2018::HS1-223-P,pausch_et_al_2018,Florida Keys,Restoration fragment,1,1.02827564571787,1,0,0,4,1
pausch_et_al_2018::HS1-223-W,pausch_et_al_2018,Florida Keys,Restoration fragment,1,1.06027397260274,0,0,0,4,1
pausch_et_al_2018::HS1-223-Y,pausch_et_al_2018,Florida Keys,Restoration fragment,1,1.06027397260274,0,0,0,4,1
pausch_et_al_2018::HS1-224-B,pausch_et_al_2018,Florida Keys,Restoration fragment,1,1.02827564571787,1,0,0,4,1
pausch_et_al_2018::HS1-224-P,pausch_et_al_2018,Florida Keys,Restoration fragment,1,1.02827564571787,1,0,0,4,1
pausch_et_al_2018::HS1-224-W,pausch_et_al_2018,Florida Keys,Restoration fragment,1,1.02827564571787,1,0,0,4,1
pausch_et_al_2018::HS1-224-Y,pausch_et_al_2018,Florida Keys,Restoration fragment,1,1.06027397260274,0,0,0,4,1
pausch_et_al_2018::HS1-225-B,pausch_et_al_2018,Florida Keys,Restoration fragment,1,1.02827564571787,1,0,0,4,1
pausch_et_al_2018::HS1-225-P,pausch_et_al_2018,Florida Keys,Restoration fragment,1,1.02827564571787,1,0,0,4,1
pausch_et_al_2018::HS1-225-W,pausch_et_al_2018,Florida Keys,Restoration fragment,1,1.02827564571787,1,0,0,4,1
pausch_et_al_2018::HS1-225-Y,pausch_et_al_2018,Florida Keys,Restoration fragment,1,1.06027397260274,0,0,0,4,1
pausch_et_al_2018::HS1-226-B,pausch_et_al_2018,Florida Keys,Restoration fragment,1,1.02827564571787,1,0,0,4,1
pausch_et_al_2018::HS1-226-P,pausch_et_al_2018,Florida Keys,Restoration fragment,1,1.02827564571787,1,0,0,4,1
pausch_et_al_2018::HS1-226-W,pausch_et_al_2018,Florida Keys,Restoration fragment,1,1.06027397260274,0,0,0,4,1
pausch_et_al_2018::HS1-226-Y,pausch_et_al_2018,Florida Keys,Restoration fragment,1,1.02827564571787,1,0,0,4,1
pausch_et_al_2018::HS1-227-B,pausch_et_al_2018,Florida Keys,Restoration fragment,1,1.02827564571787,1,0,0,4,1
pausch_et_al_2018::HS1-227-P,pausch_et_al_2018,Florida Keys,Restoration fragment,1,1.02827564571787,1,0,0,4,1
pausch_et_al_2018::HS1-227-W,pausch_et_al_2018,Florida Keys,Restoration fragment,1,1.06027397260274,0,0,0,4,1
pausch_et_al_2018::HS1-227-Y,pausch_et_al_2018,Florida Keys,Restoration fragment,1,1.02827564571787,1,0,0,4,1
pausch_et_al_2018::HS1-228-B,pausch_et_al_2018,Florida Keys,Restoration fragment,1,1.02827564571787,1,0,0,4,1
pausch_et_al_2018::HS1-228-P,pausch_et_al_2018,Florida Keys,Restoration fragment,1,1.06027397260274,0,1,1,4,1
pausch_et_al_2018::HS1-228-W,pausch_et_al_2018,Florida Keys,Restoration fragment,1,1.06027397260274,0,0,0,4,1
pausch_et_al_2018::HS1-228-Y,pausch_et_al_2018,Florida Keys,Restoration fragment,1,1.06027397260274,0,0,0,4,1
pausch_et_al_2018::HS1-229-B,pausch_et_al_2018,Florida Keys,Restoration fragment,1,1.02827564571787,1,0,0,4,1
pausch_et_al_2018::HS1-229-P,pausch_et_al_2018,Florida Keys,Restoration fragment,1,1.06027397260274,0,0,0,4,1
pausch_et_al_2018::HS1-229-W,pausch_et_al_2018,Florida Keys,Restoration fragment,1,1.06027397260274,0,0,0,4,1
pausch_et_al_2018::HS1-229-Y,pausch_et_al_2018,Florida Keys,Restoration fragment,1,1.06027397260274,0,0,0,4,1
pausch_et_al_2018::HS1-230-B,pausch_et_al_2018,Florida Keys,Restoration fragment,1,1.02827564571787,1,0,0,4,1
pausch_et_al_2018::HS1-230-P,pausch_et_al_2018,Florida Keys,Restoration fragment,1,1.02827564571787,1,0,0,4,1
pausch_et_al_2018::HS1-230-W,pausch_et_al_2018,Florida Keys,Restoration fragment,1,1.06027397260274,0,0,0,4,1
pausch_et_al_2018::HS1-230-Y,pausch_et_al_2018,Florida Keys,Restoration fragment,1,1.06027397260274,0,0,0,4,1
pausch_et_al_2018::HS1-231-B,pausch_et_al_2018,Florida Keys,Restoration fragment,1,1.02827564571787,1,0,0,4,1
pausch_et_al_2018::HS1-231-P,pausch_et_al_2018,Florida Keys,Restoration fragment,1,1.02827564571787,1,0,0,4,1
pausch_et_al_2018::HS1-231-W,pausch_et_al_2018,Florida Keys,Restoration fragment,1,1.06027397260274,0,0,0,4,1
pausch_et_al_2018::HS1-231-Y,pausch_et_al_2018,Florida Keys,Restoration fragment,1,1.06027397260274,0,0,0,4,1
pausch_et_al_2018::HS1-232-B,pausch_et_al_2018,Florida Keys,Restoration fragment,1,1.02827564571787,1,0,0,4,1
pausch_et_al_2018::HS1-232-P,pausch_et_al_2018,Florida Keys,Restoration fragment,1,1.02827564571787,1,0,0,4,1
pausch_et_al_2018::HS1-232-W,pausch_et_al_2018,Florida Keys,Restoration fragment,1,1.06027397260274,0,0,0,4,1
pausch_et_al_2018::HS1-232-Y,pausch_et_al_2018,Florida Keys,Restoration fragment,1,1.06027397260274,0,0,0,4,1
pausch_et_al_2018::HS1-233-B,pausch_et_al_2018,Florida Keys,Restoration fragment,1,1.02827564571787,1,0,0,4,1
pausch_et_al_2018::HS1-233-P,pausch_et_al_2018,Florida Keys,Restoration fragment,1,1.02827564571787,1,0,0,4,1
pausch_et_al_2018::HS1-233-W,pausch_et_al_2018,Florida Keys,Restoration fragment,1,1.06027397260274,0,0,0,4,1
pausch_et_al_2018::HS1-233-Y,pausch_et_al_2018,Florida Keys,Restoration fragment,1,1.06027397260274,0,0,0,4,1
pausch_et_al_2018::HS1-234-B,pausch_et_al_2018,Florida Keys,Restoration fragment,1,1.02827564571787,1,0,0,4,1
pausch_et_al_2018::HS1-234-P,pausch_et_al_2018,Florida Keys,Restoration fragment,1,1.06027397260274,0,0,0,4,1
pausch_et_al_2018::HS1-234-W,pausch_et_al_2018,Florida Keys,Restoration fragment,1,1.06027397260274,0,0,0,4,1
pausch_et_al_2018::HS1-234-Y,pausch_et_al_2018,Florida Keys,Restoration fragment,1,1.06027397260274,0,0,0,4,1
pausch_et_al_2018::HS1-235-B,pausch_et_al_2018,Florida Keys,Restoration fragment,1,1.02827564571787,1,0,0,4,1
pausch_et_al_2018::HS1-235-P,pausch_et_al_2018,Florida Keys,Restoration fragment,1,1.06027397260274,0,0,0,4,1
pausch_et_al_2018::HS1-235-W,pausch_et_al_2018,Florida Keys,Restoration fragment,1,1.06027397260274,0,0,0,4,1
pausch_et_al_2018::HS1-235-Y,pausch_et_al_2018,Florida Keys,Restoration fragment,1,1.06027397260274,0,0,0,4,1
pausch_et_al_2018::HS1-236-B,pausch_et_al_2018,Florida Keys,Restoration fragment,1,1.02827564571787,1,0,0,4,1
pausch_et_al_2018::HS1-236-P,pausch_et_al_2018,Florida Keys,Restoration fragment,1,1.02827564571787,1,0,0,4,1
pausch_et_al_2018::HS1-236-W,pausch_et_al_2018,Florida Keys,Restoration fragment,1,1.06027397260274,0,0,0,4,1
pausch_et_al_2018::HS1-236-Y,pausch_et_al_2018,Florida Keys,Restoration fragment,1,1.06027397260274,0,0,0,4,1
pausch_et_al_2018::HS1-237-B,pausch_et_al_2018,Florida Keys,Restoration fragment,1,1.02827564571787,1,0,0,4,1
pausch_et_al_2018::HS1-237-P,pausch_et_al_2018,Florida Keys,Restoration fragment,1,1.06027397260274,0,1,1,4,1
pausch_et_al_2018::HS1-237-W,pausch_et_al_2018,Florida Keys,Restoration fragment,1,1.06027397260274,0,0,0,4,1
pausch_et_al_2018::HS1-237-Y,pausch_et_al_2018,Florida Keys,Restoration fragment,1,1.06027397260274,0,0,0,4,1
pausch_et_al_2018::HS1-238-B,pausch_et_al_2018,Florida Keys,Restoration fragment,1,1.02827564571787,1,0,0,4,1
pausch_et_al_2018::HS1-238-P,pausch_et_al_2018,Florida Keys,Restoration fragment,1,1.02827564571787,1,0,0,4,1
pausch_et_al_2018::HS1-238-W,pausch_et_al_2018,Florida Keys,Restoration fragment,1,1.02827564571787,1,0,0,4,1
pausch_et_al_2018::HS1-238-Y,pausch_et_al_2018,Florida Keys,Restoration fragment,1,1.02827564571787,1,0,0,4,1
pausch_et_al_2018::HS1-239-B,pausch_et_al_2018,Florida Keys,Restoration fragment,1,1.02827564571787,1,0,0,4,1
pausch_et_al_2018::HS1-239-P,pausch_et_al_2018,Florida Keys,Restoration fragment,1,1.06027397260274,0,1,1,4,1
pausch_et_al_2018::HS1-239-W,pausch_et_al_2018,Florida Keys,Restoration fragment,1,1.06027397260274,0,1,1,4,1
pausch_et_al_2018::HS1-239-Y,pausch_et_al_2018,Florida Keys,Restoration fragment,1,1.06027397260274,0,1,1,4,1
pausch_et_al_2018::HS1-240-B,pausch_et_al_2018,Florida Keys,Restoration fragment,1,1.02827564571787,1,0,0,4,1
pausch_et_al_2018::HS1-240-P,pausch_et_al_2018,Florida Keys,Restoration fragment,1,1.02827564571787,1,0,0,4,1
pausch_et_al_2018::HS1-240-W,pausch_et_al_2018,Florida Keys,Restoration fragment,1,1.02827564571787,1,0,0,4,1
pausch_et_al_2018::HS1-240-Y,pausch_et_al_2018,Florida Keys,Restoration fragment,1,1.02827564571787,1,0,0,4,1
pausch_et_al_2018::HS2-241-B,pausch_et_al_2018,Florida Keys,Restoration fragment,1,1.02827564571787,1,0,0,4,1
pausch_et_al_2018::HS2-241-P,pausch_et_al_2018,Florida Keys,Restoration fragment,1,1.02827564571787,1,0,0,4,1
pausch_et_al_2018::HS2-241-W,pausch_et_al_2018,Florida Keys,Restoration fragment,1,1.02827564571787,1,0,0,4,1
pausch_et_al_2018::HS2-241-Y,pausch_et_al_2018,Florida Keys,Restoration fragment,1,1.02827564571787,1,0,0,4,1
pausch_et_al_2018::HS2-242-B,pausch_et_al_2018,Florida Keys,Restoration fragment,1,1.02827564571787,1,0,0,4,1
pausch_et_al_2018::HS2-242-P,pausch_et_al_2018,Florida Keys,Restoration fragment,1,1.06027397260274,0,0,0,4,1
pausch_et_al_2018::HS2-242-W,pausch_et_al_2018,Florida Keys,Restoration fragment,1,1.06027397260274,0,0,0,4,1
pausch_et_al_2018::HS2-242-Y,pausch_et_al_2018,Florida Keys,Restoration fragment,1,1.06027397260274,0,0,0,4,1
pausch_et_al_2018::HS2-243-B,pausch_et_al_2018,Florida Keys,Restoration fragment,1,1.02827564571787,1,0,0,4,1
pausch_et_al_2018::HS2-243-P,pausch_et_al_2018,Florida Keys,Restoration fragment,1,1.02827564571787,1,0,0,4,1
pausch_et_al_2018::HS2-243-W,pausch_et_al_2018,Florida Keys,Restoration fragment,1,1.06027397260274,0,0,0,4,1
pausch_et_al_2018::HS2-243-Y,pausch_et_al_2018,Florida Keys,Restoration fragment,1,1.06027397260274,0,0,0,4,1
pausch_et_al_2018::HS2-244-B,pausch_et_al_2018,Florida Keys,Restoration fragment,1,1.02827564571787,1,0,0,4,1
pausch_et_al_2018::HS2-244-P,pausch_et_al_2018,Florida Keys,Restoration fragment,1,1.02827564571787,1,0,0,4,1
pausch_et_al_2018::HS2-244-W,pausch_et_al_2018,Florida Keys,Restoration fragment,1,1.06027397260274,0,0,0,4,1
pausch_et_al_2018::HS2-244-Y,pausch_et_al_2018,Florida Keys,Restoration fragment,1,1.06027397260274,0,0,0,4,1
pausch_et_al_2018::HS2-245-B,pausch_et_al_2018,Florida Keys,Restoration fragment,1,1.02827564571787,1,0,0,4,1
pausch_et_al_2018::HS2-245-P,pausch_et_al_2018,Florida Keys,Restoration fragment,1,1.02827564571787,1,0,0,4,1
pausch_et_al_2018::HS2-245-W,pausch_et_al_2018,Florida Keys,Restoration fragment,1,1.06027397260274,0,0,0,4,1
pausch_et_al_2018::HS2-245-Y,pausch_et_al_2018,Florida Keys,Restoration fragment,1,1.06027397260274,0,0,0,4,1
pausch_et_al_2018::HS2-246-B,pausch_et_al_2018,Florida Keys,Restoration fragment,1,1.02827564571787,1,0,0,4,1
pausch_et_al_2018::HS2-246-P,pausch_et_al_2018,Florida Keys,Restoration fragment,1,1.02827564571787,1,0,0,4,1
pausch_et_al_2018::HS2-246-W,pausch_et_al_2018,Florida Keys,Restoration fragment,1,1.06027397260274,0,0,0,4,1
pausch_et_al_2018::HS2-246-Y,pausch_et_al_2018,Florida Keys,Restoration fragment,1,1.06027397260274,0,0,0,4,1
pausch_et_al_2018::HS2-247-B,pausch_et_al_2018,Florida Keys,Restoration fragment,1,1.02827564571787,1,0,0,4,1
pausch_et_al_2018::HS2-247-P,pausch_et_al_2018,Florida Keys,Restoration fragment,1,1.02827564571787,1,0,0,4,1
pausch_et_al_2018::HS2-247-W,pausch_et_al_2018,Florida Keys,Restoration fragment,1,1.06027397260274,0,0,0,4,1
pausch_et_al_2018::HS2-247-Y,pausch_et_al_2018,Florida Keys,Restoration fragment,1,1.06027397260274,0,0,0,4,1
pausch_et_al_2018::HS2-248-B,pausch_et_al_2018,Florida Keys,Restoration fragment,1,1.02827564571787,1,0,0,4,1
pausch_et_al_2018::HS2-248-P,pausch_et_al_2018,Florida Keys,Restoration fragment,1,1.02827564571787,1,0,0,4,1
pausch_et_al_2018::HS2-248-W,pausch_et_al_2018,Florida Keys,Restoration fragment,1,1.02827564571787,1,0,0,4,1
pausch_et_al_2018::HS2-248-Y,pausch_et_al_2018,Florida Keys,Restoration fragment,1,1.06027397260274,0,0,0,4,1
pausch_et_al_2018::HS2-249-B,pausch_et_al_2018,Florida Keys,Restoration fragment,1,1.02827564571787,1,0,0,4,1
pausch_et_al_2018::HS2-249-P,pausch_et_al_2018,Florida Keys,Restoration fragment,1,1.02827564571787,1,0,0,4,1
pausch_et_al_2018::HS2-249-W,pausch_et_al_2018,Florida Keys,Restoration fragment,1,1.02827564571787,1,0,0,4,1
pausch_et_al_2018::HS2-249-Y,pausch_et_al_2018,Florida Keys,Restoration fragment,1,1.06027397260274,0,0,0,4,1
pausch_et_al_2018::HS2-250-B,pausch_et_al_2018,Florida Keys,Restoration fragment,1,1.02827564571787,1,0,0,4,1
pausch_et_al_2018::HS2-250-P,pausch_et_al_2018,Florida Keys,Restoration fragment,1,1.02827564571787,1,0,0,4,1
pausch_et_al_2018::HS2-250-W,pausch_et_al_2018,Florida Keys,Restoration fragment,1,1.02827564571787,1,0,0,4,1
pausch_et_al_2018::HS2-250-Y,pausch_et_al_2018,Florida Keys,Restoration fragment,1,1.06027397260274,0,0,0,4,1
pausch_et_al_2018::ML1-101-L,pausch_et_al_2018,Florida Keys,Restoration fragment,1,1.02827564571787,1,0,0,3,0
pausch_et_al_2018::ML1-101-S,pausch_et_al_2018,Florida Keys,Restoration fragment,1,1.02827564571787,1,0,0,3,0
pausch_et_al_2018::ML1-102-L,pausch_et_al_2018,Florida Keys,Restoration fragment,1,1.02827564571787,1,0,0,3,0
pausch_et_al_2018::ML1-102-S,pausch_et_al_2018,Florida Keys,Restoration fragment,1,1.02827564571787,1,0,0,3,0
pausch_et_al_2018::ML1-103-L,pausch_et_al_2018,Florida Keys,Restoration fragment,1,1.02827564571787,1,0,0,3,0
pausch_et_al_2018::ML1-103-S,pausch_et_al_2018,Florida Keys,Restoration fragment,1,1.04931506849315,0,0,0,3,0
pausch_et_al_2018::ML1-104-L,pausch_et_al_2018,Florida Keys,Restoration fragment,1,1.04931506849315,0,0,0,3,0
pausch_et_al_2018::ML1-104-S,pausch_et_al_2018,Florida Keys,Restoration fragment,1,1.02827564571787,1,0,0,3,0
pausch_et_al_2018::ML1-105-L,pausch_et_al_2018,Florida Keys,Restoration fragment,1,1.02827564571787,1,0,0,3,0
pausch_et_al_2018::ML1-105-S,pausch_et_al_2018,Florida Keys,Restoration fragment,1,1.02827564571787,1,0,0,3,0
pausch_et_al_2018::ML1-106-L,pausch_et_al_2018,Florida Keys,Restoration fragment,1,1.02827564571787,1,0,0,3,0
pausch_et_al_2018::ML1-106-S,pausch_et_al_2018,Florida Keys,Restoration fragment,1,1.02827564571787,1,0,0,3,0
pausch_et_al_2018::ML1-107-L,pausch_et_al_2018,Florida Keys,Restoration fragment,1,1.04931506849315,0,0,0,3,0
pausch_et_al_2018::ML1-107-S,pausch_et_al_2018,Florida Keys,Restoration fragment,1,1.02827564571787,1,0,0,3,0
pausch_et_al_2018::ML1-108-L,pausch_et_al_2018,Florida Keys,Restoration fragment,1,1.02827564571787,1,0,0,3,0
pausch_et_al_2018::ML1-108-S,pausch_et_al_2018,Florida Keys,Restoration fragment,1,1.04931506849315,0,0,0,3,0
pausch_et_al_2018::ML1-109-L,pausch_et_al_2018,Florida Keys,Restoration fragment,1,1.04931506849315,0,1,1,3,0
pausch_et_al_2018::ML1-109-S,pausch_et_al_2018,Florida Keys,Restoration fragment,1,1.04931506849315,0,0,0,3,0
pausch_et_al_2018::ML1-110-L,pausch_et_al_2018,Florida Keys,Restoration fragment,1,1.04931506849315,0,1,1,3,0
pausch_et_al_2018::ML1-110-S,pausch_et_al_2018,Florida Keys,Restoration fragment,1,1.04931506849315,0,0,0,3,0
pausch_et_al_2018::ML1-111-L,pausch_et_al_2018,Florida Keys,Restoration fragment,1,1.02827564571787,1,0,0,3,0
pausch_et_al_2018::ML1-111-S,pausch_et_al_2018,Florida Keys,Restoration fragment,1,1.04931506849315,0,0,0,3,0
pausch_et_al_2018::ML1-112-L,pausch_et_al_2018,Florida Keys,Restoration fragment,1,1.04931506849315,0,1,1,3,0
pausch_et_al_2018::ML1-112-S,pausch_et_al_2018,Florida Keys,Restoration fragment,1,1.02827564571787,1,0,0,3,0
pausch_et_al_2018::ML1-113-L,pausch_et_al_2018,Florida Keys,Restoration fragment,1,1.04931506849315,0,0,0,3,0
pausch_et_al_2018::ML1-113-S,pausch_et_al_2018,Florida Keys,Restoration fragment,1,1.04931506849315,0,0,0,3,0
pausch_et_al_2018::ML1-114-L,pausch_et_al_2018,Florida Keys,Restoration fragment,1,1.04931506849315,0,1,1,3,0
pausch_et_al_2018::ML1-114-S,pausch_et_al_2018,Florida Keys,Restoration fragment,1,1.04931506849315,0,1,1,3,0
pausch_et_al_2018::ML2-115-L,pausch_et_al_2018,Florida Keys,Restoration fragment,1,1.02827564571787,1,0,0,3,0
pausch_et_al_2018::ML2-115-S,pausch_et_al_2018,Florida Keys,Restoration fragment,1,1.02827564571787,1,0,0,3,0
pausch_et_al_2018::ML2-116-L,pausch_et_al_2018,Florida Keys,Restoration fragment,1,1.05205479452055,0,1,1,3,0
pausch_et_al_2018::ML2-116-S,pausch_et_al_2018,Florida Keys,Restoration fragment,1,1.05205479452055,0,0,0,3,0
pausch_et_al_2018::ML2-117-L,pausch_et_al_2018,Florida Keys,Restoration fragment,1,1.02827564571787,1,0,0,3,0
pausch_et_al_2018::ML2-117-S,pausch_et_al_2018,Florida Keys,Restoration fragment,1,1.05205479452055,0,0,0,3,0
pausch_et_al_2018::ML2-118-L,pausch_et_al_2018,Florida Keys,Restoration fragment,1,1.02827564571787,1,0,0,3,0
pausch_et_al_2018::ML2-118-S,pausch_et_al_2018,Florida Keys,Restoration fragment,1,1.05205479452055,0,0,0,3,0
pausch_et_al_2018::ML2-119-L,pausch_et_al_2018,Florida Keys,Restoration fragment,1,1.02827564571787,1,0,0,3,0
pausch_et_al_2018::ML2-119-S,pausch_et_al_2018,Florida Keys,Restoration fragment,1,1.05205479452055,0,0,0,3,0
pausch_et_al_2018::ML2-120-L,pausch_et_al_2018,Florida Keys,Restoration fragment,1,1.02827564571787,1,0,0,3,0
pausch_et_al_2018::ML2-121-L,pausch_et_al_2018,Florida Keys,Restoration fragment,1,1.02827564571787,1,0,0,3,0
pausch_et_al_2018::ML2-121-S,pausch_et_al_2018,Florida Keys,Restoration fragment,1,1.05205479452055,0,1,1,3,0
pausch_et_al_2018::ML2-122-L,pausch_et_al_2018,Florida Keys,Restoration fragment,1,1.02827564571787,1,0,0,3,0
pausch_et_al_2018::ML2-122-S,pausch_et_al_2018,Florida Keys,Restoration fragment,1,1.02827564571787,1,0,0,3,0
pausch_et_al_2018::ML2-123-L,pausch_et_al_2018,Florida Keys,Restoration fragment,1,1.02827564571787,1,0,0,3,0
pausch_et_al_2018::ML2-123-S,pausch_et_al_2018,Florida Keys,Restoration fragment,1,1.05205479452055,0,0,0,3,0
pausch_et_al_2018::ML2-124-L,pausch_et_al_2018,Florida Keys,Restoration fragment,1,1.05205479452055,0,1,1,3,0
pausch_et_al_2018::ML2-124-S,pausch_et_al_2018,Florida Keys,Restoration fragment,1,1.02827564571787,1,0,0,3,0
pausch_et_al_2018::ML2-125-L,pausch_et_al_2018,Florida Keys,Restoration fragment,1,1.02827564571787,1,0,0,3,0
pausch_et_al_2018::ML2-125-S,pausch_et_al_2018,Florida Keys,Restoration fragment,1,1.05205479452055,0,1,1,3,0
pausch_et_al_2018::ML2-126-L,pausch_et_al_2018,Florida Keys,Restoration fragment,1,1.05205479452055,0,0,0,3,0
pausch_et_al_2018::ML2-126-S,pausch_et_al_2018,Florida Keys,Restoration fragment,1,1.02827564571787,1,0,0,3,0
pausch_et_al_2018::ML2-127-L,pausch_et_al_2018,Florida Keys,Restoration fragment,1,1.02827564571787,1,0,0,3,0
pausch_et_al_2018::ML2-127-S,pausch_et_al_2018,Florida Keys,Restoration fragment,1,1.05205479452055,0,0,0,3,0
pausch_et_al_2018::ML2-128-L,pausch_et_al_2018,Florida Keys,Restoration fragment,1,1.02827564571787,1,0,0,3,0
pausch_et_al_2018::ML2-128-S,pausch_et_al_2018,Florida Keys,Restoration fragment,1,1.05205479452055,0,0,0,3,0
pausch_et_al_2018::ML3-129-L,pausch_et_al_2018,Florida Keys,Restoration fragment,1,1.02827564571787,1,0,0,3,0
pausch_et_al_2018::ML3-129-S,pausch_et_al_2018,Florida Keys,Restoration fragment,1,1.02827564571787,1,0,0,3,0
pausch_et_al_2018::ML3-130-L,pausch_et_al_2018,Florida Keys,Restoration fragment,1,1.02827564571787,1,0,0,3,0
pausch_et_al_2018::ML3-130-S,pausch_et_al_2018,Florida Keys,Restoration fragment,1,1.02827564571787,1,0,0,3,0
pausch_et_al_2018::ML3-131-L,pausch_et_al_2018,Florida Keys,Restoration fragment,1,1.02827564571787,1,0,0,3,0
pausch_et_al_2018::ML3-131-S,pausch_et_al_2018,Florida Keys,Restoration fragment,1,1.02827564571787,1,0,0,3,0
pausch_et_al_2018::ML3-132-L,pausch_et_al_2018,Florida Keys,Restoration fragment,1,1.02827564571787,1,0,0,3,0
pausch_et_al_2018::ML3-132-S,pausch_et_al_2018,Florida Keys,Restoration fragment,1,1.02827564571787,1,0,0,3,0
pausch_et_al_2018::ML3-133-L,pausch_et_al_2018,Florida Keys,Restoration fragment,1,1.02827564571787,1,0,0,3,0
pausch_et_al_2018::ML3-133-S,pausch_et_al_2018,Florida Keys,Restoration fragment,1,1.02827564571787,1,0,0,3,0
pausch_et_al_2018::ML3-134-L,pausch_et_al_2018,Florida Keys,Restoration fragment,1,1.05479452054795,0,0,0,3,0
pausch_et_al_2018::ML3-134-S,pausch_et_al_2018,Florida Keys,Restoration fragment,1,1.05479452054795,0,0,0,3,0
pausch_et_al_2018::ML3-135-L,pausch_et_al_2018,Florida Keys,Restoration fragment,1,1.05479452054795,0,1,1,3,0
pausch_et_al_2018::ML3-135-S,pausch_et_al_2018,Florida Keys,Restoration fragment,1,1.05479452054795,0,0,0,3,0
pausch_et_al_2018::ML3-136-L,pausch_et_al_2018,Florida Keys,Restoration fragment,1,1.05479452054795,0,1,1,3,0
pausch_et_al_2018::ML3-136-S,pausch_et_al_2018,Florida Keys,Restoration fragment,1,1.05479452054795,0,0,0,3,0
pausch_et_al_2018::ML3-137-L,pausch_et_al_2018,Florida Keys,Restoration fragment,1,1.02827564571787,1,0,0,3,0
pausch_et_al_2018::ML3-137-S,pausch_et_al_2018,Florida Keys,Restoration fragment,1,1.02827564571787,1,0,0,3,0
pausch_et_al_2018::ML3-138-L,pausch_et_al_2018,Florida Keys,Restoration fragment,1,1.05479452054795,0,0,0,3,0
pausch_et_al_2018::ML3-138-S,pausch_et_al_2018,Florida Keys,Restoration fragment,1,1.05479452054795,0,0,0,3,0
pausch_et_al_2018::ML3-139-L,pausch_et_al_2018,Florida Keys,Restoration fragment,1,1.05479452054795,0,0,0,3,0
pausch_et_al_2018::ML3-139-S,pausch_et_al_2018,Florida Keys,Restoration fragment,1,1.02827564571787,1,0,0,3,0
pausch_et_al_2018::ML3-140-L,pausch_et_al_2018,Florida Keys,Restoration fragment,1,1.02827564571787,1,0,0,3,0
pausch_et_al_2018::ML3-140-S,pausch_et_al_2018,Florida Keys,Restoration fragment,1,1.02827564571787,1,0,0,3,0
pausch_et_al_2018::ML3-142-L,pausch_et_al_2018,Florida Keys,Restoration fragment,1,1.02827564571787,1,0,0,3,0
pausch_et_al_2018::ML3-142-S,pausch_et_al_2018,Florida Keys,Restoration fragment,1,1.02827564571787,1,0,0,3,0
pausch_et_al_2018::ML4-191-B,pausch_et_al_2018,Florida Keys,Restoration fragment,1,1.02827564571787,1,0,0,4,1
pausch_et_al_2018::ML4-191-P,pausch_et_al_2018,Florida Keys,Restoration fragment,1,1.02827564571787,1,0,0,4,1
pausch_et_al_2018::ML4-191-W,pausch_et_al_2018,Florida Keys,Restoration fragment,1,1.02827564571787,1,0,0,4,1
pausch_et_al_2018::ML4-191-Y,pausch_et_al_2018,Florida Keys,Restoration fragment,1,1.02827564571787,1,0,0,4,1
pausch_et_al_2018::ML4-192-B,pausch_et_al_2018,Florida Keys,Restoration fragment,1,1.02827564571787,1,0,0,4,1
pausch_et_al_2018::ML4-192-P,pausch_et_al_2018,Florida Keys,Restoration fragment,1,1.02827564571787,1,0,0,4,1
pausch_et_al_2018::ML4-192-W,pausch_et_al_2018,Florida Keys,Restoration fragment,1,1.02827564571787,1,0,0,4,1
pausch_et_al_2018::ML4-192-Y,pausch_et_al_2018,Florida Keys,Restoration fragment,1,1.02827564571787,1,0,0,4,1
pausch_et_al_2018::ML4-193-B,pausch_et_al_2018,Florida Keys,Restoration fragment,1,1.02827564571787,1,0,0,4,1
pausch_et_al_2018::ML4-193-P,pausch_et_al_2018,Florida Keys,Restoration fragment,1,1.02827564571787,1,0,0,4,1
pausch_et_al_2018::ML4-193-W,pausch_et_al_2018,Florida Keys,Restoration fragment,1,1.02827564571787,1,0,0,4,1
pausch_et_al_2018::ML4-193-Y,pausch_et_al_2018,Florida Keys,Restoration fragment,1,1.08219178082192,0,1,1,4,1
pausch_et_al_2018::ML4-194-B,pausch_et_al_2018,Florida Keys,Restoration fragment,1,1.02827564571787,1,0,0,4,1
pausch_et_al_2018::ML4-194-P,pausch_et_al_2018,Florida Keys,Restoration fragment,1,1.02827564571787,1,0,0,4,1
pausch_et_al_2018::ML4-194-W,pausch_et_al_2018,Florida Keys,Restoration fragment,1,1.02827564571787,1,0,0,4,1
pausch_et_al_2018::ML4-194-Y,pausch_et_al_2018,Florida Keys,Restoration fragment,1,1.08219178082192,0,1,1,4,1
pausch_et_al_2018::ML4-195-B,pausch_et_al_2018,Florida Keys,Restoration fragment,1,1.08219178082192,0,1,1,4,1
pausch_et_al_2018::ML4-195-P,pausch_et_al_2018,Florida Keys,Restoration fragment,1,1.02827564571787,1,0,0,4,1
pausch_et_al_2018::ML4-195-W,pausch_et_al_2018,Florida Keys,Restoration fragment,1,1.08219178082192,0,0,0,4,1
pausch_et_al_2018::ML4-195-Y,pausch_et_al_2018,Florida Keys,Restoration fragment,1,1.08219178082192,0,0,0,4,1
pausch_et_al_2018::ML4-196-B,pausch_et_al_2018,Florida Keys,Restoration fragment,1,1.02827564571787,1,0,0,4,1
pausch_et_al_2018::ML4-196-P,pausch_et_al_2018,Florida Keys,Restoration fragment,1,1.02827564571787,1,0,0,4,1
pausch_et_al_2018::ML4-196-W,pausch_et_al_2018,Florida Keys,Restoration fragment,1,1.02827564571787,1,0,0,4,1
pausch_et_al_2018::ML4-196-Y,pausch_et_al_2018,Florida Keys,Restoration fragment,1,1.08219178082192,0,0,0,4,1
pausch_et_al_2018::ML4-197-B,pausch_et_al_2018,Florida Keys,Restoration fragment,1,1.02827564571787,1,0,0,4,1
pausch_et_al_2018::ML4-197-P,pausch_et_al_2018,Florida Keys,Restoration fragment,1,1.02827564571787,1,0,0,4,1
pausch_et_al_2018::ML4-197-W,pausch_et_al_2018,Florida Keys,Restoration fragment,1,1.02827564571787,1,0,0,4,1
pausch_et_al_2018::ML4-197-Y,pausch_et_al_2018,Florida Keys,Restoration fragment,1,1.02827564571787,1,0,0,4,1
pausch_et_al_2018::ML4-198-B,pausch_et_al_2018,Florida Keys,Restoration fragment,1,1.08219178082192,0,0,0,4,1
pausch_et_al_2018::ML4-198-P,pausch_et_al_2018,Florida Keys,Restoration fragment,1,1.08219178082192,0,0,0,4,1
pausch_et_al_2018::ML4-198-W,pausch_et_al_2018,Florida Keys,Restoration fragment,1,1.08219178082192,0,0,0,4,1
pausch_et_al_2018::ML4-198-Y,pausch_et_al_2018,Florida Keys,Restoration fragment,1,1.08219178082192,0,0,0,4,1
pausch_et_al_2018::ML4-199-B,pausch_et_al_2018,Florida Keys,Restoration fragment,1,1.02827564571787,1,0,0,4,1
pausch_et_al_2018::ML4-199-P,pausch_et_al_2018,Florida Keys,Restoration fragment,1,1.02827564571787,1,0,0,4,1
pausch_et_al_2018::ML4-199-W,pausch_et_al_2018,Florida Keys,Restoration fragment,1,1.02827564571787,1,0,0,4,1
pausch_et_al_2018::ML4-199-Y,pausch_et_al_2018,Florida Keys,Restoration fragment,1,1.02827564571787,1,0,0,4,1
pausch_et_al_2018::ML4-200-B,pausch_et_al_2018,Florida Keys,Restoration fragment,1,1.08219178082192,0,0,0,4,1
pausch_et_al_2018::ML4-200-P,pausch_et_al_2018,Florida Keys,Restoration fragment,1,1.02827564571787,1,0,0,4,1
pausch_et_al_2018::ML4-200-W,pausch_et_al_2018,Florida Keys,Restoration fragment,1,1.08219178082192,0,1,1,4,1
pausch_et_al_2018::ML4-200-Y,pausch_et_al_2018,Florida Keys,Restoration fragment,1,1.02827564571787,1,0,0,4,1
pausch_et_al_2018::ML4-201-B,pausch_et_al_2018,Florida Keys,Restoration fragment,1,1.02827564571787,1,0,0,4,1
pausch_et_al_2018::ML4-201-P,pausch_et_al_2018,Florida Keys,Restoration fragment,1,1.02827564571787,1,0,0,4,1
pausch_et_al_2018::ML4-201-W,pausch_et_al_2018,Florida Keys,Restoration fragment,1,1.08219178082192,0,1,1,4,1
pausch_et_al_2018::ML4-201-Y,pausch_et_al_2018,Florida Keys,Restoration fragment,1,1.08219178082192,0,0,0,4,1
pausch_et_al_2018::ML4-202-B,pausch_et_al_2018,Florida Keys,Restoration fragment,1,1.02827564571787,1,0,0,4,1
pausch_et_al_2018::ML4-202-P,pausch_et_al_2018,Florida Keys,Restoration fragment,1,1.02827564571787,1,0,0,4,1
pausch_et_al_2018::ML4-202-W,pausch_et_al_2018,Florida Keys,Restoration fragment,1,1.08219178082192,0,1,1,4,1
pausch_et_al_2018::ML4-202-Y,pausch_et_al_2018,Florida Keys,Restoration fragment,1,1.02827564571787,1,0,0,4,1
pausch_et_al_2018::ML4-203-B,pausch_et_al_2018,Florida Keys,Restoration fragment,1,1.02827564571787,1,0,0,4,1
pausch_et_al_2018::ML4-203-P,pausch_et_al_2018,Florida Keys,Restoration fragment,1,1.08219178082192,0,0,0,4,1
pausch_et_al_2018::ML4-203-W,pausch_et_al_2018,Florida Keys,Restoration fragment,1,1.08219178082192,0,1,1,4,1
pausch_et_al_2018::ML4-203-Y,pausch_et_al_2018,Florida Keys,Restoration fragment,1,1.02827564571787,1,0,0,4,1
pausch_et_al_2018::ML4-204-B,pausch_et_al_2018,Florida Keys,Restoration fragment,1,1.02827564571787,1,0,0,4,1
pausch_et_al_2018::ML4-204-P,pausch_et_al_2018,Florida Keys,Restoration fragment,1,1.02827564571787,1,0,0,4,1
pausch_et_al_2018::ML4-204-W,pausch_et_al_2018,Florida Keys,Restoration fragment,1,1.02827564571787,1,0,0,4,1
pausch_et_al_2018::ML4-204-Y,pausch_et_al_2018,Florida Keys,Restoration fragment,1,1.02827564571787,1,0,0,4,1
pausch_et_al_2018::ML4-205-B,pausch_et_al_2018,Florida Keys,Restoration fragment,1,1.02827564571787,1,0,0,4,1
pausch_et_al_2018::ML4-205-P,pausch_et_al_2018,Florida Keys,Restoration fragment,1,1.02827564571787,1,0,0,4,1
pausch_et_al_2018::ML4-205-W,pausch_et_al_2018,Florida Keys,Restoration fragment,1,1.08219178082192,0,0,0,4,1
pausch_et_al_2018::ML4-205-Y,pausch_et_al_2018,Florida Keys,Restoration fragment,1,1.02827564571787,1,0,0,4,1
pausch_et_al_2018::ML5-206-B,pausch_et_al_2018,Florida Keys,Restoration fragment,1,1.02827564571787,1,0,0,4,1
pausch_et_al_2018::ML5-206-P,pausch_et_al_2018,Florida Keys,Restoration fragment,1,1.02827564571787,1,0,0,4,1
pausch_et_al_2018::ML5-206-W,pausch_et_al_2018,Florida Keys,Restoration fragment,1,1.08219178082192,0,1,1,4,1
pausch_et_al_2018::ML5-206-Y,pausch_et_al_2018,Florida Keys,Restoration fragment,1,1.02827564571787,1,0,0,4,1
pausch_et_al_2018::ML5-207-B,pausch_et_al_2018,Florida Keys,Restoration fragment,1,1.02827564571787,1,0,0,4,1
pausch_et_al_2018::ML5-207-P,pausch_et_al_2018,Florida Keys,Restoration fragment,1,1.02827564571787,1,0,0,4,1
pausch_et_al_2018::ML5-207-W,pausch_et_al_2018,Florida Keys,Restoration fragment,1,1.08219178082192,0,0,0,4,1
pausch_et_al_2018::ML5-207-Y,pausch_et_al_2018,Florida Keys,Restoration fragment,1,1.08219178082192,0,1,1,4,1
pausch_et_al_2018::ML5-208-B,pausch_et_al_2018,Florida Keys,Restoration fragment,1,1.02827564571787,1,0,0,4,1
pausch_et_al_2018::ML5-208-P,pausch_et_al_2018,Florida Keys,Restoration fragment,1,1.02827564571787,1,0,0,4,1
pausch_et_al_2018::ML5-208-W,pausch_et_al_2018,Florida Keys,Restoration fragment,1,1.02827564571787,1,0,0,4,1
pausch_et_al_2018::ML5-208-Y,pausch_et_al_2018,Florida Keys,Restoration fragment,1,1.02827564571787,1,0,0,4,1
pausch_et_al_2018::ML5-209-B,pausch_et_al_2018,Florida Keys,Restoration fragment,1,1.02827564571787,1,0,0,4,1
pausch_et_al_2018::ML5-209-P,pausch_et_al_2018,Florida Keys,Restoration fragment,1,1.02827564571787,1,0,0,4,1
pausch_et_al_2018::ML5-209-W,pausch_et_al_2018,Florida Keys,Restoration fragment,1,1.08219178082192,0,0,0,4,1
pausch_et_al_2018::ML5-209-Y,pausch_et_al_2018,Florida Keys,Restoration fragment,1,1.02827564571787,1,0,0,4,1
pausch_et_al_2018::ML5-210-B,pausch_et_al_2018,Florida Keys,Restoration fragment,1,1.02827564571787,1,0,0,4,1
pausch_et_al_2018::ML5-210-P,pausch_et_al_2018,Florida Keys,Restoration fragment,1,1.02827564571787,1,0,0,4,1
pausch_et_al_2018::ML5-210-W,pausch_et_al_2018,Florida Keys,Restoration fragment,1,1.08219178082192,0,0,0,4,1
pausch_et_al_2018::ML5-210-Y,pausch_et_al_2018,Florida Keys,Restoration fragment,1,1.08219178082192,0,1,1,4,1
pausch_et_al_2018::ML5-211-B,pausch_et_al_2018,Florida Keys,Restoration fragment,1,1.02827564571787,1,0,0,4,1
pausch_et_al_2018::ML5-211-P,pausch_et_al_2018,Florida Keys,Restoration fragment,1,1.02827564571787,1,0,0,4,1
pausch_et_al_2018::ML5-211-W,pausch_et_al_2018,Florida Keys,Restoration fragment,1,1.02827564571787,1,0,0,4,1
pausch_et_al_2018::ML5-211-Y,pausch_et_al_2018,Florida Keys,Restoration fragment,1,1.08219178082192,0,0,0,4,1
pausch_et_al_2018::ML5-212-B,pausch_et_al_2018,Florida Keys,Restoration fragment,1,1.08219178082192,0,1,1,4,1
pausch_et_al_2018::ML5-212-P,pausch_et_al_2018,Florida Keys,Restoration fragment,1,1.02827564571787,1,0,0,4,1
pausch_et_al_2018::ML5-212-W,pausch_et_al_2018,Florida Keys,Restoration fragment,1,1.08219178082192,0,0,0,4,1
pausch_et_al_2018::ML5-212-Y,pausch_et_al_2018,Florida Keys,Restoration fragment,1,1.02827564571787,1,0,0,4,1
pausch_et_al_2018::ML5-213-B,pausch_et_al_2018,Florida Keys,Restoration fragment,1,1.02827564571787,1,0,0,4,1
pausch_et_al_2018::ML5-213-P,pausch_et_al_2018,Florida Keys,Restoration fragment,1,1.02827564571787,1,0,0,4,1
pausch_et_al_2018::ML5-213-W,pausch_et_al_2018,Florida Keys,Restoration fragment,1,1.02827564571787,1,0,0,4,1
pausch_et_al_2018::ML5-213-Y,pausch_et_al_2018,Florida Keys,Restoration fragment,1,1.02827564571787,1,0,0,4,1
pausch_et_al_2018::ML5-214-B,pausch_et_al_2018,Florida Keys,Restoration fragment,1,1.02827564571787,1,0,0,4,1
pausch_et_al_2018::ML5-214-P,pausch_et_al_2018,Florida Keys,Restoration fragment,1,1.02827564571787,1,0,0,4,1
pausch_et_al_2018::ML5-214-W,pausch_et_al_2018,Florida Keys,Restoration fragment,1,1.02827564571787,1,0,0,4,1
pausch_et_al_2018::ML5-214-Y,pausch_et_al_2018,Florida Keys,Restoration fragment,1,1.02827564571787,1,0,0,4,1
pausch_et_al_2018::ML5-215-B,pausch_et_al_2018,Florida Keys,Restoration fragment,1,1.02827564571787,1,0,0,4,1
pausch_et_al_2018::ML5-215-P,pausch_et_al_2018,Florida Keys,Restoration fragment,1,1.08219178082192,0,0,0,4,1
pausch_et_al_2018::ML5-215-W,pausch_et_al_2018,Florida Keys,Restoration fragment,1,1.02827564571787,1,0,0,4,1
pausch_et_al_2018::ML5-215-Y,pausch_et_al_2018,Florida Keys,Restoration fragment,1,1.02827564571787,1,0,0,4,1
pausch_et_al_2018::ML5-216-B,pausch_et_al_2018,Florida Keys,Restoration fragment,1,1.02827564571787,1,0,0,4,1
pausch_et_al_2018::ML5-216-P,pausch_et_al_2018,Florida Keys,Restoration fragment,1,1.02827564571787,1,0,0,4,1
pausch_et_al_2018::ML5-216-W,pausch_et_al_2018,Florida Keys,Restoration fragment,1,1.08219178082192,0,1,1,4,1
pausch_et_al_2018::ML5-216-Y,pausch_et_al_2018,Florida Keys,Restoration fragment,1,1.08219178082192,0,0,0,4,1
pausch_et_al_2018::ML5-217-B,pausch_et_al_2018,Florida Keys,Restoration fragment,1,1.02827564571787,1,0,0,4,1
pausch_et_al_2018::ML5-217-P,pausch_et_al_2018,Florida Keys,Restoration fragment,1,1.02827564571787,1,0,0,4,1
pausch_et_al_2018::ML5-217-W,pausch_et_al_2018,Florida Keys,Restoration fragment,1,1.02827564571787,1,0,0,4,1
pausch_et_al_2018::ML5-217-Y,pausch_et_al_2018,Florida Keys,Restoration fragment,1,1.02827564571787,1,0,0,4,1
pausch_et_al_2018::ML5-218-B,pausch_et_al_2018,Florida Keys,Restoration fragment,1,1.02827564571787,1,0,0,4,1
pausch_et_al_2018::ML5-218-P,pausch_et_al_2018,Florida Keys,Restoration fragment,1,1.02827564571787,1,0,0,4,1
pausch_et_al_2018::ML5-218-W,pausch_et_al_2018,Florida Keys,Restoration fragment,1,1.02827564571787,1,0,0,4,1
pausch_et_al_2018::ML5-218-Y,pausch_et_al_2018,Florida Keys,Restoration fragment,1,1.02827564571787,1,0,0,4,1
pausch_et_al_2018::ML5-219-B,pausch_et_al_2018,Florida Keys,Restoration fragment,1,1.02827564571787,1,0,0,4,1
pausch_et_al_2018::ML5-219-P,pausch_et_al_2018,Florida Keys,Restoration fragment,1,1.02827564571787,1,0,0,4,1
pausch_et_al_2018::ML5-219-W,pausch_et_al_2018,Florida Keys,Restoration fragment,1,1.02827564571787,1,0,0,4,1
pausch_et_al_2018::ML5-219-Y,pausch_et_al_2018,Florida Keys,Restoration fragment,1,1.02827564571787,1,0,0,4,1
pausch_et_al_2018::ML5-220-B,pausch_et_al_2018,Florida Keys,Restoration fragment,1,1.02827564571787,1,0,0,4,1
pausch_et_al_2018::ML5-220-P,pausch_et_al_2018,Florida Keys,Restoration fragment,1,1.02827564571787,1,0,0,4,1
pausch_et_al_2018::ML5-220-W,pausch_et_al_2018,Florida Keys,Restoration fragment,1,1.02827564571787,1,0,0,4,1
pausch_et_al_2018::ML5-220-Y,pausch_et_al_2018,Florida Keys,Restoration fragment,1,1.02827564571787,1,0,0,4,1
pausch_et_al_2018::ND1-161-B,pausch_et_al_2018,Florida Keys,Restoration fragment,1,1.02827564571787,1,0,0,4,1
pausch_et_al_2018::ND1-161-P,pausch_et_al_2018,Florida Keys,Restoration fragment,1,1.09315068493151,0,0,0,4,1
pausch_et_al_2018::ND1-161-W,pausch_et_al_2018,Florida Keys,Restoration fragment,1,1.09315068493151,0,0,0,4,1
pausch_et_al_2018::ND1-161-Y,pausch_et_al_2018,Florida Keys,Restoration fragment,1,1.09315068493151,0,0,0,4,1
pausch_et_al_2018::ND1-162-B,pausch_et_al_2018,Florida Keys,Restoration fragment,1,1.02827564571787,1,0,0,4,1
pausch_et_al_2018::ND1-162-P,pausch_et_al_2018,Florida Keys,Restoration fragment,1,1.09315068493151,0,0,0,4,1
pausch_et_al_2018::ND1-162-W,pausch_et_al_2018,Florida Keys,Restoration fragment,1,1.09315068493151,0,0,0,4,1
pausch_et_al_2018::ND1-162-Y,pausch_et_al_2018,Florida Keys,Restoration fragment,1,1.09315068493151,0,0,0,4,1
pausch_et_al_2018::ND1-163-B,pausch_et_al_2018,Florida Keys,Restoration fragment,1,1.09315068493151,0,0,0,4,1
pausch_et_al_2018::ND1-163-P,pausch_et_al_2018,Florida Keys,Restoration fragment,1,1.09315068493151,0,0,0,4,1
pausch_et_al_2018::ND1-163-W,pausch_et_al_2018,Florida Keys,Restoration fragment,1,1.09315068493151,0,0,0,4,1
pausch_et_al_2018::ND1-163-Y,pausch_et_al_2018,Florida Keys,Restoration fragment,1,1.09315068493151,0,0,0,4,1
pausch_et_al_2018::ND1-164-B,pausch_et_al_2018,Florida Keys,Restoration fragment,1,1.09315068493151,0,0,0,4,1
pausch_et_al_2018::ND1-164-P,pausch_et_al_2018,Florida Keys,Restoration fragment,1,1.02827564571787,1,0,0,4,1
pausch_et_al_2018::ND1-164-W,pausch_et_al_2018,Florida Keys,Restoration fragment,1,1.09315068493151,0,0,0,4,1
pausch_et_al_2018::ND1-164-Y,pausch_et_al_2018,Florida Keys,Restoration fragment,1,1.09315068493151,0,0,0,4,1
pausch_et_al_2018::ND1-165-B,pausch_et_al_2018,Florida Keys,Restoration fragment,1,1.09315068493151,0,0,0,4,1
pausch_et_al_2018::ND1-165-P,pausch_et_al_2018,Florida Keys,Restoration fragment,1,1.09315068493151,0,0,0,4,1
pausch_et_al_2018::ND1-165-W,pausch_et_al_2018,Florida Keys,Restoration fragment,1,1.09315068493151,0,0,0,4,1
pausch_et_al_2018::ND1-165-Y,pausch_et_al_2018,Florida Keys,Restoration fragment,1,1.09315068493151,0,0,0,4,1
pausch_et_al_2018::ND1-166-B,pausch_et_al_2018,Florida Keys,Restoration fragment,1,1.02827564571787,1,0,0,4,1
pausch_et_al_2018::ND1-166-P,pausch_et_al_2018,Florida Keys,Restoration fragment,1,1.09315068493151,0,0,0,4,1
pausch_et_al_2018::ND1-166-W,pausch_et_al_2018,Florida Keys,Restoration fragment,1,1.09315068493151,0,0,0,4,1
pausch_et_al_2018::ND1-166-Y,pausch_et_al_2018,Florida Keys,Restoration fragment,1,1.09315068493151,0,0,0,4,1
pausch_et_al_2018::ND1-167-B,pausch_et_al_2018,Florida Keys,Restoration fragment,1,1.02827564571787,1,0,0,4,1
pausch_et_al_2018::ND1-167-P,pausch_et_al_2018,Florida Keys,Restoration fragment,1,1.09315068493151,0,0,0,4,1
pausch_et_al_2018::ND1-167-W,pausch_et_al_2018,Florida Keys,Restoration fragment,1,1.09315068493151,0,0,0,4,1
pausch_et_al_2018::ND1-167-Y,pausch_et_al_2018,Florida Keys,Restoration fragment,1,1.09315068493151,0,1,1,4,1
pausch_et_al_2018::ND1-168-B,pausch_et_al_2018,Florida Keys,Restoration fragment,1,1.02827564571787,1,0,0,4,1
pausch_et_al_2018::ND1-168-P,pausch_et_al_2018,Florida Keys,Restoration fragment,1,1.02827564571787,1,0,0,4,1
pausch_et_al_2018::ND1-168-W,pausch_et_al_2018,Florida Keys,Restoration fragment,1,1.09315068493151,0,0,0,4,1
pausch_et_al_2018::ND1-168-Y,pausch_et_al_2018,Florida Keys,Restoration fragment,1,1.09315068493151,0,0,0,4,1
pausch_et_al_2018::ND1-169-B,pausch_et_al_2018,Florida Keys,Restoration fragment,1,1.02827564571787,1,0,0,4,1
pausch_et_al_2018::ND1-169-P,pausch_et_al_2018,Florida Keys,Restoration fragment,1,1.09315068493151,0,0,0,4,1
pausch_et_al_2018::ND1-169-W,pausch_et_al_2018,Florida Keys,Restoration fragment,1,1.02827564571787,1,0,0,4,1
pausch_et_al_2018::ND1-169-Y,pausch_et_al_2018,Florida Keys,Restoration fragment,1,1.09315068493151,0,0,0,4,1
pausch_et_al_2018::ND1-170-B,pausch_et_al_2018,Florida Keys,Restoration fragment,1,1.02827564571787,1,0,0,4,1
pausch_et_al_2018::ND1-170-P,pausch_et_al_2018,Florida Keys,Restoration fragment,1,1.09315068493151,0,0,0,4,1
pausch_et_al_2018::ND1-170-W,pausch_et_al_2018,Florida Keys,Restoration fragment,1,1.09315068493151,0,0,0,4,1
pausch_et_al_2018::ND1-170-Y,pausch_et_al_2018,Florida Keys,Restoration fragment,1,1.09315068493151,0,0,0,4,1
pausch_et_al_2018::ND2-171-B,pausch_et_al_2018,Florida Keys,Restoration fragment,1,1.02827564571787,1,0,0,4,1
pausch_et_al_2018::ND2-171-P,pausch_et_al_2018,Florida Keys,Restoration fragment,1,1.09315068493151,0,0,0,4,1
pausch_et_al_2018::ND2-171-W,pausch_et_al_2018,Florida Keys,Restoration fragment,1,1.09315068493151,0,0,0,4,1
pausch_et_al_2018::ND2-171-Y,pausch_et_al_2018,Florida Keys,Restoration fragment,1,1.09315068493151,0,0,0,4,1
pausch_et_al_2018::ND2-172-B,pausch_et_al_2018,Florida Keys,Restoration fragment,1,1.09315068493151,0,0,0,4,1
pausch_et_al_2018::ND2-172-P,pausch_et_al_2018,Florida Keys,Restoration fragment,1,1.09315068493151,0,0,0,4,1
pausch_et_al_2018::ND2-172-W,pausch_et_al_2018,Florida Keys,Restoration fragment,1,1.09315068493151,0,0,0,4,1
pausch_et_al_2018::ND2-172-Y,pausch_et_al_2018,Florida Keys,Restoration fragment,1,1.09315068493151,0,0,0,4,1
pausch_et_al_2018::ND2-173-B,pausch_et_al_2018,Florida Keys,Restoration fragment,1,1.02827564571787,1,0,0,4,1
pausch_et_al_2018::ND2-173-P,pausch_et_al_2018,Florida Keys,Restoration fragment,1,1.09315068493151,0,0,0,4,1
pausch_et_al_2018::ND2-173-W,pausch_et_al_2018,Florida Keys,Restoration fragment,1,1.09315068493151,0,0,0,4,1
pausch_et_al_2018::ND2-173-Y,pausch_et_al_2018,Florida Keys,Restoration fragment,1,1.09315068493151,0,0,0,4,1
pausch_et_al_2018::ND2-174-B,pausch_et_al_2018,Florida Keys,Restoration fragment,1,1.02827564571787,1,0,0,4,1
pausch_et_al_2018::ND2-174-P,pausch_et_al_2018,Florida Keys,Restoration fragment,1,1.09315068493151,0,0,0,4,1
pausch_et_al_2018::ND2-174-W,pausch_et_al_2018,Florida Keys,Restoration fragment,1,1.09315068493151,0,0,0,4,1
pausch_et_al_2018::ND2-174-Y,pausch_et_al_2018,Florida Keys,Restoration fragment,1,1.09315068493151,0,0,0,4,1
pausch_et_al_2018::ND2-175-B,pausch_et_al_2018,Florida Keys,Restoration fragment,1,1.02827564571787,1,0,0,4,1
pausch_et_al_2018::ND2-175-P,pausch_et_al_2018,Florida Keys,Restoration fragment,1,1.09315068493151,0,0,0,4,1
pausch_et_al_2018::ND2-175-W,pausch_et_al_2018,Florida Keys,Restoration fragment,1,1.09315068493151,0,0,0,4,1
pausch_et_al_2018::ND2-175-Y,pausch_et_al_2018,Florida Keys,Restoration fragment,1,1.02827564571787,1,0,0,4,1
pausch_et_al_2018::ND2-176-B,pausch_et_al_2018,Florida Keys,Restoration fragment,1,1.02827564571787,1,0,0,4,1
pausch_et_al_2018::ND2-176-P,pausch_et_al_2018,Florida Keys,Restoration fragment,1,1.09315068493151,0,0,0,4,1
pausch_et_al_2018::ND2-176-W,pausch_et_al_2018,Florida Keys,Restoration fragment,1,1.09315068493151,0,0,0,4,1
pausch_et_al_2018::ND2-176-Y,pausch_et_al_2018,Florida Keys,Restoration fragment,1,1.09315068493151,0,0,0,4,1
pausch_et_al_2018::ND2-177-B,pausch_et_al_2018,Florida Keys,Restoration fragment,1,1.02827564571787,1,0,0,4,1
pausch_et_al_2018::ND2-177-P,pausch_et_al_2018,Florida Keys,Restoration fragment,1,1.09315068493151,0,0,0,4,1
pausch_et_al_2018::ND2-177-W,pausch_et_al_2018,Florida Keys,Restoration fragment,1,1.09315068493151,0,0,0,4,1
pausch_et_al_2018::ND2-177-Y,pausch_et_al_2018,Florida Keys,Restoration fragment,1,1.09315068493151,0,0,0,4,1
pausch_et_al_2018::ND2-178-B,pausch_et_al_2018,Florida Keys,Restoration fragment,1,1.09315068493151,0,0,0,4,1
pausch_et_al_2018::ND2-178-P,pausch_et_al_2018,Florida Keys,Restoration fragment,1,1.09315068493151,0,0,0,4,1
pausch_et_al_2018::ND2-178-W,pausch_et_al_2018,Florida Keys,Restoration fragment,1,1.09315068493151,0,0,0,4,1
pausch_et_al_2018::ND2-178-Y,pausch_et_al_2018,Florida Keys,Restoration fragment,1,1.09315068493151,0,0,0,4,1
pausch_et_al_2018::ND2-179-B,pausch_et_al_2018,Florida Keys,Restoration fragment,1,1.02827564571787,1,0,0,4,1
pausch_et_al_2018::ND2-179-P,pausch_et_al_2018,Florida Keys,Restoration fragment,1,1.09315068493151,0,0,0,4,1
pausch_et_al_2018::ND2-179-W,pausch_et_al_2018,Florida Keys,Restoration fragment,1,1.09315068493151,0,0,0,4,1
pausch_et_al_2018::ND2-179-Y,pausch_et_al_2018,Florida Keys,Restoration fragment,1,1.09315068493151,0,0,0,4,1
pausch_et_al_2018::ND2-180-B,pausch_et_al_2018,Florida Keys,Restoration fragment,1,1.02827564571787,1,0,0,4,1
pausch_et_al_2018::ND2-180-P,pausch_et_al_2018,Florida Keys,Restoration fragment,1,1.09315068493151,0,0,0,4,1
pausch_et_al_2018::ND2-180-W,pausch_et_al_2018,Florida Keys,Restoration fragment,1,1.02827564571787,1,0,0,4,1
pausch_et_al_2018::ND2-180-Y,pausch_et_al_2018,Florida Keys,Restoration fragment,1,1.09315068493151,0,0,0,4,1
pausch_et_al_2018::ND3-181-B,pausch_et_al_2018,Florida Keys,Restoration fragment,1,1.09315068493151,0,1,1,4,1
pausch_et_al_2018::ND3-181-P,pausch_et_al_2018,Florida Keys,Restoration fragment,1,1.09315068493151,0,0,0,4,1
pausch_et_al_2018::ND3-181-W,pausch_et_al_2018,Florida Keys,Restoration fragment,1,1.09315068493151,0,0,0,4,1
pausch_et_al_2018::ND3-181-Y,pausch_et_al_2018,Florida Keys,Restoration fragment,1,1.09315068493151,0,0,0,4,1
pausch_et_al_2018::ND3-182-B,pausch_et_al_2018,Florida Keys,Restoration fragment,1,1.02827564571787,1,0,0,4,1
pausch_et_al_2018::ND3-182-P,pausch_et_al_2018,Florida Keys,Restoration fragment,1,1.02827564571787,1,0,0,4,1
pausch_et_al_2018::ND3-182-W,pausch_et_al_2018,Florida Keys,Restoration fragment,1,1.09315068493151,0,0,0,4,1
pausch_et_al_2018::ND3-182-Y,pausch_et_al_2018,Florida Keys,Restoration fragment,1,1.09315068493151,0,0,0,4,1
pausch_et_al_2018::ND3-183-B,pausch_et_al_2018,Florida Keys,Restoration fragment,1,1.02827564571787,1,0,0,4,1
pausch_et_al_2018::ND3-183-P,pausch_et_al_2018,Florida Keys,Restoration fragment,1,1.09315068493151,0,0,0,4,1
pausch_et_al_2018::ND3-183-W,pausch_et_al_2018,Florida Keys,Restoration fragment,1,1.09315068493151,0,0,0,4,1
pausch_et_al_2018::ND3-183-Y,pausch_et_al_2018,Florida Keys,Restoration fragment,1,1.09315068493151,0,0,0,4,1
pausch_et_al_2018::ND3-184-B,pausch_et_al_2018,Florida Keys,Restoration fragment,1,1.02827564571787,1,0,0,4,1
pausch_et_al_2018::ND3-184-P,pausch_et_al_2018,Florida Keys,Restoration fragment,1,1.09315068493151,0,0,0,4,1
pausch_et_al_2018::ND3-184-W,pausch_et_al_2018,Florida Keys,Restoration fragment,1,1.09315068493151,0,0,0,4,1
pausch_et_al_2018::ND3-184-Y,pausch_et_al_2018,Florida Keys,Restoration fragment,1,1.09315068493151,0,0,0,4,1
pausch_et_al_2018::ND3-185-B,pausch_et_al_2018,Florida Keys,Restoration fragment,1,1.02827564571787,1,0,0,4,1
pausch_et_al_2018::ND3-185-P,pausch_et_al_2018,Florida Keys,Restoration fragment,1,1.09315068493151,0,0,0,4,1
pausch_et_al_2018::ND3-185-W,pausch_et_al_2018,Florida Keys,Restoration fragment,1,1.09315068493151,0,0,0,4,1
pausch_et_al_2018::ND3-185-Y,pausch_et_al_2018,Florida Keys,Restoration fragment,1,1.02827564571787,1,0,0,4,1
pausch_et_al_2018::ND3-186-B,pausch_et_al_2018,Florida Keys,Restoration fragment,1,1.02827564571787,1,0,0,4,1
pausch_et_al_2018::ND3-186-P,pausch_et_al_2018,Florida Keys,Restoration fragment,1,1.09315068493151,0,0,0,4,1
pausch_et_al_2018::ND3-186-W,pausch_et_al_2018,Florida Keys,Restoration fragment,1,1.09315068493151,0,0,0,4,1
pausch_et_al_2018::ND3-186-Y,pausch_et_al_2018,Florida Keys,Restoration fragment,1,1.09315068493151,0,1,1,4,1
pausch_et_al_2018::ND3-187-B,pausch_et_al_2018,Florida Keys,Restoration fragment,1,1.02827564571787,1,0,0,4,1
pausch_et_al_2018::ND3-187-P,pausch_et_al_2018,Florida Keys,Restoration fragment,1,1.09315068493151,0,0,0,4,1
pausch_et_al_2018::ND3-187-W,pausch_et_al_2018,Florida Keys,Restoration fragment,1,1.09315068493151,0,0,0,4,1
pausch_et_al_2018::ND3-187-Y,pausch_et_al_2018,Florida Keys,Restoration fragment,1,1.09315068493151,0,0,0,4,1
pausch_et_al_2018::ND3-188-B,pausch_et_al_2018,Florida Keys,Restoration fragment,1,1.02827564571787,1,0,0,4,1
pausch_et_al_2018::ND3-188-P,pausch_et_al_2018,Florida Keys,Restoration fragment,1,1.09315068493151,0,0,0,4,1
pausch_et_al_2018::ND3-188-W,pausch_et_al_2018,Florida Keys,Restoration fragment,1,1.09315068493151,0,0,0,4,1
pausch_et_al_2018::ND3-188-Y,pausch_et_al_2018,Florida Keys,Restoration fragment,1,1.09315068493151,0,0,0,4,1
pausch_et_al_2018::ND3-189-B,pausch_et_al_2018,Florida Keys,Restoration fragment,1,1.02827564571787,1,0,0,4,1
pausch_et_al_2018::ND3-189-P,pausch_et_al_2018,Florida Keys,Restoration fragment,1,1.09315068493151,0,0,0,4,1
pausch_et_al_2018::ND3-189-W,pausch_et_al_2018,Florida Keys,Restoration fragment,1,1.09315068493151,0,0,0,4,1
pausch_et_al_2018::ND3-189-Y,pausch_et_al_2018,Florida Keys,Restoration fragment,1,1.09315068493151,0,0,0,4,1
pausch_et_al_2018::ND3-190-B,pausch_et_al_2018,Florida Keys,Restoration fragment,1,1.02827564571787,1,0,0,4,1
pausch_et_al_2018::ND3-190-P,pausch_et_al_2018,Florida Keys,Restoration fragment,1,1.09315068493151,0,0,0,4,1
pausch_et_al_2018::ND3-190-W,pausch_et_al_2018,Florida Keys,Restoration fragment,1,1.09315068493151,0,1,1,4,1
pausch_et_al_2018::ND3-190-Y,pausch_et_al_2018,Florida Keys,Restoration fragment,1,1.09315068493151,0,0,0,4,1
pausch_et_al_2018::PI1-201-L,pausch_et_al_2018,Florida Keys,Restoration fragment,1,1.02827564571787,1,0,0,3,0
pausch_et_al_2018::PI1-201-S,pausch_et_al_2018,Florida Keys,Restoration fragment,1,1.02827564571787,1,0,0,3,0
pausch_et_al_2018::PI1-202-L,pausch_et_al_2018,Florida Keys,Restoration fragment,1,1.02827564571787,1,0,0,3,0
pausch_et_al_2018::PI1-202-S,pausch_et_al_2018,Florida Keys,Restoration fragment,1,1.04383561643836,0,1,1,3,0
pausch_et_al_2018::PI1-203-L,pausch_et_al_2018,Florida Keys,Restoration fragment,1,1.02827564571787,1,0,0,3,0
pausch_et_al_2018::PI1-203-S,pausch_et_al_2018,Florida Keys,Restoration fragment,1,1.02827564571787,1,0,0,3,0
pausch_et_al_2018::PI1-204-L,pausch_et_al_2018,Florida Keys,Restoration fragment,1,1.02827564571787,1,0,0,3,0
pausch_et_al_2018::PI1-204-S,pausch_et_al_2018,Florida Keys,Restoration fragment,1,1.02827564571787,1,0,0,3,0
pausch_et_al_2018::PI1-205-L,pausch_et_al_2018,Florida Keys,Restoration fragment,1,1.02827564571787,1,0,0,3,0
pausch_et_al_2018::PI1-205-S,pausch_et_al_2018,Florida Keys,Restoration fragment,1,1.02827564571787,1,0,0,3,0
pausch_et_al_2018::PI1-206-L,pausch_et_al_2018,Florida Keys,Restoration fragment,1,1.02827564571787,1,0,0,3,0
pausch_et_al_2018::PI1-206-S,pausch_et_al_2018,Florida Keys,Restoration fragment,1,1.02827564571787,1,0,0,3,0
pausch_et_al_2018::PI1-207-L,pausch_et_al_2018,Florida Keys,Restoration fragment,1,1.04383561643836,0,1,1,3,0
pausch_et_al_2018::PI1-207-S,pausch_et_al_2018,Florida Keys,Restoration fragment,1,1.04383561643836,0,1,1,3,0
pausch_et_al_2018::PI1-208-L,pausch_et_al_2018,Florida Keys,Restoration fragment,1,1.04383561643836,0,1,1,3,0
pausch_et_al_2018::PI1-208-S,pausch_et_al_2018,Florida Keys,Restoration fragment,1,1.04383561643836,0,1,1,3,0
pausch_et_al_2018::PI1-209-L,pausch_et_al_2018,Florida Keys,Restoration fragment,1,1.02827564571787,1,0,0,3,0
pausch_et_al_2018::PI1-209-S,pausch_et_al_2018,Florida Keys,Restoration fragment,1,1.02827564571787,1,0,0,3,0
pausch_et_al_2018::PI1-210-L,pausch_et_al_2018,Florida Keys,Restoration fragment,1,1.04383561643836,0,1,1,3,0
pausch_et_al_2018::PI1-210-S,pausch_et_al_2018,Florida Keys,Restoration fragment,1,1.04383561643836,0,1,1,3,0
pausch_et_al_2018::PI1-211-L,pausch_et_al_2018,Florida Keys,Restoration fragment,1,1.04383561643836,0,1,1,3,0
pausch_et_al_2018::PI1-211-S,pausch_et_al_2018,Florida Keys,Restoration fragment,1,1.02827564571787,1,0,0,3,0
pausch_et_al_2018::PI1-212-L,pausch_et_al_2018,Florida Keys,Restoration fragment,1,1.02827564571787,1,0,0,3,0
pausch_et_al_2018::PI1-212-S,pausch_et_al_2018,Florida Keys,Restoration fragment,1,1.04383561643836,0,1,1,3,0
pausch_et_al_2018::PI1-213-L,pausch_et_al_2018,Florida Keys,Restoration fragment,1,1.02827564571787,1,0,0,3,0
pausch_et_al_2018::PI1-213-S,pausch_et_al_2018,Florida Keys,Restoration fragment,1,1.04383561643836,0,1,1,3,0
pausch_et_al_2018::PI1-214-L,pausch_et_al_2018,Florida Keys,Restoration fragment,1,1.04383561643836,0,0,0,3,0
pausch_et_al_2018::PI1-214-S,pausch_et_al_2018,Florida Keys,Restoration fragment,1,1.04383561643836,0,1,1,3,0
pausch_et_al_2018::PI2-215-L,pausch_et_al_2018,Florida Keys,Restoration fragment,1,1.02827564571787,1,0,0,3,0
pausch_et_al_2018::PI2-215-S,pausch_et_al_2018,Florida Keys,Restoration fragment,1,1.02827564571787,1,0,0,3,0
pausch_et_al_2018::PI2-216-L,pausch_et_al_2018,Florida Keys,Restoration fragment,1,1.04657534246575,0,1,1,3,0
pausch_et_al_2018::PI2-216-S,pausch_et_al_2018,Florida Keys,Restoration fragment,1,1.04657534246575,0,0,0,3,0
pausch_et_al_2018::PI2-217-L,pausch_et_al_2018,Florida Keys,Restoration fragment,1,1.02827564571787,1,0,0,3,0
pausch_et_al_2018::PI2-217-S,pausch_et_al_2018,Florida Keys,Restoration fragment,1,1.02827564571787,1,0,0,3,0
pausch_et_al_2018::PI2-218-L,pausch_et_al_2018,Florida Keys,Restoration fragment,1,1.04657534246575,0,0,0,3,0
pausch_et_al_2018::PI2-218-S,pausch_et_al_2018,Florida Keys,Restoration fragment,1,1.04657534246575,0,1,1,3,0
pausch_et_al_2018::PI2-219-L,pausch_et_al_2018,Florida Keys,Restoration fragment,1,1.02827564571787,1,0,0,3,0
pausch_et_al_2018::PI2-219-S,pausch_et_al_2018,Florida Keys,Restoration fragment,1,1.02827564571787,1,0,0,3,0
pausch_et_al_2018::PI2-220-L,pausch_et_al_2018,Florida Keys,Restoration fragment,1,1.02827564571787,1,0,0,3,0
pausch_et_al_2018::PI2-220-S,pausch_et_al_2018,Florida Keys,Restoration fragment,1,1.02827564571787,1,0,0,3,0
pausch_et_al_2018::PI2-221-L,pausch_et_al_2018,Florida Keys,Restoration fragment,1,1.04657534246575,0,1,1,3,0
pausch_et_al_2018::PI2-221-S,pausch_et_al_2018,Florida Keys,Restoration fragment,1,1.02827564571787,1,0,0,3,0
pausch_et_al_2018::PI2-222-L,pausch_et_al_2018,Florida Keys,Restoration fragment,1,1.02827564571787,1,0,0,3,0
pausch_et_al_2018::PI2-222-S,pausch_et_al_2018,Florida Keys,Restoration fragment,1,1.02827564571787,1,0,0,3,0
pausch_et_al_2018::PI2-223-L,pausch_et_al_2018,Florida Keys,Restoration fragment,1,1.04657534246575,0,0,0,3,0
pausch_et_al_2018::PI2-223-S,pausch_et_al_2018,Florida Keys,Restoration fragment,1,1.02827564571787,1,0,0,3,0
pausch_et_al_2018::PI2-224-L,pausch_et_al_2018,Florida Keys,Restoration fragment,1,1.02827564571787,1,0,0,3,0
pausch_et_al_2018::PI2-224-S,pausch_et_al_2018,Florida Keys,Restoration fragment,1,1.04657534246575,0,0,0,3,0
pausch_et_al_2018::PI2-225-L,pausch_et_al_2018,Florida Keys,Restoration fragment,1,1.02827564571787,1,0,0,3,0
pausch_et_al_2018::PI2-225-S,pausch_et_al_2018,Florida Keys,Restoration fragment,1,1.02827564571787,1,0,0,3,0
pausch_et_al_2018::PI2-226-L,pausch_et_al_2018,Florida Keys,Restoration fragment,1,1.02827564571787,1,0,0,3,0
pausch_et_al_2018::PI2-226-S,pausch_et_al_2018,Florida Keys,Restoration fragment,1,1.02827564571787,1,0,0,3,0
pausch_et_al_2018::PI2-227-L,pausch_et_al_2018,Florida Keys,Restoration fragment,1,1.04657534246575,0,1,1,3,0
pausch_et_al_2018::PI2-227-S,pausch_et_al_2018,Florida Keys,Restoration fragment,1,1.04657534246575,0,1,1,3,0
pausch_et_al_2018::PI2-228-L,pausch_et_al_2018,Florida Keys,Restoration fragment,1,1.02827564571787,1,0,0,3,0
pausch_et_al_2018::PI2-228-S,pausch_et_al_2018,Florida Keys,Restoration fragment,1,1.02827564571787,1,0,0,3,0
pausch_et_al_2018::PI3-163-L,pausch_et_al_2018,Florida Keys,Restoration fragment,1,1.04931506849315,0,1,1,3,0
pausch_et_al_2018::PI3-163-S,pausch_et_al_2018,Florida Keys,Restoration fragment,1,1.02827564571787,1,0,0,3,0
pausch_et_al_2018::PI3-164-L,pausch_et_al_2018,Florida Keys,Restoration fragment,1,1.04931506849315,0,0,0,3,0
pausch_et_al_2018::PI3-164-S,pausch_et_al_2018,Florida Keys,Restoration fragment,1,1.02827564571787,1,0,0,3,0
pausch_et_al_2018::PI3-229-L,pausch_et_al_2018,Florida Keys,Restoration fragment,1,1.02827564571787,1,0,0,3,0
pausch_et_al_2018::PI3-229-S,pausch_et_al_2018,Florida Keys,Restoration fragment,1,1.02827564571787,1,0,0,3,0
pausch_et_al_2018::PI3-230-L,pausch_et_al_2018,Florida Keys,Restoration fragment,1,1.04931506849315,0,1,1,3,0
pausch_et_al_2018::PI3-231-L,pausch_et_al_2018,Florida Keys,Restoration fragment,1,1.02827564571787,1,0,0,3,0
pausch_et_al_2018::PI3-231-S,pausch_et_al_2018,Florida Keys,Restoration fragment,1,1.02827564571787,1,0,0,3,0
pausch_et_al_2018::PI3-232-L,pausch_et_al_2018,Florida Keys,Restoration fragment,1,1.04931506849315,0,1,1,3,0
pausch_et_al_2018::PI3-232-S,pausch_et_al_2018,Florida Keys,Restoration fragment,1,1.02827564571787,1,0,0,3,0
pausch_et_al_2018::PI3-233-L,pausch_et_al_2018,Florida Keys,Restoration fragment,1,1.04931506849315,0,0,0,3,0
pausch_et_al_2018::PI3-233-S,pausch_et_al_2018,Florida Keys,Restoration fragment,1,1.04931506849315,0,1,1,3,0
pausch_et_al_2018::PI3-234-L,pausch_et_al_2018,Florida Keys,Restoration fragment,1,1.04931506849315,0,0,0,3,0
pausch_et_al_2018::PI3-234-S,pausch_et_al_2018,Florida Keys,Restoration fragment,1,1.02827564571787,1,0,0,3,0
pausch_et_al_2018::PI3-235-L,pausch_et_al_2018,Florida Keys,Restoration fragment,1,1.04931506849315,0,0,0,3,0
pausch_et_al_2018::PI3-235-S,pausch_et_al_2018,Florida Keys,Restoration fragment,1,1.04931506849315,0,0,0,3,0
pausch_et_al_2018::PI3-236-L,pausch_et_al_2018,Florida Keys,Restoration fragment,1,1.04931506849315,0,0,0,3,0
pausch_et_al_2018::PI3-236-S,pausch_et_al_2018,Florida Keys,Restoration fragment,1,1.04931506849315,0,0,0,3,0
pausch_et_al_2018::PI3-237-L,pausch_et_al_2018,Florida Keys,Restoration fragment,1,1.02827564571787,1,0,0,3,0
pausch_et_al_2018::PI3-237-S,pausch_et_al_2018,Florida Keys,Restoration fragment,1,1.04931506849315,0,0,0,3,0
pausch_et_al_2018::PI3-238-L,pausch_et_al_2018,Florida Keys,Restoration fragment,1,1.04931506849315,0,1,1,3,0
pausch_et_al_2018::PI3-238-S,pausch_et_al_2018,Florida Keys,Restoration fragment,1,1.04931506849315,0,0,0,3,0
pausch_et_al_2018::PI3-239-L,pausch_et_al_2018,Florida Keys,Restoration fragment,1,1.04931506849315,0,1,1,3,0
pausch_et_al_2018::PI3-239-S,pausch_et_al_2018,Florida Keys,Restoration fragment,1,1.04931506849315,0,0,0,3,0
pausch_et_al_2018::PI3-240-L,pausch_et_al_2018,Florida Keys,Restoration fragment,1,1.02827564571787,1,0,0,3,0
pausch_et_al_2018::PI3-240-S,pausch_et_al_2018,Florida Keys,Restoration fragment,1,1.02827564571787,1,0,0,3,0
pausch_et_al_2018::PI4-101-B,pausch_et_al_2018,Florida Keys,Restoration fragment,1,1.0958904109589,0,1,1,4,1
pausch_et_al_2018::PI4-101-P,pausch_et_al_2018,Florida Keys,Restoration fragment,1,1.0958904109589,0,0,0,4,1
pausch_et_al_2018::PI4-101-W,pausch_et_al_2018,Florida Keys,Restoration fragment,1,1.0958904109589,0,0,0,4,1
pausch_et_al_2018::PI4-101-Y,pausch_et_al_2018,Florida Keys,Restoration fragment,1,1.0958904109589,0,0,0,4,1
pausch_et_al_2018::PI4-102-B,pausch_et_al_2018,Florida Keys,Restoration fragment,1,1.0958904109589,0,0,0,4,1
pausch_et_al_2018::PI4-102-P,pausch_et_al_2018,Florida Keys,Restoration fragment,1,1.02827564571787,1,0,0,4,1
pausch_et_al_2018::PI4-102-W,pausch_et_al_2018,Florida Keys,Restoration fragment,1,1.0958904109589,0,0,0,4,1
pausch_et_al_2018::PI4-102-Y,pausch_et_al_2018,Florida Keys,Restoration fragment,1,1.02827564571787,1,0,0,4,1
pausch_et_al_2018::PI4-103-B,pausch_et_al_2018,Florida Keys,Restoration fragment,1,1.0958904109589,0,1,1,4,1
pausch_et_al_2018::PI4-103-P,pausch_et_al_2018,Florida Keys,Restoration fragment,1,1.0958904109589,0,0,0,4,1
pausch_et_al_2018::PI4-103-W,pausch_et_al_2018,Florida Keys,Restoration fragment,1,1.0958904109589,0,1,1,4,1
pausch_et_al_2018::PI4-103-Y,pausch_et_al_2018,Florida Keys,Restoration fragment,1,1.02827564571787,1,0,0,4,1
pausch_et_al_2018::PI4-104-B,pausch_et_al_2018,Florida Keys,Restoration fragment,1,1.02827564571787,1,0,0,4,1
pausch_et_al_2018::PI4-104-P,pausch_et_al_2018,Florida Keys,Restoration fragment,1,1.0958904109589,0,0,0,4,1
pausch_et_al_2018::PI4-104-W,pausch_et_al_2018,Florida Keys,Restoration fragment,1,1.0958904109589,0,0,0,4,1
pausch_et_al_2018::PI4-104-Y,pausch_et_al_2018,Florida Keys,Restoration fragment,1,1.0958904109589,0,0,0,4,1
pausch_et_al_2018::PI4-105-B,pausch_et_al_2018,Florida Keys,Restoration fragment,1,1.0958904109589,0,0,0,4,1
pausch_et_al_2018::PI4-105-P,pausch_et_al_2018,Florida Keys,Restoration fragment,1,1.0958904109589,0,0,0,4,1
pausch_et_al_2018::PI4-105-W,pausch_et_al_2018,Florida Keys,Restoration fragment,1,1.0958904109589,0,0,0,4,1
pausch_et_al_2018::PI4-105-Y,pausch_et_al_2018,Florida Keys,Restoration fragment,1,1.0958904109589,0,0,0,4,1
pausch_et_al_2018::PI4-106-B,pausch_et_al_2018,Florida Keys,Restoration fragment,1,1.0958904109589,0,0,0,4,1
pausch_et_al_2018::PI4-106-P,pausch_et_al_2018,Florida Keys,Restoration fragment,1,1.0958904109589,0,0,0,4,1
pausch_et_al_2018::PI4-106-W,pausch_et_al_2018,Florida Keys,Restoration fragment,1,1.0958904109589,0,0,0,4,1
pausch_et_al_2018::PI4-106-Y,pausch_et_al_2018,Florida Keys,Restoration fragment,1,1.0958904109589,0,0,0,4,1
pausch_et_al_2018::PI4-107-B,pausch_et_al_2018,Florida Keys,Restoration fragment,1,1.02827564571787,1,0,0,4,1
pausch_et_al_2018::PI4-107-P,pausch_et_al_2018,Florida Keys,Restoration fragment,1,1.02827564571787,1,0,0,4,1
pausch_et_al_2018::PI4-107-W,pausch_et_al_2018,Florida Keys,Restoration fragment,1,1.0958904109589,0,0,0,4,1
pausch_et_al_2018::PI4-107-Y,pausch_et_al_2018,Florida Keys,Restoration fragment,1,1.0958904109589,0,0,0,4,1
pausch_et_al_2018::PI4-108-B,pausch_et_al_2018,Florida Keys,Restoration fragment,1,1.0958904109589,0,0,0,4,1
pausch_et_al_2018::PI4-108-P,pausch_et_al_2018,Florida Keys,Restoration fragment,1,1.0958904109589,0,0,0,4,1
pausch_et_al_2018::PI4-108-W,pausch_et_al_2018,Florida Keys,Restoration fragment,1,1.0958904109589,0,1,1,4,1
pausch_et_al_2018::PI4-108-Y,pausch_et_al_2018,Florida Keys,Restoration fragment,1,1.0958904109589,0,0,0,4,1
pausch_et_al_2018::PI4-109-B,pausch_et_al_2018,Florida Keys,Restoration fragment,1,1.0958904109589,0,1,1,4,1
pausch_et_al_2018::PI4-109-P,pausch_et_al_2018,Florida Keys,Restoration fragment,1,1.0958904109589,0,1,1,4,1
pausch_et_al_2018::PI4-109-W,pausch_et_al_2018,Florida Keys,Restoration fragment,1,1.0958904109589,0,1,1,4,1
pausch_et_al_2018::PI4-109-Y,pausch_et_al_2018,Florida Keys,Restoration fragment,1,1.02827564571787,1,0,0,4,1
pausch_et_al_2018::PI4-110-B,pausch_et_al_2018,Florida Keys,Restoration fragment,1,1.02827564571787,1,0,0,4,1
pausch_et_al_2018::PI4-110-P,pausch_et_al_2018,Florida Keys,Restoration fragment,1,1.02827564571787,1,0,0,4,1
pausch_et_al_2018::PI4-110-W,pausch_et_al_2018,Florida Keys,Restoration fragment,1,1.02827564571787,1,0,0,4,1
pausch_et_al_2018::PI4-110-Y,pausch_et_al_2018,Florida Keys,Restoration fragment,1,1.0958904109589,0,1,1,4,1
pausch_et_al_2018::PI5-111-B,pausch_et_al_2018,Florida Keys,Restoration fragment,1,1.0958904109589,0,0,0,4,1
pausch_et_al_2018::PI5-111-P,pausch_et_al_2018,Florida Keys,Restoration fragment,1,1.0958904109589,0,0,0,4,1
pausch_et_al_2018::PI5-111-W,pausch_et_al_2018,Florida Keys,Restoration fragment,1,1.0958904109589,0,0,0,4,1
pausch_et_al_2018::PI5-111-Y,pausch_et_al_2018,Florida Keys,Restoration fragment,1,1.0958904109589,0,0,0,4,1
pausch_et_al_2018::PI5-112-B,pausch_et_al_2018,Florida Keys,Restoration fragment,1,1.02827564571787,1,0,0,4,1
pausch_et_al_2018::PI5-112-P,pausch_et_al_2018,Florida Keys,Restoration fragment,1,1.02827564571787,1,0,0,4,1
pausch_et_al_2018::PI5-112-W,pausch_et_al_2018,Florida Keys,Restoration fragment,1,1.0958904109589,0,0,0,4,1
pausch_et_al_2018::PI5-112-Y,pausch_et_al_2018,Florida Keys,Restoration fragment,1,1.0958904109589,0,1,1,4,1
pausch_et_al_2018::PI5-113-B,pausch_et_al_2018,Florida Keys,Restoration fragment,1,1.0958904109589,0,0,0,4,1
pausch_et_al_2018::PI5-113-P,pausch_et_al_2018,Florida Keys,Restoration fragment,1,1.0958904109589,0,0,0,4,1
pausch_et_al_2018::PI5-113-W,pausch_et_al_2018,Florida Keys,Restoration fragment,1,1.0958904109589,0,0,0,4,1
pausch_et_al_2018::PI5-113-Y,pausch_et_al_2018,Florida Keys,Restoration fragment,1,1.0958904109589,0,0,0,4,1
pausch_et_al_2018::PI5-114-B,pausch_et_al_2018,Florida Keys,Restoration fragment,1,1.02827564571787,1,0,0,4,1
pausch_et_al_2018::PI5-114-P,pausch_et_al_2018,Florida Keys,Restoration fragment,1,1.0958904109589,0,1,1,4,1
pausch_et_al_2018::PI5-114-W,pausch_et_al_2018,Florida Keys,Restoration fragment,1,1.0958904109589,0,0,0,4,1
pausch_et_al_2018::PI5-114-Y,pausch_et_al_2018,Florida Keys,Restoration fragment,1,1.0958904109589,0,0,0,4,1
pausch_et_al_2018::PI5-115-B,pausch_et_al_2018,Florida Keys,Restoration fragment,1,1.0958904109589,0,1,1,4,1
pausch_et_al_2018::PI5-115-P,pausch_et_al_2018,Florida Keys,Restoration fragment,1,1.0958904109589,0,0,0,4,1
pausch_et_al_2018::PI5-115-W,pausch_et_al_2018,Florida Keys,Restoration fragment,1,1.0958904109589,0,1,1,4,1
pausch_et_al_2018::PI5-115-Y,pausch_et_al_2018,Florida Keys,Restoration fragment,1,1.0958904109589,0,1,1,4,1
pausch_et_al_2018::PI5-116-B,pausch_et_al_2018,Florida Keys,Restoration fragment,1,1.0958904109589,0,0,0,4,1
pausch_et_al_2018::PI5-116-P,pausch_et_al_2018,Florida Keys,Restoration fragment,1,1.0958904109589,0,0,0,4,1
pausch_et_al_2018::PI5-116-W,pausch_et_al_2018,Florida Keys,Restoration fragment,1,1.0958904109589,0,0,0,4,1
pausch_et_al_2018::PI5-116-Y,pausch_et_al_2018,Florida Keys,Restoration fragment,1,1.0958904109589,0,0,0,4,1
pausch_et_al_2018::PI5-117-B,pausch_et_al_2018,Florida Keys,Restoration fragment,1,1.0958904109589,0,0,0,4,1
pausch_et_al_2018::PI5-117-P,pausch_et_al_2018,Florida Keys,Restoration fragment,1,1.0958904109589,0,1,1,4,1
pausch_et_al_2018::PI5-117-W,pausch_et_al_2018,Florida Keys,Restoration fragment,1,1.0958904109589,0,0,0,4,1
pausch_et_al_2018::PI5-117-Y,pausch_et_al_2018,Florida Keys,Restoration fragment,1,1.0958904109589,0,0,0,4,1
pausch_et_al_2018::PI5-118-B,pausch_et_al_2018,Florida Keys,Restoration fragment,1,1.0958904109589,0,0,0,4,1
pausch_et_al_2018::PI5-118-P,pausch_et_al_2018,Florida Keys,Restoration fragment,1,1.0958904109589,0,0,0,4,1
pausch_et_al_2018::PI5-118-W,pausch_et_al_2018,Florida Keys,Restoration fragment,1,1.0958904109589,0,0,0,4,1
pausch_et_al_2018::PI5-118-Y,pausch_et_al_2018,Florida Keys,Restoration fragment,1,1.0958904109589,0,0,0,4,1
pausch_et_al_2018::PI5-119-B,pausch_et_al_2018,Florida Keys,Restoration fragment,1,1.0958904109589,0,0,0,4,1
pausch_et_al_2018::PI5-119-P,pausch_et_al_2018,Florida Keys,Restoration fragment,1,1.0958904109589,0,0,0,4,1
pausch_et_al_2018::PI5-119-W,pausch_et_al_2018,Florida Keys,Restoration fragment,1,1.0958904109589,0,0,0,4,1
pausch_et_al_2018::PI5-119-Y,pausch_et_al_2018,Florida Keys,Restoration fragment,1,1.0958904109589,0,0,0,4,1
pausch_et_al_2018::PI5-120-B,pausch_et_al_2018,Florida Keys,Restoration fragment,1,1.0958904109589,0,0,0,4,1
pausch_et_al_2018::PI5-120-P,pausch_et_al_2018,Florida Keys,Restoration fragment,1,1.0958904109589,0,0,0,4,1
pausch_et_al_2018::PI5-120-W,pausch_et_al_2018,Florida Keys,Restoration fragment,1,1.0958904109589,0,0,0,4,1
pausch_et_al_2018::PI5-120-Y,pausch_et_al_2018,Florida Keys,Restoration fragment,1,1.0958904109589,0,0,0,4,1
pausch_et_al_2018::PI6-121-B,pausch_et_al_2018,Florida Keys,Restoration fragment,1,1.0958904109589,0,1,1,4,1
pausch_et_al_2018::PI6-121-P,pausch_et_al_2018,Florida Keys,Restoration fragment,1,1.02827564571787,1,0,0,4,1
pausch_et_al_2018::PI6-121-W,pausch_et_al_2018,Florida Keys,Restoration fragment,1,1.0958904109589,0,0,0,4,1
pausch_et_al_2018::PI6-121-Y,pausch_et_al_2018,Florida Keys,Restoration fragment,1,1.0958904109589,0,0,0,4,1
pausch_et_al_2018::PI6-122-B,pausch_et_al_2018,Florida Keys,Restoration fragment,1,1.02827564571787,1,0,0,4,1
pausch_et_al_2018::PI6-122-P,pausch_et_al_2018,Florida Keys,Restoration fragment,1,1.0958904109589,0,0,0,4,1
pausch_et_al_2018::PI6-122-W,pausch_et_al_2018,Florida Keys,Restoration fragment,1,1.0958904109589,0,0,0,4,1
pausch_et_al_2018::PI6-122-Y,pausch_et_al_2018,Florida Keys,Restoration fragment,1,1.0958904109589,0,0,0,4,1
pausch_et_al_2018::PI6-123-B,pausch_et_al_2018,Florida Keys,Restoration fragment,1,1.02827564571787,1,0,0,4,1
pausch_et_al_2018::PI6-123-P,pausch_et_al_2018,Florida Keys,Restoration fragment,1,1.0958904109589,0,0,0,4,1
pausch_et_al_2018::PI6-123-W,pausch_et_al_2018,Florida Keys,Restoration fragment,1,1.0958904109589,0,0,0,4,1
pausch_et_al_2018::PI6-123-Y,pausch_et_al_2018,Florida Keys,Restoration fragment,1,1.0958904109589,0,0,0,4,1
pausch_et_al_2018::PI6-124-B,pausch_et_al_2018,Florida Keys,Restoration fragment,1,1.02827564571787,1,0,0,4,1
pausch_et_al_2018::PI6-124-P,pausch_et_al_2018,Florida Keys,Restoration fragment,1,1.0958904109589,0,0,0,4,1
pausch_et_al_2018::PI6-124-W,pausch_et_al_2018,Florida Keys,Restoration fragment,1,1.0958904109589,0,0,0,4,1
pausch_et_al_2018::PI6-124-Y,pausch_et_al_2018,Florida Keys,Restoration fragment,1,1.0958904109589,0,0,0,4,1
pausch_et_al_2018::PI6-125-B,pausch_et_al_2018,Florida Keys,Restoration fragment,1,1.02827564571787,1,0,0,4,1
pausch_et_al_2018::PI6-125-P,pausch_et_al_2018,Florida Keys,Restoration fragment,1,1.0958904109589,0,0,0,4,1
pausch_et_al_2018::PI6-125-W,pausch_et_al_2018,Florida Keys,Restoration fragment,1,1.0958904109589,0,0,0,4,1
pausch_et_al_2018::PI6-125-Y,pausch_et_al_2018,Florida Keys,Restoration fragment,1,1.0958904109589,0,0,0,4,1
pausch_et_al_2018::PI6-126-B,pausch_et_al_2018,Florida Keys,Restoration fragment,1,1.0958904109589,0,0,0,4,1
pausch_et_al_2018::PI6-126-P,pausch_et_al_2018,Florida Keys,Restoration fragment,1,1.0958904109589,0,0,0,4,1
pausch_et_al_2018::PI6-126-W,pausch_et_al_2018,Florida Keys,Restoration fragment,1,1.0958904109589,0,0,0,4,1
pausch_et_al_2018::PI6-126-Y,pausch_et_al_2018,Florida Keys,Restoration fragment,1,1.0958904109589,0,0,0,4,1
pausch_et_al_2018::PI6-127-B,pausch_et_al_2018,Florida Keys,Restoration fragment,1,1.0958904109589,0,1,1,4,1
pausch_et_al_2018::PI6-127-P,pausch_et_al_2018,Florida Keys,Restoration fragment,1,1.0958904109589,0,0,0,4,1
pausch_et_al_2018::PI6-127-W,pausch_et_al_2018,Florida Keys,Restoration fragment,1,1.0958904109589,0,0,0,4,1
pausch_et_al_2018::PI6-127-Y,pausch_et_al_2018,Florida Keys,Restoration fragment,1,1.0958904109589,0,0,0,4,1
pausch_et_al_2018::PI6-128-B,pausch_et_al_2018,Florida Keys,Restoration fragment,1,1.02827564571787,1,0,0,4,1
pausch_et_al_2018::PI6-128-P,pausch_et_al_2018,Florida Keys,Restoration fragment,1,1.0958904109589,0,0,0,4,1
pausch_et_al_2018::PI6-128-W,pausch_et_al_2018,Florida Keys,Restoration fragment,1,1.0958904109589,0,0,0,4,1
pausch_et_al_2018::PI6-128-Y,pausch_et_al_2018,Florida Keys,Restoration fragment,1,1.0958904109589,0,0,0,4,1
pausch_et_al_2018::PI6-129-B,pausch_et_al_2018,Florida Keys,Restoration fragment,1,1.0958904109589,0,1,1,4,1
pausch_et_al_2018::PI6-129-P,pausch_et_al_2018,Florida Keys,Restoration fragment,1,1.0958904109589,0,1,1,4,1
pausch_et_al_2018::PI6-129-W,pausch_et_al_2018,Florida Keys,Restoration fragment,1,1.0958904109589,0,0,0,4,1
pausch_et_al_2018::PI6-129-Y,pausch_et_al_2018,Florida Keys,Restoration fragment,1,1.0958904109589,0,0,0,4,1
pausch_et_al_2018::PI6-130-B,pausch_et_al_2018,Florida Keys,Restoration fragment,1,1.0958904109589,0,1,1,4,1
pausch_et_al_2018::PI6-130-P,pausch_et_al_2018,Florida Keys,Restoration fragment,1,1.0958904109589,0,1,1,4,1
pausch_et_al_2018::PI6-130-W,pausch_et_al_2018,Florida Keys,Restoration fragment,1,1.0958904109589,0,1,1,4,1
pausch_et_al_2018::PI6-130-Y,pausch_et_al_2018,Florida Keys,Restoration fragment,1,1.0958904109589,0,1,1,4,1
