region,location,plot,site_id,site_year,latitude,longitude,survey_year_num,n_survival,survival_rate,median_size_cm2,disturbance_state,population_type,n_growth,positive_growth_rate
Curacao,Blue Baai,BB1,Curacao.Blue Baai.BB1,Curacao.Blue Baai.BB1.2007,12.135109,-68.986818,2007,12,0.9166666666666666,4243.5,No curated disturbance,Natural colony,11,0.7272727272727273
Curacao,Blue Baai,BB1,Curacao.Blue Baai.BB1,Curacao.Blue Baai.BB1.2008,12.135109,-68.986818,2008,11,1,6765,No curated disturbance,Natural colony,10,0.6
Curacao,Blue Baai,BB1,Curacao.Blue Baai.BB1,Curacao.Blue Baai.BB1.2009,12.135109,-68.986818,2009,11,0.9090909090909091,6435,No curated disturbance,Natural colony,10,0.1
Curacao,Blue Baai,BB1,Curacao.Blue Baai.BB1,Curacao.Blue Baai.BB1.2010,12.135109,-68.986818,2010,10,1,1945,No curated disturbance,Natural colony,10,1
Curacao,Blue Baai,BB1,Curacao.Blue Baai.BB1,Curacao.Blue Baai.BB1.2011,12.135109,-68.986818,2011,12,0.9166666666666666,2207.475,Context-only pressure,Natural colony,11,0.5454545454545454
Curacao,Blue Baai,BB1,Curacao.Blue Baai.BB1,Curacao.Blue Baai.BB1.2012,12.135109,-68.986818,2012,12,0.9166666666666666,2192.6,Context-only pressure,Natural colony,11,0.7272727272727273
Curacao,Blue Baai,BB1,Curacao.Blue Baai.BB1,Curacao.Blue Baai.BB1.2013,12.135109,-68.986818,2013,11,1,3168,Context-only pressure,Natural colony,11,0.8181818181818182
Curacao,Blue Baai,BB1,Curacao.Blue Baai.BB1,Curacao.Blue Baai.BB1.2014,12.135109,-68.986818,2014,12,0.9166666666666666,3593.75,Context-only pressure,Natural colony,11,0.8181818181818182
Curacao,Blue Baai,BB1,Curacao.Blue Baai.BB1,Curacao.Blue Baai.BB1.2015,12.135109,-68.986818,2015,11,1,7114.8,Context-only pressure,Natural colony,11,0.8181818181818182
Curacao,Blue Baai,BB2,Curacao.Blue Baai.BB2,Curacao.Blue Baai.BB2.2007,12.135202,-68.987383,2007,14,1,3591.61,No curated disturbance,Natural colony,13,0.46153846153846156
Curacao,Blue Baai,BB2,Curacao.Blue Baai.BB2,Curacao.Blue Baai.BB2.2008,12.135202,-68.987383,2008,14,1,3668.875,No curated disturbance,Natural colony,14,0.5714285714285714
Curacao,Blue Baai,BB2,Curacao.Blue Baai.BB2,Curacao.Blue Baai.BB2.2009,12.135202,-68.987383,2009,14,0.42857142857142855,3495,No curated disturbance,Natural colony,6,0.16666666666666666
Curacao,Blue Baai,BB2,Curacao.Blue Baai.BB2,Curacao.Blue Baai.BB2.2010,12.135202,-68.987383,2010,6,1,1840,No curated disturbance,Natural colony,6,0.8333333333333334
Curacao,Blue Baai,BB2,Curacao.Blue Baai.BB2,Curacao.Blue Baai.BB2.2011,12.135202,-68.987383,2011,13,0.6923076923076923,976.5,Context-only pressure,Natural colony,9,0.4444444444444444
Curacao,Blue Baai,BB2,Curacao.Blue Baai.BB2,Curacao.Blue Baai.BB2.2012,12.135202,-68.987383,2012,14,1,863.125,Context-only pressure,Natural colony,14,0.42857142857142855
Curacao,Blue Baai,BB2,Curacao.Blue Baai.BB2,Curacao.Blue Baai.BB2.2013,12.135202,-68.987383,2013,14,0.9285714285714286,820.325,Context-only pressure,Natural colony,13,0.6153846153846154
Curacao,Blue Baai,BB2,Curacao.Blue Baai.BB2,Curacao.Blue Baai.BB2.2014,12.135202,-68.987383,2014,13,0.8461538461538461,1260,Context-only pressure,Natural colony,11,0.7272727272727273
Curacao,Blue Baai,BB2,Curacao.Blue Baai.BB2,Curacao.Blue Baai.BB2.2015,12.135202,-68.987383,2015,11,0.9090909090909091,2640,Context-only pressure,Natural colony,10,0.7
Curacao,Blue Baai,BB3,Curacao.Blue Baai.BB3,Curacao.Blue Baai.BB3.2007,12.135267,-68.987104,2007,10,0.9,2362.5,No curated disturbance,Natural colony,8,0.875
Curacao,Blue Baai,BB3,Curacao.Blue Baai.BB3,Curacao.Blue Baai.BB3.2008,12.135267,-68.987104,2008,9,0.7777777777777778,5567.8,No curated disturbance,Natural colony,7,0.8571428571428571
Curacao,Blue Baai,BB3,Curacao.Blue Baai.BB3,Curacao.Blue Baai.BB3.2009,12.135267,-68.987104,2009,7,0.7142857142857143,8250,No curated disturbance,Natural colony,5,0
Curacao,Blue Baai,BB3,Curacao.Blue Baai.BB3,Curacao.Blue Baai.BB3.2010,12.135267,-68.987104,2010,5,1,2880,No curated disturbance,Natural colony,5,0.4
Curacao,Blue Baai,BB3,Curacao.Blue Baai.BB3,Curacao.Blue Baai.BB3.2011,12.135267,-68.987104,2011,11,1,2160,Context-only pressure,Natural colony,11,0.36363636363636365
Curacao,Blue Baai,BB3,Curacao.Blue Baai.BB3,Curacao.Blue Baai.BB3.2012,12.135267,-68.987104,2012,11,0.9090909090909091,1440,Context-only pressure,Natural colony,10,0.5
Curacao,Blue Baai,BB3,Curacao.Blue Baai.BB3,Curacao.Blue Baai.BB3.2013,12.135267,-68.987104,2013,10,0.9,2271.2,Context-only pressure,Natural colony,9,0.4444444444444444
Curacao,Blue Baai,BB3,Curacao.Blue Baai.BB3,Curacao.Blue Baai.BB3.2014,12.135267,-68.987104,2014,9,1,2236,Context-only pressure,Natural colony,9,0.5555555555555556
Curacao,Blue Baai,BB3,Curacao.Blue Baai.BB3,Curacao.Blue Baai.BB3.2015,12.135267,-68.987104,2015,10,0.9,1805.15,Context-only pressure,Natural colony,9,0.5555555555555556
Curacao,Boca Santa Marta,SM1,Curacao.Boca Santa Marta.SM1,Curacao.Boca Santa Marta.SM1.2007,12.268331,-69.129461,2007,17,1,3580.2,No curated disturbance,Natural colony,17,0.8235294117647058
Curacao,Boca Santa Marta,SM1,Curacao.Boca Santa Marta.SM1,Curacao.Boca Santa Marta.SM1.2008,12.268331,-69.129461,2008,17,0.7058823529411765,5586,No curated disturbance,Natural colony,12,0.75
Curacao,Boca Santa Marta,SM1,Curacao.Boca Santa Marta.SM1,Curacao.Boca Santa Marta.SM1.2009,12.268331,-69.129461,2009,12,0.5,7507.5,No curated disturbance,Natural colony,6,0
Curacao,Boca Santa Marta,SM1,Curacao.Boca Santa Marta.SM1,Curacao.Boca Santa Marta.SM1.2010,12.268331,-69.129461,2010,6,1,4175,No curated disturbance,Natural colony,6,1
Curacao,Boca Santa Marta,SM1,Curacao.Boca Santa Marta.SM1,Curacao.Boca Santa Marta.SM1.2011,12.268331,-69.129461,2011,6,0.8333333333333334,6568.375,Context-only pressure,Natural colony,5,0.6
Curacao,Boca Santa Marta,SM1,Curacao.Boca Santa Marta.SM1,Curacao.Boca Santa Marta.SM1.2012,12.268331,-69.129461,2012,11,1,450,Context-only pressure,Natural colony,NA,NA
Curacao,Boca Santa Marta,SM2,Curacao.Boca Santa Marta.SM2,Curacao.Boca Santa Marta.SM2.2007,12.267807,-69.128565,2007,7,1,15675,No curated disturbance,Natural colony,7,0.7142857142857143
Curacao,Boca Santa Marta,SM2,Curacao.Boca Santa Marta.SM2,Curacao.Boca Santa Marta.SM2.2008,12.267807,-69.128565,2008,7,0.8571428571428571,17765,No curated disturbance,Natural colony,6,0.6666666666666666
Curacao,Boca Santa Marta,SM2,Curacao.Boca Santa Marta.SM2,Curacao.Boca Santa Marta.SM2.2009,12.267807,-69.128565,2009,6,0.16666666666666666,17530,No curated disturbance,Natural colony,1,0
Curacao,Boca Santa Marta,SM2,Curacao.Boca Santa Marta.SM2,Curacao.Boca Santa Marta.SM2.2010,12.267807,-69.128565,2010,1,1,8011.25,No curated disturbance,Natural colony,1,1
Curacao,Boca Santa Marta,SM2,Curacao.Boca Santa Marta.SM2,Curacao.Boca Santa Marta.SM2.2011,12.267807,-69.128565,2011,1,1,10524.5,Context-only pressure,Natural colony,1,0
Curacao,Boca Santa Marta,SM2,Curacao.Boca Santa Marta.SM2,Curacao.Boca Santa Marta.SM2.2012,12.267807,-69.128565,2012,3,1,2450,Context-only pressure,Natural colony,3,0
Curacao,Boca Santa Marta,SM2,Curacao.Boca Santa Marta.SM2,Curacao.Boca Santa Marta.SM2.2013,12.267807,-69.128565,2013,3,1,2100,Context-only pressure,Natural colony,2,0
Curacao,Boca Santa Marta,SM3,Curacao.Boca Santa Marta.SM3,Curacao.Boca Santa Marta.SM3.2007,12.266826,-69.127415,2007,15,0.9333333333333333,3420,No curated disturbance,Natural colony,14,0.7142857142857143
Curacao,Boca Santa Marta,SM3,Curacao.Boca Santa Marta.SM3,Curacao.Boca Santa Marta.SM3.2008,12.266826,-69.127415,2008,14,1,4191.15,No curated disturbance,Natural colony,14,0.42857142857142855
Curacao,Boca Santa Marta,SM3,Curacao.Boca Santa Marta.SM3,Curacao.Boca Santa Marta.SM3.2009,12.266826,-69.127415,2009,14,0,3451.5,No curated disturbance,Natural colony,NA,NA
Curacao,Sea Aquarium Reef,SQ1,Curacao.Sea Aquarium Reef.SQ1,Curacao.Sea Aquarium Reef.SQ1.2007,12.084208,-68.893882,2007,12,0.9166666666666666,4225.8,No curated disturbance,Natural colony,11,0.45454545454545453
Curacao,Sea Aquarium Reef,SQ1,Curacao.Sea Aquarium Reef.SQ1,Curacao.Sea Aquarium Reef.SQ1.2008,12.084208,-68.893882,2008,11,1,5414.5,No curated disturbance,Natural colony,11,0.45454545454545453
Curacao,Sea Aquarium Reef,SQ1,Curacao.Sea Aquarium Reef.SQ1,Curacao.Sea Aquarium Reef.SQ1.2009,12.084208,-68.893882,2009,11,1,4410,No curated disturbance,Natural colony,11,0.45454545454545453
Curacao,Sea Aquarium Reef,SQ1,Curacao.Sea Aquarium Reef.SQ1,Curacao.Sea Aquarium Reef.SQ1.2010,12.084208,-68.893882,2010,11,0.6363636363636364,4750,No curated disturbance,Natural colony,7,0.5714285714285714
Curacao,Sea Aquarium Reef,SQ1,Curacao.Sea Aquarium Reef.SQ1,Curacao.Sea Aquarium Reef.SQ1.2011,12.084208,-68.893882,2011,7,1,2091,Context-only pressure,Natural colony,7,0.42857142857142855
Curacao,Sea Aquarium Reef,SQ1,Curacao.Sea Aquarium Reef.SQ1,Curacao.Sea Aquarium Reef.SQ1.2012,12.084208,-68.893882,2012,13,0.6923076923076923,499.5,Context-only pressure,Natural colony,9,0.1111111111111111
Curacao,Sea Aquarium Reef,SQ1,Curacao.Sea Aquarium Reef.SQ1,Curacao.Sea Aquarium Reef.SQ1.2013,12.084208,-68.893882,2013,9,0.6666666666666666,730.8,Context-only pressure,Natural colony,6,0.16666666666666666
Curacao,Sea Aquarium Reef,SQ1,Curacao.Sea Aquarium Reef.SQ1,Curacao.Sea Aquarium Reef.SQ1.2014,12.084208,-68.893882,2014,12,0.9166666666666666,187.2,Context-only pressure,Natural colony,10,0.6
Curacao,Sea Aquarium Reef,SQ1,Curacao.Sea Aquarium Reef.SQ1,Curacao.Sea Aquarium Reef.SQ1.2015,12.084208,-68.893882,2015,11,0.36363636363636365,378,Context-only pressure,Natural colony,4,0.5
Curacao,Sea Aquarium Reef,SQ2,Curacao.Sea Aquarium Reef.SQ2,Curacao.Sea Aquarium Reef.SQ2.2007,12.083209,-68.895032,2007,12,0.9166666666666666,2115.9,No curated disturbance,Natural colony,11,0.7272727272727273
Curacao,Sea Aquarium Reef,SQ2,Curacao.Sea Aquarium Reef.SQ2,Curacao.Sea Aquarium Reef.SQ2.2008,12.083209,-68.895032,2008,11,0.8181818181818182,4275,No curated disturbance,Natural colony,9,0.6666666666666666
Curacao,Sea Aquarium Reef,SQ2,Curacao.Sea Aquarium Reef.SQ2,Curacao.Sea Aquarium Reef.SQ2.2009,12.083209,-68.895032,2009,9,0.6666666666666666,6720,No curated disturbance,Natural colony,6,0.6666666666666666
Curacao,Sea Aquarium Reef,SQ2,Curacao.Sea Aquarium Reef.SQ2,Curacao.Sea Aquarium Reef.SQ2.2010,12.083209,-68.895032,2010,6,0.6666666666666666,2837.6,No curated disturbance,Natural colony,4,1
Curacao,Sea Aquarium Reef,SQ2,Curacao.Sea Aquarium Reef.SQ2,Curacao.Sea Aquarium Reef.SQ2.2011,12.083209,-68.895032,2011,12,0.9166666666666666,2020,Context-only pressure,Natural colony,11,0.36363636363636365
Curacao,Sea Aquarium Reef,SQ2,Curacao.Sea Aquarium Reef.SQ2,Curacao.Sea Aquarium Reef.SQ2.2012,12.083209,-68.895032,2012,12,0.8333333333333334,2137.6000000000004,Context-only pressure,Natural colony,10,0.6
Curacao,Sea Aquarium Reef,SQ2,Curacao.Sea Aquarium Reef.SQ2,Curacao.Sea Aquarium Reef.SQ2.2013,12.083209,-68.895032,2013,10,0.9,1763.7,Context-only pressure,Natural colony,9,0.5555555555555556
Curacao,Sea Aquarium Reef,SQ2,Curacao.Sea Aquarium Reef.SQ2,Curacao.Sea Aquarium Reef.SQ2.2014,12.083209,-68.895032,2014,12,0.75,1230.6,Context-only pressure,Natural colony,9,0.8888888888888888
Curacao,Sea Aquarium Reef,SQ2,Curacao.Sea Aquarium Reef.SQ2,Curacao.Sea Aquarium Reef.SQ2.2015,12.083209,-68.895032,2015,9,0.7777777777777778,1278,Context-only pressure,Natural colony,6,0.5
Curacao,Sea Aquarium Reef,SQ3,Curacao.Sea Aquarium Reef.SQ3,Curacao.Sea Aquarium Reef.SQ3.2007,12.083075,-68.895931,2007,12,0.75,4826.5599999999995,No curated disturbance,Natural colony,9,0.8888888888888888
Curacao,Sea Aquarium Reef,SQ3,Curacao.Sea Aquarium Reef.SQ3,Curacao.Sea Aquarium Reef.SQ3.2008,12.083075,-68.895931,2008,9,1,9555,No curated disturbance,Natural colony,9,0.5555555555555556
Curacao,Sea Aquarium Reef,SQ3,Curacao.Sea Aquarium Reef.SQ3,Curacao.Sea Aquarium Reef.SQ3.2009,12.083075,-68.895931,2009,9,0.6666666666666666,9600,No curated disturbance,Natural colony,6,0.5
Curacao,Sea Aquarium Reef,SQ3,Curacao.Sea Aquarium Reef.SQ3,Curacao.Sea Aquarium Reef.SQ3.2010,12.083075,-68.895931,2010,6,1,4316.25,No curated disturbance,Natural colony,6,1
Curacao,Sea Aquarium Reef,SQ3,Curacao.Sea Aquarium Reef.SQ3,Curacao.Sea Aquarium Reef.SQ3.2011,12.083075,-68.895931,2011,11,0.7272727272727273,4080.3,Context-only pressure,Natural colony,8,0.375
Curacao,Sea Aquarium Reef,SQ3,Curacao.Sea Aquarium Reef.SQ3,Curacao.Sea Aquarium Reef.SQ3.2012,12.083075,-68.895931,2012,11,1,4927.6,Context-only pressure,Natural colony,11,0.45454545454545453
Curacao,Sea Aquarium Reef,SQ3,Curacao.Sea Aquarium Reef.SQ3,Curacao.Sea Aquarium Reef.SQ3.2013,12.083075,-68.895931,2013,11,0.7272727272727273,4224.5,Context-only pressure,Natural colony,8,0.375
Curacao,Sea Aquarium Reef,SQ3,Curacao.Sea Aquarium Reef.SQ3,Curacao.Sea Aquarium Reef.SQ3.2014,12.083075,-68.895931,2014,12,0.75,1672.55,Context-only pressure,Natural colony,9,0.3333333333333333
Curacao,Sea Aquarium Reef,SQ3,Curacao.Sea Aquarium Reef.SQ3,Curacao.Sea Aquarium Reef.SQ3.2015,12.083075,-68.895931,2015,9,0.6666666666666666,1740.8,Context-only pressure,Natural colony,6,0.16666666666666666
Curacao,Water Factory,WF1,Curacao.Water Factory.WF1,Curacao.Water Factory.WF1.2012,12.110441,-68.956475,2012,12,0.9166666666666666,427.2,Context-only pressure,Natural colony,11,0.9090909090909091
Curacao,Water Factory,WF1,Curacao.Water Factory.WF1,Curacao.Water Factory.WF1.2013,12.110441,-68.956475,2013,11,1,648,Context-only pressure,Natural colony,10,1
Curacao,Water Factory,WF1,Curacao.Water Factory.WF1,Curacao.Water Factory.WF1.2014,12.110441,-68.956475,2014,12,1,1027.35,Context-only pressure,Natural colony,10,1
Curacao,Water Factory,WF1,Curacao.Water Factory.WF1,Curacao.Water Factory.WF1.2015,12.110441,-68.956475,2015,12,0.75,1498.375,Context-only pressure,Natural colony,8,0.75
Curacao,Water Factory,WF2,Curacao.Water Factory.WF2,Curacao.Water Factory.WF2.2012,12.110385,-68.956205,2012,12,1,1049.15,Context-only pressure,Natural colony,12,0.8333333333333334
Curacao,Water Factory,WF2,Curacao.Water Factory.WF2,Curacao.Water Factory.WF2.2013,12.110385,-68.956205,2013,12,0.9166666666666666,1270,Context-only pressure,Natural colony,9,0.8888888888888888
Curacao,Water Factory,WF2,Curacao.Water Factory.WF2,Curacao.Water Factory.WF2.2014,12.110385,-68.956205,2014,12,1,2436,Context-only pressure,Natural colony,11,0.6363636363636364
Curacao,Water Factory,WF2,Curacao.Water Factory.WF2,Curacao.Water Factory.WF2.2015,12.110385,-68.956205,2015,12,0.9166666666666666,1837.125,Context-only pressure,Natural colony,9,1
Curacao,Water Factory,WF3,Curacao.Water Factory.WF3,Curacao.Water Factory.WF3.2012,12.109803,-68.955239,2012,12,0.75,662.5,Context-only pressure,Natural colony,7,0.8571428571428571
Curacao,Water Factory,WF3,Curacao.Water Factory.WF3,Curacao.Water Factory.WF3.2013,12.109803,-68.955239,2013,8,0.75,1348,Context-only pressure,Natural colony,5,1
Curacao,Water Factory,WF3,Curacao.Water Factory.WF3,Curacao.Water Factory.WF3.2014,12.109803,-68.955239,2014,12,1,1850.4,Context-only pressure,Natural colony,12,0.75
Curacao,Water Factory,WF3,Curacao.Water Factory.WF3,Curacao.Water Factory.WF3.2015,12.109803,-68.955239,2015,12,0.6666666666666666,2548.5,Context-only pressure,Natural colony,8,0.5
Dominican Republic,Sombrero Reef,NA,NA,NA,18.37072,-68.84651,2021,44,0.8636363636363636,18.7635,Acute baseline-exclusion,Restoration fragment,717,0.8437935843793585
Dry Tortugas,PLS,NA,NA,NA,24.69355,-82.7728,2019,12,1,19.5,Context-only pressure,Restoration fragment,717,0.8437935843793585
Dry Tortugas,PLW,NA,NA,NA,24.7028,-82.79883,2019,12,1,19.75,Context-only pressure,Restoration fragment,717,0.8437935843793585
Florida Keys,AAA,NA,NA,NA,25.1685,-80.26681,2016,40,0.475,50.25,Acute baseline-exclusion,Restoration fragment,717,0.8437935843793585
Florida Keys,AAA,NA,NA,NA,25.1686,-80.26677,2016,40,0.275,47,Acute baseline-exclusion,Restoration fragment,717,0.8437935843793585
Florida Keys,AAA,NA,NA,NA,25.16864,-80.26669,2016,40,0.525,46.125,Acute baseline-exclusion,Restoration fragment,717,0.8437935843793585
Florida Keys,Ball Buoy Reef,BB1,Florida Keys.Ball Buoy Reef.BB1,Florida Keys.Ball Buoy Reef.BB1.2011,25.31618,-80.18725,2011,18,0.8888888888888888,465.0661111111111,Context-only pressure,Natural colony,16,0.5625
Florida Keys,Ball Buoy Reef,BB1,Florida Keys.Ball Buoy Reef.BB1,Florida Keys.Ball Buoy Reef.BB1.2012,25.31618,-80.18725,2012,25,0.68,307.2,Context-only pressure,Natural colony,16,0.375
Florida Keys,Ball Buoy Reef,BB1,Florida Keys.Ball Buoy Reef.BB1,Florida Keys.Ball Buoy Reef.BB1.2013,25.31618,-80.18725,2013,21,0.8571428571428571,181.17444444444445,Context-only pressure,Natural colony,18,0.6666666666666666
Florida Keys,Ball Buoy Reef,BB1,Florida Keys.Ball Buoy Reef.BB1,Florida Keys.Ball Buoy Reef.BB1.2014,25.31618,-80.18725,2014,20,0.65,160.865,Context-only pressure,Natural colony,13,0.5384615384615384
Florida Keys,Ball Buoy Reef,BB2,Florida Keys.Ball Buoy Reef.BB2,Florida Keys.Ball Buoy Reef.BB2.2011,25.31618,-80.18725,2011,15,0.8666666666666667,858.8166666666667,Context-only pressure,Natural colony,13,0.3076923076923077
Florida Keys,Ball Buoy Reef,BB2,Florida Keys.Ball Buoy Reef.BB2,Florida Keys.Ball Buoy Reef.BB2.2012,25.31618,-80.18725,2012,16,0.6875,610.8777777777777,Context-only pressure,Natural colony,8,0.625
Florida Keys,Ball Buoy Reef,BB2,Florida Keys.Ball Buoy Reef.BB2,Florida Keys.Ball Buoy Reef.BB2.2013,25.31618,-80.18725,2013,11,0.7272727272727273,317.4,Context-only pressure,Natural colony,8,0.75
Florida Keys,Ball Buoy Reef,BB2,Florida Keys.Ball Buoy Reef.BB2,Florida Keys.Ball Buoy Reef.BB2.2014,25.31618,-80.18725,2014,12,0.5833333333333334,266.71166666666664,Context-only pressure,Natural colony,7,0.42857142857142855
Florida Keys,CRK,NA,NA,NA,24.90908,-80.52665,2019,10,0.9,15,Context-only pressure,Restoration fragment,717,0.8437935843793585
Florida Keys,Carysfort Reef,CF1,Florida Keys.Carysfort Reef.CF1,Florida Keys.Carysfort Reef.CF1.2005,25.22194,-80.21055,2005,14,0.9285714285714286,2835,Acute baseline-exclusion,Natural colony,13,0.3076923076923077
Florida Keys,Carysfort Reef,CF1,Florida Keys.Carysfort Reef.CF1,Florida Keys.Carysfort Reef.CF1.2006,25.22194,-80.21055,2006,9,0.8888888888888888,3510,Acute baseline-exclusion,Natural colony,5,0
Florida Keys,Carysfort Reef,CF1,Florida Keys.Carysfort Reef.CF1,Florida Keys.Carysfort Reef.CF1.2007,25.22194,-80.21055,2007,5,0.8,1338.75,Context-only pressure,Natural colony,4,0.5
Florida Keys,Carysfort Reef,CF1,Florida Keys.Carysfort Reef.CF1,Florida Keys.Carysfort Reef.CF1.2008,25.22194,-80.21055,2008,4,1,1486.5,Context-only pressure,Natural colony,4,0.25
Florida Keys,Carysfort Reef,CF1,Florida Keys.Carysfort Reef.CF1,Florida Keys.Carysfort Reef.CF1.2009,25.22194,-80.21055,2009,3,1,1133,Acute baseline-exclusion,Natural colony,3,0.3333333333333333
Florida Keys,Carysfort Reef,CF1,Florida Keys.Carysfort Reef.CF1,Florida Keys.Carysfort Reef.CF1.2010,25.22194,-80.21055,2010,3,1,121,Acute baseline-exclusion,Natural colony,3,0.6666666666666666
Florida Keys,Carysfort Reef,CF1,Florida Keys.Carysfort Reef.CF1,Florida Keys.Carysfort Reef.CF1.2011,25.22194,-80.21055,2011,7,1,187,Context-only pressure,Natural colony,7,0.8571428571428571
Florida Keys,Carysfort Reef,CF1,Florida Keys.Carysfort Reef.CF1,Florida Keys.Carysfort Reef.CF1.2012,25.22194,-80.21055,2012,5,0.6,572,Context-only pressure,Natural colony,3,0.3333333333333333
Florida Keys,Carysfort Reef,CF1,Florida Keys.Carysfort Reef.CF1,Florida Keys.Carysfort Reef.CF1.2013,25.22194,-80.21055,2013,2,1,94.5,Context-only pressure,Natural colony,2,0.5
Florida Keys,Carysfort Reef,CF1,Florida Keys.Carysfort Reef.CF1,Florida Keys.Carysfort Reef.CF1.2014,25.22194,-80.21055,2014,2,1,84,Context-only pressure,Natural colony,2,1
Florida Keys,Carysfort Reef,CF1,Florida Keys.Carysfort Reef.CF1,Florida Keys.Carysfort Reef.CF1.2015,25.22194,-80.21055,2015,2,0.5,276,Context-only pressure,Natural colony,1,0
Florida Keys,Carysfort Reef,CF1,Florida Keys.Carysfort Reef.CF1,Florida Keys.Carysfort Reef.CF1.2016,25.22194,-80.21055,2016,1,1,23.4,Acute baseline-exclusion,Natural colony,1,0
Florida Keys,Carysfort Reef,CF1,Florida Keys.Carysfort Reef.CF1,Florida Keys.Carysfort Reef.CF1.2017,25.22194,-80.21055,2017,1,1,6,Acute baseline-exclusion,Natural colony,NA,NA
Florida Keys,Carysfort Reef,CF2,Florida Keys.Carysfort Reef.CF2,Florida Keys.Carysfort Reef.CF2.2005,25.22179,-80.210586,2005,12,1,7105.6,Acute baseline-exclusion,Natural colony,12,0.5833333333333334
Florida Keys,Carysfort Reef,CF2,Florida Keys.Carysfort Reef.CF2,Florida Keys.Carysfort Reef.CF2.2006,25.22179,-80.210586,2006,11,1,8525.5,Acute baseline-exclusion,Natural colony,10,0.2
Florida Keys,Carysfort Reef,CF2,Florida Keys.Carysfort Reef.CF2,Florida Keys.Carysfort Reef.CF2.2007,25.22179,-80.210586,2007,11,0.9090909090909091,3600,Context-only pressure,Natural colony,10,0.9
Florida Keys,Carysfort Reef,CF2,Florida Keys.Carysfort Reef.CF2,Florida Keys.Carysfort Reef.CF2.2008,25.22179,-80.210586,2008,10,1,6062.15,Context-only pressure,Natural colony,10,0.7
Florida Keys,Carysfort Reef,CF2,Florida Keys.Carysfort Reef.CF2,Florida Keys.Carysfort Reef.CF2.2009,25.22179,-80.210586,2009,10,0.9,6647,Acute baseline-exclusion,Natural colony,9,0.4444444444444444
Florida Keys,Carysfort Reef,CF2,Florida Keys.Carysfort Reef.CF2,Florida Keys.Carysfort Reef.CF2.2010,25.22179,-80.210586,2010,9,1,7875,Acute baseline-exclusion,Natural colony,9,0.6666666666666666
Florida Keys,Carysfort Reef,CF2,Florida Keys.Carysfort Reef.CF2,Florida Keys.Carysfort Reef.CF2.2011,25.22179,-80.210586,2011,12,0.9166666666666666,2569.25,Context-only pressure,Natural colony,11,0.18181818181818182
Florida Keys,Carysfort Reef,CF2,Florida Keys.Carysfort Reef.CF2,Florida Keys.Carysfort Reef.CF2.2012,25.22179,-80.210586,2012,12,0.9166666666666666,5170.4,Context-only pressure,Natural colony,11,0.2727272727272727
Florida Keys,Carysfort Reef,CF2,Florida Keys.Carysfort Reef.CF2,Florida Keys.Carysfort Reef.CF2.2013,25.22179,-80.210586,2013,12,1,5593.6,Context-only pressure,Natural colony,11,0.5454545454545454
Florida Keys,Carysfort Reef,CF2,Florida Keys.Carysfort Reef.CF2,Florida Keys.Carysfort Reef.CF2.2014,25.22179,-80.210586,2014,12,0.8333333333333334,6412.65,Context-only pressure,Natural colony,11,0.9090909090909091
Florida Keys,Carysfort Reef,CF2,Florida Keys.Carysfort Reef.CF2,Florida Keys.Carysfort Reef.CF2.2015,25.22179,-80.210586,2015,12,0.3333333333333333,8735.85,Context-only pressure,Natural colony,4,0
Florida Keys,Carysfort Reef,CF2,Florida Keys.Carysfort Reef.CF2,Florida Keys.Carysfort Reef.CF2.2016,25.22179,-80.210586,2016,1,0,2312.5,Acute baseline-exclusion,Natural colony,NA,NA
Florida Keys,Carysfort Reef,CF3,Florida Keys.Carysfort Reef.CF3,Florida Keys.Carysfort Reef.CF3.2005,25.22289,-80.20956,2005,11,0.9090909090909091,2121.6,Acute baseline-exclusion,Natural colony,10,0.4
Florida Keys,Carysfort Reef,CF3,Florida Keys.Carysfort Reef.CF3,Florida Keys.Carysfort Reef.CF3.2006,25.22289,-80.20956,2006,10,1,937.5,Acute baseline-exclusion,Natural colony,8,0.5
Florida Keys,Carysfort Reef,CF3,Florida Keys.Carysfort Reef.CF3,Florida Keys.Carysfort Reef.CF3.2007,25.22289,-80.20956,2007,10,0.8,695.75,Context-only pressure,Natural colony,8,0.875
Florida Keys,Carysfort Reef,CF3,Florida Keys.Carysfort Reef.CF3,Florida Keys.Carysfort Reef.CF3.2008,25.22289,-80.20956,2008,8,0.875,5670,Context-only pressure,Natural colony,8,0.875
Florida Keys,Carysfort Reef,CF3,Florida Keys.Carysfort Reef.CF3,Florida Keys.Carysfort Reef.CF3.2009,25.22289,-80.20956,2009,5,0.8,19305,Acute baseline-exclusion,Natural colony,5,0.6
Florida Keys,Carysfort Reef,CF3,Florida Keys.Carysfort Reef.CF3,Florida Keys.Carysfort Reef.CF3.2010,25.22289,-80.20956,2010,4,1,20383.5,Acute baseline-exclusion,Natural colony,4,0.25
Florida Keys,Carysfort Reef,CF3,Florida Keys.Carysfort Reef.CF3,Florida Keys.Carysfort Reef.CF3.2011,25.22289,-80.20956,2011,6,1,16999.75,Context-only pressure,Natural colony,6,0.5
Florida Keys,Carysfort Reef,CF3,Florida Keys.Carysfort Reef.CF3,Florida Keys.Carysfort Reef.CF3.2012,25.22289,-80.20956,2012,8,0.875,7528,Context-only pressure,Natural colony,6,0.16666666666666666
Florida Keys,Carysfort Reef,CF3,Florida Keys.Carysfort Reef.CF3,Florida Keys.Carysfort Reef.CF3.2013,25.22289,-80.20956,2013,8,1,5619.2,Context-only pressure,Natural colony,7,0.42857142857142855
Florida Keys,Carysfort Reef,CF3,Florida Keys.Carysfort Reef.CF3,Florida Keys.Carysfort Reef.CF3.2014,25.22289,-80.20956,2014,12,0.75,702.1,Context-only pressure,Natural colony,9,0.5555555555555556
Florida Keys,Carysfort Reef,CF3,Florida Keys.Carysfort Reef.CF3,Florida Keys.Carysfort Reef.CF3.2015,25.22289,-80.20956,2015,7,0.7142857142857143,4032,Context-only pressure,Natural colony,5,0.2
Florida Keys,Carysfort Reef,CF3,Florida Keys.Carysfort Reef.CF3,Florida Keys.Carysfort Reef.CF3.2016,25.22289,-80.20956,2016,4,1,4826.15,Acute baseline-exclusion,Natural colony,4,0.25
Florida Keys,Carysfort Reef,CF3,Florida Keys.Carysfort Reef.CF3,Florida Keys.Carysfort Reef.CF3.2017,25.22289,-80.20956,2017,5,0.8,459,Acute baseline-exclusion,Natural colony,3,0.6666666666666666
Florida Keys,Carysfort Reef,CF3,Florida Keys.Carysfort Reef.CF3,Florida Keys.Carysfort Reef.CF3.2018,25.22289,-80.20956,2018,4,1,2217.6,Context-only pressure,Natural colony,4,0.75
Florida Keys,Carysfort Reef,CF3,Florida Keys.Carysfort Reef.CF3,Florida Keys.Carysfort Reef.CF3.2019,25.22289,-80.20956,2019,4,0.75,2186.25,Context-only pressure,Natural colony,3,0.6666666666666666
Florida Keys,Carysfort Reef,CF3,Florida Keys.Carysfort Reef.CF3,Florida Keys.Carysfort Reef.CF3.2023,25.22289,-80.20956,2023,3,1,3750,Acute baseline-exclusion,Natural colony,3,0.6666666666666666
Florida Keys,Carysfort Reef,CF4,Florida Keys.Carysfort Reef.CF4,Florida Keys.Carysfort Reef.CF4.2011,25.222871,-80.209996,2011,14,1,815.875,Context-only pressure,Natural colony,14,0.35714285714285715
Florida Keys,Carysfort Reef,CF4,Florida Keys.Carysfort Reef.CF4,Florida Keys.Carysfort Reef.CF4.2012,25.222871,-80.209996,2012,15,0.9333333333333333,435.75,Context-only pressure,Natural colony,14,0.2857142857142857
Florida Keys,Carysfort Reef,CF4,Florida Keys.Carysfort Reef.CF4,Florida Keys.Carysfort Reef.CF4.2013,25.222871,-80.209996,2013,14,0.5,300.9,Context-only pressure,Natural colony,8,0.125
Florida Keys,Carysfort Reef,CF4,Florida Keys.Carysfort Reef.CF4,Florida Keys.Carysfort Reef.CF4.2014,25.222871,-80.209996,2014,5,0.4,90.25,Context-only pressure,Natural colony,2,0
Florida Keys,Carysfort Reef,CF4,Florida Keys.Carysfort Reef.CF4,Florida Keys.Carysfort Reef.CF4.2015,25.222871,-80.209996,2015,2,0.5,39,Context-only pressure,Natural colony,1,1
Florida Keys,Carysfort Reef,CF4,Florida Keys.Carysfort Reef.CF4,Florida Keys.Carysfort Reef.CF4.2016,25.222871,-80.209996,2016,1,1,108,Context-only pressure,Natural colony,1,1
Florida Keys,Carysfort Reef,CF4,Florida Keys.Carysfort Reef.CF4,Florida Keys.Carysfort Reef.CF4.2017,25.222871,-80.209996,2017,1,1,115.2,Acute baseline-exclusion,Natural colony,1,1
Florida Keys,Carysfort Reef,CF4,Florida Keys.Carysfort Reef.CF4,Florida Keys.Carysfort Reef.CF4.2018,25.222871,-80.209996,2018,1,0,117.6,Context-only pressure,Natural colony,NA,NA
Florida Keys,Elbow Reef,EL1,Florida Keys.Elbow Reef.EL1,Florida Keys.Elbow Reef.EL1.2004,25.142579,-80.258364,2004,1,0,960,Context-only pressure,Natural colony,NA,NA
Florida Keys,Elbow Reef,EL1,Florida Keys.Elbow Reef.EL1,Florida Keys.Elbow Reef.EL1.2005,25.142579,-80.258364,2005,12,1,10509,Acute baseline-exclusion,Natural colony,12,0.5
Florida Keys,Elbow Reef,EL1,Florida Keys.Elbow Reef.EL1,Florida Keys.Elbow Reef.EL1.2006,25.142579,-80.258364,2006,11,1,11340,Acute baseline-exclusion,Natural colony,11,0.09090909090909091
Florida Keys,Elbow Reef,EL1,Florida Keys.Elbow Reef.EL1,Florida Keys.Elbow Reef.EL1.2007,25.142579,-80.258364,2007,11,0.8181818181818182,720,Context-only pressure,Natural colony,9,0.7777777777777778
Florida Keys,Elbow Reef,EL1,Florida Keys.Elbow Reef.EL1,Florida Keys.Elbow Reef.EL1.2008,25.142579,-80.258364,2008,9,1,3094,Context-only pressure,Natural colony,9,0.7777777777777778
Florida Keys,Elbow Reef,EL1,Florida Keys.Elbow Reef.EL1,Florida Keys.Elbow Reef.EL1.2009,25.142579,-80.258364,2009,9,1,4300.5,Acute baseline-exclusion,Natural colony,9,0.6666666666666666
Florida Keys,Elbow Reef,EL1,Florida Keys.Elbow Reef.EL1,Florida Keys.Elbow Reef.EL1.2010,25.142579,-80.258364,2010,9,1,3630,Acute baseline-exclusion,Natural colony,9,0.4444444444444444
Florida Keys,Elbow Reef,EL1,Florida Keys.Elbow Reef.EL1,Florida Keys.Elbow Reef.EL1.2011,25.142579,-80.258364,2011,11,1,6037.5,Context-only pressure,Natural colony,10,0.7
Florida Keys,Elbow Reef,EL1,Florida Keys.Elbow Reef.EL1,Florida Keys.Elbow Reef.EL1.2012,25.142579,-80.258364,2012,12,0.9166666666666666,5778.8150000000005,Context-only pressure,Natural colony,11,0.7272727272727273
Florida Keys,Elbow Reef,EL1,Florida Keys.Elbow Reef.EL1,Florida Keys.Elbow Reef.EL1.2013,25.142579,-80.258364,2013,12,1,5554.55,Context-only pressure,Natural colony,12,0.4166666666666667
Florida Keys,Elbow Reef,EL1,Florida Keys.Elbow Reef.EL1,Florida Keys.Elbow Reef.EL1.2014,25.142579,-80.258364,2014,12,0.9166666666666666,5908.2,Context-only pressure,Natural colony,11,0.7272727272727273
Florida Keys,Elbow Reef,EL1,Florida Keys.Elbow Reef.EL1,Florida Keys.Elbow Reef.EL1.2015,25.142579,-80.258364,2015,12,1,5918.4,Context-only pressure,Natural colony,12,0.6666666666666666
Florida Keys,Elbow Reef,EL1,Florida Keys.Elbow Reef.EL1,Florida Keys.Elbow Reef.EL1.2016,25.142579,-80.258364,2016,11,1,7717.2,Acute baseline-exclusion,Natural colony,11,0.6363636363636364
Florida Keys,Elbow Reef,EL1,Florida Keys.Elbow Reef.EL1,Florida Keys.Elbow Reef.EL1.2017,25.142579,-80.258364,2017,12,1,7395.5,Acute baseline-exclusion,Natural colony,12,0.75
Florida Keys,Elbow Reef,EL1,Florida Keys.Elbow Reef.EL1,Florida Keys.Elbow Reef.EL1.2018,25.142579,-80.258364,2018,12,1,6779.375,Context-only pressure,Natural colony,12,0.3333333333333333
Florida Keys,Elbow Reef,EL1,Florida Keys.Elbow Reef.EL1,Florida Keys.Elbow Reef.EL1.2019,25.142579,-80.258364,2019,12,1,5038.4,Context-only pressure,Natural colony,12,0.9166666666666666
Florida Keys,Elbow Reef,EL1,Florida Keys.Elbow Reef.EL1,Florida Keys.Elbow Reef.EL1.2022,25.142579,-80.258364,2022,12,0.8333333333333334,6728.4,Acute baseline-exclusion,Natural colony,10,1
Florida Keys,Elbow Reef,EL1,Florida Keys.Elbow Reef.EL1,Florida Keys.Elbow Reef.EL1.2023,25.142579,-80.258364,2023,6,1,8904,Acute baseline-exclusion,Natural colony,6,0
Florida Keys,Elbow Reef,EL2,Florida Keys.Elbow Reef.EL2,Florida Keys.Elbow Reef.EL2.2004,25.142899,-80.258221,2004,1,0,678.6,Context-only pressure,Natural colony,NA,NA
Florida Keys,Elbow Reef,EL2,Florida Keys.Elbow Reef.EL2,Florida Keys.Elbow Reef.EL2.2005,25.142899,-80.258221,2005,11,1,3720,Acute baseline-exclusion,Natural colony,11,0.45454545454545453
Florida Keys,Elbow Reef,EL2,Florida Keys.Elbow Reef.EL2,Florida Keys.Elbow Reef.EL2.2006,25.142899,-80.258221,2006,11,1,4392.8,Acute baseline-exclusion,Natural colony,11,0
Florida Keys,Elbow Reef,EL2,Florida Keys.Elbow Reef.EL2,Florida Keys.Elbow Reef.EL2.2007,25.142899,-80.258221,2007,11,1,348,Context-only pressure,Natural colony,11,0.5454545454545454
Florida Keys,Elbow Reef,EL2,Florida Keys.Elbow Reef.EL2,Florida Keys.Elbow Reef.EL2.2008,25.142899,-80.258221,2008,11,1,272,Context-only pressure,Natural colony,11,0.6363636363636364
Florida Keys,Elbow Reef,EL2,Florida Keys.Elbow Reef.EL2,Florida Keys.Elbow Reef.EL2.2009,25.142899,-80.258221,2009,11,1,360,Acute baseline-exclusion,Natural colony,11,0.45454545454545453
Florida Keys,Elbow Reef,EL2,Florida Keys.Elbow Reef.EL2,Florida Keys.Elbow Reef.EL2.2010,25.142899,-80.258221,2010,11,1,542.5,Acute baseline-exclusion,Natural colony,11,0.7272727272727273
Florida Keys,Elbow Reef,EL2,Florida Keys.Elbow Reef.EL2,Florida Keys.Elbow Reef.EL2.2011,25.142899,-80.258221,2011,10,0.9,974.6,Context-only pressure,Natural colony,8,0.75
Florida Keys,Elbow Reef,EL2,Florida Keys.Elbow Reef.EL2,Florida Keys.Elbow Reef.EL2.2012,25.142899,-80.258221,2012,12,0.9166666666666666,937,Context-only pressure,Natural colony,11,0.8181818181818182
Florida Keys,Elbow Reef,EL2,Florida Keys.Elbow Reef.EL2,Florida Keys.Elbow Reef.EL2.2013,25.142899,-80.258221,2013,12,0.9166666666666666,908.6,Context-only pressure,Natural colony,11,0.36363636363636365
Florida Keys,Elbow Reef,EL2,Florida Keys.Elbow Reef.EL2,Florida Keys.Elbow Reef.EL2.2014,25.142899,-80.258221,2014,11,0.8181818181818182,560,Context-only pressure,Natural colony,9,0.6666666666666666
Florida Keys,Elbow Reef,EL2,Florida Keys.Elbow Reef.EL2,Florida Keys.Elbow Reef.EL2.2015,25.142899,-80.258221,2015,12,0.9166666666666666,782.5,Context-only pressure,Natural colony,11,0.45454545454545453
Florida Keys,Elbow Reef,EL2,Florida Keys.Elbow Reef.EL2,Florida Keys.Elbow Reef.EL2.2016,25.142899,-80.258221,2016,11,1,1220,Acute baseline-exclusion,Natural colony,10,0.2
Florida Keys,Elbow Reef,EL2,Florida Keys.Elbow Reef.EL2,Florida Keys.Elbow Reef.EL2.2017,25.142899,-80.258221,2017,12,0.8333333333333334,167.4,Acute baseline-exclusion,Natural colony,10,0.1
Florida Keys,Elbow Reef,EL2,Florida Keys.Elbow Reef.EL2,Florida Keys.Elbow Reef.EL2.2018,25.142899,-80.258221,2018,12,0.8333333333333334,100.3,Context-only pressure,Natural colony,10,0.5
Florida Keys,Elbow Reef,EL2,Florida Keys.Elbow Reef.EL2,Florida Keys.Elbow Reef.EL2.2019,25.142899,-80.258221,2019,12,0.75,64.35,Context-only pressure,Natural colony,9,0.6666666666666666
Florida Keys,Elbow Reef,EL2,Florida Keys.Elbow Reef.EL2,Florida Keys.Elbow Reef.EL2.2022,25.142899,-80.258221,2022,8,0.625,94.925,Acute baseline-exclusion,Natural colony,4,0.75
Florida Keys,Elbow Reef,EL2,Florida Keys.Elbow Reef.EL2,Florida Keys.Elbow Reef.EL2.2023,25.142899,-80.258221,2023,5,1,940.5,Acute baseline-exclusion,Natural colony,5,0.8
Florida Keys,Elbow Reef,EL2,Florida Keys.Elbow Reef.EL2,Florida Keys.Elbow Reef.EL2.2024,25.142899,-80.258221,2024,5,0.8,1325.25,Context-only pressure,Natural colony,4,0.75
Florida Keys,Elbow Reef,EL3,Florida Keys.Elbow Reef.EL3,Florida Keys.Elbow Reef.EL3.2005,25.143881,-80.257827,2005,12,0.8333333333333334,3261.875,Acute baseline-exclusion,Natural colony,10,0.6
Florida Keys,Elbow Reef,EL3,Florida Keys.Elbow Reef.EL3,Florida Keys.Elbow Reef.EL3.2006,25.143881,-80.257827,2006,11,0.9090909090909091,3840,Acute baseline-exclusion,Natural colony,10,0.1
Florida Keys,Elbow Reef,EL3,Florida Keys.Elbow Reef.EL3,Florida Keys.Elbow Reef.EL3.2007,25.143881,-80.257827,2007,10,1,1142.25,Context-only pressure,Natural colony,10,0.7
Florida Keys,Elbow Reef,EL3,Florida Keys.Elbow Reef.EL3,Florida Keys.Elbow Reef.EL3.2008,25.143881,-80.257827,2008,10,0.9,1214.8,Context-only pressure,Natural colony,9,0.6666666666666666
Florida Keys,Elbow Reef,EL3,Florida Keys.Elbow Reef.EL3,Florida Keys.Elbow Reef.EL3.2009,25.143881,-80.257827,2009,7,1,2829,Acute baseline-exclusion,Natural colony,7,0.8571428571428571
Florida Keys,Elbow Reef,EL3,Florida Keys.Elbow Reef.EL3,Florida Keys.Elbow Reef.EL3.2010,25.143881,-80.257827,2010,7,1,4000,Acute baseline-exclusion,Natural colony,7,0.7142857142857143
Florida Keys,Elbow Reef,EL3,Florida Keys.Elbow Reef.EL3,Florida Keys.Elbow Reef.EL3.2011,25.143881,-80.257827,2011,11,1,1207.5,Context-only pressure,Natural colony,11,0.6363636363636364
Florida Keys,Elbow Reef,EL3,Florida Keys.Elbow Reef.EL3,Florida Keys.Elbow Reef.EL3.2012,25.143881,-80.257827,2012,11,0.9090909090909091,1051.2,Context-only pressure,Natural colony,10,0.5
Florida Keys,Elbow Reef,EL3,Florida Keys.Elbow Reef.EL3,Florida Keys.Elbow Reef.EL3.2013,25.143881,-80.257827,2013,11,1,1365,Context-only pressure,Natural colony,11,0.18181818181818182
Florida Keys,Elbow Reef,EL3,Florida Keys.Elbow Reef.EL3,Florida Keys.Elbow Reef.EL3.2014,25.143881,-80.257827,2014,12,0.9166666666666666,883.35,Context-only pressure,Natural colony,11,0.6363636363636364
Florida Keys,Elbow Reef,EL3,Florida Keys.Elbow Reef.EL3,Florida Keys.Elbow Reef.EL3.2015,25.143881,-80.257827,2015,11,0.9090909090909091,681.45,Context-only pressure,Natural colony,10,0.3
Florida Keys,Elbow Reef,EL3,Florida Keys.Elbow Reef.EL3,Florida Keys.Elbow Reef.EL3.2016,25.143881,-80.257827,2016,10,0.8,450.90000000000003,Acute baseline-exclusion,Natural colony,8,0.375
Florida Keys,Elbow Reef,EL3,Florida Keys.Elbow Reef.EL3,Florida Keys.Elbow Reef.EL3.2017,25.143881,-80.257827,2017,10,0.8,1147.025,Acute baseline-exclusion,Natural colony,8,0.625
Florida Keys,Elbow Reef,EL3,Florida Keys.Elbow Reef.EL3,Florida Keys.Elbow Reef.EL3.2018,25.143881,-80.257827,2018,7,1,4140,Context-only pressure,Natural colony,7,0.2857142857142857
Florida Keys,Elbow Reef,EL3,Florida Keys.Elbow Reef.EL3,Florida Keys.Elbow Reef.EL3.2019,25.143881,-80.257827,2019,8,0.875,76,Context-only pressure,Natural colony,7,0.5714285714285714
Florida Keys,Elbow Reef,EL3,Florida Keys.Elbow Reef.EL3,Florida Keys.Elbow Reef.EL3.2022,25.143881,-80.257827,2022,7,1,50,Acute baseline-exclusion,Natural colony,7,0.7142857142857143
Florida Keys,Elbow Reef,EL3,Florida Keys.Elbow Reef.EL3,Florida Keys.Elbow Reef.EL3.2023,25.143881,-80.257827,2023,6,0,76.5,Acute baseline-exclusion,Natural colony,NA,NA
Florida Keys,Elbow Reef,EL4,Florida Keys.Elbow Reef.EL4,Florida Keys.Elbow Reef.EL4.2005,25.145086,-80.257301,2005,17,1,909.15,Acute baseline-exclusion,Natural colony,17,0.7058823529411765
Florida Keys,Elbow Reef,EL4,Florida Keys.Elbow Reef.EL4,Florida Keys.Elbow Reef.EL4.2006,25.145086,-80.257301,2006,10,1,1184,Acute baseline-exclusion,Natural colony,10,0.3
Florida Keys,Elbow Reef,EL4,Florida Keys.Elbow Reef.EL4,Florida Keys.Elbow Reef.EL4.2007,25.145086,-80.257301,2007,10,1,803.25,Context-only pressure,Natural colony,10,0.6
Florida Keys,Elbow Reef,EL4,Florida Keys.Elbow Reef.EL4,Florida Keys.Elbow Reef.EL4.2008,25.145086,-80.257301,2008,9,1,1152,Context-only pressure,Natural colony,9,0.6666666666666666
Florida Keys,Elbow Reef,EL4,Florida Keys.Elbow Reef.EL4,Florida Keys.Elbow Reef.EL4.2009,25.145086,-80.257301,2009,8,1,1660.3,Acute baseline-exclusion,Natural colony,8,0.625
Florida Keys,Elbow Reef,EL4,Florida Keys.Elbow Reef.EL4,Florida Keys.Elbow Reef.EL4.2010,25.145086,-80.257301,2010,6,1,5126.4,Acute baseline-exclusion,Natural colony,6,0.8333333333333334
Florida Keys,Elbow Reef,EL4,Florida Keys.Elbow Reef.EL4,Florida Keys.Elbow Reef.EL4.2011,25.145086,-80.257301,2011,10,1,2284.075,Context-only pressure,Natural colony,10,0.5
Florida Keys,Elbow Reef,EL4,Florida Keys.Elbow Reef.EL4,Florida Keys.Elbow Reef.EL4.2012,25.145086,-80.257301,2012,10,1,2633.875,Context-only pressure,Natural colony,10,0.6
Florida Keys,Elbow Reef,EL4,Florida Keys.Elbow Reef.EL4,Florida Keys.Elbow Reef.EL4.2013,25.145086,-80.257301,2013,10,0.9,797.4,Context-only pressure,Natural colony,9,0.4444444444444444
Florida Keys,Elbow Reef,EL4,Florida Keys.Elbow Reef.EL4,Florida Keys.Elbow Reef.EL4.2014,25.145086,-80.257301,2014,12,0.75,111,Context-only pressure,Natural colony,9,0.3333333333333333
Florida Keys,Elbow Reef,EL4,Florida Keys.Elbow Reef.EL4,Florida Keys.Elbow Reef.EL4.2015,25.145086,-80.257301,2015,9,0.8888888888888888,2197.65,Context-only pressure,Natural colony,8,0.75
Florida Keys,Elbow Reef,EL4,Florida Keys.Elbow Reef.EL4,Florida Keys.Elbow Reef.EL4.2016,25.145086,-80.257301,2016,6,1,5737,Acute baseline-exclusion,Natural colony,6,0.3333333333333333
Florida Keys,Elbow Reef,EL4,Florida Keys.Elbow Reef.EL4,Florida Keys.Elbow Reef.EL4.2017,25.145086,-80.257301,2017,6,0.8333333333333334,5051.55,Acute baseline-exclusion,Natural colony,5,0.4
Florida Keys,Elbow Reef,EL4,Florida Keys.Elbow Reef.EL4,Florida Keys.Elbow Reef.EL4.2018,25.145086,-80.257301,2018,6,0.8333333333333334,604.75,Context-only pressure,Natural colony,5,0
Florida Keys,Elbow Reef,EL4,Florida Keys.Elbow Reef.EL4,Florida Keys.Elbow Reef.EL4.2019,25.145086,-80.257301,2019,6,0.8333333333333334,202.6,Context-only pressure,Natural colony,5,0.6
Florida Keys,Elbow Reef,EL4,Florida Keys.Elbow Reef.EL4,Florida Keys.Elbow Reef.EL4.2022,25.145086,-80.257301,2022,2,0.5,169.825,Acute baseline-exclusion,Natural colony,1,1
Florida Keys,Elbow Reef,EL4,Florida Keys.Elbow Reef.EL4,Florida Keys.Elbow Reef.EL4.2023,25.145086,-80.257301,2023,3,1,1029.6,Acute baseline-exclusion,Natural colony,3,0.6666666666666666
Florida Keys,Elbow Reef,EL5,Florida Keys.Elbow Reef.EL5,Florida Keys.Elbow Reef.EL5.2005,25.145179,-80.257389,2005,12,1,521.325,Acute baseline-exclusion,Natural colony,12,1
Florida Keys,Elbow Reef,EL5,Florida Keys.Elbow Reef.EL5,Florida Keys.Elbow Reef.EL5.2006,25.145179,-80.257389,2006,5,0.8,1161,Acute baseline-exclusion,Natural colony,4,0.5
Florida Keys,Elbow Reef,EL5,Florida Keys.Elbow Reef.EL5,Florida Keys.Elbow Reef.EL5.2007,25.145179,-80.257389,2007,3,1,2392.5,Context-only pressure,Natural colony,3,0.6666666666666666
Florida Keys,Elbow Reef,EL5,Florida Keys.Elbow Reef.EL5,Florida Keys.Elbow Reef.EL5.2008,25.145179,-80.257389,2008,3,1,3209.6,Context-only pressure,Natural colony,3,1
Florida Keys,Elbow Reef,EL5,Florida Keys.Elbow Reef.EL5,Florida Keys.Elbow Reef.EL5.2009,25.145179,-80.257389,2009,3,1,3385.5,Acute baseline-exclusion,Natural colony,3,0.3333333333333333
Florida Keys,Elbow Reef,EL5,Florida Keys.Elbow Reef.EL5,Florida Keys.Elbow Reef.EL5.2010,25.145179,-80.257389,2010,3,1,3385.2,Acute baseline-exclusion,Natural colony,3,0.6666666666666666
Florida Keys,Elbow Reef,EL5,Florida Keys.Elbow Reef.EL5,Florida Keys.Elbow Reef.EL5.2011,25.145179,-80.257389,2011,5,1,267.3,Context-only pressure,Natural colony,5,0.4
Florida Keys,Elbow Reef,EL5,Florida Keys.Elbow Reef.EL5,Florida Keys.Elbow Reef.EL5.2012,25.145179,-80.257389,2012,5,0.8,342,Context-only pressure,Natural colony,4,0.5
Florida Keys,Elbow Reef,EL5,Florida Keys.Elbow Reef.EL5,Florida Keys.Elbow Reef.EL5.2013,25.145179,-80.257389,2013,5,1,1144,Context-only pressure,Natural colony,5,0.2
Florida Keys,Elbow Reef,EL5,Florida Keys.Elbow Reef.EL5,Florida Keys.Elbow Reef.EL5.2014,25.145179,-80.257389,2014,4,1,734.05,Context-only pressure,Natural colony,4,0.5
Florida Keys,Elbow Reef,EL5,Florida Keys.Elbow Reef.EL5,Florida Keys.Elbow Reef.EL5.2015,25.145179,-80.257389,2015,4,1,783.45,Context-only pressure,Natural colony,4,0
Florida Keys,Elbow Reef,EL5,Florida Keys.Elbow Reef.EL5,Florida Keys.Elbow Reef.EL5.2016,25.145179,-80.257389,2016,4,0.75,544.8,Acute baseline-exclusion,Natural colony,3,0.3333333333333333
Florida Keys,Elbow Reef,EL5,Florida Keys.Elbow Reef.EL5,Florida Keys.Elbow Reef.EL5.2017,25.145179,-80.257389,2017,3,0.3333333333333333,224.4,Acute baseline-exclusion,Natural colony,1,0
Florida Keys,FWY,NA,NA,NA,25.59047,-80.0956,2019,9,0.6666666666666666,15,Context-only pressure,Restoration fragment,717,0.8437935843793585
Florida Keys,French Reef,FR1,Florida Keys.French Reef.FR1,Florida Keys.French Reef.FR1.2005,25.033886,-80.349365,2005,12,1,2229.15,Acute baseline-exclusion,Natural colony,12,0.3333333333333333
Florida Keys,French Reef,FR1,Florida Keys.French Reef.FR1,Florida Keys.French Reef.FR1.2006,25.033886,-80.349365,2006,12,1,2119.05,Acute baseline-exclusion,Natural colony,12,0.16666666666666666
Florida Keys,French Reef,FR1,Florida Keys.French Reef.FR1,Florida Keys.French Reef.FR1.2007,25.033886,-80.349365,2007,11,1,1701,Context-only pressure,Natural colony,11,0.36363636363636365
Florida Keys,French Reef,FR1,Florida Keys.French Reef.FR1,Florida Keys.French Reef.FR1.2008,25.033886,-80.349365,2008,11,1,1248,Context-only pressure,Natural colony,11,0.6363636363636364
Florida Keys,French Reef,FR1,Florida Keys.French Reef.FR1,Florida Keys.French Reef.FR1.2009,25.033886,-80.349365,2009,11,1,1320,Acute baseline-exclusion,Natural colony,11,0.7272727272727273
Florida Keys,French Reef,FR1,Florida Keys.French Reef.FR1,Florida Keys.French Reef.FR1.2010,25.033886,-80.349365,2010,10,1,1986,Acute baseline-exclusion,Natural colony,10,0.5
Florida Keys,French Reef,FR1,Florida Keys.French Reef.FR1,Florida Keys.French Reef.FR1.2011,25.033886,-80.349365,2011,12,1,915,Context-only pressure,Natural colony,11,0.7272727272727273
Florida Keys,French Reef,FR1,Florida Keys.French Reef.FR1,Florida Keys.French Reef.FR1.2012,25.033886,-80.349365,2012,12,0.8333333333333334,952,Context-only pressure,Natural colony,10,0.7
Florida Keys,French Reef,FR1,Florida Keys.French Reef.FR1,Florida Keys.French Reef.FR1.2013,25.033886,-80.349365,2013,12,1,1245.2,Context-only pressure,Natural colony,12,0.5833333333333334
Florida Keys,French Reef,FR1,Florida Keys.French Reef.FR1,Florida Keys.French Reef.FR1.2014,25.033886,-80.349365,2014,12,1,1304.9,Context-only pressure,Natural colony,12,0.8333333333333334
Florida Keys,French Reef,FR1,Florida Keys.French Reef.FR1,Florida Keys.French Reef.FR1.2015,25.033886,-80.349365,2015,12,1,1711.875,Context-only pressure,Natural colony,12,0.5
Florida Keys,French Reef,FR1,Florida Keys.French Reef.FR1,Florida Keys.French Reef.FR1.2016,25.033886,-80.349365,2016,11,0.9090909090909091,1083,Acute baseline-exclusion,Natural colony,10,0.5
Florida Keys,French Reef,FR1,Florida Keys.French Reef.FR1,Florida Keys.French Reef.FR1.2017,25.033886,-80.349365,2017,12,0.9166666666666666,814.4000000000001,Acute baseline-exclusion,Natural colony,11,0.45454545454545453
Florida Keys,French Reef,FR1,Florida Keys.French Reef.FR1,Florida Keys.French Reef.FR1.2018,25.033886,-80.349365,2018,12,0.75,543.2,Context-only pressure,Natural colony,9,0.1111111111111111
Florida Keys,French Reef,FR1,Florida Keys.French Reef.FR1,Florida Keys.French Reef.FR1.2019,25.033886,-80.349365,2019,12,1,214.6,Context-only pressure,Natural colony,11,0.6363636363636364
Florida Keys,French Reef,FR1,Florida Keys.French Reef.FR1,Florida Keys.French Reef.FR1.2022,25.033886,-80.349365,2022,10,1,214.9,Acute baseline-exclusion,Natural colony,8,0.75
Florida Keys,French Reef,FR1,Florida Keys.French Reef.FR1,Florida Keys.French Reef.FR1.2023,25.033886,-80.349365,2023,11,0.18181818181818182,819,Acute baseline-exclusion,Natural colony,2,0.5
Florida Keys,French Reef,FR2,Florida Keys.French Reef.FR2,Florida Keys.French Reef.FR2.2008,25.033681,-80.349545,2008,12,1,229.5,Context-only pressure,Natural colony,12,0.75
Florida Keys,French Reef,FR2,Florida Keys.French Reef.FR2,Florida Keys.French Reef.FR2.2009,25.033681,-80.349545,2009,12,0.9166666666666666,274,Acute baseline-exclusion,Natural colony,11,0.8181818181818182
Florida Keys,French Reef,FR2,Florida Keys.French Reef.FR2,Florida Keys.French Reef.FR2.2010,25.033681,-80.349545,2010,11,1,437.4,Acute baseline-exclusion,Natural colony,11,0.7272727272727273
Florida Keys,French Reef,FR2,Florida Keys.French Reef.FR2,Florida Keys.French Reef.FR2.2011,25.033681,-80.349545,2011,11,1,550.8,Context-only pressure,Natural colony,11,0.5454545454545454
Florida Keys,French Reef,FR2,Florida Keys.French Reef.FR2,Florida Keys.French Reef.FR2.2012,25.033681,-80.349545,2012,12,1,285.25,Context-only pressure,Natural colony,12,0.6666666666666666
Florida Keys,French Reef,FR2,Florida Keys.French Reef.FR2,Florida Keys.French Reef.FR2.2013,25.033681,-80.349545,2013,12,1,343.8,Context-only pressure,Natural colony,12,0.5833333333333334
Florida Keys,French Reef,FR2,Florida Keys.French Reef.FR2,Florida Keys.French Reef.FR2.2014,25.033681,-80.349545,2014,12,0.9166666666666666,249.4,Context-only pressure,Natural colony,12,0.5
Florida Keys,French Reef,FR2,Florida Keys.French Reef.FR2,Florida Keys.French Reef.FR2.2015,25.033681,-80.349545,2015,11,0.9090909090909091,538.2,Context-only pressure,Natural colony,10,0.3
Florida Keys,French Reef,FR2,Florida Keys.French Reef.FR2,Florida Keys.French Reef.FR2.2016,25.033681,-80.349545,2016,11,1,255,Context-only pressure,Natural colony,10,0.4
Florida Keys,French Reef,FR2,Florida Keys.French Reef.FR2,Florida Keys.French Reef.FR2.2017,25.033681,-80.349545,2017,12,0.5833333333333334,48,Acute baseline-exclusion,Natural colony,7,0.2857142857142857
Florida Keys,French Reef,FR2,Florida Keys.French Reef.FR2,Florida Keys.French Reef.FR2.2018,25.033681,-80.349545,2018,9,0.5555555555555556,10.5,Context-only pressure,Natural colony,5,0.6
Florida Keys,French Reef,FR2,Florida Keys.French Reef.FR2,Florida Keys.French Reef.FR2.2019,25.033681,-80.349545,2019,5,1,28.8,Context-only pressure,Natural colony,3,0.6666666666666666
Florida Keys,French Reef,FR2,Florida Keys.French Reef.FR2,Florida Keys.French Reef.FR2.2022,25.033681,-80.349545,2022,5,0.6,20,Acute baseline-exclusion,Natural colony,2,1
Florida Keys,French Reef,FR2,Florida Keys.French Reef.FR2,Florida Keys.French Reef.FR2.2023,25.033681,-80.349545,2023,3,0,78.4,Acute baseline-exclusion,Natural colony,NA,NA
Florida Keys,French Reef,FR3,Florida Keys.French Reef.FR3,Florida Keys.French Reef.FR3.2011,25.035184,-80.349037,2011,11,1,839.8,Context-only pressure,Natural colony,11,0.5454545454545454
Florida Keys,French Reef,FR3,Florida Keys.French Reef.FR3,Florida Keys.French Reef.FR3.2012,25.035184,-80.349037,2012,11,0.5454545454545454,471.25,Context-only pressure,Natural colony,6,0.5
Florida Keys,French Reef,FR3,Florida Keys.French Reef.FR3,Florida Keys.French Reef.FR3.2013,25.035184,-80.349037,2013,11,0.9090909090909091,221,Context-only pressure,Natural colony,10,0.7
Florida Keys,French Reef,FR3,Florida Keys.French Reef.FR3,Florida Keys.French Reef.FR3.2014,25.035184,-80.349037,2014,11,0.8181818181818182,182.4,Context-only pressure,Natural colony,9,0.5555555555555556
Florida Keys,French Reef,FR3,Florida Keys.French Reef.FR3,Florida Keys.French Reef.FR3.2015,25.035184,-80.349037,2015,12,0.75,262.8,Context-only pressure,Natural colony,9,0.4444444444444444
Florida Keys,French Reef,FR3,Florida Keys.French Reef.FR3,Florida Keys.French Reef.FR3.2016,25.035184,-80.349037,2016,10,1,222,Context-only pressure,Natural colony,10,0.3
Florida Keys,French Reef,FR3,Florida Keys.French Reef.FR3,Florida Keys.French Reef.FR3.2017,25.035184,-80.349037,2017,12,0.5833333333333334,202.15,Acute baseline-exclusion,Natural colony,7,0.5714285714285714
Florida Keys,French Reef,FR3,Florida Keys.French Reef.FR3,Florida Keys.French Reef.FR3.2018,25.035184,-80.349037,2018,9,0.6666666666666666,288,Context-only pressure,Natural colony,5,0
Florida Keys,French Reef,FR3,Florida Keys.French Reef.FR3,Florida Keys.French Reef.FR3.2019,25.035184,-80.349037,2019,6,1,204,Context-only pressure,Natural colony,6,0.3333333333333333
Florida Keys,French Reef,FR3,Florida Keys.French Reef.FR3,Florida Keys.French Reef.FR3.2022,25.035184,-80.349037,2022,7,0,276,Acute baseline-exclusion,Natural colony,NA,NA
Florida Keys,French Reef,FR4,Florida Keys.French Reef.FR4,Florida Keys.French Reef.FR4.2022,25.03438,-80.34888,2022,12,0.8333333333333334,181.35,Acute baseline-exclusion,Natural colony,6,1
Florida Keys,French Reef,NA,NA,NA,25.03331,-80.35008,2015,28,0.7857142857142857,94,Context-only pressure,Restoration fragment,717,0.8437935843793585
Florida Keys,French Reef,NA,NA,NA,25.03333,-80.35012,2015,26,0.5769230769230769,90.5,Context-only pressure,Restoration fragment,717,0.8437935843793585
Florida Keys,French Reef,NA,NA,NA,25.03342,-80.35006,2015,30,0.7,77.1875,Context-only pressure,Restoration fragment,717,0.8437935843793585
Florida Keys,French Reef,NA,NA,NA,25.0342,-80.34897,2016,40,0.75,45,Acute baseline-exclusion,Restoration fragment,717,0.8437935843793585
Florida Keys,French Reef,NA,NA,NA,25.03438,-80.34888,2016,80,0.875,42,Acute baseline-exclusion,Restoration fragment,717,0.8437935843793585
Florida Keys,Grecian Rocks,GR1,Florida Keys.Grecian Rocks.GR1,Florida Keys.Grecian Rocks.GR1.2011,25.109051,-80.305243,2011,12,1,2189.375,Context-only pressure,Natural colony,12,0.6666666666666666
Florida Keys,Grecian Rocks,GR1,Florida Keys.Grecian Rocks.GR1,Florida Keys.Grecian Rocks.GR1.2012,25.109051,-80.305243,2012,12,0.6666666666666666,2626.05,Context-only pressure,Natural colony,7,0.42857142857142855
Florida Keys,Grecian Rocks,GR1,Florida Keys.Grecian Rocks.GR1,Florida Keys.Grecian Rocks.GR1.2013,25.109051,-80.305243,2013,11,1,2687.7,Context-only pressure,Natural colony,11,0.8181818181818182
Florida Keys,Grecian Rocks,GR1,Florida Keys.Grecian Rocks.GR1,Florida Keys.Grecian Rocks.GR1.2014,25.109051,-80.305243,2014,12,0.9166666666666666,2349.675,Context-only pressure,Natural colony,12,0.3333333333333333
Florida Keys,Grecian Rocks,GR1,Florida Keys.Grecian Rocks.GR1,Florida Keys.Grecian Rocks.GR1.2015,25.109051,-80.305243,2015,8,0,1643.475,Context-only pressure,Natural colony,NA,NA
Florida Keys,Grecian Rocks,GR1,Florida Keys.Grecian Rocks.GR1,Florida Keys.Grecian Rocks.GR1.2016,25.109051,-80.305243,2016,1,1,99,Acute baseline-exclusion,Natural colony,1,0
Florida Keys,Grecian Rocks,GR1,Florida Keys.Grecian Rocks.GR1,Florida Keys.Grecian Rocks.GR1.2017,25.109051,-80.305243,2017,1,1,96,Acute baseline-exclusion,Natural colony,1,1
Florida Keys,Grecian Rocks,GR1,Florida Keys.Grecian Rocks.GR1,Florida Keys.Grecian Rocks.GR1.2018,25.109051,-80.305243,2018,1,1,226.1,Context-only pressure,Natural colony,1,1
Florida Keys,Grecian Rocks,GR1,Florida Keys.Grecian Rocks.GR1,Florida Keys.Grecian Rocks.GR1.2019,25.109051,-80.305243,2019,1,1,450,Context-only pressure,Natural colony,1,1
Florida Keys,Grecian Rocks,GR1,Florida Keys.Grecian Rocks.GR1,Florida Keys.Grecian Rocks.GR1.2022,25.109051,-80.305243,2022,2,1,258.975,Acute baseline-exclusion,Natural colony,2,0.5
Florida Keys,Grecian Rocks,GR1,Florida Keys.Grecian Rocks.GR1,Florida Keys.Grecian Rocks.GR1.2023,25.109051,-80.305243,2023,2,0,246.59999999999997,Acute baseline-exclusion,Natural colony,NA,NA
Florida Keys,Grecian Rocks,GR2,Florida Keys.Grecian Rocks.GR2,Florida Keys.Grecian Rocks.GR2.2011,25.112082,-80.303222,2011,12,1,860.4,Context-only pressure,Natural colony,12,0.9166666666666666
Florida Keys,Grecian Rocks,GR2,Florida Keys.Grecian Rocks.GR2,Florida Keys.Grecian Rocks.GR2.2012,25.112082,-80.303222,2012,9,0.7777777777777778,3207.4,Context-only pressure,Natural colony,7,0.14285714285714285
Florida Keys,Grecian Rocks,GR2,Florida Keys.Grecian Rocks.GR2,Florida Keys.Grecian Rocks.GR2.2013,25.112082,-80.303222,2013,10,1,2223.475,Context-only pressure,Natural colony,10,0.9
Florida Keys,Grecian Rocks,GR2,Florida Keys.Grecian Rocks.GR2,Florida Keys.Grecian Rocks.GR2.2014,25.112082,-80.303222,2014,11,0.8181818181818182,2256.75,Context-only pressure,Natural colony,10,0
Florida Keys,Grecian Rocks,GR2,Florida Keys.Grecian Rocks.GR2,Florida Keys.Grecian Rocks.GR2.2015,25.112082,-80.303222,2015,11,0.8181818181818182,1886.8,Context-only pressure,Natural colony,10,0.1
Florida Keys,Grecian Rocks,GR2,Florida Keys.Grecian Rocks.GR2,Florida Keys.Grecian Rocks.GR2.2016,25.112082,-80.303222,2016,6,0.3333333333333333,169,Context-only pressure,Natural colony,2,0.5
Florida Keys,Grecian Rocks,GR2,Florida Keys.Grecian Rocks.GR2,Florida Keys.Grecian Rocks.GR2.2017,25.112082,-80.303222,2017,2,0,89,Acute baseline-exclusion,Natural colony,NA,NA
Florida Keys,Grecian Rocks,GR3,Florida Keys.Grecian Rocks.GR3,Florida Keys.Grecian Rocks.GR3.2012,25.109261,-80.306191,2012,12,0.8333333333333334,520.65,Context-only pressure,Natural colony,10,0.4
Florida Keys,Grecian Rocks,GR3,Florida Keys.Grecian Rocks.GR3,Florida Keys.Grecian Rocks.GR3.2013,25.109261,-80.306191,2013,11,1,705.87,Context-only pressure,Natural colony,11,0.2727272727272727
Florida Keys,Grecian Rocks,GR3,Florida Keys.Grecian Rocks.GR3,Florida Keys.Grecian Rocks.GR3.2014,25.109261,-80.306191,2014,12,1,379.15,Context-only pressure,Natural colony,12,0.4166666666666667
Florida Keys,Grecian Rocks,GR3,Florida Keys.Grecian Rocks.GR3,Florida Keys.Grecian Rocks.GR3.2015,25.109261,-80.306191,2015,11,1,312.8,Context-only pressure,Natural colony,11,0.2727272727272727
Florida Keys,Grecian Rocks,GR3,Florida Keys.Grecian Rocks.GR3,Florida Keys.Grecian Rocks.GR3.2016,25.109261,-80.306191,2016,9,1,144,Context-only pressure,Natural colony,9,0.3333333333333333
Florida Keys,Grecian Rocks,GR3,Florida Keys.Grecian Rocks.GR3,Florida Keys.Grecian Rocks.GR3.2017,25.109261,-80.306191,2017,12,0.3333333333333333,132.225,Acute baseline-exclusion,Natural colony,3,0.3333333333333333
Florida Keys,Grecian Rocks,GR3,Florida Keys.Grecian Rocks.GR3,Florida Keys.Grecian Rocks.GR3.2018,25.109261,-80.306191,2018,5,1,178.6,Context-only pressure,Natural colony,5,0.6
Florida Keys,Grecian Rocks,GR3,Florida Keys.Grecian Rocks.GR3,Florida Keys.Grecian Rocks.GR3.2019,25.109261,-80.306191,2019,5,0.6,235.2,Context-only pressure,Natural colony,2,0
Florida Keys,Grecian Rocks,GR3,Florida Keys.Grecian Rocks.GR3,Florida Keys.Grecian Rocks.GR3.2022,25.109261,-80.306191,2022,3,0.6666666666666666,88.4,Acute baseline-exclusion,Natural colony,2,1
Florida Keys,Grecian Rocks,GR3,Florida Keys.Grecian Rocks.GR3,Florida Keys.Grecian Rocks.GR3.2023,25.109261,-80.306191,2023,2,1,273.15,Acute baseline-exclusion,Natural colony,2,0
Florida Keys,Horseshoe,NA,NA,NA,25.14023,-80.2941,2016,120,0.4583333333333333,40,Acute baseline-exclusion,Restoration fragment,717,0.8437935843793585
Florida Keys,Key Largo Dry Rocks,KL1,Florida Keys.Key Largo Dry Rocks.KL1,Florida Keys.Key Largo Dry Rocks.KL1.2005,25.123581,-80.297359,2005,13,1,8032.5,Acute baseline-exclusion,Natural colony,13,0.7692307692307693
Florida Keys,Key Largo Dry Rocks,KL1,Florida Keys.Key Largo Dry Rocks.KL1,Florida Keys.Key Largo Dry Rocks.KL1.2006,25.123581,-80.297359,2006,12,0.8333333333333334,9385,Acute baseline-exclusion,Natural colony,10,0
Florida Keys,Key Largo Dry Rocks,KL1,Florida Keys.Key Largo Dry Rocks.KL1,Florida Keys.Key Largo Dry Rocks.KL1.2007,25.123581,-80.297359,2007,10,1,2800.125,Context-only pressure,Natural colony,10,0.6
Florida Keys,Key Largo Dry Rocks,KL1,Florida Keys.Key Largo Dry Rocks.KL1,Florida Keys.Key Largo Dry Rocks.KL1.2008,25.123581,-80.297359,2008,10,1,2700,Context-only pressure,Natural colony,10,0.2
Florida Keys,Key Largo Dry Rocks,KL1,Florida Keys.Key Largo Dry Rocks.KL1,Florida Keys.Key Largo Dry Rocks.KL1.2009,25.123581,-80.297359,2009,8,1,1664.375,Acute baseline-exclusion,Natural colony,8,0.375
Florida Keys,Key Largo Dry Rocks,KL1,Florida Keys.Key Largo Dry Rocks.KL1,Florida Keys.Key Largo Dry Rocks.KL1.2010,25.123581,-80.297359,2010,8,1,1829.25,Acute baseline-exclusion,Natural colony,7,0.42857142857142855
Florida Keys,Key Largo Dry Rocks,KL1,Florida Keys.Key Largo Dry Rocks.KL1,Florida Keys.Key Largo Dry Rocks.KL1.2011,25.123581,-80.297359,2011,8,0.875,1424.7,Context-only pressure,Natural colony,7,0.42857142857142855
Florida Keys,Key Largo Dry Rocks,KL1,Florida Keys.Key Largo Dry Rocks.KL1,Florida Keys.Key Largo Dry Rocks.KL1.2012,25.123581,-80.297359,2012,10,0.8,759.625,Context-only pressure,Natural colony,8,0.75
Florida Keys,Key Largo Dry Rocks,KL1,Florida Keys.Key Largo Dry Rocks.KL1,Florida Keys.Key Largo Dry Rocks.KL1.2013,25.123581,-80.297359,2013,14,1,267.3,Context-only pressure,Natural colony,14,0.42857142857142855
Florida Keys,Key Largo Dry Rocks,KL1,Florida Keys.Key Largo Dry Rocks.KL1,Florida Keys.Key Largo Dry Rocks.KL1.2014,25.123581,-80.297359,2014,14,0.6428571428571429,161.55,Context-only pressure,Natural colony,14,0.42857142857142855
Florida Keys,Key Largo Dry Rocks,KL1,Florida Keys.Key Largo Dry Rocks.KL1,Florida Keys.Key Largo Dry Rocks.KL1.2015,25.123581,-80.297359,2015,9,0.6666666666666666,112.5,Context-only pressure,Natural colony,6,0.16666666666666666
Florida Keys,Key Largo Dry Rocks,KL1,Florida Keys.Key Largo Dry Rocks.KL1,Florida Keys.Key Largo Dry Rocks.KL1.2016,25.123581,-80.297359,2016,2,0.5,82.5,Acute baseline-exclusion,Natural colony,1,0
Florida Keys,Key Largo Dry Rocks,KL1,Florida Keys.Key Largo Dry Rocks.KL1,Florida Keys.Key Largo Dry Rocks.KL1.2017,25.123581,-80.297359,2017,1,1,148.5,Acute baseline-exclusion,Natural colony,1,0
Florida Keys,Key Largo Dry Rocks,KL1,Florida Keys.Key Largo Dry Rocks.KL1,Florida Keys.Key Largo Dry Rocks.KL1.2018,25.123581,-80.297359,2018,1,1,148.5,Context-only pressure,Natural colony,1,0
Florida Keys,Key Largo Dry Rocks,KL1,Florida Keys.Key Largo Dry Rocks.KL1,Florida Keys.Key Largo Dry Rocks.KL1.2019,25.123581,-80.297359,2019,1,1,97.5,Context-only pressure,Natural colony,1,1
Florida Keys,Key Largo Dry Rocks,KL1,Florida Keys.Key Largo Dry Rocks.KL1,Florida Keys.Key Largo Dry Rocks.KL1.2023,25.123581,-80.297359,2023,1,0,256,Acute baseline-exclusion,Natural colony,NA,NA
Florida Keys,Key Largo Dry Rocks,KL2,Florida Keys.Key Largo Dry Rocks.KL2,Florida Keys.Key Largo Dry Rocks.KL2.2004,25.122897,-80.297886,2004,2,0,216,Context-only pressure,Natural colony,NA,NA
Florida Keys,Key Largo Dry Rocks,KL2,Florida Keys.Key Largo Dry Rocks.KL2,Florida Keys.Key Largo Dry Rocks.KL2.2005,25.122897,-80.297886,2005,9,1,1080,Acute baseline-exclusion,Natural colony,9,0.4444444444444444
Florida Keys,Key Largo Dry Rocks,KL2,Florida Keys.Key Largo Dry Rocks.KL2,Florida Keys.Key Largo Dry Rocks.KL2.2006,25.122897,-80.297886,2006,12,0.25,338,Acute baseline-exclusion,Natural colony,3,0
Florida Keys,Key Largo Dry Rocks,KL2,Florida Keys.Key Largo Dry Rocks.KL2,Florida Keys.Key Largo Dry Rocks.KL2.2007,25.122897,-80.297886,2007,1,0,21,Context-only pressure,Natural colony,NA,NA
Florida Keys,Key Largo Dry Rocks,KL3,Florida Keys.Key Largo Dry Rocks.KL3,Florida Keys.Key Largo Dry Rocks.KL3.2005,25.122538,-80.298287,2005,11,0.8181818181818182,445.5,Acute baseline-exclusion,Natural colony,9,0.1111111111111111
Florida Keys,Key Largo Dry Rocks,KL3,Florida Keys.Key Largo Dry Rocks.KL3,Florida Keys.Key Largo Dry Rocks.KL3.2006,25.122538,-80.298287,2006,11,0.8181818181818182,170,Acute baseline-exclusion,Natural colony,8,0.625
Florida Keys,Key Largo Dry Rocks,KL3,Florida Keys.Key Largo Dry Rocks.KL3,Florida Keys.Key Largo Dry Rocks.KL3.2007,25.122538,-80.298287,2007,9,0.8888888888888888,390,Context-only pressure,Natural colony,8,0.75
Florida Keys,Key Largo Dry Rocks,KL3,Florida Keys.Key Largo Dry Rocks.KL3,Florida Keys.Key Largo Dry Rocks.KL3.2008,25.122538,-80.298287,2008,8,0.875,853,Context-only pressure,Natural colony,7,0.42857142857142855
Florida Keys,Key Largo Dry Rocks,KL3,Florida Keys.Key Largo Dry Rocks.KL3,Florida Keys.Key Largo Dry Rocks.KL3.2009,25.122538,-80.298287,2009,7,1,930,Context-only pressure,Natural colony,7,0.2857142857142857
Florida Keys,Key Largo Dry Rocks,KL3,Florida Keys.Key Largo Dry Rocks.KL3,Florida Keys.Key Largo Dry Rocks.KL3.2010,25.122538,-80.298287,2010,7,1,611.52,Acute baseline-exclusion,Natural colony,7,0.5714285714285714
Florida Keys,Key Largo Dry Rocks,KL3,Florida Keys.Key Largo Dry Rocks.KL3,Florida Keys.Key Largo Dry Rocks.KL3.2011,25.122538,-80.298287,2011,12,1,126.4,Context-only pressure,Natural colony,9,0.5555555555555556
Florida Keys,Key Largo Dry Rocks,KL3,Florida Keys.Key Largo Dry Rocks.KL3,Florida Keys.Key Largo Dry Rocks.KL3.2012,25.122538,-80.298287,2012,12,0.6666666666666666,99.45,Context-only pressure,Natural colony,8,0.625
Florida Keys,Key Largo Dry Rocks,KL3,Florida Keys.Key Largo Dry Rocks.KL3,Florida Keys.Key Largo Dry Rocks.KL3.2013,25.122538,-80.298287,2013,11,0.9090909090909091,70,Context-only pressure,Natural colony,9,0.6666666666666666
Florida Keys,Key Largo Dry Rocks,KL3,Florida Keys.Key Largo Dry Rocks.KL3,Florida Keys.Key Largo Dry Rocks.KL3.2014,25.122538,-80.298287,2014,12,1,73.05,Context-only pressure,Natural colony,11,0.9090909090909091
Florida Keys,Key Largo Dry Rocks,KL3,Florida Keys.Key Largo Dry Rocks.KL3,Florida Keys.Key Largo Dry Rocks.KL3.2015,25.122538,-80.298287,2015,12,0.6666666666666666,184.5,Context-only pressure,Natural colony,12,0.5
Florida Keys,Key Largo Dry Rocks,KL3,Florida Keys.Key Largo Dry Rocks.KL3,Florida Keys.Key Largo Dry Rocks.KL3.2016,25.122538,-80.298287,2016,4,0.75,1004.8,Acute baseline-exclusion,Natural colony,3,0.3333333333333333
Florida Keys,Key Largo Dry Rocks,KL3,Florida Keys.Key Largo Dry Rocks.KL3,Florida Keys.Key Largo Dry Rocks.KL3.2017,25.122538,-80.298287,2017,3,0.3333333333333333,12.8,Acute baseline-exclusion,Natural colony,1,0
Florida Keys,Key Largo Dry Rocks,KL3,Florida Keys.Key Largo Dry Rocks.KL3,Florida Keys.Key Largo Dry Rocks.KL3.2018,25.122538,-80.298287,2018,1,1,158.95,Context-only pressure,Natural colony,1,0
Florida Keys,Key Largo Dry Rocks,KL4,Florida Keys.Key Largo Dry Rocks.KL4,Florida Keys.Key Largo Dry Rocks.KL4.2011,25.124294,-80.298833,2011,8,1,866.7,Context-only pressure,Natural colony,8,0.875
Florida Keys,Key Largo Dry Rocks,KL4,Florida Keys.Key Largo Dry Rocks.KL4,Florida Keys.Key Largo Dry Rocks.KL4.2012,25.124294,-80.298833,2012,10,0.7,1075.8000000000002,Context-only pressure,Natural colony,7,0.42857142857142855
Florida Keys,Key Largo Dry Rocks,KL4,Florida Keys.Key Largo Dry Rocks.KL4,Florida Keys.Key Largo Dry Rocks.KL4.2013,25.124294,-80.298833,2013,9,1,1980,Context-only pressure,Natural colony,9,0.7777777777777778
Florida Keys,Key Largo Dry Rocks,KL4,Florida Keys.Key Largo Dry Rocks.KL4,Florida Keys.Key Largo Dry Rocks.KL4.2014,25.124294,-80.298833,2014,9,0.6666666666666666,2355.2,Context-only pressure,Natural colony,6,0.8333333333333334
Florida Keys,Key Largo Dry Rocks,KL4,Florida Keys.Key Largo Dry Rocks.KL4,Florida Keys.Key Largo Dry Rocks.KL4.2015,25.124294,-80.298833,2015,6,0.3333333333333333,2807.925,Context-only pressure,Natural colony,2,0.5
Florida Keys,Key Largo Dry Rocks,KL4,Florida Keys.Key Largo Dry Rocks.KL4,Florida Keys.Key Largo Dry Rocks.KL4.2016,25.124294,-80.298833,2016,2,1,9633,Context-only pressure,Natural colony,2,0
Florida Keys,Key Largo Dry Rocks,KL4,Florida Keys.Key Largo Dry Rocks.KL4,Florida Keys.Key Largo Dry Rocks.KL4.2017,25.124294,-80.298833,2017,2,0.5,4032.6,Acute baseline-exclusion,Natural colony,1,0
Florida Keys,Little Elbow,LE2,Florida Keys.Little Elbow.LE2,Florida Keys.Little Elbow.LE2.2024,25.15391,-80.2678,2024,1,0,18560,Context-only pressure,Natural colony,NA,NA
Florida Keys,Looe Key,LK1,Florida Keys.Looe Key.LK1,Florida Keys.Looe Key.LK1.2011,24.54593,-81.40731,2011,35,0.9428571428571428,821.7777777777778,Context-only pressure,Natural colony,33,0.36363636363636365
Florida Keys,Looe Key,LK1,Florida Keys.Looe Key.LK1,Florida Keys.Looe Key.LK1.2012,24.54593,-81.40731,2012,40,0.85,654.9711111111112,Context-only pressure,Natural colony,32,0.8125
Florida Keys,Looe Key,LK1,Florida Keys.Looe Key.LK1,Florida Keys.Looe Key.LK1.2013,24.54593,-81.40731,2013,43,0.7674418604651163,836.07,Context-only pressure,Natural colony,32,0.65625
Florida Keys,Looe Key,LK1,Florida Keys.Looe Key.LK1,Florida Keys.Looe Key.LK1.2014,24.54593,-81.40731,2014,36,0.8888888888888888,1318.62,Context-only pressure,Natural colony,30,0.7666666666666667
Florida Keys,Looe Key,LK2,Florida Keys.Looe Key.LK2,Florida Keys.Looe Key.LK2.2011,24.54593,-81.40731,2011,24,0.8333333333333334,1986.7666666666669,Context-only pressure,Natural colony,20,0.15
Florida Keys,Looe Key,LK2,Florida Keys.Looe Key.LK2,Florida Keys.Looe Key.LK2.2012,24.54593,-81.40731,2012,27,0.8888888888888888,616.3333333333334,Context-only pressure,Natural colony,23,0.8260869565217391
Florida Keys,Looe Key,LK2,Florida Keys.Looe Key.LK2,Florida Keys.Looe Key.LK2.2013,24.54593,-81.40731,2013,25,0.92,662.4255555555555,Context-only pressure,Natural colony,23,0.6521739130434783
Florida Keys,Looe Key,LK2,Florida Keys.Looe Key.LK2,Florida Keys.Looe Key.LK2.2014,24.54593,-81.40731,2014,26,0.9230769230769231,569.6388888888889,Context-only pressure,Natural colony,24,0.5416666666666666
Florida Keys,Looe Key,LK3,Florida Keys.Looe Key.LK3,Florida Keys.Looe Key.LK3.2011,24.54593,-81.40731,2011,36,0.75,1308.0277777777778,Context-only pressure,Natural colony,27,0.7777777777777778
Florida Keys,Looe Key,LK3,Florida Keys.Looe Key.LK3,Florida Keys.Looe Key.LK3.2012,24.54593,-81.40731,2012,31,0.9354838709677419,1300.5,Context-only pressure,Natural colony,29,0.896551724137931
Florida Keys,Looe Key,LK3,Florida Keys.Looe Key.LK3,Florida Keys.Looe Key.LK3.2013,24.54593,-81.40731,2013,32,0.90625,2514.326111111111,Context-only pressure,Natural colony,29,0.8275862068965517
Florida Keys,Looe Key,LK3,Florida Keys.Looe Key.LK3,Florida Keys.Looe Key.LK3.2014,24.54593,-81.40731,2014,31,0.9354838709677419,3061.7777777777774,Context-only pressure,Natural colony,29,0.6206896551724138
Florida Keys,Marker 3 Reef,MR1,Florida Keys.Marker 3 Reef.MR1,Florida Keys.Marker 3 Reef.MR1.2010,25.37328,-80.16062,2010,39,0.9487179487179487,809.7022222222223,Acute baseline-exclusion,Natural colony,37,0.8648648648648649
Florida Keys,Marker 3 Reef,MR1,Florida Keys.Marker 3 Reef.MR1,Florida Keys.Marker 3 Reef.MR1.2012,25.37328,-80.16062,2012,56,0.9107142857142857,646.74,Context-only pressure,Natural colony,49,0.7346938775510204
Florida Keys,Marker 3 Reef,MR1,Florida Keys.Marker 3 Reef.MR1,Florida Keys.Marker 3 Reef.MR1.2013,25.37328,-80.16062,2013,59,0.9491525423728814,855,Context-only pressure,Natural colony,56,0.8035714285714286
Florida Keys,Marker 3 Reef,MR1,Florida Keys.Marker 3 Reef.MR1,Florida Keys.Marker 3 Reef.MR1.2014,25.37328,-80.16062,2014,68,0.17647058823529413,748.6666666666667,Context-only pressure,Natural colony,12,0.08333333333333333
Florida Keys,Marker 3 Reef,MR2,Florida Keys.Marker 3 Reef.MR2,Florida Keys.Marker 3 Reef.MR2.2011,25.37328,-80.16062,2011,59,0.9322033898305084,193.6,Context-only pressure,Natural colony,54,0.9814814814814815
Florida Keys,Marker 3 Reef,MR2,Florida Keys.Marker 3 Reef.MR2,Florida Keys.Marker 3 Reef.MR2.2012,25.37328,-80.16062,2012,117,0.8290598290598291,106.7777777777778,Context-only pressure,Natural colony,97,0.8350515463917526
Florida Keys,Marker 3 Reef,MR2,Florida Keys.Marker 3 Reef.MR2,Florida Keys.Marker 3 Reef.MR2.2013,25.37328,-80.16062,2013,150,0.11333333333333333,181.3438888888889,Context-only pressure,Natural colony,17,0
Florida Keys,Marker 3 Reef,MR2,Florida Keys.Marker 3 Reef.MR2,Florida Keys.Marker 3 Reef.MR2.2015,25.37328,-80.16062,2015,17,0.7058823529411765,66.69444444444443,Context-only pressure,Natural colony,6,0.8333333333333334
Florida Keys,Marker 3 Reef,MR3,Florida Keys.Marker 3 Reef.MR3,Florida Keys.Marker 3 Reef.MR3.2011,25.37328,-80.16062,2011,49,1,266.7777777777777,Context-only pressure,Natural colony,49,0.9591836734693877
Florida Keys,Marker 3 Reef,MR3,Florida Keys.Marker 3 Reef.MR3,Florida Keys.Marker 3 Reef.MR3.2012,25.37328,-80.16062,2012,91,0.945054945054945,186.77777777777777,Context-only pressure,Natural colony,80,0.8
Florida Keys,Marker 3 Reef,MR3,Florida Keys.Marker 3 Reef.MR3,Florida Keys.Marker 3 Reef.MR3.2013,25.37328,-80.16062,2013,106,0.05660377358490566,209.20222222222225,Context-only pressure,Natural colony,6,0.6666666666666666
Florida Keys,Marker 3 Reef,MR3,Florida Keys.Marker 3 Reef.MR3,Florida Keys.Marker 3 Reef.MR3.2015,25.37328,-80.16062,2015,9,0.7777777777777778,136.9,Context-only pressure,Natural colony,6,0.8333333333333334
Florida Keys,Molasses Reef,ML1,Florida Keys.Molasses Reef.ML1,Florida Keys.Molasses Reef.ML1.2004,25.00958,-80.37481,2004,1,0,135,Context-only pressure,Natural colony,NA,NA
Florida Keys,Molasses Reef,ML1,Florida Keys.Molasses Reef.ML1,Florida Keys.Molasses Reef.ML1.2005,25.00958,-80.37481,2005,9,1,4200,Acute baseline-exclusion,Natural colony,9,0.4444444444444444
Florida Keys,Molasses Reef,ML1,Florida Keys.Molasses Reef.ML1,Florida Keys.Molasses Reef.ML1.2006,25.00958,-80.37481,2006,11,1,1575,Acute baseline-exclusion,Natural colony,11,0.2727272727272727
Florida Keys,Molasses Reef,ML1,Florida Keys.Molasses Reef.ML1,Florida Keys.Molasses Reef.ML1.2007,25.00958,-80.37481,2007,11,1,513,Context-only pressure,Natural colony,10,0.4
Florida Keys,Molasses Reef,ML1,Florida Keys.Molasses Reef.ML1,Florida Keys.Molasses Reef.ML1.2008,25.00958,-80.37481,2008,9,1,630,Context-only pressure,Natural colony,9,0.5555555555555556
Florida Keys,Molasses Reef,ML1,Florida Keys.Molasses Reef.ML1,Florida Keys.Molasses Reef.ML1.2009,25.00958,-80.37481,2009,8,1,728.19,Acute baseline-exclusion,Natural colony,8,0.625
Florida Keys,Molasses Reef,ML1,Florida Keys.Molasses Reef.ML1,Florida Keys.Molasses Reef.ML1.2010,25.00958,-80.37481,2010,7,1,1332,Acute baseline-exclusion,Natural colony,7,0.5714285714285714
Florida Keys,Molasses Reef,ML1,Florida Keys.Molasses Reef.ML1,Florida Keys.Molasses Reef.ML1.2011,25.00958,-80.37481,2011,8,0.875,781.02,Context-only pressure,Natural colony,7,0.8571428571428571
Florida Keys,Molasses Reef,ML1,Florida Keys.Molasses Reef.ML1,Florida Keys.Molasses Reef.ML1.2012,25.00958,-80.37481,2012,9,0.7777777777777778,493.5,Context-only pressure,Natural colony,7,0.7142857142857143
Florida Keys,Molasses Reef,ML1,Florida Keys.Molasses Reef.ML1,Florida Keys.Molasses Reef.ML1.2013,25.00958,-80.37481,2013,9,1,1200.5,Context-only pressure,Natural colony,9,0.7777777777777778
Florida Keys,Molasses Reef,ML1,Florida Keys.Molasses Reef.ML1,Florida Keys.Molasses Reef.ML1.2014,25.00958,-80.37481,2014,10,0.9,681,Context-only pressure,Natural colony,10,0.5
Florida Keys,Molasses Reef,ML1,Florida Keys.Molasses Reef.ML1,Florida Keys.Molasses Reef.ML1.2015,25.00958,-80.37481,2015,8,1,1265,Context-only pressure,Natural colony,8,0.625
Florida Keys,Molasses Reef,ML1,Florida Keys.Molasses Reef.ML1,Florida Keys.Molasses Reef.ML1.2016,25.00958,-80.37481,2016,8,1,702.4,Acute baseline-exclusion,Natural colony,8,0.625
Florida Keys,Molasses Reef,ML1,Florida Keys.Molasses Reef.ML1,Florida Keys.Molasses Reef.ML1.2017,25.00958,-80.37481,2017,7,0.8571428571428571,1075.2,Acute baseline-exclusion,Natural colony,6,0.6666666666666666
Florida Keys,Molasses Reef,ML1,Florida Keys.Molasses Reef.ML1,Florida Keys.Molasses Reef.ML1.2018,25.00958,-80.37481,2018,4,0.75,7293.6,Context-only pressure,Natural colony,3,0
Florida Keys,Molasses Reef,ML2,Florida Keys.Molasses Reef.ML2,Florida Keys.Molasses Reef.ML2.2005,25.009122,-80.374734,2005,17,0.9411764705882353,864,Acute baseline-exclusion,Natural colony,16,0.25
Florida Keys,Molasses Reef,ML2,Florida Keys.Molasses Reef.ML2,Florida Keys.Molasses Reef.ML2.2006,25.009122,-80.374734,2006,12,0.9166666666666666,1103.29,Acute baseline-exclusion,Natural colony,11,0.09090909090909091
Florida Keys,Molasses Reef,ML2,Florida Keys.Molasses Reef.ML2,Florida Keys.Molasses Reef.ML2.2007,25.009122,-80.374734,2007,10,0.9,2216.7,Context-only pressure,Natural colony,9,0.3333333333333333
Florida Keys,Molasses Reef,ML2,Florida Keys.Molasses Reef.ML2,Florida Keys.Molasses Reef.ML2.2008,25.009122,-80.374734,2008,9,1,3493.2,Context-only pressure,Natural colony,9,0.6666666666666666
Florida Keys,Molasses Reef,ML2,Florida Keys.Molasses Reef.ML2,Florida Keys.Molasses Reef.ML2.2009,25.009122,-80.374734,2009,9,1,2808,Acute baseline-exclusion,Natural colony,9,0.4444444444444444
Florida Keys,Molasses Reef,ML2,Florida Keys.Molasses Reef.ML2,Florida Keys.Molasses Reef.ML2.2010,25.009122,-80.374734,2010,8,1,3009.8,Acute baseline-exclusion,Natural colony,8,0.75
Florida Keys,Molasses Reef,ML2,Florida Keys.Molasses Reef.ML2,Florida Keys.Molasses Reef.ML2.2011,25.009122,-80.374734,2011,11,1,414.8,Context-only pressure,Natural colony,11,0.45454545454545453
Florida Keys,Molasses Reef,ML2,Florida Keys.Molasses Reef.ML2,Florida Keys.Molasses Reef.ML2.2012,25.009122,-80.374734,2012,12,1,228.725,Context-only pressure,Natural colony,12,0.4166666666666667
Florida Keys,Molasses Reef,ML2,Florida Keys.Molasses Reef.ML2,Florida Keys.Molasses Reef.ML2.2013,25.009122,-80.374734,2013,12,1,687.75,Context-only pressure,Natural colony,11,0.45454545454545453
Florida Keys,Molasses Reef,ML2,Florida Keys.Molasses Reef.ML2,Florida Keys.Molasses Reef.ML2.2014,25.009122,-80.374734,2014,12,1,467.90000000000003,Context-only pressure,Natural colony,12,0.5833333333333334
Florida Keys,Molasses Reef,ML2,Florida Keys.Molasses Reef.ML2,Florida Keys.Molasses Reef.ML2.2015,25.009122,-80.374734,2015,12,0.9166666666666666,253.875,Context-only pressure,Natural colony,11,0.36363636363636365
Florida Keys,Molasses Reef,ML2,Florida Keys.Molasses Reef.ML2,Florida Keys.Molasses Reef.ML2.2016,25.009122,-80.374734,2016,12,0.75,289.425,Acute baseline-exclusion,Natural colony,9,0.2222222222222222
Florida Keys,Molasses Reef,ML2,Florida Keys.Molasses Reef.ML2,Florida Keys.Molasses Reef.ML2.2017,25.009122,-80.374734,2017,12,0.5833333333333334,210,Acute baseline-exclusion,Natural colony,7,0.42857142857142855
Florida Keys,Molasses Reef,ML2,Florida Keys.Molasses Reef.ML2,Florida Keys.Molasses Reef.ML2.2018,25.009122,-80.374734,2018,9,0.4444444444444444,39.6,Context-only pressure,Natural colony,4,0
Florida Keys,Molasses Reef,ML2,Florida Keys.Molasses Reef.ML2,Florida Keys.Molasses Reef.ML2.2019,25.009122,-80.374734,2019,3,0.6666666666666666,12,Context-only pressure,Natural colony,2,0
Florida Keys,Molasses Reef,ML2,Florida Keys.Molasses Reef.ML2,Florida Keys.Molasses Reef.ML2.2022,25.009122,-80.374734,2022,2,0,10,Acute baseline-exclusion,Natural colony,NA,NA
Florida Keys,Molasses Reef,ML3,Florida Keys.Molasses Reef.ML3,Florida Keys.Molasses Reef.ML3.2005,25.010151,-80.373305,2005,11,1,7800,Acute baseline-exclusion,Natural colony,11,0.7272727272727273
Florida Keys,Molasses Reef,ML3,Florida Keys.Molasses Reef.ML3,Florida Keys.Molasses Reef.ML3.2006,25.010151,-80.373305,2006,10,1,8395.6,Acute baseline-exclusion,Natural colony,10,0.5
Florida Keys,Molasses Reef,ML3,Florida Keys.Molasses Reef.ML3,Florida Keys.Molasses Reef.ML3.2007,25.010151,-80.373305,2007,10,1,5398.25,Context-only pressure,Natural colony,10,0.8
Florida Keys,Molasses Reef,ML3,Florida Keys.Molasses Reef.ML3,Florida Keys.Molasses Reef.ML3.2008,25.010151,-80.373305,2008,10,1,5666.875,Context-only pressure,Natural colony,10,0.8
Florida Keys,Molasses Reef,ML3,Florida Keys.Molasses Reef.ML3,Florida Keys.Molasses Reef.ML3.2009,25.010151,-80.373305,2009,10,1,6795,Acute baseline-exclusion,Natural colony,10,0.8
Florida Keys,Molasses Reef,ML3,Florida Keys.Molasses Reef.ML3,Florida Keys.Molasses Reef.ML3.2010,25.010151,-80.373305,2010,10,1,8019,Acute baseline-exclusion,Natural colony,10,0.5
Florida Keys,Molasses Reef,ML3,Florida Keys.Molasses Reef.ML3,Florida Keys.Molasses Reef.ML3.2011,25.010151,-80.373305,2011,12,1,6388.2,Context-only pressure,Natural colony,12,0.5833333333333334
Florida Keys,Molasses Reef,ML3,Florida Keys.Molasses Reef.ML3,Florida Keys.Molasses Reef.ML3.2012,25.010151,-80.373305,2012,12,1,6731.1,Context-only pressure,Natural colony,12,0.75
Florida Keys,Molasses Reef,ML3,Florida Keys.Molasses Reef.ML3,Florida Keys.Molasses Reef.ML3.2013,25.010151,-80.373305,2013,12,1,6828.4,Context-only pressure,Natural colony,12,0.5
Florida Keys,Molasses Reef,ML3,Florida Keys.Molasses Reef.ML3,Florida Keys.Molasses Reef.ML3.2014,25.010151,-80.373305,2014,12,1,6298.8,Context-only pressure,Natural colony,12,0.5833333333333334
Florida Keys,Molasses Reef,ML3,Florida Keys.Molasses Reef.ML3,Florida Keys.Molasses Reef.ML3.2015,25.010151,-80.373305,2015,12,0.9166666666666666,5188.5,Context-only pressure,Natural colony,9,0.3333333333333333
Florida Keys,Molasses Reef,ML3,Florida Keys.Molasses Reef.ML3,Florida Keys.Molasses Reef.ML3.2016,25.010151,-80.373305,2016,12,0.8333333333333334,3048.65,Acute baseline-exclusion,Natural colony,10,0.3
Florida Keys,Molasses Reef,ML3,Florida Keys.Molasses Reef.ML3,Florida Keys.Molasses Reef.ML3.2017,25.010151,-80.373305,2017,12,0.8333333333333334,4121.775,Acute baseline-exclusion,Natural colony,10,0.3
Florida Keys,Molasses Reef,ML3,Florida Keys.Molasses Reef.ML3,Florida Keys.Molasses Reef.ML3.2018,25.010151,-80.373305,2018,12,0.6666666666666666,203.2,Context-only pressure,Natural colony,8,0.125
Florida Keys,Molasses Reef,ML3,Florida Keys.Molasses Reef.ML3,Florida Keys.Molasses Reef.ML3.2019,25.010151,-80.373305,2019,8,0.125,187.5,Context-only pressure,Natural colony,1,0
Florida Keys,Molasses Reef,ML3,Florida Keys.Molasses Reef.ML3,Florida Keys.Molasses Reef.ML3.2022,25.010151,-80.373305,2022,1,0,23.4,Acute baseline-exclusion,Natural colony,NA,NA
Florida Keys,Molasses Reef,NA,NA,NA,25.00984,-80.37395,2015,26,0.34615384615384615,89,Context-only pressure,Restoration fragment,717,0.8437935843793585
Florida Keys,Molasses Reef,NA,NA,NA,25.01,-80.37381,2015,27,0.4444444444444444,87.75,Context-only pressure,Restoration fragment,717,0.8437935843793585
Florida Keys,Molasses Reef,NA,NA,NA,25.01006,-80.37362,2015,28,0.5,96.1,Context-only pressure,Restoration fragment,717,0.8437935843793585
Florida Keys,Molasses Reef,NA,NA,NA,25.0106,-80.37275,2016,120,0.25,54,Acute baseline-exclusion,Restoration fragment,717,0.8437935843793585
Florida Keys,North Dry Rocks,NA,NA,NA,25.12965,-80.29367,2016,40,0.75,52.375,Acute baseline-exclusion,Restoration fragment,717,0.8437935843793585
Florida Keys,North Dry Rocks,NA,NA,NA,25.12983,-80.29369,2016,40,0.75,57.25,Acute baseline-exclusion,Restoration fragment,717,0.8437935843793585
Florida Keys,North Dry Rocks,NA,NA,NA,25.13002,-80.29386,2016,40,0.725,50.25,Acute baseline-exclusion,Restoration fragment,717,0.8437935843793585
Florida Keys,Palmata Patch,DT1,Florida Keys.Palmata Patch.DT1,Florida Keys.Palmata Patch.DT1.2011,24.62098,-82.86745,2011,52,0.8076923076923077,779.5822222222222,Context-only pressure,Natural colony,42,0.5238095238095238
Florida Keys,Palmata Patch,DT1,Florida Keys.Palmata Patch.DT1,Florida Keys.Palmata Patch.DT1.2012,24.62098,-82.86745,2012,77,0.6883116883116883,777.6,Context-only pressure,Natural colony,51,0.7450980392156863
Florida Keys,Palmata Patch,DT1,Florida Keys.Palmata Patch.DT1,Florida Keys.Palmata Patch.DT1.2013,24.62098,-82.86745,2013,55,0.9272727272727272,1184.7111111111112,Context-only pressure,Natural colony,50,0.74
Florida Keys,Palmata Patch,DT1,Florida Keys.Palmata Patch.DT1,Florida Keys.Palmata Patch.DT1.2014,24.62098,-82.86745,2014,53,0.9245283018867925,1444.95,Context-only pressure,Natural colony,49,0.32653061224489793
Florida Keys,Palmata Patch,DT1,Florida Keys.Palmata Patch.DT1,Florida Keys.Palmata Patch.DT1.2015,24.62098,-82.86745,2015,51,0.803921568627451,1315.0444444444445,Context-only pressure,Natural colony,41,0.1951219512195122
Florida Keys,Palmata Patch,DT2,Florida Keys.Palmata Patch.DT2,Florida Keys.Palmata Patch.DT2.2011,24.62098,-82.86745,2011,24,0.7916666666666666,369.6383333333334,Context-only pressure,Natural colony,19,0.5789473684210527
Florida Keys,Palmata Patch,DT2,Florida Keys.Palmata Patch.DT2,Florida Keys.Palmata Patch.DT2.2012,24.62098,-82.86745,2012,27,0.7407407407407407,367.438888888889,Context-only pressure,Natural colony,19,0.5263157894736842
Florida Keys,Palmata Patch,DT2,Florida Keys.Palmata Patch.DT2,Florida Keys.Palmata Patch.DT2.2013,24.62098,-82.86745,2013,20,0.9,612.8666666666666,Context-only pressure,Natural colony,18,0.6666666666666666
Florida Keys,Palmata Patch,DT2,Florida Keys.Palmata Patch.DT2,Florida Keys.Palmata Patch.DT2.2014,24.62098,-82.86745,2014,21,0.9523809523809523,732.168888888889,Context-only pressure,Natural colony,20,0.5
Florida Keys,Palmata Patch,DT2,Florida Keys.Palmata Patch.DT2,Florida Keys.Palmata Patch.DT2.2015,24.62098,-82.86745,2015,20,0.8,589.2627777777777,Context-only pressure,Natural colony,16,0.25
Florida Keys,Pickles Reef,NA,NA,NA,24.98577,-80.41569,2015,27,0.5925925925925926,84,Context-only pressure,Restoration fragment,717,0.8437935843793585
Florida Keys,Pickles Reef,NA,NA,NA,24.98588,-80.41554,2015,28,0.32142857142857145,92.25,Context-only pressure,Restoration fragment,717,0.8437935843793585
Florida Keys,Pickles Reef,NA,NA,NA,24.98609,-80.41514,2015,28,0.42857142857142855,90.75,Context-only pressure,Restoration fragment,717,0.8437935843793585
Florida Keys,Pickles Reef,NA,NA,NA,24.98573,-80.41569,2016,40,0.85,44,Acute baseline-exclusion,Restoration fragment,717,0.8437935843793585
Florida Keys,Pickles Reef,NA,NA,NA,24.98575,-80.41558,2016,40,0.925,53.25,Acute baseline-exclusion,Restoration fragment,717,0.8437935843793585
Florida Keys,Pickles Reef,NA,NA,NA,24.98607,-80.41506,2016,40,0.75,52.375,Acute baseline-exclusion,Restoration fragment,717,0.8437935843793585
Florida Keys,Rock Key,RK1,Florida Keys.Rock Key.RK1,Florida Keys.Rock Key.RK1.2010,24.45449,-81.85842,2010,10,1,1151.2622222222221,Acute baseline-exclusion,Natural colony,10,0.5
Florida Keys,Rock Key,RK1,Florida Keys.Rock Key.RK1,Florida Keys.Rock Key.RK1.2012,24.45449,-81.85842,2012,10,1,1670.1111111111113,Context-only pressure,Natural colony,10,0.6
Florida Keys,Rock Key,RK1,Florida Keys.Rock Key.RK1,Florida Keys.Rock Key.RK1.2013,24.45449,-81.85842,2013,11,0.9090909090909091,2038.008888888889,Context-only pressure,Natural colony,10,0.6
Florida Keys,Rock Key,RK1,Florida Keys.Rock Key.RK1,Florida Keys.Rock Key.RK1.2014,24.45449,-81.85842,2014,10,0.3,2502.25,Context-only pressure,Natural colony,3,0
Florida Keys,SMK,NA,NA,NA,24.62687,-81.10893,2019,10,0.4,13.875,Context-only pressure,Restoration fragment,717,0.8437935843793585
Florida Keys,Sand Island,SI1,Florida Keys.Sand Island.SI1,Florida Keys.Sand Island.SI1.2009,25.018314,-80.368583,2009,1,0,578,Context-only pressure,Natural colony,NA,NA
Florida Keys,Sand Island,SI1,Florida Keys.Sand Island.SI1,Florida Keys.Sand Island.SI1.2010,25.018314,-80.368583,2010,11,0.8181818181818182,1170,Acute baseline-exclusion,Natural colony,9,0.4444444444444444
Florida Keys,Sand Island,SI1,Florida Keys.Sand Island.SI1,Florida Keys.Sand Island.SI1.2011,25.018314,-80.368583,2011,10,0.8,463.55499999999995,Context-only pressure,Natural colony,8,0.625
Florida Keys,Sand Island,SI1,Florida Keys.Sand Island.SI1,Florida Keys.Sand Island.SI1.2012,25.018314,-80.368583,2012,12,1,182,Context-only pressure,Natural colony,11,0.8181818181818182
Florida Keys,Sand Island,SI1,Florida Keys.Sand Island.SI1,Florida Keys.Sand Island.SI1.2013,25.018314,-80.368583,2013,12,1,243.1,Context-only pressure,Natural colony,12,0.5
Florida Keys,Sand Island,SI1,Florida Keys.Sand Island.SI1,Florida Keys.Sand Island.SI1.2014,25.018314,-80.368583,2014,12,1,654.275,Context-only pressure,Natural colony,12,0.75
Florida Keys,Sand Island,SI1,Florida Keys.Sand Island.SI1,Florida Keys.Sand Island.SI1.2015,25.018314,-80.368583,2015,12,0.9166666666666666,1286.75,Context-only pressure,Natural colony,11,0.7272727272727273
Florida Keys,Sand Island,SI1,Florida Keys.Sand Island.SI1,Florida Keys.Sand Island.SI1.2016,25.018314,-80.368583,2016,10,1,2106,Acute baseline-exclusion,Natural colony,10,0.3
Florida Keys,Sand Island,SI1,Florida Keys.Sand Island.SI1,Florida Keys.Sand Island.SI1.2017,25.018314,-80.368583,2017,12,0.6666666666666666,1098.175,Acute baseline-exclusion,Natural colony,8,0
Florida Keys,Sand Island,SI1,Florida Keys.Sand Island.SI1,Florida Keys.Sand Island.SI1.2018,25.018314,-80.368583,2018,12,0.6666666666666666,131.5,Context-only pressure,Natural colony,7,0.2857142857142857
Florida Keys,Sand Island,SI1,Florida Keys.Sand Island.SI1,Florida Keys.Sand Island.SI1.2019,25.018314,-80.368583,2019,12,0.8333333333333334,109.65,Context-only pressure,Natural colony,10,0.4
Florida Keys,Sand Island,SI1,Florida Keys.Sand Island.SI1,Florida Keys.Sand Island.SI1.2022,25.018314,-80.368583,2022,12,0.6666666666666666,150.475,Acute baseline-exclusion,Natural colony,8,0.5
Florida Keys,Sand Island,SI1,Florida Keys.Sand Island.SI1,Florida Keys.Sand Island.SI1.2023,25.018314,-80.368583,2023,8,0.75,366,Acute baseline-exclusion,Natural colony,5,0.2
Florida Keys,Sand Island,SI2,Florida Keys.Sand Island.SI2,Florida Keys.Sand Island.SI2.2009,25.018249,-80.368447,2009,4,0,317.5,Context-only pressure,Natural colony,NA,NA
Florida Keys,Sand Island,SI2,Florida Keys.Sand Island.SI2,Florida Keys.Sand Island.SI2.2010,25.018249,-80.368447,2010,8,1,2766.8,Acute baseline-exclusion,Natural colony,8,0.5
Florida Keys,Sand Island,SI2,Florida Keys.Sand Island.SI2,Florida Keys.Sand Island.SI2.2011,25.018249,-80.368447,2011,12,0.8333333333333334,2777.46,Context-only pressure,Natural colony,10,0.5
Florida Keys,Sand Island,SI2,Florida Keys.Sand Island.SI2,Florida Keys.Sand Island.SI2.2012,25.018249,-80.368447,2012,12,0.9166666666666666,5003.55,Context-only pressure,Natural colony,11,0.9090909090909091
Florida Keys,Sand Island,SI2,Florida Keys.Sand Island.SI2,Florida Keys.Sand Island.SI2.2013,25.018249,-80.368447,2013,12,1,5961.4,Context-only pressure,Natural colony,12,0.8333333333333334
Florida Keys,Sand Island,SI2,Florida Keys.Sand Island.SI2,Florida Keys.Sand Island.SI2.2014,25.018249,-80.368447,2014,12,0.9166666666666666,5130,Context-only pressure,Natural colony,11,0.9090909090909091
Florida Keys,Sand Island,SI2,Florida Keys.Sand Island.SI2,Florida Keys.Sand Island.SI2.2015,25.018249,-80.368447,2015,12,1,6407.25,Context-only pressure,Natural colony,12,0.4166666666666667
Florida Keys,Sand Island,SI2,Florida Keys.Sand Island.SI2,Florida Keys.Sand Island.SI2.2016,25.018249,-80.368447,2016,12,1,6558.75,Acute baseline-exclusion,Natural colony,12,0.25
Florida Keys,Sand Island,SI2,Florida Keys.Sand Island.SI2,Florida Keys.Sand Island.SI2.2017,25.018249,-80.368447,2017,12,0.8333333333333334,6528.9,Acute baseline-exclusion,Natural colony,10,0.7
Florida Keys,Sand Island,SI2,Florida Keys.Sand Island.SI2,Florida Keys.Sand Island.SI2.2018,25.018249,-80.368447,2018,12,0.9166666666666666,8994,Context-only pressure,Natural colony,11,0.18181818181818182
Florida Keys,Sand Island,SI2,Florida Keys.Sand Island.SI2,Florida Keys.Sand Island.SI2.2019,25.018249,-80.368447,2019,12,1,5516.25,Context-only pressure,Natural colony,12,0.6666666666666666
Florida Keys,Sand Island,SI2,Florida Keys.Sand Island.SI2,Florida Keys.Sand Island.SI2.2022,25.018249,-80.368447,2022,12,0.9166666666666666,5945.75,Acute baseline-exclusion,Natural colony,11,0.45454545454545453
Florida Keys,Sand Island,SI2,Florida Keys.Sand Island.SI2,Florida Keys.Sand Island.SI2.2023,25.018249,-80.368447,2023,11,1,6917.4,Acute baseline-exclusion,Natural colony,11,0.09090909090909091
Florida Keys,Sand Island,SI3,Florida Keys.Sand Island.SI3,Florida Keys.Sand Island.SI3.2010,25.018128,-80.368348,2010,11,0.8181818181818182,117,Acute baseline-exclusion,Natural colony,10,0.7
Florida Keys,Sand Island,SI3,Florida Keys.Sand Island.SI3,Florida Keys.Sand Island.SI3.2011,25.018128,-80.368348,2011,10,0.9,166.23000000000002,Context-only pressure,Natural colony,9,0.3333333333333333
Florida Keys,Sand Island,SI3,Florida Keys.Sand Island.SI3,Florida Keys.Sand Island.SI3.2012,25.018128,-80.368348,2012,10,0.9,109.9,Context-only pressure,Natural colony,9,0.6666666666666666
Florida Keys,Sand Island,SI3,Florida Keys.Sand Island.SI3,Florida Keys.Sand Island.SI3.2013,25.018128,-80.368348,2013,9,1,99,Context-only pressure,Natural colony,9,0.5555555555555556
Florida Keys,Sand Island,SI3,Florida Keys.Sand Island.SI3,Florida Keys.Sand Island.SI3.2014,25.018128,-80.368348,2014,9,1,120,Context-only pressure,Natural colony,9,0.7777777777777778
Florida Keys,Sand Island,SI3,Florida Keys.Sand Island.SI3,Florida Keys.Sand Island.SI3.2015,25.018128,-80.368348,2015,9,0.7777777777777778,238,Context-only pressure,Natural colony,7,0.2857142857142857
Florida Keys,Sand Island,SI3,Florida Keys.Sand Island.SI3,Florida Keys.Sand Island.SI3.2016,25.018128,-80.368348,2016,6,0.3333333333333333,69.375,Context-only pressure,Natural colony,2,0
Florida Keys,Sand Island,SI3,Florida Keys.Sand Island.SI3,Florida Keys.Sand Island.SI3.2017,25.018128,-80.368348,2017,2,1,2494.575,Acute baseline-exclusion,Natural colony,2,0
Florida Keys,Sand Island,SI3,Florida Keys.Sand Island.SI3,Florida Keys.Sand Island.SI3.2018,25.018128,-80.368348,2018,1,0,1820.4,Context-only pressure,Natural colony,NA,NA
Florida Keys,Sand Island,SI3,Florida Keys.Sand Island.SI3,Florida Keys.Sand Island.SI3.2019,25.018128,-80.368348,2019,7,1,285.12,Context-only pressure,Natural colony,7,0.5714285714285714
Florida Keys,Sand Island,SI3,Florida Keys.Sand Island.SI3,Florida Keys.Sand Island.SI3.2022,25.018128,-80.368348,2022,7,0.8571428571428571,309.4,Acute baseline-exclusion,Natural colony,6,0.6666666666666666
Florida Keys,Sand Island,SI3,Florida Keys.Sand Island.SI3,Florida Keys.Sand Island.SI3.2023,25.018128,-80.368348,2023,6,0.8333333333333334,163,Acute baseline-exclusion,Natural colony,4,0.25
Florida Keys,Sand Key,SK1,Florida Keys.Sand Key.SK1,Florida Keys.Sand Key.SK1.2010,24.45244,-81.87706,2010,22,0.4090909090909091,253.305,Acute baseline-exclusion,Natural colony,9,0.3333333333333333
Florida Keys,Sand Key,SK1,Florida Keys.Sand Key.SK1,Florida Keys.Sand Key.SK1.2012,24.45244,-81.87706,2012,12,0.9166666666666666,105.9961111111111,Context-only pressure,Natural colony,7,0.5714285714285714
Florida Keys,Sand Key,SK1,Florida Keys.Sand Key.SK1,Florida Keys.Sand Key.SK1.2013,24.45244,-81.87706,2013,10,0.9,99.01111111111112,Context-only pressure,Natural colony,7,0.5714285714285714
Florida Keys,Sand Key,SK1,Florida Keys.Sand Key.SK1,Florida Keys.Sand Key.SK1.2014,24.45244,-81.87706,2014,9,0.1111111111111111,92.50999999999996,Context-only pressure,Natural colony,1,0
Florida Keys,Sand Key,SK2,Florida Keys.Sand Key.SK2,Florida Keys.Sand Key.SK2.2010,24.45244,-81.87706,2010,33,0.8181818181818182,1064.7777777777778,Acute baseline-exclusion,Natural colony,27,0.3333333333333333
Florida Keys,Sand Key,SK2,Florida Keys.Sand Key.SK2,Florida Keys.Sand Key.SK2.2012,24.45244,-81.87706,2012,28,1,879.7538888888889,Context-only pressure,Natural colony,26,0.46153846153846156
Florida Keys,Sand Key,SK2,Florida Keys.Sand Key.SK2,Florida Keys.Sand Key.SK2.2013,24.45244,-81.87706,2013,28,0.9642857142857143,1166.4677777777779,Context-only pressure,Natural colony,27,0.3333333333333333
Florida Keys,Sand Key,SK2,Florida Keys.Sand Key.SK2,Florida Keys.Sand Key.SK2.2014,24.45244,-81.87706,2014,27,0.037037037037037035,890.0277777777777,Context-only pressure,Natural colony,1,0
Florida Keys,Sombrero Reef,SR1,Florida Keys.Sombrero Reef.SR1,Florida Keys.Sombrero Reef.SR1.2010,24.62592,-81.11045,2010,11,0.9090909090909091,5302.3677777777775,Acute baseline-exclusion,Natural colony,10,0.7
Florida Keys,Sombrero Reef,SR1,Florida Keys.Sombrero Reef.SR1,Florida Keys.Sombrero Reef.SR1.2012,24.62592,-81.11045,2012,12,1,3721.4544444444455,Context-only pressure,Natural colony,11,1
Florida Keys,Sombrero Reef,SR1,Florida Keys.Sombrero Reef.SR1,Florida Keys.Sombrero Reef.SR1.2013,24.62592,-81.11045,2013,13,1,3728.68,Context-only pressure,Natural colony,13,0.6923076923076923
Florida Keys,Sombrero Reef,SR1,Florida Keys.Sombrero Reef.SR1,Florida Keys.Sombrero Reef.SR1.2014,24.62592,-81.11045,2014,13,0.9230769230769231,4804.910000000001,Context-only pressure,Natural colony,12,0.75
Florida Keys,Sombrero Reef,SR2,Florida Keys.Sombrero Reef.SR2,Florida Keys.Sombrero Reef.SR2.2010,24.62592,-81.11045,2010,6,1,728.2772222222222,Acute baseline-exclusion,Natural colony,6,0.6666666666666666
Florida Keys,Sombrero Reef,SR2,Florida Keys.Sombrero Reef.SR2,Florida Keys.Sombrero Reef.SR2.2012,24.62592,-81.11045,2012,6,0.8333333333333334,773.5711111111111,Context-only pressure,Natural colony,NA,NA
Florida Keys,Sombrero Reef,SR2,Florida Keys.Sombrero Reef.SR2,Florida Keys.Sombrero Reef.SR2.2013,24.62592,-81.11045,2013,5,0.8,2073.68,Context-only pressure,Natural colony,4,0.5
Florida Keys,Sombrero Reef,SR2,Florida Keys.Sombrero Reef.SR2,Florida Keys.Sombrero Reef.SR2.2014,24.62592,-81.11045,2014,4,1,3072.885,Context-only pressure,Natural colony,4,0.75
Florida Keys,Sombrero Reef,SR3,Florida Keys.Sombrero Reef.SR3,Florida Keys.Sombrero Reef.SR3.2011,24.62592,-81.11045,2011,5,1,2273.1855555555553,Context-only pressure,Natural colony,5,0.4
Florida Keys,Sombrero Reef,SR3,Florida Keys.Sombrero Reef.SR3,Florida Keys.Sombrero Reef.SR3.2012,24.62592,-81.11045,2012,5,1,963.4277777777778,Context-only pressure,Natural colony,NA,NA
Florida Keys,Sombrero Reef,SR3,Florida Keys.Sombrero Reef.SR3,Florida Keys.Sombrero Reef.SR3.2013,24.62592,-81.11045,2013,5,0.6,1456.0444444444447,Context-only pressure,Natural colony,3,0.6666666666666666
Florida Keys,Sombrero Reef,SR3,Florida Keys.Sombrero Reef.SR3,Florida Keys.Sombrero Reef.SR3.2014,24.62592,-81.11045,2014,3,1,3173.644444444444,Context-only pressure,Natural colony,3,0
Florida Keys,Turtle Rocks,TR1,Florida Keys.Turtle Rocks.TR1,Florida Keys.Turtle Rocks.TR1.2010,25.28067,-80.20888,2010,11,0.9090909090909091,1181.25,Acute baseline-exclusion,Natural colony,10,0.4
Florida Keys,Turtle Rocks,TR1,Florida Keys.Turtle Rocks.TR1,Florida Keys.Turtle Rocks.TR1.2011,25.28067,-80.20888,2011,12,1,4043.25,Context-only pressure,Natural colony,12,0.5833333333333334
Florida Keys,Turtle Rocks,TR1,Florida Keys.Turtle Rocks.TR1,Florida Keys.Turtle Rocks.TR1.2013,25.28067,-80.20888,2013,12,0.3333333333333333,3255,Context-only pressure,Natural colony,4,0.25
Florida Keys,Turtle Rocks,TR1,Florida Keys.Turtle Rocks.TR1,Florida Keys.Turtle Rocks.TR1.2014,25.28067,-80.20888,2014,12,0.8333333333333334,621.3,Context-only pressure,Natural colony,10,0.8
Florida Keys,Turtle Rocks,TR1,Florida Keys.Turtle Rocks.TR1,Florida Keys.Turtle Rocks.TR1.2015,25.28067,-80.20888,2015,12,0.8333333333333334,935,Context-only pressure,Natural colony,10,0.3
Florida Keys,Turtle Rocks,TR2,Florida Keys.Turtle Rocks.TR2,Florida Keys.Turtle Rocks.TR2.2010,25.28072,-80.20907,2010,12,0.8333333333333334,196.01999999999998,Acute baseline-exclusion,Natural colony,9,1
Florida Keys,Turtle Rocks,TR2,Florida Keys.Turtle Rocks.TR2,Florida Keys.Turtle Rocks.TR2.2011,25.28072,-80.20907,2011,12,0.8333333333333334,497,Context-only pressure,Natural colony,10,1
Florida Keys,Turtle Rocks,TR2,Florida Keys.Turtle Rocks.TR2,Florida Keys.Turtle Rocks.TR2.2013,25.28072,-80.20907,2013,3,1,1087.8,Context-only pressure,Natural colony,3,1
Florida Keys,Turtle Rocks,TR2,Florida Keys.Turtle Rocks.TR2,Florida Keys.Turtle Rocks.TR2.2014,25.28072,-80.20907,2014,11,1,744.8,Context-only pressure,Natural colony,10,0.9
Florida Keys,Turtle Rocks,TR2,Florida Keys.Turtle Rocks.TR2,Florida Keys.Turtle Rocks.TR2.2015,25.28072,-80.20907,2015,11,1,1160,Context-only pressure,Natural colony,11,0.45454545454545453
Florida Keys,Turtle Rocks,TR3,Florida Keys.Turtle Rocks.TR3,Florida Keys.Turtle Rocks.TR3.2010,25.28078,-80.20882,2010,10,1,669,Acute baseline-exclusion,Natural colony,10,0.9
Florida Keys,Turtle Rocks,TR3,Florida Keys.Turtle Rocks.TR3,Florida Keys.Turtle Rocks.TR3.2011,25.28078,-80.20882,2011,12,1,899,Context-only pressure,Natural colony,12,0.75
Florida Keys,Turtle Rocks,TR3,Florida Keys.Turtle Rocks.TR3,Florida Keys.Turtle Rocks.TR3.2013,25.28078,-80.20882,2013,1,1,21120,Context-only pressure,Natural colony,1,1
Florida Keys,Turtle Rocks,TR3,Florida Keys.Turtle Rocks.TR3,Florida Keys.Turtle Rocks.TR3.2014,25.28078,-80.20882,2014,12,0.9166666666666666,1489,Context-only pressure,Natural colony,10,1
Florida Keys,Turtle Rocks,TR3,Florida Keys.Turtle Rocks.TR3,Florida Keys.Turtle Rocks.TR3.2015,25.28078,-80.20882,2015,11,0.9090909090909091,1940.4,Context-only pressure,Natural colony,10,0.4
Florida Keys,West Sambo Key,WS1,Florida Keys.West Sambo Key.WS1,Florida Keys.West Sambo Key.WS1.2010,24.47987,-81.71284,2010,20,0.7,122.76666666666665,Acute baseline-exclusion,Natural colony,14,0.5714285714285714
Florida Keys,West Sambo Key,WS1,Florida Keys.West Sambo Key.WS1,Florida Keys.West Sambo Key.WS1.2012,24.47987,-81.71284,2012,19,0.9473684210526315,82.75555555555557,Context-only pressure,Natural colony,16,0.75
Florida Keys,West Sambo Key,WS1,Florida Keys.West Sambo Key.WS1,Florida Keys.West Sambo Key.WS1.2013,24.47987,-81.71284,2013,18,0.1111111111111111,133.20000000000002,Context-only pressure,Natural colony,2,0
Florida Keys,West Sambo Key,WS1,Florida Keys.West Sambo Key.WS1,Florida Keys.West Sambo Key.WS1.2014,24.47987,-81.71284,2014,3,0.3333333333333333,56.33333333333334,Context-only pressure,Natural colony,1,0
Florida Keys,West Sambo Key,WS2,Florida Keys.West Sambo Key.WS2,Florida Keys.West Sambo Key.WS2.2010,24.47987,-81.71284,2010,8,1,381.09333333333336,Acute baseline-exclusion,Natural colony,8,0.25
Florida Keys,West Sambo Key,WS2,Florida Keys.West Sambo Key.WS2,Florida Keys.West Sambo Key.WS2.2012,24.47987,-81.71284,2012,9,1,313.6000000000001,Context-only pressure,Natural colony,6,0.5
Florida Keys,West Sambo Key,WS2,Florida Keys.West Sambo Key.WS2,Florida Keys.West Sambo Key.WS2.2013,24.47987,-81.71284,2013,9,0.6666666666666666,548.8,Context-only pressure,Natural colony,6,0
Florida Keys,West Sambo Key,WS2,Florida Keys.West Sambo Key.WS2,Florida Keys.West Sambo Key.WS2.2014,24.47987,-81.71284,2014,6,0,59.90555555555555,Context-only pressure,Natural colony,NA,NA
Florida Keys,West Sambo Key,WS3,Florida Keys.West Sambo Key.WS3,Florida Keys.West Sambo Key.WS3.2010,24.47987,-81.71284,2010,26,0.6153846153846154,924.3299999999999,Acute baseline-exclusion,Natural colony,16,0.0625
Florida Keys,West Sambo Key,WS3,Florida Keys.West Sambo Key.WS3,Florida Keys.West Sambo Key.WS3.2012,24.47987,-81.71284,2012,19,0.8947368421052632,510.54666666666674,Context-only pressure,Natural colony,15,0.6
Florida Keys,West Sambo Key,WS3,Florida Keys.West Sambo Key.WS3,Florida Keys.West Sambo Key.WS3.2013,24.47987,-81.71284,2013,18,0.3888888888888889,527.5238888888889,Context-only pressure,Natural colony,7,0
Florida Keys,West Sambo Key,WS3,Florida Keys.West Sambo Key.WS3,Florida Keys.West Sambo Key.WS3.2014,24.47987,-81.71284,2014,7,0,136.1111111111111,Context-only pressure,Natural colony,NA,NA
Mexican Caribbean,Cuevones Reef,NA,NA,NA,21.15,-86.74,2016,19,1,35.5344719002872,Context-only pressure,Natural colony,717,0.8437935843793585
Mexican Caribbean,Picudas Reef,NA,NA,NA,20.88,-86.85,2021,16,1,414.75,Context-only pressure,Natural colony,717,0.8437935843793585
Mexican Caribbean,Puerto Morelos Nursery,NA,NA,NA,20.88,-86.85,2016,17,1,10.7775209880308,Context-only pressure,Natural colony,717,0.8437935843793585
Navassa,LuLu Bay,LB1,Navassa.LuLu Bay.LB1,Navassa.LuLu Bay.LB1.2009,18.396638,-75.018962,2009,12,1,2368.575,Context-only pressure,Natural colony,12,0.8333333333333334
Navassa,LuLu Bay,LB1,Navassa.LuLu Bay.LB1,Navassa.LuLu Bay.LB1.2012,18.396638,-75.018962,2012,12,1,3145,Context-only pressure,Natural colony,12,0.75
Navassa,LuLu Bay,LB2,Navassa.LuLu Bay.LB2,Navassa.LuLu Bay.LB2.2009,18.396387,-75.018835,2009,11,1,4860,Context-only pressure,Natural colony,11,0.8181818181818182
Navassa,LuLu Bay,LB2,Navassa.LuLu Bay.LB2,Navassa.LuLu Bay.LB2.2012,18.396387,-75.018835,2012,12,1,7481.25,Context-only pressure,Natural colony,12,0.6666666666666666
Navassa,Northwest Point,NW1,Navassa.Northwest Point.NW1,Navassa.Northwest Point.NW1.2009,18.413855,-75.029866,2009,12,0.75,153.75,Context-only pressure,Natural colony,8,0.75
Navassa,Northwest Point,NW1,Navassa.Northwest Point.NW1,Navassa.Northwest Point.NW1.2012,18.413855,-75.029866,2012,11,1,102,Context-only pressure,Natural colony,11,0.7272727272727273
Navassa,Northwest Point,NW2,Navassa.Northwest Point.NW2,Navassa.Northwest Point.NW2.2009,18.413941,-75.029636,2009,4,1,158.85,Context-only pressure,Natural colony,4,0.5
Navassa,Northwest Point,NW2,Navassa.Northwest Point.NW2,Navassa.Northwest Point.NW2.2012,18.413941,-75.029636,2012,5,1,129.6,Context-only pressure,Natural colony,5,0.4
Navassa,Northwest Point,NW3,Navassa.Northwest Point.NW3,Navassa.Northwest Point.NW3.2009,18.413687,-75.029231,2009,13,0.7692307692307693,293.02,Context-only pressure,Natural colony,10,0.7
Navassa,Northwest Point,NW3,Navassa.Northwest Point.NW3,Navassa.Northwest Point.NW3.2012,18.413687,-75.029231,2012,10,0.8,1378.125,Context-only pressure,Natural colony,8,1
US Virgin Islands,NER,NA,NA,NA,17.78967,-64.61143,2020,10,0.4,19,Context-only pressure,Restoration fragment,717,0.8437935843793585
US Virgin Islands,NER,NA,NA,NA,17.78967,-64.61143,2021,4,1,84.275,Acute baseline-exclusion,Restoration fragment,717,0.8437935843793585
US Virgin Islands,NWR,NA,NA,NA,17.79081,-64.62122,2020,10,0.5,24,Context-only pressure,Restoration fragment,717,0.8437935843793585
US Virgin Islands,NWR,NA,NA,NA,17.79081,-64.62122,2021,5,0.8,164.475,Acute baseline-exclusion,Restoration fragment,717,0.8437935843793585
US Virgin Islands,SFR,NA,NA,NA,17.78408,-64.61416,2020,10,0.7,23.375,Context-only pressure,Restoration fragment,717,0.8437935843793585
US Virgin Islands,SFR,NA,NA,NA,17.78408,-64.61416,2021,7,0.8571428571428571,127.4,Acute baseline-exclusion,Restoration fragment,717,0.8437935843793585
