study,region,location,plot,treatment_1,treatment_2,data_type,population_type,survey_yr,time_interval_yr,interval_end_year,disturbance,disturbance_regime,exclude_from_baseline,is_catastrophic,is_major_disturbance,has_local_metadata,has_timeline_overlap,overlap_source,overlap_category,timeline_event_count,timeline_event_names,timeline_event_types,timeline_sources,timeline_spatial_scales,timeline_analysis_tiers,Event_Name,Event_Type,Intensity_Value,Impact_Description,n_records,n_corals,min_size_cm2,median_size_cm2,max_size_cm2
NOAA_survey,Curacao,Blue Baai,BB1,NA,NA,field,Natural colony,2007,1.09041095890411,2008,NA,none,FALSE,FALSE,FALSE,FALSE,FALSE,none,zero,0,NA,NA,NA,NA,NA,NA,NA,NA,NA,11,11,91,5733,34722.5
NOAA_survey,Curacao,Blue Baai,BB1,NA,NA,field,Restoration fragment,2007,1.09041095890411,2008,NA,none,FALSE,FALSE,FALSE,FALSE,FALSE,none,zero,0,NA,NA,NA,NA,NA,NA,NA,NA,NA,1,1,2754,2754,2754
NOAA_survey,Curacao,Blue Baai,BB2,NA,NA,field,Natural colony,2007,1.09041095890411,2008,NA,none,FALSE,FALSE,FALSE,FALSE,FALSE,none,zero,0,NA,NA,NA,NA,NA,NA,NA,NA,NA,14,14,62.7,3591.61,30668
NOAA_survey,Curacao,Blue Baai,BB3,NA,NA,field,Natural colony,2007,1.09041095890411,2008,NA,none,FALSE,FALSE,FALSE,FALSE,FALSE,none,zero,0,NA,NA,NA,NA,NA,NA,NA,NA,NA,9,9,24,3780,42435
NOAA_survey,Curacao,Blue Baai,BB3,NA,NA,field,Restoration fragment,2007,1.09041095890411,2008,NA,none,FALSE,FALSE,FALSE,FALSE,FALSE,none,zero,0,NA,NA,NA,NA,NA,NA,NA,NA,NA,1,1,945,945,945
NOAA_survey,Curacao,Boca Santa Marta,SM1,NA,NA,field,Natural colony,2007,1.08767123287671,2008,NA,none,FALSE,FALSE,FALSE,FALSE,FALSE,none,zero,0,NA,NA,NA,NA,NA,NA,NA,NA,NA,15,15,178.2,4396.6,28314
NOAA_survey,Curacao,Boca Santa Marta,SM1,NA,NA,field,Restoration fragment,2007,1.08767123287671,2008,NA,none,FALSE,FALSE,FALSE,FALSE,FALSE,none,zero,0,NA,NA,NA,NA,NA,NA,NA,NA,NA,2,2,945,1372.5,1800
NOAA_survey,Curacao,Boca Santa Marta,SM2,NA,NA,field,Natural colony,2007,1.08767123287671,2008,NA,none,FALSE,FALSE,FALSE,FALSE,FALSE,none,zero,0,NA,NA,NA,NA,NA,NA,NA,NA,NA,7,7,765,15675,25365
NOAA_survey,Curacao,Boca Santa Marta,SM3,NA,NA,field,Natural colony,2007,1.08493150684932,2008,NA,none,FALSE,FALSE,FALSE,FALSE,FALSE,none,zero,0,NA,NA,NA,NA,NA,NA,NA,NA,NA,14,14,288,3654,11385
NOAA_survey,Curacao,Boca Santa Marta,SM3,NA,NA,field,Restoration fragment,2007,1.08493150684932,2008,NA,none,FALSE,FALSE,FALSE,FALSE,FALSE,none,zero,0,NA,NA,NA,NA,NA,NA,NA,NA,NA,1,1,513,513,513
NOAA_survey,Curacao,Sea Aquarium Reef,SQ1,NA,NA,field,Natural colony,2007,1.09315068493151,2008,NA,none,FALSE,FALSE,FALSE,FALSE,FALSE,none,zero,0,NA,NA,NA,NA,NA,NA,NA,NA,NA,12,12,0.18,4225.8,27206.4
NOAA_survey,Curacao,Sea Aquarium Reef,SQ2,NA,NA,field,Natural colony,2007,1.09041095890411,2008,NA,none,FALSE,FALSE,FALSE,FALSE,FALSE,none,zero,0,NA,NA,NA,NA,NA,NA,NA,NA,NA,11,11,627.2,2316.6,22164.6
NOAA_survey,Curacao,Sea Aquarium Reef,SQ2,NA,NA,field,Restoration fragment,2007,1.09041095890411,2008,NA,none,FALSE,FALSE,FALSE,FALSE,FALSE,none,zero,0,NA,NA,NA,NA,NA,NA,NA,NA,NA,1,1,1484.8,1484.8,1484.8
NOAA_survey,Curacao,Sea Aquarium Reef,SQ3,NA,NA,field,Natural colony,2007,1.09041095890411,2008,NA,none,FALSE,FALSE,FALSE,FALSE,FALSE,none,zero,0,NA,NA,NA,NA,NA,NA,NA,NA,NA,12,12,144,4826.5599999999995,47702
NOAA_survey,Curacao,Blue Baai,BB1,NA,NA,field,Natural colony,2008,0.884931506849315,2008,NA,none,FALSE,FALSE,FALSE,FALSE,FALSE,none,zero,0,NA,NA,NA,NA,NA,NA,NA,NA,NA,10,10,90,8332.5,36900
NOAA_survey,Curacao,Blue Baai,BB1,NA,NA,field,Restoration fragment,2008,0.884931506849315,2008,NA,none,FALSE,FALSE,FALSE,FALSE,FALSE,none,zero,0,NA,NA,NA,NA,NA,NA,NA,NA,NA,1,1,3822,3822,3822
NOAA_survey,Curacao,Blue Baai,BB2,NA,NA,field,Natural colony,2008,0.884931506849315,2008,NA,none,FALSE,FALSE,FALSE,FALSE,FALSE,none,zero,0,NA,NA,NA,NA,NA,NA,NA,NA,NA,14,14,60,3668.875,30214.8
NOAA_survey,Curacao,Blue Baai,BB3,NA,NA,field,Natural colony,2008,0.89041095890411,2008,NA,none,FALSE,FALSE,FALSE,FALSE,FALSE,none,zero,0,NA,NA,NA,NA,NA,NA,NA,NA,NA,9,9,78,5567.8,54621
NOAA_survey,Curacao,Boca Santa Marta,SM1,NA,NA,field,Natural colony,2008,0.893150684931507,2008,NA,none,FALSE,FALSE,FALSE,FALSE,FALSE,none,zero,0,NA,NA,NA,NA,NA,NA,NA,NA,NA,17,17,440,5586,31500
NOAA_survey,Curacao,Boca Santa Marta,SM2,NA,NA,field,Natural colony,2008,0.893150684931507,2008,NA,none,FALSE,FALSE,FALSE,FALSE,FALSE,none,zero,0,NA,NA,NA,NA,NA,NA,NA,NA,NA,6,6,2232.5,16702.5,27410.4
NOAA_survey,Curacao,Boca Santa Marta,SM2,NA,NA,field,Restoration fragment,2008,0.893150684931507,2008,NA,none,FALSE,FALSE,FALSE,FALSE,FALSE,none,zero,0,NA,NA,NA,NA,NA,NA,NA,NA,NA,1,1,47970,47970,47970
NOAA_survey,Curacao,Boca Santa Marta,SM3,NA,NA,field,Natural colony,2008,0.893150684931507,2008,NA,none,FALSE,FALSE,FALSE,FALSE,FALSE,none,zero,0,NA,NA,NA,NA,NA,NA,NA,NA,NA,13,13,680.4,3363,13860
NOAA_survey,Curacao,Boca Santa Marta,SM3,NA,NA,field,Restoration fragment,2008,0.893150684931507,2008,NA,none,FALSE,FALSE,FALSE,FALSE,FALSE,none,zero,0,NA,NA,NA,NA,NA,NA,NA,NA,NA,1,1,14018.4,14018.4,14018.4
NOAA_survey,Curacao,Sea Aquarium Reef,SQ1,NA,NA,field,Natural colony,2008,0.893150684931507,2008,NA,none,FALSE,FALSE,FALSE,FALSE,FALSE,none,zero,0,NA,NA,NA,NA,NA,NA,NA,NA,NA,10,10,123.75,5183.75,24570
NOAA_survey,Curacao,Sea Aquarium Reef,SQ1,NA,NA,field,Restoration fragment,2008,0.893150684931507,2008,NA,none,FALSE,FALSE,FALSE,FALSE,FALSE,none,zero,0,NA,NA,NA,NA,NA,NA,NA,NA,NA,1,1,19762.5,19762.5,19762.5
NOAA_survey,Curacao,Sea Aquarium Reef,SQ2,NA,NA,field,Natural colony,2008,0.893150684931507,2008,NA,none,FALSE,FALSE,FALSE,FALSE,FALSE,none,zero,0,NA,NA,NA,NA,NA,NA,NA,NA,NA,10,10,637,4389.75,16830
NOAA_survey,Curacao,Sea Aquarium Reef,SQ2,NA,NA,field,Restoration fragment,2008,0.893150684931507,2008,NA,none,FALSE,FALSE,FALSE,FALSE,FALSE,none,zero,0,NA,NA,NA,NA,NA,NA,NA,NA,NA,1,1,2470,2470,2470
NOAA_survey,Curacao,Sea Aquarium Reef,SQ3,NA,NA,field,Natural colony,2008,0.89041095890411,2008,NA,none,FALSE,FALSE,FALSE,FALSE,FALSE,none,zero,0,NA,NA,NA,NA,NA,NA,NA,NA,NA,9,9,420,9555,52360
NOAA_survey,Curacao,Blue Baai,BB1,NA,NA,field,Natural colony,2009,1.24657534246575,2010,storm,storm,FALSE,FALSE,FALSE,TRUE,FALSE,local_metadata_only,zero,0,NA,NA,NA,NA,NA,NA,NA,NA,NA,10,10,90,8317.5,41360
NOAA_survey,Curacao,Blue Baai,BB1,NA,NA,field,Restoration fragment,2009,1.24657534246575,2010,storm,storm,FALSE,FALSE,FALSE,TRUE,FALSE,local_metadata_only,zero,0,NA,NA,NA,NA,NA,NA,NA,NA,NA,1,1,2700,2700,2700
NOAA_survey,Curacao,Blue Baai,BB2,NA,NA,field,Natural colony,2009,1.24931506849315,2010,storm,storm,FALSE,FALSE,FALSE,TRUE,FALSE,local_metadata_only,zero,0,NA,NA,NA,NA,NA,NA,NA,NA,NA,13,13,48,3315,34081.25
NOAA_survey,Curacao,Blue Baai,BB2,NA,NA,field,Restoration fragment,2009,1.24931506849315,2010,storm,storm,FALSE,FALSE,FALSE,TRUE,FALSE,local_metadata_only,zero,0,NA,NA,NA,NA,NA,NA,NA,NA,NA,1,1,3675,3675,3675
NOAA_survey,Curacao,Blue Baai,BB3,NA,NA,field,Natural colony,2009,1.24109589041096,2010,storm,storm,FALSE,FALSE,FALSE,TRUE,FALSE,local_metadata_only,zero,0,NA,NA,NA,NA,NA,NA,NA,NA,NA,7,7,1190,8250,60637.5
NOAA_survey,Curacao,Boca Santa Marta,SM1,NA,NA,field,Natural colony,2009,1.23835616438356,2010,storm,storm,FALSE,FALSE,FALSE,TRUE,FALSE,local_metadata_only,zero,0,NA,NA,NA,NA,NA,NA,NA,NA,NA,12,12,661.5,7507.5,25500
NOAA_survey,Curacao,Boca Santa Marta,SM2,NA,NA,field,Natural colony,2009,1.23835616438356,2010,storm,storm,FALSE,FALSE,FALSE,TRUE,FALSE,local_metadata_only,zero,0,NA,NA,NA,NA,NA,NA,NA,NA,NA,6,6,3410,17530,30600
NOAA_survey,Curacao,Boca Santa Marta,SM3,NA,NA,field,Natural colony,2009,1.23835616438356,2010,storm,storm,FALSE,FALSE,FALSE,TRUE,FALSE,local_metadata_only,zero,0,NA,NA,NA,NA,NA,NA,NA,NA,NA,14,14,472.5,3451.5,16200
NOAA_survey,Curacao,Sea Aquarium Reef,SQ1,NA,NA,field,Natural colony,2009,1.25205479452055,2010,storm,storm,FALSE,FALSE,FALSE,TRUE,FALSE,local_metadata_only,zero,0,NA,NA,NA,NA,NA,NA,NA,NA,NA,11,11,99,4410,28500
NOAA_survey,Curacao,Sea Aquarium Reef,SQ2,NA,NA,field,Natural colony,2009,1.25479452054794,2010,storm,storm,FALSE,FALSE,FALSE,TRUE,FALSE,local_metadata_only,zero,0,NA,NA,NA,NA,NA,NA,NA,NA,NA,8,8,960,7322.45,21645
NOAA_survey,Curacao,Sea Aquarium Reef,SQ2,NA,NA,field,Restoration fragment,2009,1.25479452054794,2010,storm,storm,FALSE,FALSE,FALSE,TRUE,FALSE,local_metadata_only,zero,0,NA,NA,NA,NA,NA,NA,NA,NA,NA,1,1,2470,2470,2470
NOAA_survey,Curacao,Sea Aquarium Reef,SQ3,NA,NA,field,Natural colony,2009,1.25205479452055,2010,storm,storm,FALSE,FALSE,FALSE,TRUE,FALSE,local_metadata_only,zero,0,NA,NA,NA,NA,NA,NA,NA,NA,NA,9,9,600,9600,50160
NOAA_survey,Curacao,Blue Baai,BB1,NA,NA,field,Natural colony,2010,0.863013698630137,2010,NA,none,FALSE,FALSE,FALSE,FALSE,FALSE,none,zero,0,NA,NA,NA,NA,NA,NA,NA,NA,NA,9,9,300,1650,24310
NOAA_survey,Curacao,Blue Baai,BB1,NA,NA,field,Restoration fragment,2010,0.863013698630137,2010,NA,none,FALSE,FALSE,FALSE,FALSE,FALSE,none,zero,0,NA,NA,NA,NA,NA,NA,NA,NA,NA,1,1,2240,2240,2240
NOAA_survey,Curacao,Blue Baai,BB2,NA,NA,field,Natural colony,2010,0.86027397260274,2010,NA,none,FALSE,FALSE,FALSE,FALSE,FALSE,none,zero,0,NA,NA,NA,NA,NA,NA,NA,NA,NA,5,5,912,2000,6900
NOAA_survey,Curacao,Blue Baai,BB2,NA,NA,field,Restoration fragment,2010,0.86027397260274,2010,NA,none,FALSE,FALSE,FALSE,FALSE,FALSE,none,zero,0,NA,NA,NA,NA,NA,NA,NA,NA,NA,1,1,1680,1680,1680
NOAA_survey,Curacao,Blue Baai,BB3,NA,NA,field,Natural colony,2010,0.86027397260274,2010,NA,none,FALSE,FALSE,FALSE,FALSE,FALSE,none,zero,0,NA,NA,NA,NA,NA,NA,NA,NA,NA,5,5,1125,2880,15750
NOAA_survey,Curacao,Boca Santa Marta,SM1,NA,NA,field,Natural colony,2010,0.865753424657535,2010,NA,none,FALSE,FALSE,FALSE,FALSE,FALSE,none,zero,0,NA,NA,NA,NA,NA,NA,NA,NA,NA,6,6,184.8,4175,9680
NOAA_survey,Curacao,Boca Santa Marta,SM2,NA,NA,field,Natural colony,2010,0.865753424657535,2010,NA,none,FALSE,FALSE,FALSE,FALSE,FALSE,none,zero,0,NA,NA,NA,NA,NA,NA,NA,NA,NA,1,1,8011.25,8011.25,8011.25
NOAA_survey,Curacao,Sea Aquarium Reef,SQ1,NA,NA,field,Natural colony,2010,0.854794520547945,2010,NA,none,FALSE,FALSE,FALSE,FALSE,FALSE,none,zero,0,NA,NA,NA,NA,NA,NA,NA,NA,NA,11,11,100,4750,24840
NOAA_survey,Curacao,Sea Aquarium Reef,SQ2,NA,NA,field,Natural colony,2010,0.857534246575343,2010,NA,none,FALSE,FALSE,FALSE,FALSE,FALSE,none,zero,0,NA,NA,NA,NA,NA,NA,NA,NA,NA,6,6,979.2,2837.6,11780
NOAA_survey,Curacao,Sea Aquarium Reef,SQ3,NA,NA,field,Natural colony,2010,0.857534246575342,2010,NA,none,FALSE,FALSE,FALSE,FALSE,FALSE,none,zero,0,NA,NA,NA,NA,NA,NA,NA,NA,NA,6,6,1380,4316.25,17550
NOAA_survey,Curacao,Blue Baai,BB1,NA,NA,field,Natural colony,2011,0.986301369863013,2011,NA,sargassum,FALSE,FALSE,TRUE,FALSE,TRUE,timeline_overlay,one,1,Sargassum Brown Tides,sargassum,Antonio-Martinez 2020 (Sci Rep); van Tussenbroek 2017 (Mar Pollut Bull),caribbean-wide,chronic_pressure,Sargassum Brown Tides,sargassum,37.5M tons,Leachate toxicity; larval spiral swimming; hypoxia (DO < 1mg/L),9,9,444.6,2356.2,26276.25
NOAA_survey,Curacao,Blue Baai,BB1,NA,NA,field,Natural colony,2011,0.986301369863014,2011,NA,sargassum,FALSE,FALSE,TRUE,FALSE,TRUE,timeline_overlay,one,1,Sargassum Brown Tides,sargassum,Antonio-Martinez 2020 (Sci Rep); van Tussenbroek 2017 (Mar Pollut Bull),caribbean-wide,chronic_pressure,Sargassum Brown Tides,sargassum,37.5M tons,Leachate toxicity; larval spiral swimming; hypoxia (DO < 1mg/L),2,2,132,1095.375,2058.75
NOAA_survey,Curacao,Blue Baai,BB1,NA,NA,field,Restoration fragment,2011,0.986301369863013,2011,NA,sargassum,FALSE,FALSE,TRUE,FALSE,TRUE,timeline_overlay,one,1,Sargassum Brown Tides,sargassum,Antonio-Martinez 2020 (Sci Rep); van Tussenbroek 2017 (Mar Pollut Bull),caribbean-wide,chronic_pressure,Sargassum Brown Tides,sargassum,37.5M tons,Leachate toxicity; larval spiral swimming; hypoxia (DO < 1mg/L),1,1,3554.7,3554.7,3554.7
NOAA_survey,Curacao,Blue Baai,BB2,NA,NA,field,Natural colony,2011,0.98904109589041,2011,NA,sargassum,FALSE,FALSE,TRUE,FALSE,TRUE,timeline_overlay,one,1,Sargassum Brown Tides,sargassum,Antonio-Martinez 2020 (Sci Rep); van Tussenbroek 2017 (Mar Pollut Bull),caribbean-wide,chronic_pressure,Sargassum Brown Tides,sargassum,37.5M tons,Leachate toxicity; larval spiral swimming; hypoxia (DO < 1mg/L),6,6,573.75,2133.5,7245
NOAA_survey,Curacao,Blue Baai,BB2,NA,NA,field,Natural colony,2011,0.989041095890411,2011,NA,sargassum,FALSE,FALSE,TRUE,FALSE,TRUE,timeline_overlay,one,1,Sargassum Brown Tides,sargassum,Antonio-Martinez 2020 (Sci Rep); van Tussenbroek 2017 (Mar Pollut Bull),caribbean-wide,chronic_pressure,Sargassum Brown Tides,sargassum,37.5M tons,Leachate toxicity; larval spiral swimming; hypoxia (DO < 1mg/L),5,5,6,35,374
NOAA_survey,Curacao,Blue Baai,BB2,NA,NA,field,Restoration fragment,2011,0.989041095890411,2011,NA,sargassum,FALSE,FALSE,TRUE,FALSE,TRUE,timeline_overlay,one,1,Sargassum Brown Tides,sargassum,Antonio-Martinez 2020 (Sci Rep); van Tussenbroek 2017 (Mar Pollut Bull),caribbean-wide,chronic_pressure,Sargassum Brown Tides,sargassum,37.5M tons,Leachate toxicity; larval spiral swimming; hypoxia (DO < 1mg/L),2,2,1920,2276.25,2632.5
NOAA_survey,Curacao,Blue Baai,BB3,NA,NA,field,Natural colony,2011,0.98904109589041,2011,NA,sargassum,FALSE,FALSE,TRUE,FALSE,TRUE,timeline_overlay,one,1,Sargassum Brown Tides,sargassum,Antonio-Martinez 2020 (Sci Rep); van Tussenbroek 2017 (Mar Pollut Bull),caribbean-wide,chronic_pressure,Sargassum Brown Tides,sargassum,37.5M tons,Leachate toxicity; larval spiral swimming; hypoxia (DO < 1mg/L),5,5,1137.5,3412.5,11092.5
NOAA_survey,Curacao,Blue Baai,BB3,NA,NA,field,Natural colony,2011,0.989041095890411,2011,NA,sargassum,FALSE,FALSE,TRUE,FALSE,TRUE,timeline_overlay,one,1,Sargassum Brown Tides,sargassum,Antonio-Martinez 2020 (Sci Rep); van Tussenbroek 2017 (Mar Pollut Bull),caribbean-wide,chronic_pressure,Sargassum Brown Tides,sargassum,37.5M tons,Leachate toxicity; larval spiral swimming; hypoxia (DO < 1mg/L),4,4,81,1811.5,2405
NOAA_survey,Curacao,Blue Baai,BB3,NA,NA,field,Restoration fragment,2011,0.989041095890411,2011,NA,sargassum,FALSE,FALSE,TRUE,FALSE,TRUE,timeline_overlay,one,1,Sargassum Brown Tides,sargassum,Antonio-Martinez 2020 (Sci Rep); van Tussenbroek 2017 (Mar Pollut Bull),caribbean-wide,chronic_pressure,Sargassum Brown Tides,sargassum,37.5M tons,Leachate toxicity; larval spiral swimming; hypoxia (DO < 1mg/L),2,2,612,1090.125,1568.25
NOAA_survey,Curacao,Boca Santa Marta,SM1,NA,NA,field,Natural colony,2011,0.98904109589041,2011,NA,sargassum,FALSE,FALSE,TRUE,FALSE,TRUE,timeline_overlay,one,1,Sargassum Brown Tides,sargassum,Antonio-Martinez 2020 (Sci Rep); van Tussenbroek 2017 (Mar Pollut Bull),caribbean-wide,chronic_pressure,Sargassum Brown Tides,sargassum,37.5M tons,Leachate toxicity; larval spiral swimming; hypoxia (DO < 1mg/L),6,6,189,6568.375,11880
NOAA_survey,Curacao,Boca Santa Marta,SM2,NA,NA,field,Natural colony,2011,0.98904109589041,2011,NA,sargassum,FALSE,FALSE,TRUE,FALSE,TRUE,timeline_overlay,one,1,Sargassum Brown Tides,sargassum,Antonio-Martinez 2020 (Sci Rep); van Tussenbroek 2017 (Mar Pollut Bull),caribbean-wide,chronic_pressure,Sargassum Brown Tides,sargassum,37.5M tons,Leachate toxicity; larval spiral swimming; hypoxia (DO < 1mg/L),1,1,10524.5,10524.5,10524.5
NOAA_survey,Curacao,Sea Aquarium Reef,SQ1,NA,NA,field,Natural colony,2011,0.983561643835617,2011,NA,sargassum,FALSE,FALSE,TRUE,FALSE,TRUE,timeline_overlay,one,1,Sargassum Brown Tides,sargassum,Antonio-Martinez 2020 (Sci Rep); van Tussenbroek 2017 (Mar Pollut Bull),caribbean-wide,chronic_pressure,Sargassum Brown Tides,sargassum,37.5M tons,Leachate toxicity; larval spiral swimming; hypoxia (DO < 1mg/L),7,7,144,2091,18920
NOAA_survey,Curacao,Sea Aquarium Reef,SQ2,NA,NA,field,Natural colony,2011,0.980821917808219,2011,NA,sargassum,FALSE,FALSE,TRUE,FALSE,TRUE,timeline_overlay,one,1,Sargassum Brown Tides,sargassum,Antonio-Martinez 2020 (Sci Rep); van Tussenbroek 2017 (Mar Pollut Bull),caribbean-wide,chronic_pressure,Sargassum Brown Tides,sargassum,37.5M tons,Leachate toxicity; larval spiral swimming; hypoxia (DO < 1mg/L),10,10,208,1032,16128.75
NOAA_survey,Curacao,Sea Aquarium Reef,SQ2,NA,NA,field,Restoration fragment,2011,0.980821917808219,2011,NA,sargassum,FALSE,FALSE,TRUE,FALSE,TRUE,timeline_overlay,one,1,Sargassum Brown Tides,sargassum,Antonio-Martinez 2020 (Sci Rep); van Tussenbroek 2017 (Mar Pollut Bull),caribbean-wide,chronic_pressure,Sargassum Brown Tides,sargassum,37.5M tons,Leachate toxicity; larval spiral swimming; hypoxia (DO < 1mg/L),2,2,2850,5745,8640
NOAA_survey,Curacao,Sea Aquarium Reef,SQ3,NA,NA,field,Natural colony,2011,0.980821917808219,2011,NA,sargassum,FALSE,FALSE,TRUE,FALSE,TRUE,timeline_overlay,one,1,Sargassum Brown Tides,sargassum,Antonio-Martinez 2020 (Sci Rep); van Tussenbroek 2017 (Mar Pollut Bull),caribbean-wide,chronic_pressure,Sargassum Brown Tides,sargassum,37.5M tons,Leachate toxicity; larval spiral swimming; hypoxia (DO < 1mg/L),11,11,36,4080.3,21931.25
NOAA_survey,Curacao,Blue Baai,BB1,NA,NA,field,Natural colony,2012,1.06575342465753,2013,NA,sargassum,FALSE,FALSE,TRUE,FALSE,TRUE,timeline_overlay,one,1,Sargassum Brown Tides,sargassum,Antonio-Martinez 2020 (Sci Rep); van Tussenbroek 2017 (Mar Pollut Bull),caribbean-wide,chronic_pressure,Sargassum Brown Tides,sargassum,37.5M tons,Leachate toxicity; larval spiral swimming; hypoxia (DO < 1mg/L),11,11,288,1915.2,20000
NOAA_survey,Curacao,Blue Baai,BB1,NA,NA,field,Restoration fragment,2012,1.06575342465753,2013,NA,sargassum,FALSE,FALSE,TRUE,FALSE,TRUE,timeline_overlay,one,1,Sargassum Brown Tides,sargassum,Antonio-Martinez 2020 (Sci Rep); van Tussenbroek 2017 (Mar Pollut Bull),caribbean-wide,chronic_pressure,Sargassum Brown Tides,sargassum,37.5M tons,Leachate toxicity; larval spiral swimming; hypoxia (DO < 1mg/L),1,1,2749.5,2749.5,2749.5
NOAA_survey,Curacao,Blue Baai,BB2,NA,NA,field,Natural colony,2012,1.06301369863014,2013,NA,sargassum,FALSE,FALSE,TRUE,FALSE,TRUE,timeline_overlay,one,1,Sargassum Brown Tides,sargassum,Antonio-Martinez 2020 (Sci Rep); van Tussenbroek 2017 (Mar Pollut Bull),caribbean-wide,chronic_pressure,Sargassum Brown Tides,sargassum,37.5M tons,Leachate toxicity; larval spiral swimming; hypoxia (DO < 1mg/L),11,11,70,926.25,7920
NOAA_survey,Curacao,Blue Baai,BB2,NA,NA,field,Restoration fragment,2012,1.06301369863014,2013,NA,sargassum,FALSE,FALSE,TRUE,FALSE,TRUE,timeline_overlay,one,1,Sargassum Brown Tides,sargassum,Antonio-Martinez 2020 (Sci Rep); van Tussenbroek 2017 (Mar Pollut Bull),caribbean-wide,chronic_pressure,Sargassum Brown Tides,sargassum,37.5M tons,Leachate toxicity; larval spiral swimming; hypoxia (DO < 1mg/L),3,3,150,206.5,2318.4
NOAA_survey,Curacao,Blue Baai,BB3,NA,NA,field,Natural colony,2012,1.06301369863014,2013,NA,sargassum,FALSE,FALSE,TRUE,FALSE,TRUE,timeline_overlay,one,1,Sargassum Brown Tides,sargassum,Antonio-Martinez 2020 (Sci Rep); van Tussenbroek 2017 (Mar Pollut Bull),caribbean-wide,chronic_pressure,Sargassum Brown Tides,sargassum,37.5M tons,Leachate toxicity; larval spiral swimming; hypoxia (DO < 1mg/L),9,9,42,1440,5200
NOAA_survey,Curacao,Blue Baai,BB3,NA,NA,field,Restoration fragment,2012,1.06301369863014,2013,NA,sargassum,FALSE,FALSE,TRUE,FALSE,TRUE,timeline_overlay,one,1,Sargassum Brown Tides,sargassum,Antonio-Martinez 2020 (Sci Rep); van Tussenbroek 2017 (Mar Pollut Bull),caribbean-wide,chronic_pressure,Sargassum Brown Tides,sargassum,37.5M tons,Leachate toxicity; larval spiral swimming; hypoxia (DO < 1mg/L),2,2,720,1300.5,1881
NOAA_survey,Curacao,Boca Santa Marta,SM1,NA,NA,field,Natural colony,2012,1.05479452054795,2013,NA,sargassum,FALSE,FALSE,TRUE,FALSE,TRUE,timeline_overlay,one,1,Sargassum Brown Tides,sargassum,Antonio-Martinez 2020 (Sci Rep); van Tussenbroek 2017 (Mar Pollut Bull),caribbean-wide,chronic_pressure,Sargassum Brown Tides,sargassum,37.5M tons,Leachate toxicity; larval spiral swimming; hypoxia (DO < 1mg/L),11,11,89.1,450,12420
NOAA_survey,Curacao,Boca Santa Marta,SM2,NA,NA,field,Natural colony,2012,1.06849315068493,2013,NA,sargassum,FALSE,FALSE,TRUE,FALSE,TRUE,timeline_overlay,one,1,Sargassum Brown Tides,sargassum,Antonio-Martinez 2020 (Sci Rep); van Tussenbroek 2017 (Mar Pollut Bull),caribbean-wide,chronic_pressure,Sargassum Brown Tides,sargassum,37.5M tons,Leachate toxicity; larval spiral swimming; hypoxia (DO < 1mg/L),3,3,67.2,2450,8497.5
NOAA_survey,Curacao,Sea Aquarium Reef,SQ1,NA,NA,field,Natural colony,2012,1.07671232876712,2013,NA,sargassum,FALSE,FALSE,TRUE,FALSE,TRUE,timeline_overlay,one,1,Sargassum Brown Tides,sargassum,Antonio-Martinez 2020 (Sci Rep); van Tussenbroek 2017 (Mar Pollut Bull),caribbean-wide,chronic_pressure,Sargassum Brown Tides,sargassum,37.5M tons,Leachate toxicity; larval spiral swimming; hypoxia (DO < 1mg/L),13,13,22.5,499.5,11797.5
NOAA_survey,Curacao,Sea Aquarium Reef,SQ2,NA,NA,field,Natural colony,2012,1.07397260273973,2013,NA,sargassum,FALSE,FALSE,TRUE,FALSE,TRUE,timeline_overlay,one,1,Sargassum Brown Tides,sargassum,Antonio-Martinez 2020 (Sci Rep); van Tussenbroek 2017 (Mar Pollut Bull),caribbean-wide,chronic_pressure,Sargassum Brown Tides,sargassum,37.5M tons,Leachate toxicity; larval spiral swimming; hypoxia (DO < 1mg/L),10,10,352.8,2561.325,17106.25
NOAA_survey,Curacao,Sea Aquarium Reef,SQ2,NA,NA,field,Restoration fragment,2012,1.07397260273973,2013,NA,sargassum,FALSE,FALSE,TRUE,FALSE,TRUE,timeline_overlay,one,1,Sargassum Brown Tides,sargassum,Antonio-Martinez 2020 (Sci Rep); van Tussenbroek 2017 (Mar Pollut Bull),caribbean-wide,chronic_pressure,Sargassum Brown Tides,sargassum,37.5M tons,Leachate toxicity; larval spiral swimming; hypoxia (DO < 1mg/L),2,2,37.5,1333.15,2628.8
NOAA_survey,Curacao,Sea Aquarium Reef,SQ3,NA,NA,field,Natural colony,2012,1.07671232876712,2013,NA,sargassum,FALSE,FALSE,TRUE,FALSE,TRUE,timeline_overlay,one,1,Sargassum Brown Tides,sargassum,Antonio-Martinez 2020 (Sci Rep); van Tussenbroek 2017 (Mar Pollut Bull),caribbean-wide,chronic_pressure,Sargassum Brown Tides,sargassum,37.5M tons,Leachate toxicity; larval spiral swimming; hypoxia (DO < 1mg/L),11,11,49,4927.6,23100
NOAA_survey,Curacao,Water Factory,WF1,NA,NA,field,Natural colony,2012,1.05753424657534,2013,NA,sargassum,FALSE,FALSE,TRUE,FALSE,TRUE,timeline_overlay,one,1,Sargassum Brown Tides,sargassum,Antonio-Martinez 2020 (Sci Rep); van Tussenbroek 2017 (Mar Pollut Bull),caribbean-wide,chronic_pressure,Sargassum Brown Tides,sargassum,37.5M tons,Leachate toxicity; larval spiral swimming; hypoxia (DO < 1mg/L),11,11,12,334.4,1392
NOAA_survey,Curacao,Water Factory,WF1,NA,NA,field,Restoration fragment,2012,1.05753424657534,2013,NA,sargassum,FALSE,FALSE,TRUE,FALSE,TRUE,timeline_overlay,one,1,Sargassum Brown Tides,sargassum,Antonio-Martinez 2020 (Sci Rep); van Tussenbroek 2017 (Mar Pollut Bull),caribbean-wide,chronic_pressure,Sargassum Brown Tides,sargassum,37.5M tons,Leachate toxicity; larval spiral swimming; hypoxia (DO < 1mg/L),1,1,1106.7,1106.7,1106.7
NOAA_survey,Curacao,Water Factory,WF2,NA,NA,field,Natural colony,2012,1.05753424657534,2013,NA,sargassum,FALSE,FALSE,TRUE,FALSE,TRUE,timeline_overlay,one,1,Sargassum Brown Tides,sargassum,Antonio-Martinez 2020 (Sci Rep); van Tussenbroek 2017 (Mar Pollut Bull),caribbean-wide,chronic_pressure,Sargassum Brown Tides,sargassum,37.5M tons,Leachate toxicity; larval spiral swimming; hypoxia (DO < 1mg/L),12,12,70,1049.15,5301
NOAA_survey,Curacao,Water Factory,WF3,NA,NA,field,Natural colony,2012,1.06575342465753,2013,NA,sargassum,FALSE,FALSE,TRUE,FALSE,TRUE,timeline_overlay,one,1,Sargassum Brown Tides,sargassum,Antonio-Martinez 2020 (Sci Rep); van Tussenbroek 2017 (Mar Pollut Bull),caribbean-wide,chronic_pressure,Sargassum Brown Tides,sargassum,37.5M tons,Leachate toxicity; larval spiral swimming; hypoxia (DO < 1mg/L),12,12,63,662.5,7416
NOAA_survey,Curacao,Blue Baai,BB1,NA,NA,field,Natural colony,2013,0.96986301369863,2013,NA,sargassum,FALSE,FALSE,TRUE,FALSE,TRUE,timeline_overlay,one,1,Sargassum Brown Tides,sargassum,Antonio-Martinez 2020 (Sci Rep); van Tussenbroek 2017 (Mar Pollut Bull),caribbean-wide,chronic_pressure,Sargassum Brown Tides,sargassum,37.5M tons,Leachate toxicity; larval spiral swimming; hypoxia (DO < 1mg/L),1,1,1311,1311,1311
NOAA_survey,Curacao,Blue Baai,BB1,NA,NA,field,Natural colony,2013,0.969863013698631,2013,NA,sargassum,FALSE,FALSE,TRUE,FALSE,TRUE,timeline_overlay,one,1,Sargassum Brown Tides,sargassum,Antonio-Martinez 2020 (Sci Rep); van Tussenbroek 2017 (Mar Pollut Bull),caribbean-wide,chronic_pressure,Sargassum Brown Tides,sargassum,37.5M tons,Leachate toxicity; larval spiral swimming; hypoxia (DO < 1mg/L),10,10,1459.2,4168,14175
NOAA_survey,Curacao,Blue Baai,BB2,NA,NA,field,Natural colony,2013,0.96986301369863,2013,NA,sargassum,FALSE,FALSE,TRUE,FALSE,TRUE,timeline_overlay,one,1,Sargassum Brown Tides,sargassum,Antonio-Martinez 2020 (Sci Rep); van Tussenbroek 2017 (Mar Pollut Bull),caribbean-wide,chronic_pressure,Sargassum Brown Tides,sargassum,37.5M tons,Leachate toxicity; larval spiral swimming; hypoxia (DO < 1mg/L),8,8,70,553,5460
NOAA_survey,Curacao,Blue Baai,BB2,NA,NA,field,Natural colony,2013,0.969863013698631,2013,NA,sargassum,FALSE,FALSE,TRUE,FALSE,TRUE,timeline_overlay,one,1,Sargassum Brown Tides,sargassum,Antonio-Martinez 2020 (Sci Rep); van Tussenbroek 2017 (Mar Pollut Bull),caribbean-wide,chronic_pressure,Sargassum Brown Tides,sargassum,37.5M tons,Leachate toxicity; larval spiral swimming; hypoxia (DO < 1mg/L),6,6,72,2738,7840
NOAA_survey,Curacao,Blue Baai,BB3,NA,NA,field,Natural colony,2013,0.96986301369863,2013,NA,sargassum,FALSE,FALSE,TRUE,FALSE,TRUE,timeline_overlay,one,1,Sargassum Brown Tides,sargassum,Antonio-Martinez 2020 (Sci Rep); van Tussenbroek 2017 (Mar Pollut Bull),caribbean-wide,chronic_pressure,Sargassum Brown Tides,sargassum,37.5M tons,Leachate toxicity; larval spiral swimming; hypoxia (DO < 1mg/L),4,4,37.8,1664.1,2339.2
NOAA_survey,Curacao,Blue Baai,BB3,NA,NA,field,Natural colony,2013,0.969863013698631,2013,NA,sargassum,FALSE,FALSE,TRUE,FALSE,TRUE,timeline_overlay,one,1,Sargassum Brown Tides,sargassum,Antonio-Martinez 2020 (Sci Rep); van Tussenbroek 2017 (Mar Pollut Bull),caribbean-wide,chronic_pressure,Sargassum Brown Tides,sargassum,37.5M tons,Leachate toxicity; larval spiral swimming; hypoxia (DO < 1mg/L),5,5,1346.4,2839,5606.25
NOAA_survey,Curacao,Blue Baai,BB3,NA,NA,field,Restoration fragment,2013,0.96986301369863,2013,NA,sargassum,FALSE,FALSE,TRUE,FALSE,TRUE,timeline_overlay,one,1,Sargassum Brown Tides,sargassum,Antonio-Martinez 2020 (Sci Rep); van Tussenbroek 2017 (Mar Pollut Bull),caribbean-wide,chronic_pressure,Sargassum Brown Tides,sargassum,37.5M tons,Leachate toxicity; larval spiral swimming; hypoxia (DO < 1mg/L),1,1,144,144,144
NOAA_survey,Curacao,Boca Santa Marta,SM2,NA,NA,field,Natural colony,2013,0.956164383561644,2013,NA,sargassum,FALSE,FALSE,TRUE,FALSE,TRUE,timeline_overlay,one,1,Sargassum Brown Tides,sargassum,Antonio-Martinez 2020 (Sci Rep); van Tussenbroek 2017 (Mar Pollut Bull),caribbean-wide,chronic_pressure,Sargassum Brown Tides,sargassum,37.5M tons,Leachate toxicity; larval spiral swimming; hypoxia (DO < 1mg/L),3,3,15,2100,5153.75
NOAA_survey,Curacao,Sea Aquarium Reef,SQ1,NA,NA,field,Natural colony,2013,0.95890410958904,2013,NA,sargassum,FALSE,FALSE,TRUE,FALSE,TRUE,timeline_overlay,one,1,Sargassum Brown Tides,sargassum,Antonio-Martinez 2020 (Sci Rep); van Tussenbroek 2017 (Mar Pollut Bull),caribbean-wide,chronic_pressure,Sargassum Brown Tides,sargassum,37.5M tons,Leachate toxicity; larval spiral swimming; hypoxia (DO < 1mg/L),7,7,42,730.8,10800
NOAA_survey,Curacao,Sea Aquarium Reef,SQ1,NA,NA,field,Natural colony,2013,0.958904109589041,2013,NA,sargassum,FALSE,FALSE,TRUE,FALSE,TRUE,timeline_overlay,one,1,Sargassum Brown Tides,sargassum,Antonio-Martinez 2020 (Sci Rep); van Tussenbroek 2017 (Mar Pollut Bull),caribbean-wide,chronic_pressure,Sargassum Brown Tides,sargassum,37.5M tons,Leachate toxicity; larval spiral swimming; hypoxia (DO < 1mg/L),2,2,44.1,3102.75,6161.4
NOAA_survey,Curacao,Sea Aquarium Reef,SQ2,NA,NA,field,Natural colony,2013,0.961643835616438,2013,NA,sargassum,FALSE,FALSE,TRUE,FALSE,TRUE,timeline_overlay,one,1,Sargassum Brown Tides,sargassum,Antonio-Martinez 2020 (Sci Rep); van Tussenbroek 2017 (Mar Pollut Bull),caribbean-wide,chronic_pressure,Sargassum Brown Tides,sargassum,37.5M tons,Leachate toxicity; larval spiral swimming; hypoxia (DO < 1mg/L),10,10,43.2,1763.7,16320
NOAA_survey,Curacao,Sea Aquarium Reef,SQ3,NA,NA,field,Natural colony,2013,0.961643835616438,2013,NA,sargassum,FALSE,FALSE,TRUE,FALSE,TRUE,timeline_overlay,one,1,Sargassum Brown Tides,sargassum,Antonio-Martinez 2020 (Sci Rep); van Tussenbroek 2017 (Mar Pollut Bull),caribbean-wide,chronic_pressure,Sargassum Brown Tides,sargassum,37.5M tons,Leachate toxicity; larval spiral swimming; hypoxia (DO < 1mg/L),2,2,11456.25,15860,20263.75
NOAA_survey,Curacao,Sea Aquarium Reef,SQ3,NA,NA,field,Natural colony,2013,0.961643835616439,2013,NA,sargassum,FALSE,FALSE,TRUE,FALSE,TRUE,timeline_overlay,one,1,Sargassum Brown Tides,sargassum,Antonio-Martinez 2020 (Sci Rep); van Tussenbroek 2017 (Mar Pollut Bull),caribbean-wide,chronic_pressure,Sargassum Brown Tides,sargassum,37.5M tons,Leachate toxicity; larval spiral swimming; hypoxia (DO < 1mg/L),9,9,19.2,2456.25,24696
NOAA_survey,Curacao,Water Factory,WF1,NA,NA,field,Natural colony,2013,0.964383561643835,2013,NA,sargassum,FALSE,FALSE,TRUE,FALSE,TRUE,timeline_overlay,one,1,Sargassum Brown Tides,sargassum,Antonio-Martinez 2020 (Sci Rep); van Tussenbroek 2017 (Mar Pollut Bull),caribbean-wide,chronic_pressure,Sargassum Brown Tides,sargassum,37.5M tons,Leachate toxicity; larval spiral swimming; hypoxia (DO < 1mg/L),11,11,12,648,1683.5
NOAA_survey,Curacao,Water Factory,WF2,NA,NA,field,Natural colony,2013,0.964383561643835,2013,NA,sargassum,FALSE,FALSE,TRUE,FALSE,TRUE,timeline_overlay,one,1,Sargassum Brown Tides,sargassum,Antonio-Martinez 2020 (Sci Rep); van Tussenbroek 2017 (Mar Pollut Bull),caribbean-wide,chronic_pressure,Sargassum Brown Tides,sargassum,37.5M tons,Leachate toxicity; larval spiral swimming; hypoxia (DO < 1mg/L),12,12,9.6,1270,6069
NOAA_survey,Curacao,Water Factory,WF3,NA,NA,field,Natural colony,2013,0.956164383561644,2013,NA,sargassum,FALSE,FALSE,TRUE,FALSE,TRUE,timeline_overlay,one,1,Sargassum Brown Tides,sargassum,Antonio-Martinez 2020 (Sci Rep); van Tussenbroek 2017 (Mar Pollut Bull),caribbean-wide,chronic_pressure,Sargassum Brown Tides,sargassum,37.5M tons,Leachate toxicity; larval spiral swimming; hypoxia (DO < 1mg/L),8,8,110,1348,10472
NOAA_survey,Curacao,Blue Baai,BB1,NA,NA,field,Natural colony,2014,0.999999999999999,2014,NA,compound,FALSE,FALSE,TRUE,FALSE,TRUE,timeline_overlay,multiple,2,Sargassum Brown Tides; 3rd Global Bleaching,sargassum; bleaching,Antonio-Martinez 2020 (Sci Rep); van Tussenbroek 2017 (Mar Pollut Bull); Hughes et al. 2017 (Nature); Eakin et al. 2019 (Coral Reefs),caribbean-wide,chronic_pressure; chronic_regime,Sargassum Brown Tides,sargassum,37.5M tons,Leachate toxicity; larval spiral swimming; hypoxia (DO < 1mg/L),10,10,1860.3,6225.32,18900
NOAA_survey,Curacao,Blue Baai,BB1,NA,NA,field,Natural colony,2014,1,2014,NA,compound,FALSE,FALSE,TRUE,FALSE,TRUE,timeline_overlay,multiple,2,Sargassum Brown Tides; 3rd Global Bleaching,sargassum; bleaching,Antonio-Martinez 2020 (Sci Rep); van Tussenbroek 2017 (Mar Pollut Bull); Hughes et al. 2017 (Nature); Eakin et al. 2019 (Coral Reefs),caribbean-wide,chronic_pressure; chronic_regime,Sargassum Brown Tides,sargassum,37.5M tons,Leachate toxicity; larval spiral swimming; hypoxia (DO < 1mg/L),2,2,1480.5,1748.25,2016
NOAA_survey,Curacao,Sea Aquarium Reef,SQ1,NA,NA,field,Natural colony,2014,0.997260273972603,2014,NA,compound,FALSE,FALSE,TRUE,FALSE,TRUE,timeline_overlay,multiple,2,Sargassum Brown Tides; 3rd Global Bleaching,sargassum; bleaching,Antonio-Martinez 2020 (Sci Rep); van Tussenbroek 2017 (Mar Pollut Bull); Hughes et al. 2017 (Nature); Eakin et al. 2019 (Coral Reefs),caribbean-wide,chronic_pressure; chronic_regime,Sargassum Brown Tides,sargassum,37.5M tons,Leachate toxicity; larval spiral swimming; hypoxia (DO < 1mg/L),7,7,15,172.8,4464
NOAA_survey,Curacao,Sea Aquarium Reef,SQ1,NA,NA,field,Natural colony,2014,0.997260273972604,2014,NA,compound,FALSE,FALSE,TRUE,FALSE,TRUE,timeline_overlay,multiple,2,Sargassum Brown Tides; 3rd Global Bleaching,sargassum; bleaching,Antonio-Martinez 2020 (Sci Rep); van Tussenbroek 2017 (Mar Pollut Bull); Hughes et al. 2017 (Nature); Eakin et al. 2019 (Coral Reefs),caribbean-wide,chronic_pressure; chronic_regime,Sargassum Brown Tides,sargassum,37.5M tons,Leachate toxicity; larval spiral swimming; hypoxia (DO < 1mg/L),5,5,73.2,625.3,7360
NOAA_survey,Curacao,Sea Aquarium Reef,SQ2,NA,NA,field,Natural colony,2014,0.997260273972602,2014,NA,compound,FALSE,FALSE,TRUE,FALSE,TRUE,timeline_overlay,multiple,2,Sargassum Brown Tides; 3rd Global Bleaching,sargassum; bleaching,Antonio-Martinez 2020 (Sci Rep); van Tussenbroek 2017 (Mar Pollut Bull); Hughes et al. 2017 (Nature); Eakin et al. 2019 (Coral Reefs),caribbean-wide,chronic_pressure; chronic_regime,Sargassum Brown Tides,sargassum,37.5M tons,Leachate toxicity; larval spiral swimming; hypoxia (DO < 1mg/L),6,6,127.5,1578.6,15876.9
NOAA_survey,Curacao,Sea Aquarium Reef,SQ2,NA,NA,field,Natural colony,2014,0.997260273972603,2014,NA,compound,FALSE,FALSE,TRUE,FALSE,TRUE,timeline_overlay,multiple,2,Sargassum Brown Tides; 3rd Global Bleaching,sargassum; bleaching,Antonio-Martinez 2020 (Sci Rep); van Tussenbroek 2017 (Mar Pollut Bull); Hughes et al. 2017 (Nature); Eakin et al. 2019 (Coral Reefs),caribbean-wide,chronic_pressure; chronic_regime,Sargassum Brown Tides,sargassum,37.5M tons,Leachate toxicity; larval spiral swimming; hypoxia (DO < 1mg/L),3,3,6,57,127.4
NOAA_survey,Curacao,Sea Aquarium Reef,SQ2,NA,NA,field,Natural colony,2014,0.997260273972604,2014,NA,compound,FALSE,FALSE,TRUE,FALSE,TRUE,timeline_overlay,multiple,2,Sargassum Brown Tides; 3rd Global Bleaching,sargassum; bleaching,Antonio-Martinez 2020 (Sci Rep); van Tussenbroek 2017 (Mar Pollut Bull); Hughes et al. 2017 (Nature); Eakin et al. 2019 (Coral Reefs),caribbean-wide,chronic_pressure; chronic_regime,Sargassum Brown Tides,sargassum,37.5M tons,Leachate toxicity; larval spiral swimming; hypoxia (DO < 1mg/L),3,3,1176,1391,18352
NOAA_survey,Curacao,Sea Aquarium Reef,SQ3,NA,NA,field,Natural colony,2014,0.994520547945205,2014,NA,compound,FALSE,FALSE,TRUE,FALSE,TRUE,timeline_overlay,multiple,2,Sargassum Brown Tides; 3rd Global Bleaching,sargassum; bleaching,Antonio-Martinez 2020 (Sci Rep); van Tussenbroek 2017 (Mar Pollut Bull); Hughes et al. 2017 (Nature); Eakin et al. 2019 (Coral Reefs),caribbean-wide,chronic_pressure; chronic_regime,Sargassum Brown Tides,sargassum,37.5M tons,Leachate toxicity; larval spiral swimming; hypoxia (DO < 1mg/L),8,8,669.6,4754.1,27216
NOAA_survey,Curacao,Sea Aquarium Reef,SQ3,NA,NA,field,Natural colony,2014,0.994520547945206,2014,NA,compound,FALSE,FALSE,TRUE,FALSE,TRUE,timeline_overlay,multiple,2,Sargassum Brown Tides; 3rd Global Bleaching,sargassum; bleaching,Antonio-Martinez 2020 (Sci Rep); van Tussenbroek 2017 (Mar Pollut Bull); Hughes et al. 2017 (Nature); Eakin et al. 2019 (Coral Reefs),caribbean-wide,chronic_pressure; chronic_regime,Sargassum Brown Tides,sargassum,37.5M tons,Leachate toxicity; larval spiral swimming; hypoxia (DO < 1mg/L),4,4,66,178.6,324
NOAA_survey,Curacao,Water Factory,WF1,NA,NA,field,Natural colony,2014,1,2014,NA,compound,FALSE,FALSE,TRUE,FALSE,TRUE,timeline_overlay,multiple,2,Sargassum Brown Tides; 3rd Global Bleaching,sargassum; bleaching,Antonio-Martinez 2020 (Sci Rep); van Tussenbroek 2017 (Mar Pollut Bull); Hughes et al. 2017 (Nature); Eakin et al. 2019 (Coral Reefs),caribbean-wide,chronic_pressure; chronic_regime,Sargassum Brown Tides,sargassum,37.5M tons,Leachate toxicity; larval spiral swimming; hypoxia (DO < 1mg/L),11,11,48,897.6,2299
NOAA_survey,Curacao,Water Factory,WF1,NA,NA,field,Restoration fragment,2014,1,2014,NA,compound,FALSE,FALSE,TRUE,FALSE,TRUE,timeline_overlay,multiple,2,Sargassum Brown Tides; 3rd Global Bleaching,sargassum; bleaching,Antonio-Martinez 2020 (Sci Rep); van Tussenbroek 2017 (Mar Pollut Bull); Hughes et al. 2017 (Nature); Eakin et al. 2019 (Coral Reefs),caribbean-wide,chronic_pressure; chronic_regime,Sargassum Brown Tides,sargassum,37.5M tons,Leachate toxicity; larval spiral swimming; hypoxia (DO < 1mg/L),1,1,1157.1,1157.1,1157.1
NOAA_survey,Curacao,Water Factory,WF2,NA,NA,field,Natural colony,2014,0.994520547945206,2014,NA,compound,FALSE,FALSE,TRUE,FALSE,TRUE,timeline_overlay,multiple,2,Sargassum Brown Tides; 3rd Global Bleaching,sargassum; bleaching,Antonio-Martinez 2020 (Sci Rep); van Tussenbroek 2017 (Mar Pollut Bull); Hughes et al. 2017 (Nature); Eakin et al. 2019 (Coral Reefs),caribbean-wide,chronic_pressure; chronic_regime,Sargassum Brown Tides,sargassum,37.5M tons,Leachate toxicity; larval spiral swimming; hypoxia (DO < 1mg/L),12,12,43.2,2436,7968.75
NOAA_survey,Curacao,Water Factory,WF3,NA,NA,field,Natural colony,2014,1,2014,NA,compound,FALSE,FALSE,TRUE,FALSE,TRUE,timeline_overlay,multiple,2,Sargassum Brown Tides; 3rd Global Bleaching,sargassum; bleaching,Antonio-Martinez 2020 (Sci Rep); van Tussenbroek 2017 (Mar Pollut Bull); Hughes et al. 2017 (Nature); Eakin et al. 2019 (Coral Reefs),caribbean-wide,chronic_pressure; chronic_regime,Sargassum Brown Tides,sargassum,37.5M tons,Leachate toxicity; larval spiral swimming; hypoxia (DO < 1mg/L),8,8,360,2523,8499.2
NOAA_survey,Curacao,Water Factory,WF3,NA,NA,field,Restoration fragment,2014,1,2014,NA,compound,FALSE,FALSE,TRUE,FALSE,TRUE,timeline_overlay,multiple,2,Sargassum Brown Tides; 3rd Global Bleaching,sargassum; bleaching,Antonio-Martinez 2020 (Sci Rep); van Tussenbroek 2017 (Mar Pollut Bull); Hughes et al. 2017 (Nature); Eakin et al. 2019 (Coral Reefs),caribbean-wide,chronic_pressure; chronic_regime,Sargassum Brown Tides,sargassum,37.5M tons,Leachate toxicity; larval spiral swimming; hypoxia (DO < 1mg/L),4,4,1344,1659.1999999999998,1892
NOAA_survey,Curacao,Blue Baai,BB2,NA,NA,field,Natural colony,2014,1.0027397260274,2015,NA,compound,FALSE,FALSE,TRUE,FALSE,TRUE,timeline_overlay,multiple,2,Sargassum Brown Tides; 3rd Global Bleaching,sargassum; bleaching,Antonio-Martinez 2020 (Sci Rep); van Tussenbroek 2017 (Mar Pollut Bull); Hughes et al. 2017 (Nature); Eakin et al. 2019 (Coral Reefs),caribbean-wide,chronic_pressure; chronic_regime,Sargassum Brown Tides,sargassum,37.5M tons,Leachate toxicity; larval spiral swimming; hypoxia (DO < 1mg/L),13,13,12,1260,10938.4
NOAA_survey,Curacao,Blue Baai,BB3,NA,NA,field,Natural colony,2014,1.0027397260274,2015,NA,compound,FALSE,FALSE,TRUE,FALSE,TRUE,timeline_overlay,multiple,2,Sargassum Brown Tides; 3rd Global Bleaching,sargassum; bleaching,Antonio-Martinez 2020 (Sci Rep); van Tussenbroek 2017 (Mar Pollut Bull); Hughes et al. 2017 (Nature); Eakin et al. 2019 (Coral Reefs),caribbean-wide,chronic_pressure; chronic_regime,Sargassum Brown Tides,sargassum,37.5M tons,Leachate toxicity; larval spiral swimming; hypoxia (DO < 1mg/L),9,9,375,2236,6375
NOAA_survey,Curacao,Blue Baai,BB1,NA,NA,field,Natural colony,2015,1.03561643835616,2016,NA,compound,FALSE,FALSE,TRUE,FALSE,TRUE,timeline_overlay,multiple,2,Sargassum Brown Tides; 3rd Global Bleaching,sargassum; bleaching,Antonio-Martinez 2020 (Sci Rep); van Tussenbroek 2017 (Mar Pollut Bull); Hughes et al. 2017 (Nature); Eakin et al. 2019 (Coral Reefs),caribbean-wide,chronic_pressure; chronic_regime,Sargassum Brown Tides,sargassum,37.5M tons,Leachate toxicity; larval spiral swimming; hypoxia (DO < 1mg/L),11,11,1568,7114.8,25420
NOAA_survey,Curacao,Blue Baai,BB2,NA,NA,field,Natural colony,2015,1.03287671232877,2016,NA,compound,FALSE,FALSE,TRUE,FALSE,TRUE,timeline_overlay,multiple,2,Sargassum Brown Tides; 3rd Global Bleaching,sargassum; bleaching,Antonio-Martinez 2020 (Sci Rep); van Tussenbroek 2017 (Mar Pollut Bull); Hughes et al. 2017 (Nature); Eakin et al. 2019 (Coral Reefs),caribbean-wide,chronic_pressure; chronic_regime,Sargassum Brown Tides,sargassum,37.5M tons,Leachate toxicity; larval spiral swimming; hypoxia (DO < 1mg/L),11,11,42,2640,17132.3
NOAA_survey,Curacao,Blue Baai,BB3,NA,NA,field,Natural colony,2015,1.03287671232877,2016,NA,compound,FALSE,FALSE,TRUE,FALSE,TRUE,timeline_overlay,multiple,2,Sargassum Brown Tides; 3rd Global Bleaching,sargassum; bleaching,Antonio-Martinez 2020 (Sci Rep); van Tussenbroek 2017 (Mar Pollut Bull); Hughes et al. 2017 (Nature); Eakin et al. 2019 (Coral Reefs),caribbean-wide,chronic_pressure; chronic_regime,Sargassum Brown Tides,sargassum,37.5M tons,Leachate toxicity; larval spiral swimming; hypoxia (DO < 1mg/L),10,10,360,1805.15,12045
NOAA_survey,Curacao,Sea Aquarium Reef,SQ1,NA,NA,field,Natural colony,2015,1.04383561643836,2016,NA,compound,FALSE,FALSE,TRUE,FALSE,TRUE,timeline_overlay,multiple,2,Sargassum Brown Tides; 3rd Global Bleaching,sargassum; bleaching,Antonio-Martinez 2020 (Sci Rep); van Tussenbroek 2017 (Mar Pollut Bull); Hughes et al. 2017 (Nature); Eakin et al. 2019 (Coral Reefs),caribbean-wide,chronic_pressure; chronic_regime,Sargassum Brown Tides,sargassum,37.5M tons,Leachate toxicity; larval spiral swimming; hypoxia (DO < 1mg/L),11,11,90,378,8379
NOAA_survey,Curacao,Sea Aquarium Reef,SQ2,NA,NA,field,Natural colony,2015,1.04109589041096,2016,NA,compound,FALSE,FALSE,TRUE,FALSE,TRUE,timeline_overlay,multiple,2,Sargassum Brown Tides; 3rd Global Bleaching,sargassum; bleaching,Antonio-Martinez 2020 (Sci Rep); van Tussenbroek 2017 (Mar Pollut Bull); Hughes et al. 2017 (Nature); Eakin et al. 2019 (Coral Reefs),caribbean-wide,chronic_pressure; chronic_regime,Sargassum Brown Tides,sargassum,37.5M tons,Leachate toxicity; larval spiral swimming; hypoxia (DO < 1mg/L),9,9,16,1278,24743.5
NOAA_survey,Curacao,Sea Aquarium Reef,SQ3,NA,NA,field,Natural colony,2015,1.03835616438356,2016,NA,compound,FALSE,FALSE,TRUE,FALSE,TRUE,timeline_overlay,multiple,2,Sargassum Brown Tides; 3rd Global Bleaching,sargassum; bleaching,Antonio-Martinez 2020 (Sci Rep); van Tussenbroek 2017 (Mar Pollut Bull); Hughes et al. 2017 (Nature); Eakin et al. 2019 (Coral Reefs),caribbean-wide,chronic_pressure; chronic_regime,Sargassum Brown Tides,sargassum,37.5M tons,Leachate toxicity; larval spiral swimming; hypoxia (DO < 1mg/L),9,9,20,1740.8,25575
NOAA_survey,Curacao,Water Factory,WF1,NA,NA,field,Natural colony,2015,1.04109589041096,2016,NA,compound,FALSE,FALSE,TRUE,FALSE,TRUE,timeline_overlay,multiple,2,Sargassum Brown Tides; 3rd Global Bleaching,sargassum; bleaching,Antonio-Martinez 2020 (Sci Rep); van Tussenbroek 2017 (Mar Pollut Bull); Hughes et al. 2017 (Nature); Eakin et al. 2019 (Coral Reefs),caribbean-wide,chronic_pressure; chronic_regime,Sargassum Brown Tides,sargassum,37.5M tons,Leachate toxicity; larval spiral swimming; hypoxia (DO < 1mg/L),12,12,225,1498.375,3950.1
NOAA_survey,Curacao,Water Factory,WF2,NA,NA,field,Natural colony,2015,1.04931506849315,2016,NA,compound,FALSE,FALSE,TRUE,FALSE,TRUE,timeline_overlay,multiple,2,Sargassum Brown Tides; 3rd Global Bleaching,sargassum; bleaching,Antonio-Martinez 2020 (Sci Rep); van Tussenbroek 2017 (Mar Pollut Bull); Hughes et al. 2017 (Nature); Eakin et al. 2019 (Coral Reefs),caribbean-wide,chronic_pressure; chronic_regime,Sargassum Brown Tides,sargassum,37.5M tons,Leachate toxicity; larval spiral swimming; hypoxia (DO < 1mg/L),12,12,36,1837.125,9562.5
NOAA_survey,Curacao,Water Factory,WF3,NA,NA,field,Natural colony,2015,1.04383561643836,2016,NA,compound,FALSE,FALSE,TRUE,FALSE,TRUE,timeline_overlay,multiple,2,Sargassum Brown Tides; 3rd Global Bleaching,sargassum; bleaching,Antonio-Martinez 2020 (Sci Rep); van Tussenbroek 2017 (Mar Pollut Bull); Hughes et al. 2017 (Nature); Eakin et al. 2019 (Coral Reefs),caribbean-wide,chronic_pressure; chronic_regime,Sargassum Brown Tides,sargassum,37.5M tons,Leachate toxicity; larval spiral swimming; hypoxia (DO < 1mg/L),11,11,81,2703,13320
NOAA_survey,Curacao,Water Factory,WF3,NA,NA,field,Restoration fragment,2015,1.04383561643836,2016,NA,compound,FALSE,FALSE,TRUE,FALSE,TRUE,timeline_overlay,multiple,2,Sargassum Brown Tides; 3rd Global Bleaching,sargassum; bleaching,Antonio-Martinez 2020 (Sci Rep); van Tussenbroek 2017 (Mar Pollut Bull); Hughes et al. 2017 (Nature); Eakin et al. 2019 (Coral Reefs),caribbean-wide,chronic_pressure; chronic_regime,Sargassum Brown Tides,sargassum,37.5M tons,Leachate toxicity; larval spiral swimming; hypoxia (DO < 1mg/L),1,1,720,720,720
NOAA_survey,Florida Keys,Elbow Reef,EL1,NA,NA,field,Natural colony,2004,0.534246575342466,2004,NA,pollution,FALSE,FALSE,TRUE,FALSE,TRUE,timeline_overlay,one,1,Coastal Eutrophication,pollution,Banister et al. 2024 (PLoS ONE),local,chronic_pressure,Coastal Eutrophication,pollution,>1 mg/m3,Habitat suitability drop; chronic persistence failure,1,1,960,960,960
NOAA_survey,Florida Keys,Elbow Reef,EL2,NA,NA,field,Natural colony,2004,0.534246575342466,2004,NA,pollution,FALSE,FALSE,TRUE,FALSE,TRUE,timeline_overlay,one,1,Coastal Eutrophication,pollution,Banister et al. 2024 (PLoS ONE),local,chronic_pressure,Coastal Eutrophication,pollution,>1 mg/m3,Habitat suitability drop; chronic persistence failure,1,1,678.6,678.6,678.6
NOAA_survey,Florida Keys,Key Largo Dry Rocks,KL2,NA,NA,field,Natural colony,2004,0.53972602739726006,2004,NA,pollution,FALSE,FALSE,TRUE,FALSE,TRUE,timeline_overlay,one,1,Coastal Eutrophication,pollution,Banister et al. 2024 (PLoS ONE),local,chronic_pressure,Coastal Eutrophication,pollution,>1 mg/m3,Habitat suitability drop; chronic persistence failure,2,2,144,216,288
NOAA_survey,Florida Keys,Molasses Reef,ML1,NA,NA,field,Natural colony,2004,0.53972602739726006,2004,NA,pollution,FALSE,FALSE,TRUE,FALSE,TRUE,timeline_overlay,one,1,Coastal Eutrophication,pollution,Banister et al. 2024 (PLoS ONE),local,chronic_pressure,Coastal Eutrophication,pollution,>1 mg/m3,Habitat suitability drop; chronic persistence failure,1,1,135,135,135
NOAA_survey,Florida Keys,Carysfort Reef,CF1,NA,NA,field,Natural colony,2005,0.827397260273973,2005,storm,compound,TRUE,FALSE,TRUE,TRUE,TRUE,local_metadata_plus_timeline,multiple,4,2005 Hurricane Season; 2005 Thermal Anomaly; Coastal Eutrophication; Snail Predation Trap,hurricane; bleaching; pollution; predator,Williams & Miller 2012 (Coral Reefs); Eakin et al. 2010 (PLoS ONE); Miller et al. 2009 (Coral Reefs); Banister et al. 2024 (PLoS ONE); Williams & Miller 2012 (Coral Reefs); Miller 2001 (Coral Reefs),local; regional,acute_event; chronic_pressure; biotic_pressure,2005 Hurricane Season,hurricane,4 storms,Nearly 50% tissue loss primarily from breakage,1,1,56,56,56
NOAA_survey,Florida Keys,Elbow Reef,EL3,NA,NA,field,Natural colony,2005,0.832876712328767,2005,storm,compound,TRUE,FALSE,TRUE,TRUE,TRUE,local_metadata_plus_timeline,multiple,4,2005 Hurricane Season; 2005 Thermal Anomaly; Coastal Eutrophication; Snail Predation Trap,hurricane; bleaching; pollution; predator,Williams & Miller 2012 (Coral Reefs); Eakin et al. 2010 (PLoS ONE); Miller et al. 2009 (Coral Reefs); Banister et al. 2024 (PLoS ONE); Williams & Miller 2012 (Coral Reefs); Miller 2001 (Coral Reefs),local; regional,acute_event; chronic_pressure; biotic_pressure,2005 Hurricane Season,hurricane,4 storms,Nearly 50% tissue loss primarily from breakage,1,1,180,180,180
NOAA_survey,Florida Keys,Key Largo Dry Rocks,KL3,NA,NA,field,Natural colony,2005,0.857534246575342,2005,storm,compound,TRUE,FALSE,TRUE,TRUE,TRUE,local_metadata_plus_timeline,multiple,4,2005 Hurricane Season; 2005 Thermal Anomaly; Coastal Eutrophication; Snail Predation Trap,hurricane; bleaching; pollution; predator,Williams & Miller 2012 (Coral Reefs); Eakin et al. 2010 (PLoS ONE); Miller et al. 2009 (Coral Reefs); Banister et al. 2024 (PLoS ONE); Williams & Miller 2012 (Coral Reefs); Miller 2001 (Coral Reefs),local; regional,acute_event; chronic_pressure; biotic_pressure,2005 Hurricane Season,hurricane,4 storms,Nearly 50% tissue loss primarily from breakage,1,1,16.64,16.64,16.64
NOAA_survey,Florida Keys,Carysfort Reef,CF1,NA,NA,field,Natural colony,2005,1.14520547945205,2006,storm,compound,TRUE,FALSE,TRUE,TRUE,TRUE,local_metadata_plus_timeline,multiple,4,2005 Hurricane Season; 2005 Thermal Anomaly; Coastal Eutrophication; Snail Predation Trap,hurricane; bleaching; pollution; predator,Williams & Miller 2012 (Coral Reefs); Eakin et al. 2010 (PLoS ONE); Miller et al. 2009 (Coral Reefs); Banister et al. 2024 (PLoS ONE); Williams & Miller 2012 (Coral Reefs); Miller 2001 (Coral Reefs),local; regional,acute_event; chronic_pressure; biotic_pressure,2005 Hurricane Season,hurricane,4 storms,Nearly 50% tissue loss primarily from breakage,13,13,132,2970,18720
NOAA_survey,Florida Keys,Carysfort Reef,CF2,NA,NA,field,Natural colony,2005,1.14520547945205,2006,storm,compound,TRUE,FALSE,TRUE,TRUE,TRUE,local_metadata_plus_timeline,multiple,4,2005 Hurricane Season; 2005 Thermal Anomaly; Coastal Eutrophication; Snail Predation Trap,hurricane; bleaching; pollution; predator,Williams & Miller 2012 (Coral Reefs); Eakin et al. 2010 (PLoS ONE); Miller et al. 2009 (Coral Reefs); Banister et al. 2024 (PLoS ONE); Williams & Miller 2012 (Coral Reefs); Miller 2001 (Coral Reefs),local; regional,acute_event; chronic_pressure; biotic_pressure,2005 Hurricane Season,hurricane,4 storms,Nearly 50% tissue loss primarily from breakage,12,12,576,7105.6,17280
NOAA_survey,Florida Keys,Carysfort Reef,CF3,NA,NA,field,Natural colony,2005,1.13150684931507,2006,storm,compound,TRUE,FALSE,TRUE,TRUE,TRUE,local_metadata_plus_timeline,multiple,4,2005 Hurricane Season; 2005 Thermal Anomaly; Coastal Eutrophication; Snail Predation Trap,hurricane; bleaching; pollution; predator,Williams & Miller 2012 (Coral Reefs); Eakin et al. 2010 (PLoS ONE); Miller et al. 2009 (Coral Reefs); Banister et al. 2024 (PLoS ONE); Williams & Miller 2012 (Coral Reefs); Miller 2001 (Coral Reefs),local; regional,acute_event; chronic_pressure; biotic_pressure,2005 Hurricane Season,hurricane,4 storms,Nearly 50% tissue loss primarily from breakage,10,10,44.55,5110.8,85120
NOAA_survey,Florida Keys,Carysfort Reef,CF3,NA,NA,field,Restoration fragment,2005,1.13150684931507,2006,storm,compound,TRUE,FALSE,TRUE,TRUE,TRUE,local_metadata_plus_timeline,multiple,4,2005 Hurricane Season; 2005 Thermal Anomaly; Coastal Eutrophication; Snail Predation Trap,hurricane; bleaching; pollution; predator,Williams & Miller 2012 (Coral Reefs); Eakin et al. 2010 (PLoS ONE); Miller et al. 2009 (Coral Reefs); Banister et al. 2024 (PLoS ONE); Williams & Miller 2012 (Coral Reefs); Miller 2001 (Coral Reefs),local; regional,acute_event; chronic_pressure; biotic_pressure,2005 Hurricane Season,hurricane,4 storms,Nearly 50% tissue loss primarily from breakage,1,1,696.96,696.96,696.96
NOAA_survey,Florida Keys,Elbow Reef,EL1,NA,NA,field,Natural colony,2005,1.08767123287671,2006,storm,compound,TRUE,FALSE,TRUE,TRUE,TRUE,local_metadata_plus_timeline,multiple,4,2005 Hurricane Season; 2005 Thermal Anomaly; Coastal Eutrophication; Snail Predation Trap,hurricane; bleaching; pollution; predator,Williams & Miller 2012 (Coral Reefs); Eakin et al. 2010 (PLoS ONE); Miller et al. 2009 (Coral Reefs); Banister et al. 2024 (PLoS ONE); Williams & Miller 2012 (Coral Reefs); Miller 2001 (Coral Reefs),local; regional,acute_event; chronic_pressure; biotic_pressure,2005 Hurricane Season,hurricane,4 storms,Nearly 50% tissue loss primarily from breakage,11,11,187,11050,36720
NOAA_survey,Florida Keys,Elbow Reef,EL1,NA,NA,field,Restoration fragment,2005,1.08767123287671,2006,storm,compound,TRUE,FALSE,TRUE,TRUE,TRUE,local_metadata_plus_timeline,multiple,4,2005 Hurricane Season; 2005 Thermal Anomaly; Coastal Eutrophication; Snail Predation Trap,hurricane; bleaching; pollution; predator,Williams & Miller 2012 (Coral Reefs); Eakin et al. 2010 (PLoS ONE); Miller et al. 2009 (Coral Reefs); Banister et al. 2024 (PLoS ONE); Williams & Miller 2012 (Coral Reefs); Miller 2001 (Coral Reefs),local; regional,acute_event; chronic_pressure; biotic_pressure,2005 Hurricane Season,hurricane,4 storms,Nearly 50% tissue loss primarily from breakage,1,1,6336,6336,6336
NOAA_survey,Florida Keys,Elbow Reef,EL2,NA,NA,field,Natural colony,2005,1.08767123287671,2006,storm,compound,TRUE,FALSE,TRUE,TRUE,TRUE,local_metadata_plus_timeline,multiple,4,2005 Hurricane Season; 2005 Thermal Anomaly; Coastal Eutrophication; Snail Predation Trap,hurricane; bleaching; pollution; predator,Williams & Miller 2012 (Coral Reefs); Eakin et al. 2010 (PLoS ONE); Miller et al. 2009 (Coral Reefs); Banister et al. 2024 (PLoS ONE); Williams & Miller 2012 (Coral Reefs); Miller 2001 (Coral Reefs),local; regional,acute_event; chronic_pressure; biotic_pressure,2005 Hurricane Season,hurricane,4 storms,Nearly 50% tissue loss primarily from breakage,11,11,317.9,3720,10111.5
NOAA_survey,Florida Keys,Elbow Reef,EL3,NA,NA,field,Natural colony,2005,1.07671232876712,2006,storm,compound,TRUE,FALSE,TRUE,TRUE,TRUE,local_metadata_plus_timeline,multiple,4,2005 Hurricane Season; 2005 Thermal Anomaly; Coastal Eutrophication; Snail Predation Trap,hurricane; bleaching; pollution; predator,Williams & Miller 2012 (Coral Reefs); Eakin et al. 2010 (PLoS ONE); Miller et al. 2009 (Coral Reefs); Banister et al. 2024 (PLoS ONE); Williams & Miller 2012 (Coral Reefs); Miller 2001 (Coral Reefs),local; regional,acute_event; chronic_pressure; biotic_pressure,2005 Hurricane Season,hurricane,4 storms,Nearly 50% tissue loss primarily from breakage,11,11,98.8,3272.5,13776.75
NOAA_survey,Florida Keys,Elbow Reef,EL4,NA,NA,field,Natural colony,2005,1.05205479452055,2006,storm,compound,TRUE,FALSE,TRUE,TRUE,TRUE,local_metadata_plus_timeline,multiple,4,2005 Hurricane Season; 2005 Thermal Anomaly; Coastal Eutrophication; Snail Predation Trap,hurricane; bleaching; pollution; predator,Williams & Miller 2012 (Coral Reefs); Eakin et al. 2010 (PLoS ONE); Miller et al. 2009 (Coral Reefs); Banister et al. 2024 (PLoS ONE); Williams & Miller 2012 (Coral Reefs); Miller 2001 (Coral Reefs),local; regional,acute_event; chronic_pressure; biotic_pressure,2005 Hurricane Season,hurricane,4 storms,Nearly 50% tissue loss primarily from breakage,16,16,42,874.575,12152
NOAA_survey,Florida Keys,Elbow Reef,EL4,NA,NA,field,Restoration fragment,2005,1.05205479452055,2006,storm,compound,TRUE,FALSE,TRUE,TRUE,TRUE,local_metadata_plus_timeline,multiple,4,2005 Hurricane Season; 2005 Thermal Anomaly; Coastal Eutrophication; Snail Predation Trap,hurricane; bleaching; pollution; predator,Williams & Miller 2012 (Coral Reefs); Eakin et al. 2010 (PLoS ONE); Miller et al. 2009 (Coral Reefs); Banister et al. 2024 (PLoS ONE); Williams & Miller 2012 (Coral Reefs); Miller 2001 (Coral Reefs),local; regional,acute_event; chronic_pressure; biotic_pressure,2005 Hurricane Season,hurricane,4 storms,Nearly 50% tissue loss primarily from breakage,1,1,3506.25,3506.25,3506.25
NOAA_survey,Florida Keys,Elbow Reef,EL5,NA,NA,field,Natural colony,2005,1.05205479452055,2006,storm,compound,TRUE,FALSE,TRUE,TRUE,TRUE,local_metadata_plus_timeline,multiple,4,2005 Hurricane Season; 2005 Thermal Anomaly; Coastal Eutrophication; Snail Predation Trap,hurricane; bleaching; pollution; predator,Williams & Miller 2012 (Coral Reefs); Eakin et al. 2010 (PLoS ONE); Miller et al. 2009 (Coral Reefs); Banister et al. 2024 (PLoS ONE); Williams & Miller 2012 (Coral Reefs); Miller 2001 (Coral Reefs),local; regional,acute_event; chronic_pressure; biotic_pressure,2005 Hurricane Season,hurricane,4 storms,Nearly 50% tissue loss primarily from breakage,12,12,132,521.325,5508
NOAA_survey,Florida Keys,French Reef,FR1,NA,NA,field,Natural colony,2005,1.07397260273973,2006,storm,compound,TRUE,FALSE,TRUE,TRUE,TRUE,local_metadata_plus_timeline,multiple,4,2005 Hurricane Season; 2005 Thermal Anomaly; Coastal Eutrophication; Snail Predation Trap,hurricane; bleaching; pollution; predator,Williams & Miller 2012 (Coral Reefs); Eakin et al. 2010 (PLoS ONE); Miller et al. 2009 (Coral Reefs); Banister et al. 2024 (PLoS ONE); Williams & Miller 2012 (Coral Reefs); Miller 2001 (Coral Reefs),local; regional,acute_event; chronic_pressure; biotic_pressure,2005 Hurricane Season,hurricane,4 storms,Nearly 50% tissue loss primarily from breakage,12,12,16,2229.15,27060
NOAA_survey,Florida Keys,Key Largo Dry Rocks,KL1,NA,NA,field,Natural colony,2005,1.07123287671233,2006,storm,compound,TRUE,FALSE,TRUE,TRUE,TRUE,local_metadata_plus_timeline,multiple,4,2005 Hurricane Season; 2005 Thermal Anomaly; Coastal Eutrophication; Snail Predation Trap,hurricane; bleaching; pollution; predator,Williams & Miller 2012 (Coral Reefs); Eakin et al. 2010 (PLoS ONE); Miller et al. 2009 (Coral Reefs); Banister et al. 2024 (PLoS ONE); Williams & Miller 2012 (Coral Reefs); Miller 2001 (Coral Reefs),local; regional,acute_event; chronic_pressure; biotic_pressure,2005 Hurricane Season,hurricane,4 storms,Nearly 50% tissue loss primarily from breakage,13,13,637.5,8032.5,15642
NOAA_survey,Florida Keys,Key Largo Dry Rocks,KL2,NA,NA,field,Natural colony,2005,1.07123287671233,2006,storm,compound,TRUE,FALSE,TRUE,TRUE,TRUE,local_metadata_plus_timeline,multiple,4,2005 Hurricane Season; 2005 Thermal Anomaly; Coastal Eutrophication; Snail Predation Trap,hurricane; bleaching; pollution; predator,Williams & Miller 2012 (Coral Reefs); Eakin et al. 2010 (PLoS ONE); Miller et al. 2009 (Coral Reefs); Banister et al. 2024 (PLoS ONE); Williams & Miller 2012 (Coral Reefs); Miller 2001 (Coral Reefs),local; regional,acute_event; chronic_pressure; biotic_pressure,2005 Hurricane Season,hurricane,4 storms,Nearly 50% tissue loss primarily from breakage,9,9,91,1080,4488.75
NOAA_survey,Florida Keys,Key Largo Dry Rocks,KL3,NA,NA,field,Natural colony,2005,1.12602739726027,2006,storm,compound,TRUE,FALSE,TRUE,TRUE,TRUE,local_metadata_plus_timeline,multiple,4,2005 Hurricane Season; 2005 Thermal Anomaly; Coastal Eutrophication; Snail Predation Trap,hurricane; bleaching; pollution; predator,Williams & Miller 2012 (Coral Reefs); Eakin et al. 2010 (PLoS ONE); Miller et al. 2009 (Coral Reefs); Banister et al. 2024 (PLoS ONE); Williams & Miller 2012 (Coral Reefs); Miller 2001 (Coral Reefs),local; regional,acute_event; chronic_pressure; biotic_pressure,2005 Hurricane Season,hurricane,4 storms,Nearly 50% tissue loss primarily from breakage,10,10,42,1797.75,9750
NOAA_survey,Florida Keys,Molasses Reef,ML1,NA,NA,field,Natural colony,2005,1.0958904109589,2006,storm,compound,TRUE,FALSE,TRUE,TRUE,TRUE,local_metadata_plus_timeline,multiple,4,2005 Hurricane Season; 2005 Thermal Anomaly; Coastal Eutrophication; Snail Predation Trap,hurricane; bleaching; pollution; predator,Williams & Miller 2012 (Coral Reefs); Eakin et al. 2010 (PLoS ONE); Miller et al. 2009 (Coral Reefs); Banister et al. 2024 (PLoS ONE); Williams & Miller 2012 (Coral Reefs); Miller 2001 (Coral Reefs),local; regional,acute_event; chronic_pressure; biotic_pressure,2005 Hurricane Season,hurricane,4 storms,Nearly 50% tissue loss primarily from breakage,9,9,80,4200,26100
NOAA_survey,Florida Keys,Molasses Reef,ML2,NA,NA,field,Natural colony,2005,1.0958904109589,2006,storm,compound,TRUE,FALSE,TRUE,TRUE,TRUE,local_metadata_plus_timeline,multiple,4,2005 Hurricane Season; 2005 Thermal Anomaly; Coastal Eutrophication; Snail Predation Trap,hurricane; bleaching; pollution; predator,Williams & Miller 2012 (Coral Reefs); Eakin et al. 2010 (PLoS ONE); Miller et al. 2009 (Coral Reefs); Banister et al. 2024 (PLoS ONE); Williams & Miller 2012 (Coral Reefs); Miller 2001 (Coral Reefs),local; regional,acute_event; chronic_pressure; biotic_pressure,2005 Hurricane Season,hurricane,4 storms,Nearly 50% tissue loss primarily from breakage,16,16,58.5,981.45,20520
NOAA_survey,Florida Keys,Molasses Reef,ML2,NA,NA,field,Restoration fragment,2005,1.0958904109589,2006,storm,compound,TRUE,FALSE,TRUE,TRUE,TRUE,local_metadata_plus_timeline,multiple,4,2005 Hurricane Season; 2005 Thermal Anomaly; Coastal Eutrophication; Snail Predation Trap,hurricane; bleaching; pollution; predator,Williams & Miller 2012 (Coral Reefs); Eakin et al. 2010 (PLoS ONE); Miller et al. 2009 (Coral Reefs); Banister et al. 2024 (PLoS ONE); Williams & Miller 2012 (Coral Reefs); Miller 2001 (Coral Reefs),local; regional,acute_event; chronic_pressure; biotic_pressure,2005 Hurricane Season,hurricane,4 storms,Nearly 50% tissue loss primarily from breakage,1,1,252,252,252
NOAA_survey,Florida Keys,Molasses Reef,ML3,NA,NA,field,Natural colony,2005,1.13698630136986,2006,storm,compound,TRUE,FALSE,TRUE,TRUE,TRUE,local_metadata_plus_timeline,multiple,4,2005 Hurricane Season; 2005 Thermal Anomaly; Coastal Eutrophication; Snail Predation Trap,hurricane; bleaching; pollution; predator,Williams & Miller 2012 (Coral Reefs); Eakin et al. 2010 (PLoS ONE); Miller et al. 2009 (Coral Reefs); Banister et al. 2024 (PLoS ONE); Williams & Miller 2012 (Coral Reefs); Miller 2001 (Coral Reefs),local; regional,acute_event; chronic_pressure; biotic_pressure,2005 Hurricane Season,hurricane,4 storms,Nearly 50% tissue loss primarily from breakage,11,11,121,7800,35280
NOAA_survey,Florida Keys,Carysfort Reef,CF1,NA,NA,field,Natural colony,2006,0.70958904109589,2006,storm,compound,TRUE,FALSE,TRUE,TRUE,TRUE,local_metadata_plus_timeline,multiple,3,2005 Thermal Anomaly; Coastal Eutrophication; Snail Predation Trap,bleaching; pollution; predator,Eakin et al. 2010 (PLoS ONE); Miller et al. 2009 (Coral Reefs); Banister et al. 2024 (PLoS ONE); Williams & Miller 2012 (Coral Reefs); Miller 2001 (Coral Reefs),regional; local,acute_event; chronic_pressure; biotic_pressure,2005 Thermal Anomaly,bleaching,8-12,Mass bleaching followed by severe disease outbreak,9,9,117,3510,16500
NOAA_survey,Florida Keys,Carysfort Reef,CF2,NA,NA,field,Natural colony,2006,0.70958904109589,2006,storm,compound,TRUE,FALSE,TRUE,TRUE,TRUE,local_metadata_plus_timeline,multiple,3,2005 Thermal Anomaly; Coastal Eutrophication; Snail Predation Trap,bleaching; pollution; predator,Eakin et al. 2010 (PLoS ONE); Miller et al. 2009 (Coral Reefs); Banister et al. 2024 (PLoS ONE); Williams & Miller 2012 (Coral Reefs); Miller 2001 (Coral Reefs),regional; local,acute_event; chronic_pressure; biotic_pressure,2005 Thermal Anomaly,bleaching,8-12,Mass bleaching followed by severe disease outbreak,11,11,623.7,8525.5,16104
NOAA_survey,Florida Keys,Carysfort Reef,CF3,NA,NA,field,Natural colony,2006,0.70958904109589,2006,storm,compound,TRUE,FALSE,TRUE,TRUE,TRUE,local_metadata_plus_timeline,multiple,3,2005 Thermal Anomaly; Coastal Eutrophication; Snail Predation Trap,bleaching; pollution; predator,Eakin et al. 2010 (PLoS ONE); Miller et al. 2009 (Coral Reefs); Banister et al. 2024 (PLoS ONE); Williams & Miller 2012 (Coral Reefs); Miller 2001 (Coral Reefs),regional; local,acute_event; chronic_pressure; biotic_pressure,2005 Thermal Anomaly,bleaching,8-12,Mass bleaching followed by severe disease outbreak,6,6,240,26788.5,77025
NOAA_survey,Florida Keys,Carysfort Reef,CF3,NA,NA,field,Natural colony,2006,1,2006,storm,compound,TRUE,FALSE,TRUE,TRUE,TRUE,local_metadata_plus_timeline,multiple,3,2005 Thermal Anomaly; Coastal Eutrophication; Snail Predation Trap,bleaching; pollution; predator,Eakin et al. 2010 (PLoS ONE); Miller et al. 2009 (Coral Reefs); Banister et al. 2024 (PLoS ONE); Williams & Miller 2012 (Coral Reefs); Miller 2001 (Coral Reefs),regional; local,acute_event; chronic_pressure; biotic_pressure,2005 Thermal Anomaly,bleaching,8-12,Mass bleaching followed by severe disease outbreak,4,4,17,30,627
NOAA_survey,Florida Keys,Elbow Reef,EL2,NA,NA,field,Natural colony,2006,0.96986301369863,2006,storm,compound,TRUE,FALSE,TRUE,TRUE,TRUE,local_metadata_plus_timeline,multiple,3,2005 Thermal Anomaly; Coastal Eutrophication; Snail Predation Trap,bleaching; pollution; predator,Eakin et al. 2010 (PLoS ONE); Miller et al. 2009 (Coral Reefs); Banister et al. 2024 (PLoS ONE); Williams & Miller 2012 (Coral Reefs); Miller 2001 (Coral Reefs),regional; local,acute_event; chronic_pressure; biotic_pressure,2005 Thermal Anomaly,bleaching,8-12,Mass bleaching followed by severe disease outbreak,1,1,26775,26775,26775
NOAA_survey,Florida Keys,Elbow Reef,EL3,NA,NA,field,Natural colony,2006,0.767123287671233,2006,storm,compound,TRUE,FALSE,TRUE,TRUE,TRUE,local_metadata_plus_timeline,multiple,3,2005 Thermal Anomaly; Coastal Eutrophication; Snail Predation Trap,bleaching; pollution; predator,Eakin et al. 2010 (PLoS ONE); Miller et al. 2009 (Coral Reefs); Banister et al. 2024 (PLoS ONE); Williams & Miller 2012 (Coral Reefs); Miller 2001 (Coral Reefs),regional; local,acute_event; chronic_pressure; biotic_pressure,2005 Thermal Anomaly,bleaching,8-12,Mass bleaching followed by severe disease outbreak,1,1,163.8,163.8,163.8
NOAA_survey,Florida Keys,Elbow Reef,EL3,NA,NA,field,Natural colony,2006,0.980821917808219,2006,storm,compound,TRUE,FALSE,TRUE,TRUE,TRUE,local_metadata_plus_timeline,multiple,3,2005 Thermal Anomaly; Coastal Eutrophication; Snail Predation Trap,bleaching; pollution; predator,Eakin et al. 2010 (PLoS ONE); Miller et al. 2009 (Coral Reefs); Banister et al. 2024 (PLoS ONE); Williams & Miller 2012 (Coral Reefs); Miller 2001 (Coral Reefs),regional; local,acute_event; chronic_pressure; biotic_pressure,2005 Thermal Anomaly,bleaching,8-12,Mass bleaching followed by severe disease outbreak,1,1,1554,1554,1554
NOAA_survey,Florida Keys,Elbow Reef,EL4,NA,NA,field,Natural colony,2006,0.767123287671233,2006,storm,compound,TRUE,FALSE,TRUE,TRUE,TRUE,local_metadata_plus_timeline,multiple,3,2005 Thermal Anomaly; Coastal Eutrophication; Snail Predation Trap,bleaching; pollution; predator,Eakin et al. 2010 (PLoS ONE); Miller et al. 2009 (Coral Reefs); Banister et al. 2024 (PLoS ONE); Williams & Miller 2012 (Coral Reefs); Miller 2001 (Coral Reefs),regional; local,acute_event; chronic_pressure; biotic_pressure,2005 Thermal Anomaly,bleaching,8-12,Mass bleaching followed by severe disease outbreak,1,1,306,306,306
NOAA_survey,Florida Keys,Elbow Reef,EL4,NA,NA,field,Natural colony,2006,0.961643835616439,2006,storm,compound,TRUE,FALSE,TRUE,TRUE,TRUE,local_metadata_plus_timeline,multiple,3,2005 Thermal Anomaly; Coastal Eutrophication; Snail Predation Trap,bleaching; pollution; predator,Eakin et al. 2010 (PLoS ONE); Miller et al. 2009 (Coral Reefs); Banister et al. 2024 (PLoS ONE); Williams & Miller 2012 (Coral Reefs); Miller 2001 (Coral Reefs),regional; local,acute_event; chronic_pressure; biotic_pressure,2005 Thermal Anomaly,bleaching,8-12,Mass bleaching followed by severe disease outbreak,9,9,70,1230.25,13834.8
NOAA_survey,Florida Keys,Elbow Reef,EL5,NA,NA,field,Natural colony,2006,0.641095890410959,2006,storm,compound,TRUE,FALSE,TRUE,TRUE,TRUE,local_metadata_plus_timeline,multiple,3,2005 Thermal Anomaly; Coastal Eutrophication; Snail Predation Trap,bleaching; pollution; predator,Eakin et al. 2010 (PLoS ONE); Miller et al. 2009 (Coral Reefs); Banister et al. 2024 (PLoS ONE); Williams & Miller 2012 (Coral Reefs); Miller 2001 (Coral Reefs),regional; local,acute_event; chronic_pressure; biotic_pressure,2005 Thermal Anomaly,bleaching,8-12,Mass bleaching followed by severe disease outbreak,1,1,1161,1161,1161
NOAA_survey,Florida Keys,Elbow Reef,EL5,NA,NA,field,Natural colony,2006,0.961643835616439,2006,storm,compound,TRUE,FALSE,TRUE,TRUE,TRUE,local_metadata_plus_timeline,multiple,3,2005 Thermal Anomaly; Coastal Eutrophication; Snail Predation Trap,bleaching; pollution; predator,Eakin et al. 2010 (PLoS ONE); Miller et al. 2009 (Coral Reefs); Banister et al. 2024 (PLoS ONE); Williams & Miller 2012 (Coral Reefs); Miller 2001 (Coral Reefs),regional; local,acute_event; chronic_pressure; biotic_pressure,2005 Thermal Anomaly,bleaching,8-12,Mass bleaching followed by severe disease outbreak,4,4,140.14,1829.6799999999998,5556.6
NOAA_survey,Florida Keys,Key Largo Dry Rocks,KL1,NA,NA,field,Natural colony,2006,0.76986301369863,2006,storm,compound,TRUE,FALSE,TRUE,TRUE,TRUE,local_metadata_plus_timeline,multiple,3,2005 Thermal Anomaly; Coastal Eutrophication; Snail Predation Trap,bleaching; pollution; predator,Eakin et al. 2010 (PLoS ONE); Miller et al. 2009 (Coral Reefs); Banister et al. 2024 (PLoS ONE); Williams & Miller 2012 (Coral Reefs); Miller 2001 (Coral Reefs),regional; local,acute_event; chronic_pressure; biotic_pressure,2005 Thermal Anomaly,bleaching,8-12,Mass bleaching followed by severe disease outbreak,2,2,490,2272.25,4054.5
NOAA_survey,Florida Keys,Key Largo Dry Rocks,KL1,NA,NA,field,Natural colony,2006,0.991780821917808,2006,storm,compound,TRUE,FALSE,TRUE,TRUE,TRUE,local_metadata_plus_timeline,multiple,3,2005 Thermal Anomaly; Coastal Eutrophication; Snail Predation Trap,bleaching; pollution; predator,Eakin et al. 2010 (PLoS ONE); Miller et al. 2009 (Coral Reefs); Banister et al. 2024 (PLoS ONE); Williams & Miller 2012 (Coral Reefs); Miller 2001 (Coral Reefs),regional; local,acute_event; chronic_pressure; biotic_pressure,2005 Thermal Anomaly,bleaching,8-12,Mass bleaching followed by severe disease outbreak,1,1,1890,1890,1890
NOAA_survey,Florida Keys,Key Largo Dry Rocks,KL2,NA,NA,field,Natural colony,2006,0.531506849315069,2006,storm,compound,TRUE,FALSE,TRUE,TRUE,TRUE,local_metadata_plus_timeline,multiple,3,2005 Thermal Anomaly; Coastal Eutrophication; Snail Predation Trap,bleaching; pollution; predator,Eakin et al. 2010 (PLoS ONE); Miller et al. 2009 (Coral Reefs); Banister et al. 2024 (PLoS ONE); Williams & Miller 2012 (Coral Reefs); Miller 2001 (Coral Reefs),regional; local,acute_event; chronic_pressure; biotic_pressure,2005 Thermal Anomaly,bleaching,8-12,Mass bleaching followed by severe disease outbreak,2,2,120,210,300
NOAA_survey,Florida Keys,Key Largo Dry Rocks,KL2,NA,NA,field,Natural colony,2006,0.76986301369863,2006,storm,compound,TRUE,FALSE,TRUE,TRUE,TRUE,local_metadata_plus_timeline,multiple,3,2005 Thermal Anomaly; Coastal Eutrophication; Snail Predation Trap,bleaching; pollution; predator,Eakin et al. 2010 (PLoS ONE); Miller et al. 2009 (Coral Reefs); Banister et al. 2024 (PLoS ONE); Williams & Miller 2012 (Coral Reefs); Miller 2001 (Coral Reefs),regional; local,acute_event; chronic_pressure; biotic_pressure,2005 Thermal Anomaly,bleaching,8-12,Mass bleaching followed by severe disease outbreak,7,7,187.5,783.75,2643.75
NOAA_survey,Florida Keys,Key Largo Dry Rocks,KL2,NA,NA,field,Natural colony,2006,0.991780821917808,2006,storm,compound,TRUE,FALSE,TRUE,TRUE,TRUE,local_metadata_plus_timeline,multiple,3,2005 Thermal Anomaly; Coastal Eutrophication; Snail Predation Trap,bleaching; pollution; predator,Eakin et al. 2010 (PLoS ONE); Miller et al. 2009 (Coral Reefs); Banister et al. 2024 (PLoS ONE); Williams & Miller 2012 (Coral Reefs); Miller 2001 (Coral Reefs),regional; local,acute_event; chronic_pressure; biotic_pressure,2005 Thermal Anomaly,bleaching,8-12,Mass bleaching followed by severe disease outbreak,1,1,65.45,65.45,65.45
NOAA_survey,Florida Keys,Key Largo Dry Rocks,KL3,NA,NA,field,Natural colony,2006,0.531506849315069,2006,storm,compound,TRUE,FALSE,TRUE,TRUE,TRUE,local_metadata_plus_timeline,multiple,3,2005 Thermal Anomaly; Coastal Eutrophication; Snail Predation Trap,bleaching; pollution; predator,Eakin et al. 2010 (PLoS ONE); Miller et al. 2009 (Coral Reefs); Banister et al. 2024 (PLoS ONE); Williams & Miller 2012 (Coral Reefs); Miller 2001 (Coral Reefs),regional; local,acute_event; chronic_pressure; biotic_pressure,2005 Thermal Anomaly,bleaching,8-12,Mass bleaching followed by severe disease outbreak,2,2,99,134.5,170
NOAA_survey,Florida Keys,Key Largo Dry Rocks,KL3,NA,NA,field,Natural colony,2006,0.936986301369863,2006,storm,compound,TRUE,FALSE,TRUE,TRUE,TRUE,local_metadata_plus_timeline,multiple,3,2005 Thermal Anomaly; Coastal Eutrophication; Snail Predation Trap,bleaching; pollution; predator,Eakin et al. 2010 (PLoS ONE); Miller et al. 2009 (Coral Reefs); Banister et al. 2024 (PLoS ONE); Williams & Miller 2012 (Coral Reefs); Miller 2001 (Coral Reefs),regional; local,acute_event; chronic_pressure; biotic_pressure,2005 Thermal Anomaly,bleaching,8-12,Mass bleaching followed by severe disease outbreak,9,9,20,885.6,4733.6
NOAA_survey,Florida Keys,Molasses Reef,ML1,NA,NA,field,Natural colony,2006,0.953424657534247,2006,storm,compound,TRUE,FALSE,TRUE,TRUE,TRUE,local_metadata_plus_timeline,multiple,3,2005 Thermal Anomaly; Coastal Eutrophication; Snail Predation Trap,bleaching; pollution; predator,Eakin et al. 2010 (PLoS ONE); Miller et al. 2009 (Coral Reefs); Banister et al. 2024 (PLoS ONE); Williams & Miller 2012 (Coral Reefs); Miller 2001 (Coral Reefs),regional; local,acute_event; chronic_pressure; biotic_pressure,2005 Thermal Anomaly,bleaching,8-12,Mass bleaching followed by severe disease outbreak,2,2,108,276.3,444.6
NOAA_survey,Florida Keys,Molasses Reef,ML2,NA,NA,field,Natural colony,2006,0.726027397260274,2006,storm,compound,TRUE,FALSE,TRUE,TRUE,TRUE,local_metadata_plus_timeline,multiple,3,2005 Thermal Anomaly; Coastal Eutrophication; Snail Predation Trap,bleaching; pollution; predator,Eakin et al. 2010 (PLoS ONE); Miller et al. 2009 (Coral Reefs); Banister et al. 2024 (PLoS ONE); Williams & Miller 2012 (Coral Reefs); Miller 2001 (Coral Reefs),regional; local,acute_event; chronic_pressure; biotic_pressure,2005 Thermal Anomaly,bleaching,8-12,Mass bleaching followed by severe disease outbreak,1,1,42,42,42
NOAA_survey,Florida Keys,Molasses Reef,ML3,NA,NA,field,Natural colony,2006,0.956164383561644,2006,storm,compound,TRUE,FALSE,TRUE,TRUE,TRUE,local_metadata_plus_timeline,multiple,3,2005 Thermal Anomaly; Coastal Eutrophication; Snail Predation Trap,bleaching; pollution; predator,Eakin et al. 2010 (PLoS ONE); Miller et al. 2009 (Coral Reefs); Banister et al. 2024 (PLoS ONE); Williams & Miller 2012 (Coral Reefs); Miller 2001 (Coral Reefs),regional; local,acute_event; chronic_pressure; biotic_pressure,2005 Thermal Anomaly,bleaching,8-12,Mass bleaching followed by severe disease outbreak,9,9,195,10200,32760
NOAA_survey,Florida Keys,Molasses Reef,ML3,NA,NA,field,Natural colony,2006,0.964383561643836,2006,storm,compound,TRUE,FALSE,TRUE,TRUE,TRUE,local_metadata_plus_timeline,multiple,3,2005 Thermal Anomaly; Coastal Eutrophication; Snail Predation Trap,bleaching; pollution; predator,Eakin et al. 2010 (PLoS ONE); Miller et al. 2009 (Coral Reefs); Banister et al. 2024 (PLoS ONE); Williams & Miller 2012 (Coral Reefs); Miller 2001 (Coral Reefs),regional; local,acute_event; chronic_pressure; biotic_pressure,2005 Thermal Anomaly,bleaching,8-12,Mass bleaching followed by severe disease outbreak,1,1,588,588,588
NOAA_survey,Florida Keys,Elbow Reef,EL1,NA,NA,field,Natural colony,2006,1.0027397260274,2007,storm,compound,TRUE,FALSE,TRUE,TRUE,TRUE,local_metadata_plus_timeline,multiple,3,2005 Thermal Anomaly; Coastal Eutrophication; Snail Predation Trap,bleaching; pollution; predator,Eakin et al. 2010 (PLoS ONE); Miller et al. 2009 (Coral Reefs); Banister et al. 2024 (PLoS ONE); Williams & Miller 2012 (Coral Reefs); Miller 2001 (Coral Reefs),regional; local,acute_event; chronic_pressure; biotic_pressure,2005 Thermal Anomaly,bleaching,8-12,Mass bleaching followed by severe disease outbreak,11,11,187,11340,37400
NOAA_survey,Florida Keys,Elbow Reef,EL2,NA,NA,field,Natural colony,2006,1.0027397260274,2007,storm,compound,TRUE,FALSE,TRUE,TRUE,TRUE,local_metadata_plus_timeline,multiple,3,2005 Thermal Anomaly; Coastal Eutrophication; Snail Predation Trap,bleaching; pollution; predator,Eakin et al. 2010 (PLoS ONE); Miller et al. 2009 (Coral Reefs); Banister et al. 2024 (PLoS ONE); Williams & Miller 2012 (Coral Reefs); Miller 2001 (Coral Reefs),regional; local,acute_event; chronic_pressure; biotic_pressure,2005 Thermal Anomaly,bleaching,8-12,Mass bleaching followed by severe disease outbreak,10,10,72,4220.4,12204
NOAA_survey,Florida Keys,Elbow Reef,EL3,NA,NA,field,Natural colony,2006,1.01917808219178,2007,storm,compound,TRUE,FALSE,TRUE,TRUE,TRUE,local_metadata_plus_timeline,multiple,3,2005 Thermal Anomaly; Coastal Eutrophication; Snail Predation Trap,bleaching; pollution; predator,Eakin et al. 2010 (PLoS ONE); Miller et al. 2009 (Coral Reefs); Banister et al. 2024 (PLoS ONE); Williams & Miller 2012 (Coral Reefs); Miller 2001 (Coral Reefs),regional; local,acute_event; chronic_pressure; biotic_pressure,2005 Thermal Anomaly,bleaching,8-12,Mass bleaching followed by severe disease outbreak,9,9,350,3910,14355
NOAA_survey,Florida Keys,French Reef,FR1,NA,NA,field,Natural colony,2006,1.04109589041096,2007,storm,compound,TRUE,FALSE,TRUE,TRUE,TRUE,local_metadata_plus_timeline,multiple,3,2005 Thermal Anomaly; Coastal Eutrophication; Snail Predation Trap,bleaching; pollution; predator,Eakin et al. 2010 (PLoS ONE); Miller et al. 2009 (Coral Reefs); Banister et al. 2024 (PLoS ONE); Williams & Miller 2012 (Coral Reefs); Miller 2001 (Coral Reefs),regional; local,acute_event; chronic_pressure; biotic_pressure,2005 Thermal Anomaly,bleaching,8-12,Mass bleaching followed by severe disease outbreak,12,12,30,2119.05,23680
NOAA_survey,Florida Keys,Key Largo Dry Rocks,KL1,NA,NA,field,Natural colony,2006,1.00821917808219,2007,storm,compound,TRUE,FALSE,TRUE,TRUE,TRUE,local_metadata_plus_timeline,multiple,3,2005 Thermal Anomaly; Coastal Eutrophication; Snail Predation Trap,bleaching; pollution; predator,Eakin et al. 2010 (PLoS ONE); Miller et al. 2009 (Coral Reefs); Banister et al. 2024 (PLoS ONE); Williams & Miller 2012 (Coral Reefs); Miller 2001 (Coral Reefs),regional; local,acute_event; chronic_pressure; biotic_pressure,2005 Thermal Anomaly,bleaching,8-12,Mass bleaching followed by severe disease outbreak,9,9,1050,11992.5,18630
NOAA_survey,Florida Keys,Key Largo Dry Rocks,KL2,NA,NA,field,Natural colony,2006,1.00821917808219,2007,storm,compound,TRUE,FALSE,TRUE,TRUE,TRUE,local_metadata_plus_timeline,multiple,3,2005 Thermal Anomaly; Coastal Eutrophication; Snail Predation Trap,bleaching; pollution; predator,Eakin et al. 2010 (PLoS ONE); Miller et al. 2009 (Coral Reefs); Banister et al. 2024 (PLoS ONE); Williams & Miller 2012 (Coral Reefs); Miller 2001 (Coral Reefs),regional; local,acute_event; chronic_pressure; biotic_pressure,2005 Thermal Anomaly,bleaching,8-12,Mass bleaching followed by severe disease outbreak,2,2,31.5,890.75,1750
NOAA_survey,Florida Keys,Molasses Reef,ML1,NA,NA,field,Natural colony,2006,1.01917808219178,2007,storm,compound,TRUE,FALSE,TRUE,TRUE,TRUE,local_metadata_plus_timeline,multiple,3,2005 Thermal Anomaly; Coastal Eutrophication; Snail Predation Trap,bleaching; pollution; predator,Eakin et al. 2010 (PLoS ONE); Miller et al. 2009 (Coral Reefs); Banister et al. 2024 (PLoS ONE); Williams & Miller 2012 (Coral Reefs); Miller 2001 (Coral Reefs),regional; local,acute_event; chronic_pressure; biotic_pressure,2005 Thermal Anomaly,bleaching,8-12,Mass bleaching followed by severe disease outbreak,9,9,150.92,4556,26040
NOAA_survey,Florida Keys,Molasses Reef,ML2,NA,NA,field,Natural colony,2006,1.05479452054795,2007,storm,compound,TRUE,FALSE,TRUE,TRUE,TRUE,local_metadata_plus_timeline,multiple,3,2005 Thermal Anomaly; Coastal Eutrophication; Snail Predation Trap,bleaching; pollution; predator,Eakin et al. 2010 (PLoS ONE); Miller et al. 2009 (Coral Reefs); Banister et al. 2024 (PLoS ONE); Williams & Miller 2012 (Coral Reefs); Miller 2001 (Coral Reefs),regional; local,acute_event; chronic_pressure; biotic_pressure,2005 Thermal Anomaly,bleaching,8-12,Mass bleaching followed by severe disease outbreak,11,11,8,1191.3,23085
NOAA_survey,Florida Keys,Key Largo Dry Rocks,KL1,NA,NA,field,Natural colony,2007,0.87945205479452,2007,NA,compound,FALSE,FALSE,TRUE,FALSE,TRUE,timeline_overlay,multiple,2,Coastal Eutrophication; Snail Predation Trap,pollution; predator,Banister et al. 2024 (PLoS ONE); Williams & Miller 2012 (Coral Reefs); Miller 2001 (Coral Reefs),local,chronic_pressure; biotic_pressure,Coastal Eutrophication,pollution,>1 mg/m3,Habitat suitability drop; chronic persistence failure,1,1,53.2,53.2,53.2
NOAA_survey,Florida Keys,Key Largo Dry Rocks,KL3,NA,NA,field,Natural colony,2007,0.665753424657534,2007,NA,compound,FALSE,FALSE,TRUE,FALSE,TRUE,timeline_overlay,multiple,2,Coastal Eutrophication; Snail Predation Trap,pollution; predator,Banister et al. 2024 (PLoS ONE); Williams & Miller 2012 (Coral Reefs); Miller 2001 (Coral Reefs),local,chronic_pressure; biotic_pressure,Coastal Eutrophication,pollution,>1 mg/m3,Habitat suitability drop; chronic persistence failure,1,1,124.8,124.8,124.8
NOAA_survey,Florida Keys,Key Largo Dry Rocks,KL3,NA,NA,field,Natural colony,2007,0.926027397260274,2007,NA,compound,FALSE,FALSE,TRUE,FALSE,TRUE,timeline_overlay,multiple,2,Coastal Eutrophication; Snail Predation Trap,pollution; predator,Banister et al. 2024 (PLoS ONE); Williams & Miller 2012 (Coral Reefs); Miller 2001 (Coral Reefs),local,chronic_pressure; biotic_pressure,Coastal Eutrophication,pollution,>1 mg/m3,Habitat suitability drop; chronic persistence failure,8,8,35,604.2,4436.8
NOAA_survey,Florida Keys,Carysfort Reef,CF1,NA,NA,field,Natural colony,2007,1.22739726027397,2008,NA,compound,FALSE,FALSE,TRUE,FALSE,TRUE,timeline_overlay,multiple,2,Coastal Eutrophication; Snail Predation Trap,pollution; predator,Banister et al. 2024 (PLoS ONE); Williams & Miller 2012 (Coral Reefs); Miller 2001 (Coral Reefs),local,chronic_pressure; biotic_pressure,Coastal Eutrophication,pollution,>1 mg/m3,Habitat suitability drop; chronic persistence failure,5,5,81,1338.75,8280
NOAA_survey,Florida Keys,Carysfort Reef,CF2,NA,NA,field,Natural colony,2007,1.22739726027397,2008,NA,compound,FALSE,FALSE,TRUE,FALSE,TRUE,timeline_overlay,multiple,2,Coastal Eutrophication; Snail Predation Trap,pollution; predator,Banister et al. 2024 (PLoS ONE); Williams & Miller 2012 (Coral Reefs); Miller 2001 (Coral Reefs),local,chronic_pressure; biotic_pressure,Coastal Eutrophication,pollution,>1 mg/m3,Habitat suitability drop; chronic persistence failure,11,11,346.5,3600,14245
NOAA_survey,Florida Keys,Carysfort Reef,CF3,NA,NA,field,Natural colony,2007,1.15342465753425,2008,NA,compound,FALSE,FALSE,TRUE,FALSE,TRUE,timeline_overlay,multiple,2,Coastal Eutrophication; Snail Predation Trap,pollution; predator,Banister et al. 2024 (PLoS ONE); Williams & Miller 2012 (Coral Reefs); Miller 2001 (Coral Reefs),local,chronic_pressure; biotic_pressure,Coastal Eutrophication,pollution,>1 mg/m3,Habitat suitability drop; chronic persistence failure,4,4,3.6,61.375,744
NOAA_survey,Florida Keys,Carysfort Reef,CF3,NA,NA,field,Natural colony,2007,1.22739726027397,2008,NA,compound,FALSE,FALSE,TRUE,FALSE,TRUE,timeline_overlay,multiple,2,Coastal Eutrophication; Snail Predation Trap,pollution; predator,Banister et al. 2024 (PLoS ONE); Williams & Miller 2012 (Coral Reefs); Miller 2001 (Coral Reefs),local,chronic_pressure; biotic_pressure,Coastal Eutrophication,pollution,>1 mg/m3,Habitat suitability drop; chronic persistence failure,6,6,388.08,9312.5,30430.4
NOAA_survey,Florida Keys,Elbow Reef,EL1,NA,NA,field,Natural colony,2007,1.1041095890411,2008,NA,compound,FALSE,FALSE,TRUE,FALSE,TRUE,timeline_overlay,multiple,2,Coastal Eutrophication; Snail Predation Trap,pollution; predator,Banister et al. 2024 (PLoS ONE); Williams & Miller 2012 (Coral Reefs); Miller 2001 (Coral Reefs),local,chronic_pressure; biotic_pressure,Coastal Eutrophication,pollution,>1 mg/m3,Habitat suitability drop; chronic persistence failure,11,11,20.4,720,28350
NOAA_survey,Florida Keys,Elbow Reef,EL2,NA,NA,field,Natural colony,2007,1.1041095890411,2008,NA,compound,FALSE,FALSE,TRUE,FALSE,TRUE,timeline_overlay,multiple,2,Coastal Eutrophication; Snail Predation Trap,pollution; predator,Banister et al. 2024 (PLoS ONE); Williams & Miller 2012 (Coral Reefs); Miller 2001 (Coral Reefs),local,chronic_pressure; biotic_pressure,Coastal Eutrophication,pollution,>1 mg/m3,Habitat suitability drop; chronic persistence failure,10,10,57.6,314,9384
NOAA_survey,Florida Keys,Elbow Reef,EL2,NA,NA,field,Natural colony,2007,1.14794520547945,2008,NA,compound,FALSE,FALSE,TRUE,FALSE,TRUE,timeline_overlay,multiple,2,Coastal Eutrophication; Snail Predation Trap,pollution; predator,Banister et al. 2024 (PLoS ONE); Williams & Miller 2012 (Coral Reefs); Miller 2001 (Coral Reefs),local,chronic_pressure; biotic_pressure,Coastal Eutrophication,pollution,>1 mg/m3,Habitat suitability drop; chronic persistence failure,1,1,16380,16380,16380
NOAA_survey,Florida Keys,Elbow Reef,EL3,NA,NA,field,Natural colony,2007,1.08767123287671,2008,NA,compound,FALSE,FALSE,TRUE,FALSE,TRUE,timeline_overlay,multiple,2,Coastal Eutrophication; Snail Predation Trap,pollution; predator,Banister et al. 2024 (PLoS ONE); Williams & Miller 2012 (Coral Reefs); Miller 2001 (Coral Reefs),local,chronic_pressure; biotic_pressure,Coastal Eutrophication,pollution,>1 mg/m3,Habitat suitability drop; chronic persistence failure,9,9,323.75,675,5146
NOAA_survey,Florida Keys,Elbow Reef,EL3,NA,NA,field,Natural colony,2007,1.14794520547945,2008,NA,compound,FALSE,FALSE,TRUE,FALSE,TRUE,timeline_overlay,multiple,2,Coastal Eutrophication; Snail Predation Trap,pollution; predator,Banister et al. 2024 (PLoS ONE); Williams & Miller 2012 (Coral Reefs); Miller 2001 (Coral Reefs),local,chronic_pressure; biotic_pressure,Coastal Eutrophication,pollution,>1 mg/m3,Habitat suitability drop; chronic persistence failure,1,1,1827.8,1827.8,1827.8
NOAA_survey,Florida Keys,Elbow Reef,EL4,NA,NA,field,Natural colony,2007,1.09315068493151,2008,NA,compound,FALSE,FALSE,TRUE,FALSE,TRUE,timeline_overlay,multiple,2,Coastal Eutrophication; Snail Predation Trap,pollution; predator,Banister et al. 2024 (PLoS ONE); Williams & Miller 2012 (Coral Reefs); Miller 2001 (Coral Reefs),local,chronic_pressure; biotic_pressure,Coastal Eutrophication,pollution,>1 mg/m3,Habitat suitability drop; chronic persistence failure,9,9,31.2,976.5,14091
NOAA_survey,Florida Keys,Elbow Reef,EL4,NA,NA,field,Natural colony,2007,1.16712328767123,2008,NA,compound,FALSE,FALSE,TRUE,FALSE,TRUE,timeline_overlay,multiple,2,Coastal Eutrophication; Snail Predation Trap,pollution; predator,Banister et al. 2024 (PLoS ONE); Williams & Miller 2012 (Coral Reefs); Miller 2001 (Coral Reefs),local,chronic_pressure; biotic_pressure,Coastal Eutrophication,pollution,>1 mg/m3,Habitat suitability drop; chronic persistence failure,1,1,232,232,232
NOAA_survey,Florida Keys,Elbow Reef,EL5,NA,NA,field,Natural colony,2007,1.09315068493151,2008,NA,compound,FALSE,FALSE,TRUE,FALSE,TRUE,timeline_overlay,multiple,2,Coastal Eutrophication; Snail Predation Trap,pollution; predator,Banister et al. 2024 (PLoS ONE); Williams & Miller 2012 (Coral Reefs); Miller 2001 (Coral Reefs),local,chronic_pressure; biotic_pressure,Coastal Eutrophication,pollution,>1 mg/m3,Habitat suitability drop; chronic persistence failure,3,3,159.6,2392.5,5768.1
NOAA_survey,Florida Keys,French Reef,FR1,NA,NA,field,Natural colony,2007,1.09041095890411,2008,NA,compound,FALSE,FALSE,TRUE,FALSE,TRUE,timeline_overlay,multiple,2,Coastal Eutrophication; Snail Predation Trap,pollution; predator,Banister et al. 2024 (PLoS ONE); Williams & Miller 2012 (Coral Reefs); Miller 2001 (Coral Reefs),local,chronic_pressure; biotic_pressure,Coastal Eutrophication,pollution,>1 mg/m3,Habitat suitability drop; chronic persistence failure,11,11,42,1701,14400
NOAA_survey,Florida Keys,Key Largo Dry Rocks,KL1,NA,NA,field,Natural colony,2007,1.1013698630137,2008,NA,compound,FALSE,FALSE,TRUE,FALSE,TRUE,timeline_overlay,multiple,2,Coastal Eutrophication; Snail Predation Trap,pollution; predator,Banister et al. 2024 (PLoS ONE); Williams & Miller 2012 (Coral Reefs); Miller 2001 (Coral Reefs),local,chronic_pressure; biotic_pressure,Coastal Eutrophication,pollution,>1 mg/m3,Habitat suitability drop; chronic persistence failure,9,9,81,3360,6820
NOAA_survey,Florida Keys,Key Largo Dry Rocks,KL2,NA,NA,field,Natural colony,2007,1.1013698630137,2008,NA,compound,FALSE,FALSE,TRUE,FALSE,TRUE,timeline_overlay,multiple,2,Coastal Eutrophication; Snail Predation Trap,pollution; predator,Banister et al. 2024 (PLoS ONE); Williams & Miller 2012 (Coral Reefs); Miller 2001 (Coral Reefs),local,chronic_pressure; biotic_pressure,Coastal Eutrophication,pollution,>1 mg/m3,Habitat suitability drop; chronic persistence failure,1,1,21,21,21
NOAA_survey,Florida Keys,Molasses Reef,ML1,NA,NA,field,Natural colony,2007,1.08767123287671,2008,NA,compound,FALSE,FALSE,TRUE,FALSE,TRUE,timeline_overlay,multiple,2,Coastal Eutrophication; Snail Predation Trap,pollution; predator,Banister et al. 2024 (PLoS ONE); Williams & Miller 2012 (Coral Reefs); Miller 2001 (Coral Reefs),local,chronic_pressure; biotic_pressure,Coastal Eutrophication,pollution,>1 mg/m3,Habitat suitability drop; chronic persistence failure,9,9,214.2,562.5,7107.75
NOAA_survey,Florida Keys,Molasses Reef,ML1,NA,NA,field,Natural colony,2007,1.15342465753425,2008,NA,compound,FALSE,FALSE,TRUE,FALSE,TRUE,timeline_overlay,multiple,2,Coastal Eutrophication; Snail Predation Trap,pollution; predator,Banister et al. 2024 (PLoS ONE); Williams & Miller 2012 (Coral Reefs); Miller 2001 (Coral Reefs),local,chronic_pressure; biotic_pressure,Coastal Eutrophication,pollution,>1 mg/m3,Habitat suitability drop; chronic persistence failure,2,2,117,130.5,144
NOAA_survey,Florida Keys,Molasses Reef,ML2,NA,NA,field,Natural colony,2007,1.05479452054794,2008,NA,compound,FALSE,FALSE,TRUE,FALSE,TRUE,timeline_overlay,multiple,2,Coastal Eutrophication; Snail Predation Trap,pollution; predator,Banister et al. 2024 (PLoS ONE); Williams & Miller 2012 (Coral Reefs); Miller 2001 (Coral Reefs),local,chronic_pressure; biotic_pressure,Coastal Eutrophication,pollution,>1 mg/m3,Habitat suitability drop; chronic persistence failure,10,10,46.4,2216.7,13160
NOAA_survey,Florida Keys,Molasses Reef,ML3,NA,NA,field,Natural colony,2007,1.08767123287671,2008,NA,compound,FALSE,FALSE,TRUE,FALSE,TRUE,timeline_overlay,multiple,2,Coastal Eutrophication; Snail Predation Trap,pollution; predator,Banister et al. 2024 (PLoS ONE); Williams & Miller 2012 (Coral Reefs); Miller 2001 (Coral Reefs),local,chronic_pressure; biotic_pressure,Coastal Eutrophication,pollution,>1 mg/m3,Habitat suitability drop; chronic persistence failure,9,9,224,5610,31203.2
NOAA_survey,Florida Keys,Molasses Reef,ML3,NA,NA,field,Natural colony,2007,1.15342465753425,2008,NA,compound,FALSE,FALSE,TRUE,FALSE,TRUE,timeline_overlay,multiple,2,Coastal Eutrophication; Snail Predation Trap,pollution; predator,Banister et al. 2024 (PLoS ONE); Williams & Miller 2012 (Coral Reefs); Miller 2001 (Coral Reefs),local,chronic_pressure; biotic_pressure,Coastal Eutrophication,pollution,>1 mg/m3,Habitat suitability drop; chronic persistence failure,1,1,676.2,676.2,676.2
NOAA_survey,Florida Keys,Carysfort Reef,CF3,NA,NA,field,Natural colony,2008,0.96986301369863,2008,NA,compound,FALSE,FALSE,TRUE,FALSE,TRUE,timeline_overlay,multiple,2,Coastal Eutrophication; Snail Predation Trap,pollution; predator,Banister et al. 2024 (PLoS ONE); Williams & Miller 2012 (Coral Reefs); Miller 2001 (Coral Reefs),local,chronic_pressure; biotic_pressure,Coastal Eutrophication,pollution,>1 mg/m3,Habitat suitability drop; chronic persistence failure,3,3,42,69.3,1080
NOAA_survey,Florida Keys,Elbow Reef,EL1,NA,NA,field,Natural colony,2008,0.93972602739726,2008,NA,compound,FALSE,FALSE,TRUE,FALSE,TRUE,timeline_overlay,multiple,2,Coastal Eutrophication; Snail Predation Trap,pollution; predator,Banister et al. 2024 (PLoS ONE); Williams & Miller 2012 (Coral Reefs); Miller 2001 (Coral Reefs),local,chronic_pressure; biotic_pressure,Coastal Eutrophication,pollution,>1 mg/m3,Habitat suitability drop; chronic persistence failure,9,9,35,3094,37125
NOAA_survey,Florida Keys,Elbow Reef,EL2,NA,NA,field,Natural colony,2008,0.93972602739726,2008,NA,compound,FALSE,FALSE,TRUE,FALSE,TRUE,timeline_overlay,multiple,2,Coastal Eutrophication; Snail Predation Trap,pollution; predator,Banister et al. 2024 (PLoS ONE); Williams & Miller 2012 (Coral Reefs); Miller 2001 (Coral Reefs),local,chronic_pressure; biotic_pressure,Coastal Eutrophication,pollution,>1 mg/m3,Habitat suitability drop; chronic persistence failure,10,10,31.5,268.75,10816
NOAA_survey,Florida Keys,Elbow Reef,EL3,NA,NA,field,Natural colony,2008,0.931506849315068,2008,NA,compound,FALSE,FALSE,TRUE,FALSE,TRUE,timeline_overlay,multiple,2,Coastal Eutrophication; Snail Predation Trap,pollution; predator,Banister et al. 2024 (PLoS ONE); Williams & Miller 2012 (Coral Reefs); Miller 2001 (Coral Reefs),local,chronic_pressure; biotic_pressure,Coastal Eutrophication,pollution,>1 mg/m3,Habitat suitability drop; chronic persistence failure,9,9,12,665.6,6207.75
NOAA_survey,Florida Keys,Elbow Reef,EL4,NA,NA,field,Natural colony,2008,0.926027397260274,2008,NA,compound,FALSE,FALSE,TRUE,FALSE,TRUE,timeline_overlay,multiple,2,Coastal Eutrophication; Snail Predation Trap,pollution; predator,Banister et al. 2024 (PLoS ONE); Williams & Miller 2012 (Coral Reefs); Miller 2001 (Coral Reefs),local,chronic_pressure; biotic_pressure,Coastal Eutrophication,pollution,>1 mg/m3,Habitat suitability drop; chronic persistence failure,8,8,69.3,1296,16320
NOAA_survey,Florida Keys,Elbow Reef,EL4,NA,NA,field,Natural colony,2008,0.961643835616439,2008,NA,compound,FALSE,FALSE,TRUE,FALSE,TRUE,timeline_overlay,multiple,2,Coastal Eutrophication; Snail Predation Trap,pollution; predator,Banister et al. 2024 (PLoS ONE); Williams & Miller 2012 (Coral Reefs); Miller 2001 (Coral Reefs),local,chronic_pressure; biotic_pressure,Coastal Eutrophication,pollution,>1 mg/m3,Habitat suitability drop; chronic persistence failure,1,1,4,4,4
NOAA_survey,Florida Keys,Elbow Reef,EL5,NA,NA,field,Natural colony,2008,0.926027397260274,2008,NA,compound,FALSE,FALSE,TRUE,FALSE,TRUE,timeline_overlay,multiple,2,Coastal Eutrophication; Snail Predation Trap,pollution; predator,Banister et al. 2024 (PLoS ONE); Williams & Miller 2012 (Coral Reefs); Miller 2001 (Coral Reefs),local,chronic_pressure; biotic_pressure,Coastal Eutrophication,pollution,>1 mg/m3,Habitat suitability drop; chronic persistence failure,3,3,79.2,3209.6,7161
NOAA_survey,Florida Keys,French Reef,FR1,NA,NA,field,Natural colony,2008,0.906849315068493,2008,NA,compound,FALSE,FALSE,TRUE,FALSE,TRUE,timeline_overlay,multiple,2,Coastal Eutrophication; Snail Predation Trap,pollution; predator,Banister et al. 2024 (PLoS ONE); Williams & Miller 2012 (Coral Reefs); Miller 2001 (Coral Reefs),local,chronic_pressure; biotic_pressure,Coastal Eutrophication,pollution,>1 mg/m3,Habitat suitability drop; chronic persistence failure,11,11,16.2,1248,22610
NOAA_survey,Florida Keys,Key Largo Dry Rocks,KL1,NA,NA,field,Natural colony,2008,0.947945205479452,2008,NA,compound,FALSE,FALSE,TRUE,FALSE,TRUE,timeline_overlay,multiple,2,Coastal Eutrophication; Snail Predation Trap,pollution; predator,Banister et al. 2024 (PLoS ONE); Williams & Miller 2012 (Coral Reefs); Miller 2001 (Coral Reefs),local,chronic_pressure; biotic_pressure,Coastal Eutrophication,pollution,>1 mg/m3,Habitat suitability drop; chronic persistence failure,9,9,167.5,3300,8253.75
NOAA_survey,Florida Keys,Molasses Reef,ML1,NA,NA,field,Natural colony,2008,0.93972602739726,2008,NA,compound,FALSE,FALSE,TRUE,FALSE,TRUE,timeline_overlay,multiple,2,Coastal Eutrophication; Snail Predation Trap,pollution; predator,Banister et al. 2024 (PLoS ONE); Williams & Miller 2012 (Coral Reefs); Miller 2001 (Coral Reefs),local,chronic_pressure; biotic_pressure,Coastal Eutrophication,pollution,>1 mg/m3,Habitat suitability drop; chronic persistence failure,8,8,357,1016.25,9265.5
NOAA_survey,Florida Keys,Molasses Reef,ML2,NA,NA,field,Natural colony,2008,0.936986301369863,2008,NA,compound,FALSE,FALSE,TRUE,FALSE,TRUE,timeline_overlay,multiple,2,Coastal Eutrophication; Snail Predation Trap,pollution; predator,Banister et al. 2024 (PLoS ONE); Williams & Miller 2012 (Coral Reefs); Miller 2001 (Coral Reefs),local,chronic_pressure; biotic_pressure,Coastal Eutrophication,pollution,>1 mg/m3,Habitat suitability drop; chronic persistence failure,9,9,42,3493.2,15360
NOAA_survey,Florida Keys,Molasses Reef,ML3,NA,NA,field,Natural colony,2008,0.93972602739726,2008,NA,compound,FALSE,FALSE,TRUE,FALSE,TRUE,timeline_overlay,multiple,2,Coastal Eutrophication; Snail Predation Trap,pollution; predator,Banister et al. 2024 (PLoS ONE); Williams & Miller 2012 (Coral Reefs); Miller 2001 (Coral Reefs),local,chronic_pressure; biotic_pressure,Coastal Eutrophication,pollution,>1 mg/m3,Habitat suitability drop; chronic persistence failure,9,9,253.44,6353.75,33107.5
NOAA_survey,Florida Keys,Carysfort Reef,CF1,NA,NA,field,Natural colony,2008,1.01643835616438,2009,NA,compound,FALSE,FALSE,TRUE,FALSE,TRUE,timeline_overlay,multiple,2,Coastal Eutrophication; Snail Predation Trap,pollution; predator,Banister et al. 2024 (PLoS ONE); Williams & Miller 2012 (Coral Reefs); Miller 2001 (Coral Reefs),local,chronic_pressure; biotic_pressure,Coastal Eutrophication,pollution,>1 mg/m3,Habitat suitability drop; chronic persistence failure,4,4,320,1486.5,7755
NOAA_survey,Florida Keys,Carysfort Reef,CF2,NA,NA,field,Natural colony,2008,1.01643835616438,2009,NA,compound,FALSE,FALSE,TRUE,FALSE,TRUE,timeline_overlay,multiple,2,Coastal Eutrophication; Snail Predation Trap,pollution; predator,Banister et al. 2024 (PLoS ONE); Williams & Miller 2012 (Coral Reefs); Miller 2001 (Coral Reefs),local,chronic_pressure; biotic_pressure,Coastal Eutrophication,pollution,>1 mg/m3,Habitat suitability drop; chronic persistence failure,10,10,1344,6062.15,12558
NOAA_survey,Florida Keys,Carysfort Reef,CF3,NA,NA,field,Natural colony,2008,1.01643835616438,2009,NA,compound,FALSE,FALSE,TRUE,FALSE,TRUE,timeline_overlay,multiple,2,Coastal Eutrophication; Snail Predation Trap,pollution; predator,Banister et al. 2024 (PLoS ONE); Williams & Miller 2012 (Coral Reefs); Miller 2001 (Coral Reefs),local,chronic_pressure; biotic_pressure,Coastal Eutrophication,pollution,>1 mg/m3,Habitat suitability drop; chronic persistence failure,5,5,957,16337.25,33064.2
NOAA_survey,Florida Keys,Elbow Reef,EL2,NA,NA,field,Natural colony,2008,1.01095890410959,2009,NA,compound,FALSE,FALSE,TRUE,FALSE,TRUE,timeline_overlay,multiple,2,Coastal Eutrophication; Snail Predation Trap,pollution; predator,Banister et al. 2024 (PLoS ONE); Williams & Miller 2012 (Coral Reefs); Miller 2001 (Coral Reefs),local,chronic_pressure; biotic_pressure,Coastal Eutrophication,pollution,>1 mg/m3,Habitat suitability drop; chronic persistence failure,1,1,21560,21560,21560
NOAA_survey,Florida Keys,Elbow Reef,EL3,NA,NA,field,Natural colony,2008,1.01095890410959,2009,NA,compound,FALSE,FALSE,TRUE,FALSE,TRUE,timeline_overlay,multiple,2,Coastal Eutrophication; Snail Predation Trap,pollution; predator,Banister et al. 2024 (PLoS ONE); Williams & Miller 2012 (Coral Reefs); Miller 2001 (Coral Reefs),local,chronic_pressure; biotic_pressure,Coastal Eutrophication,pollution,>1 mg/m3,Habitat suitability drop; chronic persistence failure,1,1,2296,2296,2296
NOAA_survey,Florida Keys,French Reef,FR2,NA,NA,field,Natural colony,2008,1.0027397260274,2009,NA,compound,FALSE,FALSE,TRUE,FALSE,TRUE,timeline_overlay,multiple,2,Coastal Eutrophication; Snail Predation Trap,pollution; predator,Banister et al. 2024 (PLoS ONE); Williams & Miller 2012 (Coral Reefs); Miller 2001 (Coral Reefs),local,chronic_pressure; biotic_pressure,Coastal Eutrophication,pollution,>1 mg/m3,Habitat suitability drop; chronic persistence failure,11,11,35,225,948.6
NOAA_survey,Florida Keys,French Reef,FR2,NA,NA,field,Restoration fragment,2008,1.0027397260274,2009,NA,compound,FALSE,FALSE,TRUE,FALSE,TRUE,timeline_overlay,multiple,2,Coastal Eutrophication; Snail Predation Trap,pollution; predator,Banister et al. 2024 (PLoS ONE); Williams & Miller 2012 (Coral Reefs); Miller 2001 (Coral Reefs),local,chronic_pressure; biotic_pressure,Coastal Eutrophication,pollution,>1 mg/m3,Habitat suitability drop; chronic persistence failure,1,1,350,350,350
NOAA_survey,Florida Keys,Key Largo Dry Rocks,KL1,NA,NA,field,Natural colony,2008,1.27397260273973,2009,NA,compound,FALSE,FALSE,TRUE,FALSE,TRUE,timeline_overlay,multiple,2,Coastal Eutrophication; Snail Predation Trap,pollution; predator,Banister et al. 2024 (PLoS ONE); Williams & Miller 2012 (Coral Reefs); Miller 2001 (Coral Reefs),local,chronic_pressure; biotic_pressure,Coastal Eutrophication,pollution,>1 mg/m3,Habitat suitability drop; chronic persistence failure,1,1,90,90,90
NOAA_survey,Florida Keys,Key Largo Dry Rocks,KL3,NA,NA,field,Natural colony,2008,1.01369863013699,2009,NA,compound,FALSE,FALSE,TRUE,FALSE,TRUE,timeline_overlay,multiple,2,Coastal Eutrophication; Snail Predation Trap,pollution; predator,Banister et al. 2024 (PLoS ONE); Williams & Miller 2012 (Coral Reefs); Miller 2001 (Coral Reefs),local,chronic_pressure; biotic_pressure,Coastal Eutrophication,pollution,>1 mg/m3,Habitat suitability drop; chronic persistence failure,8,8,88,853,4209
NOAA_survey,Florida Keys,Molasses Reef,ML1,NA,NA,field,Natural colony,2008,1.00821917808219,2009,NA,compound,FALSE,FALSE,TRUE,FALSE,TRUE,timeline_overlay,multiple,2,Coastal Eutrophication; Snail Predation Trap,pollution; predator,Banister et al. 2024 (PLoS ONE); Williams & Miller 2012 (Coral Reefs); Miller 2001 (Coral Reefs),local,chronic_pressure; biotic_pressure,Coastal Eutrophication,pollution,>1 mg/m3,Habitat suitability drop; chronic persistence failure,1,1,56,56,56
NOAA_survey,Florida Keys,Molasses Reef,ML3,NA,NA,field,Natural colony,2008,1.01643835616438,2009,NA,compound,FALSE,FALSE,TRUE,FALSE,TRUE,timeline_overlay,multiple,2,Coastal Eutrophication; Snail Predation Trap,pollution; predator,Banister et al. 2024 (PLoS ONE); Williams & Miller 2012 (Coral Reefs); Miller 2001 (Coral Reefs),local,chronic_pressure; biotic_pressure,Coastal Eutrophication,pollution,>1 mg/m3,Habitat suitability drop; chronic persistence failure,1,1,1617.66,1617.66,1617.66
NOAA_survey,Florida Keys,Carysfort Reef,CF3,NA,NA,field,Natural colony,2009,1,2009,storm,compound,FALSE,FALSE,TRUE,TRUE,TRUE,local_metadata_plus_timeline,multiple,2,Coastal Eutrophication; Snail Predation Trap,pollution; predator,Banister et al. 2024 (PLoS ONE); Williams & Miller 2012 (Coral Reefs); Miller 2001 (Coral Reefs),local,chronic_pressure; biotic_pressure,Coastal Eutrophication,pollution,>1 mg/m3,Habitat suitability drop; chronic persistence failure,1,1,1186.8,1186.8,1186.8
NOAA_survey,Florida Keys,Elbow Reef,EL2,NA,NA,field,Natural colony,2009,0.991780821917808,2009,storm,compound,FALSE,FALSE,TRUE,TRUE,TRUE,local_metadata_plus_timeline,multiple,2,Coastal Eutrophication; Snail Predation Trap,pollution; predator,Banister et al. 2024 (PLoS ONE); Williams & Miller 2012 (Coral Reefs); Miller 2001 (Coral Reefs),local,chronic_pressure; biotic_pressure,Coastal Eutrophication,pollution,>1 mg/m3,Habitat suitability drop; chronic persistence failure,1,1,12402.5,12402.5,12402.5
NOAA_survey,Florida Keys,Elbow Reef,EL3,NA,NA,field,Natural colony,2009,0.991780821917808,2009,storm,compound,FALSE,FALSE,TRUE,TRUE,TRUE,local_metadata_plus_timeline,multiple,2,Coastal Eutrophication; Snail Predation Trap,pollution; predator,Banister et al. 2024 (PLoS ONE); Williams & Miller 2012 (Coral Reefs); Miller 2001 (Coral Reefs),local,chronic_pressure; biotic_pressure,Coastal Eutrophication,pollution,>1 mg/m3,Habitat suitability drop; chronic persistence failure,1,1,2829,2829,2829
NOAA_survey,Florida Keys,Key Largo Dry Rocks,KL1,NA,NA,field,Natural colony,2009,0.994520547945205,2009,storm,compound,FALSE,FALSE,TRUE,TRUE,TRUE,local_metadata_plus_timeline,multiple,2,Coastal Eutrophication; Snail Predation Trap,pollution; predator,Banister et al. 2024 (PLoS ONE); Williams & Miller 2012 (Coral Reefs); Miller 2001 (Coral Reefs),local,chronic_pressure; biotic_pressure,Coastal Eutrophication,pollution,>1 mg/m3,Habitat suitability drop; chronic persistence failure,1,1,176.8,176.8,176.8
NOAA_survey,Florida Keys,Key Largo Dry Rocks,KL3,NA,NA,field,Natural colony,2009,0.994520547945205,2009,storm,compound,FALSE,FALSE,TRUE,TRUE,TRUE,local_metadata_plus_timeline,multiple,2,Coastal Eutrophication; Snail Predation Trap,pollution; predator,Banister et al. 2024 (PLoS ONE); Williams & Miller 2012 (Coral Reefs); Miller 2001 (Coral Reefs),local,chronic_pressure; biotic_pressure,Coastal Eutrophication,pollution,>1 mg/m3,Habitat suitability drop; chronic persistence failure,7,7,216,930,3150
NOAA_survey,Florida Keys,Molasses Reef,ML3,NA,NA,field,Natural colony,2009,1,2009,storm,compound,FALSE,FALSE,TRUE,TRUE,TRUE,local_metadata_plus_timeline,multiple,2,Coastal Eutrophication; Snail Predation Trap,pollution; predator,Banister et al. 2024 (PLoS ONE); Williams & Miller 2012 (Coral Reefs); Miller 2001 (Coral Reefs),local,chronic_pressure; biotic_pressure,Coastal Eutrophication,pollution,>1 mg/m3,Habitat suitability drop; chronic persistence failure,1,1,2150.5,2150.5,2150.5
NOAA_survey,Florida Keys,Sand Island,SI1,NA,NA,field,Natural colony,2009,0.517808219178082,2009,storm,compound,FALSE,FALSE,TRUE,TRUE,TRUE,local_metadata_plus_timeline,multiple,2,Coastal Eutrophication; Snail Predation Trap,pollution; predator,Banister et al. 2024 (PLoS ONE); Williams & Miller 2012 (Coral Reefs); Miller 2001 (Coral Reefs),local,chronic_pressure; biotic_pressure,Coastal Eutrophication,pollution,>1 mg/m3,Habitat suitability drop; chronic persistence failure,1,1,578,578,578
NOAA_survey,Florida Keys,Sand Island,SI2,NA,NA,field,Natural colony,2009,0.517808219178082,2009,storm,compound,FALSE,FALSE,TRUE,TRUE,TRUE,local_metadata_plus_timeline,multiple,2,Coastal Eutrophication; Snail Predation Trap,pollution; predator,Banister et al. 2024 (PLoS ONE); Williams & Miller 2012 (Coral Reefs); Miller 2001 (Coral Reefs),local,chronic_pressure; biotic_pressure,Coastal Eutrophication,pollution,>1 mg/m3,Habitat suitability drop; chronic persistence failure,4,4,70,317.5,920.55
NOAA_survey,Florida Keys,Carysfort Reef,CF1,NA,NA,field,Natural colony,2009,1.05753424657534,2010,storm,compound,TRUE,FALSE,TRUE,TRUE,TRUE,local_metadata_plus_timeline,multiple,3,2010 Cold-Water Event; Coastal Eutrophication; Snail Predation Trap,cold_snap; pollution; predator,Lirman et al. 2011 (PLoS ONE); Colella et al. 2012 (Coral Reefs); Banister et al. 2024 (PLoS ONE); Williams & Miller 2012 (Coral Reefs); Miller 2001 (Coral Reefs),local,acute_event; chronic_pressure; biotic_pressure,2010 Cold-Water Event,cold_snap,9.5 C,Unprecedented mass mortality of wild and outplants,3,3,90,1133,5170
NOAA_survey,Florida Keys,Carysfort Reef,CF2,NA,NA,field,Natural colony,2009,1.05753424657534,2010,storm,compound,TRUE,FALSE,TRUE,TRUE,TRUE,local_metadata_plus_timeline,multiple,3,2010 Cold-Water Event; Coastal Eutrophication; Snail Predation Trap,cold_snap; pollution; predator,Lirman et al. 2011 (PLoS ONE); Colella et al. 2012 (Coral Reefs); Banister et al. 2024 (PLoS ONE); Williams & Miller 2012 (Coral Reefs); Miller 2001 (Coral Reefs),local,acute_event; chronic_pressure; biotic_pressure,2010 Cold-Water Event,cold_snap,9.5 C,Unprecedented mass mortality of wild and outplants,10,10,1440,6647,13770.75
NOAA_survey,Florida Keys,Carysfort Reef,CF3,NA,NA,field,Natural colony,2009,1.05753424657534,2010,storm,compound,TRUE,FALSE,TRUE,TRUE,TRUE,local_metadata_plus_timeline,multiple,3,2010 Cold-Water Event; Coastal Eutrophication; Snail Predation Trap,cold_snap; pollution; predator,Lirman et al. 2011 (PLoS ONE); Colella et al. 2012 (Coral Reefs); Banister et al. 2024 (PLoS ONE); Williams & Miller 2012 (Coral Reefs); Miller 2001 (Coral Reefs),local,acute_event; chronic_pressure; biotic_pressure,2010 Cold-Water Event,cold_snap,9.5 C,Unprecedented mass mortality of wild and outplants,4,4,13162.5,19650.25,39154.5
NOAA_survey,Florida Keys,Elbow Reef,EL1,NA,NA,field,Natural colony,2009,1.02191780821918,2010,storm,compound,TRUE,FALSE,TRUE,TRUE,TRUE,local_metadata_plus_timeline,multiple,3,2010 Cold-Water Event; Coastal Eutrophication; Snail Predation Trap,cold_snap; pollution; predator,Lirman et al. 2011 (PLoS ONE); Colella et al. 2012 (Coral Reefs); Banister et al. 2024 (PLoS ONE); Williams & Miller 2012 (Coral Reefs); Miller 2001 (Coral Reefs),local,acute_event; chronic_pressure; biotic_pressure,2010 Cold-Water Event,cold_snap,9.5 C,Unprecedented mass mortality of wild and outplants,9,9,54,4300.5,34687.5
NOAA_survey,Florida Keys,Elbow Reef,EL2,NA,NA,field,Natural colony,2009,1.02191780821918,2010,storm,compound,TRUE,FALSE,TRUE,TRUE,TRUE,local_metadata_plus_timeline,multiple,3,2010 Cold-Water Event; Coastal Eutrophication; Snail Predation Trap,cold_snap; pollution; predator,Lirman et al. 2011 (PLoS ONE); Colella et al. 2012 (Coral Reefs); Banister et al. 2024 (PLoS ONE); Williams & Miller 2012 (Coral Reefs); Miller 2001 (Coral Reefs),local,acute_event; chronic_pressure; biotic_pressure,2010 Cold-Water Event,cold_snap,9.5 C,Unprecedented mass mortality of wild and outplants,10,10,42,314,12873.6
NOAA_survey,Florida Keys,Elbow Reef,EL3,NA,NA,field,Natural colony,2009,1.04657534246575,2010,storm,compound,TRUE,FALSE,TRUE,TRUE,TRUE,local_metadata_plus_timeline,multiple,3,2010 Cold-Water Event; Coastal Eutrophication; Snail Predation Trap,cold_snap; pollution; predator,Lirman et al. 2011 (PLoS ONE); Colella et al. 2012 (Coral Reefs); Banister et al. 2024 (PLoS ONE); Williams & Miller 2012 (Coral Reefs); Miller 2001 (Coral Reefs),local,acute_event; chronic_pressure; biotic_pressure,2010 Cold-Water Event,cold_snap,9.5 C,Unprecedented mass mortality of wild and outplants,6,6,250.8,2703.7999999999997,8240
NOAA_survey,Florida Keys,Elbow Reef,EL4,NA,NA,field,Natural colony,2009,1.00821917808219,2010,storm,compound,TRUE,FALSE,TRUE,TRUE,TRUE,local_metadata_plus_timeline,multiple,3,2010 Cold-Water Event; Coastal Eutrophication; Snail Predation Trap,cold_snap; pollution; predator,Lirman et al. 2011 (PLoS ONE); Colella et al. 2012 (Coral Reefs); Banister et al. 2024 (PLoS ONE); Williams & Miller 2012 (Coral Reefs); Miller 2001 (Coral Reefs),local,acute_event; chronic_pressure; biotic_pressure,2010 Cold-Water Event,cold_snap,9.5 C,Unprecedented mass mortality of wild and outplants,1,1,6,6,6
NOAA_survey,Florida Keys,Elbow Reef,EL4,NA,NA,field,Natural colony,2009,1.02739726027397,2010,storm,compound,TRUE,FALSE,TRUE,TRUE,TRUE,local_metadata_plus_timeline,multiple,3,2010 Cold-Water Event; Coastal Eutrophication; Snail Predation Trap,cold_snap; pollution; predator,Lirman et al. 2011 (PLoS ONE); Colella et al. 2012 (Coral Reefs); Banister et al. 2024 (PLoS ONE); Williams & Miller 2012 (Coral Reefs); Miller 2001 (Coral Reefs),local,acute_event; chronic_pressure; biotic_pressure,2010 Cold-Water Event,cold_snap,9.5 C,Unprecedented mass mortality of wild and outplants,7,7,35,1760,17860.5
NOAA_survey,Florida Keys,Elbow Reef,EL5,NA,NA,field,Natural colony,2009,1.02739726027397,2010,storm,compound,TRUE,FALSE,TRUE,TRUE,TRUE,local_metadata_plus_timeline,multiple,3,2010 Cold-Water Event; Coastal Eutrophication; Snail Predation Trap,cold_snap; pollution; predator,Lirman et al. 2011 (PLoS ONE); Colella et al. 2012 (Coral Reefs); Banister et al. 2024 (PLoS ONE); Williams & Miller 2012 (Coral Reefs); Miller 2001 (Coral Reefs),local,acute_event; chronic_pressure; biotic_pressure,2010 Cold-Water Event,cold_snap,9.5 C,Unprecedented mass mortality of wild and outplants,3,3,110.5,3385.5,8026.2
NOAA_survey,Florida Keys,French Reef,FR1,NA,NA,field,Natural colony,2009,1.06849315068493,2010,storm,compound,TRUE,FALSE,TRUE,TRUE,TRUE,local_metadata_plus_timeline,multiple,3,2010 Cold-Water Event; Coastal Eutrophication; Snail Predation Trap,cold_snap; pollution; predator,Lirman et al. 2011 (PLoS ONE); Colella et al. 2012 (Coral Reefs); Banister et al. 2024 (PLoS ONE); Williams & Miller 2012 (Coral Reefs); Miller 2001 (Coral Reefs),local,acute_event; chronic_pressure; biotic_pressure,2010 Cold-Water Event,cold_snap,9.5 C,Unprecedented mass mortality of wild and outplants,11,11,49.5,1320,23478
NOAA_survey,Florida Keys,French Reef,FR2,NA,NA,field,Natural colony,2009,1.00547945205479,2010,storm,compound,TRUE,FALSE,TRUE,TRUE,TRUE,local_metadata_plus_timeline,multiple,3,2010 Cold-Water Event; Coastal Eutrophication; Snail Predation Trap,cold_snap; pollution; predator,Lirman et al. 2011 (PLoS ONE); Colella et al. 2012 (Coral Reefs); Banister et al. 2024 (PLoS ONE); Williams & Miller 2012 (Coral Reefs); Miller 2001 (Coral Reefs),local,acute_event; chronic_pressure; biotic_pressure,2010 Cold-Water Event,cold_snap,9.5 C,Unprecedented mass mortality of wild and outplants,12,12,41.65,274,948.6
NOAA_survey,Florida Keys,Key Largo Dry Rocks,KL1,NA,NA,field,Natural colony,2009,1.03013698630137,2010,storm,compound,TRUE,FALSE,TRUE,TRUE,TRUE,local_metadata_plus_timeline,multiple,3,2010 Cold-Water Event; Coastal Eutrophication; Snail Predation Trap,cold_snap; pollution; predator,Lirman et al. 2011 (PLoS ONE); Colella et al. 2012 (Coral Reefs); Banister et al. 2024 (PLoS ONE); Williams & Miller 2012 (Coral Reefs); Miller 2001 (Coral Reefs),local,acute_event; chronic_pressure; biotic_pressure,2010 Cold-Water Event,cold_snap,9.5 C,Unprecedented mass mortality of wild and outplants,7,7,119.7,2328.75,6908
NOAA_survey,Florida Keys,Molasses Reef,ML1,NA,NA,field,Natural colony,2009,1.00821917808219,2010,storm,compound,TRUE,FALSE,TRUE,TRUE,TRUE,local_metadata_plus_timeline,multiple,3,2010 Cold-Water Event; Coastal Eutrophication; Snail Predation Trap,cold_snap; pollution; predator,Lirman et al. 2011 (PLoS ONE); Colella et al. 2012 (Coral Reefs); Banister et al. 2024 (PLoS ONE); Williams & Miller 2012 (Coral Reefs); Miller 2001 (Coral Reefs),local,acute_event; chronic_pressure; biotic_pressure,2010 Cold-Water Event,cold_snap,9.5 C,Unprecedented mass mortality of wild and outplants,1,1,32.4,32.4,32.4
NOAA_survey,Florida Keys,Molasses Reef,ML1,NA,NA,field,Natural colony,2009,1.04383561643836,2010,storm,compound,TRUE,FALSE,TRUE,TRUE,TRUE,local_metadata_plus_timeline,multiple,3,2010 Cold-Water Event; Coastal Eutrophication; Snail Predation Trap,cold_snap; pollution; predator,Lirman et al. 2011 (PLoS ONE); Colella et al. 2012 (Coral Reefs); Banister et al. 2024 (PLoS ONE); Williams & Miller 2012 (Coral Reefs); Miller 2001 (Coral Reefs),local,acute_event; chronic_pressure; biotic_pressure,2010 Cold-Water Event,cold_snap,9.5 C,Unprecedented mass mortality of wild and outplants,7,7,433.5,781.2,9465.6
NOAA_survey,Florida Keys,Molasses Reef,ML2,NA,NA,field,Natural colony,2009,1.02191780821918,2010,storm,compound,TRUE,FALSE,TRUE,TRUE,TRUE,local_metadata_plus_timeline,multiple,3,2010 Cold-Water Event; Coastal Eutrophication; Snail Predation Trap,cold_snap; pollution; predator,Lirman et al. 2011 (PLoS ONE); Colella et al. 2012 (Coral Reefs); Banister et al. 2024 (PLoS ONE); Williams & Miller 2012 (Coral Reefs); Miller 2001 (Coral Reefs),local,acute_event; chronic_pressure; biotic_pressure,2010 Cold-Water Event,cold_snap,9.5 C,Unprecedented mass mortality of wild and outplants,9,9,48,2808,13891.5
NOAA_survey,Florida Keys,Molasses Reef,ML3,NA,NA,field,Natural colony,2009,1.02191780821918,2010,storm,compound,TRUE,FALSE,TRUE,TRUE,TRUE,local_metadata_plus_timeline,multiple,3,2010 Cold-Water Event; Coastal Eutrophication; Snail Predation Trap,cold_snap; pollution; predator,Lirman et al. 2011 (PLoS ONE); Colella et al. 2012 (Coral Reefs); Banister et al. 2024 (PLoS ONE); Williams & Miller 2012 (Coral Reefs); Miller 2001 (Coral Reefs),local,acute_event; chronic_pressure; biotic_pressure,2010 Cold-Water Event,cold_snap,9.5 C,Unprecedented mass mortality of wild and outplants,9,9,183.6,8010,33390
NOAA_survey,Florida Keys,Carysfort Reef,CF1,NA,NA,field,Natural colony,2010,0.980821917808218,2010,NA,compound,TRUE,FALSE,TRUE,FALSE,TRUE,timeline_overlay,multiple,3,2010 Cold-Water Event; Coastal Eutrophication; Snail Predation Trap,cold_snap; pollution; predator,Lirman et al. 2011 (PLoS ONE); Colella et al. 2012 (Coral Reefs); Banister et al. 2024 (PLoS ONE); Williams & Miller 2012 (Coral Reefs); Miller 2001 (Coral Reefs),local,acute_event; chronic_pressure; biotic_pressure,2010 Cold-Water Event,cold_snap,9.5 C,Unprecedented mass mortality of wild and outplants,3,3,27,121,3877.5
NOAA_survey,Florida Keys,Carysfort Reef,CF2,NA,NA,field,Natural colony,2010,0.980821917808218,2010,NA,compound,TRUE,FALSE,TRUE,FALSE,TRUE,timeline_overlay,multiple,3,2010 Cold-Water Event; Coastal Eutrophication; Snail Predation Trap,cold_snap; pollution; predator,Lirman et al. 2011 (PLoS ONE); Colella et al. 2012 (Coral Reefs); Banister et al. 2024 (PLoS ONE); Williams & Miller 2012 (Coral Reefs); Miller 2001 (Coral Reefs),local,acute_event; chronic_pressure; biotic_pressure,2010 Cold-Water Event,cold_snap,9.5 C,Unprecedented mass mortality of wild and outplants,9,9,889.2,7875,13744.5
NOAA_survey,Florida Keys,Carysfort Reef,CF3,NA,NA,field,Natural colony,2010,1,2010,NA,compound,TRUE,FALSE,TRUE,FALSE,TRUE,timeline_overlay,multiple,3,2010 Cold-Water Event; Coastal Eutrophication; Snail Predation Trap,cold_snap; pollution; predator,Lirman et al. 2011 (PLoS ONE); Colella et al. 2012 (Coral Reefs); Banister et al. 2024 (PLoS ONE); Williams & Miller 2012 (Coral Reefs); Miller 2001 (Coral Reefs),local,acute_event; chronic_pressure; biotic_pressure,2010 Cold-Water Event,cold_snap,9.5 C,Unprecedented mass mortality of wild and outplants,4,4,14700,20383.5,45675
NOAA_survey,Florida Keys,Elbow Reef,EL2,NA,NA,field,Natural colony,2010,0.717808219178083,2010,NA,compound,TRUE,FALSE,TRUE,FALSE,TRUE,timeline_overlay,multiple,3,2010 Cold-Water Event; Coastal Eutrophication; Snail Predation Trap,cold_snap; pollution; predator,Lirman et al. 2011 (PLoS ONE); Colella et al. 2012 (Coral Reefs); Banister et al. 2024 (PLoS ONE); Williams & Miller 2012 (Coral Reefs); Miller 2001 (Coral Reefs),local,acute_event; chronic_pressure; biotic_pressure,2010 Cold-Water Event,cold_snap,9.5 C,Unprecedented mass mortality of wild and outplants,1,1,14655.6,14655.6,14655.6
NOAA_survey,Florida Keys,Elbow Reef,EL3,NA,NA,field,Natural colony,2010,0.671232876712328,2010,NA,compound,TRUE,FALSE,TRUE,FALSE,TRUE,timeline_overlay,multiple,3,2010 Cold-Water Event; Coastal Eutrophication; Snail Predation Trap,cold_snap; pollution; predator,Lirman et al. 2011 (PLoS ONE); Colella et al. 2012 (Coral Reefs); Banister et al. 2024 (PLoS ONE); Williams & Miller 2012 (Coral Reefs); Miller 2001 (Coral Reefs),local,acute_event; chronic_pressure; biotic_pressure,2010 Cold-Water Event,cold_snap,9.5 C,Unprecedented mass mortality of wild and outplants,1,1,4000,4000,4000
NOAA_survey,Florida Keys,Elbow Reef,EL3,NA,NA,field,Natural colony,2010,0.956164383561644,2010,NA,compound,TRUE,FALSE,TRUE,FALSE,TRUE,timeline_overlay,multiple,3,2010 Cold-Water Event; Coastal Eutrophication; Snail Predation Trap,cold_snap; pollution; predator,Lirman et al. 2011 (PLoS ONE); Colella et al. 2012 (Coral Reefs); Banister et al. 2024 (PLoS ONE); Williams & Miller 2012 (Coral Reefs); Miller 2001 (Coral Reefs),local,acute_event; chronic_pressure; biotic_pressure,2010 Cold-Water Event,cold_snap,9.5 C,Unprecedented mass mortality of wild and outplants,6,6,200,2981.4,11520
NOAA_survey,Florida Keys,Elbow Reef,EL4,NA,NA,field,Natural colony,2010,0.975342465753425,2010,NA,compound,TRUE,FALSE,TRUE,FALSE,TRUE,timeline_overlay,multiple,3,2010 Cold-Water Event; Coastal Eutrophication; Snail Predation Trap,cold_snap; pollution; predator,Lirman et al. 2011 (PLoS ONE); Colella et al. 2012 (Coral Reefs); Banister et al. 2024 (PLoS ONE); Williams & Miller 2012 (Coral Reefs); Miller 2001 (Coral Reefs),local,acute_event; chronic_pressure; biotic_pressure,2010 Cold-Water Event,cold_snap,9.5 C,Unprecedented mass mortality of wild and outplants,6,6,24,5126.4,19913.85
NOAA_survey,Florida Keys,Elbow Reef,EL5,NA,NA,field,Natural colony,2010,0.975342465753425,2010,NA,compound,TRUE,FALSE,TRUE,FALSE,TRUE,timeline_overlay,multiple,3,2010 Cold-Water Event; Coastal Eutrophication; Snail Predation Trap,cold_snap; pollution; predator,Lirman et al. 2011 (PLoS ONE); Colella et al. 2012 (Coral Reefs); Banister et al. 2024 (PLoS ONE); Williams & Miller 2012 (Coral Reefs); Miller 2001 (Coral Reefs),local,acute_event; chronic_pressure; biotic_pressure,2010 Cold-Water Event,cold_snap,9.5 C,Unprecedented mass mortality of wild and outplants,3,3,168,3385.2,7865
NOAA_survey,Florida Keys,French Reef,FR1,NA,NA,field,Natural colony,2010,0.983561643835616,2010,NA,compound,TRUE,FALSE,TRUE,FALSE,TRUE,timeline_overlay,multiple,3,2010 Cold-Water Event; Coastal Eutrophication; Snail Predation Trap,cold_snap; pollution; predator,Lirman et al. 2011 (PLoS ONE); Colella et al. 2012 (Coral Reefs); Banister et al. 2024 (PLoS ONE); Williams & Miller 2012 (Coral Reefs); Miller 2001 (Coral Reefs),local,acute_event; chronic_pressure; biotic_pressure,2010 Cold-Water Event,cold_snap,9.5 C,Unprecedented mass mortality of wild and outplants,10,10,54,1986,26325
NOAA_survey,Florida Keys,Key Largo Dry Rocks,KL1,NA,NA,field,Natural colony,2010,0.69041095890411,2010,NA,compound,TRUE,FALSE,TRUE,FALSE,TRUE,timeline_overlay,multiple,3,2010 Cold-Water Event; Coastal Eutrophication; Snail Predation Trap,cold_snap; pollution; predator,Lirman et al. 2011 (PLoS ONE); Colella et al. 2012 (Coral Reefs); Banister et al. 2024 (PLoS ONE); Williams & Miller 2012 (Coral Reefs); Miller 2001 (Coral Reefs),local,acute_event; chronic_pressure; biotic_pressure,2010 Cold-Water Event,cold_snap,9.5 C,Unprecedented mass mortality of wild and outplants,1,1,331.2,331.2,331.2
NOAA_survey,Florida Keys,Key Largo Dry Rocks,KL1,NA,NA,field,Natural colony,2010,0.980821917808219,2010,NA,compound,TRUE,FALSE,TRUE,FALSE,TRUE,timeline_overlay,multiple,3,2010 Cold-Water Event; Coastal Eutrophication; Snail Predation Trap,cold_snap; pollution; predator,Lirman et al. 2011 (PLoS ONE); Colella et al. 2012 (Coral Reefs); Banister et al. 2024 (PLoS ONE); Williams & Miller 2012 (Coral Reefs); Miller 2001 (Coral Reefs),local,acute_event; chronic_pressure; biotic_pressure,2010 Cold-Water Event,cold_snap,9.5 C,Unprecedented mass mortality of wild and outplants,7,7,54.6,2308.5,5940
NOAA_survey,Florida Keys,Molasses Reef,ML1,NA,NA,field,Natural colony,2010,0.780821917808219,2010,NA,compound,TRUE,FALSE,TRUE,FALSE,TRUE,timeline_overlay,multiple,3,2010 Cold-Water Event; Coastal Eutrophication; Snail Predation Trap,cold_snap; pollution; predator,Lirman et al. 2011 (PLoS ONE); Colella et al. 2012 (Coral Reefs); Banister et al. 2024 (PLoS ONE); Williams & Miller 2012 (Coral Reefs); Miller 2001 (Coral Reefs),local,acute_event; chronic_pressure; biotic_pressure,2010 Cold-Water Event,cold_snap,9.5 C,Unprecedented mass mortality of wild and outplants,1,1,25.2,25.2,25.2
NOAA_survey,Florida Keys,Molasses Reef,ML2,NA,NA,field,Natural colony,2010,0.978082191780822,2010,NA,compound,TRUE,FALSE,TRUE,FALSE,TRUE,timeline_overlay,multiple,3,2010 Cold-Water Event; Coastal Eutrophication; Snail Predation Trap,cold_snap; pollution; predator,Lirman et al. 2011 (PLoS ONE); Colella et al. 2012 (Coral Reefs); Banister et al. 2024 (PLoS ONE); Williams & Miller 2012 (Coral Reefs); Miller 2001 (Coral Reefs),local,acute_event; chronic_pressure; biotic_pressure,2010 Cold-Water Event,cold_snap,9.5 C,Unprecedented mass mortality of wild and outplants,8,8,90,3009.8,14264.25
NOAA_survey,Florida Keys,Molasses Reef,ML3,NA,NA,field,Natural colony,2010,0.668493150684932,2010,NA,compound,TRUE,FALSE,TRUE,FALSE,TRUE,timeline_overlay,multiple,3,2010 Cold-Water Event; Coastal Eutrophication; Snail Predation Trap,cold_snap; pollution; predator,Lirman et al. 2011 (PLoS ONE); Colella et al. 2012 (Coral Reefs); Banister et al. 2024 (PLoS ONE); Williams & Miller 2012 (Coral Reefs); Miller 2001 (Coral Reefs),local,acute_event; chronic_pressure; biotic_pressure,2010 Cold-Water Event,cold_snap,9.5 C,Unprecedented mass mortality of wild and outplants,1,1,2065,2065,2065
NOAA_survey,Florida Keys,Molasses Reef,ML3,NA,NA,field,Natural colony,2010,0.978082191780822,2010,NA,compound,TRUE,FALSE,TRUE,FALSE,TRUE,timeline_overlay,multiple,3,2010 Cold-Water Event; Coastal Eutrophication; Snail Predation Trap,cold_snap; pollution; predator,Lirman et al. 2011 (PLoS ONE); Colella et al. 2012 (Coral Reefs); Banister et al. 2024 (PLoS ONE); Williams & Miller 2012 (Coral Reefs); Miller 2001 (Coral Reefs),local,acute_event; chronic_pressure; biotic_pressure,2010 Cold-Water Event,cold_snap,9.5 C,Unprecedented mass mortality of wild and outplants,9,9,290.7,8742,32742
NOAA_survey,Florida Keys,Sand Island,SI1,NA,NA,field,Natural colony,2010,0.953424657534247,2010,NA,compound,TRUE,FALSE,TRUE,FALSE,TRUE,timeline_overlay,multiple,3,2010 Cold-Water Event; Coastal Eutrophication; Snail Predation Trap,cold_snap; pollution; predator,Lirman et al. 2011 (PLoS ONE); Colella et al. 2012 (Coral Reefs); Banister et al. 2024 (PLoS ONE); Williams & Miller 2012 (Coral Reefs); Miller 2001 (Coral Reefs),local,acute_event; chronic_pressure; biotic_pressure,2010 Cold-Water Event,cold_snap,9.5 C,Unprecedented mass mortality of wild and outplants,10,10,48,794.475,7757.75
NOAA_survey,Florida Keys,Sand Island,SI1,NA,NA,field,Restoration fragment,2010,0.953424657534247,2010,NA,compound,TRUE,FALSE,TRUE,FALSE,TRUE,timeline_overlay,multiple,3,2010 Cold-Water Event; Coastal Eutrophication; Snail Predation Trap,cold_snap; pollution; predator,Lirman et al. 2011 (PLoS ONE); Colella et al. 2012 (Coral Reefs); Banister et al. 2024 (PLoS ONE); Williams & Miller 2012 (Coral Reefs); Miller 2001 (Coral Reefs),local,acute_event; chronic_pressure; biotic_pressure,2010 Cold-Water Event,cold_snap,9.5 C,Unprecedented mass mortality of wild and outplants,1,1,1925,1925,1925
NOAA_survey,Florida Keys,Sand Island,SI2,NA,NA,field,Natural colony,2010,0.953424657534247,2010,NA,compound,TRUE,FALSE,TRUE,FALSE,TRUE,timeline_overlay,multiple,3,2010 Cold-Water Event; Coastal Eutrophication; Snail Predation Trap,cold_snap; pollution; predator,Lirman et al. 2011 (PLoS ONE); Colella et al. 2012 (Coral Reefs); Banister et al. 2024 (PLoS ONE); Williams & Miller 2012 (Coral Reefs); Miller 2001 (Coral Reefs),local,acute_event; chronic_pressure; biotic_pressure,2010 Cold-Water Event,cold_snap,9.5 C,Unprecedented mass mortality of wild and outplants,8,8,56.1,2766.8,32045
NOAA_survey,Florida Keys,Sand Island,SI3,NA,NA,field,Natural colony,2010,0.682191780821918,2010,NA,compound,TRUE,FALSE,TRUE,FALSE,TRUE,timeline_overlay,multiple,3,2010 Cold-Water Event; Coastal Eutrophication; Snail Predation Trap,cold_snap; pollution; predator,Lirman et al. 2011 (PLoS ONE); Colella et al. 2012 (Coral Reefs); Banister et al. 2024 (PLoS ONE); Williams & Miller 2012 (Coral Reefs); Miller 2001 (Coral Reefs),local,acute_event; chronic_pressure; biotic_pressure,2010 Cold-Water Event,cold_snap,9.5 C,Unprecedented mass mortality of wild and outplants,1,1,621.6,621.6,621.6
NOAA_survey,Florida Keys,Turtle Rocks,TR1,NA,NA,field,Natural colony,2010,0.93972602739726,2010,NA,compound,TRUE,FALSE,TRUE,FALSE,TRUE,timeline_overlay,multiple,3,2010 Cold-Water Event; Coastal Eutrophication; Snail Predation Trap,cold_snap; pollution; predator,Lirman et al. 2011 (PLoS ONE); Colella et al. 2012 (Coral Reefs); Banister et al. 2024 (PLoS ONE); Williams & Miller 2012 (Coral Reefs); Miller 2001 (Coral Reefs),local,acute_event; chronic_pressure; biotic_pressure,2010 Cold-Water Event,cold_snap,9.5 C,Unprecedented mass mortality of wild and outplants,9,9,12,1181.25,19500
NOAA_survey,Florida Keys,Turtle Rocks,TR1,NA,NA,field,Restoration fragment,2010,0.93972602739726,2010,NA,compound,TRUE,FALSE,TRUE,FALSE,TRUE,timeline_overlay,multiple,3,2010 Cold-Water Event; Coastal Eutrophication; Snail Predation Trap,cold_snap; pollution; predator,Lirman et al. 2011 (PLoS ONE); Colella et al. 2012 (Coral Reefs); Banister et al. 2024 (PLoS ONE); Williams & Miller 2012 (Coral Reefs); Miller 2001 (Coral Reefs),local,acute_event; chronic_pressure; biotic_pressure,2010 Cold-Water Event,cold_snap,9.5 C,Unprecedented mass mortality of wild and outplants,2,2,440,1030,1620
NOAA_survey,Florida Keys,Turtle Rocks,TR2,NA,NA,field,Natural colony,2010,0.934246575342466,2010,NA,compound,TRUE,FALSE,TRUE,FALSE,TRUE,timeline_overlay,multiple,3,2010 Cold-Water Event; Coastal Eutrophication; Snail Predation Trap,cold_snap; pollution; predator,Lirman et al. 2011 (PLoS ONE); Colella et al. 2012 (Coral Reefs); Banister et al. 2024 (PLoS ONE); Williams & Miller 2012 (Coral Reefs); Miller 2001 (Coral Reefs),local,acute_event; chronic_pressure; biotic_pressure,2010 Cold-Water Event,cold_snap,9.5 C,Unprecedented mass mortality of wild and outplants,10,10,42,215.22,12076.8
NOAA_survey,Florida Keys,Turtle Rocks,TR2,NA,NA,field,Restoration fragment,2010,0.934246575342466,2010,NA,compound,TRUE,FALSE,TRUE,FALSE,TRUE,timeline_overlay,multiple,3,2010 Cold-Water Event; Coastal Eutrophication; Snail Predation Trap,cold_snap; pollution; predator,Lirman et al. 2011 (PLoS ONE); Colella et al. 2012 (Coral Reefs); Banister et al. 2024 (PLoS ONE); Williams & Miller 2012 (Coral Reefs); Miller 2001 (Coral Reefs),local,acute_event; chronic_pressure; biotic_pressure,2010 Cold-Water Event,cold_snap,9.5 C,Unprecedented mass mortality of wild and outplants,2,2,91.8,164.7,237.6
NOAA_survey,Florida Keys,Turtle Rocks,TR3,NA,NA,field,Natural colony,2010,0.931506849315068,2010,NA,compound,TRUE,FALSE,TRUE,FALSE,TRUE,timeline_overlay,multiple,3,2010 Cold-Water Event; Coastal Eutrophication; Snail Predation Trap,cold_snap; pollution; predator,Lirman et al. 2011 (PLoS ONE); Colella et al. 2012 (Coral Reefs); Banister et al. 2024 (PLoS ONE); Williams & Miller 2012 (Coral Reefs); Miller 2001 (Coral Reefs),local,acute_event; chronic_pressure; biotic_pressure,2010 Cold-Water Event,cold_snap,9.5 C,Unprecedented mass mortality of wild and outplants,6,6,63,978.6,19324.8
NOAA_survey,Florida Keys,Turtle Rocks,TR3,NA,NA,field,Restoration fragment,2010,0.931506849315068,2010,NA,compound,TRUE,FALSE,TRUE,FALSE,TRUE,timeline_overlay,multiple,3,2010 Cold-Water Event; Coastal Eutrophication; Snail Predation Trap,cold_snap; pollution; predator,Lirman et al. 2011 (PLoS ONE); Colella et al. 2012 (Coral Reefs); Banister et al. 2024 (PLoS ONE); Williams & Miller 2012 (Coral Reefs); Miller 2001 (Coral Reefs),local,acute_event; chronic_pressure; biotic_pressure,2010 Cold-Water Event,cold_snap,9.5 C,Unprecedented mass mortality of wild and outplants,4,4,100.8,415,840
NOAA_survey,Florida Keys,Elbow Reef,EL1,NA,NA,field,Natural colony,2010,1.01643835616438,2011,NA,compound,TRUE,FALSE,TRUE,FALSE,TRUE,timeline_overlay,multiple,4,2010 Cold-Water Event; Sargassum Brown Tides; Coastal Eutrophication; Snail Predation Trap,cold_snap; sargassum; pollution; predator,Lirman et al. 2011 (PLoS ONE); Colella et al. 2012 (Coral Reefs); Antonio-Martinez 2020 (Sci Rep); van Tussenbroek 2017 (Mar Pollut Bull); Banister et al. 2024 (PLoS ONE); Williams & Miller 2012 (Coral Reefs); Miller 2001 (Coral Reefs),local; caribbean-wide,acute_event; chronic_pressure; biotic_pressure,2010 Cold-Water Event,cold_snap,9.5 C,Unprecedented mass mortality of wild and outplants,9,9,120,3630,36622.5
NOAA_survey,Florida Keys,Elbow Reef,EL2,NA,NA,field,Natural colony,2010,1.01917808219178,2011,NA,compound,TRUE,FALSE,TRUE,FALSE,TRUE,timeline_overlay,multiple,4,2010 Cold-Water Event; Sargassum Brown Tides; Coastal Eutrophication; Snail Predation Trap,cold_snap; sargassum; pollution; predator,Lirman et al. 2011 (PLoS ONE); Colella et al. 2012 (Coral Reefs); Antonio-Martinez 2020 (Sci Rep); van Tussenbroek 2017 (Mar Pollut Bull); Banister et al. 2024 (PLoS ONE); Williams & Miller 2012 (Coral Reefs); Miller 2001 (Coral Reefs),local; caribbean-wide,acute_event; chronic_pressure; biotic_pressure,2010 Cold-Water Event,cold_snap,9.5 C,Unprecedented mass mortality of wild and outplants,10,10,16,315.35,12288.75
NOAA_survey,Florida Keys,French Reef,FR2,NA,NA,field,Natural colony,2010,1.06575342465753,2011,NA,compound,TRUE,FALSE,TRUE,FALSE,TRUE,timeline_overlay,multiple,4,2010 Cold-Water Event; Sargassum Brown Tides; Coastal Eutrophication; Snail Predation Trap,cold_snap; sargassum; pollution; predator,Lirman et al. 2011 (PLoS ONE); Colella et al. 2012 (Coral Reefs); Antonio-Martinez 2020 (Sci Rep); van Tussenbroek 2017 (Mar Pollut Bull); Banister et al. 2024 (PLoS ONE); Williams & Miller 2012 (Coral Reefs); Miller 2001 (Coral Reefs),local; caribbean-wide,acute_event; chronic_pressure; biotic_pressure,2010 Cold-Water Event,cold_snap,9.5 C,Unprecedented mass mortality of wild and outplants,11,11,54,437.4,1008
NOAA_survey,Florida Keys,Key Largo Dry Rocks,KL3,NA,NA,field,Natural colony,2010,1.07671232876712,2011,NA,compound,TRUE,FALSE,TRUE,FALSE,TRUE,timeline_overlay,multiple,4,2010 Cold-Water Event; Sargassum Brown Tides; Coastal Eutrophication; Snail Predation Trap,cold_snap; sargassum; pollution; predator,Lirman et al. 2011 (PLoS ONE); Colella et al. 2012 (Coral Reefs); Antonio-Martinez 2020 (Sci Rep); van Tussenbroek 2017 (Mar Pollut Bull); Banister et al. 2024 (PLoS ONE); Williams & Miller 2012 (Coral Reefs); Miller 2001 (Coral Reefs),local; caribbean-wide,acute_event; chronic_pressure; biotic_pressure,2010 Cold-Water Event,cold_snap,9.5 C,Unprecedented mass mortality of wild and outplants,7,7,40.15,611.52,1005
NOAA_survey,Florida Keys,Molasses Reef,ML1,NA,NA,field,Natural colony,2010,1.06849315068493,2011,NA,compound,TRUE,FALSE,TRUE,FALSE,TRUE,timeline_overlay,multiple,4,2010 Cold-Water Event; Sargassum Brown Tides; Coastal Eutrophication; Snail Predation Trap,cold_snap; sargassum; pollution; predator,Lirman et al. 2011 (PLoS ONE); Colella et al. 2012 (Coral Reefs); Antonio-Martinez 2020 (Sci Rep); van Tussenbroek 2017 (Mar Pollut Bull); Banister et al. 2024 (PLoS ONE); Williams & Miller 2012 (Coral Reefs); Miller 2001 (Coral Reefs),local; caribbean-wide,acute_event; chronic_pressure; biotic_pressure,2010 Cold-Water Event,cold_snap,9.5 C,Unprecedented mass mortality of wild and outplants,6,6,481.25,3741,11260.8
NOAA_survey,Florida Keys,Sand Island,SI3,NA,NA,field,Natural colony,2010,1.03835616438356,2011,NA,compound,TRUE,FALSE,TRUE,FALSE,TRUE,timeline_overlay,multiple,4,2010 Cold-Water Event; Sargassum Brown Tides; Coastal Eutrophication; Snail Predation Trap,cold_snap; sargassum; pollution; predator,Lirman et al. 2011 (PLoS ONE); Colella et al. 2012 (Coral Reefs); Antonio-Martinez 2020 (Sci Rep); van Tussenbroek 2017 (Mar Pollut Bull); Banister et al. 2024 (PLoS ONE); Williams & Miller 2012 (Coral Reefs); Miller 2001 (Coral Reefs),local; caribbean-wide,acute_event; chronic_pressure; biotic_pressure,2010 Cold-Water Event,cold_snap,9.5 C,Unprecedented mass mortality of wild and outplants,10,10,18.2,108,8236.5
NOAA_survey,Florida Keys,Carysfort Reef,CF1,NA,NA,field,Natural colony,2011,0.980821917808219,2011,NA,compound,FALSE,FALSE,TRUE,FALSE,TRUE,timeline_overlay,multiple,2,Sargassum Brown Tides; Coastal Eutrophication,sargassum; pollution,Antonio-Martinez 2020 (Sci Rep); van Tussenbroek 2017 (Mar Pollut Bull); Banister et al. 2024 (PLoS ONE),caribbean-wide; local,chronic_pressure,Sargassum Brown Tides,sargassum,37.5M tons,Leachate toxicity; larval spiral swimming; hypoxia (DO < 1mg/L),7,7,30,187,2585
NOAA_survey,Florida Keys,Carysfort Reef,CF2,NA,NA,field,Natural colony,2011,0.726027397260274,2011,NA,compound,FALSE,FALSE,TRUE,FALSE,TRUE,timeline_overlay,multiple,2,Sargassum Brown Tides; Coastal Eutrophication,sargassum; pollution,Antonio-Martinez 2020 (Sci Rep); van Tussenbroek 2017 (Mar Pollut Bull); Banister et al. 2024 (PLoS ONE),caribbean-wide; local,chronic_pressure,Sargassum Brown Tides,sargassum,37.5M tons,Leachate toxicity; larval spiral swimming; hypoxia (DO < 1mg/L),1,1,610,610,610
NOAA_survey,Florida Keys,Carysfort Reef,CF2,NA,NA,field,Natural colony,2011,0.980821917808219,2011,NA,compound,FALSE,FALSE,TRUE,FALSE,TRUE,timeline_overlay,multiple,2,Sargassum Brown Tides; Coastal Eutrophication,sargassum; pollution,Antonio-Martinez 2020 (Sci Rep); van Tussenbroek 2017 (Mar Pollut Bull); Banister et al. 2024 (PLoS ONE),caribbean-wide; local,chronic_pressure,Sargassum Brown Tides,sargassum,37.5M tons,Leachate toxicity; larval spiral swimming; hypoxia (DO < 1mg/L),11,11,460.65,2762.5,14950
NOAA_survey,Florida Keys,Carysfort Reef,CF3,NA,NA,field,Natural colony,2011,0.961643835616438,2011,NA,compound,FALSE,FALSE,TRUE,FALSE,TRUE,timeline_overlay,multiple,2,Sargassum Brown Tides; Coastal Eutrophication,sargassum; pollution,Antonio-Martinez 2020 (Sci Rep); van Tussenbroek 2017 (Mar Pollut Bull); Banister et al. 2024 (PLoS ONE),caribbean-wide; local,chronic_pressure,Sargassum Brown Tides,sargassum,37.5M tons,Leachate toxicity; larval spiral swimming; hypoxia (DO < 1mg/L),1,1,1104,1104,1104
NOAA_survey,Florida Keys,Carysfort Reef,CF3,NA,NA,field,Natural colony,2011,0.961643835616439,2011,NA,compound,FALSE,FALSE,TRUE,FALSE,TRUE,timeline_overlay,multiple,2,Sargassum Brown Tides; Coastal Eutrophication,sargassum; pollution,Antonio-Martinez 2020 (Sci Rep); van Tussenbroek 2017 (Mar Pollut Bull); Banister et al. 2024 (PLoS ONE),caribbean-wide; local,chronic_pressure,Sargassum Brown Tides,sargassum,37.5M tons,Leachate toxicity; larval spiral swimming; hypoxia (DO < 1mg/L),4,4,15887.5,19839.5,44252
NOAA_survey,Florida Keys,Carysfort Reef,CF3,NA,NA,field,Restoration fragment,2011,0.961643835616438,2011,NA,compound,FALSE,FALSE,TRUE,FALSE,TRUE,timeline_overlay,multiple,2,Sargassum Brown Tides; Coastal Eutrophication,sargassum; pollution,Antonio-Martinez 2020 (Sci Rep); van Tussenbroek 2017 (Mar Pollut Bull); Banister et al. 2024 (PLoS ONE),caribbean-wide; local,chronic_pressure,Sargassum Brown Tides,sargassum,37.5M tons,Leachate toxicity; larval spiral swimming; hypoxia (DO < 1mg/L),1,1,196,196,196
NOAA_survey,Florida Keys,Elbow Reef,EL1,NA,NA,field,Natural colony,2011,0.671232876712328,2011,NA,compound,FALSE,FALSE,TRUE,FALSE,TRUE,timeline_overlay,multiple,2,Sargassum Brown Tides; Coastal Eutrophication,sargassum; pollution,Antonio-Martinez 2020 (Sci Rep); van Tussenbroek 2017 (Mar Pollut Bull); Banister et al. 2024 (PLoS ONE),caribbean-wide; local,chronic_pressure,Sargassum Brown Tides,sargassum,37.5M tons,Leachate toxicity; larval spiral swimming; hypoxia (DO < 1mg/L),8,8,255,5261.575,38458
NOAA_survey,Florida Keys,Elbow Reef,EL1,NA,NA,field,Natural colony,2011,0.983561643835616,2011,NA,compound,FALSE,FALSE,TRUE,FALSE,TRUE,timeline_overlay,multiple,2,Sargassum Brown Tides; Coastal Eutrophication,sargassum; pollution,Antonio-Martinez 2020 (Sci Rep); van Tussenbroek 2017 (Mar Pollut Bull); Banister et al. 2024 (PLoS ONE),caribbean-wide; local,chronic_pressure,Sargassum Brown Tides,sargassum,37.5M tons,Leachate toxicity; larval spiral swimming; hypoxia (DO < 1mg/L),3,3,2882.3,8541.45,12792
NOAA_survey,Florida Keys,Elbow Reef,EL2,NA,NA,field,Natural colony,2011,0.934246575342466,2011,NA,compound,FALSE,FALSE,TRUE,FALSE,TRUE,timeline_overlay,multiple,2,Sargassum Brown Tides; Coastal Eutrophication,sargassum; pollution,Antonio-Martinez 2020 (Sci Rep); van Tussenbroek 2017 (Mar Pollut Bull); Banister et al. 2024 (PLoS ONE),caribbean-wide; local,chronic_pressure,Sargassum Brown Tides,sargassum,37.5M tons,Leachate toxicity; larval spiral swimming; hypoxia (DO < 1mg/L),9,9,6,844.2,12558
NOAA_survey,Florida Keys,Elbow Reef,EL3,NA,NA,field,Natural colony,2011,0.983561643835616,2011,NA,compound,FALSE,FALSE,TRUE,FALSE,TRUE,timeline_overlay,multiple,2,Sargassum Brown Tides; Coastal Eutrophication,sargassum; pollution,Antonio-Martinez 2020 (Sci Rep); van Tussenbroek 2017 (Mar Pollut Bull); Banister et al. 2024 (PLoS ONE),caribbean-wide; local,chronic_pressure,Sargassum Brown Tides,sargassum,37.5M tons,Leachate toxicity; larval spiral swimming; hypoxia (DO < 1mg/L),4,4,31.5,126.425,5150.25
NOAA_survey,Florida Keys,Elbow Reef,EL3,NA,NA,field,Natural colony,2011,0.983561643835617,2011,NA,compound,FALSE,FALSE,TRUE,FALSE,TRUE,timeline_overlay,multiple,2,Sargassum Brown Tides; Coastal Eutrophication,sargassum; pollution,Antonio-Martinez 2020 (Sci Rep); van Tussenbroek 2017 (Mar Pollut Bull); Banister et al. 2024 (PLoS ONE),caribbean-wide; local,chronic_pressure,Sargassum Brown Tides,sargassum,37.5M tons,Leachate toxicity; larval spiral swimming; hypoxia (DO < 1mg/L),6,6,160,2808.75,14464.8
NOAA_survey,Florida Keys,French Reef,FR1,NA,NA,field,Natural colony,2011,0.978082191780822,2011,NA,compound,FALSE,FALSE,TRUE,FALSE,TRUE,timeline_overlay,multiple,2,Sargassum Brown Tides; Coastal Eutrophication,sargassum; pollution,Antonio-Martinez 2020 (Sci Rep); van Tussenbroek 2017 (Mar Pollut Bull); Banister et al. 2024 (PLoS ONE),caribbean-wide; local,chronic_pressure,Sargassum Brown Tides,sargassum,37.5M tons,Leachate toxicity; larval spiral swimming; hypoxia (DO < 1mg/L),12,12,11,915,19987.5
NOAA_survey,Florida Keys,French Reef,FR2,NA,NA,field,Natural colony,2011,0.884931506849315,2011,NA,compound,FALSE,FALSE,TRUE,FALSE,TRUE,timeline_overlay,multiple,2,Sargassum Brown Tides; Coastal Eutrophication,sargassum; pollution,Antonio-Martinez 2020 (Sci Rep); van Tussenbroek 2017 (Mar Pollut Bull); Banister et al. 2024 (PLoS ONE),caribbean-wide; local,chronic_pressure,Sargassum Brown Tides,sargassum,37.5M tons,Leachate toxicity; larval spiral swimming; hypoxia (DO < 1mg/L),1,1,234,234,234
NOAA_survey,Florida Keys,French Reef,FR2,NA,NA,field,Natural colony,2011,0.936986301369863,2011,NA,compound,FALSE,FALSE,TRUE,FALSE,TRUE,timeline_overlay,multiple,2,Sargassum Brown Tides; Coastal Eutrophication,sargassum; pollution,Antonio-Martinez 2020 (Sci Rep); van Tussenbroek 2017 (Mar Pollut Bull); Banister et al. 2024 (PLoS ONE),caribbean-wide; local,chronic_pressure,Sargassum Brown Tides,sargassum,37.5M tons,Leachate toxicity; larval spiral swimming; hypoxia (DO < 1mg/L),10,10,140.8,635.76,1530
NOAA_survey,Florida Keys,Key Largo Dry Rocks,KL1,NA,NA,field,Natural colony,2011,0.964383561643835,2011,NA,compound,FALSE,FALSE,TRUE,FALSE,TRUE,timeline_overlay,multiple,2,Sargassum Brown Tides; Coastal Eutrophication,sargassum; pollution,Antonio-Martinez 2020 (Sci Rep); van Tussenbroek 2017 (Mar Pollut Bull); Banister et al. 2024 (PLoS ONE),caribbean-wide; local,chronic_pressure,Sargassum Brown Tides,sargassum,37.5M tons,Leachate toxicity; larval spiral swimming; hypoxia (DO < 1mg/L),1,1,32,32,32
NOAA_survey,Florida Keys,Key Largo Dry Rocks,KL1,NA,NA,field,Natural colony,2011,0.964383561643836,2011,NA,compound,FALSE,FALSE,TRUE,FALSE,TRUE,timeline_overlay,multiple,2,Sargassum Brown Tides; Coastal Eutrophication,sargassum; pollution,Antonio-Martinez 2020 (Sci Rep); van Tussenbroek 2017 (Mar Pollut Bull); Banister et al. 2024 (PLoS ONE),caribbean-wide; local,chronic_pressure,Sargassum Brown Tides,sargassum,37.5M tons,Leachate toxicity; larval spiral swimming; hypoxia (DO < 1mg/L),7,7,84.15,1875,7290
NOAA_survey,Florida Keys,Key Largo Dry Rocks,KL3,NA,NA,field,Natural colony,2011,0.917808219178082,2011,NA,compound,FALSE,FALSE,TRUE,FALSE,TRUE,timeline_overlay,multiple,2,Sargassum Brown Tides; Coastal Eutrophication,sargassum; pollution,Antonio-Martinez 2020 (Sci Rep); van Tussenbroek 2017 (Mar Pollut Bull); Banister et al. 2024 (PLoS ONE),caribbean-wide; local,chronic_pressure,Sargassum Brown Tides,sargassum,37.5M tons,Leachate toxicity; larval spiral swimming; hypoxia (DO < 1mg/L),7,7,10.58,256.04,1641.6
NOAA_survey,Florida Keys,Key Largo Dry Rocks,KL3,NA,NA,field,Natural colony,2011,0.964383561643836,2011,NA,compound,FALSE,FALSE,TRUE,FALSE,TRUE,timeline_overlay,multiple,2,Sargassum Brown Tides; Coastal Eutrophication,sargassum; pollution,Antonio-Martinez 2020 (Sci Rep); van Tussenbroek 2017 (Mar Pollut Bull); Banister et al. 2024 (PLoS ONE),caribbean-wide; local,chronic_pressure,Sargassum Brown Tides,sargassum,37.5M tons,Leachate toxicity; larval spiral swimming; hypoxia (DO < 1mg/L),5,5,2.34,9,336
NOAA_survey,Florida Keys,Molasses Reef,ML1,NA,NA,field,Natural colony,2011,0.613698630136986,2011,NA,compound,FALSE,FALSE,TRUE,FALSE,TRUE,timeline_overlay,multiple,2,Sargassum Brown Tides; Coastal Eutrophication,sargassum; pollution,Antonio-Martinez 2020 (Sci Rep); van Tussenbroek 2017 (Mar Pollut Bull); Banister et al. 2024 (PLoS ONE),caribbean-wide; local,chronic_pressure,Sargassum Brown Tides,sargassum,37.5M tons,Leachate toxicity; larval spiral swimming; hypoxia (DO < 1mg/L),6,6,182,4279.62,11995.2
NOAA_survey,Florida Keys,Molasses Reef,ML1,NA,NA,field,Natural colony,2011,0.901369863013699,2011,NA,compound,FALSE,FALSE,TRUE,FALSE,TRUE,timeline_overlay,multiple,2,Sargassum Brown Tides; Coastal Eutrophication,sargassum; pollution,Antonio-Martinez 2020 (Sci Rep); van Tussenbroek 2017 (Mar Pollut Bull); Banister et al. 2024 (PLoS ONE),caribbean-wide; local,chronic_pressure,Sargassum Brown Tides,sargassum,37.5M tons,Leachate toxicity; larval spiral swimming; hypoxia (DO < 1mg/L),2,2,6,12.6,19.2
NOAA_survey,Florida Keys,Molasses Reef,ML2,NA,NA,field,Natural colony,2011,0.96986301369863,2011,NA,compound,FALSE,FALSE,TRUE,FALSE,TRUE,timeline_overlay,multiple,2,Sargassum Brown Tides; Coastal Eutrophication,sargassum; pollution,Antonio-Martinez 2020 (Sci Rep); van Tussenbroek 2017 (Mar Pollut Bull); Banister et al. 2024 (PLoS ONE),caribbean-wide; local,chronic_pressure,Sargassum Brown Tides,sargassum,37.5M tons,Leachate toxicity; larval spiral swimming; hypoxia (DO < 1mg/L),11,11,24,414.8,16700
NOAA_survey,Florida Keys,Molasses Reef,ML3,NA,NA,field,Natural colony,2011,0.96986301369863,2011,NA,compound,FALSE,FALSE,TRUE,FALSE,TRUE,timeline_overlay,multiple,2,Sargassum Brown Tides; Coastal Eutrophication,sargassum; pollution,Antonio-Martinez 2020 (Sci Rep); van Tussenbroek 2017 (Mar Pollut Bull); Banister et al. 2024 (PLoS ONE),caribbean-wide; local,chronic_pressure,Sargassum Brown Tides,sargassum,37.5M tons,Leachate toxicity; larval spiral swimming; hypoxia (DO < 1mg/L),11,11,76.8,6701.4,32264
NOAA_survey,Florida Keys,Sand Island,SI1,NA,NA,field,Natural colony,2011,0.70958904109589,2011,NA,compound,FALSE,FALSE,TRUE,FALSE,TRUE,timeline_overlay,multiple,2,Sargassum Brown Tides; Coastal Eutrophication,sargassum; pollution,Antonio-Martinez 2020 (Sci Rep); van Tussenbroek 2017 (Mar Pollut Bull); Banister et al. 2024 (PLoS ONE),caribbean-wide; local,chronic_pressure,Sargassum Brown Tides,sargassum,37.5M tons,Leachate toxicity; larval spiral swimming; hypoxia (DO < 1mg/L),2,2,371.45,1010.7249999999999,1650
NOAA_survey,Florida Keys,Sand Island,SI1,NA,NA,field,Natural colony,2011,0.986301369863014,2011,NA,compound,FALSE,FALSE,TRUE,FALSE,TRUE,timeline_overlay,multiple,2,Sargassum Brown Tides; Coastal Eutrophication,sargassum; pollution,Antonio-Martinez 2020 (Sci Rep); van Tussenbroek 2017 (Mar Pollut Bull); Banister et al. 2024 (PLoS ONE),caribbean-wide; local,chronic_pressure,Sargassum Brown Tides,sargassum,37.5M tons,Leachate toxicity; larval spiral swimming; hypoxia (DO < 1mg/L),8,8,21.6,448.83,6942
NOAA_survey,Florida Keys,Sand Island,SI2,NA,NA,field,Natural colony,2011,0.70958904109589,2011,NA,compound,FALSE,FALSE,TRUE,FALSE,TRUE,timeline_overlay,multiple,2,Sargassum Brown Tides; Coastal Eutrophication,sargassum; pollution,Antonio-Martinez 2020 (Sci Rep); van Tussenbroek 2017 (Mar Pollut Bull); Banister et al. 2024 (PLoS ONE),caribbean-wide; local,chronic_pressure,Sargassum Brown Tides,sargassum,37.5M tons,Leachate toxicity; larval spiral swimming; hypoxia (DO < 1mg/L),2,2,2,893.5,1785
NOAA_survey,Florida Keys,Sand Island,SI2,NA,NA,field,Natural colony,2011,0.986301369863014,2011,NA,compound,FALSE,FALSE,TRUE,FALSE,TRUE,timeline_overlay,multiple,2,Sargassum Brown Tides; Coastal Eutrophication,sargassum; pollution,Antonio-Martinez 2020 (Sci Rep); van Tussenbroek 2017 (Mar Pollut Bull); Banister et al. 2024 (PLoS ONE),caribbean-wide; local,chronic_pressure,Sargassum Brown Tides,sargassum,37.5M tons,Leachate toxicity; larval spiral swimming; hypoxia (DO < 1mg/L),10,10,8,3793.96,32025
NOAA_survey,Florida Keys,Sand Island,SI3,NA,NA,field,Natural colony,2011,0.63013698630137,2011,NA,compound,FALSE,FALSE,TRUE,FALSE,TRUE,timeline_overlay,multiple,2,Sargassum Brown Tides; Coastal Eutrophication,sargassum; pollution,Antonio-Martinez 2020 (Sci Rep); van Tussenbroek 2017 (Mar Pollut Bull); Banister et al. 2024 (PLoS ONE),caribbean-wide; local,chronic_pressure,Sargassum Brown Tides,sargassum,37.5M tons,Leachate toxicity; larval spiral swimming; hypoxia (DO < 1mg/L),1,1,677.1,677.1,677.1
NOAA_survey,Florida Keys,Sand Island,SI3,NA,NA,field,Natural colony,2011,0.958904109589041,2011,NA,compound,FALSE,FALSE,TRUE,FALSE,TRUE,timeline_overlay,multiple,2,Sargassum Brown Tides; Coastal Eutrophication,sargassum; pollution,Antonio-Martinez 2020 (Sci Rep); van Tussenbroek 2017 (Mar Pollut Bull); Banister et al. 2024 (PLoS ONE),caribbean-wide; local,chronic_pressure,Sargassum Brown Tides,sargassum,37.5M tons,Leachate toxicity; larval spiral swimming; hypoxia (DO < 1mg/L),7,7,35,152.46,8775
NOAA_survey,Florida Keys,Sand Island,SI3,NA,NA,field,Natural colony,2011,0.986301369863014,2011,NA,compound,FALSE,FALSE,TRUE,FALSE,TRUE,timeline_overlay,multiple,2,Sargassum Brown Tides; Coastal Eutrophication,sargassum; pollution,Antonio-Martinez 2020 (Sci Rep); van Tussenbroek 2017 (Mar Pollut Bull); Banister et al. 2024 (PLoS ONE),caribbean-wide; local,chronic_pressure,Sargassum Brown Tides,sargassum,37.5M tons,Leachate toxicity; larval spiral swimming; hypoxia (DO < 1mg/L),2,2,22.8,135.375,247.95
NOAA_survey,Florida Keys,Carysfort Reef,CF4,NA,NA,field,Natural colony,2011,1.09315068493151,2012,NA,compound,FALSE,FALSE,TRUE,FALSE,TRUE,timeline_overlay,multiple,2,Sargassum Brown Tides; Coastal Eutrophication,sargassum; pollution,Antonio-Martinez 2020 (Sci Rep); van Tussenbroek 2017 (Mar Pollut Bull); Banister et al. 2024 (PLoS ONE),caribbean-wide; local,chronic_pressure,Sargassum Brown Tides,sargassum,37.5M tons,Leachate toxicity; larval spiral swimming; hypoxia (DO < 1mg/L),14,14,50,815.875,4675
NOAA_survey,Florida Keys,Elbow Reef,EL2,NA,NA,field,Natural colony,2011,1.32054794520548,2012,NA,compound,FALSE,FALSE,TRUE,FALSE,TRUE,timeline_overlay,multiple,2,Sargassum Brown Tides; Coastal Eutrophication,sargassum; pollution,Antonio-Martinez 2020 (Sci Rep); van Tussenbroek 2017 (Mar Pollut Bull); Banister et al. 2024 (PLoS ONE),caribbean-wide; local,chronic_pressure,Sargassum Brown Tides,sargassum,37.5M tons,Leachate toxicity; larval spiral swimming; hypoxia (DO < 1mg/L),1,1,18018,18018,18018
NOAA_survey,Florida Keys,Elbow Reef,EL3,NA,NA,field,Natural colony,2011,1.36712328767123,2012,NA,compound,FALSE,FALSE,TRUE,FALSE,TRUE,timeline_overlay,multiple,2,Sargassum Brown Tides; Coastal Eutrophication,sargassum; pollution,Antonio-Martinez 2020 (Sci Rep); van Tussenbroek 2017 (Mar Pollut Bull); Banister et al. 2024 (PLoS ONE),caribbean-wide; local,chronic_pressure,Sargassum Brown Tides,sargassum,37.5M tons,Leachate toxicity; larval spiral swimming; hypoxia (DO < 1mg/L),1,1,5002.25,5002.25,5002.25
NOAA_survey,Florida Keys,Elbow Reef,EL4,NA,NA,field,Natural colony,2011,1.02739726027397,2012,NA,compound,FALSE,FALSE,TRUE,FALSE,TRUE,timeline_overlay,multiple,2,Sargassum Brown Tides; Coastal Eutrophication,sargassum; pollution,Antonio-Martinez 2020 (Sci Rep); van Tussenbroek 2017 (Mar Pollut Bull); Banister et al. 2024 (PLoS ONE),caribbean-wide; local,chronic_pressure,Sargassum Brown Tides,sargassum,37.5M tons,Leachate toxicity; larval spiral swimming; hypoxia (DO < 1mg/L),8,8,24,3790.3,20104.2
NOAA_survey,Florida Keys,Elbow Reef,EL4,NA,NA,field,Natural colony,2011,1.11780821917808,2012,NA,compound,FALSE,FALSE,TRUE,FALSE,TRUE,timeline_overlay,multiple,2,Sargassum Brown Tides; Coastal Eutrophication,sargassum; pollution,Antonio-Martinez 2020 (Sci Rep); van Tussenbroek 2017 (Mar Pollut Bull); Banister et al. 2024 (PLoS ONE),caribbean-wide; local,chronic_pressure,Sargassum Brown Tides,sargassum,37.5M tons,Leachate toxicity; larval spiral swimming; hypoxia (DO < 1mg/L),1,1,16,16,16
NOAA_survey,Florida Keys,Elbow Reef,EL4,NA,NA,field,Restoration fragment,2011,1.02739726027397,2012,NA,compound,FALSE,FALSE,TRUE,FALSE,TRUE,timeline_overlay,multiple,2,Sargassum Brown Tides; Coastal Eutrophication,sargassum; pollution,Antonio-Martinez 2020 (Sci Rep); van Tussenbroek 2017 (Mar Pollut Bull); Banister et al. 2024 (PLoS ONE),caribbean-wide; local,chronic_pressure,Sargassum Brown Tides,sargassum,37.5M tons,Leachate toxicity; larval spiral swimming; hypoxia (DO < 1mg/L),1,1,816,816,816
NOAA_survey,Florida Keys,Elbow Reef,EL5,NA,NA,field,Natural colony,2011,1.02739726027397,2012,NA,compound,FALSE,FALSE,TRUE,FALSE,TRUE,timeline_overlay,multiple,2,Sargassum Brown Tides; Coastal Eutrophication,sargassum; pollution,Antonio-Martinez 2020 (Sci Rep); van Tussenbroek 2017 (Mar Pollut Bull); Banister et al. 2024 (PLoS ONE),caribbean-wide; local,chronic_pressure,Sargassum Brown Tides,sargassum,37.5M tons,Leachate toxicity; larval spiral swimming; hypoxia (DO < 1mg/L),3,3,267.3,2709,9300.9
NOAA_survey,Florida Keys,Elbow Reef,EL5,NA,NA,field,Restoration fragment,2011,1.02739726027397,2012,NA,compound,FALSE,FALSE,TRUE,FALSE,TRUE,timeline_overlay,multiple,2,Sargassum Brown Tides; Coastal Eutrophication,sargassum; pollution,Antonio-Martinez 2020 (Sci Rep); van Tussenbroek 2017 (Mar Pollut Bull); Banister et al. 2024 (PLoS ONE),caribbean-wide; local,chronic_pressure,Sargassum Brown Tides,sargassum,37.5M tons,Leachate toxicity; larval spiral swimming; hypoxia (DO < 1mg/L),2,2,72,108,144
NOAA_survey,Florida Keys,French Reef,FR3,NA,NA,field,Natural colony,2011,1.10958904109589,2012,NA,compound,FALSE,FALSE,TRUE,FALSE,TRUE,timeline_overlay,multiple,2,Sargassum Brown Tides; Coastal Eutrophication,sargassum; pollution,Antonio-Martinez 2020 (Sci Rep); van Tussenbroek 2017 (Mar Pollut Bull); Banister et al. 2024 (PLoS ONE),caribbean-wide; local,chronic_pressure,Sargassum Brown Tides,sargassum,37.5M tons,Leachate toxicity; larval spiral swimming; hypoxia (DO < 1mg/L),11,11,28,839.8,7600.6
NOAA_survey,Florida Keys,Grecian Rocks,GR1,NA,NA,field,Natural colony,2011,1.1013698630137,2012,NA,compound,FALSE,FALSE,TRUE,FALSE,TRUE,timeline_overlay,multiple,2,Sargassum Brown Tides; Coastal Eutrophication,sargassum; pollution,Antonio-Martinez 2020 (Sci Rep); van Tussenbroek 2017 (Mar Pollut Bull); Banister et al. 2024 (PLoS ONE),caribbean-wide; local,chronic_pressure,Sargassum Brown Tides,sargassum,37.5M tons,Leachate toxicity; larval spiral swimming; hypoxia (DO < 1mg/L),12,12,83.2,2189.375,5624
NOAA_survey,Florida Keys,Grecian Rocks,GR2,NA,NA,field,Natural colony,2011,1.1013698630137,2012,NA,compound,FALSE,FALSE,TRUE,FALSE,TRUE,timeline_overlay,multiple,2,Sargassum Brown Tides; Coastal Eutrophication,sargassum; pollution,Antonio-Martinez 2020 (Sci Rep); van Tussenbroek 2017 (Mar Pollut Bull); Banister et al. 2024 (PLoS ONE),caribbean-wide; local,chronic_pressure,Sargassum Brown Tides,sargassum,37.5M tons,Leachate toxicity; larval spiral swimming; hypoxia (DO < 1mg/L),12,12,18,860.4,9996
NOAA_survey,Florida Keys,Key Largo Dry Rocks,KL4,NA,NA,field,Natural colony,2011,1.06849315068493,2012,NA,compound,FALSE,FALSE,TRUE,FALSE,TRUE,timeline_overlay,multiple,2,Sargassum Brown Tides; Coastal Eutrophication,sargassum; pollution,Antonio-Martinez 2020 (Sci Rep); van Tussenbroek 2017 (Mar Pollut Bull); Banister et al. 2024 (PLoS ONE),caribbean-wide; local,chronic_pressure,Sargassum Brown Tides,sargassum,37.5M tons,Leachate toxicity; larval spiral swimming; hypoxia (DO < 1mg/L),7,7,64,1037.4,13888
NOAA_survey,Florida Keys,Key Largo Dry Rocks,KL4,NA,NA,field,Restoration fragment,2011,1.06849315068493,2012,NA,compound,FALSE,FALSE,TRUE,FALSE,TRUE,timeline_overlay,multiple,2,Sargassum Brown Tides; Coastal Eutrophication,sargassum; pollution,Antonio-Martinez 2020 (Sci Rep); van Tussenbroek 2017 (Mar Pollut Bull); Banister et al. 2024 (PLoS ONE),caribbean-wide; local,chronic_pressure,Sargassum Brown Tides,sargassum,37.5M tons,Leachate toxicity; larval spiral swimming; hypoxia (DO < 1mg/L),1,1,225,225,225
NOAA_survey,Florida Keys,Molasses Reef,ML3,NA,NA,field,Natural colony,2011,1.31780821917808,2012,NA,compound,FALSE,FALSE,TRUE,FALSE,TRUE,timeline_overlay,multiple,2,Sargassum Brown Tides; Coastal Eutrophication,sargassum; pollution,Antonio-Martinez 2020 (Sci Rep); van Tussenbroek 2017 (Mar Pollut Bull); Banister et al. 2024 (PLoS ONE),caribbean-wide; local,chronic_pressure,Sargassum Brown Tides,sargassum,37.5M tons,Leachate toxicity; larval spiral swimming; hypoxia (DO < 1mg/L),1,1,1811.7,1811.7,1811.7
NOAA_survey,Florida Keys,Turtle Rocks,TR1,NA,NA,field,Natural colony,2011,1.16986301369863,2012,NA,compound,FALSE,FALSE,TRUE,FALSE,TRUE,timeline_overlay,multiple,2,Sargassum Brown Tides; Coastal Eutrophication,sargassum; pollution,Antonio-Martinez 2020 (Sci Rep); van Tussenbroek 2017 (Mar Pollut Bull); Banister et al. 2024 (PLoS ONE),caribbean-wide; local,chronic_pressure,Sargassum Brown Tides,sargassum,37.5M tons,Leachate toxicity; larval spiral swimming; hypoxia (DO < 1mg/L),11,11,2,6394.5,17808
NOAA_survey,Florida Keys,Turtle Rocks,TR1,NA,NA,field,Restoration fragment,2011,1.16986301369863,2012,NA,compound,FALSE,FALSE,TRUE,FALSE,TRUE,timeline_overlay,multiple,2,Sargassum Brown Tides; Coastal Eutrophication,sargassum; pollution,Antonio-Martinez 2020 (Sci Rep); van Tussenbroek 2017 (Mar Pollut Bull); Banister et al. 2024 (PLoS ONE),caribbean-wide; local,chronic_pressure,Sargassum Brown Tides,sargassum,37.5M tons,Leachate toxicity; larval spiral swimming; hypoxia (DO < 1mg/L),1,1,145.2,145.2,145.2
NOAA_survey,Florida Keys,Turtle Rocks,TR2,NA,NA,field,Natural colony,2011,1.23013698630137,2012,NA,compound,FALSE,FALSE,TRUE,FALSE,TRUE,timeline_overlay,multiple,2,Sargassum Brown Tides; Coastal Eutrophication,sargassum; pollution,Antonio-Martinez 2020 (Sci Rep); van Tussenbroek 2017 (Mar Pollut Bull); Banister et al. 2024 (PLoS ONE),caribbean-wide; local,chronic_pressure,Sargassum Brown Tides,sargassum,37.5M tons,Leachate toxicity; larval spiral swimming; hypoxia (DO < 1mg/L),11,11,114.4,589,15640
NOAA_survey,Florida Keys,Turtle Rocks,TR2,NA,NA,field,Restoration fragment,2011,1.23013698630137,2012,NA,compound,FALSE,FALSE,TRUE,FALSE,TRUE,timeline_overlay,multiple,2,Sargassum Brown Tides; Coastal Eutrophication,sargassum; pollution,Antonio-Martinez 2020 (Sci Rep); van Tussenbroek 2017 (Mar Pollut Bull); Banister et al. 2024 (PLoS ONE),caribbean-wide; local,chronic_pressure,Sargassum Brown Tides,sargassum,37.5M tons,Leachate toxicity; larval spiral swimming; hypoxia (DO < 1mg/L),1,1,126,126,126
NOAA_survey,Florida Keys,Turtle Rocks,TR3,NA,NA,field,Natural colony,2011,1.23287671232877,2012,NA,compound,FALSE,FALSE,TRUE,FALSE,TRUE,timeline_overlay,multiple,2,Sargassum Brown Tides; Coastal Eutrophication,sargassum; pollution,Antonio-Martinez 2020 (Sci Rep); van Tussenbroek 2017 (Mar Pollut Bull); Banister et al. 2024 (PLoS ONE),caribbean-wide; local,chronic_pressure,Sargassum Brown Tides,sargassum,37.5M tons,Leachate toxicity; larval spiral swimming; hypoxia (DO < 1mg/L),10,10,40,937,22083.75
NOAA_survey,Florida Keys,Turtle Rocks,TR3,NA,NA,field,Restoration fragment,2011,1.23287671232877,2012,NA,compound,FALSE,FALSE,TRUE,FALSE,TRUE,timeline_overlay,multiple,2,Sargassum Brown Tides; Coastal Eutrophication,sargassum; pollution,Antonio-Martinez 2020 (Sci Rep); van Tussenbroek 2017 (Mar Pollut Bull); Banister et al. 2024 (PLoS ONE),caribbean-wide; local,chronic_pressure,Sargassum Brown Tides,sargassum,37.5M tons,Leachate toxicity; larval spiral swimming; hypoxia (DO < 1mg/L),1,1,56.25,56.25,56.25
NOAA_survey,Florida Keys,Turtle Rocks,TR3,NA,NA,field,Natural colony,2011,2.16438356164384,2013,NA,compound,FALSE,FALSE,TRUE,FALSE,TRUE,timeline_overlay,multiple,2,Sargassum Brown Tides; Coastal Eutrophication,sargassum; pollution,Antonio-Martinez 2020 (Sci Rep); van Tussenbroek 2017 (Mar Pollut Bull); Banister et al. 2024 (PLoS ONE),caribbean-wide; local,chronic_pressure,Sargassum Brown Tides,sargassum,37.5M tons,Leachate toxicity; larval spiral swimming; hypoxia (DO < 1mg/L),1,1,280,280,280
NOAA_survey,Florida Keys,Carysfort Reef,CF1,NA,NA,field,Natural colony,2012,0.671232876712329,2012,NA,compound,FALSE,FALSE,TRUE,FALSE,TRUE,timeline_overlay,multiple,2,Sargassum Brown Tides; Coastal Eutrophication,sargassum; pollution,Antonio-Martinez 2020 (Sci Rep); van Tussenbroek 2017 (Mar Pollut Bull); Banister et al. 2024 (PLoS ONE),caribbean-wide; local,chronic_pressure,Sargassum Brown Tides,sargassum,37.5M tons,Leachate toxicity; larval spiral swimming; hypoxia (DO < 1mg/L),1,1,945,945,945
NOAA_survey,Florida Keys,Carysfort Reef,CF1,NA,NA,field,Natural colony,2012,1,2012,NA,compound,FALSE,FALSE,TRUE,FALSE,TRUE,timeline_overlay,multiple,2,Sargassum Brown Tides; Coastal Eutrophication,sargassum; pollution,Antonio-Martinez 2020 (Sci Rep); van Tussenbroek 2017 (Mar Pollut Bull); Banister et al. 2024 (PLoS ONE),caribbean-wide; local,chronic_pressure,Sargassum Brown Tides,sargassum,37.5M tons,Leachate toxicity; larval spiral swimming; hypoxia (DO < 1mg/L),4,4,65,368.5,1240
NOAA_survey,Florida Keys,Carysfort Reef,CF2,NA,NA,field,Natural colony,2012,0.671232876712329,2012,NA,compound,FALSE,FALSE,TRUE,FALSE,TRUE,timeline_overlay,multiple,2,Sargassum Brown Tides; Coastal Eutrophication,sargassum; pollution,Antonio-Martinez 2020 (Sci Rep); van Tussenbroek 2017 (Mar Pollut Bull); Banister et al. 2024 (PLoS ONE),caribbean-wide; local,chronic_pressure,Sargassum Brown Tides,sargassum,37.5M tons,Leachate toxicity; larval spiral swimming; hypoxia (DO < 1mg/L),1,1,4,4,4
NOAA_survey,Florida Keys,Carysfort Reef,CF2,NA,NA,field,Natural colony,2012,1,2012,NA,compound,FALSE,FALSE,TRUE,FALSE,TRUE,timeline_overlay,multiple,2,Sargassum Brown Tides; Coastal Eutrophication,sargassum; pollution,Antonio-Martinez 2020 (Sci Rep); van Tussenbroek 2017 (Mar Pollut Bull); Banister et al. 2024 (PLoS ONE),caribbean-wide; local,chronic_pressure,Sargassum Brown Tides,sargassum,37.5M tons,Leachate toxicity; larval spiral swimming; hypoxia (DO < 1mg/L),11,11,125.6,7604.8,12866.75
NOAA_survey,Florida Keys,Carysfort Reef,CF3,NA,NA,field,Natural colony,2012,1,2012,NA,compound,FALSE,FALSE,TRUE,FALSE,TRUE,timeline_overlay,multiple,2,Sargassum Brown Tides; Coastal Eutrophication,sargassum; pollution,Antonio-Martinez 2020 (Sci Rep); van Tussenbroek 2017 (Mar Pollut Bull); Banister et al. 2024 (PLoS ONE),caribbean-wide; local,chronic_pressure,Sargassum Brown Tides,sargassum,37.5M tons,Leachate toxicity; larval spiral swimming; hypoxia (DO < 1mg/L),5,5,12,14586,46263.75
NOAA_survey,Florida Keys,Carysfort Reef,CF3,NA,NA,field,Restoration fragment,2012,1,2012,NA,compound,FALSE,FALSE,TRUE,FALSE,TRUE,timeline_overlay,multiple,2,Sargassum Brown Tides; Coastal Eutrophication,sargassum; pollution,Antonio-Martinez 2020 (Sci Rep); van Tussenbroek 2017 (Mar Pollut Bull); Banister et al. 2024 (PLoS ONE),caribbean-wide; local,chronic_pressure,Sargassum Brown Tides,sargassum,37.5M tons,Leachate toxicity; larval spiral swimming; hypoxia (DO < 1mg/L),1,1,231,231,231
NOAA_survey,Florida Keys,Carysfort Reef,CF4,NA,NA,field,Natural colony,2012,1,2012,NA,compound,FALSE,FALSE,TRUE,FALSE,TRUE,timeline_overlay,multiple,2,Sargassum Brown Tides; Coastal Eutrophication,sargassum; pollution,Antonio-Martinez 2020 (Sci Rep); van Tussenbroek 2017 (Mar Pollut Bull); Banister et al. 2024 (PLoS ONE),caribbean-wide; local,chronic_pressure,Sargassum Brown Tides,sargassum,37.5M tons,Leachate toxicity; larval spiral swimming; hypoxia (DO < 1mg/L),1,1,265.2,265.2,265.2
NOAA_survey,Florida Keys,Elbow Reef,EL1,NA,NA,field,Natural colony,2012,0.704109589041096,2012,NA,compound,FALSE,FALSE,TRUE,FALSE,TRUE,timeline_overlay,multiple,2,Sargassum Brown Tides; Coastal Eutrophication,sargassum; pollution,Antonio-Martinez 2020 (Sci Rep); van Tussenbroek 2017 (Mar Pollut Bull); Banister et al. 2024 (PLoS ONE),caribbean-wide; local,chronic_pressure,Sargassum Brown Tides,sargassum,37.5M tons,Leachate toxicity; larval spiral swimming; hypoxia (DO < 1mg/L),1,1,3870.9,3870.9,3870.9
NOAA_survey,Florida Keys,Elbow Reef,EL1,NA,NA,field,Natural colony,2012,0.96986301369863,2012,NA,compound,FALSE,FALSE,TRUE,FALSE,TRUE,timeline_overlay,multiple,2,Sargassum Brown Tides; Coastal Eutrophication,sargassum; pollution,Antonio-Martinez 2020 (Sci Rep); van Tussenbroek 2017 (Mar Pollut Bull); Banister et al. 2024 (PLoS ONE),caribbean-wide; local,chronic_pressure,Sargassum Brown Tides,sargassum,37.5M tons,Leachate toxicity; larval spiral swimming; hypoxia (DO < 1mg/L),4,4,3971,7447.15,11840.4
NOAA_survey,Florida Keys,Elbow Reef,EL2,NA,NA,field,Natural colony,2012,0.991780821917809,2012,NA,compound,FALSE,FALSE,TRUE,FALSE,TRUE,timeline_overlay,multiple,2,Sargassum Brown Tides; Coastal Eutrophication,sargassum; pollution,Antonio-Martinez 2020 (Sci Rep); van Tussenbroek 2017 (Mar Pollut Bull); Banister et al. 2024 (PLoS ONE),caribbean-wide; local,chronic_pressure,Sargassum Brown Tides,sargassum,37.5M tons,Leachate toxicity; larval spiral swimming; hypoxia (DO < 1mg/L),1,1,16706.25,16706.25,16706.25
NOAA_survey,Florida Keys,Elbow Reef,EL3,NA,NA,field,Natural colony,2012,0.745205479452055,2012,NA,compound,FALSE,FALSE,TRUE,FALSE,TRUE,timeline_overlay,multiple,2,Sargassum Brown Tides; Coastal Eutrophication,sargassum; pollution,Antonio-Martinez 2020 (Sci Rep); van Tussenbroek 2017 (Mar Pollut Bull); Banister et al. 2024 (PLoS ONE),caribbean-wide; local,chronic_pressure,Sargassum Brown Tides,sargassum,37.5M tons,Leachate toxicity; larval spiral swimming; hypoxia (DO < 1mg/L),1,1,2,2,2
NOAA_survey,Florida Keys,Elbow Reef,EL3,NA,NA,field,Natural colony,2012,0.991780821917808,2012,NA,compound,FALSE,FALSE,TRUE,FALSE,TRUE,timeline_overlay,multiple,2,Sargassum Brown Tides; Coastal Eutrophication,sargassum; pollution,Antonio-Martinez 2020 (Sci Rep); van Tussenbroek 2017 (Mar Pollut Bull); Banister et al. 2024 (PLoS ONE),caribbean-wide; local,chronic_pressure,Sargassum Brown Tides,sargassum,37.5M tons,Leachate toxicity; larval spiral swimming; hypoxia (DO < 1mg/L),1,1,5673,5673,5673
NOAA_survey,Florida Keys,Elbow Reef,EL3,NA,NA,field,Natural colony,2012,0.994520547945206,2012,NA,compound,FALSE,FALSE,TRUE,FALSE,TRUE,timeline_overlay,multiple,2,Sargassum Brown Tides; Coastal Eutrophication,sargassum; pollution,Antonio-Martinez 2020 (Sci Rep); van Tussenbroek 2017 (Mar Pollut Bull); Banister et al. 2024 (PLoS ONE),caribbean-wide; local,chronic_pressure,Sargassum Brown Tides,sargassum,37.5M tons,Leachate toxicity; larval spiral swimming; hypoxia (DO < 1mg/L),9,9,18,1051.2,17136
NOAA_survey,Florida Keys,Elbow Reef,EL4,NA,NA,field,Natural colony,2012,0.950684931506849,2012,NA,compound,FALSE,FALSE,TRUE,FALSE,TRUE,timeline_overlay,multiple,2,Sargassum Brown Tides; Coastal Eutrophication,sargassum; pollution,Antonio-Martinez 2020 (Sci Rep); van Tussenbroek 2017 (Mar Pollut Bull); Banister et al. 2024 (PLoS ONE),caribbean-wide; local,chronic_pressure,Sargassum Brown Tides,sargassum,37.5M tons,Leachate toxicity; larval spiral swimming; hypoxia (DO < 1mg/L),9,9,20,4371.75,20178
NOAA_survey,Florida Keys,Elbow Reef,EL5,NA,NA,field,Natural colony,2012,0.704109589041096,2012,NA,compound,FALSE,FALSE,TRUE,FALSE,TRUE,timeline_overlay,multiple,2,Sargassum Brown Tides; Coastal Eutrophication,sargassum; pollution,Antonio-Martinez 2020 (Sci Rep); van Tussenbroek 2017 (Mar Pollut Bull); Banister et al. 2024 (PLoS ONE),caribbean-wide; local,chronic_pressure,Sargassum Brown Tides,sargassum,37.5M tons,Leachate toxicity; larval spiral swimming; hypoxia (DO < 1mg/L),1,1,45,45,45
NOAA_survey,Florida Keys,Elbow Reef,EL5,NA,NA,field,Natural colony,2012,0.950684931506849,2012,NA,compound,FALSE,FALSE,TRUE,FALSE,TRUE,timeline_overlay,multiple,2,Sargassum Brown Tides; Coastal Eutrophication,sargassum; pollution,Antonio-Martinez 2020 (Sci Rep); van Tussenbroek 2017 (Mar Pollut Bull); Banister et al. 2024 (PLoS ONE),caribbean-wide; local,chronic_pressure,Sargassum Brown Tides,sargassum,37.5M tons,Leachate toxicity; larval spiral swimming; hypoxia (DO < 1mg/L),4,4,168.3,1026,7920
NOAA_survey,Florida Keys,French Reef,FR1,NA,NA,field,Natural colony,2012,0.668493150684932,2012,NA,compound,FALSE,FALSE,TRUE,FALSE,TRUE,timeline_overlay,multiple,2,Sargassum Brown Tides; Coastal Eutrophication,sargassum; pollution,Antonio-Martinez 2020 (Sci Rep); van Tussenbroek 2017 (Mar Pollut Bull); Banister et al. 2024 (PLoS ONE),caribbean-wide; local,chronic_pressure,Sargassum Brown Tides,sargassum,37.5M tons,Leachate toxicity; larval spiral swimming; hypoxia (DO < 1mg/L),2,2,48,439.8,831.6
NOAA_survey,Florida Keys,French Reef,FR1,NA,NA,field,Natural colony,2012,0.972602739726027,2012,NA,compound,FALSE,FALSE,TRUE,FALSE,TRUE,timeline_overlay,multiple,2,Sargassum Brown Tides; Coastal Eutrophication,sargassum; pollution,Antonio-Martinez 2020 (Sci Rep); van Tussenbroek 2017 (Mar Pollut Bull); Banister et al. 2024 (PLoS ONE),caribbean-wide; local,chronic_pressure,Sargassum Brown Tides,sargassum,37.5M tons,Leachate toxicity; larval spiral swimming; hypoxia (DO < 1mg/L),1,1,552,552,552
NOAA_survey,Florida Keys,French Reef,FR1,NA,NA,field,Natural colony,2012,0.972602739726028,2012,NA,compound,FALSE,FALSE,TRUE,FALSE,TRUE,timeline_overlay,multiple,2,Sargassum Brown Tides; Coastal Eutrophication,sargassum; pollution,Antonio-Martinez 2020 (Sci Rep); van Tussenbroek 2017 (Mar Pollut Bull); Banister et al. 2024 (PLoS ONE),caribbean-wide; local,chronic_pressure,Sargassum Brown Tides,sargassum,37.5M tons,Leachate toxicity; larval spiral swimming; hypoxia (DO < 1mg/L),9,9,187,3027.6,20756.25
NOAA_survey,Florida Keys,French Reef,FR2,NA,NA,field,Natural colony,2012,0.972602739726027,2012,NA,compound,FALSE,FALSE,TRUE,FALSE,TRUE,timeline_overlay,multiple,2,Sargassum Brown Tides; Coastal Eutrophication,sargassum; pollution,Antonio-Martinez 2020 (Sci Rep); van Tussenbroek 2017 (Mar Pollut Bull); Banister et al. 2024 (PLoS ONE),caribbean-wide; local,chronic_pressure,Sargassum Brown Tides,sargassum,37.5M tons,Leachate toxicity; larval spiral swimming; hypoxia (DO < 1mg/L),2,2,28,163.625,299.25
NOAA_survey,Florida Keys,French Reef,FR2,NA,NA,field,Natural colony,2012,0.975342465753425,2012,NA,compound,FALSE,FALSE,TRUE,FALSE,TRUE,timeline_overlay,multiple,2,Sargassum Brown Tides; Coastal Eutrophication,sargassum; pollution,Antonio-Martinez 2020 (Sci Rep); van Tussenbroek 2017 (Mar Pollut Bull); Banister et al. 2024 (PLoS ONE),caribbean-wide; local,chronic_pressure,Sargassum Brown Tides,sargassum,37.5M tons,Leachate toxicity; larval spiral swimming; hypoxia (DO < 1mg/L),10,10,50,322.625,2280
NOAA_survey,Florida Keys,French Reef,FR3,NA,NA,field,Natural colony,2012,0.978082191780822,2012,NA,compound,FALSE,FALSE,TRUE,FALSE,TRUE,timeline_overlay,multiple,2,Sargassum Brown Tides; Coastal Eutrophication,sargassum; pollution,Antonio-Martinez 2020 (Sci Rep); van Tussenbroek 2017 (Mar Pollut Bull); Banister et al. 2024 (PLoS ONE),caribbean-wide; local,chronic_pressure,Sargassum Brown Tides,sargassum,37.5M tons,Leachate toxicity; larval spiral swimming; hypoxia (DO < 1mg/L),11,11,57.6,471.25,7752
NOAA_survey,Florida Keys,Grecian Rocks,GR1,NA,NA,field,Natural colony,2012,0.96986301369863,2012,NA,compound,FALSE,FALSE,TRUE,FALSE,TRUE,timeline_overlay,multiple,2,Sargassum Brown Tides; Coastal Eutrophication,sargassum; pollution,Antonio-Martinez 2020 (Sci Rep); van Tussenbroek 2017 (Mar Pollut Bull); Banister et al. 2024 (PLoS ONE),caribbean-wide; local,chronic_pressure,Sargassum Brown Tides,sargassum,37.5M tons,Leachate toxicity; larval spiral swimming; hypoxia (DO < 1mg/L),12,12,32,2626.05,8100
NOAA_survey,Florida Keys,Grecian Rocks,GR2,NA,NA,field,Natural colony,2012,0.986301369863014,2012,NA,compound,FALSE,FALSE,TRUE,FALSE,TRUE,timeline_overlay,multiple,2,Sargassum Brown Tides; Coastal Eutrophication,sargassum; pollution,Antonio-Martinez 2020 (Sci Rep); van Tussenbroek 2017 (Mar Pollut Bull); Banister et al. 2024 (PLoS ONE),caribbean-wide; local,chronic_pressure,Sargassum Brown Tides,sargassum,37.5M tons,Leachate toxicity; larval spiral swimming; hypoxia (DO < 1mg/L),9,9,33.25,3207.4,10357.6
NOAA_survey,Florida Keys,Grecian Rocks,GR3,NA,NA,field,Natural colony,2012,0.991780821917808,2012,NA,compound,FALSE,FALSE,TRUE,FALSE,TRUE,timeline_overlay,multiple,2,Sargassum Brown Tides; Coastal Eutrophication,sargassum; pollution,Antonio-Martinez 2020 (Sci Rep); van Tussenbroek 2017 (Mar Pollut Bull); Banister et al. 2024 (PLoS ONE),caribbean-wide; local,chronic_pressure,Sargassum Brown Tides,sargassum,37.5M tons,Leachate toxicity; larval spiral swimming; hypoxia (DO < 1mg/L),11,11,198,572,2730
NOAA_survey,Florida Keys,Grecian Rocks,GR3,NA,NA,field,Restoration fragment,2012,0.991780821917808,2012,NA,compound,FALSE,FALSE,TRUE,FALSE,TRUE,timeline_overlay,multiple,2,Sargassum Brown Tides; Coastal Eutrophication,sargassum; pollution,Antonio-Martinez 2020 (Sci Rep); van Tussenbroek 2017 (Mar Pollut Bull); Banister et al. 2024 (PLoS ONE),caribbean-wide; local,chronic_pressure,Sargassum Brown Tides,sargassum,37.5M tons,Leachate toxicity; larval spiral swimming; hypoxia (DO < 1mg/L),1,1,117,117,117
NOAA_survey,Florida Keys,Key Largo Dry Rocks,KL1,NA,NA,field,Natural colony,2012,0.994520547945206,2012,NA,compound,FALSE,FALSE,TRUE,FALSE,TRUE,timeline_overlay,multiple,2,Sargassum Brown Tides; Coastal Eutrophication,sargassum; pollution,Antonio-Martinez 2020 (Sci Rep); van Tussenbroek 2017 (Mar Pollut Bull); Banister et al. 2024 (PLoS ONE),caribbean-wide; local,chronic_pressure,Sargassum Brown Tides,sargassum,37.5M tons,Leachate toxicity; larval spiral swimming; hypoxia (DO < 1mg/L),3,3,70.2,152,221
NOAA_survey,Florida Keys,Key Largo Dry Rocks,KL4,NA,NA,field,Natural colony,2012,0.665753424657534,2012,NA,compound,FALSE,FALSE,TRUE,FALSE,TRUE,timeline_overlay,multiple,2,Sargassum Brown Tides; Coastal Eutrophication,sargassum; pollution,Antonio-Martinez 2020 (Sci Rep); van Tussenbroek 2017 (Mar Pollut Bull); Banister et al. 2024 (PLoS ONE),caribbean-wide; local,chronic_pressure,Sargassum Brown Tides,sargassum,37.5M tons,Leachate toxicity; larval spiral swimming; hypoxia (DO < 1mg/L),2,2,302.4,432.8,563.2
NOAA_survey,Florida Keys,Molasses Reef,ML1,NA,NA,field,Natural colony,2012,0.652054794520548,2012,NA,compound,FALSE,FALSE,TRUE,FALSE,TRUE,timeline_overlay,multiple,2,Sargassum Brown Tides; Coastal Eutrophication,sargassum; pollution,Antonio-Martinez 2020 (Sci Rep); van Tussenbroek 2017 (Mar Pollut Bull); Banister et al. 2024 (PLoS ONE),caribbean-wide; local,chronic_pressure,Sargassum Brown Tides,sargassum,37.5M tons,Leachate toxicity; larval spiral swimming; hypoxia (DO < 1mg/L),1,1,30.6,30.6,30.6
NOAA_survey,Florida Keys,Molasses Reef,ML1,NA,NA,field,Natural colony,2012,0.972602739726027,2012,NA,compound,FALSE,FALSE,TRUE,FALSE,TRUE,timeline_overlay,multiple,2,Sargassum Brown Tides; Coastal Eutrophication,sargassum; pollution,Antonio-Martinez 2020 (Sci Rep); van Tussenbroek 2017 (Mar Pollut Bull); Banister et al. 2024 (PLoS ONE),caribbean-wide; local,chronic_pressure,Sargassum Brown Tides,sargassum,37.5M tons,Leachate toxicity; larval spiral swimming; hypoxia (DO < 1mg/L),1,1,24,24,24
NOAA_survey,Florida Keys,Molasses Reef,ML1,NA,NA,field,Natural colony,2012,0.972602739726028,2012,NA,compound,FALSE,FALSE,TRUE,FALSE,TRUE,timeline_overlay,multiple,2,Sargassum Brown Tides; Coastal Eutrophication,sargassum; pollution,Antonio-Martinez 2020 (Sci Rep); van Tussenbroek 2017 (Mar Pollut Bull); Banister et al. 2024 (PLoS ONE),caribbean-wide; local,chronic_pressure,Sargassum Brown Tides,sargassum,37.5M tons,Leachate toxicity; larval spiral swimming; hypoxia (DO < 1mg/L),1,1,8,8,8
NOAA_survey,Florida Keys,Sand Island,SI1,NA,NA,field,Natural colony,2012,0.978082191780822,2012,NA,compound,FALSE,FALSE,TRUE,FALSE,TRUE,timeline_overlay,multiple,2,Sargassum Brown Tides; Coastal Eutrophication,sargassum; pollution,Antonio-Martinez 2020 (Sci Rep); van Tussenbroek 2017 (Mar Pollut Bull); Banister et al. 2024 (PLoS ONE),caribbean-wide; local,chronic_pressure,Sargassum Brown Tides,sargassum,37.5M tons,Leachate toxicity; larval spiral swimming; hypoxia (DO < 1mg/L),11,11,20,154,7603.2
NOAA_survey,Florida Keys,Sand Island,SI2,NA,NA,field,Natural colony,2012,0.978082191780822,2012,NA,compound,FALSE,FALSE,TRUE,FALSE,TRUE,timeline_overlay,multiple,2,Sargassum Brown Tides; Coastal Eutrophication,sargassum; pollution,Antonio-Martinez 2020 (Sci Rep); van Tussenbroek 2017 (Mar Pollut Bull); Banister et al. 2024 (PLoS ONE),caribbean-wide; local,chronic_pressure,Sargassum Brown Tides,sargassum,37.5M tons,Leachate toxicity; larval spiral swimming; hypoxia (DO < 1mg/L),11,11,4,5147.1,31033.75
NOAA_survey,Florida Keys,Sand Island,SI3,NA,NA,field,Natural colony,2012,0.989041095890411,2012,NA,compound,FALSE,FALSE,TRUE,FALSE,TRUE,timeline_overlay,multiple,2,Sargassum Brown Tides; Coastal Eutrophication,sargassum; pollution,Antonio-Martinez 2020 (Sci Rep); van Tussenbroek 2017 (Mar Pollut Bull); Banister et al. 2024 (PLoS ONE),caribbean-wide; local,chronic_pressure,Sargassum Brown Tides,sargassum,37.5M tons,Leachate toxicity; larval spiral swimming; hypoxia (DO < 1mg/L),4,4,27,45.5,233.75
NOAA_survey,Florida Keys,Sand Island,SI3,NA,NA,field,Natural colony,2012,0.997260273972603,2012,NA,compound,FALSE,FALSE,TRUE,FALSE,TRUE,timeline_overlay,multiple,2,Sargassum Brown Tides; Coastal Eutrophication,sargassum; pollution,Antonio-Martinez 2020 (Sci Rep); van Tussenbroek 2017 (Mar Pollut Bull); Banister et al. 2024 (PLoS ONE),caribbean-wide; local,chronic_pressure,Sargassum Brown Tides,sargassum,37.5M tons,Leachate toxicity; larval spiral swimming; hypoxia (DO < 1mg/L),6,6,37.8,225.9,8731.8
NOAA_survey,Florida Keys,Carysfort Reef,CF3,NA,NA,field,Natural colony,2012,1.01369863013699,2013,NA,compound,FALSE,FALSE,TRUE,FALSE,TRUE,timeline_overlay,multiple,2,Sargassum Brown Tides; Coastal Eutrophication,sargassum; pollution,Antonio-Martinez 2020 (Sci Rep); van Tussenbroek 2017 (Mar Pollut Bull); Banister et al. 2024 (PLoS ONE),caribbean-wide; local,chronic_pressure,Sargassum Brown Tides,sargassum,37.5M tons,Leachate toxicity; larval spiral swimming; hypoxia (DO < 1mg/L),2,2,17.4,260.7,504
NOAA_survey,Florida Keys,Carysfort Reef,CF4,NA,NA,field,Natural colony,2012,1.01369863013699,2013,NA,compound,FALSE,FALSE,TRUE,FALSE,TRUE,timeline_overlay,multiple,2,Sargassum Brown Tides; Coastal Eutrophication,sargassum; pollution,Antonio-Martinez 2020 (Sci Rep); van Tussenbroek 2017 (Mar Pollut Bull); Banister et al. 2024 (PLoS ONE),caribbean-wide; local,chronic_pressure,Sargassum Brown Tides,sargassum,37.5M tons,Leachate toxicity; larval spiral swimming; hypoxia (DO < 1mg/L),14,14,4,510.375,2730
NOAA_survey,Florida Keys,Elbow Reef,EL1,NA,NA,field,Natural colony,2012,1.28219178082192,2013,NA,compound,FALSE,FALSE,TRUE,FALSE,TRUE,timeline_overlay,multiple,2,Sargassum Brown Tides; Coastal Eutrophication,sargassum; pollution,Antonio-Martinez 2020 (Sci Rep); van Tussenbroek 2017 (Mar Pollut Bull); Banister et al. 2024 (PLoS ONE),caribbean-wide; local,chronic_pressure,Sargassum Brown Tides,sargassum,37.5M tons,Leachate toxicity; larval spiral swimming; hypoxia (DO < 1mg/L),7,7,359.1,7288.75,38955
NOAA_survey,Florida Keys,Elbow Reef,EL2,NA,NA,field,Natural colony,2012,1.01643835616438,2013,NA,compound,FALSE,FALSE,TRUE,FALSE,TRUE,timeline_overlay,multiple,2,Sargassum Brown Tides; Coastal Eutrophication,sargassum; pollution,Antonio-Martinez 2020 (Sci Rep); van Tussenbroek 2017 (Mar Pollut Bull); Banister et al. 2024 (PLoS ONE),caribbean-wide; local,chronic_pressure,Sargassum Brown Tides,sargassum,37.5M tons,Leachate toxicity; larval spiral swimming; hypoxia (DO < 1mg/L),11,11,31.5,810,11115.6
NOAA_survey,Florida Keys,Elbow Reef,EL4,NA,NA,field,Natural colony,2012,1.05205479452055,2013,NA,compound,FALSE,FALSE,TRUE,FALSE,TRUE,timeline_overlay,multiple,2,Sargassum Brown Tides; Coastal Eutrophication,sargassum; pollution,Antonio-Martinez 2020 (Sci Rep); van Tussenbroek 2017 (Mar Pollut Bull); Banister et al. 2024 (PLoS ONE),caribbean-wide; local,chronic_pressure,Sargassum Brown Tides,sargassum,37.5M tons,Leachate toxicity; larval spiral swimming; hypoxia (DO < 1mg/L),1,1,24,24,24
NOAA_survey,Florida Keys,Key Largo Dry Rocks,KL1,NA,NA,field,Natural colony,2012,1.00821917808219,2013,NA,compound,FALSE,FALSE,TRUE,FALSE,TRUE,timeline_overlay,multiple,2,Sargassum Brown Tides; Coastal Eutrophication,sargassum; pollution,Antonio-Martinez 2020 (Sci Rep); van Tussenbroek 2017 (Mar Pollut Bull); Banister et al. 2024 (PLoS ONE),caribbean-wide; local,chronic_pressure,Sargassum Brown Tides,sargassum,37.5M tons,Leachate toxicity; larval spiral swimming; hypoxia (DO < 1mg/L),7,7,48,1392,7354.8
NOAA_survey,Florida Keys,Key Largo Dry Rocks,KL3,NA,NA,field,Natural colony,2012,1.00547945205479,2013,NA,compound,FALSE,FALSE,TRUE,FALSE,TRUE,timeline_overlay,multiple,2,Sargassum Brown Tides; Coastal Eutrophication,sargassum; pollution,Antonio-Martinez 2020 (Sci Rep); van Tussenbroek 2017 (Mar Pollut Bull); Banister et al. 2024 (PLoS ONE),caribbean-wide; local,chronic_pressure,Sargassum Brown Tides,sargassum,37.5M tons,Leachate toxicity; larval spiral swimming; hypoxia (DO < 1mg/L),5,5,20,56.7,516.8
NOAA_survey,Florida Keys,Key Largo Dry Rocks,KL3,NA,NA,field,Natural colony,2012,1.01369863013699,2013,NA,compound,FALSE,FALSE,TRUE,FALSE,TRUE,timeline_overlay,multiple,2,Sargassum Brown Tides; Coastal Eutrophication,sargassum; pollution,Antonio-Martinez 2020 (Sci Rep); van Tussenbroek 2017 (Mar Pollut Bull); Banister et al. 2024 (PLoS ONE),caribbean-wide; local,chronic_pressure,Sargassum Brown Tides,sargassum,37.5M tons,Leachate toxicity; larval spiral swimming; hypoxia (DO < 1mg/L),7,7,45.6,131.25,2698.92
NOAA_survey,Florida Keys,Key Largo Dry Rocks,KL4,NA,NA,field,Natural colony,2012,1.01369863013699,2013,NA,compound,FALSE,FALSE,TRUE,FALSE,TRUE,timeline_overlay,multiple,2,Sargassum Brown Tides; Coastal Eutrophication,sargassum; pollution,Antonio-Martinez 2020 (Sci Rep); van Tussenbroek 2017 (Mar Pollut Bull); Banister et al. 2024 (PLoS ONE),caribbean-wide; local,chronic_pressure,Sargassum Brown Tides,sargassum,37.5M tons,Leachate toxicity; larval spiral swimming; hypoxia (DO < 1mg/L),8,8,70,1592.2,16780.8
NOAA_survey,Florida Keys,Molasses Reef,ML1,NA,NA,field,Natural colony,2012,1.26027397260274,2013,NA,compound,FALSE,FALSE,TRUE,FALSE,TRUE,timeline_overlay,multiple,2,Sargassum Brown Tides; Coastal Eutrophication,sargassum; pollution,Antonio-Martinez 2020 (Sci Rep); van Tussenbroek 2017 (Mar Pollut Bull); Banister et al. 2024 (PLoS ONE),caribbean-wide; local,chronic_pressure,Sargassum Brown Tides,sargassum,37.5M tons,Leachate toxicity; larval spiral swimming; hypoxia (DO < 1mg/L),6,6,90,4673.52,13268
NOAA_survey,Florida Keys,Molasses Reef,ML2,NA,NA,field,Natural colony,2012,1.00547945205479,2013,NA,compound,FALSE,FALSE,TRUE,FALSE,TRUE,timeline_overlay,multiple,2,Sargassum Brown Tides; Coastal Eutrophication,sargassum; pollution,Antonio-Martinez 2020 (Sci Rep); van Tussenbroek 2017 (Mar Pollut Bull); Banister et al. 2024 (PLoS ONE),caribbean-wide; local,chronic_pressure,Sargassum Brown Tides,sargassum,37.5M tons,Leachate toxicity; larval spiral swimming; hypoxia (DO < 1mg/L),12,12,9.1,228.725,14994
NOAA_survey,Florida Keys,Molasses Reef,ML3,NA,NA,field,Natural colony,2012,1.00547945205479,2013,NA,compound,FALSE,FALSE,TRUE,FALSE,TRUE,timeline_overlay,multiple,2,Sargassum Brown Tides; Coastal Eutrophication,sargassum; pollution,Antonio-Martinez 2020 (Sci Rep); van Tussenbroek 2017 (Mar Pollut Bull); Banister et al. 2024 (PLoS ONE),caribbean-wide; local,chronic_pressure,Sargassum Brown Tides,sargassum,37.5M tons,Leachate toxicity; larval spiral swimming; hypoxia (DO < 1mg/L),3,3,130,1250.8,7128
NOAA_survey,Florida Keys,Molasses Reef,ML3,NA,NA,field,Natural colony,2012,1.0054794520548,2013,NA,compound,FALSE,FALSE,TRUE,FALSE,TRUE,timeline_overlay,multiple,2,Sargassum Brown Tides; Coastal Eutrophication,sargassum; pollution,Antonio-Martinez 2020 (Sci Rep); van Tussenbroek 2017 (Mar Pollut Bull); Banister et al. 2024 (PLoS ONE),caribbean-wide; local,chronic_pressure,Sargassum Brown Tides,sargassum,37.5M tons,Leachate toxicity; larval spiral swimming; hypoxia (DO < 1mg/L),9,9,338.1,8784,29260
NOAA_survey,Florida Keys,Sand Island,SI1,NA,NA,field,Natural colony,2012,1.01369863013699,2013,NA,compound,FALSE,FALSE,TRUE,FALSE,TRUE,timeline_overlay,multiple,2,Sargassum Brown Tides; Coastal Eutrophication,sargassum; pollution,Antonio-Martinez 2020 (Sci Rep); van Tussenbroek 2017 (Mar Pollut Bull); Banister et al. 2024 (PLoS ONE),caribbean-wide; local,chronic_pressure,Sargassum Brown Tides,sargassum,37.5M tons,Leachate toxicity; larval spiral swimming; hypoxia (DO < 1mg/L),1,1,7533,7533,7533
NOAA_survey,Florida Keys,Sand Island,SI2,NA,NA,field,Natural colony,2012,1.01369863013699,2013,NA,compound,FALSE,FALSE,TRUE,FALSE,TRUE,timeline_overlay,multiple,2,Sargassum Brown Tides; Coastal Eutrophication,sargassum; pollution,Antonio-Martinez 2020 (Sci Rep); van Tussenbroek 2017 (Mar Pollut Bull); Banister et al. 2024 (PLoS ONE),caribbean-wide; local,chronic_pressure,Sargassum Brown Tides,sargassum,37.5M tons,Leachate toxicity; larval spiral swimming; hypoxia (DO < 1mg/L),1,1,180,180,180
NOAA_survey,Florida Keys,Carysfort Reef,CF1,NA,NA,field,Natural colony,2013,0.764383561643836,2013,NA,compound,FALSE,FALSE,TRUE,FALSE,TRUE,timeline_overlay,multiple,2,Sargassum Brown Tides; Coastal Eutrophication,sargassum; pollution,Antonio-Martinez 2020 (Sci Rep); van Tussenbroek 2017 (Mar Pollut Bull); Banister et al. 2024 (PLoS ONE),caribbean-wide; local,chronic_pressure,Sargassum Brown Tides,sargassum,37.5M tons,Leachate toxicity; larval spiral swimming; hypoxia (DO < 1mg/L),2,2,9,94.5,180
NOAA_survey,Florida Keys,Carysfort Reef,CF2,NA,NA,field,Natural colony,2013,0.764383561643836,2013,NA,compound,FALSE,FALSE,TRUE,FALSE,TRUE,timeline_overlay,multiple,2,Sargassum Brown Tides; Coastal Eutrophication,sargassum; pollution,Antonio-Martinez 2020 (Sci Rep); van Tussenbroek 2017 (Mar Pollut Bull); Banister et al. 2024 (PLoS ONE),caribbean-wide; local,chronic_pressure,Sargassum Brown Tides,sargassum,37.5M tons,Leachate toxicity; larval spiral swimming; hypoxia (DO < 1mg/L),8,8,15,9150.400000000001,12420
NOAA_survey,Florida Keys,Carysfort Reef,CF3,NA,NA,field,Natural colony,2013,0.764383561643836,2013,NA,compound,FALSE,FALSE,TRUE,FALSE,TRUE,timeline_overlay,multiple,2,Sargassum Brown Tides; Coastal Eutrophication,sargassum; pollution,Antonio-Martinez 2020 (Sci Rep); van Tussenbroek 2017 (Mar Pollut Bull); Banister et al. 2024 (PLoS ONE),caribbean-wide; local,chronic_pressure,Sargassum Brown Tides,sargassum,37.5M tons,Leachate toxicity; larval spiral swimming; hypoxia (DO < 1mg/L),4,4,10600,13748,36598.1
NOAA_survey,Florida Keys,Carysfort Reef,CF4,NA,NA,field,Natural colony,2013,0.405479452054795,2013,NA,compound,FALSE,FALSE,TRUE,FALSE,TRUE,timeline_overlay,multiple,2,Sargassum Brown Tides; Coastal Eutrophication,sargassum; pollution,Antonio-Martinez 2020 (Sci Rep); van Tussenbroek 2017 (Mar Pollut Bull); Banister et al. 2024 (PLoS ONE),caribbean-wide; local,chronic_pressure,Sargassum Brown Tides,sargassum,37.5M tons,Leachate toxicity; larval spiral swimming; hypoxia (DO < 1mg/L),2,2,245.05,479.525,714
NOAA_survey,Florida Keys,Elbow Reef,EL1,NA,NA,field,Natural colony,2013,0.728767123287671,2013,NA,compound,FALSE,FALSE,TRUE,FALSE,TRUE,timeline_overlay,multiple,2,Sargassum Brown Tides; Coastal Eutrophication,sargassum; pollution,Antonio-Martinez 2020 (Sci Rep); van Tussenbroek 2017 (Mar Pollut Bull); Banister et al. 2024 (PLoS ONE),caribbean-wide; local,chronic_pressure,Sargassum Brown Tides,sargassum,37.5M tons,Leachate toxicity; larval spiral swimming; hypoxia (DO < 1mg/L),7,7,570,7962.5,41737.5
NOAA_survey,Florida Keys,Elbow Reef,EL2,NA,NA,field,Natural colony,2013,0.69041095890411,2013,NA,compound,FALSE,FALSE,TRUE,FALSE,TRUE,timeline_overlay,multiple,2,Sargassum Brown Tides; Coastal Eutrophication,sargassum; pollution,Antonio-Martinez 2020 (Sci Rep); van Tussenbroek 2017 (Mar Pollut Bull); Banister et al. 2024 (PLoS ONE),caribbean-wide; local,chronic_pressure,Sargassum Brown Tides,sargassum,37.5M tons,Leachate toxicity; larval spiral swimming; hypoxia (DO < 1mg/L),1,1,19575,19575,19575
NOAA_survey,Florida Keys,Elbow Reef,EL2,NA,NA,field,Natural colony,2013,0.728767123287671,2013,NA,compound,FALSE,FALSE,TRUE,FALSE,TRUE,timeline_overlay,multiple,2,Sargassum Brown Tides; Coastal Eutrophication,sargassum; pollution,Antonio-Martinez 2020 (Sci Rep); van Tussenbroek 2017 (Mar Pollut Bull); Banister et al. 2024 (PLoS ONE),caribbean-wide; local,chronic_pressure,Sargassum Brown Tides,sargassum,37.5M tons,Leachate toxicity; larval spiral swimming; hypoxia (DO < 1mg/L),6,6,145.2,1741.5,9936
NOAA_survey,Florida Keys,Elbow Reef,EL3,NA,NA,field,Natural colony,2013,0.980821917808219,2013,NA,compound,FALSE,FALSE,TRUE,FALSE,TRUE,timeline_overlay,multiple,2,Sargassum Brown Tides; Coastal Eutrophication,sargassum; pollution,Antonio-Martinez 2020 (Sci Rep); van Tussenbroek 2017 (Mar Pollut Bull); Banister et al. 2024 (PLoS ONE),caribbean-wide; local,chronic_pressure,Sargassum Brown Tides,sargassum,37.5M tons,Leachate toxicity; larval spiral swimming; hypoxia (DO < 1mg/L),2,2,98,2347.4,4596.8
NOAA_survey,Florida Keys,Elbow Reef,EL4,NA,NA,field,Natural colony,2013,0.747945205479452,2013,NA,compound,FALSE,FALSE,TRUE,FALSE,TRUE,timeline_overlay,multiple,2,Sargassum Brown Tides; Coastal Eutrophication,sargassum; pollution,Antonio-Martinez 2020 (Sci Rep); van Tussenbroek 2017 (Mar Pollut Bull); Banister et al. 2024 (PLoS ONE),caribbean-wide; local,chronic_pressure,Sargassum Brown Tides,sargassum,37.5M tons,Leachate toxicity; larval spiral swimming; hypoxia (DO < 1mg/L),1,1,1009.8,1009.8,1009.8
NOAA_survey,Florida Keys,Elbow Reef,EL4,NA,NA,field,Natural colony,2013,0.994520547945205,2013,NA,compound,FALSE,FALSE,TRUE,FALSE,TRUE,timeline_overlay,multiple,2,Sargassum Brown Tides; Coastal Eutrophication,sargassum; pollution,Antonio-Martinez 2020 (Sci Rep); van Tussenbroek 2017 (Mar Pollut Bull); Banister et al. 2024 (PLoS ONE),caribbean-wide; local,chronic_pressure,Sargassum Brown Tides,sargassum,37.5M tons,Leachate toxicity; larval spiral swimming; hypoxia (DO < 1mg/L),1,1,62.4,62.4,62.4
NOAA_survey,Florida Keys,Elbow Reef,EL4,NA,NA,field,Natural colony,2013,1,2013,NA,compound,FALSE,FALSE,TRUE,FALSE,TRUE,timeline_overlay,multiple,2,Sargassum Brown Tides; Coastal Eutrophication,sargassum; pollution,Antonio-Martinez 2020 (Sci Rep); van Tussenbroek 2017 (Mar Pollut Bull); Banister et al. 2024 (PLoS ONE),caribbean-wide; local,chronic_pressure,Sargassum Brown Tides,sargassum,37.5M tons,Leachate toxicity; larval spiral swimming; hypoxia (DO < 1mg/L),1,1,20,20,20
NOAA_survey,Florida Keys,Elbow Reef,EL5,NA,NA,field,Restoration fragment,2013,1,2013,NA,compound,FALSE,FALSE,TRUE,FALSE,TRUE,timeline_overlay,multiple,2,Sargassum Brown Tides; Coastal Eutrophication,sargassum; pollution,Antonio-Martinez 2020 (Sci Rep); van Tussenbroek 2017 (Mar Pollut Bull); Banister et al. 2024 (PLoS ONE),caribbean-wide; local,chronic_pressure,Sargassum Brown Tides,sargassum,37.5M tons,Leachate toxicity; larval spiral swimming; hypoxia (DO < 1mg/L),2,2,1144,2322,3500
NOAA_survey,Florida Keys,French Reef,FR1,NA,NA,field,Natural colony,2013,0.742465753424657,2013,NA,compound,FALSE,FALSE,TRUE,FALSE,TRUE,timeline_overlay,multiple,2,Sargassum Brown Tides; Coastal Eutrophication,sargassum; pollution,Antonio-Martinez 2020 (Sci Rep); van Tussenbroek 2017 (Mar Pollut Bull); Banister et al. 2024 (PLoS ONE),caribbean-wide; local,chronic_pressure,Sargassum Brown Tides,sargassum,37.5M tons,Leachate toxicity; larval spiral swimming; hypoxia (DO < 1mg/L),9,9,338,2720,24624
NOAA_survey,Florida Keys,French Reef,FR3,NA,NA,field,Natural colony,2013,0.687671232876712,2013,NA,compound,FALSE,FALSE,TRUE,FALSE,TRUE,timeline_overlay,multiple,2,Sargassum Brown Tides; Coastal Eutrophication,sargassum; pollution,Antonio-Martinez 2020 (Sci Rep); van Tussenbroek 2017 (Mar Pollut Bull); Banister et al. 2024 (PLoS ONE),caribbean-wide; local,chronic_pressure,Sargassum Brown Tides,sargassum,37.5M tons,Leachate toxicity; larval spiral swimming; hypoxia (DO < 1mg/L),1,1,284.05,284.05,284.05
NOAA_survey,Florida Keys,Key Largo Dry Rocks,KL3,NA,NA,field,Natural colony,2013,0.67945205479452,2013,NA,compound,FALSE,FALSE,TRUE,FALSE,TRUE,timeline_overlay,multiple,2,Sargassum Brown Tides; Coastal Eutrophication,sargassum; pollution,Antonio-Martinez 2020 (Sci Rep); van Tussenbroek 2017 (Mar Pollut Bull); Banister et al. 2024 (PLoS ONE),caribbean-wide; local,chronic_pressure,Sargassum Brown Tides,sargassum,37.5M tons,Leachate toxicity; larval spiral swimming; hypoxia (DO < 1mg/L),1,1,496.4,496.4,496.4
NOAA_survey,Florida Keys,Key Largo Dry Rocks,KL3,NA,NA,field,Natural colony,2013,1,2013,NA,compound,FALSE,FALSE,TRUE,FALSE,TRUE,timeline_overlay,multiple,2,Sargassum Brown Tides; Coastal Eutrophication,sargassum; pollution,Antonio-Martinez 2020 (Sci Rep); van Tussenbroek 2017 (Mar Pollut Bull); Banister et al. 2024 (PLoS ONE),caribbean-wide; local,chronic_pressure,Sargassum Brown Tides,sargassum,37.5M tons,Leachate toxicity; larval spiral swimming; hypoxia (DO < 1mg/L),7,7,1.6,63.55,396
NOAA_survey,Florida Keys,Key Largo Dry Rocks,KL4,NA,NA,field,Natural colony,2013,1,2013,NA,compound,FALSE,FALSE,TRUE,FALSE,TRUE,timeline_overlay,multiple,2,Sargassum Brown Tides; Coastal Eutrophication,sargassum; pollution,Antonio-Martinez 2020 (Sci Rep); van Tussenbroek 2017 (Mar Pollut Bull); Banister et al. 2024 (PLoS ONE),caribbean-wide; local,chronic_pressure,Sargassum Brown Tides,sargassum,37.5M tons,Leachate toxicity; larval spiral swimming; hypoxia (DO < 1mg/L),7,7,39.9,1980,11925
NOAA_survey,Florida Keys,Key Largo Dry Rocks,KL4,NA,NA,field,Restoration fragment,2013,1,2013,NA,compound,FALSE,FALSE,TRUE,FALSE,TRUE,timeline_overlay,multiple,2,Sargassum Brown Tides; Coastal Eutrophication,sargassum; pollution,Antonio-Martinez 2020 (Sci Rep); van Tussenbroek 2017 (Mar Pollut Bull); Banister et al. 2024 (PLoS ONE),caribbean-wide; local,chronic_pressure,Sargassum Brown Tides,sargassum,37.5M tons,Leachate toxicity; larval spiral swimming; hypoxia (DO < 1mg/L),2,2,323,1537.5,2752
NOAA_survey,Florida Keys,Molasses Reef,ML1,NA,NA,field,Natural colony,2013,0.739726027397261,2013,NA,compound,FALSE,FALSE,TRUE,FALSE,TRUE,timeline_overlay,multiple,2,Sargassum Brown Tides; Coastal Eutrophication,sargassum; pollution,Antonio-Martinez 2020 (Sci Rep); van Tussenbroek 2017 (Mar Pollut Bull); Banister et al. 2024 (PLoS ONE),caribbean-wide; local,chronic_pressure,Sargassum Brown Tides,sargassum,37.5M tons,Leachate toxicity; larval spiral swimming; hypoxia (DO < 1mg/L),6,6,226.1,2327.65,12230.4
NOAA_survey,Florida Keys,Molasses Reef,ML2,NA,NA,field,Natural colony,2013,0.75068493150685,2013,NA,compound,FALSE,FALSE,TRUE,FALSE,TRUE,timeline_overlay,multiple,2,Sargassum Brown Tides; Coastal Eutrophication,sargassum; pollution,Antonio-Martinez 2020 (Sci Rep); van Tussenbroek 2017 (Mar Pollut Bull); Banister et al. 2024 (PLoS ONE),caribbean-wide; local,chronic_pressure,Sargassum Brown Tides,sargassum,37.5M tons,Leachate toxicity; larval spiral swimming; hypoxia (DO < 1mg/L),7,7,8.25,2635,13017.5
NOAA_survey,Florida Keys,Molasses Reef,ML3,NA,NA,field,Natural colony,2013,0.720547945205479,2013,NA,compound,FALSE,FALSE,TRUE,FALSE,TRUE,timeline_overlay,multiple,2,Sargassum Brown Tides; Coastal Eutrophication,sargassum; pollution,Antonio-Martinez 2020 (Sci Rep); van Tussenbroek 2017 (Mar Pollut Bull); Banister et al. 2024 (PLoS ONE),caribbean-wide; local,chronic_pressure,Sargassum Brown Tides,sargassum,37.5M tons,Leachate toxicity; larval spiral swimming; hypoxia (DO < 1mg/L),1,1,798,798,798
NOAA_survey,Florida Keys,Molasses Reef,ML3,NA,NA,field,Natural colony,2013,0.750684931506848,2013,NA,compound,FALSE,FALSE,TRUE,FALSE,TRUE,timeline_overlay,multiple,2,Sargassum Brown Tides; Coastal Eutrophication,sargassum; pollution,Antonio-Martinez 2020 (Sci Rep); van Tussenbroek 2017 (Mar Pollut Bull); Banister et al. 2024 (PLoS ONE),caribbean-wide; local,chronic_pressure,Sargassum Brown Tides,sargassum,37.5M tons,Leachate toxicity; larval spiral swimming; hypoxia (DO < 1mg/L),9,9,607.5,10584,31680
NOAA_survey,Florida Keys,Sand Island,SI1,NA,NA,field,Natural colony,2013,0.997260273972603,2013,NA,compound,FALSE,FALSE,TRUE,FALSE,TRUE,timeline_overlay,multiple,2,Sargassum Brown Tides; Coastal Eutrophication,sargassum; pollution,Antonio-Martinez 2020 (Sci Rep); van Tussenbroek 2017 (Mar Pollut Bull); Banister et al. 2024 (PLoS ONE),caribbean-wide; local,chronic_pressure,Sargassum Brown Tides,sargassum,37.5M tons,Leachate toxicity; larval spiral swimming; hypoxia (DO < 1mg/L),1,1,8960,8960,8960
NOAA_survey,Florida Keys,Sand Island,SI2,NA,NA,field,Natural colony,2013,0.997260273972603,2013,NA,compound,FALSE,FALSE,TRUE,FALSE,TRUE,timeline_overlay,multiple,2,Sargassum Brown Tides; Coastal Eutrophication,sargassum; pollution,Antonio-Martinez 2020 (Sci Rep); van Tussenbroek 2017 (Mar Pollut Bull); Banister et al. 2024 (PLoS ONE),caribbean-wide; local,chronic_pressure,Sargassum Brown Tides,sargassum,37.5M tons,Leachate toxicity; larval spiral swimming; hypoxia (DO < 1mg/L),2,2,239.4,1445.7,2652
NOAA_survey,Florida Keys,Carysfort Reef,CF2,NA,NA,field,Natural colony,2013,1.03287671232877,2014,NA,compound,FALSE,FALSE,TRUE,FALSE,TRUE,timeline_overlay,multiple,3,Sargassum Brown Tides; Coastal Eutrophication; 3rd Global Bleaching,sargassum; pollution; bleaching,Antonio-Martinez 2020 (Sci Rep); van Tussenbroek 2017 (Mar Pollut Bull); Banister et al. 2024 (PLoS ONE); Hughes et al. 2017 (Nature); Eakin et al. 2019 (Coral Reefs),caribbean-wide; local,chronic_pressure; chronic_regime,Sargassum Brown Tides,sargassum,37.5M tons,Leachate toxicity; larval spiral swimming; hypoxia (DO < 1mg/L),2,2,637,5532.8,10428.6
NOAA_survey,Florida Keys,Carysfort Reef,CF2,NA,NA,field,Natural colony,2013,1.07671232876712,2014,NA,compound,FALSE,FALSE,TRUE,FALSE,TRUE,timeline_overlay,multiple,3,Sargassum Brown Tides; Coastal Eutrophication; 3rd Global Bleaching,sargassum; pollution; bleaching,Antonio-Martinez 2020 (Sci Rep); van Tussenbroek 2017 (Mar Pollut Bull); Banister et al. 2024 (PLoS ONE); Hughes et al. 2017 (Nature); Eakin et al. 2019 (Coral Reefs),caribbean-wide; local,chronic_pressure; chronic_regime,Sargassum Brown Tides,sargassum,37.5M tons,Leachate toxicity; larval spiral swimming; hypoxia (DO < 1mg/L),2,2,133,1127.3,2121.6
NOAA_survey,Florida Keys,Carysfort Reef,CF3,NA,NA,field,Natural colony,2013,1.03287671232877,2014,NA,compound,FALSE,FALSE,TRUE,FALSE,TRUE,timeline_overlay,multiple,3,Sargassum Brown Tides; Coastal Eutrophication; 3rd Global Bleaching,sargassum; pollution; bleaching,Antonio-Martinez 2020 (Sci Rep); van Tussenbroek 2017 (Mar Pollut Bull); Banister et al. 2024 (PLoS ONE); Hughes et al. 2017 (Nature); Eakin et al. 2019 (Coral Reefs),caribbean-wide; local,chronic_pressure; chronic_regime,Sargassum Brown Tides,sargassum,37.5M tons,Leachate toxicity; larval spiral swimming; hypoxia (DO < 1mg/L),1,1,49,49,49
NOAA_survey,Florida Keys,Carysfort Reef,CF3,NA,NA,field,Natural colony,2013,1.07671232876712,2014,NA,compound,FALSE,FALSE,TRUE,FALSE,TRUE,timeline_overlay,multiple,3,Sargassum Brown Tides; Coastal Eutrophication; 3rd Global Bleaching,sargassum; pollution; bleaching,Antonio-Martinez 2020 (Sci Rep); van Tussenbroek 2017 (Mar Pollut Bull); Banister et al. 2024 (PLoS ONE); Hughes et al. 2017 (Nature); Eakin et al. 2019 (Coral Reefs),caribbean-wide; local,chronic_pressure; chronic_regime,Sargassum Brown Tides,sargassum,37.5M tons,Leachate toxicity; larval spiral swimming; hypoxia (DO < 1mg/L),2,2,54,139.5,225
NOAA_survey,Florida Keys,Carysfort Reef,CF3,NA,NA,field,Restoration fragment,2013,1.07671232876712,2014,NA,compound,FALSE,FALSE,TRUE,FALSE,TRUE,timeline_overlay,multiple,3,Sargassum Brown Tides; Coastal Eutrophication; 3rd Global Bleaching,sargassum; pollution; bleaching,Antonio-Martinez 2020 (Sci Rep); van Tussenbroek 2017 (Mar Pollut Bull); Banister et al. 2024 (PLoS ONE); Hughes et al. 2017 (Nature); Eakin et al. 2019 (Coral Reefs),caribbean-wide; local,chronic_pressure; chronic_regime,Sargassum Brown Tides,sargassum,37.5M tons,Leachate toxicity; larval spiral swimming; hypoxia (DO < 1mg/L),1,1,638.4,638.4,638.4
NOAA_survey,Florida Keys,Carysfort Reef,CF4,NA,NA,field,Natural colony,2013,1.03287671232877,2014,NA,compound,FALSE,FALSE,TRUE,FALSE,TRUE,timeline_overlay,multiple,3,Sargassum Brown Tides; Coastal Eutrophication; 3rd Global Bleaching,sargassum; pollution; bleaching,Antonio-Martinez 2020 (Sci Rep); van Tussenbroek 2017 (Mar Pollut Bull); Banister et al. 2024 (PLoS ONE); Hughes et al. 2017 (Nature); Eakin et al. 2019 (Coral Reefs),caribbean-wide; local,chronic_pressure; chronic_regime,Sargassum Brown Tides,sargassum,37.5M tons,Leachate toxicity; larval spiral swimming; hypoxia (DO < 1mg/L),1,1,372,372,372
NOAA_survey,Florida Keys,Carysfort Reef,CF4,NA,NA,field,Natural colony,2013,1.07671232876712,2014,NA,compound,FALSE,FALSE,TRUE,FALSE,TRUE,timeline_overlay,multiple,3,Sargassum Brown Tides; Coastal Eutrophication; 3rd Global Bleaching,sargassum; pollution; bleaching,Antonio-Martinez 2020 (Sci Rep); van Tussenbroek 2017 (Mar Pollut Bull); Banister et al. 2024 (PLoS ONE); Hughes et al. 2017 (Nature); Eakin et al. 2019 (Coral Reefs),caribbean-wide; local,chronic_pressure; chronic_regime,Sargassum Brown Tides,sargassum,37.5M tons,Leachate toxicity; larval spiral swimming; hypoxia (DO < 1mg/L),11,11,6,289.8,1330
NOAA_survey,Florida Keys,Elbow Reef,EL1,NA,NA,field,Natural colony,2013,1.05205479452055,2014,NA,compound,FALSE,FALSE,TRUE,FALSE,TRUE,timeline_overlay,multiple,3,Sargassum Brown Tides; Coastal Eutrophication; 3rd Global Bleaching,sargassum; pollution; bleaching,Antonio-Martinez 2020 (Sci Rep); van Tussenbroek 2017 (Mar Pollut Bull); Banister et al. 2024 (PLoS ONE); Hughes et al. 2017 (Nature); Eakin et al. 2019 (Coral Reefs),caribbean-wide; local,chronic_pressure; chronic_regime,Sargassum Brown Tides,sargassum,37.5M tons,Leachate toxicity; larval spiral swimming; hypoxia (DO < 1mg/L),4,4,2646,4011.56,12790.8
NOAA_survey,Florida Keys,Elbow Reef,EL1,NA,NA,field,Natural colony,2013,1.07397260273973,2014,NA,compound,FALSE,FALSE,TRUE,FALSE,TRUE,timeline_overlay,multiple,3,Sargassum Brown Tides; Coastal Eutrophication; 3rd Global Bleaching,sargassum; pollution; bleaching,Antonio-Martinez 2020 (Sci Rep); van Tussenbroek 2017 (Mar Pollut Bull); Banister et al. 2024 (PLoS ONE); Hughes et al. 2017 (Nature); Eakin et al. 2019 (Coral Reefs),caribbean-wide; local,chronic_pressure; chronic_regime,Sargassum Brown Tides,sargassum,37.5M tons,Leachate toxicity; larval spiral swimming; hypoxia (DO < 1mg/L),1,1,277.2,277.2,277.2
NOAA_survey,Florida Keys,Elbow Reef,EL2,NA,NA,field,Natural colony,2013,1.05205479452055,2014,NA,compound,FALSE,FALSE,TRUE,FALSE,TRUE,timeline_overlay,multiple,3,Sargassum Brown Tides; Coastal Eutrophication; 3rd Global Bleaching,sargassum; pollution; bleaching,Antonio-Martinez 2020 (Sci Rep); van Tussenbroek 2017 (Mar Pollut Bull); Banister et al. 2024 (PLoS ONE); Hughes et al. 2017 (Nature); Eakin et al. 2019 (Coral Reefs),caribbean-wide; local,chronic_pressure; chronic_regime,Sargassum Brown Tides,sargassum,37.5M tons,Leachate toxicity; larval spiral swimming; hypoxia (DO < 1mg/L),3,3,76,90,657.8
NOAA_survey,Florida Keys,Elbow Reef,EL2,NA,NA,field,Natural colony,2013,1.07397260273973,2014,NA,compound,FALSE,FALSE,TRUE,FALSE,TRUE,timeline_overlay,multiple,3,Sargassum Brown Tides; Coastal Eutrophication; 3rd Global Bleaching,sargassum; pollution; bleaching,Antonio-Martinez 2020 (Sci Rep); van Tussenbroek 2017 (Mar Pollut Bull); Banister et al. 2024 (PLoS ONE); Hughes et al. 2017 (Nature); Eakin et al. 2019 (Coral Reefs),caribbean-wide; local,chronic_pressure; chronic_regime,Sargassum Brown Tides,sargassum,37.5M tons,Leachate toxicity; larval spiral swimming; hypoxia (DO < 1mg/L),2,2,95,501.1,907.2
NOAA_survey,Florida Keys,Elbow Reef,EL3,NA,NA,field,Natural colony,2013,1.03835616438356,2014,NA,compound,FALSE,FALSE,TRUE,FALSE,TRUE,timeline_overlay,multiple,3,Sargassum Brown Tides; Coastal Eutrophication; 3rd Global Bleaching,sargassum; pollution; bleaching,Antonio-Martinez 2020 (Sci Rep); van Tussenbroek 2017 (Mar Pollut Bull); Banister et al. 2024 (PLoS ONE); Hughes et al. 2017 (Nature); Eakin et al. 2019 (Coral Reefs),caribbean-wide; local,chronic_pressure; chronic_regime,Sargassum Brown Tides,sargassum,37.5M tons,Leachate toxicity; larval spiral swimming; hypoxia (DO < 1mg/L),9,9,12,1365,16099.2
NOAA_survey,Florida Keys,Elbow Reef,EL4,NA,NA,field,Natural colony,2013,1.03835616438356,2014,NA,compound,FALSE,FALSE,TRUE,FALSE,TRUE,timeline_overlay,multiple,3,Sargassum Brown Tides; Coastal Eutrophication; 3rd Global Bleaching,sargassum; pollution; bleaching,Antonio-Martinez 2020 (Sci Rep); van Tussenbroek 2017 (Mar Pollut Bull); Banister et al. 2024 (PLoS ONE); Hughes et al. 2017 (Nature); Eakin et al. 2019 (Coral Reefs),caribbean-wide; local,chronic_pressure; chronic_regime,Sargassum Brown Tides,sargassum,37.5M tons,Leachate toxicity; larval spiral swimming; hypoxia (DO < 1mg/L),7,7,15,5146.5,21948
NOAA_survey,Florida Keys,Elbow Reef,EL5,NA,NA,field,Natural colony,2013,1.03835616438356,2014,NA,compound,FALSE,FALSE,TRUE,FALSE,TRUE,timeline_overlay,multiple,3,Sargassum Brown Tides; Coastal Eutrophication; 3rd Global Bleaching,sargassum; pollution; bleaching,Antonio-Martinez 2020 (Sci Rep); van Tussenbroek 2017 (Mar Pollut Bull); Banister et al. 2024 (PLoS ONE); Hughes et al. 2017 (Nature); Eakin et al. 2019 (Coral Reefs),caribbean-wide; local,chronic_pressure; chronic_regime,Sargassum Brown Tides,sargassum,37.5M tons,Leachate toxicity; larval spiral swimming; hypoxia (DO < 1mg/L),3,3,438.9,858,6817.5
NOAA_survey,Florida Keys,French Reef,FR1,NA,NA,field,Natural colony,2013,1.03287671232877,2014,NA,compound,FALSE,FALSE,TRUE,FALSE,TRUE,timeline_overlay,multiple,3,Sargassum Brown Tides; Coastal Eutrophication; 3rd Global Bleaching,sargassum; pollution; bleaching,Antonio-Martinez 2020 (Sci Rep); van Tussenbroek 2017 (Mar Pollut Bull); Banister et al. 2024 (PLoS ONE); Hughes et al. 2017 (Nature); Eakin et al. 2019 (Coral Reefs),caribbean-wide; local,chronic_pressure; chronic_regime,Sargassum Brown Tides,sargassum,37.5M tons,Leachate toxicity; larval spiral swimming; hypoxia (DO < 1mg/L),2,2,153,824.7,1496.4
NOAA_survey,Florida Keys,French Reef,FR1,NA,NA,field,Natural colony,2013,1.03561643835616,2014,NA,compound,FALSE,FALSE,TRUE,FALSE,TRUE,timeline_overlay,multiple,3,Sargassum Brown Tides; Coastal Eutrophication; 3rd Global Bleaching,sargassum; pollution; bleaching,Antonio-Martinez 2020 (Sci Rep); van Tussenbroek 2017 (Mar Pollut Bull); Banister et al. 2024 (PLoS ONE); Hughes et al. 2017 (Nature); Eakin et al. 2019 (Coral Reefs),caribbean-wide; local,chronic_pressure; chronic_regime,Sargassum Brown Tides,sargassum,37.5M tons,Leachate toxicity; larval spiral swimming; hypoxia (DO < 1mg/L),1,1,314.5,314.5,314.5
NOAA_survey,Florida Keys,French Reef,FR2,NA,NA,field,Natural colony,2013,1.03287671232877,2014,NA,compound,FALSE,FALSE,TRUE,FALSE,TRUE,timeline_overlay,multiple,3,Sargassum Brown Tides; Coastal Eutrophication; 3rd Global Bleaching,sargassum; pollution; bleaching,Antonio-Martinez 2020 (Sci Rep); van Tussenbroek 2017 (Mar Pollut Bull); Banister et al. 2024 (PLoS ONE); Hughes et al. 2017 (Nature); Eakin et al. 2019 (Coral Reefs),caribbean-wide; local,chronic_pressure; chronic_regime,Sargassum Brown Tides,sargassum,37.5M tons,Leachate toxicity; larval spiral swimming; hypoxia (DO < 1mg/L),10,10,26.6,343.8,3029.4
NOAA_survey,Florida Keys,French Reef,FR2,NA,NA,field,Natural colony,2013,1.03561643835616,2014,NA,compound,FALSE,FALSE,TRUE,FALSE,TRUE,timeline_overlay,multiple,3,Sargassum Brown Tides; Coastal Eutrophication; 3rd Global Bleaching,sargassum; pollution; bleaching,Antonio-Martinez 2020 (Sci Rep); van Tussenbroek 2017 (Mar Pollut Bull); Banister et al. 2024 (PLoS ONE); Hughes et al. 2017 (Nature); Eakin et al. 2019 (Coral Reefs),caribbean-wide; local,chronic_pressure; chronic_regime,Sargassum Brown Tides,sargassum,37.5M tons,Leachate toxicity; larval spiral swimming; hypoxia (DO < 1mg/L),2,2,48,247.44,446.88
NOAA_survey,Florida Keys,French Reef,FR3,NA,NA,field,Natural colony,2013,1.03287671232877,2014,NA,compound,FALSE,FALSE,TRUE,FALSE,TRUE,timeline_overlay,multiple,3,Sargassum Brown Tides; Coastal Eutrophication; 3rd Global Bleaching,sargassum; pollution; bleaching,Antonio-Martinez 2020 (Sci Rep); van Tussenbroek 2017 (Mar Pollut Bull); Banister et al. 2024 (PLoS ONE); Hughes et al. 2017 (Nature); Eakin et al. 2019 (Coral Reefs),caribbean-wide; local,chronic_pressure; chronic_regime,Sargassum Brown Tides,sargassum,37.5M tons,Leachate toxicity; larval spiral swimming; hypoxia (DO < 1mg/L),10,10,24,157.3,4788
NOAA_survey,Florida Keys,Grecian Rocks,GR1,NA,NA,field,Natural colony,2013,1.1013698630137,2014,NA,compound,FALSE,FALSE,TRUE,FALSE,TRUE,timeline_overlay,multiple,3,Sargassum Brown Tides; Coastal Eutrophication; 3rd Global Bleaching,sargassum; pollution; bleaching,Antonio-Martinez 2020 (Sci Rep); van Tussenbroek 2017 (Mar Pollut Bull); Banister et al. 2024 (PLoS ONE); Hughes et al. 2017 (Nature); Eakin et al. 2019 (Coral Reefs),caribbean-wide; local,chronic_pressure; chronic_regime,Sargassum Brown Tides,sargassum,37.5M tons,Leachate toxicity; larval spiral swimming; hypoxia (DO < 1mg/L),9,9,21.84,2688,4368
NOAA_survey,Florida Keys,Grecian Rocks,GR1,NA,NA,field,Restoration fragment,2013,1.1013698630137,2014,NA,compound,FALSE,FALSE,TRUE,FALSE,TRUE,timeline_overlay,multiple,3,Sargassum Brown Tides; Coastal Eutrophication; 3rd Global Bleaching,sargassum; pollution; bleaching,Antonio-Martinez 2020 (Sci Rep); van Tussenbroek 2017 (Mar Pollut Bull); Banister et al. 2024 (PLoS ONE); Hughes et al. 2017 (Nature); Eakin et al. 2019 (Coral Reefs),caribbean-wide; local,chronic_pressure; chronic_regime,Sargassum Brown Tides,sargassum,37.5M tons,Leachate toxicity; larval spiral swimming; hypoxia (DO < 1mg/L),2,2,65,1222.5,2380
NOAA_survey,Florida Keys,Grecian Rocks,GR2,NA,NA,field,Natural colony,2013,1.12328767123288,2014,NA,compound,FALSE,FALSE,TRUE,FALSE,TRUE,timeline_overlay,multiple,3,Sargassum Brown Tides; Coastal Eutrophication; 3rd Global Bleaching,sargassum; pollution; bleaching,Antonio-Martinez 2020 (Sci Rep); van Tussenbroek 2017 (Mar Pollut Bull); Banister et al. 2024 (PLoS ONE); Hughes et al. 2017 (Nature); Eakin et al. 2019 (Coral Reefs),caribbean-wide; local,chronic_pressure; chronic_regime,Sargassum Brown Tides,sargassum,37.5M tons,Leachate toxicity; larval spiral swimming; hypoxia (DO < 1mg/L),9,9,10.5,2565.95,9652.5
NOAA_survey,Florida Keys,Grecian Rocks,GR2,NA,NA,field,Restoration fragment,2013,1.12328767123288,2014,NA,compound,FALSE,FALSE,TRUE,FALSE,TRUE,timeline_overlay,multiple,3,Sargassum Brown Tides; Coastal Eutrophication; 3rd Global Bleaching,sargassum; pollution; bleaching,Antonio-Martinez 2020 (Sci Rep); van Tussenbroek 2017 (Mar Pollut Bull); Banister et al. 2024 (PLoS ONE); Hughes et al. 2017 (Nature); Eakin et al. 2019 (Coral Reefs),caribbean-wide; local,chronic_pressure; chronic_regime,Sargassum Brown Tides,sargassum,37.5M tons,Leachate toxicity; larval spiral swimming; hypoxia (DO < 1mg/L),1,1,166.25,166.25,166.25
NOAA_survey,Florida Keys,Grecian Rocks,GR3,NA,NA,field,Natural colony,2013,1.0794520547945201,2014,NA,compound,FALSE,FALSE,TRUE,FALSE,TRUE,timeline_overlay,multiple,3,Sargassum Brown Tides; Coastal Eutrophication; 3rd Global Bleaching,sargassum; pollution; bleaching,Antonio-Martinez 2020 (Sci Rep); van Tussenbroek 2017 (Mar Pollut Bull); Banister et al. 2024 (PLoS ONE); Hughes et al. 2017 (Nature); Eakin et al. 2019 (Coral Reefs),caribbean-wide; local,chronic_pressure; chronic_regime,Sargassum Brown Tides,sargassum,37.5M tons,Leachate toxicity; larval spiral swimming; hypoxia (DO < 1mg/L),11,11,20.16,705.87,1774.8
NOAA_survey,Florida Keys,Key Largo Dry Rocks,KL1,NA,NA,field,Natural colony,2013,1.01917808219178,2014,NA,compound,FALSE,FALSE,TRUE,FALSE,TRUE,timeline_overlay,multiple,3,Sargassum Brown Tides; Coastal Eutrophication; 3rd Global Bleaching,sargassum; pollution; bleaching,Antonio-Martinez 2020 (Sci Rep); van Tussenbroek 2017 (Mar Pollut Bull); Banister et al. 2024 (PLoS ONE); Hughes et al. 2017 (Nature); Eakin et al. 2019 (Coral Reefs),caribbean-wide; local,chronic_pressure; chronic_regime,Sargassum Brown Tides,sargassum,37.5M tons,Leachate toxicity; larval spiral swimming; hypoxia (DO < 1mg/L),6,6,12,59,270
NOAA_survey,Florida Keys,Key Largo Dry Rocks,KL1,NA,NA,field,Natural colony,2013,1.02191780821918,2014,NA,compound,FALSE,FALSE,TRUE,FALSE,TRUE,timeline_overlay,multiple,3,Sargassum Brown Tides; Coastal Eutrophication; 3rd Global Bleaching,sargassum; pollution; bleaching,Antonio-Martinez 2020 (Sci Rep); van Tussenbroek 2017 (Mar Pollut Bull); Banister et al. 2024 (PLoS ONE); Hughes et al. 2017 (Nature); Eakin et al. 2019 (Coral Reefs),caribbean-wide; local,chronic_pressure; chronic_regime,Sargassum Brown Tides,sargassum,37.5M tons,Leachate toxicity; larval spiral swimming; hypoxia (DO < 1mg/L),7,7,100.1,2937.6,7296
NOAA_survey,Florida Keys,Key Largo Dry Rocks,KL1,NA,NA,field,Restoration fragment,2013,1.01917808219178,2014,NA,compound,FALSE,FALSE,TRUE,FALSE,TRUE,timeline_overlay,multiple,3,Sargassum Brown Tides; Coastal Eutrophication; 3rd Global Bleaching,sargassum; pollution; bleaching,Antonio-Martinez 2020 (Sci Rep); van Tussenbroek 2017 (Mar Pollut Bull); Banister et al. 2024 (PLoS ONE); Hughes et al. 2017 (Nature); Eakin et al. 2019 (Coral Reefs),caribbean-wide; local,chronic_pressure; chronic_regime,Sargassum Brown Tides,sargassum,37.5M tons,Leachate toxicity; larval spiral swimming; hypoxia (DO < 1mg/L),1,1,264.6,264.6,264.6
NOAA_survey,Florida Keys,Key Largo Dry Rocks,KL3,NA,NA,field,Natural colony,2013,1.02739726027397,2014,NA,compound,FALSE,FALSE,TRUE,FALSE,TRUE,timeline_overlay,multiple,3,Sargassum Brown Tides; Coastal Eutrophication; 3rd Global Bleaching,sargassum; pollution; bleaching,Antonio-Martinez 2020 (Sci Rep); van Tussenbroek 2017 (Mar Pollut Bull); Banister et al. 2024 (PLoS ONE); Hughes et al. 2017 (Nature); Eakin et al. 2019 (Coral Reefs),caribbean-wide; local,chronic_pressure; chronic_regime,Sargassum Brown Tides,sargassum,37.5M tons,Leachate toxicity; larval spiral swimming; hypoxia (DO < 1mg/L),3,3,66.5,81.9,878.9
NOAA_survey,Florida Keys,Molasses Reef,ML1,NA,NA,field,Natural colony,2013,1.08493150684932,2014,NA,compound,FALSE,FALSE,TRUE,FALSE,TRUE,timeline_overlay,multiple,3,Sargassum Brown Tides; Coastal Eutrophication; 3rd Global Bleaching,sargassum; pollution; bleaching,Antonio-Martinez 2020 (Sci Rep); van Tussenbroek 2017 (Mar Pollut Bull); Banister et al. 2024 (PLoS ONE); Hughes et al. 2017 (Nature); Eakin et al. 2019 (Coral Reefs),caribbean-wide; local,chronic_pressure; chronic_regime,Sargassum Brown Tides,sargassum,37.5M tons,Leachate toxicity; larval spiral swimming; hypoxia (DO < 1mg/L),1,1,28,28,28
NOAA_survey,Florida Keys,Molasses Reef,ML1,NA,NA,field,Restoration fragment,2013,1.01917808219178,2014,NA,compound,FALSE,FALSE,TRUE,FALSE,TRUE,timeline_overlay,multiple,3,Sargassum Brown Tides; Coastal Eutrophication; 3rd Global Bleaching,sargassum; pollution; bleaching,Antonio-Martinez 2020 (Sci Rep); van Tussenbroek 2017 (Mar Pollut Bull); Banister et al. 2024 (PLoS ONE); Hughes et al. 2017 (Nature); Eakin et al. 2019 (Coral Reefs),caribbean-wide; local,chronic_pressure; chronic_regime,Sargassum Brown Tides,sargassum,37.5M tons,Leachate toxicity; larval spiral swimming; hypoxia (DO < 1mg/L),2,2,455,827.75,1200.5
NOAA_survey,Florida Keys,Molasses Reef,ML2,NA,NA,field,Natural colony,2013,1.01917808219178,2014,NA,compound,FALSE,FALSE,TRUE,FALSE,TRUE,timeline_overlay,multiple,3,Sargassum Brown Tides; Coastal Eutrophication; 3rd Global Bleaching,sargassum; pollution; bleaching,Antonio-Martinez 2020 (Sci Rep); van Tussenbroek 2017 (Mar Pollut Bull); Banister et al. 2024 (PLoS ONE); Hughes et al. 2017 (Nature); Eakin et al. 2019 (Coral Reefs),caribbean-wide; local,chronic_pressure; chronic_regime,Sargassum Brown Tides,sargassum,37.5M tons,Leachate toxicity; larval spiral swimming; hypoxia (DO < 1mg/L),2,2,117,542.25,967.5
NOAA_survey,Florida Keys,Molasses Reef,ML2,NA,NA,field,Natural colony,2013,1.08767123287671,2014,NA,compound,FALSE,FALSE,TRUE,FALSE,TRUE,timeline_overlay,multiple,3,Sargassum Brown Tides; Coastal Eutrophication; 3rd Global Bleaching,sargassum; pollution; bleaching,Antonio-Martinez 2020 (Sci Rep); van Tussenbroek 2017 (Mar Pollut Bull); Banister et al. 2024 (PLoS ONE); Hughes et al. 2017 (Nature); Eakin et al. 2019 (Coral Reefs),caribbean-wide; local,chronic_pressure; chronic_regime,Sargassum Brown Tides,sargassum,37.5M tons,Leachate toxicity; larval spiral swimming; hypoxia (DO < 1mg/L),3,3,44.55,48,408
NOAA_survey,Florida Keys,Molasses Reef,ML3,NA,NA,field,Natural colony,2013,1.06849315068493,2014,NA,compound,FALSE,FALSE,TRUE,FALSE,TRUE,timeline_overlay,multiple,3,Sargassum Brown Tides; Coastal Eutrophication; 3rd Global Bleaching,sargassum; pollution; bleaching,Antonio-Martinez 2020 (Sci Rep); van Tussenbroek 2017 (Mar Pollut Bull); Banister et al. 2024 (PLoS ONE); Hughes et al. 2017 (Nature); Eakin et al. 2019 (Coral Reefs),caribbean-wide; local,chronic_pressure; chronic_regime,Sargassum Brown Tides,sargassum,37.5M tons,Leachate toxicity; larval spiral swimming; hypoxia (DO < 1mg/L),2,2,154,3947.4,7740.8
NOAA_survey,Florida Keys,Sand Island,SI1,NA,NA,field,Natural colony,2013,1.06575342465753,2014,NA,compound,FALSE,FALSE,TRUE,FALSE,TRUE,timeline_overlay,multiple,3,Sargassum Brown Tides; Coastal Eutrophication; 3rd Global Bleaching,sargassum; pollution; bleaching,Antonio-Martinez 2020 (Sci Rep); van Tussenbroek 2017 (Mar Pollut Bull); Banister et al. 2024 (PLoS ONE); Hughes et al. 2017 (Nature); Eakin et al. 2019 (Coral Reefs),caribbean-wide; local,chronic_pressure; chronic_regime,Sargassum Brown Tides,sargassum,37.5M tons,Leachate toxicity; larval spiral swimming; hypoxia (DO < 1mg/L),11,11,24,233.75,11340
NOAA_survey,Florida Keys,Sand Island,SI2,NA,NA,field,Natural colony,2013,1.09041095890411,2014,NA,compound,FALSE,FALSE,TRUE,FALSE,TRUE,timeline_overlay,multiple,3,Sargassum Brown Tides; Coastal Eutrophication; 3rd Global Bleaching,sargassum; pollution; bleaching,Antonio-Martinez 2020 (Sci Rep); van Tussenbroek 2017 (Mar Pollut Bull); Banister et al. 2024 (PLoS ONE); Hughes et al. 2017 (Nature); Eakin et al. 2019 (Coral Reefs),caribbean-wide; local,chronic_pressure; chronic_regime,Sargassum Brown Tides,sargassum,37.5M tons,Leachate toxicity; larval spiral swimming; hypoxia (DO < 1mg/L),10,10,301,7747.275,33676.5
NOAA_survey,Florida Keys,Sand Island,SI3,NA,NA,field,Natural colony,2013,1.01643835616438,2014,NA,compound,FALSE,FALSE,TRUE,FALSE,TRUE,timeline_overlay,multiple,3,Sargassum Brown Tides; Coastal Eutrophication; 3rd Global Bleaching,sargassum; pollution; bleaching,Antonio-Martinez 2020 (Sci Rep); van Tussenbroek 2017 (Mar Pollut Bull); Banister et al. 2024 (PLoS ONE); Hughes et al. 2017 (Nature); Eakin et al. 2019 (Coral Reefs),caribbean-wide; local,chronic_pressure; chronic_regime,Sargassum Brown Tides,sargassum,37.5M tons,Leachate toxicity; larval spiral swimming; hypoxia (DO < 1mg/L),5,5,34,575,9622.4
NOAA_survey,Florida Keys,Sand Island,SI3,NA,NA,field,Natural colony,2013,1.05479452054794,2014,NA,compound,FALSE,FALSE,TRUE,FALSE,TRUE,timeline_overlay,multiple,3,Sargassum Brown Tides; Coastal Eutrophication; 3rd Global Bleaching,sargassum; pollution; bleaching,Antonio-Martinez 2020 (Sci Rep); van Tussenbroek 2017 (Mar Pollut Bull); Banister et al. 2024 (PLoS ONE); Hughes et al. 2017 (Nature); Eakin et al. 2019 (Coral Reefs),caribbean-wide; local,chronic_pressure; chronic_regime,Sargassum Brown Tides,sargassum,37.5M tons,Leachate toxicity; larval spiral swimming; hypoxia (DO < 1mg/L),3,3,3.9,96,99
NOAA_survey,Florida Keys,Sand Island,SI3,NA,NA,field,Natural colony,2013,1.05479452054795,2014,NA,compound,FALSE,FALSE,TRUE,FALSE,TRUE,timeline_overlay,multiple,3,Sargassum Brown Tides; Coastal Eutrophication; 3rd Global Bleaching,sargassum; pollution; bleaching,Antonio-Martinez 2020 (Sci Rep); van Tussenbroek 2017 (Mar Pollut Bull); Banister et al. 2024 (PLoS ONE); Hughes et al. 2017 (Nature); Eakin et al. 2019 (Coral Reefs),caribbean-wide; local,chronic_pressure; chronic_regime,Sargassum Brown Tides,sargassum,37.5M tons,Leachate toxicity; larval spiral swimming; hypoxia (DO < 1mg/L),1,1,24,24,24
NOAA_survey,Florida Keys,Turtle Rocks,TR2,NA,NA,field,Natural colony,2013,1.95890410958904,2014,NA,compound,FALSE,FALSE,TRUE,FALSE,TRUE,timeline_overlay,multiple,3,Sargassum Brown Tides; Coastal Eutrophication; 3rd Global Bleaching,sargassum; pollution; bleaching,Antonio-Martinez 2020 (Sci Rep); van Tussenbroek 2017 (Mar Pollut Bull); Banister et al. 2024 (PLoS ONE); Hughes et al. 2017 (Nature); Eakin et al. 2019 (Coral Reefs),caribbean-wide; local,chronic_pressure; chronic_regime,Sargassum Brown Tides,sargassum,37.5M tons,Leachate toxicity; larval spiral swimming; hypoxia (DO < 1mg/L),3,3,714,1087.8,3595.5
NOAA_survey,Florida Keys,Turtle Rocks,TR3,NA,NA,field,Natural colony,2013,1.95890410958904,2014,NA,compound,FALSE,FALSE,TRUE,FALSE,TRUE,timeline_overlay,multiple,3,Sargassum Brown Tides; Coastal Eutrophication; 3rd Global Bleaching,sargassum; pollution; bleaching,Antonio-Martinez 2020 (Sci Rep); van Tussenbroek 2017 (Mar Pollut Bull); Banister et al. 2024 (PLoS ONE); Hughes et al. 2017 (Nature); Eakin et al. 2019 (Coral Reefs),caribbean-wide; local,chronic_pressure; chronic_regime,Sargassum Brown Tides,sargassum,37.5M tons,Leachate toxicity; larval spiral swimming; hypoxia (DO < 1mg/L),1,1,21120,21120,21120
NOAA_survey,Florida Keys,Turtle Rocks,TR1,NA,NA,field,Natural colony,2013,2.02191780821918,2015,NA,compound,FALSE,FALSE,TRUE,FALSE,TRUE,timeline_overlay,multiple,3,Sargassum Brown Tides; Coastal Eutrophication; 3rd Global Bleaching,sargassum; pollution; bleaching,Antonio-Martinez 2020 (Sci Rep); van Tussenbroek 2017 (Mar Pollut Bull); Banister et al. 2024 (PLoS ONE); Hughes et al. 2017 (Nature); Eakin et al. 2019 (Coral Reefs),caribbean-wide; local,chronic_pressure; chronic_regime,Sargassum Brown Tides,sargassum,37.5M tons,Leachate toxicity; larval spiral swimming; hypoxia (DO < 1mg/L),12,12,2,3255,18402.3
NOAA_survey,Florida Keys,Carysfort Reef,CF1,NA,NA,field,Natural colony,2014,0.950684931506849,2014,NA,compound,FALSE,FALSE,TRUE,FALSE,TRUE,timeline_overlay,multiple,3,Sargassum Brown Tides; Coastal Eutrophication; 3rd Global Bleaching,sargassum; pollution; bleaching,Antonio-Martinez 2020 (Sci Rep); van Tussenbroek 2017 (Mar Pollut Bull); Banister et al. 2024 (PLoS ONE); Hughes et al. 2017 (Nature); Eakin et al. 2019 (Coral Reefs),caribbean-wide; local,chronic_pressure; chronic_regime,Sargassum Brown Tides,sargassum,37.5M tons,Leachate toxicity; larval spiral swimming; hypoxia (DO < 1mg/L),2,2,16,84,152
NOAA_survey,Florida Keys,Carysfort Reef,CF2,NA,NA,field,Natural colony,2014,0.917808219178082,2014,NA,compound,FALSE,FALSE,TRUE,FALSE,TRUE,timeline_overlay,multiple,3,Sargassum Brown Tides; Coastal Eutrophication; 3rd Global Bleaching,sargassum; pollution; bleaching,Antonio-Martinez 2020 (Sci Rep); van Tussenbroek 2017 (Mar Pollut Bull); Banister et al. 2024 (PLoS ONE); Hughes et al. 2017 (Nature); Eakin et al. 2019 (Coral Reefs),caribbean-wide; local,chronic_pressure; chronic_regime,Sargassum Brown Tides,sargassum,37.5M tons,Leachate toxicity; larval spiral swimming; hypoxia (DO < 1mg/L),2,2,90,637.2,1184.4
NOAA_survey,Florida Keys,Carysfort Reef,CF2,NA,NA,field,Natural colony,2014,0.950684931506849,2014,NA,compound,FALSE,FALSE,TRUE,FALSE,TRUE,timeline_overlay,multiple,3,Sargassum Brown Tides; Coastal Eutrophication; 3rd Global Bleaching,sargassum; pollution; bleaching,Antonio-Martinez 2020 (Sci Rep); van Tussenbroek 2017 (Mar Pollut Bull); Banister et al. 2024 (PLoS ONE); Hughes et al. 2017 (Nature); Eakin et al. 2019 (Coral Reefs),caribbean-wide; local,chronic_pressure; chronic_regime,Sargassum Brown Tides,sargassum,37.5M tons,Leachate toxicity; larval spiral swimming; hypoxia (DO < 1mg/L),8,8,18,8177.049999999999,19416.6
NOAA_survey,Florida Keys,Carysfort Reef,CF3,NA,NA,field,Natural colony,2014,0.917808219178082,2014,NA,compound,FALSE,FALSE,TRUE,FALSE,TRUE,timeline_overlay,multiple,3,Sargassum Brown Tides; Coastal Eutrophication; 3rd Global Bleaching,sargassum; pollution; bleaching,Antonio-Martinez 2020 (Sci Rep); van Tussenbroek 2017 (Mar Pollut Bull); Banister et al. 2024 (PLoS ONE); Hughes et al. 2017 (Nature); Eakin et al. 2019 (Coral Reefs),caribbean-wide; local,chronic_pressure; chronic_regime,Sargassum Brown Tides,sargassum,37.5M tons,Leachate toxicity; larval spiral swimming; hypoxia (DO < 1mg/L),7,7,54,642.6,5580
NOAA_survey,Florida Keys,Carysfort Reef,CF4,NA,NA,field,Natural colony,2014,0.635616438356164,2014,NA,compound,FALSE,FALSE,TRUE,FALSE,TRUE,timeline_overlay,multiple,3,Sargassum Brown Tides; Coastal Eutrophication; 3rd Global Bleaching,sargassum; pollution; bleaching,Antonio-Martinez 2020 (Sci Rep); van Tussenbroek 2017 (Mar Pollut Bull); Banister et al. 2024 (PLoS ONE); Hughes et al. 2017 (Nature); Eakin et al. 2019 (Coral Reefs),caribbean-wide; local,chronic_pressure; chronic_regime,Sargassum Brown Tides,sargassum,37.5M tons,Leachate toxicity; larval spiral swimming; hypoxia (DO < 1mg/L),1,1,247.5,247.5,247.5
NOAA_survey,Florida Keys,Carysfort Reef,CF4,NA,NA,field,Natural colony,2014,0.682191780821918,2014,NA,compound,FALSE,FALSE,TRUE,FALSE,TRUE,timeline_overlay,multiple,3,Sargassum Brown Tides; Coastal Eutrophication; 3rd Global Bleaching,sargassum; pollution; bleaching,Antonio-Martinez 2020 (Sci Rep); van Tussenbroek 2017 (Mar Pollut Bull); Banister et al. 2024 (PLoS ONE); Hughes et al. 2017 (Nature); Eakin et al. 2019 (Coral Reefs),caribbean-wide; local,chronic_pressure; chronic_regime,Sargassum Brown Tides,sargassum,37.5M tons,Leachate toxicity; larval spiral swimming; hypoxia (DO < 1mg/L),1,1,190.4,190.4,190.4
NOAA_survey,Florida Keys,Carysfort Reef,CF4,NA,NA,field,Natural colony,2014,0.917808219178082,2014,NA,compound,FALSE,FALSE,TRUE,FALSE,TRUE,timeline_overlay,multiple,3,Sargassum Brown Tides; Coastal Eutrophication; 3rd Global Bleaching,sargassum; pollution; bleaching,Antonio-Martinez 2020 (Sci Rep); van Tussenbroek 2017 (Mar Pollut Bull); Banister et al. 2024 (PLoS ONE); Hughes et al. 2017 (Nature); Eakin et al. 2019 (Coral Reefs),caribbean-wide; local,chronic_pressure; chronic_regime,Sargassum Brown Tides,sargassum,37.5M tons,Leachate toxicity; larval spiral swimming; hypoxia (DO < 1mg/L),3,3,12,82.5,90.25
NOAA_survey,Florida Keys,Elbow Reef,EL1,NA,NA,field,Natural colony,2014,0.947945205479452,2014,NA,compound,FALSE,FALSE,TRUE,FALSE,TRUE,timeline_overlay,multiple,3,Sargassum Brown Tides; Coastal Eutrophication; 3rd Global Bleaching,sargassum; pollution; bleaching,Antonio-Martinez 2020 (Sci Rep); van Tussenbroek 2017 (Mar Pollut Bull); Banister et al. 2024 (PLoS ONE); Hughes et al. 2017 (Nature); Eakin et al. 2019 (Coral Reefs),caribbean-wide; local,chronic_pressure; chronic_regime,Sargassum Brown Tides,sargassum,37.5M tons,Leachate toxicity; larval spiral swimming; hypoxia (DO < 1mg/L),1,1,9,9,9
NOAA_survey,Florida Keys,Elbow Reef,EL1,NA,NA,field,Natural colony,2014,0.986301369863014,2014,NA,compound,FALSE,FALSE,TRUE,FALSE,TRUE,timeline_overlay,multiple,3,Sargassum Brown Tides; Coastal Eutrophication; 3rd Global Bleaching,sargassum; pollution; bleaching,Antonio-Martinez 2020 (Sci Rep); van Tussenbroek 2017 (Mar Pollut Bull); Banister et al. 2024 (PLoS ONE); Hughes et al. 2017 (Nature); Eakin et al. 2019 (Coral Reefs),caribbean-wide; local,chronic_pressure; chronic_regime,Sargassum Brown Tides,sargassum,37.5M tons,Leachate toxicity; larval spiral swimming; hypoxia (DO < 1mg/L),4,4,2194.5,3721.41,10440
NOAA_survey,Florida Keys,Elbow Reef,EL2,NA,NA,field,Natural colony,2014,0.67945205479452,2014,NA,compound,FALSE,FALSE,TRUE,FALSE,TRUE,timeline_overlay,multiple,3,Sargassum Brown Tides; Coastal Eutrophication; 3rd Global Bleaching,sargassum; pollution; bleaching,Antonio-Martinez 2020 (Sci Rep); van Tussenbroek 2017 (Mar Pollut Bull); Banister et al. 2024 (PLoS ONE); Hughes et al. 2017 (Nature); Eakin et al. 2019 (Coral Reefs),caribbean-wide; local,chronic_pressure; chronic_regime,Sargassum Brown Tides,sargassum,37.5M tons,Leachate toxicity; larval spiral swimming; hypoxia (DO < 1mg/L),1,1,130,130,130
NOAA_survey,Florida Keys,Elbow Reef,EL2,NA,NA,field,Natural colony,2014,0.947945205479452,2014,NA,compound,FALSE,FALSE,TRUE,FALSE,TRUE,timeline_overlay,multiple,3,Sargassum Brown Tides; Coastal Eutrophication; 3rd Global Bleaching,sargassum; pollution; bleaching,Antonio-Martinez 2020 (Sci Rep); van Tussenbroek 2017 (Mar Pollut Bull); Banister et al. 2024 (PLoS ONE); Hughes et al. 2017 (Nature); Eakin et al. 2019 (Coral Reefs),caribbean-wide; local,chronic_pressure; chronic_regime,Sargassum Brown Tides,sargassum,37.5M tons,Leachate toxicity; larval spiral swimming; hypoxia (DO < 1mg/L),1,1,468.75,468.75,468.75
NOAA_survey,Florida Keys,Elbow Reef,EL2,NA,NA,field,Natural colony,2014,0.986301369863013,2014,NA,compound,FALSE,FALSE,TRUE,FALSE,TRUE,timeline_overlay,multiple,3,Sargassum Brown Tides; Coastal Eutrophication; 3rd Global Bleaching,sargassum; pollution; bleaching,Antonio-Martinez 2020 (Sci Rep); van Tussenbroek 2017 (Mar Pollut Bull); Banister et al. 2024 (PLoS ONE); Hughes et al. 2017 (Nature); Eakin et al. 2019 (Coral Reefs),caribbean-wide; local,chronic_pressure; chronic_regime,Sargassum Brown Tides,sargassum,37.5M tons,Leachate toxicity; larval spiral swimming; hypoxia (DO < 1mg/L),1,1,19845,19845,19845
NOAA_survey,Florida Keys,Elbow Reef,EL2,NA,NA,field,Natural colony,2014,0.986301369863014,2014,NA,compound,FALSE,FALSE,TRUE,FALSE,TRUE,timeline_overlay,multiple,3,Sargassum Brown Tides; Coastal Eutrophication; 3rd Global Bleaching,sargassum; pollution; bleaching,Antonio-Martinez 2020 (Sci Rep); van Tussenbroek 2017 (Mar Pollut Bull); Banister et al. 2024 (PLoS ONE); Hughes et al. 2017 (Nature); Eakin et al. 2019 (Coral Reefs),caribbean-wide; local,chronic_pressure; chronic_regime,Sargassum Brown Tides,sargassum,37.5M tons,Leachate toxicity; larval spiral swimming; hypoxia (DO < 1mg/L),2,2,150,187,224
NOAA_survey,Florida Keys,Elbow Reef,EL3,NA,NA,field,Natural colony,2014,0.695890410958904,2014,NA,compound,FALSE,FALSE,TRUE,FALSE,TRUE,timeline_overlay,multiple,3,Sargassum Brown Tides; Coastal Eutrophication; 3rd Global Bleaching,sargassum; pollution; bleaching,Antonio-Martinez 2020 (Sci Rep); van Tussenbroek 2017 (Mar Pollut Bull); Banister et al. 2024 (PLoS ONE); Hughes et al. 2017 (Nature); Eakin et al. 2019 (Coral Reefs),caribbean-wide; local,chronic_pressure; chronic_regime,Sargassum Brown Tides,sargassum,37.5M tons,Leachate toxicity; larval spiral swimming; hypoxia (DO < 1mg/L),1,1,1176,1176,1176
NOAA_survey,Florida Keys,Elbow Reef,EL3,NA,NA,field,Natural colony,2014,0.695890410958905,2014,NA,compound,FALSE,FALSE,TRUE,FALSE,TRUE,timeline_overlay,multiple,3,Sargassum Brown Tides; Coastal Eutrophication; 3rd Global Bleaching,sargassum; pollution; bleaching,Antonio-Martinez 2020 (Sci Rep); van Tussenbroek 2017 (Mar Pollut Bull); Banister et al. 2024 (PLoS ONE); Hughes et al. 2017 (Nature); Eakin et al. 2019 (Coral Reefs),caribbean-wide; local,chronic_pressure; chronic_regime,Sargassum Brown Tides,sargassum,37.5M tons,Leachate toxicity; larval spiral swimming; hypoxia (DO < 1mg/L),1,1,4550,4550,4550
NOAA_survey,Florida Keys,Elbow Reef,EL3,NA,NA,field,Natural colony,2014,0.712328767123287,2014,NA,compound,FALSE,FALSE,TRUE,FALSE,TRUE,timeline_overlay,multiple,3,Sargassum Brown Tides; Coastal Eutrophication; 3rd Global Bleaching,sargassum; pollution; bleaching,Antonio-Martinez 2020 (Sci Rep); van Tussenbroek 2017 (Mar Pollut Bull); Banister et al. 2024 (PLoS ONE); Hughes et al. 2017 (Nature); Eakin et al. 2019 (Coral Reefs),caribbean-wide; local,chronic_pressure; chronic_regime,Sargassum Brown Tides,sargassum,37.5M tons,Leachate toxicity; larval spiral swimming; hypoxia (DO < 1mg/L),6,6,153,883.35,12495.6
NOAA_survey,Florida Keys,Elbow Reef,EL4,NA,NA,field,Natural colony,2014,0.684931506849315,2014,NA,compound,FALSE,FALSE,TRUE,FALSE,TRUE,timeline_overlay,multiple,3,Sargassum Brown Tides; Coastal Eutrophication; 3rd Global Bleaching,sargassum; pollution; bleaching,Antonio-Martinez 2020 (Sci Rep); van Tussenbroek 2017 (Mar Pollut Bull); Banister et al. 2024 (PLoS ONE); Hughes et al. 2017 (Nature); Eakin et al. 2019 (Coral Reefs),caribbean-wide; local,chronic_pressure; chronic_regime,Sargassum Brown Tides,sargassum,37.5M tons,Leachate toxicity; larval spiral swimming; hypoxia (DO < 1mg/L),1,1,20,20,20
NOAA_survey,Florida Keys,Elbow Reef,EL4,NA,NA,field,Natural colony,2014,0.695890410958904,2014,NA,compound,FALSE,FALSE,TRUE,FALSE,TRUE,timeline_overlay,multiple,3,Sargassum Brown Tides; Coastal Eutrophication; 3rd Global Bleaching,sargassum; pollution; bleaching,Antonio-Martinez 2020 (Sci Rep); van Tussenbroek 2017 (Mar Pollut Bull); Banister et al. 2024 (PLoS ONE); Hughes et al. 2017 (Nature); Eakin et al. 2019 (Coral Reefs),caribbean-wide; local,chronic_pressure; chronic_regime,Sargassum Brown Tides,sargassum,37.5M tons,Leachate toxicity; larval spiral swimming; hypoxia (DO < 1mg/L),1,1,102,102,102
NOAA_survey,Florida Keys,Elbow Reef,EL4,NA,NA,field,Natural colony,2014,0.975342465753425,2014,NA,compound,FALSE,FALSE,TRUE,FALSE,TRUE,timeline_overlay,multiple,3,Sargassum Brown Tides; Coastal Eutrophication; 3rd Global Bleaching,sargassum; pollution; bleaching,Antonio-Martinez 2020 (Sci Rep); van Tussenbroek 2017 (Mar Pollut Bull); Banister et al. 2024 (PLoS ONE); Hughes et al. 2017 (Nature); Eakin et al. 2019 (Coral Reefs),caribbean-wide; local,chronic_pressure; chronic_regime,Sargassum Brown Tides,sargassum,37.5M tons,Leachate toxicity; larval spiral swimming; hypoxia (DO < 1mg/L),1,1,47.5,47.5,47.5
NOAA_survey,Florida Keys,Elbow Reef,EL4,NA,NA,field,Natural colony,2014,1,2014,NA,compound,FALSE,FALSE,TRUE,FALSE,TRUE,timeline_overlay,multiple,3,Sargassum Brown Tides; Coastal Eutrophication; 3rd Global Bleaching,sargassum; pollution; bleaching,Antonio-Martinez 2020 (Sci Rep); van Tussenbroek 2017 (Mar Pollut Bull); Banister et al. 2024 (PLoS ONE); Hughes et al. 2017 (Nature); Eakin et al. 2019 (Coral Reefs),caribbean-wide; local,chronic_pressure; chronic_regime,Sargassum Brown Tides,sargassum,37.5M tons,Leachate toxicity; larval spiral swimming; hypoxia (DO < 1mg/L),3,3,24,54,120
NOAA_survey,Florida Keys,Elbow Reef,EL4,NA,NA,field,Restoration fragment,2014,1,2014,NA,compound,FALSE,FALSE,TRUE,FALSE,TRUE,timeline_overlay,multiple,3,Sargassum Brown Tides; Coastal Eutrophication; 3rd Global Bleaching,sargassum; pollution; bleaching,Antonio-Martinez 2020 (Sci Rep); van Tussenbroek 2017 (Mar Pollut Bull); Banister et al. 2024 (PLoS ONE); Hughes et al. 2017 (Nature); Eakin et al. 2019 (Coral Reefs),caribbean-wide; local,chronic_pressure; chronic_regime,Sargassum Brown Tides,sargassum,37.5M tons,Leachate toxicity; larval spiral swimming; hypoxia (DO < 1mg/L),1,1,5065.2,5065.2,5065.2
NOAA_survey,Florida Keys,Elbow Reef,EL5,NA,NA,field,Natural colony,2014,1,2014,NA,compound,FALSE,FALSE,TRUE,FALSE,TRUE,timeline_overlay,multiple,3,Sargassum Brown Tides; Coastal Eutrophication; 3rd Global Bleaching,sargassum; pollution; bleaching,Antonio-Martinez 2020 (Sci Rep); van Tussenbroek 2017 (Mar Pollut Bull); Banister et al. 2024 (PLoS ONE); Hughes et al. 2017 (Nature); Eakin et al. 2019 (Coral Reefs),caribbean-wide; local,chronic_pressure; chronic_regime,Sargassum Brown Tides,sargassum,37.5M tons,Leachate toxicity; larval spiral swimming; hypoxia (DO < 1mg/L),1,1,900,900,900
NOAA_survey,Florida Keys,French Reef,FR1,NA,NA,field,Natural colony,2014,0.98904109589041,2014,NA,compound,FALSE,FALSE,TRUE,FALSE,TRUE,timeline_overlay,multiple,3,Sargassum Brown Tides; Coastal Eutrophication; 3rd Global Bleaching,sargassum; pollution; bleaching,Antonio-Martinez 2020 (Sci Rep); van Tussenbroek 2017 (Mar Pollut Bull); Banister et al. 2024 (PLoS ONE); Hughes et al. 2017 (Nature); Eakin et al. 2019 (Coral Reefs),caribbean-wide; local,chronic_pressure; chronic_regime,Sargassum Brown Tides,sargassum,37.5M tons,Leachate toxicity; larval spiral swimming; hypoxia (DO < 1mg/L),9,9,97.5,1680,14563.2
NOAA_survey,Florida Keys,French Reef,FR3,NA,NA,field,Natural colony,2014,0.693150684931507,2014,NA,compound,FALSE,FALSE,TRUE,FALSE,TRUE,timeline_overlay,multiple,3,Sargassum Brown Tides; Coastal Eutrophication; 3rd Global Bleaching,sargassum; pollution; bleaching,Antonio-Martinez 2020 (Sci Rep); van Tussenbroek 2017 (Mar Pollut Bull); Banister et al. 2024 (PLoS ONE); Hughes et al. 2017 (Nature); Eakin et al. 2019 (Coral Reefs),caribbean-wide; local,chronic_pressure; chronic_regime,Sargassum Brown Tides,sargassum,37.5M tons,Leachate toxicity; larval spiral swimming; hypoxia (DO < 1mg/L),1,1,88,88,88
NOAA_survey,Florida Keys,Grecian Rocks,GR1,NA,NA,field,Natural colony,2014,0.947945205479452,2014,NA,compound,FALSE,FALSE,TRUE,FALSE,TRUE,timeline_overlay,multiple,3,Sargassum Brown Tides; Coastal Eutrophication; 3rd Global Bleaching,sargassum; pollution; bleaching,Antonio-Martinez 2020 (Sci Rep); van Tussenbroek 2017 (Mar Pollut Bull); Banister et al. 2024 (PLoS ONE); Hughes et al. 2017 (Nature); Eakin et al. 2019 (Coral Reefs),caribbean-wide; local,chronic_pressure; chronic_regime,Sargassum Brown Tides,sargassum,37.5M tons,Leachate toxicity; larval spiral swimming; hypoxia (DO < 1mg/L),11,11,21.84,1881.6,5086.4
NOAA_survey,Florida Keys,Grecian Rocks,GR1,NA,NA,field,Restoration fragment,2014,0.947945205479452,2014,NA,compound,FALSE,FALSE,TRUE,FALSE,TRUE,timeline_overlay,multiple,3,Sargassum Brown Tides; Coastal Eutrophication; 3rd Global Bleaching,sargassum; pollution; bleaching,Antonio-Martinez 2020 (Sci Rep); van Tussenbroek 2017 (Mar Pollut Bull); Banister et al. 2024 (PLoS ONE); Hughes et al. 2017 (Nature); Eakin et al. 2019 (Coral Reefs),caribbean-wide; local,chronic_pressure; chronic_regime,Sargassum Brown Tides,sargassum,37.5M tons,Leachate toxicity; larval spiral swimming; hypoxia (DO < 1mg/L),1,1,3069,3069,3069
NOAA_survey,Florida Keys,Grecian Rocks,GR2,NA,NA,field,Natural colony,2014,0.556164383561644,2014,NA,compound,FALSE,FALSE,TRUE,FALSE,TRUE,timeline_overlay,multiple,3,Sargassum Brown Tides; Coastal Eutrophication; 3rd Global Bleaching,sargassum; pollution; bleaching,Antonio-Martinez 2020 (Sci Rep); van Tussenbroek 2017 (Mar Pollut Bull); Banister et al. 2024 (PLoS ONE); Hughes et al. 2017 (Nature); Eakin et al. 2019 (Coral Reefs),caribbean-wide; local,chronic_pressure; chronic_regime,Sargassum Brown Tides,sargassum,37.5M tons,Leachate toxicity; larval spiral swimming; hypoxia (DO < 1mg/L),1,1,28.5,28.5,28.5
NOAA_survey,Florida Keys,Grecian Rocks,GR2,NA,NA,field,Natural colony,2014,0.928767123287671,2014,NA,compound,FALSE,FALSE,TRUE,FALSE,TRUE,timeline_overlay,multiple,3,Sargassum Brown Tides; Coastal Eutrophication; 3rd Global Bleaching,sargassum; pollution; bleaching,Antonio-Martinez 2020 (Sci Rep); van Tussenbroek 2017 (Mar Pollut Bull); Banister et al. 2024 (PLoS ONE); Hughes et al. 2017 (Nature); Eakin et al. 2019 (Coral Reefs),caribbean-wide; local,chronic_pressure; chronic_regime,Sargassum Brown Tides,sargassum,37.5M tons,Leachate toxicity; larval spiral swimming; hypoxia (DO < 1mg/L),10,10,112,2721.525,11970
NOAA_survey,Florida Keys,Grecian Rocks,GR3,NA,NA,field,Natural colony,2014,0.947945205479452,2014,NA,compound,FALSE,FALSE,TRUE,FALSE,TRUE,timeline_overlay,multiple,3,Sargassum Brown Tides; Coastal Eutrophication; 3rd Global Bleaching,sargassum; pollution; bleaching,Antonio-Martinez 2020 (Sci Rep); van Tussenbroek 2017 (Mar Pollut Bull); Banister et al. 2024 (PLoS ONE); Hughes et al. 2017 (Nature); Eakin et al. 2019 (Coral Reefs),caribbean-wide; local,chronic_pressure; chronic_regime,Sargassum Brown Tides,sargassum,37.5M tons,Leachate toxicity; larval spiral swimming; hypoxia (DO < 1mg/L),12,12,30,379.15,1262.6
NOAA_survey,Florida Keys,Key Largo Dry Rocks,KL1,NA,NA,field,Natural colony,2014,0.684931506849315,2014,NA,compound,FALSE,FALSE,TRUE,FALSE,TRUE,timeline_overlay,multiple,3,Sargassum Brown Tides; Coastal Eutrophication; 3rd Global Bleaching,sargassum; pollution; bleaching,Antonio-Martinez 2020 (Sci Rep); van Tussenbroek 2017 (Mar Pollut Bull); Banister et al. 2024 (PLoS ONE); Hughes et al. 2017 (Nature); Eakin et al. 2019 (Coral Reefs),caribbean-wide; local,chronic_pressure; chronic_regime,Sargassum Brown Tides,sargassum,37.5M tons,Leachate toxicity; larval spiral swimming; hypoxia (DO < 1mg/L),7,7,92,1180,2046.8
NOAA_survey,Florida Keys,Molasses Reef,ML1,NA,NA,field,Natural colony,2014,0.953424657534247,2014,NA,compound,FALSE,FALSE,TRUE,FALSE,TRUE,timeline_overlay,multiple,3,Sargassum Brown Tides; Coastal Eutrophication; 3rd Global Bleaching,sargassum; pollution; bleaching,Antonio-Martinez 2020 (Sci Rep); van Tussenbroek 2017 (Mar Pollut Bull); Banister et al. 2024 (PLoS ONE); Hughes et al. 2017 (Nature); Eakin et al. 2019 (Coral Reefs),caribbean-wide; local,chronic_pressure; chronic_regime,Sargassum Brown Tides,sargassum,37.5M tons,Leachate toxicity; larval spiral swimming; hypoxia (DO < 1mg/L),1,1,28.35,28.35,28.35
NOAA_survey,Florida Keys,Molasses Reef,ML1,NA,NA,field,Natural colony,2014,0.997260273972602,2014,NA,compound,FALSE,FALSE,TRUE,FALSE,TRUE,timeline_overlay,multiple,3,Sargassum Brown Tides; Coastal Eutrophication; 3rd Global Bleaching,sargassum; pollution; bleaching,Antonio-Martinez 2020 (Sci Rep); van Tussenbroek 2017 (Mar Pollut Bull); Banister et al. 2024 (PLoS ONE); Hughes et al. 2017 (Nature); Eakin et al. 2019 (Coral Reefs),caribbean-wide; local,chronic_pressure; chronic_regime,Sargassum Brown Tides,sargassum,37.5M tons,Leachate toxicity; larval spiral swimming; hypoxia (DO < 1mg/L),6,6,444.6,2814.355,13842.4
NOAA_survey,Florida Keys,Molasses Reef,ML2,NA,NA,field,Natural colony,2014,0.961643835616438,2014,NA,compound,FALSE,FALSE,TRUE,FALSE,TRUE,timeline_overlay,multiple,3,Sargassum Brown Tides; Coastal Eutrophication; 3rd Global Bleaching,sargassum; pollution; bleaching,Antonio-Martinez 2020 (Sci Rep); van Tussenbroek 2017 (Mar Pollut Bull); Banister et al. 2024 (PLoS ONE); Hughes et al. 2017 (Nature); Eakin et al. 2019 (Coral Reefs),caribbean-wide; local,chronic_pressure; chronic_regime,Sargassum Brown Tides,sargassum,37.5M tons,Leachate toxicity; larval spiral swimming; hypoxia (DO < 1mg/L),2,2,33.25,298.225,563.2
NOAA_survey,Florida Keys,Molasses Reef,ML2,NA,NA,field,Natural colony,2014,0.961643835616439,2014,NA,compound,FALSE,FALSE,TRUE,FALSE,TRUE,timeline_overlay,multiple,3,Sargassum Brown Tides; Coastal Eutrophication; 3rd Global Bleaching,sargassum; pollution; bleaching,Antonio-Martinez 2020 (Sci Rep); van Tussenbroek 2017 (Mar Pollut Bull); Banister et al. 2024 (PLoS ONE); Hughes et al. 2017 (Nature); Eakin et al. 2019 (Coral Reefs),caribbean-wide; local,chronic_pressure; chronic_regime,Sargassum Brown Tides,sargassum,37.5M tons,Leachate toxicity; larval spiral swimming; hypoxia (DO < 1mg/L),1,1,76,76,76
NOAA_survey,Florida Keys,Molasses Reef,ML2,NA,NA,field,Natural colony,2014,0.997260273972602,2014,NA,compound,FALSE,FALSE,TRUE,FALSE,TRUE,timeline_overlay,multiple,3,Sargassum Brown Tides; Coastal Eutrophication; 3rd Global Bleaching,sargassum; pollution; bleaching,Antonio-Martinez 2020 (Sci Rep); van Tussenbroek 2017 (Mar Pollut Bull); Banister et al. 2024 (PLoS ONE); Hughes et al. 2017 (Nature); Eakin et al. 2019 (Coral Reefs),caribbean-wide; local,chronic_pressure; chronic_regime,Sargassum Brown Tides,sargassum,37.5M tons,Leachate toxicity; larval spiral swimming; hypoxia (DO < 1mg/L),7,7,30,2705.6,13832
NOAA_survey,Florida Keys,Sand Island,SI2,NA,NA,field,Natural colony,2014,0.632876712328767,2014,NA,compound,FALSE,FALSE,TRUE,FALSE,TRUE,timeline_overlay,multiple,3,Sargassum Brown Tides; Coastal Eutrophication; 3rd Global Bleaching,sargassum; pollution; bleaching,Antonio-Martinez 2020 (Sci Rep); van Tussenbroek 2017 (Mar Pollut Bull); Banister et al. 2024 (PLoS ONE); Hughes et al. 2017 (Nature); Eakin et al. 2019 (Coral Reefs),caribbean-wide; local,chronic_pressure; chronic_regime,Sargassum Brown Tides,sargassum,37.5M tons,Leachate toxicity; larval spiral swimming; hypoxia (DO < 1mg/L),1,1,9,9,9
NOAA_survey,Florida Keys,Sand Island,SI2,NA,NA,field,Natural colony,2014,0.991780821917808,2014,NA,compound,FALSE,FALSE,TRUE,FALSE,TRUE,timeline_overlay,multiple,3,Sargassum Brown Tides; Coastal Eutrophication; 3rd Global Bleaching,sargassum; pollution; bleaching,Antonio-Martinez 2020 (Sci Rep); van Tussenbroek 2017 (Mar Pollut Bull); Banister et al. 2024 (PLoS ONE); Hughes et al. 2017 (Nature); Eakin et al. 2019 (Coral Reefs),caribbean-wide; local,chronic_pressure; chronic_regime,Sargassum Brown Tides,sargassum,37.5M tons,Leachate toxicity; larval spiral swimming; hypoxia (DO < 1mg/L),9,9,484.5,10402.5,33247.5
NOAA_survey,Florida Keys,Turtle Rocks,TR1,NA,NA,field,Natural colony,2014,0.978082191780822,2014,NA,compound,FALSE,FALSE,TRUE,FALSE,TRUE,timeline_overlay,multiple,3,Sargassum Brown Tides; Coastal Eutrophication; 3rd Global Bleaching,sargassum; pollution; bleaching,Antonio-Martinez 2020 (Sci Rep); van Tussenbroek 2017 (Mar Pollut Bull); Banister et al. 2024 (PLoS ONE); Hughes et al. 2017 (Nature); Eakin et al. 2019 (Coral Reefs),caribbean-wide; local,chronic_pressure; chronic_regime,Sargassum Brown Tides,sargassum,37.5M tons,Leachate toxicity; larval spiral swimming; hypoxia (DO < 1mg/L),10,10,12,812.175,16434
NOAA_survey,Florida Keys,Turtle Rocks,TR1,NA,NA,field,Restoration fragment,2014,0.978082191780822,2014,NA,compound,FALSE,FALSE,TRUE,FALSE,TRUE,timeline_overlay,multiple,3,Sargassum Brown Tides; Coastal Eutrophication; 3rd Global Bleaching,sargassum; pollution; bleaching,Antonio-Martinez 2020 (Sci Rep); van Tussenbroek 2017 (Mar Pollut Bull); Banister et al. 2024 (PLoS ONE); Hughes et al. 2017 (Nature); Eakin et al. 2019 (Coral Reefs),caribbean-wide; local,chronic_pressure; chronic_regime,Sargassum Brown Tides,sargassum,37.5M tons,Leachate toxicity; larval spiral swimming; hypoxia (DO < 1mg/L),2,2,144,471,798
NOAA_survey,Florida Keys,Turtle Rocks,TR2,NA,NA,field,Natural colony,2014,0.96986301369863,2014,NA,compound,FALSE,FALSE,TRUE,FALSE,TRUE,timeline_overlay,multiple,3,Sargassum Brown Tides; Coastal Eutrophication; 3rd Global Bleaching,sargassum; pollution; bleaching,Antonio-Martinez 2020 (Sci Rep); van Tussenbroek 2017 (Mar Pollut Bull); Banister et al. 2024 (PLoS ONE); Hughes et al. 2017 (Nature); Eakin et al. 2019 (Coral Reefs),caribbean-wide; local,chronic_pressure; chronic_regime,Sargassum Brown Tides,sargassum,37.5M tons,Leachate toxicity; larval spiral swimming; hypoxia (DO < 1mg/L),10,10,15,1032.4,7389.9
NOAA_survey,Florida Keys,Turtle Rocks,TR2,NA,NA,field,Restoration fragment,2014,0.96986301369863,2014,NA,compound,FALSE,FALSE,TRUE,FALSE,TRUE,timeline_overlay,multiple,3,Sargassum Brown Tides; Coastal Eutrophication; 3rd Global Bleaching,sargassum; pollution; bleaching,Antonio-Martinez 2020 (Sci Rep); van Tussenbroek 2017 (Mar Pollut Bull); Banister et al. 2024 (PLoS ONE); Hughes et al. 2017 (Nature); Eakin et al. 2019 (Coral Reefs),caribbean-wide; local,chronic_pressure; chronic_regime,Sargassum Brown Tides,sargassum,37.5M tons,Leachate toxicity; larval spiral swimming; hypoxia (DO < 1mg/L),1,1,567,567,567
NOAA_survey,Florida Keys,Turtle Rocks,TR3,NA,NA,field,Natural colony,2014,0.96986301369863,2014,NA,compound,FALSE,FALSE,TRUE,FALSE,TRUE,timeline_overlay,multiple,3,Sargassum Brown Tides; Coastal Eutrophication; 3rd Global Bleaching,sargassum; pollution; bleaching,Antonio-Martinez 2020 (Sci Rep); van Tussenbroek 2017 (Mar Pollut Bull); Banister et al. 2024 (PLoS ONE); Hughes et al. 2017 (Nature); Eakin et al. 2019 (Coral Reefs),caribbean-wide; local,chronic_pressure; chronic_regime,Sargassum Brown Tides,sargassum,37.5M tons,Leachate toxicity; larval spiral swimming; hypoxia (DO < 1mg/L),9,9,12,1368.5,33379.2
NOAA_survey,Florida Keys,Turtle Rocks,TR3,NA,NA,field,Restoration fragment,2014,0.96986301369863,2014,NA,compound,FALSE,FALSE,TRUE,FALSE,TRUE,timeline_overlay,multiple,3,Sargassum Brown Tides; Coastal Eutrophication; 3rd Global Bleaching,sargassum; pollution; bleaching,Antonio-Martinez 2020 (Sci Rep); van Tussenbroek 2017 (Mar Pollut Bull); Banister et al. 2024 (PLoS ONE); Hughes et al. 2017 (Nature); Eakin et al. 2019 (Coral Reefs),caribbean-wide; local,chronic_pressure; chronic_regime,Sargassum Brown Tides,sargassum,37.5M tons,Leachate toxicity; larval spiral swimming; hypoxia (DO < 1mg/L),3,3,198,2990.79,4548.6
NOAA_survey,Florida Keys,Carysfort Reef,CF2,NA,NA,field,Natural colony,2014,1.03835616438356,2015,NA,compound,FALSE,FALSE,TRUE,FALSE,TRUE,timeline_overlay,multiple,3,Sargassum Brown Tides; Coastal Eutrophication; 3rd Global Bleaching,sargassum; pollution; bleaching,Antonio-Martinez 2020 (Sci Rep); van Tussenbroek 2017 (Mar Pollut Bull); Banister et al. 2024 (PLoS ONE); Hughes et al. 2017 (Nature); Eakin et al. 2019 (Coral Reefs),caribbean-wide; local,chronic_pressure; chronic_regime,Sargassum Brown Tides,sargassum,37.5M tons,Leachate toxicity; larval spiral swimming; hypoxia (DO < 1mg/L),2,2,723.45,4202.325,7681.2
NOAA_survey,Florida Keys,Carysfort Reef,CF3,NA,NA,field,Natural colony,2014,1.03835616438356,2015,NA,compound,FALSE,FALSE,TRUE,FALSE,TRUE,timeline_overlay,multiple,3,Sargassum Brown Tides; Coastal Eutrophication; 3rd Global Bleaching,sargassum; pollution; bleaching,Antonio-Martinez 2020 (Sci Rep); van Tussenbroek 2017 (Mar Pollut Bull); Banister et al. 2024 (PLoS ONE); Hughes et al. 2017 (Nature); Eakin et al. 2019 (Coral Reefs),caribbean-wide; local,chronic_pressure; chronic_regime,Sargassum Brown Tides,sargassum,37.5M tons,Leachate toxicity; larval spiral swimming; hypoxia (DO < 1mg/L),1,1,156,156,156
NOAA_survey,Florida Keys,Carysfort Reef,CF3,NA,NA,field,Natural colony,2014,1.30684931506849,2015,NA,compound,FALSE,FALSE,TRUE,FALSE,TRUE,timeline_overlay,multiple,3,Sargassum Brown Tides; Coastal Eutrophication; 3rd Global Bleaching,sargassum; pollution; bleaching,Antonio-Martinez 2020 (Sci Rep); van Tussenbroek 2017 (Mar Pollut Bull); Banister et al. 2024 (PLoS ONE); Hughes et al. 2017 (Nature); Eakin et al. 2019 (Coral Reefs),caribbean-wide; local,chronic_pressure; chronic_regime,Sargassum Brown Tides,sargassum,37.5M tons,Leachate toxicity; larval spiral swimming; hypoxia (DO < 1mg/L),4,4,54,8468.25,16042.5
NOAA_survey,Florida Keys,Elbow Reef,EL1,NA,NA,field,Natural colony,2014,1.0027397260274,2015,NA,compound,FALSE,FALSE,TRUE,FALSE,TRUE,timeline_overlay,multiple,3,Sargassum Brown Tides; Coastal Eutrophication; 3rd Global Bleaching,sargassum; pollution; bleaching,Antonio-Martinez 2020 (Sci Rep); van Tussenbroek 2017 (Mar Pollut Bull); Banister et al. 2024 (PLoS ONE); Hughes et al. 2017 (Nature); Eakin et al. 2019 (Coral Reefs),caribbean-wide; local,chronic_pressure; chronic_regime,Sargassum Brown Tides,sargassum,37.5M tons,Leachate toxicity; larval spiral swimming; hypoxia (DO < 1mg/L),7,7,460.8,7038.4,43470
NOAA_survey,Florida Keys,Elbow Reef,EL2,NA,NA,field,Natural colony,2014,1.0027397260274,2015,NA,compound,FALSE,FALSE,TRUE,FALSE,TRUE,timeline_overlay,multiple,3,Sargassum Brown Tides; Coastal Eutrophication; 3rd Global Bleaching,sargassum; pollution; bleaching,Antonio-Martinez 2020 (Sci Rep); van Tussenbroek 2017 (Mar Pollut Bull); Banister et al. 2024 (PLoS ONE); Hughes et al. 2017 (Nature); Eakin et al. 2019 (Coral Reefs),caribbean-wide; local,chronic_pressure; chronic_regime,Sargassum Brown Tides,sargassum,37.5M tons,Leachate toxicity; larval spiral swimming; hypoxia (DO < 1mg/L),6,6,48,2100.75,7628.5
NOAA_survey,Florida Keys,Elbow Reef,EL3,NA,NA,field,Natural colony,2014,1.01917808219178,2015,NA,compound,FALSE,FALSE,TRUE,FALSE,TRUE,timeline_overlay,multiple,3,Sargassum Brown Tides; Coastal Eutrophication; 3rd Global Bleaching,sargassum; pollution; bleaching,Antonio-Martinez 2020 (Sci Rep); van Tussenbroek 2017 (Mar Pollut Bull); Banister et al. 2024 (PLoS ONE); Hughes et al. 2017 (Nature); Eakin et al. 2019 (Coral Reefs),caribbean-wide; local,chronic_pressure; chronic_regime,Sargassum Brown Tides,sargassum,37.5M tons,Leachate toxicity; larval spiral swimming; hypoxia (DO < 1mg/L),3,3,18,210,5962.5
NOAA_survey,Florida Keys,Elbow Reef,EL3,NA,NA,field,Natural colony,2014,1.05205479452055,2015,NA,compound,FALSE,FALSE,TRUE,FALSE,TRUE,timeline_overlay,multiple,3,Sargassum Brown Tides; Coastal Eutrophication; 3rd Global Bleaching,sargassum; pollution; bleaching,Antonio-Martinez 2020 (Sci Rep); van Tussenbroek 2017 (Mar Pollut Bull); Banister et al. 2024 (PLoS ONE); Hughes et al. 2017 (Nature); Eakin et al. 2019 (Coral Reefs),caribbean-wide; local,chronic_pressure; chronic_regime,Sargassum Brown Tides,sargassum,37.5M tons,Leachate toxicity; larval spiral swimming; hypoxia (DO < 1mg/L),1,1,30,30,30
NOAA_survey,Florida Keys,Elbow Reef,EL4,NA,NA,field,Natural colony,2014,1.01917808219178,2015,NA,compound,FALSE,FALSE,TRUE,FALSE,TRUE,timeline_overlay,multiple,3,Sargassum Brown Tides; Coastal Eutrophication; 3rd Global Bleaching,sargassum; pollution; bleaching,Antonio-Martinez 2020 (Sci Rep); van Tussenbroek 2017 (Mar Pollut Bull); Banister et al. 2024 (PLoS ONE); Hughes et al. 2017 (Nature); Eakin et al. 2019 (Coral Reefs),caribbean-wide; local,chronic_pressure; chronic_regime,Sargassum Brown Tides,sargassum,37.5M tons,Leachate toxicity; larval spiral swimming; hypoxia (DO < 1mg/L),5,5,79.2,7891.2,20996
NOAA_survey,Florida Keys,Elbow Reef,EL5,NA,NA,field,Natural colony,2014,1.01917808219178,2015,NA,compound,FALSE,FALSE,TRUE,FALSE,TRUE,timeline_overlay,multiple,3,Sargassum Brown Tides; Coastal Eutrophication; 3rd Global Bleaching,sargassum; pollution; bleaching,Antonio-Martinez 2020 (Sci Rep); van Tussenbroek 2017 (Mar Pollut Bull); Banister et al. 2024 (PLoS ONE); Hughes et al. 2017 (Nature); Eakin et al. 2019 (Coral Reefs),caribbean-wide; local,chronic_pressure; chronic_regime,Sargassum Brown Tides,sargassum,37.5M tons,Leachate toxicity; larval spiral swimming; hypoxia (DO < 1mg/L),3,3,553.5,568.1,5322.3
NOAA_survey,Florida Keys,French Reef,FR1,NA,NA,field,Natural colony,2014,1.01643835616438,2015,NA,compound,FALSE,FALSE,TRUE,FALSE,TRUE,timeline_overlay,multiple,3,Sargassum Brown Tides; Coastal Eutrophication; 3rd Global Bleaching,sargassum; pollution; bleaching,Antonio-Martinez 2020 (Sci Rep); van Tussenbroek 2017 (Mar Pollut Bull); Banister et al. 2024 (PLoS ONE); Hughes et al. 2017 (Nature); Eakin et al. 2019 (Coral Reefs),caribbean-wide; local,chronic_pressure; chronic_regime,Sargassum Brown Tides,sargassum,37.5M tons,Leachate toxicity; larval spiral swimming; hypoxia (DO < 1mg/L),2,2,185.25,901.125,1617
NOAA_survey,Florida Keys,French Reef,FR1,NA,NA,field,Natural colony,2014,1.03835616438356,2015,NA,compound,FALSE,FALSE,TRUE,FALSE,TRUE,timeline_overlay,multiple,3,Sargassum Brown Tides; Coastal Eutrophication; 3rd Global Bleaching,sargassum; pollution; bleaching,Antonio-Martinez 2020 (Sci Rep); van Tussenbroek 2017 (Mar Pollut Bull); Banister et al. 2024 (PLoS ONE); Hughes et al. 2017 (Nature); Eakin et al. 2019 (Coral Reefs),caribbean-wide; local,chronic_pressure; chronic_regime,Sargassum Brown Tides,sargassum,37.5M tons,Leachate toxicity; larval spiral swimming; hypoxia (DO < 1mg/L),1,1,45,45,45
NOAA_survey,Florida Keys,French Reef,FR2,NA,NA,field,Natural colony,2014,1.0027397260274,2015,NA,compound,FALSE,FALSE,TRUE,FALSE,TRUE,timeline_overlay,multiple,3,Sargassum Brown Tides; Coastal Eutrophication; 3rd Global Bleaching,sargassum; pollution; bleaching,Antonio-Martinez 2020 (Sci Rep); van Tussenbroek 2017 (Mar Pollut Bull); Banister et al. 2024 (PLoS ONE); Hughes et al. 2017 (Nature); Eakin et al. 2019 (Coral Reefs),caribbean-wide; local,chronic_pressure; chronic_regime,Sargassum Brown Tides,sargassum,37.5M tons,Leachate toxicity; larval spiral swimming; hypoxia (DO < 1mg/L),2,2,84,402,720
NOAA_survey,Florida Keys,French Reef,FR2,NA,NA,field,Natural colony,2014,1.01643835616438,2015,NA,compound,FALSE,FALSE,TRUE,FALSE,TRUE,timeline_overlay,multiple,3,Sargassum Brown Tides; Coastal Eutrophication; 3rd Global Bleaching,sargassum; pollution; bleaching,Antonio-Martinez 2020 (Sci Rep); van Tussenbroek 2017 (Mar Pollut Bull); Banister et al. 2024 (PLoS ONE); Hughes et al. 2017 (Nature); Eakin et al. 2019 (Coral Reefs),caribbean-wide; local,chronic_pressure; chronic_regime,Sargassum Brown Tides,sargassum,37.5M tons,Leachate toxicity; larval spiral swimming; hypoxia (DO < 1mg/L),10,10,86.4,249.4,3811.5
NOAA_survey,Florida Keys,French Reef,FR3,NA,NA,field,Natural colony,2014,1.01369863013699,2015,NA,compound,FALSE,FALSE,TRUE,FALSE,TRUE,timeline_overlay,multiple,3,Sargassum Brown Tides; Coastal Eutrophication; 3rd Global Bleaching,sargassum; pollution; bleaching,Antonio-Martinez 2020 (Sci Rep); van Tussenbroek 2017 (Mar Pollut Bull); Banister et al. 2024 (PLoS ONE); Hughes et al. 2017 (Nature); Eakin et al. 2019 (Coral Reefs),caribbean-wide; local,chronic_pressure; chronic_regime,Sargassum Brown Tides,sargassum,37.5M tons,Leachate toxicity; larval spiral swimming; hypoxia (DO < 1mg/L),10,10,35,211.2,4375.8
NOAA_survey,Florida Keys,Key Largo Dry Rocks,KL1,NA,NA,field,Natural colony,2014,1.03013698630137,2015,NA,compound,FALSE,FALSE,TRUE,FALSE,TRUE,timeline_overlay,multiple,3,Sargassum Brown Tides; Coastal Eutrophication; 3rd Global Bleaching,sargassum; pollution; bleaching,Antonio-Martinez 2020 (Sci Rep); van Tussenbroek 2017 (Mar Pollut Bull); Banister et al. 2024 (PLoS ONE); Hughes et al. 2017 (Nature); Eakin et al. 2019 (Coral Reefs),caribbean-wide; local,chronic_pressure; chronic_regime,Sargassum Brown Tides,sargassum,37.5M tons,Leachate toxicity; larval spiral swimming; hypoxia (DO < 1mg/L),7,7,22.8,70,472.5
NOAA_survey,Florida Keys,Key Largo Dry Rocks,KL3,NA,NA,field,Natural colony,2014,1.03013698630137,2015,NA,compound,FALSE,FALSE,TRUE,FALSE,TRUE,timeline_overlay,multiple,3,Sargassum Brown Tides; Coastal Eutrophication; 3rd Global Bleaching,sargassum; pollution; bleaching,Antonio-Martinez 2020 (Sci Rep); van Tussenbroek 2017 (Mar Pollut Bull); Banister et al. 2024 (PLoS ONE); Hughes et al. 2017 (Nature); Eakin et al. 2019 (Coral Reefs),caribbean-wide; local,chronic_pressure; chronic_regime,Sargassum Brown Tides,sargassum,37.5M tons,Leachate toxicity; larval spiral swimming; hypoxia (DO < 1mg/L),9,9,6,55,166.32
NOAA_survey,Florida Keys,Key Largo Dry Rocks,KL3,NA,NA,field,Natural colony,2014,1.04383561643836,2015,NA,compound,FALSE,FALSE,TRUE,FALSE,TRUE,timeline_overlay,multiple,3,Sargassum Brown Tides; Coastal Eutrophication; 3rd Global Bleaching,sargassum; pollution; bleaching,Antonio-Martinez 2020 (Sci Rep); van Tussenbroek 2017 (Mar Pollut Bull); Banister et al. 2024 (PLoS ONE); Hughes et al. 2017 (Nature); Eakin et al. 2019 (Coral Reefs),caribbean-wide; local,chronic_pressure; chronic_regime,Sargassum Brown Tides,sargassum,37.5M tons,Leachate toxicity; larval spiral swimming; hypoxia (DO < 1mg/L),3,3,150,238,447.95
NOAA_survey,Florida Keys,Key Largo Dry Rocks,KL4,NA,NA,field,Natural colony,2014,1.03013698630137,2015,NA,compound,FALSE,FALSE,TRUE,FALSE,TRUE,timeline_overlay,multiple,3,Sargassum Brown Tides; Coastal Eutrophication; 3rd Global Bleaching,sargassum; pollution; bleaching,Antonio-Martinez 2020 (Sci Rep); van Tussenbroek 2017 (Mar Pollut Bull); Banister et al. 2024 (PLoS ONE); Hughes et al. 2017 (Nature); Eakin et al. 2019 (Coral Reefs),caribbean-wide; local,chronic_pressure; chronic_regime,Sargassum Brown Tides,sargassum,37.5M tons,Leachate toxicity; larval spiral swimming; hypoxia (DO < 1mg/L),9,9,47.52,2355.2,12544
NOAA_survey,Florida Keys,Molasses Reef,ML1,NA,NA,field,Natural colony,2014,1.03013698630137,2015,NA,compound,FALSE,FALSE,TRUE,FALSE,TRUE,timeline_overlay,multiple,3,Sargassum Brown Tides; Coastal Eutrophication; 3rd Global Bleaching,sargassum; pollution; bleaching,Antonio-Martinez 2020 (Sci Rep); van Tussenbroek 2017 (Mar Pollut Bull); Banister et al. 2024 (PLoS ONE); Hughes et al. 2017 (Nature); Eakin et al. 2019 (Coral Reefs),caribbean-wide; local,chronic_pressure; chronic_regime,Sargassum Brown Tides,sargassum,37.5M tons,Leachate toxicity; larval spiral swimming; hypoxia (DO < 1mg/L),3,3,9.6,83.2,546
NOAA_survey,Florida Keys,Molasses Reef,ML2,NA,NA,field,Natural colony,2014,1.03013698630137,2015,NA,compound,FALSE,FALSE,TRUE,FALSE,TRUE,timeline_overlay,multiple,3,Sargassum Brown Tides; Coastal Eutrophication; 3rd Global Bleaching,sargassum; pollution; bleaching,Antonio-Martinez 2020 (Sci Rep); van Tussenbroek 2017 (Mar Pollut Bull); Banister et al. 2024 (PLoS ONE); Hughes et al. 2017 (Nature); Eakin et al. 2019 (Coral Reefs),caribbean-wide; local,chronic_pressure; chronic_regime,Sargassum Brown Tides,sargassum,37.5M tons,Leachate toxicity; larval spiral swimming; hypoxia (DO < 1mg/L),2,2,104,238.3,372.6
NOAA_survey,Florida Keys,Molasses Reef,ML3,NA,NA,field,Natural colony,2014,1.0027397260274,2015,NA,compound,FALSE,FALSE,TRUE,FALSE,TRUE,timeline_overlay,multiple,3,Sargassum Brown Tides; Coastal Eutrophication; 3rd Global Bleaching,sargassum; pollution; bleaching,Antonio-Martinez 2020 (Sci Rep); van Tussenbroek 2017 (Mar Pollut Bull); Banister et al. 2024 (PLoS ONE); Hughes et al. 2017 (Nature); Eakin et al. 2019 (Coral Reefs),caribbean-wide; local,chronic_pressure; chronic_regime,Sargassum Brown Tides,sargassum,37.5M tons,Leachate toxicity; larval spiral swimming; hypoxia (DO < 1mg/L),3,3,256,598.5,8068.8
NOAA_survey,Florida Keys,Molasses Reef,ML3,NA,NA,field,Natural colony,2014,1.32054794520548,2015,NA,compound,FALSE,FALSE,TRUE,FALSE,TRUE,timeline_overlay,multiple,3,Sargassum Brown Tides; Coastal Eutrophication; 3rd Global Bleaching,sargassum; pollution; bleaching,Antonio-Martinez 2020 (Sci Rep); van Tussenbroek 2017 (Mar Pollut Bull); Banister et al. 2024 (PLoS ONE); Hughes et al. 2017 (Nature); Eakin et al. 2019 (Coral Reefs),caribbean-wide; local,chronic_pressure; chronic_regime,Sargassum Brown Tides,sargassum,37.5M tons,Leachate toxicity; larval spiral swimming; hypoxia (DO < 1mg/L),9,9,1108.8,10340,30576
NOAA_survey,Florida Keys,Sand Island,SI1,NA,NA,field,Natural colony,2014,1.01643835616438,2015,NA,compound,FALSE,FALSE,TRUE,FALSE,TRUE,timeline_overlay,multiple,3,Sargassum Brown Tides; Coastal Eutrophication; 3rd Global Bleaching,sargassum; pollution; bleaching,Antonio-Martinez 2020 (Sci Rep); van Tussenbroek 2017 (Mar Pollut Bull); Banister et al. 2024 (PLoS ONE); Hughes et al. 2017 (Nature); Eakin et al. 2019 (Coral Reefs),caribbean-wide; local,chronic_pressure; chronic_regime,Sargassum Brown Tides,sargassum,37.5M tons,Leachate toxicity; larval spiral swimming; hypoxia (DO < 1mg/L),10,10,4.5,386.1,11264
NOAA_survey,Florida Keys,Sand Island,SI1,NA,NA,field,Natural colony,2014,1.03835616438356,2015,NA,compound,FALSE,FALSE,TRUE,FALSE,TRUE,timeline_overlay,multiple,3,Sargassum Brown Tides; Coastal Eutrophication; 3rd Global Bleaching,sargassum; pollution; bleaching,Antonio-Martinez 2020 (Sci Rep); van Tussenbroek 2017 (Mar Pollut Bull); Banister et al. 2024 (PLoS ONE); Hughes et al. 2017 (Nature); Eakin et al. 2019 (Coral Reefs),caribbean-wide; local,chronic_pressure; chronic_regime,Sargassum Brown Tides,sargassum,37.5M tons,Leachate toxicity; larval spiral swimming; hypoxia (DO < 1mg/L),2,2,2774,8594.2,14414.4
NOAA_survey,Florida Keys,Sand Island,SI2,NA,NA,field,Natural colony,2014,1.03835616438356,2015,NA,compound,FALSE,FALSE,TRUE,FALSE,TRUE,timeline_overlay,multiple,3,Sargassum Brown Tides; Coastal Eutrophication; 3rd Global Bleaching,sargassum; pollution; bleaching,Antonio-Martinez 2020 (Sci Rep); van Tussenbroek 2017 (Mar Pollut Bull); Banister et al. 2024 (PLoS ONE); Hughes et al. 2017 (Nature); Eakin et al. 2019 (Coral Reefs),caribbean-wide; local,chronic_pressure; chronic_regime,Sargassum Brown Tides,sargassum,37.5M tons,Leachate toxicity; larval spiral swimming; hypoxia (DO < 1mg/L),2,2,268.8,1542,2815.2
NOAA_survey,Florida Keys,Sand Island,SI3,NA,NA,field,Natural colony,2014,1.01643835616438,2015,NA,compound,FALSE,FALSE,TRUE,FALSE,TRUE,timeline_overlay,multiple,3,Sargassum Brown Tides; Coastal Eutrophication; 3rd Global Bleaching,sargassum; pollution; bleaching,Antonio-Martinez 2020 (Sci Rep); van Tussenbroek 2017 (Mar Pollut Bull); Banister et al. 2024 (PLoS ONE); Hughes et al. 2017 (Nature); Eakin et al. 2019 (Coral Reefs),caribbean-wide; local,chronic_pressure; chronic_regime,Sargassum Brown Tides,sargassum,37.5M tons,Leachate toxicity; larval spiral swimming; hypoxia (DO < 1mg/L),4,4,13.5,72,300
NOAA_survey,Florida Keys,Sand Island,SI3,NA,NA,field,Natural colony,2014,1.03561643835616,2015,NA,compound,FALSE,FALSE,TRUE,FALSE,TRUE,timeline_overlay,multiple,3,Sargassum Brown Tides; Coastal Eutrophication; 3rd Global Bleaching,sargassum; pollution; bleaching,Antonio-Martinez 2020 (Sci Rep); van Tussenbroek 2017 (Mar Pollut Bull); Banister et al. 2024 (PLoS ONE); Hughes et al. 2017 (Nature); Eakin et al. 2019 (Coral Reefs),caribbean-wide; local,chronic_pressure; chronic_regime,Sargassum Brown Tides,sargassum,37.5M tons,Leachate toxicity; larval spiral swimming; hypoxia (DO < 1mg/L),5,5,3.22,493,10400
NOAA_survey,Florida Keys,Carysfort Reef,CF1,NA,NA,field,Natural colony,2015,0.994520547945206,2015,NA,compound,FALSE,FALSE,TRUE,FALSE,TRUE,timeline_overlay,multiple,3,Sargassum Brown Tides; Coastal Eutrophication; 3rd Global Bleaching,sargassum; pollution; bleaching,Antonio-Martinez 2020 (Sci Rep); van Tussenbroek 2017 (Mar Pollut Bull); Banister et al. 2024 (PLoS ONE); Hughes et al. 2017 (Nature); Eakin et al. 2019 (Coral Reefs),caribbean-wide; local,chronic_pressure; chronic_regime,Sargassum Brown Tides,sargassum,37.5M tons,Leachate toxicity; larval spiral swimming; hypoxia (DO < 1mg/L),1,1,42,42,42
NOAA_survey,Florida Keys,Carysfort Reef,CF2,NA,NA,field,Natural colony,2015,0.720547945205479,2015,NA,compound,FALSE,FALSE,TRUE,FALSE,TRUE,timeline_overlay,multiple,3,Sargassum Brown Tides; Coastal Eutrophication; 3rd Global Bleaching,sargassum; pollution; bleaching,Antonio-Martinez 2020 (Sci Rep); van Tussenbroek 2017 (Mar Pollut Bull); Banister et al. 2024 (PLoS ONE); Hughes et al. 2017 (Nature); Eakin et al. 2019 (Coral Reefs),caribbean-wide; local,chronic_pressure; chronic_regime,Sargassum Brown Tides,sargassum,37.5M tons,Leachate toxicity; larval spiral swimming; hypoxia (DO < 1mg/L),1,1,846.4,846.4,846.4
NOAA_survey,Florida Keys,Carysfort Reef,CF2,NA,NA,field,Natural colony,2015,0.72054794520548,2015,NA,compound,FALSE,FALSE,TRUE,FALSE,TRUE,timeline_overlay,multiple,3,Sargassum Brown Tides; Coastal Eutrophication; 3rd Global Bleaching,sargassum; pollution; bleaching,Antonio-Martinez 2020 (Sci Rep); van Tussenbroek 2017 (Mar Pollut Bull); Banister et al. 2024 (PLoS ONE); Hughes et al. 2017 (Nature); Eakin et al. 2019 (Coral Reefs),caribbean-wide; local,chronic_pressure; chronic_regime,Sargassum Brown Tides,sargassum,37.5M tons,Leachate toxicity; larval spiral swimming; hypoxia (DO < 1mg/L),1,1,9898.2,9898.2,9898.2
NOAA_survey,Florida Keys,Carysfort Reef,CF2,NA,NA,field,Natural colony,2015,0.994520547945206,2015,NA,compound,FALSE,FALSE,TRUE,FALSE,TRUE,timeline_overlay,multiple,3,Sargassum Brown Tides; Coastal Eutrophication; 3rd Global Bleaching,sargassum; pollution; bleaching,Antonio-Martinez 2020 (Sci Rep); van Tussenbroek 2017 (Mar Pollut Bull); Banister et al. 2024 (PLoS ONE); Hughes et al. 2017 (Nature); Eakin et al. 2019 (Coral Reefs),caribbean-wide; local,chronic_pressure; chronic_regime,Sargassum Brown Tides,sargassum,37.5M tons,Leachate toxicity; larval spiral swimming; hypoxia (DO < 1mg/L),2,2,5526.9,7855.45,10184
NOAA_survey,Florida Keys,Carysfort Reef,CF3,NA,NA,field,Natural colony,2015,0.712328767123288,2015,NA,compound,FALSE,FALSE,TRUE,FALSE,TRUE,timeline_overlay,multiple,3,Sargassum Brown Tides; Coastal Eutrophication; 3rd Global Bleaching,sargassum; pollution; bleaching,Antonio-Martinez 2020 (Sci Rep); van Tussenbroek 2017 (Mar Pollut Bull); Banister et al. 2024 (PLoS ONE); Hughes et al. 2017 (Nature); Eakin et al. 2019 (Coral Reefs),caribbean-wide; local,chronic_pressure; chronic_regime,Sargassum Brown Tides,sargassum,37.5M tons,Leachate toxicity; larval spiral swimming; hypoxia (DO < 1mg/L),1,1,577.2,577.2,577.2
NOAA_survey,Florida Keys,Carysfort Reef,CF3,NA,NA,field,Natural colony,2015,0.72054794520548,2015,NA,compound,FALSE,FALSE,TRUE,FALSE,TRUE,timeline_overlay,multiple,3,Sargassum Brown Tides; Coastal Eutrophication; 3rd Global Bleaching,sargassum; pollution; bleaching,Antonio-Martinez 2020 (Sci Rep); van Tussenbroek 2017 (Mar Pollut Bull); Banister et al. 2024 (PLoS ONE); Hughes et al. 2017 (Nature); Eakin et al. 2019 (Coral Reefs),caribbean-wide; local,chronic_pressure; chronic_regime,Sargassum Brown Tides,sargassum,37.5M tons,Leachate toxicity; larval spiral swimming; hypoxia (DO < 1mg/L),4,4,165,7992.450000000001,11461.5
NOAA_survey,Florida Keys,Carysfort Reef,CF3,NA,NA,field,Natural colony,2015,0.994520547945206,2015,NA,compound,FALSE,FALSE,TRUE,FALSE,TRUE,timeline_overlay,multiple,3,Sargassum Brown Tides; Coastal Eutrophication; 3rd Global Bleaching,sargassum; pollution; bleaching,Antonio-Martinez 2020 (Sci Rep); van Tussenbroek 2017 (Mar Pollut Bull); Banister et al. 2024 (PLoS ONE); Hughes et al. 2017 (Nature); Eakin et al. 2019 (Coral Reefs),caribbean-wide; local,chronic_pressure; chronic_regime,Sargassum Brown Tides,sargassum,37.5M tons,Leachate toxicity; larval spiral swimming; hypoxia (DO < 1mg/L),1,1,604.8,604.8,604.8
NOAA_survey,Florida Keys,Carysfort Reef,CF4,NA,NA,field,Natural colony,2015,0.712328767123288,2015,NA,compound,FALSE,FALSE,TRUE,FALSE,TRUE,timeline_overlay,multiple,3,Sargassum Brown Tides; Coastal Eutrophication; 3rd Global Bleaching,sargassum; pollution; bleaching,Antonio-Martinez 2020 (Sci Rep); van Tussenbroek 2017 (Mar Pollut Bull); Banister et al. 2024 (PLoS ONE); Hughes et al. 2017 (Nature); Eakin et al. 2019 (Coral Reefs),caribbean-wide; local,chronic_pressure; chronic_regime,Sargassum Brown Tides,sargassum,37.5M tons,Leachate toxicity; larval spiral swimming; hypoxia (DO < 1mg/L),1,1,6,6,6
NOAA_survey,Florida Keys,Elbow Reef,EL2,NA,NA,field,Natural colony,2015,0.701369863013699,2015,NA,compound,FALSE,FALSE,TRUE,FALSE,TRUE,timeline_overlay,multiple,3,Sargassum Brown Tides; Coastal Eutrophication; 3rd Global Bleaching,sargassum; pollution; bleaching,Antonio-Martinez 2020 (Sci Rep); van Tussenbroek 2017 (Mar Pollut Bull); Banister et al. 2024 (PLoS ONE); Hughes et al. 2017 (Nature); Eakin et al. 2019 (Coral Reefs),caribbean-wide; local,chronic_pressure; chronic_regime,Sargassum Brown Tides,sargassum,37.5M tons,Leachate toxicity; larval spiral swimming; hypoxia (DO < 1mg/L),1,1,110.88,110.88,110.88
NOAA_survey,Florida Keys,French Reef,FR1,NA,NA,field,Natural colony,2015,0.986301369863014,2015,NA,compound,FALSE,FALSE,TRUE,FALSE,TRUE,timeline_overlay,multiple,3,Sargassum Brown Tides; Coastal Eutrophication; 3rd Global Bleaching,sargassum; pollution; bleaching,Antonio-Martinez 2020 (Sci Rep); van Tussenbroek 2017 (Mar Pollut Bull); Banister et al. 2024 (PLoS ONE); Hughes et al. 2017 (Nature); Eakin et al. 2019 (Coral Reefs),caribbean-wide; local,chronic_pressure; chronic_regime,Sargassum Brown Tides,sargassum,37.5M tons,Leachate toxicity; larval spiral swimming; hypoxia (DO < 1mg/L),2,2,162,1183.5,2205
NOAA_survey,Florida Keys,French Reef,FR2,NA,NA,field,Natural colony,2015,0.726027397260274,2015,NA,compound,FALSE,FALSE,TRUE,FALSE,TRUE,timeline_overlay,multiple,3,Sargassum Brown Tides; Coastal Eutrophication; 3rd Global Bleaching,sargassum; pollution; bleaching,Antonio-Martinez 2020 (Sci Rep); van Tussenbroek 2017 (Mar Pollut Bull); Banister et al. 2024 (PLoS ONE); Hughes et al. 2017 (Nature); Eakin et al. 2019 (Coral Reefs),caribbean-wide; local,chronic_pressure; chronic_regime,Sargassum Brown Tides,sargassum,37.5M tons,Leachate toxicity; larval spiral swimming; hypoxia (DO < 1mg/L),1,1,1116,1116,1116
NOAA_survey,Florida Keys,French Reef,FR2,NA,NA,field,Natural colony,2015,0.986301369863014,2015,NA,compound,FALSE,FALSE,TRUE,FALSE,TRUE,timeline_overlay,multiple,3,Sargassum Brown Tides; Coastal Eutrophication; 3rd Global Bleaching,sargassum; pollution; bleaching,Antonio-Martinez 2020 (Sci Rep); van Tussenbroek 2017 (Mar Pollut Bull); Banister et al. 2024 (PLoS ONE); Hughes et al. 2017 (Nature); Eakin et al. 2019 (Coral Reefs),caribbean-wide; local,chronic_pressure; chronic_regime,Sargassum Brown Tides,sargassum,37.5M tons,Leachate toxicity; larval spiral swimming; hypoxia (DO < 1mg/L),8,8,22.8,555.25,5187.14
NOAA_survey,Florida Keys,French Reef,FR3,NA,NA,field,Natural colony,2015,0.671232876712329,2015,NA,compound,FALSE,FALSE,TRUE,FALSE,TRUE,timeline_overlay,multiple,3,Sargassum Brown Tides; Coastal Eutrophication; 3rd Global Bleaching,sargassum; pollution; bleaching,Antonio-Martinez 2020 (Sci Rep); van Tussenbroek 2017 (Mar Pollut Bull); Banister et al. 2024 (PLoS ONE); Hughes et al. 2017 (Nature); Eakin et al. 2019 (Coral Reefs),caribbean-wide; local,chronic_pressure; chronic_regime,Sargassum Brown Tides,sargassum,37.5M tons,Leachate toxicity; larval spiral swimming; hypoxia (DO < 1mg/L),1,1,4,4,4
NOAA_survey,Florida Keys,French Reef,FR3,NA,NA,field,Natural colony,2015,0.69041095890411,2015,NA,compound,FALSE,FALSE,TRUE,FALSE,TRUE,timeline_overlay,multiple,3,Sargassum Brown Tides; Coastal Eutrophication; 3rd Global Bleaching,sargassum; pollution; bleaching,Antonio-Martinez 2020 (Sci Rep); van Tussenbroek 2017 (Mar Pollut Bull); Banister et al. 2024 (PLoS ONE); Hughes et al. 2017 (Nature); Eakin et al. 2019 (Coral Reefs),caribbean-wide; local,chronic_pressure; chronic_regime,Sargassum Brown Tides,sargassum,37.5M tons,Leachate toxicity; larval spiral swimming; hypoxia (DO < 1mg/L),1,1,52.25,52.25,52.25
NOAA_survey,Florida Keys,French Reef,FR3,NA,NA,field,Natural colony,2015,0.991780821917808,2015,NA,compound,FALSE,FALSE,TRUE,FALSE,TRUE,timeline_overlay,multiple,3,Sargassum Brown Tides; Coastal Eutrophication; 3rd Global Bleaching,sargassum; pollution; bleaching,Antonio-Martinez 2020 (Sci Rep); van Tussenbroek 2017 (Mar Pollut Bull); Banister et al. 2024 (PLoS ONE); Hughes et al. 2017 (Nature); Eakin et al. 2019 (Coral Reefs),caribbean-wide; local,chronic_pressure; chronic_regime,Sargassum Brown Tides,sargassum,37.5M tons,Leachate toxicity; larval spiral swimming; hypoxia (DO < 1mg/L),2,2,288,468,648
NOAA_survey,Florida Keys,French Reef,FR3,NA,NA,field,Natural colony,2015,1,2015,NA,compound,FALSE,FALSE,TRUE,FALSE,TRUE,timeline_overlay,multiple,3,Sargassum Brown Tides; Coastal Eutrophication; 3rd Global Bleaching,sargassum; pollution; bleaching,Antonio-Martinez 2020 (Sci Rep); van Tussenbroek 2017 (Mar Pollut Bull); Banister et al. 2024 (PLoS ONE); Hughes et al. 2017 (Nature); Eakin et al. 2019 (Coral Reefs),caribbean-wide; local,chronic_pressure; chronic_regime,Sargassum Brown Tides,sargassum,37.5M tons,Leachate toxicity; larval spiral swimming; hypoxia (DO < 1mg/L),8,8,48,826,3665.2
NOAA_survey,Florida Keys,Grecian Rocks,GR1,NA,NA,field,Natural colony,2015,0.408219178082192,2015,NA,compound,FALSE,FALSE,TRUE,FALSE,TRUE,timeline_overlay,multiple,3,Sargassum Brown Tides; Coastal Eutrophication; 3rd Global Bleaching,sargassum; pollution; bleaching,Antonio-Martinez 2020 (Sci Rep); van Tussenbroek 2017 (Mar Pollut Bull); Banister et al. 2024 (PLoS ONE); Hughes et al. 2017 (Nature); Eakin et al. 2019 (Coral Reefs),caribbean-wide; local,chronic_pressure; chronic_regime,Sargassum Brown Tides,sargassum,37.5M tons,Leachate toxicity; larval spiral swimming; hypoxia (DO < 1mg/L),7,7,17.1,1693.2,5926.2
NOAA_survey,Florida Keys,Grecian Rocks,GR1,NA,NA,field,Natural colony,2015,0.761643835616438,2015,NA,compound,FALSE,FALSE,TRUE,FALSE,TRUE,timeline_overlay,multiple,3,Sargassum Brown Tides; Coastal Eutrophication; 3rd Global Bleaching,sargassum; pollution; bleaching,Antonio-Martinez 2020 (Sci Rep); van Tussenbroek 2017 (Mar Pollut Bull); Banister et al. 2024 (PLoS ONE); Hughes et al. 2017 (Nature); Eakin et al. 2019 (Coral Reefs),caribbean-wide; local,chronic_pressure; chronic_regime,Sargassum Brown Tides,sargassum,37.5M tons,Leachate toxicity; larval spiral swimming; hypoxia (DO < 1mg/L),1,1,330,330,330
NOAA_survey,Florida Keys,Grecian Rocks,GR2,NA,NA,field,Natural colony,2015,0.967123287671233,2015,NA,compound,FALSE,FALSE,TRUE,FALSE,TRUE,timeline_overlay,multiple,3,Sargassum Brown Tides; Coastal Eutrophication; 3rd Global Bleaching,sargassum; pollution; bleaching,Antonio-Martinez 2020 (Sci Rep); van Tussenbroek 2017 (Mar Pollut Bull); Banister et al. 2024 (PLoS ONE); Hughes et al. 2017 (Nature); Eakin et al. 2019 (Coral Reefs),caribbean-wide; local,chronic_pressure; chronic_regime,Sargassum Brown Tides,sargassum,37.5M tons,Leachate toxicity; larval spiral swimming; hypoxia (DO < 1mg/L),8,8,97.2,2023.4,8172.45
NOAA_survey,Florida Keys,Grecian Rocks,GR3,NA,NA,field,Natural colony,2015,0.986301369863014,2015,NA,compound,FALSE,FALSE,TRUE,FALSE,TRUE,timeline_overlay,multiple,3,Sargassum Brown Tides; Coastal Eutrophication; 3rd Global Bleaching,sargassum; pollution; bleaching,Antonio-Martinez 2020 (Sci Rep); van Tussenbroek 2017 (Mar Pollut Bull); Banister et al. 2024 (PLoS ONE); Hughes et al. 2017 (Nature); Eakin et al. 2019 (Coral Reefs),caribbean-wide; local,chronic_pressure; chronic_regime,Sargassum Brown Tides,sargassum,37.5M tons,Leachate toxicity; larval spiral swimming; hypoxia (DO < 1mg/L),11,11,48,312.8,1111.5
NOAA_survey,Florida Keys,Key Largo Dry Rocks,KL1,NA,NA,field,Natural colony,2015,0.715068493150685,2015,NA,compound,FALSE,FALSE,TRUE,FALSE,TRUE,timeline_overlay,multiple,3,Sargassum Brown Tides; Coastal Eutrophication; 3rd Global Bleaching,sargassum; pollution; bleaching,Antonio-Martinez 2020 (Sci Rep); van Tussenbroek 2017 (Mar Pollut Bull); Banister et al. 2024 (PLoS ONE); Hughes et al. 2017 (Nature); Eakin et al. 2019 (Coral Reefs),caribbean-wide; local,chronic_pressure; chronic_regime,Sargassum Brown Tides,sargassum,37.5M tons,Leachate toxicity; larval spiral swimming; hypoxia (DO < 1mg/L),1,1,4.8,4.8,4.8
NOAA_survey,Florida Keys,Key Largo Dry Rocks,KL1,NA,NA,field,Natural colony,2015,0.980821917808219,2015,NA,compound,FALSE,FALSE,TRUE,FALSE,TRUE,timeline_overlay,multiple,3,Sargassum Brown Tides; Coastal Eutrophication; 3rd Global Bleaching,sargassum; pollution; bleaching,Antonio-Martinez 2020 (Sci Rep); van Tussenbroek 2017 (Mar Pollut Bull); Banister et al. 2024 (PLoS ONE); Hughes et al. 2017 (Nature); Eakin et al. 2019 (Coral Reefs),caribbean-wide; local,chronic_pressure; chronic_regime,Sargassum Brown Tides,sargassum,37.5M tons,Leachate toxicity; larval spiral swimming; hypoxia (DO < 1mg/L),2,2,27.5,53.75,80
NOAA_survey,Florida Keys,Key Largo Dry Rocks,KL3,NA,NA,field,Natural colony,2015,0.980821917808219,2015,NA,compound,FALSE,FALSE,TRUE,FALSE,TRUE,timeline_overlay,multiple,3,Sargassum Brown Tides; Coastal Eutrophication; 3rd Global Bleaching,sargassum; pollution; bleaching,Antonio-Martinez 2020 (Sci Rep); van Tussenbroek 2017 (Mar Pollut Bull); Banister et al. 2024 (PLoS ONE); Hughes et al. 2017 (Nature); Eakin et al. 2019 (Coral Reefs),caribbean-wide; local,chronic_pressure; chronic_regime,Sargassum Brown Tides,sargassum,37.5M tons,Leachate toxicity; larval spiral swimming; hypoxia (DO < 1mg/L),9,9,13,112,480
NOAA_survey,Florida Keys,Key Largo Dry Rocks,KL3,NA,NA,field,Natural colony,2015,0.983561643835617,2015,NA,compound,FALSE,FALSE,TRUE,FALSE,TRUE,timeline_overlay,multiple,3,Sargassum Brown Tides; Coastal Eutrophication; 3rd Global Bleaching,sargassum; pollution; bleaching,Antonio-Martinez 2020 (Sci Rep); van Tussenbroek 2017 (Mar Pollut Bull); Banister et al. 2024 (PLoS ONE); Hughes et al. 2017 (Nature); Eakin et al. 2019 (Coral Reefs),caribbean-wide; local,chronic_pressure; chronic_regime,Sargassum Brown Tides,sargassum,37.5M tons,Leachate toxicity; larval spiral swimming; hypoxia (DO < 1mg/L),3,3,462,594,617.5
NOAA_survey,Florida Keys,Key Largo Dry Rocks,KL4,NA,NA,field,Natural colony,2015,0.405479452054795,2015,NA,compound,FALSE,FALSE,TRUE,FALSE,TRUE,timeline_overlay,multiple,3,Sargassum Brown Tides; Coastal Eutrophication; 3rd Global Bleaching,sargassum; pollution; bleaching,Antonio-Martinez 2020 (Sci Rep); van Tussenbroek 2017 (Mar Pollut Bull); Banister et al. 2024 (PLoS ONE); Hughes et al. 2017 (Nature); Eakin et al. 2019 (Coral Reefs),caribbean-wide; local,chronic_pressure; chronic_regime,Sargassum Brown Tides,sargassum,37.5M tons,Leachate toxicity; larval spiral swimming; hypoxia (DO < 1mg/L),4,4,234,1811.55,3969
NOAA_survey,Florida Keys,Key Largo Dry Rocks,KL4,NA,NA,field,Natural colony,2015,0.980821917808219,2015,NA,compound,FALSE,FALSE,TRUE,FALSE,TRUE,timeline_overlay,multiple,3,Sargassum Brown Tides; Coastal Eutrophication; 3rd Global Bleaching,sargassum; pollution; bleaching,Antonio-Martinez 2020 (Sci Rep); van Tussenbroek 2017 (Mar Pollut Bull); Banister et al. 2024 (PLoS ONE); Hughes et al. 2017 (Nature); Eakin et al. 2019 (Coral Reefs),caribbean-wide; local,chronic_pressure; chronic_regime,Sargassum Brown Tides,sargassum,37.5M tons,Leachate toxicity; larval spiral swimming; hypoxia (DO < 1mg/L),2,2,3110.25,9786.075,16461.9
NOAA_survey,Florida Keys,Molasses Reef,ML1,NA,NA,field,Natural colony,2015,0.978082191780822,2015,NA,compound,FALSE,FALSE,TRUE,FALSE,TRUE,timeline_overlay,multiple,3,Sargassum Brown Tides; Coastal Eutrophication; 3rd Global Bleaching,sargassum; pollution; bleaching,Antonio-Martinez 2020 (Sci Rep); van Tussenbroek 2017 (Mar Pollut Bull); Banister et al. 2024 (PLoS ONE); Hughes et al. 2017 (Nature); Eakin et al. 2019 (Coral Reefs),caribbean-wide; local,chronic_pressure; chronic_regime,Sargassum Brown Tides,sargassum,37.5M tons,Leachate toxicity; larval spiral swimming; hypoxia (DO < 1mg/L),2,2,20,211.6,403.2
NOAA_survey,Florida Keys,Molasses Reef,ML2,NA,NA,field,Natural colony,2015,0.978082191780822,2015,NA,compound,FALSE,FALSE,TRUE,FALSE,TRUE,timeline_overlay,multiple,3,Sargassum Brown Tides; Coastal Eutrophication; 3rd Global Bleaching,sargassum; pollution; bleaching,Antonio-Martinez 2020 (Sci Rep); van Tussenbroek 2017 (Mar Pollut Bull); Banister et al. 2024 (PLoS ONE); Hughes et al. 2017 (Nature); Eakin et al. 2019 (Coral Reefs),caribbean-wide; local,chronic_pressure; chronic_regime,Sargassum Brown Tides,sargassum,37.5M tons,Leachate toxicity; larval spiral swimming; hypoxia (DO < 1mg/L),2,2,133,218.375,303.75
NOAA_survey,Florida Keys,Molasses Reef,ML3,NA,NA,field,Natural colony,2015,0.69041095890411,2015,NA,compound,FALSE,FALSE,TRUE,FALSE,TRUE,timeline_overlay,multiple,3,Sargassum Brown Tides; Coastal Eutrophication; 3rd Global Bleaching,sargassum; pollution; bleaching,Antonio-Martinez 2020 (Sci Rep); van Tussenbroek 2017 (Mar Pollut Bull); Banister et al. 2024 (PLoS ONE); Hughes et al. 2017 (Nature); Eakin et al. 2019 (Coral Reefs),caribbean-wide; local,chronic_pressure; chronic_regime,Sargassum Brown Tides,sargassum,37.5M tons,Leachate toxicity; larval spiral swimming; hypoxia (DO < 1mg/L),9,9,311.6,9973.6,28152
NOAA_survey,Florida Keys,Molasses Reef,ML3,NA,NA,field,Natural colony,2015,0.991780821917808,2015,NA,compound,FALSE,FALSE,TRUE,FALSE,TRUE,timeline_overlay,multiple,3,Sargassum Brown Tides; Coastal Eutrophication; 3rd Global Bleaching,sargassum; pollution; bleaching,Antonio-Martinez 2020 (Sci Rep); van Tussenbroek 2017 (Mar Pollut Bull); Banister et al. 2024 (PLoS ONE); Hughes et al. 2017 (Nature); Eakin et al. 2019 (Coral Reefs),caribbean-wide; local,chronic_pressure; chronic_regime,Sargassum Brown Tides,sargassum,37.5M tons,Leachate toxicity; larval spiral swimming; hypoxia (DO < 1mg/L),2,2,297,2473.2,4649.4
NOAA_survey,Florida Keys,Sand Island,SI1,NA,NA,field,Natural colony,2015,0.997260273972603,2015,NA,compound,FALSE,FALSE,TRUE,FALSE,TRUE,timeline_overlay,multiple,3,Sargassum Brown Tides; Coastal Eutrophication; 3rd Global Bleaching,sargassum; pollution; bleaching,Antonio-Martinez 2020 (Sci Rep); van Tussenbroek 2017 (Mar Pollut Bull); Banister et al. 2024 (PLoS ONE); Hughes et al. 2017 (Nature); Eakin et al. 2019 (Coral Reefs),caribbean-wide; local,chronic_pressure; chronic_regime,Sargassum Brown Tides,sargassum,37.5M tons,Leachate toxicity; larval spiral swimming; hypoxia (DO < 1mg/L),10,10,46.75,737.65,15140.2
NOAA_survey,Florida Keys,Sand Island,SI2,NA,NA,field,Natural colony,2015,0.997260273972603,2015,NA,compound,FALSE,FALSE,TRUE,FALSE,TRUE,timeline_overlay,multiple,3,Sargassum Brown Tides; Coastal Eutrophication; 3rd Global Bleaching,sargassum; pollution; bleaching,Antonio-Martinez 2020 (Sci Rep); van Tussenbroek 2017 (Mar Pollut Bull); Banister et al. 2024 (PLoS ONE); Hughes et al. 2017 (Nature); Eakin et al. 2019 (Coral Reefs),caribbean-wide; local,chronic_pressure; chronic_regime,Sargassum Brown Tides,sargassum,37.5M tons,Leachate toxicity; larval spiral swimming; hypoxia (DO < 1mg/L),10,10,838.5,9895.05,28518.75
NOAA_survey,Florida Keys,Sand Island,SI3,NA,NA,field,Natural colony,2015,0.67945205479452,2015,NA,compound,FALSE,FALSE,TRUE,FALSE,TRUE,timeline_overlay,multiple,3,Sargassum Brown Tides; Coastal Eutrophication; 3rd Global Bleaching,sargassum; pollution; bleaching,Antonio-Martinez 2020 (Sci Rep); van Tussenbroek 2017 (Mar Pollut Bull); Banister et al. 2024 (PLoS ONE); Hughes et al. 2017 (Nature); Eakin et al. 2019 (Coral Reefs),caribbean-wide; local,chronic_pressure; chronic_regime,Sargassum Brown Tides,sargassum,37.5M tons,Leachate toxicity; larval spiral swimming; hypoxia (DO < 1mg/L),1,1,3.2,3.2,3.2
NOAA_survey,Florida Keys,Sand Island,SI3,NA,NA,field,Natural colony,2015,0.997260273972603,2015,NA,compound,FALSE,FALSE,TRUE,FALSE,TRUE,timeline_overlay,multiple,3,Sargassum Brown Tides; Coastal Eutrophication; 3rd Global Bleaching,sargassum; pollution; bleaching,Antonio-Martinez 2020 (Sci Rep); van Tussenbroek 2017 (Mar Pollut Bull); Banister et al. 2024 (PLoS ONE); Hughes et al. 2017 (Nature); Eakin et al. 2019 (Coral Reefs),caribbean-wide; local,chronic_pressure; chronic_regime,Sargassum Brown Tides,sargassum,37.5M tons,Leachate toxicity; larval spiral swimming; hypoxia (DO < 1mg/L),4,4,22.8,134.2,633.65
NOAA_survey,Florida Keys,Carysfort Reef,CF1,NA,NA,field,Natural colony,2015,1.07671232876712,2016,NA,compound,FALSE,FALSE,TRUE,FALSE,TRUE,timeline_overlay,multiple,3,Sargassum Brown Tides; Coastal Eutrophication; 3rd Global Bleaching,sargassum; pollution; bleaching,Antonio-Martinez 2020 (Sci Rep); van Tussenbroek 2017 (Mar Pollut Bull); Banister et al. 2024 (PLoS ONE); Hughes et al. 2017 (Nature); Eakin et al. 2019 (Coral Reefs),caribbean-wide; local,chronic_pressure; chronic_regime,Sargassum Brown Tides,sargassum,37.5M tons,Leachate toxicity; larval spiral swimming; hypoxia (DO < 1mg/L),1,1,510,510,510
NOAA_survey,Florida Keys,Carysfort Reef,CF2,NA,NA,field,Natural colony,2015,1.07671232876712,2016,NA,compound,FALSE,FALSE,TRUE,FALSE,TRUE,timeline_overlay,multiple,3,Sargassum Brown Tides; Coastal Eutrophication; 3rd Global Bleaching,sargassum; pollution; bleaching,Antonio-Martinez 2020 (Sci Rep); van Tussenbroek 2017 (Mar Pollut Bull); Banister et al. 2024 (PLoS ONE); Hughes et al. 2017 (Nature); Eakin et al. 2019 (Coral Reefs),caribbean-wide; local,chronic_pressure; chronic_regime,Sargassum Brown Tides,sargassum,37.5M tons,Leachate toxicity; larval spiral swimming; hypoxia (DO < 1mg/L),8,8,35,8739.75,20522.6
NOAA_survey,Florida Keys,Carysfort Reef,CF3,NA,NA,field,Natural colony,2015,1.03287671232877,2016,NA,compound,FALSE,FALSE,TRUE,FALSE,TRUE,timeline_overlay,multiple,3,Sargassum Brown Tides; Coastal Eutrophication; 3rd Global Bleaching,sargassum; pollution; bleaching,Antonio-Martinez 2020 (Sci Rep); van Tussenbroek 2017 (Mar Pollut Bull); Banister et al. 2024 (PLoS ONE); Hughes et al. 2017 (Nature); Eakin et al. 2019 (Coral Reefs),caribbean-wide; local,chronic_pressure; chronic_regime,Sargassum Brown Tides,sargassum,37.5M tons,Leachate toxicity; larval spiral swimming; hypoxia (DO < 1mg/L),1,1,4032,4032,4032
NOAA_survey,Florida Keys,Carysfort Reef,CF4,NA,NA,field,Natural colony,2015,1.03287671232877,2016,NA,compound,FALSE,FALSE,TRUE,FALSE,TRUE,timeline_overlay,multiple,3,Sargassum Brown Tides; Coastal Eutrophication; 3rd Global Bleaching,sargassum; pollution; bleaching,Antonio-Martinez 2020 (Sci Rep); van Tussenbroek 2017 (Mar Pollut Bull); Banister et al. 2024 (PLoS ONE); Hughes et al. 2017 (Nature); Eakin et al. 2019 (Coral Reefs),caribbean-wide; local,chronic_pressure; chronic_regime,Sargassum Brown Tides,sargassum,37.5M tons,Leachate toxicity; larval spiral swimming; hypoxia (DO < 1mg/L),1,1,72,72,72
NOAA_survey,Florida Keys,Elbow Reef,EL1,NA,NA,field,Natural colony,2015,1.00821917808219,2016,NA,compound,FALSE,FALSE,TRUE,FALSE,TRUE,timeline_overlay,multiple,3,Sargassum Brown Tides; Coastal Eutrophication; 3rd Global Bleaching,sargassum; pollution; bleaching,Antonio-Martinez 2020 (Sci Rep); van Tussenbroek 2017 (Mar Pollut Bull); Banister et al. 2024 (PLoS ONE); Hughes et al. 2017 (Nature); Eakin et al. 2019 (Coral Reefs),caribbean-wide; local,chronic_pressure; chronic_regime,Sargassum Brown Tides,sargassum,37.5M tons,Leachate toxicity; larval spiral swimming; hypoxia (DO < 1mg/L),7,7,543.75,7070.7,39004.2
NOAA_survey,Florida Keys,Elbow Reef,EL1,NA,NA,field,Natural colony,2015,1.01917808219178,2016,NA,compound,FALSE,FALSE,TRUE,FALSE,TRUE,timeline_overlay,multiple,3,Sargassum Brown Tides; Coastal Eutrophication; 3rd Global Bleaching,sargassum; pollution; bleaching,Antonio-Martinez 2020 (Sci Rep); van Tussenbroek 2017 (Mar Pollut Bull); Banister et al. 2024 (PLoS ONE); Hughes et al. 2017 (Nature); Eakin et al. 2019 (Coral Reefs),caribbean-wide; local,chronic_pressure; chronic_regime,Sargassum Brown Tides,sargassum,37.5M tons,Leachate toxicity; larval spiral swimming; hypoxia (DO < 1mg/L),5,5,2902.25,4513.5,13244.7
NOAA_survey,Florida Keys,Elbow Reef,EL2,NA,NA,field,Natural colony,2015,1.00821917808219,2016,NA,compound,FALSE,FALSE,TRUE,FALSE,TRUE,timeline_overlay,multiple,3,Sargassum Brown Tides; Coastal Eutrophication; 3rd Global Bleaching,sargassum; pollution; bleaching,Antonio-Martinez 2020 (Sci Rep); van Tussenbroek 2017 (Mar Pollut Bull); Banister et al. 2024 (PLoS ONE); Hughes et al. 2017 (Nature); Eakin et al. 2019 (Coral Reefs),caribbean-wide; local,chronic_pressure; chronic_regime,Sargassum Brown Tides,sargassum,37.5M tons,Leachate toxicity; larval spiral swimming; hypoxia (DO < 1mg/L),5,5,86.4,4320,9728.4
NOAA_survey,Florida Keys,Elbow Reef,EL2,NA,NA,field,Natural colony,2015,1.01917808219178,2016,NA,compound,FALSE,FALSE,TRUE,FALSE,TRUE,timeline_overlay,multiple,3,Sargassum Brown Tides; Coastal Eutrophication; 3rd Global Bleaching,sargassum; pollution; bleaching,Antonio-Martinez 2020 (Sci Rep); van Tussenbroek 2017 (Mar Pollut Bull); Banister et al. 2024 (PLoS ONE); Hughes et al. 2017 (Nature); Eakin et al. 2019 (Coral Reefs),caribbean-wide; local,chronic_pressure; chronic_regime,Sargassum Brown Tides,sargassum,37.5M tons,Leachate toxicity; larval spiral swimming; hypoxia (DO < 1mg/L),6,6,12,773.05,21705.6
NOAA_survey,Florida Keys,Elbow Reef,EL3,NA,NA,field,Natural colony,2015,1.00821917808219,2016,NA,compound,FALSE,FALSE,TRUE,FALSE,TRUE,timeline_overlay,multiple,3,Sargassum Brown Tides; Coastal Eutrophication; 3rd Global Bleaching,sargassum; pollution; bleaching,Antonio-Martinez 2020 (Sci Rep); van Tussenbroek 2017 (Mar Pollut Bull); Banister et al. 2024 (PLoS ONE); Hughes et al. 2017 (Nature); Eakin et al. 2019 (Coral Reefs),caribbean-wide; local,chronic_pressure; chronic_regime,Sargassum Brown Tides,sargassum,37.5M tons,Leachate toxicity; larval spiral swimming; hypoxia (DO < 1mg/L),6,6,81,859.9250000000001,15346.8
NOAA_survey,Florida Keys,Elbow Reef,EL3,NA,NA,field,Natural colony,2015,1.01643835616438,2016,NA,compound,FALSE,FALSE,TRUE,FALSE,TRUE,timeline_overlay,multiple,3,Sargassum Brown Tides; Coastal Eutrophication; 3rd Global Bleaching,sargassum; pollution; bleaching,Antonio-Martinez 2020 (Sci Rep); van Tussenbroek 2017 (Mar Pollut Bull); Banister et al. 2024 (PLoS ONE); Hughes et al. 2017 (Nature); Eakin et al. 2019 (Coral Reefs),caribbean-wide; local,chronic_pressure; chronic_regime,Sargassum Brown Tides,sargassum,37.5M tons,Leachate toxicity; larval spiral swimming; hypoxia (DO < 1mg/L),5,5,72,658.35,6195
NOAA_survey,Florida Keys,Elbow Reef,EL4,NA,NA,field,Natural colony,2015,1.01369863013699,2016,NA,compound,FALSE,FALSE,TRUE,FALSE,TRUE,timeline_overlay,multiple,3,Sargassum Brown Tides; Coastal Eutrophication; 3rd Global Bleaching,sargassum; pollution; bleaching,Antonio-Martinez 2020 (Sci Rep); van Tussenbroek 2017 (Mar Pollut Bull); Banister et al. 2024 (PLoS ONE); Hughes et al. 2017 (Nature); Eakin et al. 2019 (Coral Reefs),caribbean-wide; local,chronic_pressure; chronic_regime,Sargassum Brown Tides,sargassum,37.5M tons,Leachate toxicity; larval spiral swimming; hypoxia (DO < 1mg/L),3,3,20,38,70.2
NOAA_survey,Florida Keys,Elbow Reef,EL4,NA,NA,field,Natural colony,2015,1.01917808219178,2016,NA,compound,FALSE,FALSE,TRUE,FALSE,TRUE,timeline_overlay,multiple,3,Sargassum Brown Tides; Coastal Eutrophication; 3rd Global Bleaching,sargassum; pollution; bleaching,Antonio-Martinez 2020 (Sci Rep); van Tussenbroek 2017 (Mar Pollut Bull); Banister et al. 2024 (PLoS ONE); Hughes et al. 2017 (Nature); Eakin et al. 2019 (Coral Reefs),caribbean-wide; local,chronic_pressure; chronic_regime,Sargassum Brown Tides,sargassum,37.5M tons,Leachate toxicity; larval spiral swimming; hypoxia (DO < 1mg/L),5,5,70.4,8694.4,21564.9
NOAA_survey,Florida Keys,Elbow Reef,EL4,NA,NA,field,Restoration fragment,2015,1.01369863013699,2016,NA,compound,FALSE,FALSE,TRUE,FALSE,TRUE,timeline_overlay,multiple,3,Sargassum Brown Tides; Coastal Eutrophication; 3rd Global Bleaching,sargassum; pollution; bleaching,Antonio-Martinez 2020 (Sci Rep); van Tussenbroek 2017 (Mar Pollut Bull); Banister et al. 2024 (PLoS ONE); Hughes et al. 2017 (Nature); Eakin et al. 2019 (Coral Reefs),caribbean-wide; local,chronic_pressure; chronic_regime,Sargassum Brown Tides,sargassum,37.5M tons,Leachate toxicity; larval spiral swimming; hypoxia (DO < 1mg/L),1,1,2197.65,2197.65,2197.65
NOAA_survey,Florida Keys,Elbow Reef,EL5,NA,NA,field,Natural colony,2015,1.01917808219178,2016,NA,compound,FALSE,FALSE,TRUE,FALSE,TRUE,timeline_overlay,multiple,3,Sargassum Brown Tides; Coastal Eutrophication; 3rd Global Bleaching,sargassum; pollution; bleaching,Antonio-Martinez 2020 (Sci Rep); van Tussenbroek 2017 (Mar Pollut Bull); Banister et al. 2024 (PLoS ONE); Hughes et al. 2017 (Nature); Eakin et al. 2019 (Coral Reefs),caribbean-wide; local,chronic_pressure; chronic_regime,Sargassum Brown Tides,sargassum,37.5M tons,Leachate toxicity; larval spiral swimming; hypoxia (DO < 1mg/L),3,3,336.3,666.9,7852.6
NOAA_survey,Florida Keys,Elbow Reef,EL5,NA,NA,field,Restoration fragment,2015,1.01369863013699,2016,NA,compound,FALSE,FALSE,TRUE,FALSE,TRUE,timeline_overlay,multiple,3,Sargassum Brown Tides; Coastal Eutrophication; 3rd Global Bleaching,sargassum; pollution; bleaching,Antonio-Martinez 2020 (Sci Rep); van Tussenbroek 2017 (Mar Pollut Bull); Banister et al. 2024 (PLoS ONE); Hughes et al. 2017 (Nature); Eakin et al. 2019 (Coral Reefs),caribbean-wide; local,chronic_pressure; chronic_regime,Sargassum Brown Tides,sargassum,37.5M tons,Leachate toxicity; larval spiral swimming; hypoxia (DO < 1mg/L),1,1,900,900,900
NOAA_survey,Florida Keys,French Reef,FR1,NA,NA,field,Natural colony,2015,1.01369863013699,2016,NA,compound,FALSE,FALSE,TRUE,FALSE,TRUE,timeline_overlay,multiple,3,Sargassum Brown Tides; Coastal Eutrophication; 3rd Global Bleaching,sargassum; pollution; bleaching,Antonio-Martinez 2020 (Sci Rep); van Tussenbroek 2017 (Mar Pollut Bull); Banister et al. 2024 (PLoS ONE); Hughes et al. 2017 (Nature); Eakin et al. 2019 (Coral Reefs),caribbean-wide; local,chronic_pressure; chronic_regime,Sargassum Brown Tides,sargassum,37.5M tons,Leachate toxicity; larval spiral swimming; hypoxia (DO < 1mg/L),1,1,54,54,54
NOAA_survey,Florida Keys,French Reef,FR1,NA,NA,field,Natural colony,2015,1.03287671232877,2016,NA,compound,FALSE,FALSE,TRUE,FALSE,TRUE,timeline_overlay,multiple,3,Sargassum Brown Tides; Coastal Eutrophication; 3rd Global Bleaching,sargassum; pollution; bleaching,Antonio-Martinez 2020 (Sci Rep); van Tussenbroek 2017 (Mar Pollut Bull); Banister et al. 2024 (PLoS ONE); Hughes et al. 2017 (Nature); Eakin et al. 2019 (Coral Reefs),caribbean-wide; local,chronic_pressure; chronic_regime,Sargassum Brown Tides,sargassum,37.5M tons,Leachate toxicity; larval spiral swimming; hypoxia (DO < 1mg/L),9,9,105,2531.7,12270.15
NOAA_survey,Florida Keys,French Reef,FR2,NA,NA,field,Natural colony,2015,1.04931506849315,2016,NA,compound,FALSE,FALSE,TRUE,FALSE,TRUE,timeline_overlay,multiple,3,Sargassum Brown Tides; Coastal Eutrophication; 3rd Global Bleaching,sargassum; pollution; bleaching,Antonio-Martinez 2020 (Sci Rep); van Tussenbroek 2017 (Mar Pollut Bull); Banister et al. 2024 (PLoS ONE); Hughes et al. 2017 (Nature); Eakin et al. 2019 (Coral Reefs),caribbean-wide; local,chronic_pressure; chronic_regime,Sargassum Brown Tides,sargassum,37.5M tons,Leachate toxicity; larval spiral swimming; hypoxia (DO < 1mg/L),2,2,74.1,135.05,196
NOAA_survey,Florida Keys,Grecian Rocks,GR2,NA,NA,field,Natural colony,2015,1.03013698630137,2016,NA,compound,FALSE,FALSE,TRUE,FALSE,TRUE,timeline_overlay,multiple,3,Sargassum Brown Tides; Coastal Eutrophication; 3rd Global Bleaching,sargassum; pollution; bleaching,Antonio-Martinez 2020 (Sci Rep); van Tussenbroek 2017 (Mar Pollut Bull); Banister et al. 2024 (PLoS ONE); Hughes et al. 2017 (Nature); Eakin et al. 2019 (Coral Reefs),caribbean-wide; local,chronic_pressure; chronic_regime,Sargassum Brown Tides,sargassum,37.5M tons,Leachate toxicity; larval spiral swimming; hypoxia (DO < 1mg/L),3,3,96,170,2310.4
NOAA_survey,Florida Keys,Key Largo Dry Rocks,KL1,NA,NA,field,Natural colony,2015,1.07671232876712,2016,NA,compound,FALSE,FALSE,TRUE,FALSE,TRUE,timeline_overlay,multiple,3,Sargassum Brown Tides; Coastal Eutrophication; 3rd Global Bleaching,sargassum; pollution; bleaching,Antonio-Martinez 2020 (Sci Rep); van Tussenbroek 2017 (Mar Pollut Bull); Banister et al. 2024 (PLoS ONE); Hughes et al. 2017 (Nature); Eakin et al. 2019 (Coral Reefs),caribbean-wide; local,chronic_pressure; chronic_regime,Sargassum Brown Tides,sargassum,37.5M tons,Leachate toxicity; larval spiral swimming; hypoxia (DO < 1mg/L),6,6,88,1928.25,2557.65
NOAA_survey,Florida Keys,Molasses Reef,ML1,NA,NA,field,Natural colony,2015,1.04383561643836,2016,NA,compound,FALSE,FALSE,TRUE,FALSE,TRUE,timeline_overlay,multiple,3,Sargassum Brown Tides; Coastal Eutrophication; 3rd Global Bleaching,sargassum; pollution; bleaching,Antonio-Martinez 2020 (Sci Rep); van Tussenbroek 2017 (Mar Pollut Bull); Banister et al. 2024 (PLoS ONE); Hughes et al. 2017 (Nature); Eakin et al. 2019 (Coral Reefs),caribbean-wide; local,chronic_pressure; chronic_regime,Sargassum Brown Tides,sargassum,37.5M tons,Leachate toxicity; larval spiral swimming; hypoxia (DO < 1mg/L),6,6,706.8,3384.8,16414.3
NOAA_survey,Florida Keys,Molasses Reef,ML2,NA,NA,field,Natural colony,2015,1.01369863013699,2016,NA,compound,FALSE,FALSE,TRUE,FALSE,TRUE,timeline_overlay,multiple,3,Sargassum Brown Tides; Coastal Eutrophication; 3rd Global Bleaching,sargassum; pollution; bleaching,Antonio-Martinez 2020 (Sci Rep); van Tussenbroek 2017 (Mar Pollut Bull); Banister et al. 2024 (PLoS ONE); Hughes et al. 2017 (Nature); Eakin et al. 2019 (Coral Reefs),caribbean-wide; local,chronic_pressure; chronic_regime,Sargassum Brown Tides,sargassum,37.5M tons,Leachate toxicity; larval spiral swimming; hypoxia (DO < 1mg/L),5,5,36.4,79.2,1006.4
NOAA_survey,Florida Keys,Molasses Reef,ML2,NA,NA,field,Natural colony,2015,1.04383561643836,2016,NA,compound,FALSE,FALSE,TRUE,FALSE,TRUE,timeline_overlay,multiple,3,Sargassum Brown Tides; Coastal Eutrophication; 3rd Global Bleaching,sargassum; pollution; bleaching,Antonio-Martinez 2020 (Sci Rep); van Tussenbroek 2017 (Mar Pollut Bull); Banister et al. 2024 (PLoS ONE); Hughes et al. 2017 (Nature); Eakin et al. 2019 (Coral Reefs),caribbean-wide; local,chronic_pressure; chronic_regime,Sargassum Brown Tides,sargassum,37.5M tons,Leachate toxicity; larval spiral swimming; hypoxia (DO < 1mg/L),5,5,25.6,7515,15356.25
NOAA_survey,Florida Keys,Molasses Reef,ML3,NA,NA,field,Natural colony,2015,1.3013698630137,2016,NA,compound,FALSE,FALSE,TRUE,FALSE,TRUE,timeline_overlay,multiple,3,Sargassum Brown Tides; Coastal Eutrophication; 3rd Global Bleaching,sargassum; pollution; bleaching,Antonio-Martinez 2020 (Sci Rep); van Tussenbroek 2017 (Mar Pollut Bull); Banister et al. 2024 (PLoS ONE); Hughes et al. 2017 (Nature); Eakin et al. 2019 (Coral Reefs),caribbean-wide; local,chronic_pressure; chronic_regime,Sargassum Brown Tides,sargassum,37.5M tons,Leachate toxicity; larval spiral swimming; hypoxia (DO < 1mg/L),1,1,1261.4,1261.4,1261.4
NOAA_survey,Florida Keys,Sand Island,SI1,NA,NA,field,Natural colony,2015,1.01643835616438,2016,NA,compound,FALSE,FALSE,TRUE,FALSE,TRUE,timeline_overlay,multiple,3,Sargassum Brown Tides; Coastal Eutrophication; 3rd Global Bleaching,sargassum; pollution; bleaching,Antonio-Martinez 2020 (Sci Rep); van Tussenbroek 2017 (Mar Pollut Bull); Banister et al. 2024 (PLoS ONE); Hughes et al. 2017 (Nature); Eakin et al. 2019 (Coral Reefs),caribbean-wide; local,chronic_pressure; chronic_regime,Sargassum Brown Tides,sargassum,37.5M tons,Leachate toxicity; larval spiral swimming; hypoxia (DO < 1mg/L),2,2,3393.4,9458.025,15522.65
NOAA_survey,Florida Keys,Sand Island,SI2,NA,NA,field,Natural colony,2015,1.01643835616438,2016,NA,compound,FALSE,FALSE,TRUE,FALSE,TRUE,timeline_overlay,multiple,3,Sargassum Brown Tides; Coastal Eutrophication; 3rd Global Bleaching,sargassum; pollution; bleaching,Antonio-Martinez 2020 (Sci Rep); van Tussenbroek 2017 (Mar Pollut Bull); Banister et al. 2024 (PLoS ONE); Hughes et al. 2017 (Nature); Eakin et al. 2019 (Coral Reefs),caribbean-wide; local,chronic_pressure; chronic_regime,Sargassum Brown Tides,sargassum,37.5M tons,Leachate toxicity; larval spiral swimming; hypoxia (DO < 1mg/L),2,2,554.4,2157.4,3760.4
NOAA_survey,Florida Keys,Sand Island,SI3,NA,NA,field,Natural colony,2015,1.01643835616438,2016,NA,compound,FALSE,FALSE,TRUE,FALSE,TRUE,timeline_overlay,multiple,3,Sargassum Brown Tides; Coastal Eutrophication; 3rd Global Bleaching,sargassum; pollution; bleaching,Antonio-Martinez 2020 (Sci Rep); van Tussenbroek 2017 (Mar Pollut Bull); Banister et al. 2024 (PLoS ONE); Hughes et al. 2017 (Nature); Eakin et al. 2019 (Coral Reefs),caribbean-wide; local,chronic_pressure; chronic_regime,Sargassum Brown Tides,sargassum,37.5M tons,Leachate toxicity; larval spiral swimming; hypoxia (DO < 1mg/L),4,4,48,1460.25,8817.9
NOAA_survey,Florida Keys,Turtle Rocks,TR1,NA,NA,field,Natural colony,2015,1.01095890410959,2016,NA,compound,FALSE,FALSE,TRUE,FALSE,TRUE,timeline_overlay,multiple,3,Sargassum Brown Tides; Coastal Eutrophication; 3rd Global Bleaching,sargassum; pollution; bleaching,Antonio-Martinez 2020 (Sci Rep); van Tussenbroek 2017 (Mar Pollut Bull); Banister et al. 2024 (PLoS ONE); Hughes et al. 2017 (Nature); Eakin et al. 2019 (Coral Reefs),caribbean-wide; local,chronic_pressure; chronic_regime,Sargassum Brown Tides,sargassum,37.5M tons,Leachate toxicity; larval spiral swimming; hypoxia (DO < 1mg/L),10,10,145.8,1267,17850
NOAA_survey,Florida Keys,Turtle Rocks,TR1,NA,NA,field,Restoration fragment,2015,1.01095890410959,2016,NA,compound,FALSE,FALSE,TRUE,FALSE,TRUE,timeline_overlay,multiple,3,Sargassum Brown Tides; Coastal Eutrophication; 3rd Global Bleaching,sargassum; pollution; bleaching,Antonio-Martinez 2020 (Sci Rep); van Tussenbroek 2017 (Mar Pollut Bull); Banister et al. 2024 (PLoS ONE); Hughes et al. 2017 (Nature); Eakin et al. 2019 (Coral Reefs),caribbean-wide; local,chronic_pressure; chronic_regime,Sargassum Brown Tides,sargassum,37.5M tons,Leachate toxicity; larval spiral swimming; hypoxia (DO < 1mg/L),2,2,319.2,467.6,616
NOAA_survey,Florida Keys,Turtle Rocks,TR2,NA,NA,field,Natural colony,2015,1.07397260273973,2016,NA,compound,FALSE,FALSE,TRUE,FALSE,TRUE,timeline_overlay,multiple,3,Sargassum Brown Tides; Coastal Eutrophication; 3rd Global Bleaching,sargassum; pollution; bleaching,Antonio-Martinez 2020 (Sci Rep); van Tussenbroek 2017 (Mar Pollut Bull); Banister et al. 2024 (PLoS ONE); Hughes et al. 2017 (Nature); Eakin et al. 2019 (Coral Reefs),caribbean-wide; local,chronic_pressure; chronic_regime,Sargassum Brown Tides,sargassum,37.5M tons,Leachate toxicity; larval spiral swimming; hypoxia (DO < 1mg/L),11,11,4,1160,8488.8
NOAA_survey,Florida Keys,Turtle Rocks,TR3,NA,NA,field,Natural colony,2015,1.01917808219178,2016,NA,compound,FALSE,FALSE,TRUE,FALSE,TRUE,timeline_overlay,multiple,3,Sargassum Brown Tides; Coastal Eutrophication; 3rd Global Bleaching,sargassum; pollution; bleaching,Antonio-Martinez 2020 (Sci Rep); van Tussenbroek 2017 (Mar Pollut Bull); Banister et al. 2024 (PLoS ONE); Hughes et al. 2017 (Nature); Eakin et al. 2019 (Coral Reefs),caribbean-wide; local,chronic_pressure; chronic_regime,Sargassum Brown Tides,sargassum,37.5M tons,Leachate toxicity; larval spiral swimming; hypoxia (DO < 1mg/L),10,10,24,2871.15,36249.6
NOAA_survey,Florida Keys,Turtle Rocks,TR3,NA,NA,field,Restoration fragment,2015,1.01917808219178,2016,NA,compound,FALSE,FALSE,TRUE,FALSE,TRUE,timeline_overlay,multiple,3,Sargassum Brown Tides; Coastal Eutrophication; 3rd Global Bleaching,sargassum; pollution; bleaching,Antonio-Martinez 2020 (Sci Rep); van Tussenbroek 2017 (Mar Pollut Bull); Banister et al. 2024 (PLoS ONE); Hughes et al. 2017 (Nature); Eakin et al. 2019 (Coral Reefs),caribbean-wide; local,chronic_pressure; chronic_regime,Sargassum Brown Tides,sargassum,37.5M tons,Leachate toxicity; larval spiral swimming; hypoxia (DO < 1mg/L),1,1,1428,1428,1428
NOAA_survey,Florida Keys,Carysfort Reef,CF4,NA,NA,field,Natural colony,2016,0.956164383561644,2016,NA,compound,FALSE,FALSE,TRUE,FALSE,TRUE,timeline_overlay,multiple,3,Sargassum Brown Tides; Coastal Eutrophication; 3rd Global Bleaching,sargassum; pollution; bleaching,Antonio-Martinez 2020 (Sci Rep); van Tussenbroek 2017 (Mar Pollut Bull); Banister et al. 2024 (PLoS ONE); Hughes et al. 2017 (Nature); Eakin et al. 2019 (Coral Reefs),caribbean-wide; local,chronic_pressure; chronic_regime,Sargassum Brown Tides,sargassum,37.5M tons,Leachate toxicity; larval spiral swimming; hypoxia (DO < 1mg/L),1,1,108,108,108
NOAA_survey,Florida Keys,Elbow Reef,EL3,NA,NA,field,Natural colony,2016,0.742465753424658,2016,NA,compound,FALSE,FALSE,TRUE,FALSE,TRUE,timeline_overlay,multiple,3,Sargassum Brown Tides; Coastal Eutrophication; 3rd Global Bleaching,sargassum; pollution; bleaching,Antonio-Martinez 2020 (Sci Rep); van Tussenbroek 2017 (Mar Pollut Bull); Banister et al. 2024 (PLoS ONE); Hughes et al. 2017 (Nature); Eakin et al. 2019 (Coral Reefs),caribbean-wide; local,chronic_pressure; chronic_regime,Sargassum Brown Tides,sargassum,37.5M tons,Leachate toxicity; larval spiral swimming; hypoxia (DO < 1mg/L),2,2,43.2,141.6,240
NOAA_survey,Florida Keys,Elbow Reef,EL3,NA,NA,field,Natural colony,2016,0.983561643835616,2016,NA,compound,FALSE,FALSE,TRUE,FALSE,TRUE,timeline_overlay,multiple,3,Sargassum Brown Tides; Coastal Eutrophication; 3rd Global Bleaching,sargassum; pollution; bleaching,Antonio-Martinez 2020 (Sci Rep); van Tussenbroek 2017 (Mar Pollut Bull); Banister et al. 2024 (PLoS ONE); Hughes et al. 2017 (Nature); Eakin et al. 2019 (Coral Reefs),caribbean-wide; local,chronic_pressure; chronic_regime,Sargassum Brown Tides,sargassum,37.5M tons,Leachate toxicity; larval spiral swimming; hypoxia (DO < 1mg/L),2,2,12,171.3,330.6
NOAA_survey,Florida Keys,Elbow Reef,EL4,NA,NA,field,Natural colony,2016,0.983561643835616,2016,NA,compound,FALSE,FALSE,TRUE,FALSE,TRUE,timeline_overlay,multiple,3,Sargassum Brown Tides; Coastal Eutrophication; 3rd Global Bleaching,sargassum; pollution; bleaching,Antonio-Martinez 2020 (Sci Rep); van Tussenbroek 2017 (Mar Pollut Bull); Banister et al. 2024 (PLoS ONE); Hughes et al. 2017 (Nature); Eakin et al. 2019 (Coral Reefs),caribbean-wide; local,chronic_pressure; chronic_regime,Sargassum Brown Tides,sargassum,37.5M tons,Leachate toxicity; larval spiral swimming; hypoxia (DO < 1mg/L),1,1,2025,2025,2025
NOAA_survey,Florida Keys,Elbow Reef,EL5,NA,NA,field,Natural colony,2016,0.739726027397259,2016,NA,compound,FALSE,FALSE,TRUE,FALSE,TRUE,timeline_overlay,multiple,3,Sargassum Brown Tides; Coastal Eutrophication; 3rd Global Bleaching,sargassum; pollution; bleaching,Antonio-Martinez 2020 (Sci Rep); van Tussenbroek 2017 (Mar Pollut Bull); Banister et al. 2024 (PLoS ONE); Hughes et al. 2017 (Nature); Eakin et al. 2019 (Coral Reefs),caribbean-wide; local,chronic_pressure; chronic_regime,Sargassum Brown Tides,sargassum,37.5M tons,Leachate toxicity; larval spiral swimming; hypoxia (DO < 1mg/L),1,1,369.6,369.6,369.6
NOAA_survey,Florida Keys,Elbow Reef,EL5,NA,NA,field,Natural colony,2016,0.983561643835616,2016,NA,compound,FALSE,FALSE,TRUE,FALSE,TRUE,timeline_overlay,multiple,3,Sargassum Brown Tides; Coastal Eutrophication; 3rd Global Bleaching,sargassum; pollution; bleaching,Antonio-Martinez 2020 (Sci Rep); van Tussenbroek 2017 (Mar Pollut Bull); Banister et al. 2024 (PLoS ONE); Hughes et al. 2017 (Nature); Eakin et al. 2019 (Coral Reefs),caribbean-wide; local,chronic_pressure; chronic_regime,Sargassum Brown Tides,sargassum,37.5M tons,Leachate toxicity; larval spiral swimming; hypoxia (DO < 1mg/L),1,1,720,720,720
NOAA_survey,Florida Keys,French Reef,FR1,NA,NA,field,Natural colony,2016,0.96986301369863,2016,NA,compound,FALSE,FALSE,TRUE,FALSE,TRUE,timeline_overlay,multiple,3,Sargassum Brown Tides; Coastal Eutrophication; 3rd Global Bleaching,sargassum; pollution; bleaching,Antonio-Martinez 2020 (Sci Rep); van Tussenbroek 2017 (Mar Pollut Bull); Banister et al. 2024 (PLoS ONE); Hughes et al. 2017 (Nature); Eakin et al. 2019 (Coral Reefs),caribbean-wide; local,chronic_pressure; chronic_regime,Sargassum Brown Tides,sargassum,37.5M tons,Leachate toxicity; larval spiral swimming; hypoxia (DO < 1mg/L),1,1,2995.2,2995.2,2995.2
NOAA_survey,Florida Keys,French Reef,FR2,NA,NA,field,Natural colony,2016,0.96986301369863,2016,NA,compound,FALSE,FALSE,TRUE,FALSE,TRUE,timeline_overlay,multiple,3,Sargassum Brown Tides; Coastal Eutrophication; 3rd Global Bleaching,sargassum; pollution; bleaching,Antonio-Martinez 2020 (Sci Rep); van Tussenbroek 2017 (Mar Pollut Bull); Banister et al. 2024 (PLoS ONE); Hughes et al. 2017 (Nature); Eakin et al. 2019 (Coral Reefs),caribbean-wide; local,chronic_pressure; chronic_regime,Sargassum Brown Tides,sargassum,37.5M tons,Leachate toxicity; larval spiral swimming; hypoxia (DO < 1mg/L),9,9,9,280,4886.1
NOAA_survey,Florida Keys,French Reef,FR3,NA,NA,field,Natural colony,2016,0.956164383561644,2016,NA,compound,FALSE,FALSE,TRUE,FALSE,TRUE,timeline_overlay,multiple,3,Sargassum Brown Tides; Coastal Eutrophication; 3rd Global Bleaching,sargassum; pollution; bleaching,Antonio-Martinez 2020 (Sci Rep); van Tussenbroek 2017 (Mar Pollut Bull); Banister et al. 2024 (PLoS ONE); Hughes et al. 2017 (Nature); Eakin et al. 2019 (Coral Reefs),caribbean-wide; local,chronic_pressure; chronic_regime,Sargassum Brown Tides,sargassum,37.5M tons,Leachate toxicity; larval spiral swimming; hypoxia (DO < 1mg/L),8,8,110,177,4374.7
NOAA_survey,Florida Keys,Grecian Rocks,GR2,NA,NA,field,Natural colony,2016,0.438356164383562,2016,NA,compound,FALSE,FALSE,TRUE,FALSE,TRUE,timeline_overlay,multiple,3,Sargassum Brown Tides; Coastal Eutrophication; 3rd Global Bleaching,sargassum; pollution; bleaching,Antonio-Martinez 2020 (Sci Rep); van Tussenbroek 2017 (Mar Pollut Bull); Banister et al. 2024 (PLoS ONE); Hughes et al. 2017 (Nature); Eakin et al. 2019 (Coral Reefs),caribbean-wide; local,chronic_pressure; chronic_regime,Sargassum Brown Tides,sargassum,37.5M tons,Leachate toxicity; larval spiral swimming; hypoxia (DO < 1mg/L),3,3,6,38.25,660
NOAA_survey,Florida Keys,Grecian Rocks,GR2,NA,NA,field,Natural colony,2016,0.96986301369863,2016,NA,compound,FALSE,FALSE,TRUE,FALSE,TRUE,timeline_overlay,multiple,3,Sargassum Brown Tides; Coastal Eutrophication; 3rd Global Bleaching,sargassum; pollution; bleaching,Antonio-Martinez 2020 (Sci Rep); van Tussenbroek 2017 (Mar Pollut Bull); Banister et al. 2024 (PLoS ONE); Hughes et al. 2017 (Nature); Eakin et al. 2019 (Coral Reefs),caribbean-wide; local,chronic_pressure; chronic_regime,Sargassum Brown Tides,sargassum,37.5M tons,Leachate toxicity; larval spiral swimming; hypoxia (DO < 1mg/L),3,3,121,217,220
NOAA_survey,Florida Keys,Grecian Rocks,GR3,NA,NA,field,Natural colony,2016,0.96986301369863,2016,NA,compound,FALSE,FALSE,TRUE,FALSE,TRUE,timeline_overlay,multiple,3,Sargassum Brown Tides; Coastal Eutrophication; 3rd Global Bleaching,sargassum; pollution; bleaching,Antonio-Martinez 2020 (Sci Rep); van Tussenbroek 2017 (Mar Pollut Bull); Banister et al. 2024 (PLoS ONE); Hughes et al. 2017 (Nature); Eakin et al. 2019 (Coral Reefs),caribbean-wide; local,chronic_pressure; chronic_regime,Sargassum Brown Tides,sargassum,37.5M tons,Leachate toxicity; larval spiral swimming; hypoxia (DO < 1mg/L),9,9,54,144,2073.85
NOAA_survey,Florida Keys,Key Largo Dry Rocks,KL3,NA,NA,field,Natural colony,2016,0.745205479452054,2016,NA,compound,FALSE,FALSE,TRUE,FALSE,TRUE,timeline_overlay,multiple,3,Sargassum Brown Tides; Coastal Eutrophication; 3rd Global Bleaching,sargassum; pollution; bleaching,Antonio-Martinez 2020 (Sci Rep); van Tussenbroek 2017 (Mar Pollut Bull); Banister et al. 2024 (PLoS ONE); Hughes et al. 2017 (Nature); Eakin et al. 2019 (Coral Reefs),caribbean-wide; local,chronic_pressure; chronic_regime,Sargassum Brown Tides,sargassum,37.5M tons,Leachate toxicity; larval spiral swimming; hypoxia (DO < 1mg/L),1,1,652.8,652.8,652.8
NOAA_survey,Florida Keys,Key Largo Dry Rocks,KL3,NA,NA,field,Natural colony,2016,0.975342465753425,2016,NA,compound,FALSE,FALSE,TRUE,FALSE,TRUE,timeline_overlay,multiple,3,Sargassum Brown Tides; Coastal Eutrophication; 3rd Global Bleaching,sargassum; pollution; bleaching,Antonio-Martinez 2020 (Sci Rep); van Tussenbroek 2017 (Mar Pollut Bull); Banister et al. 2024 (PLoS ONE); Hughes et al. 2017 (Nature); Eakin et al. 2019 (Coral Reefs),caribbean-wide; local,chronic_pressure; chronic_regime,Sargassum Brown Tides,sargassum,37.5M tons,Leachate toxicity; larval spiral swimming; hypoxia (DO < 1mg/L),1,1,1267.2,1267.2,1267.2
NOAA_survey,Florida Keys,Key Largo Dry Rocks,KL4,NA,NA,field,Natural colony,2016,0.975342465753425,2016,NA,compound,FALSE,FALSE,TRUE,FALSE,TRUE,timeline_overlay,multiple,3,Sargassum Brown Tides; Coastal Eutrophication; 3rd Global Bleaching,sargassum; pollution; bleaching,Antonio-Martinez 2020 (Sci Rep); van Tussenbroek 2017 (Mar Pollut Bull); Banister et al. 2024 (PLoS ONE); Hughes et al. 2017 (Nature); Eakin et al. 2019 (Coral Reefs),caribbean-wide; local,chronic_pressure; chronic_regime,Sargassum Brown Tides,sargassum,37.5M tons,Leachate toxicity; larval spiral swimming; hypoxia (DO < 1mg/L),2,2,1290,9633,17976
NOAA_survey,Florida Keys,Molasses Reef,ML1,NA,NA,field,Natural colony,2016,0.983561643835616,2016,NA,compound,FALSE,FALSE,TRUE,FALSE,TRUE,timeline_overlay,multiple,3,Sargassum Brown Tides; Coastal Eutrophication; 3rd Global Bleaching,sargassum; pollution; bleaching,Antonio-Martinez 2020 (Sci Rep); van Tussenbroek 2017 (Mar Pollut Bull); Banister et al. 2024 (PLoS ONE); Hughes et al. 2017 (Nature); Eakin et al. 2019 (Coral Reefs),caribbean-wide; local,chronic_pressure; chronic_regime,Sargassum Brown Tides,sargassum,37.5M tons,Leachate toxicity; larval spiral swimming; hypoxia (DO < 1mg/L),1,1,12,12,12
NOAA_survey,Florida Keys,Molasses Reef,ML1,NA,NA,field,Natural colony,2016,0.983561643835617,2016,NA,compound,FALSE,FALSE,TRUE,FALSE,TRUE,timeline_overlay,multiple,3,Sargassum Brown Tides; Coastal Eutrophication; 3rd Global Bleaching,sargassum; pollution; bleaching,Antonio-Martinez 2020 (Sci Rep); van Tussenbroek 2017 (Mar Pollut Bull); Banister et al. 2024 (PLoS ONE); Hughes et al. 2017 (Nature); Eakin et al. 2019 (Coral Reefs),caribbean-wide; local,chronic_pressure; chronic_regime,Sargassum Brown Tides,sargassum,37.5M tons,Leachate toxicity; larval spiral swimming; hypoxia (DO < 1mg/L),1,1,30,30,30
NOAA_survey,Florida Keys,Molasses Reef,ML2,NA,NA,field,Natural colony,2016,0.750684931506849,2016,NA,compound,FALSE,FALSE,TRUE,FALSE,TRUE,timeline_overlay,multiple,3,Sargassum Brown Tides; Coastal Eutrophication; 3rd Global Bleaching,sargassum; pollution; bleaching,Antonio-Martinez 2020 (Sci Rep); van Tussenbroek 2017 (Mar Pollut Bull); Banister et al. 2024 (PLoS ONE); Hughes et al. 2017 (Nature); Eakin et al. 2019 (Coral Reefs),caribbean-wide; local,chronic_pressure; chronic_regime,Sargassum Brown Tides,sargassum,37.5M tons,Leachate toxicity; larval spiral swimming; hypoxia (DO < 1mg/L),2,2,72.9,130.05,187.2
NOAA_survey,Florida Keys,Molasses Reef,ML2,NA,NA,field,Natural colony,2016,0.983561643835616,2016,NA,compound,FALSE,FALSE,TRUE,FALSE,TRUE,timeline_overlay,multiple,3,Sargassum Brown Tides; Coastal Eutrophication; 3rd Global Bleaching,sargassum; pollution; bleaching,Antonio-Martinez 2020 (Sci Rep); van Tussenbroek 2017 (Mar Pollut Bull); Banister et al. 2024 (PLoS ONE); Hughes et al. 2017 (Nature); Eakin et al. 2019 (Coral Reefs),caribbean-wide; local,chronic_pressure; chronic_regime,Sargassum Brown Tides,sargassum,37.5M tons,Leachate toxicity; larval spiral swimming; hypoxia (DO < 1mg/L),1,1,221.85,221.85,221.85
NOAA_survey,Florida Keys,Molasses Reef,ML2,NA,NA,field,Natural colony,2016,0.983561643835617,2016,NA,compound,FALSE,FALSE,TRUE,FALSE,TRUE,timeline_overlay,multiple,3,Sargassum Brown Tides; Coastal Eutrophication; 3rd Global Bleaching,sargassum; pollution; bleaching,Antonio-Martinez 2020 (Sci Rep); van Tussenbroek 2017 (Mar Pollut Bull); Banister et al. 2024 (PLoS ONE); Hughes et al. 2017 (Nature); Eakin et al. 2019 (Coral Reefs),caribbean-wide; local,chronic_pressure; chronic_regime,Sargassum Brown Tides,sargassum,37.5M tons,Leachate toxicity; larval spiral swimming; hypoxia (DO < 1mg/L),2,2,25.5,191.25,357
NOAA_survey,Florida Keys,Molasses Reef,ML3,NA,NA,field,Natural colony,2016,0.734246575342466,2016,NA,compound,FALSE,FALSE,TRUE,FALSE,TRUE,timeline_overlay,multiple,3,Sargassum Brown Tides; Coastal Eutrophication; 3rd Global Bleaching,sargassum; pollution; bleaching,Antonio-Martinez 2020 (Sci Rep); van Tussenbroek 2017 (Mar Pollut Bull); Banister et al. 2024 (PLoS ONE); Hughes et al. 2017 (Nature); Eakin et al. 2019 (Coral Reefs),caribbean-wide; local,chronic_pressure; chronic_regime,Sargassum Brown Tides,sargassum,37.5M tons,Leachate toxicity; larval spiral swimming; hypoxia (DO < 1mg/L),1,1,1684.8,1684.8,1684.8
NOAA_survey,Florida Keys,Molasses Reef,ML3,NA,NA,field,Natural colony,2016,0.75068493150685,2016,NA,compound,FALSE,FALSE,TRUE,FALSE,TRUE,timeline_overlay,multiple,3,Sargassum Brown Tides; Coastal Eutrophication; 3rd Global Bleaching,sargassum; pollution; bleaching,Antonio-Martinez 2020 (Sci Rep); van Tussenbroek 2017 (Mar Pollut Bull); Banister et al. 2024 (PLoS ONE); Hughes et al. 2017 (Nature); Eakin et al. 2019 (Coral Reefs),caribbean-wide; local,chronic_pressure; chronic_regime,Sargassum Brown Tides,sargassum,37.5M tons,Leachate toxicity; larval spiral swimming; hypoxia (DO < 1mg/L),1,1,316.8,316.8,316.8
NOAA_survey,Florida Keys,Molasses Reef,ML3,NA,NA,field,Natural colony,2016,0.978082191780822,2016,NA,compound,FALSE,FALSE,TRUE,FALSE,TRUE,timeline_overlay,multiple,3,Sargassum Brown Tides; Coastal Eutrophication; 3rd Global Bleaching,sargassum; pollution; bleaching,Antonio-Martinez 2020 (Sci Rep); van Tussenbroek 2017 (Mar Pollut Bull); Banister et al. 2024 (PLoS ONE); Hughes et al. 2017 (Nature); Eakin et al. 2019 (Coral Reefs),caribbean-wide; local,chronic_pressure; chronic_regime,Sargassum Brown Tides,sargassum,37.5M tons,Leachate toxicity; larval spiral swimming; hypoxia (DO < 1mg/L),1,1,235.2,235.2,235.2
NOAA_survey,Florida Keys,Sand Island,SI1,NA,NA,field,Natural colony,2016,0.934246575342466,2016,NA,compound,FALSE,FALSE,TRUE,FALSE,TRUE,timeline_overlay,multiple,3,Sargassum Brown Tides; Coastal Eutrophication; 3rd Global Bleaching,sargassum; pollution; bleaching,Antonio-Martinez 2020 (Sci Rep); van Tussenbroek 2017 (Mar Pollut Bull); Banister et al. 2024 (PLoS ONE); Hughes et al. 2017 (Nature); Eakin et al. 2019 (Coral Reefs),caribbean-wide; local,chronic_pressure; chronic_regime,Sargassum Brown Tides,sargassum,37.5M tons,Leachate toxicity; larval spiral swimming; hypoxia (DO < 1mg/L),4,4,73.15,11229,20652.1
NOAA_survey,Florida Keys,Sand Island,SI2,NA,NA,field,Natural colony,2016,0.934246575342466,2016,NA,compound,FALSE,FALSE,TRUE,FALSE,TRUE,timeline_overlay,multiple,3,Sargassum Brown Tides; Coastal Eutrophication; 3rd Global Bleaching,sargassum; pollution; bleaching,Antonio-Martinez 2020 (Sci Rep); van Tussenbroek 2017 (Mar Pollut Bull); Banister et al. 2024 (PLoS ONE); Hughes et al. 2017 (Nature); Eakin et al. 2019 (Coral Reefs),caribbean-wide; local,chronic_pressure; chronic_regime,Sargassum Brown Tides,sargassum,37.5M tons,Leachate toxicity; larval spiral swimming; hypoxia (DO < 1mg/L),3,3,462,3580.5,4311.45
NOAA_survey,Florida Keys,Sand Island,SI3,NA,NA,field,Natural colony,2016,0.734246575342466,2016,NA,compound,FALSE,FALSE,TRUE,FALSE,TRUE,timeline_overlay,multiple,3,Sargassum Brown Tides; Coastal Eutrophication; 3rd Global Bleaching,sargassum; pollution; bleaching,Antonio-Martinez 2020 (Sci Rep); van Tussenbroek 2017 (Mar Pollut Bull); Banister et al. 2024 (PLoS ONE); Hughes et al. 2017 (Nature); Eakin et al. 2019 (Coral Reefs),caribbean-wide; local,chronic_pressure; chronic_regime,Sargassum Brown Tides,sargassum,37.5M tons,Leachate toxicity; larval spiral swimming; hypoxia (DO < 1mg/L),2,2,2.16,23.58,45
NOAA_survey,Florida Keys,Sand Island,SI3,NA,NA,field,Natural colony,2016,0.934246575342466,2016,NA,compound,FALSE,FALSE,TRUE,FALSE,TRUE,timeline_overlay,multiple,3,Sargassum Brown Tides; Coastal Eutrophication; 3rd Global Bleaching,sargassum; pollution; bleaching,Antonio-Martinez 2020 (Sci Rep); van Tussenbroek 2017 (Mar Pollut Bull); Banister et al. 2024 (PLoS ONE); Hughes et al. 2017 (Nature); Eakin et al. 2019 (Coral Reefs),caribbean-wide; local,chronic_pressure; chronic_regime,Sargassum Brown Tides,sargassum,37.5M tons,Leachate toxicity; larval spiral swimming; hypoxia (DO < 1mg/L),2,2,1896.3,3881.7000000000003,5867.1
NOAA_survey,Florida Keys,Carysfort Reef,CF1,NA,NA,field,Natural colony,2016,1.01643835616438,2017,NA,compound,TRUE,FALSE,TRUE,FALSE,TRUE,timeline_overlay,multiple,4,Hurricane Irma; Sargassum Brown Tides; Coastal Eutrophication; 3rd Global Bleaching,hurricane; sargassum; pollution; bleaching,NOAA FKNMS 2017 (Post-Storm Assessment); Antonio-Martinez 2020 (Sci Rep); van Tussenbroek 2017 (Mar Pollut Bull); Banister et al. 2024 (PLoS ONE); Hughes et al. 2017 (Nature); Eakin et al. 2019 (Coral Reefs),regional; caribbean-wide; local,acute_event; chronic_pressure; chronic_regime,Hurricane Irma,hurricane,5,Devastating physical damage; framework displacement,1,1,23.4,23.4,23.4
NOAA_survey,Florida Keys,Carysfort Reef,CF2,NA,NA,field,Natural colony,2016,1.01643835616438,2017,NA,compound,TRUE,FALSE,TRUE,FALSE,TRUE,timeline_overlay,multiple,4,Hurricane Irma; Sargassum Brown Tides; Coastal Eutrophication; 3rd Global Bleaching,hurricane; sargassum; pollution; bleaching,NOAA FKNMS 2017 (Post-Storm Assessment); Antonio-Martinez 2020 (Sci Rep); van Tussenbroek 2017 (Mar Pollut Bull); Banister et al. 2024 (PLoS ONE); Hughes et al. 2017 (Nature); Eakin et al. 2019 (Coral Reefs),regional; caribbean-wide; local,acute_event; chronic_pressure; chronic_regime,Hurricane Irma,hurricane,5,Devastating physical damage; framework displacement,1,1,2312.5,2312.5,2312.5
NOAA_survey,Florida Keys,Carysfort Reef,CF3,NA,NA,field,Natural colony,2016,1.01643835616438,2017,NA,compound,TRUE,FALSE,TRUE,FALSE,TRUE,timeline_overlay,multiple,4,Hurricane Irma; Sargassum Brown Tides; Coastal Eutrophication; 3rd Global Bleaching,hurricane; sargassum; pollution; bleaching,NOAA FKNMS 2017 (Post-Storm Assessment); Antonio-Martinez 2020 (Sci Rep); van Tussenbroek 2017 (Mar Pollut Bull); Banister et al. 2024 (PLoS ONE); Hughes et al. 2017 (Nature); Eakin et al. 2019 (Coral Reefs),regional; caribbean-wide; local,acute_event; chronic_pressure; chronic_regime,Hurricane Irma,hurricane,5,Devastating physical damage; framework displacement,4,4,190,4826.15,9100
NOAA_survey,Florida Keys,Elbow Reef,EL1,NA,NA,field,Natural colony,2016,1.05753424657534,2017,NA,compound,TRUE,FALSE,TRUE,FALSE,TRUE,timeline_overlay,multiple,4,Hurricane Irma; Sargassum Brown Tides; Coastal Eutrophication; 3rd Global Bleaching,hurricane; sargassum; pollution; bleaching,NOAA FKNMS 2017 (Post-Storm Assessment); Antonio-Martinez 2020 (Sci Rep); van Tussenbroek 2017 (Mar Pollut Bull); Banister et al. 2024 (PLoS ONE); Hughes et al. 2017 (Nature); Eakin et al. 2019 (Coral Reefs),regional; caribbean-wide; local,acute_event; chronic_pressure; chronic_regime,Hurricane Irma,hurricane,5,Devastating physical damage; framework displacement,6,6,5830.5,8195.400000000001,36570
NOAA_survey,Florida Keys,Elbow Reef,EL1,NA,NA,field,Natural colony,2016,1.06301369863014,2017,NA,compound,TRUE,FALSE,TRUE,FALSE,TRUE,timeline_overlay,multiple,4,Hurricane Irma; Sargassum Brown Tides; Coastal Eutrophication; 3rd Global Bleaching,hurricane; sargassum; pollution; bleaching,NOAA FKNMS 2017 (Post-Storm Assessment); Antonio-Martinez 2020 (Sci Rep); van Tussenbroek 2017 (Mar Pollut Bull); Banister et al. 2024 (PLoS ONE); Hughes et al. 2017 (Nature); Eakin et al. 2019 (Coral Reefs),regional; caribbean-wide; local,acute_event; chronic_pressure; chronic_regime,Hurricane Irma,hurricane,5,Devastating physical damage; framework displacement,5,5,2754,5172.75,15048
NOAA_survey,Florida Keys,Elbow Reef,EL2,NA,NA,field,Natural colony,2016,1.05753424657534,2017,NA,compound,TRUE,FALSE,TRUE,FALSE,TRUE,timeline_overlay,multiple,4,Hurricane Irma; Sargassum Brown Tides; Coastal Eutrophication; 3rd Global Bleaching,hurricane; sargassum; pollution; bleaching,NOAA FKNMS 2017 (Post-Storm Assessment); Antonio-Martinez 2020 (Sci Rep); van Tussenbroek 2017 (Mar Pollut Bull); Banister et al. 2024 (PLoS ONE); Hughes et al. 2017 (Nature); Eakin et al. 2019 (Coral Reefs),regional; caribbean-wide; local,acute_event; chronic_pressure; chronic_regime,Hurricane Irma,hurricane,5,Devastating physical damage; framework displacement,5,5,26.6,2799.55,6864
NOAA_survey,Florida Keys,Elbow Reef,EL2,NA,NA,field,Natural colony,2016,1.06301369863014,2017,NA,compound,TRUE,FALSE,TRUE,FALSE,TRUE,timeline_overlay,multiple,4,Hurricane Irma; Sargassum Brown Tides; Coastal Eutrophication; 3rd Global Bleaching,hurricane; sargassum; pollution; bleaching,NOAA FKNMS 2017 (Post-Storm Assessment); Antonio-Martinez 2020 (Sci Rep); van Tussenbroek 2017 (Mar Pollut Bull); Banister et al. 2024 (PLoS ONE); Hughes et al. 2017 (Nature); Eakin et al. 2019 (Coral Reefs),regional; caribbean-wide; local,acute_event; chronic_pressure; chronic_regime,Hurricane Irma,hurricane,5,Devastating physical damage; framework displacement,6,6,18,874.6,17647.2
NOAA_survey,Florida Keys,Elbow Reef,EL3,NA,NA,field,Natural colony,2016,1.03287671232877,2017,NA,compound,TRUE,FALSE,TRUE,FALSE,TRUE,timeline_overlay,multiple,4,Hurricane Irma; Sargassum Brown Tides; Coastal Eutrophication; 3rd Global Bleaching,hurricane; sargassum; pollution; bleaching,NOAA FKNMS 2017 (Post-Storm Assessment); Antonio-Martinez 2020 (Sci Rep); van Tussenbroek 2017 (Mar Pollut Bull); Banister et al. 2024 (PLoS ONE); Hughes et al. 2017 (Nature); Eakin et al. 2019 (Coral Reefs),regional; caribbean-wide; local,acute_event; chronic_pressure; chronic_regime,Hurricane Irma,hurricane,5,Devastating physical damage; framework displacement,2,2,2964.8,4736.8,6508.8
NOAA_survey,Florida Keys,Elbow Reef,EL3,NA,NA,field,Natural colony,2016,1.05753424657534,2017,NA,compound,TRUE,FALSE,TRUE,FALSE,TRUE,timeline_overlay,multiple,4,Hurricane Irma; Sargassum Brown Tides; Coastal Eutrophication; 3rd Global Bleaching,hurricane; sargassum; pollution; bleaching,NOAA FKNMS 2017 (Post-Storm Assessment); Antonio-Martinez 2020 (Sci Rep); van Tussenbroek 2017 (Mar Pollut Bull); Banister et al. 2024 (PLoS ONE); Hughes et al. 2017 (Nature); Eakin et al. 2019 (Coral Reefs),regional; caribbean-wide; local,acute_event; chronic_pressure; chronic_regime,Hurricane Irma,hurricane,5,Devastating physical damage; framework displacement,4,4,68.8,2128,9246
NOAA_survey,Florida Keys,Elbow Reef,EL4,NA,NA,field,Natural colony,2016,1.03013698630137,2017,NA,compound,TRUE,FALSE,TRUE,FALSE,TRUE,timeline_overlay,multiple,4,Hurricane Irma; Sargassum Brown Tides; Coastal Eutrophication; 3rd Global Bleaching,hurricane; sargassum; pollution; bleaching,NOAA FKNMS 2017 (Post-Storm Assessment); Antonio-Martinez 2020 (Sci Rep); van Tussenbroek 2017 (Mar Pollut Bull); Banister et al. 2024 (PLoS ONE); Hughes et al. 2017 (Nature); Eakin et al. 2019 (Coral Reefs),regional; caribbean-wide; local,acute_event; chronic_pressure; chronic_regime,Hurricane Irma,hurricane,5,Devastating physical damage; framework displacement,5,5,83.6,8990,23919
NOAA_survey,Florida Keys,Elbow Reef,EL5,NA,NA,field,Natural colony,2016,1.03013698630137,2017,NA,compound,TRUE,FALSE,TRUE,FALSE,TRUE,timeline_overlay,multiple,4,Hurricane Irma; Sargassum Brown Tides; Coastal Eutrophication; 3rd Global Bleaching,hurricane; sargassum; pollution; bleaching,NOAA FKNMS 2017 (Post-Storm Assessment); Antonio-Martinez 2020 (Sci Rep); van Tussenbroek 2017 (Mar Pollut Bull); Banister et al. 2024 (PLoS ONE); Hughes et al. 2017 (Nature); Eakin et al. 2019 (Coral Reefs),regional; caribbean-wide; local,acute_event; chronic_pressure; chronic_regime,Hurricane Irma,hurricane,5,Devastating physical damage; framework displacement,2,2,294,3935.4,7576.8
NOAA_survey,Florida Keys,French Reef,FR1,NA,NA,field,Natural colony,2016,1.01917808219178,2017,NA,compound,TRUE,FALSE,TRUE,FALSE,TRUE,timeline_overlay,multiple,4,Hurricane Irma; Sargassum Brown Tides; Coastal Eutrophication; 3rd Global Bleaching,hurricane; sargassum; pollution; bleaching,NOAA FKNMS 2017 (Post-Storm Assessment); Antonio-Martinez 2020 (Sci Rep); van Tussenbroek 2017 (Mar Pollut Bull); Banister et al. 2024 (PLoS ONE); Hughes et al. 2017 (Nature); Eakin et al. 2019 (Coral Reefs),regional; caribbean-wide; local,acute_event; chronic_pressure; chronic_regime,Hurricane Irma,hurricane,5,Devastating physical damage; framework displacement,1,1,72.9,72.9,72.9
NOAA_survey,Florida Keys,French Reef,FR1,NA,NA,field,Natural colony,2016,1.05479452054795,2017,NA,compound,TRUE,FALSE,TRUE,FALSE,TRUE,timeline_overlay,multiple,4,Hurricane Irma; Sargassum Brown Tides; Coastal Eutrophication; 3rd Global Bleaching,hurricane; sargassum; pollution; bleaching,NOAA FKNMS 2017 (Post-Storm Assessment); Antonio-Martinez 2020 (Sci Rep); van Tussenbroek 2017 (Mar Pollut Bull); Banister et al. 2024 (PLoS ONE); Hughes et al. 2017 (Nature); Eakin et al. 2019 (Coral Reefs),regional; caribbean-wide; local,acute_event; chronic_pressure; chronic_regime,Hurricane Irma,hurricane,5,Devastating physical damage; framework displacement,9,9,154,1083,12229.2
NOAA_survey,Florida Keys,French Reef,FR2,NA,NA,field,Natural colony,2016,1.01917808219178,2017,NA,compound,TRUE,FALSE,TRUE,FALSE,TRUE,timeline_overlay,multiple,4,Hurricane Irma; Sargassum Brown Tides; Coastal Eutrophication; 3rd Global Bleaching,hurricane; sargassum; pollution; bleaching,NOAA FKNMS 2017 (Post-Storm Assessment); Antonio-Martinez 2020 (Sci Rep); van Tussenbroek 2017 (Mar Pollut Bull); Banister et al. 2024 (PLoS ONE); Hughes et al. 2017 (Nature); Eakin et al. 2019 (Coral Reefs),regional; caribbean-wide; local,acute_event; chronic_pressure; chronic_regime,Hurricane Irma,hurricane,5,Devastating physical damage; framework displacement,2,2,2.08,5.84,9.6
NOAA_survey,Florida Keys,French Reef,FR3,NA,NA,field,Natural colony,2016,1.04109589041096,2017,NA,compound,TRUE,FALSE,TRUE,FALSE,TRUE,timeline_overlay,multiple,4,Hurricane Irma; Sargassum Brown Tides; Coastal Eutrophication; 3rd Global Bleaching,hurricane; sargassum; pollution; bleaching,NOAA FKNMS 2017 (Post-Storm Assessment); Antonio-Martinez 2020 (Sci Rep); van Tussenbroek 2017 (Mar Pollut Bull); Banister et al. 2024 (PLoS ONE); Hughes et al. 2017 (Nature); Eakin et al. 2019 (Coral Reefs),regional; caribbean-wide; local,acute_event; chronic_pressure; chronic_regime,Hurricane Irma,hurricane,5,Devastating physical damage; framework displacement,2,2,358.8,616.2,873.6
NOAA_survey,Florida Keys,Grecian Rocks,GR1,NA,NA,field,Natural colony,2016,1.01643835616438,2017,NA,compound,TRUE,FALSE,TRUE,FALSE,TRUE,timeline_overlay,multiple,4,Hurricane Irma; Sargassum Brown Tides; Coastal Eutrophication; 3rd Global Bleaching,hurricane; sargassum; pollution; bleaching,NOAA FKNMS 2017 (Post-Storm Assessment); Antonio-Martinez 2020 (Sci Rep); van Tussenbroek 2017 (Mar Pollut Bull); Banister et al. 2024 (PLoS ONE); Hughes et al. 2017 (Nature); Eakin et al. 2019 (Coral Reefs),regional; caribbean-wide; local,acute_event; chronic_pressure; chronic_regime,Hurricane Irma,hurricane,5,Devastating physical damage; framework displacement,1,1,99,99,99
NOAA_survey,Florida Keys,Key Largo Dry Rocks,KL1,NA,NA,field,Natural colony,2016,1.01369863013699,2017,NA,compound,TRUE,FALSE,TRUE,FALSE,TRUE,timeline_overlay,multiple,4,Hurricane Irma; Sargassum Brown Tides; Coastal Eutrophication; 3rd Global Bleaching,hurricane; sargassum; pollution; bleaching,NOAA FKNMS 2017 (Post-Storm Assessment); Antonio-Martinez 2020 (Sci Rep); van Tussenbroek 2017 (Mar Pollut Bull); Banister et al. 2024 (PLoS ONE); Hughes et al. 2017 (Nature); Eakin et al. 2019 (Coral Reefs),regional; caribbean-wide; local,acute_event; chronic_pressure; chronic_regime,Hurricane Irma,hurricane,5,Devastating physical damage; framework displacement,2,2,12,82.5,153
NOAA_survey,Florida Keys,Key Largo Dry Rocks,KL3,NA,NA,field,Natural colony,2016,1.06849315068493,2017,NA,compound,TRUE,FALSE,TRUE,FALSE,TRUE,timeline_overlay,multiple,4,Hurricane Irma; Sargassum Brown Tides; Coastal Eutrophication; 3rd Global Bleaching,hurricane; sargassum; pollution; bleaching,NOAA FKNMS 2017 (Post-Storm Assessment); Antonio-Martinez 2020 (Sci Rep); van Tussenbroek 2017 (Mar Pollut Bull); Banister et al. 2024 (PLoS ONE); Hughes et al. 2017 (Nature); Eakin et al. 2019 (Coral Reefs),regional; caribbean-wide; local,acute_event; chronic_pressure; chronic_regime,Hurricane Irma,hurricane,5,Devastating physical damage; framework displacement,2,2,742.4,1252.7,1763
NOAA_survey,Florida Keys,Molasses Reef,ML1,NA,NA,field,Natural colony,2016,1.02191780821918,2017,NA,compound,TRUE,FALSE,TRUE,FALSE,TRUE,timeline_overlay,multiple,4,Hurricane Irma; Sargassum Brown Tides; Coastal Eutrophication; 3rd Global Bleaching,hurricane; sargassum; pollution; bleaching,NOAA FKNMS 2017 (Post-Storm Assessment); Antonio-Martinez 2020 (Sci Rep); van Tussenbroek 2017 (Mar Pollut Bull); Banister et al. 2024 (PLoS ONE); Hughes et al. 2017 (Nature); Eakin et al. 2019 (Coral Reefs),regional; caribbean-wide; local,acute_event; chronic_pressure; chronic_regime,Hurricane Irma,hurricane,5,Devastating physical damage; framework displacement,6,6,344.4,3960.8499999999995,17017
NOAA_survey,Florida Keys,Molasses Reef,ML2,NA,NA,field,Natural colony,2016,1.02191780821918,2017,NA,compound,TRUE,FALSE,TRUE,FALSE,TRUE,timeline_overlay,multiple,4,Hurricane Irma; Sargassum Brown Tides; Coastal Eutrophication; 3rd Global Bleaching,hurricane; sargassum; pollution; bleaching,NOAA FKNMS 2017 (Post-Storm Assessment); Antonio-Martinez 2020 (Sci Rep); van Tussenbroek 2017 (Mar Pollut Bull); Banister et al. 2024 (PLoS ONE); Hughes et al. 2017 (Nature); Eakin et al. 2019 (Coral Reefs),regional; caribbean-wide; local,acute_event; chronic_pressure; chronic_regime,Hurricane Irma,hurricane,5,Devastating physical damage; framework displacement,4,4,486.75,6864,18216
NOAA_survey,Florida Keys,Molasses Reef,ML2,NA,NA,field,Natural colony,2016,1.04383561643836,2017,NA,compound,TRUE,FALSE,TRUE,FALSE,TRUE,timeline_overlay,multiple,4,Hurricane Irma; Sargassum Brown Tides; Coastal Eutrophication; 3rd Global Bleaching,hurricane; sargassum; pollution; bleaching,NOAA FKNMS 2017 (Post-Storm Assessment); Antonio-Martinez 2020 (Sci Rep); van Tussenbroek 2017 (Mar Pollut Bull); Banister et al. 2024 (PLoS ONE); Hughes et al. 2017 (Nature); Eakin et al. 2019 (Coral Reefs),regional; caribbean-wide; local,acute_event; chronic_pressure; chronic_regime,Hurricane Irma,hurricane,5,Devastating physical damage; framework displacement,3,3,6,34,1243.2
NOAA_survey,Florida Keys,Molasses Reef,ML3,NA,NA,field,Natural colony,2016,1.04383561643836,2017,NA,compound,TRUE,FALSE,TRUE,FALSE,TRUE,timeline_overlay,multiple,4,Hurricane Irma; Sargassum Brown Tides; Coastal Eutrophication; 3rd Global Bleaching,hurricane; sargassum; pollution; bleaching,NOAA FKNMS 2017 (Post-Storm Assessment); Antonio-Martinez 2020 (Sci Rep); van Tussenbroek 2017 (Mar Pollut Bull); Banister et al. 2024 (PLoS ONE); Hughes et al. 2017 (Nature); Eakin et al. 2019 (Coral Reefs),regional; caribbean-wide; local,acute_event; chronic_pressure; chronic_regime,Hurricane Irma,hurricane,5,Devastating physical damage; framework displacement,1,1,2164.8,2164.8,2164.8
NOAA_survey,Florida Keys,Molasses Reef,ML3,NA,NA,field,Natural colony,2016,1.05205479452055,2017,NA,compound,TRUE,FALSE,TRUE,FALSE,TRUE,timeline_overlay,multiple,4,Hurricane Irma; Sargassum Brown Tides; Coastal Eutrophication; 3rd Global Bleaching,hurricane; sargassum; pollution; bleaching,NOAA FKNMS 2017 (Post-Storm Assessment); Antonio-Martinez 2020 (Sci Rep); van Tussenbroek 2017 (Mar Pollut Bull); Banister et al. 2024 (PLoS ONE); Hughes et al. 2017 (Nature); Eakin et al. 2019 (Coral Reefs),regional; caribbean-wide; local,acute_event; chronic_pressure; chronic_regime,Hurricane Irma,hurricane,5,Devastating physical damage; framework displacement,8,8,207.2,5530.65,24426
NOAA_survey,Florida Keys,Sand Island,SI1,NA,NA,field,Natural colony,2016,1.04383561643836,2017,NA,compound,TRUE,FALSE,TRUE,FALSE,TRUE,timeline_overlay,multiple,4,Hurricane Irma; Sargassum Brown Tides; Coastal Eutrophication; 3rd Global Bleaching,hurricane; sargassum; pollution; bleaching,NOAA FKNMS 2017 (Post-Storm Assessment); Antonio-Martinez 2020 (Sci Rep); van Tussenbroek 2017 (Mar Pollut Bull); Banister et al. 2024 (PLoS ONE); Hughes et al. 2017 (Nature); Eakin et al. 2019 (Coral Reefs),regional; caribbean-wide; local,acute_event; chronic_pressure; chronic_regime,Hurricane Irma,hurricane,5,Devastating physical damage; framework displacement,6,6,168,1398.2,2401
NOAA_survey,Florida Keys,Sand Island,SI2,NA,NA,field,Natural colony,2016,1.04383561643836,2017,NA,compound,TRUE,FALSE,TRUE,FALSE,TRUE,timeline_overlay,multiple,4,Hurricane Irma; Sargassum Brown Tides; Coastal Eutrophication; 3rd Global Bleaching,hurricane; sargassum; pollution; bleaching,NOAA FKNMS 2017 (Post-Storm Assessment); Antonio-Martinez 2020 (Sci Rep); van Tussenbroek 2017 (Mar Pollut Bull); Banister et al. 2024 (PLoS ONE); Hughes et al. 2017 (Nature); Eakin et al. 2019 (Coral Reefs),regional; caribbean-wide; local,acute_event; chronic_pressure; chronic_regime,Hurricane Irma,hurricane,5,Devastating physical damage; framework displacement,9,9,2386.8,12274.5,26834.5
NOAA_survey,Florida Keys,Sand Island,SI3,NA,NA,field,Natural colony,2016,1.04383561643836,2017,NA,compound,TRUE,FALSE,TRUE,FALSE,TRUE,timeline_overlay,multiple,4,Hurricane Irma; Sargassum Brown Tides; Coastal Eutrophication; 3rd Global Bleaching,hurricane; sargassum; pollution; bleaching,NOAA FKNMS 2017 (Post-Storm Assessment); Antonio-Martinez 2020 (Sci Rep); van Tussenbroek 2017 (Mar Pollut Bull); Banister et al. 2024 (PLoS ONE); Hughes et al. 2017 (Nature); Eakin et al. 2019 (Coral Reefs),regional; caribbean-wide; local,acute_event; chronic_pressure; chronic_regime,Hurricane Irma,hurricane,5,Devastating physical damage; framework displacement,2,2,14.85,54.3,93.75
NOAA_survey,Florida Keys,Carysfort Reef,CF1,NA,NA,field,Natural colony,2017,0.887671232876713,2017,NA,compound,TRUE,FALSE,TRUE,FALSE,TRUE,timeline_overlay,multiple,4,Hurricane Irma; Sargassum Brown Tides; Coastal Eutrophication; 3rd Global Bleaching,hurricane; sargassum; pollution; bleaching,NOAA FKNMS 2017 (Post-Storm Assessment); Antonio-Martinez 2020 (Sci Rep); van Tussenbroek 2017 (Mar Pollut Bull); Banister et al. 2024 (PLoS ONE); Hughes et al. 2017 (Nature); Eakin et al. 2019 (Coral Reefs),regional; caribbean-wide; local,acute_event; chronic_pressure; chronic_regime,Hurricane Irma,hurricane,5,Devastating physical damage; framework displacement,1,1,6,6,6
NOAA_survey,Florida Keys,Carysfort Reef,CF3,NA,NA,field,Natural colony,2017,0.887671232876713,2017,NA,compound,TRUE,FALSE,TRUE,FALSE,TRUE,timeline_overlay,multiple,4,Hurricane Irma; Sargassum Brown Tides; Coastal Eutrophication; 3rd Global Bleaching,hurricane; sargassum; pollution; bleaching,NOAA FKNMS 2017 (Post-Storm Assessment); Antonio-Martinez 2020 (Sci Rep); van Tussenbroek 2017 (Mar Pollut Bull); Banister et al. 2024 (PLoS ONE); Hughes et al. 2017 (Nature); Eakin et al. 2019 (Coral Reefs),regional; caribbean-wide; local,acute_event; chronic_pressure; chronic_regime,Hurricane Irma,hurricane,5,Devastating physical damage; framework displacement,4,4,6,2869.5,5555.55
NOAA_survey,Florida Keys,Carysfort Reef,CF4,NA,NA,field,Natural colony,2017,0.791780821917809,2017,NA,compound,TRUE,FALSE,TRUE,FALSE,TRUE,timeline_overlay,multiple,4,Hurricane Irma; Sargassum Brown Tides; Coastal Eutrophication; 3rd Global Bleaching,hurricane; sargassum; pollution; bleaching,NOAA FKNMS 2017 (Post-Storm Assessment); Antonio-Martinez 2020 (Sci Rep); van Tussenbroek 2017 (Mar Pollut Bull); Banister et al. 2024 (PLoS ONE); Hughes et al. 2017 (Nature); Eakin et al. 2019 (Coral Reefs),regional; caribbean-wide; local,acute_event; chronic_pressure; chronic_regime,Hurricane Irma,hurricane,5,Devastating physical damage; framework displacement,1,1,115.2,115.2,115.2
NOAA_survey,Florida Keys,Elbow Reef,EL1,NA,NA,field,Natural colony,2017,0.890410958904109,2017,NA,compound,TRUE,FALSE,TRUE,FALSE,TRUE,timeline_overlay,multiple,4,Hurricane Irma; Sargassum Brown Tides; Coastal Eutrophication; 3rd Global Bleaching,hurricane; sargassum; pollution; bleaching,NOAA FKNMS 2017 (Post-Storm Assessment); Antonio-Martinez 2020 (Sci Rep); van Tussenbroek 2017 (Mar Pollut Bull); Banister et al. 2024 (PLoS ONE); Hughes et al. 2017 (Nature); Eakin et al. 2019 (Coral Reefs),regional; caribbean-wide; local,acute_event; chronic_pressure; chronic_regime,Hurricane Irma,hurricane,5,Devastating physical damage; framework displacement,6,6,4050,8835.75,35834.4
NOAA_survey,Florida Keys,Elbow Reef,EL1,NA,NA,field,Natural colony,2017,0.967123287671233,2017,NA,compound,TRUE,FALSE,TRUE,FALSE,TRUE,timeline_overlay,multiple,4,Hurricane Irma; Sargassum Brown Tides; Coastal Eutrophication; 3rd Global Bleaching,hurricane; sargassum; pollution; bleaching,NOAA FKNMS 2017 (Post-Storm Assessment); Antonio-Martinez 2020 (Sci Rep); van Tussenbroek 2017 (Mar Pollut Bull); Banister et al. 2024 (PLoS ONE); Hughes et al. 2017 (Nature); Eakin et al. 2019 (Coral Reefs),regional; caribbean-wide; local,acute_event; chronic_pressure; chronic_regime,Hurricane Irma,hurricane,5,Devastating physical damage; framework displacement,5,5,2868.75,5478.4,16608
NOAA_survey,Florida Keys,Elbow Reef,EL2,NA,NA,field,Natural colony,2017,0.890410958904109,2017,NA,compound,TRUE,FALSE,TRUE,FALSE,TRUE,timeline_overlay,multiple,4,Hurricane Irma; Sargassum Brown Tides; Coastal Eutrophication; 3rd Global Bleaching,hurricane; sargassum; pollution; bleaching,NOAA FKNMS 2017 (Post-Storm Assessment); Antonio-Martinez 2020 (Sci Rep); van Tussenbroek 2017 (Mar Pollut Bull); Banister et al. 2024 (PLoS ONE); Hughes et al. 2017 (Nature); Eakin et al. 2019 (Coral Reefs),regional; caribbean-wide; local,acute_event; chronic_pressure; chronic_regime,Hurricane Irma,hurricane,5,Devastating physical damage; framework displacement,5,5,57.6,226.8,3520
NOAA_survey,Florida Keys,Elbow Reef,EL2,NA,NA,field,Natural colony,2017,0.967123287671233,2017,NA,compound,TRUE,FALSE,TRUE,FALSE,TRUE,timeline_overlay,multiple,4,Hurricane Irma; Sargassum Brown Tides; Coastal Eutrophication; 3rd Global Bleaching,hurricane; sargassum; pollution; bleaching,NOAA FKNMS 2017 (Post-Storm Assessment); Antonio-Martinez 2020 (Sci Rep); van Tussenbroek 2017 (Mar Pollut Bull); Banister et al. 2024 (PLoS ONE); Hughes et al. 2017 (Nature); Eakin et al. 2019 (Coral Reefs),regional; caribbean-wide; local,acute_event; chronic_pressure; chronic_regime,Hurricane Irma,hurricane,5,Devastating physical damage; framework displacement,6,6,5.44,427.875,15825.6
NOAA_survey,Florida Keys,Elbow Reef,EL3,NA,NA,field,Natural colony,2017,0.890410958904109,2017,NA,compound,TRUE,FALSE,TRUE,FALSE,TRUE,timeline_overlay,multiple,4,Hurricane Irma; Sargassum Brown Tides; Coastal Eutrophication; 3rd Global Bleaching,hurricane; sargassum; pollution; bleaching,NOAA FKNMS 2017 (Post-Storm Assessment); Antonio-Martinez 2020 (Sci Rep); van Tussenbroek 2017 (Mar Pollut Bull); Banister et al. 2024 (PLoS ONE); Hughes et al. 2017 (Nature); Eakin et al. 2019 (Coral Reefs),regional; caribbean-wide; local,acute_event; chronic_pressure; chronic_regime,Hurricane Irma,hurricane,5,Devastating physical damage; framework displacement,4,4,67.2,2351.1,7072.5
NOAA_survey,Florida Keys,Elbow Reef,EL3,NA,NA,field,Natural colony,2017,1,2017,NA,compound,TRUE,FALSE,TRUE,FALSE,TRUE,timeline_overlay,multiple,4,Hurricane Irma; Sargassum Brown Tides; Coastal Eutrophication; 3rd Global Bleaching,hurricane; sargassum; pollution; bleaching,NOAA FKNMS 2017 (Post-Storm Assessment); Antonio-Martinez 2020 (Sci Rep); van Tussenbroek 2017 (Mar Pollut Bull); Banister et al. 2024 (PLoS ONE); Hughes et al. 2017 (Nature); Eakin et al. 2019 (Coral Reefs),regional; caribbean-wide; local,acute_event; chronic_pressure; chronic_regime,Hurricane Irma,hurricane,5,Devastating physical damage; framework displacement,2,2,2232,4794.4,7356.8
NOAA_survey,Florida Keys,Elbow Reef,EL4,NA,NA,field,Natural colony,2017,1,2017,NA,compound,TRUE,FALSE,TRUE,FALSE,TRUE,timeline_overlay,multiple,4,Hurricane Irma; Sargassum Brown Tides; Coastal Eutrophication; 3rd Global Bleaching,hurricane; sargassum; pollution; bleaching,NOAA FKNMS 2017 (Post-Storm Assessment); Antonio-Martinez 2020 (Sci Rep); van Tussenbroek 2017 (Mar Pollut Bull); Banister et al. 2024 (PLoS ONE); Hughes et al. 2017 (Nature); Eakin et al. 2019 (Coral Reefs),regional; caribbean-wide; local,acute_event; chronic_pressure; chronic_regime,Hurricane Irma,hurricane,5,Devastating physical damage; framework displacement,5,5,123.5,8307.6,27634.5
NOAA_survey,Florida Keys,Elbow Reef,EL5,NA,NA,field,Natural colony,2017,0.747945205479452,2017,NA,compound,TRUE,FALSE,TRUE,FALSE,TRUE,timeline_overlay,multiple,4,Hurricane Irma; Sargassum Brown Tides; Coastal Eutrophication; 3rd Global Bleaching,hurricane; sargassum; pollution; bleaching,NOAA FKNMS 2017 (Post-Storm Assessment); Antonio-Martinez 2020 (Sci Rep); van Tussenbroek 2017 (Mar Pollut Bull); Banister et al. 2024 (PLoS ONE); Hughes et al. 2017 (Nature); Eakin et al. 2019 (Coral Reefs),regional; caribbean-wide; local,acute_event; chronic_pressure; chronic_regime,Hurricane Irma,hurricane,5,Devastating physical damage; framework displacement,1,1,224.4,224.4,224.4
NOAA_survey,Florida Keys,Elbow Reef,EL5,NA,NA,field,Natural colony,2017,1,2017,NA,compound,TRUE,FALSE,TRUE,FALSE,TRUE,timeline_overlay,multiple,4,Hurricane Irma; Sargassum Brown Tides; Coastal Eutrophication; 3rd Global Bleaching,hurricane; sargassum; pollution; bleaching,NOAA FKNMS 2017 (Post-Storm Assessment); Antonio-Martinez 2020 (Sci Rep); van Tussenbroek 2017 (Mar Pollut Bull); Banister et al. 2024 (PLoS ONE); Hughes et al. 2017 (Nature); Eakin et al. 2019 (Coral Reefs),regional; caribbean-wide; local,acute_event; chronic_pressure; chronic_regime,Hurricane Irma,hurricane,5,Devastating physical damage; framework displacement,1,1,8764.8,8764.8,8764.8
NOAA_survey,Florida Keys,French Reef,FR1,NA,NA,field,Natural colony,2017,0.901369863013699,2017,NA,compound,TRUE,FALSE,TRUE,FALSE,TRUE,timeline_overlay,multiple,4,Hurricane Irma; Sargassum Brown Tides; Coastal Eutrophication; 3rd Global Bleaching,hurricane; sargassum; pollution; bleaching,NOAA FKNMS 2017 (Post-Storm Assessment); Antonio-Martinez 2020 (Sci Rep); van Tussenbroek 2017 (Mar Pollut Bull); Banister et al. 2024 (PLoS ONE); Hughes et al. 2017 (Nature); Eakin et al. 2019 (Coral Reefs),regional; caribbean-wide; local,acute_event; chronic_pressure; chronic_regime,Hurricane Irma,hurricane,5,Devastating physical damage; framework displacement,8,8,30,814.4000000000001,10560
NOAA_survey,Florida Keys,French Reef,FR1,NA,NA,field,Natural colony,2017,0.95890410958904,2017,NA,compound,TRUE,FALSE,TRUE,FALSE,TRUE,timeline_overlay,multiple,4,Hurricane Irma; Sargassum Brown Tides; Coastal Eutrophication; 3rd Global Bleaching,hurricane; sargassum; pollution; bleaching,NOAA FKNMS 2017 (Post-Storm Assessment); Antonio-Martinez 2020 (Sci Rep); van Tussenbroek 2017 (Mar Pollut Bull); Banister et al. 2024 (PLoS ONE); Hughes et al. 2017 (Nature); Eakin et al. 2019 (Coral Reefs),regional; caribbean-wide; local,acute_event; chronic_pressure; chronic_regime,Hurricane Irma,hurricane,5,Devastating physical damage; framework displacement,1,1,128.25,128.25,128.25
NOAA_survey,Florida Keys,French Reef,FR2,NA,NA,field,Natural colony,2017,0.95890410958904,2017,NA,compound,TRUE,FALSE,TRUE,FALSE,TRUE,timeline_overlay,multiple,4,Hurricane Irma; Sargassum Brown Tides; Coastal Eutrophication; 3rd Global Bleaching,hurricane; sargassum; pollution; bleaching,NOAA FKNMS 2017 (Post-Storm Assessment); Antonio-Martinez 2020 (Sci Rep); van Tussenbroek 2017 (Mar Pollut Bull); Banister et al. 2024 (PLoS ONE); Hughes et al. 2017 (Nature); Eakin et al. 2019 (Coral Reefs),regional; caribbean-wide; local,acute_event; chronic_pressure; chronic_regime,Hurricane Irma,hurricane,5,Devastating physical damage; framework displacement,1,1,12,12,12
NOAA_survey,Florida Keys,French Reef,FR2,NA,NA,field,Natural colony,2017,0.958904109589041,2017,NA,compound,TRUE,FALSE,TRUE,FALSE,TRUE,timeline_overlay,multiple,4,Hurricane Irma; Sargassum Brown Tides; Coastal Eutrophication; 3rd Global Bleaching,hurricane; sargassum; pollution; bleaching,NOAA FKNMS 2017 (Post-Storm Assessment); Antonio-Martinez 2020 (Sci Rep); van Tussenbroek 2017 (Mar Pollut Bull); Banister et al. 2024 (PLoS ONE); Hughes et al. 2017 (Nature); Eakin et al. 2019 (Coral Reefs),regional; caribbean-wide; local,acute_event; chronic_pressure; chronic_regime,Hurricane Irma,hurricane,5,Devastating physical damage; framework displacement,1,1,16,16,16
NOAA_survey,Florida Keys,French Reef,FR3,NA,NA,field,Natural colony,2017,0.715068493150685,2017,NA,compound,TRUE,FALSE,TRUE,FALSE,TRUE,timeline_overlay,multiple,4,Hurricane Irma; Sargassum Brown Tides; Coastal Eutrophication; 3rd Global Bleaching,hurricane; sargassum; pollution; bleaching,NOAA FKNMS 2017 (Post-Storm Assessment); Antonio-Martinez 2020 (Sci Rep); van Tussenbroek 2017 (Mar Pollut Bull); Banister et al. 2024 (PLoS ONE); Hughes et al. 2017 (Nature); Eakin et al. 2019 (Coral Reefs),regional; caribbean-wide; local,acute_event; chronic_pressure; chronic_regime,Hurricane Irma,hurricane,5,Devastating physical damage; framework displacement,1,1,261.8,261.8,261.8
NOAA_survey,Florida Keys,French Reef,FR3,NA,NA,field,Natural colony,2017,0.958904109589041,2017,NA,compound,TRUE,FALSE,TRUE,FALSE,TRUE,timeline_overlay,multiple,4,Hurricane Irma; Sargassum Brown Tides; Coastal Eutrophication; 3rd Global Bleaching,hurricane; sargassum; pollution; bleaching,NOAA FKNMS 2017 (Post-Storm Assessment); Antonio-Martinez 2020 (Sci Rep); van Tussenbroek 2017 (Mar Pollut Bull); Banister et al. 2024 (PLoS ONE); Hughes et al. 2017 (Nature); Eakin et al. 2019 (Coral Reefs),regional; caribbean-wide; local,acute_event; chronic_pressure; chronic_regime,Hurricane Irma,hurricane,5,Devastating physical damage; framework displacement,2,2,571.2,710.85,850.5
NOAA_survey,Florida Keys,Grecian Rocks,GR1,NA,NA,field,Natural colony,2017,0.884931506849315,2017,NA,compound,TRUE,FALSE,TRUE,FALSE,TRUE,timeline_overlay,multiple,4,Hurricane Irma; Sargassum Brown Tides; Coastal Eutrophication; 3rd Global Bleaching,hurricane; sargassum; pollution; bleaching,NOAA FKNMS 2017 (Post-Storm Assessment); Antonio-Martinez 2020 (Sci Rep); van Tussenbroek 2017 (Mar Pollut Bull); Banister et al. 2024 (PLoS ONE); Hughes et al. 2017 (Nature); Eakin et al. 2019 (Coral Reefs),regional; caribbean-wide; local,acute_event; chronic_pressure; chronic_regime,Hurricane Irma,hurricane,5,Devastating physical damage; framework displacement,1,1,96,96,96
NOAA_survey,Florida Keys,Grecian Rocks,GR2,NA,NA,field,Natural colony,2017,0.791780821917808,2017,NA,compound,TRUE,FALSE,TRUE,FALSE,TRUE,timeline_overlay,multiple,4,Hurricane Irma; Sargassum Brown Tides; Coastal Eutrophication; 3rd Global Bleaching,hurricane; sargassum; pollution; bleaching,NOAA FKNMS 2017 (Post-Storm Assessment); Antonio-Martinez 2020 (Sci Rep); van Tussenbroek 2017 (Mar Pollut Bull); Banister et al. 2024 (PLoS ONE); Hughes et al. 2017 (Nature); Eakin et al. 2019 (Coral Reefs),regional; caribbean-wide; local,acute_event; chronic_pressure; chronic_regime,Hurricane Irma,hurricane,5,Devastating physical damage; framework displacement,1,1,18,18,18
NOAA_survey,Florida Keys,Key Largo Dry Rocks,KL3,NA,NA,field,Natural colony,2017,0.564383561643836,2017,NA,compound,TRUE,FALSE,TRUE,FALSE,TRUE,timeline_overlay,multiple,4,Hurricane Irma; Sargassum Brown Tides; Coastal Eutrophication; 3rd Global Bleaching,hurricane; sargassum; pollution; bleaching,NOAA FKNMS 2017 (Post-Storm Assessment); Antonio-Martinez 2020 (Sci Rep); van Tussenbroek 2017 (Mar Pollut Bull); Banister et al. 2024 (PLoS ONE); Hughes et al. 2017 (Nature); Eakin et al. 2019 (Coral Reefs),regional; caribbean-wide; local,acute_event; chronic_pressure; chronic_regime,Hurricane Irma,hurricane,5,Devastating physical damage; framework displacement,1,1,8.37,8.37,8.37
NOAA_survey,Florida Keys,Key Largo Dry Rocks,KL3,NA,NA,field,Natural colony,2017,0.967123287671233,2017,NA,compound,TRUE,FALSE,TRUE,FALSE,TRUE,timeline_overlay,multiple,4,Hurricane Irma; Sargassum Brown Tides; Coastal Eutrophication; 3rd Global Bleaching,hurricane; sargassum; pollution; bleaching,NOAA FKNMS 2017 (Post-Storm Assessment); Antonio-Martinez 2020 (Sci Rep); van Tussenbroek 2017 (Mar Pollut Bull); Banister et al. 2024 (PLoS ONE); Hughes et al. 2017 (Nature); Eakin et al. 2019 (Coral Reefs),regional; caribbean-wide; local,acute_event; chronic_pressure; chronic_regime,Hurricane Irma,hurricane,5,Devastating physical damage; framework displacement,1,1,1948.8,1948.8,1948.8
NOAA_survey,Florida Keys,Key Largo Dry Rocks,KL4,NA,NA,field,Natural colony,2017,0.756164383561644,2017,NA,compound,TRUE,FALSE,TRUE,FALSE,TRUE,timeline_overlay,multiple,4,Hurricane Irma; Sargassum Brown Tides; Coastal Eutrophication; 3rd Global Bleaching,hurricane; sargassum; pollution; bleaching,NOAA FKNMS 2017 (Post-Storm Assessment); Antonio-Martinez 2020 (Sci Rep); van Tussenbroek 2017 (Mar Pollut Bull); Banister et al. 2024 (PLoS ONE); Hughes et al. 2017 (Nature); Eakin et al. 2019 (Coral Reefs),regional; caribbean-wide; local,acute_event; chronic_pressure; chronic_regime,Hurricane Irma,hurricane,5,Devastating physical damage; framework displacement,1,1,7920,7920,7920
NOAA_survey,Florida Keys,Molasses Reef,ML1,NA,NA,field,Natural colony,2017,0.901369863013699,2017,NA,compound,TRUE,FALSE,TRUE,FALSE,TRUE,timeline_overlay,multiple,4,Hurricane Irma; Sargassum Brown Tides; Coastal Eutrophication; 3rd Global Bleaching,hurricane; sargassum; pollution; bleaching,NOAA FKNMS 2017 (Post-Storm Assessment); Antonio-Martinez 2020 (Sci Rep); van Tussenbroek 2017 (Mar Pollut Bull); Banister et al. 2024 (PLoS ONE); Hughes et al. 2017 (Nature); Eakin et al. 2019 (Coral Reefs),regional; caribbean-wide; local,acute_event; chronic_pressure; chronic_regime,Hurricane Irma,hurricane,5,Devastating physical damage; framework displacement,6,6,218.75,4966.5,17810
NOAA_survey,Florida Keys,Molasses Reef,ML2,NA,NA,field,Natural colony,2017,0.778082191780822,2017,NA,compound,TRUE,FALSE,TRUE,FALSE,TRUE,timeline_overlay,multiple,4,Hurricane Irma; Sargassum Brown Tides; Coastal Eutrophication; 3rd Global Bleaching,hurricane; sargassum; pollution; bleaching,NOAA FKNMS 2017 (Post-Storm Assessment); Antonio-Martinez 2020 (Sci Rep); van Tussenbroek 2017 (Mar Pollut Bull); Banister et al. 2024 (PLoS ONE); Hughes et al. 2017 (Nature); Eakin et al. 2019 (Coral Reefs),regional; caribbean-wide; local,acute_event; chronic_pressure; chronic_regime,Hurricane Irma,hurricane,5,Devastating physical damage; framework displacement,2,2,89.6,228.39999999999998,367.2
NOAA_survey,Florida Keys,Molasses Reef,ML2,NA,NA,field,Natural colony,2017,0.901369863013699,2017,NA,compound,TRUE,FALSE,TRUE,FALSE,TRUE,timeline_overlay,multiple,4,Hurricane Irma; Sargassum Brown Tides; Coastal Eutrophication; 3rd Global Bleaching,hurricane; sargassum; pollution; bleaching,NOAA FKNMS 2017 (Post-Storm Assessment); Antonio-Martinez 2020 (Sci Rep); van Tussenbroek 2017 (Mar Pollut Bull); Banister et al. 2024 (PLoS ONE); Hughes et al. 2017 (Nature); Eakin et al. 2019 (Coral Reefs),regional; caribbean-wide; local,acute_event; chronic_pressure; chronic_regime,Hurricane Irma,hurricane,5,Devastating physical damage; framework displacement,2,2,6854.4,12310.2,17766
NOAA_survey,Florida Keys,Molasses Reef,ML3,NA,NA,field,Natural colony,2017,0.904109589041097,2017,NA,compound,TRUE,FALSE,TRUE,FALSE,TRUE,timeline_overlay,multiple,4,Hurricane Irma; Sargassum Brown Tides; Coastal Eutrophication; 3rd Global Bleaching,hurricane; sargassum; pollution; bleaching,NOAA FKNMS 2017 (Post-Storm Assessment); Antonio-Martinez 2020 (Sci Rep); van Tussenbroek 2017 (Mar Pollut Bull); Banister et al. 2024 (PLoS ONE); Hughes et al. 2017 (Nature); Eakin et al. 2019 (Coral Reefs),regional; caribbean-wide; local,acute_event; chronic_pressure; chronic_regime,Hurricane Irma,hurricane,5,Devastating physical damage; framework displacement,7,7,150,9108,17759
NOAA_survey,Florida Keys,Sand Island,SI1,NA,NA,field,Natural colony,2017,0.591780821917808,2017,NA,compound,TRUE,FALSE,TRUE,FALSE,TRUE,timeline_overlay,multiple,4,Hurricane Irma; Sargassum Brown Tides; Coastal Eutrophication; 3rd Global Bleaching,hurricane; sargassum; pollution; bleaching,NOAA FKNMS 2017 (Post-Storm Assessment); Antonio-Martinez 2020 (Sci Rep); van Tussenbroek 2017 (Mar Pollut Bull); Banister et al. 2024 (PLoS ONE); Hughes et al. 2017 (Nature); Eakin et al. 2019 (Coral Reefs),regional; caribbean-wide; local,acute_event; chronic_pressure; chronic_regime,Hurricane Irma,hurricane,5,Devastating physical damage; framework displacement,1,1,366,366,366
NOAA_survey,Florida Keys,Carysfort Reef,CF3,NA,NA,field,Natural colony,2017,1.09315068493151,2018,NA,compound,TRUE,FALSE,TRUE,FALSE,TRUE,timeline_overlay,multiple,4,Hurricane Irma; Sargassum Brown Tides; Coastal Eutrophication; 3rd Global Bleaching,hurricane; sargassum; pollution; bleaching,NOAA FKNMS 2017 (Post-Storm Assessment); Antonio-Martinez 2020 (Sci Rep); van Tussenbroek 2017 (Mar Pollut Bull); Banister et al. 2024 (PLoS ONE); Hughes et al. 2017 (Nature); Eakin et al. 2019 (Coral Reefs),regional; caribbean-wide; local,acute_event; chronic_pressure; chronic_regime,Hurricane Irma,hurricane,5,Devastating physical damage; framework displacement,1,1,10,10,10
NOAA_survey,Florida Keys,Elbow Reef,EL1,NA,NA,field,Natural colony,2017,1.14246575342466,2018,NA,compound,TRUE,FALSE,TRUE,FALSE,TRUE,timeline_overlay,multiple,4,Hurricane Irma; Sargassum Brown Tides; Coastal Eutrophication; 3rd Global Bleaching,hurricane; sargassum; pollution; bleaching,NOAA FKNMS 2017 (Post-Storm Assessment); Antonio-Martinez 2020 (Sci Rep); van Tussenbroek 2017 (Mar Pollut Bull); Banister et al. 2024 (PLoS ONE); Hughes et al. 2017 (Nature); Eakin et al. 2019 (Coral Reefs),regional; caribbean-wide; local,acute_event; chronic_pressure; chronic_regime,Hurricane Irma,hurricane,5,Devastating physical damage; framework displacement,1,1,8400,8400,8400
NOAA_survey,Florida Keys,Elbow Reef,EL2,NA,NA,field,Natural colony,2017,1.06301369863014,2018,NA,compound,TRUE,FALSE,TRUE,FALSE,TRUE,timeline_overlay,multiple,4,Hurricane Irma; Sargassum Brown Tides; Coastal Eutrophication; 3rd Global Bleaching,hurricane; sargassum; pollution; bleaching,NOAA FKNMS 2017 (Post-Storm Assessment); Antonio-Martinez 2020 (Sci Rep); van Tussenbroek 2017 (Mar Pollut Bull); Banister et al. 2024 (PLoS ONE); Hughes et al. 2017 (Nature); Eakin et al. 2019 (Coral Reefs),regional; caribbean-wide; local,acute_event; chronic_pressure; chronic_regime,Hurricane Irma,hurricane,5,Devastating physical damage; framework displacement,1,1,45,45,45
NOAA_survey,Florida Keys,Elbow Reef,EL3,NA,NA,field,Natural colony,2017,1.06301369863014,2018,NA,compound,TRUE,FALSE,TRUE,FALSE,TRUE,timeline_overlay,multiple,4,Hurricane Irma; Sargassum Brown Tides; Coastal Eutrophication; 3rd Global Bleaching,hurricane; sargassum; pollution; bleaching,NOAA FKNMS 2017 (Post-Storm Assessment); Antonio-Martinez 2020 (Sci Rep); van Tussenbroek 2017 (Mar Pollut Bull); Banister et al. 2024 (PLoS ONE); Hughes et al. 2017 (Nature); Eakin et al. 2019 (Coral Reefs),regional; caribbean-wide; local,acute_event; chronic_pressure; chronic_regime,Hurricane Irma,hurricane,5,Devastating physical damage; framework displacement,4,4,16,357.875,1836.8
NOAA_survey,Florida Keys,Elbow Reef,EL4,NA,NA,field,Natural colony,2017,1.06301369863014,2018,NA,compound,TRUE,FALSE,TRUE,FALSE,TRUE,timeline_overlay,multiple,4,Hurricane Irma; Sargassum Brown Tides; Coastal Eutrophication; 3rd Global Bleaching,hurricane; sargassum; pollution; bleaching,NOAA FKNMS 2017 (Post-Storm Assessment); Antonio-Martinez 2020 (Sci Rep); van Tussenbroek 2017 (Mar Pollut Bull); Banister et al. 2024 (PLoS ONE); Hughes et al. 2017 (Nature); Eakin et al. 2019 (Coral Reefs),regional; caribbean-wide; local,acute_event; chronic_pressure; chronic_regime,Hurricane Irma,hurricane,5,Devastating physical damage; framework displacement,1,1,1795.5,1795.5,1795.5
NOAA_survey,Florida Keys,Elbow Reef,EL5,NA,NA,field,Natural colony,2017,1.06301369863014,2018,NA,compound,TRUE,FALSE,TRUE,FALSE,TRUE,timeline_overlay,multiple,4,Hurricane Irma; Sargassum Brown Tides; Coastal Eutrophication; 3rd Global Bleaching,hurricane; sargassum; pollution; bleaching,NOAA FKNMS 2017 (Post-Storm Assessment); Antonio-Martinez 2020 (Sci Rep); van Tussenbroek 2017 (Mar Pollut Bull); Banister et al. 2024 (PLoS ONE); Hughes et al. 2017 (Nature); Eakin et al. 2019 (Coral Reefs),regional; caribbean-wide; local,acute_event; chronic_pressure; chronic_regime,Hurricane Irma,hurricane,5,Devastating physical damage; framework displacement,1,1,56,56,56
NOAA_survey,Florida Keys,French Reef,FR1,NA,NA,field,Natural colony,2017,1.0958904109589,2018,NA,compound,TRUE,FALSE,TRUE,FALSE,TRUE,timeline_overlay,multiple,4,Hurricane Irma; Sargassum Brown Tides; Coastal Eutrophication; 3rd Global Bleaching,hurricane; sargassum; pollution; bleaching,NOAA FKNMS 2017 (Post-Storm Assessment); Antonio-Martinez 2020 (Sci Rep); van Tussenbroek 2017 (Mar Pollut Bull); Banister et al. 2024 (PLoS ONE); Hughes et al. 2017 (Nature); Eakin et al. 2019 (Coral Reefs),regional; caribbean-wide; local,acute_event; chronic_pressure; chronic_regime,Hurricane Irma,hurricane,5,Devastating physical damage; framework displacement,3,3,106.4,3974.4,5978.7
NOAA_survey,Florida Keys,French Reef,FR2,NA,NA,field,Natural colony,2017,1.0958904109589,2018,NA,compound,TRUE,FALSE,TRUE,FALSE,TRUE,timeline_overlay,multiple,4,Hurricane Irma; Sargassum Brown Tides; Coastal Eutrophication; 3rd Global Bleaching,hurricane; sargassum; pollution; bleaching,NOAA FKNMS 2017 (Post-Storm Assessment); Antonio-Martinez 2020 (Sci Rep); van Tussenbroek 2017 (Mar Pollut Bull); Banister et al. 2024 (PLoS ONE); Hughes et al. 2017 (Nature); Eakin et al. 2019 (Coral Reefs),regional; caribbean-wide; local,acute_event; chronic_pressure; chronic_regime,Hurricane Irma,hurricane,5,Devastating physical damage; framework displacement,10,10,1,79.5,918.75
NOAA_survey,Florida Keys,French Reef,FR3,NA,NA,field,Natural colony,2017,1.04109589041096,2018,NA,compound,TRUE,FALSE,TRUE,FALSE,TRUE,timeline_overlay,multiple,4,Hurricane Irma; Sargassum Brown Tides; Coastal Eutrophication; 3rd Global Bleaching,hurricane; sargassum; pollution; bleaching,NOAA FKNMS 2017 (Post-Storm Assessment); Antonio-Martinez 2020 (Sci Rep); van Tussenbroek 2017 (Mar Pollut Bull); Banister et al. 2024 (PLoS ONE); Hughes et al. 2017 (Nature); Eakin et al. 2019 (Coral Reefs),regional; caribbean-wide; local,acute_event; chronic_pressure; chronic_regime,Hurricane Irma,hurricane,5,Devastating physical damage; framework displacement,9,9,11.2,120,2331
NOAA_survey,Florida Keys,Grecian Rocks,GR2,NA,NA,field,Natural colony,2017,1.0958904109589,2018,NA,compound,TRUE,FALSE,TRUE,FALSE,TRUE,timeline_overlay,multiple,4,Hurricane Irma; Sargassum Brown Tides; Coastal Eutrophication; 3rd Global Bleaching,hurricane; sargassum; pollution; bleaching,NOAA FKNMS 2017 (Post-Storm Assessment); Antonio-Martinez 2020 (Sci Rep); van Tussenbroek 2017 (Mar Pollut Bull); Banister et al. 2024 (PLoS ONE); Hughes et al. 2017 (Nature); Eakin et al. 2019 (Coral Reefs),regional; caribbean-wide; local,acute_event; chronic_pressure; chronic_regime,Hurricane Irma,hurricane,5,Devastating physical damage; framework displacement,1,1,160,160,160
NOAA_survey,Florida Keys,Grecian Rocks,GR3,NA,NA,field,Natural colony,2017,1.09315068493151,2018,NA,compound,TRUE,FALSE,TRUE,FALSE,TRUE,timeline_overlay,multiple,4,Hurricane Irma; Sargassum Brown Tides; Coastal Eutrophication; 3rd Global Bleaching,hurricane; sargassum; pollution; bleaching,NOAA FKNMS 2017 (Post-Storm Assessment); Antonio-Martinez 2020 (Sci Rep); van Tussenbroek 2017 (Mar Pollut Bull); Banister et al. 2024 (PLoS ONE); Hughes et al. 2017 (Nature); Eakin et al. 2019 (Coral Reefs),regional; caribbean-wide; local,acute_event; chronic_pressure; chronic_regime,Hurricane Irma,hurricane,5,Devastating physical damage; framework displacement,12,12,14.4,132.225,570
NOAA_survey,Florida Keys,Key Largo Dry Rocks,KL1,NA,NA,field,Natural colony,2017,1.29041095890411,2018,NA,compound,TRUE,FALSE,TRUE,FALSE,TRUE,timeline_overlay,multiple,4,Hurricane Irma; Sargassum Brown Tides; Coastal Eutrophication; 3rd Global Bleaching,hurricane; sargassum; pollution; bleaching,NOAA FKNMS 2017 (Post-Storm Assessment); Antonio-Martinez 2020 (Sci Rep); van Tussenbroek 2017 (Mar Pollut Bull); Banister et al. 2024 (PLoS ONE); Hughes et al. 2017 (Nature); Eakin et al. 2019 (Coral Reefs),regional; caribbean-wide; local,acute_event; chronic_pressure; chronic_regime,Hurricane Irma,hurricane,5,Devastating physical damage; framework displacement,1,1,148.5,148.5,148.5
NOAA_survey,Florida Keys,Key Largo Dry Rocks,KL3,NA,NA,field,Natural colony,2017,1.15342465753425,2018,NA,compound,TRUE,FALSE,TRUE,FALSE,TRUE,timeline_overlay,multiple,4,Hurricane Irma; Sargassum Brown Tides; Coastal Eutrophication; 3rd Global Bleaching,hurricane; sargassum; pollution; bleaching,NOAA FKNMS 2017 (Post-Storm Assessment); Antonio-Martinez 2020 (Sci Rep); van Tussenbroek 2017 (Mar Pollut Bull); Banister et al. 2024 (PLoS ONE); Hughes et al. 2017 (Nature); Eakin et al. 2019 (Coral Reefs),regional; caribbean-wide; local,acute_event; chronic_pressure; chronic_regime,Hurricane Irma,hurricane,5,Devastating physical damage; framework displacement,1,1,12.8,12.8,12.8
NOAA_survey,Florida Keys,Key Largo Dry Rocks,KL4,NA,NA,field,Natural colony,2017,1.15342465753425,2018,NA,compound,TRUE,FALSE,TRUE,FALSE,TRUE,timeline_overlay,multiple,4,Hurricane Irma; Sargassum Brown Tides; Coastal Eutrophication; 3rd Global Bleaching,hurricane; sargassum; pollution; bleaching,NOAA FKNMS 2017 (Post-Storm Assessment); Antonio-Martinez 2020 (Sci Rep); van Tussenbroek 2017 (Mar Pollut Bull); Banister et al. 2024 (PLoS ONE); Hughes et al. 2017 (Nature); Eakin et al. 2019 (Coral Reefs),regional; caribbean-wide; local,acute_event; chronic_pressure; chronic_regime,Hurricane Irma,hurricane,5,Devastating physical damage; framework displacement,1,1,145.2,145.2,145.2
NOAA_survey,Florida Keys,Molasses Reef,ML1,NA,NA,field,Natural colony,2017,1.03287671232877,2018,NA,compound,TRUE,FALSE,TRUE,FALSE,TRUE,timeline_overlay,multiple,4,Hurricane Irma; Sargassum Brown Tides; Coastal Eutrophication; 3rd Global Bleaching,hurricane; sargassum; pollution; bleaching,NOAA FKNMS 2017 (Post-Storm Assessment); Antonio-Martinez 2020 (Sci Rep); van Tussenbroek 2017 (Mar Pollut Bull); Banister et al. 2024 (PLoS ONE); Hughes et al. 2017 (Nature); Eakin et al. 2019 (Coral Reefs),regional; caribbean-wide; local,acute_event; chronic_pressure; chronic_regime,Hurricane Irma,hurricane,5,Devastating physical damage; framework displacement,1,1,24,24,24
NOAA_survey,Florida Keys,Molasses Reef,ML2,NA,NA,field,Natural colony,2017,1.02739726027397,2018,NA,compound,TRUE,FALSE,TRUE,FALSE,TRUE,timeline_overlay,multiple,4,Hurricane Irma; Sargassum Brown Tides; Coastal Eutrophication; 3rd Global Bleaching,hurricane; sargassum; pollution; bleaching,NOAA FKNMS 2017 (Post-Storm Assessment); Antonio-Martinez 2020 (Sci Rep); van Tussenbroek 2017 (Mar Pollut Bull); Banister et al. 2024 (PLoS ONE); Hughes et al. 2017 (Nature); Eakin et al. 2019 (Coral Reefs),regional; caribbean-wide; local,acute_event; chronic_pressure; chronic_regime,Hurricane Irma,hurricane,5,Devastating physical damage; framework displacement,3,3,2,15,152
NOAA_survey,Florida Keys,Molasses Reef,ML2,NA,NA,field,Natural colony,2017,1.03287671232877,2018,NA,compound,TRUE,FALSE,TRUE,FALSE,TRUE,timeline_overlay,multiple,4,Hurricane Irma; Sargassum Brown Tides; Coastal Eutrophication; 3rd Global Bleaching,hurricane; sargassum; pollution; bleaching,NOAA FKNMS 2017 (Post-Storm Assessment); Antonio-Martinez 2020 (Sci Rep); van Tussenbroek 2017 (Mar Pollut Bull); Banister et al. 2024 (PLoS ONE); Hughes et al. 2017 (Nature); Eakin et al. 2019 (Coral Reefs),regional; caribbean-wide; local,acute_event; chronic_pressure; chronic_regime,Hurricane Irma,hurricane,5,Devastating physical damage; framework displacement,5,5,3.75,268,4379.2
NOAA_survey,Florida Keys,Molasses Reef,ML3,NA,NA,field,Natural colony,2017,1.02739726027397,2018,NA,compound,TRUE,FALSE,TRUE,FALSE,TRUE,timeline_overlay,multiple,4,Hurricane Irma; Sargassum Brown Tides; Coastal Eutrophication; 3rd Global Bleaching,hurricane; sargassum; pollution; bleaching,NOAA FKNMS 2017 (Post-Storm Assessment); Antonio-Martinez 2020 (Sci Rep); van Tussenbroek 2017 (Mar Pollut Bull); Banister et al. 2024 (PLoS ONE); Hughes et al. 2017 (Nature); Eakin et al. 2019 (Coral Reefs),regional; caribbean-wide; local,acute_event; chronic_pressure; chronic_regime,Hurricane Irma,hurricane,5,Devastating physical damage; framework displacement,2,2,2430,3407.4,4384.8
NOAA_survey,Florida Keys,Molasses Reef,ML3,NA,NA,field,Natural colony,2017,1.03835616438356,2018,NA,compound,TRUE,FALSE,TRUE,FALSE,TRUE,timeline_overlay,multiple,4,Hurricane Irma; Sargassum Brown Tides; Coastal Eutrophication; 3rd Global Bleaching,hurricane; sargassum; pollution; bleaching,NOAA FKNMS 2017 (Post-Storm Assessment); Antonio-Martinez 2020 (Sci Rep); van Tussenbroek 2017 (Mar Pollut Bull); Banister et al. 2024 (PLoS ONE); Hughes et al. 2017 (Nature); Eakin et al. 2019 (Coral Reefs),regional; caribbean-wide; local,acute_event; chronic_pressure; chronic_regime,Hurricane Irma,hurricane,5,Devastating physical damage; framework displacement,3,3,21,110,154.7
NOAA_survey,Florida Keys,Sand Island,SI1,NA,NA,field,Natural colony,2017,1.01095890410959,2018,NA,compound,TRUE,FALSE,TRUE,FALSE,TRUE,timeline_overlay,multiple,4,Hurricane Irma; Sargassum Brown Tides; Coastal Eutrophication; 3rd Global Bleaching,hurricane; sargassum; pollution; bleaching,NOAA FKNMS 2017 (Post-Storm Assessment); Antonio-Martinez 2020 (Sci Rep); van Tussenbroek 2017 (Mar Pollut Bull); Banister et al. 2024 (PLoS ONE); Hughes et al. 2017 (Nature); Eakin et al. 2019 (Coral Reefs),regional; caribbean-wide; local,acute_event; chronic_pressure; chronic_regime,Hurricane Irma,hurricane,5,Devastating physical damage; framework displacement,4,4,21.84,453.75,1782
NOAA_survey,Florida Keys,Sand Island,SI1,NA,NA,field,Natural colony,2017,1.04109589041096,2018,NA,compound,TRUE,FALSE,TRUE,FALSE,TRUE,timeline_overlay,multiple,4,Hurricane Irma; Sargassum Brown Tides; Coastal Eutrophication; 3rd Global Bleaching,hurricane; sargassum; pollution; bleaching,NOAA FKNMS 2017 (Post-Storm Assessment); Antonio-Martinez 2020 (Sci Rep); van Tussenbroek 2017 (Mar Pollut Bull); Banister et al. 2024 (PLoS ONE); Hughes et al. 2017 (Nature); Eakin et al. 2019 (Coral Reefs),regional; caribbean-wide; local,acute_event; chronic_pressure; chronic_regime,Hurricane Irma,hurricane,5,Devastating physical damage; framework displacement,7,7,81.6,2016,21430.4
NOAA_survey,Florida Keys,Sand Island,SI2,NA,NA,field,Natural colony,2017,1.01095890410959,2018,NA,compound,TRUE,FALSE,TRUE,FALSE,TRUE,timeline_overlay,multiple,4,Hurricane Irma; Sargassum Brown Tides; Coastal Eutrophication; 3rd Global Bleaching,hurricane; sargassum; pollution; bleaching,NOAA FKNMS 2017 (Post-Storm Assessment); Antonio-Martinez 2020 (Sci Rep); van Tussenbroek 2017 (Mar Pollut Bull); Banister et al. 2024 (PLoS ONE); Hughes et al. 2017 (Nature); Eakin et al. 2019 (Coral Reefs),regional; caribbean-wide; local,acute_event; chronic_pressure; chronic_regime,Hurricane Irma,hurricane,5,Devastating physical damage; framework displacement,9,9,2544,8910,22473
NOAA_survey,Florida Keys,Sand Island,SI2,NA,NA,field,Natural colony,2017,1.04109589041096,2018,NA,compound,TRUE,FALSE,TRUE,FALSE,TRUE,timeline_overlay,multiple,4,Hurricane Irma; Sargassum Brown Tides; Coastal Eutrophication; 3rd Global Bleaching,hurricane; sargassum; pollution; bleaching,NOAA FKNMS 2017 (Post-Storm Assessment); Antonio-Martinez 2020 (Sci Rep); van Tussenbroek 2017 (Mar Pollut Bull); Banister et al. 2024 (PLoS ONE); Hughes et al. 2017 (Nature); Eakin et al. 2019 (Coral Reefs),regional; caribbean-wide; local,acute_event; chronic_pressure; chronic_regime,Hurricane Irma,hurricane,5,Devastating physical damage; framework displacement,3,3,350.9,3351.6,5550
NOAA_survey,Florida Keys,Sand Island,SI3,NA,NA,field,Natural colony,2017,1.01095890410959,2018,NA,compound,TRUE,FALSE,TRUE,FALSE,TRUE,timeline_overlay,multiple,4,Hurricane Irma; Sargassum Brown Tides; Coastal Eutrophication; 3rd Global Bleaching,hurricane; sargassum; pollution; bleaching,NOAA FKNMS 2017 (Post-Storm Assessment); Antonio-Martinez 2020 (Sci Rep); van Tussenbroek 2017 (Mar Pollut Bull); Banister et al. 2024 (PLoS ONE); Hughes et al. 2017 (Nature); Eakin et al. 2019 (Coral Reefs),regional; caribbean-wide; local,acute_event; chronic_pressure; chronic_regime,Hurricane Irma,hurricane,5,Devastating physical damage; framework displacement,1,1,18.75,18.75,18.75
NOAA_survey,Florida Keys,Sand Island,SI3,NA,NA,field,Natural colony,2017,1.04109589041096,2018,NA,compound,TRUE,FALSE,TRUE,FALSE,TRUE,timeline_overlay,multiple,4,Hurricane Irma; Sargassum Brown Tides; Coastal Eutrophication; 3rd Global Bleaching,hurricane; sargassum; pollution; bleaching,NOAA FKNMS 2017 (Post-Storm Assessment); Antonio-Martinez 2020 (Sci Rep); van Tussenbroek 2017 (Mar Pollut Bull); Banister et al. 2024 (PLoS ONE); Hughes et al. 2017 (Nature); Eakin et al. 2019 (Coral Reefs),regional; caribbean-wide; local,acute_event; chronic_pressure; chronic_regime,Hurricane Irma,hurricane,5,Devastating physical damage; framework displacement,1,1,4970.4,4970.4,4970.4
NOAA_survey,Florida Keys,Carysfort Reef,CF4,NA,NA,field,Natural colony,2018,0.942465753424657,2018,NA,compound,FALSE,FALSE,TRUE,FALSE,TRUE,timeline_overlay,multiple,2,Sargassum Brown Tides; Coastal Eutrophication,sargassum; pollution,Antonio-Martinez 2020 (Sci Rep); van Tussenbroek 2017 (Mar Pollut Bull); Banister et al. 2024 (PLoS ONE),caribbean-wide; local,chronic_pressure,Sargassum Brown Tides,sargassum,37.5M tons,Leachate toxicity; larval spiral swimming; hypoxia (DO < 1mg/L),1,1,117.6,117.6,117.6
NOAA_survey,Florida Keys,Elbow Reef,EL1,NA,NA,field,Natural colony,2018,0.931506849315068,2018,NA,compound,FALSE,FALSE,TRUE,FALSE,TRUE,timeline_overlay,multiple,2,Sargassum Brown Tides; Coastal Eutrophication,sargassum; pollution,Antonio-Martinez 2020 (Sci Rep); van Tussenbroek 2017 (Mar Pollut Bull); Banister et al. 2024 (PLoS ONE),caribbean-wide; local,chronic_pressure,Sargassum Brown Tides,sargassum,37.5M tons,Leachate toxicity; larval spiral swimming; hypoxia (DO < 1mg/L),3,3,39.2,4143.75,7315
NOAA_survey,Florida Keys,Elbow Reef,EL1,NA,NA,field,Natural colony,2018,0.978082191780822,2018,NA,compound,FALSE,FALSE,TRUE,FALSE,TRUE,timeline_overlay,multiple,2,Sargassum Brown Tides; Coastal Eutrophication,sargassum; pollution,Antonio-Martinez 2020 (Sci Rep); van Tussenbroek 2017 (Mar Pollut Bull); Banister et al. 2024 (PLoS ONE),caribbean-wide; local,chronic_pressure,Sargassum Brown Tides,sargassum,37.5M tons,Leachate toxicity; larval spiral swimming; hypoxia (DO < 1mg/L),4,4,3959.1,6226.875,17743.75
NOAA_survey,Florida Keys,Elbow Reef,EL1,NA,NA,field,Restoration fragment,2018,0.931506849315068,2018,NA,compound,FALSE,FALSE,TRUE,FALSE,TRUE,timeline_overlay,multiple,2,Sargassum Brown Tides; Coastal Eutrophication,sargassum; pollution,Antonio-Martinez 2020 (Sci Rep); van Tussenbroek 2017 (Mar Pollut Bull); Banister et al. 2024 (PLoS ONE),caribbean-wide; local,chronic_pressure,Sargassum Brown Tides,sargassum,37.5M tons,Leachate toxicity; larval spiral swimming; hypoxia (DO < 1mg/L),1,1,32,32,32
NOAA_survey,Florida Keys,Elbow Reef,EL2,NA,NA,field,Natural colony,2018,0.654794520547945,2018,NA,compound,FALSE,FALSE,TRUE,FALSE,TRUE,timeline_overlay,multiple,2,Sargassum Brown Tides; Coastal Eutrophication,sargassum; pollution,Antonio-Martinez 2020 (Sci Rep); van Tussenbroek 2017 (Mar Pollut Bull); Banister et al. 2024 (PLoS ONE),caribbean-wide; local,chronic_pressure,Sargassum Brown Tides,sargassum,37.5M tons,Leachate toxicity; larval spiral swimming; hypoxia (DO < 1mg/L),2,2,102.6,111.3,120
NOAA_survey,Florida Keys,Elbow Reef,EL2,NA,NA,field,Natural colony,2018,0.96986301369863,2018,NA,compound,FALSE,FALSE,TRUE,FALSE,TRUE,timeline_overlay,multiple,2,Sargassum Brown Tides; Coastal Eutrophication,sargassum; pollution,Antonio-Martinez 2020 (Sci Rep); van Tussenbroek 2017 (Mar Pollut Bull); Banister et al. 2024 (PLoS ONE),caribbean-wide; local,chronic_pressure,Sargassum Brown Tides,sargassum,37.5M tons,Leachate toxicity; larval spiral swimming; hypoxia (DO < 1mg/L),2,2,21,6389.25,12757.5
NOAA_survey,Florida Keys,Elbow Reef,EL3,NA,NA,field,Natural colony,2018,0.96986301369863,2018,NA,compound,FALSE,FALSE,TRUE,FALSE,TRUE,timeline_overlay,multiple,2,Sargassum Brown Tides; Coastal Eutrophication,sargassum; pollution,Antonio-Martinez 2020 (Sci Rep); van Tussenbroek 2017 (Mar Pollut Bull); Banister et al. 2024 (PLoS ONE),caribbean-wide; local,chronic_pressure,Sargassum Brown Tides,sargassum,37.5M tons,Leachate toxicity; larval spiral swimming; hypoxia (DO < 1mg/L),2,2,4140,6626,9112
NOAA_survey,Florida Keys,Elbow Reef,EL4,NA,NA,field,Natural colony,2018,0.654794520547945,2018,NA,compound,FALSE,FALSE,TRUE,FALSE,TRUE,timeline_overlay,multiple,2,Sargassum Brown Tides; Coastal Eutrophication,sargassum; pollution,Antonio-Martinez 2020 (Sci Rep); van Tussenbroek 2017 (Mar Pollut Bull); Banister et al. 2024 (PLoS ONE),caribbean-wide; local,chronic_pressure,Sargassum Brown Tides,sargassum,37.5M tons,Leachate toxicity; larval spiral swimming; hypoxia (DO < 1mg/L),1,1,769.5,769.5,769.5
NOAA_survey,Florida Keys,Elbow Reef,EL4,NA,NA,field,Natural colony,2018,0.96986301369863,2018,NA,compound,FALSE,FALSE,TRUE,FALSE,TRUE,timeline_overlay,multiple,2,Sargassum Brown Tides; Coastal Eutrophication,sargassum; pollution,Antonio-Martinez 2020 (Sci Rep); van Tussenbroek 2017 (Mar Pollut Bull); Banister et al. 2024 (PLoS ONE),caribbean-wide; local,chronic_pressure,Sargassum Brown Tides,sargassum,37.5M tons,Leachate toxicity; larval spiral swimming; hypoxia (DO < 1mg/L),3,3,440,10322.2,30528
NOAA_survey,Florida Keys,French Reef,FR1,NA,NA,field,Natural colony,2018,0.616438356164384,2018,NA,compound,FALSE,FALSE,TRUE,FALSE,TRUE,timeline_overlay,multiple,2,Sargassum Brown Tides; Coastal Eutrophication,sargassum; pollution,Antonio-Martinez 2020 (Sci Rep); van Tussenbroek 2017 (Mar Pollut Bull); Banister et al. 2024 (PLoS ONE),caribbean-wide; local,chronic_pressure,Sargassum Brown Tides,sargassum,37.5M tons,Leachate toxicity; larval spiral swimming; hypoxia (DO < 1mg/L),1,1,40,40,40
NOAA_survey,Florida Keys,French Reef,FR2,NA,NA,field,Natural colony,2018,0.616438356164384,2018,NA,compound,FALSE,FALSE,TRUE,FALSE,TRUE,timeline_overlay,multiple,2,Sargassum Brown Tides; Coastal Eutrophication,sargassum; pollution,Antonio-Martinez 2020 (Sci Rep); van Tussenbroek 2017 (Mar Pollut Bull); Banister et al. 2024 (PLoS ONE),caribbean-wide; local,chronic_pressure,Sargassum Brown Tides,sargassum,37.5M tons,Leachate toxicity; larval spiral swimming; hypoxia (DO < 1mg/L),2,2,3.8,4.3,4.8
NOAA_survey,Florida Keys,French Reef,FR2,NA,NA,field,Natural colony,2018,0.997260273972604,2018,NA,compound,FALSE,FALSE,TRUE,FALSE,TRUE,timeline_overlay,multiple,2,Sargassum Brown Tides; Coastal Eutrophication,sargassum; pollution,Antonio-Martinez 2020 (Sci Rep); van Tussenbroek 2017 (Mar Pollut Bull); Banister et al. 2024 (PLoS ONE),caribbean-wide; local,chronic_pressure,Sargassum Brown Tides,sargassum,37.5M tons,Leachate toxicity; larval spiral swimming; hypoxia (DO < 1mg/L),1,1,20,20,20
NOAA_survey,Florida Keys,French Reef,FR3,NA,NA,field,Natural colony,2018,0.671232876712328,2018,NA,compound,FALSE,FALSE,TRUE,FALSE,TRUE,timeline_overlay,multiple,2,Sargassum Brown Tides; Coastal Eutrophication,sargassum; pollution,Antonio-Martinez 2020 (Sci Rep); van Tussenbroek 2017 (Mar Pollut Bull); Banister et al. 2024 (PLoS ONE),caribbean-wide; local,chronic_pressure,Sargassum Brown Tides,sargassum,37.5M tons,Leachate toxicity; larval spiral swimming; hypoxia (DO < 1mg/L),1,1,190,190,190
NOAA_survey,Florida Keys,French Reef,FR3,NA,NA,field,Natural colony,2018,0.671232876712329,2018,NA,compound,FALSE,FALSE,TRUE,FALSE,TRUE,timeline_overlay,multiple,2,Sargassum Brown Tides; Coastal Eutrophication,sargassum; pollution,Antonio-Martinez 2020 (Sci Rep); van Tussenbroek 2017 (Mar Pollut Bull); Banister et al. 2024 (PLoS ONE),caribbean-wide; local,chronic_pressure,Sargassum Brown Tides,sargassum,37.5M tons,Leachate toxicity; larval spiral swimming; hypoxia (DO < 1mg/L),2,2,24,31.6,39.2
NOAA_survey,Florida Keys,French Reef,FR3,NA,NA,field,Natural colony,2018,0.997260273972603,2018,NA,compound,FALSE,FALSE,TRUE,FALSE,TRUE,timeline_overlay,multiple,2,Sargassum Brown Tides; Coastal Eutrophication,sargassum; pollution,Antonio-Martinez 2020 (Sci Rep); van Tussenbroek 2017 (Mar Pollut Bull); Banister et al. 2024 (PLoS ONE),caribbean-wide; local,chronic_pressure,Sargassum Brown Tides,sargassum,37.5M tons,Leachate toxicity; larval spiral swimming; hypoxia (DO < 1mg/L),1,1,691.2,691.2,691.2
NOAA_survey,Florida Keys,Key Largo Dry Rocks,KL1,NA,NA,field,Natural colony,2018,0.893150684931507,2018,NA,compound,FALSE,FALSE,TRUE,FALSE,TRUE,timeline_overlay,multiple,2,Sargassum Brown Tides; Coastal Eutrophication,sargassum; pollution,Antonio-Martinez 2020 (Sci Rep); van Tussenbroek 2017 (Mar Pollut Bull); Banister et al. 2024 (PLoS ONE),caribbean-wide; local,chronic_pressure,Sargassum Brown Tides,sargassum,37.5M tons,Leachate toxicity; larval spiral swimming; hypoxia (DO < 1mg/L),1,1,148.5,148.5,148.5
NOAA_survey,Florida Keys,Key Largo Dry Rocks,KL3,NA,NA,field,Natural colony,2018,0.893150684931507,2018,NA,compound,FALSE,FALSE,TRUE,FALSE,TRUE,timeline_overlay,multiple,2,Sargassum Brown Tides; Coastal Eutrophication,sargassum; pollution,Antonio-Martinez 2020 (Sci Rep); van Tussenbroek 2017 (Mar Pollut Bull); Banister et al. 2024 (PLoS ONE),caribbean-wide; local,chronic_pressure,Sargassum Brown Tides,sargassum,37.5M tons,Leachate toxicity; larval spiral swimming; hypoxia (DO < 1mg/L),1,1,158.95,158.95,158.95
NOAA_survey,Florida Keys,Molasses Reef,ML2,NA,NA,field,Natural colony,2018,0.665753424657534,2018,NA,compound,FALSE,FALSE,TRUE,FALSE,TRUE,timeline_overlay,multiple,2,Sargassum Brown Tides; Coastal Eutrophication,sargassum; pollution,Antonio-Martinez 2020 (Sci Rep); van Tussenbroek 2017 (Mar Pollut Bull); Banister et al. 2024 (PLoS ONE),caribbean-wide; local,chronic_pressure,Sargassum Brown Tides,sargassum,37.5M tons,Leachate toxicity; larval spiral swimming; hypoxia (DO < 1mg/L),2,2,8.64,24.12,39.6
NOAA_survey,Florida Keys,Molasses Reef,ML2,NA,NA,field,Natural colony,2018,0.92054794520548,2018,NA,compound,FALSE,FALSE,TRUE,FALSE,TRUE,timeline_overlay,multiple,2,Sargassum Brown Tides; Coastal Eutrophication,sargassum; pollution,Antonio-Martinez 2020 (Sci Rep); van Tussenbroek 2017 (Mar Pollut Bull); Banister et al. 2024 (PLoS ONE),caribbean-wide; local,chronic_pressure,Sargassum Brown Tides,sargassum,37.5M tons,Leachate toxicity; larval spiral swimming; hypoxia (DO < 1mg/L),1,1,28,28,28
NOAA_survey,Florida Keys,Molasses Reef,ML3,NA,NA,field,Natural colony,2018,0.665753424657534,2018,NA,compound,FALSE,FALSE,TRUE,FALSE,TRUE,timeline_overlay,multiple,2,Sargassum Brown Tides; Coastal Eutrophication,sargassum; pollution,Antonio-Martinez 2020 (Sci Rep); van Tussenbroek 2017 (Mar Pollut Bull); Banister et al. 2024 (PLoS ONE),caribbean-wide; local,chronic_pressure,Sargassum Brown Tides,sargassum,37.5M tons,Leachate toxicity; larval spiral swimming; hypoxia (DO < 1mg/L),1,1,224,224,224
NOAA_survey,Florida Keys,Molasses Reef,ML3,NA,NA,field,Natural colony,2018,0.975342465753425,2018,NA,compound,FALSE,FALSE,TRUE,FALSE,TRUE,timeline_overlay,multiple,2,Sargassum Brown Tides; Coastal Eutrophication,sargassum; pollution,Antonio-Martinez 2020 (Sci Rep); van Tussenbroek 2017 (Mar Pollut Bull); Banister et al. 2024 (PLoS ONE),caribbean-wide; local,chronic_pressure,Sargassum Brown Tides,sargassum,37.5M tons,Leachate toxicity; larval spiral swimming; hypoxia (DO < 1mg/L),7,7,20,102.6,682
NOAA_survey,Florida Keys,Sand Island,SI1,NA,NA,field,Natural colony,2018,0.671232876712329,2018,NA,compound,FALSE,FALSE,TRUE,FALSE,TRUE,timeline_overlay,multiple,2,Sargassum Brown Tides; Coastal Eutrophication,sargassum; pollution,Antonio-Martinez 2020 (Sci Rep); van Tussenbroek 2017 (Mar Pollut Bull); Banister et al. 2024 (PLoS ONE),caribbean-wide; local,chronic_pressure,Sargassum Brown Tides,sargassum,37.5M tons,Leachate toxicity; larval spiral swimming; hypoxia (DO < 1mg/L),4,4,50,105,220.5
NOAA_survey,Florida Keys,Sand Island,SI1,NA,NA,field,Natural colony,2018,0.928767123287671,2018,NA,compound,FALSE,FALSE,TRUE,FALSE,TRUE,timeline_overlay,multiple,2,Sargassum Brown Tides; Coastal Eutrophication,sargassum; pollution,Antonio-Martinez 2020 (Sci Rep); van Tussenbroek 2017 (Mar Pollut Bull); Banister et al. 2024 (PLoS ONE),caribbean-wide; local,chronic_pressure,Sargassum Brown Tides,sargassum,37.5M tons,Leachate toxicity; larval spiral swimming; hypoxia (DO < 1mg/L),1,1,1775.5,1775.5,1775.5
NOAA_survey,Florida Keys,Sand Island,SI1,NA,NA,field,Natural colony,2018,0.928767123287672,2018,NA,compound,FALSE,FALSE,TRUE,FALSE,TRUE,timeline_overlay,multiple,2,Sargassum Brown Tides; Coastal Eutrophication,sargassum; pollution,Antonio-Martinez 2020 (Sci Rep); van Tussenbroek 2017 (Mar Pollut Bull); Banister et al. 2024 (PLoS ONE),caribbean-wide; local,chronic_pressure,Sargassum Brown Tides,sargassum,37.5M tons,Leachate toxicity; larval spiral swimming; hypoxia (DO < 1mg/L),1,1,658,658,658
NOAA_survey,Florida Keys,Sand Island,SI1,NA,NA,field,Natural colony,2018,0.989041095890411,2018,NA,compound,FALSE,FALSE,TRUE,FALSE,TRUE,timeline_overlay,multiple,2,Sargassum Brown Tides; Coastal Eutrophication,sargassum; pollution,Antonio-Martinez 2020 (Sci Rep); van Tussenbroek 2017 (Mar Pollut Bull); Banister et al. 2024 (PLoS ONE),caribbean-wide; local,chronic_pressure,Sargassum Brown Tides,sargassum,37.5M tons,Leachate toxicity; larval spiral swimming; hypoxia (DO < 1mg/L),5,5,1,65.45,20556.8
NOAA_survey,Florida Keys,Sand Island,SI1,NA,NA,field,Restoration fragment,2018,0.989041095890411,2018,NA,compound,FALSE,FALSE,TRUE,FALSE,TRUE,timeline_overlay,multiple,2,Sargassum Brown Tides; Coastal Eutrophication,sargassum; pollution,Antonio-Martinez 2020 (Sci Rep); van Tussenbroek 2017 (Mar Pollut Bull); Banister et al. 2024 (PLoS ONE),caribbean-wide; local,chronic_pressure,Sargassum Brown Tides,sargassum,37.5M tons,Leachate toxicity; larval spiral swimming; hypoxia (DO < 1mg/L),1,1,432,432,432
NOAA_survey,Florida Keys,Sand Island,SI2,NA,NA,field,Natural colony,2018,0.92876712328767,2018,NA,compound,FALSE,FALSE,TRUE,FALSE,TRUE,timeline_overlay,multiple,2,Sargassum Brown Tides; Coastal Eutrophication,sargassum; pollution,Antonio-Martinez 2020 (Sci Rep); van Tussenbroek 2017 (Mar Pollut Bull); Banister et al. 2024 (PLoS ONE),caribbean-wide; local,chronic_pressure,Sargassum Brown Tides,sargassum,37.5M tons,Leachate toxicity; larval spiral swimming; hypoxia (DO < 1mg/L),3,3,3510,11286,18006.8
NOAA_survey,Florida Keys,Sand Island,SI2,NA,NA,field,Natural colony,2018,0.928767123287671,2018,NA,compound,FALSE,FALSE,TRUE,FALSE,TRUE,timeline_overlay,multiple,2,Sargassum Brown Tides; Coastal Eutrophication,sargassum; pollution,Antonio-Martinez 2020 (Sci Rep); van Tussenbroek 2017 (Mar Pollut Bull); Banister et al. 2024 (PLoS ONE),caribbean-wide; local,chronic_pressure,Sargassum Brown Tides,sargassum,37.5M tons,Leachate toxicity; larval spiral swimming; hypoxia (DO < 1mg/L),2,2,7080,7140,7200
NOAA_survey,Florida Keys,Sand Island,SI2,NA,NA,field,Natural colony,2018,0.928767123287672,2018,NA,compound,FALSE,FALSE,TRUE,FALSE,TRUE,timeline_overlay,multiple,2,Sargassum Brown Tides; Coastal Eutrophication,sargassum; pollution,Antonio-Martinez 2020 (Sci Rep); van Tussenbroek 2017 (Mar Pollut Bull); Banister et al. 2024 (PLoS ONE),caribbean-wide; local,chronic_pressure,Sargassum Brown Tides,sargassum,37.5M tons,Leachate toxicity; larval spiral swimming; hypoxia (DO < 1mg/L),4,4,3296.7,14250.95,22680
NOAA_survey,Florida Keys,Sand Island,SI2,NA,NA,field,Natural colony,2018,0.989041095890411,2018,NA,compound,FALSE,FALSE,TRUE,FALSE,TRUE,timeline_overlay,multiple,2,Sargassum Brown Tides; Coastal Eutrophication,sargassum; pollution,Antonio-Martinez 2020 (Sci Rep); van Tussenbroek 2017 (Mar Pollut Bull); Banister et al. 2024 (PLoS ONE),caribbean-wide; local,chronic_pressure,Sargassum Brown Tides,sargassum,37.5M tons,Leachate toxicity; larval spiral swimming; hypoxia (DO < 1mg/L),3,3,300,3148.2,10788
NOAA_survey,Florida Keys,Sand Island,SI3,NA,NA,field,Natural colony,2018,0.671232876712329,2018,NA,compound,FALSE,FALSE,TRUE,FALSE,TRUE,timeline_overlay,multiple,2,Sargassum Brown Tides; Coastal Eutrophication,sargassum; pollution,Antonio-Martinez 2020 (Sci Rep); van Tussenbroek 2017 (Mar Pollut Bull); Banister et al. 2024 (PLoS ONE),caribbean-wide; local,chronic_pressure,Sargassum Brown Tides,sargassum,37.5M tons,Leachate toxicity; larval spiral swimming; hypoxia (DO < 1mg/L),1,1,1820.4,1820.4,1820.4
NOAA_survey,Florida Keys,Carysfort Reef,CF3,NA,NA,field,Natural colony,2018,1.13424657534247,2019,NA,compound,FALSE,FALSE,TRUE,FALSE,TRUE,timeline_overlay,multiple,2,Sargassum Brown Tides; Coastal Eutrophication,sargassum; pollution,Antonio-Martinez 2020 (Sci Rep); van Tussenbroek 2017 (Mar Pollut Bull); Banister et al. 2024 (PLoS ONE),caribbean-wide; local,chronic_pressure,Sargassum Brown Tides,sargassum,37.5M tons,Leachate toxicity; larval spiral swimming; hypoxia (DO < 1mg/L),1,1,243.75,243.75,243.75
NOAA_survey,Florida Keys,Carysfort Reef,CF3,NA,NA,field,Natural colony,2018,1.38082191780822,2019,NA,compound,FALSE,FALSE,TRUE,FALSE,TRUE,timeline_overlay,multiple,2,Sargassum Brown Tides; Coastal Eutrophication,sargassum; pollution,Antonio-Martinez 2020 (Sci Rep); van Tussenbroek 2017 (Mar Pollut Bull); Banister et al. 2024 (PLoS ONE),caribbean-wide; local,chronic_pressure,Sargassum Brown Tides,sargassum,37.5M tons,Leachate toxicity; larval spiral swimming; hypoxia (DO < 1mg/L),3,3,620,3815.2,7125
NOAA_survey,Florida Keys,Elbow Reef,EL1,NA,NA,field,Natural colony,2018,1.37808219178082,2019,NA,compound,FALSE,FALSE,TRUE,FALSE,TRUE,timeline_overlay,multiple,2,Sargassum Brown Tides; Coastal Eutrophication,sargassum; pollution,Antonio-Martinez 2020 (Sci Rep); van Tussenbroek 2017 (Mar Pollut Bull); Banister et al. 2024 (PLoS ONE),caribbean-wide; local,chronic_pressure,Sargassum Brown Tides,sargassum,37.5M tons,Leachate toxicity; larval spiral swimming; hypoxia (DO < 1mg/L),4,4,8487,17447.5,31492.5
NOAA_survey,Florida Keys,Elbow Reef,EL2,NA,NA,field,Natural colony,2018,1.01095890410959,2019,NA,compound,FALSE,FALSE,TRUE,FALSE,TRUE,timeline_overlay,multiple,2,Sargassum Brown Tides; Coastal Eutrophication,sargassum; pollution,Antonio-Martinez 2020 (Sci Rep); van Tussenbroek 2017 (Mar Pollut Bull); Banister et al. 2024 (PLoS ONE),caribbean-wide; local,chronic_pressure,Sargassum Brown Tides,sargassum,37.5M tons,Leachate toxicity; larval spiral swimming; hypoxia (DO < 1mg/L),4,4,34,48.6,1800
NOAA_survey,Florida Keys,Elbow Reef,EL2,NA,NA,field,Natural colony,2018,1.36986301369863,2019,NA,compound,FALSE,FALSE,TRUE,FALSE,TRUE,timeline_overlay,multiple,2,Sargassum Brown Tides; Coastal Eutrophication,sargassum; pollution,Antonio-Martinez 2020 (Sci Rep); van Tussenbroek 2017 (Mar Pollut Bull); Banister et al. 2024 (PLoS ONE),caribbean-wide; local,chronic_pressure,Sargassum Brown Tides,sargassum,37.5M tons,Leachate toxicity; larval spiral swimming; hypoxia (DO < 1mg/L),1,1,98,98,98
NOAA_survey,Florida Keys,Elbow Reef,EL2,NA,NA,field,Restoration fragment,2018,1.01095890410959,2019,NA,compound,FALSE,FALSE,TRUE,FALSE,TRUE,timeline_overlay,multiple,2,Sargassum Brown Tides; Coastal Eutrophication,sargassum; pollution,Antonio-Martinez 2020 (Sci Rep); van Tussenbroek 2017 (Mar Pollut Bull); Banister et al. 2024 (PLoS ONE),caribbean-wide; local,chronic_pressure,Sargassum Brown Tides,sargassum,37.5M tons,Leachate toxicity; larval spiral swimming; hypoxia (DO < 1mg/L),3,3,26,225,330
NOAA_survey,Florida Keys,Elbow Reef,EL3,NA,NA,field,Natural colony,2018,1.01095890410959,2019,NA,compound,FALSE,FALSE,TRUE,FALSE,TRUE,timeline_overlay,multiple,2,Sargassum Brown Tides; Coastal Eutrophication,sargassum; pollution,Antonio-Martinez 2020 (Sci Rep); van Tussenbroek 2017 (Mar Pollut Bull); Banister et al. 2024 (PLoS ONE),caribbean-wide; local,chronic_pressure,Sargassum Brown Tides,sargassum,37.5M tons,Leachate toxicity; larval spiral swimming; hypoxia (DO < 1mg/L),2,2,30,171,312
NOAA_survey,Florida Keys,Elbow Reef,EL3,NA,NA,field,Natural colony,2018,1.36986301369863,2019,NA,compound,FALSE,FALSE,TRUE,FALSE,TRUE,timeline_overlay,multiple,2,Sargassum Brown Tides; Coastal Eutrophication,sargassum; pollution,Antonio-Martinez 2020 (Sci Rep); van Tussenbroek 2017 (Mar Pollut Bull); Banister et al. 2024 (PLoS ONE),caribbean-wide; local,chronic_pressure,Sargassum Brown Tides,sargassum,37.5M tons,Leachate toxicity; larval spiral swimming; hypoxia (DO < 1mg/L),3,3,64,6476.8,6645.8
NOAA_survey,Florida Keys,Elbow Reef,EL4,NA,NA,field,Natural colony,2018,1.03561643835616,2019,NA,compound,FALSE,FALSE,TRUE,FALSE,TRUE,timeline_overlay,multiple,2,Sargassum Brown Tides; Coastal Eutrophication,sargassum; pollution,Antonio-Martinez 2020 (Sci Rep); van Tussenbroek 2017 (Mar Pollut Bull); Banister et al. 2024 (PLoS ONE),caribbean-wide; local,chronic_pressure,Sargassum Brown Tides,sargassum,37.5M tons,Leachate toxicity; larval spiral swimming; hypoxia (DO < 1mg/L),2,2,86.4,181.2,276
NOAA_survey,Florida Keys,French Reef,FR1,NA,NA,field,Natural colony,2018,1.05479452054795,2019,NA,compound,FALSE,FALSE,TRUE,FALSE,TRUE,timeline_overlay,multiple,2,Sargassum Brown Tides; Coastal Eutrophication,sargassum; pollution,Antonio-Martinez 2020 (Sci Rep); van Tussenbroek 2017 (Mar Pollut Bull); Banister et al. 2024 (PLoS ONE),caribbean-wide; local,chronic_pressure,Sargassum Brown Tides,sargassum,37.5M tons,Leachate toxicity; larval spiral swimming; hypoxia (DO < 1mg/L),8,8,18,543.2,3528
NOAA_survey,Florida Keys,French Reef,FR1,NA,NA,field,Natural colony,2018,1.34246575342466,2019,NA,compound,FALSE,FALSE,TRUE,FALSE,TRUE,timeline_overlay,multiple,2,Sargassum Brown Tides; Coastal Eutrophication,sargassum; pollution,Antonio-Martinez 2020 (Sci Rep); van Tussenbroek 2017 (Mar Pollut Bull); Banister et al. 2024 (PLoS ONE),caribbean-wide; local,chronic_pressure,Sargassum Brown Tides,sargassum,37.5M tons,Leachate toxicity; larval spiral swimming; hypoxia (DO < 1mg/L),3,3,151.2,9234,10405.8
NOAA_survey,Florida Keys,French Reef,FR2,NA,NA,field,Natural colony,2018,1.05479452054795,2019,NA,compound,FALSE,FALSE,TRUE,FALSE,TRUE,timeline_overlay,multiple,2,Sargassum Brown Tides; Coastal Eutrophication,sargassum; pollution,Antonio-Martinez 2020 (Sci Rep); van Tussenbroek 2017 (Mar Pollut Bull); Banister et al. 2024 (PLoS ONE),caribbean-wide; local,chronic_pressure,Sargassum Brown Tides,sargassum,37.5M tons,Leachate toxicity; larval spiral swimming; hypoxia (DO < 1mg/L),6,6,6,17.625,45.9
NOAA_survey,Florida Keys,French Reef,FR3,NA,NA,field,Natural colony,2018,1.10958904109589,2019,NA,compound,FALSE,FALSE,TRUE,FALSE,TRUE,timeline_overlay,multiple,2,Sargassum Brown Tides; Coastal Eutrophication,sargassum; pollution,Antonio-Martinez 2020 (Sci Rep); van Tussenbroek 2017 (Mar Pollut Bull); Banister et al. 2024 (PLoS ONE),caribbean-wide; local,chronic_pressure,Sargassum Brown Tides,sargassum,37.5M tons,Leachate toxicity; larval spiral swimming; hypoxia (DO < 1mg/L),4,4,38.4,943.2,5168
NOAA_survey,Florida Keys,French Reef,FR3,NA,NA,field,Natural colony,2018,1.43561643835616,2019,NA,compound,FALSE,FALSE,TRUE,FALSE,TRUE,timeline_overlay,multiple,2,Sargassum Brown Tides; Coastal Eutrophication,sargassum; pollution,Antonio-Martinez 2020 (Sci Rep); van Tussenbroek 2017 (Mar Pollut Bull); Banister et al. 2024 (PLoS ONE),caribbean-wide; local,chronic_pressure,Sargassum Brown Tides,sargassum,37.5M tons,Leachate toxicity; larval spiral swimming; hypoxia (DO < 1mg/L),1,1,1234.8,1234.8,1234.8
NOAA_survey,Florida Keys,Grecian Rocks,GR1,NA,NA,field,Natural colony,2018,1.2958904109589,2019,NA,compound,FALSE,FALSE,TRUE,FALSE,TRUE,timeline_overlay,multiple,2,Sargassum Brown Tides; Coastal Eutrophication,sargassum; pollution,Antonio-Martinez 2020 (Sci Rep); van Tussenbroek 2017 (Mar Pollut Bull); Banister et al. 2024 (PLoS ONE),caribbean-wide; local,chronic_pressure,Sargassum Brown Tides,sargassum,37.5M tons,Leachate toxicity; larval spiral swimming; hypoxia (DO < 1mg/L),1,1,226.1,226.1,226.1
NOAA_survey,Florida Keys,Grecian Rocks,GR3,NA,NA,field,Natural colony,2018,1.13424657534247,2019,NA,compound,FALSE,FALSE,TRUE,FALSE,TRUE,timeline_overlay,multiple,2,Sargassum Brown Tides; Coastal Eutrophication,sargassum; pollution,Antonio-Martinez 2020 (Sci Rep); van Tussenbroek 2017 (Mar Pollut Bull); Banister et al. 2024 (PLoS ONE),caribbean-wide; local,chronic_pressure,Sargassum Brown Tides,sargassum,37.5M tons,Leachate toxicity; larval spiral swimming; hypoxia (DO < 1mg/L),5,5,95,178.6,1127
NOAA_survey,Florida Keys,Molasses Reef,ML1,NA,NA,field,Natural colony,2018,1.33972602739726,2019,NA,compound,FALSE,FALSE,TRUE,FALSE,TRUE,timeline_overlay,multiple,2,Sargassum Brown Tides; Coastal Eutrophication,sargassum; pollution,Antonio-Martinez 2020 (Sci Rep); van Tussenbroek 2017 (Mar Pollut Bull); Banister et al. 2024 (PLoS ONE),caribbean-wide; local,chronic_pressure,Sargassum Brown Tides,sargassum,37.5M tons,Leachate toxicity; larval spiral swimming; hypoxia (DO < 1mg/L),4,4,204,7293.6,18388.5
NOAA_survey,Florida Keys,Molasses Reef,ML2,NA,NA,field,Natural colony,2018,1.03835616438356,2019,NA,compound,FALSE,FALSE,TRUE,FALSE,TRUE,timeline_overlay,multiple,2,Sargassum Brown Tides; Coastal Eutrophication,sargassum; pollution,Antonio-Martinez 2020 (Sci Rep); van Tussenbroek 2017 (Mar Pollut Bull); Banister et al. 2024 (PLoS ONE),caribbean-wide; local,chronic_pressure,Sargassum Brown Tides,sargassum,37.5M tons,Leachate toxicity; larval spiral swimming; hypoxia (DO < 1mg/L),4,4,3.75,67.375,105.6
NOAA_survey,Florida Keys,Molasses Reef,ML2,NA,NA,field,Natural colony,2018,1.33972602739726,2019,NA,compound,FALSE,FALSE,TRUE,FALSE,TRUE,timeline_overlay,multiple,2,Sargassum Brown Tides; Coastal Eutrophication,sargassum; pollution,Antonio-Martinez 2020 (Sci Rep); van Tussenbroek 2017 (Mar Pollut Bull); Banister et al. 2024 (PLoS ONE),caribbean-wide; local,chronic_pressure,Sargassum Brown Tides,sargassum,37.5M tons,Leachate toxicity; larval spiral swimming; hypoxia (DO < 1mg/L),2,2,3800,11925.4,20050.8
NOAA_survey,Florida Keys,Molasses Reef,ML3,NA,NA,field,Natural colony,2018,1.33698630136986,2019,NA,compound,FALSE,FALSE,TRUE,FALSE,TRUE,timeline_overlay,multiple,2,Sargassum Brown Tides; Coastal Eutrophication,sargassum; pollution,Antonio-Martinez 2020 (Sci Rep); van Tussenbroek 2017 (Mar Pollut Bull); Banister et al. 2024 (PLoS ONE),caribbean-wide; local,chronic_pressure,Sargassum Brown Tides,sargassum,37.5M tons,Leachate toxicity; larval spiral swimming; hypoxia (DO < 1mg/L),4,4,182.4,3123.6,7166.25
NOAA_survey,Florida Keys,Carysfort Reef,CF3,NA,NA,field,Natural colony,2019,0.879452054794521,2019,NA,compound,FALSE,FALSE,TRUE,FALSE,TRUE,timeline_overlay,multiple,2,Sargassum Brown Tides; Coastal Eutrophication,sargassum; pollution,Antonio-Martinez 2020 (Sci Rep); van Tussenbroek 2017 (Mar Pollut Bull); Banister et al. 2024 (PLoS ONE),caribbean-wide; local,chronic_pressure,Sargassum Brown Tides,sargassum,37.5M tons,Leachate toxicity; larval spiral swimming; hypoxia (DO < 1mg/L),1,1,502.2,502.2,502.2
NOAA_survey,Florida Keys,Elbow Reef,EL1,NA,NA,field,Natural colony,2019,0.994520547945205,2019,NA,compound,FALSE,FALSE,TRUE,FALSE,TRUE,timeline_overlay,multiple,2,Sargassum Brown Tides; Coastal Eutrophication,sargassum; pollution,Antonio-Martinez 2020 (Sci Rep); van Tussenbroek 2017 (Mar Pollut Bull); Banister et al. 2024 (PLoS ONE),caribbean-wide; local,chronic_pressure,Sargassum Brown Tides,sargassum,37.5M tons,Leachate toxicity; larval spiral swimming; hypoxia (DO < 1mg/L),1,1,5372.8,5372.8,5372.8
NOAA_survey,Florida Keys,Elbow Reef,EL1,NA,NA,field,Natural colony,2019,0.994520547945206,2019,NA,compound,FALSE,FALSE,TRUE,FALSE,TRUE,timeline_overlay,multiple,2,Sargassum Brown Tides; Coastal Eutrophication,sargassum; pollution,Antonio-Martinez 2020 (Sci Rep); van Tussenbroek 2017 (Mar Pollut Bull); Banister et al. 2024 (PLoS ONE),caribbean-wide; local,chronic_pressure,Sargassum Brown Tides,sargassum,37.5M tons,Leachate toxicity; larval spiral swimming; hypoxia (DO < 1mg/L),3,3,42.75,59.5,7900.2
NOAA_survey,Florida Keys,Elbow Reef,EL2,NA,NA,field,Natural colony,2019,0.665753424657534,2019,NA,compound,FALSE,FALSE,TRUE,FALSE,TRUE,timeline_overlay,multiple,2,Sargassum Brown Tides; Coastal Eutrophication,sargassum; pollution,Antonio-Martinez 2020 (Sci Rep); van Tussenbroek 2017 (Mar Pollut Bull); Banister et al. 2024 (PLoS ONE),caribbean-wide; local,chronic_pressure,Sargassum Brown Tides,sargassum,37.5M tons,Leachate toxicity; larval spiral swimming; hypoxia (DO < 1mg/L),3,3,56.7,142.6,168.75
NOAA_survey,Florida Keys,Elbow Reef,EL2,NA,NA,field,Natural colony,2019,0.994520547945206,2019,NA,compound,FALSE,FALSE,TRUE,FALSE,TRUE,timeline_overlay,multiple,2,Sargassum Brown Tides; Coastal Eutrophication,sargassum; pollution,Antonio-Martinez 2020 (Sci Rep); van Tussenbroek 2017 (Mar Pollut Bull); Banister et al. 2024 (PLoS ONE),caribbean-wide; local,chronic_pressure,Sargassum Brown Tides,sargassum,37.5M tons,Leachate toxicity; larval spiral swimming; hypoxia (DO < 1mg/L),6,6,2,38.55,2040
NOAA_survey,Florida Keys,Elbow Reef,EL3,NA,NA,field,Natural colony,2019,0.663013698630137,2019,NA,compound,FALSE,FALSE,TRUE,FALSE,TRUE,timeline_overlay,multiple,2,Sargassum Brown Tides; Coastal Eutrophication,sargassum; pollution,Antonio-Martinez 2020 (Sci Rep); van Tussenbroek 2017 (Mar Pollut Bull); Banister et al. 2024 (PLoS ONE),caribbean-wide; local,chronic_pressure,Sargassum Brown Tides,sargassum,37.5M tons,Leachate toxicity; larval spiral swimming; hypoxia (DO < 1mg/L),1,1,5.6,5.6,5.6
NOAA_survey,Florida Keys,Elbow Reef,EL3,NA,NA,field,Natural colony,2019,0.994520547945205,2019,NA,compound,FALSE,FALSE,TRUE,FALSE,TRUE,timeline_overlay,multiple,2,Sargassum Brown Tides; Coastal Eutrophication,sargassum; pollution,Antonio-Martinez 2020 (Sci Rep); van Tussenbroek 2017 (Mar Pollut Bull); Banister et al. 2024 (PLoS ONE),caribbean-wide; local,chronic_pressure,Sargassum Brown Tides,sargassum,37.5M tons,Leachate toxicity; larval spiral swimming; hypoxia (DO < 1mg/L),1,1,48,48,48
NOAA_survey,Florida Keys,Elbow Reef,EL3,NA,NA,field,Natural colony,2019,0.994520547945206,2019,NA,compound,FALSE,FALSE,TRUE,FALSE,TRUE,timeline_overlay,multiple,2,Sargassum Brown Tides; Coastal Eutrophication,sargassum; pollution,Antonio-Martinez 2020 (Sci Rep); van Tussenbroek 2017 (Mar Pollut Bull); Banister et al. 2024 (PLoS ONE),caribbean-wide; local,chronic_pressure,Sargassum Brown Tides,sargassum,37.5M tons,Leachate toxicity; larval spiral swimming; hypoxia (DO < 1mg/L),1,1,275,275,275
NOAA_survey,Florida Keys,Elbow Reef,EL4,NA,NA,field,Natural colony,2019,0.638356164383562,2019,NA,compound,FALSE,FALSE,TRUE,FALSE,TRUE,timeline_overlay,multiple,2,Sargassum Brown Tides; Coastal Eutrophication,sargassum; pollution,Antonio-Martinez 2020 (Sci Rep); van Tussenbroek 2017 (Mar Pollut Bull); Banister et al. 2024 (PLoS ONE),caribbean-wide; local,chronic_pressure,Sargassum Brown Tides,sargassum,37.5M tons,Leachate toxicity; larval spiral swimming; hypoxia (DO < 1mg/L),1,1,21.6,21.6,21.6
NOAA_survey,Florida Keys,Elbow Reef,EL4,NA,NA,field,Natural colony,2019,0.96986301369863,2019,NA,compound,FALSE,FALSE,TRUE,FALSE,TRUE,timeline_overlay,multiple,2,Sargassum Brown Tides; Coastal Eutrophication,sargassum; pollution,Antonio-Martinez 2020 (Sci Rep); van Tussenbroek 2017 (Mar Pollut Bull); Banister et al. 2024 (PLoS ONE),caribbean-wide; local,chronic_pressure,Sargassum Brown Tides,sargassum,37.5M tons,Leachate toxicity; larval spiral swimming; hypoxia (DO < 1mg/L),2,2,60,151.6,243.2
NOAA_survey,Florida Keys,French Reef,FR1,NA,NA,field,Natural colony,2019,0.958904109589041,2019,NA,compound,FALSE,FALSE,TRUE,FALSE,TRUE,timeline_overlay,multiple,2,Sargassum Brown Tides; Coastal Eutrophication,sargassum; pollution,Antonio-Martinez 2020 (Sci Rep); van Tussenbroek 2017 (Mar Pollut Bull); Banister et al. 2024 (PLoS ONE),caribbean-wide; local,chronic_pressure,Sargassum Brown Tides,sargassum,37.5M tons,Leachate toxicity; larval spiral swimming; hypoxia (DO < 1mg/L),10,10,30,214.6,3330
NOAA_survey,Florida Keys,French Reef,FR2,NA,NA,field,Natural colony,2019,0.95890410958904,2019,NA,compound,FALSE,FALSE,TRUE,FALSE,TRUE,timeline_overlay,multiple,2,Sargassum Brown Tides; Coastal Eutrophication,sargassum; pollution,Antonio-Martinez 2020 (Sci Rep); van Tussenbroek 2017 (Mar Pollut Bull); Banister et al. 2024 (PLoS ONE),caribbean-wide; local,chronic_pressure,Sargassum Brown Tides,sargassum,37.5M tons,Leachate toxicity; larval spiral swimming; hypoxia (DO < 1mg/L),2,2,4.8,16.8,28.8
NOAA_survey,Florida Keys,French Reef,FR2,NA,NA,field,Natural colony,2019,0.958904109589041,2019,NA,compound,FALSE,FALSE,TRUE,FALSE,TRUE,timeline_overlay,multiple,2,Sargassum Brown Tides; Coastal Eutrophication,sargassum; pollution,Antonio-Martinez 2020 (Sci Rep); van Tussenbroek 2017 (Mar Pollut Bull); Banister et al. 2024 (PLoS ONE),caribbean-wide; local,chronic_pressure,Sargassum Brown Tides,sargassum,37.5M tons,Leachate toxicity; larval spiral swimming; hypoxia (DO < 1mg/L),2,2,1.8,17.1,32.4
NOAA_survey,Florida Keys,French Reef,FR3,NA,NA,field,Natural colony,2019,0.578082191780823,2019,NA,compound,FALSE,FALSE,TRUE,FALSE,TRUE,timeline_overlay,multiple,2,Sargassum Brown Tides; Coastal Eutrophication,sargassum; pollution,Antonio-Martinez 2020 (Sci Rep); van Tussenbroek 2017 (Mar Pollut Bull); Banister et al. 2024 (PLoS ONE),caribbean-wide; local,chronic_pressure,Sargassum Brown Tides,sargassum,37.5M tons,Leachate toxicity; larval spiral swimming; hypoxia (DO < 1mg/L),1,1,630,630,630
NOAA_survey,Florida Keys,French Reef,FR3,NA,NA,field,Natural colony,2019,0.95890410958904,2019,NA,compound,FALSE,FALSE,TRUE,FALSE,TRUE,timeline_overlay,multiple,2,Sargassum Brown Tides; Coastal Eutrophication,sargassum; pollution,Antonio-Martinez 2020 (Sci Rep); van Tussenbroek 2017 (Mar Pollut Bull); Banister et al. 2024 (PLoS ONE),caribbean-wide; local,chronic_pressure,Sargassum Brown Tides,sargassum,37.5M tons,Leachate toxicity; larval spiral swimming; hypoxia (DO < 1mg/L),2,2,255,818.7,1382.4
NOAA_survey,Florida Keys,French Reef,FR3,NA,NA,field,Natural colony,2019,0.958904109589041,2019,NA,compound,FALSE,FALSE,TRUE,FALSE,TRUE,timeline_overlay,multiple,2,Sargassum Brown Tides; Coastal Eutrophication,sargassum; pollution,Antonio-Martinez 2020 (Sci Rep); van Tussenbroek 2017 (Mar Pollut Bull); Banister et al. 2024 (PLoS ONE),caribbean-wide; local,chronic_pressure,Sargassum Brown Tides,sargassum,37.5M tons,Leachate toxicity; larval spiral swimming; hypoxia (DO < 1mg/L),1,1,29.25,29.25,29.25
NOAA_survey,Florida Keys,Grecian Rocks,GR1,NA,NA,field,Natural colony,2019,0.871232876712329,2019,NA,compound,FALSE,FALSE,TRUE,FALSE,TRUE,timeline_overlay,multiple,2,Sargassum Brown Tides; Coastal Eutrophication,sargassum; pollution,Antonio-Martinez 2020 (Sci Rep); van Tussenbroek 2017 (Mar Pollut Bull); Banister et al. 2024 (PLoS ONE),caribbean-wide; local,chronic_pressure,Sargassum Brown Tides,sargassum,37.5M tons,Leachate toxicity; larval spiral swimming; hypoxia (DO < 1mg/L),1,1,450,450,450
NOAA_survey,Florida Keys,Grecian Rocks,GR3,NA,NA,field,Natural colony,2019,0.523287671232877,2019,NA,compound,FALSE,FALSE,TRUE,FALSE,TRUE,timeline_overlay,multiple,2,Sargassum Brown Tides; Coastal Eutrophication,sargassum; pollution,Antonio-Martinez 2020 (Sci Rep); van Tussenbroek 2017 (Mar Pollut Bull); Banister et al. 2024 (PLoS ONE),caribbean-wide; local,chronic_pressure,Sargassum Brown Tides,sargassum,37.5M tons,Leachate toxicity; larval spiral swimming; hypoxia (DO < 1mg/L),1,1,291.6,291.6,291.6
NOAA_survey,Florida Keys,Grecian Rocks,GR3,NA,NA,field,Natural colony,2019,0.871232876712329,2019,NA,compound,FALSE,FALSE,TRUE,FALSE,TRUE,timeline_overlay,multiple,2,Sargassum Brown Tides; Coastal Eutrophication,sargassum; pollution,Antonio-Martinez 2020 (Sci Rep); van Tussenbroek 2017 (Mar Pollut Bull); Banister et al. 2024 (PLoS ONE),caribbean-wide; local,chronic_pressure,Sargassum Brown Tides,sargassum,37.5M tons,Leachate toxicity; larval spiral swimming; hypoxia (DO < 1mg/L),4,4,47.3,167.6,343.2
NOAA_survey,Florida Keys,Molasses Reef,ML2,NA,NA,field,Natural colony,2019,0.646575342465753,2019,NA,compound,FALSE,FALSE,TRUE,FALSE,TRUE,timeline_overlay,multiple,2,Sargassum Brown Tides; Coastal Eutrophication,sargassum; pollution,Antonio-Martinez 2020 (Sci Rep); van Tussenbroek 2017 (Mar Pollut Bull); Banister et al. 2024 (PLoS ONE),caribbean-wide; local,chronic_pressure,Sargassum Brown Tides,sargassum,37.5M tons,Leachate toxicity; larval spiral swimming; hypoxia (DO < 1mg/L),1,1,0.7,0.7,0.7
NOAA_survey,Florida Keys,Molasses Reef,ML3,NA,NA,field,Natural colony,2019,0.70958904109589,2019,NA,compound,FALSE,FALSE,TRUE,FALSE,TRUE,timeline_overlay,multiple,2,Sargassum Brown Tides; Coastal Eutrophication,sargassum; pollution,Antonio-Martinez 2020 (Sci Rep); van Tussenbroek 2017 (Mar Pollut Bull); Banister et al. 2024 (PLoS ONE),caribbean-wide; local,chronic_pressure,Sargassum Brown Tides,sargassum,37.5M tons,Leachate toxicity; larval spiral swimming; hypoxia (DO < 1mg/L),4,4,4,90,616.4
NOAA_survey,Florida Keys,Sand Island,SI1,NA,NA,field,Natural colony,2019,0.693150684931507,2019,NA,compound,FALSE,FALSE,TRUE,FALSE,TRUE,timeline_overlay,multiple,2,Sargassum Brown Tides; Coastal Eutrophication,sargassum; pollution,Antonio-Martinez 2020 (Sci Rep); van Tussenbroek 2017 (Mar Pollut Bull); Banister et al. 2024 (PLoS ONE),caribbean-wide; local,chronic_pressure,Sargassum Brown Tides,sargassum,37.5M tons,Leachate toxicity; larval spiral swimming; hypoxia (DO < 1mg/L),1,1,12,12,12
NOAA_survey,Florida Keys,Carysfort Reef,CF3,NA,NA,field,Natural colony,2019,1.01095890410959,2020,NA,compound,FALSE,FALSE,TRUE,FALSE,TRUE,timeline_overlay,multiple,2,Sargassum Brown Tides; Coastal Eutrophication,sargassum; pollution,Antonio-Martinez 2020 (Sci Rep); van Tussenbroek 2017 (Mar Pollut Bull); Banister et al. 2024 (PLoS ONE),caribbean-wide; local,chronic_pressure,Sargassum Brown Tides,sargassum,37.5M tons,Leachate toxicity; larval spiral swimming; hypoxia (DO < 1mg/L),3,3,724.5,3648,6075
NOAA_survey,Florida Keys,Elbow Reef,EL1,NA,NA,field,Natural colony,2019,1.01369863013699,2020,NA,compound,FALSE,FALSE,TRUE,FALSE,TRUE,timeline_overlay,multiple,2,Sargassum Brown Tides; Coastal Eutrophication,sargassum; pollution,Antonio-Martinez 2020 (Sci Rep); van Tussenbroek 2017 (Mar Pollut Bull); Banister et al. 2024 (PLoS ONE),caribbean-wide; local,chronic_pressure,Sargassum Brown Tides,sargassum,37.5M tons,Leachate toxicity; larval spiral swimming; hypoxia (DO < 1mg/L),8,8,1209.6,5414.5,26182
NOAA_survey,Florida Keys,Elbow Reef,EL2,NA,NA,field,Natural colony,2019,1.02191780821918,2020,NA,compound,FALSE,FALSE,TRUE,FALSE,TRUE,timeline_overlay,multiple,2,Sargassum Brown Tides; Coastal Eutrophication,sargassum; pollution,Antonio-Martinez 2020 (Sci Rep); van Tussenbroek 2017 (Mar Pollut Bull); Banister et al. 2024 (PLoS ONE),caribbean-wide; local,chronic_pressure,Sargassum Brown Tides,sargassum,37.5M tons,Leachate toxicity; larval spiral swimming; hypoxia (DO < 1mg/L),3,3,53.2,190.08,4620
NOAA_survey,Florida Keys,Elbow Reef,EL3,NA,NA,field,Natural colony,2019,1.01917808219178,2020,NA,compound,FALSE,FALSE,TRUE,FALSE,TRUE,timeline_overlay,multiple,2,Sargassum Brown Tides; Coastal Eutrophication,sargassum; pollution,Antonio-Martinez 2020 (Sci Rep); van Tussenbroek 2017 (Mar Pollut Bull); Banister et al. 2024 (PLoS ONE),caribbean-wide; local,chronic_pressure,Sargassum Brown Tides,sargassum,37.5M tons,Leachate toxicity; larval spiral swimming; hypoxia (DO < 1mg/L),5,5,22.5,80,5168.8
NOAA_survey,Florida Keys,Elbow Reef,EL4,NA,NA,field,Natural colony,2019,1.01917808219178,2020,NA,compound,FALSE,FALSE,TRUE,FALSE,TRUE,timeline_overlay,multiple,2,Sargassum Brown Tides; Coastal Eutrophication,sargassum; pollution,Antonio-Martinez 2020 (Sci Rep); van Tussenbroek 2017 (Mar Pollut Bull); Banister et al. 2024 (PLoS ONE),caribbean-wide; local,chronic_pressure,Sargassum Brown Tides,sargassum,37.5M tons,Leachate toxicity; larval spiral swimming; hypoxia (DO < 1mg/L),3,3,162,1540,13900.8
NOAA_survey,Florida Keys,French Reef,FR1,NA,NA,field,Natural colony,2019,1.01643835616438,2020,NA,compound,FALSE,FALSE,TRUE,FALSE,TRUE,timeline_overlay,multiple,2,Sargassum Brown Tides; Coastal Eutrophication,sargassum; pollution,Antonio-Martinez 2020 (Sci Rep); van Tussenbroek 2017 (Mar Pollut Bull); Banister et al. 2024 (PLoS ONE),caribbean-wide; local,chronic_pressure,Sargassum Brown Tides,sargassum,37.5M tons,Leachate toxicity; larval spiral swimming; hypoxia (DO < 1mg/L),2,2,61.2,436.85,812.5
NOAA_survey,Florida Keys,French Reef,FR2,NA,NA,field,Natural colony,2019,1.01643835616438,2020,NA,compound,FALSE,FALSE,TRUE,FALSE,TRUE,timeline_overlay,multiple,2,Sargassum Brown Tides; Coastal Eutrophication,sargassum; pollution,Antonio-Martinez 2020 (Sci Rep); van Tussenbroek 2017 (Mar Pollut Bull); Banister et al. 2024 (PLoS ONE),caribbean-wide; local,chronic_pressure,Sargassum Brown Tides,sargassum,37.5M tons,Leachate toxicity; larval spiral swimming; hypoxia (DO < 1mg/L),1,1,35,35,35
NOAA_survey,Florida Keys,French Reef,FR3,NA,NA,field,Natural colony,2019,1.01643835616438,2020,NA,compound,FALSE,FALSE,TRUE,FALSE,TRUE,timeline_overlay,multiple,2,Sargassum Brown Tides; Coastal Eutrophication,sargassum; pollution,Antonio-Martinez 2020 (Sci Rep); van Tussenbroek 2017 (Mar Pollut Bull); Banister et al. 2024 (PLoS ONE),caribbean-wide; local,chronic_pressure,Sargassum Brown Tides,sargassum,37.5M tons,Leachate toxicity; larval spiral swimming; hypoxia (DO < 1mg/L),2,2,105,129,153
NOAA_survey,Florida Keys,Key Largo Dry Rocks,KL1,NA,NA,field,Natural colony,2019,1.1013698630137,2020,NA,compound,FALSE,FALSE,TRUE,FALSE,TRUE,timeline_overlay,multiple,2,Sargassum Brown Tides; Coastal Eutrophication,sargassum; pollution,Antonio-Martinez 2020 (Sci Rep); van Tussenbroek 2017 (Mar Pollut Bull); Banister et al. 2024 (PLoS ONE),caribbean-wide; local,chronic_pressure,Sargassum Brown Tides,sargassum,37.5M tons,Leachate toxicity; larval spiral swimming; hypoxia (DO < 1mg/L),1,1,97.5,97.5,97.5
NOAA_survey,Florida Keys,Molasses Reef,ML2,NA,NA,field,Natural colony,2019,1.01643835616438,2020,NA,compound,FALSE,FALSE,TRUE,FALSE,TRUE,timeline_overlay,multiple,2,Sargassum Brown Tides; Coastal Eutrophication,sargassum; pollution,Antonio-Martinez 2020 (Sci Rep); van Tussenbroek 2017 (Mar Pollut Bull); Banister et al. 2024 (PLoS ONE),caribbean-wide; local,chronic_pressure,Sargassum Brown Tides,sargassum,37.5M tons,Leachate toxicity; larval spiral swimming; hypoxia (DO < 1mg/L),1,1,12,12,12
NOAA_survey,Florida Keys,Molasses Reef,ML2,NA,NA,field,Natural colony,2019,1.01917808219178,2020,NA,compound,FALSE,FALSE,TRUE,FALSE,TRUE,timeline_overlay,multiple,2,Sargassum Brown Tides; Coastal Eutrophication,sargassum; pollution,Antonio-Martinez 2020 (Sci Rep); van Tussenbroek 2017 (Mar Pollut Bull); Banister et al. 2024 (PLoS ONE),caribbean-wide; local,chronic_pressure,Sargassum Brown Tides,sargassum,37.5M tons,Leachate toxicity; larval spiral swimming; hypoxia (DO < 1mg/L),1,1,150,150,150
NOAA_survey,Florida Keys,Molasses Reef,ML3,NA,NA,field,Natural colony,2019,1.01917808219178,2020,NA,compound,FALSE,FALSE,TRUE,FALSE,TRUE,timeline_overlay,multiple,2,Sargassum Brown Tides; Coastal Eutrophication,sargassum; pollution,Antonio-Martinez 2020 (Sci Rep); van Tussenbroek 2017 (Mar Pollut Bull); Banister et al. 2024 (PLoS ONE),caribbean-wide; local,chronic_pressure,Sargassum Brown Tides,sargassum,37.5M tons,Leachate toxicity; larval spiral swimming; hypoxia (DO < 1mg/L),3,3,255,1170,2044.5
NOAA_survey,Florida Keys,Molasses Reef,ML3,NA,NA,field,Natural colony,2019,1.0794520547945201,2020,NA,compound,FALSE,FALSE,TRUE,FALSE,TRUE,timeline_overlay,multiple,2,Sargassum Brown Tides; Coastal Eutrophication,sargassum; pollution,Antonio-Martinez 2020 (Sci Rep); van Tussenbroek 2017 (Mar Pollut Bull); Banister et al. 2024 (PLoS ONE),caribbean-wide; local,chronic_pressure,Sargassum Brown Tides,sargassum,37.5M tons,Leachate toxicity; larval spiral swimming; hypoxia (DO < 1mg/L),1,1,90,90,90
NOAA_survey,Florida Keys,Sand Island,SI1,NA,NA,field,Natural colony,2019,1.01095890410959,2020,NA,compound,FALSE,FALSE,TRUE,FALSE,TRUE,timeline_overlay,multiple,2,Sargassum Brown Tides; Coastal Eutrophication,sargassum; pollution,Antonio-Martinez 2020 (Sci Rep); van Tussenbroek 2017 (Mar Pollut Bull); Banister et al. 2024 (PLoS ONE),caribbean-wide; local,chronic_pressure,Sargassum Brown Tides,sargassum,37.5M tons,Leachate toxicity; larval spiral swimming; hypoxia (DO < 1mg/L),2,2,468,936,1404
NOAA_survey,Florida Keys,Sand Island,SI1,NA,NA,field,Natural colony,2019,1.03835616438356,2020,NA,compound,FALSE,FALSE,TRUE,FALSE,TRUE,timeline_overlay,multiple,2,Sargassum Brown Tides; Coastal Eutrophication,sargassum; pollution,Antonio-Martinez 2020 (Sci Rep); van Tussenbroek 2017 (Mar Pollut Bull); Banister et al. 2024 (PLoS ONE),caribbean-wide; local,chronic_pressure,Sargassum Brown Tides,sargassum,37.5M tons,Leachate toxicity; larval spiral swimming; hypoxia (DO < 1mg/L),9,9,6,105.3,18832.8
NOAA_survey,Florida Keys,Sand Island,SI2,NA,NA,field,Natural colony,2019,1.01095890410959,2020,NA,compound,FALSE,FALSE,TRUE,FALSE,TRUE,timeline_overlay,multiple,2,Sargassum Brown Tides; Coastal Eutrophication,sargassum; pollution,Antonio-Martinez 2020 (Sci Rep); van Tussenbroek 2017 (Mar Pollut Bull); Banister et al. 2024 (PLoS ONE),caribbean-wide; local,chronic_pressure,Sargassum Brown Tides,sargassum,37.5M tons,Leachate toxicity; larval spiral swimming; hypoxia (DO < 1mg/L),9,9,2887.5,5616,26163
NOAA_survey,Florida Keys,Sand Island,SI2,NA,NA,field,Natural colony,2019,1.03835616438356,2020,NA,compound,FALSE,FALSE,TRUE,FALSE,TRUE,timeline_overlay,multiple,2,Sargassum Brown Tides; Coastal Eutrophication,sargassum; pollution,Antonio-Martinez 2020 (Sci Rep); van Tussenbroek 2017 (Mar Pollut Bull); Banister et al. 2024 (PLoS ONE),caribbean-wide; local,chronic_pressure,Sargassum Brown Tides,sargassum,37.5M tons,Leachate toxicity; larval spiral swimming; hypoxia (DO < 1mg/L),3,3,70.2,3510,8821.8
NOAA_survey,Florida Keys,Sand Island,SI3,NA,NA,field,Natural colony,2019,1.03835616438356,2020,NA,compound,FALSE,FALSE,TRUE,FALSE,TRUE,timeline_overlay,multiple,2,Sargassum Brown Tides; Coastal Eutrophication,sargassum; pollution,Antonio-Martinez 2020 (Sci Rep); van Tussenbroek 2017 (Mar Pollut Bull); Banister et al. 2024 (PLoS ONE),caribbean-wide; local,chronic_pressure,Sargassum Brown Tides,sargassum,37.5M tons,Leachate toxicity; larval spiral swimming; hypoxia (DO < 1mg/L),5,5,54,459,663
NOAA_survey,Florida Keys,Sand Island,SI3,NA,NA,field,Restoration fragment,2019,1.03835616438356,2020,NA,compound,FALSE,FALSE,TRUE,FALSE,TRUE,timeline_overlay,multiple,2,Sargassum Brown Tides; Coastal Eutrophication,sargassum; pollution,Antonio-Martinez 2020 (Sci Rep); van Tussenbroek 2017 (Mar Pollut Bull); Banister et al. 2024 (PLoS ONE),caribbean-wide; local,chronic_pressure,Sargassum Brown Tides,sargassum,37.5M tons,Leachate toxicity; larval spiral swimming; hypoxia (DO < 1mg/L),2,2,100.1,192.61,285.12
NOAA_survey,Florida Keys,Elbow Reef,EL1,NA,NA,field,Natural colony,2022,3.1041095890411,2025,NA,compound,TRUE,TRUE,TRUE,FALSE,TRUE,timeline_overlay,multiple,3,2023 Marine Heatwave; Diadema 2nd Die-off; Sargassum Brown Tides,bleaching; disease; sargassum,Birkart & Alvarez-Filip 2025 (iScience); Manzello et al. 2025 (Science); Levitan et al. 2023 (PNAS); Antonio-Martinez 2020 (Sci Rep); van Tussenbroek 2017 (Mar Pollut Bull),caribbean-wide; regional,acute_event; chronic_pressure,2023 Marine Heatwave,bleaching,25+,Functional extinction in Florida; 100% loss in MX,8,8,36,7951,26653.2
NOAA_survey,Florida Keys,Elbow Reef,EL1,NA,NA,field,Natural colony,2022,3.43287671232877,2025,NA,compound,TRUE,TRUE,TRUE,FALSE,TRUE,timeline_overlay,multiple,3,2023 Marine Heatwave; Diadema 2nd Die-off; Sargassum Brown Tides,bleaching; disease; sargassum,Birkart & Alvarez-Filip 2025 (iScience); Manzello et al. 2025 (Science); Levitan et al. 2023 (PNAS); Antonio-Martinez 2020 (Sci Rep); van Tussenbroek 2017 (Mar Pollut Bull),caribbean-wide; regional,acute_event; chronic_pressure,2023 Marine Heatwave,bleaching,25+,Functional extinction in Florida; 100% loss in MX,4,4,1968.4,4612.7,8416.2
NOAA_survey,Florida Keys,Elbow Reef,EL2,NA,NA,field,Natural colony,2022,3.06301369863014,2025,NA,compound,TRUE,TRUE,TRUE,FALSE,TRUE,timeline_overlay,multiple,3,2023 Marine Heatwave; Diadema 2nd Die-off; Sargassum Brown Tides,bleaching; disease; sargassum,Birkart & Alvarez-Filip 2025 (iScience); Manzello et al. 2025 (Science); Levitan et al. 2023 (PNAS); Antonio-Martinez 2020 (Sci Rep); van Tussenbroek 2017 (Mar Pollut Bull),caribbean-wide; regional,acute_event; chronic_pressure,2023 Marine Heatwave,bleaching,25+,Functional extinction in Florida; 100% loss in MX,6,6,1,47.925,2282.5
NOAA_survey,Florida Keys,Elbow Reef,EL2,NA,NA,field,Natural colony,2022,3.39178082191781,2025,NA,compound,TRUE,TRUE,TRUE,FALSE,TRUE,timeline_overlay,multiple,3,2023 Marine Heatwave; Diadema 2nd Die-off; Sargassum Brown Tides,bleaching; disease; sargassum,Birkart & Alvarez-Filip 2025 (iScience); Manzello et al. 2025 (Science); Levitan et al. 2023 (PNAS); Antonio-Martinez 2020 (Sci Rep); van Tussenbroek 2017 (Mar Pollut Bull),caribbean-wide; regional,acute_event; chronic_pressure,2023 Marine Heatwave,bleaching,25+,Functional extinction in Florida; 100% loss in MX,2,2,176.4,1693.2,3210
NOAA_survey,Florida Keys,Elbow Reef,EL3,NA,NA,field,Natural colony,2022,3.06301369863013,2025,NA,compound,TRUE,TRUE,TRUE,FALSE,TRUE,timeline_overlay,multiple,3,2023 Marine Heatwave; Diadema 2nd Die-off; Sargassum Brown Tides,bleaching; disease; sargassum,Birkart & Alvarez-Filip 2025 (iScience); Manzello et al. 2025 (Science); Levitan et al. 2023 (PNAS); Antonio-Martinez 2020 (Sci Rep); van Tussenbroek 2017 (Mar Pollut Bull),caribbean-wide; regional,acute_event; chronic_pressure,2023 Marine Heatwave,bleaching,25+,Functional extinction in Florida; 100% loss in MX,3,3,23.4,28.5,6440
NOAA_survey,Florida Keys,Elbow Reef,EL3,NA,NA,field,Natural colony,2022,3.06301369863014,2025,NA,compound,TRUE,TRUE,TRUE,FALSE,TRUE,timeline_overlay,multiple,3,2023 Marine Heatwave; Diadema 2nd Die-off; Sargassum Brown Tides,bleaching; disease; sargassum,Birkart & Alvarez-Filip 2025 (iScience); Manzello et al. 2025 (Science); Levitan et al. 2023 (PNAS); Antonio-Martinez 2020 (Sci Rep); van Tussenbroek 2017 (Mar Pollut Bull),caribbean-wide; regional,acute_event; chronic_pressure,2023 Marine Heatwave,bleaching,25+,Functional extinction in Florida; 100% loss in MX,2,2,50,66.8,83.6
NOAA_survey,Florida Keys,Elbow Reef,EL3,NA,NA,field,Natural colony,2022,3.39452054794521,2025,NA,compound,TRUE,TRUE,TRUE,FALSE,TRUE,timeline_overlay,multiple,3,2023 Marine Heatwave; Diadema 2nd Die-off; Sargassum Brown Tides,bleaching; disease; sargassum,Birkart & Alvarez-Filip 2025 (iScience); Manzello et al. 2025 (Science); Levitan et al. 2023 (PNAS); Antonio-Martinez 2020 (Sci Rep); van Tussenbroek 2017 (Mar Pollut Bull),caribbean-wide; regional,acute_event; chronic_pressure,2023 Marine Heatwave,bleaching,25+,Functional extinction in Florida; 100% loss in MX,2,2,15,2640,5265
NOAA_survey,Florida Keys,Elbow Reef,EL4,NA,NA,field,Natural colony,2022,3.06301369863014,2025,NA,compound,TRUE,TRUE,TRUE,FALSE,TRUE,timeline_overlay,multiple,3,2023 Marine Heatwave; Diadema 2nd Die-off; Sargassum Brown Tides,bleaching; disease; sargassum,Birkart & Alvarez-Filip 2025 (iScience); Manzello et al. 2025 (Science); Levitan et al. 2023 (PNAS); Antonio-Martinez 2020 (Sci Rep); van Tussenbroek 2017 (Mar Pollut Bull),caribbean-wide; regional,acute_event; chronic_pressure,2023 Marine Heatwave,bleaching,25+,Functional extinction in Florida; 100% loss in MX,2,2,0.5,169.825,339.15
NOAA_survey,Florida Keys,French Reef,FR1,NA,NA,field,Natural colony,2022,3.06575342465753,2025,NA,compound,TRUE,TRUE,TRUE,FALSE,TRUE,timeline_overlay,multiple,3,2023 Marine Heatwave; Diadema 2nd Die-off; Sargassum Brown Tides,bleaching; disease; sargassum,Birkart & Alvarez-Filip 2025 (iScience); Manzello et al. 2025 (Science); Levitan et al. 2023 (PNAS); Antonio-Martinez 2020 (Sci Rep); van Tussenbroek 2017 (Mar Pollut Bull),caribbean-wide; regional,acute_event; chronic_pressure,2023 Marine Heatwave,bleaching,25+,Functional extinction in Florida; 100% loss in MX,10,10,56,214.9,3003
NOAA_survey,Florida Keys,French Reef,FR2,NA,NA,field,Natural colony,2022,3.06575342465753,2025,NA,compound,TRUE,TRUE,TRUE,FALSE,TRUE,timeline_overlay,multiple,3,2023 Marine Heatwave; Diadema 2nd Die-off; Sargassum Brown Tides,bleaching; disease; sargassum,Birkart & Alvarez-Filip 2025 (iScience); Manzello et al. 2025 (Science); Levitan et al. 2023 (PNAS); Antonio-Martinez 2020 (Sci Rep); van Tussenbroek 2017 (Mar Pollut Bull),caribbean-wide; regional,acute_event; chronic_pressure,2023 Marine Heatwave,bleaching,25+,Functional extinction in Florida; 100% loss in MX,4,4,2,16.4,47.04
NOAA_survey,Florida Keys,French Reef,FR2,NA,NA,field,Natural colony,2022,3.44657534246575,2025,NA,compound,TRUE,TRUE,TRUE,FALSE,TRUE,timeline_overlay,multiple,3,2023 Marine Heatwave; Diadema 2nd Die-off; Sargassum Brown Tides,bleaching; disease; sargassum,Birkart & Alvarez-Filip 2025 (iScience); Manzello et al. 2025 (Science); Levitan et al. 2023 (PNAS); Antonio-Martinez 2020 (Sci Rep); van Tussenbroek 2017 (Mar Pollut Bull),caribbean-wide; regional,acute_event; chronic_pressure,2023 Marine Heatwave,bleaching,25+,Functional extinction in Florida; 100% loss in MX,1,1,43.2,43.2,43.2
NOAA_survey,Florida Keys,French Reef,FR3,NA,NA,field,Natural colony,2022,3.06575342465753,2025,NA,compound,TRUE,TRUE,TRUE,FALSE,TRUE,timeline_overlay,multiple,3,2023 Marine Heatwave; Diadema 2nd Die-off; Sargassum Brown Tides,bleaching; disease; sargassum,Birkart & Alvarez-Filip 2025 (iScience); Manzello et al. 2025 (Science); Levitan et al. 2023 (PNAS); Antonio-Martinez 2020 (Sci Rep); van Tussenbroek 2017 (Mar Pollut Bull),caribbean-wide; regional,acute_event; chronic_pressure,2023 Marine Heatwave,bleaching,25+,Functional extinction in Florida; 100% loss in MX,3,3,24,38.72,928.25
NOAA_survey,Florida Keys,French Reef,FR3,NA,NA,field,Natural colony,2022,3.44657534246575,2025,NA,compound,TRUE,TRUE,TRUE,FALSE,TRUE,timeline_overlay,multiple,3,2023 Marine Heatwave; Diadema 2nd Die-off; Sargassum Brown Tides,bleaching; disease; sargassum,Birkart & Alvarez-Filip 2025 (iScience); Manzello et al. 2025 (Science); Levitan et al. 2023 (PNAS); Antonio-Martinez 2020 (Sci Rep); van Tussenbroek 2017 (Mar Pollut Bull),caribbean-wide; regional,acute_event; chronic_pressure,2023 Marine Heatwave,bleaching,25+,Functional extinction in Florida; 100% loss in MX,4,4,29.75,293.25,546
NOAA_survey,Florida Keys,French Reef,FR4,NA,NA,field,Natural colony,2022,3.44657534246575,2025,NA,compound,TRUE,TRUE,TRUE,FALSE,TRUE,timeline_overlay,multiple,3,2023 Marine Heatwave; Diadema 2nd Die-off; Sargassum Brown Tides,bleaching; disease; sargassum,Birkart & Alvarez-Filip 2025 (iScience); Manzello et al. 2025 (Science); Levitan et al. 2023 (PNAS); Antonio-Martinez 2020 (Sci Rep); van Tussenbroek 2017 (Mar Pollut Bull),caribbean-wide; regional,acute_event; chronic_pressure,2023 Marine Heatwave,bleaching,25+,Functional extinction in Florida; 100% loss in MX,12,12,4.2,181.35,950
NOAA_survey,Florida Keys,Grecian Rocks,GR1,NA,NA,field,Natural colony,2022,3.14520547945205,2025,NA,compound,TRUE,TRUE,TRUE,FALSE,TRUE,timeline_overlay,multiple,3,2023 Marine Heatwave; Diadema 2nd Die-off; Sargassum Brown Tides,bleaching; disease; sargassum,Birkart & Alvarez-Filip 2025 (iScience); Manzello et al. 2025 (Science); Levitan et al. 2023 (PNAS); Antonio-Martinez 2020 (Sci Rep); van Tussenbroek 2017 (Mar Pollut Bull),caribbean-wide; regional,acute_event; chronic_pressure,2023 Marine Heatwave,bleaching,25+,Functional extinction in Florida; 100% loss in MX,1,1,36,36,36
NOAA_survey,Florida Keys,Grecian Rocks,GR1,NA,NA,field,Natural colony,2022,3.14520547945206,2025,NA,compound,TRUE,TRUE,TRUE,FALSE,TRUE,timeline_overlay,multiple,3,2023 Marine Heatwave; Diadema 2nd Die-off; Sargassum Brown Tides,bleaching; disease; sargassum,Birkart & Alvarez-Filip 2025 (iScience); Manzello et al. 2025 (Science); Levitan et al. 2023 (PNAS); Antonio-Martinez 2020 (Sci Rep); van Tussenbroek 2017 (Mar Pollut Bull),caribbean-wide; regional,acute_event; chronic_pressure,2023 Marine Heatwave,bleaching,25+,Functional extinction in Florida; 100% loss in MX,1,1,481.95,481.95,481.95
NOAA_survey,Florida Keys,Grecian Rocks,GR3,NA,NA,field,Natural colony,2022,3.14520547945205,2025,NA,compound,TRUE,TRUE,TRUE,FALSE,TRUE,timeline_overlay,multiple,3,2023 Marine Heatwave; Diadema 2nd Die-off; Sargassum Brown Tides,bleaching; disease; sargassum,Birkart & Alvarez-Filip 2025 (iScience); Manzello et al. 2025 (Science); Levitan et al. 2023 (PNAS); Antonio-Martinez 2020 (Sci Rep); van Tussenbroek 2017 (Mar Pollut Bull),caribbean-wide; regional,acute_event; chronic_pressure,2023 Marine Heatwave,bleaching,25+,Functional extinction in Florida; 100% loss in MX,2,2,1.6,131.89999999999998,262.2
NOAA_survey,Florida Keys,Grecian Rocks,GR3,NA,NA,field,Natural colony,2022,3.14520547945206,2025,NA,compound,TRUE,TRUE,TRUE,FALSE,TRUE,timeline_overlay,multiple,3,2023 Marine Heatwave; Diadema 2nd Die-off; Sargassum Brown Tides,bleaching; disease; sargassum,Birkart & Alvarez-Filip 2025 (iScience); Manzello et al. 2025 (Science); Levitan et al. 2023 (PNAS); Antonio-Martinez 2020 (Sci Rep); van Tussenbroek 2017 (Mar Pollut Bull),caribbean-wide; regional,acute_event; chronic_pressure,2023 Marine Heatwave,bleaching,25+,Functional extinction in Florida; 100% loss in MX,1,1,88.4,88.4,88.4
NOAA_survey,Florida Keys,Molasses Reef,ML2,NA,NA,field,Natural colony,2022,3.07945205479452,2025,NA,compound,TRUE,TRUE,TRUE,FALSE,TRUE,timeline_overlay,multiple,3,2023 Marine Heatwave; Diadema 2nd Die-off; Sargassum Brown Tides,bleaching; disease; sargassum,Birkart & Alvarez-Filip 2025 (iScience); Manzello et al. 2025 (Science); Levitan et al. 2023 (PNAS); Antonio-Martinez 2020 (Sci Rep); van Tussenbroek 2017 (Mar Pollut Bull),caribbean-wide; regional,acute_event; chronic_pressure,2023 Marine Heatwave,bleaching,25+,Functional extinction in Florida; 100% loss in MX,2,2,4,10,16
NOAA_survey,Florida Keys,Molasses Reef,ML3,NA,NA,field,Natural colony,2022,3.07945205479452,2025,NA,compound,TRUE,TRUE,TRUE,FALSE,TRUE,timeline_overlay,multiple,3,2023 Marine Heatwave; Diadema 2nd Die-off; Sargassum Brown Tides,bleaching; disease; sargassum,Birkart & Alvarez-Filip 2025 (iScience); Manzello et al. 2025 (Science); Levitan et al. 2023 (PNAS); Antonio-Martinez 2020 (Sci Rep); van Tussenbroek 2017 (Mar Pollut Bull),caribbean-wide; regional,acute_event; chronic_pressure,2023 Marine Heatwave,bleaching,25+,Functional extinction in Florida; 100% loss in MX,1,1,23.4,23.4,23.4
NOAA_survey,Florida Keys,Sand Island,SI1,NA,NA,field,Natural colony,2022,3.1013698630137,2025,NA,compound,TRUE,TRUE,TRUE,FALSE,TRUE,timeline_overlay,multiple,3,2023 Marine Heatwave; Diadema 2nd Die-off; Sargassum Brown Tides,bleaching; disease; sargassum,Birkart & Alvarez-Filip 2025 (iScience); Manzello et al. 2025 (Science); Levitan et al. 2023 (PNAS); Antonio-Martinez 2020 (Sci Rep); van Tussenbroek 2017 (Mar Pollut Bull),caribbean-wide; regional,acute_event; chronic_pressure,2023 Marine Heatwave,bleaching,25+,Functional extinction in Florida; 100% loss in MX,10,10,6,111.975,22060.5
NOAA_survey,Florida Keys,Sand Island,SI1,NA,NA,field,Natural colony,2022,3.44657534246575,2025,NA,compound,TRUE,TRUE,TRUE,FALSE,TRUE,timeline_overlay,multiple,3,2023 Marine Heatwave; Diadema 2nd Die-off; Sargassum Brown Tides,bleaching; disease; sargassum,Birkart & Alvarez-Filip 2025 (iScience); Manzello et al. 2025 (Science); Levitan et al. 2023 (PNAS); Antonio-Martinez 2020 (Sci Rep); van Tussenbroek 2017 (Mar Pollut Bull),caribbean-wide; regional,acute_event; chronic_pressure,2023 Marine Heatwave,bleaching,25+,Functional extinction in Florida; 100% loss in MX,2,2,468,904.95,1341.9
NOAA_survey,Florida Keys,Sand Island,SI2,NA,NA,field,Natural colony,2022,3.1013698630137,2025,NA,compound,TRUE,TRUE,TRUE,FALSE,TRUE,timeline_overlay,multiple,3,2023 Marine Heatwave; Diadema 2nd Die-off; Sargassum Brown Tides,bleaching; disease; sargassum,Birkart & Alvarez-Filip 2025 (iScience); Manzello et al. 2025 (Science); Levitan et al. 2023 (PNAS); Antonio-Martinez 2020 (Sci Rep); van Tussenbroek 2017 (Mar Pollut Bull),caribbean-wide; regional,acute_event; chronic_pressure,2023 Marine Heatwave,bleaching,25+,Functional extinction in Florida; 100% loss in MX,3,3,135,4256,6587.5
NOAA_survey,Florida Keys,Sand Island,SI2,NA,NA,field,Natural colony,2022,3.44657534246575,2025,NA,compound,TRUE,TRUE,TRUE,FALSE,TRUE,timeline_overlay,multiple,3,2023 Marine Heatwave; Diadema 2nd Die-off; Sargassum Brown Tides,bleaching; disease; sargassum,Birkart & Alvarez-Filip 2025 (iScience); Manzello et al. 2025 (Science); Levitan et al. 2023 (PNAS); Antonio-Martinez 2020 (Sci Rep); van Tussenbroek 2017 (Mar Pollut Bull),caribbean-wide; regional,acute_event; chronic_pressure,2023 Marine Heatwave,bleaching,25+,Functional extinction in Florida; 100% loss in MX,9,9,3403.8,7171.2,28160
NOAA_survey,Florida Keys,Sand Island,SI3,NA,NA,field,Natural colony,2022,3.1013698630137,2025,NA,compound,TRUE,TRUE,TRUE,FALSE,TRUE,timeline_overlay,multiple,3,2023 Marine Heatwave; Diadema 2nd Die-off; Sargassum Brown Tides,bleaching; disease; sargassum,Birkart & Alvarez-Filip 2025 (iScience); Manzello et al. 2025 (Science); Levitan et al. 2023 (PNAS); Antonio-Martinez 2020 (Sci Rep); van Tussenbroek 2017 (Mar Pollut Bull),caribbean-wide; regional,acute_event; chronic_pressure,2023 Marine Heatwave,bleaching,25+,Functional extinction in Florida; 100% loss in MX,7,7,13.75,309.4,720
NOAA_survey,Florida Keys,Elbow Reef,EL1,NA,NA,field,Natural colony,2023,0.841095890410958,2023,NA,compound,TRUE,TRUE,TRUE,FALSE,TRUE,timeline_overlay,multiple,2,2023 Marine Heatwave; Sargassum Brown Tides,bleaching; sargassum,Birkart & Alvarez-Filip 2025 (iScience); Manzello et al. 2025 (Science); Antonio-Martinez 2020 (Sci Rep); van Tussenbroek 2017 (Mar Pollut Bull),caribbean-wide,acute_event; chronic_pressure,2023 Marine Heatwave,bleaching,25+,Functional extinction in Florida; 100% loss in MX,4,4,6316.55,8904,14364
NOAA_survey,Florida Keys,Elbow Reef,EL1,NA,NA,field,Natural colony,2023,0.84109589041096,2023,NA,compound,TRUE,TRUE,TRUE,FALSE,TRUE,timeline_overlay,multiple,2,2023 Marine Heatwave; Sargassum Brown Tides,bleaching; sargassum,Birkart & Alvarez-Filip 2025 (iScience); Manzello et al. 2025 (Science); Antonio-Martinez 2020 (Sci Rep); van Tussenbroek 2017 (Mar Pollut Bull),caribbean-wide,acute_event; chronic_pressure,2023 Marine Heatwave,bleaching,25+,Functional extinction in Florida; 100% loss in MX,2,2,4605.75,8854.875,13104
NOAA_survey,Florida Keys,Elbow Reef,EL2,NA,NA,field,Natural colony,2023,0.794520547945204,2023,NA,compound,TRUE,TRUE,TRUE,FALSE,TRUE,timeline_overlay,multiple,2,2023 Marine Heatwave; Sargassum Brown Tides,bleaching; sargassum,Birkart & Alvarez-Filip 2025 (iScience); Manzello et al. 2025 (Science); Antonio-Martinez 2020 (Sci Rep); van Tussenbroek 2017 (Mar Pollut Bull),caribbean-wide,acute_event; chronic_pressure,2023 Marine Heatwave,bleaching,25+,Functional extinction in Florida; 100% loss in MX,1,1,4485,4485,4485
NOAA_survey,Florida Keys,Elbow Reef,EL2,NA,NA,field,Natural colony,2023,0.794520547945205,2023,NA,compound,TRUE,TRUE,TRUE,FALSE,TRUE,timeline_overlay,multiple,2,2023 Marine Heatwave; Sargassum Brown Tides,bleaching; sargassum,Birkart & Alvarez-Filip 2025 (iScience); Manzello et al. 2025 (Science); Antonio-Martinez 2020 (Sci Rep); van Tussenbroek 2017 (Mar Pollut Bull),caribbean-wide,acute_event; chronic_pressure,2023 Marine Heatwave,bleaching,25+,Functional extinction in Florida; 100% loss in MX,1,1,722,722,722
NOAA_survey,Florida Keys,Elbow Reef,EL2,NA,NA,field,Natural colony,2023,0.794520547945206,2023,NA,compound,TRUE,TRUE,TRUE,FALSE,TRUE,timeline_overlay,multiple,2,2023 Marine Heatwave; Sargassum Brown Tides,bleaching; sargassum,Birkart & Alvarez-Filip 2025 (iScience); Manzello et al. 2025 (Science); Antonio-Martinez 2020 (Sci Rep); van Tussenbroek 2017 (Mar Pollut Bull),caribbean-wide,acute_event; chronic_pressure,2023 Marine Heatwave,bleaching,25+,Functional extinction in Florida; 100% loss in MX,2,2,940.5,1444,1947.5
NOAA_survey,Florida Keys,Elbow Reef,EL3,NA,NA,field,Natural colony,2023,0.882191780821916,2023,NA,compound,TRUE,TRUE,TRUE,FALSE,TRUE,timeline_overlay,multiple,2,2023 Marine Heatwave; Sargassum Brown Tides,bleaching; sargassum,Birkart & Alvarez-Filip 2025 (iScience); Manzello et al. 2025 (Science); Antonio-Martinez 2020 (Sci Rep); van Tussenbroek 2017 (Mar Pollut Bull),caribbean-wide,acute_event; chronic_pressure,2023 Marine Heatwave,bleaching,25+,Functional extinction in Florida; 100% loss in MX,1,1,6555,6555,6555
NOAA_survey,Florida Keys,Elbow Reef,EL3,NA,NA,field,Natural colony,2023,0.882191780821917,2023,NA,compound,TRUE,TRUE,TRUE,FALSE,TRUE,timeline_overlay,multiple,2,2023 Marine Heatwave; Sargassum Brown Tides,bleaching; sargassum,Birkart & Alvarez-Filip 2025 (iScience); Manzello et al. 2025 (Science); Antonio-Martinez 2020 (Sci Rep); van Tussenbroek 2017 (Mar Pollut Bull),caribbean-wide,acute_event; chronic_pressure,2023 Marine Heatwave,bleaching,25+,Functional extinction in Florida; 100% loss in MX,1,1,54,54,54
NOAA_survey,Florida Keys,Elbow Reef,EL3,NA,NA,field,Natural colony,2023,0.882191780821918,2023,NA,compound,TRUE,TRUE,TRUE,FALSE,TRUE,timeline_overlay,multiple,2,2023 Marine Heatwave; Sargassum Brown Tides,bleaching; sargassum,Birkart & Alvarez-Filip 2025 (iScience); Manzello et al. 2025 (Science); Antonio-Martinez 2020 (Sci Rep); van Tussenbroek 2017 (Mar Pollut Bull),caribbean-wide,acute_event; chronic_pressure,2023 Marine Heatwave,bleaching,25+,Functional extinction in Florida; 100% loss in MX,2,2,40,41,42
NOAA_survey,Florida Keys,French Reef,FR1,NA,NA,field,Natural colony,2023,0.961643835616438,2023,NA,compound,TRUE,TRUE,TRUE,FALSE,TRUE,timeline_overlay,multiple,2,2023 Marine Heatwave; Sargassum Brown Tides,bleaching; sargassum,Birkart & Alvarez-Filip 2025 (iScience); Manzello et al. 2025 (Science); Antonio-Martinez 2020 (Sci Rep); van Tussenbroek 2017 (Mar Pollut Bull),caribbean-wide,acute_event; chronic_pressure,2023 Marine Heatwave,bleaching,25+,Functional extinction in Florida; 100% loss in MX,6,6,1,2144.1,8098.75
NOAA_survey,Florida Keys,French Reef,FR1,NA,NA,field,Natural colony,2023,0.961643835616439,2023,NA,compound,TRUE,TRUE,TRUE,FALSE,TRUE,timeline_overlay,multiple,2,2023 Marine Heatwave; Sargassum Brown Tides,bleaching; sargassum,Birkart & Alvarez-Filip 2025 (iScience); Manzello et al. 2025 (Science); Antonio-Martinez 2020 (Sci Rep); van Tussenbroek 2017 (Mar Pollut Bull),caribbean-wide,acute_event; chronic_pressure,2023 Marine Heatwave,bleaching,25+,Functional extinction in Florida; 100% loss in MX,3,3,376.2,1398.6,2044.5
NOAA_survey,Florida Keys,French Reef,FR2,NA,NA,field,Natural colony,2023,0.961643835616437,2023,NA,compound,TRUE,TRUE,TRUE,FALSE,TRUE,timeline_overlay,multiple,2,2023 Marine Heatwave; Sargassum Brown Tides,bleaching; sargassum,Birkart & Alvarez-Filip 2025 (iScience); Manzello et al. 2025 (Science); Antonio-Martinez 2020 (Sci Rep); van Tussenbroek 2017 (Mar Pollut Bull),caribbean-wide,acute_event; chronic_pressure,2023 Marine Heatwave,bleaching,25+,Functional extinction in Florida; 100% loss in MX,2,2,78.4,189.2,300
NOAA_survey,Florida Keys,French Reef,FR2,NA,NA,field,Natural colony,2023,0.961643835616438,2023,NA,compound,TRUE,TRUE,TRUE,FALSE,TRUE,timeline_overlay,multiple,2,2023 Marine Heatwave; Sargassum Brown Tides,bleaching; sargassum,Birkart & Alvarez-Filip 2025 (iScience); Manzello et al. 2025 (Science); Antonio-Martinez 2020 (Sci Rep); van Tussenbroek 2017 (Mar Pollut Bull),caribbean-wide,acute_event; chronic_pressure,2023 Marine Heatwave,bleaching,25+,Functional extinction in Florida; 100% loss in MX,1,1,67.2,67.2,67.2
NOAA_survey,Florida Keys,Grecian Rocks,GR1,NA,NA,field,Natural colony,2023,0.978082191780822,2023,NA,compound,TRUE,TRUE,TRUE,FALSE,TRUE,timeline_overlay,multiple,2,2023 Marine Heatwave; Sargassum Brown Tides,bleaching; sargassum,Birkart & Alvarez-Filip 2025 (iScience); Manzello et al. 2025 (Science); Antonio-Martinez 2020 (Sci Rep); van Tussenbroek 2017 (Mar Pollut Bull),caribbean-wide,acute_event; chronic_pressure,2023 Marine Heatwave,bleaching,25+,Functional extinction in Florida; 100% loss in MX,2,2,64.8,246.59999999999997,428.4
NOAA_survey,Florida Keys,Grecian Rocks,GR3,NA,NA,field,Natural colony,2023,0.616438356164382,2023,NA,compound,TRUE,TRUE,TRUE,FALSE,TRUE,timeline_overlay,multiple,2,2023 Marine Heatwave; Sargassum Brown Tides,bleaching; sargassum,Birkart & Alvarez-Filip 2025 (iScience); Manzello et al. 2025 (Science); Antonio-Martinez 2020 (Sci Rep); van Tussenbroek 2017 (Mar Pollut Bull),caribbean-wide,acute_event; chronic_pressure,2023 Marine Heatwave,bleaching,25+,Functional extinction in Florida; 100% loss in MX,1,1,168.3,168.3,168.3
NOAA_survey,Florida Keys,Grecian Rocks,GR3,NA,NA,field,Natural colony,2023,0.616438356164384,2023,NA,compound,TRUE,TRUE,TRUE,FALSE,TRUE,timeline_overlay,multiple,2,2023 Marine Heatwave; Sargassum Brown Tides,bleaching; sargassum,Birkart & Alvarez-Filip 2025 (iScience); Manzello et al. 2025 (Science); Antonio-Martinez 2020 (Sci Rep); van Tussenbroek 2017 (Mar Pollut Bull),caribbean-wide,acute_event; chronic_pressure,2023 Marine Heatwave,bleaching,25+,Functional extinction in Florida; 100% loss in MX,1,1,378,378,378
NOAA_survey,Florida Keys,Sand Island,SI1,NA,NA,field,Natural colony,2023,0.797260273972602,2023,NA,compound,TRUE,TRUE,TRUE,FALSE,TRUE,timeline_overlay,multiple,2,2023 Marine Heatwave; Sargassum Brown Tides,bleaching; sargassum,Birkart & Alvarez-Filip 2025 (iScience); Manzello et al. 2025 (Science); Antonio-Martinez 2020 (Sci Rep); van Tussenbroek 2017 (Mar Pollut Bull),caribbean-wide,acute_event; chronic_pressure,2023 Marine Heatwave,bleaching,25+,Functional extinction in Florida; 100% loss in MX,5,5,20,180,15600
NOAA_survey,Florida Keys,Sand Island,SI1,NA,NA,field,Natural colony,2023,0.797260273972603,2023,NA,compound,TRUE,TRUE,TRUE,FALSE,TRUE,timeline_overlay,multiple,2,2023 Marine Heatwave; Sargassum Brown Tides,bleaching; sargassum,Birkart & Alvarez-Filip 2025 (iScience); Manzello et al. 2025 (Science); Antonio-Martinez 2020 (Sci Rep); van Tussenbroek 2017 (Mar Pollut Bull),caribbean-wide,acute_event; chronic_pressure,2023 Marine Heatwave,bleaching,25+,Functional extinction in Florida; 100% loss in MX,3,3,19.8,1032,1197
NOAA_survey,Florida Keys,Sand Island,SI2,NA,NA,field,Natural colony,2023,0.797260273972602,2023,NA,compound,TRUE,TRUE,TRUE,FALSE,TRUE,timeline_overlay,multiple,2,2023 Marine Heatwave; Sargassum Brown Tides,bleaching; sargassum,Birkart & Alvarez-Filip 2025 (iScience); Manzello et al. 2025 (Science); Antonio-Martinez 2020 (Sci Rep); van Tussenbroek 2017 (Mar Pollut Bull),caribbean-wide,acute_event; chronic_pressure,2023 Marine Heatwave,bleaching,25+,Functional extinction in Florida; 100% loss in MX,11,11,1299.8,6917.4,20140
NOAA_survey,Florida Keys,Sand Island,SI3,NA,NA,field,Natural colony,2023,0.797260273972603,2023,NA,compound,TRUE,TRUE,TRUE,FALSE,TRUE,timeline_overlay,multiple,2,2023 Marine Heatwave; Sargassum Brown Tides,bleaching; sargassum,Birkart & Alvarez-Filip 2025 (iScience); Manzello et al. 2025 (Science); Antonio-Martinez 2020 (Sci Rep); van Tussenbroek 2017 (Mar Pollut Bull),caribbean-wide,acute_event; chronic_pressure,2023 Marine Heatwave,bleaching,25+,Functional extinction in Florida; 100% loss in MX,6,6,14.4,163,2812.95
NOAA_survey,Florida Keys,Elbow Reef,EL3,NA,NA,field,Natural colony,2023,1.08219178082192,2024,NA,compound,TRUE,TRUE,TRUE,FALSE,TRUE,timeline_overlay,multiple,2,2023 Marine Heatwave; Sargassum Brown Tides,bleaching; sargassum,Birkart & Alvarez-Filip 2025 (iScience); Manzello et al. 2025 (Science); Antonio-Martinez 2020 (Sci Rep); van Tussenbroek 2017 (Mar Pollut Bull),caribbean-wide,acute_event; chronic_pressure,2023 Marine Heatwave,bleaching,25+,Functional extinction in Florida; 100% loss in MX,2,2,99,4849.5,9600
NOAA_survey,Florida Keys,Carysfort Reef,CF3,NA,NA,field,Natural colony,2023,3.74246575342466,2026,NA,compound,TRUE,TRUE,TRUE,FALSE,TRUE,timeline_overlay,multiple,2,2023 Marine Heatwave; Sargassum Brown Tides,bleaching; sargassum,Birkart & Alvarez-Filip 2025 (iScience); Manzello et al. 2025 (Science); Antonio-Martinez 2020 (Sci Rep); van Tussenbroek 2017 (Mar Pollut Bull),caribbean-wide,acute_event; chronic_pressure,2023 Marine Heatwave,bleaching,25+,Functional extinction in Florida; 100% loss in MX,3,3,1652.4,3750,4635
NOAA_survey,Florida Keys,Elbow Reef,EL2,NA,NA,field,Natural colony,2023,3.85753424657534,2026,NA,compound,TRUE,TRUE,TRUE,FALSE,TRUE,timeline_overlay,multiple,2,2023 Marine Heatwave; Sargassum Brown Tides,bleaching; sargassum,Birkart & Alvarez-Filip 2025 (iScience); Manzello et al. 2025 (Science); Antonio-Martinez 2020 (Sci Rep); van Tussenbroek 2017 (Mar Pollut Bull),caribbean-wide,acute_event; chronic_pressure,2023 Marine Heatwave,bleaching,25+,Functional extinction in Florida; 100% loss in MX,1,1,336,336,336
NOAA_survey,Florida Keys,French Reef,FR1,NA,NA,field,Natural colony,2023,3.67671232876712,2026,NA,compound,TRUE,TRUE,TRUE,FALSE,TRUE,timeline_overlay,multiple,2,2023 Marine Heatwave; Sargassum Brown Tides,bleaching; sargassum,Birkart & Alvarez-Filip 2025 (iScience); Manzello et al. 2025 (Science); Antonio-Martinez 2020 (Sci Rep); van Tussenbroek 2017 (Mar Pollut Bull),caribbean-wide,acute_event; chronic_pressure,2023 Marine Heatwave,bleaching,25+,Functional extinction in Florida; 100% loss in MX,2,2,195.5,401.75,608
NOAA_survey,Florida Keys,Key Largo Dry Rocks,KL1,NA,NA,field,Natural colony,2023,3.76164383561644,2026,NA,compound,TRUE,TRUE,TRUE,FALSE,TRUE,timeline_overlay,multiple,2,2023 Marine Heatwave; Sargassum Brown Tides,bleaching; sargassum,Birkart & Alvarez-Filip 2025 (iScience); Manzello et al. 2025 (Science); Antonio-Martinez 2020 (Sci Rep); van Tussenbroek 2017 (Mar Pollut Bull),caribbean-wide,acute_event; chronic_pressure,2023 Marine Heatwave,bleaching,25+,Functional extinction in Florida; 100% loss in MX,1,1,256,256,256
NOAA_survey,Florida Keys,Elbow Reef,EL4,NA,NA,field,Natural colony,2023,4.27671232876712,2027,NA,compound,TRUE,TRUE,TRUE,FALSE,TRUE,timeline_overlay,multiple,2,2023 Marine Heatwave; Sargassum Brown Tides,bleaching; sargassum,Birkart & Alvarez-Filip 2025 (iScience); Manzello et al. 2025 (Science); Antonio-Martinez 2020 (Sci Rep); van Tussenbroek 2017 (Mar Pollut Bull),caribbean-wide,acute_event; chronic_pressure,2023 Marine Heatwave,bleaching,25+,Functional extinction in Florida; 100% loss in MX,3,3,174.9,1029.6,14701.5
NOAA_survey,Florida Keys,Elbow Reef,EL2,NA,NA,field,Natural colony,2024,0.863013698630136,2024,NA,sargassum,FALSE,FALSE,TRUE,FALSE,TRUE,timeline_overlay,one,1,Sargassum Brown Tides,sargassum,Antonio-Martinez 2020 (Sci Rep); van Tussenbroek 2017 (Mar Pollut Bull),caribbean-wide,chronic_pressure,Sargassum Brown Tides,sargassum,37.5M tons,Leachate toxicity; larval spiral swimming; hypoxia (DO < 1mg/L),1,1,1984.5,1984.5,1984.5
NOAA_survey,Florida Keys,Elbow Reef,EL2,NA,NA,field,Natural colony,2024,0.863013698630137,2024,NA,sargassum,FALSE,FALSE,TRUE,FALSE,TRUE,timeline_overlay,one,1,Sargassum Brown Tides,sargassum,Antonio-Martinez 2020 (Sci Rep); van Tussenbroek 2017 (Mar Pollut Bull),caribbean-wide,chronic_pressure,Sargassum Brown Tides,sargassum,37.5M tons,Leachate toxicity; larval spiral swimming; hypoxia (DO < 1mg/L),4,4,264,1128.375,5757
NOAA_survey,Florida Keys,Little Elbow,LE2,NA,NA,field,Natural colony,2024,0.945205479452055,2024,NA,sargassum,FALSE,FALSE,TRUE,FALSE,TRUE,timeline_overlay,one,1,Sargassum Brown Tides,sargassum,Antonio-Martinez 2020 (Sci Rep); van Tussenbroek 2017 (Mar Pollut Bull),caribbean-wide,chronic_pressure,Sargassum Brown Tides,sargassum,37.5M tons,Leachate toxicity; larval spiral swimming; hypoxia (DO < 1mg/L),1,1,18560,18560,18560
NOAA_survey,Navassa,LuLu Bay,LB1,NA,NA,field,Natural colony,2009,2.46301369863014,2011,NA,sargassum,FALSE,FALSE,TRUE,FALSE,TRUE,timeline_overlay,one,1,Sargassum Brown Tides,sargassum,Antonio-Martinez 2020 (Sci Rep); van Tussenbroek 2017 (Mar Pollut Bull),caribbean-wide,chronic_pressure,Sargassum Brown Tides,sargassum,37.5M tons,Leachate toxicity; larval spiral swimming; hypoxia (DO < 1mg/L),12,12,214.2,2368.575,27405
NOAA_survey,Navassa,LuLu Bay,LB2,NA,NA,field,Natural colony,2009,2.46301369863014,2011,NA,sargassum,FALSE,FALSE,TRUE,FALSE,TRUE,timeline_overlay,one,1,Sargassum Brown Tides,sargassum,Antonio-Martinez 2020 (Sci Rep); van Tussenbroek 2017 (Mar Pollut Bull),caribbean-wide,chronic_pressure,Sargassum Brown Tides,sargassum,37.5M tons,Leachate toxicity; larval spiral swimming; hypoxia (DO < 1mg/L),11,11,1181.25,4860,10500
NOAA_survey,Navassa,Northwest Point,NW1,NA,NA,field,Natural colony,2009,2.47671232876712,2011,NA,sargassum,FALSE,FALSE,TRUE,FALSE,TRUE,timeline_overlay,one,1,Sargassum Brown Tides,sargassum,Antonio-Martinez 2020 (Sci Rep); van Tussenbroek 2017 (Mar Pollut Bull),caribbean-wide,chronic_pressure,Sargassum Brown Tides,sargassum,37.5M tons,Leachate toxicity; larval spiral swimming; hypoxia (DO < 1mg/L),12,12,10.2,153.75,32175
NOAA_survey,Navassa,Northwest Point,NW2,NA,NA,field,Natural colony,2009,2.47397260273973,2011,NA,sargassum,FALSE,FALSE,TRUE,FALSE,TRUE,timeline_overlay,one,1,Sargassum Brown Tides,sargassum,Antonio-Martinez 2020 (Sci Rep); van Tussenbroek 2017 (Mar Pollut Bull),caribbean-wide,chronic_pressure,Sargassum Brown Tides,sargassum,37.5M tons,Leachate toxicity; larval spiral swimming; hypoxia (DO < 1mg/L),4,4,79.38,158.85,18056
NOAA_survey,Navassa,Northwest Point,NW3,NA,NA,field,Natural colony,2009,2.48219178082192,2011,NA,sargassum,FALSE,FALSE,TRUE,FALSE,TRUE,timeline_overlay,one,1,Sargassum Brown Tides,sargassum,Antonio-Martinez 2020 (Sci Rep); van Tussenbroek 2017 (Mar Pollut Bull),caribbean-wide,chronic_pressure,Sargassum Brown Tides,sargassum,37.5M tons,Leachate toxicity; larval spiral swimming; hypoxia (DO < 1mg/L),13,13,24,293.02,15427.5
NOAA_survey,Navassa,LuLu Bay,LB1,NA,NA,field,Natural colony,2012,2.91506849315068,2014,NA,compound,FALSE,FALSE,TRUE,FALSE,TRUE,timeline_overlay,multiple,2,Sargassum Brown Tides; 3rd Global Bleaching,sargassum; bleaching,Antonio-Martinez 2020 (Sci Rep); van Tussenbroek 2017 (Mar Pollut Bull); Hughes et al. 2017 (Nature); Eakin et al. 2019 (Coral Reefs),caribbean-wide,chronic_pressure; chronic_regime,Sargassum Brown Tides,sargassum,37.5M tons,Leachate toxicity; larval spiral swimming; hypoxia (DO < 1mg/L),12,12,269.1,3145,31500
NOAA_survey,Navassa,LuLu Bay,LB2,NA,NA,field,Natural colony,2012,2.91780821917808,2014,NA,compound,FALSE,FALSE,TRUE,FALSE,TRUE,timeline_overlay,multiple,2,Sargassum Brown Tides; 3rd Global Bleaching,sargassum; bleaching,Antonio-Martinez 2020 (Sci Rep); van Tussenbroek 2017 (Mar Pollut Bull); Hughes et al. 2017 (Nature); Eakin et al. 2019 (Coral Reefs),caribbean-wide,chronic_pressure; chronic_regime,Sargassum Brown Tides,sargassum,37.5M tons,Leachate toxicity; larval spiral swimming; hypoxia (DO < 1mg/L),12,12,254.8,7481.25,14592
NOAA_survey,Navassa,Northwest Point,NW1,NA,NA,field,Natural colony,2012,2.90684931506849,2014,NA,compound,FALSE,FALSE,TRUE,FALSE,TRUE,timeline_overlay,multiple,2,Sargassum Brown Tides; 3rd Global Bleaching,sargassum; bleaching,Antonio-Martinez 2020 (Sci Rep); van Tussenbroek 2017 (Mar Pollut Bull); Hughes et al. 2017 (Nature); Eakin et al. 2019 (Coral Reefs),caribbean-wide,chronic_pressure; chronic_regime,Sargassum Brown Tides,sargassum,37.5M tons,Leachate toxicity; larval spiral swimming; hypoxia (DO < 1mg/L),11,11,16.8,102,39828.75
NOAA_survey,Navassa,Northwest Point,NW2,NA,NA,field,Natural colony,2012,2.91506849315068,2014,NA,compound,FALSE,FALSE,TRUE,FALSE,TRUE,timeline_overlay,multiple,2,Sargassum Brown Tides; 3rd Global Bleaching,sargassum; bleaching,Antonio-Martinez 2020 (Sci Rep); van Tussenbroek 2017 (Mar Pollut Bull); Hughes et al. 2017 (Nature); Eakin et al. 2019 (Coral Reefs),caribbean-wide,chronic_pressure; chronic_regime,Sargassum Brown Tides,sargassum,37.5M tons,Leachate toxicity; larval spiral swimming; hypoxia (DO < 1mg/L),5,5,80,129.6,28490
NOAA_survey,Navassa,Northwest Point,NW3,NA,NA,field,Natural colony,2012,2.8986301369863,2014,NA,compound,FALSE,FALSE,TRUE,FALSE,TRUE,timeline_overlay,multiple,2,Sargassum Brown Tides; 3rd Global Bleaching,sargassum; bleaching,Antonio-Martinez 2020 (Sci Rep); van Tussenbroek 2017 (Mar Pollut Bull); Hughes et al. 2017 (Nature); Eakin et al. 2019 (Coral Reefs),caribbean-wide,chronic_pressure; chronic_regime,Sargassum Brown Tides,sargassum,37.5M tons,Leachate toxicity; larval spiral swimming; hypoxia (DO < 1mg/L),10,10,24,1378.125,18207
USGS_USVI_exp,US Virgin Islands,NER,NA,BI1,NA,field,Restoration fragment,2020,1,2020,NA,sargassum,FALSE,FALSE,TRUE,FALSE,TRUE,timeline_overlay,one,1,Sargassum Brown Tides,sargassum,Antonio-Martinez 2020 (Sci Rep); van Tussenbroek 2017 (Mar Pollut Bull),caribbean-wide,chronic_pressure,Sargassum Brown Tides,sargassum,37.5M tons,Leachate toxicity; larval spiral swimming; hypoxia (DO < 1mg/L),2,2,26.5625,34.40625,42.25
USGS_USVI_exp,US Virgin Islands,NER,NA,BI2,NA,field,Restoration fragment,2020,1,2020,NA,sargassum,FALSE,FALSE,TRUE,FALSE,TRUE,timeline_overlay,one,1,Sargassum Brown Tides,sargassum,Antonio-Martinez 2020 (Sci Rep); van Tussenbroek 2017 (Mar Pollut Bull),caribbean-wide,chronic_pressure,Sargassum Brown Tides,sargassum,37.5M tons,Leachate toxicity; larval spiral swimming; hypoxia (DO < 1mg/L),2,2,20,22,24
USGS_USVI_exp,US Virgin Islands,NER,NA,BI3,NA,field,Restoration fragment,2020,1,2020,NA,sargassum,FALSE,FALSE,TRUE,FALSE,TRUE,timeline_overlay,one,1,Sargassum Brown Tides,sargassum,Antonio-Martinez 2020 (Sci Rep); van Tussenbroek 2017 (Mar Pollut Bull),caribbean-wide,chronic_pressure,Sargassum Brown Tides,sargassum,37.5M tons,Leachate toxicity; larval spiral swimming; hypoxia (DO < 1mg/L),2,2,9,13,17
USGS_USVI_exp,US Virgin Islands,NER,NA,BI4,NA,field,Restoration fragment,2020,1,2020,NA,sargassum,FALSE,FALSE,TRUE,FALSE,TRUE,timeline_overlay,one,1,Sargassum Brown Tides,sargassum,Antonio-Martinez 2020 (Sci Rep); van Tussenbroek 2017 (Mar Pollut Bull),caribbean-wide,chronic_pressure,Sargassum Brown Tides,sargassum,37.5M tons,Leachate toxicity; larval spiral swimming; hypoxia (DO < 1mg/L),2,2,16.25,17.125,18
USGS_USVI_exp,US Virgin Islands,NER,NA,BI5,NA,field,Restoration fragment,2020,1,2020,NA,sargassum,FALSE,FALSE,TRUE,FALSE,TRUE,timeline_overlay,one,1,Sargassum Brown Tides,sargassum,Antonio-Martinez 2020 (Sci Rep); van Tussenbroek 2017 (Mar Pollut Bull),caribbean-wide,chronic_pressure,Sargassum Brown Tides,sargassum,37.5M tons,Leachate toxicity; larval spiral swimming; hypoxia (DO < 1mg/L),2,2,14,18.5,23
USGS_USVI_exp,US Virgin Islands,NWR,NA,BI1,NA,field,Restoration fragment,2020,1,2020,NA,sargassum,FALSE,FALSE,TRUE,FALSE,TRUE,timeline_overlay,one,1,Sargassum Brown Tides,sargassum,Antonio-Martinez 2020 (Sci Rep); van Tussenbroek 2017 (Mar Pollut Bull),caribbean-wide,chronic_pressure,Sargassum Brown Tides,sargassum,37.5M tons,Leachate toxicity; larval spiral swimming; hypoxia (DO < 1mg/L),2,2,21,23.4375,25.875
USGS_USVI_exp,US Virgin Islands,NWR,NA,BI2,NA,field,Restoration fragment,2020,1,2020,NA,sargassum,FALSE,FALSE,TRUE,FALSE,TRUE,timeline_overlay,one,1,Sargassum Brown Tides,sargassum,Antonio-Martinez 2020 (Sci Rep); van Tussenbroek 2017 (Mar Pollut Bull),caribbean-wide,chronic_pressure,Sargassum Brown Tides,sargassum,37.5M tons,Leachate toxicity; larval spiral swimming; hypoxia (DO < 1mg/L),2,2,21.5625,22.78125,24
USGS_USVI_exp,US Virgin Islands,NWR,NA,BI3,NA,field,Restoration fragment,2020,1,2020,NA,sargassum,FALSE,FALSE,TRUE,FALSE,TRUE,timeline_overlay,one,1,Sargassum Brown Tides,sargassum,Antonio-Martinez 2020 (Sci Rep); van Tussenbroek 2017 (Mar Pollut Bull),caribbean-wide,chronic_pressure,Sargassum Brown Tides,sargassum,37.5M tons,Leachate toxicity; larval spiral swimming; hypoxia (DO < 1mg/L),2,2,14.625,22.3125,30
USGS_USVI_exp,US Virgin Islands,NWR,NA,BI4,NA,field,Restoration fragment,2020,1,2020,NA,sargassum,FALSE,FALSE,TRUE,FALSE,TRUE,timeline_overlay,one,1,Sargassum Brown Tides,sargassum,Antonio-Martinez 2020 (Sci Rep); van Tussenbroek 2017 (Mar Pollut Bull),caribbean-wide,chronic_pressure,Sargassum Brown Tides,sargassum,37.5M tons,Leachate toxicity; larval spiral swimming; hypoxia (DO < 1mg/L),2,2,17.5,21.125,24.75
USGS_USVI_exp,US Virgin Islands,NWR,NA,BI5,NA,field,Restoration fragment,2020,1,2020,NA,sargassum,FALSE,FALSE,TRUE,FALSE,TRUE,timeline_overlay,one,1,Sargassum Brown Tides,sargassum,Antonio-Martinez 2020 (Sci Rep); van Tussenbroek 2017 (Mar Pollut Bull),caribbean-wide,chronic_pressure,Sargassum Brown Tides,sargassum,37.5M tons,Leachate toxicity; larval spiral swimming; hypoxia (DO < 1mg/L),2,2,24,24.375,24.75
USGS_USVI_exp,US Virgin Islands,SFR,NA,BI1,NA,field,Restoration fragment,2020,1,2020,NA,sargassum,FALSE,FALSE,TRUE,FALSE,TRUE,timeline_overlay,one,1,Sargassum Brown Tides,sargassum,Antonio-Martinez 2020 (Sci Rep); van Tussenbroek 2017 (Mar Pollut Bull),caribbean-wide,chronic_pressure,Sargassum Brown Tides,sargassum,37.5M tons,Leachate toxicity; larval spiral swimming; hypoxia (DO < 1mg/L),2,2,23,23.5,24
USGS_USVI_exp,US Virgin Islands,SFR,NA,BI2,NA,field,Restoration fragment,2020,1,2020,NA,sargassum,FALSE,FALSE,TRUE,FALSE,TRUE,timeline_overlay,one,1,Sargassum Brown Tides,sargassum,Antonio-Martinez 2020 (Sci Rep); van Tussenbroek 2017 (Mar Pollut Bull),caribbean-wide,chronic_pressure,Sargassum Brown Tides,sargassum,37.5M tons,Leachate toxicity; larval spiral swimming; hypoxia (DO < 1mg/L),2,2,27.3125,27.40625,27.5
USGS_USVI_exp,US Virgin Islands,SFR,NA,BI3,NA,field,Restoration fragment,2020,1,2020,NA,sargassum,FALSE,FALSE,TRUE,FALSE,TRUE,timeline_overlay,one,1,Sargassum Brown Tides,sargassum,Antonio-Martinez 2020 (Sci Rep); van Tussenbroek 2017 (Mar Pollut Bull),caribbean-wide,chronic_pressure,Sargassum Brown Tides,sargassum,37.5M tons,Leachate toxicity; larval spiral swimming; hypoxia (DO < 1mg/L),2,2,19,23.3125,27.625
USGS_USVI_exp,US Virgin Islands,SFR,NA,BI4,NA,field,Restoration fragment,2020,1,2020,NA,sargassum,FALSE,FALSE,TRUE,FALSE,TRUE,timeline_overlay,one,1,Sargassum Brown Tides,sargassum,Antonio-Martinez 2020 (Sci Rep); van Tussenbroek 2017 (Mar Pollut Bull),caribbean-wide,chronic_pressure,Sargassum Brown Tides,sargassum,37.5M tons,Leachate toxicity; larval spiral swimming; hypoxia (DO < 1mg/L),2,2,13.5,15.75,18
USGS_USVI_exp,US Virgin Islands,SFR,NA,BI5,NA,field,Restoration fragment,2020,1,2020,NA,sargassum,FALSE,FALSE,TRUE,FALSE,TRUE,timeline_overlay,one,1,Sargassum Brown Tides,sargassum,Antonio-Martinez 2020 (Sci Rep); van Tussenbroek 2017 (Mar Pollut Bull),caribbean-wide,chronic_pressure,Sargassum Brown Tides,sargassum,37.5M tons,Leachate toxicity; larval spiral swimming; hypoxia (DO < 1mg/L),2,2,19,21.375,23.75
USGS_USVI_exp,US Virgin Islands,NER,NA,BI1,NA,field,Restoration fragment,2021,1.08333333333333,2022,NA,compound,TRUE,FALSE,TRUE,FALSE,TRUE,timeline_overlay,multiple,2,Diadema 2nd Die-off; Sargassum Brown Tides,disease; sargassum,Levitan et al. 2023 (PNAS); Antonio-Martinez 2020 (Sci Rep); van Tussenbroek 2017 (Mar Pollut Bull),regional; caribbean-wide,acute_event; chronic_pressure,Diadema 2nd Die-off,disease,>50%/week,Recurrence of 1983 die-off; loss of algal control,1,1,183.05,183.05,183.05
USGS_USVI_exp,US Virgin Islands,NER,NA,BI3,NA,field,Restoration fragment,2021,1.08333333333333,2022,NA,compound,TRUE,FALSE,TRUE,FALSE,TRUE,timeline_overlay,multiple,2,Diadema 2nd Die-off; Sargassum Brown Tides,disease; sargassum,Levitan et al. 2023 (PNAS); Antonio-Martinez 2020 (Sci Rep); van Tussenbroek 2017 (Mar Pollut Bull),regional; caribbean-wide,acute_event; chronic_pressure,Diadema 2nd Die-off,disease,>50%/week,Recurrence of 1983 die-off; loss of algal control,1,1,36.6,36.6,36.6
USGS_USVI_exp,US Virgin Islands,NER,NA,BI4,NA,field,Restoration fragment,2021,1.08333333333333,2022,NA,compound,TRUE,FALSE,TRUE,FALSE,TRUE,timeline_overlay,multiple,2,Diadema 2nd Die-off; Sargassum Brown Tides,disease; sargassum,Levitan et al. 2023 (PNAS); Antonio-Martinez 2020 (Sci Rep); van Tussenbroek 2017 (Mar Pollut Bull),regional; caribbean-wide,acute_event; chronic_pressure,Diadema 2nd Die-off,disease,>50%/week,Recurrence of 1983 die-off; loss of algal control,1,1,80.25,80.25,80.25
USGS_USVI_exp,US Virgin Islands,NER,NA,BI5,NA,field,Restoration fragment,2021,1.08333333333333,2022,NA,compound,TRUE,FALSE,TRUE,FALSE,TRUE,timeline_overlay,multiple,2,Diadema 2nd Die-off; Sargassum Brown Tides,disease; sargassum,Levitan et al. 2023 (PNAS); Antonio-Martinez 2020 (Sci Rep); van Tussenbroek 2017 (Mar Pollut Bull),regional; caribbean-wide,acute_event; chronic_pressure,Diadema 2nd Die-off,disease,>50%/week,Recurrence of 1983 die-off; loss of algal control,1,1,88.3,88.3,88.3
USGS_USVI_exp,US Virgin Islands,NWR,NA,BI1,NA,field,Restoration fragment,2021,1.08333333333333,2022,NA,compound,TRUE,FALSE,TRUE,FALSE,TRUE,timeline_overlay,multiple,2,Diadema 2nd Die-off; Sargassum Brown Tides,disease; sargassum,Levitan et al. 2023 (PNAS); Antonio-Martinez 2020 (Sci Rep); van Tussenbroek 2017 (Mar Pollut Bull),regional; caribbean-wide,acute_event; chronic_pressure,Diadema 2nd Die-off,disease,>50%/week,Recurrence of 1983 die-off; loss of algal control,2,2,116.1,140.2875,164.475
USGS_USVI_exp,US Virgin Islands,NWR,NA,BI4,NA,field,Restoration fragment,2021,1.08333333333333,2022,NA,compound,TRUE,FALSE,TRUE,FALSE,TRUE,timeline_overlay,multiple,2,Diadema 2nd Die-off; Sargassum Brown Tides,disease; sargassum,Levitan et al. 2023 (PNAS); Antonio-Martinez 2020 (Sci Rep); van Tussenbroek 2017 (Mar Pollut Bull),regional; caribbean-wide,acute_event; chronic_pressure,Diadema 2nd Die-off,disease,>50%/week,Recurrence of 1983 die-off; loss of algal control,1,1,90.1,90.1,90.1
USGS_USVI_exp,US Virgin Islands,NWR,NA,BI5,NA,field,Restoration fragment,2021,1.08333333333333,2022,NA,compound,TRUE,FALSE,TRUE,FALSE,TRUE,timeline_overlay,multiple,2,Diadema 2nd Die-off; Sargassum Brown Tides,disease; sargassum,Levitan et al. 2023 (PNAS); Antonio-Martinez 2020 (Sci Rep); van Tussenbroek 2017 (Mar Pollut Bull),regional; caribbean-wide,acute_event; chronic_pressure,Diadema 2nd Die-off,disease,>50%/week,Recurrence of 1983 die-off; loss of algal control,2,2,181.2,193.975,206.75
USGS_USVI_exp,US Virgin Islands,SFR,NA,BI1,NA,field,Restoration fragment,2021,1.08333333333333,2022,NA,compound,TRUE,FALSE,TRUE,FALSE,TRUE,timeline_overlay,multiple,2,Diadema 2nd Die-off; Sargassum Brown Tides,disease; sargassum,Levitan et al. 2023 (PNAS); Antonio-Martinez 2020 (Sci Rep); van Tussenbroek 2017 (Mar Pollut Bull),regional; caribbean-wide,acute_event; chronic_pressure,Diadema 2nd Die-off,disease,>50%/week,Recurrence of 1983 die-off; loss of algal control,2,2,148.9,154,159.1
USGS_USVI_exp,US Virgin Islands,SFR,NA,BI2,NA,field,Restoration fragment,2021,1.08333333333333,2022,NA,compound,TRUE,FALSE,TRUE,FALSE,TRUE,timeline_overlay,multiple,2,Diadema 2nd Die-off; Sargassum Brown Tides,disease; sargassum,Levitan et al. 2023 (PNAS); Antonio-Martinez 2020 (Sci Rep); van Tussenbroek 2017 (Mar Pollut Bull),regional; caribbean-wide,acute_event; chronic_pressure,Diadema 2nd Die-off,disease,>50%/week,Recurrence of 1983 die-off; loss of algal control,1,1,111.8125,111.8125,111.8125
USGS_USVI_exp,US Virgin Islands,SFR,NA,BI3,NA,field,Restoration fragment,2021,1.08333333333333,2022,NA,compound,TRUE,FALSE,TRUE,FALSE,TRUE,timeline_overlay,multiple,2,Diadema 2nd Die-off; Sargassum Brown Tides,disease; sargassum,Levitan et al. 2023 (PNAS); Antonio-Martinez 2020 (Sci Rep); van Tussenbroek 2017 (Mar Pollut Bull),regional; caribbean-wide,acute_event; chronic_pressure,Diadema 2nd Die-off,disease,>50%/week,Recurrence of 1983 die-off; loss of algal control,1,1,127.4,127.4,127.4
USGS_USVI_exp,US Virgin Islands,SFR,NA,BI4,NA,field,Restoration fragment,2021,1.08333333333333,2022,NA,compound,TRUE,FALSE,TRUE,FALSE,TRUE,timeline_overlay,multiple,2,Diadema 2nd Die-off; Sargassum Brown Tides,disease; sargassum,Levitan et al. 2023 (PNAS); Antonio-Martinez 2020 (Sci Rep); van Tussenbroek 2017 (Mar Pollut Bull),regional; caribbean-wide,acute_event; chronic_pressure,Diadema 2nd Die-off,disease,>50%/week,Recurrence of 1983 die-off; loss of algal control,2,2,86.7,96.25,105.8
USGS_USVI_exp,US Virgin Islands,SFR,NA,BI5,NA,field,Restoration fragment,2021,1.08333333333333,2022,NA,compound,TRUE,FALSE,TRUE,FALSE,TRUE,timeline_overlay,multiple,2,Diadema 2nd Die-off; Sargassum Brown Tides,disease; sargassum,Levitan et al. 2023 (PNAS); Antonio-Martinez 2020 (Sci Rep); van Tussenbroek 2017 (Mar Pollut Bull),regional; caribbean-wide,acute_event; chronic_pressure,Diadema 2nd Die-off,disease,>50%/week,Recurrence of 1983 die-off; loss of algal control,1,1,188.45,188.45,188.45
fundemar_fragments,Dominican Republic,Sombrero Reef,NA,NA,NA,NA,Restoration fragment,2021,1.02191780821918,2022,NA,compound,TRUE,FALSE,TRUE,FALSE,TRUE,timeline_overlay,multiple,2,Diadema 2nd Die-off; Sargassum Brown Tides,disease; sargassum,Levitan et al. 2023 (PNAS); Antonio-Martinez 2020 (Sci Rep); van Tussenbroek 2017 (Mar Pollut Bull),regional; caribbean-wide,acute_event; chronic_pressure,Diadema 2nd Die-off,disease,>50%/week,Recurrence of 1983 die-off; loss of algal control,44,44,6.024,18.7635,37.93
kuffner_et_al_2020,Dry Tortugas,PLS,NA,CF4,NA,field,Restoration fragment,2019,1,2019,NA,compound,FALSE,FALSE,TRUE,FALSE,TRUE,timeline_overlay,multiple,2,Sargassum Brown Tides; Coastal Eutrophication,sargassum; pollution,Antonio-Martinez 2020 (Sci Rep); van Tussenbroek 2017 (Mar Pollut Bull); Banister et al. 2024 (PLoS ONE),caribbean-wide; local,chronic_pressure,Sargassum Brown Tides,sargassum,37.5M tons,Leachate toxicity; larval spiral swimming; hypoxia (DO < 1mg/L),2,2,27,27.5,28
kuffner_et_al_2020,Dry Tortugas,PLS,NA,CN2,NA,field,Restoration fragment,2019,1,2019,NA,compound,FALSE,FALSE,TRUE,FALSE,TRUE,timeline_overlay,multiple,2,Sargassum Brown Tides; Coastal Eutrophication,sargassum; pollution,Antonio-Martinez 2020 (Sci Rep); van Tussenbroek 2017 (Mar Pollut Bull); Banister et al. 2024 (PLoS ONE),caribbean-wide; local,chronic_pressure,Sargassum Brown Tides,sargassum,37.5M tons,Leachate toxicity; larval spiral swimming; hypoxia (DO < 1mg/L),2,2,10,15,20
kuffner_et_al_2020,Dry Tortugas,PLS,NA,DT1,NA,field,Restoration fragment,2019,1,2019,NA,compound,FALSE,FALSE,TRUE,FALSE,TRUE,timeline_overlay,multiple,2,Sargassum Brown Tides; Coastal Eutrophication,sargassum; pollution,Antonio-Martinez 2020 (Sci Rep); van Tussenbroek 2017 (Mar Pollut Bull); Banister et al. 2024 (PLoS ONE),caribbean-wide; local,chronic_pressure,Sargassum Brown Tides,sargassum,37.5M tons,Leachate toxicity; larval spiral swimming; hypoxia (DO < 1mg/L),2,2,8,10.25,12.5
kuffner_et_al_2020,Dry Tortugas,PLS,NA,HS1,NA,field,Restoration fragment,2019,1,2019,NA,compound,FALSE,FALSE,TRUE,FALSE,TRUE,timeline_overlay,multiple,2,Sargassum Brown Tides; Coastal Eutrophication,sargassum; pollution,Antonio-Martinez 2020 (Sci Rep); van Tussenbroek 2017 (Mar Pollut Bull); Banister et al. 2024 (PLoS ONE),caribbean-wide; local,chronic_pressure,Sargassum Brown Tides,sargassum,37.5M tons,Leachate toxicity; larval spiral swimming; hypoxia (DO < 1mg/L),2,2,16.5,20.75,25
kuffner_et_al_2020,Dry Tortugas,PLS,NA,ML2,NA,field,Restoration fragment,2019,1,2019,NA,compound,FALSE,FALSE,TRUE,FALSE,TRUE,timeline_overlay,multiple,2,Sargassum Brown Tides; Coastal Eutrophication,sargassum; pollution,Antonio-Martinez 2020 (Sci Rep); van Tussenbroek 2017 (Mar Pollut Bull); Banister et al. 2024 (PLoS ONE),caribbean-wide; local,chronic_pressure,Sargassum Brown Tides,sargassum,37.5M tons,Leachate toxicity; larval spiral swimming; hypoxia (DO < 1mg/L),2,2,12,17.25,22.5
kuffner_et_al_2020,Dry Tortugas,PLS,NA,SN1,NA,field,Restoration fragment,2019,1,2019,NA,compound,FALSE,FALSE,TRUE,FALSE,TRUE,timeline_overlay,multiple,2,Sargassum Brown Tides; Coastal Eutrophication,sargassum; pollution,Antonio-Martinez 2020 (Sci Rep); van Tussenbroek 2017 (Mar Pollut Bull); Banister et al. 2024 (PLoS ONE),caribbean-wide; local,chronic_pressure,Sargassum Brown Tides,sargassum,37.5M tons,Leachate toxicity; larval spiral swimming; hypoxia (DO < 1mg/L),2,2,19,24.5,30
kuffner_et_al_2020,Dry Tortugas,PLW,NA,CF4,NA,field,Restoration fragment,2019,1,2019,NA,compound,FALSE,FALSE,TRUE,FALSE,TRUE,timeline_overlay,multiple,2,Sargassum Brown Tides; Coastal Eutrophication,sargassum; pollution,Antonio-Martinez 2020 (Sci Rep); van Tussenbroek 2017 (Mar Pollut Bull); Banister et al. 2024 (PLoS ONE),caribbean-wide; local,chronic_pressure,Sargassum Brown Tides,sargassum,37.5M tons,Leachate toxicity; larval spiral swimming; hypoxia (DO < 1mg/L),2,2,19.25,23.625,28
kuffner_et_al_2020,Dry Tortugas,PLW,NA,CN2,NA,field,Restoration fragment,2019,1,2019,NA,compound,FALSE,FALSE,TRUE,FALSE,TRUE,timeline_overlay,multiple,2,Sargassum Brown Tides; Coastal Eutrophication,sargassum; pollution,Antonio-Martinez 2020 (Sci Rep); van Tussenbroek 2017 (Mar Pollut Bull); Banister et al. 2024 (PLoS ONE),caribbean-wide; local,chronic_pressure,Sargassum Brown Tides,sargassum,37.5M tons,Leachate toxicity; larval spiral swimming; hypoxia (DO < 1mg/L),2,2,15,21.25,27.5
kuffner_et_al_2020,Dry Tortugas,PLW,NA,DT1,NA,field,Restoration fragment,2019,1,2019,NA,compound,FALSE,FALSE,TRUE,FALSE,TRUE,timeline_overlay,multiple,2,Sargassum Brown Tides; Coastal Eutrophication,sargassum; pollution,Antonio-Martinez 2020 (Sci Rep); van Tussenbroek 2017 (Mar Pollut Bull); Banister et al. 2024 (PLoS ONE),caribbean-wide; local,chronic_pressure,Sargassum Brown Tides,sargassum,37.5M tons,Leachate toxicity; larval spiral swimming; hypoxia (DO < 1mg/L),2,2,12,25.25,38.5
kuffner_et_al_2020,Dry Tortugas,PLW,NA,HS1,NA,field,Restoration fragment,2019,1,2019,NA,compound,FALSE,FALSE,TRUE,FALSE,TRUE,timeline_overlay,multiple,2,Sargassum Brown Tides; Coastal Eutrophication,sargassum; pollution,Antonio-Martinez 2020 (Sci Rep); van Tussenbroek 2017 (Mar Pollut Bull); Banister et al. 2024 (PLoS ONE),caribbean-wide; local,chronic_pressure,Sargassum Brown Tides,sargassum,37.5M tons,Leachate toxicity; larval spiral swimming; hypoxia (DO < 1mg/L),2,2,18,19.125,20.25
kuffner_et_al_2020,Dry Tortugas,PLW,NA,ML2,NA,field,Restoration fragment,2019,1,2019,NA,compound,FALSE,FALSE,TRUE,FALSE,TRUE,timeline_overlay,multiple,2,Sargassum Brown Tides; Coastal Eutrophication,sargassum; pollution,Antonio-Martinez 2020 (Sci Rep); van Tussenbroek 2017 (Mar Pollut Bull); Banister et al. 2024 (PLoS ONE),caribbean-wide; local,chronic_pressure,Sargassum Brown Tides,sargassum,37.5M tons,Leachate toxicity; larval spiral swimming; hypoxia (DO < 1mg/L),2,2,9,13.5,18
kuffner_et_al_2020,Dry Tortugas,PLW,NA,SN1,NA,field,Restoration fragment,2019,1,2019,NA,compound,FALSE,FALSE,TRUE,FALSE,TRUE,timeline_overlay,multiple,2,Sargassum Brown Tides; Coastal Eutrophication,sargassum; pollution,Antonio-Martinez 2020 (Sci Rep); van Tussenbroek 2017 (Mar Pollut Bull); Banister et al. 2024 (PLoS ONE),caribbean-wide; local,chronic_pressure,Sargassum Brown Tides,sargassum,37.5M tons,Leachate toxicity; larval spiral swimming; hypoxia (DO < 1mg/L),2,2,22,26,30
kuffner_et_al_2020,Florida Keys,CRK,NA,CF4,NA,field,Restoration fragment,2019,1,2019,NA,compound,FALSE,FALSE,TRUE,FALSE,TRUE,timeline_overlay,multiple,2,Sargassum Brown Tides; Coastal Eutrophication,sargassum; pollution,Antonio-Martinez 2020 (Sci Rep); van Tussenbroek 2017 (Mar Pollut Bull); Banister et al. 2024 (PLoS ONE),caribbean-wide; local,chronic_pressure,Sargassum Brown Tides,sargassum,37.5M tons,Leachate toxicity; larval spiral swimming; hypoxia (DO < 1mg/L),2,2,13.5,13.5,13.5
kuffner_et_al_2020,Florida Keys,CRK,NA,CN2,NA,field,Restoration fragment,2019,1,2019,NA,compound,FALSE,FALSE,TRUE,FALSE,TRUE,timeline_overlay,multiple,2,Sargassum Brown Tides; Coastal Eutrophication,sargassum; pollution,Antonio-Martinez 2020 (Sci Rep); van Tussenbroek 2017 (Mar Pollut Bull); Banister et al. 2024 (PLoS ONE),caribbean-wide; local,chronic_pressure,Sargassum Brown Tides,sargassum,37.5M tons,Leachate toxicity; larval spiral swimming; hypoxia (DO < 1mg/L),2,2,14,16,18
kuffner_et_al_2020,Florida Keys,CRK,NA,HS1,NA,field,Restoration fragment,2019,1,2019,NA,compound,FALSE,FALSE,TRUE,FALSE,TRUE,timeline_overlay,multiple,2,Sargassum Brown Tides; Coastal Eutrophication,sargassum; pollution,Antonio-Martinez 2020 (Sci Rep); van Tussenbroek 2017 (Mar Pollut Bull); Banister et al. 2024 (PLoS ONE),caribbean-wide; local,chronic_pressure,Sargassum Brown Tides,sargassum,37.5M tons,Leachate toxicity; larval spiral swimming; hypoxia (DO < 1mg/L),2,2,15,16.5,18
kuffner_et_al_2020,Florida Keys,CRK,NA,ML2,NA,field,Restoration fragment,2019,1,2019,NA,compound,FALSE,FALSE,TRUE,FALSE,TRUE,timeline_overlay,multiple,2,Sargassum Brown Tides; Coastal Eutrophication,sargassum; pollution,Antonio-Martinez 2020 (Sci Rep); van Tussenbroek 2017 (Mar Pollut Bull); Banister et al. 2024 (PLoS ONE),caribbean-wide; local,chronic_pressure,Sargassum Brown Tides,sargassum,37.5M tons,Leachate toxicity; larval spiral swimming; hypoxia (DO < 1mg/L),2,2,12,16,20
kuffner_et_al_2020,Florida Keys,CRK,NA,SN1,NA,field,Restoration fragment,2019,1,2019,NA,compound,FALSE,FALSE,TRUE,FALSE,TRUE,timeline_overlay,multiple,2,Sargassum Brown Tides; Coastal Eutrophication,sargassum; pollution,Antonio-Martinez 2020 (Sci Rep); van Tussenbroek 2017 (Mar Pollut Bull); Banister et al. 2024 (PLoS ONE),caribbean-wide; local,chronic_pressure,Sargassum Brown Tides,sargassum,37.5M tons,Leachate toxicity; larval spiral swimming; hypoxia (DO < 1mg/L),2,2,15,15,15
kuffner_et_al_2020,Florida Keys,FWY,NA,CF4,NA,field,Restoration fragment,2019,1,2019,NA,compound,FALSE,FALSE,TRUE,FALSE,TRUE,timeline_overlay,multiple,2,Sargassum Brown Tides; Coastal Eutrophication,sargassum; pollution,Antonio-Martinez 2020 (Sci Rep); van Tussenbroek 2017 (Mar Pollut Bull); Banister et al. 2024 (PLoS ONE),caribbean-wide; local,chronic_pressure,Sargassum Brown Tides,sargassum,37.5M tons,Leachate toxicity; larval spiral swimming; hypoxia (DO < 1mg/L),2,2,18,19,20
kuffner_et_al_2020,Florida Keys,FWY,NA,CN2,NA,field,Restoration fragment,2019,1,2019,NA,compound,FALSE,FALSE,TRUE,FALSE,TRUE,timeline_overlay,multiple,2,Sargassum Brown Tides; Coastal Eutrophication,sargassum; pollution,Antonio-Martinez 2020 (Sci Rep); van Tussenbroek 2017 (Mar Pollut Bull); Banister et al. 2024 (PLoS ONE),caribbean-wide; local,chronic_pressure,Sargassum Brown Tides,sargassum,37.5M tons,Leachate toxicity; larval spiral swimming; hypoxia (DO < 1mg/L),2,2,11.25,11.625,12
kuffner_et_al_2020,Florida Keys,FWY,NA,HS1,NA,field,Restoration fragment,2019,1,2019,NA,compound,FALSE,FALSE,TRUE,FALSE,TRUE,timeline_overlay,multiple,2,Sargassum Brown Tides; Coastal Eutrophication,sargassum; pollution,Antonio-Martinez 2020 (Sci Rep); van Tussenbroek 2017 (Mar Pollut Bull); Banister et al. 2024 (PLoS ONE),caribbean-wide; local,chronic_pressure,Sargassum Brown Tides,sargassum,37.5M tons,Leachate toxicity; larval spiral swimming; hypoxia (DO < 1mg/L),2,2,13.5,15.75,18
kuffner_et_al_2020,Florida Keys,FWY,NA,ML2,NA,field,Restoration fragment,2019,1,2019,NA,compound,FALSE,FALSE,TRUE,FALSE,TRUE,timeline_overlay,multiple,2,Sargassum Brown Tides; Coastal Eutrophication,sargassum; pollution,Antonio-Martinez 2020 (Sci Rep); van Tussenbroek 2017 (Mar Pollut Bull); Banister et al. 2024 (PLoS ONE),caribbean-wide; local,chronic_pressure,Sargassum Brown Tides,sargassum,37.5M tons,Leachate toxicity; larval spiral swimming; hypoxia (DO < 1mg/L),2,2,9,12,15
kuffner_et_al_2020,Florida Keys,FWY,NA,SN1,NA,field,Restoration fragment,2019,1,2019,NA,compound,FALSE,FALSE,TRUE,FALSE,TRUE,timeline_overlay,multiple,2,Sargassum Brown Tides; Coastal Eutrophication,sargassum; pollution,Antonio-Martinez 2020 (Sci Rep); van Tussenbroek 2017 (Mar Pollut Bull); Banister et al. 2024 (PLoS ONE),caribbean-wide; local,chronic_pressure,Sargassum Brown Tides,sargassum,37.5M tons,Leachate toxicity; larval spiral swimming; hypoxia (DO < 1mg/L),1,1,22.5,22.5,22.5
kuffner_et_al_2020,Florida Keys,SMK,NA,CF4,NA,field,Restoration fragment,2019,1,2019,NA,compound,FALSE,FALSE,TRUE,FALSE,TRUE,timeline_overlay,multiple,2,Sargassum Brown Tides; Coastal Eutrophication,sargassum; pollution,Antonio-Martinez 2020 (Sci Rep); van Tussenbroek 2017 (Mar Pollut Bull); Banister et al. 2024 (PLoS ONE),caribbean-wide; local,chronic_pressure,Sargassum Brown Tides,sargassum,37.5M tons,Leachate toxicity; larval spiral swimming; hypoxia (DO < 1mg/L),2,2,15.75,16.625,17.5
kuffner_et_al_2020,Florida Keys,SMK,NA,CN2,NA,field,Restoration fragment,2019,1,2019,NA,compound,FALSE,FALSE,TRUE,FALSE,TRUE,timeline_overlay,multiple,2,Sargassum Brown Tides; Coastal Eutrophication,sargassum; pollution,Antonio-Martinez 2020 (Sci Rep); van Tussenbroek 2017 (Mar Pollut Bull); Banister et al. 2024 (PLoS ONE),caribbean-wide; local,chronic_pressure,Sargassum Brown Tides,sargassum,37.5M tons,Leachate toxicity; larval spiral swimming; hypoxia (DO < 1mg/L),2,2,11.375,13.6875,16
kuffner_et_al_2020,Florida Keys,SMK,NA,HS1,NA,field,Restoration fragment,2019,1,2019,NA,compound,FALSE,FALSE,TRUE,FALSE,TRUE,timeline_overlay,multiple,2,Sargassum Brown Tides; Coastal Eutrophication,sargassum; pollution,Antonio-Martinez 2020 (Sci Rep); van Tussenbroek 2017 (Mar Pollut Bull); Banister et al. 2024 (PLoS ONE),caribbean-wide; local,chronic_pressure,Sargassum Brown Tides,sargassum,37.5M tons,Leachate toxicity; larval spiral swimming; hypoxia (DO < 1mg/L),2,2,12,18,24
kuffner_et_al_2020,Florida Keys,SMK,NA,ML2,NA,field,Restoration fragment,2019,1,2019,NA,compound,FALSE,FALSE,TRUE,FALSE,TRUE,timeline_overlay,multiple,2,Sargassum Brown Tides; Coastal Eutrophication,sargassum; pollution,Antonio-Martinez 2020 (Sci Rep); van Tussenbroek 2017 (Mar Pollut Bull); Banister et al. 2024 (PLoS ONE),caribbean-wide; local,chronic_pressure,Sargassum Brown Tides,sargassum,37.5M tons,Leachate toxicity; larval spiral swimming; hypoxia (DO < 1mg/L),2,2,10.125,11.0625,12
kuffner_et_al_2020,Florida Keys,SMK,NA,SN1,NA,field,Restoration fragment,2019,1,2019,NA,compound,FALSE,FALSE,TRUE,FALSE,TRUE,timeline_overlay,multiple,2,Sargassum Brown Tides; Coastal Eutrophication,sargassum; pollution,Antonio-Martinez 2020 (Sci Rep); van Tussenbroek 2017 (Mar Pollut Bull); Banister et al. 2024 (PLoS ONE),caribbean-wide; local,chronic_pressure,Sargassum Brown Tides,sargassum,37.5M tons,Leachate toxicity; larval spiral swimming; hypoxia (DO < 1mg/L),2,2,11.875,15.9375,20
mendoza_quiroz_et_al_2023,Mexican Caribbean,Cuevones Reef,NA,2011,UNAM,field,Natural colony,2016,1,2016,NA,compound,FALSE,FALSE,TRUE,FALSE,TRUE,timeline_overlay,multiple,2,Sargassum Brown Tides; 3rd Global Bleaching,sargassum; bleaching,Antonio-Martinez 2020 (Sci Rep); van Tussenbroek 2017 (Mar Pollut Bull); Hughes et al. 2017 (Nature); Eakin et al. 2019 (Coral Reefs),caribbean-wide,chronic_pressure; chronic_regime,Sargassum Brown Tides,sargassum,37.5M tons,Leachate toxicity; larval spiral swimming; hypoxia (DO < 1mg/L),4,4,150.497183658347,156.923392502319,258.212684281104
mendoza_quiroz_et_al_2023,Mexican Caribbean,Cuevones Reef,NA,2011,Xcaret,field,Natural colony,2016,1,2016,NA,compound,FALSE,FALSE,TRUE,FALSE,TRUE,timeline_overlay,multiple,2,Sargassum Brown Tides; 3rd Global Bleaching,sargassum; bleaching,Antonio-Martinez 2020 (Sci Rep); van Tussenbroek 2017 (Mar Pollut Bull); Hughes et al. 2017 (Nature); Eakin et al. 2019 (Coral Reefs),caribbean-wide,chronic_pressure; chronic_regime,Sargassum Brown Tides,sargassum,37.5M tons,Leachate toxicity; larval spiral swimming; hypoxia (DO < 1mg/L),5,5,27.772268418603,103.923962768242,203.198067104667
mendoza_quiroz_et_al_2023,Mexican Caribbean,Cuevones Reef,NA,2012,UNAM,field,Natural colony,2016,1,2016,NA,compound,FALSE,FALSE,TRUE,FALSE,TRUE,timeline_overlay,multiple,2,Sargassum Brown Tides; 3rd Global Bleaching,sargassum; bleaching,Antonio-Martinez 2020 (Sci Rep); van Tussenbroek 2017 (Mar Pollut Bull); Hughes et al. 2017 (Nature); Eakin et al. 2019 (Coral Reefs),caribbean-wide,chronic_pressure; chronic_regime,Sargassum Brown Tides,sargassum,37.5M tons,Leachate toxicity; larval spiral swimming; hypoxia (DO < 1mg/L),6,6,13.1658912900875,20.57357105506025,43.1100839521233
mendoza_quiroz_et_al_2023,Mexican Caribbean,Cuevones Reef,NA,2012,Xcaret,field,Natural colony,2016,1,2016,NA,compound,FALSE,FALSE,TRUE,FALSE,TRUE,timeline_overlay,multiple,2,Sargassum Brown Tides; 3rd Global Bleaching,sargassum; bleaching,Antonio-Martinez 2020 (Sci Rep); van Tussenbroek 2017 (Mar Pollut Bull); Hughes et al. 2017 (Nature); Eakin et al. 2019 (Coral Reefs),caribbean-wide,chronic_pressure; chronic_regime,Sargassum Brown Tides,sargassum,37.5M tons,Leachate toxicity; larval spiral swimming; hypoxia (DO < 1mg/L),4,4,3.94827465558747,9.7027543521053,13.1658912900875
mendoza_quiroz_et_al_2023,Mexican Caribbean,Puerto Morelos Nursery,NA,NA,NA,NA,Natural colony,2016,1.08219178082192,2017,NA,compound,FALSE,FALSE,TRUE,FALSE,TRUE,timeline_overlay,multiple,2,Sargassum Brown Tides; 3rd Global Bleaching,sargassum; bleaching,Antonio-Martinez 2020 (Sci Rep); van Tussenbroek 2017 (Mar Pollut Bull); Hughes et al. 2017 (Nature); Eakin et al. 2019 (Coral Reefs),caribbean-wide,chronic_pressure; chronic_regime,Sargassum Brown Tides,sargassum,37.5M tons,Leachate toxicity; larval spiral swimming; hypoxia (DO < 1mg/L),17,17,2.98546287757087,10.7775209880308,17.1962661748082
mendoza_quiroz_et_al_2023,Mexican Caribbean,Picudas Reef,NA,2011,NA,field,Natural colony,2021,1,2021,NA,compound,FALSE,FALSE,TRUE,FALSE,TRUE,timeline_overlay,multiple,2,Sargassum Brown Tides; SCTLD Outbreak (Framework),sargassum; disease,Antonio-Martinez 2020 (Sci Rep); van Tussenbroek 2017 (Mar Pollut Bull); Alvarez-Filip et al. 2022 (Comm Biol),caribbean-wide; regional,chronic_pressure; indirect_framework,Sargassum Brown Tides,sargassum,37.5M tons,Leachate toxicity; larval spiral swimming; hypoxia (DO < 1mg/L),2,2,168,374,580
mendoza_quiroz_et_al_2023,Mexican Caribbean,Picudas Reef,NA,2012,NA,field,Natural colony,2021,1,2021,NA,compound,FALSE,FALSE,TRUE,FALSE,TRUE,timeline_overlay,multiple,2,Sargassum Brown Tides; SCTLD Outbreak (Framework),sargassum; disease,Antonio-Martinez 2020 (Sci Rep); van Tussenbroek 2017 (Mar Pollut Bull); Alvarez-Filip et al. 2022 (Comm Biol),caribbean-wide; regional,chronic_pressure; indirect_framework,Sargassum Brown Tides,sargassum,37.5M tons,Leachate toxicity; larval spiral swimming; hypoxia (DO < 1mg/L),14,14,48.75,414.75,1672
neely_et_al_2022,Florida Keys,Marker 3 Reef,MR1,NA,NA,field,Natural colony,2010,1.4154688569472964,2011,NA,compound,TRUE,FALSE,TRUE,FALSE,TRUE,timeline_overlay,multiple,4,2010 Cold-Water Event; Sargassum Brown Tides; Coastal Eutrophication; Snail Predation Trap,cold_snap; sargassum; pollution; predator,Lirman et al. 2011 (PLoS ONE); Colella et al. 2012 (Coral Reefs); Antonio-Martinez 2020 (Sci Rep); van Tussenbroek 2017 (Mar Pollut Bull); Banister et al. 2024 (PLoS ONE); Williams & Miller 2012 (Coral Reefs); Miller 2001 (Coral Reefs),local; caribbean-wide,acute_event; chronic_pressure; biotic_pressure,2010 Cold-Water Event,cold_snap,9.5 C,Unprecedented mass mortality of wild and outplants,1,1,21.777777777777786,21.777777777777786,21.777777777777786
neely_et_al_2022,Florida Keys,Marker 3 Reef,MR1,NA,NA,field,Natural colony,2010,1.4948665297741273,2011,NA,compound,TRUE,FALSE,TRUE,FALSE,TRUE,timeline_overlay,multiple,4,2010 Cold-Water Event; Sargassum Brown Tides; Coastal Eutrophication; Snail Predation Trap,cold_snap; sargassum; pollution; predator,Lirman et al. 2011 (PLoS ONE); Colella et al. 2012 (Coral Reefs); Antonio-Martinez 2020 (Sci Rep); van Tussenbroek 2017 (Mar Pollut Bull); Banister et al. 2024 (PLoS ONE); Williams & Miller 2012 (Coral Reefs); Miller 2001 (Coral Reefs),local; caribbean-wide,acute_event; chronic_pressure; biotic_pressure,2010 Cold-Water Event,cold_snap,9.5 C,Unprecedented mass mortality of wild and outplants,38,38,29.863333333333337,915.9622222222224,15044.76
neely_et_al_2022,Florida Keys,Rock Key,RK1,NA,NA,field,Natural colony,2010,1.5222450376454484,2011,NA,compound,TRUE,FALSE,TRUE,FALSE,TRUE,timeline_overlay,multiple,4,2010 Cold-Water Event; Sargassum Brown Tides; Coastal Eutrophication; Snail Predation Trap,cold_snap; sargassum; pollution; predator,Lirman et al. 2011 (PLoS ONE); Colella et al. 2012 (Coral Reefs); Antonio-Martinez 2020 (Sci Rep); van Tussenbroek 2017 (Mar Pollut Bull); Banister et al. 2024 (PLoS ONE); Williams & Miller 2012 (Coral Reefs); Miller 2001 (Coral Reefs),local; caribbean-wide,acute_event; chronic_pressure; biotic_pressure,2010 Cold-Water Event,cold_snap,9.5 C,Unprecedented mass mortality of wild and outplants,10,10,135.52,1151.2622222222221,11373.22666666667
neely_et_al_2022,Florida Keys,Sand Key,SK1,NA,NA,field,Natural colony,2010,1.5195071868583163,2011,NA,compound,TRUE,FALSE,TRUE,FALSE,TRUE,timeline_overlay,multiple,4,2010 Cold-Water Event; Sargassum Brown Tides; Coastal Eutrophication; Snail Predation Trap,cold_snap; sargassum; pollution; predator,Lirman et al. 2011 (PLoS ONE); Colella et al. 2012 (Coral Reefs); Antonio-Martinez 2020 (Sci Rep); van Tussenbroek 2017 (Mar Pollut Bull); Banister et al. 2024 (PLoS ONE); Williams & Miller 2012 (Coral Reefs); Miller 2001 (Coral Reefs),local; caribbean-wide,acute_event; chronic_pressure; biotic_pressure,2010 Cold-Water Event,cold_snap,9.5 C,Unprecedented mass mortality of wild and outplants,22,22,7.83,253.305,3372.9422222222224
neely_et_al_2022,Florida Keys,Sand Key,SK2,NA,NA,field,Natural colony,2010,1.377138945927447,2011,NA,compound,TRUE,FALSE,TRUE,FALSE,TRUE,timeline_overlay,multiple,4,2010 Cold-Water Event; Sargassum Brown Tides; Coastal Eutrophication; Snail Predation Trap,cold_snap; sargassum; pollution; predator,Lirman et al. 2011 (PLoS ONE); Colella et al. 2012 (Coral Reefs); Antonio-Martinez 2020 (Sci Rep); van Tussenbroek 2017 (Mar Pollut Bull); Banister et al. 2024 (PLoS ONE); Williams & Miller 2012 (Coral Reefs); Miller 2001 (Coral Reefs),local; caribbean-wide,acute_event; chronic_pressure; biotic_pressure,2010 Cold-Water Event,cold_snap,9.5 C,Unprecedented mass mortality of wild and outplants,33,33,27.275555555555556,1064.7777777777778,12017.77777777778
neely_et_al_2022,Florida Keys,Sombrero Reef,SR1,NA,NA,field,Natural colony,2010,1.1553730321697468,2011,NA,compound,TRUE,FALSE,TRUE,FALSE,TRUE,timeline_overlay,multiple,4,2010 Cold-Water Event; Sargassum Brown Tides; Coastal Eutrophication; Snail Predation Trap,cold_snap; sargassum; pollution; predator,Lirman et al. 2011 (PLoS ONE); Colella et al. 2012 (Coral Reefs); Antonio-Martinez 2020 (Sci Rep); van Tussenbroek 2017 (Mar Pollut Bull); Banister et al. 2024 (PLoS ONE); Williams & Miller 2012 (Coral Reefs); Miller 2001 (Coral Reefs),local; caribbean-wide,acute_event; chronic_pressure; biotic_pressure,2010 Cold-Water Event,cold_snap,9.5 C,Unprecedented mass mortality of wild and outplants,11,11,7.111111111111111,5302.3677777777775,20064.550000000003
neely_et_al_2022,Florida Keys,Sombrero Reef,SR2,NA,NA,field,Natural colony,2010,1.1553730321697468,2011,NA,compound,TRUE,FALSE,TRUE,FALSE,TRUE,timeline_overlay,multiple,4,2010 Cold-Water Event; Sargassum Brown Tides; Coastal Eutrophication; Snail Predation Trap,cold_snap; sargassum; pollution; predator,Lirman et al. 2011 (PLoS ONE); Colella et al. 2012 (Coral Reefs); Antonio-Martinez 2020 (Sci Rep); van Tussenbroek 2017 (Mar Pollut Bull); Banister et al. 2024 (PLoS ONE); Williams & Miller 2012 (Coral Reefs); Miller 2001 (Coral Reefs),local; caribbean-wide,acute_event; chronic_pressure; biotic_pressure,2010 Cold-Water Event,cold_snap,9.5 C,Unprecedented mass mortality of wild and outplants,6,6,72.6088888888889,728.2772222222222,8165.527777777778
neely_et_al_2022,Florida Keys,West Sambo Key,WS1,NA,NA,field,Natural colony,2010,1.5824777549623543,2011,NA,compound,TRUE,FALSE,TRUE,FALSE,TRUE,timeline_overlay,multiple,4,2010 Cold-Water Event; Sargassum Brown Tides; Coastal Eutrophication; Snail Predation Trap,cold_snap; sargassum; pollution; predator,Lirman et al. 2011 (PLoS ONE); Colella et al. 2012 (Coral Reefs); Antonio-Martinez 2020 (Sci Rep); van Tussenbroek 2017 (Mar Pollut Bull); Banister et al. 2024 (PLoS ONE); Williams & Miller 2012 (Coral Reefs); Miller 2001 (Coral Reefs),local; caribbean-wide,acute_event; chronic_pressure; biotic_pressure,2010 Cold-Water Event,cold_snap,9.5 C,Unprecedented mass mortality of wild and outplants,20,20,11.000000000000002,122.76666666666665,3902.0088888888886
neely_et_al_2022,Florida Keys,West Sambo Key,WS2,NA,NA,field,Natural colony,2010,1.5824777549623543,2011,NA,compound,TRUE,FALSE,TRUE,FALSE,TRUE,timeline_overlay,multiple,4,2010 Cold-Water Event; Sargassum Brown Tides; Coastal Eutrophication; Snail Predation Trap,cold_snap; sargassum; pollution; predator,Lirman et al. 2011 (PLoS ONE); Colella et al. 2012 (Coral Reefs); Antonio-Martinez 2020 (Sci Rep); van Tussenbroek 2017 (Mar Pollut Bull); Banister et al. 2024 (PLoS ONE); Williams & Miller 2012 (Coral Reefs); Miller 2001 (Coral Reefs),local; caribbean-wide,acute_event; chronic_pressure; biotic_pressure,2010 Cold-Water Event,cold_snap,9.5 C,Unprecedented mass mortality of wild and outplants,8,8,80.22222222222221,381.09333333333336,8401.862222222222
neely_et_al_2022,Florida Keys,West Sambo Key,WS3,NA,NA,field,Natural colony,2010,1.514031485284052,2011,NA,compound,TRUE,FALSE,TRUE,FALSE,TRUE,timeline_overlay,multiple,4,2010 Cold-Water Event; Sargassum Brown Tides; Coastal Eutrophication; Snail Predation Trap,cold_snap; sargassum; pollution; predator,Lirman et al. 2011 (PLoS ONE); Colella et al. 2012 (Coral Reefs); Antonio-Martinez 2020 (Sci Rep); van Tussenbroek 2017 (Mar Pollut Bull); Banister et al. 2024 (PLoS ONE); Williams & Miller 2012 (Coral Reefs); Miller 2001 (Coral Reefs),local; caribbean-wide,acute_event; chronic_pressure; biotic_pressure,2010 Cold-Water Event,cold_snap,9.5 C,Unprecedented mass mortality of wild and outplants,26,26,8.1,924.3299999999999,61548.52777777777
neely_et_al_2022,Florida Keys,Ball Buoy Reef,BB2,NA,NA,field,Natural colony,2011,0.917180013689254,2011,NA,compound,FALSE,FALSE,TRUE,FALSE,TRUE,timeline_overlay,multiple,2,Sargassum Brown Tides; Coastal Eutrophication,sargassum; pollution,Antonio-Martinez 2020 (Sci Rep); van Tussenbroek 2017 (Mar Pollut Bull); Banister et al. 2024 (PLoS ONE),caribbean-wide; local,chronic_pressure,Sargassum Brown Tides,sargassum,37.5M tons,Leachate toxicity; larval spiral swimming; hypoxia (DO < 1mg/L),15,15,93.44444444444444,858.8166666666667,19993.824444444443
neely_et_al_2022,Florida Keys,Palmata Patch,DT1,NA,NA,field,Natural colony,2011,0.9774127310061602,2011,NA,compound,FALSE,FALSE,TRUE,FALSE,TRUE,timeline_overlay,multiple,2,Sargassum Brown Tides; Coastal Eutrophication,sargassum; pollution,Antonio-Martinez 2020 (Sci Rep); van Tussenbroek 2017 (Mar Pollut Bull); Banister et al. 2024 (PLoS ONE),caribbean-wide; local,chronic_pressure,Sargassum Brown Tides,sargassum,37.5M tons,Leachate toxicity; larval spiral swimming; hypoxia (DO < 1mg/L),52,52,11.2,779.5822222222222,6633.565555555555
neely_et_al_2022,Florida Keys,Palmata Patch,DT2,NA,NA,field,Natural colony,2011,0.9801505817932924,2011,NA,compound,FALSE,FALSE,TRUE,FALSE,TRUE,timeline_overlay,multiple,2,Sargassum Brown Tides; Coastal Eutrophication,sargassum; pollution,Antonio-Martinez 2020 (Sci Rep); van Tussenbroek 2017 (Mar Pollut Bull); Banister et al. 2024 (PLoS ONE),caribbean-wide; local,chronic_pressure,Sargassum Brown Tides,sargassum,37.5M tons,Leachate toxicity; larval spiral swimming; hypoxia (DO < 1mg/L),24,24,2,369.6383333333334,4212.475555555557
neely_et_al_2022,Florida Keys,Ball Buoy Reef,BB1,NA,NA,field,Natural colony,2011,1.1471594798083504,2012,NA,compound,FALSE,FALSE,TRUE,FALSE,TRUE,timeline_overlay,multiple,2,Sargassum Brown Tides; Coastal Eutrophication,sargassum; pollution,Antonio-Martinez 2020 (Sci Rep); van Tussenbroek 2017 (Mar Pollut Bull); Banister et al. 2024 (PLoS ONE),caribbean-wide; local,chronic_pressure,Sargassum Brown Tides,sargassum,37.5M tons,Leachate toxicity; larval spiral swimming; hypoxia (DO < 1mg/L),18,18,49.08888888888889,465.0661111111111,6844.999999999999
neely_et_al_2022,Florida Keys,Looe Key,LK1,NA,NA,field,Natural colony,2011,1.0924024640657084,2012,NA,compound,FALSE,FALSE,TRUE,FALSE,TRUE,timeline_overlay,multiple,2,Sargassum Brown Tides; Coastal Eutrophication,sargassum; pollution,Antonio-Martinez 2020 (Sci Rep); van Tussenbroek 2017 (Mar Pollut Bull); Banister et al. 2024 (PLoS ONE),caribbean-wide; local,chronic_pressure,Sargassum Brown Tides,sargassum,37.5M tons,Leachate toxicity; larval spiral swimming; hypoxia (DO < 1mg/L),34,34,5.4444444444444455,1045.7688888888888,45255.72444444443
neely_et_al_2022,Florida Keys,Looe Key,LK1,NA,NA,field,Natural colony,2011,1.0951403148528405,2012,NA,compound,FALSE,FALSE,TRUE,FALSE,TRUE,timeline_overlay,multiple,2,Sargassum Brown Tides; Coastal Eutrophication,sargassum; pollution,Antonio-Martinez 2020 (Sci Rep); van Tussenbroek 2017 (Mar Pollut Bull); Banister et al. 2024 (PLoS ONE),caribbean-wide; local,chronic_pressure,Sargassum Brown Tides,sargassum,37.5M tons,Leachate toxicity; larval spiral swimming; hypoxia (DO < 1mg/L),1,1,81,81,81
neely_et_al_2022,Florida Keys,Looe Key,LK2,NA,NA,field,Natural colony,2011,1.054072553045859,2012,NA,compound,FALSE,FALSE,TRUE,FALSE,TRUE,timeline_overlay,multiple,2,Sargassum Brown Tides; Coastal Eutrophication,sargassum; pollution,Antonio-Martinez 2020 (Sci Rep); van Tussenbroek 2017 (Mar Pollut Bull); Banister et al. 2024 (PLoS ONE),caribbean-wide; local,chronic_pressure,Sargassum Brown Tides,sargassum,37.5M tons,Leachate toxicity; larval spiral swimming; hypoxia (DO < 1mg/L),24,24,16.900000000000002,1986.7666666666669,17360.994444444445
neely_et_al_2022,Florida Keys,Looe Key,LK3,NA,NA,field,Natural colony,2011,1.160848733744011,2012,NA,compound,FALSE,FALSE,TRUE,FALSE,TRUE,timeline_overlay,multiple,2,Sargassum Brown Tides; Coastal Eutrophication,sargassum; pollution,Antonio-Martinez 2020 (Sci Rep); van Tussenbroek 2017 (Mar Pollut Bull); Banister et al. 2024 (PLoS ONE),caribbean-wide; local,chronic_pressure,Sargassum Brown Tides,sargassum,37.5M tons,Leachate toxicity; larval spiral swimming; hypoxia (DO < 1mg/L),36,36,21.333333333333332,1308.0277777777778,9836.896666666666
neely_et_al_2022,Florida Keys,Marker 3 Reef,MR2,NA,NA,field,Natural colony,2011,1.1471594798083504,2012,NA,compound,FALSE,FALSE,TRUE,FALSE,TRUE,timeline_overlay,multiple,2,Sargassum Brown Tides; Coastal Eutrophication,sargassum; pollution,Antonio-Martinez 2020 (Sci Rep); van Tussenbroek 2017 (Mar Pollut Bull); Banister et al. 2024 (PLoS ONE),caribbean-wide; local,chronic_pressure,Sargassum Brown Tides,sargassum,37.5M tons,Leachate toxicity; larval spiral swimming; hypoxia (DO < 1mg/L),59,59,13.444444444444445,193.6,3828.944444444443
neely_et_al_2022,Florida Keys,Marker 3 Reef,MR3,NA,NA,field,Natural colony,2011,1.2238193018480492,2012,NA,compound,FALSE,FALSE,TRUE,FALSE,TRUE,timeline_overlay,multiple,2,Sargassum Brown Tides; Coastal Eutrophication,sargassum; pollution,Antonio-Martinez 2020 (Sci Rep); van Tussenbroek 2017 (Mar Pollut Bull); Banister et al. 2024 (PLoS ONE),caribbean-wide; local,chronic_pressure,Sargassum Brown Tides,sargassum,37.5M tons,Leachate toxicity; larval spiral swimming; hypoxia (DO < 1mg/L),49,49,21.777777777777786,266.7777777777777,2503.355555555556
neely_et_al_2022,Florida Keys,Sombrero Reef,SR3,NA,NA,field,Natural colony,2011,1.054072553045859,2012,NA,compound,FALSE,FALSE,TRUE,FALSE,TRUE,timeline_overlay,multiple,2,Sargassum Brown Tides; Coastal Eutrophication,sargassum; pollution,Antonio-Martinez 2020 (Sci Rep); van Tussenbroek 2017 (Mar Pollut Bull); Banister et al. 2024 (PLoS ONE),caribbean-wide; local,chronic_pressure,Sargassum Brown Tides,sargassum,37.5M tons,Leachate toxicity; larval spiral swimming; hypoxia (DO < 1mg/L),5,5,864.9,2273.1855555555553,4930.555555555555
neely_et_al_2022,Florida Keys,Ball Buoy Reef,BB1,NA,NA,field,Natural colony,2012,0.459958932238193,2012,NA,compound,FALSE,FALSE,TRUE,FALSE,TRUE,timeline_overlay,multiple,2,Sargassum Brown Tides; Coastal Eutrophication,sargassum; pollution,Antonio-Martinez 2020 (Sci Rep); van Tussenbroek 2017 (Mar Pollut Bull); Banister et al. 2024 (PLoS ONE),caribbean-wide; local,chronic_pressure,Sargassum Brown Tides,sargassum,37.5M tons,Leachate toxicity; larval spiral swimming; hypoxia (DO < 1mg/L),20,20,6.666666666666667,331.5333333333333,9940.738888888887
neely_et_al_2022,Florida Keys,Ball Buoy Reef,BB1,NA,NA,field,Natural colony,2012,0.8761122518822724,2012,NA,compound,FALSE,FALSE,TRUE,FALSE,TRUE,timeline_overlay,multiple,2,Sargassum Brown Tides; Coastal Eutrophication,sargassum; pollution,Antonio-Martinez 2020 (Sci Rep); van Tussenbroek 2017 (Mar Pollut Bull); Banister et al. 2024 (PLoS ONE),caribbean-wide; local,chronic_pressure,Sargassum Brown Tides,sargassum,37.5M tons,Leachate toxicity; larval spiral swimming; hypoxia (DO < 1mg/L),5,5,12.1,93.44444444444444,578.0222222222222
neely_et_al_2022,Florida Keys,Ball Buoy Reef,BB2,NA,NA,field,Natural colony,2012,0.47091033538672145,2012,NA,compound,FALSE,FALSE,TRUE,FALSE,TRUE,timeline_overlay,multiple,2,Sargassum Brown Tides; Coastal Eutrophication,sargassum; pollution,Antonio-Martinez 2020 (Sci Rep); van Tussenbroek 2017 (Mar Pollut Bull); Banister et al. 2024 (PLoS ONE),caribbean-wide; local,chronic_pressure,Sargassum Brown Tides,sargassum,37.5M tons,Leachate toxicity; larval spiral swimming; hypoxia (DO < 1mg/L),14,14,25.6,436.84444444444443,15155.8
neely_et_al_2022,Florida Keys,Ball Buoy Reef,BB2,NA,NA,field,Natural colony,2012,0.8761122518822724,2012,NA,compound,FALSE,FALSE,TRUE,FALSE,TRUE,timeline_overlay,multiple,2,Sargassum Brown Tides; Coastal Eutrophication,sargassum; pollution,Antonio-Martinez 2020 (Sci Rep); van Tussenbroek 2017 (Mar Pollut Bull); Banister et al. 2024 (PLoS ONE),caribbean-wide; local,chronic_pressure,Sargassum Brown Tides,sargassum,37.5M tons,Leachate toxicity; larval spiral swimming; hypoxia (DO < 1mg/L),2,2,486.7555555555556,636.088888888889,785.4222222222222
neely_et_al_2022,Florida Keys,Looe Key,LK1,NA,NA,field,Natural colony,2012,0.6516084873374401,2012,NA,compound,FALSE,FALSE,TRUE,FALSE,TRUE,timeline_overlay,multiple,2,Sargassum Brown Tides; Coastal Eutrophication,sargassum; pollution,Antonio-Martinez 2020 (Sci Rep); van Tussenbroek 2017 (Mar Pollut Bull); Banister et al. 2024 (PLoS ONE),caribbean-wide; local,chronic_pressure,Sargassum Brown Tides,sargassum,37.5M tons,Leachate toxicity; larval spiral swimming; hypoxia (DO < 1mg/L),37,37,5.4444444444444455,693.4444444444443,49634.07222222221
neely_et_al_2022,Florida Keys,Looe Key,LK1,NA,NA,field,Natural colony,2012,0.9034907597535934,2012,NA,compound,FALSE,FALSE,TRUE,FALSE,TRUE,timeline_overlay,multiple,2,Sargassum Brown Tides; Coastal Eutrophication,sargassum; pollution,Antonio-Martinez 2020 (Sci Rep); van Tussenbroek 2017 (Mar Pollut Bull); Banister et al. 2024 (PLoS ONE),caribbean-wide; local,chronic_pressure,Sargassum Brown Tides,sargassum,37.5M tons,Leachate toxicity; larval spiral swimming; hypoxia (DO < 1mg/L),3,3,2.777777777777778,9,169
neely_et_al_2022,Florida Keys,Looe Key,LK2,NA,NA,field,Natural colony,2012,0.6954140999315537,2012,NA,compound,FALSE,FALSE,TRUE,FALSE,TRUE,timeline_overlay,multiple,2,Sargassum Brown Tides; Coastal Eutrophication,sargassum; pollution,Antonio-Martinez 2020 (Sci Rep); van Tussenbroek 2017 (Mar Pollut Bull); Banister et al. 2024 (PLoS ONE),caribbean-wide; local,chronic_pressure,Sargassum Brown Tides,sargassum,37.5M tons,Leachate toxicity; larval spiral swimming; hypoxia (DO < 1mg/L),24,24,8.549999999999999,1195.7083333333335,17340
neely_et_al_2022,Florida Keys,Looe Key,LK2,NA,NA,field,Natural colony,2012,0.9007529089664612,2012,NA,compound,FALSE,FALSE,TRUE,FALSE,TRUE,timeline_overlay,multiple,2,Sargassum Brown Tides; Coastal Eutrophication,sargassum; pollution,Antonio-Martinez 2020 (Sci Rep); van Tussenbroek 2017 (Mar Pollut Bull); Banister et al. 2024 (PLoS ONE),caribbean-wide; local,chronic_pressure,Sargassum Brown Tides,sargassum,37.5M tons,Leachate toxicity; larval spiral swimming; hypoxia (DO < 1mg/L),3,3,11.111111111111112,25,266.7777777777777
neely_et_al_2022,Florida Keys,Looe Key,LK3,NA,NA,field,Natural colony,2012,0.5448323066392882,2012,NA,compound,FALSE,FALSE,TRUE,FALSE,TRUE,timeline_overlay,multiple,2,Sargassum Brown Tides; Coastal Eutrophication,sargassum; pollution,Antonio-Martinez 2020 (Sci Rep); van Tussenbroek 2017 (Mar Pollut Bull); Banister et al. 2024 (PLoS ONE),caribbean-wide; local,chronic_pressure,Sargassum Brown Tides,sargassum,37.5M tons,Leachate toxicity; larval spiral swimming; hypoxia (DO < 1mg/L),29,29,32.111111111111114,1341.62,9627.088888888888
neely_et_al_2022,Florida Keys,Looe Key,LK3,NA,NA,field,Natural colony,2012,0.9034907597535934,2012,NA,compound,FALSE,FALSE,TRUE,FALSE,TRUE,timeline_overlay,multiple,2,Sargassum Brown Tides; Coastal Eutrophication,sargassum; pollution,Antonio-Martinez 2020 (Sci Rep); van Tussenbroek 2017 (Mar Pollut Bull); Banister et al. 2024 (PLoS ONE),caribbean-wide; local,chronic_pressure,Sargassum Brown Tides,sargassum,37.5M tons,Leachate toxicity; larval spiral swimming; hypoxia (DO < 1mg/L),2,2,912.95,1085.8527777777779,1258.7555555555557
neely_et_al_2022,Florida Keys,Marker 3 Reef,MR1,NA,NA,field,Natural colony,2012,0.459958932238193,2012,NA,compound,FALSE,FALSE,TRUE,FALSE,TRUE,timeline_overlay,multiple,2,Sargassum Brown Tides; Coastal Eutrophication,sargassum; pollution,Antonio-Martinez 2020 (Sci Rep); van Tussenbroek 2017 (Mar Pollut Bull); Banister et al. 2024 (PLoS ONE),caribbean-wide; local,chronic_pressure,Sargassum Brown Tides,sargassum,37.5M tons,Leachate toxicity; larval spiral swimming; hypoxia (DO < 1mg/L),43,43,53.77777777777777,893.4222222222224,17520.48
neely_et_al_2022,Florida Keys,Marker 3 Reef,MR1,NA,NA,field,Natural colony,2012,0.8788501026694046,2012,NA,compound,FALSE,FALSE,TRUE,FALSE,TRUE,timeline_overlay,multiple,2,Sargassum Brown Tides; Coastal Eutrophication,sargassum; pollution,Antonio-Martinez 2020 (Sci Rep); van Tussenbroek 2017 (Mar Pollut Bull); Banister et al. 2024 (PLoS ONE),caribbean-wide; local,chronic_pressure,Sargassum Brown Tides,sargassum,37.5M tons,Leachate toxicity; larval spiral swimming; hypoxia (DO < 1mg/L),13,13,4.95,186.77777777777777,2134.2222222222217
neely_et_al_2022,Florida Keys,Marker 3 Reef,MR2,NA,NA,field,Natural colony,2012,0.46269678302532513,2012,NA,compound,FALSE,FALSE,TRUE,FALSE,TRUE,timeline_overlay,multiple,2,Sargassum Brown Tides; Coastal Eutrophication,sargassum; pollution,Antonio-Martinez 2020 (Sci Rep); van Tussenbroek 2017 (Mar Pollut Bull); Banister et al. 2024 (PLoS ONE),caribbean-wide; local,chronic_pressure,Sargassum Brown Tides,sargassum,37.5M tons,Leachate toxicity; larval spiral swimming; hypoxia (DO < 1mg/L),70,70,4,186.77777777777777,6647
neely_et_al_2022,Florida Keys,Marker 3 Reef,MR3,NA,NA,field,Natural colony,2012,0.3860369609856263,2012,NA,compound,FALSE,FALSE,TRUE,FALSE,TRUE,timeline_overlay,multiple,2,Sargassum Brown Tides; Coastal Eutrophication,sargassum; pollution,Antonio-Martinez 2020 (Sci Rep); van Tussenbroek 2017 (Mar Pollut Bull); Banister et al. 2024 (PLoS ONE),caribbean-wide; local,chronic_pressure,Sargassum Brown Tides,sargassum,37.5M tons,Leachate toxicity; larval spiral swimming; hypoxia (DO < 1mg/L),67,67,22.477777777777774,348.4444444444445,3446.19
neely_et_al_2022,Florida Keys,Palmata Patch,DT1,NA,NA,field,Natural colony,2012,0.6132785763175906,2012,NA,compound,FALSE,FALSE,TRUE,FALSE,TRUE,timeline_overlay,multiple,2,Sargassum Brown Tides; Coastal Eutrophication,sargassum; pollution,Antonio-Martinez 2020 (Sci Rep); van Tussenbroek 2017 (Mar Pollut Bull); Banister et al. 2024 (PLoS ONE),caribbean-wide; local,chronic_pressure,Sargassum Brown Tides,sargassum,37.5M tons,Leachate toxicity; larval spiral swimming; hypoxia (DO < 1mg/L),60,60,7.111111111111111,813.436111111111,5829.305555555555
neely_et_al_2022,Florida Keys,Palmata Patch,DT1,NA,NA,field,Natural colony,2012,0.9390828199863108,2012,NA,compound,FALSE,FALSE,TRUE,FALSE,TRUE,timeline_overlay,multiple,2,Sargassum Brown Tides; Coastal Eutrophication,sargassum; pollution,Antonio-Martinez 2020 (Sci Rep); van Tussenbroek 2017 (Mar Pollut Bull); Banister et al. 2024 (PLoS ONE),caribbean-wide; local,chronic_pressure,Sargassum Brown Tides,sargassum,37.5M tons,Leachate toxicity; larval spiral swimming; hypoxia (DO < 1mg/L),17,17,38.10555555555555,299.2666666666666,3595.4722222222217
neely_et_al_2022,Florida Keys,Palmata Patch,DT2,NA,NA,field,Natural colony,2012,0.6132785763175906,2012,NA,compound,FALSE,FALSE,TRUE,FALSE,TRUE,timeline_overlay,multiple,2,Sargassum Brown Tides; Coastal Eutrophication,sargassum; pollution,Antonio-Martinez 2020 (Sci Rep); van Tussenbroek 2017 (Mar Pollut Bull); Banister et al. 2024 (PLoS ONE),caribbean-wide; local,chronic_pressure,Sargassum Brown Tides,sargassum,37.5M tons,Leachate toxicity; larval spiral swimming; hypoxia (DO < 1mg/L),21,21,14.038888888888886,367.438888888889,3810.555555555556
neely_et_al_2022,Florida Keys,Palmata Patch,DT2,NA,NA,field,Natural colony,2012,0.9363449691991786,2012,NA,compound,FALSE,FALSE,TRUE,FALSE,TRUE,timeline_overlay,multiple,2,Sargassum Brown Tides; Coastal Eutrophication,sargassum; pollution,Antonio-Martinez 2020 (Sci Rep); van Tussenbroek 2017 (Mar Pollut Bull); Banister et al. 2024 (PLoS ONE),caribbean-wide; local,chronic_pressure,Sargassum Brown Tides,sargassum,37.5M tons,Leachate toxicity; larval spiral swimming; hypoxia (DO < 1mg/L),6,6,38.19444444444446,295.96111111111117,2560.0000000000005
neely_et_al_2022,Florida Keys,Rock Key,RK1,NA,NA,field,Natural colony,2012,0.3942505133470226,2012,NA,compound,FALSE,FALSE,TRUE,FALSE,TRUE,timeline_overlay,multiple,2,Sargassum Brown Tides; Coastal Eutrophication,sargassum; pollution,Antonio-Martinez 2020 (Sci Rep); van Tussenbroek 2017 (Mar Pollut Bull); Banister et al. 2024 (PLoS ONE),caribbean-wide; local,chronic_pressure,Sargassum Brown Tides,sargassum,37.5M tons,Leachate toxicity; larval spiral swimming; hypoxia (DO < 1mg/L),10,10,144.15,1670.1111111111113,12012.5
neely_et_al_2022,Florida Keys,Sand Key,SK1,NA,NA,field,Natural colony,2012,0.3942505133470226,2012,NA,compound,FALSE,FALSE,TRUE,FALSE,TRUE,timeline_overlay,multiple,2,Sargassum Brown Tides; Coastal Eutrophication,sargassum; pollution,Antonio-Martinez 2020 (Sci Rep); van Tussenbroek 2017 (Mar Pollut Bull); Banister et al. 2024 (PLoS ONE),caribbean-wide; local,chronic_pressure,Sargassum Brown Tides,sargassum,37.5M tons,Leachate toxicity; larval spiral swimming; hypoxia (DO < 1mg/L),9,9,2.994444444444446,200,4620.808888888889
neely_et_al_2022,Florida Keys,Sand Key,SK1,NA,NA,field,Natural colony,2012,0.9609856262833676,2012,NA,compound,FALSE,FALSE,TRUE,FALSE,TRUE,timeline_overlay,multiple,2,Sargassum Brown Tides; Coastal Eutrophication,sargassum; pollution,Antonio-Martinez 2020 (Sci Rep); van Tussenbroek 2017 (Mar Pollut Bull); Banister et al. 2024 (PLoS ONE),caribbean-wide; local,chronic_pressure,Sargassum Brown Tides,sargassum,37.5M tons,Leachate toxicity; larval spiral swimming; hypoxia (DO < 1mg/L),3,3,1,16,71.35555555555554
neely_et_al_2022,Florida Keys,Sand Key,SK2,NA,NA,field,Natural colony,2012,0.5366187542778919,2012,NA,compound,FALSE,FALSE,TRUE,FALSE,TRUE,timeline_overlay,multiple,2,Sargassum Brown Tides; Coastal Eutrophication,sargassum; pollution,Antonio-Martinez 2020 (Sci Rep); van Tussenbroek 2017 (Mar Pollut Bull); Banister et al. 2024 (PLoS ONE),caribbean-wide; local,chronic_pressure,Sargassum Brown Tides,sargassum,37.5M tons,Leachate toxicity; larval spiral swimming; hypoxia (DO < 1mg/L),28,28,1.7777777777777777,879.7538888888889,7880.45
neely_et_al_2022,Florida Keys,Sombrero Reef,SR1,NA,NA,field,Natural colony,2012,0.6981519507186859,2012,NA,compound,FALSE,FALSE,TRUE,FALSE,TRUE,timeline_overlay,multiple,2,Sargassum Brown Tides; Coastal Eutrophication,sargassum; pollution,Antonio-Martinez 2020 (Sci Rep); van Tussenbroek 2017 (Mar Pollut Bull); Banister et al. 2024 (PLoS ONE),caribbean-wide; local,chronic_pressure,Sargassum Brown Tides,sargassum,37.5M tons,Leachate toxicity; larval spiral swimming; hypoxia (DO < 1mg/L),10,10,220.9,6619.161111111112,26881.666666666664
neely_et_al_2022,Florida Keys,Sombrero Reef,SR1,NA,NA,field,Natural colony,2012,0.9363449691991786,2012,NA,compound,FALSE,FALSE,TRUE,FALSE,TRUE,timeline_overlay,multiple,2,Sargassum Brown Tides; Coastal Eutrophication,sargassum; pollution,Antonio-Martinez 2020 (Sci Rep); van Tussenbroek 2017 (Mar Pollut Bull); Banister et al. 2024 (PLoS ONE),caribbean-wide; local,chronic_pressure,Sargassum Brown Tides,sargassum,37.5M tons,Leachate toxicity; larval spiral swimming; hypoxia (DO < 1mg/L),2,2,12.77222222222222,127.88111111111112,242.99
neely_et_al_2022,Florida Keys,Sombrero Reef,SR2,NA,NA,field,Natural colony,2012,NA,2012,NA,compound,FALSE,FALSE,TRUE,FALSE,TRUE,timeline_overlay,multiple,2,Sargassum Brown Tides; Coastal Eutrophication,sargassum; pollution,Antonio-Martinez 2020 (Sci Rep); van Tussenbroek 2017 (Mar Pollut Bull); Banister et al. 2024 (PLoS ONE),caribbean-wide; local,chronic_pressure,Sargassum Brown Tides,sargassum,37.5M tons,Leachate toxicity; larval spiral swimming; hypoxia (DO < 1mg/L),6,6,60.75,773.5711111111111,7638.105555555555
neely_et_al_2022,Florida Keys,Sombrero Reef,SR3,NA,NA,field,Natural colony,2012,NA,2012,NA,compound,FALSE,FALSE,TRUE,FALSE,TRUE,timeline_overlay,multiple,2,Sargassum Brown Tides; Coastal Eutrophication,sargassum; pollution,Antonio-Martinez 2020 (Sci Rep); van Tussenbroek 2017 (Mar Pollut Bull); Banister et al. 2024 (PLoS ONE),caribbean-wide; local,chronic_pressure,Sargassum Brown Tides,sargassum,37.5M tons,Leachate toxicity; larval spiral swimming; hypoxia (DO < 1mg/L),5,5,107.55555555555554,963.4277777777778,6232.95
neely_et_al_2022,Florida Keys,West Sambo Key,WS1,NA,NA,field,Natural colony,2012,0.3394934976043806,2012,NA,compound,FALSE,FALSE,TRUE,FALSE,TRUE,timeline_overlay,multiple,2,Sargassum Brown Tides; Coastal Eutrophication,sargassum; pollution,Antonio-Martinez 2020 (Sci Rep); van Tussenbroek 2017 (Mar Pollut Bull); Banister et al. 2024 (PLoS ONE),caribbean-wide; local,chronic_pressure,Sargassum Brown Tides,sargassum,37.5M tons,Leachate toxicity; larval spiral swimming; hypoxia (DO < 1mg/L),16,16,9,108.0638888888889,1868.8888888888891
neely_et_al_2022,Florida Keys,West Sambo Key,WS1,NA,NA,field,Natural colony,2012,0.9034907597535934,2012,NA,compound,FALSE,FALSE,TRUE,FALSE,TRUE,timeline_overlay,multiple,2,Sargassum Brown Tides; Coastal Eutrophication,sargassum; pollution,Antonio-Martinez 2020 (Sci Rep); van Tussenbroek 2017 (Mar Pollut Bull); Banister et al. 2024 (PLoS ONE),caribbean-wide; local,chronic_pressure,Sargassum Brown Tides,sargassum,37.5M tons,Leachate toxicity; larval spiral swimming; hypoxia (DO < 1mg/L),3,3,25,49,53.77777777777777
neely_et_al_2022,Florida Keys,West Sambo Key,WS2,NA,NA,field,Natural colony,2012,0.3394934976043806,2012,NA,compound,FALSE,FALSE,TRUE,FALSE,TRUE,timeline_overlay,multiple,2,Sargassum Brown Tides; Coastal Eutrophication,sargassum; pollution,Antonio-Martinez 2020 (Sci Rep); van Tussenbroek 2017 (Mar Pollut Bull); Banister et al. 2024 (PLoS ONE),caribbean-wide; local,chronic_pressure,Sargassum Brown Tides,sargassum,37.5M tons,Leachate toxicity; larval spiral swimming; hypoxia (DO < 1mg/L),9,9,34.13333333333333,313.6000000000001,7290
neely_et_al_2022,Florida Keys,West Sambo Key,WS3,NA,NA,field,Natural colony,2012,0.3394934976043806,2012,NA,compound,FALSE,FALSE,TRUE,FALSE,TRUE,timeline_overlay,multiple,2,Sargassum Brown Tides; Coastal Eutrophication,sargassum; pollution,Antonio-Martinez 2020 (Sci Rep); van Tussenbroek 2017 (Mar Pollut Bull); Banister et al. 2024 (PLoS ONE),caribbean-wide; local,chronic_pressure,Sargassum Brown Tides,sargassum,37.5M tons,Leachate toxicity; larval spiral swimming; hypoxia (DO < 1mg/L),18,18,28.94111111111111,511.54,3555.555555555557
neely_et_al_2022,Florida Keys,West Sambo Key,WS3,NA,NA,field,Natural colony,2012,0.9034907597535934,2012,NA,compound,FALSE,FALSE,TRUE,FALSE,TRUE,timeline_overlay,multiple,2,Sargassum Brown Tides; Coastal Eutrophication,sargassum; pollution,Antonio-Martinez 2020 (Sci Rep); van Tussenbroek 2017 (Mar Pollut Bull); Banister et al. 2024 (PLoS ONE),caribbean-wide; local,chronic_pressure,Sargassum Brown Tides,sargassum,37.5M tons,Leachate toxicity; larval spiral swimming; hypoxia (DO < 1mg/L),1,1,309.22222222222223,309.22222222222223,309.22222222222223
neely_et_al_2022,Florida Keys,Marker 3 Reef,MR2,NA,NA,field,Natural colony,2012,1.0869267624914445,2013,NA,compound,FALSE,FALSE,TRUE,FALSE,TRUE,timeline_overlay,multiple,2,Sargassum Brown Tides; Coastal Eutrophication,sargassum; pollution,Antonio-Martinez 2020 (Sci Rep); van Tussenbroek 2017 (Mar Pollut Bull); Banister et al. 2024 (PLoS ONE),caribbean-wide; local,chronic_pressure,Sargassum Brown Tides,sargassum,37.5M tons,Leachate toxicity; larval spiral swimming; hypoxia (DO < 1mg/L),47,47,6.666666666666667,53.77777777777777,1454.75
neely_et_al_2022,Florida Keys,Marker 3 Reef,MR3,NA,NA,field,Natural colony,2012,1.0869267624914445,2013,NA,compound,FALSE,FALSE,TRUE,FALSE,TRUE,timeline_overlay,multiple,2,Sargassum Brown Tides; Coastal Eutrophication,sargassum; pollution,Antonio-Martinez 2020 (Sci Rep); van Tussenbroek 2017 (Mar Pollut Bull); Banister et al. 2024 (PLoS ONE),caribbean-wide; local,chronic_pressure,Sargassum Brown Tides,sargassum,37.5M tons,Leachate toxicity; larval spiral swimming; hypoxia (DO < 1mg/L),24,24,9,66.20444444444445,2085.4444444444443
neely_et_al_2022,Florida Keys,Looe Key,LK3,NA,NA,field,Natural colony,2013,0.974674880219028,2013,disease_2014,compound,FALSE,FALSE,TRUE,TRUE,TRUE,local_metadata_plus_timeline,multiple,2,Sargassum Brown Tides; Coastal Eutrophication,sargassum; pollution,Antonio-Martinez 2020 (Sci Rep); van Tussenbroek 2017 (Mar Pollut Bull); Banister et al. 2024 (PLoS ONE),caribbean-wide; local,chronic_pressure,Sargassum Brown Tides,sargassum,37.5M tons,Leachate toxicity; larval spiral swimming; hypoxia (DO < 1mg/L),32,32,18,2514.326111111111,14506.722222222224
neely_et_al_2022,Florida Keys,Rock Key,RK1,NA,NA,field,Natural colony,2013,0.9253935660506504,2013,disease_2014,compound,FALSE,FALSE,TRUE,TRUE,TRUE,local_metadata_plus_timeline,multiple,2,Sargassum Brown Tides; Coastal Eutrophication,sargassum; pollution,Antonio-Martinez 2020 (Sci Rep); van Tussenbroek 2017 (Mar Pollut Bull); Banister et al. 2024 (PLoS ONE),caribbean-wide; local,chronic_pressure,Sargassum Brown Tides,sargassum,37.5M tons,Leachate toxicity; larval spiral swimming; hypoxia (DO < 1mg/L),11,11,153.15777777777777,2038.008888888889,15876.266666666665
neely_et_al_2022,Florida Keys,Sand Key,SK1,NA,NA,field,Natural colony,2013,0.9253935660506504,2013,disease_2014,compound,FALSE,FALSE,TRUE,TRUE,TRUE,local_metadata_plus_timeline,multiple,2,Sargassum Brown Tides; Coastal Eutrophication,sargassum; pollution,Antonio-Martinez 2020 (Sci Rep); van Tussenbroek 2017 (Mar Pollut Bull); Banister et al. 2024 (PLoS ONE),caribbean-wide; local,chronic_pressure,Sargassum Brown Tides,sargassum,37.5M tons,Leachate toxicity; larval spiral swimming; hypoxia (DO < 1mg/L),10,10,7.111111111111111,99.01111111111112,6308.231111111112
neely_et_al_2022,Florida Keys,Sand Key,SK2,NA,NA,field,Natural colony,2013,0.9253935660506504,2013,disease_2014,compound,FALSE,FALSE,TRUE,TRUE,TRUE,local_metadata_plus_timeline,multiple,2,Sargassum Brown Tides; Coastal Eutrophication,sargassum; pollution,Antonio-Martinez 2020 (Sci Rep); van Tussenbroek 2017 (Mar Pollut Bull); Banister et al. 2024 (PLoS ONE),caribbean-wide; local,chronic_pressure,Sargassum Brown Tides,sargassum,37.5M tons,Leachate toxicity; larval spiral swimming; hypoxia (DO < 1mg/L),28,28,5.4444444444444455,1166.4677777777779,10833.920000000002
neely_et_al_2022,Florida Keys,Sombrero Reef,SR1,NA,NA,field,Natural colony,2013,0.9527720739219712,2013,disease_2014,compound,FALSE,FALSE,TRUE,TRUE,TRUE,local_metadata_plus_timeline,multiple,2,Sargassum Brown Tides; Coastal Eutrophication,sargassum; pollution,Antonio-Martinez 2020 (Sci Rep); van Tussenbroek 2017 (Mar Pollut Bull); Banister et al. 2024 (PLoS ONE),caribbean-wide; local,chronic_pressure,Sargassum Brown Tides,sargassum,37.5M tons,Leachate toxicity; larval spiral swimming; hypoxia (DO < 1mg/L),13,13,69.44444444444446,3728.68,50605.6
neely_et_al_2022,Florida Keys,Sombrero Reef,SR2,NA,NA,field,Natural colony,2013,0.9527720739219712,2013,disease_2014,compound,FALSE,FALSE,TRUE,TRUE,TRUE,local_metadata_plus_timeline,multiple,2,Sargassum Brown Tides; Coastal Eutrophication,sargassum; pollution,Antonio-Martinez 2020 (Sci Rep); van Tussenbroek 2017 (Mar Pollut Bull); Banister et al. 2024 (PLoS ONE),caribbean-wide; local,chronic_pressure,Sargassum Brown Tides,sargassum,37.5M tons,Leachate toxicity; larval spiral swimming; hypoxia (DO < 1mg/L),5,5,264.10999999999996,2073.68,6495.39
neely_et_al_2022,Florida Keys,Sombrero Reef,SR3,NA,NA,field,Natural colony,2013,0.9527720739219712,2013,disease_2014,compound,FALSE,FALSE,TRUE,TRUE,TRUE,local_metadata_plus_timeline,multiple,2,Sargassum Brown Tides; Coastal Eutrophication,sargassum; pollution,Antonio-Martinez 2020 (Sci Rep); van Tussenbroek 2017 (Mar Pollut Bull); Banister et al. 2024 (PLoS ONE),caribbean-wide; local,chronic_pressure,Sargassum Brown Tides,sargassum,37.5M tons,Leachate toxicity; larval spiral swimming; hypoxia (DO < 1mg/L),5,5,157.23555555555558,1456.0444444444447,10707.84
neely_et_al_2022,Florida Keys,Ball Buoy Reef,BB1,NA,NA,field,Natural colony,2013,1.054072553045859,2014,disease_2014,compound,FALSE,FALSE,TRUE,TRUE,TRUE,local_metadata_plus_timeline,multiple,3,Sargassum Brown Tides; Coastal Eutrophication; 3rd Global Bleaching,sargassum; pollution; bleaching,Antonio-Martinez 2020 (Sci Rep); van Tussenbroek 2017 (Mar Pollut Bull); Banister et al. 2024 (PLoS ONE); Hughes et al. 2017 (Nature); Eakin et al. 2019 (Coral Reefs),caribbean-wide; local,chronic_pressure; chronic_regime,Sargassum Brown Tides,sargassum,37.5M tons,Leachate toxicity; larval spiral swimming; hypoxia (DO < 1mg/L),21,21,3.6,181.17444444444445,8420.124444444444
neely_et_al_2022,Florida Keys,Ball Buoy Reef,BB2,NA,NA,field,Natural colony,2013,1.054072553045859,2014,disease_2014,compound,FALSE,FALSE,TRUE,TRUE,TRUE,local_metadata_plus_timeline,multiple,3,Sargassum Brown Tides; Coastal Eutrophication; 3rd Global Bleaching,sargassum; pollution; bleaching,Antonio-Martinez 2020 (Sci Rep); van Tussenbroek 2017 (Mar Pollut Bull); Banister et al. 2024 (PLoS ONE); Hughes et al. 2017 (Nature); Eakin et al. 2019 (Coral Reefs),caribbean-wide; local,chronic_pressure; chronic_regime,Sargassum Brown Tides,sargassum,37.5M tons,Leachate toxicity; larval spiral swimming; hypoxia (DO < 1mg/L),11,11,16,317.4,12708.85777777778
neely_et_al_2022,Florida Keys,Looe Key,LK1,NA,NA,field,Natural colony,2013,1.0650239561943875,2014,disease_2014,compound,FALSE,FALSE,TRUE,TRUE,TRUE,local_metadata_plus_timeline,multiple,3,Sargassum Brown Tides; Coastal Eutrophication; 3rd Global Bleaching,sargassum; pollution; bleaching,Antonio-Martinez 2020 (Sci Rep); van Tussenbroek 2017 (Mar Pollut Bull); Banister et al. 2024 (PLoS ONE); Hughes et al. 2017 (Nature); Eakin et al. 2019 (Coral Reefs),caribbean-wide; local,chronic_pressure; chronic_regime,Sargassum Brown Tides,sargassum,37.5M tons,Leachate toxicity; larval spiral swimming; hypoxia (DO < 1mg/L),43,43,7.964444444444445,836.07,66548.61111111111
neely_et_al_2022,Florida Keys,Looe Key,LK2,NA,NA,field,Natural colony,2013,1.0650239561943875,2014,disease_2014,compound,FALSE,FALSE,TRUE,TRUE,TRUE,local_metadata_plus_timeline,multiple,3,Sargassum Brown Tides; Coastal Eutrophication; 3rd Global Bleaching,sargassum; pollution; bleaching,Antonio-Martinez 2020 (Sci Rep); van Tussenbroek 2017 (Mar Pollut Bull); Banister et al. 2024 (PLoS ONE); Hughes et al. 2017 (Nature); Eakin et al. 2019 (Coral Reefs),caribbean-wide; local,chronic_pressure; chronic_regime,Sargassum Brown Tides,sargassum,37.5M tons,Leachate toxicity; larval spiral swimming; hypoxia (DO < 1mg/L),25,25,11.111111111111112,662.4255555555555,18924.693333333336
neely_et_al_2022,Florida Keys,Marker 3 Reef,MR1,NA,NA,field,Natural colony,2013,1.056810403832991,2014,disease_2014,compound,FALSE,FALSE,TRUE,TRUE,TRUE,local_metadata_plus_timeline,multiple,3,Sargassum Brown Tides; Coastal Eutrophication; 3rd Global Bleaching,sargassum; pollution; bleaching,Antonio-Martinez 2020 (Sci Rep); van Tussenbroek 2017 (Mar Pollut Bull); Banister et al. 2024 (PLoS ONE); Hughes et al. 2017 (Nature); Eakin et al. 2019 (Coral Reefs),caribbean-wide; local,chronic_pressure; chronic_regime,Sargassum Brown Tides,sargassum,37.5M tons,Leachate toxicity; larval spiral swimming; hypoxia (DO < 1mg/L),59,59,11.2,855,15073.28
neely_et_al_2022,Florida Keys,Marker 3 Reef,MR2,NA,NA,field,Natural colony,2013,1.2265571526351813,2014,disease_2014,compound,FALSE,FALSE,TRUE,TRUE,TRUE,local_metadata_plus_timeline,multiple,3,Sargassum Brown Tides; Coastal Eutrophication; 3rd Global Bleaching,sargassum; pollution; bleaching,Antonio-Martinez 2020 (Sci Rep); van Tussenbroek 2017 (Mar Pollut Bull); Banister et al. 2024 (PLoS ONE); Hughes et al. 2017 (Nature); Eakin et al. 2019 (Coral Reefs),caribbean-wide; local,chronic_pressure; chronic_regime,Sargassum Brown Tides,sargassum,37.5M tons,Leachate toxicity; larval spiral swimming; hypoxia (DO < 1mg/L),150,150,2.777777777777778,181.3438888888889,9600
neely_et_al_2022,Florida Keys,Marker 3 Reef,MR3,NA,NA,field,Natural colony,2013,1.2265571526351813,2014,disease_2014,compound,FALSE,FALSE,TRUE,TRUE,TRUE,local_metadata_plus_timeline,multiple,3,Sargassum Brown Tides; Coastal Eutrophication; 3rd Global Bleaching,sargassum; pollution; bleaching,Antonio-Martinez 2020 (Sci Rep); van Tussenbroek 2017 (Mar Pollut Bull); Banister et al. 2024 (PLoS ONE); Hughes et al. 2017 (Nature); Eakin et al. 2019 (Coral Reefs),caribbean-wide; local,chronic_pressure; chronic_regime,Sargassum Brown Tides,sargassum,37.5M tons,Leachate toxicity; larval spiral swimming; hypoxia (DO < 1mg/L),106,106,4,209.20222222222225,4055.04
neely_et_al_2022,Florida Keys,Palmata Patch,DT1,NA,NA,field,Natural colony,2013,1.054072553045859,2014,disease_2014,compound,FALSE,FALSE,TRUE,TRUE,TRUE,local_metadata_plus_timeline,multiple,3,Sargassum Brown Tides; Coastal Eutrophication; 3rd Global Bleaching,sargassum; pollution; bleaching,Antonio-Martinez 2020 (Sci Rep); van Tussenbroek 2017 (Mar Pollut Bull); Banister et al. 2024 (PLoS ONE); Hughes et al. 2017 (Nature); Eakin et al. 2019 (Coral Reefs),caribbean-wide; local,chronic_pressure; chronic_regime,Sargassum Brown Tides,sargassum,37.5M tons,Leachate toxicity; larval spiral swimming; hypoxia (DO < 1mg/L),55,55,13.444444444444445,1184.7111111111112,11076.355555555558
neely_et_al_2022,Florida Keys,Palmata Patch,DT2,NA,NA,field,Natural colony,2013,1.051334702258727,2014,disease_2014,compound,FALSE,FALSE,TRUE,TRUE,TRUE,local_metadata_plus_timeline,multiple,3,Sargassum Brown Tides; Coastal Eutrophication; 3rd Global Bleaching,sargassum; pollution; bleaching,Antonio-Martinez 2020 (Sci Rep); van Tussenbroek 2017 (Mar Pollut Bull); Banister et al. 2024 (PLoS ONE); Hughes et al. 2017 (Nature); Eakin et al. 2019 (Coral Reefs),caribbean-wide; local,chronic_pressure; chronic_regime,Sargassum Brown Tides,sargassum,37.5M tons,Leachate toxicity; larval spiral swimming; hypoxia (DO < 1mg/L),20,20,71.35555555555554,612.8666666666666,4545.08
neely_et_al_2022,Florida Keys,West Sambo Key,WS1,NA,NA,field,Natural colony,2013,1.0650239561943875,2014,disease_2014,compound,FALSE,FALSE,TRUE,TRUE,TRUE,local_metadata_plus_timeline,multiple,3,Sargassum Brown Tides; Coastal Eutrophication; 3rd Global Bleaching,sargassum; pollution; bleaching,Antonio-Martinez 2020 (Sci Rep); van Tussenbroek 2017 (Mar Pollut Bull); Banister et al. 2024 (PLoS ONE); Hughes et al. 2017 (Nature); Eakin et al. 2019 (Coral Reefs),caribbean-wide; local,chronic_pressure; chronic_regime,Sargassum Brown Tides,sargassum,37.5M tons,Leachate toxicity; larval spiral swimming; hypoxia (DO < 1mg/L),18,18,16,133.20000000000002,2859.4
neely_et_al_2022,Florida Keys,West Sambo Key,WS2,NA,NA,field,Natural colony,2013,1.0650239561943875,2014,disease_2014,compound,FALSE,FALSE,TRUE,TRUE,TRUE,local_metadata_plus_timeline,multiple,3,Sargassum Brown Tides; Coastal Eutrophication; 3rd Global Bleaching,sargassum; pollution; bleaching,Antonio-Martinez 2020 (Sci Rep); van Tussenbroek 2017 (Mar Pollut Bull); Banister et al. 2024 (PLoS ONE); Hughes et al. 2017 (Nature); Eakin et al. 2019 (Coral Reefs),caribbean-wide; local,chronic_pressure; chronic_regime,Sargassum Brown Tides,sargassum,37.5M tons,Leachate toxicity; larval spiral swimming; hypoxia (DO < 1mg/L),9,9,37.37777777777777,548.8,8668.055555555555
neely_et_al_2022,Florida Keys,West Sambo Key,WS3,NA,NA,field,Natural colony,2013,1.0650239561943875,2014,disease_2014,compound,FALSE,FALSE,TRUE,TRUE,TRUE,local_metadata_plus_timeline,multiple,3,Sargassum Brown Tides; Coastal Eutrophication; 3rd Global Bleaching,sargassum; pollution; bleaching,Antonio-Martinez 2020 (Sci Rep); van Tussenbroek 2017 (Mar Pollut Bull); Banister et al. 2024 (PLoS ONE); Hughes et al. 2017 (Nature); Eakin et al. 2019 (Coral Reefs),caribbean-wide; local,chronic_pressure; chronic_regime,Sargassum Brown Tides,sargassum,37.5M tons,Leachate toxicity; larval spiral swimming; hypoxia (DO < 1mg/L),18,18,14.106666666666667,527.5238888888889,3139.266666666666
neely_et_al_2022,Florida Keys,Ball Buoy Reef,BB1,NA,NA,field,Natural colony,2014,0.9253935660506504,2014,disease_2014_aftermath,compound,FALSE,FALSE,TRUE,TRUE,TRUE,local_metadata_plus_timeline,multiple,3,Sargassum Brown Tides; Coastal Eutrophication; 3rd Global Bleaching,sargassum; pollution; bleaching,Antonio-Martinez 2020 (Sci Rep); van Tussenbroek 2017 (Mar Pollut Bull); Banister et al. 2024 (PLoS ONE); Hughes et al. 2017 (Nature); Eakin et al. 2019 (Coral Reefs),caribbean-wide; local,chronic_pressure; chronic_regime,Sargassum Brown Tides,sargassum,37.5M tons,Leachate toxicity; larval spiral swimming; hypoxia (DO < 1mg/L),20,20,4,160.865,11172.077777777777
neely_et_al_2022,Florida Keys,Ball Buoy Reef,BB2,NA,NA,field,Natural colony,2014,0.9253935660506504,2014,disease_2014_aftermath,compound,FALSE,FALSE,TRUE,TRUE,TRUE,local_metadata_plus_timeline,multiple,3,Sargassum Brown Tides; Coastal Eutrophication; 3rd Global Bleaching,sargassum; pollution; bleaching,Antonio-Martinez 2020 (Sci Rep); van Tussenbroek 2017 (Mar Pollut Bull); Banister et al. 2024 (PLoS ONE); Hughes et al. 2017 (Nature); Eakin et al. 2019 (Coral Reefs),caribbean-wide; local,chronic_pressure; chronic_regime,Sargassum Brown Tides,sargassum,37.5M tons,Leachate toxicity; larval spiral swimming; hypoxia (DO < 1mg/L),12,12,16,266.71166666666664,12981.28
neely_et_al_2022,Florida Keys,Looe Key,LK1,NA,NA,field,Natural colony,2014,0.9336071184120466,2014,disease_2014_aftermath,compound,FALSE,FALSE,TRUE,TRUE,TRUE,local_metadata_plus_timeline,multiple,3,Sargassum Brown Tides; Coastal Eutrophication; 3rd Global Bleaching,sargassum; pollution; bleaching,Antonio-Martinez 2020 (Sci Rep); van Tussenbroek 2017 (Mar Pollut Bull); Banister et al. 2024 (PLoS ONE); Hughes et al. 2017 (Nature); Eakin et al. 2019 (Coral Reefs),caribbean-wide; local,chronic_pressure; chronic_regime,Sargassum Brown Tides,sargassum,37.5M tons,Leachate toxicity; larval spiral swimming; hypoxia (DO < 1mg/L),36,36,12.77222222222222,1318.62,72385.33333333334
neely_et_al_2022,Florida Keys,Looe Key,LK2,NA,NA,field,Natural colony,2014,0.9336071184120466,2014,disease_2014_aftermath,compound,FALSE,FALSE,TRUE,TRUE,TRUE,local_metadata_plus_timeline,multiple,3,Sargassum Brown Tides; Coastal Eutrophication; 3rd Global Bleaching,sargassum; pollution; bleaching,Antonio-Martinez 2020 (Sci Rep); van Tussenbroek 2017 (Mar Pollut Bull); Banister et al. 2024 (PLoS ONE); Hughes et al. 2017 (Nature); Eakin et al. 2019 (Coral Reefs),caribbean-wide; local,chronic_pressure; chronic_regime,Sargassum Brown Tides,sargassum,37.5M tons,Leachate toxicity; larval spiral swimming; hypoxia (DO < 1mg/L),26,26,18.402222222222218,569.6388888888889,23585.333333333336
neely_et_al_2022,Florida Keys,Marker 3 Reef,MR1,NA,NA,field,Natural colony,2014,0.922655715263518,2014,disease_2014_aftermath,compound,FALSE,FALSE,TRUE,TRUE,TRUE,local_metadata_plus_timeline,multiple,3,Sargassum Brown Tides; Coastal Eutrophication; 3rd Global Bleaching,sargassum; pollution; bleaching,Antonio-Martinez 2020 (Sci Rep); van Tussenbroek 2017 (Mar Pollut Bull); Banister et al. 2024 (PLoS ONE); Hughes et al. 2017 (Nature); Eakin et al. 2019 (Coral Reefs),caribbean-wide; local,chronic_pressure; chronic_regime,Sargassum Brown Tides,sargassum,37.5M tons,Leachate toxicity; larval spiral swimming; hypoxia (DO < 1mg/L),68,68,8.333333333333334,748.6666666666667,18240.8
neely_et_al_2022,Florida Keys,Palmata Patch,DT1,NA,NA,field,Natural colony,2014,0.944558521560575,2014,disease_2014_aftermath,compound,FALSE,FALSE,TRUE,TRUE,TRUE,local_metadata_plus_timeline,multiple,3,Sargassum Brown Tides; Coastal Eutrophication; 3rd Global Bleaching,sargassum; pollution; bleaching,Antonio-Martinez 2020 (Sci Rep); van Tussenbroek 2017 (Mar Pollut Bull); Banister et al. 2024 (PLoS ONE); Hughes et al. 2017 (Nature); Eakin et al. 2019 (Coral Reefs),caribbean-wide; local,chronic_pressure; chronic_regime,Sargassum Brown Tides,sargassum,37.5M tons,Leachate toxicity; larval spiral swimming; hypoxia (DO < 1mg/L),53,53,8.888888888888891,1444.95,12416.333333333332
neely_et_al_2022,Florida Keys,Palmata Patch,DT2,NA,NA,field,Natural colony,2014,0.947296372347707,2014,disease_2014_aftermath,compound,FALSE,FALSE,TRUE,TRUE,TRUE,local_metadata_plus_timeline,multiple,3,Sargassum Brown Tides; Coastal Eutrophication; 3rd Global Bleaching,sargassum; pollution; bleaching,Antonio-Martinez 2020 (Sci Rep); van Tussenbroek 2017 (Mar Pollut Bull); Banister et al. 2024 (PLoS ONE); Hughes et al. 2017 (Nature); Eakin et al. 2019 (Coral Reefs),caribbean-wide; local,chronic_pressure; chronic_regime,Sargassum Brown Tides,sargassum,37.5M tons,Leachate toxicity; larval spiral swimming; hypoxia (DO < 1mg/L),21,21,16,732.168888888889,5356.358888888888
neely_et_al_2022,Florida Keys,Sombrero Reef,SR1,NA,NA,field,Natural colony,2014,0.999315537303217,2014,disease_2014_aftermath,compound,FALSE,FALSE,TRUE,TRUE,TRUE,local_metadata_plus_timeline,multiple,3,Sargassum Brown Tides; Coastal Eutrophication; 3rd Global Bleaching,sargassum; pollution; bleaching,Antonio-Martinez 2020 (Sci Rep); van Tussenbroek 2017 (Mar Pollut Bull); Banister et al. 2024 (PLoS ONE); Hughes et al. 2017 (Nature); Eakin et al. 2019 (Coral Reefs),caribbean-wide; local,chronic_pressure; chronic_regime,Sargassum Brown Tides,sargassum,37.5M tons,Leachate toxicity; larval spiral swimming; hypoxia (DO < 1mg/L),13,13,160.44444444444443,4804.910000000001,51113.424444444434
neely_et_al_2022,Florida Keys,Sombrero Reef,SR2,NA,NA,field,Natural colony,2014,0.999315537303217,2014,disease_2014_aftermath,compound,FALSE,FALSE,TRUE,TRUE,TRUE,local_metadata_plus_timeline,multiple,3,Sargassum Brown Tides; Coastal Eutrophication; 3rd Global Bleaching,sargassum; pollution; bleaching,Antonio-Martinez 2020 (Sci Rep); van Tussenbroek 2017 (Mar Pollut Bull); Banister et al. 2024 (PLoS ONE); Hughes et al. 2017 (Nature); Eakin et al. 2019 (Coral Reefs),caribbean-wide; local,chronic_pressure; chronic_regime,Sargassum Brown Tides,sargassum,37.5M tons,Leachate toxicity; larval spiral swimming; hypoxia (DO < 1mg/L),4,4,384.4,3072.885,7794.777777777777
neely_et_al_2022,Florida Keys,Sombrero Reef,SR3,NA,NA,field,Natural colony,2014,0.999315537303217,2014,disease_2014_aftermath,compound,FALSE,FALSE,TRUE,TRUE,TRUE,local_metadata_plus_timeline,multiple,3,Sargassum Brown Tides; Coastal Eutrophication; 3rd Global Bleaching,sargassum; pollution; bleaching,Antonio-Martinez 2020 (Sci Rep); van Tussenbroek 2017 (Mar Pollut Bull); Banister et al. 2024 (PLoS ONE); Hughes et al. 2017 (Nature); Eakin et al. 2019 (Coral Reefs),caribbean-wide; local,chronic_pressure; chronic_regime,Sargassum Brown Tides,sargassum,37.5M tons,Leachate toxicity; larval spiral swimming; hypoxia (DO < 1mg/L),3,3,228.8133333333333,3173.644444444444,12977.414444444445
neely_et_al_2022,Florida Keys,West Sambo Key,WS1,NA,NA,field,Natural colony,2014,0.9390828199863108,2014,disease_2014_aftermath,compound,FALSE,FALSE,TRUE,TRUE,TRUE,local_metadata_plus_timeline,multiple,3,Sargassum Brown Tides; Coastal Eutrophication; 3rd Global Bleaching,sargassum; pollution; bleaching,Antonio-Martinez 2020 (Sci Rep); van Tussenbroek 2017 (Mar Pollut Bull); Banister et al. 2024 (PLoS ONE); Hughes et al. 2017 (Nature); Eakin et al. 2019 (Coral Reefs),caribbean-wide; local,chronic_pressure; chronic_regime,Sargassum Brown Tides,sargassum,37.5M tons,Leachate toxicity; larval spiral swimming; hypoxia (DO < 1mg/L),3,3,49.96111111111112,56.33333333333334,199.8444444444445
neely_et_al_2022,Florida Keys,West Sambo Key,WS2,NA,NA,field,Natural colony,2014,0.9390828199863108,2014,disease_2014_aftermath,compound,FALSE,FALSE,TRUE,TRUE,TRUE,local_metadata_plus_timeline,multiple,3,Sargassum Brown Tides; Coastal Eutrophication; 3rd Global Bleaching,sargassum; pollution; bleaching,Antonio-Martinez 2020 (Sci Rep); van Tussenbroek 2017 (Mar Pollut Bull); Banister et al. 2024 (PLoS ONE); Hughes et al. 2017 (Nature); Eakin et al. 2019 (Coral Reefs),caribbean-wide; local,chronic_pressure; chronic_regime,Sargassum Brown Tides,sargassum,37.5M tons,Leachate toxicity; larval spiral swimming; hypoxia (DO < 1mg/L),6,6,18.777777777777775,59.90555555555555,213.4222222222222
neely_et_al_2022,Florida Keys,West Sambo Key,WS3,NA,NA,field,Natural colony,2014,0.9390828199863108,2014,disease_2014_aftermath,compound,FALSE,FALSE,TRUE,TRUE,TRUE,local_metadata_plus_timeline,multiple,3,Sargassum Brown Tides; Coastal Eutrophication; 3rd Global Bleaching,sargassum; pollution; bleaching,Antonio-Martinez 2020 (Sci Rep); van Tussenbroek 2017 (Mar Pollut Bull); Banister et al. 2024 (PLoS ONE); Hughes et al. 2017 (Nature); Eakin et al. 2019 (Coral Reefs),caribbean-wide; local,chronic_pressure; chronic_regime,Sargassum Brown Tides,sargassum,37.5M tons,Leachate toxicity; larval spiral swimming; hypoxia (DO < 1mg/L),7,7,25.688888888888897,136.1111111111111,1815
neely_et_al_2022,Florida Keys,Looe Key,LK3,NA,NA,field,Natural colony,2014,1.026694045174538,2015,disease_2014_aftermath,compound,FALSE,FALSE,TRUE,TRUE,TRUE,local_metadata_plus_timeline,multiple,3,Sargassum Brown Tides; Coastal Eutrophication; 3rd Global Bleaching,sargassum; pollution; bleaching,Antonio-Martinez 2020 (Sci Rep); van Tussenbroek 2017 (Mar Pollut Bull); Banister et al. 2024 (PLoS ONE); Hughes et al. 2017 (Nature); Eakin et al. 2019 (Coral Reefs),caribbean-wide; local,chronic_pressure; chronic_regime,Sargassum Brown Tides,sargassum,37.5M tons,Leachate toxicity; larval spiral swimming; hypoxia (DO < 1mg/L),31,31,25,3061.7777777777774,12955.235555555557
neely_et_al_2022,Florida Keys,Rock Key,RK1,NA,NA,field,Natural colony,2014,1.0239561943874058,2015,disease_2014_aftermath,compound,FALSE,FALSE,TRUE,TRUE,TRUE,local_metadata_plus_timeline,multiple,3,Sargassum Brown Tides; Coastal Eutrophication; 3rd Global Bleaching,sargassum; pollution; bleaching,Antonio-Martinez 2020 (Sci Rep); van Tussenbroek 2017 (Mar Pollut Bull); Banister et al. 2024 (PLoS ONE); Hughes et al. 2017 (Nature); Eakin et al. 2019 (Coral Reefs),caribbean-wide; local,chronic_pressure; chronic_regime,Sargassum Brown Tides,sargassum,37.5M tons,Leachate toxicity; larval spiral swimming; hypoxia (DO < 1mg/L),10,10,172.08888888888887,2502.25,15347.057777777774
neely_et_al_2022,Florida Keys,Sand Key,SK1,NA,NA,field,Natural colony,2014,1.0239561943874058,2015,disease_2014_aftermath,compound,FALSE,FALSE,TRUE,TRUE,TRUE,local_metadata_plus_timeline,multiple,3,Sargassum Brown Tides; Coastal Eutrophication; 3rd Global Bleaching,sargassum; pollution; bleaching,Antonio-Martinez 2020 (Sci Rep); van Tussenbroek 2017 (Mar Pollut Bull); Banister et al. 2024 (PLoS ONE); Hughes et al. 2017 (Nature); Eakin et al. 2019 (Coral Reefs),caribbean-wide; local,chronic_pressure; chronic_regime,Sargassum Brown Tides,sargassum,37.5M tons,Leachate toxicity; larval spiral swimming; hypoxia (DO < 1mg/L),9,9,28.444444444444443,92.50999999999996,8631.814444444444
neely_et_al_2022,Florida Keys,Sand Key,SK2,NA,NA,field,Natural colony,2014,1.0239561943874058,2015,disease_2014_aftermath,compound,FALSE,FALSE,TRUE,TRUE,TRUE,local_metadata_plus_timeline,multiple,3,Sargassum Brown Tides; Coastal Eutrophication; 3rd Global Bleaching,sargassum; pollution; bleaching,Antonio-Martinez 2020 (Sci Rep); van Tussenbroek 2017 (Mar Pollut Bull); Banister et al. 2024 (PLoS ONE); Hughes et al. 2017 (Nature); Eakin et al. 2019 (Coral Reefs),caribbean-wide; local,chronic_pressure; chronic_regime,Sargassum Brown Tides,sargassum,37.5M tons,Leachate toxicity; larval spiral swimming; hypoxia (DO < 1mg/L),27,27,2,890.0277777777777,10645.14
neely_et_al_2022,Florida Keys,Marker 3 Reef,MR2,NA,NA,field,Natural colony,2015,0.5448323066392882,2015,disease_2014_aftermath,compound,FALSE,FALSE,TRUE,TRUE,TRUE,local_metadata_plus_timeline,multiple,3,Sargassum Brown Tides; Coastal Eutrophication; 3rd Global Bleaching,sargassum; pollution; bleaching,Antonio-Martinez 2020 (Sci Rep); van Tussenbroek 2017 (Mar Pollut Bull); Banister et al. 2024 (PLoS ONE); Hughes et al. 2017 (Nature); Eakin et al. 2019 (Coral Reefs),caribbean-wide; local,chronic_pressure; chronic_regime,Sargassum Brown Tides,sargassum,37.5M tons,Leachate toxicity; larval spiral swimming; hypoxia (DO < 1mg/L),17,17,10.755555555555556,66.69444444444443,1375.4
neely_et_al_2022,Florida Keys,Marker 3 Reef,MR3,NA,NA,field,Natural colony,2015,0.5420944558521561,2015,disease_2014_aftermath,compound,FALSE,FALSE,TRUE,TRUE,TRUE,local_metadata_plus_timeline,multiple,3,Sargassum Brown Tides; Coastal Eutrophication; 3rd Global Bleaching,sargassum; pollution; bleaching,Antonio-Martinez 2020 (Sci Rep); van Tussenbroek 2017 (Mar Pollut Bull); Banister et al. 2024 (PLoS ONE); Hughes et al. 2017 (Nature); Eakin et al. 2019 (Coral Reefs),caribbean-wide; local,chronic_pressure; chronic_regime,Sargassum Brown Tides,sargassum,37.5M tons,Leachate toxicity; larval spiral swimming; hypoxia (DO < 1mg/L),7,7,13.444444444444445,163.55555555555557,1525.4222222222222
neely_et_al_2022,Florida Keys,Marker 3 Reef,MR3,NA,NA,field,Natural colony,2015,NA,2015,disease_2014_aftermath,compound,FALSE,FALSE,TRUE,TRUE,TRUE,local_metadata_plus_timeline,multiple,3,Sargassum Brown Tides; Coastal Eutrophication; 3rd Global Bleaching,sargassum; pollution; bleaching,Antonio-Martinez 2020 (Sci Rep); van Tussenbroek 2017 (Mar Pollut Bull); Banister et al. 2024 (PLoS ONE); Hughes et al. 2017 (Nature); Eakin et al. 2019 (Coral Reefs),caribbean-wide; local,chronic_pressure; chronic_regime,Sargassum Brown Tides,sargassum,37.5M tons,Leachate toxicity; larval spiral swimming; hypoxia (DO < 1mg/L),2,2,22.5,27.294444444444444,32.08888888888889
neely_et_al_2022,Florida Keys,Palmata Patch,DT1,NA,NA,field,Natural colony,2015,1.0595482546201231,2016,NA,compound,FALSE,FALSE,TRUE,FALSE,TRUE,timeline_overlay,multiple,3,Sargassum Brown Tides; Coastal Eutrophication; 3rd Global Bleaching,sargassum; pollution; bleaching,Antonio-Martinez 2020 (Sci Rep); van Tussenbroek 2017 (Mar Pollut Bull); Banister et al. 2024 (PLoS ONE); Hughes et al. 2017 (Nature); Eakin et al. 2019 (Coral Reefs),caribbean-wide; local,chronic_pressure; chronic_regime,Sargassum Brown Tides,sargassum,37.5M tons,Leachate toxicity; larval spiral swimming; hypoxia (DO < 1mg/L),51,51,4,1315.0444444444445,11041.40555555556
neely_et_al_2022,Florida Keys,Palmata Patch,DT2,NA,NA,field,Natural colony,2015,1.0595482546201231,2016,NA,compound,FALSE,FALSE,TRUE,FALSE,TRUE,timeline_overlay,multiple,3,Sargassum Brown Tides; Coastal Eutrophication; 3rd Global Bleaching,sargassum; pollution; bleaching,Antonio-Martinez 2020 (Sci Rep); van Tussenbroek 2017 (Mar Pollut Bull); Banister et al. 2024 (PLoS ONE); Hughes et al. 2017 (Nature); Eakin et al. 2019 (Coral Reefs),caribbean-wide; local,chronic_pressure; chronic_regime,Sargassum Brown Tides,sargassum,37.5M tons,Leachate toxicity; larval spiral swimming; hypoxia (DO < 1mg/L),20,20,21.777777777777786,589.2627777777777,5180.03
neely_et_al_2022,Florida Keys,Palmata Patch,DT1,NA,NA,field,Natural colony,NA,NA,NA,NA,none,FALSE,FALSE,FALSE,FALSE,FALSE,none,zero,0,NA,NA,NA,NA,NA,NA,NA,NA,NA,1,1,236.6,236.6,236.6
neely_et_al_2022,Florida Keys,Sombrero Reef,SR2,NA,NA,field,Natural colony,NA,NA,NA,NA,none,FALSE,FALSE,FALSE,FALSE,FALSE,none,zero,0,NA,NA,NA,NA,NA,NA,NA,NA,NA,5,5,274.55,1516.1688888888891,4759.039999999999
neely_et_al_2022,Florida Keys,Sombrero Reef,SR3,NA,NA,field,Natural colony,NA,NA,NA,NA,none,FALSE,FALSE,FALSE,FALSE,FALSE,none,zero,0,NA,NA,NA,NA,NA,NA,NA,NA,NA,5,5,68.00666666666666,1701.3888888888887,7866.95
pausch_et_al_2018,Florida Keys,French Reef,NA,Lg,Snapper Ledge,field,Restoration fragment,2015,1,2015,NA,compound,FALSE,FALSE,TRUE,FALSE,TRUE,timeline_overlay,multiple,3,Sargassum Brown Tides; Coastal Eutrophication; 3rd Global Bleaching,sargassum; pollution; bleaching,Antonio-Martinez 2020 (Sci Rep); van Tussenbroek 2017 (Mar Pollut Bull); Banister et al. 2024 (PLoS ONE); Hughes et al. 2017 (Nature); Eakin et al. 2019 (Coral Reefs),caribbean-wide; local,chronic_pressure; chronic_regime,Sargassum Brown Tides,sargassum,37.5M tons,Leachate toxicity; larval spiral swimming; hypoxia (DO < 1mg/L),11,11,93.5,116.25,214.5
pausch_et_al_2018,Florida Keys,French Reef,NA,Sm,Snapper Ledge,field,Restoration fragment,2015,1,2015,NA,compound,FALSE,FALSE,TRUE,FALSE,TRUE,timeline_overlay,multiple,3,Sargassum Brown Tides; Coastal Eutrophication; 3rd Global Bleaching,sargassum; pollution; bleaching,Antonio-Martinez 2020 (Sci Rep); van Tussenbroek 2017 (Mar Pollut Bull); Banister et al. 2024 (PLoS ONE); Hughes et al. 2017 (Nature); Eakin et al. 2019 (Coral Reefs),caribbean-wide; local,chronic_pressure; chronic_regime,Sargassum Brown Tides,sargassum,37.5M tons,Leachate toxicity; larval spiral swimming; hypoxia (DO < 1mg/L),11,11,20.4,63.75,108
pausch_et_al_2018,Florida Keys,French Reef,NA,Lg,Snapper Ledge,field,Restoration fragment,2015,1.0027397260274,2016,NA,compound,FALSE,FALSE,TRUE,FALSE,TRUE,timeline_overlay,multiple,3,Sargassum Brown Tides; Coastal Eutrophication; 3rd Global Bleaching,sargassum; pollution; bleaching,Antonio-Martinez 2020 (Sci Rep); van Tussenbroek 2017 (Mar Pollut Bull); Banister et al. 2024 (PLoS ONE); Hughes et al. 2017 (Nature); Eakin et al. 2019 (Coral Reefs),caribbean-wide; local,chronic_pressure; chronic_regime,Sargassum Brown Tides,sargassum,37.5M tons,Leachate toxicity; larval spiral swimming; hypoxia (DO < 1mg/L),9,9,90,103.5,231
pausch_et_al_2018,Florida Keys,French Reef,NA,Lg,Snapper Ledge,field,Restoration fragment,2015,1.00547945205479,2016,NA,compound,FALSE,FALSE,TRUE,FALSE,TRUE,timeline_overlay,multiple,3,Sargassum Brown Tides; Coastal Eutrophication; 3rd Global Bleaching,sargassum; pollution; bleaching,Antonio-Martinez 2020 (Sci Rep); van Tussenbroek 2017 (Mar Pollut Bull); Banister et al. 2024 (PLoS ONE); Hughes et al. 2017 (Nature); Eakin et al. 2019 (Coral Reefs),caribbean-wide; local,chronic_pressure; chronic_regime,Sargassum Brown Tides,sargassum,37.5M tons,Leachate toxicity; larval spiral swimming; hypoxia (DO < 1mg/L),11,11,85,121.5,187.8525
pausch_et_al_2018,Florida Keys,French Reef,NA,Lg,Snapper Ledge,field,Restoration fragment,2015,1.02827564571787,2016,NA,compound,FALSE,FALSE,TRUE,FALSE,TRUE,timeline_overlay,multiple,3,Sargassum Brown Tides; Coastal Eutrophication; 3rd Global Bleaching,sargassum; pollution; bleaching,Antonio-Martinez 2020 (Sci Rep); van Tussenbroek 2017 (Mar Pollut Bull); Banister et al. 2024 (PLoS ONE); Hughes et al. 2017 (Nature); Eakin et al. 2019 (Coral Reefs),caribbean-wide; local,chronic_pressure; chronic_regime,Sargassum Brown Tides,sargassum,37.5M tons,Leachate toxicity; larval spiral swimming; hypoxia (DO < 1mg/L),12,12,64.35,113.75,204
pausch_et_al_2018,Florida Keys,French Reef,NA,Sm,Snapper Ledge,field,Restoration fragment,2015,1.0027397260274,2016,NA,compound,FALSE,FALSE,TRUE,FALSE,TRUE,timeline_overlay,multiple,3,Sargassum Brown Tides; Coastal Eutrophication; 3rd Global Bleaching,sargassum; pollution; bleaching,Antonio-Martinez 2020 (Sci Rep); van Tussenbroek 2017 (Mar Pollut Bull); Banister et al. 2024 (PLoS ONE); Hughes et al. 2017 (Nature); Eakin et al. 2019 (Coral Reefs),caribbean-wide; local,chronic_pressure; chronic_regime,Sargassum Brown Tides,sargassum,37.5M tons,Leachate toxicity; larval spiral swimming; hypoxia (DO < 1mg/L),6,6,36,50.75,61.75
pausch_et_al_2018,Florida Keys,French Reef,NA,Sm,Snapper Ledge,field,Restoration fragment,2015,1.00547945205479,2016,NA,compound,FALSE,FALSE,TRUE,FALSE,TRUE,timeline_overlay,multiple,3,Sargassum Brown Tides; Coastal Eutrophication; 3rd Global Bleaching,sargassum; pollution; bleaching,Antonio-Martinez 2020 (Sci Rep); van Tussenbroek 2017 (Mar Pollut Bull); Banister et al. 2024 (PLoS ONE); Hughes et al. 2017 (Nature); Eakin et al. 2019 (Coral Reefs),caribbean-wide; local,chronic_pressure; chronic_regime,Sargassum Brown Tides,sargassum,37.5M tons,Leachate toxicity; larval spiral swimming; hypoxia (DO < 1mg/L),11,11,25.5,56.525,109.25
pausch_et_al_2018,Florida Keys,French Reef,NA,Sm,Snapper Ledge,field,Restoration fragment,2015,1.02827564571787,2016,NA,compound,FALSE,FALSE,TRUE,FALSE,TRUE,timeline_overlay,multiple,3,Sargassum Brown Tides; Coastal Eutrophication; 3rd Global Bleaching,sargassum; pollution; bleaching,Antonio-Martinez 2020 (Sci Rep); van Tussenbroek 2017 (Mar Pollut Bull); Banister et al. 2024 (PLoS ONE); Hughes et al. 2017 (Nature); Eakin et al. 2019 (Coral Reefs),caribbean-wide; local,chronic_pressure; chronic_regime,Sargassum Brown Tides,sargassum,37.5M tons,Leachate toxicity; larval spiral swimming; hypoxia (DO < 1mg/L),13,13,30,63,87.5
pausch_et_al_2018,Florida Keys,Molasses Reef,NA,Lg,Snapper Ledge,field,Restoration fragment,2015,1.02827564571787,2016,NA,compound,FALSE,FALSE,TRUE,FALSE,TRUE,timeline_overlay,multiple,3,Sargassum Brown Tides; Coastal Eutrophication; 3rd Global Bleaching,sargassum; pollution; bleaching,Antonio-Martinez 2020 (Sci Rep); van Tussenbroek 2017 (Mar Pollut Bull); Banister et al. 2024 (PLoS ONE); Hughes et al. 2017 (Nature); Eakin et al. 2019 (Coral Reefs),caribbean-wide; local,chronic_pressure; chronic_regime,Sargassum Brown Tides,sargassum,37.5M tons,Leachate toxicity; larval spiral swimming; hypoxia (DO < 1mg/L),26,26,84,165.5,292.5
pausch_et_al_2018,Florida Keys,Molasses Reef,NA,Lg,Snapper Ledge,field,Restoration fragment,2015,1.04931506849315,2016,NA,compound,FALSE,FALSE,TRUE,FALSE,TRUE,timeline_overlay,multiple,3,Sargassum Brown Tides; Coastal Eutrophication; 3rd Global Bleaching,sargassum; pollution; bleaching,Antonio-Martinez 2020 (Sci Rep); van Tussenbroek 2017 (Mar Pollut Bull); Banister et al. 2024 (PLoS ONE); Hughes et al. 2017 (Nature); Eakin et al. 2019 (Coral Reefs),caribbean-wide; local,chronic_pressure; chronic_regime,Sargassum Brown Tides,sargassum,37.5M tons,Leachate toxicity; larval spiral swimming; hypoxia (DO < 1mg/L),7,7,95,126,208
pausch_et_al_2018,Florida Keys,Molasses Reef,NA,Lg,Snapper Ledge,field,Restoration fragment,2015,1.05205479452055,2016,NA,compound,FALSE,FALSE,TRUE,FALSE,TRUE,timeline_overlay,multiple,3,Sargassum Brown Tides; Coastal Eutrophication; 3rd Global Bleaching,sargassum; pollution; bleaching,Antonio-Martinez 2020 (Sci Rep); van Tussenbroek 2017 (Mar Pollut Bull); Banister et al. 2024 (PLoS ONE); Hughes et al. 2017 (Nature); Eakin et al. 2019 (Coral Reefs),caribbean-wide; local,chronic_pressure; chronic_regime,Sargassum Brown Tides,sargassum,37.5M tons,Leachate toxicity; larval spiral swimming; hypoxia (DO < 1mg/L),3,3,109.25,112.5,119
pausch_et_al_2018,Florida Keys,Molasses Reef,NA,Lg,Snapper Ledge,field,Restoration fragment,2015,1.05479452054795,2016,NA,compound,FALSE,FALSE,TRUE,FALSE,TRUE,timeline_overlay,multiple,3,Sargassum Brown Tides; Coastal Eutrophication; 3rd Global Bleaching,sargassum; pollution; bleaching,Antonio-Martinez 2020 (Sci Rep); van Tussenbroek 2017 (Mar Pollut Bull); Banister et al. 2024 (PLoS ONE); Hughes et al. 2017 (Nature); Eakin et al. 2019 (Coral Reefs),caribbean-wide; local,chronic_pressure; chronic_regime,Sargassum Brown Tides,sargassum,37.5M tons,Leachate toxicity; larval spiral swimming; hypoxia (DO < 1mg/L),5,5,78.75,133,154
pausch_et_al_2018,Florida Keys,Molasses Reef,NA,Sm,Snapper Ledge,field,Restoration fragment,2015,1.02827564571787,2016,NA,compound,FALSE,FALSE,TRUE,FALSE,TRUE,timeline_overlay,multiple,3,Sargassum Brown Tides; Coastal Eutrophication; 3rd Global Bleaching,sargassum; pollution; bleaching,Antonio-Martinez 2020 (Sci Rep); van Tussenbroek 2017 (Mar Pollut Bull); Banister et al. 2024 (PLoS ONE); Hughes et al. 2017 (Nature); Eakin et al. 2019 (Coral Reefs),caribbean-wide; local,chronic_pressure; chronic_regime,Sargassum Brown Tides,sargassum,37.5M tons,Leachate toxicity; larval spiral swimming; hypoxia (DO < 1mg/L),20,20,33,65.75,98
pausch_et_al_2018,Florida Keys,Molasses Reef,NA,Sm,Snapper Ledge,field,Restoration fragment,2015,1.04931506849315,2016,NA,compound,FALSE,FALSE,TRUE,FALSE,TRUE,timeline_overlay,multiple,3,Sargassum Brown Tides; Coastal Eutrophication; 3rd Global Bleaching,sargassum; pollution; bleaching,Antonio-Martinez 2020 (Sci Rep); van Tussenbroek 2017 (Mar Pollut Bull); Banister et al. 2024 (PLoS ONE); Hughes et al. 2017 (Nature); Eakin et al. 2019 (Coral Reefs),caribbean-wide; local,chronic_pressure; chronic_regime,Sargassum Brown Tides,sargassum,37.5M tons,Leachate toxicity; larval spiral swimming; hypoxia (DO < 1mg/L),7,7,44,58.5,81.25
pausch_et_al_2018,Florida Keys,Molasses Reef,NA,Sm,Snapper Ledge,field,Restoration fragment,2015,1.05205479452055,2016,NA,compound,FALSE,FALSE,TRUE,FALSE,TRUE,timeline_overlay,multiple,3,Sargassum Brown Tides; Coastal Eutrophication; 3rd Global Bleaching,sargassum; pollution; bleaching,Antonio-Martinez 2020 (Sci Rep); van Tussenbroek 2017 (Mar Pollut Bull); Banister et al. 2024 (PLoS ONE); Hughes et al. 2017 (Nature); Eakin et al. 2019 (Coral Reefs),caribbean-wide; local,chronic_pressure; chronic_regime,Sargassum Brown Tides,sargassum,37.5M tons,Leachate toxicity; larval spiral swimming; hypoxia (DO < 1mg/L),9,9,44.1,60.5,87.75
pausch_et_al_2018,Florida Keys,Molasses Reef,NA,Sm,Snapper Ledge,field,Restoration fragment,2015,1.05479452054795,2016,NA,compound,FALSE,FALSE,TRUE,FALSE,TRUE,timeline_overlay,multiple,3,Sargassum Brown Tides; Coastal Eutrophication; 3rd Global Bleaching,sargassum; pollution; bleaching,Antonio-Martinez 2020 (Sci Rep); van Tussenbroek 2017 (Mar Pollut Bull); Banister et al. 2024 (PLoS ONE); Hughes et al. 2017 (Nature); Eakin et al. 2019 (Coral Reefs),caribbean-wide; local,chronic_pressure; chronic_regime,Sargassum Brown Tides,sargassum,37.5M tons,Leachate toxicity; larval spiral swimming; hypoxia (DO < 1mg/L),4,4,42.75,60.875,86.25
pausch_et_al_2018,Florida Keys,Pickles Reef,NA,Lg,Snapper Ledge,field,Restoration fragment,2015,1.02827564571787,2016,NA,compound,FALSE,FALSE,TRUE,FALSE,TRUE,timeline_overlay,multiple,3,Sargassum Brown Tides; Coastal Eutrophication; 3rd Global Bleaching,sargassum; pollution; bleaching,Antonio-Martinez 2020 (Sci Rep); van Tussenbroek 2017 (Mar Pollut Bull); Banister et al. 2024 (PLoS ONE); Hughes et al. 2017 (Nature); Eakin et al. 2019 (Coral Reefs),caribbean-wide; local,chronic_pressure; chronic_regime,Sargassum Brown Tides,sargassum,37.5M tons,Leachate toxicity; larval spiral swimming; hypoxia (DO < 1mg/L),22,22,62.5,116.775,173.745
pausch_et_al_2018,Florida Keys,Pickles Reef,NA,Lg,Snapper Ledge,field,Restoration fragment,2015,1.04383561643836,2016,NA,compound,FALSE,FALSE,TRUE,FALSE,TRUE,timeline_overlay,multiple,3,Sargassum Brown Tides; Coastal Eutrophication; 3rd Global Bleaching,sargassum; pollution; bleaching,Antonio-Martinez 2020 (Sci Rep); van Tussenbroek 2017 (Mar Pollut Bull); Banister et al. 2024 (PLoS ONE); Hughes et al. 2017 (Nature); Eakin et al. 2019 (Coral Reefs),caribbean-wide; local,chronic_pressure; chronic_regime,Sargassum Brown Tides,sargassum,37.5M tons,Leachate toxicity; larval spiral swimming; hypoxia (DO < 1mg/L),5,5,88,124.74,203
pausch_et_al_2018,Florida Keys,Pickles Reef,NA,Lg,Snapper Ledge,field,Restoration fragment,2015,1.04657534246575,2016,NA,compound,FALSE,FALSE,TRUE,FALSE,TRUE,timeline_overlay,multiple,3,Sargassum Brown Tides; Coastal Eutrophication; 3rd Global Bleaching,sargassum; pollution; bleaching,Antonio-Martinez 2020 (Sci Rep); van Tussenbroek 2017 (Mar Pollut Bull); Banister et al. 2024 (PLoS ONE); Hughes et al. 2017 (Nature); Eakin et al. 2019 (Coral Reefs),caribbean-wide; local,chronic_pressure; chronic_regime,Sargassum Brown Tides,sargassum,37.5M tons,Leachate toxicity; larval spiral swimming; hypoxia (DO < 1mg/L),5,5,91,112.5,132
pausch_et_al_2018,Florida Keys,Pickles Reef,NA,Lg,Snapper Ledge,field,Restoration fragment,2015,1.04931506849315,2016,NA,compound,FALSE,FALSE,TRUE,FALSE,TRUE,timeline_overlay,multiple,3,Sargassum Brown Tides; Coastal Eutrophication; 3rd Global Bleaching,sargassum; pollution; bleaching,Antonio-Martinez 2020 (Sci Rep); van Tussenbroek 2017 (Mar Pollut Bull); Banister et al. 2024 (PLoS ONE); Hughes et al. 2017 (Nature); Eakin et al. 2019 (Coral Reefs),caribbean-wide; local,chronic_pressure; chronic_regime,Sargassum Brown Tides,sargassum,37.5M tons,Leachate toxicity; larval spiral swimming; hypoxia (DO < 1mg/L),10,10,73.5,108,186
pausch_et_al_2018,Florida Keys,Pickles Reef,NA,Sm,Snapper Ledge,field,Restoration fragment,2015,1.02827564571787,2016,NA,compound,FALSE,FALSE,TRUE,FALSE,TRUE,timeline_overlay,multiple,3,Sargassum Brown Tides; Coastal Eutrophication; 3rd Global Bleaching,sargassum; pollution; bleaching,Antonio-Martinez 2020 (Sci Rep); van Tussenbroek 2017 (Mar Pollut Bull); Banister et al. 2024 (PLoS ONE); Hughes et al. 2017 (Nature); Eakin et al. 2019 (Coral Reefs),caribbean-wide; local,chronic_pressure; chronic_regime,Sargassum Brown Tides,sargassum,37.5M tons,Leachate toxicity; larval spiral swimming; hypoxia (DO < 1mg/L),24,24,42,71.75,110.5
pausch_et_al_2018,Florida Keys,Pickles Reef,NA,Sm,Snapper Ledge,field,Restoration fragment,2015,1.04383561643836,2016,NA,compound,FALSE,FALSE,TRUE,FALSE,TRUE,timeline_overlay,multiple,3,Sargassum Brown Tides; Coastal Eutrophication; 3rd Global Bleaching,sargassum; pollution; bleaching,Antonio-Martinez 2020 (Sci Rep); van Tussenbroek 2017 (Mar Pollut Bull); Banister et al. 2024 (PLoS ONE); Hughes et al. 2017 (Nature); Eakin et al. 2019 (Coral Reefs),caribbean-wide; local,chronic_pressure; chronic_regime,Sargassum Brown Tides,sargassum,37.5M tons,Leachate toxicity; larval spiral swimming; hypoxia (DO < 1mg/L),7,7,51,71.25,95.04
pausch_et_al_2018,Florida Keys,Pickles Reef,NA,Sm,Snapper Ledge,field,Restoration fragment,2015,1.04657534246575,2016,NA,compound,FALSE,FALSE,TRUE,FALSE,TRUE,timeline_overlay,multiple,3,Sargassum Brown Tides; Coastal Eutrophication; 3rd Global Bleaching,sargassum; pollution; bleaching,Antonio-Martinez 2020 (Sci Rep); van Tussenbroek 2017 (Mar Pollut Bull); Banister et al. 2024 (PLoS ONE); Hughes et al. 2017 (Nature); Eakin et al. 2019 (Coral Reefs),caribbean-wide; local,chronic_pressure; chronic_regime,Sargassum Brown Tides,sargassum,37.5M tons,Leachate toxicity; larval spiral swimming; hypoxia (DO < 1mg/L),4,4,38.25,72,88
pausch_et_al_2018,Florida Keys,Pickles Reef,NA,Sm,Snapper Ledge,field,Restoration fragment,2015,1.04931506849315,2016,NA,compound,FALSE,FALSE,TRUE,FALSE,TRUE,timeline_overlay,multiple,3,Sargassum Brown Tides; Coastal Eutrophication; 3rd Global Bleaching,sargassum; pollution; bleaching,Antonio-Martinez 2020 (Sci Rep); van Tussenbroek 2017 (Mar Pollut Bull); Banister et al. 2024 (PLoS ONE); Hughes et al. 2017 (Nature); Eakin et al. 2019 (Coral Reefs),caribbean-wide; local,chronic_pressure; chronic_regime,Sargassum Brown Tides,sargassum,37.5M tons,Leachate toxicity; larval spiral swimming; hypoxia (DO < 1mg/L),6,6,45,70.0875,104.5
pausch_et_al_2018,Florida Keys,AAA,NA,Nearshore,Conch Reef 1,field,Restoration fragment,2016,1.02827564571787,2017,NA,compound,TRUE,FALSE,TRUE,FALSE,TRUE,timeline_overlay,multiple,4,Hurricane Irma; Sargassum Brown Tides; Coastal Eutrophication; 3rd Global Bleaching,hurricane; sargassum; pollution; bleaching,NOAA FKNMS 2017 (Post-Storm Assessment); Antonio-Martinez 2020 (Sci Rep); van Tussenbroek 2017 (Mar Pollut Bull); Banister et al. 2024 (PLoS ONE); Hughes et al. 2017 (Nature); Eakin et al. 2019 (Coral Reefs),regional; caribbean-wide; local,acute_event; chronic_pressure; chronic_regime,Hurricane Irma,hurricane,5,Devastating physical damage; framework displacement,13,13,24,44,63
pausch_et_al_2018,Florida Keys,AAA,NA,Nearshore,Conch Reef 1,field,Restoration fragment,2016,1.0958904109589,2017,NA,compound,TRUE,FALSE,TRUE,FALSE,TRUE,timeline_overlay,multiple,4,Hurricane Irma; Sargassum Brown Tides; Coastal Eutrophication; 3rd Global Bleaching,hurricane; sargassum; pollution; bleaching,NOAA FKNMS 2017 (Post-Storm Assessment); Antonio-Martinez 2020 (Sci Rep); van Tussenbroek 2017 (Mar Pollut Bull); Banister et al. 2024 (PLoS ONE); Hughes et al. 2017 (Nature); Eakin et al. 2019 (Coral Reefs),regional; caribbean-wide; local,acute_event; chronic_pressure; chronic_regime,Hurricane Irma,hurricane,5,Devastating physical damage; framework displacement,17,17,35,44,65
pausch_et_al_2018,Florida Keys,AAA,NA,Nearshore,Conch Reef 2,field,Restoration fragment,2016,1.02827564571787,2017,NA,compound,TRUE,FALSE,TRUE,FALSE,TRUE,timeline_overlay,multiple,4,Hurricane Irma; Sargassum Brown Tides; Coastal Eutrophication; 3rd Global Bleaching,hurricane; sargassum; pollution; bleaching,NOAA FKNMS 2017 (Post-Storm Assessment); Antonio-Martinez 2020 (Sci Rep); van Tussenbroek 2017 (Mar Pollut Bull); Banister et al. 2024 (PLoS ONE); Hughes et al. 2017 (Nature); Eakin et al. 2019 (Coral Reefs),regional; caribbean-wide; local,acute_event; chronic_pressure; chronic_regime,Hurricane Irma,hurricane,5,Devastating physical damage; framework displacement,4,4,31.5,39,63
pausch_et_al_2018,Florida Keys,AAA,NA,Nearshore,Conch Reef 2,field,Restoration fragment,2016,1.0958904109589,2017,NA,compound,TRUE,FALSE,TRUE,FALSE,TRUE,timeline_overlay,multiple,4,Hurricane Irma; Sargassum Brown Tides; Coastal Eutrophication; 3rd Global Bleaching,hurricane; sargassum; pollution; bleaching,NOAA FKNMS 2017 (Post-Storm Assessment); Antonio-Martinez 2020 (Sci Rep); van Tussenbroek 2017 (Mar Pollut Bull); Banister et al. 2024 (PLoS ONE); Hughes et al. 2017 (Nature); Eakin et al. 2019 (Coral Reefs),regional; caribbean-wide; local,acute_event; chronic_pressure; chronic_regime,Hurricane Irma,hurricane,5,Devastating physical damage; framework displacement,26,26,16.25,48.375,90
pausch_et_al_2018,Florida Keys,AAA,NA,Nearshore,Horseshoe Reef,field,Restoration fragment,2016,1.02827564571787,2017,NA,compound,TRUE,FALSE,TRUE,FALSE,TRUE,timeline_overlay,multiple,4,Hurricane Irma; Sargassum Brown Tides; Coastal Eutrophication; 3rd Global Bleaching,hurricane; sargassum; pollution; bleaching,NOAA FKNMS 2017 (Post-Storm Assessment); Antonio-Martinez 2020 (Sci Rep); van Tussenbroek 2017 (Mar Pollut Bull); Banister et al. 2024 (PLoS ONE); Hughes et al. 2017 (Nature); Eakin et al. 2019 (Coral Reefs),regional; caribbean-wide; local,acute_event; chronic_pressure; chronic_regime,Hurricane Irma,hurricane,5,Devastating physical damage; framework displacement,22,22,24,44.5,60
pausch_et_al_2018,Florida Keys,AAA,NA,Nearshore,Horseshoe Reef,field,Restoration fragment,2016,1.0958904109589,2017,NA,compound,TRUE,FALSE,TRUE,FALSE,TRUE,timeline_overlay,multiple,4,Hurricane Irma; Sargassum Brown Tides; Coastal Eutrophication; 3rd Global Bleaching,hurricane; sargassum; pollution; bleaching,NOAA FKNMS 2017 (Post-Storm Assessment); Antonio-Martinez 2020 (Sci Rep); van Tussenbroek 2017 (Mar Pollut Bull); Banister et al. 2024 (PLoS ONE); Hughes et al. 2017 (Nature); Eakin et al. 2019 (Coral Reefs),regional; caribbean-wide; local,acute_event; chronic_pressure; chronic_regime,Hurricane Irma,hurricane,5,Devastating physical damage; framework displacement,8,8,32,47.375,78
pausch_et_al_2018,Florida Keys,AAA,NA,Nearshore,Snapper Ledge,field,Restoration fragment,2016,1.02827564571787,2017,NA,compound,TRUE,FALSE,TRUE,FALSE,TRUE,timeline_overlay,multiple,4,Hurricane Irma; Sargassum Brown Tides; Coastal Eutrophication; 3rd Global Bleaching,hurricane; sargassum; pollution; bleaching,NOAA FKNMS 2017 (Post-Storm Assessment); Antonio-Martinez 2020 (Sci Rep); van Tussenbroek 2017 (Mar Pollut Bull); Banister et al. 2024 (PLoS ONE); Hughes et al. 2017 (Nature); Eakin et al. 2019 (Coral Reefs),regional; caribbean-wide; local,acute_event; chronic_pressure; chronic_regime,Hurricane Irma,hurricane,5,Devastating physical damage; framework displacement,30,30,32.5,58.125,85
pausch_et_al_2018,Florida Keys,French Reef,NA,Offshore,Conch Reef 1,field,Restoration fragment,2016,1.02827564571787,2017,NA,compound,TRUE,FALSE,TRUE,FALSE,TRUE,timeline_overlay,multiple,4,Hurricane Irma; Sargassum Brown Tides; Coastal Eutrophication; 3rd Global Bleaching,hurricane; sargassum; pollution; bleaching,NOAA FKNMS 2017 (Post-Storm Assessment); Antonio-Martinez 2020 (Sci Rep); van Tussenbroek 2017 (Mar Pollut Bull); Banister et al. 2024 (PLoS ONE); Hughes et al. 2017 (Nature); Eakin et al. 2019 (Coral Reefs),regional; caribbean-wide; local,acute_event; chronic_pressure; chronic_regime,Hurricane Irma,hurricane,5,Devastating physical damage; framework displacement,2,2,17.5,37.25,57
pausch_et_al_2018,Florida Keys,French Reef,NA,Offshore,Conch Reef 1,field,Restoration fragment,2016,1.05479452054795,2017,NA,compound,TRUE,FALSE,TRUE,FALSE,TRUE,timeline_overlay,multiple,4,Hurricane Irma; Sargassum Brown Tides; Coastal Eutrophication; 3rd Global Bleaching,hurricane; sargassum; pollution; bleaching,NOAA FKNMS 2017 (Post-Storm Assessment); Antonio-Martinez 2020 (Sci Rep); van Tussenbroek 2017 (Mar Pollut Bull); Banister et al. 2024 (PLoS ONE); Hughes et al. 2017 (Nature); Eakin et al. 2019 (Coral Reefs),regional; caribbean-wide; local,acute_event; chronic_pressure; chronic_regime,Hurricane Irma,hurricane,5,Devastating physical damage; framework displacement,28,28,20,33.125,57.5
pausch_et_al_2018,Florida Keys,French Reef,NA,Offshore,Conch Reef 2,field,Restoration fragment,2016,1.02827564571787,2017,NA,compound,TRUE,FALSE,TRUE,FALSE,TRUE,timeline_overlay,multiple,4,Hurricane Irma; Sargassum Brown Tides; Coastal Eutrophication; 3rd Global Bleaching,hurricane; sargassum; pollution; bleaching,NOAA FKNMS 2017 (Post-Storm Assessment); Antonio-Martinez 2020 (Sci Rep); van Tussenbroek 2017 (Mar Pollut Bull); Banister et al. 2024 (PLoS ONE); Hughes et al. 2017 (Nature); Eakin et al. 2019 (Coral Reefs),regional; caribbean-wide; local,acute_event; chronic_pressure; chronic_regime,Hurricane Irma,hurricane,5,Devastating physical damage; framework displacement,3,3,52.25,75,99
pausch_et_al_2018,Florida Keys,French Reef,NA,Offshore,Conch Reef 2,field,Restoration fragment,2016,1.05479452054795,2017,NA,compound,TRUE,FALSE,TRUE,FALSE,TRUE,timeline_overlay,multiple,4,Hurricane Irma; Sargassum Brown Tides; Coastal Eutrophication; 3rd Global Bleaching,hurricane; sargassum; pollution; bleaching,NOAA FKNMS 2017 (Post-Storm Assessment); Antonio-Martinez 2020 (Sci Rep); van Tussenbroek 2017 (Mar Pollut Bull); Banister et al. 2024 (PLoS ONE); Hughes et al. 2017 (Nature); Eakin et al. 2019 (Coral Reefs),regional; caribbean-wide; local,acute_event; chronic_pressure; chronic_regime,Hurricane Irma,hurricane,5,Devastating physical damage; framework displacement,27,27,24,46.75,162
pausch_et_al_2018,Florida Keys,French Reef,NA,Offshore,Horseshoe Reef,field,Restoration fragment,2016,1.02827564571787,2017,NA,compound,TRUE,FALSE,TRUE,FALSE,TRUE,timeline_overlay,multiple,4,Hurricane Irma; Sargassum Brown Tides; Coastal Eutrophication; 3rd Global Bleaching,hurricane; sargassum; pollution; bleaching,NOAA FKNMS 2017 (Post-Storm Assessment); Antonio-Martinez 2020 (Sci Rep); van Tussenbroek 2017 (Mar Pollut Bull); Banister et al. 2024 (PLoS ONE); Hughes et al. 2017 (Nature); Eakin et al. 2019 (Coral Reefs),regional; caribbean-wide; local,acute_event; chronic_pressure; chronic_regime,Hurricane Irma,hurricane,5,Devastating physical damage; framework displacement,7,7,32,42.5,49.5
pausch_et_al_2018,Florida Keys,French Reef,NA,Offshore,Horseshoe Reef,field,Restoration fragment,2016,1.05479452054795,2017,NA,compound,TRUE,FALSE,TRUE,FALSE,TRUE,timeline_overlay,multiple,4,Hurricane Irma; Sargassum Brown Tides; Coastal Eutrophication; 3rd Global Bleaching,hurricane; sargassum; pollution; bleaching,NOAA FKNMS 2017 (Post-Storm Assessment); Antonio-Martinez 2020 (Sci Rep); van Tussenbroek 2017 (Mar Pollut Bull); Banister et al. 2024 (PLoS ONE); Hughes et al. 2017 (Nature); Eakin et al. 2019 (Coral Reefs),regional; caribbean-wide; local,acute_event; chronic_pressure; chronic_regime,Hurricane Irma,hurricane,5,Devastating physical damage; framework displacement,23,23,32,45.5,88
pausch_et_al_2018,Florida Keys,French Reef,NA,Offshore,Snapper Ledge,field,Restoration fragment,2016,1.02827564571787,2017,NA,compound,TRUE,FALSE,TRUE,FALSE,TRUE,timeline_overlay,multiple,4,Hurricane Irma; Sargassum Brown Tides; Coastal Eutrophication; 3rd Global Bleaching,hurricane; sargassum; pollution; bleaching,NOAA FKNMS 2017 (Post-Storm Assessment); Antonio-Martinez 2020 (Sci Rep); van Tussenbroek 2017 (Mar Pollut Bull); Banister et al. 2024 (PLoS ONE); Hughes et al. 2017 (Nature); Eakin et al. 2019 (Coral Reefs),regional; caribbean-wide; local,acute_event; chronic_pressure; chronic_regime,Hurricane Irma,hurricane,5,Devastating physical damage; framework displacement,8,8,36,49.375,67.5
pausch_et_al_2018,Florida Keys,French Reef,NA,Offshore,Snapper Ledge,field,Restoration fragment,2016,1.05479452054795,2017,NA,compound,TRUE,FALSE,TRUE,FALSE,TRUE,timeline_overlay,multiple,4,Hurricane Irma; Sargassum Brown Tides; Coastal Eutrophication; 3rd Global Bleaching,hurricane; sargassum; pollution; bleaching,NOAA FKNMS 2017 (Post-Storm Assessment); Antonio-Martinez 2020 (Sci Rep); van Tussenbroek 2017 (Mar Pollut Bull); Banister et al. 2024 (PLoS ONE); Hughes et al. 2017 (Nature); Eakin et al. 2019 (Coral Reefs),regional; caribbean-wide; local,acute_event; chronic_pressure; chronic_regime,Hurricane Irma,hurricane,5,Devastating physical damage; framework displacement,22,22,28,48,88
pausch_et_al_2018,Florida Keys,Horseshoe,NA,Nearshore,Conch Reef 1,field,Restoration fragment,2016,1.02827564571787,2017,NA,compound,TRUE,FALSE,TRUE,FALSE,TRUE,timeline_overlay,multiple,4,Hurricane Irma; Sargassum Brown Tides; Coastal Eutrophication; 3rd Global Bleaching,hurricane; sargassum; pollution; bleaching,NOAA FKNMS 2017 (Post-Storm Assessment); Antonio-Martinez 2020 (Sci Rep); van Tussenbroek 2017 (Mar Pollut Bull); Banister et al. 2024 (PLoS ONE); Hughes et al. 2017 (Nature); Eakin et al. 2019 (Coral Reefs),regional; caribbean-wide; local,acute_event; chronic_pressure; chronic_regime,Hurricane Irma,hurricane,5,Devastating physical damage; framework displacement,8,8,27,32.625,45
pausch_et_al_2018,Florida Keys,Horseshoe,NA,Nearshore,Conch Reef 1,field,Restoration fragment,2016,1.06027397260274,2017,NA,compound,TRUE,FALSE,TRUE,FALSE,TRUE,timeline_overlay,multiple,4,Hurricane Irma; Sargassum Brown Tides; Coastal Eutrophication; 3rd Global Bleaching,hurricane; sargassum; pollution; bleaching,NOAA FKNMS 2017 (Post-Storm Assessment); Antonio-Martinez 2020 (Sci Rep); van Tussenbroek 2017 (Mar Pollut Bull); Banister et al. 2024 (PLoS ONE); Hughes et al. 2017 (Nature); Eakin et al. 2019 (Coral Reefs),regional; caribbean-wide; local,acute_event; chronic_pressure; chronic_regime,Hurricane Irma,hurricane,5,Devastating physical damage; framework displacement,22,22,24.75,31.75,48
pausch_et_al_2018,Florida Keys,Horseshoe,NA,Nearshore,Conch Reef 2,field,Restoration fragment,2016,1.02827564571787,2017,NA,compound,TRUE,FALSE,TRUE,FALSE,TRUE,timeline_overlay,multiple,4,Hurricane Irma; Sargassum Brown Tides; Coastal Eutrophication; 3rd Global Bleaching,hurricane; sargassum; pollution; bleaching,NOAA FKNMS 2017 (Post-Storm Assessment); Antonio-Martinez 2020 (Sci Rep); van Tussenbroek 2017 (Mar Pollut Bull); Banister et al. 2024 (PLoS ONE); Hughes et al. 2017 (Nature); Eakin et al. 2019 (Coral Reefs),regional; caribbean-wide; local,acute_event; chronic_pressure; chronic_regime,Hurricane Irma,hurricane,5,Devastating physical damage; framework displacement,5,5,32,38,45.5
pausch_et_al_2018,Florida Keys,Horseshoe,NA,Nearshore,Conch Reef 2,field,Restoration fragment,2016,1.06027397260274,2017,NA,compound,TRUE,FALSE,TRUE,FALSE,TRUE,timeline_overlay,multiple,4,Hurricane Irma; Sargassum Brown Tides; Coastal Eutrophication; 3rd Global Bleaching,hurricane; sargassum; pollution; bleaching,NOAA FKNMS 2017 (Post-Storm Assessment); Antonio-Martinez 2020 (Sci Rep); van Tussenbroek 2017 (Mar Pollut Bull); Banister et al. 2024 (PLoS ONE); Hughes et al. 2017 (Nature); Eakin et al. 2019 (Coral Reefs),regional; caribbean-wide; local,acute_event; chronic_pressure; chronic_regime,Hurricane Irma,hurricane,5,Devastating physical damage; framework displacement,25,25,22.5,37.5,45.5
pausch_et_al_2018,Florida Keys,Horseshoe,NA,Nearshore,Horseshoe Reef,field,Restoration fragment,2016,1.02827564571787,2017,NA,compound,TRUE,FALSE,TRUE,FALSE,TRUE,timeline_overlay,multiple,4,Hurricane Irma; Sargassum Brown Tides; Coastal Eutrophication; 3rd Global Bleaching,hurricane; sargassum; pollution; bleaching,NOAA FKNMS 2017 (Post-Storm Assessment); Antonio-Martinez 2020 (Sci Rep); van Tussenbroek 2017 (Mar Pollut Bull); Banister et al. 2024 (PLoS ONE); Hughes et al. 2017 (Nature); Eakin et al. 2019 (Coral Reefs),regional; caribbean-wide; local,acute_event; chronic_pressure; chronic_regime,Hurricane Irma,hurricane,5,Devastating physical damage; framework displacement,22,22,30,46.75,80
pausch_et_al_2018,Florida Keys,Horseshoe,NA,Nearshore,Horseshoe Reef,field,Restoration fragment,2016,1.06027397260274,2017,NA,compound,TRUE,FALSE,TRUE,FALSE,TRUE,timeline_overlay,multiple,4,Hurricane Irma; Sargassum Brown Tides; Coastal Eutrophication; 3rd Global Bleaching,hurricane; sargassum; pollution; bleaching,NOAA FKNMS 2017 (Post-Storm Assessment); Antonio-Martinez 2020 (Sci Rep); van Tussenbroek 2017 (Mar Pollut Bull); Banister et al. 2024 (PLoS ONE); Hughes et al. 2017 (Nature); Eakin et al. 2019 (Coral Reefs),regional; caribbean-wide; local,acute_event; chronic_pressure; chronic_regime,Hurricane Irma,hurricane,5,Devastating physical damage; framework displacement,8,8,35,44.375,69
pausch_et_al_2018,Florida Keys,Horseshoe,NA,Nearshore,Snapper Ledge,field,Restoration fragment,2016,1.02827564571787,2017,NA,compound,TRUE,FALSE,TRUE,FALSE,TRUE,timeline_overlay,multiple,4,Hurricane Irma; Sargassum Brown Tides; Coastal Eutrophication; 3rd Global Bleaching,hurricane; sargassum; pollution; bleaching,NOAA FKNMS 2017 (Post-Storm Assessment); Antonio-Martinez 2020 (Sci Rep); van Tussenbroek 2017 (Mar Pollut Bull); Banister et al. 2024 (PLoS ONE); Hughes et al. 2017 (Nature); Eakin et al. 2019 (Coral Reefs),regional; caribbean-wide; local,acute_event; chronic_pressure; chronic_regime,Hurricane Irma,hurricane,5,Devastating physical damage; framework displacement,30,30,28,49.5,88
pausch_et_al_2018,Florida Keys,Molasses Reef,NA,Offshore,Conch Reef 1,field,Restoration fragment,2016,1.02827564571787,2017,NA,compound,TRUE,FALSE,TRUE,FALSE,TRUE,timeline_overlay,multiple,4,Hurricane Irma; Sargassum Brown Tides; Coastal Eutrophication; 3rd Global Bleaching,hurricane; sargassum; pollution; bleaching,NOAA FKNMS 2017 (Post-Storm Assessment); Antonio-Martinez 2020 (Sci Rep); van Tussenbroek 2017 (Mar Pollut Bull); Banister et al. 2024 (PLoS ONE); Hughes et al. 2017 (Nature); Eakin et al. 2019 (Coral Reefs),regional; caribbean-wide; local,acute_event; chronic_pressure; chronic_regime,Hurricane Irma,hurricane,5,Devastating physical damage; framework displacement,17,17,38.25,78,112
pausch_et_al_2018,Florida Keys,Molasses Reef,NA,Offshore,Conch Reef 1,field,Restoration fragment,2016,1.08219178082192,2017,NA,compound,TRUE,FALSE,TRUE,FALSE,TRUE,timeline_overlay,multiple,4,Hurricane Irma; Sargassum Brown Tides; Coastal Eutrophication; 3rd Global Bleaching,hurricane; sargassum; pollution; bleaching,NOAA FKNMS 2017 (Post-Storm Assessment); Antonio-Martinez 2020 (Sci Rep); van Tussenbroek 2017 (Mar Pollut Bull); Banister et al. 2024 (PLoS ONE); Hughes et al. 2017 (Nature); Eakin et al. 2019 (Coral Reefs),regional; caribbean-wide; local,acute_event; chronic_pressure; chronic_regime,Hurricane Irma,hurricane,5,Devastating physical damage; framework displacement,13,13,48,72,148.5
pausch_et_al_2018,Florida Keys,Molasses Reef,NA,Offshore,Conch Reef 2,field,Restoration fragment,2016,1.02827564571787,2017,NA,compound,TRUE,FALSE,TRUE,FALSE,TRUE,timeline_overlay,multiple,4,Hurricane Irma; Sargassum Brown Tides; Coastal Eutrophication; 3rd Global Bleaching,hurricane; sargassum; pollution; bleaching,NOAA FKNMS 2017 (Post-Storm Assessment); Antonio-Martinez 2020 (Sci Rep); van Tussenbroek 2017 (Mar Pollut Bull); Banister et al. 2024 (PLoS ONE); Hughes et al. 2017 (Nature); Eakin et al. 2019 (Coral Reefs),regional; caribbean-wide; local,acute_event; chronic_pressure; chronic_regime,Hurricane Irma,hurricane,5,Devastating physical damage; framework displacement,20,20,37.5,84.5,110
pausch_et_al_2018,Florida Keys,Molasses Reef,NA,Offshore,Conch Reef 2,field,Restoration fragment,2016,1.08219178082192,2017,NA,compound,TRUE,FALSE,TRUE,FALSE,TRUE,timeline_overlay,multiple,4,Hurricane Irma; Sargassum Brown Tides; Coastal Eutrophication; 3rd Global Bleaching,hurricane; sargassum; pollution; bleaching,NOAA FKNMS 2017 (Post-Storm Assessment); Antonio-Martinez 2020 (Sci Rep); van Tussenbroek 2017 (Mar Pollut Bull); Banister et al. 2024 (PLoS ONE); Hughes et al. 2017 (Nature); Eakin et al. 2019 (Coral Reefs),regional; caribbean-wide; local,acute_event; chronic_pressure; chronic_regime,Hurricane Irma,hurricane,5,Devastating physical damage; framework displacement,10,10,51,79.25,132
pausch_et_al_2018,Florida Keys,Molasses Reef,NA,Offshore,Horseshoe Reef,field,Restoration fragment,2016,1.02827564571787,2017,NA,compound,TRUE,FALSE,TRUE,FALSE,TRUE,timeline_overlay,multiple,4,Hurricane Irma; Sargassum Brown Tides; Coastal Eutrophication; 3rd Global Bleaching,hurricane; sargassum; pollution; bleaching,NOAA FKNMS 2017 (Post-Storm Assessment); Antonio-Martinez 2020 (Sci Rep); van Tussenbroek 2017 (Mar Pollut Bull); Banister et al. 2024 (PLoS ONE); Hughes et al. 2017 (Nature); Eakin et al. 2019 (Coral Reefs),regional; caribbean-wide; local,acute_event; chronic_pressure; chronic_regime,Hurricane Irma,hurricane,5,Devastating physical damage; framework displacement,27,27,25,40,66.5
pausch_et_al_2018,Florida Keys,Molasses Reef,NA,Offshore,Horseshoe Reef,field,Restoration fragment,2016,1.08219178082192,2017,NA,compound,TRUE,FALSE,TRUE,FALSE,TRUE,timeline_overlay,multiple,4,Hurricane Irma; Sargassum Brown Tides; Coastal Eutrophication; 3rd Global Bleaching,hurricane; sargassum; pollution; bleaching,NOAA FKNMS 2017 (Post-Storm Assessment); Antonio-Martinez 2020 (Sci Rep); van Tussenbroek 2017 (Mar Pollut Bull); Banister et al. 2024 (PLoS ONE); Hughes et al. 2017 (Nature); Eakin et al. 2019 (Coral Reefs),regional; caribbean-wide; local,acute_event; chronic_pressure; chronic_regime,Hurricane Irma,hurricane,5,Devastating physical damage; framework displacement,3,3,45,50,54
pausch_et_al_2018,Florida Keys,Molasses Reef,NA,Offshore,Snapper Ledge,field,Restoration fragment,2016,1.02827564571787,2017,NA,compound,TRUE,FALSE,TRUE,FALSE,TRUE,timeline_overlay,multiple,4,Hurricane Irma; Sargassum Brown Tides; Coastal Eutrophication; 3rd Global Bleaching,hurricane; sargassum; pollution; bleaching,NOAA FKNMS 2017 (Post-Storm Assessment); Antonio-Martinez 2020 (Sci Rep); van Tussenbroek 2017 (Mar Pollut Bull); Banister et al. 2024 (PLoS ONE); Hughes et al. 2017 (Nature); Eakin et al. 2019 (Coral Reefs),regional; caribbean-wide; local,acute_event; chronic_pressure; chronic_regime,Hurricane Irma,hurricane,5,Devastating physical damage; framework displacement,26,26,26.25,48,70
pausch_et_al_2018,Florida Keys,Molasses Reef,NA,Offshore,Snapper Ledge,field,Restoration fragment,2016,1.08219178082192,2017,NA,compound,TRUE,FALSE,TRUE,FALSE,TRUE,timeline_overlay,multiple,4,Hurricane Irma; Sargassum Brown Tides; Coastal Eutrophication; 3rd Global Bleaching,hurricane; sargassum; pollution; bleaching,NOAA FKNMS 2017 (Post-Storm Assessment); Antonio-Martinez 2020 (Sci Rep); van Tussenbroek 2017 (Mar Pollut Bull); Banister et al. 2024 (PLoS ONE); Hughes et al. 2017 (Nature); Eakin et al. 2019 (Coral Reefs),regional; caribbean-wide; local,acute_event; chronic_pressure; chronic_regime,Hurricane Irma,hurricane,5,Devastating physical damage; framework displacement,4,4,31.5,39.875,51
pausch_et_al_2018,Florida Keys,North Dry Rocks,NA,Nearshore,Conch Reef 1,field,Restoration fragment,2016,1.02827564571787,2017,NA,compound,TRUE,FALSE,TRUE,FALSE,TRUE,timeline_overlay,multiple,4,Hurricane Irma; Sargassum Brown Tides; Coastal Eutrophication; 3rd Global Bleaching,hurricane; sargassum; pollution; bleaching,NOAA FKNMS 2017 (Post-Storm Assessment); Antonio-Martinez 2020 (Sci Rep); van Tussenbroek 2017 (Mar Pollut Bull); Banister et al. 2024 (PLoS ONE); Hughes et al. 2017 (Nature); Eakin et al. 2019 (Coral Reefs),regional; caribbean-wide; local,acute_event; chronic_pressure; chronic_regime,Hurricane Irma,hurricane,5,Devastating physical damage; framework displacement,2,2,40,47.625,55.25
pausch_et_al_2018,Florida Keys,North Dry Rocks,NA,Nearshore,Conch Reef 1,field,Restoration fragment,2016,1.09315068493151,2017,NA,compound,TRUE,FALSE,TRUE,FALSE,TRUE,timeline_overlay,multiple,4,Hurricane Irma; Sargassum Brown Tides; Coastal Eutrophication; 3rd Global Bleaching,hurricane; sargassum; pollution; bleaching,NOAA FKNMS 2017 (Post-Storm Assessment); Antonio-Martinez 2020 (Sci Rep); van Tussenbroek 2017 (Mar Pollut Bull); Banister et al. 2024 (PLoS ONE); Hughes et al. 2017 (Nature); Eakin et al. 2019 (Coral Reefs),regional; caribbean-wide; local,acute_event; chronic_pressure; chronic_regime,Hurricane Irma,hurricane,5,Devastating physical damage; framework displacement,28,28,32,60,112.5
pausch_et_al_2018,Florida Keys,North Dry Rocks,NA,Nearshore,Conch Reef 2,field,Restoration fragment,2016,1.02827564571787,2017,NA,compound,TRUE,FALSE,TRUE,FALSE,TRUE,timeline_overlay,multiple,4,Hurricane Irma; Sargassum Brown Tides; Coastal Eutrophication; 3rd Global Bleaching,hurricane; sargassum; pollution; bleaching,NOAA FKNMS 2017 (Post-Storm Assessment); Antonio-Martinez 2020 (Sci Rep); van Tussenbroek 2017 (Mar Pollut Bull); Banister et al. 2024 (PLoS ONE); Hughes et al. 2017 (Nature); Eakin et al. 2019 (Coral Reefs),regional; caribbean-wide; local,acute_event; chronic_pressure; chronic_regime,Hurricane Irma,hurricane,5,Devastating physical damage; framework displacement,2,2,48,54.875,61.75
pausch_et_al_2018,Florida Keys,North Dry Rocks,NA,Nearshore,Conch Reef 2,field,Restoration fragment,2016,1.09315068493151,2017,NA,compound,TRUE,FALSE,TRUE,FALSE,TRUE,timeline_overlay,multiple,4,Hurricane Irma; Sargassum Brown Tides; Coastal Eutrophication; 3rd Global Bleaching,hurricane; sargassum; pollution; bleaching,NOAA FKNMS 2017 (Post-Storm Assessment); Antonio-Martinez 2020 (Sci Rep); van Tussenbroek 2017 (Mar Pollut Bull); Banister et al. 2024 (PLoS ONE); Hughes et al. 2017 (Nature); Eakin et al. 2019 (Coral Reefs),regional; caribbean-wide; local,acute_event; chronic_pressure; chronic_regime,Hurricane Irma,hurricane,5,Devastating physical damage; framework displacement,28,28,36,63.875,104
pausch_et_al_2018,Florida Keys,North Dry Rocks,NA,Nearshore,Horseshoe Reef,field,Restoration fragment,2016,1.02827564571787,2017,NA,compound,TRUE,FALSE,TRUE,FALSE,TRUE,timeline_overlay,multiple,4,Hurricane Irma; Sargassum Brown Tides; Coastal Eutrophication; 3rd Global Bleaching,hurricane; sargassum; pollution; bleaching,NOAA FKNMS 2017 (Post-Storm Assessment); Antonio-Martinez 2020 (Sci Rep); van Tussenbroek 2017 (Mar Pollut Bull); Banister et al. 2024 (PLoS ONE); Hughes et al. 2017 (Nature); Eakin et al. 2019 (Coral Reefs),regional; caribbean-wide; local,acute_event; chronic_pressure; chronic_regime,Hurricane Irma,hurricane,5,Devastating physical damage; framework displacement,3,3,45.5,50,76
pausch_et_al_2018,Florida Keys,North Dry Rocks,NA,Nearshore,Horseshoe Reef,field,Restoration fragment,2016,1.09315068493151,2017,NA,compound,TRUE,FALSE,TRUE,FALSE,TRUE,timeline_overlay,multiple,4,Hurricane Irma; Sargassum Brown Tides; Coastal Eutrophication; 3rd Global Bleaching,hurricane; sargassum; pollution; bleaching,NOAA FKNMS 2017 (Post-Storm Assessment); Antonio-Martinez 2020 (Sci Rep); van Tussenbroek 2017 (Mar Pollut Bull); Banister et al. 2024 (PLoS ONE); Hughes et al. 2017 (Nature); Eakin et al. 2019 (Coral Reefs),regional; caribbean-wide; local,acute_event; chronic_pressure; chronic_regime,Hurricane Irma,hurricane,5,Devastating physical damage; framework displacement,27,27,32,51,76.5
pausch_et_al_2018,Florida Keys,North Dry Rocks,NA,Nearshore,Snapper Ledge,field,Restoration fragment,2016,1.02827564571787,2017,NA,compound,TRUE,FALSE,TRUE,FALSE,TRUE,timeline_overlay,multiple,4,Hurricane Irma; Sargassum Brown Tides; Coastal Eutrophication; 3rd Global Bleaching,hurricane; sargassum; pollution; bleaching,NOAA FKNMS 2017 (Post-Storm Assessment); Antonio-Martinez 2020 (Sci Rep); van Tussenbroek 2017 (Mar Pollut Bull); Banister et al. 2024 (PLoS ONE); Hughes et al. 2017 (Nature); Eakin et al. 2019 (Coral Reefs),regional; caribbean-wide; local,acute_event; chronic_pressure; chronic_regime,Hurricane Irma,hurricane,5,Devastating physical damage; framework displacement,24,24,28,48.75,78
pausch_et_al_2018,Florida Keys,North Dry Rocks,NA,Nearshore,Snapper Ledge,field,Restoration fragment,2016,1.09315068493151,2017,NA,compound,TRUE,FALSE,TRUE,FALSE,TRUE,timeline_overlay,multiple,4,Hurricane Irma; Sargassum Brown Tides; Coastal Eutrophication; 3rd Global Bleaching,hurricane; sargassum; pollution; bleaching,NOAA FKNMS 2017 (Post-Storm Assessment); Antonio-Martinez 2020 (Sci Rep); van Tussenbroek 2017 (Mar Pollut Bull); Banister et al. 2024 (PLoS ONE); Hughes et al. 2017 (Nature); Eakin et al. 2019 (Coral Reefs),regional; caribbean-wide; local,acute_event; chronic_pressure; chronic_regime,Hurricane Irma,hurricane,5,Devastating physical damage; framework displacement,6,6,38,47.375,73.5
pausch_et_al_2018,Florida Keys,Pickles Reef,NA,Offshore,Conch Reef 1,field,Restoration fragment,2016,1.02827564571787,2017,NA,compound,TRUE,FALSE,TRUE,FALSE,TRUE,timeline_overlay,multiple,4,Hurricane Irma; Sargassum Brown Tides; Coastal Eutrophication; 3rd Global Bleaching,hurricane; sargassum; pollution; bleaching,NOAA FKNMS 2017 (Post-Storm Assessment); Antonio-Martinez 2020 (Sci Rep); van Tussenbroek 2017 (Mar Pollut Bull); Banister et al. 2024 (PLoS ONE); Hughes et al. 2017 (Nature); Eakin et al. 2019 (Coral Reefs),regional; caribbean-wide; local,acute_event; chronic_pressure; chronic_regime,Hurricane Irma,hurricane,5,Devastating physical damage; framework displacement,1,1,40.5,40.5,40.5
pausch_et_al_2018,Florida Keys,Pickles Reef,NA,Offshore,Conch Reef 1,field,Restoration fragment,2016,1.0958904109589,2017,NA,compound,TRUE,FALSE,TRUE,FALSE,TRUE,timeline_overlay,multiple,4,Hurricane Irma; Sargassum Brown Tides; Coastal Eutrophication; 3rd Global Bleaching,hurricane; sargassum; pollution; bleaching,NOAA FKNMS 2017 (Post-Storm Assessment); Antonio-Martinez 2020 (Sci Rep); van Tussenbroek 2017 (Mar Pollut Bull); Banister et al. 2024 (PLoS ONE); Hughes et al. 2017 (Nature); Eakin et al. 2019 (Coral Reefs),regional; caribbean-wide; local,acute_event; chronic_pressure; chronic_regime,Hurricane Irma,hurricane,5,Devastating physical damage; framework displacement,29,29,16.25,48,77
pausch_et_al_2018,Florida Keys,Pickles Reef,NA,Offshore,Conch Reef 2,field,Restoration fragment,2016,1.02827564571787,2017,NA,compound,TRUE,FALSE,TRUE,FALSE,TRUE,timeline_overlay,multiple,4,Hurricane Irma; Sargassum Brown Tides; Coastal Eutrophication; 3rd Global Bleaching,hurricane; sargassum; pollution; bleaching,NOAA FKNMS 2017 (Post-Storm Assessment); Antonio-Martinez 2020 (Sci Rep); van Tussenbroek 2017 (Mar Pollut Bull); Banister et al. 2024 (PLoS ONE); Hughes et al. 2017 (Nature); Eakin et al. 2019 (Coral Reefs),regional; caribbean-wide; local,acute_event; chronic_pressure; chronic_regime,Hurricane Irma,hurricane,5,Devastating physical damage; framework displacement,3,3,45,69,92
pausch_et_al_2018,Florida Keys,Pickles Reef,NA,Offshore,Conch Reef 2,field,Restoration fragment,2016,1.0958904109589,2017,NA,compound,TRUE,FALSE,TRUE,FALSE,TRUE,timeline_overlay,multiple,4,Hurricane Irma; Sargassum Brown Tides; Coastal Eutrophication; 3rd Global Bleaching,hurricane; sargassum; pollution; bleaching,NOAA FKNMS 2017 (Post-Storm Assessment); Antonio-Martinez 2020 (Sci Rep); van Tussenbroek 2017 (Mar Pollut Bull); Banister et al. 2024 (PLoS ONE); Hughes et al. 2017 (Nature); Eakin et al. 2019 (Coral Reefs),regional; caribbean-wide; local,acute_event; chronic_pressure; chronic_regime,Hurricane Irma,hurricane,5,Devastating physical damage; framework displacement,27,27,38,68.25,112
pausch_et_al_2018,Florida Keys,Pickles Reef,NA,Offshore,Horseshoe Reef,field,Restoration fragment,2016,1.02827564571787,2017,NA,compound,TRUE,FALSE,TRUE,FALSE,TRUE,timeline_overlay,multiple,4,Hurricane Irma; Sargassum Brown Tides; Coastal Eutrophication; 3rd Global Bleaching,hurricane; sargassum; pollution; bleaching,NOAA FKNMS 2017 (Post-Storm Assessment); Antonio-Martinez 2020 (Sci Rep); van Tussenbroek 2017 (Mar Pollut Bull); Banister et al. 2024 (PLoS ONE); Hughes et al. 2017 (Nature); Eakin et al. 2019 (Coral Reefs),regional; caribbean-wide; local,acute_event; chronic_pressure; chronic_regime,Hurricane Irma,hurricane,5,Devastating physical damage; framework displacement,5,5,33.25,48,59.5
pausch_et_al_2018,Florida Keys,Pickles Reef,NA,Offshore,Horseshoe Reef,field,Restoration fragment,2016,1.0958904109589,2017,NA,compound,TRUE,FALSE,TRUE,FALSE,TRUE,timeline_overlay,multiple,4,Hurricane Irma; Sargassum Brown Tides; Coastal Eutrophication; 3rd Global Bleaching,hurricane; sargassum; pollution; bleaching,NOAA FKNMS 2017 (Post-Storm Assessment); Antonio-Martinez 2020 (Sci Rep); van Tussenbroek 2017 (Mar Pollut Bull); Banister et al. 2024 (PLoS ONE); Hughes et al. 2017 (Nature); Eakin et al. 2019 (Coral Reefs),regional; caribbean-wide; local,acute_event; chronic_pressure; chronic_regime,Hurricane Irma,hurricane,5,Devastating physical damage; framework displacement,25,25,4.75,48.75,68.25
pausch_et_al_2018,Florida Keys,Pickles Reef,NA,Offshore,Snapper Ledge,field,Restoration fragment,2016,1.02827564571787,2017,NA,compound,TRUE,FALSE,TRUE,FALSE,TRUE,timeline_overlay,multiple,4,Hurricane Irma; Sargassum Brown Tides; Coastal Eutrophication; 3rd Global Bleaching,hurricane; sargassum; pollution; bleaching,NOAA FKNMS 2017 (Post-Storm Assessment); Antonio-Martinez 2020 (Sci Rep); van Tussenbroek 2017 (Mar Pollut Bull); Banister et al. 2024 (PLoS ONE); Hughes et al. 2017 (Nature); Eakin et al. 2019 (Coral Reefs),regional; caribbean-wide; local,acute_event; chronic_pressure; chronic_regime,Hurricane Irma,hurricane,5,Devastating physical damage; framework displacement,10,10,24,42.5,72
pausch_et_al_2018,Florida Keys,Pickles Reef,NA,Offshore,Snapper Ledge,field,Restoration fragment,2016,1.0958904109589,2017,NA,compound,TRUE,FALSE,TRUE,FALSE,TRUE,timeline_overlay,multiple,4,Hurricane Irma; Sargassum Brown Tides; Coastal Eutrophication; 3rd Global Bleaching,hurricane; sargassum; pollution; bleaching,NOAA FKNMS 2017 (Post-Storm Assessment); Antonio-Martinez 2020 (Sci Rep); van Tussenbroek 2017 (Mar Pollut Bull); Banister et al. 2024 (PLoS ONE); Hughes et al. 2017 (Nature); Eakin et al. 2019 (Coral Reefs),regional; caribbean-wide; local,acute_event; chronic_pressure; chronic_regime,Hurricane Irma,hurricane,5,Devastating physical damage; framework displacement,20,20,30,44.5,63.75
