"","study","region","location","plot","treatment_1","treatment_2","latitude","longitude","depth_m","survey_yr","data_type","coral_id","size_cm2","size_live_cm2","growth_cm2_yr","growth_live_cm2_yr","fragment","time_interval_yr","disturbance","study_notes","study_N","group_N"
"1","NOAA_survey","Curacao","Blue Baai","BB1",NA,NA,12.135109,-68.986818,"3",2007,"field","BB1-t237",31200,24960,3163.94472361809,5708.8567839196,"N",1.09041095890411,NA,"dead = complete mortality or lost",817,50
"2","NOAA_survey","Curacao","Blue Baai","BB1",NA,NA,12.135109,-68.986818,"3",2007,"field","BB1-t238",8820,5733,183.417085427136,946.43216080402,"N",1.09041095890411,NA,"dead = complete mortality or lost",817,50
"3","NOAA_survey","Curacao","Blue Baai","BB1",NA,NA,12.135109,-68.986818,"3",2007,"field","BB1-t239",19110,18154.5,930.841708542714,1622.5533919598,"N",1.09041095890411,NA,"dead = complete mortality or lost",817,50
"4","NOAA_survey","Curacao","Blue Baai","BB1",NA,NA,12.135109,-68.986818,"3",2007,"field","BB1-t240",36550,34722.5,183.417085427136,-1510.89824120603,"N",1.09041095890411,NA,"dead = complete mortality or lost",817,50
"5","NOAA_survey","Curacao","Blue Baai","BB1",NA,NA,12.135109,-68.986818,"3",2007,"field","BB1-t241",38950,31160,6580.08793969849,5264.07035175879,"N",1.09041095890411,NA,"dead = complete mortality or lost",817,50
"6","NOAA_survey","Curacao","Blue Baai","BB1",NA,NA,12.135109,-68.986818,"3",2007,"field","BB1-t242",182,182,163.241206030151,159.939698492462,"N",1.09041095890411,NA,"dead = complete mortality or lost",817,50
"7","NOAA_survey","Curacao","Blue Baai","BB1",NA,NA,12.135109,-68.986818,"3",2007,"field","BB1-t243",434,347.2,237.525125628141,221.797110552764,"N",1.09041095890411,NA,"dead = complete mortality or lost",817,50
"8","NOAA_survey","Curacao","Blue Baai","BB1",NA,NA,12.135109,-68.986818,"3",2007,"field","BB1-t244",3060,2754,2201.00502512563,979.447236180904,"Y",1.09041095890411,NA,"dead = complete mortality or lost",817,50
"9","NOAA_survey","Curacao","Blue Baai","BB1",NA,NA,12.135109,-68.986818,"3",2007,"field","BB1-t245",12600,8820,-206.344221105528,990.452261306533,"N",1.09041095890411,NA,"dead = complete mortality or lost",817,50
"10","NOAA_survey","Curacao","Blue Baai","BB1",NA,NA,12.135109,-68.986818,"3",2007,"field","BB1-t246",9660,483,-605.276381909548,-360.414572864322,"N",1.09041095890411,NA,"dead = complete mortality or lost",817,50
"11","NOAA_survey","Curacao","Blue Baai","BB1",NA,NA,12.135109,-68.986818,"3",2007,"field","BB1-t248",224,212.8,-95.3768844221105,-86.2060301507538,"N",1.09041095890411,NA,"dead = complete mortality or lost",817,50
"12","NOAA_survey","Curacao","Blue Baai","BB1",NA,NA,12.135109,-68.986818,"3",2011,"field","BB1-t396",2745,2058.75,182.5,-159.6875,"N",0.986301369863014,NA,"dead = complete mortality or lost",817,50
"13","NOAA_survey","Curacao","Blue Baai","BB2",NA,NA,12.135202,-68.987383,"3",2007,"field","BB2-t249",144,86.4,2454.12060301508,567.309045226131,"N",1.09041095890411,NA,"dead = complete mortality or lost",817,50
"14","NOAA_survey","Curacao","Blue Baai","BB2",NA,NA,12.135202,-68.987383,"3",2007,"field","BB2-t250",3740,1122,55.0251256281407,1236.23115577889,"N",1.09041095890411,NA,"dead = complete mortality or lost",817,50
"15","NOAA_survey","Curacao","Blue Baai","BB2",NA,NA,12.135202,-68.987383,"3",2007,"field","BB2-t251",38335,30668,4428.60552763819,-415.62311557789,"N",1.09041095890411,NA,"dead = complete mortality or lost",817,50
"16","NOAA_survey","Curacao","Blue Baai","BB2",NA,NA,12.135202,-68.987383,"3",2007,"field","BB2-t252",23353,19850.05,-3258.40452261307,-5493.38756281407,"N",1.09041095890411,NA,"dead = complete mortality or lost",817,50
"17","NOAA_survey","Curacao","Blue Baai","BB2",NA,NA,12.135202,-68.987383,"3",2007,"field","BB2-t253",4189,4105.22,-265.037688442211,-903.530904522613,"N",1.09041095890411,NA,"dead = complete mortality or lost",817,50
"18","NOAA_survey","Curacao","Blue Baai","BB2",NA,NA,12.135202,-68.987383,"3",2007,"field","BB2-t254",21700,20615,710.741206030151,675.204145728643,"N",1.09041095890411,NA,"dead = complete mortality or lost",817,50
"19","NOAA_survey","Curacao","Blue Baai","BB2",NA,NA,12.135202,-68.987383,"3",2007,"field","BB2-t255",4560,2964,3223.55527638191,3946.67713567839,"N",1.09041095890411,NA,"dead = complete mortality or lost",817,50
"20","NOAA_survey","Curacao","Blue Baai","BB2",NA,NA,12.135202,-68.987383,"3",2007,"field","BB2-t256",28080,25272,6437.93969849246,4184.6608040201,"N",1.09041095890411,NA,"dead = complete mortality or lost",817,50
"21","NOAA_survey","Curacao","Blue Baai","BB2",NA,NA,12.135202,-68.987383,"3",2007,"field","BB2-t257",66,62.7,-5.50251256281407,-2.47613065326633,"N",1.09041095890411,NA,"dead = complete mortality or lost",817,50
"22","NOAA_survey","Curacao","Blue Baai","BB2",NA,NA,12.135202,-68.987383,"3",2007,"field","BB2-t258",8280,7866,944.597989949749,1238.89070351759,"N",1.09041095890411,NA,"dead = complete mortality or lost",817,50
"23","NOAA_survey","Curacao","Blue Baai","BB2",NA,NA,12.135202,-68.987383,"3",2007,"field","BB2-t259",4104,3078,-1493.93216080402,-666.491834170854,"N",1.09041095890411,NA,"dead = complete mortality or lost",817,50
"24","NOAA_survey","Curacao","Blue Baai","BB2",NA,NA,12.135202,-68.987383,"3",2007,"field","BB2-t260",7040,2464,-339.321608040201,-118.76256281407,"N",1.09041095890411,NA,"dead = complete mortality or lost",817,50
"25","NOAA_survey","Curacao","Blue Baai","BB2",NA,NA,12.135202,-68.987383,"3",2007,"field","BB2-t261",9204,6442.8,225.603015075377,-2442.01507537688,"N",1.09041095890411,NA,"dead = complete mortality or lost",817,50
"26","NOAA_survey","Curacao","Blue Baai","BB2",NA,NA,12.135202,-68.987383,"3",2007,"field","BB2-t262",3680,1472,59.6105527638191,1912.81092964824,"N",1.09041095890411,NA,"dead = complete mortality or lost",817,50
"27","NOAA_survey","Curacao","Blue Baai","BB2",NA,NA,12.135202,-68.987383,"3",2012,"field","BB2-t284",750,150,42.3324742268041,-28.9271907216495,"Y",1.06301369863014,NA,"dead = complete mortality or lost",817,50
"28","NOAA_survey","Curacao","Blue Baai","BB2",NA,NA,12.135202,-68.987383,"3",2012,"field","BB2-t285",924,739.2,612.409793814433,-102.726804123711,"N",1.06301369863014,NA,"dead = complete mortality or lost",817,50
"29","NOAA_survey","Curacao","Blue Baai","BB2",NA,NA,12.135202,-68.987383,"3",2012,"field","BB2-t286",1000,800,177.796391752577,198.163015463918,"N",1.06301369863014,NA,"dead = complete mortality or lost",817,50
"30","NOAA_survey","Curacao","Blue Baai","BB2",NA,NA,12.135202,-68.987383,"3",2012,"field","BB2-t287",6500,5200,305.734536082474,244.587628865979,"N",1.06301369863014,NA,"dead = complete mortality or lost",817,50
"31","NOAA_survey","Curacao","Blue Baai","BB2",NA,NA,12.135202,-68.987383,"3",2012,"field","BB2-t288",700,70,0,0,"N",1.06301369863014,NA,"dead = complete mortality or lost",817,50
"32","NOAA_survey","Curacao","Blue Baai","BB2",NA,NA,12.135202,-68.987383,"3",2011,"field","BB2-t389",2400,1920,-338.711911357341,-1732.48614958449,"Y",0.989041095890411,NA,"dead = complete mortality or lost",817,50
"33","NOAA_survey","Curacao","Blue Baai","BB2",NA,NA,12.135202,-68.987383,"3",2011,"field","BB2-t391",5850,2632.5,-54.5983379501385,-317.580332409972,"Y",0.989041095890411,NA,"dead = complete mortality or lost",817,50
"34","NOAA_survey","Curacao","Blue Baai","BB2",NA,NA,12.135202,-68.987383,"3",2011,"field","BB2-t393",30,27,136.495844875346,139.529085872576,"N",0.989041095890411,NA,"dead = complete mortality or lost",817,50
"35","NOAA_survey","Curacao","Blue Baai","BB2",NA,NA,12.135202,-68.987383,"3",2011,"field","BB2-t394",35,35,0,-35.387811634349,"N",0.989041095890411,NA,"dead = complete mortality or lost",817,50
"36","NOAA_survey","Curacao","Blue Baai","BB3",NA,NA,12.135267,-68.987104,"2.7",2007,"field","BB3-t263",1750,700,1366.45728643216,546.582914572864,"N",1.09041095890411,NA,"dead = complete mortality or lost",817,50
"37","NOAA_survey","Curacao","Blue Baai","BB3",NA,NA,12.135267,-68.987104,"2.7",2007,"field","BB3-t264",18900,15120,4853.21608040201,1663.95979899497,"N",1.09041095890411,NA,"dead = complete mortality or lost",817,50
"38","NOAA_survey","Curacao","Blue Baai","BB3",NA,NA,12.135267,-68.987104,"2.7",2007,"field","BB3-t265",7380,5904,526.407035175879,-308.324120603016,"N",1.09041095890411,NA,"dead = complete mortality or lost",817,50
"39","NOAA_survey","Curacao","Blue Baai","BB3",NA,NA,12.135267,-68.987104,"2.7",2007,"field","BB3-t266",22100,18785,2636.62060301508,1095.91708542714,"N",1.09041095890411,NA,"dead = complete mortality or lost",817,50
"40","NOAA_survey","Curacao","Blue Baai","BB3",NA,NA,12.135267,-68.987104,"2.7",2007,"field","BB3-t267",47150,42435,12417.3366834171,11175.6030150754,"N",1.09041095890411,NA,"dead = complete mortality or lost",817,50
"41","NOAA_survey","Curacao","Blue Baai","BB3",NA,NA,12.135267,-68.987104,"2.7",2007,"field","BB3-t268",1575,945,252.198492462312,660.301507537689,"Y",1.09041095890411,NA,"dead = complete mortality or lost",817,50
"42","NOAA_survey","Curacao","Blue Baai","BB3",NA,NA,12.135267,-68.987104,"2.7",2007,"field","BB3-t269",9450,3780,481.469849246231,2022.17336683417,"N",1.09041095890411,NA,"dead = complete mortality or lost",817,50
"43","NOAA_survey","Curacao","Blue Baai","BB3",NA,NA,12.135267,-68.987104,"2.7",2007,"field","BB3-t271",1560,31.2,953.768844221106,42.9195979899498,"N",1.09041095890411,NA,"dead = complete mortality or lost",817,50
"44","NOAA_survey","Curacao","Blue Baai","BB3",NA,NA,12.135267,-68.987104,"2.7",2007,"field","BB3-t272",48,24,643.793969849246,597.022613065327,"N",1.09041095890411,NA,"dead = complete mortality or lost",817,50
"45","NOAA_survey","Curacao","Blue Baai","BB3",NA,NA,12.135267,-68.987104,"2.7",2011,"field","BB3-t369",3700,2405,540.927977839335,-2003.45567867036,"N",0.989041095890411,NA,"dead = complete mortality or lost",817,50
"46","NOAA_survey","Curacao","Blue Baai","BB3",NA,NA,12.135267,-68.987104,"2.7",2011,"field","BB3-t370",720,612,181.994459833795,109.196675900277,"Y",0.989041095890411,NA,"dead = complete mortality or lost",817,50
"47","NOAA_survey","Curacao","Blue Baai","BB3",NA,NA,12.135267,-68.987104,"2.7",2011,"field","BB3-t371",81,81,-39.4321329639889,-39.4321329639889,"N",0.989041095890411,NA,"dead = complete mortality or lost",817,50
"48","NOAA_survey","Curacao","Blue Baai","BB3",NA,NA,12.135267,-68.987104,"2.7",2011,"field","BB3-t377",1845,1568.25,670.346260387812,316.215373961219,"Y",0.989041095890411,NA,"dead = complete mortality or lost",817,50
"49","NOAA_survey","Curacao","Blue Baai","BB3",NA,NA,12.135267,-68.987104,"2.7",2011,"field","BB3-t378",2090,1463,76.8421052631579,-55.7105263157894,"N",0.989041095890411,NA,"dead = complete mortality or lost",817,50
"50","NOAA_survey","Curacao","Blue Baai","BB3",NA,NA,12.135267,-68.987104,"2.7",2011,"field","BB3-t379",7200,2160,0,-727.97783933518,"N",0.989041095890411,NA,"dead = complete mortality or lost",817,50
"51","NOAA_survey","Curacao","Boca Santa Marta","SM1",NA,NA,12.268331,-69.129461,"2.7",2007,"field","SM1-t199",2000,1800,5516.37279596977,2758.18639798489,"Y",1.08767123287671,NA,"dead = complete mortality or lost",817,40
"52","NOAA_survey","Curacao","Boca Santa Marta","SM1",NA,NA,12.268331,-69.129461,"2.7",2007,"field","SM1-t340",2940,2793,2879.54659949622,223.413098236776,"N",1.08767123287671,NA,"dead = complete mortality or lost",817,40
"53","NOAA_survey","Curacao","Boca Santa Marta","SM1",NA,NA,12.268331,-69.129461,"2.7",2007,"field","SM1-t341",1050,945,1314.7355163728,1183.26196473552,"Y",1.08767123287671,NA,"dead = complete mortality or lost",817,40
"54","NOAA_survey","Curacao","Boca Santa Marta","SM1",NA,NA,12.268331,-69.129461,"2.7",2007,"field","SM1-t342",180,178.2,400.856423173803,345.876574307305,"N",1.08767123287671,NA,"dead = complete mortality or lost",817,40
"55","NOAA_survey","Curacao","Boca Santa Marta","SM1",NA,NA,12.268331,-69.129461,"2.7",2007,"field","SM1-t343",47190,28314,4881.98992443325,2929.19395465995,"N",1.08767123287671,NA,"dead = complete mortality or lost",817,40
"56","NOAA_survey","Curacao","Boca Santa Marta","SM1",NA,NA,12.268331,-69.129461,"2.7",2007,"field","SM1-t344",3978,3580.2,2079.6725440806,1871.70528967254,"N",1.08767123287671,NA,"dead = complete mortality or lost",817,40
"57","NOAA_survey","Curacao","Boca Santa Marta","SM1",NA,NA,12.268331,-69.129461,"2.7",2007,"field","SM1-t345",25900,19425,643.576826196473,1705.47858942065,"N",1.08767123287671,NA,"dead = complete mortality or lost",817,40
"58","NOAA_survey","Curacao","Boca Santa Marta","SM1",NA,NA,12.268331,-69.129461,"2.7",2007,"field","SM1-t346",1472,1177.6,2094.38287153652,985.959697732997,"N",1.08767123287671,NA,"dead = complete mortality or lost",817,40
"59","NOAA_survey","Curacao","Boca Santa Marta","SM1",NA,NA,12.268331,-69.129461,"2.7",2007,"field","SM1-t347",476,428.4,386.146095717884,388.72040302267,"N",1.08767123287671,NA,"dead = complete mortality or lost",817,40
"60","NOAA_survey","Curacao","Boca Santa Marta","SM1",NA,NA,12.268331,-69.129461,"2.7",2007,"field","SM1-t348",500,495,45.9697732997481,-50.5667506297229,"N",1.08767123287671,NA,"dead = complete mortality or lost",817,40
"61","NOAA_survey","Curacao","Boca Santa Marta","SM1",NA,NA,12.268331,-69.129461,"2.7",2007,"field","SM1-t349",4628,4396.6,1151.08312342569,1093.52896725441,"N",1.08767123287671,NA,"dead = complete mortality or lost",817,40
"62","NOAA_survey","Curacao","Boca Santa Marta","SM1",NA,NA,12.268331,-69.129461,"2.7",2007,"field","SM1-t350",10120,9614,5865.74307304786,4813.95465994962,"N",1.08767123287671,NA,"dead = complete mortality or lost",817,40
"63","NOAA_survey","Curacao","Boca Santa Marta","SM1",NA,NA,12.268331,-69.129461,"2.7",2007,"field","SM1-t351",9100,8190,-1084.88664987406,-976.39798488665,"N",1.08767123287671,NA,"dead = complete mortality or lost",817,40
"64","NOAA_survey","Curacao","Boca Santa Marta","SM1",NA,NA,12.268331,-69.129461,"2.7",2007,"field","SM1-t352",3300,2145,551.637279596977,537.846347607053,"N",1.08767123287671,NA,"dead = complete mortality or lost",817,40
"65","NOAA_survey","Curacao","Boca Santa Marta","SM1",NA,NA,12.268331,-69.129461,"2.7",2007,"field","SM1-t353",17100,16245,-643.576826196473,-1365.30226700252,"N",1.08767123287671,NA,"dead = complete mortality or lost",817,40
"66","NOAA_survey","Curacao","Boca Santa Marta","SM1",NA,NA,12.268331,-69.129461,"2.7",2007,"field","SM1-t354",6300,5985,1448.04785894207,1013.63350125945,"N",1.08767123287671,NA,"dead = complete mortality or lost",817,40
"67","NOAA_survey","Curacao","Boca Santa Marta","SM1",NA,NA,12.268331,-69.129461,"2.7",2007,"field","SM1-t355",5400,4860,1224.63476070529,1411.63979848866,"N",1.08767123287671,NA,"dead = complete mortality or lost",817,40
"68","NOAA_survey","Curacao","Boca Santa Marta","SM2",NA,NA,12.267807,-69.128565,"2.4",2007,"field","SM2-t200",16500,15675,1746.85138539043,-32.1788413098237,"N",1.08767123287671,NA,"dead = complete mortality or lost",817,40
"69","NOAA_survey","Curacao","Boca Santa Marta","SM2",NA,NA,12.267807,-69.128565,"2.4",2012,"field","SM2-t295",6720,67.2,-6275.19230769231,-48.8538461538462,"N",1.06849315068493,NA,"dead = complete mortality or lost",817,40
"70","NOAA_survey","Curacao","Boca Santa Marta","SM2",NA,NA,12.267807,-69.128565,"2.4",2012,"field","SM2-t296",4900,2450,1029.48717948718,-327.564102564103,"N",1.06849315068493,NA,"dead = complete mortality or lost",817,40
"71","NOAA_survey","Curacao","Boca Santa Marta","SM2",NA,NA,12.267807,-69.128565,"2.4",2007,"field","SM2-t356",26700,25365,24455.919395466,20782.9345088161,"N",1.08767123287671,NA,"dead = complete mortality or lost",817,40
"72","NOAA_survey","Curacao","Boca Santa Marta","SM2",NA,NA,12.267807,-69.128565,"2.4",2007,"field","SM2-t357",15744,14169.6,4763.3879093199,5826.11712846348,"N",1.08767123287671,NA,"dead = complete mortality or lost",817,40
"73","NOAA_survey","Curacao","Boca Santa Marta","SM2",NA,NA,12.267807,-69.128565,"2.4",2007,"field","SM2-t358",2400,2280,2169.77329974811,1842.4685138539,"N",1.08767123287671,NA,"dead = complete mortality or lost",817,40
"74","NOAA_survey","Curacao","Boca Santa Marta","SM2",NA,NA,12.267807,-69.128565,"2.4",2007,"field","SM2-t359",26460,25137,-5111.83879093199,-6777.78337531486,"N",1.08767123287671,NA,"dead = complete mortality or lost",817,40
"75","NOAA_survey","Curacao","Boca Santa Marta","SM2",NA,NA,12.267807,-69.128565,"2.4",2007,"field","SM2-t360",23856,22663.2,6068.01007556675,4364.55415617129,"N",1.08767123287671,NA,"dead = complete mortality or lost",817,40
"76","NOAA_survey","Curacao","Boca Santa Marta","SM2",NA,NA,12.267807,-69.128565,"2.4",2007,"field","SM2-t361",850,765,1379.09319899244,1349.21284634761,"N",1.08767123287671,NA,"dead = complete mortality or lost",817,40
"77","NOAA_survey","Curacao","Boca Santa Marta","SM3",NA,NA,12.266826,-69.127415,"3",2007,"field","SM3-t362",12390,11151,2936.59090909091,2642.93181818182,"N",1.08493150684932,NA,"dead = complete mortality or lost",817,40
"78","NOAA_survey","Curacao","Boca Santa Marta","SM3",NA,NA,12.266826,-69.127415,"3",2007,"field","SM3-t363",11900,10115,5000.31565656566,3451.83080808081,"N",1.08493150684932,NA,"dead = complete mortality or lost",817,40
"79","NOAA_survey","Curacao","Boca Santa Marta","SM3",NA,NA,12.266826,-69.127415,"3",2007,"field","SM3-t364",13905,10428.75,3497.91666666667,991.998106060606,"N",1.08493150684932,NA,"dead = complete mortality or lost",817,40
"80","NOAA_survey","Curacao","Boca Santa Marta","SM3",NA,NA,12.266826,-69.127415,"3",2007,"field","SM3-t365",9720,3888,1321.74242424242,1042.73863636364,"N",1.08493150684932,NA,"dead = complete mortality or lost",817,40
"81","NOAA_survey","Curacao","Boca Santa Marta","SM3",NA,NA,12.266826,-69.127415,"3",2007,"field","SM3-t366",960,576,566.856060606061,267.528409090909,"N",1.08493150684932,NA,"dead = complete mortality or lost",817,40
"82","NOAA_survey","Curacao","Boca Santa Marta","SM3",NA,NA,12.266826,-69.127415,"3",2007,"field","SM3-t367",8075,1211.25,0,0,"N",1.08493150684932,NA,"dead = complete mortality or lost",817,40
"83","NOAA_survey","Curacao","Boca Santa Marta","SM3",NA,NA,12.266826,-69.127415,"3",2007,"field","SM3-t368",11400,3420,-175.126262626263,-52.5378787878788,"N",1.08493150684932,NA,"dead = complete mortality or lost",817,40
"84","NOAA_survey","Curacao","Boca Santa Marta","SM3",NA,NA,12.266826,-69.127415,"3",2007,"field","SM3-t369",2940,1764,962.272727272727,26.5454545454545,"N",1.08493150684932,NA,"dead = complete mortality or lost",817,40
"85","NOAA_survey","Curacao","Boca Santa Marta","SM3",NA,NA,12.266826,-69.127415,"3",2007,"field","SM3-t370",570,513,519.848484848485,154.295454545455,"Y",1.08493150684932,NA,"dead = complete mortality or lost",817,40
"86","NOAA_survey","Curacao","Boca Santa Marta","SM3",NA,NA,12.266826,-69.127415,"3",2007,"field","SM3-t371",11500,11385,1382.57575757576,889.457070707071,"N",1.08493150684932,NA,"dead = complete mortality or lost",817,40
"87","NOAA_survey","Curacao","Boca Santa Marta","SM3",NA,NA,12.266826,-69.127415,"3",2007,"field","SM3-t372",4920,4428,2239.77272727273,1677.06439393939,"N",1.08493150684932,NA,"dead = complete mortality or lost",817,40
"88","NOAA_survey","Curacao","Boca Santa Marta","SM3",NA,NA,12.266826,-69.127415,"3",2007,"field","SM3-t374",7790,5453,0,0,"N",1.08493150684932,NA,"dead = complete mortality or lost",817,40
"89","NOAA_survey","Curacao","Boca Santa Marta","SM3",NA,NA,12.266826,-69.127415,"3",2007,"field","SM3-t375",3870,967.5,-1769.69696969697,-172.82196969697,"N",1.08493150684932,NA,"dead = complete mortality or lost",817,40
"90","NOAA_survey","Curacao","Boca Santa Marta","SM3",NA,NA,12.266826,-69.127415,"3",2007,"field","SM3-t376",3115,934.5,-50.6944444444444,125.814393939394,"N",1.08493150684932,NA,"dead = complete mortality or lost",817,40
"91","NOAA_survey","Curacao","Sea Aquarium Reef","SQ1",NA,NA,12.084208,-68.893882,"3.9",2007,"field","SQ1-t201",18720,8424,-4420.25062656642,-2624.34085213032,"N",1.09315068493151,NA,"dead = complete mortality or lost",817,56
"92","NOAA_survey","Curacao","Sea Aquarium Reef","SQ1",NA,NA,12.084208,-68.893882,"3.9",2007,"field","SQ1-t202",9750,7800,740.977443609023,-373.233082706768,"N",1.09315068493151,NA,"dead = complete mortality or lost",817,56
"93","NOAA_survey","Curacao","Sea Aquarium Reef","SQ1",NA,NA,12.084208,-68.893882,"3.9",2007,"field","SQ1-t203",990,99,-150.93984962406,22.640977443609,"N",1.09315068493151,NA,"dead = complete mortality or lost",817,56
"94","NOAA_survey","Curacao","Sea Aquarium Reef","SQ1",NA,NA,12.084208,-68.893882,"3.9",2007,"field","SQ1-t204",1690,253.5,-59.4611528822055,65.4072681704261,"N",1.09315068493151,NA,"dead = complete mortality or lost",817,56
"95","NOAA_survey","Curacao","Sea Aquarium Reef","SQ1",NA,NA,12.084208,-68.893882,"3.9",2007,"field","SQ1-t205",35490,26617.5,2113.15789473684,-1873.02631578947,"N",1.09315068493151,NA,"dead = complete mortality or lost",817,56
"96","NOAA_survey","Curacao","Sea Aquarium Reef","SQ1",NA,NA,12.084208,-68.893882,"3.9",2007,"field","SQ1-t206",22742,14782.3,3300.55137844611,4555.82205513784,"N",1.09315068493151,NA,"dead = complete mortality or lost",817,56
"97","NOAA_survey","Curacao","Sea Aquarium Reef","SQ1",NA,NA,12.084208,-68.893882,"3.9",2007,"field","SQ1-t207",6726,4035.6,1398.70927318296,839.225563909774,"N",1.09315068493151,NA,"dead = complete mortality or lost",817,56
"98","NOAA_survey","Curacao","Sea Aquarium Reef","SQ1",NA,NA,12.084208,-68.893882,"3.9",2007,"field","SQ1-t208",252,201.6,578.145363408521,-63.1203007518797,"N",1.09315068493151,NA,"dead = complete mortality or lost",817,56
"99","NOAA_survey","Curacao","Sea Aquarium Reef","SQ1",NA,NA,12.084208,-68.893882,"3.9",2007,"field","SQ1-t209",5520,4416,777.568922305764,913.414786967419,"N",1.09315068493151,NA,"dead = complete mortality or lost",817,56
"100","NOAA_survey","Curacao","Sea Aquarium Reef","SQ1",NA,NA,12.084208,-68.893882,"3.9",2007,"field","SQ1-t210",34008,27206.4,-7938.52130325815,-13302.2832080201,"N",1.09315068493151,NA,"dead = complete mortality or lost",817,56
"101","NOAA_survey","Curacao","Sea Aquarium Reef","SQ1",NA,NA,12.084208,-68.893882,"3.9",2007,"field","SQ1-t211",2898,2608.2,3258.47117794486,-613.09022556391,"N",1.09315068493151,NA,"dead = complete mortality or lost",817,56
"102","NOAA_survey","Curacao","Sea Aquarium Reef","SQ1",NA,NA,12.084208,-68.893882,"3.9",2012,"field","SQ1-t273",18150,11797.5,-507.099236641221,-5234.54580152672,"N",1.07671232876712,NA,"dead = complete mortality or lost",817,56
"103","NOAA_survey","Curacao","Sea Aquarium Reef","SQ1",NA,NA,12.084208,-68.893882,"3.9",2012,"field","SQ1-t274",70,70,-19.5038167938931,-24.0547073791349,"N",1.07671232876712,NA,"dead = complete mortality or lost",817,56
"104","NOAA_survey","Curacao","Sea Aquarium Reef","SQ1",NA,NA,12.084208,-68.893882,"3.9",2014,"field","SQ1-t496",120,114,-20.0549450549451,-19.0521978021978,"N",0.997260273972603,NA,"dead = complete mortality or lost",817,56
"105","NOAA_survey","Curacao","Sea Aquarium Reef","SQ1",NA,NA,12.084208,-68.893882,"3.9",2014,"field","SQ1-t497",3500,2800,1339.67032967033,1556.66483516484,"N",0.997260273972603,NA,"dead = complete mortality or lost",817,56
"106","NOAA_survey","Curacao","Sea Aquarium Reef","SQ1",NA,NA,12.084208,-68.893882,"3.9",2014,"field","SQ1-t498",336,201.6,168.461538461538,176.884615384615,"N",0.997260273972603,NA,"dead = complete mortality or lost",817,56
"107","NOAA_survey","Curacao","Sea Aquarium Reef","SQ1",NA,NA,12.084208,-68.893882,"3.9",2014,"field","SQ1-t499",576,172.8,-126.346153846154,-83.0274725274725,"N",0.997260273972603,NA,"dead = complete mortality or lost",817,56
"108","NOAA_survey","Curacao","Sea Aquarium Reef","SQ1",NA,NA,12.084208,-68.893882,"3.9",2014,"field","SQ1-t500",15,15,167.458791208791,167.458791208791,"N",0.997260273972603,NA,"dead = complete mortality or lost",817,56
"109","NOAA_survey","Curacao","Sea Aquarium Reef","SQ2",NA,NA,12.083209,-68.895032,"4.5",2007,"field","SQ2-t213",14518,10888.5,5944.54773869347,5421.35050251256,"N",1.09041095890411,NA,"dead = complete mortality or lost",817,56
"110","NOAA_survey","Curacao","Sea Aquarium Reef","SQ2",NA,NA,12.083209,-68.895032,"4.5",2007,"field","SQ2-t214",3596,2876.8,2548.58040201005,2623.50628140704,"N",1.09041095890411,NA,"dead = complete mortality or lost",817,56
"111","NOAA_survey","Curacao","Sea Aquarium Reef","SQ2",NA,NA,12.083209,-68.895032,"4.5",2007,"field","SQ2-t215",1856,1484.8,-33.0150753768844,-777.505025125628,"Y",1.09041095890411,NA,"dead = complete mortality or lost",817,56
"112","NOAA_survey","Curacao","Sea Aquarium Reef","SQ2",NA,NA,12.083209,-68.895032,"4.5",2007,"field","SQ2-t216",2340,2316.6,2026.75879396985,2006.49120603015,"N",1.09041095890411,NA,"dead = complete mortality or lost",817,56
"113","NOAA_survey","Curacao","Sea Aquarium Reef","SQ2",NA,NA,12.083209,-68.895032,"4.5",2007,"field","SQ2-t217",784,627.2,381.507537688442,360.231155778894,"N",1.09041095890411,NA,"dead = complete mortality or lost",817,56
"114","NOAA_survey","Curacao","Sea Aquarium Reef","SQ2",NA,NA,12.083209,-68.895032,"4.5",2007,"field","SQ2-t218",26076,22164.6,-6764.42211055276,-4892.28391959799,"N",1.09041095890411,NA,"dead = complete mortality or lost",817,56
"115","NOAA_survey","Curacao","Sea Aquarium Reef","SQ2",NA,NA,12.083209,-68.895032,"4.5",2007,"field","SQ2-t219",702,631.8,1419.64824120603,555.47864321608,"N",1.09041095890411,NA,"dead = complete mortality or lost",817,56
"116","NOAA_survey","Curacao","Sea Aquarium Reef","SQ2",NA,NA,12.083209,-68.895032,"4.5",2007,"field","SQ2-t220",5412,5357.88,1639.74874371859,1623.35125628141,"N",1.09041095890411,NA,"dead = complete mortality or lost",817,56
"117","NOAA_survey","Curacao","Sea Aquarium Reef","SQ2",NA,NA,12.083209,-68.895032,"4.5",2007,"field","SQ2-t221",14904,14158.8,-8440.85427135678,-9064.28894472362,"N",1.09041095890411,NA,"dead = complete mortality or lost",817,56
"118","NOAA_survey","Curacao","Sea Aquarium Reef","SQ2",NA,NA,12.083209,-68.895032,"4.5",2007,"field","SQ2-t222",4256,1915.2,1232.56281407035,41.0854271356781,"N",1.09041095890411,NA,"dead = complete mortality or lost",817,56
"119","NOAA_survey","Curacao","Sea Aquarium Reef","SQ2",NA,NA,12.083209,-68.895032,"4.5",2007,"field","SQ2-t223",11700,1755,596.105527638191,655.71608040201,"N",1.09041095890411,NA,"dead = complete mortality or lost",817,56
"120","NOAA_survey","Curacao","Sea Aquarium Reef","SQ2",NA,NA,12.083209,-68.895032,"4.5",2012,"field","SQ2-t279",75,37.5,-25.140306122449,5.30739795918368,"Y",1.07397260273973,NA,"dead = complete mortality or lost",817,56
"121","NOAA_survey","Curacao","Sea Aquarium Reef","SQ2",NA,NA,12.083209,-68.895032,"4.5",2011,"field","SQ2-t380",3000,2850,291.59217877095,-225.525139664804,"Y",0.980821917808219,NA,"dead = complete mortality or lost",817,56
"122","NOAA_survey","Curacao","Sea Aquarium Reef","SQ2",NA,NA,12.083209,-68.895032,"4.5",2011,"field","SQ2-t381",783,626.4,506.717877094972,405.374301675978,"N",0.980821917808219,NA,"dead = complete mortality or lost",817,56
"123","NOAA_survey","Curacao","Sea Aquarium Reef","SQ2",NA,NA,12.083209,-68.895032,"4.5",2011,"field","SQ2-t383",924,739.2,513.854748603352,-316.877094972067,"N",0.980821917808219,NA,"dead = complete mortality or lost",817,56
"124","NOAA_survey","Curacao","Sea Aquarium Reef","SQ2",NA,NA,12.083209,-68.895032,"4.5",2011,"field","SQ2-t384",10800,8640,-927.793296089386,-1750.57262569832,"Y",0.980821917808219,NA,"dead = complete mortality or lost",817,56
"125","NOAA_survey","Curacao","Sea Aquarium Reef","SQ2",NA,NA,12.083209,-68.895032,"4.5",2011,"field","SQ2-t385",3496,874,-261.005586592179,-395.586592178771,"N",0.980821917808219,NA,"dead = complete mortality or lost",817,56
"126","NOAA_survey","Curacao","Sea Aquarium Reef","SQ2",NA,NA,12.083209,-68.895032,"4.5",2011,"field","SQ2-t386",208,208,387.430167597765,147.631284916201,"N",0.980821917808219,NA,"dead = complete mortality or lost",817,56
"127","NOAA_survey","Curacao","Sea Aquarium Reef","SQ2",NA,NA,12.083209,-68.895032,"4.5",2011,"field","SQ2-t387",14601,13870.95,5774.74860335196,-1745.42388268156,"N",0.980821917808219,NA,"dead = complete mortality or lost",817,56
"128","NOAA_survey","Curacao","Sea Aquarium Reef","SQ2",NA,NA,12.083209,-68.895032,"4.5",2014,"field","SQ2-t451",182,127.4,346.950549450549,348.755494505495,"N",0.997260273972603,NA,"dead = complete mortality or lost",817,56
"129","NOAA_survey","Curacao","Sea Aquarium Reef","SQ2",NA,NA,12.083209,-68.895032,"4.5",2014,"field","SQ2-t453",6,6,10.0274725274725,10.0274725274725,"N",0.997260273972603,NA,"dead = complete mortality or lost",817,56
"130","NOAA_survey","Curacao","Sea Aquarium Reef","SQ3",NA,NA,12.083075,-68.895931,"3.3",2007,"field","SQ3-t225",4968,4918.32,3807.73869346734,3016.9175879397,"N",1.09041095890411,NA,"dead = complete mortality or lost",817,56
"131","NOAA_survey","Curacao","Sea Aquarium Reef","SQ3",NA,NA,12.083075,-68.895931,"3.3",2007,"field","SQ3-t226",14385,9350.25,770.35175879397,3293.25376884422,"N",1.09041095890411,NA,"dead = complete mortality or lost",817,56
"132","NOAA_survey","Curacao","Sea Aquarium Reef","SQ3",NA,NA,12.083075,-68.895931,"3.3",2007,"field","SQ3-t227",8184,4501.2,2032.26130653266,2071.51256281407,"N",1.09041095890411,NA,"dead = complete mortality or lost",817,56
"133","NOAA_survey","Curacao","Sea Aquarium Reef","SQ3",NA,NA,12.083075,-68.895931,"3.3",2007,"field","SQ3-t228",56120,47702,5025.62814070352,4271.78391959799,"N",1.09041095890411,NA,"dead = complete mortality or lost",817,56
"134","NOAA_survey","Curacao","Sea Aquarium Reef","SQ3",NA,NA,12.083075,-68.895931,"3.3",2007,"field","SQ3-t229",12138,8496.6,1386.63316582915,970.643216080402,"N",1.09041095890411,NA,"dead = complete mortality or lost",817,56
"135","NOAA_survey","Curacao","Sea Aquarium Reef","SQ3",NA,NA,12.083075,-68.895931,"3.3",2007,"field","SQ3-t230",360,144,311.809045226131,253.115577889447,"N",1.09041095890411,NA,"dead = complete mortality or lost",817,56
"136","NOAA_survey","Curacao","Sea Aquarium Reef","SQ3",NA,NA,12.083075,-68.895931,"3.3",2007,"field","SQ3-t231",3552,2486.4,525.489949748744,367.842964824121,"N",1.09041095890411,NA,"dead = complete mortality or lost",817,56
"137","NOAA_survey","Curacao","Sea Aquarium Reef","SQ3",NA,NA,12.083075,-68.895931,"3.3",2007,"field","SQ3-t232",10062,9055.8,3840.75376884422,4110.10175879397,"N",1.09041095890411,NA,"dead = complete mortality or lost",817,56
"138","NOAA_survey","Curacao","Sea Aquarium Reef","SQ3",NA,NA,12.083075,-68.895931,"3.3",2007,"field","SQ3-t233",34300,20580,2476.13065326633,-210.929648241206,"N",1.09041095890411,NA,"dead = complete mortality or lost",817,56
"139","NOAA_survey","Curacao","Sea Aquarium Reef","SQ3",NA,NA,12.083075,-68.895931,"3.3",2012,"field","SQ3-t280",38500,23100,-213.613231552163,-7236.84478371501,"N",1.07671232876712,NA,"dead = complete mortality or lost",817,56
"140","NOAA_survey","Curacao","Sea Aquarium Reef","SQ3",NA,NA,12.083075,-68.895931,"3.3",2012,"field","SQ3-t281",180,153,364.071246819338,362.58524173028,"N",1.07671232876712,NA,"dead = complete mortality or lost",817,56
"141","NOAA_survey","Curacao","Sea Aquarium Reef","SQ3",NA,NA,12.083075,-68.895931,"3.3",2012,"field","SQ3-t282",49,49,43.6513994910942,-27.676844783715,"N",1.07671232876712,NA,"dead = complete mortality or lost",817,56
"142","NOAA_survey","Curacao","Sea Aquarium Reef","SQ3",NA,NA,12.083075,-68.895931,"3.3",2011,"field","SQ3-t371",18900,16065,-1651.67597765363,-4927.5,"N",0.980821917808219,NA,"dead = complete mortality or lost",817,56
"143","NOAA_survey","Curacao","Sea Aquarium Reef","SQ3",NA,NA,12.083075,-68.895931,"3.3",2011,"field","SQ3-t374",21600,19440,6881.98324022346,412.918994413408,"N",0.980821917808219,NA,"dead = complete mortality or lost",817,56
"144","NOAA_survey","Curacao","Sea Aquarium Reef","SQ3",NA,NA,12.083075,-68.895931,"3.3",2014,"field","SQ3-t454",576,259.2,-480.633608815427,-181.796143250689,"N",0.994520547945206,NA,"dead = complete mortality or lost",817,56
"145","NOAA_survey","Curacao","Sea Aquarium Reef","SQ3",NA,NA,12.083075,-68.895931,"3.3",2014,"field","SQ3-t456",98,98,67.3691460055096,67.3691460055096,"N",0.994520547945206,NA,"dead = complete mortality or lost",817,56
"146","NOAA_survey","Curacao","Sea Aquarium Reef","SQ3",NA,NA,12.083075,-68.895931,"3.3",2014,"field","SQ3-t457",220,66,-20.1101928374656,-46.2534435261708,"N",0.994520547945206,NA,"dead = complete mortality or lost",817,56
"147","NOAA_survey","Curacao","Water Factory","WF1",NA,NA,12.110441,-68.956475,"3",2012,"field","WF1-t401",660,594,141.839378238342,51.0621761658031,"N",1.05753424657534,NA,"dead = complete mortality or lost",817,40
"148","NOAA_survey","Curacao","Water Factory","WF1",NA,NA,12.110441,-68.956475,"3",2012,"field","WF1-t402",70,66.5,19.8575129533679,18.8646373056995,"N",1.05753424657534,NA,"dead = complete mortality or lost",817,40
"149","NOAA_survey","Curacao","Water Factory","WF1",NA,NA,12.110441,-68.956475,"3",2012,"field","WF1-t403",1740,1392,158.860103626943,217.29792746114,"N",1.05753424657534,NA,"dead = complete mortality or lost",817,40
"150","NOAA_survey","Curacao","Water Factory","WF1",NA,NA,12.110441,-68.956475,"3",2012,"field","WF1-t404",1581,1106.7,779.170984455958,545.419689119171,"Y",1.05753424657534,NA,"dead = complete mortality or lost",817,40
"151","NOAA_survey","Curacao","Water Factory","WF1",NA,NA,12.110441,-68.956475,"3",2012,"field","WF1-t405",12,12,0,0,"N",1.05753424657534,NA,"dead = complete mortality or lost",817,40
"152","NOAA_survey","Curacao","Water Factory","WF1",NA,NA,12.110441,-68.956475,"3",2012,"field","WF1-t406",805,764.75,444.430051813471,482.490284974093,"N",1.05753424657534,NA,"dead = complete mortality or lost",817,40
"153","NOAA_survey","Curacao","Water Factory","WF1",NA,NA,12.110441,-68.956475,"3",2012,"field","WF1-t407",35,35,33.0958549222798,33.0958549222798,"N",1.05753424657534,NA,"dead = complete mortality or lost",817,40
"154","NOAA_survey","Curacao","Water Factory","WF1",NA,NA,12.110441,-68.956475,"3",2012,"field","WF1-t409",800,520,69.9740932642487,334.740932642487,"N",1.05753424657534,NA,"dead = complete mortality or lost",817,40
"155","NOAA_survey","Curacao","Water Factory","WF1",NA,NA,12.110441,-68.956475,"3",2012,"field","WF1-t410",1530,1224,141.839378238342,113.471502590674,"N",1.05753424657534,NA,"dead = complete mortality or lost",817,40
"156","NOAA_survey","Curacao","Water Factory","WF1",NA,NA,12.110441,-68.956475,"3",2012,"field","WF1-t411",1672,334.4,-1060.01295336788,126.662564766839,"N",1.05753424657534,NA,"dead = complete mortality or lost",817,40
"157","NOAA_survey","Curacao","Water Factory","WF1",NA,NA,12.110441,-68.956475,"3",2012,"field","WF1-t412",126,119.7,207.085492227979,196.73121761658,"N",1.05753424657534,NA,"dead = complete mortality or lost",817,40
"158","NOAA_survey","Curacao","Water Factory","WF1",NA,NA,12.110441,-68.956475,"3",2014,"field","WF1-t458",513,461.7,523,563.94,"N",1,NA,"dead = complete mortality or lost",817,40
"159","NOAA_survey","Curacao","Water Factory","WF2",NA,NA,12.110385,-68.956205,"3.3",2012,"field","WF2-t416",176,149.6,-75.6476683937824,-132.383419689119,"N",1.05753424657534,NA,"dead = complete mortality or lost",817,40
"160","NOAA_survey","Curacao","Water Factory","WF2",NA,NA,12.110385,-68.956205,"3.3",2012,"field","WF2-t417",1240,1178,340.414507772021,323.39378238342,"N",1.05753424657534,NA,"dead = complete mortality or lost",817,40
"161","NOAA_survey","Curacao","Water Factory","WF2",NA,NA,12.110385,-68.956205,"3.3",2012,"field","WF2-t418",999,799.2,190.064766839378,208.787564766839,"N",1.05753424657534,NA,"dead = complete mortality or lost",817,40
"162","NOAA_survey","Curacao","Water Factory","WF2",NA,NA,12.110385,-68.956205,"3.3",2012,"field","WF2-t419",1376,1100.8,121.036269430052,-116.497409326425,"N",1.05753424657534,NA,"dead = complete mortality or lost",817,40
"163","NOAA_survey","Curacao","Water Factory","WF2",NA,NA,12.110385,-68.956205,"3.3",2012,"field","WF2-t420",5890,5301,1181.99481865285,726.217616580311,"N",1.05753424657534,NA,"dead = complete mortality or lost",817,40
"164","NOAA_survey","Curacao","Water Factory","WF2",NA,NA,12.110385,-68.956205,"3.3",2012,"field","WF2-t421",729,546.75,303.536269430052,426.227331606218,"N",1.05753424657534,NA,"dead = complete mortality or lost",817,40
"165","NOAA_survey","Curacao","Water Factory","WF2",NA,NA,12.110385,-68.956205,"3.3",2012,"field","WF2-t422",1584,1425.6,1811.76165803109,1796.06476683938,"N",1.05753424657534,NA,"dead = complete mortality or lost",817,40
"166","NOAA_survey","Curacao","Water Factory","WF2",NA,NA,12.110385,-68.956205,"3.3",2012,"field","WF2-t423",70,70,94.559585492228,92.9520725388601,"N",1.05753424657534,NA,"dead = complete mortality or lost",817,40
"167","NOAA_survey","Curacao","Water Factory","WF2",NA,NA,12.110385,-68.956205,"3.3",2012,"field","WF2-t424",1050,997.5,747.020725388601,709.669689119171,"N",1.05753424657534,NA,"dead = complete mortality or lost",817,40
"168","NOAA_survey","Curacao","Water Factory","WF2",NA,NA,12.110385,-68.956205,"3.3",2012,"field","WF2-t425",5600,3640,813.212435233161,1444.87046632124,"N",1.05753424657534,NA,"dead = complete mortality or lost",817,40
"169","NOAA_survey","Curacao","Water Factory","WF2",NA,NA,12.110385,-68.956205,"3.3",2012,"field","WF2-t426",340,340,406.60621761658,406.60621761658,"N",1.05753424657534,NA,"dead = complete mortality or lost",817,40
"170","NOAA_survey","Curacao","Water Factory","WF2",NA,NA,12.110385,-68.956205,"3.3",2012,"field","WF2-t427",1240,1178,673.264248704663,639.60103626943,"N",1.05753424657534,NA,"dead = complete mortality or lost",817,40
"171","NOAA_survey","Curacao","Water Factory","WF2",NA,NA,12.110385,-68.956205,"3.3",2014,"field","WF2-t459",2516,2516,1089.97245179063,-2493.66391184573,"N",0.994520547945206,NA,"dead = complete mortality or lost",817,40
"172","NOAA_survey","Curacao","Water Factory","WF2",NA,NA,12.110385,-68.956205,"3.3",2014,"field","WF2-t460",1833,733.2,208.140495867769,493.504132231405,"N",0.994520547945206,NA,"dead = complete mortality or lost",817,40
"173","NOAA_survey","Curacao","Water Factory","WF3",NA,NA,12.109803,-68.955239,"2.7",2012,"field","WF3-t431",105,105,4.69151670951157,4.69151670951157,"N",1.06575342465753,NA,"dead = complete mortality or lost",817,40
"174","NOAA_survey","Curacao","Water Factory","WF3",NA,NA,12.109803,-68.955239,"2.7",2012,"field","WF3-t433",5415,3519.75,2125.25706940874,2462.34254498715,"N",1.06575342465753,NA,"dead = complete mortality or lost",817,40
"175","NOAA_survey","Curacao","Water Factory","WF3",NA,NA,12.109803,-68.955239,"2.7",2012,"field","WF3-t434",70,63,46.9151670951157,53.4832904884319,"N",1.06575342465753,NA,"dead = complete mortality or lost",817,40
"176","NOAA_survey","Curacao","Water Factory","WF3",NA,NA,12.109803,-68.955239,"2.7",2012,"field","WF3-t436",437,437,811.632390745501,811.632390745501,"N",1.06575342465753,NA,"dead = complete mortality or lost",817,40
"177","NOAA_survey","Curacao","Water Factory","WF3",NA,NA,12.109803,-68.955239,"2.7",2012,"field","WF3-t437",989,939.55,40.3470437017995,-106.919665809769,"N",1.06575342465753,NA,"dead = complete mortality or lost",817,40
"178","NOAA_survey","Curacao","Water Factory","WF3",NA,NA,12.109803,-68.955239,"2.7",2012,"field","WF3-t439",260,260,1064.03598971722,1064.03598971722,"N",1.06575342465753,NA,"dead = complete mortality or lost",817,40
"179","NOAA_survey","Curacao","Water Factory","WF3",NA,NA,12.109803,-68.955239,"2.7",2012,"field","WF3-t440",1008,997.92,1523.80462724936,1533.26272493573,"N",1.06575342465753,NA,"dead = complete mortality or lost",817,40
"180","NOAA_survey","Curacao","Water Factory","WF3",NA,NA,12.109803,-68.955239,"2.7",2012,"field","WF3-t442",9888,7416,3004.44730077121,2867.45501285347,"N",1.06575342465753,NA,"dead = complete mortality or lost",817,40
"181","NOAA_survey","Curacao","Water Factory","WF3",NA,NA,12.109803,-68.955239,"2.7",2014,"field","WF3-t461",1887,1509.6,1811,1633.7,"Y",1,NA,"dead = complete mortality or lost",817,40
"182","NOAA_survey","Curacao","Water Factory","WF3",NA,NA,12.109803,-68.955239,"2.7",2014,"field","WF3-t462",1344,1344,456,-624,"Y",1,NA,"dead = complete mortality or lost",817,40
"183","NOAA_survey","Curacao","Water Factory","WF3",NA,NA,12.109803,-68.955239,"2.7",2014,"field","WF3-t463",1892,1892,811,811,"Y",1,NA,"dead = complete mortality or lost",817,40
"184","NOAA_survey","Curacao","Water Factory","WF3",NA,NA,12.109803,-68.955239,"2.7",2014,"field","WF3-t464",1312,1312,1082,1082,"N",1,NA,"dead = complete mortality or lost",817,40
"185","NOAA_survey","Curacao","Water Factory","WF3",NA,NA,12.109803,-68.955239,"2.7",2014,"field","WF3-t465",2881,2852.19,1701,1500.71,"N",1,NA,"dead = complete mortality or lost",817,40
"186","NOAA_survey","Curacao","Water Factory","WF3",NA,NA,12.109803,-68.955239,"2.7",2014,"field","WF3-t466",9163,7788.55,4320,3672,"N",1,NA,"dead = complete mortality or lost",817,40
"187","NOAA_survey","Florida","Carysfort Reef","CF1",NA,NA,25.22194,-80.21055,"2.1",2005,"field","CF1-t023",4500,2700,458.433014354067,-821.90490430622,"N",1.14520547945205,"storm","dead = complete mortality or lost",817,74
"188","NOAA_survey","Florida","Carysfort Reef","CF1",NA,NA,25.22194,-80.21055,"2.1",2005,"field","CF1-t024",3960,2970,1082.77511961722,585.047846889952,"N",1.14520547945205,"storm","dead = complete mortality or lost",817,74
"189","NOAA_survey","Florida","Carysfort Reef","CF1",NA,NA,25.22194,-80.21055,"2.1",2005,"field","CF1-t025",6375,5418.75,563.217703349282,-1666.73145933014,"N",1.14520547945205,"storm","dead = complete mortality or lost",817,74
"190","NOAA_survey","Florida","Carysfort Reef","CF1",NA,NA,25.22194,-80.21055,"2.1",2005,"field","CF1-t027",14175,5670,1803.16985645933,-696.818181818182,"N",1.14520547945205,"storm","dead = complete mortality or lost",817,74
"191","NOAA_survey","Florida","Carysfort Reef","CF1",NA,NA,25.22194,-80.21055,"2.1",2005,"field","CF1-t028",544,489.6,-163.289473684211,-162.547248803828,"N",1.14520547945205,"storm","dead = complete mortality or lost",817,74
"192","NOAA_survey","Florida","Carysfort Reef","CF1",NA,NA,25.22194,-80.21055,"2.1",2005,"field","CF1-t029",8400,6720,698.564593301435,157.177033492823,"N",1.14520547945205,"storm","dead = complete mortality or lost",817,74
"193","NOAA_survey","Florida","Carysfort Reef","CF1",NA,NA,25.22194,-80.21055,"2.1",2005,"field","CF1-t030",132,132,80.3349282296651,80.3349282296651,"N",1.14520547945205,"storm","dead = complete mortality or lost",817,74
"194","NOAA_survey","Florida","Carysfort Reef","CF1",NA,NA,25.22194,-80.21055,"2.1",2005,"field","CF1-t031",12825,5771.25,0,-1679.82954545455,"N",1.14520547945205,"storm","dead = complete mortality or lost",817,74
"195","NOAA_survey","Florida","Carysfort Reef","CF1",NA,NA,25.22194,-80.21055,"2.1",2005,"field","CF1-t032",3600,540,-2986.36363636364,-369.366028708134,"N",1.14520547945205,"storm","dead = complete mortality or lost",817,74
"196","NOAA_survey","Florida","Carysfort Reef","CF1",NA,NA,25.22194,-80.21055,"2.1",2005,"field","CF1-t033",28800,18720,1047.84688995215,-1938.51674641148,"N",1.14520547945205,"storm","dead = complete mortality or lost",817,74
"197","NOAA_survey","Florida","Carysfort Reef","CF1",NA,NA,25.22194,-80.21055,"2.1",2005,"field","CF1-t034",3600,3240,1131.67464114833,163.464114832536,"N",1.14520547945205,"storm","dead = complete mortality or lost",817,74
"198","NOAA_survey","Florida","Carysfort Reef","CF1",NA,NA,25.22194,-80.21055,"2.1",2005,"field","CF1-t035",280,210,-218.301435406699,-157.177033492823,"N",1.14520547945205,"storm","dead = complete mortality or lost",817,74
"199","NOAA_survey","Florida","Carysfort Reef","CF1",NA,NA,25.22194,-80.21055,"2.1",2005,"field","CF1-t036",9600,960,0,-419.138755980861,"N",1.14520547945205,"storm","dead = complete mortality or lost",817,74
"200","NOAA_survey","Florida","Carysfort Reef","CF1",NA,NA,25.22194,-80.21055,"2.1",2011,"field","CF1-t229",36,36,28.5474860335196,28.5474860335196,"N",0.980821917808219,NA,"dead = complete mortality or lost",817,74
"201","NOAA_survey","Florida","Carysfort Reef","CF1",NA,NA,25.22194,-80.21055,"2.1",2011,"field","CF1-t949",442,442,813.603351955307,813.603351955307,"N",0.980821917808219,NA,"dead = complete mortality or lost",817,74
"202","NOAA_survey","Florida","Carysfort Reef","CF1",NA,NA,25.22194,-80.21055,"2.1",2011,"field","CF1-t950",187,187,392.527932960894,392.527932960894,"N",0.980821917808219,NA,"dead = complete mortality or lost",817,74
"203","NOAA_survey","Florida","Carysfort Reef","CF1",NA,NA,25.22194,-80.21055,"2.1",2011,"field","CF1-t951",126,126,55.0558659217877,36.7039106145251,"N",0.980821917808219,NA,"dead = complete mortality or lost",817,74
"204","NOAA_survey","Florida","Carysfort Reef","CF2",NA,NA,25.22179,-80.210586,"2.4",2005,"field","CF2-t038",39600,15840,576.315789473684,230.526315789474,"N",1.14520547945205,"storm","dead = complete mortality or lost",817,74
"205","NOAA_survey","Florida","Carysfort Reef","CF2",NA,NA,25.22179,-80.210586,"2.4",2005,"field","CF2-t039",8500,6375,-5435.70574162679,-5368.03229665072,"N",1.14520547945205,"storm","dead = complete mortality or lost",817,74
"206","NOAA_survey","Florida","Carysfort Reef","CF2",NA,NA,25.22179,-80.210586,"2.4",2005,"field","CF2-t040",10000,6500,-1397.12918660287,-1641.62679425837,"N",1.14520547945205,"storm","dead = complete mortality or lost",817,74
"207","NOAA_survey","Florida","Carysfort Reef","CF2",NA,NA,25.22179,-80.210586,"2.4",2005,"field","CF2-t041",5750,2012.5,742.224880382775,259.778708133972,"N",1.14520547945205,"storm","dead = complete mortality or lost",817,74
"208","NOAA_survey","Florida","Carysfort Reef","CF2",NA,NA,25.22179,-80.210586,"2.4",2005,"field","CF2-t042",1440,792,117.882775119617,133.600478468899,"N",1.14520547945205,"storm","dead = complete mortality or lost",817,74
"209","NOAA_survey","Florida","Carysfort Reef","CF2",NA,NA,25.22179,-80.210586,"2.4",2005,"field","CF2-t043",9130,8947.4,934.33014354067,1093.77751196172,"N",1.14520547945205,"storm","dead = complete mortality or lost",817,74
"210","NOAA_survey","Florida","Carysfort Reef","CF2",NA,NA,25.22179,-80.210586,"2.4",2005,"field","CF2-t044",9000,4500,550.11961722488,-1406.73444976077,"N",1.14520547945205,"storm","dead = complete mortality or lost",817,74
"211","NOAA_survey","Florida","Carysfort Reef","CF2",NA,NA,25.22179,-80.210586,"2.4",2005,"field","CF2-t045",8568,7711.2,2100.93301435407,1890.83971291866,"N",1.14520547945205,"storm","dead = complete mortality or lost",817,74
"212","NOAA_survey","Florida","Carysfort Reef","CF2",NA,NA,25.22179,-80.210586,"2.4",2005,"field","CF2-t046",1920,576,138.83971291866,41.651913875598,"N",1.14520547945205,"storm","dead = complete mortality or lost",817,74
"213","NOAA_survey","Florida","Carysfort Reef","CF2",NA,NA,25.22179,-80.210586,"2.4",2005,"field","CF2-t047",21600,17280,-1899.22248803828,-1519.37799043062,"N",1.14520547945205,"storm","dead = complete mortality or lost",817,74
"214","NOAA_survey","Florida","Carysfort Reef","CF2",NA,NA,25.22179,-80.210586,"2.4",2005,"field","CF2-t048",9350,7947.5,593.77990430622,504.712918660287,"N",1.14520547945205,"storm","dead = complete mortality or lost",817,74
"215","NOAA_survey","Florida","Carysfort Reef","CF2",NA,NA,25.22179,-80.210586,"2.4",2005,"field","CF2-t049",15200,10640,829.545454545455,-124.431818181818,"N",1.14520547945205,"storm","dead = complete mortality or lost",817,74
"216","NOAA_survey","Florida","Carysfort Reef","CF2",NA,NA,25.22179,-80.210586,"2.4",2012,"field","CF2-t228",15660,10962,-762,-533.400000000001,"N",1,NA,"dead = complete mortality or lost",817,74
"217","NOAA_survey","Florida","Carysfort Reef","CF2",NA,NA,25.22179,-80.210586,"2.4",2013,"field","CF2-t395",133,133,-39.9363867684478,-39.9363867684478,"N",1.07671232876712,NA,"dead = complete mortality or lost",817,74
"218","NOAA_survey","Florida","Carysfort Reef","CF2",NA,NA,25.22179,-80.210586,"2.4",2013,"field","CF2-t396",3264,2121.6,-281.412213740458,-870.42748091603,"N",1.07671232876712,NA,"dead = complete mortality or lost",817,74
"219","NOAA_survey","Florida","Carysfort Reef","CF2",NA,NA,25.22179,-80.210586,"2.4",2015,"field","CF2-t426",6141,5526.9,23.1267217630854,-4317.75895316804,"N",0.994520547945206,NA,"dead = complete mortality or lost",817,74
"220","NOAA_survey","Florida","Carysfort Reef","CF2",NA,NA,25.22179,-80.210586,"2.4",2015,"field","CF2-t427",10720,10184,-321.763085399449,-10135.5371900826,"N",0.994520547945206,NA,"dead = complete mortality or lost",817,74
"221","NOAA_survey","Florida","Carysfort Reef","CF2",NA,NA,25.22179,-80.210586,"2.4",2011,"field","CF2-t946",2350,1880,997.122905027933,-898.837988826816,"N",0.980821917808219,NA,"dead = complete mortality or lost",817,74
"222","NOAA_survey","Florida","Carysfort Reef","CF2",NA,NA,25.22179,-80.210586,"2.4",2011,"field","CF2-t948",2907,1162.8,-1153.11452513966,-642.31843575419,"N",0.980821917808219,NA,"dead = complete mortality or lost",817,74
"223","NOAA_survey","Florida","Carysfort Reef","CF3",NA,NA,25.22289,-80.20956,"3.7",2005,"field","CF3-t087",1140,1083,782.142857142857,474.588377723971,"N",1.13150684931507,"storm","dead = complete mortality or lost",817,74
"224","NOAA_survey","Florida","Carysfort Reef","CF3",NA,NA,25.22289,-80.20956,"3.7",2005,"field","CF3-t088",106400,85120,10693.7046004843,-7154.17675544794,"N",1.13150684931507,"storm","dead = complete mortality or lost",817,74
"225","NOAA_survey","Florida","Carysfort Reef","CF3",NA,NA,25.22289,-80.20956,"3.7",2005,"field","CF3-t089",112,67.2,28.2808716707022,42.4213075060533,"N",1.13150684931507,"storm","dead = complete mortality or lost",817,74
"226","NOAA_survey","Florida","Carysfort Reef","CF3",NA,NA,25.22289,-80.20956,"3.7",2005,"field","CF3-t090",41890,33512,5696.82808716707,2421.54963680387,"N",1.13150684931507,"storm","dead = complete mortality or lost",817,74
"227","NOAA_survey","Florida","Carysfort Reef","CF3",NA,NA,25.22289,-80.20956,"3.7",2005,"field","CF3-t091",132,132,95.4479418886199,95.4479418886199,"N",1.13150684931507,"storm","dead = complete mortality or lost",817,74
"228","NOAA_survey","Florida","Carysfort Reef","CF3",NA,NA,25.22289,-80.20956,"3.7",2005,"field","CF3-t092",62000,49600,463.983050847458,-7917.53934624697,"N",1.13150684931507,"storm","dead = complete mortality or lost",817,74
"229","NOAA_survey","Florida","Carysfort Reef","CF3",NA,NA,25.22289,-80.20956,"3.7",2005,"field","CF3-t093",2496,2121.6,551.476997578693,-772.06779661017,"N",1.13150684931507,"storm","dead = complete mortality or lost",817,74
"230","NOAA_survey","Florida","Carysfort Reef","CF3",NA,NA,25.22289,-80.20956,"3.7",2005,"field","CF3-t094",45,44.55,-4.41888619854722,-11.0914043583535,"N",1.13150684931507,"storm","dead = complete mortality or lost",817,74
"231","NOAA_survey","Florida","Carysfort Reef","CF3",NA,NA,25.22289,-80.20956,"3.7",2005,"field","CF3-t095",28380,22704,2757.38498789346,-4753.8377723971,"N",1.13150684931507,"storm","dead = complete mortality or lost",817,74
"232","NOAA_survey","Florida","Carysfort Reef","CF3",NA,NA,25.22289,-80.20956,"3.7",2005,"field","CF3-t098",704,696.96,-9.72154963680387,-554.711622276029,"Y",1.13150684931507,"storm","dead = complete mortality or lost",817,74
"233","NOAA_survey","Florida","Carysfort Reef","CF3",NA,NA,25.22289,-80.20956,"3.7",2013,"field","CF3-t390",672,638.4,208.040712468193,114.422391857506,"Y",1.07671232876712,NA,"dead = complete mortality or lost",817,74
"234","NOAA_survey","Florida","Carysfort Reef","CF3",NA,NA,25.22289,-80.20956,"3.7",2013,"field","CF3-t391",54,54,58.5114503816794,58.5114503816794,"N",1.07671232876712,NA,"dead = complete mortality or lost",817,74
"235","NOAA_survey","Florida","Carysfort Reef","CF3",NA,NA,25.22289,-80.20956,"3.7",2014,"field","CF3-t409",4071,1017.75,-3596.61194029851,-773.309701492537,"N",0.917808219178082,NA,"dead = complete mortality or lost",817,74
"236","NOAA_survey","Florida","Carysfort Reef","CF3",NA,NA,25.22289,-80.20956,"3.7",2014,"field","CF3-t410",756,642.6,224.44776119403,-71.2567164179106,"N",0.917808219178082,NA,"dead = complete mortality or lost",817,74
"237","NOAA_survey","Florida","Carysfort Reef","CF3",NA,NA,25.22289,-80.20956,"3.7",2014,"field","CF3-t411",18600,5580,1699.70149253731,-1686.62686567164,"N",0.917808219178082,NA,"dead = complete mortality or lost",817,74
"238","NOAA_survey","Florida","Carysfort Reef","CF3",NA,NA,25.22289,-80.20956,"3.7",2018,"field","CF3-t500",375,243.75,161.340579710145,227.860507246377,"N",1.13424657534247,NA,"dead = complete mortality or lost",817,74
"239","NOAA_survey","Florida","Carysfort Reef","CF3",NA,NA,25.22289,-80.20956,"3.7",2012,"field","CF3-t902",672,504,76.9459459459459,-275.22972972973,"N",1.01369863013699,NA,"dead = complete mortality or lost",817,74
"240","NOAA_survey","Florida","Carysfort Reef","CF3",NA,NA,25.22289,-80.20956,"3.7",2006,"field","CF3-t916",660,627,270,117,"N",1,"storm","dead = complete mortality or lost",817,74
"241","NOAA_survey","Florida","Carysfort Reef","CF3",NA,NA,25.22289,-80.20956,"3.7",2006,"field","CF3-t917",20,17,-8,-13.4,"N",1,"storm","dead = complete mortality or lost",817,74
"242","NOAA_survey","Florida","Carysfort Reef","CF3",NA,NA,25.22289,-80.20956,"3.7",2006,"field","CF3-t918",20,20,5,3.75,"N",1,"storm","dead = complete mortality or lost",817,74
"243","NOAA_survey","Florida","Carysfort Reef","CF3",NA,NA,25.22289,-80.20956,"3.7",2006,"field","CF3-t919",40,40,59,59,"N",1,"storm","dead = complete mortality or lost",817,74
"244","NOAA_survey","Florida","Carysfort Reef","CF3",NA,NA,25.22289,-80.20956,"3.7",2011,"field","CF3-t973",1840,1104,-1900.91168091168,-1135.55555555556,"N",0.961643835616438,NA,"dead = complete mortality or lost",817,74
"245","NOAA_survey","Florida","Carysfort Reef","CF3",NA,NA,25.22289,-80.20956,"3.7",2011,"field","CF3-t974",196,196,36.3960113960114,36.3960113960114,"Y",0.961643835616438,NA,"dead = complete mortality or lost",817,74
"246","NOAA_survey","Florida","Carysfort Reef","CF4",NA,NA,25.222871,-80.209996,"4.6",2011,"field","CF4-t801",12690,1903.5,1655.76441102757,248.364661654135,"N",1.09315068493151,NA,"dead = complete mortality or lost",817,74
"247","NOAA_survey","Florida","Carysfort Reef","CF4",NA,NA,25.222871,-80.209996,"4.6",2011,"field","CF4-t802",6380,1276,-731.829573934837,-146.365914786967,"N",1.09315068493151,NA,"dead = complete mortality or lost",817,74
"248","NOAA_survey","Florida","Carysfort Reef","CF4",NA,NA,25.222871,-80.209996,"4.6",2011,"field","CF4-t803",10492,2098.4,-3875.03759398496,-775.007518796992,"N",1.09315068493151,NA,"dead = complete mortality or lost",817,74
"249","NOAA_survey","Florida","Carysfort Reef","CF4",NA,NA,25.222871,-80.209996,"4.6",2011,"field","CF4-t804",150,67.5,43.9097744360902,55.984962406015,"N",1.09315068493151,NA,"dead = complete mortality or lost",817,74
"250","NOAA_survey","Florida","Carysfort Reef","CF4",NA,NA,25.222871,-80.209996,"4.6",2011,"field","CF4-t805",1829,91.45,47.5689223057644,2.37844611528823,"N",1.09315068493151,NA,"dead = complete mortality or lost",817,74
"251","NOAA_survey","Florida","Carysfort Reef","CF4",NA,NA,25.222871,-80.209996,"4.6",2011,"field","CF4-t806",340,85,-173.809523809524,-22.8696741854637,"N",1.09315068493151,NA,"dead = complete mortality or lost",817,74
"252","NOAA_survey","Florida","Carysfort Reef","CF4",NA,NA,25.222871,-80.209996,"4.6",2011,"field","CF4-t807",247,160.55,278.095238095238,231.166666666667,"N",1.09315068493151,NA,"dead = complete mortality or lost",817,74
"253","NOAA_survey","Florida","Carysfort Reef","CF4",NA,NA,25.222871,-80.209996,"4.6",2011,"field","CF4-t808",9350,4675,1163.60902255639,-2333.25563909774,"N",1.09315068493151,NA,"dead = complete mortality or lost",817,74
"254","NOAA_survey","Florida","Carysfort Reef","CF4",NA,NA,25.222871,-80.209996,"4.6",2011,"field","CF4-t809",11960,1196,-237.844611528822,-558.934837092732,"N",1.09315068493151,NA,"dead = complete mortality or lost",817,74
"255","NOAA_survey","Florida","Carysfort Reef","CF4",NA,NA,25.222871,-80.209996,"4.6",2011,"field","CF4-t810",1584,1267.2,856.240601503759,800.255639097744,"N",1.09315068493151,NA,"dead = complete mortality or lost",817,74
"256","NOAA_survey","Florida","Carysfort Reef","CF4",NA,NA,25.222871,-80.209996,"4.6",2011,"field","CF4-t811",2905,435.75,0,0,"N",1.09315068493151,NA,"dead = complete mortality or lost",817,74
"257","NOAA_survey","Florida","Carysfort Reef","CF4",NA,NA,25.222871,-80.209996,"4.6",2011,"field","CF4-t812",1000,50,-911.127819548872,-42.0802005012531,"N",1.09315068493151,NA,"dead = complete mortality or lost",817,74
"258","NOAA_survey","Florida","Carysfort Reef","CF4",NA,NA,25.222871,-80.209996,"4.6",2011,"field","CF4-t813",360,54,-285.413533834586,-5.48872180451128,"N",1.09315068493151,NA,"dead = complete mortality or lost",817,74
"259","NOAA_survey","Florida","Carysfort Reef","CF4",NA,NA,25.222871,-80.209996,"4.6",2011,"field","CF4-t814",12750,4462.5,823.308270676692,-1584.86842105263,"N",1.09315068493151,NA,"dead = complete mortality or lost",817,74
"260","NOAA_survey","Florida","Carysfort Reef","CF4",NA,NA,25.222871,-80.209996,"4.6",2012,"field","CF4-t908",408,265.2,212,106.8,"N",1,NA,"dead = complete mortality or lost",817,74
"261","NOAA_survey","Florida","Elbow Reef","EL1",NA,NA,25.142579,-80.258364,"3.4",2005,"field","EL1-t050",187,187,0,0,"N",1.08767123287671,"storm","dead = complete mortality or lost",817,118
"262","NOAA_survey","Florida","Elbow Reef","EL1",NA,NA,25.142579,-80.258364,"3.4",2005,"field","EL1-t051",22400,17920,-1323.01007556675,-6839.84256926952,"N",1.08767123287671,"storm","dead = complete mortality or lost",817,118
"263","NOAA_survey","Florida","Elbow Reef","EL1",NA,NA,25.142579,-80.258364,"3.4",2005,"field","EL1-t052",43200,36720,3263.85390428212,625.188916876574,"N",1.08767123287671,"storm","dead = complete mortality or lost",817,118
"264","NOAA_survey","Florida","Elbow Reef","EL1",NA,NA,25.142579,-80.258364,"3.4",2005,"field","EL1-t053",6400,6336,-22.9848866498741,-2308.60201511335,"Y",1.08767123287671,"storm","dead = complete mortality or lost",817,118
"265","NOAA_survey","Florida","Elbow Reef","EL1",NA,NA,25.142579,-80.258364,"3.4",2005,"field","EL1-t054",15688,15531.12,3995.69269521411,3218.96901763224,"N",1.08767123287671,"storm","dead = complete mortality or lost",817,118
"266","NOAA_survey","Florida","Elbow Reef","EL1",NA,NA,25.142579,-80.258364,"3.4",2005,"field","EL1-t055",28700,25830,2460.30226700252,2214.27204030227,"N",1.08767123287671,"storm","dead = complete mortality or lost",817,118
"267","NOAA_survey","Florida","Elbow Reef","EL1",NA,NA,25.142579,-80.258364,"3.4",2005,"field","EL1-t056",12460,9968,2059.44584382872,2323.31234256927,"N",1.08767123287671,"storm","dead = complete mortality or lost",817,118
"268","NOAA_survey","Florida","Elbow Reef","EL1",NA,NA,25.142579,-80.258364,"3.4",2005,"field","EL1-t058",1800,1350,0,-910.201511335012,"N",1.08767123287671,"storm","dead = complete mortality or lost",817,118
"269","NOAA_survey","Florida","Elbow Reef","EL1",NA,NA,25.142579,-80.258364,"3.4",2005,"field","EL1-t059",20625,17531.25,1953.71536523929,-2522.59130982368,"N",1.08767123287671,"storm","dead = complete mortality or lost",817,118
"270","NOAA_survey","Florida","Elbow Reef","EL1",NA,NA,25.142579,-80.258364,"3.4",2005,"field","EL1-t060",1575,1559.25,413.727959697733,390.972921914358,"N",1.08767123287671,"storm","dead = complete mortality or lost",817,118
"271","NOAA_survey","Florida","Elbow Reef","EL1",NA,NA,25.142579,-80.258364,"3.4",2005,"field","EL1-t061",3575,3575,-68.9546599496222,-133.31234256927,"N",1.08767123287671,"storm","dead = complete mortality or lost",817,118
"272","NOAA_survey","Florida","Elbow Reef","EL1",NA,NA,25.142579,-80.258364,"3.4",2005,"field","EL1-t062",17000,11050,1746.85138539043,266.624685138539,"N",1.08767123287671,"storm","dead = complete mortality or lost",817,118
"273","NOAA_survey","Florida","Elbow Reef","EL1",NA,NA,25.142579,-80.258364,"3.4",2017,"field","EL1-t208",12000,8400,-5667.56594724221,-3725.49460431655,"N",1.14246575342466,NA,"dead = complete mortality or lost",817,118
"274","NOAA_survey","Florida","Elbow Reef","EL1",NA,NA,25.142579,-80.258364,"3.4",2012,"field","EL1-t232",5452,4089,-2012.65536723164,-787.74011299435,"N",0.96986301369863,NA,"dead = complete mortality or lost",817,118
"275","NOAA_survey","Florida","Elbow Reef","EL1",NA,NA,25.142579,-80.258364,"3.4",2015,"field","EL1-t441",3055,2902.25,181.518817204301,-145.460349462366,"N",1.01917808219178,NA,"dead = complete mortality or lost",817,118
"276","NOAA_survey","Florida","Elbow Reef","EL1",NA,NA,25.142579,-80.258364,"3.4",2013,"field","EL1-t454",308,277.2,-278.405612244898,-249.727040816327,"N",1.07397260273973,NA,"dead = complete mortality or lost",817,118
"277","NOAA_survey","Florida","Elbow Reef","EL1",NA,NA,25.142579,-80.258364,"3.4",2011,"field","EL1-t977",15990,12792,2263.20334261838,-967.504178272981,"N",0.983561643835616,NA,"dead = complete mortality or lost",817,118
"278","NOAA_survey","Florida","Elbow Reef","EL1",NA,NA,25.142579,-80.258364,"3.4",2011,"field","EL1-t978",3034,2882.3,1165.15320334262,1106.89554317549,"N",0.983561643835616,NA,"dead = complete mortality or lost",817,118
"279","NOAA_survey","Florida","Elbow Reef","EL1",NA,NA,25.142579,-80.258364,"3.4",2011,"field","EL1-t979",8991,8541.45,2422.82729805014,2301.68593314763,"N",0.983561643835616,NA,"dead = complete mortality or lost",817,118
"280","NOAA_survey","Florida","Elbow Reef","EL1",NA,NA,25.142579,-80.258364,"3.4",2018,"field","EL1-t986",32,32,13.9558823529412,11.5404411764706,"Y",0.931506849315068,NA,"dead = complete mortality or lost",817,118
"281","NOAA_survey","Florida","Elbow Reef","EL1",NA,NA,25.142579,-80.258364,"3.4",2018,"field","EL1-t987",7700,7315,661.294117647059,628.229411764706,"N",0.931506849315068,NA,"dead = complete mortality or lost",817,118
"282","NOAA_survey","Florida","Elbow Reef","EL1",NA,NA,25.142579,-80.258364,"3.4",2018,"field","EL1-t988",49,39.2,22.5441176470588,21.7926470588235,"N",0.931506849315068,NA,"dead = complete mortality or lost",817,118
"283","NOAA_survey","Florida","Elbow Reef","EL2",NA,NA,25.142899,-80.258221,"3.4",2005,"field","EL2-t063",374,317.9,509.345088161209,475.603274559194,"N",1.08767123287671,"storm","dead = complete mortality or lost",817,118
"284","NOAA_survey","Florida","Elbow Reef","EL2",NA,NA,25.142899,-80.258221,"3.4",2005,"field","EL2-t064",11875,1187.5,0,-545.891057934509,"N",1.08767123287671,"storm","dead = complete mortality or lost",817,118
"285","NOAA_survey","Florida","Elbow Reef","EL2",NA,NA,25.142899,-80.258221,"3.4",2005,"field","EL2-t065",8670,6936,1333.1234256927,-2655.21410579345,"N",1.08767123287671,"storm","dead = complete mortality or lost",817,118
"286","NOAA_survey","Florida","Elbow Reef","EL2",NA,NA,25.142899,-80.258221,"3.4",2005,"field","EL2-t066",10450,6792.5,873.425692695214,-2052.55037783375,"N",1.08767123287671,"storm","dead = complete mortality or lost",817,118
"287","NOAA_survey","Florida","Elbow Reef","EL2",NA,NA,25.142899,-80.258221,"3.4",2005,"field","EL2-t067",3400,1360,503.828715365239,-161.445843828715,"N",1.08767123287671,"storm","dead = complete mortality or lost",817,118
"288","NOAA_survey","Florida","Elbow Reef","EL2",NA,NA,25.142899,-80.258221,"3.4",2005,"field","EL2-t068",3720,3720,831.133501259446,618.569269521411,"N",1.08767123287671,"storm","dead = complete mortality or lost",817,118
"289","NOAA_survey","Florida","Elbow Reef","EL2",NA,NA,25.142899,-80.258221,"3.4",2005,"field","EL2-t069",9800,6860,1930.73047858942,804.471032745592,"N",1.08767123287671,"storm","dead = complete mortality or lost",817,118
"290","NOAA_survey","Florida","Elbow Reef","EL2",NA,NA,25.142899,-80.258221,"3.4",2005,"field","EL2-t070",9200,8280,1802.01511335013,82.7455919395466,"N",1.08767123287671,"storm","dead = complete mortality or lost",817,118
"291","NOAA_survey","Florida","Elbow Reef","EL2",NA,NA,25.142899,-80.258221,"3.4",2005,"field","EL2-t071",6600,990,-5935.61712846348,-844.005037783375,"N",1.08767123287671,"storm","dead = complete mortality or lost",817,118
"292","NOAA_survey","Florida","Elbow Reef","EL2",NA,NA,25.142899,-80.258221,"3.4",2005,"field","EL2-t072",8400,1680,-2574.30730478589,-1287.15365239295,"N",1.08767123287671,"storm","dead = complete mortality or lost",817,118
"293","NOAA_survey","Florida","Elbow Reef","EL2",NA,NA,25.142899,-80.258221,"3.4",2005,"field","EL2-t073",11235,10111.5,2137.59445843829,1923.83501259446,"N",1.08767123287671,"storm","dead = complete mortality or lost",817,118
"294","NOAA_survey","Florida","Elbow Reef","EL2",NA,NA,25.142899,-80.258221,"3.4",2018,"field","EL2-t211",72,61.2,35.609756097561,30.2682926829268,"N",1.01095890410959,NA,"dead = complete mortality or lost",817,118
"295","NOAA_survey","Florida","Elbow Reef","EL2",NA,NA,25.142899,-80.258221,"3.4",2018,"field","EL2-t212",104,26,-40.5555555555556,30.3672086720867,"Y",1.01095890410959,NA,"dead = complete mortality or lost",817,118
"296","NOAA_survey","Florida","Elbow Reef","EL2",NA,NA,25.142899,-80.258221,"3.4",2018,"field","EL2-t214",40,34,-12.8590785907859,-12.2655826558266,"N",1.01095890410959,NA,"dead = complete mortality or lost",817,118
"297","NOAA_survey","Florida","Elbow Reef","EL2",NA,NA,25.142899,-80.258221,"3.4",2012,"field","EL2-t244",135,135,63.9487870619946,63.9487870619946,"N",1.01643835616438,NA,"dead = complete mortality or lost",817,118
"298","NOAA_survey","Florida","Elbow Reef","EL2",NA,NA,25.142899,-80.258221,"3.4",2012,"field","EL2-t246",35,35,54.1105121293801,54.1105121293801,"N",1.01643835616438,NA,"dead = complete mortality or lost",817,118
"299","NOAA_survey","Florida","Elbow Reef","EL2",NA,NA,25.142899,-80.258221,"3.4",2012,"field","EL2-t247",700,560,306.954177897574,96.2183288409704,"N",1.01643835616438,NA,"dead = complete mortality or lost",817,118
"300","NOAA_survey","Florida","Elbow Reef","EL2",NA,NA,25.142899,-80.258221,"3.4",2015,"field","EL2-t437",96,81.6,31.3978494623656,32.9677419354839,"N",1.01917808219178,NA,"dead = complete mortality or lost",817,118
"301","NOAA_survey","Florida","Elbow Reef","EL2",NA,NA,25.142899,-80.258221,"3.4",2015,"field","EL2-t439",1890,1512,13.7365591397849,10.989247311828,"N",1.01917808219178,NA,"dead = complete mortality or lost",817,118
"302","NOAA_survey","Florida","Elbow Reef","EL2",NA,NA,25.142899,-80.258221,"3.4",2015,"field","EL2-t440",1450,1160,73.5887096774194,58.8709677419355,"N",1.01917808219178,NA,"dead = complete mortality or lost",817,118
"303","NOAA_survey","Florida","Elbow Reef","EL2",NA,NA,25.142899,-80.258221,"3.4",2013,"field","EL2-t453",1008,907.2,-356.619897959184,-408.250637755102,"N",1.07397260273973,NA,"dead = complete mortality or lost",817,118
"304","NOAA_survey","Florida","Elbow Reef","EL2",NA,NA,25.142899,-80.258221,"3.4",2018,"field","EL2-t485",1320,330,104.850948509485,-185.368563685637,"Y",1.01095890410959,NA,"dead = complete mortality or lost",817,118
"305","NOAA_survey","Florida","Elbow Reef","EL2",NA,NA,25.142899,-80.258221,"3.4",2018,"field","EL2-t486",7200,1800,949.593495934959,237.39837398374,"N",1.01095890410959,NA,"dead = complete mortality or lost",817,118
"306","NOAA_survey","Florida","Elbow Reef","EL2",NA,NA,25.142899,-80.258221,"3.4",2018,"field","EL2-t487",1125,225,0,-55.640243902439,"Y",1.01095890410959,NA,"dead = complete mortality or lost",817,118
"307","NOAA_survey","Florida","Elbow Reef","EL2",NA,NA,25.142899,-80.258221,"3.4",2018,"field","EL2-t488",45,36,-42.5338753387534,-33.6314363143631,"N",1.01095890410959,NA,"dead = complete mortality or lost",817,118
"308","NOAA_survey","Florida","Elbow Reef","EL2",NA,NA,25.142899,-80.258221,"3.4",2019,"field","EL2-t767",966,48.3,-931.101928374656,-12.3677685950413,"N",0.994520547945206,NA,"dead = complete mortality or lost",817,118
"309","NOAA_survey","Florida","Elbow Reef","EL2",NA,NA,25.142899,-80.258221,"3.4",2019,"field","EL2-t768",72,72,58.3195592286501,58.3195592286501,"N",0.994520547945206,NA,"dead = complete mortality or lost",817,118
"310","NOAA_survey","Florida","Elbow Reef","EL2",NA,NA,25.142899,-80.258221,"3.4",2019,"field","EL2-t769",32,28.8,31.1707988980716,31.2210743801653,"N",0.994520547945206,NA,"dead = complete mortality or lost",817,118
"311","NOAA_survey","Florida","Elbow Reef","EL2",NA,NA,25.142899,-80.258221,"3.4",2006,"field","EL2-t913",35700,26775,-8661.01694915254,-10718.0084745763,"N",0.96986301369863,"storm","dead = complete mortality or lost",817,118
"312","NOAA_survey","Florida","Elbow Reef","EL2",NA,NA,25.142899,-80.258221,"3.4",2011,"field","EL2-t980",20,20,16.0557184750733,12.3093841642229,"N",0.934246575342466,NA,"dead = complete mortality or lost",817,118
"313","NOAA_survey","Florida","Elbow Reef","EL3",NA,NA,25.143881,-80.257827,"4",2005,"field","EL3-t075",1050,1039.5,325.063613231552,-185.286259541985,"N",1.07671232876712,"storm","dead = complete mortality or lost",817,118
"314","NOAA_survey","Florida","Elbow Reef","EL3",NA,NA,25.143881,-80.257827,"4",2005,"field","EL3-t076",21195,13776.75,2535.49618320611,537.051526717557,"N",1.07671232876712,"storm","dead = complete mortality or lost",817,118
"315","NOAA_survey","Florida","Elbow Reef","EL3",NA,NA,25.143881,-80.257827,"4",2005,"field","EL3-t077",3825,3251.25,719.783715012723,611.816157760814,"N",1.07671232876712,"storm","dead = complete mortality or lost",817,118
"316","NOAA_survey","Florida","Elbow Reef","EL3",NA,NA,25.143881,-80.257827,"4",2005,"field","EL3-t078",3850,3272.5,882.315521628499,527.067430025445,"N",1.07671232876712,"storm","dead = complete mortality or lost",817,118
"317","NOAA_survey","Florida","Elbow Reef","EL3",NA,NA,25.143881,-80.257827,"4",2005,"field","EL3-t079",875,262.5,0,81.265903307888,"N",1.07671232876712,"storm","dead = complete mortality or lost",817,118
"318","NOAA_survey","Florida","Elbow Reef","EL3",NA,NA,25.143881,-80.257827,"4",2005,"field","EL3-t081",18318,9159,-83.587786259542,804.671755725192,"N",1.07671232876712,"storm","dead = complete mortality or lost",817,118
"319","NOAA_survey","Florida","Elbow Reef","EL3",NA,NA,25.143881,-80.257827,"4",2005,"field","EL3-t082",756,189,-484.809160305344,-23.4045801526718,"N",1.07671232876712,"storm","dead = complete mortality or lost",817,118
"320","NOAA_survey","Florida","Elbow Reef","EL3",NA,NA,25.143881,-80.257827,"4",2005,"field","EL3-t083",11224,8979.2,2935.78880407125,3016.63676844784,"N",1.07671232876712,"storm","dead = complete mortality or lost",817,118
"321","NOAA_survey","Florida","Elbow Reef","EL3",NA,NA,25.143881,-80.257827,"4",2005,"field","EL3-t084",13300,4655,-2182.56997455471,-1272.39185750636,"N",1.07671232876712,"storm","dead = complete mortality or lost",817,118
"322","NOAA_survey","Florida","Elbow Reef","EL3",NA,NA,25.143881,-80.257827,"4",2005,"field","EL3-t086",16720,13376,1560.30534351145,-460.661577608143,"N",1.07671232876712,"storm","dead = complete mortality or lost",817,118
"323","NOAA_survey","Florida","Elbow Reef","EL3",NA,NA,25.143881,-80.257827,"4",2017,"field","EL3-t187",16,16,13.1701030927835,13.1701030927835,"N",1.06301369863014,NA,"dead = complete mortality or lost",817,118
"324","NOAA_survey","Florida","Elbow Reef","EL3",NA,NA,25.143881,-80.257827,"4",2016,"field","EL3-t422",1653,330.6,178.941504178273,128.766713091922,"N",0.983561643835616,NA,"dead = complete mortality or lost",817,118
"325","NOAA_survey","Florida","Elbow Reef","EL3",NA,NA,25.143881,-80.257827,"4",2016,"field","EL3-t423",12,12,0,0,"N",0.983561643835616,NA,"dead = complete mortality or lost",817,118
"326","NOAA_survey","Florida","Elbow Reef","EL3",NA,NA,25.143881,-80.257827,"4",2015,"field","EL3-t432",1881,658.35,-1555.43126684636,-411.58423180593,"N",1.01643835616438,NA,"dead = complete mortality or lost",817,118
"327","NOAA_survey","Florida","Elbow Reef","EL3",NA,NA,25.143881,-80.257827,"4",2015,"field","EL3-t433",275,275,-223.32884097035,-228.051212938005,"N",1.01643835616438,NA,"dead = complete mortality or lost",817,118
"328","NOAA_survey","Florida","Elbow Reef","EL3",NA,NA,25.143881,-80.257827,"4",2015,"field","EL3-t434",72,72,44.2722371967655,44.2722371967655,"N",1.01643835616438,NA,"dead = complete mortality or lost",817,118
"329","NOAA_survey","Florida","Elbow Reef","EL3",NA,NA,25.143881,-80.257827,"4",2013,"field","EL3-t451",98,98,-69.3296089385475,-69.3296089385475,"N",0.980821917808219,NA,"dead = complete mortality or lost",817,118
"330","NOAA_survey","Florida","Elbow Reef","EL3",NA,NA,25.143881,-80.257827,"4",2006,"field","EL3-t911",2590,1554,226.340782122905,279.153631284916,"N",0.980821917808219,"storm","dead = complete mortality or lost",817,118
"331","NOAA_survey","Florida","Elbow Reef","EL3",NA,NA,25.143881,-80.257827,"4",2011,"field","EL3-t930",121,102.85,11.1838440111421,22.9268802228412,"N",0.983561643835616,NA,"dead = complete mortality or lost",817,118
"332","NOAA_survey","Florida","Elbow Reef","EL3",NA,NA,25.143881,-80.257827,"4",2011,"field","EL3-t932",35,31.5,-11.1838440111421,-13.7256267409471,"N",0.983561643835616,NA,"dead = complete mortality or lost",817,118
"333","NOAA_survey","Florida","Elbow Reef","EL3",NA,NA,25.143881,-80.257827,"4",2011,"field","EL3-t933",6867,5150.25,64.0529247910864,48.0396935933148,"N",0.983561643835616,NA,"dead = complete mortality or lost",817,118
"334","NOAA_survey","Florida","Elbow Reef","EL3",NA,NA,25.143881,-80.257827,"4",2011,"field","EL3-t934",750,150,-760.50139275766,-150.473537604457,"N",0.983561643835616,NA,"dead = complete mortality or lost",817,118
"335","NOAA_survey","Florida","Elbow Reef","EL4",NA,NA,25.145086,-80.257301,"4.9",2005,"field","EL4-t153",17360,12152,2285.05208333333,1599.53645833333,"N",1.05205479452055,"storm","dead = complete mortality or lost",817,118
"336","NOAA_survey","Florida","Elbow Reef","EL4",NA,NA,25.145086,-80.257301,"4.9",2005,"field","EL4-t154",11270,7889,218.619791666667,-393.515624999999,"N",1.05205479452055,"storm","dead = complete mortality or lost",817,118
"337","NOAA_survey","Florida","Elbow Reef","EL4",NA,NA,25.145086,-80.257301,"4.9",2005,"field","EL4-t155",2900,2900,1186.25,1186.25,"N",1.05205479452055,"storm","dead = complete mortality or lost",817,118
"338","NOAA_survey","Florida","Elbow Reef","EL4",NA,NA,25.145086,-80.257301,"4.9",2005,"field","EL4-t156",1485,1336.5,218.619791666667,196.7578125,"N",1.05205479452055,"storm","dead = complete mortality or lost",817,118
"339","NOAA_survey","Florida","Elbow Reef","EL4",NA,NA,25.145086,-80.257301,"4.9",2005,"field","EL4-t157",84,84,22.8125,22.8125,"N",1.05205479452055,"storm","dead = complete mortality or lost",817,118
"340","NOAA_survey","Florida","Elbow Reef","EL4",NA,NA,25.145086,-80.257301,"4.9",2005,"field","EL4-t158",1200,840,106.458333333333,74.5208333333333,"N",1.05205479452055,"storm","dead = complete mortality or lost",817,118
"341","NOAA_survey","Florida","Elbow Reef","EL4",NA,NA,25.145086,-80.257301,"4.9",2005,"field","EL4-t159",4950,3712.5,-3263.13802083333,-2447.353515625,"N",1.05205479452055,"storm","dead = complete mortality or lost",817,118
"342","NOAA_survey","Florida","Elbow Reef","EL4",NA,NA,25.145086,-80.257301,"4.9",2005,"field","EL4-t160",957,909.15,321.276041666667,305.212239583333,"N",1.05205479452055,"storm","dead = complete mortality or lost",817,118
"343","NOAA_survey","Florida","Elbow Reef","EL4",NA,NA,25.145086,-80.257301,"4.9",2005,"field","EL4-t161",2080,832,-408.723958333333,-477.161458333333,"N",1.05205479452055,"storm","dead = complete mortality or lost",817,118
"344","NOAA_survey","Florida","Elbow Reef","EL4",NA,NA,25.145086,-80.257301,"4.9",2005,"field","EL4-t162",1440,1440,912.5,912.5,"N",1.05205479452055,"storm","dead = complete mortality or lost",817,118
"345","NOAA_survey","Florida","Elbow Reef","EL4",NA,NA,25.145086,-80.257301,"4.9",2005,"field","EL4-t163",4125,3506.25,1211.9140625,-2049.560546875,"Y",1.05205479452055,"storm","dead = complete mortality or lost",817,118
"346","NOAA_survey","Florida","Elbow Reef","EL4",NA,NA,25.145086,-80.257301,"4.9",2005,"field","EL4-t164",238,238,58.9322916666667,58.9322916666667,"N",1.05205479452055,"storm","dead = complete mortality or lost",817,118
"347","NOAA_survey","Florida","Elbow Reef","EL4",NA,NA,25.145086,-80.257301,"4.9",2005,"field","EL4-t165",66,66,3.80208333333333,3.80208333333333,"N",1.05205479452055,"storm","dead = complete mortality or lost",817,118
"348","NOAA_survey","Florida","Elbow Reef","EL4",NA,NA,25.145086,-80.257301,"4.9",2005,"field","EL4-t166",42,42,20.9114583333333,20.9114583333333,"N",1.05205479452055,"storm","dead = complete mortality or lost",817,118
"349","NOAA_survey","Florida","Elbow Reef","EL4",NA,NA,25.145086,-80.257301,"4.9",2005,"field","EL4-t167",56,56,41.8229166666667,41.8229166666667,"N",1.05205479452055,"storm","dead = complete mortality or lost",817,118
"350","NOAA_survey","Florida","Elbow Reef","EL4",NA,NA,25.145086,-80.257301,"4.9",2005,"field","EL4-t168",8330,8330,2328.77604166667,2123.84375,"N",1.05205479452055,"storm","dead = complete mortality or lost",817,118
"351","NOAA_survey","Florida","Elbow Reef","EL4",NA,NA,25.145086,-80.257301,"4.9",2005,"field","EL4-t169",1125,731.25,-251.888020833333,-686.893880208333,"N",1.05205479452055,"storm","dead = complete mortality or lost",817,118
"352","NOAA_survey","Florida","Elbow Reef","EL4",NA,NA,25.145086,-80.257301,"4.9",2018,"field","EL4-t210",1380,276,-173.809523809524,-208.571428571429,"N",1.03561643835616,NA,"dead = complete mortality or lost",817,118
"353","NOAA_survey","Florida","Elbow Reef","EL4",NA,NA,25.145086,-80.257301,"4.9",2014,"field","EL4-t416",120,120,-42,-49.8,"N",1,NA,"dead = complete mortality or lost",817,118
"354","NOAA_survey","Florida","Elbow Reef","EL4",NA,NA,25.145086,-80.257301,"4.9",2013,"field","EL4-t417",40,20,14,34,"N",1,NA,"dead = complete mortality or lost",817,118
"355","NOAA_survey","Florida","Elbow Reef","EL4",NA,NA,25.145086,-80.257301,"4.9",2014,"field","EL4-t418",5628,5065.2,651,-2867.55,"Y",1,NA,"dead = complete mortality or lost",817,118
"356","NOAA_survey","Florida","Elbow Reef","EL4",NA,NA,25.145086,-80.257301,"4.9",2014,"field","EL4-t420",24,24,-4,-4,"N",1,NA,"dead = complete mortality or lost",817,118
"357","NOAA_survey","Florida","Elbow Reef","EL4",NA,NA,25.145086,-80.257301,"4.9",2018,"field","EL4-t489",96,86.4,-40.5555555555556,-62.5714285714286,"N",1.03561643835616,NA,"dead = complete mortality or lost",817,118
"358","NOAA_survey","Florida","Elbow Reef","EL4",NA,NA,25.145086,-80.257301,"4.9",2019,"field","EL4-t772",304,243.2,97.9519774011299,98.9314971751412,"N",0.96986301369863,NA,"dead = complete mortality or lost",817,118
"359","NOAA_survey","Florida","Elbow Reef","EL4",NA,NA,25.145086,-80.257301,"4.9",2006,"field","EL4-t922",360,306,-91.25,-96.4642857142857,"N",0.767123287671233,"storm","dead = complete mortality or lost",817,118
"360","NOAA_survey","Florida","Elbow Reef","EL4",NA,NA,25.145086,-80.257301,"4.9",2011,"field","EL4-t935",3575,178.75,-160.6,-8.03,"N",1.02739726027397,NA,"dead = complete mortality or lost",817,118
"361","NOAA_survey","Florida","Elbow Reef","EL4",NA,NA,25.145086,-80.257301,"4.9",2011,"field","EL4-t936",960,816,-58.4,-5.84,"Y",1.02739726027397,NA,"dead = complete mortality or lost",817,118
"362","NOAA_survey","Florida","Elbow Reef","EL4",NA,NA,25.145086,-80.257301,"4.9",2011,"field","EL4-t937",945,897.75,170.333333333333,-1.70333333333333,"N",1.02739726027397,NA,"dead = complete mortality or lost",817,118
"363","NOAA_survey","Florida","Elbow Reef","EL5",NA,NA,25.145179,-80.257389,"4.9",2005,"field","EL5-t170",345,345,417.278645833333,409.8265625,"N",1.05205479452055,"storm","dead = complete mortality or lost",817,118
"364","NOAA_survey","Florida","Elbow Reef","EL5",NA,NA,25.145179,-80.257389,"4.9",2005,"field","EL5-t171",143,143,168.2421875,168.2421875,"N",1.05205479452055,"storm","dead = complete mortality or lost",817,118
"365","NOAA_survey","Florida","Elbow Reef","EL5",NA,NA,25.145179,-80.257389,"4.9",2005,"field","EL5-t172",504,504,287.057291666667,287.057291666667,"N",1.05205479452055,"storm","dead = complete mortality or lost",817,118
"366","NOAA_survey","Florida","Elbow Reef","EL5",NA,NA,25.145179,-80.257389,"4.9",2005,"field","EL5-t173",289,289,295.611979166667,267.096354166667,"N",1.05205479452055,"storm","dead = complete mortality or lost",817,118
"367","NOAA_survey","Florida","Elbow Reef","EL5",NA,NA,25.145179,-80.257389,"4.9",2005,"field","EL5-t174",1118,1006.2,163.489583333333,147.140625,"N",1.05205479452055,"storm","dead = complete mortality or lost",817,118
"368","NOAA_survey","Florida","Elbow Reef","EL5",NA,NA,25.145179,-80.257389,"4.9",2005,"field","EL5-t175",1485,1336.5,817.447916666667,735.703125,"N",1.05205479452055,"storm","dead = complete mortality or lost",817,118
"369","NOAA_survey","Florida","Elbow Reef","EL5",NA,NA,25.145179,-80.257389,"4.9",2005,"field","EL5-t176",322,193.2,81.7447916666667,68.4375,"N",1.05205479452055,"storm","dead = complete mortality or lost",817,118
"370","NOAA_survey","Florida","Elbow Reef","EL5",NA,NA,25.145179,-80.257389,"4.9",2005,"field","EL5-t177",2907,2470.95,461.002604166667,391.852213541667,"N",1.05205479452055,"storm","dead = complete mortality or lost",817,118
"371","NOAA_survey","Florida","Elbow Reef","EL5",NA,NA,25.145179,-80.257389,"4.9",2005,"field","EL5-t180",6800,4760,1081.69270833333,757.184895833333,"N",1.05205479452055,"storm","dead = complete mortality or lost",817,118
"372","NOAA_survey","Florida","Elbow Reef","EL5",NA,NA,25.145179,-80.257389,"4.9",2005,"field","EL5-t181",6120,5508,1967.578125,1381.58203125,"N",1.05205479452055,"storm","dead = complete mortality or lost",817,118
"373","NOAA_survey","Florida","Elbow Reef","EL5",NA,NA,25.145179,-80.257389,"4.9",2005,"field","EL5-t182",567,538.65,419.1796875,350.314453125,"N",1.05205479452055,"storm","dead = complete mortality or lost",817,118
"374","NOAA_survey","Florida","Elbow Reef","EL5",NA,NA,25.145179,-80.257389,"4.9",2005,"field","EL5-t183",132,132,10.4557291666667,7.73723958333332,"N",1.05205479452055,"storm","dead = complete mortality or lost",817,118
"375","NOAA_survey","Florida","Elbow Reef","EL5",NA,NA,25.145179,-80.257389,"4.9",2013,"field","EL5-t460",10000,3500,-1000,-2600,"Y",1,NA,"dead = complete mortality or lost",817,118
"376","NOAA_survey","Florida","Elbow Reef","EL5",NA,NA,25.145179,-80.257389,"4.9",2013,"field","EL5-t462",1430,1144,-130,-1014,"Y",1,NA,"dead = complete mortality or lost",817,118
"377","NOAA_survey","Florida","Elbow Reef","EL5",NA,NA,25.145179,-80.257389,"4.9",2011,"field","EL5-t939",360,72,-58.4,-26.28,"Y",1.02739726027397,NA,"dead = complete mortality or lost",817,118
"378","NOAA_survey","Florida","Elbow Reef","EL5",NA,NA,25.145179,-80.257389,"4.9",2011,"field","EL5-t940",180,144,6.81333333333333,23.652,"Y",1.02739726027397,NA,"dead = complete mortality or lost",817,118
"379","NOAA_survey","Florida","French Reef","FR1",NA,NA,25.033886,-80.349365,"6.4",2005,"field","FR1-t001",360,360,111.734693877551,102.795918367347,"N",1.07397260273973,"storm","dead = complete mortality or lost",817,76
"380","NOAA_survey","Florida","French Reef","FR1",NA,NA,25.033886,-80.349365,"6.4",2005,"field","FR1-t002",2835,2778.3,58.6607142857143,-23.4642857142855,"N",1.07397260273973,"storm","dead = complete mortality or lost",817,76
"381","NOAA_survey","Florida","French Reef","FR1",NA,NA,25.033886,-80.349365,"6.4",2005,"field","FR1-t003",224,224,-54.9362244897959,-170.16262755102,"N",1.07397260273973,"storm","dead = complete mortality or lost",817,76
"382","NOAA_survey","Florida","French Reef","FR1",NA,NA,25.033886,-80.349365,"6.4",2005,"field","FR1-t004",12600,5040,1466.51785714286,-73.3258928571429,"N",1.07397260273973,"storm","dead = complete mortality or lost",817,76
"383","NOAA_survey","Florida","French Reef","FR1",NA,NA,25.033886,-80.349365,"6.4",2005,"field","FR1-t005",19500,14625,2048.4693877551,-484.183673469388,"N",1.07397260273973,"storm","dead = complete mortality or lost",817,76
"384","NOAA_survey","Florida","French Reef","FR1",NA,NA,25.033886,-80.349365,"6.4",2005,"field","FR1-t006",26100,22185,3258.92857142857,1392.02806122449,"N",1.07397260273973,"storm","dead = complete mortality or lost",817,76
"385","NOAA_survey","Florida","French Reef","FR1",NA,NA,25.033886,-80.349365,"6.4",2005,"field","FR1-t007",1575,1181.25,0,-73.3258928571429,"N",1.07397260273973,"storm","dead = complete mortality or lost",817,76
"386","NOAA_survey","Florida","French Reef","FR1",NA,NA,25.033886,-80.349365,"6.4",2005,"field","FR1-t008",15300,11475,419.005102040816,-4818.55867346939,"N",1.07397260273973,"storm","dead = complete mortality or lost",817,76
"387","NOAA_survey","Florida","French Reef","FR1",NA,NA,25.033886,-80.349365,"6.4",2005,"field","FR1-t009",33825,27060,-6634.24744897959,-6550.44642857143,"N",1.07397260273973,"storm","dead = complete mortality or lost",817,76
"388","NOAA_survey","Florida","French Reef","FR1",NA,NA,25.033886,-80.349365,"6.4",2005,"field","FR1-t010",3360,1680,-55.8673469387755,-181.56887755102,"N",1.07397260273973,"storm","dead = complete mortality or lost",817,76
"389","NOAA_survey","Florida","French Reef","FR1",NA,NA,25.033886,-80.349365,"6.4",2005,"field","FR1-t011",16,16,13.0357142857143,13.0357142857143,"N",1.07397260273973,"storm","dead = complete mortality or lost",817,76
"390","NOAA_survey","Florida","French Reef","FR1",NA,NA,25.033886,-80.349365,"6.4",2005,"field","FR1-t012",270,256.5,83.8010204081633,93.0191326530612,"N",1.07397260273973,"storm","dead = complete mortality or lost",817,76
"391","NOAA_survey","Florida","French Reef","FR1",NA,NA,25.033886,-80.349365,"6.4",2017,"field","FR1-t199",8541,5978.7,-639.6625,-2236.26375,"N",1.0958904109589,NA,"dead = complete mortality or lost",817,76
"392","NOAA_survey","Florida","French Reef","FR1",NA,NA,25.033886,-80.349365,"6.4",2019,"field","FR1-t774",180,135,53.1857142857143,76.0242857142857,"N",0.958904109589041,NA,"dead = complete mortality or lost",817,76
"393","NOAA_survey","Florida","French Reef","FR1",NA,NA,25.033886,-80.349365,"6.4",2019,"field","FR1-t775",1815,272.25,284.7,-66.1692857142857,"N",0.958904109589041,NA,"dead = complete mortality or lost",817,76
"394","NOAA_survey","Florida","French Reef","FR1",NA,NA,25.033886,-80.349365,"6.4",2019,"field","FR1-t776",49,49,61.5285714285714,61.5285714285714,"N",0.958904109589041,NA,"dead = complete mortality or lost",817,76
"395","NOAA_survey","Florida","French Reef","FR1",NA,NA,25.033886,-80.349365,"6.4",2013,"field","FR1-t860",180,153,14.5225464190981,31.223474801061,"N",1.03287671232877,NA,"dead = complete mortality or lost",817,76
"396","NOAA_survey","Florida","French Reef","FR1",NA,NA,25.033886,-80.349365,"6.4",2013,"field","FR1-t861",2494,1496.4,-178.143236074271,116.761273209549,"N",1.03287671232877,NA,"dead = complete mortality or lost",817,76
"397","NOAA_survey","Florida","French Reef","FR1",NA,NA,25.033886,-80.349365,"6.4",2018,"field","FR1-t924",5145,1029,-824.805194805195,-164.961038961039,"N",1.05479452054795,NA,"dead = complete mortality or lost",817,76
"398","NOAA_survey","Florida","French Reef","FR1",NA,NA,25.033886,-80.349365,"6.4",2018,"field","FR1-t925",9720,2430,-1275.12987012987,-715.779220779221,"N",1.05479452054795,NA,"dead = complete mortality or lost",817,76
"399","NOAA_survey","Florida","French Reef","FR1",NA,NA,25.033886,-80.349365,"6.4",2018,"field","FR1-t926",3432,686.4,-731.896103896104,-398.561038961039,"N",1.05479452054795,NA,"dead = complete mortality or lost",817,76
"400","NOAA_survey","Florida","French Reef","FR1",NA,NA,25.033886,-80.349365,"6.4",2018,"field","FR1-t928",500,400,-292,-224.498701298701,"N",1.05479452054795,NA,"dead = complete mortality or lost",817,76
"401","NOAA_survey","Florida","French Reef","FR1",NA,NA,25.033886,-80.349365,"6.4",2018,"field","FR1-t929",90,54,-32.2337662337662,1.8961038961039,"N",1.05479452054795,NA,"dead = complete mortality or lost",817,76
"402","NOAA_survey","Florida","French Reef","FR1",NA,NA,25.033886,-80.349365,"6.4",2011,"field","FR1-t975",875,700,320.014005602241,134.549019607843,"N",0.978082191780822,NA,"dead = complete mortality or lost",817,76
"403","NOAA_survey","Florida","French Reef","FR1",NA,NA,25.033886,-80.349365,"6.4",2011,"field","FR1-t976",3220,805,470.3081232493,-258.669467787115,"N",0.978082191780822,NA,"dead = complete mortality or lost",817,76
"404","NOAA_survey","Florida","French Reef","FR2",NA,NA,25.033681,-80.349545,"4.9",2012,"field","FR2-t236",28,28,20.5633802816901,20.5633802816901,"N",0.972602739726027,NA,"dead = complete mortality or lost",817,76
"405","NOAA_survey","Florida","French Reef","FR2",NA,NA,25.033681,-80.349545,"4.9",2008,"field","FR2-t250",6324,948.6,0,0,"N",1.0027397260274,NA,"dead = complete mortality or lost",817,76
"406","NOAA_survey","Florida","French Reef","FR2",NA,NA,25.033681,-80.349545,"4.9",2008,"field","FR2-t251",270,270,212.418032786885,202.784426229508,"N",1.0027397260274,NA,"dead = complete mortality or lost",817,76
"407","NOAA_survey","Florida","French Reef","FR2",NA,NA,25.033681,-80.349545,"4.9",2008,"field","FR2-t252",70,42,83.7704918032787,73.2991803278688,"N",1.0027397260274,NA,"dead = complete mortality or lost",817,76
"408","NOAA_survey","Florida","French Reef","FR2",NA,NA,25.033681,-80.349545,"4.9",2008,"field","FR2-t254",350,350,269.262295081967,269.262295081967,"Y",1.0027397260274,NA,"dead = complete mortality or lost",817,76
"409","NOAA_survey","Florida","French Reef","FR2",NA,NA,25.033681,-80.349545,"4.9",2008,"field","FR2-t255",260,234,123.661202185792,53.8524590163934,"N",1.0027397260274,NA,"dead = complete mortality or lost",817,76
"410","NOAA_survey","Florida","French Reef","FR2",NA,NA,25.033681,-80.349545,"4.9",2008,"field","FR2-t256",455,386.75,210.42349726776,145.650956284153,"N",1.0027397260274,NA,"dead = complete mortality or lost",817,76
"411","NOAA_survey","Florida","French Reef","FR2",NA,NA,25.033681,-80.349545,"4.9",2008,"field","FR2-t257",35,35,13.9617486338798,6.6318306010929,"N",1.0027397260274,NA,"dead = complete mortality or lost",817,76
"412","NOAA_survey","Florida","French Reef","FR2",NA,NA,25.033681,-80.349545,"4.9",2008,"field","FR2-t258",300,225,99.7267759562841,34.9043715846994,"N",1.0027397260274,NA,"dead = complete mortality or lost",817,76
"413","NOAA_survey","Florida","French Reef","FR2",NA,NA,25.033681,-80.349545,"4.9",2008,"field","FR2-t259",136,122.4,115.68306010929,91.5491803278688,"N",1.0027397260274,NA,"dead = complete mortality or lost",817,76
"414","NOAA_survey","Florida","French Reef","FR2",NA,NA,25.033681,-80.349545,"4.9",2008,"field","FR2-t260",120,114,19.9453551912568,23.1366120218579,"N",1.0027397260274,NA,"dead = complete mortality or lost",817,76
"415","NOAA_survey","Florida","French Reef","FR2",NA,NA,25.033681,-80.349545,"4.9",2008,"field","FR2-t261",5100,510,0,0,"N",1.0027397260274,NA,"dead = complete mortality or lost",817,76
"416","NOAA_survey","Florida","French Reef","FR2",NA,NA,25.033681,-80.349545,"4.9",2008,"field","FR2-t262",150,150,-51.8579234972678,-66.5177595628415,"N",1.0027397260274,NA,"dead = complete mortality or lost",817,76
"417","NOAA_survey","Florida","French Reef","FR2",NA,NA,25.033681,-80.349545,"4.9",2015,"field","FR2-t447",196,196,11.4360313315927,-184.806266318538,"N",1.04931506849315,NA,"dead = complete mortality or lost",817,76
"418","NOAA_survey","Florida","French Reef","FR2",NA,NA,25.033681,-80.349545,"4.9",2016,"field","FR2-t470",483,434.7,-23.7146892655367,-258.49011299435,"N",0.96986301369863,NA,"dead = complete mortality or lost",817,76
"419","NOAA_survey","Florida","French Reef","FR2",NA,NA,25.033681,-80.349545,"4.9",2011,"field","FR2-t982",234,234,91.5325077399381,73.734520123839,"N",0.884931506849315,NA,"dead = complete mortality or lost",817,76
"420","NOAA_survey","Florida","French Reef","FR2",NA,NA,25.033681,-80.349545,"4.9",2018,"field","FR2-t983",153,45.9,-110.922077922078,-41.8090909090909,"N",1.05479452054795,NA,"dead = complete mortality or lost",817,76
"421","NOAA_survey","Florida","French Reef","FR2",NA,NA,25.033681,-80.349545,"4.9",2018,"field","FR2-t984",35,26.25,18.012987012987,5.83051948051948,"N",1.05479452054795,NA,"dead = complete mortality or lost",817,76
"422","NOAA_survey","Florida","French Reef","FR3",NA,NA,25.035184,-80.349037,"3.7",2017,"field","FR3-t203",16,11.2,31.6973684210526,26.8947368421053,"N",1.04109589041096,NA,"dead = complete mortality or lost",817,76
"423","NOAA_survey","Florida","French Reef","FR3",NA,NA,25.035184,-80.349037,"3.7",2015,"field","FR3-t444",720,288,-123.011049723757,71.3867403314917,"N",0.991780821917808,NA,"dead = complete mortality or lost",817,76
"424","NOAA_survey","Florida","French Reef","FR3",NA,NA,25.035184,-80.349037,"3.7",2015,"field","FR3-t446",2160,648,338.78453038674,227.469613259668,"N",0.991780821917808,NA,"dead = complete mortality or lost",817,76
"425","NOAA_survey","Florida","French Reef","FR3",NA,NA,25.035184,-80.349037,"3.7",2016,"field","FR3-t472",210,189,171.518624641834,76.1375358166189,"N",0.956164383561644,NA,"dead = complete mortality or lost",817,76
"426","NOAA_survey","Florida","French Reef","FR3",NA,NA,25.035184,-80.349037,"3.7",2016,"field","FR3-t474",2400,120,0,0,"N",0.956164383561644,NA,"dead = complete mortality or lost",817,76
"427","NOAA_survey","Florida","French Reef","FR3",NA,NA,25.035184,-80.349037,"3.7",2018,"field","FR3-t491",6080,5168,-2843.3950617284,-4631.21913580247,"N",1.10958904109589,NA,"dead = complete mortality or lost",817,76
"428","NOAA_survey","Florida","French Reef","FR3",NA,NA,25.035184,-80.349037,"3.7",2011,"field","FR3-t815",5400,4860,608.333333333333,-2190,"N",1.10958904109589,NA,"dead = complete mortality or lost",817,76
"429","NOAA_survey","Florida","French Reef","FR3",NA,NA,25.035184,-80.349037,"3.7",2011,"field","FR3-t816",165,148.5,97.3333333333333,87.6,"N",1.10958904109589,NA,"dead = complete mortality or lost",817,76
"430","NOAA_survey","Florida","French Reef","FR3",NA,NA,25.035184,-80.349037,"3.7",2011,"field","FR3-t817",714,606.9,109.950617283951,-245.586419753086,"N",1.10958904109589,NA,"dead = complete mortality or lost",817,76
"431","NOAA_survey","Florida","French Reef","FR3",NA,NA,25.035184,-80.349037,"3.7",2011,"field","FR3-t818",40,28,28.8395061728395,26.6765432098765,"N",1.10958904109589,NA,"dead = complete mortality or lost",817,76
"432","NOAA_survey","Florida","French Reef","FR3",NA,NA,25.035184,-80.349037,"3.7",2011,"field","FR3-t819",5814,1744.2,642.58024691358,-101.343827160494,"N",1.10958904109589,NA,"dead = complete mortality or lost",817,76
"433","NOAA_survey","Florida","French Reef","FR3",NA,NA,25.035184,-80.349037,"3.7",2011,"field","FR3-t820",12604,3781.2,926.469135802469,277.940740740741,"N",1.10958904109589,NA,"dead = complete mortality or lost",817,76
"434","NOAA_survey","Florida","French Reef","FR3",NA,NA,25.035184,-80.349037,"3.7",2011,"field","FR3-t821",10858,7600.6,1858.34567901235,136.446913580247,"N",1.10958904109589,NA,"dead = complete mortality or lost",817,76
"435","NOAA_survey","Florida","French Reef","FR3",NA,NA,25.035184,-80.349037,"3.7",2011,"field","FR3-t822",144,129.6,68.4938271604938,51.7308641975309,"N",1.10958904109589,NA,"dead = complete mortality or lost",817,76
"436","NOAA_survey","Florida","French Reef","FR3",NA,NA,25.035184,-80.349037,"3.7",2011,"field","FR3-t824",884,839.8,-143.296296296296,-332.15,"N",1.10958904109589,NA,"dead = complete mortality or lost",817,76
"437","NOAA_survey","Florida","French Reef","FR3",NA,NA,25.035184,-80.349037,"3.7",2011,"field","FR3-t825",986,986,95.5308641975309,-52.0913580246914,"N",1.10958904109589,NA,"dead = complete mortality or lost",817,76
"438","NOAA_survey","Florida","French Reef","FR3",NA,NA,25.035184,-80.349037,"3.7",2011,"field","FR3-t826",108,108,71.1975308641975,71.1975308641975,"N",1.10958904109589,NA,"dead = complete mortality or lost",817,76
"439","NOAA_survey","Florida","French Reef","FR3",NA,NA,25.035184,-80.349037,"3.7",2013,"field","FR3-t862",5208,3645.6,900.397877984085,-1152.50928381963,"N",1.03287671232877,NA,"dead = complete mortality or lost",817,76
"440","NOAA_survey","Florida","French Reef","FR3",NA,NA,25.035184,-80.349037,"3.7",2013,"field","FR3-t863",5985,4788,723.222811671087,-399.079575596817,"N",1.03287671232877,NA,"dead = complete mortality or lost",817,76
"441","NOAA_survey","Florida","French Reef","FR3",NA,NA,25.035184,-80.349037,"3.7",2013,"field","FR3-t864",208,93.6,19.3633952254642,85.973474801061,"N",1.03287671232877,NA,"dead = complete mortality or lost",817,76
"442","NOAA_survey","Florida","French Reef","FR3",NA,NA,25.035184,-80.349037,"3.7",2013,"field","FR3-t865",221,221,18.395225464191,18.395225464191,"N",1.03287671232877,NA,"dead = complete mortality or lost",817,76
"443","NOAA_survey","Florida","French Reef","FR3",NA,NA,25.035184,-80.349037,"3.7",2013,"field","FR3-t866",25,25,23.236074270557,23.236074270557,"N",1.03287671232877,NA,"dead = complete mortality or lost",817,76
"444","NOAA_survey","Florida","Grecian Rocks","GR1",NA,NA,25.109051,-80.305243,"3.7",2014,"field","GR1-t413",782,703.8,229.971098265896,-689.702312138728,"N",0.947945205479452,NA,"dead = complete mortality or lost",817,54
"445","NOAA_survey","Florida","Grecian Rocks","GR1",NA,NA,25.109051,-80.305243,"3.7",2013,"field","GR1-t463",204,61.2,-76.2686567164179,42.4925373134328,"N",1.1013698630137,NA,"dead = complete mortality or lost",817,54
"446","NOAA_survey","Florida","Grecian Rocks","GR1",NA,NA,25.109051,-80.305243,"3.7",2016,"field","GR1-t469",99,99,-2.95148247978437,-2.95148247978437,"N",1.01643835616438,NA,"dead = complete mortality or lost",817,54
"447","NOAA_survey","Florida","Grecian Rocks","GR1",NA,NA,25.109051,-80.305243,"3.7",2011,"field","GR1-t827",1764,1675.8,838.955223880597,674.977611940299,"N",1.1013698630137,NA,"dead = complete mortality or lost",817,54
"448","NOAA_survey","Florida","Grecian Rocks","GR1",NA,NA,25.109051,-80.305243,"3.7",2011,"field","GR1-t828",2300,2185,1071.39303482587,1017.82338308458,"N",1.1013698630137,NA,"dead = complete mortality or lost",817,54
"449","NOAA_survey","Florida","Grecian Rocks","GR1",NA,NA,25.109051,-80.305243,"3.7",2011,"field","GR1-t829",1920,864,348.65671641791,-156.89552238806,"N",1.1013698630137,NA,"dead = complete mortality or lost",817,54
"450","NOAA_survey","Florida","Grecian Rocks","GR1",NA,NA,25.109051,-80.305243,"3.7",2011,"field","GR1-t830",2961,2368.8,986.044776119403,421.384328358209,"N",1.1013698630137,NA,"dead = complete mortality or lost",817,54
"451","NOAA_survey","Florida","Grecian Rocks","GR1",NA,NA,25.109051,-80.305243,"3.7",2011,"field","GR1-t831",5920,5624,2796.51741293532,2248.10945273632,"N",1.1013698630137,NA,"dead = complete mortality or lost",817,54
"452","NOAA_survey","Florida","Grecian Rocks","GR1",NA,NA,25.109051,-80.305243,"3.7",2011,"field","GR1-t832",2925,2193.75,817.164179104478,-1123.60074626866,"N",1.1013698630137,NA,"dead = complete mortality or lost",817,54
"453","NOAA_survey","Florida","Grecian Rocks","GR1",NA,NA,25.109051,-80.305243,"3.7",2011,"field","GR1-t833",4818,4577.1,1722.40049751244,1636.28047263682,"N",1.1013698630137,NA,"dead = complete mortality or lost",817,54
"454","NOAA_survey","Florida","Grecian Rocks","GR1",NA,NA,25.109051,-80.305243,"3.7",2011,"field","GR1-t834",832,83.2,-174.328358208955,-46.4875621890547,"N",1.1013698630137,NA,"dead = complete mortality or lost",817,54
"455","NOAA_survey","Florida","Grecian Rocks","GR1",NA,NA,25.109051,-80.305243,"3.7",2011,"field","GR1-t835",2550,2422.5,1002.38805970149,786.384328358209,"N",1.1013698630137,NA,"dead = complete mortality or lost",817,54
"456","NOAA_survey","Florida","Grecian Rocks","GR1",NA,NA,25.109051,-80.305243,"3.7",2011,"field","GR1-t836",1512,1058.4,273.296019900498,-55.6125621890545,"N",1.1013698630137,NA,"dead = complete mortality or lost",817,54
"457","NOAA_survey","Florida","Grecian Rocks","GR1",NA,NA,25.109051,-80.305243,"3.7",2011,"field","GR1-t837",2294,2271.06,624.676616915423,510.128358208955,"N",1.1013698630137,NA,"dead = complete mortality or lost",817,54
"458","NOAA_survey","Florida","Grecian Rocks","GR1",NA,NA,25.109051,-80.305243,"3.7",2011,"field","GR1-t838",726,617.1,281.467661691542,192.215174129353,"N",1.1013698630137,NA,"dead = complete mortality or lost",817,54
"459","NOAA_survey","Florida","Grecian Rocks","GR1",NA,NA,25.109051,-80.305243,"3.7",2013,"field","GR1-t889",65,65,55.3855721393035,49.6654228855721,"Y",1.1013698630137,NA,"dead = complete mortality or lost",817,54
"460","NOAA_survey","Florida","Grecian Rocks","GR1",NA,NA,25.109051,-80.305243,"3.7",2013,"field","GR1-t890",594,504.9,191.57960199005,235.933457711443,"N",1.1013698630137,NA,"dead = complete mortality or lost",817,54
"461","NOAA_survey","Florida","Grecian Rocks","GR1",NA,NA,25.109051,-80.305243,"3.7",2013,"field","GR1-t891",2800,2380,272.388059701493,625.584577114428,"Y",1.1013698630137,NA,"dead = complete mortality or lost",817,54
"462","NOAA_survey","Florida","Grecian Rocks","GR2",NA,NA,25.112082,-80.303222,"2.1",2014,"field","GR2-t415",2184,2184,380.073746312684,-2078.34660766962,"N",0.928767123287671,NA,"dead = complete mortality or lost",817,54
"463","NOAA_survey","Florida","Grecian Rocks","GR2",NA,NA,25.112082,-80.303222,"2.1",2015,"field","GR2-t429",2432,2310.4,-1040.63829787234,-2229.60638297872,"N",1.03013698630137,NA,"dead = complete mortality or lost",817,54
"464","NOAA_survey","Florida","Grecian Rocks","GR2",NA,NA,25.112082,-80.303222,"2.1",2015,"field","GR2-t430",170,170,-112.606382978723,-159.784574468085,"N",1.03013698630137,NA,"dead = complete mortality or lost",817,54
"465","NOAA_survey","Florida","Grecian Rocks","GR2",NA,NA,25.112082,-80.303222,"2.1",2015,"field","GR2-t431",96,96,91.25,82.0279255319149,"N",1.03013698630137,NA,"dead = complete mortality or lost",817,54
"466","NOAA_survey","Florida","Grecian Rocks","GR2",NA,NA,25.112082,-80.303222,"2.1",2016,"field","GR2-t467",121,121,40.2118644067797,40.2118644067797,"N",0.96986301369863,NA,"dead = complete mortality or lost",817,54
"467","NOAA_survey","Florida","Grecian Rocks","GR2",NA,NA,25.112082,-80.303222,"2.1",2011,"field","GR2-t839",18,18,15.4353233830846,13.8463930348259,"N",1.1013698630137,NA,"dead = complete mortality or lost",817,54
"468","NOAA_survey","Florida","Grecian Rocks","GR2",NA,NA,25.112082,-80.303222,"2.1",2011,"field","GR2-t840",6090,6090,1825,1751.4552238806,"N",1.1013698630137,NA,"dead = complete mortality or lost",817,54
"469","NOAA_survey","Florida","Grecian Rocks","GR2",NA,NA,25.112082,-80.303222,"2.1",2011,"field","GR2-t841",11760,9996,1077.74875621891,328.318407960199,"N",1.1013698630137,NA,"dead = complete mortality or lost",817,54
"470","NOAA_survey","Florida","Grecian Rocks","GR2",NA,NA,25.112082,-80.303222,"2.1",2011,"field","GR2-t842",126,100.8,49.0298507462687,70.2761194029851,"N",1.1013698630137,NA,"dead = complete mortality or lost",817,54
"471","NOAA_survey","Florida","Grecian Rocks","GR2",NA,NA,25.112082,-80.303222,"2.1",2011,"field","GR2-t843",21,21,35.410447761194,32.6865671641791,"N",1.1013698630137,NA,"dead = complete mortality or lost",817,54
"472","NOAA_survey","Florida","Grecian Rocks","GR2",NA,NA,25.112082,-80.303222,"2.1",2011,"field","GR2-t844",3740,2992,764.502487562189,195.574626865671,"N",1.1013698630137,NA,"dead = complete mortality or lost",817,54
"473","NOAA_survey","Florida","Grecian Rocks","GR2",NA,NA,25.112082,-80.303222,"2.1",2011,"field","GR2-t845",48,48,29.0547263681592,14.5273631840796,"N",1.1013698630137,NA,"dead = complete mortality or lost",817,54
"474","NOAA_survey","Florida","Grecian Rocks","GR2",NA,NA,25.112082,-80.303222,"2.1",2011,"field","GR2-t846",9920,6448,760.870646766169,494.56592039801,"N",1.1013698630137,NA,"dead = complete mortality or lost",817,54
"475","NOAA_survey","Florida","Grecian Rocks","GR2",NA,NA,25.112082,-80.303222,"2.1",2011,"field","GR2-t847",1620,1620,392.238805970149,299.082089552239,"N",1.1013698630137,NA,"dead = complete mortality or lost",817,54
"476","NOAA_survey","Florida","Grecian Rocks","GR2",NA,NA,25.112082,-80.303222,"2.1",2011,"field","GR2-t848",55,55,-4.53980099502488,-4.53980099502488,"N",1.1013698630137,NA,"dead = complete mortality or lost",817,54
"477","NOAA_survey","Florida","Grecian Rocks","GR2",NA,NA,25.112082,-80.303222,"2.1",2011,"field","GR2-t849",21,21,5.44776119402985,5.44776119402985,"N",1.1013698630137,NA,"dead = complete mortality or lost",817,54
"478","NOAA_survey","Florida","Grecian Rocks","GR2",NA,NA,25.112082,-80.303222,"2.1",2011,"field","GR2-t850",6300,5670,72.636815920398,586.723880597015,"N",1.1013698630137,NA,"dead = complete mortality or lost",817,54
"479","NOAA_survey","Florida","Grecian Rocks","GR2",NA,NA,25.112082,-80.303222,"2.1",2013,"field","GR2-t884",184,174.8,-64.0975609756098,-55.9073170731707,"N",1.12328767123288,NA,"dead = complete mortality or lost",817,54
"480","NOAA_survey","Florida","Grecian Rocks","GR2",NA,NA,25.112082,-80.303222,"2.1",2013,"field","GR2-t885",9198,8738.1,3028.60975609756,2877.17926829268,"N",1.12328767123288,NA,"dead = complete mortality or lost",817,54
"481","NOAA_survey","Florida","Grecian Rocks","GR2",NA,NA,25.112082,-80.303222,"2.1",2013,"field","GR2-t886",175,166.25,0.890243902439024,8.67987804878049,"Y",1.12328767123288,NA,"dead = complete mortality or lost",817,54
"482","NOAA_survey","Florida","Grecian Rocks","GR3",NA,NA,25.109261,-80.306191,"1.5",2013,"field","GR3-t397",1664,998.4,192.690355329949,115.61421319797,"N",1.07945205479452,NA,"dead = complete mortality or lost",817,54
"483","NOAA_survey","Florida","Grecian Rocks","GR3",NA,NA,25.109261,-80.306191,"1.5",2013,"field","GR3-t398",1672,1170.4,88.9340101522843,-19.6395939086293,"N",1.07945205479452,NA,"dead = complete mortality or lost",817,54
"484","NOAA_survey","Florida","Grecian Rocks","GR3",NA,NA,25.109261,-80.306191,"1.5",2014,"field","GR3-t412",208,208,161.401734104046,161.401734104046,"N",0.947945205479452,NA,"dead = complete mortality or lost",817,54
"485","NOAA_survey","Florida","Grecian Rocks","GR3",NA,NA,25.109261,-80.306191,"1.5",2016,"field","GR3-t468",2183,2073.85,-97.9519774011299,-2030.64759887006,"N",0.96986301369863,NA,"dead = complete mortality or lost",817,54
"486","NOAA_survey","Florida","Grecian Rocks","GR3",NA,NA,25.109261,-80.306191,"1.5",2012,"field","GR3-t870",903,406.35,-105.870165745856,-248.794889502762,"N",0.991780821917808,NA,"dead = complete mortality or lost",817,54
"487","NOAA_survey","Florida","Grecian Rocks","GR3",NA,NA,25.109261,-80.306191,"1.5",2012,"field","GR3-t871",384,345.6,0,-77.4364640883979,"N",0.991780821917808,NA,"dead = complete mortality or lost",817,54
"488","NOAA_survey","Florida","Grecian Rocks","GR3",NA,NA,25.109261,-80.306191,"1.5",2012,"field","GR3-t872",220,198,88.7292817679558,79.8563535911602,"N",0.991780821917808,NA,"dead = complete mortality or lost",817,54
"489","NOAA_survey","Florida","Grecian Rocks","GR3",NA,NA,25.109261,-80.306191,"1.5",2012,"field","GR3-t873",494,469.3,220.814917127072,238.530524861878,"N",0.991780821917808,NA,"dead = complete mortality or lost",817,54
"490","NOAA_survey","Florida","Grecian Rocks","GR3",NA,NA,25.109261,-80.306191,"1.5",2012,"field","GR3-t874",713,713,297.444751381215,-698.581767955801,"N",0.991780821917808,NA,"dead = complete mortality or lost",817,54
"491","NOAA_survey","Florida","Grecian Rocks","GR3",NA,NA,25.109261,-80.306191,"1.5",2012,"field","GR3-t875",572,572,209.723756906077,209.723756906077,"N",0.991780821917808,NA,"dead = complete mortality or lost",817,54
"492","NOAA_survey","Florida","Grecian Rocks","GR3",NA,NA,25.109261,-80.306191,"1.5",2012,"field","GR3-t876",5432,2172.8,488.011049723757,-401.298342541437,"N",0.991780821917808,NA,"dead = complete mortality or lost",817,54
"493","NOAA_survey","Florida","Grecian Rocks","GR3",NA,NA,25.109261,-80.306191,"1.5",2012,"field","GR3-t877",7800,2730,0,-1572.92817679558,"N",0.991780821917808,NA,"dead = complete mortality or lost",817,54
"494","NOAA_survey","Florida","Grecian Rocks","GR3",NA,NA,25.109261,-80.306191,"1.5",2012,"field","GR3-t879",117,117,9.07458563535912,9.07458563535912,"Y",0.991780821917808,NA,"dead = complete mortality or lost",817,54
"495","NOAA_survey","Florida","Grecian Rocks","GR3",NA,NA,25.109261,-80.306191,"1.5",2012,"field","GR3-t881",672,604.8,305.511049723757,-19.9640883977901,"N",0.991780821917808,NA,"dead = complete mortality or lost",817,54
"496","NOAA_survey","Florida","Grecian Rocks","GR3",NA,NA,25.109261,-80.306191,"1.5",2018,"field","GR3-t901",1127,NA,-159.57729468599,NA,"N",1.13424657534247,NA,"dead = complete mortality or lost",817,54
"497","NOAA_survey","Florida","Key Largo Dry Rocks","KL1",NA,NA,25.123581,-80.297359,"2.1",2013,"field","KL1-t037",50,42.5,52.9838709677419,58.3018817204301,"N",1.01917808219178,NA,"dead = complete mortality or lost",817,62
"498","NOAA_survey","Florida","Key Largo Dry Rocks","KL1",NA,NA,25.123581,-80.297359,"2.1",2013,"field","KL1-t100",48,48,21.5860215053763,21.5860215053763,"N",1.01917808219178,NA,"dead = complete mortality or lost",817,62
"499","NOAA_survey","Florida","Key Largo Dry Rocks","KL1",NA,NA,25.123581,-80.297359,"2.1",2005,"field","KL1-t101",8775,1755,956.841432225064,-1180.88235294118,"N",1.07123287671233,"storm","dead = complete mortality or lost",817,62
"500","NOAA_survey","Florida","Key Largo Dry Rocks","KL1",NA,NA,25.123581,-80.297359,"2.1",2005,"field","KL1-t102",17050,10230,2567.13554987212,-1232.22506393862,"N",1.07123287671233,"storm","dead = complete mortality or lost",817,62
"501","NOAA_survey","Florida","Key Largo Dry Rocks","KL1",NA,NA,25.123581,-80.297359,"2.1",2005,"field","KL1-t103",9450,8032.5,2007.03324808184,1705.97826086957,"N",1.07123287671233,"storm","dead = complete mortality or lost",817,62
"502","NOAA_survey","Florida","Key Largo Dry Rocks","KL1",NA,NA,25.123581,-80.297359,"2.1",2005,"field","KL1-t104",11250,10125,2100.38363171356,2520.46035805627,"N",1.07123287671233,"storm","dead = complete mortality or lost",817,62
"503","NOAA_survey","Florida","Key Largo Dry Rocks","KL1",NA,NA,25.123581,-80.297359,"2.1",2005,"field","KL1-t105",34760,15642,2333.75959079284,2789.3094629156,"N",1.07123287671233,"storm","dead = complete mortality or lost",817,62
"504","NOAA_survey","Florida","Key Largo Dry Rocks","KL1",NA,NA,25.123581,-80.297359,"2.1",2005,"field","KL1-t106",13200,9900,1166.87979539642,2224.07289002558,"N",1.07123287671233,"storm","dead = complete mortality or lost",817,62
"505","NOAA_survey","Florida","Key Largo Dry Rocks","KL1",NA,NA,25.123581,-80.297359,"2.1",2005,"field","KL1-t107",8580,6864,1736.31713554987,901.764705882353,"N",1.07123287671233,"storm","dead = complete mortality or lost",817,62
"506","NOAA_survey","Florida","Key Largo Dry Rocks","KL1",NA,NA,25.123581,-80.297359,"2.1",2005,"field","KL1-t108",20400,12240,1120.20460358056,1680.30690537084,"N",1.07123287671233,"storm","dead = complete mortality or lost",817,62
"507","NOAA_survey","Florida","Key Largo Dry Rocks","KL1",NA,NA,25.123581,-80.297359,"2.1",2005,"field","KL1-t109",4088,817.6,104.552429667519,216.946291560102,"N",1.07123287671233,"storm","dead = complete mortality or lost",817,62
"508","NOAA_survey","Florida","Key Largo Dry Rocks","KL1",NA,NA,25.123581,-80.297359,"2.1",2005,"field","KL1-t110",25625,11531.25,956.841432225064,430.578644501279,"N",1.07123287671233,"storm","dead = complete mortality or lost",817,62
"509","NOAA_survey","Florida","Key Largo Dry Rocks","KL1",NA,NA,25.123581,-80.297359,"2.1",2005,"field","KL1-t111",3950,3555,518.09462915601,466.285166240409,"N",1.07123287671233,"storm","dead = complete mortality or lost",817,62
"510","NOAA_survey","Florida","Key Largo Dry Rocks","KL1",NA,NA,25.123581,-80.297359,"2.1",2005,"field","KL1-t112",1530,1377,-252.046035805627,-168.030690537084,"N",1.07123287671233,"storm","dead = complete mortality or lost",817,62
"511","NOAA_survey","Florida","Key Largo Dry Rocks","KL1",NA,NA,25.123581,-80.297359,"2.1",2005,"field","KL1-t113",4250,637.5,980.179028132992,641.783887468031,"N",1.07123287671233,"storm","dead = complete mortality or lost",817,62
"512","NOAA_survey","Florida","Key Largo Dry Rocks","KL1",NA,NA,25.123581,-80.297359,"2.1",2012,"field","KL1-t239",221,221,139.765840220386,49.2699724517906,"N",0.994520547945206,NA,"dead = complete mortality or lost",817,62
"513","NOAA_survey","Florida","Key Largo Dry Rocks","KL1",NA,NA,25.123581,-80.297359,"2.1",2013,"field","KL1-t373",270,264.6,102.043010752688,88.9932795698925,"Y",1.01917808219178,NA,"dead = complete mortality or lost",817,62
"514","NOAA_survey","Florida","Key Largo Dry Rocks","KL1",NA,NA,25.123581,-80.297359,"2.1",2013,"field","KL1-t374",81,72.9,-55.9274193548387,-49.1572580645161,"N",1.01917808219178,NA,"dead = complete mortality or lost",817,62
"515","NOAA_survey","Florida","Key Largo Dry Rocks","KL1",NA,NA,25.123581,-80.297359,"2.1",2013,"field","KL1-t375",12,12,27.4731182795699,27.4731182795699,"N",1.01917808219178,NA,"dead = complete mortality or lost",817,62
"516","NOAA_survey","Florida","Key Largo Dry Rocks","KL1",NA,NA,25.123581,-80.297359,"2.1",2013,"field","KL1-t388",70,70,-9.81182795698925,-9.81182795698925,"N",1.01917808219178,NA,"dead = complete mortality or lost",817,62
"517","NOAA_survey","Florida","Key Largo Dry Rocks","KL1",NA,NA,25.123581,-80.297359,"2.1",2006,"field","KL1-t904",3780,1890,-3754.86187845304,-1852.02209944751,"N",0.991780821917808,"storm","dead = complete mortality or lost",817,62
"518","NOAA_survey","Florida","Key Largo Dry Rocks","KL2",NA,NA,25.122897,-80.297886,"2.1",2005,"field","KL2-t114",1505,903,432.212276214834,443.040920716112,"N",1.07123287671233,"storm","dead = complete mortality or lost",817,62
"519","NOAA_survey","Florida","Key Largo Dry Rocks","KL2",NA,NA,25.122897,-80.297886,"2.1",2005,"field","KL2-t116",91,91,-52.2762148337596,-55.5434782608696,"N",1.07123287671233,"storm","dead = complete mortality or lost",817,62
"520","NOAA_survey","Florida","Key Largo Dry Rocks","KL2",NA,NA,25.122897,-80.297886,"2.1",2005,"field","KL2-t117",5225,1306.25,0,-487.755754475703,"N",1.07123287671233,"storm","dead = complete mortality or lost",817,62
"521","NOAA_survey","Florida","Key Largo Dry Rocks","KL2",NA,NA,25.122897,-80.297886,"2.1",2005,"field","KL2-t118",5520,3864,448.081841432225,-246.445012787723,"N",1.07123287671233,"storm","dead = complete mortality or lost",817,62
"522","NOAA_survey","Florida","Key Largo Dry Rocks","KL2",NA,NA,25.122897,-80.297886,"2.1",2005,"field","KL2-t119",3150,2205,350.063938618926,409.574808184143,"N",1.07123287671233,"storm","dead = complete mortality or lost",817,62
"523","NOAA_survey","Florida","Key Largo Dry Rocks","KL2",NA,NA,25.122897,-80.297886,"2.1",2005,"field","KL2-t120",3600,1080,-2576.47058823529,-694.526854219949,"N",1.07123287671233,"storm","dead = complete mortality or lost",817,62
"524","NOAA_survey","Florida","Key Largo Dry Rocks","KL2",NA,NA,25.122897,-80.297886,"2.1",2004,"field","KL2-t122",288,288,-33.3502538071066,-533.604060913706,"N",0.53972602739726,NA,"dead = complete mortality or lost",817,62
"525","NOAA_survey","Florida","Key Largo Dry Rocks","KL2",NA,NA,25.122897,-80.297886,"2.1",2005,"field","KL2-t123",5985,4488.75,-919.501278772379,-2556.63363171356,"N",1.07123287671233,"storm","dead = complete mortality or lost",817,62
"526","NOAA_survey","Florida","Key Largo Dry Rocks","KL2",NA,NA,25.122897,-80.297886,"2.1",2005,"field","KL2-t124",980,960.4,309.923273657289,303.724808184143,"N",1.07123287671233,"storm","dead = complete mortality or lost",817,62
"527","NOAA_survey","Florida","Key Largo Dry Rocks","KL2",NA,NA,25.122897,-80.297886,"2.1",2005,"field","KL2-t125",506,151.8,111.086956521739,33.3260869565218,"N",1.07123287671233,"storm","dead = complete mortality or lost",817,62
"528","NOAA_survey","Florida","Key Largo Dry Rocks","KL2",NA,NA,25.122897,-80.297886,"2.1",2006,"field","KL2-t907",77,65.45,-53.439226519337,-49.0531767955801,"N",0.991780821917808,"storm","dead = complete mortality or lost",817,62
"529","NOAA_survey","Florida","Key Largo Dry Rocks","KL3",NA,NA,25.122538,-80.298287,"3",2005,"field","KL3-t215",6630,5635.5,-3290.32846715328,-4095.59306569343,"N",1.12602739726027,"storm","dead = complete mortality or lost",817,62
"530","NOAA_survey","Florida","Key Largo Dry Rocks","KL3",NA,NA,25.122538,-80.298287,"3",2005,"field","KL3-t216",9450,6615,-6194.34306569343,-4116.24087591241,"N",1.12602739726027,"storm","dead = complete mortality or lost",817,62
"531","NOAA_survey","Florida","Key Largo Dry Rocks","KL3",NA,NA,25.122538,-80.298287,"3",2005,"field","KL3-t217",5400,3240,-1332.11678832117,-2011.49635036496,"N",1.12602739726027,"storm","dead = complete mortality or lost",817,62
"532","NOAA_survey","Florida","Key Largo Dry Rocks","KL3",NA,NA,25.122538,-80.298287,"3",2005,"field","KL3-t219",24375,9750,-627.87104622871,-4454.95377128954,"N",1.12602739726027,"storm","dead = complete mortality or lost",817,62
"533","NOAA_survey","Florida","Key Largo Dry Rocks","KL3",NA,NA,25.122538,-80.298287,"3",2005,"field","KL3-t220",5250,3150,580.802919708029,-2010.96350364964,"N",1.12602739726027,"storm","dead = complete mortality or lost",817,62
"534","NOAA_survey","Florida","Key Largo Dry Rocks","KL3",NA,NA,25.122538,-80.298287,"3",2005,"field","KL3-t222",629,157.25,-540.839416058394,-121.888686131387,"N",1.12602739726027,"storm","dead = complete mortality or lost",817,62
"535","NOAA_survey","Florida","Key Largo Dry Rocks","KL3",NA,NA,25.122538,-80.298287,"3",2005,"field","KL3-t223",990,445.5,-168.734793187348,-289.069343065693,"N",1.12602739726027,"storm","dead = complete mortality or lost",817,62
"536","NOAA_survey","Florida","Key Largo Dry Rocks","KL3",NA,NA,25.122538,-80.298287,"3",2005,"field","KL3-t224",3150,315,0,-251.770072992701,"N",1.12602739726027,"storm","dead = complete mortality or lost",817,62
"537","NOAA_survey","Florida","Key Largo Dry Rocks","KL3",NA,NA,25.122538,-80.298287,"3",2005,"field","KL3-t227",42,42,51.5085158150852,29.3065693430657,"N",1.12602739726027,"storm","dead = complete mortality or lost",817,62
"538","NOAA_survey","Florida","Key Largo Dry Rocks","KL3",NA,NA,25.122538,-80.298287,"3",2013,"field","KL3-t372",4,4,8,8,"N",1,NA,"dead = complete mortality or lost",817,62
"539","NOAA_survey","Florida","Key Largo Dry Rocks","KL3",NA,NA,25.122538,-80.298287,"3",2014,"field","KL3-t401",20,20,14.561170212766,14.561170212766,"N",1.03013698630137,NA,"dead = complete mortality or lost",817,62
"540","NOAA_survey","Florida","Key Largo Dry Rocks","KL3",NA,NA,25.122538,-80.298287,"3",2014,"field","KL3-t402",6,6,13.5904255319149,6.79521276595745,"N",1.03013698630137,NA,"dead = complete mortality or lost",817,62
"541","NOAA_survey","Florida","Key Largo Dry Rocks","KL3",NA,NA,25.122538,-80.298287,"3",2013,"field","KL3-t897",70,70,26,26,"N",1,NA,"dead = complete mortality or lost",817,62
"542","NOAA_survey","Florida","Key Largo Dry Rocks","KL3",NA,NA,25.122538,-80.298287,"3",2013,"field","KL3-t898",2,1.6,89,89.4,"N",1,NA,"dead = complete mortality or lost",817,62
"543","NOAA_survey","Florida","Key Largo Dry Rocks","KL3",NA,NA,25.122538,-80.298287,"3",2013,"field","KL3-t899",90,90,78,76.32,"N",1,NA,"dead = complete mortality or lost",817,62
"544","NOAA_survey","Florida","Key Largo Dry Rocks","KL3",NA,NA,25.122538,-80.298287,"3",2011,"field","KL3-t966",480,336,172.130681818182,187.477272727273,"N",0.964383561643836,NA,"dead = complete mortality or lost",817,62
"545","NOAA_survey","Florida","Key Largo Dry Rocks","KL3",NA,NA,25.122538,-80.298287,"3",2011,"field","KL3-t967",168,100.8,107.840909090909,22.3977272727273,"N",0.964383561643836,NA,"dead = complete mortality or lost",817,62
"546","NOAA_survey","Florida","Key Largo Dry Rocks","KL3",NA,NA,25.122538,-80.298287,"3",2011,"field","KL3-t968",12,9,8.29545454545454,11.40625,"N",0.964383561643836,NA,"dead = complete mortality or lost",817,62
"547","NOAA_survey","Florida","Key Largo Dry Rocks","KL3",NA,NA,25.122538,-80.298287,"3",2011,"field","KL3-t969",234,2.34,149.318181818182,56.3676136363636,"N",0.964383561643836,NA,"dead = complete mortality or lost",817,62
"548","NOAA_survey","Florida","Key Largo Dry Rocks","KL3",NA,NA,25.122538,-80.298287,"3",2011,"field","KL3-t970",6,4.8,30.0710227272727,27.6860795454545,"N",0.964383561643836,NA,"dead = complete mortality or lost",817,62
"549","NOAA_survey","Florida","Key Largo Dry Rocks","KL4",NA,NA,25.124294,-80.298833,"1.8",2011,"field","KL4-t851",1092,1037.4,550.307692307692,522.792307692308,"N",1.06849315068493,NA,"dead = complete mortality or lost",817,62
"550","NOAA_survey","Florida","Key Largo Dry Rocks","KL4",NA,NA,25.124294,-80.298833,"1.8",2011,"field","KL4-t852",870,696,750.589743589744,835.194871794872,"N",1.06849315068493,NA,"dead = complete mortality or lost",817,62
"551","NOAA_survey","Florida","Key Largo Dry Rocks","KL4",NA,NA,25.124294,-80.298833,"1.8",2011,"field","KL4-t853",16875,11812.5,2526.92307692308,2684.85576923077,"N",1.06849315068493,NA,"dead = complete mortality or lost",817,62
"552","NOAA_survey","Florida","Key Largo Dry Rocks","KL4",NA,NA,25.124294,-80.298833,"1.8",2011,"field","KL4-t854",1375,550,-764.628205128205,-201.405128205128,"N",1.06849315068493,NA,"dead = complete mortality or lost",817,62
"553","NOAA_survey","Florida","Key Largo Dry Rocks","KL4",NA,NA,25.124294,-80.298833,"1.8",2011,"field","KL4-t855",13888,13888,3533.94871794872,2707.3641025641,"N",1.06849315068493,NA,"dead = complete mortality or lost",817,62
"554","NOAA_survey","Florida","Key Largo Dry Rocks","KL4",NA,NA,25.124294,-80.298833,"1.8",2011,"field","KL4-t856",7980,6384,2987.38461538462,2912.7,"N",1.06849315068493,NA,"dead = complete mortality or lost",817,62
"555","NOAA_survey","Florida","Key Largo Dry Rocks","KL4",NA,NA,25.124294,-80.298833,"1.8",2011,"field","KL4-t857",900,225,100.141025641026,119.280128205128,"Y",1.06849315068493,NA,"dead = complete mortality or lost",817,62
"556","NOAA_survey","Florida","Key Largo Dry Rocks","KL4",NA,NA,25.124294,-80.298833,"1.8",2011,"field","KL4-t858",64,64,5.61538461538461,5.61538461538461,"N",1.06849315068493,NA,"dead = complete mortality or lost",817,62
"557","NOAA_survey","Florida","Key Largo Dry Rocks","KL4",NA,NA,25.124294,-80.298833,"1.8",2013,"field","KL4-t893",5504,2752,86,43,"Y",1,NA,"dead = complete mortality or lost",817,62
"558","NOAA_survey","Florida","Key Largo Dry Rocks","KL4",NA,NA,25.124294,-80.298833,"1.8",2013,"field","KL4-t894",230,207,-111,-99.9,"N",1,NA,"dead = complete mortality or lost",817,62
"559","NOAA_survey","Florida","Molasses Reef","ML1",NA,NA,25.00958,-80.37481,"3.7",2005,"field","ML1-t013",13500,11475,2897.1875,1701.8125,"N",1.0958904109589,"storm","dead = complete mortality or lost",817,65
"560","NOAA_survey","Florida","Molasses Reef","ML1",NA,NA,25.00958,-80.37481,"3.7",2005,"field","ML1-t014",11000,7700,1268.375,-242.724999999999,"N",1.0958904109589,"storm","dead = complete mortality or lost",817,65
"561","NOAA_survey","Florida","Molasses Reef","ML1",NA,NA,25.00958,-80.37481,"3.7",2005,"field","ML1-t015",1190,1071,-757.375,-763.7625,"N",1.0958904109589,"storm","dead = complete mortality or lost",817,65
"562","NOAA_survey","Florida","Molasses Reef","ML1",NA,NA,25.00958,-80.37481,"3.7",2005,"field","ML1-t016",4650,3952.5,953.5625,550.69375,"N",1.0958904109589,"storm","dead = complete mortality or lost",817,65
"563","NOAA_survey","Florida","Molasses Reef","ML1",NA,NA,25.00958,-80.37481,"3.7",2005,"field","ML1-t017",6000,4200,-1368.75,-2395.3125,"N",1.0958904109589,"storm","dead = complete mortality or lost",817,65
"564","NOAA_survey","Florida","Molasses Reef","ML1",NA,NA,25.00958,-80.37481,"3.7",2005,"field","ML1-t018",29000,26100,3239.375,-54.75,"N",1.0958904109589,"storm","dead = complete mortality or lost",817,65
"565","NOAA_survey","Florida","Molasses Reef","ML1",NA,NA,25.00958,-80.37481,"3.7",2005,"field","ML1-t020",32200,14490,638.75,-5716.8125,"N",1.0958904109589,"storm","dead = complete mortality or lost",817,65
"566","NOAA_survey","Florida","Molasses Reef","ML1",NA,NA,25.00958,-80.37481,"3.7",2005,"field","ML1-t021",80,80,67.525,64.7145,"N",1.0958904109589,"storm","dead = complete mortality or lost",817,65
"567","NOAA_survey","Florida","Molasses Reef","ML1",NA,NA,25.00958,-80.37481,"3.7",2005,"field","ML1-t022",300,300,288.35,288.35,"N",1.0958904109589,"storm","dead = complete mortality or lost",817,65
"568","NOAA_survey","Florida","Molasses Reef","ML1",NA,NA,25.00958,-80.37481,"3.7",2012,"field","ML1-t234",24,24,4.11267605633803,4.11267605633803,"N",0.972602739726027,NA,"dead = complete mortality or lost",817,65
"569","NOAA_survey","Florida","Molasses Reef","ML1",NA,NA,25.00958,-80.37481,"3.7",2014,"field","ML1-t404",416,83.2,-384.414893617021,-61.3510638297872,"N",1.03013698630137,NA,"dead = complete mortality or lost",817,65
"570","NOAA_survey","Florida","Molasses Reef","ML1",NA,NA,25.00958,-80.37481,"3.7",2014,"field","ML1-t405",12,9.6,22.3271276595745,-9.31914893617021,"N",1.03013698630137,NA,"dead = complete mortality or lost",817,65
"571","NOAA_survey","Florida","Molasses Reef","ML1",NA,NA,25.00958,-80.37481,"3.7",2016,"field","ML1-t464",12,12,12.2005571030641,12.2005571030641,"N",0.983561643835616,NA,"dead = complete mortality or lost",817,65
"572","NOAA_survey","Florida","Molasses Reef","ML1",NA,NA,25.00958,-80.37481,"3.7",2013,"field","ML1-t882",700,455,206.048387096774,89.2876344086021,"Y",1.01917808219178,NA,"dead = complete mortality or lost",817,65
"573","NOAA_survey","Florida","Molasses Reef","ML1",NA,NA,25.00958,-80.37481,"3.7",2013,"field","ML1-t883",1715,1200.5,23.5483870967742,-666.02688172043,"Y",1.01917808219178,NA,"dead = complete mortality or lost",817,65
"574","NOAA_survey","Florida","Molasses Reef","ML1",NA,NA,25.00958,-80.37481,"3.7",2006,"field","ML1-t920",108,108,9.43965517241379,9.43965517241379,"N",0.953424657534247,"storm","dead = complete mortality or lost",817,65
"575","NOAA_survey","Florida","Molasses Reef","ML1",NA,NA,25.00958,-80.37481,"3.7",2006,"field","ML1-t921",988,444.6,-868.448275862069,-315.284482758621,"N",0.953424657534247,"storm","dead = complete mortality or lost",817,65
"576","NOAA_survey","Florida","Molasses Reef","ML1",NA,NA,25.00958,-80.37481,"3.7",2011,"field","ML1-t981",6,6,2.21884498480243,2.21884498480243,"N",0.901369863013699,NA,"dead = complete mortality or lost",817,65
"577","NOAA_survey","Florida","Molasses Reef","ML2",NA,NA,25.009122,-80.374734,"5.5",2005,"field","ML2-t126",51300,20520,0,2340.5625,"N",1.0958904109589,"storm","dead = complete mortality or lost",817,65
"578","NOAA_survey","Florida","Molasses Reef","ML2",NA,NA,25.009122,-80.374734,"5.5",2005,"field","ML2-t127",960,864,268.275,298.66125,"N",1.0958904109589,"storm","dead = complete mortality or lost",817,65
"579","NOAA_survey","Florida","Molasses Reef","ML2",NA,NA,25.009122,-80.374734,"5.5",2005,"field","ML2-t128",660,646.8,343.1,336.238,"N",1.0958904109589,"storm","dead = complete mortality or lost",817,65
"580","NOAA_survey","Florida","Molasses Reef","ML2",NA,NA,25.009122,-80.374734,"5.5",2005,"field","ML2-t129",30625,13781.25,-4950.3125,-3377.390625,"N",1.0958904109589,"storm","dead = complete mortality or lost",817,65
"581","NOAA_survey","Florida","Molasses Reef","ML2",NA,NA,25.009122,-80.374734,"5.5",2005,"field","ML2-t130",14850,9652.5,1619.6875,-464.234375,"N",1.0958904109589,"storm","dead = complete mortality or lost",817,65
"582","NOAA_survey","Florida","Molasses Reef","ML2",NA,NA,25.009122,-80.374734,"5.5",2005,"field","ML2-t131",22200,15540,1095,-301.124999999998,"N",1.0958904109589,"storm","dead = complete mortality or lost",817,65
"583","NOAA_survey","Florida","Molasses Reef","ML2",NA,NA,25.009122,-80.374734,"5.5",2005,"field","ML2-t132",15770,12616,734.5625,-168.584375,"N",1.0958904109589,"storm","dead = complete mortality or lost",817,65
"584","NOAA_survey","Florida","Molasses Reef","ML2",NA,NA,25.009122,-80.374734,"5.5",2005,"field","ML2-t134",3000,1200,524.6875,-442.5625,"N",1.0958904109589,"storm","dead = complete mortality or lost",817,65
"585","NOAA_survey","Florida","Molasses Reef","ML2",NA,NA,25.009122,-80.374734,"5.5",2005,"field","ML2-t135",1620,1587.6,273.75,285.795,"N",1.0958904109589,"storm","dead = complete mortality or lost",817,65
"586","NOAA_survey","Florida","Molasses Reef","ML2",NA,NA,25.009122,-80.374734,"5.5",2005,"field","ML2-t136",1221,1098.9,0,-557.08125,"N",1.0958904109589,"storm","dead = complete mortality or lost",817,65
"587","NOAA_survey","Florida","Molasses Reef","ML2",NA,NA,25.009122,-80.374734,"5.5",2005,"field","ML2-t137",2025,303.75,-252.7625,-37.914375,"N",1.0958904109589,"storm","dead = complete mortality or lost",817,65
"588","NOAA_survey","Florida","Molasses Reef","ML2",NA,NA,25.009122,-80.374734,"5.5",2005,"field","ML2-t138",1170,58.5,-1029.3,-15.05625,"N",1.0958904109589,"storm","dead = complete mortality or lost",817,65
"589","NOAA_survey","Florida","Molasses Reef","ML2",NA,NA,25.009122,-80.374734,"5.5",2005,"field","ML2-t139",110,82.5,-27.375,-67.98125,"N",1.0958904109589,"storm","dead = complete mortality or lost",817,65
"590","NOAA_survey","Florida","Molasses Reef","ML2",NA,NA,25.009122,-80.374734,"5.5",2005,"field","ML2-t140",336,252,50.1875,-33.716875,"Y",1.0958904109589,"storm","dead = complete mortality or lost",817,65
"591","NOAA_survey","Florida","Molasses Reef","ML2",NA,NA,25.009122,-80.374734,"5.5",2005,"field","ML2-t141",925,832.5,22.8125,-22.8125,"N",1.0958904109589,"storm","dead = complete mortality or lost",817,65
"592","NOAA_survey","Florida","Molasses Reef","ML2",NA,NA,25.009122,-80.374734,"5.5",2005,"field","ML2-t142",1225,306.25,63.875,-102.2,"N",1.0958904109589,"storm","dead = complete mortality or lost",817,65
"593","NOAA_survey","Florida","Molasses Reef","ML2",NA,NA,25.009122,-80.374734,"5.5",2017,"field","ML2-t190",608,456,-202.347480106101,-344.910477453581,"N",1.03287671232877,NA,"dead = complete mortality or lost",817,65
"594","NOAA_survey","Florida","Molasses Reef","ML2",NA,NA,25.009122,-80.374734,"5.5",2017,"field","ML2-t192",2680,268,-1592.63925729443,-259.46949602122,"N",1.03287671232877,NA,"dead = complete mortality or lost",817,65
"595","NOAA_survey","Florida","Molasses Reef","ML2",NA,NA,25.009122,-80.374734,"5.5",2012,"field","ML2-t249",40,34,4.97275204359673,10.4925068119891,"N",1.00547945205479,NA,"dead = complete mortality or lost",817,65
"596","NOAA_survey","Florida","Molasses Reef","ML2",NA,NA,25.009122,-80.374734,"5.5",2016,"field","ML2-t425",493,221.85,-119.972144846797,-221.745125348189,"N",0.983561643835616,NA,"dead = complete mortality or lost",817,65
"597","NOAA_survey","Florida","Molasses Reef","ML2",NA,NA,25.009122,-80.374734,"5.5",2015,"field","ML2-t442",56,36.4,-49.3243243243243,-29.9891891891892,"N",1.01369863013699,NA,"dead = complete mortality or lost",817,65
"598","NOAA_survey","Florida","Molasses Reef","ML2",NA,NA,25.009122,-80.374734,"5.5",2015,"field","ML2-t443",240,204,-5.91891891891892,-16.572972972973,"N",1.01369863013699,NA,"dead = complete mortality or lost",817,65
"599","NOAA_survey","Florida","Molasses Reef","ML2",NA,NA,25.009122,-80.374734,"5.5",2019,"field","ML2-t771",12,12,-7.87061994609164,-7.87061994609164,"N",1.01643835616438,NA,"dead = complete mortality or lost",817,65
"600","NOAA_survey","Florida","Molasses Reef","ML2",NA,NA,25.009122,-80.374734,"5.5",2013,"field","ML2-t868",1290,967.5,-47.0967741935484,-583.70564516129,"N",1.01917808219178,NA,"dead = complete mortality or lost",817,65
"601","NOAA_survey","Florida","Molasses Reef","ML2",NA,NA,25.009122,-80.374734,"5.5",2013,"field","ML2-t869",468,117,-51.0215053763441,-12.755376344086,"N",1.01917808219178,NA,"dead = complete mortality or lost",817,65
"602","NOAA_survey","Florida","Molasses Reef","ML2",NA,NA,25.009122,-80.374734,"5.5",2011,"field","ML2-t952",143,143,186.624293785311,119.810734463277,"N",0.96986301369863,NA,"dead = complete mortality or lost",817,65
"603","NOAA_survey","Florida","Molasses Reef","ML2",NA,NA,25.009122,-80.374734,"5.5",2011,"field","ML2-t953",700,140,268.079096045198,53.6158192090396,"N",0.96986301369863,NA,"dead = complete mortality or lost",817,65
"604","NOAA_survey","Florida","Molasses Reef","ML2",NA,NA,25.009122,-80.374734,"5.5",2011,"field","ML2-t954",24,24,0,0,"N",0.96986301369863,NA,"dead = complete mortality or lost",817,65
"605","NOAA_survey","Florida","Molasses Reef","ML3",NA,NA,25.010151,-80.373305,"4.3",2005,"field","ML3-t144",14850,12622.5,1860.18072289157,89.0512048192771,"N",1.13698630136986,"storm","dead = complete mortality or lost",817,65
"606","NOAA_survey","Florida","Molasses Reef","ML3",NA,NA,25.010151,-80.373305,"4.3",2005,"field","ML3-t145",7800,7800,2110.84337349398,2110.84337349398,"N",1.13698630136986,"storm","dead = complete mortality or lost",817,65
"607","NOAA_survey","Florida","Molasses Reef","ML3",NA,NA,25.010151,-80.373305,"4.3",2005,"field","ML3-t146",12350,10497.5,2911.20481927711,2474.52409638554,"N",1.13698630136986,"storm","dead = complete mortality or lost",817,65
"608","NOAA_survey","Florida","Molasses Reef","ML3",NA,NA,25.010151,-80.373305,"4.3",2005,"field","ML3-t147",50400,35280,0,-2216.38554216867,"N",1.13698630136986,"storm","dead = complete mortality or lost",817,65
"609","NOAA_survey","Florida","Molasses Reef","ML3",NA,NA,25.010151,-80.373305,"4.3",2005,"field","ML3-t148",6790,6654.2,1274.42168674699,-55.4096385542161,"N",1.13698630136986,"storm","dead = complete mortality or lost",817,65
"610","NOAA_survey","Florida","Molasses Reef","ML3",NA,NA,25.010151,-80.373305,"4.3",2005,"field","ML3-t150",682,682,108.180722891566,101.100602409639,"N",1.13698630136986,"storm","dead = complete mortality or lost",817,65
"611","NOAA_survey","Florida","Molasses Reef","ML3",NA,NA,25.010151,-80.373305,"4.3",2005,"field","ML3-t151",21850,16387.5,2418.67469879518,-2513.22289156626,"N",1.13698630136986,"storm","dead = complete mortality or lost",817,65
"612","NOAA_survey","Florida","Molasses Reef","ML3",NA,NA,25.010151,-80.373305,"4.3",2005,"field","ML3-t152",7650,7650,1583.13253012048,1583.13253012048,"N",1.13698630136986,"storm","dead = complete mortality or lost",817,65
"613","NOAA_survey","Florida","Molasses Reef","ML3",NA,NA,25.010151,-80.373305,"4.3",2005,"field","ML3-t184",28800,28512,2242.77108433735,2220.34337349398,"N",1.13698630136986,"storm","dead = complete mortality or lost",817,65
"614","NOAA_survey","Florida","Molasses Reef","ML3",NA,NA,25.010151,-80.373305,"4.3",2005,"field","ML3-t185",121,121,65.0843373493976,65.0843373493976,"N",1.13698630136986,"storm","dead = complete mortality or lost",817,65
"615","NOAA_survey","Florida","Molasses Reef","ML3",NA,NA,25.010151,-80.373305,"4.3",2005,"field","ML3-t186",550,522.5,38.6987951807229,62.8855421686747,"N",1.13698630136986,"storm","dead = complete mortality or lost",817,65
"616","NOAA_survey","Florida","Molasses Reef","ML3",NA,NA,25.010151,-80.373305,"4.3",2016,"field","ML3-t465",294,235.2,-74.6358543417367,-82.3039215686275,"N",0.978082191780822,NA,"dead = complete mortality or lost",817,65
"617","NOAA_survey","Florida","Molasses Reef","ML3",NA,NA,25.010151,-80.373305,"4.3",2018,"field","ML3-t493",108,102.6,43.061797752809,17.8398876404494,"N",0.975342465753425,NA,"dead = complete mortality or lost",817,65
"618","NOAA_survey","Florida","Molasses Reef","ML3",NA,NA,25.010151,-80.373305,"4.3",2018,"field","ML3-t494",20,20,-16.4044943820225,-16.4044943820225,"N",0.975342465753425,NA,"dead = complete mortality or lost",817,65
"619","NOAA_survey","Florida","Molasses Reef","ML3",NA,NA,25.010151,-80.373305,"4.3",2018,"field","ML3-t496",429,343.2,-347.570224719101,-259.601123595506,"N",0.975342465753425,NA,"dead = complete mortality or lost",817,65
"620","NOAA_survey","Florida","Molasses Reef","ML3",NA,NA,25.010151,-80.373305,"4.3",2018,"field","ML3-t497",2728,682,362.949438202247,-67.258426966292,"N",0.975342465753425,NA,"dead = complete mortality or lost",817,65
"621","NOAA_survey","Florida","Molasses Reef","ML3",NA,NA,25.010151,-80.373305,"4.3",2006,"field","ML3-t915",588,588,105.767045454545,91.4573863636363,"N",0.964383561643836,"storm","dead = complete mortality or lost",817,65
"622","NOAA_survey","Florida","Molasses Reef","ML3",NA,NA,25.010151,-80.373305,"4.3",2011,"field","ML3-t955",7446,6701.4,1509.49152542373,439.855932203389,"N",0.96986301369863,NA,"dead = complete mortality or lost",817,65
"623","NOAA_survey","Florida","Molasses Reef","ML3",NA,NA,25.010151,-80.373305,"4.3",2011,"field","ML3-t956",96,76.8,35.0564971751412,54.8531073446328,"N",0.96986301369863,NA,"dead = complete mortality or lost",817,65
"624","NOAA_survey","Florida","Sand Island","SI1",NA,NA,25.018314,-80.368583,"3.7",2017,"field","SI1-t204",2294,917.6,-791.473684210526,-669.582894736842,"N",1.04109589041096,NA,"dead = complete mortality or lost",817,71
"625","NOAA_survey","Florida","Sand Island","SI1",NA,NA,25.018314,-80.368583,"3.7",2017,"field","SI1-t205",1705,1278.75,-168.092105263158,-1081.3125,"N",1.04109589041096,NA,"dead = complete mortality or lost",817,71
"626","NOAA_survey","Florida","Sand Island","SI1",NA,NA,25.018314,-80.368583,"3.7",2018,"field","SI1-t237",1,1,5.05540166204986,5.05540166204986,"N",0.989041095890411,NA,"dead = complete mortality or lost",817,71
"627","NOAA_survey","Florida","Sand Island","SI1",NA,NA,25.018314,-80.368583,"3.7",2018,"field","SI1-t238",77,65.45,40.4432132963989,40.2915512465374,"N",0.989041095890411,NA,"dead = complete mortality or lost",817,71
"628","NOAA_survey","Florida","Sand Island","SI1",NA,NA,25.018314,-80.368583,"3.7",2018,"field","SI1-t253",110,110,10.1108033240997,4.04432132963989,"N",0.989041095890411,NA,"dead = complete mortality or lost",817,71
"629","NOAA_survey","Florida","Sand Island","SI1",NA,NA,25.018314,-80.368583,"3.7",2010,"field","SI1-t301",286,286,158.376436781609,89.6242816091954,"N",0.953424657534247,NA,"dead = complete mortality or lost",817,71
"630","NOAA_survey","Florida","Sand Island","SI1",NA,NA,25.018314,-80.368583,"3.7",2010,"field","SI1-t302",8214,5749.8,2586.46551724138,1250.43965517241,"N",0.953424657534247,NA,"dead = complete mortality or lost",817,71
"631","NOAA_survey","Florida","Sand Island","SI1",NA,NA,25.018314,-80.368583,"3.7",2012,"field","SI1-t303",56,50.4,-8.17927170868347,-7.36134453781512,"N",0.978082191780822,NA,"dead = complete mortality or lost",817,71
"632","NOAA_survey","Florida","Sand Island","SI1",NA,NA,25.018314,-80.368583,"3.7",2010,"field","SI1-t304",1925,1925,288.433908045977,-288.433908045977,"Y",0.953424657534247,NA,"dead = complete mortality or lost",817,71
"633","NOAA_survey","Florida","Sand Island","SI1",NA,NA,25.018314,-80.368583,"3.7",2010,"field","SI1-t305",80,48,-55.5890804597701,-27.6896551724138,"N",0.953424657534247,NA,"dead = complete mortality or lost",817,71
"634","NOAA_survey","Florida","Sand Island","SI1",NA,NA,25.018314,-80.368583,"3.7",2012,"field","SI1-t307",6750,2700,338.417366946779,135.366946778712,"N",0.978082191780822,NA,"dead = complete mortality or lost",817,71
"635","NOAA_survey","Florida","Sand Island","SI1",NA,NA,25.018314,-80.368583,"3.7",2010,"field","SI1-t308",3825,2486.25,-26.2212643678161,-614.888649425287,"N",0.953424657534247,NA,"dead = complete mortality or lost",817,71
"636","NOAA_survey","Florida","Sand Island","SI1",NA,NA,25.018314,-80.368583,"3.7",2012,"field","SI1-t310",20,20,4.08963585434174,4.08963585434174,"N",0.978082191780822,NA,"dead = complete mortality or lost",817,71
"637","NOAA_survey","Florida","Sand Island","SI1",NA,NA,25.018314,-80.368583,"3.7",2010,"field","SI1-t312",441,418.95,132.155172413793,143.388362068966,"N",0.953424657534247,NA,"dead = complete mortality or lost",817,71
"638","NOAA_survey","Florida","Sand Island","SI1",NA,NA,25.018314,-80.368583,"3.7",2010,"field","SI1-t319",5525,2210,529.669540229885,-1053.04597701149,"N",0.953424657534247,NA,"dead = complete mortality or lost",817,71
"639","NOAA_survey","Florida","Sand Island","SI1",NA,NA,25.018314,-80.368583,"3.7",2010,"field","SI1-t320",121,121,49.2959770114943,47.533908045977,"N",0.953424657534247,NA,"dead = complete mortality or lost",817,71
"640","NOAA_survey","Florida","Sand Island","SI1",NA,NA,25.018314,-80.368583,"3.7",2010,"field","SI1-t321",1800,1170,1625.7183908046,-700.10775862069,"N",0.953424657534247,NA,"dead = complete mortality or lost",817,71
"641","NOAA_survey","Florida","Sand Island","SI1",NA,NA,25.018314,-80.368583,"3.7",2012,"field","SI1-t332",16740,7533,1164.05405405405,1407.71621621622,"N",1.01369863013699,NA,"dead = complete mortality or lost",817,71
"642","NOAA_survey","Florida","Sand Island","SI1",NA,NA,25.018314,-80.368583,"3.7",2014,"field","SI1-t403",2920,2774,627.915567282322,596.519788918205,"N",1.03835616438356,NA,"dead = complete mortality or lost",817,71
"643","NOAA_survey","Florida","Sand Island","SI1",NA,NA,25.018314,-80.368583,"3.7",2015,"field","SI1-t436",144,144,24.0659340659341,24.0659340659341,"N",0.997260273972603,NA,"dead = complete mortality or lost",817,71
"644","NOAA_survey","Florida","Sand Island","SI1",NA,NA,25.018314,-80.368583,"3.7",2016,"field","SI1-t476",77,73.15,20.3372434017595,9.04472140762464,"N",0.934246575342466,NA,"dead = complete mortality or lost",817,71
"645","NOAA_survey","Florida","Sand Island","SI1",NA,NA,25.018314,-80.368583,"3.7",2016,"field","SI1-t477",23460,18768,3562.22873900293,2849.78299120235,"N",0.934246575342466,NA,"dead = complete mortality or lost",817,71
"646","NOAA_survey","Florida","Sand Island","SI1",NA,NA,25.018314,-80.368583,"3.7",2018,"field","SI1-t480",432,432,-184.016620498615,-386.232686980609,"Y",0.989041095890411,NA,"dead = complete mortality or lost",817,71
"647","NOAA_survey","Florida","Sand Island","SI1",NA,NA,25.018314,-80.368583,"3.7",2019,"field","SI1-t756",104,104,-4.81530343007916,-4.81530343007916,"N",1.03835616438356,NA,"dead = complete mortality or lost",817,71
"648","NOAA_survey","Florida","Sand Island","SI1",NA,NA,25.018314,-80.368583,"3.7",2019,"field","SI1-t757",714,642.6,-80.8970976253298,-12.1345646437995,"N",1.03835616438356,NA,"dead = complete mortality or lost",817,71
"649","NOAA_survey","Florida","Sand Island","SI1",NA,NA,25.018314,-80.368583,"3.7",2019,"field","SI1-t758",648,648,83.7862796833773,83.7862796833773,"N",1.03835616438356,NA,"dead = complete mortality or lost",817,71
"650","NOAA_survey","Florida","Sand Island","SI1",NA,NA,25.018314,-80.368583,"3.7",2011,"field","SI1-t957",1368,342,174.388888888889,-190.611111111111,"N",0.986301369863014,NA,"dead = complete mortality or lost",817,71
"651","NOAA_survey","Florida","Sand Island","SI1",NA,NA,25.018314,-80.368583,"3.7",2011,"field","SI1-t958",108,108,35.4861111111111,20.9875,"N",0.986301369863014,NA,"dead = complete mortality or lost",817,71
"652","NOAA_survey","Florida","Sand Island","SI1",NA,NA,25.018314,-80.368583,"3.7",2011,"field","SI1-t959",144,136.8,66.9166666666667,74.2166666666667,"N",0.986301369863014,NA,"dead = complete mortality or lost",817,71
"653","NOAA_survey","Florida","Sand Island","SI2",NA,NA,25.018249,-80.368447,"3.4",2018,"field","SI2-t287",13485,10788,87.9639889196676,-1987.98614958449,"N",0.989041095890411,NA,"dead = complete mortality or lost",817,71
"654","NOAA_survey","Florida","Sand Island","SI2",NA,NA,25.018249,-80.368447,"3.4",2012,"field","SI2-t313",10400,8320,2299.39775910364,1192.89565826331,"N",0.978082191780822,NA,"dead = complete mortality or lost",817,71
"655","NOAA_survey","Florida","Sand Island","SI2",NA,NA,25.018249,-80.368447,"3.4",2012,"field","SI2-t314",5418,5147.1,926.302521008403,879.987394957983,"N",0.978082191780822,NA,"dead = complete mortality or lost",817,71
"656","NOAA_survey","Florida","Sand Island","SI2",NA,NA,25.018249,-80.368447,"3.4",2010,"field","SI2-t322",1300,585,-1361.40804597701,-611.479885057471,"N",0.953424657534247,NA,"dead = complete mortality or lost",817,71
"657","NOAA_survey","Florida","Sand Island","SI2",NA,NA,25.018249,-80.368447,"3.4",2010,"field","SI2-t323",7304,3652,348.218390804598,174.109195402299,"N",0.953424657534247,NA,"dead = complete mortality or lost",817,71
"658","NOAA_survey","Florida","Sand Island","SI2",NA,NA,25.018249,-80.368447,"3.4",2010,"field","SI2-t324",9095,8185.5,1882.6867816092,1123.31896551724,"N",0.953424657534247,NA,"dead = complete mortality or lost",817,71
"659","NOAA_survey","Florida","Sand Island","SI2",NA,NA,25.018249,-80.368447,"3.4",2010,"field","SI2-t326",9680,7744,3340.58908045977,-26.2212643678161,"N",0.953424657534247,NA,"dead = complete mortality or lost",817,71
"660","NOAA_survey","Florida","Sand Island","SI2",NA,NA,25.018249,-80.368447,"3.4",2010,"field","SI2-t330",624,624,553.793103448276,553.793103448276,"N",0.953424657534247,NA,"dead = complete mortality or lost",817,71
"661","NOAA_survey","Florida","Sand Island","SI2",NA,NA,25.018249,-80.368447,"3.4",2012,"field","SI2-t331",180,180,71.027027027027,58.5972972972973,"N",1.01369863013699,NA,"dead = complete mortality or lost",817,71
"662","NOAA_survey","Florida","Sand Island","SI2",NA,NA,25.018249,-80.368447,"3.4",2010,"field","SI2-t333",1920,1881.6,-2005.40229885057,-1965.12643678161,"N",0.953424657534247,NA,"dead = complete mortality or lost",817,71
"663","NOAA_survey","Florida","Sand Island","SI2",NA,NA,25.018249,-80.368447,"3.4",2010,"field","SI2-t334",49300,32045,4274.06609195402,-20.9770114942529,"N",0.953424657534247,NA,"dead = complete mortality or lost",817,71
"664","NOAA_survey","Florida","Sand Island","SI2",NA,NA,25.018249,-80.368447,"3.4",2010,"field","SI2-t335",66,56.1,40.9051724137931,45.7823275862069,"N",0.953424657534247,NA,"dead = complete mortality or lost",817,71
"665","NOAA_survey","Florida","Sand Island","SI2",NA,NA,25.018249,-80.368447,"3.4",2013,"field","SI2-t399",3536,2652,-17.0467032967033,163.648351648352,"N",0.997260273972603,NA,"dead = complete mortality or lost",817,71
"666","NOAA_survey","Florida","Sand Island","SI2",NA,NA,25.018249,-80.368447,"3.4",2015,"field","SI2-t435",5538,5538,222.60989010989,222.60989010989,"N",0.997260273972603,NA,"dead = complete mortality or lost",817,71
"667","NOAA_survey","Florida","Sand Island","SI2",NA,NA,25.018249,-80.368447,"3.4",2016,"field","SI2-t479",4355,4311.45,1279.10557184751,1325.7206744868,"N",0.934246575342466,NA,"dead = complete mortality or lost",817,71
"668","NOAA_survey","Florida","Sand Island","SI2",NA,NA,25.018249,-80.368447,"3.4",2019,"field","SI2-t759",78,70.2,54.8944591029024,62.4063324538259,"N",1.03835616438356,NA,"dead = complete mortality or lost",817,71
"669","NOAA_survey","Florida","Sand Island","SI2",NA,NA,25.018249,-80.368447,"3.4",2011,"field","SI2-t960",3808,3769.92,1066.61111111111,1105.22,"N",0.986301369863014,NA,"dead = complete mortality or lost",817,71
"670","NOAA_survey","Florida","Sand Island","SI2",NA,NA,25.018249,-80.368447,"3.4",2011,"field","SI2-t961",1440,1425.6,365,361.35,"N",0.986301369863014,NA,"dead = complete mortality or lost",817,71
"671","NOAA_survey","Florida","Sand Island","SI2",NA,NA,25.018249,-80.368447,"3.4",2011,"field","SI2-t962",11424,8568,1338.33333333333,-934.4,"N",0.986301369863014,NA,"dead = complete mortality or lost",817,71
"672","NOAA_survey","Florida","Sand Island","SI3",NA,NA,25.018128,-80.368348,"3.7",2012,"field","SI3-t315",180,27,-103.130193905817,-23.3559556786704,"N",0.989041095890411,NA,"dead = complete mortality or lost",817,71
"673","NOAA_survey","Florida","Sand Island","SI3",NA,NA,25.018128,-80.368348,"3.7",2012,"field","SI3-t316",56,56,43.4764542936288,43.4764542936288,"N",0.989041095890411,NA,"dead = complete mortality or lost",817,71
"674","NOAA_survey","Florida","Sand Island","SI3",NA,NA,25.018128,-80.368348,"3.7",2012,"field","SI3-t317",35,35,61.6759002770083,61.6759002770083,"N",0.989041095890411,NA,"dead = complete mortality or lost",817,71
"675","NOAA_survey","Florida","Sand Island","SI3",NA,NA,25.018128,-80.368348,"3.7",2010,"field","SI3-t336",36,23.4,-0.963060686015831,11.1715039577836,"N",1.03835616438356,NA,"dead = complete mortality or lost",817,71
"676","NOAA_survey","Florida","Sand Island","SI3",NA,NA,25.018128,-80.368348,"3.7",2010,"field","SI3-t337",42,42,11.55672823219,11.0366754617414,"N",1.03835616438356,NA,"dead = complete mortality or lost",817,71
"677","NOAA_survey","Florida","Sand Island","SI3",NA,NA,25.018128,-80.368348,"3.7",2010,"field","SI3-t338",200,160,61.6358839050132,23.8839050131926,"N",1.03835616438356,NA,"dead = complete mortality or lost",817,71
"678","NOAA_survey","Florida","Sand Island","SI3",NA,NA,25.018128,-80.368348,"3.7",2010,"field","SI3-t340",588,382.2,-277.361477572559,-194.730870712401,"N",1.03835616438356,NA,"dead = complete mortality or lost",817,71
"679","NOAA_survey","Florida","Sand Island","SI3",NA,NA,25.018128,-80.368348,"3.7",2010,"field","SI3-t341",9690,8236.5,1935.75197889182,518.608179419525,"N",1.03835616438356,NA,"dead = complete mortality or lost",817,71
"680","NOAA_survey","Florida","Sand Island","SI3",NA,NA,25.018128,-80.368348,"3.7",2010,"field","SI3-t342",2112,1584,139.643799472296,-873.399736147757,"N",1.03835616438356,NA,"dead = complete mortality or lost",817,71
"681","NOAA_survey","Florida","Sand Island","SI3",NA,NA,25.018128,-80.368348,"3.7",2010,"field","SI3-t343",91,72.8,35.6332453825857,-70.1108179419525,"N",1.03835616438356,NA,"dead = complete mortality or lost",817,71
"682","NOAA_survey","Florida","Sand Island","SI3",NA,NA,25.018128,-80.368348,"3.7",2010,"field","SI3-t345",28,18.2,33.7071240105541,27.9769129287599,"N",1.03835616438356,NA,"dead = complete mortality or lost",817,71
"683","NOAA_survey","Florida","Sand Island","SI3",NA,NA,25.018128,-80.368348,"3.7",2010,"field","SI3-t346",117,117,35.6332453825857,34.1501319261214,"N",1.03835616438356,NA,"dead = complete mortality or lost",817,71
"684","NOAA_survey","Florida","Sand Island","SI3",NA,NA,25.018128,-80.368348,"3.7",2010,"field","SI3-t347",99,99,26.0026385224274,19.9353562005277,"N",1.03835616438356,NA,"dead = complete mortality or lost",817,71
"685","NOAA_survey","Florida","Sand Island","SI3",NA,NA,25.018128,-80.368348,"3.7",2019,"field","SI3-t760",288,285.12,40.4485488126649,43.2221635883905,"Y",1.03835616438356,NA,"dead = complete mortality or lost",817,71
"686","NOAA_survey","Florida","Sand Island","SI3",NA,NA,25.018128,-80.368348,"3.7",2019,"field","SI3-t761",286,100.1,-10.5936675461741,-83.160290237467,"Y",1.03835616438356,NA,"dead = complete mortality or lost",817,71
"687","NOAA_survey","Florida","Sand Island","SI3",NA,NA,25.018128,-80.368348,"3.7",2019,"field","SI3-t762",54,54,-11.55672823219,-13.5791556728232,"N",1.03835616438356,NA,"dead = complete mortality or lost",817,71
"688","NOAA_survey","Florida","Sand Island","SI3",NA,NA,25.018128,-80.368348,"3.7",2019,"field","SI3-t763",1020,459,-631.767810026385,-144.073878627968,"N",1.03835616438356,NA,"dead = complete mortality or lost",817,71
"689","NOAA_survey","Florida","Sand Island","SI3",NA,NA,25.018128,-80.368348,"3.7",2019,"field","SI3-t764",484,484,227.282321899736,192.612137203166,"N",1.03835616438356,NA,"dead = complete mortality or lost",817,71
"690","NOAA_survey","Florida","Sand Island","SI3",NA,NA,25.018128,-80.368348,"3.7",2019,"field","SI3-t765",192,192,27.9287598944591,27.9287598944591,"N",1.03835616438356,NA,"dead = complete mortality or lost",817,71
"691","NOAA_survey","Florida","Sand Island","SI3",NA,NA,25.018128,-80.368348,"3.7",2019,"field","SI3-t766",663,663,54.8944591029024,54.8944591029024,"N",1.03835616438356,NA,"dead = complete mortality or lost",817,71
"692","NOAA_survey","Florida","Sand Island","SI3",NA,NA,25.018128,-80.368348,"3.7",2011,"field","SI3-t964",4959,247.95,-287.944444444444,-14.3972222222222,"N",0.986301369863014,NA,"dead = complete mortality or lost",817,71
"693","NOAA_survey","Florida","Sand Island","SI3",NA,NA,25.018128,-80.368348,"3.7",2011,"field","SI3-t965",24,22.8,-18.25,-17.0333333333333,"N",0.986301369863014,NA,"dead = complete mortality or lost",817,71
"694","NOAA_survey","Florida","Turtle Rocks","TR1",NA,NA,25.28067,-80.20888,"2.4",2010,"field","TR1-t291",11550,10972.5,-2809.32944606414,-2668.86297376093,"N",0.93972602739726,NA,"dead = complete mortality or lost",817,61
"695","NOAA_survey","Florida","Turtle Rocks","TR1",NA,NA,25.28067,-80.20888,"2.4",2010,"field","TR1-t292",440,440,46.8221574344023,-313.708454810496,"Y",0.93972602739726,NA,"dead = complete mortality or lost",817,61
"696","NOAA_survey","Florida","Turtle Rocks","TR1",NA,NA,25.28067,-80.20888,"2.4",2010,"field","TR1-t293",7990,6392,2819.97084548105,2822.09912536443,"N",0.93972602739726,NA,"dead = complete mortality or lost",817,61
"697","NOAA_survey","Florida","Turtle Rocks","TR1",NA,NA,25.28067,-80.20888,"2.4",2010,"field","TR1-t294",400,80,42.5655976676385,8.5131195335277,"N",0.93972602739726,NA,"dead = complete mortality or lost",817,61
"698","NOAA_survey","Florida","Turtle Rocks","TR1",NA,NA,25.28067,-80.20888,"2.4",2010,"field","TR1-t295",12,12,-10.6413994169096,-10.6413994169096,"N",0.93972602739726,NA,"dead = complete mortality or lost",817,61
"699","NOAA_survey","Florida","Turtle Rocks","TR1",NA,NA,25.28067,-80.20888,"2.4",2010,"field","TR1-t296",720,468,153.236151603499,-84.2798833819242,"N",0.93972602739726,NA,"dead = complete mortality or lost",817,61
"700","NOAA_survey","Florida","Turtle Rocks","TR1",NA,NA,25.28067,-80.20888,"2.4",2010,"field","TR1-t297",1800,1620,335.204081632653,76.6180758017493,"Y",0.93972602739726,NA,"dead = complete mortality or lost",817,61
"701","NOAA_survey","Florida","Turtle Rocks","TR1",NA,NA,25.28067,-80.20888,"2.4",2010,"field","TR1-t298",35,35,-11.7055393586006,-11.7055393586006,"N",0.93972602739726,NA,"dead = complete mortality or lost",817,61
"702","NOAA_survey","Florida","Turtle Rocks","TR1",NA,NA,25.28067,-80.20888,"2.4",2010,"field","TR1-t299",8700,8613,10407.2886297376,7550.07288629738,"N",0.93972602739726,NA,"dead = complete mortality or lost",817,61
"703","NOAA_survey","Florida","Turtle Rocks","TR1",NA,NA,25.28067,-80.20888,"2.4",2010,"field","TR1-t300",26000,19500,-595.918367346939,-1800.52478134111,"N",0.93972602739726,NA,"dead = complete mortality or lost",817,61
"704","NOAA_survey","Florida","Turtle Rocks","TR1",NA,NA,25.28067,-80.20888,"2.4",2015,"field","TR1-t448",3200,1280,63.3062330623306,25.3224932249324,"N",1.01095890410959,NA,"dead = complete mortality or lost",817,61
"705","NOAA_survey","Florida","Turtle Rocks","TR1",NA,NA,25.28067,-80.20888,"2.4",2015,"field","TR1-t449",336,319.2,96.9376693766938,92.090785907859,"Y",1.01095890410959,NA,"dead = complete mortality or lost",817,61
"706","NOAA_survey","Florida","Turtle Rocks","TR1",NA,NA,25.28067,-80.20888,"2.4",2014,"field","TR1-t471",144,144,18.4033613445378,1.84033613445379,"Y",0.978082191780822,NA,"dead = complete mortality or lost",817,61
"707","NOAA_survey","Florida","Turtle Rocks","TR1",NA,NA,25.28067,-80.20888,"2.4",2014,"field","TR1-t473",1740,1653,376.24649859944,443.643697478992,"N",0.978082191780822,NA,"dead = complete mortality or lost",817,61
"708","NOAA_survey","Florida","Turtle Rocks","TR1",NA,NA,25.28067,-80.20888,"2.4",2014,"field","TR1-t474",741,444.6,-252.535014005602,5.81172209641314e-14,"N",0.978082191780822,NA,"dead = complete mortality or lost",817,61
"709","NOAA_survey","Florida","Turtle Rocks","TR1",NA,NA,25.28067,-80.20888,"2.4",2014,"field","TR1-t475",840,798,-71.5686274509804,-186.078431372549,"Y",0.978082191780822,NA,"dead = complete mortality or lost",817,61
"710","NOAA_survey","Florida","Turtle Rocks","TR1",NA,NA,25.28067,-80.20888,"2.4",2014,"field","TR1-t476",1815,1179.75,475.420168067227,75.9138655462185,"N",0.978082191780822,NA,"dead = complete mortality or lost",817,61
"711","NOAA_survey","Florida","Turtle Rocks","TR1",NA,NA,25.28067,-80.20888,"2.4",2014,"field","TR1-t478",11984,8988,93.0392156862745,69.7794117647059,"N",0.978082191780822,NA,"dead = complete mortality or lost",817,61
"712","NOAA_survey","Florida","Turtle Rocks","TR1",NA,NA,25.28067,-80.20888,"2.4",2011,"field","TR1-t941",21315,6394.5,1141.15925058548,-1593.77634660422,"N",1.16986301369863,NA,"dead = complete mortality or lost",817,61
"713","NOAA_survey","Florida","Turtle Rocks","TR1",NA,NA,25.28067,-80.20888,"2.4",2011,"field","TR1-t942",22940,16058,2295.14051522248,1606.59836065574,"N",1.16986301369863,NA,"dead = complete mortality or lost",817,61
"714","NOAA_survey","Florida","Turtle Rocks","TR2",NA,NA,25.28072,-80.20907,"2.4",2010,"field","TR2-t349",15096,12076.8,3536.53958944282,3813.98240469208,"N",0.934246575342466,NA,"dead = complete mortality or lost",817,61
"715","NOAA_survey","Florida","Turtle Rocks","TR2",NA,NA,25.28072,-80.20907,"2.4",2010,"field","TR2-t350",1600,320,-267.595307917889,90.9824046920821,"N",0.934246575342466,NA,"dead = complete mortality or lost",817,61
"716","NOAA_survey","Florida","Turtle Rocks","TR2",NA,NA,25.28072,-80.20907,"2.4",2010,"field","TR2-t351",108,108,134.868035190616,134.868035190616,"N",0.934246575342466,NA,"dead = complete mortality or lost",817,61
"717","NOAA_survey","Florida","Turtle Rocks","TR2",NA,NA,25.28072,-80.20907,"2.4",2010,"field","TR2-t352",276,276,335.029325513196,335.029325513196,"N",0.934246575342466,NA,"dead = complete mortality or lost",817,61
"718","NOAA_survey","Florida","Turtle Rocks","TR2",NA,NA,25.28072,-80.20907,"2.4",2010,"field","TR2-t353",1015,862.75,936.58357771261,998.398093841642,"N",0.934246575342466,NA,"dead = complete mortality or lost",817,61
"719","NOAA_survey","Florida","Turtle Rocks","TR2",NA,NA,25.28072,-80.20907,"2.4",2010,"field","TR2-t354",792,237.6,-308.269794721408,177.255131964809,"Y",0.934246575342466,NA,"dead = complete mortality or lost",817,61
"720","NOAA_survey","Florida","Turtle Rocks","TR2",NA,NA,25.28072,-80.20907,"2.4",2010,"field","TR2-t355",176,132,81.3489736070381,47.524926686217,"N",0.934246575342466,NA,"dead = complete mortality or lost",817,61
"721","NOAA_survey","Florida","Turtle Rocks","TR2",NA,NA,25.28072,-80.20907,"2.4",2010,"field","TR2-t356",2442,1831.5,276.158357771261,496.121700879765,"N",0.934246575342466,NA,"dead = complete mortality or lost",817,61
"722","NOAA_survey","Florida","Turtle Rocks","TR2",NA,NA,25.28072,-80.20907,"2.4",2010,"field","TR2-t357",48,48,642.228739002933,642.228739002933,"N",0.934246575342466,NA,"dead = complete mortality or lost",817,61
"723","NOAA_survey","Florida","Turtle Rocks","TR2",NA,NA,25.28072,-80.20907,"2.4",2010,"field","TR2-t359",108,91.8,37.4633431085044,24.1906158357771,"Y",0.934246575342466,NA,"dead = complete mortality or lost",817,61
"724","NOAA_survey","Florida","Turtle Rocks","TR2",NA,NA,25.28072,-80.20907,"2.4",2014,"field","TR2-t462",784,744.8,387.683615819209,428.101694915254,"N",0.96986301369863,NA,"dead = complete mortality or lost",817,61
"725","NOAA_survey","Florida","Turtle Rocks","TR2",NA,NA,25.28072,-80.20907,"2.4",2014,"field","TR2-t463",40,20,-37.1186440677966,-16.4971751412429,"N",0.96986301369863,NA,"dead = complete mortality or lost",817,61
"726","NOAA_survey","Florida","Turtle Rocks","TR2",NA,NA,25.28072,-80.20907,"2.4",2014,"field","TR2-t464",5472,2188.8,3266.4406779661,415.728813559322,"N",0.96986301369863,NA,"dead = complete mortality or lost",817,61
"727","NOAA_survey","Florida","Turtle Rocks","TR2",NA,NA,25.28072,-80.20907,"2.4",2014,"field","TR2-t465",8836,2209,7634.06779661017,6094.67514124294,"N",0.96986301369863,NA,"dead = complete mortality or lost",817,61
"728","NOAA_survey","Florida","Turtle Rocks","TR2",NA,NA,25.28072,-80.20907,"2.4",2014,"field","TR2-t466",84,79.8,154.661016949153,158.991525423729,"N",0.96986301369863,NA,"dead = complete mortality or lost",817,61
"729","NOAA_survey","Florida","Turtle Rocks","TR2",NA,NA,25.28072,-80.20907,"2.4",2014,"field","TR2-t467",15,15,42.274011299435,42.274011299435,"N",0.96986301369863,NA,"dead = complete mortality or lost",817,61
"730","NOAA_survey","Florida","Turtle Rocks","TR2",NA,NA,25.28072,-80.20907,"2.4",2014,"field","TR2-t468",756,567,86.6101694915254,64.9576271186441,"Y",0.96986301369863,NA,"dead = complete mortality or lost",817,61
"731","NOAA_survey","Florida","Turtle Rocks","TR2",NA,NA,25.28072,-80.20907,"2.4",2014,"field","TR2-t469",32,32,101.045197740113,101.045197740113,"N",0.96986301369863,NA,"dead = complete mortality or lost",817,61
"732","NOAA_survey","Florida","Turtle Rocks","TR2",NA,NA,25.28072,-80.20907,"2.4",2011,"field","TR2-t945",360,126,475.556792873051,320.086302895323,"Y",1.23013698630137,NA,"dead = complete mortality or lost",817,61
"733","NOAA_survey","Florida","Turtle Rocks","TR3",NA,NA,25.28078,-80.20882,"2.4",2010,"field","TR3-t360",690,690,755.764705882353,755.764705882353,"N",0.931506849315068,NA,"dead = complete mortality or lost",817,61
"734","NOAA_survey","Florida","Turtle Rocks","TR3",NA,NA,25.28078,-80.20882,"2.4",2010,"field","TR3-t361",1120,840,37.5735294117647,90.1764705882353,"Y",0.931506849315068,NA,"dead = complete mortality or lost",817,61
"735","NOAA_survey","Florida","Turtle Rocks","TR3",NA,NA,25.28078,-80.20882,"2.4",2010,"field","TR3-t362",182,182,210.411764705882,210.411764705882,"Y",0.931506849315068,NA,"dead = complete mortality or lost",817,61
"736","NOAA_survey","Florida","Turtle Rocks","TR3",NA,NA,25.28078,-80.20882,"2.4",2010,"field","TR3-t363",144,100.8,27.9117647058824,37.7882352941177,"Y",0.931506849315068,NA,"dead = complete mortality or lost",817,61
"737","NOAA_survey","Florida","Turtle Rocks","TR3",NA,NA,25.28078,-80.20882,"2.4",2010,"field","TR3-t364",24156,19324.8,5677.89705882353,2961.81397058824,"N",0.931506849315068,NA,"dead = complete mortality or lost",817,61
"738","NOAA_survey","Florida","Turtle Rocks","TR3",NA,NA,25.28078,-80.20882,"2.4",2010,"field","TR3-t365",476,476,508.852941176471,508.852941176471,"N",0.931506849315068,NA,"dead = complete mortality or lost",817,61
"739","NOAA_survey","Florida","Turtle Rocks","TR3",NA,NA,25.28078,-80.20882,"2.4",2010,"field","TR3-t367",63,63,-24.6911764705882,-24.6911764705882,"N",0.931506849315068,NA,"dead = complete mortality or lost",817,61
"740","NOAA_survey","Florida","Turtle Rocks","TR3",NA,NA,25.28078,-80.20882,"2.4",2010,"field","TR3-t369",648,648,292,242.617647058824,"Y",0.931506849315068,NA,"dead = complete mortality or lost",817,61
"741","NOAA_survey","Florida","Turtle Rocks","TR3",NA,NA,25.28078,-80.20882,"2.4",2010,"field","TR3-t370",3388,3388,1966.70588235294,1910.66764705882,"N",0.931506849315068,NA,"dead = complete mortality or lost",817,61
"742","NOAA_survey","Florida","Turtle Rocks","TR3",NA,NA,25.28078,-80.20882,"2.4",2010,"field","TR3-t371",1584,1267.2,245.838235294118,391.301470588235,"N",0.931506849315068,NA,"dead = complete mortality or lost",817,61
"743","NOAA_survey","Florida","Turtle Rocks","TR3",NA,NA,25.28078,-80.20882,"2.4",2014,"field","TR3-t450",4800,4320,2660.16949152542,2394.15254237288,"N",0.96986301369863,NA,"dead = complete mortality or lost",817,61
"744","NOAA_survey","Florida","Turtle Rocks","TR3",NA,NA,25.28078,-80.20882,"2.4",2014,"field","TR3-t451",792,198,1286.77966101695,1268.22033898305,"Y",0.96986301369863,NA,"dead = complete mortality or lost",817,61
"745","NOAA_survey","Florida","Turtle Rocks","TR3",NA,NA,25.28078,-80.20882,"2.4",2014,"field","TR3-t452",4788,4548.6,584.618644067797,555.387711864407,"Y",0.96986301369863,NA,"dead = complete mortality or lost",817,61
"746","NOAA_survey","Florida","Turtle Rocks","TR3",NA,NA,25.28078,-80.20882,"2.4",2014,"field","TR3-t453",1610,1368.5,350.564971751412,398.50988700565,"N",0.96986301369863,NA,"dead = complete mortality or lost",817,61
"747","NOAA_survey","Florida","Turtle Rocks","TR3",NA,NA,25.28078,-80.20882,"2.4",2014,"field","TR3-t454",2146,1609.5,645.45197740113,341.18220338983,"N",0.96986301369863,NA,"dead = complete mortality or lost",817,61
"748","NOAA_survey","Florida","Turtle Rocks","TR3",NA,NA,25.28078,-80.20882,"2.4",2014,"field","TR3-t455",10650,10543.5,2340.53672316384,1784.27259887006,"N",0.96986301369863,NA,"dead = complete mortality or lost",817,61
"749","NOAA_survey","Florida","Turtle Rocks","TR3",NA,NA,25.28078,-80.20882,"2.4",2014,"field","TR3-t456",3021,2990.79,1011.48305084746,836.313983050847,"Y",0.96986301369863,NA,"dead = complete mortality or lost",817,61
"750","NOAA_survey","Florida","Turtle Rocks","TR3",NA,NA,25.28078,-80.20882,"2.4",2014,"field","TR3-t457",572,566.28,59.8022598870056,33.221186440678,"N",0.96986301369863,NA,"dead = complete mortality or lost",817,61
"751","NOAA_survey","Florida","Turtle Rocks","TR3",NA,NA,25.28078,-80.20882,"2.4",2014,"field","TR3-t459",312,312,204.152542372881,125.275423728814,"N",0.96986301369863,NA,"dead = complete mortality or lost",817,61
"752","NOAA_survey","Florida","Turtle Rocks","TR3",NA,NA,25.28078,-80.20882,"2.4",2014,"field","TR3-t460",12,12,12.3728813559322,12.3728813559322,"N",0.96986301369863,NA,"dead = complete mortality or lost",817,61
"753","NOAA_survey","Florida","Turtle Rocks","TR3",NA,NA,25.28078,-80.20882,"2.4",2011,"field","TR3-t943",75,56.25,49.4777777777778,37.1083333333333,"Y",1.23287671232877,NA,"dead = complete mortality or lost",817,61
"754","NOAA_survey","Curacao","Blue Baai","BB1",NA,NA,12.135109,-68.986818,"3",2008,"field","BB1-t237",34650,31185,2610.37151702786,-6003.85448916409,"N",0.884931506849315,NA,"dead = complete mortality or lost",817,50
"755","NOAA_survey","Curacao","Blue Baai","BB1",NA,NA,12.135109,-68.986818,"3",2008,"field","BB1-t238",9020,6765,994.427244582043,-372.910216718266,"N",0.884931506849315,NA,"dead = complete mortality or lost",817,50
"756","NOAA_survey","Curacao","Blue Baai","BB1",NA,NA,12.135109,-68.986818,"3",2008,"field","BB1-t239",20125,19923.75,2344.81424148607,2572.23297213622,"N",0.884931506849315,NA,"dead = complete mortality or lost",817,50
"757","NOAA_survey","Curacao","Blue Baai","BB1",NA,NA,12.135109,-68.986818,"3",2008,"field","BB1-t240",36750,33075,3418.34365325077,3076.5092879257,"N",0.884931506849315,NA,"dead = complete mortality or lost",817,50
"758","NOAA_survey","Curacao","Blue Baai","BB1",NA,NA,12.135109,-68.986818,"3",2008,"field","BB1-t241",46125,36900,6299.9226006192,5039.93808049536,"N",0.884931506849315,NA,"dead = complete mortality or lost",817,50
"759","NOAA_survey","Curacao","Blue Baai","BB1",NA,NA,12.135109,-68.986818,"3",2008,"field","BB1-t242",360,356.4,412.461300309598,170.747678018576,"N",0.884931506849315,NA,"dead = complete mortality or lost",817,50
"760","NOAA_survey","Curacao","Blue Baai","BB1",NA,NA,12.135109,-68.986818,"3",2008,"field","BB1-t243",693,589.05,498.343653250774,551.737616099071,"N",0.884931506849315,NA,"dead = complete mortality or lost",817,50
"761","NOAA_survey","Curacao","Blue Baai","BB1",NA,NA,12.135109,-68.986818,"3",2008,"field","BB1-t244",5460,3822,-2101.85758513932,-1267.8947368421,"Y",0.884931506849315,NA,"dead = complete mortality or lost",817,50
"762","NOAA_survey","Curacao","Blue Baai","BB1",NA,NA,12.135109,-68.986818,"3",2008,"field","BB1-t245",12375,9900,423.761609907121,339.009287925697,"N",0.884931506849315,NA,"dead = complete mortality or lost",817,50
"763","NOAA_survey","Curacao","Blue Baai","BB1",NA,NA,12.135109,-68.986818,"3",2008,"field","BB1-t246",9000,90,0,0,"N",0.884931506849315,NA,"dead = complete mortality or lost",817,50
"764","NOAA_survey","Curacao","Blue Baai","BB1",NA,NA,12.135109,-68.986818,"3",2008,"field","BB1-t248",120,118.8,429.411764705882,430.767801857585,"N",0.884931506849315,NA,"dead = complete mortality or lost",817,50
"765","NOAA_survey","Curacao","Blue Baai","BB1",NA,NA,12.135109,-68.986818,"3",2012,"field","BB1-t396",2925,1901.25,-284.305912596401,-553.833547557841,"N",1.06575342465753,NA,"dead = complete mortality or lost",817,50
"766","NOAA_survey","Curacao","Blue Baai","BB2",NA,NA,12.135202,-68.987383,"3",2008,"field","BB2-t249",2820,705,-644.117647058824,1695.04643962848,"N",0.884931506849315,NA,"dead = complete mortality or lost",817,50
"767","NOAA_survey","Curacao","Blue Baai","BB2",NA,NA,12.135202,-68.987383,"3",2008,"field","BB2-t250",3800,2470,678.018575851393,440.712074303406,"N",0.884931506849315,NA,"dead = complete mortality or lost",817,50
"768","NOAA_survey","Curacao","Blue Baai","BB2",NA,NA,12.135202,-68.987383,"3",2008,"field","BB2-t251",43164,30214.8,-298.328173374613,-2632.74613003096,"N",0.884931506849315,NA,"dead = complete mortality or lost",817,50
"769","NOAA_survey","Curacao","Blue Baai","BB2",NA,NA,12.135202,-68.987383,"3",2008,"field","BB2-t252",19800,13860,-3051.08359133127,-203.405572755418,"N",0.884931506849315,NA,"dead = complete mortality or lost",817,50
"770","NOAA_survey","Curacao","Blue Baai","BB2",NA,NA,12.135202,-68.987383,"3",2008,"field","BB2-t253",3900,3120,0,220.356037151703,"N",0.884931506849315,NA,"dead = complete mortality or lost",817,50
"771","NOAA_survey","Curacao","Blue Baai","BB2",NA,NA,12.135202,-68.987383,"3",2008,"field","BB2-t254",22475,21351.25,3672.60061919505,3488.97058823529,"N",0.884931506849315,NA,"dead = complete mortality or lost",817,50
"772","NOAA_survey","Curacao","Blue Baai","BB2",NA,NA,12.135202,-68.987383,"3",2008,"field","BB2-t255",8075,7267.5,3333.59133126935,3623.16176470588,"N",0.884931506849315,NA,"dead = complete mortality or lost",817,50
"773","NOAA_survey","Curacao","Blue Baai","BB2",NA,NA,12.135202,-68.987383,"3",2008,"field","BB2-t256",35100,29835,875.77399380805,4798.3939628483,"N",0.884931506849315,NA,"dead = complete mortality or lost",817,50
"774","NOAA_survey","Curacao","Blue Baai","BB2",NA,NA,12.135202,-68.987383,"3",2008,"field","BB2-t257",60,60,-13.5603715170279,-13.5603715170279,"N",0.884931506849315,NA,"dead = complete mortality or lost",817,50
"775","NOAA_survey","Curacao","Blue Baai","BB2",NA,NA,12.135202,-68.987383,"3",2008,"field","BB2-t258",9310,9216.9,4395.82043343653,4351.86222910217,"N",0.884931506849315,NA,"dead = complete mortality or lost",817,50
"776","NOAA_survey","Curacao","Blue Baai","BB2",NA,NA,12.135202,-68.987383,"3",2008,"field","BB2-t259",2475,2351.25,1135.68111455108,1078.89705882353,"N",0.884931506849315,NA,"dead = complete mortality or lost",817,50
"777","NOAA_survey","Curacao","Blue Baai","BB2",NA,NA,12.135202,-68.987383,"3",2008,"field","BB2-t260",6670,2334.5,-418.111455108359,-502.298761609907,"N",0.884931506849315,NA,"dead = complete mortality or lost",817,50
"778","NOAA_survey","Curacao","Blue Baai","BB2",NA,NA,12.135202,-68.987383,"3",2008,"field","BB2-t261",9450,3780,1186.53250773994,-118.653250773994,"N",0.884931506849315,NA,"dead = complete mortality or lost",817,50
"779","NOAA_survey","Curacao","Blue Baai","BB2",NA,NA,12.135202,-68.987383,"3",2008,"field","BB2-t262",3745,3557.75,-862.213622291022,-819.10294117647,"N",0.884931506849315,NA,"dead = complete mortality or lost",817,50
"780","NOAA_survey","Curacao","Blue Baai","BB2",NA,NA,12.135202,-68.987383,"3",2013,"field","BB2-t285",1575,630,-172.189265536723,-214.050847457627,"N",0.96986301369863,NA,"dead = complete mortality or lost",817,50
"781","NOAA_survey","Curacao","Blue Baai","BB2",NA,NA,12.135202,-68.987383,"3",2013,"field","BB2-t286",1189,1010.65,1372.35875706215,257.098163841808,"N",0.96986301369863,NA,"dead = complete mortality or lost",817,50
"782","NOAA_survey","Curacao","Blue Baai","BB2",NA,NA,12.135202,-68.987383,"3",2013,"field","BB2-t287",6825,5460,2716.87853107345,2173.50282485876,"N",0.96986301369863,NA,"dead = complete mortality or lost",817,50
"783","NOAA_survey","Curacao","Blue Baai","BB2",NA,NA,12.135202,-68.987383,"3",2013,"field","BB2-t288",700,70,-706.285310734463,-56.7090395480226,"N",0.96986301369863,NA,"dead = complete mortality or lost",817,50
"784","NOAA_survey","Curacao","Blue Baai","BB2",NA,NA,12.135202,-68.987383,"3",2012,"field","BB2-t389",2065,206.5,-572.899484536082,-57.2899484536082,"Y",1.06301369863014,NA,"dead = complete mortality or lost",817,50
"785","NOAA_survey","Curacao","Blue Baai","BB2",NA,NA,12.135202,-68.987383,"3",2012,"field","BB2-t391",5796,2318.4,-173.092783505155,-597.170103092784,"Y",1.06301369863014,NA,"dead = complete mortality or lost",817,50
"786","NOAA_survey","Curacao","Blue Baai","BB2",NA,NA,12.135202,-68.987383,"3",2012,"field","BB2-t393",165,165,371.585051546392,292.564432989691,"N",1.06301369863014,NA,"dead = complete mortality or lost",817,50
"787","NOAA_survey","Curacao","Blue Baai","BB3",NA,NA,12.135267,-68.987104,"2.7",2008,"field","BB3-t263",3240,1296,-2066.46153846154,-119.046153846154,"N",0.89041095890411,NA,"dead = complete mortality or lost",817,50
"788","NOAA_survey","Curacao","Blue Baai","BB3",NA,NA,12.135267,-68.987104,"2.7",2008,"field","BB3-t264",24192,16934.4,2030.52307692308,8721.36615384616,"N",0.89041095890411,NA,"dead = complete mortality or lost",817,50
"789","NOAA_survey","Curacao","Blue Baai","BB3",NA,NA,12.135267,-68.987104,"2.7",2008,"field","BB3-t265",7954,5567.8,1090.50769230769,262.182307692308,"N",0.89041095890411,NA,"dead = complete mortality or lost",817,50
"790","NOAA_survey","Curacao","Blue Baai","BB3",NA,NA,12.135267,-68.987104,"2.7",2008,"field","BB3-t266",24975,19980,4801.15384615385,555.923076923077,"N",0.89041095890411,NA,"dead = complete mortality or lost",817,50
"791","NOAA_survey","Curacao","Blue Baai","BB3",NA,NA,12.135267,-68.987104,"2.7",2008,"field","BB3-t267",60690,54621,7507.76923076923,6756.99230769231,"N",0.89041095890411,NA,"dead = complete mortality or lost",817,50
"792","NOAA_survey","Curacao","Blue Baai","BB3",NA,NA,12.135267,-68.987104,"2.7",2008,"field","BB3-t268",1850,1665,375.107692307692,460.236923076923,"N",0.89041095890411,NA,"dead = complete mortality or lost",817,50
"793","NOAA_survey","Curacao","Blue Baai","BB3",NA,NA,12.135267,-68.987104,"2.7",2008,"field","BB3-t269",9975,5985,1151.15384615385,2543.76923076923,"N",0.89041095890411,NA,"dead = complete mortality or lost",817,50
"794","NOAA_survey","Curacao","Blue Baai","BB3",NA,NA,12.135267,-68.987104,"2.7",2012,"field","BB3-t370",900,720,-620.876288659794,-541.855670103093,"Y",1.06301369863014,NA,"dead = complete mortality or lost",817,50
"795","NOAA_survey","Curacao","Blue Baai","BB3",NA,NA,12.135267,-68.987104,"2.7",2012,"field","BB3-t371",42,42,0,-3.95103092783505,"N",1.06301369863014,NA,"dead = complete mortality or lost",817,50
"796","NOAA_survey","Curacao","Blue Baai","BB3",NA,NA,12.135267,-68.987104,"2.7",2012,"field","BB3-t377",2508,1881,231.417525773196,303.100515463918,"Y",1.06301369863014,NA,"dead = complete mortality or lost",817,50
"797","NOAA_survey","Curacao","Blue Baai","BB3",NA,NA,12.135267,-68.987104,"2.7",2012,"field","BB3-t378",2166,1407.9,713.067010309278,876.094072164949,"N",1.06301369863014,NA,"dead = complete mortality or lost",817,50
"798","NOAA_survey","Curacao","Blue Baai","BB3",NA,NA,12.135267,-68.987104,"2.7",2012,"field","BB3-t379",7200,1440,282.216494845361,-296.327319587629,"N",1.06301369863014,NA,"dead = complete mortality or lost",817,50
"799","NOAA_survey","Curacao","Boca Santa Marta","SM1",NA,NA,12.268331,-69.129461,"2.7",2008,"field","SM1-t340",6072,3036,-2207.91411042945,-644.907975460123,"N",0.893150684931507,NA,"dead = complete mortality or lost",817,40
"800","NOAA_survey","Curacao","Boca Santa Marta","SM1",NA,NA,12.268331,-69.129461,"2.7",2008,"field","SM1-t342",616,554.4,66.058282208589,119.912576687117,"N",0.893150684931507,NA,"dead = complete mortality or lost",817,40
"801","NOAA_survey","Curacao","Boca Santa Marta","SM1",NA,NA,12.268331,-69.129461,"2.7",2008,"field","SM1-t345",26600,21280,3806.74846625767,4724.84662576687,"N",0.893150684931507,NA,"dead = complete mortality or lost",817,40
"802","NOAA_survey","Curacao","Boca Santa Marta","SM1",NA,NA,12.268331,-69.129461,"2.7",2008,"field","SM1-t346",3750,2250,-2043.3282208589,-471.644938650307,"N",0.893150684931507,NA,"dead = complete mortality or lost",817,40
"803","NOAA_survey","Curacao","Boca Santa Marta","SM1",NA,NA,12.268331,-69.129461,"2.7",2008,"field","SM1-t347",896,851.2,967.361963190184,1017.52147239264,"N",0.893150684931507,NA,"dead = complete mortality or lost",817,40
"804","NOAA_survey","Curacao","Boca Santa Marta","SM1",NA,NA,12.268331,-69.129461,"2.7",2008,"field","SM1-t349",5880,5586,2037.73006134969,2366.9018404908,"N",0.893150684931507,NA,"dead = complete mortality or lost",817,40
"805","NOAA_survey","Curacao","Boca Santa Marta","SM1",NA,NA,12.268331,-69.129461,"2.7",2008,"field","SM1-t350",16500,14850,3694.78527607362,4433.74233128834,"N",0.893150684931507,NA,"dead = complete mortality or lost",817,40
"806","NOAA_survey","Curacao","Boca Santa Marta","SM1",NA,NA,12.268331,-69.129461,"2.7",2008,"field","SM1-t351",7920,7128,957.28527607362,1647.53834355828,"N",0.893150684931507,NA,"dead = complete mortality or lost",817,40
"807","NOAA_survey","Curacao","Boca Santa Marta","SM1",NA,NA,12.268331,-69.129461,"2.7",2008,"field","SM1-t352",3900,2730,0,0,"N",0.893150684931507,NA,"dead = complete mortality or lost",817,40
"808","NOAA_survey","Curacao","Boca Santa Marta","SM1",NA,NA,12.268331,-69.129461,"2.7",2008,"field","SM1-t353",16400,14760,2575.15337423313,2317.63803680982,"N",0.893150684931507,NA,"dead = complete mortality or lost",817,40
"809","NOAA_survey","Curacao","Boca Santa Marta","SM1",NA,NA,12.268331,-69.129461,"2.7",2008,"field","SM1-t354",7875,7087.5,419.861963190184,839.723926380368,"N",0.893150684931507,NA,"dead = complete mortality or lost",817,40
"810","NOAA_survey","Curacao","Boca Santa Marta","SM1",NA,NA,12.268331,-69.129461,"2.7",2008,"field","SM1-t355",6732,6395.4,1083.8036809816,1029.61349693252,"N",0.893150684931507,NA,"dead = complete mortality or lost",817,40
"811","NOAA_survey","Curacao","Boca Santa Marta","SM2",NA,NA,12.267807,-69.128565,"2.4",2013,"field","SM2-t295",15,15,151.647564469914,134.914040114613,"N",0.956164383561644,NA,"dead = complete mortality or lost",817,40
"812","NOAA_survey","Curacao","Boca Santa Marta","SM2",NA,NA,12.267807,-69.128565,"2.4",2013,"field","SM2-t296",6000,2100,1255.01432664756,-313.753581661891,"N",0.956164383561644,NA,"dead = complete mortality or lost",817,40
"813","NOAA_survey","Curacao","Boca Santa Marta","SM2",NA,NA,12.267807,-69.128565,"2.4",2008,"field","SM2-t356",53300,47970,-21608.8957055215,-19448.0061349693,"Y",0.893150684931507,NA,"dead = complete mortality or lost",817,40
"814","NOAA_survey","Curacao","Boca Santa Marta","SM2",NA,NA,12.267807,-69.128565,"2.4",2008,"field","SM2-t357",20925,20506.5,5962.03987730061,4961.08895705522,"N",0.893150684931507,NA,"dead = complete mortality or lost",817,40
"815","NOAA_survey","Curacao","Boca Santa Marta","SM2",NA,NA,12.267807,-69.128565,"2.4",2008,"field","SM2-t358",4760,4284,1388.34355828221,1786.93251533742,"N",0.893150684931507,NA,"dead = complete mortality or lost",817,40
"816","NOAA_survey","Curacao","Boca Santa Marta","SM2",NA,NA,12.267807,-69.128565,"2.4",2008,"field","SM2-t359",20900,17765,2351.22699386503,710.966257668712,"N",0.893150684931507,NA,"dead = complete mortality or lost",817,40
"817","NOAA_survey","Curacao","Boca Santa Marta","SM2",NA,NA,12.267807,-69.128565,"2.4",2008,"field","SM2-t360",30456,27410.4,-12154.7239263804,-12036.490797546,"N",0.893150684931507,NA,"dead = complete mortality or lost",817,40
"818","NOAA_survey","Curacao","Boca Santa Marta","SM2",NA,NA,12.267807,-69.128565,"2.4",2008,"field","SM2-t361",2350,2232.5,1186.80981595092,1318.36656441718,"N",0.893150684931507,NA,"dead = complete mortality or lost",817,40
"819","NOAA_survey","Curacao","Boca Santa Marta","SM3",NA,NA,12.266826,-69.127415,"3",2008,"field","SM3-t362",15576,14018.4,-6355.03067484662,-8490.61656441718,"Y",0.893150684931507,NA,"dead = complete mortality or lost",817,40
"820","NOAA_survey","Curacao","Boca Santa Marta","SM3",NA,NA,12.266826,-69.127415,"3",2008,"field","SM3-t363",17325,13860,755.751533742331,2619.93865030675,"N",0.893150684931507,NA,"dead = complete mortality or lost",817,40
"821","NOAA_survey","Curacao","Boca Santa Marta","SM3",NA,NA,12.266826,-69.127415,"3",2008,"field","SM3-t364",17700,11505,-2435.19938650307,-713.765337423313,"N",0.893150684931507,NA,"dead = complete mortality or lost",817,40
"822","NOAA_survey","Curacao","Boca Santa Marta","SM3",NA,NA,12.266826,-69.127415,"3",2008,"field","SM3-t365",11154,5019.3,-312.377300613497,-749.369631901841,"N",0.893150684931507,NA,"dead = complete mortality or lost",817,40
"823","NOAA_survey","Curacao","Boca Santa Marta","SM3",NA,NA,12.266826,-69.127415,"3",2008,"field","SM3-t366",1575,866.25,251.91717791411,-62.9792944785277,"N",0.893150684931507,NA,"dead = complete mortality or lost",817,40
"824","NOAA_survey","Curacao","Boca Santa Marta","SM3",NA,NA,12.266826,-69.127415,"3",2008,"field","SM3-t367",8075,1211.25,-3521.24233128834,-804.175613496932,"N",0.893150684931507,NA,"dead = complete mortality or lost",817,40
"825","NOAA_survey","Curacao","Boca Santa Marta","SM3",NA,NA,12.266826,-69.127415,"3",2008,"field","SM3-t368",11210,3363,-2071.31901840491,-621.395705521472,"N",0.893150684931507,NA,"dead = complete mortality or lost",817,40
"826","NOAA_survey","Curacao","Boca Santa Marta","SM3",NA,NA,12.266826,-69.127415,"3",2008,"field","SM3-t369",3984,1792.8,3180.87423312883,2577.61656441718,"N",0.893150684931507,NA,"dead = complete mortality or lost",817,40
"827","NOAA_survey","Curacao","Boca Santa Marta","SM3",NA,NA,12.266826,-69.127415,"3",2008,"field","SM3-t370",1134,680.4,241.840490797546,-232.771472392638,"N",0.893150684931507,NA,"dead = complete mortality or lost",817,40
"828","NOAA_survey","Curacao","Boca Santa Marta","SM3",NA,NA,12.266826,-69.127415,"3",2008,"field","SM3-t371",13000,12350,3078.98773006135,279.907975460123,"N",0.893150684931507,NA,"dead = complete mortality or lost",817,40
"829","NOAA_survey","Curacao","Boca Santa Marta","SM3",NA,NA,12.266826,-69.127415,"3",2008,"field","SM3-t372",7350,6247.5,2855.06134969325,1872.58435582822,"N",0.893150684931507,NA,"dead = complete mortality or lost",817,40
"830","NOAA_survey","Curacao","Boca Santa Marta","SM3",NA,NA,12.266826,-69.127415,"3",2008,"field","SM3-t374",7790,5453,-660.58282208589,-4493.08282208589,"N",0.893150684931507,NA,"dead = complete mortality or lost",817,40
"831","NOAA_survey","Curacao","Boca Santa Marta","SM3",NA,NA,12.266826,-69.127415,"3",2008,"field","SM3-t375",1950,780,592.28527607362,375.692484662577,"N",0.893150684931507,NA,"dead = complete mortality or lost",817,40
"832","NOAA_survey","Curacao","Boca Santa Marta","SM3",NA,NA,12.266826,-69.127415,"3",2008,"field","SM3-t376",3060,1071,604.601226993865,413.144171779141,"N",0.893150684931507,NA,"dead = complete mortality or lost",817,40
"833","NOAA_survey","Curacao","Sea Aquarium Reef","SQ1",NA,NA,12.084208,-68.893882,"3.9",2008,"field","SQ1-t201",13888,5555.2,1916.80981595092,766.723926380367,"N",0.893150684931507,NA,"dead = complete mortality or lost",817,56
"834","NOAA_survey","Curacao","Sea Aquarium Reef","SQ1",NA,NA,12.084208,-68.893882,"3.9",2008,"field","SQ1-t202",10560,7392,309.018404907975,1429.54601226994,"N",0.893150684931507,NA,"dead = complete mortality or lost",817,56
"835","NOAA_survey","Curacao","Sea Aquarium Reef","SQ1",NA,NA,12.084208,-68.893882,"3.9",2008,"field","SQ1-t203",825,123.75,184.739263803681,-27.7108895705522,"N",0.893150684931507,NA,"dead = complete mortality or lost",817,56
"836","NOAA_survey","Curacao","Sea Aquarium Reef","SQ1",NA,NA,12.084208,-68.893882,"3.9",2008,"field","SQ1-t204",1625,325,0,0,"N",0.893150684931507,NA,"dead = complete mortality or lost",817,56
"837","NOAA_survey","Curacao","Sea Aquarium Reef","SQ1",NA,NA,12.084208,-68.893882,"3.9",2008,"field","SQ1-t205",37800,24570,10860.4294478528,4400.15337423313,"N",0.893150684931507,NA,"dead = complete mortality or lost",817,56
"838","NOAA_survey","Curacao","Sea Aquarium Reef","SQ1",NA,NA,12.084208,-68.893882,"3.9",2008,"field","SQ1-t206",26350,19762.5,-21524.9233128834,-17340.2990797546,"Y",0.893150684931507,NA,"dead = complete mortality or lost",817,56
"839","NOAA_survey","Curacao","Sea Aquarium Reef","SQ1",NA,NA,12.084208,-68.893882,"3.9",2008,"field","SQ1-t207",8255,4953,2401.61042944785,1440.96625766871,"N",0.893150684931507,NA,"dead = complete mortality or lost",817,56
"840","NOAA_survey","Curacao","Sea Aquarium Reef","SQ1",NA,NA,12.084208,-68.893882,"3.9",2008,"field","SQ1-t208",884,132.6,107.484662576687,16.1226993865031,"N",0.893150684931507,NA,"dead = complete mortality or lost",817,56
"841","NOAA_survey","Curacao","Sea Aquarium Reef","SQ1",NA,NA,12.084208,-68.893882,"3.9",2008,"field","SQ1-t209",6370,5414.5,1097.23926380368,-1124.67024539877,"N",0.893150684931507,NA,"dead = complete mortality or lost",817,56
"842","NOAA_survey","Curacao","Sea Aquarium Reef","SQ1",NA,NA,12.084208,-68.893882,"3.9",2008,"field","SQ1-t210",25330,12665,-2888.65030674847,-3991.48773006135,"N",0.893150684931507,NA,"dead = complete mortality or lost",817,56
"843","NOAA_survey","Curacao","Sea Aquarium Reef","SQ1",NA,NA,12.084208,-68.893882,"3.9",2008,"field","SQ1-t211",6460,1938,-1410.73619631902,-423.220858895706,"N",0.893150684931507,NA,"dead = complete mortality or lost",817,56
"844","NOAA_survey","Curacao","Sea Aquarium Reef","SQ1",NA,NA,12.084208,-68.893882,"3.9",2013,"field","SQ1-t273",17604,6161.4,-2840.74285714286,-1770.14571428571,"N",0.958904109589041,NA,"dead = complete mortality or lost",817,56
"845","NOAA_survey","Curacao","Sea Aquarium Reef","SQ1",NA,NA,12.084208,-68.893882,"3.9",2015,"field","SQ1-t498",504,378,0,24.1417322834646,"N",1.04383561643836,NA,"dead = complete mortality or lost",817,56
"846","NOAA_survey","Curacao","Sea Aquarium Reef","SQ1",NA,NA,12.084208,-68.893882,"3.9",2015,"field","SQ1-t499",450,90,407.152230971129,81.4304461942257,"N",1.04383561643836,NA,"dead = complete mortality or lost",817,56
"847","NOAA_survey","Curacao","Sea Aquarium Reef","SQ2",NA,NA,12.083209,-68.895032,"4.5",2008,"field","SQ2-t213",21000,16800,-4702.45398773006,-3761.96319018405,"N",0.893150684931507,NA,"dead = complete mortality or lost",817,56
"848","NOAA_survey","Curacao","Sea Aquarium Reef","SQ2",NA,NA,12.083209,-68.895032,"4.5",2008,"field","SQ2-t214",6375,5737.5,2202.31595092025,2449.08282208589,"N",0.893150684931507,NA,"dead = complete mortality or lost",817,56
"849","NOAA_survey","Curacao","Sea Aquarium Reef","SQ2",NA,NA,12.083209,-68.895032,"4.5",2008,"field","SQ2-t216",4550,4504.5,2071.31901840491,2050.60582822086,"N",0.893150684931507,NA,"dead = complete mortality or lost",817,56
"850","NOAA_survey","Curacao","Sea Aquarium Reef","SQ2",NA,NA,12.083209,-68.895032,"4.5",2008,"field","SQ2-t217",1200,1020,0,-67.1779141104294,"N",0.893150684931507,NA,"dead = complete mortality or lost",817,56
"851","NOAA_survey","Curacao","Sea Aquarium Reef","SQ2",NA,NA,12.083209,-68.895032,"4.5",2008,"field","SQ2-t218",18700,16830,5990.03067484662,5391.02760736196,"N",0.893150684931507,NA,"dead = complete mortality or lost",817,56
"852","NOAA_survey","Curacao","Sea Aquarium Reef","SQ2",NA,NA,12.083209,-68.895032,"4.5",2008,"field","SQ2-t219",2250,1237.5,-111.963190184049,419.861963190184,"N",0.893150684931507,NA,"dead = complete mortality or lost",817,56
"853","NOAA_survey","Curacao","Sea Aquarium Reef","SQ2",NA,NA,12.083209,-68.895032,"4.5",2008,"field","SQ2-t220",7200,7128,2015.33742331288,1995.18404907975,"N",0.893150684931507,NA,"dead = complete mortality or lost",817,56
"854","NOAA_survey","Curacao","Sea Aquarium Reef","SQ2",NA,NA,12.083209,-68.895032,"4.5",2008,"field","SQ2-t221",5700,4275,3023.00613496932,2737.5,"N",0.893150684931507,NA,"dead = complete mortality or lost",817,56
"855","NOAA_survey","Curacao","Sea Aquarium Reef","SQ2",NA,NA,12.083209,-68.895032,"4.5",2008,"field","SQ2-t223",12350,2470,0,0,"Y",0.893150684931507,NA,"dead = complete mortality or lost",817,56
"856","NOAA_survey","Curacao","Sea Aquarium Reef","SQ2",NA,NA,12.083209,-68.895032,"4.5",2012,"field","SQ2-t380",3286,2628.8,87.5255102040816,-1031.49744897959,"Y",1.07397260273973,NA,"dead = complete mortality or lost",817,56
"857","NOAA_survey","Curacao","Sea Aquarium Reef","SQ2",NA,NA,12.083209,-68.895032,"4.5",2012,"field","SQ2-t381",1280,1024,1374.33673469388,1099.4693877551,"N",1.07397260273973,NA,"dead = complete mortality or lost",817,56
"858","NOAA_survey","Curacao","Sea Aquarium Reef","SQ2",NA,NA,12.083209,-68.895032,"4.5",2012,"field","SQ2-t383",1428,428.4,209.502551020408,62.8507653061224,"N",1.07397260273973,NA,"dead = complete mortality or lost",817,56
"859","NOAA_survey","Curacao","Sea Aquarium Reef","SQ2",NA,NA,12.083209,-68.895032,"4.5",2012,"field","SQ2-t385",3240,486,-363.137755102041,-54.4706632653061,"N",1.07397260273973,NA,"dead = complete mortality or lost",817,56
"860","NOAA_survey","Curacao","Sea Aquarium Reef","SQ2",NA,NA,12.083209,-68.895032,"4.5",2012,"field","SQ2-t386",588,352.8,664.821428571428,701.973214285714,"N",1.07397260273973,NA,"dead = complete mortality or lost",817,56
"861","NOAA_survey","Curacao","Sea Aquarium Reef","SQ2",NA,NA,12.083209,-68.895032,"4.5",2012,"field","SQ2-t387",20265,12159,591.262755102041,354.757653061224,"N",1.07397260273973,NA,"dead = complete mortality or lost",817,56
"862","NOAA_survey","Curacao","Sea Aquarium Reef","SQ2",NA,NA,12.083209,-68.895032,"4.5",2015,"field","SQ2-t453",16,16,7.68421052631579,7.68421052631579,"N",1.04109589041096,NA,"dead = complete mortality or lost",817,56
"863","NOAA_survey","Curacao","Sea Aquarium Reef","SQ3",NA,NA,12.083075,-68.895931,"3.3",2008,"field","SQ3-t225",9120,8208,2729.07692307692,2456.16923076923,"N",0.89041095890411,NA,"dead = complete mortality or lost",817,56
"864","NOAA_survey","Curacao","Sea Aquarium Reef","SQ3",NA,NA,12.083075,-68.895931,"3.3",2008,"field","SQ3-t226",15225,12941.25,-6789,-5255.15769230769,"N",0.89041095890411,NA,"dead = complete mortality or lost",817,56
"865","NOAA_survey","Curacao","Sea Aquarium Reef","SQ3",NA,NA,12.083075,-68.895931,"3.3",2008,"field","SQ3-t227",10400,6760,1207.30769230769,-2437.07692307692,"N",0.89041095890411,NA,"dead = complete mortality or lost",817,56
"866","NOAA_survey","Curacao","Sea Aquarium Reef","SQ3",NA,NA,12.083075,-68.895931,"3.3",2008,"field","SQ3-t228",61600,52360,1235.38461538462,-2470.76923076923,"N",0.89041095890411,NA,"dead = complete mortality or lost",817,56
"867","NOAA_survey","Curacao","Sea Aquarium Reef","SQ3",NA,NA,12.083075,-68.895931,"3.3",2008,"field","SQ3-t229",13650,9555,-1853.07692307692,50.5384615384615,"N",0.89041095890411,NA,"dead = complete mortality or lost",817,56
"868","NOAA_survey","Curacao","Sea Aquarium Reef","SQ3",NA,NA,12.083075,-68.895931,"3.3",2008,"field","SQ3-t230",700,420,336.923076923077,202.153846153846,"N",0.89041095890411,NA,"dead = complete mortality or lost",817,56
"869","NOAA_survey","Curacao","Sea Aquarium Reef","SQ3",NA,NA,12.083075,-68.895931,"3.3",2008,"field","SQ3-t231",4125,2887.5,825.461538461538,577.823076923077,"N",0.89041095890411,NA,"dead = complete mortality or lost",817,56
"870","NOAA_survey","Curacao","Sea Aquarium Reef","SQ3",NA,NA,12.083075,-68.895931,"3.3",2008,"field","SQ3-t232",14250,13537.5,2863.84615384615,833.884615384615,"N",0.89041095890411,NA,"dead = complete mortality or lost",817,56
"871","NOAA_survey","Curacao","Sea Aquarium Reef","SQ3",NA,NA,12.083075,-68.895931,"3.3",2008,"field","SQ3-t233",37000,20350,3256.92307692308,-449.230769230769,"N",0.89041095890411,NA,"dead = complete mortality or lost",817,56
"872","NOAA_survey","Curacao","Sea Aquarium Reef","SQ3",NA,NA,12.083075,-68.895931,"3.3",2013,"field","SQ3-t280",38270,15308,-12499.4301994302,-10459.1737891738,"N",0.961643835616439,NA,"dead = complete mortality or lost",817,56
"873","NOAA_survey","Curacao","Sea Aquarium Reef","SQ3",NA,NA,12.083075,-68.895931,"3.3",2013,"field","SQ3-t281",572,543.4,1021.16809116809,970.109686609686,"N",0.961643835616439,NA,"dead = complete mortality or lost",817,56
"874","NOAA_survey","Curacao","Sea Aquarium Reef","SQ3",NA,NA,12.083075,-68.895931,"3.3",2012,"field","SQ3-t371",17280,11232,320.419847328244,208.272900763359,"N",1.07671232876712,NA,"dead = complete mortality or lost",817,56
"875","NOAA_survey","Curacao","Sea Aquarium Reef","SQ3",NA,NA,12.083075,-68.895931,"3.3",2012,"field","SQ3-t374",28350,19845,2623.72773536896,388.915394402036,"N",1.07671232876712,NA,"dead = complete mortality or lost",817,56
"876","NOAA_survey","Curacao","Sea Aquarium Reef","SQ3",NA,NA,12.083075,-68.895931,"3.3",2015,"field","SQ3-t457",200,20,-140.606860158311,27.5435356200528,"N",1.03835616438356,NA,"dead = complete mortality or lost",817,56
"877","NOAA_survey","Curacao","Water Factory","WF1",NA,NA,12.110441,-68.956475,"3",2013,"field","WF1-t401",810,648,255.085227272727,258.818181818182,"N",0.964383561643835,NA,"dead = complete mortality or lost",817,40
"878","NOAA_survey","Curacao","Water Factory","WF1",NA,NA,12.110441,-68.956475,"3",2013,"field","WF1-t402",91,86.45,122.357954545455,124.908806818182,"N",0.964383561643835,NA,"dead = complete mortality or lost",817,40
"879","NOAA_survey","Curacao","Water Factory","WF1",NA,NA,12.110441,-68.956475,"3",2013,"field","WF1-t403",1908,1621.8,530.909090909091,702.210227272727,"N",0.964383561643835,NA,"dead = complete mortality or lost",817,40
"880","NOAA_survey","Curacao","Water Factory","WF1",NA,NA,12.110441,-68.956475,"3",2013,"field","WF1-t404",2405,1683.5,-50.8096590909091,86.5838068181818,"N",0.964383561643835,NA,"dead = complete mortality or lost",817,40
"881","NOAA_survey","Curacao","Water Factory","WF1",NA,NA,12.110441,-68.956475,"3",2013,"field","WF1-t405",12,12,37.3295454545455,37.3295454545455,"N",0.964383561643835,NA,"dead = complete mortality or lost",817,40
"882","NOAA_survey","Curacao","Water Factory","WF1",NA,NA,12.110441,-68.956475,"3",2013,"field","WF1-t406",1275,1275,403.366477272727,403.366477272727,"N",0.964383561643835,NA,"dead = complete mortality or lost",817,40
"883","NOAA_survey","Curacao","Water Factory","WF1",NA,NA,12.110441,-68.956475,"3",2013,"field","WF1-t407",70,70,160.724431818182,149.058948863636,"N",0.964383561643835,NA,"dead = complete mortality or lost",817,40
"884","NOAA_survey","Curacao","Water Factory","WF1",NA,NA,12.110441,-68.956475,"3",2013,"field","WF1-t409",874,874,785.994318181818,785.994318181818,"N",0.964383561643835,NA,"dead = complete mortality or lost",817,40
"885","NOAA_survey","Curacao","Water Factory","WF1",NA,NA,12.110441,-68.956475,"3",2013,"field","WF1-t410",1680,1344,684.375,668.821022727273,"N",0.964383561643835,NA,"dead = complete mortality or lost",817,40
"886","NOAA_survey","Curacao","Water Factory","WF1",NA,NA,12.110441,-68.956475,"3",2013,"field","WF1-t411",551,468.35,691.633522727273,714.186789772727,"N",0.964383561643835,NA,"dead = complete mortality or lost",817,40
"887","NOAA_survey","Curacao","Water Factory","WF1",NA,NA,12.110441,-68.956475,"3",2013,"field","WF1-t412",345,327.75,326.633522727273,310.301846590909,"N",0.964383561643835,NA,"dead = complete mortality or lost",817,40
"888","NOAA_survey","Curacao","Water Factory","WF1",NA,NA,12.110441,-68.956475,"3",2015,"field","WF1-t458",1036,1025.64,719.434210526316,643.658289473684,"N",1.04109589041096,NA,"dead = complete mortality or lost",817,40
"889","NOAA_survey","Curacao","Water Factory","WF2",NA,NA,12.110385,-68.956205,"3.3",2013,"field","WF2-t416",96,9.6,124.431818181818,34.8409090909091,"N",0.964383561643835,NA,"dead = complete mortality or lost",817,40
"890","NOAA_survey","Curacao","Water Factory","WF2",NA,NA,12.110385,-68.956205,"3.3",2013,"field","WF2-t417",1600,1520,912.5,866.875,"N",0.964383561643835,NA,"dead = complete mortality or lost",817,40
"891","NOAA_survey","Curacao","Water Factory","WF2",NA,NA,12.110385,-68.956205,"3.3",2013,"field","WF2-t419",1504,977.6,356.704545454545,-151.392045454545,"N",0.964383561643835,NA,"dead = complete mortality or lost",817,40
"892","NOAA_survey","Curacao","Water Factory","WF2",NA,NA,12.110385,-68.956205,"3.3",2013,"field","WF2-t420",7140,6069,2087.34375,1299.69034090909,"N",0.964383561643835,NA,"dead = complete mortality or lost",817,40
"893","NOAA_survey","Curacao","Water Factory","WF2",NA,NA,12.110385,-68.956205,"3.3",2013,"field","WF2-t421",1050,997.5,462.471590909091,501.398011363636,"N",0.964383561643835,NA,"dead = complete mortality or lost",817,40
"894","NOAA_survey","Curacao","Water Factory","WF2",NA,NA,12.110385,-68.956205,"3.3",2013,"field","WF2-t422",3500,3325,2692.91193181818,2874.375,"N",0.964383561643835,NA,"dead = complete mortality or lost",817,40
"895","NOAA_survey","Curacao","Water Factory","WF2",NA,NA,12.110385,-68.956205,"3.3",2013,"field","WF2-t423",170,168.3,187.684659090909,189.447443181818,"N",0.964383561643835,NA,"dead = complete mortality or lost",817,40
"896","NOAA_survey","Curacao","Water Factory","WF2",NA,NA,12.110385,-68.956205,"3.3",2013,"field","WF2-t424",1840,1748,1327.27272727273,1390.31818181818,"N",0.964383561643835,NA,"dead = complete mortality or lost",817,40
"897","NOAA_survey","Curacao","Water Factory","WF2",NA,NA,12.110385,-68.956205,"3.3",2013,"field","WF2-t425",6460,5168,3022.65625,2904.18678977273,"N",0.964383561643835,NA,"dead = complete mortality or lost",817,40
"898","NOAA_survey","Curacao","Water Factory","WF2",NA,NA,12.110385,-68.956205,"3.3",2013,"field","WF2-t427",1952,1854.4,2082.15909090909,1362.11363636364,"N",0.964383561643835,NA,"dead = complete mortality or lost",817,40
"899","NOAA_survey","Curacao","Water Factory","WF2",NA,NA,12.110385,-68.956205,"3.3",2015,"field","WF2-t459",3600,36,381.201044386423,3587.10182767624,"N",1.04931506849315,NA,"dead = complete mortality or lost",817,40
"900","NOAA_survey","Curacao","Water Factory","WF3",NA,NA,12.109803,-68.955239,"2.7",2013,"field","WF3-t431",110,110,261.461318051576,261.461318051576,"N",0.956164383561644,NA,"dead = complete mortality or lost",817,40
"901","NOAA_survey","Curacao","Water Factory","WF3",NA,NA,12.109803,-68.955239,"2.7",2013,"field","WF3-t433",7680,6144,3078.96848137536,2463.17478510029,"N",0.956164383561644,NA,"dead = complete mortality or lost",817,40
"902","NOAA_survey","Curacao","Water Factory","WF3",NA,NA,12.109803,-68.955239,"2.7",2013,"field","WF3-t434",120,120,496.776504297994,496.776504297994,"N",0.956164383561644,NA,"dead = complete mortality or lost",817,40
"903","NOAA_survey","Curacao","Water Factory","WF3",NA,NA,12.109803,-68.955239,"2.7",2013,"field","WF3-t436",1302,1302,1125.32951289398,1125.32951289398,"N",0.956164383561644,NA,"dead = complete mortality or lost",817,40
"904","NOAA_survey","Curacao","Water Factory","WF3",NA,NA,12.109803,-68.955239,"2.7",2013,"field","WF3-t437",1032,825.6,911.977077363897,1028.27507163324,"N",0.956164383561644,NA,"dead = complete mortality or lost",817,40
"905","NOAA_survey","Curacao","Water Factory","WF3",NA,NA,12.109803,-68.955239,"2.7",2013,"field","WF3-t439",1394,1394,1332.40687679083,1332.40687679083,"N",0.956164383561644,NA,"dead = complete mortality or lost",817,40
"906","NOAA_survey","Curacao","Water Factory","WF3",NA,NA,12.109803,-68.955239,"2.7",2015,"field","WF3-t461",3698,3143.3,-617.913385826772,-232.747375328084,"N",1.04383561643836,NA,"dead = complete mortality or lost",817,40
"907","NOAA_survey","Curacao","Water Factory","WF3",NA,NA,12.109803,-68.955239,"2.7",2015,"field","WF3-t462",1800,720,-252.913385826772,-248.314960629921,"Y",1.04383561643836,NA,"dead = complete mortality or lost",817,40
"908","NOAA_survey","Curacao","Water Factory","WF3",NA,NA,12.109803,-68.955239,"2.7",2015,"field","WF3-t463",2703,2703,2335.61679790026,1596.85104986877,"N",1.04383561643836,NA,"dead = complete mortality or lost",817,40
"909","NOAA_survey","Curacao","Water Factory","WF3",NA,NA,12.109803,-68.955239,"2.7",2015,"field","WF3-t464",2394,2394,2293.46456692913,2293.46456692913,"N",1.04383561643836,NA,"dead = complete mortality or lost",817,40
"910","NOAA_survey","Curacao","Water Factory","WF3",NA,NA,12.109803,-68.955239,"2.7",2015,"field","WF3-t465",4582,4352.9,-4205.64304461942,-3986.16404199475,"N",1.04383561643836,NA,"dead = complete mortality or lost",817,40
"911","NOAA_survey","Curacao","Water Factory","WF3",NA,NA,12.109803,-68.955239,"2.7",2015,"field","WF3-t466",13483,11460.55,3101.06299212598,2635.90354330709,"N",1.04383561643836,NA,"dead = complete mortality or lost",817,40
"912","NOAA_survey","Florida","Carysfort Reef","CF1",NA,NA,25.22194,-80.21055,"2.1",2006,"field","CF1-t023",5025,1758.75,-376.274131274131,-1472.75386100386,"N",0.70958904109589,"storm","dead = complete mortality or lost",817,74
"913","NOAA_survey","Florida","Carysfort Reef","CF1",NA,NA,25.22194,-80.21055,"2.1",2006,"field","CF1-t024",5200,3640,697.586872586872,-2320.70945945946,"N",0.70958904109589,"storm","dead = complete mortality or lost",817,74
"914","NOAA_survey","Florida","Carysfort Reef","CF1",NA,NA,25.22194,-80.21055,"2.1",2006,"field","CF1-t025",7020,3510,-380.50193050193,-3995.27027027027,"N",0.70958904109589,"storm","dead = complete mortality or lost",817,74
"915","NOAA_survey","Florida","Carysfort Reef","CF1",NA,NA,25.22194,-80.21055,"2.1",2006,"field","CF1-t027",16240,4872,-10308.7837837838,-4979.29054054054,"N",0.70958904109589,"storm","dead = complete mortality or lost",817,74
"916","NOAA_survey","Florida","Carysfort Reef","CF1",NA,NA,25.22194,-80.21055,"2.1",2006,"field","CF1-t031",12825,3847.5,-6975.86872586873,-5422.15250965251,"N",0.70958904109589,"storm","dead = complete mortality or lost",817,74
"917","NOAA_survey","Florida","Carysfort Reef","CF1",NA,NA,25.22194,-80.21055,"2.1",2006,"field","CF1-t032",180,117,0,-50.7335907335907,"N",0.70958904109589,"storm","dead = complete mortality or lost",817,74
"918","NOAA_survey","Florida","Carysfort Reef","CF1",NA,NA,25.22194,-80.21055,"2.1",2006,"field","CF1-t033",30000,16500,-3382.23938223938,-11584.1698841699,"N",0.70958904109589,"storm","dead = complete mortality or lost",817,74
"919","NOAA_survey","Florida","Carysfort Reef","CF1",NA,NA,25.22194,-80.21055,"2.1",2006,"field","CF1-t034",4896,3427.2,-4264.44015444015,-4039.23938223938,"N",0.70958904109589,"storm","dead = complete mortality or lost",817,74
"920","NOAA_survey","Florida","Carysfort Reef","CF1",NA,NA,25.22194,-80.21055,"2.1",2006,"field","CF1-t036",9600,480,0,-541.158301158301,"N",0.70958904109589,"storm","dead = complete mortality or lost",817,74
"921","NOAA_survey","Florida","Carysfort Reef","CF1",NA,NA,25.22194,-80.21055,"2.1",2012,"field","CF1-t950",572,572,37,-450.2,"N",1,NA,"dead = complete mortality or lost",817,74
"922","NOAA_survey","Florida","Carysfort Reef","CF2",NA,NA,25.22179,-80.210586,"2.4",2006,"field","CF2-t038",40260,16104,620.07722007722,-2619.82625482625,"N",0.70958904109589,"storm","dead = complete mortality or lost",817,74
"923","NOAA_survey","Florida","Carysfort Reef","CF2",NA,NA,25.22179,-80.210586,"2.4",2006,"field","CF2-t040",8400,4620,-5073.35907335907,-4143.24324324324,"N",0.70958904109589,"storm","dead = complete mortality or lost",817,74
"924","NOAA_survey","Florida","Carysfort Reef","CF2",NA,NA,25.22179,-80.210586,"2.4",2006,"field","CF2-t041",6600,2310,0,-930.11583011583,"N",0.70958904109589,"storm","dead = complete mortality or lost",817,74
"925","NOAA_survey","Florida","Carysfort Reef","CF2",NA,NA,25.22179,-80.210586,"2.4",2006,"field","CF2-t042",1575,945,0,221.959459459459,"N",0.70958904109589,"storm","dead = complete mortality or lost",817,74
"926","NOAA_survey","Florida","Carysfort Reef","CF2",NA,NA,25.22179,-80.210586,"2.4",2006,"field","CF2-t043",10200,10200,-2339.38223938224,-5949.92277992278,"N",0.70958904109589,"storm","dead = complete mortality or lost",817,74
"927","NOAA_survey","Florida","Carysfort Reef","CF2",NA,NA,25.22179,-80.210586,"2.4",2006,"field","CF2-t044",9630,2889,-3805.0193050193,-3583.05984555985,"N",0.70958904109589,"storm","dead = complete mortality or lost",817,74
"928","NOAA_survey","Florida","Carysfort Reef","CF2",NA,NA,25.22179,-80.210586,"2.4",2006,"field","CF2-t045",10974,9876.6,1445.90733590734,-1235.36293436293,"N",0.70958904109589,"storm","dead = complete mortality or lost",817,74
"929","NOAA_survey","Florida","Carysfort Reef","CF2",NA,NA,25.22179,-80.210586,"2.4",2006,"field","CF2-t046",2079,623.7,621.486486486486,541.581081081081,"N",0.70958904109589,"storm","dead = complete mortality or lost",817,74
"930","NOAA_survey","Florida","Carysfort Reef","CF2",NA,NA,25.22179,-80.210586,"2.4",2006,"field","CF2-t047",19425,15540,-2008.20463320463,-5411.58301158301,"N",0.70958904109589,"storm","dead = complete mortality or lost",817,74
"931","NOAA_survey","Florida","Carysfort Reef","CF2",NA,NA,25.22179,-80.210586,"2.4",2006,"field","CF2-t048",10030,8525.5,-944.208494208494,-3440.72393822394,"N",0.70958904109589,"storm","dead = complete mortality or lost",817,74
"932","NOAA_survey","Florida","Carysfort Reef","CF2",NA,NA,25.22179,-80.210586,"2.4",2006,"field","CF2-t049",16150,10497.5,-5848.4555984556,-9720.41505791506,"N",0.70958904109589,"storm","dead = complete mortality or lost",817,74
"933","NOAA_survey","Florida","Carysfort Reef","CF2",NA,NA,25.22179,-80.210586,"2.4",2013,"field","CF2-t228",14898,10428.6,-2029.28381962865,-2659.94960212202,"N",1.03287671232877,NA,"dead = complete mortality or lost",817,74
"934","NOAA_survey","Florida","Carysfort Reef","CF2",NA,NA,25.22179,-80.210586,"2.4",2014,"field","CF2-t396",2961,1184.4,330.134328358209,-1290.46567164179,"N",0.917808219178082,NA,"dead = complete mortality or lost",817,74
"935","NOAA_survey","Florida","Carysfort Reef","CF2",NA,NA,25.22179,-80.210586,"2.4",2012,"field","CF2-t946",3328,998.4,-853,-503.4,"N",1,NA,"dead = complete mortality or lost",817,74
"936","NOAA_survey","Florida","Carysfort Reef","CF2",NA,NA,25.22179,-80.210586,"2.4",2012,"field","CF2-t948",1776,532.8,44,104.2,"N",1,NA,"dead = complete mortality or lost",817,74
"937","NOAA_survey","Florida","Carysfort Reef","CF3",NA,NA,25.22289,-80.20956,"3.7",2006,"field","CF3-t088",118500,77025,-119364.864864865,-89495.4633204633,"N",0.70958904109589,"storm","dead = complete mortality or lost",817,74
"938","NOAA_survey","Florida","Carysfort Reef","CF3",NA,NA,25.22289,-80.20956,"3.7",2006,"field","CF3-t090",48336,36252,-2142.08494208494,-8204.18532818533,"N",0.70958904109589,"storm","dead = complete mortality or lost",817,74
"939","NOAA_survey","Florida","Carysfort Reef","CF3",NA,NA,25.22289,-80.20956,"3.7",2006,"field","CF3-t091",240,240,219.84555984556,208.68416988417,"N",0.70958904109589,"storm","dead = complete mortality or lost",817,74
"940","NOAA_survey","Florida","Carysfort Reef","CF3",NA,NA,25.22289,-80.20956,"3.7",2006,"field","CF3-t092",62525,40641.25,-56405.888030888,-47761.8001930502,"N",0.70958904109589,"storm","dead = complete mortality or lost",817,74
"941","NOAA_survey","Florida","Carysfort Reef","CF3",NA,NA,25.22289,-80.20956,"3.7",2006,"field","CF3-t093",3120,1248,-1789.76833976834,-846.264478764479,"N",0.70958904109589,"storm","dead = complete mortality or lost",817,74
"942","NOAA_survey","Florida","Carysfort Reef","CF3",NA,NA,25.22289,-80.20956,"3.7",2006,"field","CF3-t095",31500,17325,-10921.8146718147,-7680.50193050193,"N",0.70958904109589,"storm","dead = complete mortality or lost",817,74
"943","NOAA_survey","Florida","Carysfort Reef","CF3",NA,NA,25.22289,-80.20956,"3.7",2015,"field","CF3-t411",20160,4032,-4472.94429708223,-1646.85676392573,"N",1.03287671232877,NA,"dead = complete mortality or lost",817,74
"944","NOAA_survey","Florida","Carysfort Reef","CF3",NA,NA,25.22289,-80.20956,"3.7",2013,"field","CF3-t902",750,225,-195.038167938931,-158.81679389313,"N",1.07671232876712,NA,"dead = complete mortality or lost",817,74
"945","NOAA_survey","Florida","Carysfort Reef","CF3",NA,NA,25.22289,-80.20956,"3.7",2007,"field","CF3-t916",930,744,442.161520190024,291.306413301663,"N",1.15342465753425,NA,"dead = complete mortality or lost",817,74
"946","NOAA_survey","Florida","Carysfort Reef","CF3",NA,NA,25.22289,-80.20956,"3.7",2007,"field","CF3-t918",25,23.75,14.7387173396675,15.8224465558195,"N",1.15342465753425,NA,"dead = complete mortality or lost",817,74
"947","NOAA_survey","Florida","Carysfort Reef","CF3",NA,NA,25.22289,-80.20956,"3.7",2007,"field","CF3-t919",99,99,-19.0736342042755,-25.749406175772,"N",1.15342465753425,NA,"dead = complete mortality or lost",817,74
"948","NOAA_survey","Florida","Carysfort Reef","CF3",NA,NA,25.22289,-80.20956,"3.7",2012,"field","CF3-t973",12,12,37,37,"N",1,NA,"dead = complete mortality or lost",817,74
"949","NOAA_survey","Florida","Carysfort Reef","CF3",NA,NA,25.22289,-80.20956,"3.7",2012,"field","CF3-t974",231,231,81,18.6,"Y",1,NA,"dead = complete mortality or lost",817,74
"950","NOAA_survey","Florida","Carysfort Reef","CF4",NA,NA,25.222871,-80.209996,"4.6",2012,"field","CF4-t801",14500,2175,-1183.78378378378,-833.581081081081,"N",1.01369863013699,NA,"dead = complete mortality or lost",817,74
"951","NOAA_survey","Florida","Carysfort Reef","CF4",NA,NA,25.222871,-80.209996,"4.6",2012,"field","CF4-t802",5580,1116,213.081081081081,-815.035135135135,"N",1.01369863013699,NA,"dead = complete mortality or lost",817,74
"952","NOAA_survey","Florida","Carysfort Reef","CF4",NA,NA,25.222871,-80.209996,"4.6",2012,"field","CF4-t803",6256,1251.2,237.743243243243,-593.371621621622,"N",1.01369863013699,NA,"dead = complete mortality or lost",817,74
"953","NOAA_survey","Florida","Carysfort Reef","CF4",NA,NA,25.222871,-80.209996,"4.6",2012,"field","CF4-t804",198,128.7,76.945945945946,63.6283783783784,"N",1.01369863013699,NA,"dead = complete mortality or lost",817,74
"954","NOAA_survey","Florida","Carysfort Reef","CF4",NA,NA,25.222871,-80.209996,"4.6",2012,"field","CF4-t805",1881,94.05,-168.689189189189,-8.43445945945947,"N",1.01369863013699,NA,"dead = complete mortality or lost",817,74
"955","NOAA_survey","Florida","Carysfort Reef","CF4",NA,NA,25.222871,-80.209996,"4.6",2012,"field","CF4-t806",150,60,147.972972972973,133.175675675676,"N",1.01369863013699,NA,"dead = complete mortality or lost",817,74
"956","NOAA_survey","Florida","Carysfort Reef","CF4",NA,NA,25.222871,-80.209996,"4.6",2012,"field","CF4-t807",551,413.25,-171.648648648649,-165.927027027027,"N",1.01369863013699,NA,"dead = complete mortality or lost",817,74
"957","NOAA_survey","Florida","Carysfort Reef","CF4",NA,NA,25.222871,-80.209996,"4.6",2012,"field","CF4-t808",10622,2124.4,-3434.94594594595,-1391.34054054054,"N",1.01369863013699,NA,"dead = complete mortality or lost",817,74
"958","NOAA_survey","Florida","Carysfort Reef","CF4",NA,NA,25.222871,-80.209996,"4.6",2012,"field","CF4-t809",11700,585,0,0,"N",1.01369863013699,NA,"dead = complete mortality or lost",817,74
"959","NOAA_survey","Florida","Carysfort Reef","CF4",NA,NA,25.222871,-80.209996,"4.6",2012,"field","CF4-t811",2905,435.75,-1326.82432432432,-122.077702702703,"N",1.01369863013699,NA,"dead = complete mortality or lost",817,74
"960","NOAA_survey","Florida","Carysfort Reef","CF4",NA,NA,25.222871,-80.209996,"4.6",2012,"field","CF4-t812",4,4,1.97297297297297,1.97297297297297,"N",1.01369863013699,NA,"dead = complete mortality or lost",817,74
"961","NOAA_survey","Florida","Carysfort Reef","CF4",NA,NA,25.222871,-80.209996,"4.6",2012,"field","CF4-t813",48,48,-11.8378378378378,-13.6135135135135,"N",1.01369863013699,NA,"dead = complete mortality or lost",817,74
"962","NOAA_survey","Florida","Carysfort Reef","CF4",NA,NA,25.222871,-80.209996,"4.6",2012,"field","CF4-t814",13650,2730,-3800.93243243243,-1726.6472972973,"N",1.01369863013699,NA,"dead = complete mortality or lost",817,74
"963","NOAA_survey","Florida","Carysfort Reef","CF4",NA,NA,25.222871,-80.209996,"4.6",2013,"field","CF4-t908",620,372,-73.5809018567639,-175.819628647215,"N",1.03287671232877,NA,"dead = complete mortality or lost",817,74
"964","NOAA_survey","Florida","Elbow Reef","EL1",NA,NA,25.142579,-80.258364,"3.4",2006,"field","EL1-t050",187,187,28.9207650273224,28.9207650273224,"N",1.0027397260274,"storm","dead = complete mortality or lost",817,118
"965","NOAA_survey","Florida","Elbow Reef","EL1",NA,NA,25.142579,-80.258364,"3.4",2006,"field","EL1-t051",20961,10480.5,1435.06830601093,-3750.22540983607,"N",1.0027397260274,"storm","dead = complete mortality or lost",817,118
"966","NOAA_survey","Florida","Elbow Reef","EL1",NA,NA,25.142579,-80.258364,"3.4",2006,"field","EL1-t052",46750,37400,498.633879781421,-9025.27322404371,"N",1.0027397260274,"storm","dead = complete mortality or lost",817,118
"967","NOAA_survey","Florida","Elbow Reef","EL1",NA,NA,25.142579,-80.258364,"3.4",2006,"field","EL1-t054",20034,19032.3,-4621.33879781421,-8229.75273224043,"N",1.0027397260274,"storm","dead = complete mortality or lost",817,118
"968","NOAA_survey","Florida","Elbow Reef","EL1",NA,NA,25.142579,-80.258364,"3.4",2006,"field","EL1-t055",31376,28238.4,1535.79234972678,-1900.39344262295,"N",1.0027397260274,"storm","dead = complete mortality or lost",817,118
"969","NOAA_survey","Florida","Elbow Reef","EL1",NA,NA,25.142579,-80.258364,"3.4",2006,"field","EL1-t056",14700,12495,-9997.60928961749,-9896.63592896175,"N",1.0027397260274,"storm","dead = complete mortality or lost",817,118
"970","NOAA_survey","Florida","Elbow Reef","EL1",NA,NA,25.142579,-80.258364,"3.4",2006,"field","EL1-t058",1800,360,-448.770491803279,-224.385245901639,"N",1.0027397260274,"storm","dead = complete mortality or lost",817,118
"971","NOAA_survey","Florida","Elbow Reef","EL1",NA,NA,25.142579,-80.258364,"3.4",2006,"field","EL1-t059",22750,14787.5,-22663.9071038251,-14726.7527322404,"N",1.0027397260274,"storm","dead = complete mortality or lost",817,118
"972","NOAA_survey","Florida","Elbow Reef","EL1",NA,NA,25.142579,-80.258364,"3.4",2006,"field","EL1-t060",2025,1984.5,-1507.86885245902,-1569.79918032787,"N",1.0027397260274,"storm","dead = complete mortality or lost",817,118
"973","NOAA_survey","Florida","Elbow Reef","EL1",NA,NA,25.142579,-80.258364,"3.4",2006,"field","EL1-t061",3500,3430,-2592.89617486339,-2702.5956284153,"N",1.0027397260274,"storm","dead = complete mortality or lost",817,118
"974","NOAA_survey","Florida","Elbow Reef","EL1",NA,NA,25.142579,-80.258364,"3.4",2006,"field","EL1-t062",18900,11340,-18738.6612021858,-11199.3169398907,"N",1.0027397260274,"storm","dead = complete mortality or lost",817,118
"975","NOAA_survey","Florida","Elbow Reef","EL1",NA,NA,25.142579,-80.258364,"3.4",2018,"field","EL1-t208",5525,4143.75,1278.57352941176,1319.42132352941,"N",0.931506849315068,NA,"dead = complete mortality or lost",817,118
"976","NOAA_survey","Florida","Elbow Reef","EL1",NA,NA,25.142579,-80.258364,"3.4",2013,"field","EL1-t232",3500,3325,492.369791666667,620.519010416667,"N",1.05205479452055,NA,"dead = complete mortality or lost",817,118
"977","NOAA_survey","Florida","Elbow Reef","EL1",NA,NA,25.142579,-80.258364,"3.4",2016,"field","EL1-t441",3240,2754,126.997422680412,107.947809278351,"N",1.06301369863014,NA,"dead = complete mortality or lost",817,118
"978","NOAA_survey","Florida","Elbow Reef","EL1",NA,NA,25.142579,-80.258364,"3.4",2012,"field","EL1-t977",18216,11840.4,-12719.3220338983,-9480.10169491525,"N",0.96986301369863,NA,"dead = complete mortality or lost",817,118
"979","NOAA_survey","Florida","Elbow Reef","EL1",NA,NA,25.142579,-80.258364,"3.4",2012,"field","EL1-t978",4180,3971,633.079096045198,749.714124293785,"N",0.96986301369863,NA,"dead = complete mortality or lost",817,118
"980","NOAA_survey","Florida","Elbow Reef","EL1",NA,NA,25.142579,-80.258364,"3.4",2012,"field","EL1-t979",11374,10805.3,2154.94350282486,2047.19632768362,"N",0.96986301369863,NA,"dead = complete mortality or lost",817,118
"981","NOAA_survey","Florida","Elbow Reef","EL1",NA,NA,25.142579,-80.258364,"3.4",2019,"field","EL1-t986",45,42.75,-9.0495867768595,-6.78719008264463,"N",0.994520547945206,NA,"dead = complete mortality or lost",817,118
"982","NOAA_survey","Florida","Elbow Reef","EL1",NA,NA,25.142579,-80.258364,"3.4",2019,"field","EL1-t987",8316,7900.2,2108.55371900826,2421.94090909091,"N",0.994520547945206,NA,"dead = complete mortality or lost",817,118
"983","NOAA_survey","Florida","Elbow Reef","EL1",NA,NA,25.142579,-80.258364,"3.4",2019,"field","EL1-t988",70,59.5,84.4628099173554,87.2782369146005,"N",0.994520547945206,NA,"dead = complete mortality or lost",817,118
"984","NOAA_survey","Florida","Elbow Reef","EL2",NA,NA,25.142899,-80.258221,"3.4",2006,"field","EL2-t064",11875,593.75,-11762.7732240437,-512.34631147541,"N",1.0027397260274,"storm","dead = complete mortality or lost",817,118
"985","NOAA_survey","Florida","Elbow Reef","EL2",NA,NA,25.142899,-80.258221,"3.4",2006,"field","EL2-t065",10120,4048,-668.169398907104,-2623.31284153005,"N",1.0027397260274,"storm","dead = complete mortality or lost",817,118
"986","NOAA_survey","Florida","Elbow Reef","EL2",NA,NA,25.142899,-80.258221,"3.4",2006,"field","EL2-t066",11400,4560,-3889.34426229508,-2303.68852459016,"N",1.0027397260274,"storm","dead = complete mortality or lost",817,118
"987","NOAA_survey","Florida","Elbow Reef","EL2",NA,NA,25.142899,-80.258221,"3.4",2006,"field","EL2-t067",3948,1184.4,-2201.96721311475,-834.11475409836,"N",1.0027397260274,"storm","dead = complete mortality or lost",817,118
"988","NOAA_survey","Florida","Elbow Reef","EL2",NA,NA,25.142899,-80.258221,"3.4",2006,"field","EL2-t068",4624,4392.8,-2691.62568306011,-4284.81079234973,"N",1.0027397260274,"storm","dead = complete mortality or lost",817,118
"989","NOAA_survey","Florida","Elbow Reef","EL2",NA,NA,25.142899,-80.258221,"3.4",2006,"field","EL2-t069",11900,7735,-4385.98360655738,-4347.18989071038,"N",1.0027397260274,"storm","dead = complete mortality or lost",817,118
"990","NOAA_survey","Florida","Elbow Reef","EL2",NA,NA,25.142899,-80.258221,"3.4",2006,"field","EL2-t070",11160,8370,-10959.9726775956,-8194.54918032787,"N",1.0027397260274,"storm","dead = complete mortality or lost",817,118
"991","NOAA_survey","Florida","Elbow Reef","EL2",NA,NA,25.142899,-80.258221,"3.4",2006,"field","EL2-t071",144,72,0,-14.3606557377049,"N",1.0027397260274,"storm","dead = complete mortality or lost",817,118
"992","NOAA_survey","Florida","Elbow Reef","EL2",NA,NA,25.142899,-80.258221,"3.4",2006,"field","EL2-t072",5600,280,0,0,"N",1.0027397260274,"storm","dead = complete mortality or lost",817,118
"993","NOAA_survey","Florida","Elbow Reef","EL2",NA,NA,25.142899,-80.258221,"3.4",2006,"field","EL2-t073",13560,12204,-1825,-2812.29508196721,"N",1.0027397260274,"storm","dead = complete mortality or lost",817,118
"994","NOAA_survey","Florida","Elbow Reef","EL2",NA,NA,25.142899,-80.258221,"3.4",2019,"field","EL2-t214",27,21.6,1.00550964187328,0.804407713498623,"N",0.994520547945206,NA,"dead = complete mortality or lost",817,118
"995","NOAA_survey","Florida","Elbow Reef","EL2",NA,NA,25.142899,-80.258221,"3.4",2013,"field","EL2-t246",90,90,57.03125,57.03125,"N",1.05205479452055,NA,"dead = complete mortality or lost",817,118
"996","NOAA_survey","Florida","Elbow Reef","EL2",NA,NA,25.142899,-80.258221,"3.4",2013,"field","EL2-t247",1012,657.8,-429.635416666667,-412.3359375,"N",1.05205479452055,NA,"dead = complete mortality or lost",817,118
"997","NOAA_survey","Florida","Elbow Reef","EL2",NA,NA,25.142899,-80.258221,"3.4",2016,"field","EL2-t437",128,115.2,82.7835051546392,-67.7319587628866,"N",1.06301369863014,NA,"dead = complete mortality or lost",817,118
"998","NOAA_survey","Florida","Elbow Reef","EL2",NA,NA,25.142899,-80.258221,"3.4",2016,"field","EL2-t439",1904,1523.2,63.9690721649485,-598.110824742268,"N",1.06301369863014,NA,"dead = complete mortality or lost",817,118
"999","NOAA_survey","Florida","Elbow Reef","EL2",NA,NA,25.142899,-80.258221,"3.4",2016,"field","EL2-t440",1525,1220,145.811855670103,-436.494845360825,"N",1.06301369863014,NA,"dead = complete mortality or lost",817,118
"1000","NOAA_survey","Florida","Elbow Reef","EL2",NA,NA,25.142899,-80.258221,"3.4",2019,"field","EL2-t486",8160,2040,975.34435261708,243.83608815427,"N",0.994520547945206,NA,"dead = complete mortality or lost",817,118
"1001","NOAA_survey","Florida","Elbow Reef","EL2",NA,NA,25.142899,-80.258221,"3.4",2019,"field","EL2-t488",2,2,-1.00550964187328,-1.00550964187328,"N",0.994520547945206,NA,"dead = complete mortality or lost",817,118
"1002","NOAA_survey","Florida","Elbow Reef","EL2",NA,NA,25.142899,-80.258221,"3.4",2007,"field","EL2-t913",27300,16380,3048.92601431981,4512.41050119332,"N",1.14794520547945,NA,"dead = complete mortality or lost",817,118
"1003","NOAA_survey","Florida","Elbow Reef","EL2",NA,NA,25.142899,-80.258221,"3.4",2012,"field","EL2-t980",35,31.5,44.2722371967655,43.7803234501348,"N",1.01643835616438,NA,"dead = complete mortality or lost",817,118
"1004","NOAA_survey","Florida","Elbow Reef","EL3",NA,NA,25.143881,-80.257827,"4",2006,"field","EL3-t075",1400,840,-343.413978494624,-412.096774193548,"N",1.01917808219178,"storm","dead = complete mortality or lost",817,118
"1005","NOAA_survey","Florida","Elbow Reef","EL3",NA,NA,25.143881,-80.257827,"4",2006,"field","EL3-t076",23925,14355,-16053.1317204301,-10002.9623655914,"N",1.01917808219178,"storm","dead = complete mortality or lost",817,118
"1006","NOAA_survey","Florida","Elbow Reef","EL3",NA,NA,25.143881,-80.257827,"4",2006,"field","EL3-t077",4600,3910,-3091.70698924731,-3267.7311827957,"N",1.01917808219178,"storm","dead = complete mortality or lost",817,118
"1007","NOAA_survey","Florida","Elbow Reef","EL3",NA,NA,25.143881,-80.257827,"4",2006,"field","EL3-t078",4800,3840,-3875.67204301075,-3350.73924731183,"N",1.01917808219178,"storm","dead = complete mortality or lost",817,118
"1008","NOAA_survey","Florida","Elbow Reef","EL3",NA,NA,25.143881,-80.257827,"4",2006,"field","EL3-t079",875,350,49.0591397849462,-25.7560483870968,"N",1.01917808219178,"storm","dead = complete mortality or lost",817,118
"1009","NOAA_survey","Florida","Elbow Reef","EL3",NA,NA,25.143881,-80.257827,"4",2006,"field","EL3-t081",18228,10025.4,-16781.1693548387,-9174.45161290323,"N",1.01917808219178,"storm","dead = complete mortality or lost",817,118
"1010","NOAA_survey","Florida","Elbow Reef","EL3",NA,NA,25.143881,-80.257827,"4",2006,"field","EL3-t083",14385,12227.25,-8276.27688172043,-9078.14852150538,"N",1.01917808219178,"storm","dead = complete mortality or lost",817,118
"1011","NOAA_survey","Florida","Elbow Reef","EL3",NA,NA,25.143881,-80.257827,"4",2006,"field","EL3-t084",10950,3285,-4427.09677419355,-1643.97177419355,"N",1.01917808219178,"storm","dead = complete mortality or lost",817,118
"1012","NOAA_survey","Florida","Elbow Reef","EL3",NA,NA,25.143881,-80.257827,"4",2006,"field","EL3-t086",18400,12880,-5430.84677419355,-7588.46774193548,"N",1.01917808219178,"storm","dead = complete mortality or lost",817,118
"1013","NOAA_survey","Florida","Elbow Reef","EL3",NA,NA,25.143881,-80.257827,"4",2018,"field","EL3-t187",30,30,17.8048780487805,17.8048780487805,"N",1.01095890410959,NA,"dead = complete mortality or lost",817,118
"1014","NOAA_survey","Florida","Elbow Reef","EL3",NA,NA,25.143881,-80.257827,"4",2017,"field","EL3-t422",1829,457.25,-546.559278350515,-136.639819587629,"N",1.06301369863014,NA,"dead = complete mortality or lost",817,118
"1015","NOAA_survey","Florida","Elbow Reef","EL3",NA,NA,25.143881,-80.257827,"4",2014,"field","EL3-t451",30,30,-27.5651041666667,-27.5651041666667,"N",1.05205479452055,NA,"dead = complete mortality or lost",817,118
"1016","NOAA_survey","Florida","Elbow Reef","EL3",NA,NA,25.143881,-80.257827,"4",2007,"field","EL3-t911",2812,1827.8,407.684964200477,407.859188544153,"N",1.14794520547945,NA,"dead = complete mortality or lost",817,118
"1017","NOAA_survey","Florida","Elbow Reef","EL3",NA,NA,25.143881,-80.257827,"4",2012,"field","EL3-t930",132,125.4,36.198347107438,34.3884297520661,"N",0.994520547945206,NA,"dead = complete mortality or lost",817,118
"1018","NOAA_survey","Florida","Elbow Reef","EL3",NA,NA,25.143881,-80.257827,"4",2012,"field","EL3-t932",24,18,-12.0661157024793,-6.03305785123967,"N",0.994520547945206,NA,"dead = complete mortality or lost",817,118
"1019","NOAA_survey","Florida","Elbow Reef","EL3",NA,NA,25.143881,-80.257827,"4",2012,"field","EL3-t933",6930,5197.5,2930.05509641873,1702.62947658402,"N",0.994520547945206,NA,"dead = complete mortality or lost",817,118
"1020","NOAA_survey","Florida","Elbow Reef","EL4",NA,NA,25.145086,-80.257301,"4.9",2006,"field","EL4-t153",19764,13834.8,380.598290598291,266.418803418804,"N",0.961643835616439,"storm","dead = complete mortality or lost",817,118
"1021","NOAA_survey","Florida","Elbow Reef","EL4",NA,NA,25.145086,-80.257301,"4.9",2006,"field","EL4-t154",11500,7475,-2578.91737891738,-1676.2962962963,"N",0.961643835616439,"storm","dead = complete mortality or lost",817,118
"1022","NOAA_survey","Florida","Elbow Reef","EL4",NA,NA,25.145086,-80.257301,"4.9",2006,"field","EL4-t158",1312,918.4,-10.3988603988604,60.4173789173789,"N",0.961643835616439,"storm","dead = complete mortality or lost",817,118
"1023","NOAA_survey","Florida","Elbow Reef","EL4",NA,NA,25.145086,-80.257301,"4.9",2006,"field","EL4-t159",1517,1137.75,-1415.2849002849,-1150.6858974359,"N",0.961643835616439,"storm","dead = complete mortality or lost",817,118
"1024","NOAA_survey","Florida","Elbow Reef","EL4",NA,NA,25.145086,-80.257301,"4.9",2006,"field","EL4-t160",1295,1230.25,-410.754985754986,-624.191595441595,"N",0.961643835616439,"storm","dead = complete mortality or lost",817,118
"1025","NOAA_survey","Florida","Elbow Reef","EL4",NA,NA,25.145086,-80.257301,"4.9",2006,"field","EL4-t162",2400,2400,-1187.54985754986,-1383.77635327635,"N",0.961643835616439,"storm","dead = complete mortality or lost",817,118
"1026","NOAA_survey","Florida","Elbow Reef","EL4",NA,NA,25.145086,-80.257301,"4.9",2006,"field","EL4-t164",300,300,0,-124.786324786325,"N",0.961643835616439,"storm","dead = complete mortality or lost",817,118
"1027","NOAA_survey","Florida","Elbow Reef","EL4",NA,NA,25.145086,-80.257301,"4.9",2006,"field","EL4-t165",70,70,0,-14.5584045584046,"N",0.961643835616439,"storm","dead = complete mortality or lost",817,118
"1028","NOAA_survey","Florida","Elbow Reef","EL4",NA,NA,25.145086,-80.257301,"4.9",2006,"field","EL4-t168",10780,10564.4,1288.4188034188,1262.65042735043,"N",0.961643835616439,"storm","dead = complete mortality or lost",817,118
"1029","NOAA_survey","Florida","Elbow Reef","EL4",NA,NA,25.145086,-80.257301,"4.9",2019,"field","EL4-t210",1200,60,-1236.25706214689,-61.3488700564972,"N",0.96986301369863,NA,"dead = complete mortality or lost",817,118
"1030","NOAA_survey","Florida","Elbow Reef","EL4",NA,NA,25.145086,-80.257301,"4.9",2015,"field","EL4-t416",78,70.2,51.2972972972973,52.5797297297297,"N",1.01369863013699,NA,"dead = complete mortality or lost",817,118
"1031","NOAA_survey","Florida","Elbow Reef","EL4",NA,NA,25.145086,-80.257301,"4.9",2014,"field","EL4-t417",54,54,-14,-16,"N",1,NA,"dead = complete mortality or lost",817,118
"1032","NOAA_survey","Florida","Elbow Reef","EL4",NA,NA,25.145086,-80.257301,"4.9",2015,"field","EL4-t418",6279,2197.65,464.635135135135,-170.316891891892,"Y",1.01369863013699,NA,"dead = complete mortality or lost",817,118
"1033","NOAA_survey","Florida","Elbow Reef","EL4",NA,NA,25.145086,-80.257301,"4.9",2015,"field","EL4-t420",20,20,35.5135135135135,35.5135135135135,"N",1.01369863013699,NA,"dead = complete mortality or lost",817,118
"1034","NOAA_survey","Florida","Elbow Reef","EL4",NA,NA,25.145086,-80.257301,"4.9",2007,"field","EL4-t922",290,232,-245.046948356807,-195.352112676056,"N",1.16712328767123,NA,"dead = complete mortality or lost",817,118
"1035","NOAA_survey","Florida","Elbow Reef","EL4",NA,NA,25.145086,-80.257301,"4.9",2012,"field","EL4-t935",3410,170.5,-3384.92795389049,-7.67867435158503,"N",0.950684931506849,NA,"dead = complete mortality or lost",817,118
"1036","NOAA_survey","Florida","Elbow Reef","EL4",NA,NA,25.145086,-80.257301,"4.9",2012,"field","EL4-t936",900,810,0,-236.671469740634,"N",0.950684931506849,NA,"dead = complete mortality or lost",817,118
"1037","NOAA_survey","Florida","Elbow Reef","EL4",NA,NA,25.145086,-80.257301,"4.9",2012,"field","EL4-t937",1120,896,71.5273775216138,119.703170028818,"N",0.950684931506849,NA,"dead = complete mortality or lost",817,118
"1038","NOAA_survey","Florida","Elbow Reef","EL5",NA,NA,25.145179,-80.257389,"4.9",2006,"field","EL5-t170",784,776.16,-461.709401709402,-683.37150997151,"N",0.961643835616439,"storm","dead = complete mortality or lost",817,118
"1039","NOAA_survey","Florida","Elbow Reef","EL5",NA,NA,25.145179,-80.257389,"4.9",2006,"field","EL5-t177",3392,2883.2,-210.05698005698,-510.27207977208,"N",0.961643835616439,"storm","dead = complete mortality or lost",817,118
"1040","NOAA_survey","Florida","Elbow Reef","EL5",NA,NA,25.145179,-80.257389,"4.9",2006,"field","EL5-t180",7938,5556.6,973.333333333333,219.935897435898,"N",0.961643835616439,"storm","dead = complete mortality or lost",817,118
"1041","NOAA_survey","Florida","Elbow Reef","EL5",NA,NA,25.145179,-80.257389,"4.9",2006,"field","EL5-t183",143,140.14,25.997150997151,20.2361823361823,"N",0.961643835616439,"storm","dead = complete mortality or lost",817,118
"1042","NOAA_survey","Florida","Elbow Reef","EL5",NA,NA,25.145179,-80.257389,"4.9",2014,"field","EL5-t460",9000,900,0,0,"N",1,NA,"dead = complete mortality or lost",817,118
"1043","NOAA_survey","Florida","Elbow Reef","EL5",NA,NA,25.145179,-80.257389,"4.9",2012,"field","EL5-t940",187,168.3,118.861671469741,106.975504322767,"N",0.950684931506849,NA,"dead = complete mortality or lost",817,118
"1044","NOAA_survey","Florida","French Reef","FR1",NA,NA,25.033886,-80.349365,"6.4",2006,"field","FR1-t001",480,470.4,-28.8157894736842,-127.653947368421,"N",1.04109589041096,"storm","dead = complete mortality or lost",817,76
"1045","NOAA_survey","Florida","French Reef","FR1",NA,NA,25.033886,-80.349365,"6.4",2006,"field","FR1-t002",2898,2753.1,-60.5131578947368,-1010.5697368421,"N",1.04109589041096,"storm","dead = complete mortality or lost",817,76
"1046","NOAA_survey","Florida","French Reef","FR1",NA,NA,25.033886,-80.349365,"6.4",2006,"field","FR1-t003",165,41.25,-118.144736842105,0.720394736842105,"N",1.04109589041096,"storm","dead = complete mortality or lost",817,76
"1047","NOAA_survey","Florida","French Reef","FR1",NA,NA,25.033886,-80.349365,"6.4",2006,"field","FR1-t004",14175,4961.25,-6315.46052631579,-2575.41118421053,"N",1.04109589041096,"storm","dead = complete mortality or lost",817,76
"1048","NOAA_survey","Florida","French Reef","FR1",NA,NA,25.033886,-80.349365,"6.4",2006,"field","FR1-t005",21700,14105,-9979.86842105263,-9745.98026315789,"N",1.04109589041096,"storm","dead = complete mortality or lost",817,76
"1049","NOAA_survey","Florida","French Reef","FR1",NA,NA,25.033886,-80.349365,"6.4",2006,"field","FR1-t006",29600,23680,-15824.6710526316,-15811.4638157895,"N",1.04109589041096,"storm","dead = complete mortality or lost",817,76
"1050","NOAA_survey","Florida","French Reef","FR1",NA,NA,25.033886,-80.349365,"6.4",2006,"field","FR1-t007",1575,1102.5,-100.855263157895,-564.78947368421,"N",1.04109589041096,"storm","dead = complete mortality or lost",817,76
"1051","NOAA_survey","Florida","French Reef","FR1",NA,NA,25.033886,-80.349365,"6.4",2006,"field","FR1-t008",15750,6300,-10710.8289473684,-2738.22039473684,"N",1.04109589041096,"storm","dead = complete mortality or lost",817,76
"1052","NOAA_survey","Florida","French Reef","FR1",NA,NA,25.033886,-80.349365,"6.4",2006,"field","FR1-t009",26700,20025,2017.10526315789,-5402.96052631579,"N",1.04109589041096,"storm","dead = complete mortality or lost",817,76
"1053","NOAA_survey","Florida","French Reef","FR1",NA,NA,25.033886,-80.349365,"6.4",2006,"field","FR1-t010",3300,1485,-192.105263157895,-86.4473684210526,"N",1.04109589041096,"storm","dead = complete mortality or lost",817,76
"1054","NOAA_survey","Florida","French Reef","FR1",NA,NA,25.033886,-80.349365,"6.4",2006,"field","FR1-t011",30,30,17.2894736842105,17.2894736842105,"N",1.04109589041096,"storm","dead = complete mortality or lost",817,76
"1055","NOAA_survey","Florida","French Reef","FR1",NA,NA,25.033886,-80.349365,"6.4",2006,"field","FR1-t012",360,356.4,-330.421052631579,-326.963157894737,"N",1.04109589041096,"storm","dead = complete mortality or lost",817,76
"1056","NOAA_survey","Florida","French Reef","FR1",NA,NA,25.033886,-80.349365,"6.4",2018,"field","FR1-t199",7840,3528,459.805194805195,-187.714285714286,"N",1.05479452054795,NA,"dead = complete mortality or lost",817,76
"1057","NOAA_survey","Florida","French Reef","FR1",NA,NA,25.033886,-80.349365,"6.4",2014,"field","FR1-t860",195,185.25,-14.7574123989218,-22.8739892183288,"N",1.01643835616438,NA,"dead = complete mortality or lost",817,76
"1058","NOAA_survey","Florida","French Reef","FR1",NA,NA,25.033886,-80.349365,"6.4",2014,"field","FR1-t861",2310,1617,619.811320754717,578.490566037736,"N",1.01643835616438,NA,"dead = complete mortality or lost",817,76
"1059","NOAA_survey","Florida","French Reef","FR1",NA,NA,25.033886,-80.349365,"6.4",2019,"field","FR1-t924",4275,855,-1123.15714285714,-224.631428571429,"N",0.958904109589041,NA,"dead = complete mortality or lost",817,76
"1060","NOAA_survey","Florida","French Reef","FR1",NA,NA,25.033886,-80.349365,"6.4",2019,"field","FR1-t925",8375,1675,414.014285714286,540.2,"N",0.958904109589041,NA,"dead = complete mortality or lost",817,76
"1061","NOAA_survey","Florida","French Reef","FR1",NA,NA,25.033886,-80.349365,"6.4",2019,"field","FR1-t926",2660,266,-2248.4,195.64,"N",0.958904109589041,NA,"dead = complete mortality or lost",817,76
"1062","NOAA_survey","Florida","French Reef","FR1",NA,NA,25.033886,-80.349365,"6.4",2019,"field","FR1-t928",192,163.2,30.2428571428571,60.2771428571429,"N",0.958904109589041,NA,"dead = complete mortality or lost",817,76
"1063","NOAA_survey","Florida","French Reef","FR1",NA,NA,25.033886,-80.349365,"6.4",2019,"field","FR1-t929",56,56,44.8428571428571,44.8428571428571,"N",0.958904109589041,NA,"dead = complete mortality or lost",817,76
"1064","NOAA_survey","Florida","French Reef","FR1",NA,NA,25.033886,-80.349365,"6.4",2012,"field","FR1-t976",3680,552,-550.070422535211,-244.19014084507,"N",0.972602739726027,NA,"dead = complete mortality or lost",817,76
"1065","NOAA_survey","Florida","French Reef","FR2",NA,NA,25.033681,-80.349545,"4.9",2013,"field","FR2-t236",48,48,34.7619047619048,34.7619047619048,"N",1.03561643835616,NA,"dead = complete mortality or lost",817,76
"1066","NOAA_survey","Florida","French Reef","FR2",NA,NA,25.033681,-80.349545,"4.9",2009,"field","FR2-t250",6324,948.6,0,0,"N",1.00547945205479,"storm","dead = complete mortality or lost",817,76
"1067","NOAA_survey","Florida","French Reef","FR2",NA,NA,25.033681,-80.349545,"4.9",2009,"field","FR2-t251",483,473.34,355.054495912807,281.11961852861,"N",1.00547945205479,"storm","dead = complete mortality or lost",817,76
"1068","NOAA_survey","Florida","French Reef","FR2",NA,NA,25.033681,-80.349545,"4.9",2009,"field","FR2-t252",154,115.5,66.6348773841962,38.9863760217984,"N",1.00547945205479,"storm","dead = complete mortality or lost",817,76
"1069","NOAA_survey","Florida","French Reef","FR2",NA,NA,25.033681,-80.349545,"4.9",2009,"field","FR2-t255",384,288,-8.95095367847412,-62.6566757493188,"N",1.00547945205479,"storm","dead = complete mortality or lost",817,76
"1070","NOAA_survey","Florida","French Reef","FR2",NA,NA,25.033681,-80.349545,"4.9",2009,"field","FR2-t256",666,532.8,381.907356948229,305.525885558583,"N",1.00547945205479,"storm","dead = complete mortality or lost",817,76
"1071","NOAA_survey","Florida","French Reef","FR2",NA,NA,25.033681,-80.349545,"4.9",2009,"field","FR2-t257",49,41.65,4.97275204359673,12.2826975476839,"N",1.00547945205479,"storm","dead = complete mortality or lost",817,76
"1072","NOAA_survey","Florida","French Reef","FR2",NA,NA,25.033681,-80.349545,"4.9",2009,"field","FR2-t258",400,260,258.58310626703,200.899182561308,"N",1.00547945205479,"storm","dead = complete mortality or lost",817,76
"1073","NOAA_survey","Florida","French Reef","FR2",NA,NA,25.033681,-80.349545,"4.9",2009,"field","FR2-t259",252,214.2,232.724795640327,221.983651226158,"N",1.00547945205479,"storm","dead = complete mortality or lost",817,76
"1074","NOAA_survey","Florida","French Reef","FR2",NA,NA,25.033681,-80.349545,"4.9",2009,"field","FR2-t260",140,137.2,99.4550408719346,97.4659400544959,"N",1.00547945205479,"storm","dead = complete mortality or lost",817,76
"1075","NOAA_survey","Florida","French Reef","FR2",NA,NA,25.033681,-80.349545,"4.9",2009,"field","FR2-t261",5100,510,-59.6730245231608,495.286103542234,"N",1.00547945205479,"storm","dead = complete mortality or lost",817,76
"1076","NOAA_survey","Florida","French Reef","FR2",NA,NA,25.033681,-80.349545,"4.9",2009,"field","FR2-t262",98,83.3,45.7493188010899,31.7261580381472,"N",1.00547945205479,"storm","dead = complete mortality or lost",817,76
"1077","NOAA_survey","Florida","French Reef","FR2",NA,NA,25.033681,-80.349545,"4.9",2016,"field","FR2-t447",208,2.08,-188.387096774194,13.658064516129,"N",1.01917808219178,NA,"dead = complete mortality or lost",817,76
"1078","NOAA_survey","Florida","French Reef","FR2",NA,NA,25.033681,-80.349545,"4.9",2017,"field","FR2-t470",460,184,162.425,-167.9,"N",1.0958904109589,NA,"dead = complete mortality or lost",817,76
"1079","NOAA_survey","Florida","French Reef","FR2",NA,NA,25.033681,-80.349545,"4.9",2012,"field","FR2-t982",315,299.25,144.971830985916,151.788591549296,"N",0.972602739726027,NA,"dead = complete mortality or lost",817,76
"1080","NOAA_survey","Florida","French Reef","FR2",NA,NA,25.033681,-80.349545,"4.9",2019,"field","FR2-t983",36,1.8,29.2,11.4714285714286,"N",0.958904109589041,NA,"dead = complete mortality or lost",817,76
"1081","NOAA_survey","Florida","French Reef","FR2",NA,NA,25.033681,-80.349545,"4.9",2019,"field","FR2-t984",54,32.4,-14.6,-31.7028571428571,"N",0.958904109589041,NA,"dead = complete mortality or lost",817,76
"1082","NOAA_survey","Florida","French Reef","FR3",NA,NA,25.035184,-80.349037,"3.7",2016,"field","FR3-t444",598,358.8,71.0789473684211,204.015789473684,"N",1.04109589041096,NA,"dead = complete mortality or lost",817,76
"1083","NOAA_survey","Florida","French Reef","FR3",NA,NA,25.035184,-80.349037,"3.7",2016,"field","FR3-t446",2496,873.6,-63.3947368421053,-22.1881578947368,"N",1.04109589041096,NA,"dead = complete mortality or lost",817,76
"1084","NOAA_survey","Florida","French Reef","FR3",NA,NA,25.035184,-80.349037,"3.7",2017,"field","FR3-t474",2400,120,0,-92.2105263157895,"N",1.04109589041096,NA,"dead = complete mortality or lost",817,76
"1085","NOAA_survey","Florida","French Reef","FR3",NA,NA,25.035184,-80.349037,"3.7",2019,"field","FR3-t491",2925,29.25,-547.5,-5.475,"N",0.958904109589041,NA,"dead = complete mortality or lost",817,76
"1086","NOAA_survey","Florida","French Reef","FR3",NA,NA,25.035184,-80.349037,"3.7",2012,"field","FR3-t816",273,245.7,26.5826330532213,39.2093837535014,"N",0.978082191780822,NA,"dead = complete mortality or lost",817,76
"1087","NOAA_survey","Florida","French Reef","FR3",NA,NA,25.035184,-80.349037,"3.7",2012,"field","FR3-t818",72,57.6,16.3585434173669,4.08963585434173,"N",0.978082191780822,NA,"dead = complete mortality or lost",817,76
"1088","NOAA_survey","Florida","French Reef","FR3",NA,NA,25.035184,-80.349037,"3.7",2012,"field","FR3-t820",13632,4089.6,-260.714285714286,-78.2142857142857,"N",0.978082191780822,NA,"dead = complete mortality or lost",817,76
"1089","NOAA_survey","Florida","French Reef","FR3",NA,NA,25.035184,-80.349037,"3.7",2012,"field","FR3-t822",220,187,69.5238095238095,-147.022408963585,"N",0.978082191780822,NA,"dead = complete mortality or lost",817,76
"1090","NOAA_survey","Florida","French Reef","FR3",NA,NA,25.035184,-80.349037,"3.7",2012,"field","FR3-t824",725,471.25,-716.708683473389,-457.272408963585,"N",0.978082191780822,NA,"dead = complete mortality or lost",817,76
"1091","NOAA_survey","Florida","French Reef","FR3",NA,NA,25.035184,-80.349037,"3.7",2012,"field","FR3-t825",1092,928.2,171.764705882353,210.411764705882,"N",0.978082191780822,NA,"dead = complete mortality or lost",817,76
"1092","NOAA_survey","Florida","French Reef","FR3",NA,NA,25.035184,-80.349037,"3.7",2014,"field","FR3-t862",6138,2455.2,518.891891891892,1193.64864864865,"N",1.01369863013699,NA,"dead = complete mortality or lost",817,76
"1093","NOAA_survey","Florida","French Reef","FR3",NA,NA,25.035184,-80.349037,"3.7",2014,"field","FR3-t863",6732,4375.8,335.405405405405,-2921.38108108108,"N",1.01369863013699,NA,"dead = complete mortality or lost",817,76
"1094","NOAA_survey","Florida","French Reef","FR3",NA,NA,25.035184,-80.349037,"3.7",2014,"field","FR3-t864",228,182.4,11.8378378378378,54.4540540540541,"N",1.01369863013699,NA,"dead = complete mortality or lost",817,76
"1095","NOAA_survey","Florida","French Reef","FR3",NA,NA,25.035184,-80.349037,"3.7",2014,"field","FR3-t866",49,49,-0.986486486486487,-0.986486486486487,"N",1.01369863013699,NA,"dead = complete mortality or lost",817,76
"1096","NOAA_survey","Florida","Grecian Rocks","GR1",NA,NA,25.109051,-80.305243,"3.7",2014,"field","GR1-t463",120,108,109.71098265896,51.4797687861271,"N",0.947945205479452,NA,"dead = complete mortality or lost",817,54
"1097","NOAA_survey","Florida","Grecian Rocks","GR1",NA,NA,25.109051,-80.305243,"3.7",2017,"field","GR1-t469",96,96,160.46439628483,147.017027863777,"N",0.884931506849315,NA,"dead = complete mortality or lost",817,54
"1098","NOAA_survey","Florida","Grecian Rocks","GR1",NA,NA,25.109051,-80.305243,"3.7",2012,"field","GR1-t827",2688,2419.2,488.728813559322,276.843220338983,"N",0.96986301369863,NA,"dead = complete mortality or lost",817,54
"1099","NOAA_survey","Florida","Grecian Rocks","GR1",NA,NA,25.109051,-80.305243,"3.7",2012,"field","GR1-t828",3480,3306,-123.728813559322,-117.542372881356,"N",0.96986301369863,NA,"dead = complete mortality or lost",817,54
"1100","NOAA_survey","Florida","Grecian Rocks","GR1",NA,NA,25.109051,-80.305243,"3.7",2012,"field","GR1-t830",4047,2832.9,446.454802259887,-149.402542372881,"N",0.96986301369863,NA,"dead = complete mortality or lost",817,54
"1101","NOAA_survey","Florida","Grecian Rocks","GR1",NA,NA,25.109051,-80.305243,"3.7",2012,"field","GR1-t832",3825,956.25,-1691.99152542373,-963.445338983051,"N",0.96986301369863,NA,"dead = complete mortality or lost",817,54
"1102","NOAA_survey","Florida","Grecian Rocks","GR1",NA,NA,25.109051,-80.305243,"3.7",2012,"field","GR1-t833",6715,6379.25,-1293.99717514124,-2073.74646892655,"N",0.96986301369863,NA,"dead = complete mortality or lost",817,54
"1103","NOAA_survey","Florida","Grecian Rocks","GR1",NA,NA,25.109051,-80.305243,"3.7",2012,"field","GR1-t835",3654,3288.6,719.689265536723,198.997175141243,"N",0.96986301369863,NA,"dead = complete mortality or lost",817,54
"1104","NOAA_survey","Florida","Grecian Rocks","GR1",NA,NA,25.109051,-80.305243,"3.7",2012,"field","GR1-t836",1813,997.15,3064.35028248588,1932.07697740113,"N",0.96986301369863,NA,"dead = complete mortality or lost",817,54
"1105","NOAA_survey","Florida","Grecian Rocks","GR1",NA,NA,25.109051,-80.305243,"3.7",2014,"field","GR1-t889",126,119.7,-44.3063583815029,-126.273121387283,"N",0.947945205479452,NA,"dead = complete mortality or lost",817,54
"1106","NOAA_survey","Florida","Grecian Rocks","GR1",NA,NA,25.109051,-80.305243,"3.7",2014,"field","GR1-t890",805,764.75,448.338150289017,101.535404624277,"N",0.947945205479452,NA,"dead = complete mortality or lost",817,54
"1107","NOAA_survey","Florida","Grecian Rocks","GR1",NA,NA,25.109051,-80.305243,"3.7",2014,"field","GR1-t891",3100,3069,451.50289017341,-632.315028901734,"Y",0.947945205479452,NA,"dead = complete mortality or lost",817,54
"1108","NOAA_survey","Florida","Grecian Rocks","GR2",NA,NA,25.112082,-80.303222,"2.1",2012,"field","GR2-t839",35,33.25,7.09722222222222,-23.0659722222222,"N",0.986301369863014,NA,"dead = complete mortality or lost",817,54
"1109","NOAA_survey","Florida","Grecian Rocks","GR2",NA,NA,25.112082,-80.303222,"2.1",2012,"field","GR2-t840",8100,8019,-5473.98611111111,-5528.78680555555,"N",0.986301369863014,NA,"dead = complete mortality or lost",817,54
"1110","NOAA_survey","Florida","Grecian Rocks","GR2",NA,NA,25.112082,-80.303222,"2.1",2012,"field","GR2-t841",12947,10357.6,-78.0694444444444,-714.893055555556,"N",0.986301369863014,NA,"dead = complete mortality or lost",817,54
"1111","NOAA_survey","Florida","Grecian Rocks","GR2",NA,NA,25.112082,-80.303222,"2.1",2012,"field","GR2-t844",4582,3207.4,-2009.52777777778,-1538.475,"N",0.986301369863014,NA,"dead = complete mortality or lost",817,54
"1112","NOAA_survey","Florida","Grecian Rocks","GR2",NA,NA,25.112082,-80.303222,"2.1",2012,"field","GR2-t846",10758,6992.7,-1873.66666666667,-1217.88333333333,"N",0.986301369863014,NA,"dead = complete mortality or lost",817,54
"1113","NOAA_survey","Florida","Grecian Rocks","GR2",NA,NA,25.112082,-80.303222,"2.1",2012,"field","GR2-t847",2052,1949.4,38.5277777777778,-69.3499999999999,"N",0.986301369863014,NA,"dead = complete mortality or lost",817,54
"1114","NOAA_survey","Florida","Grecian Rocks","GR2",NA,NA,25.112082,-80.303222,"2.1",2012,"field","GR2-t850",6380,6316.2,1253.16666666667,545.675000000001,"N",0.986301369863014,NA,"dead = complete mortality or lost",817,54
"1115","NOAA_survey","Florida","Grecian Rocks","GR2",NA,NA,25.112082,-80.303222,"2.1",2014,"field","GR2-t884",112,112,68.9085545722714,-120.589970501475,"N",0.928767123287671,NA,"dead = complete mortality or lost",817,54
"1116","NOAA_survey","Florida","Grecian Rocks","GR2",NA,NA,25.112082,-80.303222,"2.1",2014,"field","GR2-t885",12600,11970,-111.976401179941,-10197.1740412979,"N",0.928767123287671,NA,"dead = complete mortality or lost",817,54
"1117","NOAA_survey","Florida","Grecian Rocks","GR2",NA,NA,25.112082,-80.303222,"2.1",2014,"field","GR2-t886",176,176,159.351032448378,-84.8436578171091,"N",0.928767123287671,NA,"dead = complete mortality or lost",817,54
"1118","NOAA_survey","Florida","Grecian Rocks","GR3",NA,NA,25.109261,-80.306191,"1.5",2014,"field","GR3-t397",1872,1123.2,731.054913294798,-1049.58598265896,"N",0.947945205479452,NA,"dead = complete mortality or lost",817,54
"1119","NOAA_survey","Florida","Grecian Rocks","GR3",NA,NA,25.109261,-80.306191,"1.5",2014,"field","GR3-t398",1768,1149.2,479.985549132948,-39.7702312138729,"N",0.947945205479452,NA,"dead = complete mortality or lost",817,54
"1120","NOAA_survey","Florida","Grecian Rocks","GR3",NA,NA,25.109261,-80.306191,"1.5",2015,"field","GR3-t412",361,361,0,0,"N",0.986301369863014,NA,"dead = complete mortality or lost",817,54
"1121","NOAA_survey","Florida","Grecian Rocks","GR3",NA,NA,25.109261,-80.306191,"1.5",2017,"field","GR3-t468",2088,104.4,-276.265664160401,67.8771929824562,"N",1.09315068493151,NA,"dead = complete mortality or lost",817,54
"1122","NOAA_survey","Florida","Grecian Rocks","GR3",NA,NA,25.109261,-80.306191,"1.5",2013,"field","GR3-t870",798,159.6,-38.9086294416244,-42.7994923857868,"N",1.07945205479452,NA,"dead = complete mortality or lost",817,54
"1123","NOAA_survey","Florida","Grecian Rocks","GR3",NA,NA,25.109261,-80.306191,"1.5",2013,"field","GR3-t871",384,268.8,-36.1294416243655,-25.2906091370558,"N",1.07945205479452,NA,"dead = complete mortality or lost",817,54
"1124","NOAA_survey","Florida","Grecian Rocks","GR3",NA,NA,25.109261,-80.306191,"1.5",2013,"field","GR3-t872",308,277.2,-38.9086294416244,-35.0177664974619,"N",1.07945205479452,NA,"dead = complete mortality or lost",817,54
"1125","NOAA_survey","Florida","Grecian Rocks","GR3",NA,NA,25.109261,-80.306191,"1.5",2013,"field","GR3-t873",713,705.87,623.464467005076,437.471954314721,"N",1.07945205479452,NA,"dead = complete mortality or lost",817,54
"1126","NOAA_survey","Florida","Grecian Rocks","GR3",NA,NA,25.109261,-80.306191,"1.5",2013,"field","GR3-t874",1008,20.16,-906.015228426396,9.11573604060914,"N",1.07945205479452,NA,"dead = complete mortality or lost",817,54
"1127","NOAA_survey","Florida","Grecian Rocks","GR3",NA,NA,25.109261,-80.306191,"1.5",2013,"field","GR3-t875",780,780,-159.340101522843,-243.827411167513,"N",1.07945205479452,NA,"dead = complete mortality or lost",817,54
"1128","NOAA_survey","Florida","Grecian Rocks","GR3",NA,NA,25.109261,-80.306191,"1.5",2013,"field","GR3-t876",5916,1774.8,367.779187817259,-474.5,"N",1.07945205479452,NA,"dead = complete mortality or lost",817,54
"1129","NOAA_survey","Florida","Grecian Rocks","GR3",NA,NA,25.109261,-80.306191,"1.5",2013,"field","GR3-t877",7800,1170,0,0,"N",1.07945205479452,NA,"dead = complete mortality or lost",817,54
"1130","NOAA_survey","Florida","Grecian Rocks","GR3",NA,NA,25.109261,-80.306191,"1.5",2013,"field","GR3-t881",975,585,-287.182741116751,-387.928299492386,"N",1.07945205479452,NA,"dead = complete mortality or lost",817,54
"1131","NOAA_survey","Florida","Key Largo Dry Rocks","KL1",NA,NA,25.123581,-80.297359,"2.1",2014,"field","KL1-t037",104,101.92,97.0744680851064,-98.9382978723404,"N",1.03013698630137,NA,"dead = complete mortality or lost",817,62
"1132","NOAA_survey","Florida","Key Largo Dry Rocks","KL1",NA,NA,25.123581,-80.297359,"2.1",2014,"field","KL1-t100",70,70,106.781914893617,-67.9521276595745,"N",1.03013698630137,NA,"dead = complete mortality or lost",817,62
"1133","NOAA_survey","Florida","Key Largo Dry Rocks","KL1",NA,NA,25.123581,-80.297359,"2.1",2006,"field","KL1-t102",19800,8910,-4825.33967391304,-6615.37703804348,"N",1.00821917808219,"storm","dead = complete mortality or lost",817,62
"1134","NOAA_survey","Florida","Key Largo Dry Rocks","KL1",NA,NA,25.123581,-80.297359,"2.1",2006,"field","KL1-t103",11600,9860,-4066.57608695652,-4572.41847826087,"N",1.00821917808219,"storm","dead = complete mortality or lost",817,62
"1135","NOAA_survey","Florida","Key Largo Dry Rocks","KL1",NA,NA,25.123581,-80.297359,"2.1",2006,"field","KL1-t104",13500,12825,-4820.38043478261,-11435.0135869565,"N",1.00821917808219,"storm","dead = complete mortality or lost",817,62
"1136","NOAA_survey","Florida","Key Largo Dry Rocks","KL1",NA,NA,25.123581,-80.297359,"2.1",2006,"field","KL1-t105",37260,18630,-3134.23913043478,-11713.722826087,"N",1.00821917808219,"storm","dead = complete mortality or lost",817,62
"1137","NOAA_survey","Florida","Key Largo Dry Rocks","KL1",NA,NA,25.123581,-80.297359,"2.1",2006,"field","KL1-t106",14450,12282.5,-7042.11956521739,-10724.3546195652,"N",1.00821917808219,"storm","dead = complete mortality or lost",817,62
"1138","NOAA_survey","Florida","Key Largo Dry Rocks","KL1",NA,NA,25.123581,-80.297359,"2.1",2006,"field","KL1-t107",10440,7830,-2023.36956521739,-4433.5597826087,"N",1.00821917808219,"storm","dead = complete mortality or lost",817,62
"1139","NOAA_survey","Florida","Key Largo Dry Rocks","KL1",NA,NA,25.123581,-80.297359,"2.1",2006,"field","KL1-t108",21600,14040,-7141.30434782609,-8212.5,"N",1.00821917808219,"storm","dead = complete mortality or lost",817,62
"1140","NOAA_survey","Florida","Key Largo Dry Rocks","KL1",NA,NA,25.123581,-80.297359,"2.1",2006,"field","KL1-t109",4200,1050,-148.777173913043,-961.100543478261,"N",1.00821917808219,"storm","dead = complete mortality or lost",817,62
"1141","NOAA_survey","Florida","Key Largo Dry Rocks","KL1",NA,NA,25.123581,-80.297359,"2.1",2006,"field","KL1-t110",26650,11992.5,-8207.54076086957,-6427.17391304348,"N",1.00821917808219,"storm","dead = complete mortality or lost",817,62
"1142","NOAA_survey","Florida","Key Largo Dry Rocks","KL1",NA,NA,25.123581,-80.297359,"2.1",2013,"field","KL1-t239",360,270,161.895161290323,198.689516129032,"N",1.01917808219178,NA,"dead = complete mortality or lost",817,62
"1143","NOAA_survey","Florida","Key Largo Dry Rocks","KL1",NA,NA,25.123581,-80.297359,"2.1",2014,"field","KL1-t373",374,355.3,61.156914893617,-344.905585106383,"N",1.03013698630137,NA,"dead = complete mortality or lost",817,62
"1144","NOAA_survey","Florida","Key Largo Dry Rocks","KL1",NA,NA,25.123581,-80.297359,"2.1",2014,"field","KL1-t374",24,22.8,30.093085106383,4.5625,"N",1.03013698630137,NA,"dead = complete mortality or lost",817,62
"1145","NOAA_survey","Florida","Key Largo Dry Rocks","KL1",NA,NA,25.123581,-80.297359,"2.1",2014,"field","KL1-t375",40,40,38.8297872340426,-38.8297872340426,"N",1.03013698630137,NA,"dead = complete mortality or lost",817,62
"1146","NOAA_survey","Florida","Key Largo Dry Rocks","KL1",NA,NA,25.123581,-80.297359,"2.1",2014,"field","KL1-t388",60,60,19.4148936170213,19.4148936170213,"N",1.03013698630137,NA,"dead = complete mortality or lost",817,62
"1147","NOAA_survey","Florida","Key Largo Dry Rocks","KL1",NA,NA,25.123581,-80.297359,"2.1",2007,"field","KL1-t904",56,53.2,50.0311526479751,41.8442367601246,"N",0.87945205479452,NA,"dead = complete mortality or lost",817,62
"1148","NOAA_survey","Florida","Key Largo Dry Rocks","KL2",NA,NA,25.122897,-80.297886,"2.1",2006,"field","KL2-t116",35,31.5,0,-10.414402173913,"N",1.00821917808219,"storm","dead = complete mortality or lost",817,62
"1149","NOAA_survey","Florida","Key Largo Dry Rocks","KL2",NA,NA,25.122897,-80.297886,"2.1",2006,"field","KL2-t123",5000,1750,0,-1686.14130434783,"N",1.00821917808219,"storm","dead = complete mortality or lost",817,62
"1150","NOAA_survey","Florida","Key Largo Dry Rocks","KL3",NA,NA,25.122538,-80.298287,"3",2006,"field","KL3-t215",2925,1023.75,-210.248538011696,-219.160087719298,"N",0.936986301369863,"storm","dead = complete mortality or lost",817,62
"1151","NOAA_survey","Florida","Key Largo Dry Rocks","KL3",NA,NA,25.122538,-80.298287,"3",2006,"field","KL3-t216",2475,1980,613.669590643275,490.93567251462,"N",0.936986301369863,"storm","dead = complete mortality or lost",817,62
"1152","NOAA_survey","Florida","Key Largo Dry Rocks","KL3",NA,NA,25.122538,-80.298287,"3",2006,"field","KL3-t217",3900,975,0,-624.342105263158,"N",0.936986301369863,"storm","dead = complete mortality or lost",817,62
"1153","NOAA_survey","Florida","Key Largo Dry Rocks","KL3",NA,NA,25.122538,-80.298287,"3",2006,"field","KL3-t219",23668,4733.6,-1583.80116959064,-316.760233918129,"N",0.936986301369863,"storm","dead = complete mortality or lost",817,62
"1154","NOAA_survey","Florida","Key Largo Dry Rocks","KL3",NA,NA,25.122538,-80.298287,"3",2006,"field","KL3-t220",5904,885.6,273.216374269006,40.9824561403508,"N",0.936986301369863,"storm","dead = complete mortality or lost",817,62
"1155","NOAA_survey","Florida","Key Largo Dry Rocks","KL3",NA,NA,25.122538,-80.298287,"3",2006,"field","KL3-t222",20,20,16.0087719298246,16.0087719298246,"N",0.936986301369863,"storm","dead = complete mortality or lost",817,62
"1156","NOAA_survey","Florida","Key Largo Dry Rocks","KL3",NA,NA,25.122538,-80.298287,"3",2006,"field","KL3-t223",800,120,-46.9590643274854,33.2982456140351,"N",0.936986301369863,"storm","dead = complete mortality or lost",817,62
"1157","NOAA_survey","Florida","Key Largo Dry Rocks","KL3",NA,NA,25.122538,-80.298287,"3",2006,"field","KL3-t224",3150,31.5,-3195.35087719298,99.5745614035088,"N",0.936986301369863,"storm","dead = complete mortality or lost",817,62
"1158","NOAA_survey","Florida","Key Largo Dry Rocks","KL3",NA,NA,25.122538,-80.298287,"3",2006,"field","KL3-t227",100,75,34.1520467836257,32.6578947368421,"N",0.936986301369863,"storm","dead = complete mortality or lost",817,62
"1159","NOAA_survey","Florida","Key Largo Dry Rocks","KL3",NA,NA,25.122538,-80.298287,"3",2014,"field","KL3-t372",12,12,17.4734042553191,17.4734042553191,"N",1.03013698630137,NA,"dead = complete mortality or lost",817,62
"1160","NOAA_survey","Florida","Key Largo Dry Rocks","KL3",NA,NA,25.122538,-80.298287,"3",2015,"field","KL3-t401",35,35,37.7234636871508,-21.0027932960894,"N",0.980821917808219,NA,"dead = complete mortality or lost",817,62
"1161","NOAA_survey","Florida","Key Largo Dry Rocks","KL3",NA,NA,25.122538,-80.298287,"3",2015,"field","KL3-t402",20,13,8.15642458100559,12.4385474860335,"N",0.980821917808219,NA,"dead = complete mortality or lost",817,62
"1162","NOAA_survey","Florida","Key Largo Dry Rocks","KL3",NA,NA,25.122538,-80.298287,"3",2014,"field","KL3-t897",96,96,83.4840425531915,83.4840425531915,"N",1.03013698630137,NA,"dead = complete mortality or lost",817,62
"1163","NOAA_survey","Florida","Key Largo Dry Rocks","KL3",NA,NA,25.122538,-80.298287,"3",2014,"field","KL3-t898",91,91,93.1914893617021,93.1914893617021,"N",1.03013698630137,NA,"dead = complete mortality or lost",817,62
"1164","NOAA_survey","Florida","Key Largo Dry Rocks","KL3",NA,NA,25.122538,-80.298287,"3",2014,"field","KL3-t899",168,166.32,302.872340425532,304.503191489362,"N",1.03013698630137,NA,"dead = complete mortality or lost",817,62
"1165","NOAA_survey","Florida","Key Largo Dry Rocks","KL3",NA,NA,25.122538,-80.298287,"3",2012,"field","KL3-t966",646,516.8,385.885558583106,360.126702997275,"N",1.00547945205479,NA,"dead = complete mortality or lost",817,62
"1166","NOAA_survey","Florida","Key Largo Dry Rocks","KL3",NA,NA,25.122538,-80.298287,"3",2012,"field","KL3-t968",20,20,49.7275204359673,46.2465940054496,"N",1.00547945205479,NA,"dead = complete mortality or lost",817,62
"1167","NOAA_survey","Florida","Key Largo Dry Rocks","KL3",NA,NA,25.122538,-80.298287,"3",2012,"field","KL3-t969",378,56.7,-104.427792915531,25.0626702997275,"N",1.00547945205479,NA,"dead = complete mortality or lost",817,62
"1168","NOAA_survey","Florida","Key Largo Dry Rocks","KL3",NA,NA,25.122538,-80.298287,"3",2012,"field","KL3-t970",35,31.5,4.97275204359673,8.45367847411444,"N",1.00547945205479,NA,"dead = complete mortality or lost",817,62
"1169","NOAA_survey","Florida","Key Largo Dry Rocks","KL4",NA,NA,25.124294,-80.298833,"1.8",2012,"field","KL4-t851",1680,1596,787.216216216216,625.62972972973,"N",1.01369863013699,NA,"dead = complete mortality or lost",817,62
"1170","NOAA_survey","Florida","Key Largo Dry Rocks","KL4",NA,NA,25.124294,-80.298833,"1.8",2012,"field","KL4-t852",1672,1588.4,520.864864864865,386.308108108108,"N",1.01369863013699,NA,"dead = complete mortality or lost",817,62
"1171","NOAA_survey","Florida","Key Largo Dry Rocks","KL4",NA,NA,25.124294,-80.298833,"1.8",2012,"field","KL4-t853",19575,14681.25,-3625.33783783784,-2719.00337837838,"N",1.01369863013699,NA,"dead = complete mortality or lost",817,62
"1172","NOAA_survey","Florida","Key Largo Dry Rocks","KL4",NA,NA,25.124294,-80.298833,"1.8",2012,"field","KL4-t854",558,334.8,86.8108108108108,-11.6405405405406,"N",1.01369863013699,NA,"dead = complete mortality or lost",817,62
"1173","NOAA_survey","Florida","Key Largo Dry Rocks","KL4",NA,NA,25.124294,-80.298833,"1.8",2012,"field","KL4-t855",17664,16780.8,-17383.8648648649,-16514.6716216216,"N",1.01369863013699,NA,"dead = complete mortality or lost",817,62
"1174","NOAA_survey","Florida","Key Largo Dry Rocks","KL4",NA,NA,25.124294,-80.298833,"1.8",2012,"field","KL4-t856",11172,9496.2,-3618.43243243243,-2335.40810810811,"N",1.01369863013699,NA,"dead = complete mortality or lost",817,62
"1175","NOAA_survey","Florida","Key Largo Dry Rocks","KL4",NA,NA,25.124294,-80.298833,"1.8",2012,"field","KL4-t858",70,70,61.1621621621622,61.1621621621622,"N",1.01369863013699,NA,"dead = complete mortality or lost",817,62
"1176","NOAA_survey","Florida","Key Largo Dry Rocks","KL4",NA,NA,25.124294,-80.298833,"1.8",2014,"field","KL4-t893",5590,2795,63.0984042553191,306.027260638298,"N",1.03013698630137,NA,"dead = complete mortality or lost",817,62
"1177","NOAA_survey","Florida","Molasses Reef","ML1",NA,NA,25.00958,-80.37481,"3.7",2006,"field","ML1-t013",16675,13340,-5631.98924731183,-6114.97647849462,"N",1.01917808219178,"storm","dead = complete mortality or lost",817,65
"1178","NOAA_survey","Florida","Molasses Reef","ML1",NA,NA,25.00958,-80.37481,"3.7",2006,"field","ML1-t014",12390,7434,-3399.79838709677,-5104.84879032258,"N",1.01917808219178,"storm","dead = complete mortality or lost",817,65
"1179","NOAA_survey","Florida","Molasses Reef","ML1",NA,NA,25.00958,-80.37481,"3.7",2006,"field","ML1-t015",360,234,208.010752688172,247.454301075269,"N",1.01917808219178,"storm","dead = complete mortality or lost",817,65
"1180","NOAA_survey","Florida","Molasses Reef","ML1",NA,NA,25.00958,-80.37481,"3.7",2006,"field","ML1-t016",5695,4556,-711.35752688172,-569.086021505376,"N",1.01917808219178,"storm","dead = complete mortality or lost",817,65
"1181","NOAA_survey","Florida","Molasses Reef","ML1",NA,NA,25.00958,-80.37481,"3.7",2006,"field","ML1-t017",4500,1575,-2207.66129032258,-993.447580645161,"N",1.01917808219178,"storm","dead = complete mortality or lost",817,65
"1182","NOAA_survey","Florida","Molasses Reef","ML1",NA,NA,25.00958,-80.37481,"3.7",2006,"field","ML1-t018",32550,26040,-31628.4274193548,-25271.8346774193,"N",1.01917808219178,"storm","dead = complete mortality or lost",817,65
"1183","NOAA_survey","Florida","Molasses Reef","ML1",NA,NA,25.00958,-80.37481,"3.7",2006,"field","ML1-t020",32900,8225,-4199.4623655914,-3858.01075268817,"N",1.01917808219178,"storm","dead = complete mortality or lost",817,65
"1184","NOAA_survey","Florida","Molasses Reef","ML1",NA,NA,25.00958,-80.37481,"3.7",2006,"field","ML1-t021",154,150.92,96.1559139784946,62.0892473118279,"N",1.01917808219178,"storm","dead = complete mortality or lost",817,65
"1185","NOAA_survey","Florida","Molasses Reef","ML1",NA,NA,25.00958,-80.37481,"3.7",2006,"field","ML1-t022",616,616,-74.5698924731183,-101.061827956989,"N",1.01917808219178,"storm","dead = complete mortality or lost",817,65
"1186","NOAA_survey","Florida","Molasses Reef","ML1",NA,NA,25.00958,-80.37481,"3.7",2013,"field","ML1-t234",28,28,32.260101010101,0.322601010101011,"N",1.08493150684932,NA,"dead = complete mortality or lost",817,65
"1187","NOAA_survey","Florida","Molasses Reef","ML1",NA,NA,25.00958,-80.37481,"3.7",2015,"field","ML1-t404",20,20,20.4481792717087,20.4481792717087,"N",0.978082191780822,NA,"dead = complete mortality or lost",817,65
"1188","NOAA_survey","Florida","Molasses Reef","ML1",NA,NA,25.00958,-80.37481,"3.7",2014,"field","ML1-t882",910,546,95.1329787234042,-138.622340425532,"N",1.03013698630137,NA,"dead = complete mortality or lost",817,65
"1189","NOAA_survey","Florida","Molasses Reef","ML1",NA,NA,25.00958,-80.37481,"3.7",2007,"field","ML1-t920",117,117,-40.7482185273159,-52.8859857482185,"N",1.15342465753425,NA,"dead = complete mortality or lost",817,65
"1190","NOAA_survey","Florida","Molasses Reef","ML1",NA,NA,25.00958,-80.37481,"3.7",2007,"field","ML1-t921",160,144,90.166270783848,-90.5130641330166,"N",1.15342465753425,NA,"dead = complete mortality or lost",817,65
"1191","NOAA_survey","Florida","Molasses Reef","ML2",NA,NA,25.009122,-80.374734,"5.5",2006,"field","ML2-t126",51300,23085,-12988.3116883117,-9409.41558441558,"N",1.05479452054795,"storm","dead = complete mortality or lost",817,65
"1192","NOAA_survey","Florida","Molasses Reef","ML2",NA,NA,25.009122,-80.374734,"5.5",2006,"field","ML2-t127",1254,1191.3,210.467532467532,129.977922077922,"N",1.05479452054795,"storm","dead = complete mortality or lost",817,65
"1193","NOAA_survey","Florida","Molasses Reef","ML2",NA,NA,25.009122,-80.374734,"5.5",2006,"field","ML2-t128",1036,1015.28,-119.454545454545,-142.947272727273,"N",1.05479452054795,"storm","dead = complete mortality or lost",817,65
"1194","NOAA_survey","Florida","Molasses Reef","ML2",NA,NA,25.009122,-80.374734,"5.5",2006,"field","ML2-t129",25200,10080,-7963.63636363636,-5574.54545454545,"N",1.05479452054795,"storm","dead = complete mortality or lost",817,65
"1195","NOAA_survey","Florida","Molasses Reef","ML2",NA,NA,25.009122,-80.374734,"5.5",2006,"field","ML2-t130",16625,9143.75,-2464.93506493506,-3350.17857142857,"N",1.05479452054795,"storm","dead = complete mortality or lost",817,65
"1196","NOAA_survey","Florida","Molasses Reef","ML2",NA,NA,25.009122,-80.374734,"5.5",2006,"field","ML2-t131",23400,15210,-10409.6103896104,-11476.1688311688,"N",1.05479452054795,"storm","dead = complete mortality or lost",817,65
"1197","NOAA_survey","Florida","Molasses Reef","ML2",NA,NA,25.009122,-80.374734,"5.5",2006,"field","ML2-t132",16575,12431.25,617.181818181818,-1986.78506493506,"N",1.05479452054795,"storm","dead = complete mortality or lost",817,65
"1198","NOAA_survey","Florida","Molasses Reef","ML2",NA,NA,25.009122,-80.374734,"5.5",2006,"field","ML2-t137",1748,262.2,-1610.74025974026,-202.124675324675,"N",1.05479452054795,"storm","dead = complete mortality or lost",817,65
"1199","NOAA_survey","Florida","Molasses Reef","ML2",NA,NA,25.009122,-80.374734,"5.5",2006,"field","ML2-t139",80,8,-73.9480519480519,-6.06753246753247,"N",1.05479452054795,"storm","dead = complete mortality or lost",817,65
"1200","NOAA_survey","Florida","Molasses Reef","ML2",NA,NA,25.009122,-80.374734,"5.5",2006,"field","ML2-t141",950,807.5,-71.1038961038961,-558.165584415584,"N",1.05479452054795,"storm","dead = complete mortality or lost",817,65
"1201","NOAA_survey","Florida","Molasses Reef","ML2",NA,NA,25.009122,-80.374734,"5.5",2006,"field","ML2-t142",1295,194.25,-347.935064935065,-140.16948051948,"N",1.05479452054795,"storm","dead = complete mortality or lost",817,65
"1202","NOAA_survey","Florida","Molasses Reef","ML2",NA,NA,25.009122,-80.374734,"5.5",2018,"field","ML2-t190",399,99.75,-383.298153034301,-95.3911609498681,"N",1.03835616438356,NA,"dead = complete mortality or lost",817,65
"1203","NOAA_survey","Florida","Molasses Reef","ML2",NA,NA,25.009122,-80.374734,"5.5",2013,"field","ML2-t249",45,44.55,32.1788413098237,28.9149874055416,"N",1.08767123287671,NA,"dead = complete mortality or lost",817,65
"1204","NOAA_survey","Florida","Molasses Reef","ML2",NA,NA,25.009122,-80.374734,"5.5",2017,"field","ML2-t425",375,3.75,0,0,"N",1.03287671232877,NA,"dead = complete mortality or lost",817,65
"1205","NOAA_survey","Florida","Molasses Reef","ML2",NA,NA,25.009122,-80.374734,"5.5",2016,"field","ML2-t442",6,6,8.62204724409449,8.62204724409449,"N",1.04383561643836,NA,"dead = complete mortality or lost",817,65
"1206","NOAA_survey","Florida","Molasses Reef","ML2",NA,NA,25.009122,-80.374734,"5.5",2014,"field","ML2-t868",1242,372.6,-26.2101063829787,-66.8357712765957,"N",1.03013698630137,NA,"dead = complete mortality or lost",817,65
"1207","NOAA_survey","Florida","Molasses Reef","ML2",NA,NA,25.009122,-80.374734,"5.5",2014,"field","ML2-t869",416,104,112.606382978723,28.1515957446809,"N",1.03013698630137,NA,"dead = complete mortality or lost",817,65
"1208","NOAA_survey","Florida","Molasses Reef","ML2",NA,NA,25.009122,-80.374734,"5.5",2012,"field","ML2-t952",324,259.2,155.149863760218,147.989100817439,"N",1.00547945205479,NA,"dead = complete mortality or lost",817,65
"1209","NOAA_survey","Florida","Molasses Reef","ML2",NA,NA,25.009122,-80.374734,"5.5",2012,"field","ML2-t953",960,192,-757.847411444142,-62.9550408719346,"N",1.00547945205479,NA,"dead = complete mortality or lost",817,65
"1210","NOAA_survey","Florida","Molasses Reef","ML2",NA,NA,25.009122,-80.374734,"5.5",2012,"field","ML2-t954",24,24,23.8692098092643,23.8692098092643,"N",1.00547945205479,NA,"dead = complete mortality or lost",817,65
"1211","NOAA_survey","Florida","Molasses Reef","ML3",NA,NA,25.010151,-80.373305,"4.3",2006,"field","ML3-t144",16965,12723.75,-7964.111747851,-7439.8818051576,"N",0.956164383561644,"storm","dead = complete mortality or lost",817,65
"1212","NOAA_survey","Florida","Molasses Reef","ML3",NA,NA,25.010151,-80.373305,"4.3",2006,"field","ML3-t145",10200,10200,-549.06876790831,-751.439828080229,"N",0.956164383561644,"storm","dead = complete mortality or lost",817,65
"1213","NOAA_survey","Florida","Molasses Reef","ML3",NA,NA,25.010151,-80.373305,"4.3",2006,"field","ML3-t146",15660,13311,1349.14040114613,-625.938395415473,"N",0.956164383561644,"storm","dead = complete mortality or lost",817,65
"1214","NOAA_survey","Florida","Molasses Reef","ML3",NA,NA,25.010151,-80.373305,"4.3",2006,"field","ML3-t147",50400,32760,-4601.71919770774,-15018.3381088825,"N",0.956164383561644,"storm","dead = complete mortality or lost",817,65
"1215","NOAA_survey","Florida","Molasses Reef","ML3",NA,NA,25.010151,-80.373305,"4.3",2006,"field","ML3-t148",8239,6591.2,1245.60171919771,-1469.0988538682,"N",0.956164383561644,"storm","dead = complete mortality or lost",817,65
"1216","NOAA_survey","Florida","Molasses Reef","ML3",NA,NA,25.010151,-80.373305,"4.3",2006,"field","ML3-t150",805,796.95,162.106017191977,70.1239255014326,"N",0.956164383561644,"storm","dead = complete mortality or lost",817,65
"1217","NOAA_survey","Florida","Molasses Reef","ML3",NA,NA,25.010151,-80.373305,"4.3",2006,"field","ML3-t184",31350,31036.5,512.464183381089,174.342406876792,"N",0.956164383561644,"storm","dead = complete mortality or lost",817,65
"1218","NOAA_survey","Florida","Molasses Reef","ML3",NA,NA,25.010151,-80.373305,"4.3",2006,"field","ML3-t185",195,195,30.3295128939828,30.3295128939828,"N",0.956164383561644,"storm","dead = complete mortality or lost",817,65
"1219","NOAA_survey","Florida","Molasses Reef","ML3",NA,NA,25.010151,-80.373305,"4.3",2006,"field","ML3-t186",594,594,106.676217765043,106.676217765043,"N",0.956164383561644,"storm","dead = complete mortality or lost",817,65
"1220","NOAA_survey","Florida","Molasses Reef","ML3",NA,NA,25.010151,-80.373305,"4.3",2017,"field","ML3-t465",221,154.7,-155.052770448549,-91.2018469656992,"N",1.03835616438356,NA,"dead = complete mortality or lost",817,65
"1221","NOAA_survey","Florida","Molasses Reef","ML3",NA,NA,25.010151,-80.373305,"4.3",2019,"field","ML3-t496",90,90,350.177664974619,-61.6979695431472,"N",1.07945205479452,NA,"dead = complete mortality or lost",817,65
"1222","NOAA_survey","Florida","Molasses Reef","ML3",NA,NA,25.010151,-80.373305,"4.3",2007,"field","ML3-t915",690,676.2,818.432304038005,816.230166270784,"N",1.15342465753425,NA,"dead = complete mortality or lost",817,65
"1223","NOAA_survey","Florida","Molasses Reef","ML3",NA,NA,25.010151,-80.373305,"4.3",2012,"field","ML3-t955",8910,7128,761.825613079019,609.460490463215,"N",1.00547945205479,NA,"dead = complete mortality or lost",817,65
"1224","NOAA_survey","Florida","Molasses Reef","ML3",NA,NA,25.010151,-80.373305,"4.3",2012,"field","ML3-t956",130,130,23.8692098092643,23.8692098092643,"N",1.00547945205479,NA,"dead = complete mortality or lost",817,65
"1225","NOAA_survey","Florida","Sand Island","SI1",NA,NA,25.018314,-80.368583,"3.7",2019,"field","SI1-t237",6,6,0,0,"N",1.03835616438356,NA,"dead = complete mortality or lost",817,71
"1226","NOAA_survey","Florida","Sand Island","SI1",NA,NA,25.018314,-80.368583,"3.7",2019,"field","SI1-t238",117,105.3,56.820580474934,68.0883905013193,"N",1.03835616438356,NA,"dead = complete mortality or lost",817,71
"1227","NOAA_survey","Florida","Sand Island","SI1",NA,NA,25.018314,-80.368583,"3.7",2019,"field","SI1-t253",120,114,-11.55672823219,-26.5804749340369,"N",1.03835616438356,NA,"dead = complete mortality or lost",817,71
"1228","NOAA_survey","Florida","Sand Island","SI1",NA,NA,25.018314,-80.368583,"3.7",2011,"field","SI1-t302",10680,6942,2019.66666666667,670.383333333333,"N",0.986301369863014,NA,"dead = complete mortality or lost",817,71
"1229","NOAA_survey","Florida","Sand Island","SI1",NA,NA,25.018314,-80.368583,"3.7",2013,"field","SI1-t303",48,43.2,37.5321336760926,37.9074550128535,"N",1.06575342465753,NA,"dead = complete mortality or lost",817,71
"1230","NOAA_survey","Florida","Sand Island","SI1",NA,NA,25.018314,-80.368583,"3.7",2011,"field","SI1-t305",27,21.6,23.3194444444444,13.5861111111111,"N",0.986301369863014,NA,"dead = complete mortality or lost",817,71
"1231","NOAA_survey","Florida","Sand Island","SI1",NA,NA,25.018314,-80.368583,"3.7",2013,"field","SI1-t307",7081,2832.4,-40.3470437017995,-16.1388174807196,"N",1.06575342465753,NA,"dead = complete mortality or lost",817,71
"1232","NOAA_survey","Florida","Sand Island","SI1",NA,NA,25.018314,-80.368583,"3.7",2011,"field","SI1-t308",3800,1900,746.222222222222,143.161111111111,"N",0.986301369863014,NA,"dead = complete mortality or lost",817,71
"1233","NOAA_survey","Florida","Sand Island","SI1",NA,NA,25.018314,-80.368583,"3.7",2013,"field","SI1-t310",24,24,-17.827763496144,-18.2969151670951,"N",1.06575342465753,NA,"dead = complete mortality or lost",817,71
"1234","NOAA_survey","Florida","Sand Island","SI1",NA,NA,25.018314,-80.368583,"3.7",2011,"field","SI1-t312",567,555.66,5.06944444444444,-273.405277777778,"N",0.986301369863014,NA,"dead = complete mortality or lost",817,71
"1235","NOAA_survey","Florida","Sand Island","SI1",NA,NA,25.018314,-80.368583,"3.7",2011,"field","SI1-t319",6030,1206,-456.25,-1166.175,"N",0.986301369863014,NA,"dead = complete mortality or lost",817,71
"1236","NOAA_survey","Florida","Sand Island","SI1",NA,NA,25.018314,-80.368583,"3.7",2013,"field","SI1-t332",17920,8960,4267.69230769231,5469.38461538462,"N",0.997260273972603,NA,"dead = complete mortality or lost",817,71
"1237","NOAA_survey","Florida","Sand Island","SI1",NA,NA,25.018314,-80.368583,"3.7",2015,"field","SI1-t403",3572,3393.4,519.460916442048,291.803234501348,"N",1.01643835616438,NA,"dead = complete mortality or lost",817,71
"1238","NOAA_survey","Florida","Sand Island","SI1",NA,NA,25.018314,-80.368583,"3.7",2016,"field","SI1-t436",168,168,40.2362204724409,10.0590551181102,"N",1.04383561643836,NA,"dead = complete mortality or lost",817,71
"1239","NOAA_survey","Florida","Sand Island","SI1",NA,NA,25.018314,-80.368583,"3.7",2017,"field","SI1-t476",96,81.6,-34.5789473684211,-23.628947368421,"N",1.04109589041096,NA,"dead = complete mortality or lost",817,71
"1240","NOAA_survey","Florida","Sand Island","SI1",NA,NA,25.018314,-80.368583,"3.7",2017,"field","SI1-t477",26788,21430.4,-1048.89473684211,-839.115789473683,"N",1.04109589041096,NA,"dead = complete mortality or lost",817,71
"1241","NOAA_survey","Florida","Sand Island","SI1",NA,NA,25.018314,-80.368583,"3.7",2012,"field","SI1-t957",1540,154,-36.8067226890756,-80.5658263305322,"N",0.978082191780822,NA,"dead = complete mortality or lost",817,71
"1242","NOAA_survey","Florida","Sand Island","SI1",NA,NA,25.018314,-80.368583,"3.7",2012,"field","SI1-t958",143,128.7,68.5014005602241,80.9747899159664,"N",0.978082191780822,NA,"dead = complete mortality or lost",817,71
"1243","NOAA_survey","Florida","Sand Island","SI1",NA,NA,25.018314,-80.368583,"3.7",2012,"field","SI1-t959",210,210,46.0084033613445,43.4012605042017,"N",0.978082191780822,NA,"dead = complete mortality or lost",817,71
"1244","NOAA_survey","Florida","Sand Island","SI2",NA,NA,25.018249,-80.368447,"3.4",2019,"field","SI2-t287",13572,8821.8,-382.335092348285,-2151.76649076517,"N",1.03835616438356,NA,"dead = complete mortality or lost",817,71
"1245","NOAA_survey","Florida","Sand Island","SI2",NA,NA,25.018249,-80.368447,"3.4",2013,"field","SI2-t313",12649,9486.75,1119.76130653266,839.820979899498,"N",1.09041095890411,NA,"dead = complete mortality or lost",817,71
"1246","NOAA_survey","Florida","Sand Island","SI2",NA,NA,25.018249,-80.368447,"3.4",2013,"field","SI2-t314",6324,6007.8,-5791.39447236181,-5501.41206030151,"N",1.09041095890411,NA,"dead = complete mortality or lost",817,71
"1247","NOAA_survey","Florida","Sand Island","SI2",NA,NA,25.018249,-80.368447,"3.4",2011,"field","SI2-t323",7636,3818,168.305555555556,-311.365277777778,"N",0.986301369863014,NA,"dead = complete mortality or lost",817,71
"1248","NOAA_survey","Florida","Sand Island","SI2",NA,NA,25.018249,-80.368447,"3.4",2011,"field","SI2-t324",10890,9256.5,1499.54166666667,1274.61041666667,"N",0.986301369863014,NA,"dead = complete mortality or lost",817,71
"1249","NOAA_survey","Florida","Sand Island","SI2",NA,NA,25.018249,-80.368447,"3.4",2011,"field","SI2-t326",12865,7719,1246.06944444444,33.1541666666674,"N",0.986301369863014,NA,"dead = complete mortality or lost",817,71
"1250","NOAA_survey","Florida","Sand Island","SI2",NA,NA,25.018249,-80.368447,"3.4",2011,"field","SI2-t330",1152,1152,295.041666666667,-1021.69583333333,"N",0.986301369863014,NA,"dead = complete mortality or lost",817,71
"1251","NOAA_survey","Florida","Sand Island","SI2",NA,NA,25.018249,-80.368447,"3.4",2013,"field","SI2-t331",252,239.4,84.2307692307692,29.4807692307693,"N",0.997260273972603,NA,"dead = complete mortality or lost",817,71
"1252","NOAA_survey","Florida","Sand Island","SI2",NA,NA,25.018249,-80.368447,"3.4",2011,"field","SI2-t333",8,8,-4.05555555555556,-4.05555555555556,"N",0.986301369863014,NA,"dead = complete mortality or lost",817,71
"1253","NOAA_survey","Florida","Sand Island","SI2",NA,NA,25.018249,-80.368447,"3.4",2011,"field","SI2-t334",53375,32025,3092.36111111111,-1005.01736111111,"N",0.986301369863014,NA,"dead = complete mortality or lost",817,71
"1254","NOAA_survey","Florida","Sand Island","SI2",NA,NA,25.018249,-80.368447,"3.4",2011,"field","SI2-t335",105,99.75,66.9166666666667,72.2395833333333,"N",0.986301369863014,NA,"dead = complete mortality or lost",817,71
"1255","NOAA_survey","Florida","Sand Island","SI2",NA,NA,25.018249,-80.368447,"3.4",2014,"field","SI2-t399",3519,2815.2,871.569920844327,910.284960422163,"N",1.03835616438356,NA,"dead = complete mortality or lost",817,71
"1256","NOAA_survey","Florida","Sand Island","SI2",NA,NA,25.018249,-80.368447,"3.4",2016,"field","SI2-t435",5760,5760,-371.706036745407,-371.706036745407,"N",1.04383561643836,NA,"dead = complete mortality or lost",817,71
"1257","NOAA_survey","Florida","Sand Island","SI2",NA,NA,25.018249,-80.368447,"3.4",2017,"field","SI2-t479",5550,5550,-2276.44736842105,-2306.99210526316,"N",1.04109589041096,NA,"dead = complete mortality or lost",817,71
"1258","NOAA_survey","Florida","Sand Island","SI2",NA,NA,25.018249,-80.368447,"3.4",2012,"field","SI2-t960",4860,4860,1078.64145658263,1078.64145658263,"N",0.978082191780822,NA,"dead = complete mortality or lost",817,71
"1259","NOAA_survey","Florida","Sand Island","SI2",NA,NA,25.018249,-80.368447,"3.4",2012,"field","SI2-t961",1800,1782,296.498599439776,293.533613445378,"N",0.978082191780822,NA,"dead = complete mortality or lost",817,71
"1260","NOAA_survey","Florida","Sand Island","SI2",NA,NA,25.018249,-80.368447,"3.4",2012,"field","SI2-t962",12744,7646.4,2265.65826330532,2124.1568627451,"N",0.978082191780822,NA,"dead = complete mortality or lost",817,71
"1261","NOAA_survey","Florida","Sand Island","SI3",NA,NA,25.018128,-80.368348,"3.7",2013,"field","SI3-t315",78,3.9,-59.7272727272727,9.1012987012987,"N",1.05479452054794,NA,"dead = complete mortality or lost",817,71
"1262","NOAA_survey","Florida","Sand Island","SI3",NA,NA,25.018128,-80.368348,"3.7",2013,"field","SI3-t316",99,99,19.9090909090909,19.9090909090909,"N",1.05479452054794,NA,"dead = complete mortality or lost",817,71
"1263","NOAA_survey","Florida","Sand Island","SI3",NA,NA,25.018128,-80.368348,"3.7",2013,"field","SI3-t317",96,96,193.402597402597,193.402597402597,"N",1.05479452054794,NA,"dead = complete mortality or lost",817,71
"1264","NOAA_survey","Florida","Sand Island","SI3",NA,NA,25.018128,-80.368348,"3.7",2011,"field","SI3-t336",35,35,7.3,2.92,"N",0.958904109589041,NA,"dead = complete mortality or lost",817,71
"1265","NOAA_survey","Florida","Sand Island","SI3",NA,NA,25.018128,-80.368348,"3.7",2011,"field","SI3-t337",54,53.46,-22.9428571428571,-25.7168571428571,"N",0.958904109589041,NA,"dead = complete mortality or lost",817,71
"1266","NOAA_survey","Florida","Sand Island","SI3",NA,NA,25.018128,-80.368348,"3.7",2011,"field","SI3-t338",264,184.8,148.085714285714,146,"N",0.958904109589041,NA,"dead = complete mortality or lost",817,71
"1267","NOAA_survey","Florida","Sand Island","SI3",NA,NA,25.018128,-80.368348,"3.7",2011,"field","SI3-t340",300,180,-68.8285714285714,-16.8942857142857,"N",0.958904109589041,NA,"dead = complete mortality or lost",817,71
"1268","NOAA_survey","Florida","Sand Island","SI3",NA,NA,25.018128,-80.368348,"3.7",2011,"field","SI3-t341",11700,8775,807.171428571429,-45.0514285714293,"N",0.958904109589041,NA,"dead = complete mortality or lost",817,71
"1269","NOAA_survey","Florida","Sand Island","SI3",NA,NA,25.018128,-80.368348,"3.7",2011,"field","SI3-t345",63,47.25,-15.6428571428571,-9.22928571428571,"N",0.958904109589041,NA,"dead = complete mortality or lost",817,71
"1270","NOAA_survey","Florida","Sand Island","SI3",NA,NA,25.018128,-80.368348,"3.7",2011,"field","SI3-t346",154,152.46,139.742857142857,141.348857142857,"N",0.958904109589041,NA,"dead = complete mortality or lost",817,71
"1271","NOAA_survey","Florida","Sand Island","SI3",NA,NA,25.018128,-80.368348,"3.7",2012,"field","SI3-t964",4675,233.75,-2300.20775623269,-212.074099722992,"N",0.989041095890411,NA,"dead = complete mortality or lost",817,71
"1272","NOAA_survey","Florida","Turtle Rocks","TR1",NA,NA,25.28067,-80.20888,"2.4",2011,"field","TR1-t291",8910,8464.5,2128.45433255269,2022.03161592506,"N",1.16986301369863,NA,"dead = complete mortality or lost",817,61
"1273","NOAA_survey","Florida","Turtle Rocks","TR1",NA,NA,25.28067,-80.20888,"2.4",2011,"field","TR1-t292",484,145.2,140.187353629977,14.3606557377049,"Y",1.16986301369863,NA,"dead = complete mortality or lost",817,61
"1274","NOAA_survey","Florida","Turtle Rocks","TR1",NA,NA,25.28067,-80.20888,"2.4",2011,"field","TR1-t293",10640,9044,3726.93208430913,2526.79156908665,"N",1.16986301369863,NA,"dead = complete mortality or lost",817,61
"1275","NOAA_survey","Florida","Turtle Rocks","TR1",NA,NA,25.28067,-80.20888,"2.4",2011,"field","TR1-t294",440,88,-81.2060889929742,-1.49590163934426,"N",1.16986301369863,NA,"dead = complete mortality or lost",817,61
"1276","NOAA_survey","Florida","Turtle Rocks","TR1",NA,NA,25.28067,-80.20888,"2.4",2011,"field","TR1-t295",2,2,0,0,"N",1.16986301369863,NA,"dead = complete mortality or lost",817,61
"1277","NOAA_survey","Florida","Turtle Rocks","TR1",NA,NA,25.28067,-80.20888,"2.4",2011,"field","TR1-t296",864,388.8,69.2388758782201,-9.23185011709603,"N",1.16986301369863,NA,"dead = complete mortality or lost",817,61
"1278","NOAA_survey","Florida","Turtle Rocks","TR1",NA,NA,25.28067,-80.20888,"2.4",2011,"field","TR1-t297",2115,1692,448.770491803279,246.182669789227,"N",1.16986301369863,NA,"dead = complete mortality or lost",817,61
"1279","NOAA_survey","Florida","Turtle Rocks","TR1",NA,NA,25.28067,-80.20888,"2.4",2011,"field","TR1-t298",24,24,-3.4192037470726,-3.4192037470726,"N",1.16986301369863,NA,"dead = complete mortality or lost",817,61
"1280","NOAA_survey","Florida","Turtle Rocks","TR1",NA,NA,25.28067,-80.20888,"2.4",2011,"field","TR1-t299",18480,15708,2348.99297423888,1089.35831381733,"N",1.16986301369863,NA,"dead = complete mortality or lost",817,61
"1281","NOAA_survey","Florida","Turtle Rocks","TR1",NA,NA,25.28067,-80.20888,"2.4",2011,"field","TR1-t300",25440,17808,725.725995316159,508.008196721311,"N",1.16986301369863,NA,"dead = complete mortality or lost",817,61
"1282","NOAA_survey","Florida","Turtle Rocks","TR1",NA,NA,25.28067,-80.20888,"2.4",2015,"field","TR1-t471",162,145.8,-130.569105691057,-114.544715447154,"N",1.01095890410959,NA,"dead = complete mortality or lost",817,61
"1283","NOAA_survey","Florida","Turtle Rocks","TR1",NA,NA,25.28067,-80.20888,"2.4",2015,"field","TR1-t473",2108,2086.92,-111.775067750678,-485.59837398374,"N",1.01095890410959,NA,"dead = complete mortality or lost",817,61
"1284","NOAA_survey","Florida","Turtle Rocks","TR1",NA,NA,25.28067,-80.20888,"2.4",2015,"field","TR1-t474",494,444.6,549.972899728997,287.252032520325,"N",1.01095890410959,NA,"dead = complete mortality or lost",817,61
"1285","NOAA_survey","Florida","Turtle Rocks","TR1",NA,NA,25.28067,-80.20888,"2.4",2015,"field","TR1-t475",770,616,-13.8482384823848,-85.859078590786,"Y",1.01095890410959,NA,"dead = complete mortality or lost",817,61
"1286","NOAA_survey","Florida","Turtle Rocks","TR1",NA,NA,25.28067,-80.20888,"2.4",2015,"field","TR1-t478",12075,9056.25,727.032520325203,-88.2825203252033,"N",1.01095890410959,NA,"dead = complete mortality or lost",817,61
"1287","NOAA_survey","Florida","Turtle Rocks","TR2",NA,NA,25.28072,-80.20907,"2.4",2011,"field","TR2-t349",18400,15640,1402.28285077951,373.942093541203,"N",1.23013698630137,NA,"dead = complete mortality or lost",817,61
"1288","NOAA_survey","Florida","Turtle Rocks","TR2",NA,NA,25.28072,-80.20907,"2.4",2011,"field","TR2-t350",1350,405,376.380846325167,555.060133630289,"N",1.23013698630137,NA,"dead = complete mortality or lost",817,61
"1289","NOAA_survey","Florida","Turtle Rocks","TR2",NA,NA,25.28072,-80.20907,"2.4",2011,"field","TR2-t351",234,234,390.200445434298,390.200445434298,"N",1.23013698630137,NA,"dead = complete mortality or lost",817,61
"1290","NOAA_survey","Florida","Turtle Rocks","TR2",NA,NA,25.28072,-80.20907,"2.4",2011,"field","TR2-t352",589,589,903.15144766147,903.15144766147,"N",1.23013698630137,NA,"dead = complete mortality or lost",817,61
"1291","NOAA_survey","Florida","Turtle Rocks","TR2",NA,NA,25.28072,-80.20907,"2.4",2011,"field","TR2-t353",1890,1795.5,1146.21380846325,954.771714922049,"N",1.23013698630137,NA,"dead = complete mortality or lost",817,61
"1292","NOAA_survey","Florida","Turtle Rocks","TR2",NA,NA,25.28072,-80.20907,"2.4",2011,"field","TR2-t354",504,403.2,614.56570155902,696.507795100223,"N",1.23013698630137,NA,"dead = complete mortality or lost",817,61
"1293","NOAA_survey","Florida","Turtle Rocks","TR2",NA,NA,25.28072,-80.20907,"2.4",2011,"field","TR2-t356",2700,2295,1243.76391982183,1057.19933184855,"N",1.23013698630137,NA,"dead = complete mortality or lost",817,61
"1294","NOAA_survey","Florida","Turtle Rocks","TR2",NA,NA,25.28072,-80.20907,"2.4",2011,"field","TR2-t357",648,648,936.481069042316,790.155902004454,"N",1.23013698630137,NA,"dead = complete mortality or lost",817,61
"1295","NOAA_survey","Florida","Turtle Rocks","TR2",NA,NA,25.28072,-80.20907,"2.4",2011,"field","TR2-t359",143,114.4,62.5946547884187,82.2672605790646,"N",1.23013698630137,NA,"dead = complete mortality or lost",817,61
"1296","NOAA_survey","Florida","Turtle Rocks","TR2",NA,NA,25.28072,-80.20907,"2.4",2015,"field","TR2-t462",1160,1160,662.95918367347,662.95918367347,"N",1.07397260273973,NA,"dead = complete mortality or lost",817,61
"1297","NOAA_survey","Florida","Turtle Rocks","TR2",NA,NA,25.28072,-80.20907,"2.4",2015,"field","TR2-t463",4,4,4.65561224489796,4.65561224489796,"N",1.07397260273973,NA,"dead = complete mortality or lost",817,61
"1298","NOAA_survey","Florida","Turtle Rocks","TR2",NA,NA,25.28072,-80.20907,"2.4",2015,"field","TR2-t464",8640,2592,-1689.98724489796,-824.741709183674,"N",1.07397260273973,NA,"dead = complete mortality or lost",817,61
"1299","NOAA_survey","Florida","Turtle Rocks","TR2",NA,NA,25.28072,-80.20907,"2.4",2015,"field","TR2-t465",16240,8120,-2551.27551020408,-2532.65306122449,"N",1.07397260273973,NA,"dead = complete mortality or lost",817,61
"1300","NOAA_survey","Florida","Turtle Rocks","TR2",NA,NA,25.28072,-80.20907,"2.4",2015,"field","TR2-t466",234,234,61.4540816326531,61.4540816326531,"N",1.07397260273973,NA,"dead = complete mortality or lost",817,61
"1301","NOAA_survey","Florida","Turtle Rocks","TR2",NA,NA,25.28072,-80.20907,"2.4",2015,"field","TR2-t467",56,56,3.72448979591837,3.72448979591837,"N",1.07397260273973,NA,"dead = complete mortality or lost",817,61
"1302","NOAA_survey","Florida","Turtle Rocks","TR2",NA,NA,25.28072,-80.20907,"2.4",2015,"field","TR2-t468",840,630,-735.586734693878,-544.706632653061,"N",1.07397260273973,NA,"dead = complete mortality or lost",817,61
"1303","NOAA_survey","Florida","Turtle Rocks","TR2",NA,NA,25.28072,-80.20907,"2.4",2015,"field","TR2-t469",130,130,-117.321428571429,-117.69387755102,"N",1.07397260273973,NA,"dead = complete mortality or lost",817,61
"1304","NOAA_survey","Florida","Turtle Rocks","TR3",NA,NA,25.28078,-80.20882,"2.4",2011,"field","TR3-t360",1394,1394,1590.58888888889,1454.525,"N",1.23287671232877,NA,"dead = complete mortality or lost",817,61
"1305","NOAA_survey","Florida","Turtle Rocks","TR3",NA,NA,25.28078,-80.20882,"2.4",2011,"field","TR3-t361",1155,924,0,-46.8416666666667,"N",1.23287671232877,NA,"dead = complete mortality or lost",817,61
"1306","NOAA_survey","Florida","Turtle Rocks","TR3",NA,NA,25.28078,-80.20882,"2.4",2011,"field","TR3-t362",378,378,204.4,127.75,"N",1.23287671232877,NA,"dead = complete mortality or lost",817,61
"1307","NOAA_survey","Florida","Turtle Rocks","TR3",NA,NA,25.28078,-80.20882,"2.4",2011,"field","TR3-t363",170,136,44.6111111111111,63.0638888888889,"N",1.23287671232877,NA,"dead = complete mortality or lost",817,61
"1308","NOAA_survey","Florida","Turtle Rocks","TR3",NA,NA,25.28078,-80.20882,"2.4",2011,"field","TR3-t364",29445,22083.75,4667.94444444444,-781.708333333333,"N",1.23287671232877,NA,"dead = complete mortality or lost",817,61
"1309","NOAA_survey","Florida","Turtle Rocks","TR3",NA,NA,25.28078,-80.20882,"2.4",2011,"field","TR3-t365",950,950,348.777777777778,326.391111111111,"N",1.23287671232877,NA,"dead = complete mortality or lost",817,61
"1310","NOAA_survey","Florida","Turtle Rocks","TR3",NA,NA,25.28078,-80.20882,"2.4",2011,"field","TR3-t366",280,280,294.772151898734,294.772151898734,"N",2.16438356164384,NA,"dead = complete mortality or lost",817,61
"1311","NOAA_survey","Florida","Turtle Rocks","TR3",NA,NA,25.28078,-80.20882,"2.4",2011,"field","TR3-t367",40,40,18.6555555555556,18.6555555555556,"N",1.23287671232877,NA,"dead = complete mortality or lost",817,61
"1312","NOAA_survey","Florida","Turtle Rocks","TR3",NA,NA,25.28078,-80.20882,"2.4",2011,"field","TR3-t369",920,874,332.555555555555,359.078888888889,"N",1.23287671232877,NA,"dead = complete mortality or lost",817,61
"1313","NOAA_survey","Florida","Turtle Rocks","TR3",NA,NA,25.28078,-80.20882,"2.4",2011,"field","TR3-t370",5220,5167.8,-442.055555555555,-1158.10444444444,"N",1.23287671232877,NA,"dead = complete mortality or lost",817,61
"1314","NOAA_survey","Florida","Turtle Rocks","TR3",NA,NA,25.28078,-80.20882,"2.4",2011,"field","TR3-t371",1813,1631.7,1218.28888888889,962.018333333333,"N",1.23287671232877,NA,"dead = complete mortality or lost",817,61
"1315","NOAA_survey","Florida","Turtle Rocks","TR3",NA,NA,25.28078,-80.20882,"2.4",2015,"field","TR3-t451",2040,1428,576.935483870968,-885.41935483871,"Y",1.01917808219178,NA,"dead = complete mortality or lost",817,61
"1316","NOAA_survey","Florida","Turtle Rocks","TR3",NA,NA,25.28078,-80.20882,"2.4",2015,"field","TR3-t452",5355,5087.25,1318.70967741935,924.127016129033,"N",1.01917808219178,NA,"dead = complete mortality or lost",817,61
"1317","NOAA_survey","Florida","Turtle Rocks","TR3",NA,NA,25.28078,-80.20882,"2.4",2015,"field","TR3-t453",1950,1755,25.510752688172,22.9596774193549,"N",1.01917808219178,NA,"dead = complete mortality or lost",817,61
"1318","NOAA_survey","Florida","Turtle Rocks","TR3",NA,NA,25.28078,-80.20882,"2.4",2015,"field","TR3-t454",2772,1940.4,-459.193548387097,-1338.72580645161,"N",1.01917808219178,NA,"dead = complete mortality or lost",817,61
"1319","NOAA_survey","Florida","Turtle Rocks","TR3",NA,NA,25.28078,-80.20882,"2.4",2015,"field","TR3-t455",12920,12274,-166.801075268817,-5787.99731182796,"N",1.01917808219178,NA,"dead = complete mortality or lost",817,61
"1320","NOAA_survey","Florida","Turtle Rocks","TR3",NA,NA,25.28078,-80.20882,"2.4",2015,"field","TR3-t456",4002,3801.9,1200.96774193548,884.536290322582,"N",1.01917808219178,NA,"dead = complete mortality or lost",817,61
"1321","NOAA_survey","Florida","Turtle Rocks","TR3",NA,NA,25.28078,-80.20882,"2.4",2015,"field","TR3-t457",630,598.5,-53.9650537634409,-361.565860215054,"N",1.01917808219178,NA,"dead = complete mortality or lost",817,61
"1322","NOAA_survey","Florida","Turtle Rocks","TR3",NA,NA,25.28078,-80.20882,"2.4",2015,"field","TR3-t459",510,433.5,456.25,387.8125,"N",1.01917808219178,NA,"dead = complete mortality or lost",817,61
"1323","NOAA_survey","Florida","Turtle Rocks","TR3",NA,NA,25.28078,-80.20882,"2.4",2015,"field","TR3-t460",24,24,-5.88709677419355,-5.88709677419355,"N",1.01917808219178,NA,"dead = complete mortality or lost",817,61
"1324","NOAA_survey","Navassa","LuLu Bay","LB1",NA,NA,18.396638,-75.018962,"5.5",2009,"field","LB1-t201",510,229.5,19.4883203559511,20.0973303670745,"N",2.46301369863014,NA,"dead = complete mortality or lost",817,24
"1325","NOAA_survey","Navassa","LuLu Bay","LB1",NA,NA,18.396638,-75.018962,"5.5",2009,"field","LB1-t202",357,214.2,23.1423804226919,22.289766407119,"N",2.46301369863014,NA,"dead = complete mortality or lost",817,24
"1326","NOAA_survey","Navassa","LuLu Bay","LB1",NA,NA,18.396638,-75.018962,"5.5",2009,"field","LB1-t204",30450,27405,-4141.2680756396,-3069.41045606229,"N",2.46301369863014,NA,"dead = complete mortality or lost",817,24
"1327","NOAA_survey","Navassa","LuLu Bay","LB1",NA,NA,18.396638,-75.018962,"5.5",2009,"field","LB1-t205",2146,1287.6,-26.7964404894327,26.146829810901,"N",2.46301369863014,NA,"dead = complete mortality or lost",817,24
"1328","NOAA_survey","Navassa","LuLu Bay","LB1",NA,NA,18.396638,-75.018962,"5.5",2009,"field","LB1-t206",17000,13600,812.013348164627,1035.3170189099,"N",2.46301369863014,NA,"dead = complete mortality or lost",817,24
"1329","NOAA_survey","Navassa","LuLu Bay","LB1",NA,NA,18.396638,-75.018962,"5.5",2009,"field","LB1-t208",1015,1015,196.913236929922,184.733036707453,"N",2.46301369863014,NA,"dead = complete mortality or lost",817,24
"1330","NOAA_survey","Navassa","LuLu Bay","LB1",NA,NA,18.396638,-75.018962,"5.5",2009,"field","LB1-t210",2997,2847.15,711.729699666296,753.284482758621,"N",2.46301369863014,NA,"dead = complete mortality or lost",817,24
"1331","NOAA_survey","Navassa","LuLu Bay","LB1",NA,NA,18.396638,-75.018962,"5.5",2009,"field","LB1-t212",2700,1890,0,0,"N",2.46301369863014,NA,"dead = complete mortality or lost",817,24
"1332","NOAA_survey","Navassa","LuLu Bay","LB1",NA,NA,18.396638,-75.018962,"5.5",2009,"field","LB1-t214",1856,1299.2,99.0656284760845,69.3459399332592,"N",2.46301369863014,NA,"dead = complete mortality or lost",817,24
"1333","NOAA_survey","Navassa","LuLu Bay","LB1",NA,NA,18.396638,-75.018962,"5.5",2009,"field","LB1-t217",5814,5697.72,542.424916573971,560.605895439377,"N",2.46301369863014,NA,"dead = complete mortality or lost",817,24
"1334","NOAA_survey","Navassa","LuLu Bay","LB1",NA,NA,18.396638,-75.018962,"5.5",2009,"field","LB1-t222",4160,4160,97.4416017797553,97.4416017797553,"N",2.46301369863014,NA,"dead = complete mortality or lost",817,24
"1335","NOAA_survey","Navassa","LuLu Bay","LB1",NA,NA,18.396638,-75.018962,"5.5",2009,"field","LB1-t230",35200,22880,1695.07786429366,3499.77753058954,"N",2.46301369863014,NA,"dead = complete mortality or lost",817,24
"1336","NOAA_survey","Navassa","LuLu Bay","LB2",NA,NA,18.396387,-75.018835,"5.5",2009,"field","LB2-t233",14000,10500,1557.03559510567,443.663793103448,"N",2.46301369863014,NA,"dead = complete mortality or lost",817,24
"1337","NOAA_survey","Navassa","LuLu Bay","LB2",NA,NA,18.396387,-75.018835,"5.5",2009,"field","LB2-t236",12000,9000,1299.2213570634,974.416017797553,"N",2.46301369863014,NA,"dead = complete mortality or lost",817,24
"1338","NOAA_survey","Navassa","LuLu Bay","LB2",NA,NA,18.396387,-75.018835,"5.5",2009,"field","LB2-t238",2546,2546,1313.0255839822,1313.0255839822,"N",2.46301369863014,NA,"dead = complete mortality or lost",817,24
"1339","NOAA_survey","Navassa","LuLu Bay","LB2",NA,NA,18.396387,-75.018835,"5.5",2009,"field","LB2-t239",7700,3080,3471.35706340378,1718.42324805339,"N",2.46301369863014,NA,"dead = complete mortality or lost",817,24
"1340","NOAA_survey","Navassa","LuLu Bay","LB2",NA,NA,18.396387,-75.018835,"5.5",2009,"field","LB2-t240",10350,10350,517.65850945495,423.261957730812,"N",2.46301369863014,NA,"dead = complete mortality or lost",817,24
"1341","NOAA_survey","Navassa","LuLu Bay","LB2",NA,NA,18.396387,-75.018835,"5.5",2009,"field","LB2-t242",6360,5406,4823.35928809789,3729.57730812013,"N",2.46301369863014,NA,"dead = complete mortality or lost",817,24
"1342","NOAA_survey","Navassa","LuLu Bay","LB2",NA,NA,18.396387,-75.018835,"5.5",2009,"field","LB2-t243",8715,7407.75,2174.16573971079,2133.66657397108,"N",2.46301369863014,NA,"dead = complete mortality or lost",817,24
"1343","NOAA_survey","Navassa","LuLu Bay","LB2",NA,NA,18.396387,-75.018835,"5.5",2009,"field","LB2-t244",4125,4125,832.313681868743,807.24276974416,"N",2.46301369863014,NA,"dead = complete mortality or lost",817,24
"1344","NOAA_survey","Navassa","LuLu Bay","LB2",NA,NA,18.396387,-75.018835,"5.5",2009,"field","LB2-t246",1656,1656,2433.60400444939,2433.60400444939,"N",2.46301369863014,NA,"dead = complete mortality or lost",817,24
"1345","NOAA_survey","Navassa","LuLu Bay","LB2",NA,NA,18.396387,-75.018835,"5.5",2009,"field","LB2-t247",6480,4860,-712.54171301446,-534.406284760845,"N",2.46301369863014,NA,"dead = complete mortality or lost",817,24
"1346","NOAA_survey","Navassa","LuLu Bay","LB2",NA,NA,18.396387,-75.018835,"5.5",2009,"field","LB2-t254",1575,1181.25,0,0,"N",2.46301369863014,NA,"dead = complete mortality or lost",817,24
"1347","NOAA_survey","Navassa","Northwest Point","NW1",NA,NA,18.413855,-75.029866,"6.7",2009,"field","NW1-t301",42900,32175,7419.10951327434,3090.28622787611,"N",2.47671232876712,NA,"dead = complete mortality or lost",817,26
"1348","NOAA_survey","Navassa","Northwest Point","NW1",NA,NA,18.413855,-75.029866,"6.7",2009,"field","NW1-t303",12,10.2,130.818584070796,2.66482300884956,"N",2.47671232876712,NA,"dead = complete mortality or lost",817,26
"1349","NOAA_survey","Navassa","Northwest Point","NW1",NA,NA,18.413855,-75.029866,"6.7",2009,"field","NW1-t304",7380,5904,492.588495575221,741.305309734513,"N",2.47671232876712,NA,"dead = complete mortality or lost",817,26
"1350","NOAA_survey","Navassa","Northwest Point","NW1",NA,NA,18.413855,-75.029866,"6.7",2009,"field","NW1-t305",1875,1837.5,5686.97455752212,5702.11559734513,"N",2.47671232876712,NA,"dead = complete mortality or lost",817,26
"1351","NOAA_survey","Navassa","Northwest Point","NW1",NA,NA,18.413855,-75.029866,"6.7",2009,"field","NW1-t306",28875,27431.25,1413.16371681416,1342.50553097345,"N",2.47671232876712,NA,"dead = complete mortality or lost",817,26
"1352","NOAA_survey","Navassa","Northwest Point","NW1",NA,NA,18.413855,-75.029866,"6.7",2009,"field","NW1-t307",3150,3087,242.256637168142,252.552544247788,"N",2.47671232876712,NA,"dead = complete mortality or lost",817,26
"1353","NOAA_survey","Navassa","Northwest Point","NW1",NA,NA,18.413855,-75.029866,"6.7",2009,"field","NW1-t309",525,157.5,-123.147123893805,-45.8268805309734,"N",2.47671232876712,NA,"dead = complete mortality or lost",817,26
"1354","NOAA_survey","Navassa","Northwest Point","NW1",NA,NA,18.413855,-75.029866,"6.7",2009,"field","NW1-t310",360,90,-62.9867256637168,4.84513274336283,"N",2.47671232876712,NA,"dead = complete mortality or lost",817,26
"1355","NOAA_survey","Navassa","Northwest Point","NW1",NA,NA,18.413855,-75.029866,"6.7",2009,"field","NW1-t312",1250,125,-495.011061946903,-40.7798672566372,"N",2.47671232876712,NA,"dead = complete mortality or lost",817,26
"1356","NOAA_survey","Navassa","Northwest Point","NW2",NA,NA,18.413941,-75.029636,"7",2009,"field","NW2-t313",22570,18056,7328.29457364341,4217.50830564784,"N",2.47397260273973,NA,"dead = complete mortality or lost",817,26
"1357","NOAA_survey","Navassa","Northwest Point","NW2",NA,NA,18.413941,-75.029636,"7",2009,"field","NW2-t315",240,180,-9.70099667774086,-20.3720930232558,"N",2.47397260273973,NA,"dead = complete mortality or lost",817,26
"1358","NOAA_survey","Navassa","Northwest Point","NW2",NA,NA,18.413941,-75.029636,"7",2009,"field","NW2-t316",153,137.7,-13.3388704318937,-12.0049833887043,"N",2.47397260273973,NA,"dead = complete mortality or lost",817,26
"1359","NOAA_survey","Navassa","Northwest Point","NW2",NA,NA,18.413941,-75.029636,"7",2009,"field","NW2-t317",81,79.38,7.67995570321152,0.250609080841641,"N",2.47397260273973,NA,"dead = complete mortality or lost",817,26
"1360","NOAA_survey","Navassa","Northwest Point","NW3",NA,NA,18.413687,-75.029231,"5.5",2009,"field","NW3-t318",35,35,34.2439293598234,34.2439293598234,"N",2.48219178082192,NA,"dead = complete mortality or lost",817,26
"1361","NOAA_survey","Navassa","Northwest Point","NW3",NA,NA,18.413687,-75.029231,"5.5",2009,"field","NW3-t319",150,142.5,574.08940397351,418.480960264901,"N",2.48219178082192,NA,"dead = complete mortality or lost",817,26
"1362","NOAA_survey","Navassa","Northwest Point","NW3",NA,NA,18.413687,-75.029231,"5.5",2009,"field","NW3-t320",3000,2700,513.658940397351,376.179635761589,"N",2.48219178082192,NA,"dead = complete mortality or lost",817,26
"1363","NOAA_survey","Navassa","Northwest Point","NW3",NA,NA,18.413687,-75.029231,"5.5",2009,"field","NW3-t321",10500,10290,2568.29470198676,2516.92880794702,"N",2.48219178082192,NA,"dead = complete mortality or lost",817,26
"1364","NOAA_survey","Navassa","Northwest Point","NW3",NA,NA,18.413687,-75.029231,"5.5",2009,"field","NW3-t322",400,400,473.371964679912,473.371964679912,"N",2.48219178082192,NA,"dead = complete mortality or lost",817,26
"1365","NOAA_survey","Navassa","Northwest Point","NW3",NA,NA,18.413687,-75.029231,"5.5",2009,"field","NW3-t323",18150,15427.5,1317.38410596027,1119.77649006623,"N",2.48219178082192,NA,"dead = complete mortality or lost",817,26
"1366","NOAA_survey","Navassa","Northwest Point","NW3",NA,NA,18.413687,-75.029231,"5.5",2009,"field","NW3-t324",299,293.02,-47.9415011037528,-67.2873068432671,"N",2.48219178082192,NA,"dead = complete mortality or lost",817,26
"1367","NOAA_survey","Navassa","Northwest Point","NW3",NA,NA,18.413687,-75.029231,"5.5",2009,"field","NW3-t326",5073,4312.05,483.040838852097,663.264624724062,"N",2.48219178082192,NA,"dead = complete mortality or lost",817,26
"1368","NOAA_survey","Navassa","Northwest Point","NW3",NA,NA,18.413687,-75.029231,"5.5",2009,"field","NW3-t327",480,24,0,0,"N",2.48219178082192,NA,"dead = complete mortality or lost",817,26
"1369","NOAA_survey","Navassa","Northwest Point","NW3",NA,NA,18.413687,-75.029231,"5.5",2009,"field","NW3-t330",528,158.4,-51.5673289183223,-47.6997792494481,"N",2.48219178082192,NA,"dead = complete mortality or lost",817,26
"1370","NOAA_survey","Curacao","Blue Baai","BB1",NA,NA,12.135109,-68.986818,"3",2009,"field","BB1-t237",36960,25872,352.967032967033,-1253.03296703297,"N",1.24657534246575,"storm","dead = complete mortality or lost",817,50
"1371","NOAA_survey","Curacao","Blue Baai","BB1",NA,NA,12.135109,-68.986818,"3",2009,"field","BB1-t238",9900,6435,-6176.92307692308,-3838.51648351648,"N",1.24657534246575,"storm","dead = complete mortality or lost",817,50
"1372","NOAA_survey","Curacao","Blue Baai","BB1",NA,NA,12.135109,-68.986818,"3",2009,"field","BB1-t239",22200,22200,-16888.6703296703,-16888.6703296703,"N",1.24657534246575,"storm","dead = complete mortality or lost",817,50
"1373","NOAA_survey","Curacao","Blue Baai","BB1",NA,NA,12.135109,-68.986818,"3",2009,"field","BB1-t240",39775,35797.5,-23785.1648351648,-21812.760989011,"N",1.24657534246575,"storm","dead = complete mortality or lost",817,50
"1374","NOAA_survey","Curacao","Blue Baai","BB1",NA,NA,12.135109,-68.986818,"3",2009,"field","BB1-t241",51700,41360,-26352.1978021978,-24106.043956044,"N",1.24657534246575,"storm","dead = complete mortality or lost",817,50
"1375","NOAA_survey","Curacao","Blue Baai","BB1",NA,NA,12.135109,-68.986818,"3",2009,"field","BB1-t242",725,507.5,-140.384615384615,34.0934065934066,"N",1.24657534246575,"storm","dead = complete mortality or lost",817,50
"1376","NOAA_survey","Curacao","Blue Baai","BB1",NA,NA,12.135109,-68.986818,"3",2009,"field","BB1-t243",1134,1077.3,-139.582417582418,-132.603296703297,"N",1.24657534246575,"storm","dead = complete mortality or lost",817,50
"1377","NOAA_survey","Curacao","Blue Baai","BB1",NA,NA,12.135109,-68.986818,"3",2009,"field","BB1-t244",3600,2700,-641.758241758242,-369.010989010989,"Y",1.24657534246575,"storm","dead = complete mortality or lost",817,50
"1378","NOAA_survey","Curacao","Blue Baai","BB1",NA,NA,12.135109,-68.986818,"3",2009,"field","BB1-t245",12750,10200,-1363.73626373626,-1090.98901098901,"N",1.24657534246575,"storm","dead = complete mortality or lost",817,50
"1379","NOAA_survey","Curacao","Blue Baai","BB1",NA,NA,12.135109,-68.986818,"3",2009,"field","BB1-t248",500,500,-160.43956043956,-160.43956043956,"N",1.24657534246575,"storm","dead = complete mortality or lost",817,50
"1380","NOAA_survey","Curacao","Blue Baai","BB1",NA,NA,12.135109,-68.986818,"3",2013,"field","BB1-t396",2622,1311,349.533898305085,174.766949152542,"N",0.96986301369863,NA,"dead = complete mortality or lost",817,50
"1381","NOAA_survey","Curacao","Blue Baai","BB2",NA,NA,12.135202,-68.987383,"3",2009,"field","BB2-t249",2250,2205,1400.76754385965,-164.089912280702,"N",1.24931506849315,"storm","dead = complete mortality or lost",817,50
"1382","NOAA_survey","Curacao","Blue Baai","BB2",NA,NA,12.135202,-68.987383,"3",2009,"field","BB2-t251",42900,27885,-25133.7719298246,-16797.2039473684,"N",1.24931506849315,"storm","dead = complete mortality or lost",817,50
"1383","NOAA_survey","Curacao","Blue Baai","BB2",NA,NA,12.135202,-68.987383,"3",2009,"field","BB2-t253",3900,3315,620.339912280702,901.493969298245,"N",1.24931506849315,"storm","dead = complete mortality or lost",817,50
"1384","NOAA_survey","Curacao","Blue Baai","BB2",NA,NA,12.135202,-68.987383,"3",2009,"field","BB2-t254",25725,24438.75,-19822.8618421053,-18831.71875,"N",1.24931506849315,"storm","dead = complete mortality or lost",817,50
"1385","NOAA_survey","Curacao","Blue Baai","BB2",NA,NA,12.135202,-68.987383,"3",2009,"field","BB2-t260",6300,1890,-1981.08552631579,-594.325657894737,"N",1.24931506849315,"storm","dead = complete mortality or lost",817,50
"1386","NOAA_survey","Curacao","Blue Baai","BB2",NA,NA,12.135202,-68.987383,"3",2009,"field","BB2-t261",10500,3675,-1680.92105263158,-1596.875,"Y",1.24931506849315,"storm","dead = complete mortality or lost",817,50
"1387","NOAA_survey","Curacao","Blue Baai","BB2",NA,NA,12.135202,-68.987383,"3",2014,"field","BB2-t285",1408,422.4,-470.710382513661,418.852459016393,"N",1.0027397260274,NA,"dead = complete mortality or lost",817,50
"1388","NOAA_survey","Curacao","Blue Baai","BB2",NA,NA,12.135202,-68.987383,"3",2014,"field","BB2-t286",2520,1260,-768.893442622951,51.608606557377,"N",1.0027397260274,NA,"dead = complete mortality or lost",817,50
"1389","NOAA_survey","Curacao","Blue Baai","BB2",NA,NA,12.135202,-68.987383,"3",2014,"field","BB2-t287",9460,7568,-548.497267759563,-438.79781420765,"N",1.0027397260274,NA,"dead = complete mortality or lost",817,50
"1390","NOAA_survey","Curacao","Blue Baai","BB2",NA,NA,12.135202,-68.987383,"3",2014,"field","BB2-t288",15,15,26.9262295081967,26.9262295081967,"N",1.0027397260274,NA,"dead = complete mortality or lost",817,50
"1391","NOAA_survey","Curacao","Blue Baai","BB2",NA,NA,12.135202,-68.987383,"3",2013,"field","BB2-t389",1456,145.6,49.4915254237288,160.022598870057,"N",0.96986301369863,NA,"dead = complete mortality or lost",817,50
"1392","NOAA_survey","Curacao","Blue Baai","BB2",NA,NA,12.135202,-68.987383,"3",2013,"field","BB2-t391",5612,1683.6,350.564971751412,-201.677966101695,"N",0.96986301369863,NA,"dead = complete mortality or lost",817,50
"1393","NOAA_survey","Curacao","Blue Baai","BB2",NA,NA,12.135202,-68.987383,"3",2013,"field","BB2-t393",560,476,28.8700564971751,24.5395480225989,"N",0.96986301369863,NA,"dead = complete mortality or lost",817,50
"1394","NOAA_survey","Curacao","Blue Baai","BB3",NA,NA,12.135267,-68.987104,"2.7",2009,"field","BB3-t264",26000,24700,-4028.69757174393,-7211.36865342163,"N",1.24109589041096,"storm","dead = complete mortality or lost",817,50
"1395","NOAA_survey","Curacao","Blue Baai","BB3",NA,NA,12.135267,-68.987104,"2.7",2009,"field","BB3-t265",8925,5801.25,342.439293598234,-154.097682119205,"N",1.24109589041096,"storm","dead = complete mortality or lost",817,50
"1396","NOAA_survey","Curacao","Blue Baai","BB3",NA,NA,12.135267,-68.987104,"2.7",2009,"field","BB3-t266",29250,20475,-19035.5960264901,-15591.059602649,"N",1.24109589041096,"storm","dead = complete mortality or lost",817,50
"1397","NOAA_survey","Curacao","Blue Baai","BB3",NA,NA,12.135267,-68.987104,"2.7",2009,"field","BB3-t267",67375,60637.5,-50419.1501103753,-46537.5,"N",1.24109589041096,"storm","dead = complete mortality or lost",817,50
"1398","NOAA_survey","Curacao","Blue Baai","BB3",NA,NA,12.135267,-68.987104,"2.7",2009,"field","BB3-t269",11000,8250,-4270.41942604856,-4350.99337748344,"N",1.24109589041096,"storm","dead = complete mortality or lost",817,50
"1399","NOAA_survey","Curacao","Blue Baai","BB3",NA,NA,12.135267,-68.987104,"2.7",2013,"field","BB3-t370",240,144,402.118644067797,241.271186440678,"Y",0.96986301369863,NA,"dead = complete mortality or lost",817,50
"1400","NOAA_survey","Curacao","Blue Baai","BB3",NA,NA,12.135267,-68.987104,"2.7",2013,"field","BB3-t377",2754,2203.2,562.966101694915,450.372881355932,"N",0.96986301369863,NA,"dead = complete mortality or lost",817,50
"1401","NOAA_survey","Curacao","Blue Baai","BB3",NA,NA,12.135267,-68.987104,"2.7",2013,"field","BB3-t378",2924,2339.2,-133.008474576271,-106.406779661017,"N",0.96986301369863,NA,"dead = complete mortality or lost",817,50
"1402","NOAA_survey","Curacao","Blue Baai","BB3",NA,NA,12.135267,-68.987104,"2.7",2013,"field","BB3-t379",7500,1125,0,-773.305084745763,"N",0.96986301369863,NA,"dead = complete mortality or lost",817,50
"1403","NOAA_survey","Curacao","Boca Santa Marta","SM1",NA,NA,12.268331,-69.129461,"2.7",2009,"field","SM1-t342",675,661.5,-47.6438053097345,-384.945796460177,"N",1.23835616438356,"storm","dead = complete mortality or lost",817,40
"1404","NOAA_survey","Curacao","Boca Santa Marta","SM1",NA,NA,12.268331,-69.129461,"2.7",2009,"field","SM1-t345",30000,25500,-17684.7345132743,-15686.1172566372,"N",1.23835616438356,"storm","dead = complete mortality or lost",817,40
"1405","NOAA_survey","Curacao","Boca Santa Marta","SM1",NA,NA,12.268331,-69.129461,"2.7",2009,"field","SM1-t352",3900,2730,-2059.1814159292,-1986.50442477876,"N",1.23835616438356,"storm","dead = complete mortality or lost",817,40
"1406","NOAA_survey","Curacao","Boca Santa Marta","SM1",NA,NA,12.268331,-69.129461,"2.7",2009,"field","SM1-t353",18700,16830,-5329.64601769911,-5773.78318584071,"N",1.23835616438356,"storm","dead = complete mortality or lost",817,40
"1407","NOAA_survey","Curacao","Boca Santa Marta","SM1",NA,NA,12.268331,-69.129461,"2.7",2009,"field","SM1-t354",8250,7837.5,-331.08407079646,-61.2909292035395,"N",1.23835616438356,"storm","dead = complete mortality or lost",817,40
"1408","NOAA_survey","Curacao","Boca Santa Marta","SM1",NA,NA,12.268331,-69.129461,"2.7",2009,"field","SM1-t355",7700,7315,-3593.47345132743,-4069.91150442478,"N",1.23835616438356,"storm","dead = complete mortality or lost",817,40
"1409","NOAA_survey","Curacao","Boca Santa Marta","SM2",NA,NA,12.267807,-69.128565,"2.4",2009,"field","SM2-t359",23000,18400,-8620.29867256637,-8389.14546460177,"N",1.23835616438356,"storm","dead = complete mortality or lost",817,40
"1410","NOAA_survey","Curacao","Sea Aquarium Reef","SQ1",NA,NA,12.084208,-68.893882,"3.9",2009,"field","SQ1-t201",15600,6240,-4871.99124726477,-1190.04376367615,"N",1.25205479452055,"storm","dead = complete mortality or lost",817,56
"1411","NOAA_survey","Curacao","Sea Aquarium Reef","SQ1",NA,NA,12.084208,-68.893882,"3.9",2009,"field","SQ1-t202",10836,8668.8,-28.7527352297593,839.579868708971,"N",1.25205479452055,"storm","dead = complete mortality or lost",817,56
"1412","NOAA_survey","Curacao","Sea Aquarium Reef","SQ1",NA,NA,12.084208,-68.893882,"3.9",2009,"field","SQ1-t203",990,99,7.98687089715536,0.798687089715536,"N",1.25205479452055,"storm","dead = complete mortality or lost",817,56
"1413","NOAA_survey","Curacao","Sea Aquarium Reef","SQ1",NA,NA,12.084208,-68.893882,"3.9",2009,"field","SQ1-t204",1625,325,379.37636761488,75.875273522976,"N",1.25205479452055,"storm","dead = complete mortality or lost",817,56
"1414","NOAA_survey","Curacao","Sea Aquarium Reef","SQ1",NA,NA,12.084208,-68.893882,"3.9",2009,"field","SQ1-t205",47500,28500,-4871.99124726477,-2923.19474835886,"N",1.25205479452055,"storm","dead = complete mortality or lost",817,56
"1415","NOAA_survey","Curacao","Sea Aquarium Reef","SQ1",NA,NA,12.084208,-68.893882,"3.9",2009,"field","SQ1-t206",7125,4275,1437.63676148797,862.582056892779,"N",1.25205479452055,"storm","dead = complete mortality or lost",817,56
"1416","NOAA_survey","Curacao","Sea Aquarium Reef","SQ1",NA,NA,12.084208,-68.893882,"3.9",2009,"field","SQ1-t207",10400,6240,-1597.37417943107,-958.424507658643,"N",1.25205479452055,"storm","dead = complete mortality or lost",817,56
"1417","NOAA_survey","Curacao","Sea Aquarium Reef","SQ1",NA,NA,12.084208,-68.893882,"3.9",2009,"field","SQ1-t208",980,147,55.9080962800875,50.3172866520788,"N",1.25205479452055,"storm","dead = complete mortality or lost",817,56
"1418","NOAA_survey","Curacao","Sea Aquarium Reef","SQ1",NA,NA,12.084208,-68.893882,"3.9",2009,"field","SQ1-t209",7350,4410,0,-1761.10503282276,"N",1.25205479452055,"storm","dead = complete mortality or lost",817,56
"1419","NOAA_survey","Curacao","Sea Aquarium Reef","SQ1",NA,NA,12.084208,-68.893882,"3.9",2009,"field","SQ1-t210",22750,9100,-199.671772428884,-79.8687089715536,"N",1.25205479452055,"storm","dead = complete mortality or lost",817,56
"1420","NOAA_survey","Curacao","Sea Aquarium Reef","SQ1",NA,NA,12.084208,-68.893882,"3.9",2009,"field","SQ1-t211",5200,1560,-3610.06564551422,-920.087527352298,"N",1.25205479452055,"storm","dead = complete mortality or lost",817,56
"1421","NOAA_survey","Curacao","Sea Aquarium Reef","SQ1",NA,NA,12.084208,-68.893882,"3.9",2014,"field","SQ1-t273",14880,4464,496.35989010989,-1392.81593406593,"N",0.997260273972603,NA,"dead = complete mortality or lost",817,56
"1422","NOAA_survey","Curacao","Sea Aquarium Reef","SQ2",NA,NA,12.083209,-68.895032,"4.5",2009,"field","SQ2-t214",8342,7924.9,-5672.64192139738,-5535.32860262009,"N",1.25479452054794,"storm","dead = complete mortality or lost",817,56
"1423","NOAA_survey","Curacao","Sea Aquarium Reef","SQ2",NA,NA,12.083209,-68.895032,"4.5",2009,"field","SQ2-t216",6400,6336,1864.84716157205,1846.19868995633,"N",1.25479452054794,"storm","dead = complete mortality or lost",817,56
"1424","NOAA_survey","Curacao","Sea Aquarium Reef","SQ2",NA,NA,12.083209,-68.895032,"4.5",2009,"field","SQ2-t217",1200,960,1071.09170305677,856.873362445415,"N",1.25479452054794,"storm","dead = complete mortality or lost",817,56
"1425","NOAA_survey","Curacao","Sea Aquarium Reef","SQ2",NA,NA,12.083209,-68.895032,"4.5",2009,"field","SQ2-t218",24050,21645,-7431.49563318777,-7861.84497816594,"N",1.25479452054794,"storm","dead = complete mortality or lost",817,56
"1426","NOAA_survey","Curacao","Sea Aquarium Reef","SQ2",NA,NA,12.083209,-68.895032,"4.5",2009,"field","SQ2-t219",2150,1612.5,-68.5371179039302,113.086244541485,"N",1.25479452054794,"storm","dead = complete mortality or lost",817,56
"1427","NOAA_survey","Curacao","Sea Aquarium Reef","SQ2",NA,NA,12.083209,-68.895032,"4.5",2009,"field","SQ2-t223",12350,2470,-1554.03930131004,932.423580786026,"Y",1.25479452054794,"storm","dead = complete mortality or lost",817,56
"1428","NOAA_survey","Curacao","Sea Aquarium Reef","SQ2",NA,NA,12.083209,-68.895032,"4.5",2013,"field","SQ2-t380",3380,1521,-486.666666666667,-1278.85185185185,"N",0.961643835616438,NA,"dead = complete mortality or lost",817,56
"1429","NOAA_survey","Curacao","Sea Aquarium Reef","SQ2",NA,NA,12.083209,-68.895032,"4.5",2013,"field","SQ2-t381",2756,2204.8,328.603988603989,262.883190883191,"N",0.961643835616438,NA,"dead = complete mortality or lost",817,56
"1430","NOAA_survey","Curacao","Sea Aquarium Reef","SQ2",NA,NA,12.083209,-68.895032,"4.5",2013,"field","SQ2-t383",1653,495.9,227.735042735043,1430.98717948718,"N",0.961643835616438,NA,"dead = complete mortality or lost",817,56
"1431","NOAA_survey","Curacao","Sea Aquarium Reef","SQ2",NA,NA,12.083209,-68.895032,"4.5",2013,"field","SQ2-t385",2850,427.5,-2807.69230769231,-311.965811965812,"N",0.961643835616438,NA,"dead = complete mortality or lost",817,56
"1432","NOAA_survey","Curacao","Sea Aquarium Reef","SQ2",NA,NA,12.083209,-68.895032,"4.5",2013,"field","SQ2-t386",1302,1106.7,555.299145299145,185.619658119658,"N",0.961643835616438,NA,"dead = complete mortality or lost",817,56
"1433","NOAA_survey","Curacao","Sea Aquarium Reef","SQ2",NA,NA,12.083209,-68.895032,"4.5",2013,"field","SQ2-t387",20900,12540,3666.63817663818,3469.99572649573,"N",0.961643835616438,NA,"dead = complete mortality or lost",817,56
"1434","NOAA_survey","Curacao","Sea Aquarium Reef","SQ3",NA,NA,12.083075,-68.895931,"3.3",2009,"field","SQ3-t226",9180,8262,-1821.00656455142,-5496.56455142232,"N",1.25205479452055,"storm","dead = complete mortality or lost",817,56
"1435","NOAA_survey","Curacao","Sea Aquarium Reef","SQ3",NA,NA,12.083075,-68.895931,"3.3",2009,"field","SQ3-t227",11475,4590,-179.704595185996,377.379649890591,"N",1.25205479452055,"storm","dead = complete mortality or lost",817,56
"1436","NOAA_survey","Curacao","Sea Aquarium Reef","SQ3",NA,NA,12.083075,-68.895931,"3.3",2009,"field","SQ3-t228",62700,50160,-22043.7636761488,-26045.1859956236,"N",1.25205479452055,"storm","dead = complete mortality or lost",817,56
"1437","NOAA_survey","Curacao","Sea Aquarium Reef","SQ3",NA,NA,12.083075,-68.895931,"3.3",2009,"field","SQ3-t229",12000,9600,-1277.89934354486,-5175.49234135667,"N",1.25205479452055,"storm","dead = complete mortality or lost",817,56
"1438","NOAA_survey","Curacao","Sea Aquarium Reef","SQ3",NA,NA,12.083075,-68.895931,"3.3",2009,"field","SQ3-t231",4860,3402,191.684901531729,134.17943107221,"N",1.25205479452055,"storm","dead = complete mortality or lost",817,56
"1439","NOAA_survey","Curacao","Sea Aquarium Reef","SQ3",NA,NA,12.083075,-68.895931,"3.3",2009,"field","SQ3-t232",16800,14280,1956.78336980306,125.793216630197,"N",1.25205479452055,"storm","dead = complete mortality or lost",817,56
"1440","NOAA_survey","Curacao","Sea Aquarium Reef","SQ3",NA,NA,12.083075,-68.895931,"3.3",2014,"field","SQ3-t280",26250,5250,1925.55096418733,385.110192837466,"N",0.994520547945205,NA,"dead = complete mortality or lost",817,56
"1441","NOAA_survey","Curacao","Sea Aquarium Reef","SQ3",NA,NA,12.083075,-68.895931,"3.3",2013,"field","SQ3-t371",17625,11456.25,570.897435897436,-3408.69444444444,"N",0.961643835616438,NA,"dead = complete mortality or lost",817,56
"1442","NOAA_survey","Curacao","Water Factory","WF1",NA,NA,12.110441,-68.956475,"3",2014,"field","WF1-t401",1056,897.6,134,173.4,"N",1,NA,"dead = complete mortality or lost",817,40
"1443","NOAA_survey","Curacao","Water Factory","WF1",NA,NA,12.110441,-68.956475,"3",2014,"field","WF1-t402",209,206.91,175,177.09,"N",1,NA,"dead = complete mortality or lost",817,40
"1444","NOAA_survey","Curacao","Water Factory","WF1",NA,NA,12.110441,-68.956475,"3",2014,"field","WF1-t403",2420,2299,1738,1651.1,"N",1,NA,"dead = complete mortality or lost",817,40
"1445","NOAA_survey","Curacao","Water Factory","WF1",NA,NA,12.110441,-68.956475,"3",2014,"field","WF1-t404",2356,1767,2394,2033,"N",1,NA,"dead = complete mortality or lost",817,40
"1446","NOAA_survey","Curacao","Water Factory","WF1",NA,NA,12.110441,-68.956475,"3",2014,"field","WF1-t405",48,48,177,177,"N",1,NA,"dead = complete mortality or lost",817,40
"1447","NOAA_survey","Curacao","Water Factory","WF1",NA,NA,12.110441,-68.956475,"3",2014,"field","WF1-t406",1664,1664,1768,1768,"N",1,NA,"dead = complete mortality or lost",817,40
"1448","NOAA_survey","Curacao","Water Factory","WF1",NA,NA,12.110441,-68.956475,"3",2014,"field","WF1-t407",225,213.75,703,667.85,"N",1,NA,"dead = complete mortality or lost",817,40
"1449","NOAA_survey","Curacao","Water Factory","WF1",NA,NA,12.110441,-68.956475,"3",2014,"field","WF1-t409",1632,1632,1581,1581,"N",1,NA,"dead = complete mortality or lost",817,40
"1450","NOAA_survey","Curacao","Water Factory","WF1",NA,NA,12.110441,-68.956475,"3",2014,"field","WF1-t410",2340,1989,873,581.4,"N",1,NA,"dead = complete mortality or lost",817,40
"1451","NOAA_survey","Curacao","Water Factory","WF1",NA,NA,12.110441,-68.956475,"3",2014,"field","WF1-t411",1218,1157.1,597,476.4,"Y",1,NA,"dead = complete mortality or lost",817,40
"1452","NOAA_survey","Curacao","Water Factory","WF1",NA,NA,12.110441,-68.956475,"3",2014,"field","WF1-t412",660,627,775,736.25,"N",1,NA,"dead = complete mortality or lost",817,40
"1453","NOAA_survey","Curacao","Water Factory","WF2",NA,NA,12.110385,-68.956205,"3.3",2014,"field","WF2-t416",216,43.2,203.112947658402,292.804407713499,"N",0.994520547945206,NA,"dead = complete mortality or lost",817,40
"1454","NOAA_survey","Curacao","Water Factory","WF2",NA,NA,12.110385,-68.956205,"3.3",2014,"field","WF2-t417",2480,2356,619.393939393939,588.424242424242,"N",0.994520547945206,NA,"dead = complete mortality or lost",817,40
"1455","NOAA_survey","Curacao","Water Factory","WF2",NA,NA,12.110385,-68.956205,"3.3",2014,"field","WF2-t419",1848,831.6,-1088.96694214876,-336.19214876033,"N",0.994520547945206,NA,"dead = complete mortality or lost",817,40
"1456","NOAA_survey","Curacao","Water Factory","WF2",NA,NA,12.110385,-68.956205,"3.3",2014,"field","WF2-t420",9153,7322.4,-8549.84848484848,-6839.87878787879,"N",0.994520547945206,NA,"dead = complete mortality or lost",817,40
"1457","NOAA_survey","Curacao","Water Factory","WF2",NA,NA,12.110385,-68.956205,"3.3",2014,"field","WF2-t421",1496,1481.04,984.393939393939,974.55,"N",0.994520547945206,NA,"dead = complete mortality or lost",817,40
"1458","NOAA_survey","Curacao","Water Factory","WF2",NA,NA,12.110385,-68.956205,"3.3",2014,"field","WF2-t422",6097,6097,3202.54820936639,2735.891184573,"N",0.994520547945206,NA,"dead = complete mortality or lost",817,40
"1459","NOAA_survey","Curacao","Water Factory","WF2",NA,NA,12.110385,-68.956205,"3.3",2014,"field","WF2-t423",351,351,386.115702479339,386.115702479339,"N",0.994520547945206,NA,"dead = complete mortality or lost",817,40
"1460","NOAA_survey","Curacao","Water Factory","WF2",NA,NA,12.110385,-68.956205,"3.3",2014,"field","WF2-t424",3120,3088.8,-422.314049586777,-526.685950413223,"N",0.994520547945206,NA,"dead = complete mortality or lost",817,40
"1461","NOAA_survey","Curacao","Water Factory","WF2",NA,NA,12.110385,-68.956205,"3.3",2014,"field","WF2-t425",9375,7968.75,1256.8870523416,1602.53099173554,"N",0.994520547945206,NA,"dead = complete mortality or lost",817,40
"1462","NOAA_survey","Curacao","Water Factory","WF2",NA,NA,12.110385,-68.956205,"3.3",2014,"field","WF2-t427",3960,3168,1864.21487603306,1783.67355371901,"N",0.994520547945206,NA,"dead = complete mortality or lost",817,40
"1463","NOAA_survey","Curacao","Water Factory","WF3",NA,NA,12.109803,-68.955239,"2.7",2014,"field","WF3-t431",360,360,655,655,"N",1,NA,"dead = complete mortality or lost",817,40
"1464","NOAA_survey","Curacao","Water Factory","WF3",NA,NA,12.109803,-68.955239,"2.7",2014,"field","WF3-t433",10624,8499.2,6026,4820.8,"N",1,NA,"dead = complete mortality or lost",817,40
"1465","NOAA_survey","Curacao","Water Factory","WF3",NA,NA,12.109803,-68.955239,"2.7",2014,"field","WF3-t434",595,595,1025,1025,"N",1,NA,"dead = complete mortality or lost",817,40
"1466","NOAA_survey","Curacao","Water Factory","WF3",NA,NA,12.109803,-68.955239,"2.7",2014,"field","WF3-t436",2378,2378,1297,1297,"N",1,NA,"dead = complete mortality or lost",817,40
"1467","NOAA_survey","Curacao","Water Factory","WF3",NA,NA,12.109803,-68.955239,"2.7",2014,"field","WF3-t437",1904,1808.8,-674,-824.8,"Y",1,NA,"dead = complete mortality or lost",817,40
"1468","NOAA_survey","Curacao","Water Factory","WF3",NA,NA,12.109803,-68.955239,"2.7",2014,"field","WF3-t439",2668,2668,-2587,-2587,"N",1,NA,"dead = complete mortality or lost",817,40
"1469","NOAA_survey","Florida","Carysfort Reef","CF1",NA,NA,25.22194,-80.21055,"2.1",2007,"field","CF1-t024",5695,1993.25,1552.06473214286,233.624441964286,"N",1.22739726027397,NA,"dead = complete mortality or lost",817,74
"1470","NOAA_survey","Florida","Carysfort Reef","CF1",NA,NA,25.22194,-80.21055,"2.1",2007,"field","CF1-t027",8925,1338.75,-2057.19866071429,-830.008370535714,"N",1.22739726027397,NA,"dead = complete mortality or lost",817,74
"1471","NOAA_survey","Florida","Carysfort Reef","CF1",NA,NA,25.22194,-80.21055,"2.1",2007,"field","CF1-t033",27600,8280,-1425.78125,-427.734375,"N",1.22739726027397,NA,"dead = complete mortality or lost",817,74
"1472","NOAA_survey","Florida","Carysfort Reef","CF1",NA,NA,25.22194,-80.21055,"2.1",2007,"field","CF1-t034",1870,561,358.482142857143,107.544642857143,"N",1.22739726027397,NA,"dead = complete mortality or lost",817,74
"1473","NOAA_survey","Florida","Carysfort Reef","CF2",NA,NA,25.22179,-80.210586,"2.4",2007,"field","CF2-t038",40700,14245,-1749.22991071429,-3753.26729910714,"N",1.22739726027397,NA,"dead = complete mortality or lost",817,74
"1474","NOAA_survey","Florida","Carysfort Reef","CF2",NA,NA,25.22179,-80.210586,"2.4",2007,"field","CF2-t040",4800,1680,643.638392857143,225.2734375,"N",1.22739726027397,NA,"dead = complete mortality or lost",817,74
"1475","NOAA_survey","Florida","Carysfort Reef","CF2",NA,NA,25.22179,-80.210586,"2.4",2007,"field","CF2-t041",6600,1650,765.848214285714,498.616071428572,"N",1.22739726027397,NA,"dead = complete mortality or lost",817,74
"1476","NOAA_survey","Florida","Carysfort Reef","CF2",NA,NA,25.22179,-80.210586,"2.4",2007,"field","CF2-t042",1575,1102.5,85.546875,196.7578125,"N",1.22739726027397,NA,"dead = complete mortality or lost",817,74
"1477","NOAA_survey","Florida","Carysfort Reef","CF2",NA,NA,25.22179,-80.210586,"2.4",2007,"field","CF2-t043",8540,5978,1593.61607142857,1970.67410714286,"N",1.22739726027397,NA,"dead = complete mortality or lost",817,74
"1478","NOAA_survey","Florida","Carysfort Reef","CF2",NA,NA,25.22179,-80.210586,"2.4",2007,"field","CF2-t045",12000,9000,860.357142857143,1177.125,"N",1.22739726027397,NA,"dead = complete mortality or lost",817,74
"1479","NOAA_survey","Florida","Carysfort Reef","CF2",NA,NA,25.22179,-80.210586,"2.4",2007,"field","CF2-t046",2520,1008,434.252232142857,298.069754464286,"N",1.22739726027397,NA,"dead = complete mortality or lost",817,74
"1480","NOAA_survey","Florida","Carysfort Reef","CF2",NA,NA,25.22179,-80.210586,"2.4",2007,"field","CF2-t047",18000,11700,1075.44642857143,699.040178571429,"N",1.22739726027397,NA,"dead = complete mortality or lost",817,74
"1481","NOAA_survey","Florida","Carysfort Reef","CF2",NA,NA,25.22179,-80.210586,"2.4",2007,"field","CF2-t048",9360,6084,879.910714285714,2273.10267857143,"N",1.22739726027397,NA,"dead = complete mortality or lost",817,74
"1482","NOAA_survey","Florida","Carysfort Reef","CF2",NA,NA,25.22179,-80.210586,"2.4",2007,"field","CF2-t049",12000,3600,-1099.88839285714,103.878348214285,"N",1.22739726027397,NA,"dead = complete mortality or lost",817,74
"1483","NOAA_survey","Florida","Carysfort Reef","CF2",NA,NA,25.22179,-80.210586,"2.4",2014,"field","CF2-t228",12802,7681.2,2336.38522427441,2135.1055408971,"N",1.03835616438356,NA,"dead = complete mortality or lost",817,74
"1484","NOAA_survey","Florida","Carysfort Reef","CF2",NA,NA,25.22179,-80.210586,"2.4",2013,"field","CF2-t948",1820,637,239.137931034483,83.6982758620689,"N",1.03287671232877,NA,"dead = complete mortality or lost",817,74
"1485","NOAA_survey","Florida","Carysfort Reef","CF3",NA,NA,25.22289,-80.20956,"3.7",2007,"field","CF3-t088",33800,13520,2040.90401785714,2295.30412946429,"N",1.22739726027397,NA,"dead = complete mortality or lost",817,74
"1486","NOAA_survey","Florida","Carysfort Reef","CF3",NA,NA,25.22289,-80.20956,"3.7",2007,"field","CF3-t090",46816,30430.4,3301.29464285714,2145.84151785715,"N",1.22739726027397,NA,"dead = complete mortality or lost",817,74
"1487","NOAA_survey","Florida","Carysfort Reef","CF3",NA,NA,25.22289,-80.20956,"3.7",2007,"field","CF3-t091",396,388.08,457.064732142857,463.517410714286,"N",1.22739726027397,NA,"dead = complete mortality or lost",817,74
"1488","NOAA_survey","Florida","Carysfort Reef","CF3",NA,NA,25.22289,-80.20956,"3.7",2007,"field","CF3-t092",22500,6750,2566.40625,2859.70982142857,"N",1.22739726027397,NA,"dead = complete mortality or lost",817,74
"1489","NOAA_survey","Florida","Carysfort Reef","CF3",NA,NA,25.22289,-80.20956,"3.7",2007,"field","CF3-t095",23750,11875,1393.19196428571,3808.05803571429,"N",1.22739726027397,NA,"dead = complete mortality or lost",817,74
"1490","NOAA_survey","Florida","Carysfort Reef","CF3",NA,NA,25.22289,-80.20956,"3.7",2014,"field","CF3-t902",540,54,-470.686567164179,58.8358208955224,"N",0.917808219178082,NA,"dead = complete mortality or lost",817,74
"1491","NOAA_survey","Florida","Carysfort Reef","CF3",NA,NA,25.22289,-80.20956,"3.7",2008,"field","CF3-t916",1440,1080,554.717514124294,110.118644067797,"N",0.96986301369863,NA,"dead = complete mortality or lost",817,74
"1492","NOAA_survey","Florida","Carysfort Reef","CF3",NA,NA,25.22289,-80.20956,"3.7",2008,"field","CF3-t918",42,42,21.6525423728813,-43.3050847457627,"N",0.96986301369863,NA,"dead = complete mortality or lost",817,74
"1493","NOAA_survey","Florida","Carysfort Reef","CF3",NA,NA,25.22289,-80.20956,"3.7",2008,"field","CF3-t919",77,69.3,215.494350282486,134.967514124294,"N",0.96986301369863,NA,"dead = complete mortality or lost",817,74
"1494","NOAA_survey","Florida","Carysfort Reef","CF3",NA,NA,25.22289,-80.20956,"3.7",2013,"field","CF3-t973",49,49,103.594164456233,103.594164456233,"N",1.03287671232877,NA,"dead = complete mortality or lost",817,74
"1495","NOAA_survey","Florida","Carysfort Reef","CF4",NA,NA,25.222871,-80.209996,"4.6",2013,"field","CF4-t801",13300,1330,-278.625954198473,-1114.50381679389,"N",1.07671232876712,NA,"dead = complete mortality or lost",817,74
"1496","NOAA_survey","Florida","Carysfort Reef","CF4",NA,NA,25.222871,-80.209996,"4.6",2013,"field","CF4-t802",5796,289.8,-785.725190839695,-39.2862595419847,"N",1.07671232876712,NA,"dead = complete mortality or lost",817,74
"1497","NOAA_survey","Florida","Carysfort Reef","CF4",NA,NA,25.222871,-80.209996,"4.6",2013,"field","CF4-t803",6497,649.7,-1297.46819338422,-366.578880407125,"N",1.07671232876712,NA,"dead = complete mortality or lost",817,74
"1498","NOAA_survey","Florida","Carysfort Reef","CF4",NA,NA,25.222871,-80.209996,"4.6",2013,"field","CF4-t804",276,193.2,57.5826972010178,-179.435114503817,"N",1.07671232876712,NA,"dead = complete mortality or lost",817,74
"1499","NOAA_survey","Florida","Carysfort Reef","CF4",NA,NA,25.222871,-80.209996,"4.6",2013,"field","CF4-t805",1710,85.5,-55.7251908396946,-2.78625954198473,"N",1.07671232876712,NA,"dead = complete mortality or lost",817,74
"1500","NOAA_survey","Florida","Carysfort Reef","CF4",NA,NA,25.222871,-80.209996,"4.6",2013,"field","CF4-t812",6,6,5.57251908396946,5.57251908396946,"N",1.07671232876712,NA,"dead = complete mortality or lost",817,74
"1501","NOAA_survey","Florida","Carysfort Reef","CF4",NA,NA,25.222871,-80.209996,"4.6",2013,"field","CF4-t814",9797,979.7,-716.997455470738,-826.07951653944,"N",1.07671232876712,NA,"dead = complete mortality or lost",817,74
"1502","NOAA_survey","Florida","Elbow Reef","EL1",NA,NA,25.142579,-80.258364,"3.4",2007,"field","EL1-t051",22400,6720,2807.69230769231,-312.468982630273,"N",1.1041095890411,NA,"dead = complete mortality or lost",817,118
"1503","NOAA_survey","Florida","Elbow Reef","EL1",NA,NA,25.142579,-80.258364,"3.4",2007,"field","EL1-t052",47250,28350,2037.841191067,7947.58064516129,"N",1.1041095890411,NA,"dead = complete mortality or lost",817,118
"1504","NOAA_survey","Florida","Elbow Reef","EL1",NA,NA,25.142579,-80.258364,"3.4",2007,"field","EL1-t054",15400,10780,2762.40694789082,262.655086848635,"N",1.1041095890411,NA,"dead = complete mortality or lost",817,118
"1505","NOAA_survey","Florida","Elbow Reef","EL1",NA,NA,25.142579,-80.258364,"3.4",2007,"field","EL1-t055",32916,26332.8,333.300248138958,1773.91811414392,"N",1.1041095890411,NA,"dead = complete mortality or lost",817,118
"1506","NOAA_survey","Florida","Elbow Reef","EL1",NA,NA,25.142579,-80.258364,"3.4",2007,"field","EL1-t056",4675,2571.25,76.985111662531,473.458436724566,"N",1.1041095890411,NA,"dead = complete mortality or lost",817,118
"1507","NOAA_survey","Florida","Elbow Reef","EL1",NA,NA,25.142579,-80.258364,"3.4",2007,"field","EL1-t059",24,20.4,9.96277915632755,13.2233250620347,"N",1.1041095890411,NA,"dead = complete mortality or lost",817,118
"1508","NOAA_survey","Florida","Elbow Reef","EL1",NA,NA,25.142579,-80.258364,"3.4",2007,"field","EL1-t060",513,410.4,86.9478908188586,97.1370967741935,"N",1.1041095890411,NA,"dead = complete mortality or lost",817,118
"1509","NOAA_survey","Florida","Elbow Reef","EL1",NA,NA,25.142579,-80.258364,"3.4",2007,"field","EL1-t061",900,720,-22.6426799007444,-97.363523573201,"N",1.1041095890411,NA,"dead = complete mortality or lost",817,118
"1510","NOAA_survey","Florida","Elbow Reef","EL1",NA,NA,25.142579,-80.258364,"3.4",2007,"field","EL1-t062",110,110,104.156327543424,100.08064516129,"N",1.1041095890411,NA,"dead = complete mortality or lost",817,118
"1511","NOAA_survey","Florida","Elbow Reef","EL1",NA,NA,25.142579,-80.258364,"3.4",2019,"field","EL1-t208",6716,5372.8,1773.71900826446,1845.31129476584,"N",0.994520547945205,NA,"dead = complete mortality or lost",817,118
"1512","NOAA_survey","Florida","Elbow Reef","EL1",NA,NA,25.142579,-80.258364,"3.4",2014,"field","EL1-t232",4018,3977.82,1309.94444444444,543.12,"N",0.986301369863014,NA,"dead = complete mortality or lost",817,118
"1513","NOAA_survey","Florida","Elbow Reef","EL1",NA,NA,25.142579,-80.258364,"3.4",2017,"field","EL1-t441",3375,2868.75,1058.81019830028,1127.4157223796,"N",0.967123287671233,NA,"dead = complete mortality or lost",817,118
"1514","NOAA_survey","Florida","Elbow Reef","EL1",NA,NA,25.142579,-80.258364,"3.4",2013,"field","EL1-t977",5880,2646,399.21875,778.4765625,"N",1.05205479452055,NA,"dead = complete mortality or lost",817,118
"1515","NOAA_survey","Florida","Elbow Reef","EL1",NA,NA,25.142579,-80.258364,"3.4",2013,"field","EL1-t978",4794,4698.12,-2361.09375,-2379.74296875,"N",1.05205479452055,NA,"dead = complete mortality or lost",817,118
"1516","NOAA_survey","Florida","Elbow Reef","EL1",NA,NA,25.142579,-80.258364,"3.4",2013,"field","EL1-t979",13464,12790.8,433.4375,-2234.484375,"N",1.05205479452055,NA,"dead = complete mortality or lost",817,118
"1517","NOAA_survey","Florida","Elbow Reef","EL2",NA,NA,25.142899,-80.258221,"3.4",2007,"field","EL2-t064",80,80,33.5111662531017,22.9143920595534,"N",1.1041095890411,NA,"dead = complete mortality or lost",817,118
"1518","NOAA_survey","Florida","Elbow Reef","EL2",NA,NA,25.142899,-80.258221,"3.4",2007,"field","EL2-t065",9450,1417.5,0,-855.893300248139,"N",1.1041095890411,NA,"dead = complete mortality or lost",817,118
"1519","NOAA_survey","Florida","Elbow Reef","EL2",NA,NA,25.142899,-80.258221,"3.4",2007,"field","EL2-t066",7500,2250,1331.38957816377,1211.83622828784,"N",1.1041095890411,NA,"dead = complete mortality or lost",817,118
"1520","NOAA_survey","Florida","Elbow Reef","EL2",NA,NA,25.142899,-80.258221,"3.4",2007,"field","EL2-t067",1740,348,27.1712158808933,-74.7208436724566,"N",1.1041095890411,NA,"dead = complete mortality or lost",817,118
"1521","NOAA_survey","Florida","Elbow Reef","EL2",NA,NA,25.142899,-80.258221,"3.4",2007,"field","EL2-t068",1925,96.25,-1711.78660049628,-58.644540942928,"N",1.1041095890411,NA,"dead = complete mortality or lost",817,118
"1522","NOAA_survey","Florida","Elbow Reef","EL2",NA,NA,25.142899,-80.258221,"3.4",2007,"field","EL2-t069",7502,3375.9,1094.09429280397,1281.21339950372,"N",1.1041095890411,NA,"dead = complete mortality or lost",817,118
"1523","NOAA_survey","Florida","Elbow Reef","EL2",NA,NA,25.142899,-80.258221,"3.4",2007,"field","EL2-t070",170,153,76.985111662531,92.3821339950372,"N",1.1041095890411,NA,"dead = complete mortality or lost",817,118
"1524","NOAA_survey","Florida","Elbow Reef","EL2",NA,NA,25.142899,-80.258221,"3.4",2007,"field","EL2-t071",144,57.6,-79.7022332506204,-6.5210918114144,"N",1.1041095890411,NA,"dead = complete mortality or lost",817,118
"1525","NOAA_survey","Florida","Elbow Reef","EL2",NA,NA,25.142899,-80.258221,"3.4",2007,"field","EL2-t072",5600,280,-144.913151364764,-7.24565756823822,"N",1.1041095890411,NA,"dead = complete mortality or lost",817,118
"1526","NOAA_survey","Florida","Elbow Reef","EL2",NA,NA,25.142899,-80.258221,"3.4",2007,"field","EL2-t073",11730,9384,1621.2158808933,1296.97270471464,"N",1.1041095890411,NA,"dead = complete mortality or lost",817,118
"1527","NOAA_survey","Florida","Elbow Reef","EL2",NA,NA,25.142899,-80.258221,"3.4",2014,"field","EL2-t246",150,150,-30.4166666666667,-139.916666666667,"N",0.986301369863014,NA,"dead = complete mortality or lost",817,118
"1528","NOAA_survey","Florida","Elbow Reef","EL2",NA,NA,25.142899,-80.258221,"3.4",2014,"field","EL2-t247",560,224,34.4722222222222,164.351388888889,"N",0.986301369863014,NA,"dead = complete mortality or lost",817,118
"1529","NOAA_survey","Florida","Elbow Reef","EL2",NA,NA,25.142899,-80.258221,"3.4",2017,"field","EL2-t437",216,43.2,-114.773371104816,-22.9546742209632,"N",0.967123287671233,NA,"dead = complete mortality or lost",817,118
"1530","NOAA_survey","Florida","Elbow Reef","EL2",NA,NA,25.142899,-80.258221,"3.4",2017,"field","EL2-t439",1972,887.4,-2035.93484419263,-914.464589235127,"N",0.967123287671233,NA,"dead = complete mortality or lost",817,118
"1531","NOAA_survey","Florida","Elbow Reef","EL2",NA,NA,25.142899,-80.258221,"3.4",2017,"field","EL2-t440",1680,756,-417.733711048159,-253.949008498584,"N",0.967123287671233,NA,"dead = complete mortality or lost",817,118
"1532","NOAA_survey","Florida","Elbow Reef","EL2",NA,NA,25.142899,-80.258221,"3.4",2008,"field","EL2-t913",30800,21560,-8160.56910569106,-9058.23170731707,"N",1.01095890410959,NA,"dead = complete mortality or lost",817,118
"1533","NOAA_survey","Florida","Elbow Reef","EL2",NA,NA,25.142899,-80.258221,"3.4",2013,"field","EL2-t980",80,76,47.5260416666667,51.328125,"N",1.05205479452055,NA,"dead = complete mortality or lost",817,118
"1534","NOAA_survey","Florida","Elbow Reef","EL3",NA,NA,25.143881,-80.257827,"4",2007,"field","EL3-t075",1050,420,-415.566750629723,-276.186397984887,"N",1.08767123287671,NA,"dead = complete mortality or lost",817,118
"1535","NOAA_survey","Florida","Elbow Reef","EL3",NA,NA,25.143881,-80.257827,"4",2007,"field","EL3-t076",7564,4160.2,401.775818639798,588.780856423173,"N",1.08767123287671,NA,"dead = complete mortality or lost",817,118
"1536","NOAA_survey","Florida","Elbow Reef","EL3",NA,NA,25.143881,-80.257827,"4",2007,"field","EL3-t077",1449,579.6,197.670025188917,79.0680100755667,"N",1.08767123287671,NA,"dead = complete mortality or lost",817,118
"1537","NOAA_survey","Florida","Elbow Reef","EL3",NA,NA,25.143881,-80.257827,"4",2007,"field","EL3-t078",850,425,45.9697732997481,22.9848866498741,"N",1.08767123287671,NA,"dead = complete mortality or lost",817,118
"1538","NOAA_survey","Florida","Elbow Reef","EL3",NA,NA,25.143881,-80.257827,"4",2007,"field","EL3-t079",925,323.75,-81.8261964735516,-28.6391687657431,"N",1.08767123287671,NA,"dead = complete mortality or lost",817,118
"1539","NOAA_survey","Florida","Elbow Reef","EL3",NA,NA,25.143881,-80.257827,"4",2007,"field","EL3-t081",1125,675,68.9546599496222,-609.55919395466,"N",1.08767123287671,NA,"dead = complete mortality or lost",817,118
"1540","NOAA_survey","Florida","Elbow Reef","EL3",NA,NA,25.143881,-80.257827,"4",2007,"field","EL3-t083",5950,2975,128.715365239295,904.225440806045,"N",1.08767123287671,NA,"dead = complete mortality or lost",817,118
"1541","NOAA_survey","Florida","Elbow Reef","EL3",NA,NA,25.143881,-80.257827,"4",2007,"field","EL3-t084",6438,1609.5,568.186397984887,142.046599496222,"N",1.08767123287671,NA,"dead = complete mortality or lost",817,118
"1542","NOAA_survey","Florida","Elbow Reef","EL3",NA,NA,25.143881,-80.257827,"4",2007,"field","EL3-t086",12865,5146,855.037783375315,976.168136020151,"N",1.08767123287671,NA,"dead = complete mortality or lost",817,118
"1543","NOAA_survey","Florida","Elbow Reef","EL3",NA,NA,25.143881,-80.257827,"4",2019,"field","EL3-t187",48,48,40.2203856749311,35.7961432506887,"N",0.994520547945205,NA,"dead = complete mortality or lost",817,118
"1544","NOAA_survey","Florida","Elbow Reef","EL3",NA,NA,25.143881,-80.257827,"4",2018,"field","EL3-t422",1248,312,-146.39566395664,-36.5989159891599,"N",1.01095890410959,NA,"dead = complete mortality or lost",817,118
"1545","NOAA_survey","Florida","Elbow Reef","EL3",NA,NA,25.143881,-80.257827,"4",2008,"field","EL3-t911",3280,2296,486.666666666666,527.222222222222,"N",1.01095890410959,NA,"dead = complete mortality or lost",817,118
"1546","NOAA_survey","Florida","Elbow Reef","EL3",NA,NA,25.143881,-80.257827,"4",2013,"field","EL3-t930",168,159.6,40.4485488126649,48.5382585751979,"N",1.03835616438356,NA,"dead = complete mortality or lost",817,118
"1547","NOAA_survey","Florida","Elbow Reef","EL3",NA,NA,25.143881,-80.257827,"4",2013,"field","EL3-t932",12,12,5.77836411609499,5.77836411609499,"N",1.03835616438356,NA,"dead = complete mortality or lost",817,118
"1548","NOAA_survey","Florida","Elbow Reef","EL3",NA,NA,25.143881,-80.257827,"4",2013,"field","EL3-t933",9844,6890.8,-1824.03693931398,-894.009234828495,"N",1.03835616438356,NA,"dead = complete mortality or lost",817,118
"1549","NOAA_survey","Florida","Elbow Reef","EL4",NA,NA,25.145086,-80.257301,"4.9",2007,"field","EL4-t153",20130,14091,1491.10275689223,2039.06015037594,"N",1.09315068493151,NA,"dead = complete mortality or lost",817,118
"1550","NOAA_survey","Florida","Elbow Reef","EL4",NA,NA,25.145086,-80.257301,"4.9",2007,"field","EL4-t154",9020,5863,-274.436090225564,-577.230576441103,"N",1.09315068493151,NA,"dead = complete mortality or lost",817,118
"1551","NOAA_survey","Florida","Elbow Reef","EL4",NA,NA,25.145086,-80.257301,"4.9",2007,"field","EL4-t158",1302,976.5,455.563909774436,424.003759398496,"N",1.09315068493151,NA,"dead = complete mortality or lost",817,118
"1552","NOAA_survey","Florida","Elbow Reef","EL4",NA,NA,25.145086,-80.257301,"4.9",2007,"field","EL4-t159",156,31.2,-59.4611528822055,46.3796992481203,"N",1.09315068493151,NA,"dead = complete mortality or lost",817,118
"1553","NOAA_survey","Florida","Elbow Reef","EL4",NA,NA,25.145086,-80.257301,"4.9",2007,"field","EL4-t160",900,630,493.984962406015,477.518796992481,"N",1.09315068493151,NA,"dead = complete mortality or lost",817,118
"1554","NOAA_survey","Florida","Elbow Reef","EL4",NA,NA,25.145086,-80.257301,"4.9",2007,"field","EL4-t162",1258,1069.3,65.8646616541353,-734.848370927318,"N",1.09315068493151,NA,"dead = complete mortality or lost",817,118
"1555","NOAA_survey","Florida","Elbow Reef","EL4",NA,NA,25.145086,-80.257301,"4.9",2007,"field","EL4-t164",300,180,-69.5238095238095,-41.7142857142857,"N",1.09315068493151,NA,"dead = complete mortality or lost",817,118
"1556","NOAA_survey","Florida","Elbow Reef","EL4",NA,NA,25.145086,-80.257301,"4.9",2007,"field","EL4-t165",70,56,6.40350877192983,12.1666666666667,"N",1.09315068493151,NA,"dead = complete mortality or lost",817,118
"1557","NOAA_survey","Florida","Elbow Reef","EL4",NA,NA,25.145086,-80.257301,"4.9",2007,"field","EL4-t168",12019,11778.62,3347.20551378446,3280.26140350877,"N",1.09315068493151,NA,"dead = complete mortality or lost",817,118
"1558","NOAA_survey","Florida","Elbow Reef","EL4",NA,NA,25.145086,-80.257301,"4.9",2016,"field","EL4-t418",6750,2025,-4941.22562674095,-233.3356545961,"N",0.983561643835616,NA,"dead = complete mortality or lost",817,118
"1559","NOAA_survey","Florida","Elbow Reef","EL4",NA,NA,25.145086,-80.257301,"4.9",2008,"field","EL4-t922",4,4,2.07977207977208,2.07977207977208,"N",0.961643835616439,NA,"dead = complete mortality or lost",817,118
"1560","NOAA_survey","Florida","Elbow Reef","EL4",NA,NA,25.145086,-80.257301,"4.9",2013,"field","EL4-t935",192,163.2,-89.5646437994723,-80.8970976253298,"N",1.03835616438356,NA,"dead = complete mortality or lost",817,118
"1561","NOAA_survey","Florida","Elbow Reef","EL4",NA,NA,25.145086,-80.257301,"4.9",2013,"field","EL4-t936",900,585,-837.862796833773,-540.277044854881,"N",1.03835616438356,NA,"dead = complete mortality or lost",817,118
"1562","NOAA_survey","Florida","Elbow Reef","EL5",NA,NA,25.145179,-80.257389,"4.9",2007,"field","EL5-t177",3190,2392.5,536.065162907268,747.472431077694,"N",1.09315068493151,NA,"dead = complete mortality or lost",817,118
"1563","NOAA_survey","Florida","Elbow Reef","EL5",NA,NA,25.145179,-80.257389,"4.9",2007,"field","EL5-t180",8874,5768.1,1240.45112781955,1274.20676691729,"N",1.09315068493151,NA,"dead = complete mortality or lost",817,118
"1564","NOAA_survey","Florida","Elbow Reef","EL5",NA,NA,25.145179,-80.257389,"4.9",2007,"field","EL5-t183",168,159.6,-63.1203007518797,-73.5488721804511,"N",1.09315068493151,NA,"dead = complete mortality or lost",817,118
"1565","NOAA_survey","Florida","Elbow Reef","EL5",NA,NA,25.145179,-80.257389,"4.9",2015,"field","EL5-t460",9000,900,-1775.67567567568,-177.567567567568,"Y",1.01369863013699,NA,"dead = complete mortality or lost",817,118
"1566","NOAA_survey","Florida","French Reef","FR1",NA,NA,25.033886,-80.349365,"6.4",2007,"field","FR1-t001",450,337.5,-41.2688442211055,-160.948492462312,"N",1.09041095890411,NA,"dead = complete mortality or lost",817,76
"1567","NOAA_survey","Florida","French Reef","FR1",NA,NA,25.033886,-80.349365,"6.4",2007,"field","FR1-t002",2835,1701,41.2688442211055,-239.359296482412,"N",1.09041095890411,NA,"dead = complete mortality or lost",817,76
"1568","NOAA_survey","Florida","French Reef","FR1",NA,NA,25.033886,-80.349365,"6.4",2007,"field","FR1-t003",42,42,6.41959798994975,-4.81469849246231,"N",1.09041095890411,NA,"dead = complete mortality or lost",817,76
"1569","NOAA_survey","Florida","French Reef","FR1",NA,NA,25.033886,-80.349365,"6.4",2007,"field","FR1-t004",7600,2280,-1907.53768844221,-1331.60804020101,"N",1.09041095890411,NA,"dead = complete mortality or lost",817,76
"1570","NOAA_survey","Florida","French Reef","FR1",NA,NA,25.033886,-80.349365,"6.4",2007,"field","FR1-t005",11310,3958.5,596.105527638191,757.054020100503,"N",1.09041095890411,NA,"dead = complete mortality or lost",817,76
"1571","NOAA_survey","Florida","French Reef","FR1",NA,NA,25.033886,-80.349365,"6.4",2007,"field","FR1-t006",13125,7218.75,0,0,"N",1.09041095890411,NA,"dead = complete mortality or lost",817,76
"1572","NOAA_survey","Florida","French Reef","FR1",NA,NA,25.033886,-80.349365,"6.4",2007,"field","FR1-t007",1470,514.5,-1050.97989949749,-456.983668341709,"N",1.09041095890411,NA,"dead = complete mortality or lost",817,76
"1573","NOAA_survey","Florida","French Reef","FR1",NA,NA,25.033886,-80.349365,"6.4",2007,"field","FR1-t008",4599,3449.25,1482.92713567839,1397.22550251256,"N",1.09041095890411,NA,"dead = complete mortality or lost",817,76
"1574","NOAA_survey","Florida","French Reef","FR1",NA,NA,25.033886,-80.349365,"6.4",2007,"field","FR1-t009",28800,14400,3209.79899497488,7529.27135678392,"N",1.09041095890411,NA,"dead = complete mortality or lost",817,76
"1575","NOAA_survey","Florida","French Reef","FR1",NA,NA,25.033886,-80.349365,"6.4",2007,"field","FR1-t010",3100,1395,18.3417085427136,-134.811557788945,"N",1.09041095890411,NA,"dead = complete mortality or lost",817,76
"1576","NOAA_survey","Florida","French Reef","FR1",NA,NA,25.033886,-80.349365,"6.4",2007,"field","FR1-t011",48,48,29.3467336683417,29.3467336683417,"N",1.09041095890411,NA,"dead = complete mortality or lost",817,76
"1577","NOAA_survey","Florida","French Reef","FR1",NA,NA,25.033886,-80.349365,"6.4",2022,"field","FR1-t145",56,56,59.3655049151028,-2.73994638069705,"N",3.06575342465753,NA,"dead = complete mortality or lost",817,76
"1578","NOAA_survey","Florida","French Reef","FR1",NA,NA,25.033886,-80.349365,"6.4",2019,"field","FR1-t199",8325,3330,265.928571428572,-341.014285714286,"N",0.958904109589041,NA,"dead = complete mortality or lost",817,76
"1579","NOAA_survey","Florida","French Reef","FR1",NA,NA,25.033886,-80.349365,"6.4",2015,"field","FR1-t860",180,162,-4.05555555555556,-75.0277777777778,"N",0.986301369863014,NA,"dead = complete mortality or lost",817,76
"1580","NOAA_survey","Florida","French Reef","FR1",NA,NA,25.033886,-80.349365,"6.4",2015,"field","FR1-t861",2940,2205,815.166666666667,801.175,"N",0.986301369863014,NA,"dead = complete mortality or lost",817,76
"1581","NOAA_survey","Florida","French Reef","FR1",NA,NA,25.033886,-80.349365,"6.4",2013,"field","FR1-t976",3145,314.5,-2993.38624338624,-260.231481481481,"N",1.03561643835616,NA,"dead = complete mortality or lost",817,76
"1582","NOAA_survey","Florida","French Reef","FR2",NA,NA,25.033681,-80.349545,"4.9",2014,"field","FR2-t236",84,84,-5.98360655737705,-9.87295081967214,"N",1.0027397260274,NA,"dead = complete mortality or lost",817,76
"1583","NOAA_survey","Florida","French Reef","FR2",NA,NA,25.033681,-80.349545,"4.9",2010,"field","FR2-t250",6324,948.6,0,0,"N",1.06575342465753,NA,"dead = complete mortality or lost",817,76
"1584","NOAA_survey","Florida","French Reef","FR2",NA,NA,25.033681,-80.349545,"4.9",2010,"field","FR2-t251",840,756,481.349614395887,496.69087403599,"N",1.06575342465753,NA,"dead = complete mortality or lost",817,76
"1585","NOAA_survey","Florida","French Reef","FR2",NA,NA,25.033681,-80.349545,"4.9",2010,"field","FR2-t252",221,154.7,-62.866323907455,-143.710539845758,"N",1.06575342465753,NA,"dead = complete mortality or lost",817,76
"1586","NOAA_survey","Florida","French Reef","FR2",NA,NA,25.033681,-80.349545,"4.9",2010,"field","FR2-t255",375,225,147.313624678663,88.3881748071979,"N",1.06575342465753,NA,"dead = complete mortality or lost",817,76
"1587","NOAA_survey","Florida","French Reef","FR2",NA,NA,25.033681,-80.349545,"4.9",2010,"field","FR2-t256",1050,840,281.491002570694,98.5218508997428,"N",1.06575342465753,NA,"dead = complete mortality or lost",817,76
"1588","NOAA_survey","Florida","French Reef","FR2",NA,NA,25.033681,-80.349545,"4.9",2010,"field","FR2-t257",54,54,120.102827763496,118.395115681234,"N",1.06575342465753,NA,"dead = complete mortality or lost",817,76
"1589","NOAA_survey","Florida","French Reef","FR2",NA,NA,25.033681,-80.349545,"4.9",2010,"field","FR2-t258",660,462,242.082262210797,83.3213367609254,"N",1.06575342465753,NA,"dead = complete mortality or lost",817,76
"1590","NOAA_survey","Florida","French Reef","FR2",NA,NA,25.033681,-80.349545,"4.9",2010,"field","FR2-t259",486,437.4,-170.771208226221,-182.218508997429,"N",1.06575342465753,NA,"dead = complete mortality or lost",817,76
"1591","NOAA_survey","Florida","French Reef","FR2",NA,NA,25.033681,-80.349545,"4.9",2010,"field","FR2-t260",240,235.2,457.892030848329,455.565038560411,"N",1.06575342465753,NA,"dead = complete mortality or lost",817,76
"1592","NOAA_survey","Florida","French Reef","FR2",NA,NA,25.033681,-80.349545,"4.9",2010,"field","FR2-t261",5040,1008,56.2982005141388,489.794344473008,"N",1.06575342465753,NA,"dead = complete mortality or lost",817,76
"1593","NOAA_survey","Florida","French Reef","FR2",NA,NA,25.033681,-80.349545,"4.9",2010,"field","FR2-t262",144,115.2,30.025706940874,24.0205655526992,"N",1.06575342465753,NA,"dead = complete mortality or lost",817,76
"1594","NOAA_survey","Florida","French Reef","FR2",NA,NA,25.033681,-80.349545,"4.9",2017,"field","FR2-t447",16,16,41.7142857142857,41.7142857142857,"N",0.958904109589041,NA,"dead = complete mortality or lost",817,76
"1595","NOAA_survey","Florida","French Reef","FR2",NA,NA,25.033681,-80.349545,"4.9",2013,"field","FR2-t982",456,446.88,254.920634920635,263.726984126984,"N",1.03561643835616,NA,"dead = complete mortality or lost",817,76
"1596","NOAA_survey","Florida","French Reef","FR3",NA,NA,25.035184,-80.349037,"3.7",2017,"field","FR3-t444",672,571.2,100.114285714286,125.142857142857,"N",0.958904109589041,NA,"dead = complete mortality or lost",817,76
"1597","NOAA_survey","Florida","French Reef","FR3",NA,NA,25.035184,-80.349037,"3.7",2017,"field","FR3-t446",2430,850.5,327.457142857143,400.77,"N",0.958904109589041,NA,"dead = complete mortality or lost",817,76
"1598","NOAA_survey","Florida","French Reef","FR3",NA,NA,25.035184,-80.349037,"3.7",2013,"field","FR3-t818",88,61.6,30.9814323607427,33.3050397877984,"N",1.03287671232877,NA,"dead = complete mortality or lost",817,76
"1599","NOAA_survey","Florida","French Reef","FR3",NA,NA,25.035184,-80.349037,"3.7",2013,"field","FR3-t820",13377,4013.1,765.822281167109,-456.104774535809,"N",1.03287671232877,NA,"dead = complete mortality or lost",817,76
"1600","NOAA_survey","Florida","French Reef","FR3",NA,NA,25.035184,-80.349037,"3.7",2013,"field","FR3-t822",288,43.2,-220.742705570292,16.2652519893899,"N",1.03287671232877,NA,"dead = complete mortality or lost",817,76
"1601","NOAA_survey","Florida","French Reef","FR3",NA,NA,25.035184,-80.349037,"3.7",2013,"field","FR3-t824",24,24,10.6498673740053,10.6498673740053,"N",1.03287671232877,NA,"dead = complete mortality or lost",817,76
"1602","NOAA_survey","Florida","French Reef","FR3",NA,NA,25.035184,-80.349037,"3.7",2013,"field","FR3-t825",1260,1134,487.957559681698,592.868435013263,"N",1.03287671232877,NA,"dead = complete mortality or lost",817,76
"1603","NOAA_survey","Florida","French Reef","FR3",NA,NA,25.035184,-80.349037,"3.7",2015,"field","FR3-t862",6664,3665.2,1290,709.5,"N",1,NA,"dead = complete mortality or lost",817,76
"1604","NOAA_survey","Florida","French Reef","FR3",NA,NA,25.035184,-80.349037,"3.7",2015,"field","FR3-t863",7072,1414.4,-352,-1078.4,"N",1,NA,"dead = complete mortality or lost",817,76
"1605","NOAA_survey","Florida","French Reef","FR3",NA,NA,25.035184,-80.349037,"3.7",2015,"field","FR3-t864",240,237.6,40,-237.6,"N",1,NA,"dead = complete mortality or lost",817,76
"1606","NOAA_survey","Florida","French Reef","FR3",NA,NA,25.035184,-80.349037,"3.7",2015,"field","FR3-t866",48,48,207,207,"N",1,NA,"dead = complete mortality or lost",817,76
"1607","NOAA_survey","Florida","French Reef","FR4",NA,NA,25.03438,-80.34888,"4.7",2022,"field","FR4-t782",200,20,30.7551669316375,82.9809220985692,"N",3.44657534246575,NA,"dead = complete mortality or lost",817,76
"1608","NOAA_survey","Florida","French Reef","FR4",NA,NA,25.03438,-80.34888,"4.7",2022,"field","FR4-t783",702,561.6,496.144674085851,NA,"N",3.44657534246575,NA,"dead = complete mortality or lost",817,76
"1609","NOAA_survey","Florida","French Reef","FR4",NA,NA,25.03438,-80.34888,"4.7",2022,"field","FR4-t784",28,4.2,662.106518282989,601.988871224165,"N",3.44657534246575,NA,"dead = complete mortality or lost",817,76
"1610","NOAA_survey","Florida","French Reef","FR4",NA,NA,25.03438,-80.34888,"4.7",2022,"field","FR4-t787",400,360,691.701112877583,695.229252782194,"N",3.44657534246575,NA,"dead = complete mortality or lost",817,76
"1611","NOAA_survey","Florida","French Reef","FR4",NA,NA,25.03438,-80.34888,"4.7",2022,"field","FR4-t788",210,199.5,345.27027027027,185.836645468998,"N",3.44657534246575,NA,"dead = complete mortality or lost",817,76
"1612","NOAA_survey","Florida","French Reef","FR4",NA,NA,25.03438,-80.34888,"4.7",2022,"field","FR4-t789",204,163.2,514.133545310016,520.238155802862,"N",3.44657534246575,NA,"dead = complete mortality or lost",817,76
"1613","NOAA_survey","Florida","French Reef","FR4",NA,NA,25.03438,-80.34888,"4.7",2022,"field","FR4-t790",1000,950,1015.50079491256,899.443561208267,"N",3.44657534246575,NA,"dead = complete mortality or lost",817,76
"1614","NOAA_survey","Florida","French Reef","FR4",NA,NA,25.03438,-80.34888,"4.7",2022,"field","FR4-t791",960,816,724.197138314785,715.841017488076,"N",3.44657534246575,NA,"dead = complete mortality or lost",817,76
"1615","NOAA_survey","Florida","French Reef","FR4",NA,NA,25.03438,-80.34888,"4.7",2022,"field","FR4-t792",190,9.5,96.3275039745628,147.183783783784,"N",3.44657534246575,NA,"dead = complete mortality or lost",817,76
"1616","NOAA_survey","Florida","French Reef","FR4",NA,NA,25.03438,-80.34888,"4.7",2022,"field","FR4-t793",572,572,679.805246422894,662.889904610493,"N",3.44657534246575,NA,"dead = complete mortality or lost",817,76
"1617","NOAA_survey","Florida","Grecian Rocks","GR1",NA,NA,25.109051,-80.305243,"3.7",2022,"field","GR1-t209",36,36,22.8919860627178,9.15679442508711,"N",3.14520547945205,NA,"dead = complete mortality or lost",817,54
"1618","NOAA_survey","Florida","Grecian Rocks","GR1",NA,NA,25.109051,-80.305243,"3.7",2018,"field","GR1-t469",238,226.1,155.877378435518,158.26955602537,"N",1.2958904109589,NA,"dead = complete mortality or lost",817,54
"1619","NOAA_survey","Florida","Grecian Rocks","GR1",NA,NA,25.109051,-80.305243,"3.7",2013,"field","GR1-t827",3162,2687.7,138.917910447761,118.080223880597,"N",1.1013698630137,NA,"dead = complete mortality or lost",817,54
"1620","NOAA_survey","Florida","Grecian Rocks","GR1",NA,NA,25.109051,-80.305243,"3.7",2013,"field","GR1-t828",3360,3192,1198.50746268657,1138.58208955224,"N",1.1013698630137,NA,"dead = complete mortality or lost",817,54
"1621","NOAA_survey","Florida","Grecian Rocks","GR1",NA,NA,25.109051,-80.305243,"3.7",2013,"field","GR1-t830",4480,2688,813.532338308458,-732.179104477612,"N",1.1013698630137,NA,"dead = complete mortality or lost",817,54
"1622","NOAA_survey","Florida","Grecian Rocks","GR1",NA,NA,25.109051,-80.305243,"3.7",2013,"field","GR1-t832",2184,21.84,0,0,"N",1.1013698630137,NA,"dead = complete mortality or lost",817,54
"1623","NOAA_survey","Florida","Grecian Rocks","GR1",NA,NA,25.109051,-80.305243,"3.7",2013,"field","GR1-t833",5460,4368,475.771144278607,652.278606965174,"N",1.1013698630137,NA,"dead = complete mortality or lost",817,54
"1624","NOAA_survey","Florida","Grecian Rocks","GR1",NA,NA,25.109051,-80.305243,"3.7",2013,"field","GR1-t835",4352,3481.6,474.863184079602,379.890547263681,"N",1.1013698630137,NA,"dead = complete mortality or lost",817,54
"1625","NOAA_survey","Florida","Grecian Rocks","GR1",NA,NA,25.109051,-80.305243,"3.7",2013,"field","GR1-t836",4785,2871,1800.48507462687,2002.05223880597,"N",1.1013698630137,NA,"dead = complete mortality or lost",817,54
"1626","NOAA_survey","Florida","Grecian Rocks","GR2",NA,NA,25.112082,-80.303222,"2.1",2013,"field","GR2-t839",42,10.5,-10.6829268292683,16.0243902439024,"N",1.12328767123288,NA,"dead = complete mortality or lost",817,54
"1627","NOAA_survey","Florida","Grecian Rocks","GR2",NA,NA,25.112082,-80.303222,"2.1",2013,"field","GR2-t840",2701,2565.95,581.329268292683,552.262804878049,"N",1.12328767123288,NA,"dead = complete mortality or lost",817,54
"1628","NOAA_survey","Florida","Grecian Rocks","GR2",NA,NA,25.112082,-80.303222,"2.1",2013,"field","GR2-t841",12870,9652.5,391.707317073171,886.237804878049,"N",1.12328767123288,NA,"dead = complete mortality or lost",817,54
"1629","NOAA_survey","Florida","Grecian Rocks","GR2",NA,NA,25.112082,-80.303222,"2.1",2013,"field","GR2-t844",2600,1690,551.951219512195,215.439024390244,"N",1.12328767123288,NA,"dead = complete mortality or lost",817,54
"1630","NOAA_survey","Florida","Grecian Rocks","GR2",NA,NA,25.112082,-80.303222,"2.1",2013,"field","GR2-t846",8910,5791.5,835.939024390244,981.760975609755,"N",1.12328767123288,NA,"dead = complete mortality or lost",817,54
"1631","NOAA_survey","Florida","Grecian Rocks","GR2",NA,NA,25.112082,-80.303222,"2.1",2013,"field","GR2-t847",2090,1881,502.987804878049,334.509146341463,"N",1.12328767123288,NA,"dead = complete mortality or lost",817,54
"1632","NOAA_survey","Florida","Grecian Rocks","GR2",NA,NA,25.112082,-80.303222,"2.1",2013,"field","GR2-t850",7616,6854.4,861.756097560976,775.580487804878,"N",1.12328767123288,NA,"dead = complete mortality or lost",817,54
"1633","NOAA_survey","Florida","Grecian Rocks","GR2",NA,NA,25.112082,-80.303222,"2.1",2015,"field","GR2-t885",12496,2499.2,-12511.3314447592,-2563.68555240793,"N",0.967123287671233,NA,"dead = complete mortality or lost",817,54
"1634","NOAA_survey","Florida","Grecian Rocks","GR3",NA,NA,25.109261,-80.306191,"1.5",2015,"field","GR3-t397",2565,128.25,-572.847222222222,-28.6423611111111,"N",0.986301369863014,NA,"dead = complete mortality or lost",817,54
"1635","NOAA_survey","Florida","Grecian Rocks","GR3",NA,NA,25.109261,-80.306191,"1.5",2015,"field","GR3-t398",2223,1111.5,179.458333333333,-640.270833333333,"N",0.986301369863014,NA,"dead = complete mortality or lost",817,54
"1636","NOAA_survey","Florida","Grecian Rocks","GR3",NA,NA,25.109261,-80.306191,"1.5",2016,"field","GR3-t412",361,361,-21.6525423728814,-109.293785310734,"N",0.96986301369863,NA,"dead = complete mortality or lost",817,54
"1637","NOAA_survey","Florida","Grecian Rocks","GR3",NA,NA,25.109261,-80.306191,"1.5",2018,"field","GR3-t468",1786,178.6,-61.7149758454106,145.118357487923,"N",1.13424657534247,NA,"dead = complete mortality or lost",817,54
"1638","NOAA_survey","Florida","Grecian Rocks","GR3",NA,NA,25.109261,-80.306191,"1.5",2014,"field","GR3-t870",756,113.4,46.4161849710983,49.1589595375723,"N",0.947945205479452,NA,"dead = complete mortality or lost",817,54
"1639","NOAA_survey","Florida","Grecian Rocks","GR3",NA,NA,25.109261,-80.306191,"1.5",2014,"field","GR3-t871",345,241.5,24.2630057803468,75.2153179190752,"N",0.947945205479452,NA,"dead = complete mortality or lost",817,54
"1640","NOAA_survey","Florida","Grecian Rocks","GR3",NA,NA,25.109261,-80.306191,"1.5",2014,"field","GR3-t872",266,239.4,7.38439306358382,32.5651734104046,"N",0.947945205479452,NA,"dead = complete mortality or lost",817,54
"1641","NOAA_survey","Florida","Grecian Rocks","GR3",NA,NA,25.109261,-80.306191,"1.5",2014,"field","GR3-t873",1386,1178.1,759.537572254335,-243.052023121387,"N",0.947945205479452,NA,"dead = complete mortality or lost",817,54
"1642","NOAA_survey","Florida","Grecian Rocks","GR3",NA,NA,25.109261,-80.306191,"1.5",2014,"field","GR3-t874",30,30,18.9884393063584,18.9884393063584,"N",0.947945205479452,NA,"dead = complete mortality or lost",817,54
"1643","NOAA_survey","Florida","Grecian Rocks","GR3",NA,NA,25.109261,-80.306191,"1.5",2014,"field","GR3-t875",608,516.8,33.757225433526,-511.421965317919,"N",0.947945205479452,NA,"dead = complete mortality or lost",817,54
"1644","NOAA_survey","Florida","Grecian Rocks","GR3",NA,NA,25.109261,-80.306191,"1.5",2014,"field","GR3-t876",6313,1262.6,302.760115606936,-983.812138728324,"N",0.947945205479452,NA,"dead = complete mortality or lost",817,54
"1645","NOAA_survey","Florida","Grecian Rocks","GR3",NA,NA,25.109261,-80.306191,"1.5",2014,"field","GR3-t877",7800,1170,0,-411.416184971098,"N",0.947945205479452,NA,"dead = complete mortality or lost",817,54
"1646","NOAA_survey","Florida","Grecian Rocks","GR3",NA,NA,25.109261,-80.306191,"1.5",2014,"field","GR3-t881",665,166.25,-147.687861271676,-64.6134393063584,"N",0.947945205479452,NA,"dead = complete mortality or lost",817,54
"1647","NOAA_survey","Florida","Key Largo Dry Rocks","KL1",NA,NA,25.123581,-80.297359,"2.1",2007,"field","KL1-t102",14935,2240.25,-848.942786069652,-127.341417910448,"N",1.1013698630137,NA,"dead = complete mortality or lost",817,62
"1648","NOAA_survey","Florida","Key Largo Dry Rocks","KL1",NA,NA,25.123581,-80.297359,"2.1",2007,"field","KL1-t103",7500,5250,-54.4776119402985,-1051.41791044776,"N",1.1013698630137,NA,"dead = complete mortality or lost",817,62
"1649","NOAA_survey","Florida","Key Largo Dry Rocks","KL1",NA,NA,25.123581,-80.297359,"2.1",2007,"field","KL1-t104",8640,1296,195.21144278607,431.281094527363,"N",1.1013698630137,NA,"dead = complete mortality or lost",817,62
"1650","NOAA_survey","Florida","Key Largo Dry Rocks","KL1",NA,NA,25.123581,-80.297359,"2.1",2007,"field","KL1-t105",34100,6820,-985.136815920398,1301.78793532338,"N",1.1013698630137,NA,"dead = complete mortality or lost",817,62
"1651","NOAA_survey","Florida","Key Largo Dry Rocks","KL1",NA,NA,25.123581,-80.297359,"2.1",2007,"field","KL1-t106",7350,1470,-3041.66666666667,-63.5572139303482,"N",1.1013698630137,NA,"dead = complete mortality or lost",817,62
"1652","NOAA_survey","Florida","Key Largo Dry Rocks","KL1",NA,NA,25.123581,-80.297359,"2.1",2007,"field","KL1-t107",8400,3360,-136.194029850746,-54.4776119402985,"N",1.1013698630137,NA,"dead = complete mortality or lost",817,62
"1653","NOAA_survey","Florida","Key Largo Dry Rocks","KL1",NA,NA,25.123581,-80.297359,"2.1",2007,"field","KL1-t108",14400,5760,81.7164179104477,690.503731343283,"N",1.1013698630137,NA,"dead = complete mortality or lost",817,62
"1654","NOAA_survey","Florida","Key Largo Dry Rocks","KL1",NA,NA,25.123581,-80.297359,"2.1",2007,"field","KL1-t109",4050,81,-635.572139303482,78.5385572139303,"N",1.1013698630137,NA,"dead = complete mortality or lost",817,62
"1655","NOAA_survey","Florida","Key Largo Dry Rocks","KL1",NA,NA,25.123581,-80.297359,"2.1",2007,"field","KL1-t110",18375,5512.5,0,834.188432835821,"N",1.1013698630137,NA,"dead = complete mortality or lost",817,62
"1656","NOAA_survey","Florida","Key Largo Dry Rocks","KL1",NA,NA,25.123581,-80.297359,"2.1",2014,"field","KL1-t239",525,472.5,72.8058510638298,-458.676861702128,"N",1.03013698630137,NA,"dead = complete mortality or lost",817,62
"1657","NOAA_survey","Florida","Key Largo Dry Rocks","KL1",NA,NA,25.123581,-80.297359,"2.1",2015,"field","KL1-t374",55,27.5,15.2932960893855,43.3310055865922,"N",0.980821917808219,NA,"dead = complete mortality or lost",817,62
"1658","NOAA_survey","Florida","Key Largo Dry Rocks","KL1",NA,NA,25.123581,-80.297359,"2.1",2008,"field","KL1-t904",100,90,84.7741935483871,68.1333333333333,"N",1.27397260273973,NA,"dead = complete mortality or lost",817,62
"1659","NOAA_survey","Florida","Key Largo Dry Rocks","KL3",NA,NA,25.122538,-80.298287,"3",2007,"field","KL3-t215",2728,818.4,630.650887573964,546.852071005917,"N",0.926027397260274,NA,"dead = complete mortality or lost",817,62
"1660","NOAA_survey","Florida","Key Largo Dry Rocks","KL3",NA,NA,25.122538,-80.298287,"3",2007,"field","KL3-t216",3050,2440,637.130177514793,706.242603550296,"N",0.926027397260274,NA,"dead = complete mortality or lost",817,62
"1661","NOAA_survey","Florida","Key Largo Dry Rocks","KL3",NA,NA,25.122538,-80.298287,"3",2007,"field","KL3-t217",3900,390,0,0,"N",0.926027397260274,NA,"dead = complete mortality or lost",817,62
"1662","NOAA_survey","Florida","Key Largo Dry Rocks","KL3",NA,NA,25.122538,-80.298287,"3",2007,"field","KL3-t219",22184,4436.8,-1229.98520710059,-245.997041420119,"N",0.926027397260274,NA,"dead = complete mortality or lost",817,62
"1663","NOAA_survey","Florida","Key Largo Dry Rocks","KL3",NA,NA,25.122538,-80.298287,"3",2007,"field","KL3-t220",6160,924,453.550295857988,423.313609467456,"N",0.926027397260274,NA,"dead = complete mortality or lost",817,62
"1664","NOAA_survey","Florida","Key Largo Dry Rocks","KL3",NA,NA,25.122538,-80.298287,"3",2007,"field","KL3-t222",35,35,57.2337278106509,57.2337278106509,"N",0.926027397260274,NA,"dead = complete mortality or lost",817,62
"1665","NOAA_survey","Florida","Key Largo Dry Rocks","KL3",NA,NA,25.122538,-80.298287,"3",2007,"field","KL3-t223",756,151.2,371.479289940828,133.689349112426,"N",0.926027397260274,NA,"dead = complete mortality or lost",817,62
"1666","NOAA_survey","Florida","Key Largo Dry Rocks","KL3",NA,NA,25.122538,-80.298287,"3",2007,"field","KL3-t227",132,105.6,132.825443786982,78.7233727810651,"N",0.926027397260274,NA,"dead = complete mortality or lost",817,62
"1667","NOAA_survey","Florida","Key Largo Dry Rocks","KL3",NA,NA,25.122538,-80.298287,"3",2015,"field","KL3-t372",30,30,42.8212290502793,-30.586592178771,"N",0.980821917808219,NA,"dead = complete mortality or lost",817,62
"1668","NOAA_survey","Florida","Key Largo Dry Rocks","KL3",NA,NA,25.122538,-80.298287,"3",2015,"field","KL3-t897",182,182,26.5083798882682,15.9050279329609,"N",0.980821917808219,NA,"dead = complete mortality or lost",817,62
"1669","NOAA_survey","Florida","Key Largo Dry Rocks","KL3",NA,NA,25.122538,-80.298287,"3",2015,"field","KL3-t898",187,187,-188.617318435754,-188.617318435754,"N",0.980821917808219,NA,"dead = complete mortality or lost",817,62
"1670","NOAA_survey","Florida","Key Largo Dry Rocks","KL3",NA,NA,25.122538,-80.298287,"3",2015,"field","KL3-t899",480,480,815.642458100559,802.59217877095,"N",0.980821917808219,NA,"dead = complete mortality or lost",817,62
"1671","NOAA_survey","Florida","Key Largo Dry Rocks","KL3",NA,NA,25.122538,-80.298287,"3",2013,"field","KL3-t966",1034,878.9,-493.48,-419.458,"N",1.02739726027397,NA,"dead = complete mortality or lost",817,62
"1672","NOAA_survey","Florida","Key Largo Dry Rocks","KL3",NA,NA,25.122538,-80.298287,"3",2013,"field","KL3-t968",70,66.5,163.52,166.926666666667,"N",1.02739726027397,NA,"dead = complete mortality or lost",817,62
"1673","NOAA_survey","Florida","Key Largo Dry Rocks","KL3",NA,NA,25.122538,-80.298287,"3",2013,"field","KL3-t969",273,81.9,26.28,66.284,"N",1.02739726027397,NA,"dead = complete mortality or lost",817,62
"1674","NOAA_survey","Florida","Key Largo Dry Rocks","KL4",NA,NA,25.124294,-80.298833,"1.8",2013,"field","KL4-t851",2478,2230.2,466,125,"N",1,NA,"dead = complete mortality or lost",817,62
"1675","NOAA_survey","Florida","Key Largo Dry Rocks","KL4",NA,NA,25.124294,-80.298833,"1.8",2013,"field","KL4-t852",2200,1980,816,885.2,"N",1,NA,"dead = complete mortality or lost",817,62
"1676","NOAA_survey","Florida","Key Largo Dry Rocks","KL4",NA,NA,25.124294,-80.298833,"1.8",2013,"field","KL4-t853",15900,11925,2020,619,"N",1,NA,"dead = complete mortality or lost",817,62
"1677","NOAA_survey","Florida","Key Largo Dry Rocks","KL4",NA,NA,25.124294,-80.298833,"1.8",2013,"field","KL4-t854",646,323,488,-209.6,"Y",1,NA,"dead = complete mortality or lost",817,62
"1678","NOAA_survey","Florida","Key Largo Dry Rocks","KL4",NA,NA,25.124294,-80.298833,"1.8",2013,"field","KL4-t855",42,39.9,6,7.62,"N",1,NA,"dead = complete mortality or lost",817,62
"1679","NOAA_survey","Florida","Key Largo Dry Rocks","KL4",NA,NA,25.124294,-80.298833,"1.8",2013,"field","KL4-t856",7504,7128.8,3008,1280.8,"N",1,NA,"dead = complete mortality or lost",817,62
"1680","NOAA_survey","Florida","Key Largo Dry Rocks","KL4",NA,NA,25.124294,-80.298833,"1.8",2013,"field","KL4-t858",132,132,63,63,"N",1,NA,"dead = complete mortality or lost",817,62
"1681","NOAA_survey","Florida","Key Largo Dry Rocks","KL4",NA,NA,25.124294,-80.298833,"1.8",2015,"field","KL4-t893",5655,3110.25,-504.678770949721,-1855.84148044693,"N",0.980821917808219,NA,"dead = complete mortality or lost",817,62
"1682","NOAA_survey","Florida","Molasses Reef","ML1",NA,NA,25.00958,-80.37481,"3.7",2007,"field","ML1-t013",10935,7107.75,1304.62216624685,1983.82556675063,"N",1.08767123287671,NA,"dead = complete mortality or lost",817,65
"1683","NOAA_survey","Florida","Molasses Reef","ML1",NA,NA,25.00958,-80.37481,"3.7",2007,"field","ML1-t014",8925,2231.25,390.743073047859,-761.948992443325,"N",1.08767123287671,NA,"dead = complete mortality or lost",817,65
"1684","NOAA_survey","Florida","Molasses Reef","ML1",NA,NA,25.00958,-80.37481,"3.7",2007,"field","ML1-t015",572,486.2,117.682619647355,132.209068010076,"N",1.08767123287671,NA,"dead = complete mortality or lost",817,65
"1685","NOAA_survey","Florida","Molasses Reef","ML1",NA,NA,25.00958,-80.37481,"3.7",2007,"field","ML1-t016",4970,3976,1757.88413098237,1722.67128463476,"N",1.08767123287671,NA,"dead = complete mortality or lost",817,65
"1686","NOAA_survey","Florida","Molasses Reef","ML1",NA,NA,25.00958,-80.37481,"3.7",2007,"field","ML1-t017",2250,562.5,0,0,"N",1.08767123287671,NA,"dead = complete mortality or lost",817,65
"1687","NOAA_survey","Florida","Molasses Reef","ML1",NA,NA,25.00958,-80.37481,"3.7",2007,"field","ML1-t018",315,283.5,129.63476070529,137.633501259446,"N",1.08767123287671,NA,"dead = complete mortality or lost",817,65
"1688","NOAA_survey","Florida","Molasses Reef","ML1",NA,NA,25.00958,-80.37481,"3.7",2007,"field","ML1-t020",28620,4293,-570.025188916877,-85.5037783375315,"N",1.08767123287671,NA,"dead = complete mortality or lost",817,65
"1689","NOAA_survey","Florida","Molasses Reef","ML1",NA,NA,25.00958,-80.37481,"3.7",2007,"field","ML1-t022",540,513,-27.5818639798489,-143.425692695214,"N",1.08767123287671,NA,"dead = complete mortality or lost",817,65
"1690","NOAA_survey","Florida","Molasses Reef","ML1",NA,NA,25.00958,-80.37481,"3.7",2014,"field","ML1-t234",63,28.35,-36.7097701149425,-12.114224137931,"N",0.953424657534247,NA,"dead = complete mortality or lost",817,65
"1691","NOAA_survey","Florida","Molasses Reef","ML1",NA,NA,25.00958,-80.37481,"3.7",2015,"field","ML1-t882",1008,403.2,-999.915966386554,-381.563025210084,"N",0.978082191780822,NA,"dead = complete mortality or lost",817,65
"1692","NOAA_survey","Florida","Molasses Reef","ML1",NA,NA,25.00958,-80.37481,"3.7",2008,"field","ML1-t920",70,56,-15.8695652173913,-23.4076086956522,"N",1.00821917808219,NA,"dead = complete mortality or lost",817,65
"1693","NOAA_survey","Florida","Molasses Reef","ML2",NA,NA,25.009122,-80.374734,"5.5",2007,"field","ML2-t126",37600,13160,758.441558441559,2085.71428571429,"N",1.05479452054794,NA,"dead = complete mortality or lost",817,65
"1694","NOAA_survey","Florida","Molasses Reef","ML2",NA,NA,25.009122,-80.374734,"5.5",2007,"field","ML2-t127",1476,1328.4,648.467532467533,583.620779220779,"N",1.05479452054794,NA,"dead = complete mortality or lost",817,65
"1695","NOAA_survey","Florida","Molasses Reef","ML2",NA,NA,25.009122,-80.374734,"5.5",2007,"field","ML2-t128",910,864.5,-197.194805194805,-320.441558441559,"N",1.05479452054794,NA,"dead = complete mortality or lost",817,65
"1696","NOAA_survey","Florida","Molasses Reef","ML2",NA,NA,25.009122,-80.374734,"5.5",2007,"field","ML2-t129",16800,4200,631.402597402598,-670.083116883117,"N",1.05479452054794,NA,"dead = complete mortality or lost",817,65
"1697","NOAA_survey","Florida","Molasses Reef","ML2",NA,NA,25.009122,-80.374734,"5.5",2007,"field","ML2-t130",14025,5610,782.142857142857,-1095,"N",1.05479452054794,NA,"dead = complete mortality or lost",817,65
"1698","NOAA_survey","Florida","Molasses Reef","ML2",NA,NA,25.009122,-80.374734,"5.5",2007,"field","ML2-t131",12420,3105,0,1177.48051948052,"N",1.05479452054794,NA,"dead = complete mortality or lost",817,65
"1699","NOAA_survey","Florida","Molasses Reef","ML2",NA,NA,25.009122,-80.374734,"5.5",2007,"field","ML2-t132",17226,10335.6,-2337.8961038961,-2802.06233766234,"N",1.05479452054794,NA,"dead = complete mortality or lost",817,65
"1700","NOAA_survey","Florida","Molasses Reef","ML2",NA,NA,25.009122,-80.374734,"5.5",2007,"field","ML2-t137",49,49,-6.63636363636364,-6.63636363636364,"N",1.05479452054794,NA,"dead = complete mortality or lost",817,65
"1701","NOAA_survey","Florida","Molasses Reef","ML2",NA,NA,25.009122,-80.374734,"5.5",2007,"field","ML2-t141",875,218.75,-109.974025974026,-27.4935064935065,"N",1.05479452054794,NA,"dead = complete mortality or lost",817,65
"1702","NOAA_survey","Florida","Molasses Reef","ML2",NA,NA,25.009122,-80.374734,"5.5",2014,"field","ML2-t249",80,76,0,3.32763532763533,"N",0.961643835616439,NA,"dead = complete mortality or lost",817,65
"1703","NOAA_survey","Florida","Molasses Reef","ML2",NA,NA,25.009122,-80.374734,"5.5",2017,"field","ML2-t442",15,15,19.4666666666667,12.6533333333333,"N",1.02739726027397,NA,"dead = complete mortality or lost",817,65
"1704","NOAA_survey","Florida","Molasses Reef","ML2",NA,NA,25.009122,-80.374734,"5.5",2015,"field","ML2-t868",1215,303.75,582.773109243697,54.4432773109244,"N",0.978082191780822,NA,"dead = complete mortality or lost",817,65
"1705","NOAA_survey","Florida","Molasses Reef","ML2",NA,NA,25.009122,-80.374734,"5.5",2015,"field","ML2-t869",532,133,-22.4929971988796,-109.908963585434,"N",0.978082191780822,NA,"dead = complete mortality or lost",817,65
"1706","NOAA_survey","Florida","Molasses Reef","ML2",NA,NA,25.009122,-80.374734,"5.5",2013,"field","ML2-t952",480,408,205.944584382872,142.690176322418,"N",1.08767123287671,NA,"dead = complete mortality or lost",817,65
"1707","NOAA_survey","Florida","Molasses Reef","ML2",NA,NA,25.009122,-80.374734,"5.5",2013,"field","ML2-t954",48,48,-11.9521410579345,-13.5610831234257,"N",1.08767123287671,NA,"dead = complete mortality or lost",817,65
"1708","NOAA_survey","Florida","Molasses Reef","ML3",NA,NA,25.010151,-80.373305,"4.3",2007,"field","ML3-t144",9350,5610,390.743073047859,683.800377833753,"N",1.08767123287671,NA,"dead = complete mortality or lost",817,65
"1709","NOAA_survey","Florida","Molasses Reef","ML3",NA,NA,25.010151,-80.373305,"4.3",2007,"field","ML3-t145",9675,9481.5,1001.22166246851,-305.331234256927,"N",1.08767123287671,NA,"dead = complete mortality or lost",817,65
"1710","NOAA_survey","Florida","Molasses Reef","ML3",NA,NA,25.010151,-80.373305,"4.3",2007,"field","ML3-t146",16950,12712.5,1627.32997481108,2081.0516372796,"N",1.08767123287671,NA,"dead = complete mortality or lost",817,65
"1711","NOAA_survey","Florida","Molasses Reef","ML3",NA,NA,25.010151,-80.373305,"4.3",2007,"field","ML3-t147",46000,18400,919.395465994962,367.758186397985,"N",1.08767123287671,NA,"dead = complete mortality or lost",817,65
"1712","NOAA_survey","Florida","Molasses Reef","ML3",NA,NA,25.010151,-80.373305,"4.3",2007,"field","ML3-t148",9430,5186.5,487.27959697733,-189.85516372796,"N",1.08767123287671,NA,"dead = complete mortality or lost",817,65
"1713","NOAA_survey","Florida","Molasses Reef","ML3",NA,NA,25.010151,-80.373305,"4.3",2007,"field","ML3-t150",960,864,428.438287153652,516.700251889169,"N",1.08767123287671,NA,"dead = complete mortality or lost",817,65
"1714","NOAA_survey","Florida","Molasses Reef","ML3",NA,NA,25.010151,-80.373305,"4.3",2007,"field","ML3-t184",31840,31203.2,2767.38035264484,1750.80478589421,"N",1.08767123287671,NA,"dead = complete mortality or lost",817,65
"1715","NOAA_survey","Florida","Molasses Reef","ML3",NA,NA,25.010151,-80.373305,"4.3",2007,"field","ML3-t185",224,224,29.4206549118388,27.0670025188917,"N",1.08767123287671,NA,"dead = complete mortality or lost",817,65
"1716","NOAA_survey","Florida","Molasses Reef","ML3",NA,NA,25.010151,-80.373305,"4.3",2007,"field","ML3-t186",696,696,88.2619647355164,51.8539042821158,"N",1.08767123287671,NA,"dead = complete mortality or lost",817,65
"1717","NOAA_survey","Florida","Molasses Reef","ML3",NA,NA,25.010151,-80.373305,"4.3",2018,"field","ML3-t465",60,60,0,0,"N",0.975342465753425,NA,"dead = complete mortality or lost",817,65
"1718","NOAA_survey","Florida","Molasses Reef","ML3",NA,NA,25.010151,-80.373305,"4.3",2008,"field","ML3-t915",1634,1617.66,881.509433962264,524.222641509434,"N",1.01643835616438,NA,"dead = complete mortality or lost",817,65
"1719","NOAA_survey","Florida","Molasses Reef","ML3",NA,NA,25.010151,-80.373305,"4.3",2013,"field","ML3-t955",9676,7740.8,383.717948717949,306.974358974359,"N",1.06849315068493,NA,"dead = complete mortality or lost",817,65
"1720","NOAA_survey","Florida","Molasses Reef","ML3",NA,NA,25.010151,-80.373305,"4.3",2013,"field","ML3-t956",154,154,95.4615384615385,95.4615384615385,"N",1.06849315068493,NA,"dead = complete mortality or lost",817,65
"1721","NOAA_survey","Florida","Sand Island","SI1",NA,NA,25.018314,-80.368583,"3.7",2022,"field","SI1-t110",147,124.95,-39.6598939929329,-32.9370583038869,"N",3.1013698630137,NA,"dead = complete mortality or lost",817,71
"1722","NOAA_survey","Florida","Sand Island","SI1",NA,NA,25.018314,-80.368583,"3.7",2012,"field","SI1-t302",12672,7603.2,2502.85714285714,3820.53781512605,"N",0.978082191780822,NA,"dead = complete mortality or lost",817,71
"1723","NOAA_survey","Florida","Sand Island","SI1",NA,NA,25.018314,-80.368583,"3.7",2014,"field","SI1-t303",88,83.6,10.822102425876,10.2809973045822,"N",1.01643835616438,NA,"dead = complete mortality or lost",817,71
"1724","NOAA_survey","Florida","Sand Island","SI1",NA,NA,25.018314,-80.368583,"3.7",2012,"field","SI1-t305",50,35,5.11204481792717,17.6365546218487,"N",0.978082191780822,NA,"dead = complete mortality or lost",817,71
"1725","NOAA_survey","Florida","Sand Island","SI1",NA,NA,25.018314,-80.368583,"3.7",2014,"field","SI1-t307",7038,2815.2,-123.962264150943,-49.5849056603774,"N",1.01643835616438,NA,"dead = complete mortality or lost",817,71
"1726","NOAA_survey","Florida","Sand Island","SI1",NA,NA,25.018314,-80.368583,"3.7",2012,"field","SI1-t308",4536,2041.2,24.5378151260504,11.0420168067226,"N",0.978082191780822,NA,"dead = complete mortality or lost",817,71
"1727","NOAA_survey","Florida","Sand Island","SI1",NA,NA,25.018314,-80.368583,"3.7",2014,"field","SI1-t310",5,4.5,8.8544474393531,6.59164420485175,"N",1.01643835616438,NA,"dead = complete mortality or lost",817,71
"1728","NOAA_survey","Florida","Sand Island","SI1",NA,NA,25.018314,-80.368583,"3.7",2012,"field","SI1-t312",572,286,-48.0532212885154,83.3263305322129,"N",0.978082191780822,NA,"dead = complete mortality or lost",817,71
"1729","NOAA_survey","Florida","Sand Island","SI1",NA,NA,25.018314,-80.368583,"3.7",2012,"field","SI1-t319",5580,55.8,-925.280112044818,181.937675070028,"N",0.978082191780822,NA,"dead = complete mortality or lost",817,71
"1730","NOAA_survey","Florida","Sand Island","SI1",NA,NA,25.018314,-80.368583,"3.7",2014,"field","SI1-t332",22176,14414.4,1642.01846965699,1067.31200527704,"N",1.03835616438356,NA,"dead = complete mortality or lost",817,71
"1731","NOAA_survey","Florida","Sand Island","SI1",NA,NA,25.018314,-80.368583,"3.7",2016,"field","SI1-t403",4100,3690,792.08211143695,-64.2228739002933,"N",0.934246575342466,NA,"dead = complete mortality or lost",817,71
"1732","NOAA_survey","Florida","Sand Island","SI1",NA,NA,25.018314,-80.368583,"3.7",2018,"field","SI1-t477",25696,20556.8,1221.38504155125,-1743.1024930748,"N",0.989041095890411,NA,"dead = complete mortality or lost",817,71
"1733","NOAA_survey","Florida","Sand Island","SI1",NA,NA,25.018314,-80.368583,"3.7",2013,"field","SI1-t957",1504,75.2,-1402.76349614396,-62.1156812339332,"N",1.06575342465753,NA,"dead = complete mortality or lost",817,71
"1734","NOAA_survey","Florida","Sand Island","SI1",NA,NA,25.018314,-80.368583,"3.7",2013,"field","SI1-t958",210,207.9,42.2236503856041,41.801413881748,"N",1.06575342465753,NA,"dead = complete mortality or lost",817,71
"1735","NOAA_survey","Florida","Sand Island","SI1",NA,NA,25.018314,-80.368583,"3.7",2013,"field","SI1-t959",255,252.45,253.341902313625,250.808483290488,"N",1.06575342465753,NA,"dead = complete mortality or lost",817,71
"1736","NOAA_survey","Florida","Sand Island","SI2",NA,NA,25.018249,-80.368447,"3.4",2014,"field","SI2-t313",13870,10402.5,1786.68508287293,2128.5953038674,"N",0.991780821917808,NA,"dead = complete mortality or lost",817,71
"1737","NOAA_survey","Florida","Sand Island","SI2",NA,NA,25.018249,-80.368447,"3.4",2012,"field","SI2-t323",7802,3510.9,396.694677871148,-240.163865546219,"N",0.978082191780822,NA,"dead = complete mortality or lost",817,71
"1738","NOAA_survey","Florida","Sand Island","SI2",NA,NA,25.018249,-80.368447,"3.4",2012,"field","SI2-t324",12369,10513.65,1534.63585434174,1304.44047619048,"N",0.978082191780822,NA,"dead = complete mortality or lost",817,71
"1739","NOAA_survey","Florida","Sand Island","SI2",NA,NA,25.018249,-80.368447,"3.4",2012,"field","SI2-t326",14094,7751.7,2490.58823529412,2214.84453781513,"N",0.978082191780822,NA,"dead = complete mortality or lost",817,71
"1740","NOAA_survey","Florida","Sand Island","SI2",NA,NA,25.018249,-80.368447,"3.4",2012,"field","SI2-t330",1443,144.3,63.3893557422969,160.211484593837,"N",0.978082191780822,NA,"dead = complete mortality or lost",817,71
"1741","NOAA_survey","Florida","Sand Island","SI2",NA,NA,25.018249,-80.368447,"3.4",2014,"field","SI2-t331",336,268.8,269.656992084433,275.050131926121,"N",1.03835616438356,NA,"dead = complete mortality or lost",817,71
"1742","NOAA_survey","Florida","Sand Island","SI2",NA,NA,25.018249,-80.368447,"3.4",2012,"field","SI2-t334",56425,31033.75,4912.67507002801,2701.9712885154,"N",0.978082191780822,NA,"dead = complete mortality or lost",817,71
"1743","NOAA_survey","Florida","Sand Island","SI2",NA,NA,25.018249,-80.368447,"3.4",2015,"field","SI2-t399",4424,3760.4,344.339622641509,-176.990566037736,"N",1.01643835616438,NA,"dead = complete mortality or lost",817,71
"1744","NOAA_survey","Florida","Sand Island","SI2",NA,NA,25.018249,-80.368447,"3.4",2017,"field","SI2-t435",5372,5372,1808.18428184282,1808.18428184282,"N",1.01095890410959,NA,"dead = complete mortality or lost",817,71
"1745","NOAA_survey","Florida","Sand Island","SI2",NA,NA,25.018249,-80.368447,"3.4",2018,"field","SI2-t479",3180,3148.2,727.97783933518,365.808864265928,"N",0.989041095890411,NA,"dead = complete mortality or lost",817,71
"1746","NOAA_survey","Florida","Sand Island","SI2",NA,NA,25.018249,-80.368447,"3.4",2013,"field","SI2-t960",5915,5915,1178.45477386935,848.304020100502,"N",1.09041095890411,NA,"dead = complete mortality or lost",817,71
"1747","NOAA_survey","Florida","Sand Island","SI2",NA,NA,25.018249,-80.368447,"3.4",2013,"field","SI2-t961",2090,2069.1,226.520100502513,138.525753768844,"N",1.09041095890411,NA,"dead = complete mortality or lost",817,71
"1748","NOAA_survey","Florida","Sand Island","SI2",NA,NA,25.018249,-80.368447,"3.4",2013,"field","SI2-t962",14960,9724,3070.40201005025,2835.26130653266,"N",1.09041095890411,NA,"dead = complete mortality or lost",817,71
"1749","NOAA_survey","Florida","Sand Island","SI3",NA,NA,25.018128,-80.368348,"3.7",2014,"field","SI3-t315",15,13.5,8.8544474393531,9.14959568733153,"N",1.01643835616438,NA,"dead = complete mortality or lost",817,71
"1750","NOAA_survey","Florida","Sand Island","SI3",NA,NA,25.018128,-80.368348,"3.7",2014,"field","SI3-t316",120,120,116.091644204852,116.091644204852,"N",1.01643835616438,NA,"dead = complete mortality or lost",817,71
"1751","NOAA_survey","Florida","Sand Island","SI3",NA,NA,25.018128,-80.368348,"3.7",2014,"field","SI3-t317",300,300,361.064690026954,328.254043126685,"N",1.01643835616438,NA,"dead = complete mortality or lost",817,71
"1752","NOAA_survey","Florida","Sand Island","SI3",NA,NA,25.018128,-80.368348,"3.7",2012,"field","SI3-t338",406,324.8,335.92032967033,343.039835164835,"N",0.997260273972603,NA,"dead = complete mortality or lost",817,71
"1753","NOAA_survey","Florida","Sand Island","SI3",NA,NA,25.018128,-80.368348,"3.7",2012,"field","SI3-t340",234,163.8,111.304945054945,129.805631868132,"N",0.997260273972603,NA,"dead = complete mortality or lost",817,71
"1754","NOAA_survey","Florida","Sand Island","SI3",NA,NA,25.018128,-80.368348,"3.7",2012,"field","SI3-t341",12474,8731.8,-447.225274725275,893.046703296704,"N",0.997260273972603,NA,"dead = complete mortality or lost",817,71
"1755","NOAA_survey","Florida","Sand Island","SI3",NA,NA,25.018128,-80.368348,"3.7",2012,"field","SI3-t345",48,38.4,-8.02197802197802,-4.41208791208792,"N",0.997260273972603,NA,"dead = complete mortality or lost",817,71
"1756","NOAA_survey","Florida","Sand Island","SI3",NA,NA,25.018128,-80.368348,"3.7",2012,"field","SI3-t346",288,288,287.788461538462,287.788461538462,"N",0.997260273972603,NA,"dead = complete mortality or lost",817,71
"1757","NOAA_survey","Florida","Sand Island","SI3",NA,NA,25.018128,-80.368348,"3.7",2013,"field","SI3-t964",2400,24,0,0,"N",1.05479452054795,NA,"dead = complete mortality or lost",817,71
"1758","NOAA_survey","Florida","Turtle Rocks","TR1",NA,NA,25.28067,-80.20888,"2.4",2013,"field","TR1-t941",22650,4530,-3125.74525745257,-625.149051490515,"N",2.02191780821918,NA,"dead = complete mortality or lost",817,61
"1759","NOAA_survey","Navassa","LuLu Bay","LB2",NA,NA,18.396387,-75.018835,"5.5",2012,"field","LB2-t251",260,254.8,-36.6713615023474,-37.5110328638498,"N",2.91780821917808,NA,"dead = complete mortality or lost",817,24
"1760","NOAA_survey","Navassa","Northwest Point","NW1",NA,NA,18.413855,-75.029866,"6.7",2012,"field","NW1-t331",20,20,7.56833176248822,7.56833176248822,"N",2.90684931506849,NA,"dead = complete mortality or lost",817,26
"1761","NOAA_survey","Navassa","Northwest Point","NW1",NA,NA,18.413855,-75.029866,"6.7",2012,"field","NW1-t332",35,35,7.22431668237512,7.22431668237512,"N",2.90684931506849,NA,"dead = complete mortality or lost",817,26
"1762","NOAA_survey","Navassa","Northwest Point","NW2",NA,NA,18.413941,-75.029636,"7",2012,"field","NW2-t314",156,140.4,23.6701127819549,13.5845864661654,"N",2.91506849315068,NA,"dead = complete mortality or lost",817,26
"1763","NOAA_survey","Curacao","Blue Baai","BB1",NA,NA,12.135109,-68.986818,"3",2010,"field","BB1-t237",37400,24310,3505.15873015873,2278.35317460317,"N",0.863013698630137,NA,"dead = complete mortality or lost",817,50
"1764","NOAA_survey","Curacao","Blue Baai","BB1",NA,NA,12.135109,-68.986818,"3",2010,"field","BB1-t238",2200,1650,662.79365079365,818.295238095238,"N",0.863013698630137,NA,"dead = complete mortality or lost",817,50
"1765","NOAA_survey","Curacao","Blue Baai","BB1",NA,NA,12.135109,-68.986818,"3",2010,"field","BB1-t239",1147,1147,495.936507936508,404.686507936508,"N",0.863013698630137,NA,"dead = complete mortality or lost",817,50
"1766","NOAA_survey","Curacao","Blue Baai","BB1",NA,NA,12.135109,-68.986818,"3",2010,"field","BB1-t240",10125,8606.25,0,586.607142857143,"N",0.863013698630137,NA,"dead = complete mortality or lost",817,50
"1767","NOAA_survey","Curacao","Blue Baai","BB1",NA,NA,12.135109,-68.986818,"3",2010,"field","BB1-t241",18850,11310,-1176.11111111111,1360.92857142857,"N",0.863013698630137,NA,"dead = complete mortality or lost",817,50
"1768","NOAA_survey","Curacao","Blue Baai","BB1",NA,NA,12.135109,-68.986818,"3",2010,"field","BB1-t242",550,550,50.984126984127,50.984126984127,"N",0.863013698630137,NA,"dead = complete mortality or lost",817,50
"1769","NOAA_survey","Curacao","Blue Baai","BB1",NA,NA,12.135109,-68.986818,"3",2010,"field","BB1-t243",960,912,55.6190476190476,52.8380952380951,"N",0.863013698630137,NA,"dead = complete mortality or lost",817,50
"1770","NOAA_survey","Curacao","Blue Baai","BB1",NA,NA,12.135109,-68.986818,"3",2010,"field","BB1-t244",2800,2240,1601.36507936508,1523.38253968254,"Y",0.863013698630137,NA,"dead = complete mortality or lost",817,50
"1771","NOAA_survey","Curacao","Blue Baai","BB1",NA,NA,12.135109,-68.986818,"3",2010,"field","BB1-t245",11050,8840,2458.8253968254,2730.2,"N",0.863013698630137,NA,"dead = complete mortality or lost",817,50
"1772","NOAA_survey","Curacao","Blue Baai","BB1",NA,NA,12.135109,-68.986818,"3",2010,"field","BB1-t248",300,300,194.666666666667,167.552380952381,"N",0.863013698630137,NA,"dead = complete mortality or lost",817,50
"1773","NOAA_survey","Curacao","Blue Baai","BB1",NA,NA,12.135109,-68.986818,"3",2014,"field","BB1-t396",2961,1480.5,-252,686.7,"N",1,NA,"dead = complete mortality or lost",817,50
"1774","NOAA_survey","Curacao","Blue Baai","BB2",NA,NA,12.135202,-68.987383,"3",2010,"field","BB2-t249",4000,2000,-1255.41401273885,560.286624203821,"N",0.86027397260274,NA,"dead = complete mortality or lost",817,50
"1775","NOAA_survey","Curacao","Blue Baai","BB2",NA,NA,12.135202,-68.987383,"3",2010,"field","BB2-t251",11500,6900,668.391719745223,401.035031847134,"N",0.86027397260274,NA,"dead = complete mortality or lost",817,50
"1776","NOAA_survey","Curacao","Blue Baai","BB2",NA,NA,12.135202,-68.987383,"3",2010,"field","BB2-t253",4675,4441.25,1412.34076433121,1341.72372611465,"N",0.86027397260274,NA,"dead = complete mortality or lost",817,50
"1777","NOAA_survey","Curacao","Blue Baai","BB2",NA,NA,12.135202,-68.987383,"3",2010,"field","BB2-t254",960,912,145.302547770701,74.9761146496815,"N",0.86027397260274,NA,"dead = complete mortality or lost",817,50
"1778","NOAA_survey","Curacao","Blue Baai","BB2",NA,NA,12.135202,-68.987383,"3",2010,"field","BB2-t260",3825,1147.5,0,-666.938694267516,"N",0.86027397260274,NA,"dead = complete mortality or lost",817,50
"1779","NOAA_survey","Curacao","Blue Baai","BB2",NA,NA,12.135202,-68.987383,"3",2010,"field","BB2-t261",8400,1680,610.270700636942,122.054140127389,"Y",0.86027397260274,NA,"dead = complete mortality or lost",817,50
"1780","NOAA_survey","Curacao","Blue Baai","BB2",NA,NA,12.135202,-68.987383,"3",2015,"field","BB2-t285",936,842.4,564.442970822281,360.933687002653,"N",1.03287671232877,NA,"dead = complete mortality or lost",817,50
"1781","NOAA_survey","Curacao","Blue Baai","BB2",NA,NA,12.135202,-68.987383,"3",2015,"field","BB2-t286",1749,1311.75,848.116710875332,381.942970822281,"N",1.03287671232877,NA,"dead = complete mortality or lost",817,50
"1782","NOAA_survey","Curacao","Blue Baai","BB2",NA,NA,12.135202,-68.987383,"3",2015,"field","BB2-t287",8910,7128,-2352.6525198939,-1568.4350132626,"N",1.03287671232877,NA,"dead = complete mortality or lost",817,50
"1783","NOAA_survey","Curacao","Blue Baai","BB2",NA,NA,12.135202,-68.987383,"3",2014,"field","BB2-t391",5952,1488,-556.475409836066,-408.081967213115,"N",1.0027397260274,NA,"dead = complete mortality or lost",817,50
"1784","NOAA_survey","Curacao","Blue Baai","BB2",NA,NA,12.135202,-68.987383,"3",2014,"field","BB2-t393",588,499.8,55.8469945355191,79.5819672131148,"N",1.0027397260274,NA,"dead = complete mortality or lost",817,50
"1785","NOAA_survey","Curacao","Blue Baai","BB3",NA,NA,12.135267,-68.987104,"2.7",2010,"field","BB3-t264",21000,15750,-7218.6305732484,-5413.9729299363,"N",0.86027397260274,NA,"dead = complete mortality or lost",817,50
"1786","NOAA_survey","Curacao","Blue Baai","BB3",NA,NA,12.135267,-68.987104,"2.7",2010,"field","BB3-t265",9350,5610,1685.50955414013,-244.108280254777,"N",0.86027397260274,NA,"dead = complete mortality or lost",817,50
"1787","NOAA_survey","Curacao","Blue Baai","BB3",NA,NA,12.135267,-68.987104,"2.7",2010,"field","BB3-t266",5625,1125,-2760.74840764331,14.5302547770701,"N",0.86027397260274,NA,"dead = complete mortality or lost",817,50
"1788","NOAA_survey","Curacao","Blue Baai","BB3",NA,NA,12.135267,-68.987104,"2.7",2010,"field","BB3-t267",4800,2880,-453.343949044586,-272.006369426752,"N",0.86027397260274,NA,"dead = complete mortality or lost",817,50
"1789","NOAA_survey","Curacao","Blue Baai","BB3",NA,NA,12.135267,-68.987104,"2.7",2010,"field","BB3-t269",5700,2850,1307.72292993631,653.861464968153,"N",0.86027397260274,NA,"dead = complete mortality or lost",817,50
"1790","NOAA_survey","Curacao","Blue Baai","BB3",NA,NA,12.135267,-68.987104,"2.7",2014,"field","BB3-t370",630,378,53.8524590163934,100.524590163934,"N",1.0027397260274,NA,"dead = complete mortality or lost",817,50
"1791","NOAA_survey","Curacao","Blue Baai","BB3",NA,NA,12.135267,-68.987104,"2.7",2014,"field","BB3-t377",3300,2640,-51.8579234972678,282.426229508197,"N",1.0027397260274,NA,"dead = complete mortality or lost",817,50
"1792","NOAA_survey","Curacao","Blue Baai","BB3",NA,NA,12.135267,-68.987104,"2.7",2014,"field","BB3-t378",2795,2236,633.265027322404,164.549180327869,"N",1.0027397260274,NA,"dead = complete mortality or lost",817,50
"1793","NOAA_survey","Curacao","Blue Baai","BB3",NA,NA,12.135267,-68.987104,"2.7",2014,"field","BB3-t379",7500,375,-299.180327868852,-14.9590163934426,"N",1.0027397260274,NA,"dead = complete mortality or lost",817,50
"1794","NOAA_survey","Curacao","Boca Santa Marta","SM1",NA,NA,12.268331,-69.129461,"2.7",2010,"field","SM1-t342",616,184.8,16.1708860759494,4.85126582278483,"N",0.865753424657535,NA,"dead = complete mortality or lost",817,40
"1795","NOAA_survey","Curacao","Boca Santa Marta","SM1",NA,NA,12.268331,-69.129461,"2.7",2010,"field","SM1-t345",8100,6075,4937.89556962025,5132.8125,"N",0.865753424657535,NA,"dead = complete mortality or lost",817,40
"1796","NOAA_survey","Curacao","Boca Santa Marta","SM1",NA,NA,12.268331,-69.129461,"2.7",2010,"field","SM1-t352",1350,270,-200.981012658228,95.6392405063291,"N",0.865753424657535,NA,"dead = complete mortality or lost",817,40
"1797","NOAA_survey","Curacao","Boca Santa Marta","SM1",NA,NA,12.268331,-69.129461,"2.7",2010,"field","SM1-t353",12100,9680,1270.56962025316,2541.13924050633,"N",0.865753424657535,NA,"dead = complete mortality or lost",817,40
"1798","NOAA_survey","Curacao","Boca Santa Marta","SM1",NA,NA,12.268331,-69.129461,"2.7",2010,"field","SM1-t354",7840,7761.6,5498.10126582278,4133.27848101266,"N",0.865753424657535,NA,"dead = complete mortality or lost",817,40
"1799","NOAA_survey","Curacao","Boca Santa Marta","SM1",NA,NA,12.268331,-69.129461,"2.7",2010,"field","SM1-t355",3250,2275,565.981012658228,396.186708860759,"N",0.865753424657535,NA,"dead = complete mortality or lost",817,40
"1800","NOAA_survey","Curacao","Boca Santa Marta","SM2",NA,NA,12.267807,-69.128565,"2.4",2010,"field","SM2-t359",12325,8011.25,3130.22151898734,2902.9628164557,"N",0.865753424657535,NA,"dead = complete mortality or lost",817,40
"1801","NOAA_survey","Curacao","Sea Aquarium Reef","SQ1",NA,NA,12.084208,-68.893882,"3.9",2010,"field","SQ1-t202",10800,9720,924.198717948718,831.778846153846,"N",0.854794520547945,NA,"dead = complete mortality or lost",817,56
"1802","NOAA_survey","Curacao","Sea Aquarium Reef","SQ1",NA,NA,12.084208,-68.893882,"3.9",2010,"field","SQ1-t203",1000,100,-46.7948717948718,51.474358974359,"N",0.854794520547945,NA,"dead = complete mortality or lost",817,56
"1803","NOAA_survey","Curacao","Sea Aquarium Reef","SQ1",NA,NA,12.084208,-68.893882,"3.9",2010,"field","SQ1-t204",2100,420,-643.429487179487,-128.685897435897,"N",0.854794520547945,NA,"dead = complete mortality or lost",817,56
"1804","NOAA_survey","Curacao","Sea Aquarium Reef","SQ1",NA,NA,12.084208,-68.893882,"3.9",2010,"field","SQ1-t205",41400,24840,-8189.10256410256,-6925.64102564103,"N",0.854794520547945,NA,"dead = complete mortality or lost",817,56
"1805","NOAA_survey","Curacao","Sea Aquarium Reef","SQ1",NA,NA,12.084208,-68.893882,"3.9",2010,"field","SQ1-t209",7350,2205,1930.28846153846,52.6442307692308,"N",0.854794520547945,NA,"dead = complete mortality or lost",817,56
"1806","NOAA_survey","Curacao","Sea Aquarium Reef","SQ1",NA,NA,12.084208,-68.893882,"3.9",2010,"field","SQ1-t210",22500,9000,-14091.1057692308,-8082.64423076923,"N",0.854794520547945,NA,"dead = complete mortality or lost",817,56
"1807","NOAA_survey","Curacao","Sea Aquarium Reef","SQ1",NA,NA,12.084208,-68.893882,"3.9",2010,"field","SQ1-t211",680,408,23.3974358974359,14.0384615384615,"N",0.854794520547945,NA,"dead = complete mortality or lost",817,56
"1808","NOAA_survey","Curacao","Sea Aquarium Reef","SQ1",NA,NA,12.084208,-68.893882,"3.9",2015,"field","SQ1-t273",15375,3075,-1049.0157480315,-893.818897637795,"N",1.04383561643836,NA,"dead = complete mortality or lost",817,56
"1809","NOAA_survey","Curacao","Sea Aquarium Reef","SQ2",NA,NA,12.083209,-68.895032,"4.5",2010,"field","SQ2-t214",1224,979.2,205.239616613418,245.821086261981,"N",0.857534246575343,NA,"dead = complete mortality or lost",817,56
"1810","NOAA_survey","Curacao","Sea Aquarium Reef","SQ2",NA,NA,12.083209,-68.895032,"4.5",2010,"field","SQ2-t216",8740,8652.6,3159.05750798722,2993.95623003195,"N",0.857534246575343,NA,"dead = complete mortality or lost",817,56
"1811","NOAA_survey","Curacao","Sea Aquarium Reef","SQ2",NA,NA,12.083209,-68.895032,"4.5",2010,"field","SQ2-t218",14725,11780,4956.07028753994,5071.22603833866,"N",0.857534246575343,NA,"dead = complete mortality or lost",817,56
"1812","NOAA_survey","Curacao","Sea Aquarium Reef","SQ2",NA,NA,12.083209,-68.895032,"4.5",2010,"field","SQ2-t223",10400,3640,-3819.08945686901,1986.80111821086,"N",0.857534246575343,NA,"dead = complete mortality or lost",817,56
"1813","NOAA_survey","Curacao","Sea Aquarium Reef","SQ2",NA,NA,12.083209,-68.895032,"4.5",2014,"field","SQ2-t380",2912,291.2,-483.324175824176,73.5013736263737,"N",0.997260273972602,NA,"dead = complete mortality or lost",817,56
"1814","NOAA_survey","Curacao","Sea Aquarium Reef","SQ2",NA,NA,12.083209,-68.895032,"4.5",2014,"field","SQ2-t381",3072,2457.6,1490.08241758242,735.013736263736,"N",0.997260273972602,NA,"dead = complete mortality or lost",817,56
"1815","NOAA_survey","Curacao","Sea Aquarium Reef","SQ2",NA,NA,12.083209,-68.895032,"4.5",2014,"field","SQ2-t383",1872,1872,1251.42857142857,1251.42857142857,"N",0.997260273972602,NA,"dead = complete mortality or lost",817,56
"1816","NOAA_survey","Curacao","Sea Aquarium Reef","SQ2",NA,NA,12.083209,-68.895032,"4.5",2014,"field","SQ2-t386",1836,1285.2,1512.14285714286,1393.81868131868,"N",0.997260273972602,NA,"dead = complete mortality or lost",817,56
"1817","NOAA_survey","Curacao","Sea Aquarium Reef","SQ3",NA,NA,12.083075,-68.895931,"3.3",2010,"field","SQ3-t226",6900,1380,291.533546325879,58.3067092651757,"N",0.857534246575342,NA,"dead = complete mortality or lost",817,56
"1818","NOAA_survey","Curacao","Sea Aquarium Reef","SQ3",NA,NA,12.083075,-68.895931,"3.3",2010,"field","SQ3-t227",11250,5062.5,1020.36741214058,1166.13418530351,"N",0.857534246575342,NA,"dead = complete mortality or lost",817,56
"1819","NOAA_survey","Curacao","Sea Aquarium Reef","SQ3",NA,NA,12.083075,-68.895931,"3.3",2010,"field","SQ3-t228",35100,17550,5568.29073482428,5109.12539936102,"N",0.857534246575342,NA,"dead = complete mortality or lost",817,56
"1820","NOAA_survey","Curacao","Sea Aquarium Reef","SQ3",NA,NA,12.083075,-68.895931,"3.3",2010,"field","SQ3-t229",10400,3120,1466.99680511182,1119.83865814696,"N",0.857534246575342,NA,"dead = complete mortality or lost",817,56
"1821","NOAA_survey","Curacao","Sea Aquarium Reef","SQ3",NA,NA,12.083075,-68.895931,"3.3",2010,"field","SQ3-t231",5100,3570,279.872204472844,507.268370607029,"N",0.857534246575342,NA,"dead = complete mortality or lost",817,56
"1822","NOAA_survey","Curacao","Sea Aquarium Reef","SQ3",NA,NA,12.083075,-68.895931,"3.3",2010,"field","SQ3-t232",19250,14437.5,3224.36102236422,1134.64856230032,"N",0.857534246575342,NA,"dead = complete mortality or lost",817,56
"1823","NOAA_survey","Curacao","Sea Aquarium Reef","SQ3",NA,NA,12.083075,-68.895931,"3.3",2015,"field","SQ3-t280",28165,5633,-12678.6939313984,-2535.73878627968,"N",1.03835616438356,NA,"dead = complete mortality or lost",817,56
"1824","NOAA_survey","Curacao","Sea Aquarium Reef","SQ3",NA,NA,12.083075,-68.895931,"3.3",2014,"field","SQ3-t371",18174,8178.3,1554.51790633609,-291.899449035813,"N",0.994520547945205,NA,"dead = complete mortality or lost",817,56
"1825","NOAA_survey","Curacao","Water Factory","WF1",NA,NA,12.110441,-68.956475,"3",2015,"field","WF1-t401",1190,1071,385.171052631579,346.653947368421,"N",1.04109589041096,NA,"dead = complete mortality or lost",817,40
"1826","NOAA_survey","Curacao","Water Factory","WF1",NA,NA,12.110441,-68.956475,"3",2015,"field","WF1-t402",384,384,46.1052631578947,25.3578947368421,"N",1.04109589041096,NA,"dead = complete mortality or lost",817,40
"1827","NOAA_survey","Curacao","Water Factory","WF1",NA,NA,12.110441,-68.956475,"3",2015,"field","WF1-t403",4158,3950.1,-1968.11842105263,-1788.6825,"N",1.04109589041096,NA,"dead = complete mortality or lost",817,40
"1828","NOAA_survey","Curacao","Water Factory","WF1",NA,NA,12.110441,-68.956475,"3",2015,"field","WF1-t405",225,225,1718.38157894737,1138.03157894737,"N",1.04109589041096,NA,"dead = complete mortality or lost",817,40
"1829","NOAA_survey","Curacao","Water Factory","WF1",NA,NA,12.110441,-68.956475,"3",2015,"field","WF1-t406",3432,3432,-399.578947368421,-399.578947368421,"N",1.04109589041096,NA,"dead = complete mortality or lost",817,40
"1830","NOAA_survey","Curacao","Water Factory","WF1",NA,NA,12.110441,-68.956475,"3",2015,"field","WF1-t409",3213,3213,4117.77631578948,3757.57894736842,"N",1.04109589041096,NA,"dead = complete mortality or lost",817,40
"1831","NOAA_survey","Curacao","Water Factory","WF1",NA,NA,12.110441,-68.956475,"3",2015,"field","WF1-t410",3213,2570.4,1509.94736842105,748.346052631579,"N",1.04109589041096,NA,"dead = complete mortality or lost",817,40
"1832","NOAA_survey","Curacao","Water Factory","WF1",NA,NA,12.110441,-68.956475,"3",2015,"field","WF1-t412",1435,1363.25,1609.84210526316,1529.35,"N",1.04109589041096,NA,"dead = complete mortality or lost",817,40
"1833","NOAA_survey","Curacao","Water Factory","WF2",NA,NA,12.110385,-68.956205,"3.3",2015,"field","WF2-t416",418,334.4,530.822454308094,517.575718015666,"N",1.04931506849315,NA,"dead = complete mortality or lost",817,40
"1834","NOAA_survey","Curacao","Water Factory","WF2",NA,NA,12.110385,-68.956205,"3.3",2015,"field","WF2-t417",3096,2941.2,425.039164490862,505.053263707572,"N",1.04931506849315,NA,"dead = complete mortality or lost",817,40
"1835","NOAA_survey","Curacao","Water Factory","WF2",NA,NA,12.110385,-68.956205,"3.3",2015,"field","WF2-t420",650,520,1552.44125326371,1350.54765013055,"N",1.04931506849315,NA,"dead = complete mortality or lost",817,40
"1836","NOAA_survey","Curacao","Water Factory","WF2",NA,NA,12.110385,-68.956205,"3.3",2015,"field","WF2-t421",2475,2450.25,1075.93994778068,927.795691906005,"N",1.04931506849315,NA,"dead = complete mortality or lost",817,40
"1837","NOAA_survey","Curacao","Water Factory","WF2",NA,NA,12.110385,-68.956205,"3.3",2015,"field","WF2-t422",9282,8817.9,1875.5091383812,2210.58485639687,"N",1.04931506849315,NA,"dead = complete mortality or lost",817,40
"1838","NOAA_survey","Curacao","Water Factory","WF2",NA,NA,12.110385,-68.956205,"3.3",2015,"field","WF2-t423",735,735,140.09138381201,140.09138381201,"N",1.04931506849315,NA,"dead = complete mortality or lost",817,40
"1839","NOAA_survey","Curacao","Water Factory","WF2",NA,NA,12.110385,-68.956205,"3.3",2015,"field","WF2-t424",2700,2565,771.932114882507,231.579634464752,"N",1.04931506849315,NA,"dead = complete mortality or lost",817,40
"1840","NOAA_survey","Curacao","Water Factory","WF2",NA,NA,12.110385,-68.956205,"3.3",2015,"field","WF2-t425",10625,9562.5,648.041775456919,583.237597911227,"N",1.04931506849315,NA,"dead = complete mortality or lost",817,40
"1841","NOAA_survey","Curacao","Water Factory","WF2",NA,NA,12.110385,-68.956205,"3.3",2015,"field","WF2-t427",5814,4941.9,1830.7180156658,1187.5365535248,"N",1.04931506849315,NA,"dead = complete mortality or lost",817,40
"1842","NOAA_survey","Curacao","Water Factory","WF3",NA,NA,12.109803,-68.955239,"2.7",2015,"field","WF3-t431",1015,1015,821.010498687664,821.010498687664,"N",1.04383561643836,NA,"dead = complete mortality or lost",817,40
"1843","NOAA_survey","Curacao","Water Factory","WF3",NA,NA,12.109803,-68.955239,"2.7",2015,"field","WF3-t433",16650,13320,-3839.68503937008,-3071.74803149606,"N",1.04383561643836,NA,"dead = complete mortality or lost",817,40
"1844","NOAA_survey","Florida","Carysfort Reef","CF1",NA,NA,25.22194,-80.21055,"2.1",2008,"field","CF1-t024",7600,2280,-1903.70619946092,-1128.45013477089,"N",1.01643835616438,NA,"dead = complete mortality or lost",817,74
"1845","NOAA_survey","Florida","Carysfort Reef","CF1",NA,NA,25.22194,-80.21055,"2.1",2008,"field","CF1-t027",6400,320,-6207.95148247978,-226.280323450135,"N",1.01643835616438,NA,"dead = complete mortality or lost",817,74
"1846","NOAA_survey","Florida","Carysfort Reef","CF1",NA,NA,25.22194,-80.21055,"2.1",2008,"field","CF1-t033",25850,7755,0,-2543.19407008086,"N",1.01643835616438,NA,"dead = complete mortality or lost",817,74
"1847","NOAA_survey","Florida","Carysfort Reef","CF1",NA,NA,25.22194,-80.21055,"2.1",2008,"field","CF1-t034",2310,693,339.420485175202,363.032345013477,"N",1.01643835616438,NA,"dead = complete mortality or lost",817,74
"1848","NOAA_survey","Florida","Carysfort Reef","CF2",NA,NA,25.22179,-80.210586,"2.4",2008,"field","CF2-t038",38553,9638.25,779.191374663073,4065.66711590296,"N",1.01643835616438,NA,"dead = complete mortality or lost",817,74
"1849","NOAA_survey","Florida","Carysfort Reef","CF2",NA,NA,25.22179,-80.210586,"2.4",2008,"field","CF2-t040",5590,1956.5,742.789757412399,-52.1428571428569,"N",1.01643835616438,NA,"dead = complete mortality or lost",817,74
"1850","NOAA_survey","Florida","Carysfort Reef","CF2",NA,NA,25.22179,-80.210586,"2.4",2008,"field","CF2-t041",7540,2262,255.795148247978,1227.8167115903,"N",1.01643835616438,NA,"dead = complete mortality or lost",817,74
"1851","NOAA_survey","Florida","Carysfort Reef","CF2",NA,NA,25.22179,-80.210586,"2.4",2008,"field","CF2-t042",1680,1344,94.4474393530997,162.921832884097,"N",1.01643835616438,NA,"dead = complete mortality or lost",817,74
"1852","NOAA_survey","Florida","Carysfort Reef","CF2",NA,NA,25.22179,-80.210586,"2.4",2008,"field","CF2-t043",10496,8396.8,2104.40700808625,1683.525606469,"N",1.01643835616438,NA,"dead = complete mortality or lost",817,74
"1853","NOAA_survey","Florida","Carysfort Reef","CF2",NA,NA,25.22179,-80.210586,"2.4",2008,"field","CF2-t045",13056,10444.8,-1845.66037735849,-1476.52830188679,"N",1.01643835616438,NA,"dead = complete mortality or lost",817,74
"1854","NOAA_survey","Florida","Carysfort Reef","CF2",NA,NA,25.22179,-80.210586,"2.4",2008,"field","CF2-t046",3053,1373.85,538.153638814016,65.0801886792451,"N",1.01643835616438,NA,"dead = complete mortality or lost",817,74
"1855","NOAA_survey","Florida","Carysfort Reef","CF2",NA,NA,25.22179,-80.210586,"2.4",2008,"field","CF2-t047",19320,12558,560.78167115903,-613.908355795148,"N",1.01643835616438,NA,"dead = complete mortality or lost",817,74
"1856","NOAA_survey","Florida","Carysfort Reef","CF2",NA,NA,25.22179,-80.210586,"2.4",2008,"field","CF2-t048",10440,8874,1495.41778975741,682.77628032345,"N",1.01643835616438,NA,"dead = complete mortality or lost",817,74
"1857","NOAA_survey","Florida","Carysfort Reef","CF2",NA,NA,25.22179,-80.210586,"2.4",2008,"field","CF2-t049",10650,3727.5,221.361185983827,612.432614555256,"N",1.01643835616438,NA,"dead = complete mortality or lost",817,74
"1858","NOAA_survey","Florida","Carysfort Reef","CF2",NA,NA,25.22179,-80.210586,"2.4",2014,"field","CF2-t948",2067,723.45,47.1899736147757,118.408311345647,"N",1.03835616438356,NA,"dead = complete mortality or lost",817,74
"1859","NOAA_survey","Florida","Carysfort Reef","CF3",NA,NA,25.22289,-80.20956,"3.7",2008,"field","CF3-t088",36305,16337.25,2267.72237196765,2919.75404312668,"N",1.01643835616438,NA,"dead = complete mortality or lost",817,74
"1860","NOAA_survey","Florida","Carysfort Reef","CF3",NA,NA,25.22289,-80.20956,"3.7",2008,"field","CF3-t090",50868,33064.2,4985.05390835579,5991.80458221023,"N",1.01643835616438,NA,"dead = complete mortality or lost",817,74
"1861","NOAA_survey","Florida","Carysfort Reef","CF3",NA,NA,25.22289,-80.20956,"3.7",2008,"field","CF3-t091",957,957,1093.03234501348,1093.03234501348,"N",1.01643835616438,NA,"dead = complete mortality or lost",817,74
"1862","NOAA_survey","Florida","Carysfort Reef","CF3",NA,NA,25.22289,-80.20956,"3.7",2008,"field","CF3-t092",25650,10260,664.083557951482,2855.55929919137,"N",1.01643835616438,NA,"dead = complete mortality or lost",817,74
"1863","NOAA_survey","Florida","Carysfort Reef","CF3",NA,NA,25.22289,-80.20956,"3.7",2008,"field","CF3-t095",25460,16549,3054.78436657682,3390.7614555256,"N",1.01643835616438,NA,"dead = complete mortality or lost",817,74
"1864","NOAA_survey","Florida","Carysfort Reef","CF3",NA,NA,25.22289,-80.20956,"3.7",2009,"field","CF3-t916",1978,1186.8,-313,-1186.8,"N",1,"storm","dead = complete mortality or lost",817,74
"1865","NOAA_survey","Florida","Carysfort Reef","CF3",NA,NA,25.22289,-80.20956,"3.7",2014,"field","CF3-t973",156,156,167.572559366755,167.572559366755,"N",1.03835616438356,NA,"dead = complete mortality or lost",817,74
"1866","NOAA_survey","Florida","Carysfort Reef","CF4",NA,NA,25.222871,-80.209996,"4.6",2014,"field","CF4-t805",1650,82.5,-1706.23880597015,-89.8880597014925,"N",0.917808219178082,NA,"dead = complete mortality or lost",817,74
"1867","NOAA_survey","Florida","Carysfort Reef","CF4",NA,NA,25.222871,-80.209996,"4.6",2014,"field","CF4-t812",12,12,65.3731343283582,65.3731343283582,"N",0.917808219178082,NA,"dead = complete mortality or lost",817,74
"1868","NOAA_survey","Florida","Carysfort Reef","CF4",NA,NA,25.222871,-80.209996,"4.6",2014,"field","CF4-t814",9025,90.25,-9826.67164179104,-91.794776119403,"N",0.917808219178082,NA,"dead = complete mortality or lost",817,74
"1869","NOAA_survey","Florida","Elbow Reef","EL1",NA,NA,25.142579,-80.258364,"3.4",2008,"field","EL1-t051",25500,6375,-10322.1574344023,-1739.86880466472,"N",0.93972602739726,NA,"dead = complete mortality or lost",817,118
"1870","NOAA_survey","Florida","Elbow Reef","EL1",NA,NA,25.142579,-80.258364,"3.4",2008,"field","EL1-t052",49500,37125,-3458.45481049563,-2593.84110787172,"N",0.93972602739726,NA,"dead = complete mortality or lost",817,118
"1871","NOAA_survey","Florida","Elbow Reef","EL1",NA,NA,25.142579,-80.258364,"3.4",2008,"field","EL1-t054",18450,11070,2138.92128279883,194.737609329446,"N",0.93972602739726,NA,"dead = complete mortality or lost",817,118
"1872","NOAA_survey","Florida","Elbow Reef","EL1",NA,NA,25.142579,-80.258364,"3.4",2008,"field","EL1-t055",33284,28291.4,620.393586005831,527.33454810496,"N",0.93972602739726,NA,"dead = complete mortality or lost",817,118
"1873","NOAA_survey","Florida","Elbow Reef","EL1",NA,NA,25.142579,-80.258364,"3.4",2008,"field","EL1-t056",4760,3094,1036.472303207,1283.88483965015,"N",0.93972602739726,NA,"dead = complete mortality or lost",817,118
"1874","NOAA_survey","Florida","Elbow Reef","EL1",NA,NA,25.142579,-80.258364,"3.4",2008,"field","EL1-t059",35,35,20.2186588921283,20.2186588921283,"N",0.93972602739726,NA,"dead = complete mortality or lost",817,118
"1875","NOAA_survey","Florida","Elbow Reef","EL1",NA,NA,25.142579,-80.258364,"3.4",2008,"field","EL1-t060",609,517.65,320.30612244898,369.09693877551,"N",0.93972602739726,NA,"dead = complete mortality or lost",817,118
"1876","NOAA_survey","Florida","Elbow Reef","EL1",NA,NA,25.142579,-80.258364,"3.4",2008,"field","EL1-t061",875,612.5,334.139941690962,486.950437317785,"N",0.93972602739726,NA,"dead = complete mortality or lost",817,118
"1877","NOAA_survey","Florida","Elbow Reef","EL1",NA,NA,25.142579,-80.258364,"3.4",2008,"field","EL1-t062",225,220.5,135.145772594752,121.205539358601,"N",0.93972602739726,NA,"dead = complete mortality or lost",817,118
"1878","NOAA_survey","Florida","Elbow Reef","EL1",NA,NA,25.142579,-80.258364,"3.4",2015,"field","EL1-t232",5310,4513.5,132.459677419355,646.844758064516,"N",1.01917808219178,NA,"dead = complete mortality or lost",817,118
"1879","NOAA_survey","Florida","Elbow Reef","EL1",NA,NA,25.142579,-80.258364,"3.4",2018,"field","EL1-t441",4399,3959.1,-2436.40056022409,-2811.11344537815,"N",0.978082191780822,NA,"dead = complete mortality or lost",817,118
"1880","NOAA_survey","Florida","Elbow Reef","EL1",NA,NA,25.142579,-80.258364,"3.4",2014,"field","EL1-t977",6300,3465,2372.5,1742.875,"N",0.986301369863014,NA,"dead = complete mortality or lost",817,118
"1881","NOAA_survey","Florida","Elbow Reef","EL1",NA,NA,25.142579,-80.258364,"3.4",2014,"field","EL1-t978",2310,2194.5,900.333333333333,985.013333333333,"N",0.986301369863014,NA,"dead = complete mortality or lost",817,118
"1882","NOAA_survey","Florida","Elbow Reef","EL1",NA,NA,25.142579,-80.258364,"3.4",2014,"field","EL1-t979",13920,10440,1685.08333333333,2843.65416666667,"N",0.986301369863014,NA,"dead = complete mortality or lost",817,118
"1883","NOAA_survey","Florida","Elbow Reef","EL2",NA,NA,25.142899,-80.258221,"3.4",2008,"field","EL2-t064",117,105.3,27.667638483965,9.68367346938777,"N",0.93972602739726,NA,"dead = complete mortality or lost",817,118
"1884","NOAA_survey","Florida","Elbow Reef","EL2",NA,NA,25.142899,-80.258221,"3.4",2008,"field","EL2-t065",9450,472.5,-478.862973760933,-311.260932944607,"N",0.93972602739726,NA,"dead = complete mortality or lost",817,118
"1885","NOAA_survey","Florida","Elbow Reef","EL2",NA,NA,25.142899,-80.258221,"3.4",2008,"field","EL2-t066",8970,3588,925.801749271137,893.877551020409,"N",0.93972602739726,NA,"dead = complete mortality or lost",817,118
"1886","NOAA_survey","Florida","Elbow Reef","EL2",NA,NA,25.142899,-80.258221,"3.4",2008,"field","EL2-t067",1770,265.5,31.9241982507289,100.561224489796,"N",0.93972602739726,NA,"dead = complete mortality or lost",817,118
"1887","NOAA_survey","Florida","Elbow Reef","EL2",NA,NA,25.142899,-80.258221,"3.4",2008,"field","EL2-t068",35,31.5,7.44897959183674,11.1734693877551,"N",0.93972602739726,NA,"dead = complete mortality or lost",817,118
"1888","NOAA_survey","Florida","Elbow Reef","EL2",NA,NA,25.142899,-80.258221,"3.4",2008,"field","EL2-t069",8710,4790.5,2120.83090379009,1735.93148688047,"N",0.93972602739726,NA,"dead = complete mortality or lost",817,118
"1889","NOAA_survey","Florida","Elbow Reef","EL2",NA,NA,25.142899,-80.258221,"3.4",2008,"field","EL2-t070",255,255,175.583090379009,171.113702623907,"N",0.93972602739726,NA,"dead = complete mortality or lost",817,118
"1890","NOAA_survey","Florida","Elbow Reef","EL2",NA,NA,25.142899,-80.258221,"3.4",2008,"field","EL2-t071",56,50.4,-8.5131195335277,-2.55393586005831,"N",0.93972602739726,NA,"dead = complete mortality or lost",817,118
"1891","NOAA_survey","Florida","Elbow Reef","EL2",NA,NA,25.142899,-80.258221,"3.4",2008,"field","EL2-t072",5440,272,-85.131195335277,-4.25655976676385,"N",0.93972602739726,NA,"dead = complete mortality or lost",817,118
"1892","NOAA_survey","Florida","Elbow Reef","EL2",NA,NA,25.142899,-80.258221,"3.4",2008,"field","EL2-t073",13520,10816,2736.96793002916,2189.57434402333,"N",0.93972602739726,NA,"dead = complete mortality or lost",817,118
"1893","NOAA_survey","Florida","Elbow Reef","EL2",NA,NA,25.142899,-80.258221,"3.4",2015,"field","EL2-t246",120,12,-73.5887096774194,5.88709677419355,"N",1.01917808219178,NA,"dead = complete mortality or lost",817,118
"1894","NOAA_survey","Florida","Elbow Reef","EL2",NA,NA,25.142899,-80.258221,"3.4",2015,"field","EL2-t247",594,386.1,158.951612903226,140.407258064516,"N",1.01917808219178,NA,"dead = complete mortality or lost",817,118
"1895","NOAA_survey","Florida","Elbow Reef","EL2",NA,NA,25.142899,-80.258221,"3.4",2018,"field","EL2-t437",105,21,-50.5225988700565,33.2005649717514,"N",0.96986301369863,NA,"dead = complete mortality or lost",817,118
"1896","NOAA_survey","Florida","Elbow Reef","EL2",NA,NA,25.142899,-80.258221,"3.4",2022,"field","EL2-t768",130,130,205.679785330948,193.273703041145,"N",3.06301369863014,NA,"dead = complete mortality or lost",817,118
"1897","NOAA_survey","Florida","Elbow Reef","EL2",NA,NA,25.142899,-80.258221,"3.4",2009,"field","EL2-t913",22550,12402.5,1891.54696132597,2271.77209944751,"N",0.991780821917808,"storm","dead = complete mortality or lost",817,118
"1898","NOAA_survey","Florida","Elbow Reef","EL3",NA,NA,25.143881,-80.257827,"4",2008,"field","EL3-t076",8001,4800.6,621.573529411765,-87.5999999999994,"N",0.931506849315068,NA,"dead = complete mortality or lost",817,118
"1899","NOAA_survey","Florida","Elbow Reef","EL3",NA,NA,25.143881,-80.257827,"4",2008,"field","EL3-t077",1664,665.6,206.117647058824,182.070588235294,"N",0.931506849315068,NA,"dead = complete mortality or lost",817,118
"1900","NOAA_survey","Florida","Elbow Reef","EL3",NA,NA,25.143881,-80.257827,"4",2008,"field","EL3-t078",900,450,193.235294117647,154.588235294118,"N",0.931506849315068,NA,"dead = complete mortality or lost",817,118
"1901","NOAA_survey","Florida","Elbow Reef","EL3",NA,NA,25.143881,-80.257827,"4",2008,"field","EL3-t079",836,292.6,0,-44.8735294117647,"N",0.931506849315068,NA,"dead = complete mortality or lost",817,118
"1902","NOAA_survey","Florida","Elbow Reef","EL3",NA,NA,25.143881,-80.257827,"4",2008,"field","EL3-t081",1200,12,-1268.91176470588,-4.18676470588235,"N",0.931506849315068,NA,"dead = complete mortality or lost",817,118
"1903","NOAA_survey","Florida","Elbow Reef","EL3",NA,NA,25.143881,-80.257827,"4",2008,"field","EL3-t083",6090,3958.5,474.5,659.039705882353,"N",0.931506849315068,NA,"dead = complete mortality or lost",817,118
"1904","NOAA_survey","Florida","Elbow Reef","EL3",NA,NA,25.143881,-80.257827,"4",2008,"field","EL3-t084",7056,1764,1292.52941176471,1653.23529411765,"N",0.931506849315068,NA,"dead = complete mortality or lost",817,118
"1905","NOAA_survey","Florida","Elbow Reef","EL3",NA,NA,25.143881,-80.257827,"4",2008,"field","EL3-t086",13795,6207.75,2882.42647058824,2181.68014705882,"N",0.931506849315068,NA,"dead = complete mortality or lost",817,118
"1906","NOAA_survey","Florida","Elbow Reef","EL3",NA,NA,25.143881,-80.257827,"4",2019,"field","EL3-t422",1100,275,-100.550964187328,-226.239669421488,"N",0.994520547945206,NA,"dead = complete mortality or lost",817,118
"1907","NOAA_survey","Florida","Elbow Reef","EL3",NA,NA,25.143881,-80.257827,"4",2009,"field","EL3-t911",3772,2829,1238.17679558011,1180.7044198895,"N",0.991780821917808,"storm","dead = complete mortality or lost",817,118
"1908","NOAA_survey","Florida","Elbow Reef","EL3",NA,NA,25.143881,-80.257827,"4",2014,"field","EL3-t930",210,210,76.5322580645161,76.5322580645161,"N",1.01917808219178,NA,"dead = complete mortality or lost",817,118
"1909","NOAA_survey","Florida","Elbow Reef","EL3",NA,NA,25.143881,-80.257827,"4",2014,"field","EL3-t932",18,18,16.6801075268817,16.6801075268817,"N",1.01917808219178,NA,"dead = complete mortality or lost",817,118
"1910","NOAA_survey","Florida","Elbow Reef","EL3",NA,NA,25.143881,-80.257827,"4",2014,"field","EL3-t933",7950,5962.5,883.064516129032,228.125,"N",1.01917808219178,NA,"dead = complete mortality or lost",817,118
"1911","NOAA_survey","Florida","Elbow Reef","EL4",NA,NA,25.145086,-80.257301,"4.9",2008,"field","EL4-t153",21760,16320,4054.95562130177,1663.55769230769,"N",0.926027397260274,NA,"dead = complete mortality or lost",817,118
"1912","NOAA_survey","Florida","Elbow Reef","EL4",NA,NA,25.145086,-80.257301,"4.9",2008,"field","EL4-t154",8720,5232,2732.10059171598,1639.26035502959,"N",0.926027397260274,NA,"dead = complete mortality or lost",817,118
"1913","NOAA_survey","Florida","Elbow Reef","EL4",NA,NA,25.145086,-80.257301,"4.9",2008,"field","EL4-t158",1800,1440,431.952662721893,345.562130177515,"N",0.926027397260274,NA,"dead = complete mortality or lost",817,118
"1914","NOAA_survey","Florida","Elbow Reef","EL4",NA,NA,25.145086,-80.257301,"4.9",2008,"field","EL4-t159",91,81.9,-26.9970414201183,-24.2973372781065,"N",0.926027397260274,NA,"dead = complete mortality or lost",817,118
"1915","NOAA_survey","Florida","Elbow Reef","EL4",NA,NA,25.145086,-80.257301,"4.9",2008,"field","EL4-t160",1440,1152,427.633136094674,441.239644970414,"N",0.926027397260274,NA,"dead = complete mortality or lost",817,118
"1916","NOAA_survey","Florida","Elbow Reef","EL4",NA,NA,25.145086,-80.257301,"4.9",2008,"field","EL4-t164",224,134.4,-17.2781065088757,-10.3668639053254,"N",0.926027397260274,NA,"dead = complete mortality or lost",817,118
"1917","NOAA_survey","Florida","Elbow Reef","EL4",NA,NA,25.145086,-80.257301,"4.9",2008,"field","EL4-t165",77,69.3,-45.3550295857988,-37.0399408284023,"N",0.926027397260274,NA,"dead = complete mortality or lost",817,118
"1918","NOAA_survey","Florida","Elbow Reef","EL4",NA,NA,25.145086,-80.257301,"4.9",2008,"field","EL4-t168",15678,15364.44,2442.69230769231,2393.83846153846,"N",0.926027397260274,NA,"dead = complete mortality or lost",817,118
"1919","NOAA_survey","Florida","Elbow Reef","EL4",NA,NA,25.145086,-80.257301,"4.9",2022,"field","EL4-t772",399,339.15,42.4418604651163,27.4402951699463,"N",3.06301369863014,NA,"dead = complete mortality or lost",817,118
"1920","NOAA_survey","Florida","Elbow Reef","EL4",NA,NA,25.145086,-80.257301,"4.9",2009,"field","EL4-t922",6,6,9.91847826086957,9.91847826086957,"N",1.00821917808219,"storm","dead = complete mortality or lost",817,118
"1921","NOAA_survey","Florida","Elbow Reef","EL4",NA,NA,25.145086,-80.257301,"4.9",2014,"field","EL4-t935",99,79.2,-10.7930107526882,-8.63440860215053,"N",1.01917808219178,NA,"dead = complete mortality or lost",817,118
"1922","NOAA_survey","Florida","Elbow Reef","EL5",NA,NA,25.145179,-80.257389,"4.9",2008,"field","EL5-t177",3776,3209.6,796.952662721893,189.951183431953,"N",0.926027397260274,NA,"dead = complete mortality or lost",817,118
"1923","NOAA_survey","Florida","Elbow Reef","EL5",NA,NA,25.145179,-80.257389,"4.9",2008,"field","EL5-t180",10230,7161,1334.73372781065,934.313609467455,"N",0.926027397260274,NA,"dead = complete mortality or lost",817,118
"1924","NOAA_survey","Florida","Elbow Reef","EL5",NA,NA,25.145179,-80.257389,"4.9",2008,"field","EL5-t183",99,79.2,33.4763313609467,33.8002958579881,"N",0.926027397260274,NA,"dead = complete mortality or lost",817,118
"1925","NOAA_survey","Florida","Elbow Reef","EL5",NA,NA,25.145179,-80.257389,"4.9",2016,"field","EL5-t460",7200,720,-1626.74094707521,-675.097493036212,"N",0.983561643835616,NA,"dead = complete mortality or lost",817,118
"1926","NOAA_survey","Florida","French Reef","FR1",NA,NA,25.033886,-80.349365,"6.4",2008,"field","FR1-t001",405,162,-340.740181268882,-104.537764350453,"N",0.906849315068493,NA,"dead = complete mortality or lost",817,76
"1927","NOAA_survey","Florida","French Reef","FR1",NA,NA,25.033886,-80.349365,"6.4",2008,"field","FR1-t002",2880,1440,317.583081570997,508.132930513595,"N",0.906849315068493,NA,"dead = complete mortality or lost",817,76
"1928","NOAA_survey","Florida","French Reef","FR1",NA,NA,25.033886,-80.349365,"6.4",2008,"field","FR1-t003",49,36.75,15.4380664652568,27.5569486404834,"N",0.906849315068493,NA,"dead = complete mortality or lost",817,76
"1929","NOAA_survey","Florida","French Reef","FR1",NA,NA,25.033886,-80.349365,"6.4",2008,"field","FR1-t004",5520,828,-352.870090634441,-52.9305135951662,"N",0.906849315068493,NA,"dead = complete mortality or lost",817,76
"1930","NOAA_survey","Florida","French Reef","FR1",NA,NA,25.033886,-80.349365,"6.4",2008,"field","FR1-t005",11960,4784,430.060422960725,172.02416918429,"N",0.906849315068493,NA,"dead = complete mortality or lost",817,76
"1931","NOAA_survey","Florida","French Reef","FR1",NA,NA,25.033886,-80.349365,"6.4",2008,"field","FR1-t006",13125,7218.75,65.0604229607251,-1418.0415407855,"N",0.906849315068493,NA,"dead = complete mortality or lost",817,76
"1932","NOAA_survey","Florida","French Reef","FR1",NA,NA,25.033886,-80.349365,"6.4",2008,"field","FR1-t007",324,16.2,6.61631419939577,36.7205438066465,"N",0.906849315068493,NA,"dead = complete mortality or lost",817,76
"1933","NOAA_survey","Florida","French Reef","FR1",NA,NA,25.033886,-80.349365,"6.4",2008,"field","FR1-t008",6216,4972.8,175.332326283988,-914.209214501511,"N",0.906849315068493,NA,"dead = complete mortality or lost",817,76
"1934","NOAA_survey","Florida","French Reef","FR1",NA,NA,25.033886,-80.349365,"6.4",2008,"field","FR1-t009",32300,22610,1367.37160120846,957.160120845922,"N",0.906849315068493,NA,"dead = complete mortality or lost",817,76
"1935","NOAA_survey","Florida","French Reef","FR1",NA,NA,25.033886,-80.349365,"6.4",2008,"field","FR1-t010",3120,1248,198.489425981873,79.3957703927493,"N",0.906849315068493,NA,"dead = complete mortality or lost",817,76
"1936","NOAA_survey","Florida","French Reef","FR1",NA,NA,25.033886,-80.349365,"6.4",2008,"field","FR1-t011",80,80,55.1359516616314,40.8006042296073,"N",0.906849315068493,NA,"dead = complete mortality or lost",817,76
"1937","NOAA_survey","Florida","French Reef","FR1",NA,NA,25.033886,-80.349365,"6.4",2022,"field","FR1-t774",231,207.9,60.9964253798034,54.896782841823,"N",3.06575342465753,NA,"dead = complete mortality or lost",817,76
"1938","NOAA_survey","Florida","French Reef","FR1",NA,NA,25.033886,-80.349365,"6.4",2022,"field","FR1-t775",2088,208.8,652.69436997319,598.776139410188,"N",3.06575342465753,NA,"dead = complete mortality or lost",817,76
"1939","NOAA_survey","Florida","French Reef","FR1",NA,NA,25.033886,-80.349365,"6.4",2022,"field","FR1-t776",108,108,471.662198391421,420.973190348525,"N",3.06575342465753,NA,"dead = complete mortality or lost",817,76
"1940","NOAA_survey","Florida","French Reef","FR1",NA,NA,25.033886,-80.349365,"6.4",2016,"field","FR1-t861",3744,2995.2,1262.03389830508,1009.62711864407,"N",0.96986301369863,NA,"dead = complete mortality or lost",817,76
"1941","NOAA_survey","Florida","French Reef","FR1",NA,NA,25.033886,-80.349365,"6.4",2014,"field","FR1-t976",45,45,14.4459102902375,8.66754617414248,"N",1.03835616438356,NA,"dead = complete mortality or lost",817,76
"1942","NOAA_survey","Florida","French Reef","FR2",NA,NA,25.033681,-80.349545,"4.9",2015,"field","FR2-t236",78,74.1,-28.5900783289817,-61.4686684073107,"N",1.04931506849315,NA,"dead = complete mortality or lost",817,76
"1943","NOAA_survey","Florida","French Reef","FR2",NA,NA,25.033681,-80.349545,"4.9",2011,"field","FR2-t250",6324,948.6,108.859649122807,702.144736842105,"N",0.936986301369863,NA,"dead = complete mortality or lost",817,76
"1944","NOAA_survey","Florida","French Reef","FR2",NA,NA,25.033681,-80.349545,"4.9",2011,"field","FR2-t251",1353,1285.35,1117.41228070175,1061.54166666667,"N",0.936986301369863,NA,"dead = complete mortality or lost",817,76
"1945","NOAA_survey","Florida","French Reef","FR2",NA,NA,25.033681,-80.349545,"4.9",2011,"field","FR2-t255",532,319.2,-89.6491228070175,-125.508771929825,"N",0.936986301369863,NA,"dead = complete mortality or lost",817,76
"1946","NOAA_survey","Florida","French Reef","FR2",NA,NA,25.033681,-80.349545,"4.9",2011,"field","FR2-t256",1350,945,-1387.42690058479,-955.190058479532,"N",0.936986301369863,NA,"dead = complete mortality or lost",817,76
"1947","NOAA_survey","Florida","French Reef","FR2",NA,NA,25.033681,-80.349545,"4.9",2011,"field","FR2-t257",182,180.18,-18.1432748538012,-33.8105263157895,"N",0.936986301369863,NA,"dead = complete mortality or lost",817,76
"1948","NOAA_survey","Florida","French Reef","FR2",NA,NA,25.033681,-80.349545,"4.9",2011,"field","FR2-t258",918,550.8,178.230994152047,-298.35014619883,"N",0.936986301369863,NA,"dead = complete mortality or lost",817,76
"1949","NOAA_survey","Florida","French Reef","FR2",NA,NA,25.033681,-80.349545,"4.9",2011,"field","FR2-t259",304,243.2,145.146198830409,139.59649122807,"N",0.936986301369863,NA,"dead = complete mortality or lost",817,76
"1950","NOAA_survey","Florida","French Reef","FR2",NA,NA,25.033681,-80.349545,"4.9",2011,"field","FR2-t260",728,720.72,275.350877192982,230.504970760234,"N",0.936986301369863,NA,"dead = complete mortality or lost",817,76
"1951","NOAA_survey","Florida","French Reef","FR2",NA,NA,25.033681,-80.349545,"4.9",2011,"field","FR2-t261",5100,1530,473.859649122807,142.157894736842,"N",0.936986301369863,NA,"dead = complete mortality or lost",817,76
"1952","NOAA_survey","Florida","French Reef","FR2",NA,NA,25.033681,-80.349545,"4.9",2011,"field","FR2-t262",176,140.8,-49.093567251462,-46.2119883040936,"N",0.936986301369863,NA,"dead = complete mortality or lost",817,76
"1953","NOAA_survey","Florida","French Reef","FR2",NA,NA,25.033681,-80.349545,"4.9",2014,"field","FR2-t982",720,720,394.918032786885,394.918032786885,"N",1.0027397260274,NA,"dead = complete mortality or lost",817,76
"1954","NOAA_survey","Florida","French Reef","FR3",NA,NA,25.035184,-80.349037,"3.7",2018,"field","FR3-t444",768,691.2,-243.667582417582,-587.81043956044,"N",0.997260273972603,NA,"dead = complete mortality or lost",817,76
"1955","NOAA_survey","Florida","French Reef","FR3",NA,NA,25.035184,-80.349037,"3.7",2018,"field","FR3-t446",2744,1234.8,-156.030534351145,-421.282442748092,"N",1.43561643835616,NA,"dead = complete mortality or lost",817,76
"1956","NOAA_survey","Florida","French Reef","FR3",NA,NA,25.035184,-80.349037,"3.7",2014,"field","FR3-t818",120,96,59.1891891891892,38.472972972973,"N",1.01369863013699,NA,"dead = complete mortality or lost",817,76
"1957","NOAA_survey","Florida","French Reef","FR3",NA,NA,25.035184,-80.349037,"3.7",2014,"field","FR3-t820",14168,3542,1046.66216216216,-1240.65472972973,"N",1.01369863013699,NA,"dead = complete mortality or lost",817,76
"1958","NOAA_survey","Florida","French Reef","FR3",NA,NA,25.035184,-80.349037,"3.7",2014,"field","FR3-t822",60,60,-55.2432432432433,-55.2432432432433,"N",1.01369863013699,NA,"dead = complete mortality or lost",817,76
"1959","NOAA_survey","Florida","French Reef","FR3",NA,NA,25.035184,-80.349037,"3.7",2014,"field","FR3-t824",35,35,34.527027027027,34.527027027027,"N",1.01369863013699,NA,"dead = complete mortality or lost",817,76
"1960","NOAA_survey","Florida","French Reef","FR3",NA,NA,25.035184,-80.349037,"3.7",2014,"field","FR3-t825",1764,1746.36,550.45945945946,224.267837837838,"N",1.01369863013699,NA,"dead = complete mortality or lost",817,76
"1961","NOAA_survey","Florida","French Reef","FR3",NA,NA,25.035184,-80.349037,"3.7",2016,"field","FR3-t862",7954,4374.7,-2901.17478510029,-2137.39398280802,"N",0.956164383561644,NA,"dead = complete mortality or lost",817,76
"1962","NOAA_survey","Florida","French Reef","FR3",NA,NA,25.035184,-80.349037,"3.7",2016,"field","FR3-t866",255,255,230.085959885387,230.085959885387,"N",0.956164383561644,NA,"dead = complete mortality or lost",817,76
"1963","NOAA_survey","Florida","Grecian Rocks","GR1",NA,NA,25.109051,-80.305243,"3.7",2018,"field","GR1-t469",440,431.2,103.791469194313,32.521327014218,"N",0.578082191780822,NA,"dead = complete mortality or lost",817,54
"1964","NOAA_survey","Florida","Grecian Rocks","GR1",NA,NA,25.109051,-80.305243,"3.7",2014,"field","GR1-t827",3315,2817.75,912.5,775.625,"N",0.947945205479452,NA,"dead = complete mortality or lost",817,54
"1965","NOAA_survey","Florida","Grecian Rocks","GR1",NA,NA,25.109051,-80.305243,"3.7",2014,"field","GR1-t828",4680,4446,1788.07803468208,-3008.87644508671,"N",0.947945205479452,NA,"dead = complete mortality or lost",817,54
"1966","NOAA_survey","Florida","Grecian Rocks","GR1",NA,NA,25.109051,-80.305243,"3.7",2014,"field","GR1-t830",5376,1881.6,1316.53179190751,-1286.15028901734,"N",0.947945205479452,NA,"dead = complete mortality or lost",817,54
"1967","NOAA_survey","Florida","Grecian Rocks","GR1",NA,NA,25.109051,-80.305243,"3.7",2014,"field","GR1-t832",2184,21.84,-500.028901734104,-5.00028901734104,"N",0.947945205479452,NA,"dead = complete mortality or lost",817,54
"1968","NOAA_survey","Florida","Grecian Rocks","GR1",NA,NA,25.109051,-80.305243,"3.7",2014,"field","GR1-t833",5984,5086.4,2618.29479768786,885.916184971099,"N",0.947945205479452,NA,"dead = complete mortality or lost",817,54
"1969","NOAA_survey","Florida","Grecian Rocks","GR1",NA,NA,25.109051,-80.305243,"3.7",2014,"field","GR1-t835",4875,3900,1933.65606936416,-1283.61849710983,"N",0.947945205479452,NA,"dead = complete mortality or lost",817,54
"1970","NOAA_survey","Florida","Grecian Rocks","GR1",NA,NA,25.109051,-80.305243,"3.7",2014,"field","GR1-t836",6768,5076,1791.24277456647,-3568.56069364162,"N",0.947945205479452,NA,"dead = complete mortality or lost",817,54
"1971","NOAA_survey","Florida","Grecian Rocks","GR2",NA,NA,25.112082,-80.303222,"2.1",2014,"field","GR2-t840",3354,3186.3,1467.53687315634,-1399.16666666667,"N",0.928767123287671,NA,"dead = complete mortality or lost",817,54
"1972","NOAA_survey","Florida","Grecian Rocks","GR2",NA,NA,25.112082,-80.303222,"2.1",2014,"field","GR2-t841",13310,10648,1667.80235988201,-2665.41519174041,"N",0.928767123287671,NA,"dead = complete mortality or lost",817,54
"1973","NOAA_survey","Florida","Grecian Rocks","GR2",NA,NA,25.112082,-80.303222,"2.1",2014,"field","GR2-t844",3220,1932,-411.297935103245,-1010.69469026549,"N",0.928767123287671,NA,"dead = complete mortality or lost",817,54
"1974","NOAA_survey","Florida","Grecian Rocks","GR2",NA,NA,25.112082,-80.303222,"2.1",2014,"field","GR2-t846",9849,6894.3,2918.92330383481,-4042.24041297935,"N",0.928767123287671,NA,"dead = complete mortality or lost",817,54
"1975","NOAA_survey","Florida","Grecian Rocks","GR2",NA,NA,25.112082,-80.303222,"2.1",2014,"field","GR2-t847",2655,2256.75,242.256637168142,-104.170353982301,"N",0.928767123287671,NA,"dead = complete mortality or lost",817,54
"1976","NOAA_survey","Florida","Grecian Rocks","GR2",NA,NA,25.112082,-80.303222,"2.1",2014,"field","GR2-t850",8584,7725.6,-94.7492625368732,-6488.60176991151,"N",0.928767123287671,NA,"dead = complete mortality or lost",817,54
"1977","NOAA_survey","Florida","Grecian Rocks","GR3",NA,NA,25.109261,-80.306191,"1.5",2016,"field","GR3-t397",2000,100,0,0,"N",0.96986301369863,NA,"dead = complete mortality or lost",817,54
"1978","NOAA_survey","Florida","Grecian Rocks","GR3",NA,NA,25.109261,-80.306191,"1.5",2016,"field","GR3-t398",2400,480,-64.9576271186441,-374.434322033898,"N",0.96986301369863,NA,"dead = complete mortality or lost",817,54
"1979","NOAA_survey","Florida","Grecian Rocks","GR3",NA,NA,25.109261,-80.306191,"1.5",2019,"field","GR3-t468",1716,343.2,36.7295597484277,-92.9716981132076,"N",0.871232876712329,NA,"dead = complete mortality or lost",817,54
"1980","NOAA_survey","Florida","Grecian Rocks","GR3",NA,NA,25.109261,-80.306191,"1.5",2015,"field","GR3-t870",800,160,-227.111111111111,-16.2222222222222,"N",0.986301369863014,NA,"dead = complete mortality or lost",817,54
"1981","NOAA_survey","Florida","Grecian Rocks","GR3",NA,NA,25.109261,-80.306191,"1.5",2015,"field","GR3-t871",368,312.8,147.013888888889,20.9368055555555,"N",0.986301369863014,NA,"dead = complete mortality or lost",817,54
"1982","NOAA_survey","Florida","Grecian Rocks","GR3",NA,NA,25.109261,-80.306191,"1.5",2015,"field","GR3-t872",273,270.27,42.5833333333333,45.35125,"N",0.986301369863014,NA,"dead = complete mortality or lost",817,54
"1983","NOAA_survey","Florida","Grecian Rocks","GR3",NA,NA,25.109261,-80.306191,"1.5",2015,"field","GR3-t873",2106,947.7,-867.888888888889,-948.188888888889,"N",0.986301369863014,NA,"dead = complete mortality or lost",817,54
"1984","NOAA_survey","Florida","Grecian Rocks","GR3",NA,NA,25.109261,-80.306191,"1.5",2015,"field","GR3-t874",48,48,62.8611111111111,62.8611111111111,"N",0.986301369863014,NA,"dead = complete mortality or lost",817,54
"1985","NOAA_survey","Florida","Grecian Rocks","GR3",NA,NA,25.109261,-80.306191,"1.5",2015,"field","GR3-t876",6600,330,-6636.91666666666,-279.833333333333,"N",0.986301369863014,NA,"dead = complete mortality or lost",817,54
"1986","NOAA_survey","Florida","Grecian Rocks","GR3",NA,NA,25.109261,-80.306191,"1.5",2015,"field","GR3-t877",7800,780,-3072.08333333333,-307.208333333333,"N",0.986301369863014,NA,"dead = complete mortality or lost",817,54
"1987","NOAA_survey","Florida","Grecian Rocks","GR3",NA,NA,25.109261,-80.306191,"1.5",2015,"field","GR3-t881",525,105,0,-26.6145833333333,"N",0.986301369863014,NA,"dead = complete mortality or lost",817,54
"1988","NOAA_survey","Florida","Key Largo Dry Rocks","KL1",NA,NA,25.123581,-80.297359,"2.1",2008,"field","KL1-t102",14000,2100,-590.751445086705,-88.6127167630057,"N",0.947945205479452,NA,"dead = complete mortality or lost",817,62
"1989","NOAA_survey","Florida","Key Largo Dry Rocks","KL1",NA,NA,25.123581,-80.297359,"2.1",2008,"field","KL1-t103",7440,4092,1476.87861271676,-586.531791907515,"N",0.947945205479452,NA,"dead = complete mortality or lost",817,62
"1990","NOAA_survey","Florida","Key Largo Dry Rocks","KL1",NA,NA,25.123581,-80.297359,"2.1",2008,"field","KL1-t104",8855,1771,485.260115606936,588.37789017341,"N",0.947945205479452,NA,"dead = complete mortality or lost",817,62
"1991","NOAA_survey","Florida","Key Largo Dry Rocks","KL1",NA,NA,25.123581,-80.297359,"2.1",2008,"field","KL1-t105",33015,8253.75,1608.74277456647,-1419.64956647399,"N",0.947945205479452,NA,"dead = complete mortality or lost",817,62
"1992","NOAA_survey","Florida","Key Largo Dry Rocks","KL1",NA,NA,25.123581,-80.297359,"2.1",2008,"field","KL1-t106",4000,1400,0,-421.965317919075,"N",0.947945205479452,NA,"dead = complete mortality or lost",817,62
"1993","NOAA_survey","Florida","Key Largo Dry Rocks","KL1",NA,NA,25.123581,-80.297359,"2.1",2008,"field","KL1-t107",8250,3300,553.829479768786,-2555.5274566474,"N",0.947945205479452,NA,"dead = complete mortality or lost",817,62
"1994","NOAA_survey","Florida","Key Largo Dry Rocks","KL1",NA,NA,25.123581,-80.297359,"2.1",2008,"field","KL1-t108",14490,6520.5,94.9421965317919,-726.307803468208,"N",0.947945205479452,NA,"dead = complete mortality or lost",817,62
"1995","NOAA_survey","Florida","Key Largo Dry Rocks","KL1",NA,NA,25.123581,-80.297359,"2.1",2008,"field","KL1-t109",3350,167.5,-3401.04046242774,-50.4248554913295,"N",0.947945205479452,NA,"dead = complete mortality or lost",817,62
"1996","NOAA_survey","Florida","Key Largo Dry Rocks","KL1",NA,NA,25.123581,-80.297359,"2.1",2008,"field","KL1-t110",18375,6431.25,-923.049132947977,-1246.11632947977,"N",0.947945205479452,NA,"dead = complete mortality or lost",817,62
"1997","NOAA_survey","Florida","Key Largo Dry Rocks","KL1",NA,NA,25.123581,-80.297359,"2.1",2009,"field","KL1-t904",208,176.8,207.134986225895,155.250688705234,"N",0.994520547945205,"storm","dead = complete mortality or lost",817,62
"1998","NOAA_survey","Florida","Key Largo Dry Rocks","KL3",NA,NA,25.122538,-80.298287,"3",2008,"field","KL3-t215",3312,1324.8,382.756756756757,-29.3972972972975,"N",1.01369863013699,NA,"dead = complete mortality or lost",817,62
"1999","NOAA_survey","Florida","Key Largo Dry Rocks","KL3",NA,NA,25.122538,-80.298287,"3",2008,"field","KL3-t216",3640,3094,441.945945945946,-1237.44864864865,"N",1.01369863013699,NA,"dead = complete mortality or lost",817,62
"2000","NOAA_survey","Florida","Key Largo Dry Rocks","KL3",NA,NA,25.122538,-80.298287,"3",2008,"field","KL3-t217",3900,390,157.837837837838,416.297297297297,"N",1.01369863013699,NA,"dead = complete mortality or lost",817,62
"2001","NOAA_survey","Florida","Key Largo Dry Rocks","KL3",NA,NA,25.122538,-80.298287,"3",2008,"field","KL3-t219",21045,4209,-44.3918918918919,-1044.68918918919,"N",1.01369863013699,NA,"dead = complete mortality or lost",817,62
"2002","NOAA_survey","Florida","Key Largo Dry Rocks","KL3",NA,NA,25.122538,-80.298287,"3",2008,"field","KL3-t220",6580,1316,-1903.91891891892,-380.783783783784,"N",1.01369863013699,NA,"dead = complete mortality or lost",817,62
"2003","NOAA_survey","Florida","Key Largo Dry Rocks","KL3",NA,NA,25.122538,-80.298287,"3",2008,"field","KL3-t222",88,88,126.27027027027,126.27027027027,"N",1.01369863013699,NA,"dead = complete mortality or lost",817,62
"2004","NOAA_survey","Florida","Key Largo Dry Rocks","KL3",NA,NA,25.122538,-80.298287,"3",2008,"field","KL3-t223",1100,275,140.081081081081,157.541891891892,"N",1.01369863013699,NA,"dead = complete mortality or lost",817,62
"2005","NOAA_survey","Florida","Key Largo Dry Rocks","KL3",NA,NA,25.122538,-80.298287,"3",2016,"field","KL3-t899",1280,1267.2,0,-1286.11235955056,"N",0.975342465753425,NA,"dead = complete mortality or lost",817,62
"2006","NOAA_survey","Florida","Key Largo Dry Rocks","KL3",NA,NA,25.122538,-80.298287,"3",2014,"field","KL3-t966",527,447.95,127.41469816273,139.916666666667,"N",1.04383561643836,NA,"dead = complete mortality or lost",817,62
"2007","NOAA_survey","Florida","Key Largo Dry Rocks","KL3",NA,NA,25.122538,-80.298287,"3",2014,"field","KL3-t968",238,238,214.593175853018,214.593175853018,"N",1.04383561643836,NA,"dead = complete mortality or lost",817,62
"2008","NOAA_survey","Florida","Key Largo Dry Rocks","KL3",NA,NA,25.122538,-80.298287,"3",2014,"field","KL3-t969",300,150,335.301837270341,447.867454068242,"N",1.04383561643836,NA,"dead = complete mortality or lost",817,62
"2009","NOAA_survey","Florida","Key Largo Dry Rocks","KL4",NA,NA,25.124294,-80.298833,"1.8",2014,"field","KL4-t851",2944,2355.2,1195.95744680851,146,"N",1.03013698630137,NA,"dead = complete mortality or lost",817,62
"2010","NOAA_survey","Florida","Key Largo Dry Rocks","KL4",NA,NA,25.124294,-80.298833,"1.8",2014,"field","KL4-t852",3016,2865.2,1353.21808510638,1071.5079787234,"N",1.03013698630137,NA,"dead = complete mortality or lost",817,62
"2011","NOAA_survey","Florida","Key Largo Dry Rocks","KL4",NA,NA,25.124294,-80.298833,"1.8",2014,"field","KL4-t853",17920,12544,5433.25797872341,3803.28058510638,"N",1.03013698630137,NA,"dead = complete mortality or lost",817,62
"2012","NOAA_survey","Florida","Key Largo Dry Rocks","KL4",NA,NA,25.124294,-80.298833,"1.8",2014,"field","KL4-t856",10512,8409.6,643.603723404255,-7078.76728723404,"N",1.03013698630137,NA,"dead = complete mortality or lost",817,62
"2013","NOAA_survey","Florida","Key Largo Dry Rocks","KL4",NA,NA,25.124294,-80.298833,"1.8",2014,"field","KL4-t858",195,195,37.8590425531915,37.8590425531915,"N",1.03013698630137,NA,"dead = complete mortality or lost",817,62
"2014","NOAA_survey","Florida","Key Largo Dry Rocks","KL4",NA,NA,25.124294,-80.298833,"1.8",2016,"field","KL4-t893",5160,1290,-4794.21348314607,-1173.74157303371,"N",0.975342465753425,NA,"dead = complete mortality or lost",817,62
"2015","NOAA_survey","Florida","Molasses Reef","ML1",NA,NA,25.00958,-80.37481,"3.7",2008,"field","ML1-t013",12354,9265.5,-555.481049562682,212.934402332362,"N",0.93972602739726,NA,"dead = complete mortality or lost",817,65
"2016","NOAA_survey","Florida","Molasses Reef","ML1",NA,NA,25.00958,-80.37481,"3.7",2008,"field","ML1-t014",9350,1402.5,-43.6297376093294,-997.152332361516,"N",0.93972602739726,NA,"dead = complete mortality or lost",817,65
"2017","NOAA_survey","Florida","Molasses Reef","ML1",NA,NA,25.00958,-80.37481,"3.7",2008,"field","ML1-t015",700,630,178.775510204082,160.897959183674,"N",0.93972602739726,NA,"dead = complete mortality or lost",817,65
"2018","NOAA_survey","Florida","Molasses Reef","ML1",NA,NA,25.00958,-80.37481,"3.7",2008,"field","ML1-t016",6882,5849.7,644.868804664723,946.552478134111,"N",0.93972602739726,NA,"dead = complete mortality or lost",817,65
"2019","NOAA_survey","Florida","Molasses Reef","ML1",NA,NA,25.00958,-80.37481,"3.7",2008,"field","ML1-t017",2250,562.5,-549.096209912536,-137.274052478134,"N",0.93972602739726,NA,"dead = complete mortality or lost",817,65
"2020","NOAA_survey","Florida","Molasses Reef","ML1",NA,NA,25.00958,-80.37481,"3.7",2008,"field","ML1-t018",456,433.2,240.495626822157,257.500583090379,"N",0.93972602739726,NA,"dead = complete mortality or lost",817,65
"2021","NOAA_survey","Florida","Molasses Reef","ML1",NA,NA,25.00958,-80.37481,"3.7",2008,"field","ML1-t020",28000,4200,1835.64139941691,3438.50218658892,"N",0.93972602739726,NA,"dead = complete mortality or lost",817,65
"2022","NOAA_survey","Florida","Molasses Reef","ML1",NA,NA,25.00958,-80.37481,"3.7",2008,"field","ML1-t022",510,357,127.696793002915,-346.377551020408,"N",0.93972602739726,NA,"dead = complete mortality or lost",817,65
"2023","NOAA_survey","Florida","Molasses Reef","ML1",NA,NA,25.00958,-80.37481,"3.7",2016,"field","ML1-t882",30,30,-10.1671309192201,-10.1671309192201,"N",0.983561643835617,NA,"dead = complete mortality or lost",817,65
"2024","NOAA_survey","Florida","Molasses Reef","ML1",NA,NA,25.00958,-80.37481,"3.7",2009,"field","ML1-t920",54,32.4,-25.7880434782609,-7.14130434782609,"N",1.00821917808219,"storm","dead = complete mortality or lost",817,65
"2025","NOAA_survey","Florida","Molasses Reef","ML2",NA,NA,25.009122,-80.374734,"5.5",2008,"field","ML2-t126",38400,15360,1376.75438596491,-1567.25877192982,"N",0.936986301369863,NA,"dead = complete mortality or lost",817,65
"2026","NOAA_survey","Florida","Molasses Reef","ML2",NA,NA,25.009122,-80.374734,"5.5",2008,"field","ML2-t127",2160,1944,1024.56140350877,922.105263157895,"N",0.936986301369863,NA,"dead = complete mortality or lost",817,65
"2027","NOAA_survey","Florida","Molasses Reef","ML2",NA,NA,25.009122,-80.374734,"5.5",2008,"field","ML2-t128",702,526.5,55.4970760233918,41.6228070175439,"N",0.936986301369863,NA,"dead = complete mortality or lost",817,65
"2028","NOAA_survey","Florida","Molasses Reef","ML2",NA,NA,25.009122,-80.374734,"5.5",2008,"field","ML2-t129",17466,3493.2,1754.56140350877,350.912280701754,"N",0.936986301369863,NA,"dead = complete mortality or lost",817,65
"2029","NOAA_survey","Florida","Molasses Reef","ML2",NA,NA,25.009122,-80.374734,"5.5",2008,"field","ML2-t130",14850,4455,-1232.67543859649,-2562.20394736842,"N",0.936986301369863,NA,"dead = complete mortality or lost",817,65
"2030","NOAA_survey","Florida","Molasses Reef","ML2",NA,NA,25.009122,-80.374734,"5.5",2008,"field","ML2-t131",12420,4347,1184.64912280702,1136.62280701754,"N",0.936986301369863,NA,"dead = complete mortality or lost",817,65
"2031","NOAA_survey","Florida","Molasses Reef","ML2",NA,NA,25.009122,-80.374734,"5.5",2008,"field","ML2-t132",14760,7380,1483.47953216374,741.739766081871,"N",0.936986301369863,NA,"dead = complete mortality or lost",817,65
"2032","NOAA_survey","Florida","Molasses Reef","ML2",NA,NA,25.009122,-80.374734,"5.5",2008,"field","ML2-t137",42,42,22.4122807017544,22.4122807017544,"N",0.936986301369863,NA,"dead = complete mortality or lost",817,65
"2033","NOAA_survey","Florida","Molasses Reef","ML2",NA,NA,25.009122,-80.374734,"5.5",2008,"field","ML2-t141",759,189.75,-681.973684210526,-151.282894736842,"N",0.936986301369863,NA,"dead = complete mortality or lost",817,65
"2034","NOAA_survey","Florida","Molasses Reef","ML2",NA,NA,25.009122,-80.374734,"5.5",2015,"field","ML2-t249",80,79.2,0.986486486486487,-6.21486486486486,"N",1.01369863013699,NA,"dead = complete mortality or lost",817,65
"2035","NOAA_survey","Florida","Molasses Reef","ML2",NA,NA,25.009122,-80.374734,"5.5",2018,"field","ML2-t442",35,28,-11.9494047619048,-14.7738095238095,"N",0.92054794520548,NA,"dead = complete mortality or lost",817,65
"2036","NOAA_survey","Florida","Molasses Reef","ML2",NA,NA,25.009122,-80.374734,"5.5",2016,"field","ML2-t868",1785,357,-570.376044568245,10.3704735376044,"N",0.983561643835617,NA,"dead = complete mortality or lost",817,65
"2037","NOAA_survey","Florida","Molasses Reef","ML2",NA,NA,25.009122,-80.374734,"5.5",2016,"field","ML2-t869",510,25.5,-493.105849582173,-0.508356545961003,"N",0.983561643835617,NA,"dead = complete mortality or lost",817,65
"2038","NOAA_survey","Florida","Molasses Reef","ML2",NA,NA,25.009122,-80.374734,"5.5",2014,"field","ML2-t952",704,563.2,576.096866096866,460.877492877493,"N",0.961643835616438,NA,"dead = complete mortality or lost",817,65
"2039","NOAA_survey","Florida","Molasses Reef","ML2",NA,NA,25.009122,-80.374734,"5.5",2014,"field","ML2-t954",35,33.25,5.1994301994302,4.93945868945869,"N",0.961643835616438,NA,"dead = complete mortality or lost",817,65
"2040","NOAA_survey","Florida","Molasses Reef","ML3",NA,NA,25.010151,-80.373305,"4.3",2008,"field","ML3-t144",9775,6353.75,963.046647230321,1762.48177842566,"N",0.93972602739726,NA,"dead = complete mortality or lost",817,65
"2041","NOAA_survey","Florida","Molasses Reef","ML3",NA,NA,25.010151,-80.373305,"4.3",2008,"field","ML3-t145",10764,9149.4,2719.9416909621,2311.95043731778,"N",0.93972602739726,NA,"dead = complete mortality or lost",817,65
"2042","NOAA_survey","Florida","Molasses Reef","ML3",NA,NA,25.010151,-80.373305,"4.3",2008,"field","ML3-t146",18720,14976,2202.76967930029,1762.21574344023,"N",0.93972602739726,NA,"dead = complete mortality or lost",817,65
"2043","NOAA_survey","Florida","Molasses Reef","ML3",NA,NA,25.010151,-80.373305,"4.3",2008,"field","ML3-t147",47000,18800,0,-2500.72886297376,"N",0.93972602739726,NA,"dead = complete mortality or lost",817,65
"2044","NOAA_survey","Florida","Molasses Reef","ML3",NA,NA,25.010151,-80.373305,"4.3",2008,"field","ML3-t148",9960,4980,1276.96793002915,638.483965014577,"N",0.93972602739726,NA,"dead = complete mortality or lost",817,65
"2045","NOAA_survey","Florida","Molasses Reef","ML3",NA,NA,25.010151,-80.373305,"4.3",2008,"field","ML3-t150",1426,1426,861.953352769679,861.953352769679,"N",0.93972602739726,NA,"dead = complete mortality or lost",817,65
"2046","NOAA_survey","Florida","Molasses Reef","ML3",NA,NA,25.010151,-80.373305,"4.3",2008,"field","ML3-t184",34850,33107.5,2394.31486880466,300.619533527697,"N",0.93972602739726,NA,"dead = complete mortality or lost",817,65
"2047","NOAA_survey","Florida","Molasses Reef","ML3",NA,NA,25.010151,-80.373305,"4.3",2008,"field","ML3-t185",256,253.44,53.2069970845481,-74.3195335276968,"N",0.93972602739726,NA,"dead = complete mortality or lost",817,65
"2048","NOAA_survey","Florida","Molasses Reef","ML3",NA,NA,25.010151,-80.373305,"4.3",2008,"field","ML3-t186",792,752.4,62.7842565597668,59.6450437317784,"N",0.93972602739726,NA,"dead = complete mortality or lost",817,65
"2049","NOAA_survey","Florida","Molasses Reef","ML3",NA,NA,25.010151,-80.373305,"4.3",2009,"field","ML3-t915",2530,2150.5,420,-85.5,"N",1,"storm","dead = complete mortality or lost",817,65
"2050","NOAA_survey","Florida","Molasses Reef","ML3",NA,NA,25.010151,-80.373305,"4.3",2014,"field","ML3-t955",10086,8068.8,245.327868852459,-3410.05737704918,"N",1.0027397260274,NA,"dead = complete mortality or lost",817,65
"2051","NOAA_survey","Florida","Molasses Reef","ML3",NA,NA,25.010151,-80.373305,"4.3",2014,"field","ML3-t956",256,256,43.879781420765,40.8879781420765,"N",1.0027397260274,NA,"dead = complete mortality or lost",817,65
"2052","NOAA_survey","Florida","Sand Island","SI1",NA,NA,25.018314,-80.368583,"3.7",2013,"field","SI1-t302",15120,11340,-975.835475578406,-71.3110539845758,"N",1.06575342465753,NA,"dead = complete mortality or lost",817,71
"2053","NOAA_survey","Florida","Sand Island","SI1",NA,NA,25.018314,-80.368583,"3.7",2015,"field","SI1-t303",99,94.05,22.0604395604396,14.8907967032967,"N",0.997260273972603,NA,"dead = complete mortality or lost",817,71
"2054","NOAA_survey","Florida","Sand Island","SI1",NA,NA,25.018314,-80.368583,"3.7",2013,"field","SI1-t305",55,52.25,27.2107969151671,29.0029562982005,"N",1.06575342465753,NA,"dead = complete mortality or lost",817,71
"2055","NOAA_survey","Florida","Sand Island","SI1",NA,NA,25.018314,-80.368583,"3.7",2015,"field","SI1-t307",6912,2764.8,-52.1428571428571,-364.799450549451,"N",0.997260273972603,NA,"dead = complete mortality or lost",817,71
"2056","NOAA_survey","Florida","Sand Island","SI1",NA,NA,25.018314,-80.368583,"3.7",2013,"field","SI1-t308",4560,2052,-305.886889460154,-137.649100257069,"N",1.06575342465753,NA,"dead = complete mortality or lost",817,71
"2057","NOAA_survey","Florida","Sand Island","SI1",NA,NA,25.018314,-80.368583,"3.7",2013,"field","SI1-t312",525,367.5,378.136246786633,395.307197943445,"N",1.06575342465753,NA,"dead = complete mortality or lost",817,71
"2058","NOAA_survey","Florida","Sand Island","SI1",NA,NA,25.018314,-80.368583,"3.7",2013,"field","SI1-t319",4675,233.75,0,-131.5970437018,"N",1.06575342465753,NA,"dead = complete mortality or lost",817,71
"2059","NOAA_survey","Florida","Sand Island","SI1",NA,NA,25.018314,-80.368583,"3.7",2015,"field","SI1-t332",23881,15522.65,5531.0781671159,5046.49393530997,"N",1.01643835616438,NA,"dead = complete mortality or lost",817,71
"2060","NOAA_survey","Florida","Sand Island","SI1",NA,NA,25.018314,-80.368583,"3.7",2019,"field","SI1-t477",26904,18832.8,4440.672823219,3108.4709762533,"N",1.03835616438356,NA,"dead = complete mortality or lost",817,71
"2061","NOAA_survey","Florida","Sand Island","SI1",NA,NA,25.018314,-80.368583,"3.7",2022,"field","SI1-t756",99,99,0,-25.5371024734982,"N",3.1013698630137,NA,"dead = complete mortality or lost",817,71
"2062","NOAA_survey","Florida","Sand Island","SI1",NA,NA,25.018314,-80.368583,"3.7",2022,"field","SI1-t757",630,630,212.809187279152,129.620141342756,"N",3.1013698630137,NA,"dead = complete mortality or lost",817,71
"2063","NOAA_survey","Florida","Sand Island","SI1",NA,NA,25.018314,-80.368583,"3.7",2022,"field","SI1-t758",735,735,277.61925795053,148.966431095406,"N",3.1013698630137,NA,"dead = complete mortality or lost",817,71
"2064","NOAA_survey","Florida","Sand Island","SI1",NA,NA,25.018314,-80.368583,"3.7",2014,"field","SI1-t958",255,252.45,117.075471698113,101.186657681941,"N",1.01643835616438,NA,"dead = complete mortality or lost",817,71
"2065","NOAA_survey","Florida","Sand Island","SI1",NA,NA,25.018314,-80.368583,"3.7",2014,"field","SI1-t959",525,519.75,585.377358490566,590.542452830189,"N",1.01643835616438,NA,"dead = complete mortality or lost",817,71
"2066","NOAA_survey","Florida","Sand Island","SI2",NA,NA,25.018249,-80.368447,"3.4",2015,"field","SI2-t313",15642,12513.6,725.989010989011,-239.756868131868,"N",0.997260273972603,NA,"dead = complete mortality or lost",817,71
"2067","NOAA_survey","Florida","Sand Island","SI2",NA,NA,25.018249,-80.368447,"3.4",2013,"field","SI2-t323",8190,3276,330.150753768844,132.060301507538,"N",1.09041095890411,NA,"dead = complete mortality or lost",817,71
"2068","NOAA_survey","Florida","Sand Island","SI2",NA,NA,25.018249,-80.368447,"3.4",2013,"field","SI2-t324",13870,11789.5,1480.17587939698,1968.15703517588,"N",1.09041095890411,NA,"dead = complete mortality or lost",817,71
"2069","NOAA_survey","Florida","Sand Island","SI2",NA,NA,25.018249,-80.368447,"3.4",2013,"field","SI2-t326",16530,9918,3699.52261306533,3162.6608040201,"N",1.09041095890411,NA,"dead = complete mortality or lost",817,71
"2070","NOAA_survey","Florida","Sand Island","SI2",NA,NA,25.018249,-80.368447,"3.4",2013,"field","SI2-t330",1505,301,397.097989949749,168.285175879397,"N",1.09041095890411,NA,"dead = complete mortality or lost",817,71
"2071","NOAA_survey","Florida","Sand Island","SI2",NA,NA,25.018249,-80.368447,"3.4",2015,"field","SI2-t331",616,554.4,0,-90.9056603773585,"N",1.01643835616438,NA,"dead = complete mortality or lost",817,71
"2072","NOAA_survey","Florida","Sand Island","SI2",NA,NA,25.018249,-80.368447,"3.4",2013,"field","SI2-t334",61230,33676.5,-715.326633165829,-393.429648241206,"N",1.09041095890411,NA,"dead = complete mortality or lost",817,71
"2073","NOAA_survey","Florida","Sand Island","SI2",NA,NA,25.018249,-80.368447,"3.4",2016,"field","SI2-t399",4774,3580.5,14.9853372434018,-245.010263929619,"N",0.934246575342466,NA,"dead = complete mortality or lost",817,71
"2074","NOAA_survey","Florida","Sand Island","SI2",NA,NA,25.018249,-80.368447,"3.4",2018,"field","SI2-t435",7200,7200,-689.085545722714,-759.716814159292,"N",0.928767123287671,NA,"dead = complete mortality or lost",817,71
"2075","NOAA_survey","Florida","Sand Island","SI2",NA,NA,25.018249,-80.368447,"3.4",2019,"field","SI2-t479",3900,3510,558.575197889182,718.44327176781,"N",1.03835616438356,NA,"dead = complete mortality or lost",817,71
"2076","NOAA_survey","Florida","Sand Island","SI2",NA,NA,25.018249,-80.368447,"3.4",2014,"field","SI2-t960",7200,6840,892.334254143647,440.117403314917,"N",0.991780821917808,NA,"dead = complete mortality or lost",817,71
"2077","NOAA_survey","Florida","Sand Island","SI2",NA,NA,25.018249,-80.368447,"3.4",2014,"field","SI2-t961",2337,2220.15,216.781767955801,308.86864640884,"N",0.991780821917808,NA,"dead = complete mortality or lost",817,71
"2078","NOAA_survey","Florida","Sand Island","SI2",NA,NA,25.018249,-80.368447,"3.4",2014,"field","SI2-t962",18308,12815.6,2111.35359116022,3535.05524861879,"N",0.991780821917808,NA,"dead = complete mortality or lost",817,71
"2079","NOAA_survey","Florida","Sand Island","SI3",NA,NA,25.018128,-80.368348,"3.7",2015,"field","SI3-t315",24,22.8,-9.02472527472527,-7.97184065934065,"N",0.997260273972603,NA,"dead = complete mortality or lost",817,71
"2080","NOAA_survey","Florida","Sand Island","SI3",NA,NA,25.018128,-80.368348,"3.7",2015,"field","SI3-t316",238,238,-58.1593406593406,-193.53021978022,"N",0.997260273972603,NA,"dead = complete mortality or lost",817,71
"2081","NOAA_survey","Florida","Sand Island","SI3",NA,NA,25.018128,-80.368348,"3.7",2015,"field","SI3-t317",667,633.65,-452.239010989011,-633.224862637362,"N",0.997260273972603,NA,"dead = complete mortality or lost",817,71
"2082","NOAA_survey","Florida","Sand Island","SI3",NA,NA,25.018128,-80.368348,"3.7",2013,"field","SI3-t338",741,666.9,593.247978436657,533.923180592992,"N",1.01643835616438,NA,"dead = complete mortality or lost",817,71
"2083","NOAA_survey","Florida","Sand Island","SI3",NA,NA,25.018128,-80.368348,"3.7",2013,"field","SI3-t340",345,293.25,-22.6280323450135,-285.33948787062,"N",1.01643835616438,NA,"dead = complete mortality or lost",817,71
"2084","NOAA_survey","Florida","Sand Island","SI3",NA,NA,25.018128,-80.368348,"3.7",2013,"field","SI3-t341",12028,9622.4,956.280323450134,765.024258760108,"N",1.01643835616438,NA,"dead = complete mortality or lost",817,71
"2085","NOAA_survey","Florida","Sand Island","SI3",NA,NA,25.018128,-80.368348,"3.7",2013,"field","SI3-t345",40,34,-4.91913746630727,-2.45956873315364,"N",1.01643835616438,NA,"dead = complete mortality or lost",817,71
"2086","NOAA_survey","Florida","Sand Island","SI3",NA,NA,25.018128,-80.368348,"3.7",2013,"field","SI3-t346",575,575,-80.6738544474393,-80.6738544474393,"N",1.01643835616438,NA,"dead = complete mortality or lost",817,71
"2087","NOAA_survey","Florida","Sand Island","SI3",NA,NA,25.018128,-80.368348,"3.7",2022,"field","SI3-t761",275,13.75,4.19169611307421,0.20958480565371,"N",3.1013698630137,NA,"dead = complete mortality or lost",817,71
"2088","NOAA_survey","Florida","Sand Island","SI3",NA,NA,25.018128,-80.368348,"3.7",2022,"field","SI3-t762",42,39.9,9.67314487632509,10.3502650176678,"N",3.1013698630137,NA,"dead = complete mortality or lost",817,71
"2089","NOAA_survey","Florida","Sand Island","SI3",NA,NA,25.018128,-80.368348,"3.7",2022,"field","SI3-t763",364,309.4,8.70583038869258,1.09628975265019,"N",3.1013698630137,NA,"dead = complete mortality or lost",817,71
"2090","NOAA_survey","Florida","Sand Island","SI3",NA,NA,25.018128,-80.368348,"3.7",2022,"field","SI3-t764",720,684,722.583922261484,686.45472614841,"N",3.1013698630137,NA,"dead = complete mortality or lost",817,71
"2091","NOAA_survey","Florida","Sand Island","SI3",NA,NA,25.018128,-80.368348,"3.7",2022,"field","SI3-t765",221,221,49.333038869258,-23.0220848056537,"N",3.1013698630137,NA,"dead = complete mortality or lost",817,71
"2092","NOAA_survey","Florida","Sand Island","SI3",NA,NA,25.018128,-80.368348,"3.7",2022,"field","SI3-t766",720,720,52.2349823321555,-175.277385159011,"N",3.1013698630137,NA,"dead = complete mortality or lost",817,71
"2093","NOAA_survey","Florida","Sand Island","SI3",NA,NA,25.018128,-80.368348,"3.7",2014,"field","SI3-t964",2400,24,629.649595687332,6.29649595687332,"N",1.01643835616438,NA,"dead = complete mortality or lost",817,71
"2094","NOAA_survey","Florida","Turtle Rocks","TR1",NA,NA,25.28067,-80.20888,"2.4",2013,"field","TR1-t291",11400,10830,3392.81842818428,2771.62601626016,"N",2.02191780821918,NA,"dead = complete mortality or lost",817,61
"2095","NOAA_survey","Florida","Turtle Rocks","TR1",NA,NA,25.28067,-80.20888,"2.4",2013,"field","TR1-t293",15000,12000,-7296.5379403794,-5825.01422764228,"N",2.02191780821918,NA,"dead = complete mortality or lost",817,61
"2096","NOAA_survey","Florida","Turtle Rocks","TR1",NA,NA,25.28067,-80.20888,"2.4",2013,"field","TR1-t294",345,86.25,-10.3861788617886,-2.59654471544715,"N",2.02191780821918,NA,"dead = complete mortality or lost",817,61
"2097","NOAA_survey","Florida","Turtle Rocks","TR1",NA,NA,25.28067,-80.20888,"2.4",2014,"field","TR1-t941",16330,3266,-3813.58543417367,-762.717086834734,"N",0.978082191780822,NA,"dead = complete mortality or lost",817,61
"2098","NOAA_survey","Florida","Turtle Rocks","TR2",NA,NA,25.28072,-80.20907,"2.4",2013,"field","TR2-t350",1813,1087.8,936.748251748252,934.502097902098,"N",1.95890410958904,NA,"dead = complete mortality or lost",817,61
"2099","NOAA_survey","Florida","Turtle Rocks","TR2",NA,NA,25.28072,-80.20907,"2.4",2013,"field","TR2-t351",714,714,477.818181818182,309.356643356643,"N",1.95890410958904,NA,"dead = complete mortality or lost",817,61
"2100","NOAA_survey","Florida","Turtle Rocks","TR2",NA,NA,25.28072,-80.20907,"2.4",2013,"field","TR2-t356",4230,3595.5,2278.82517482518,1937.0013986014,"N",1.95890410958904,NA,"dead = complete mortality or lost",817,61
"2101","NOAA_survey","Florida","Turtle Rocks","TR3",NA,NA,25.28078,-80.20882,"2.4",2013,"field","TR3-t364",35200,21120,3330.43356643357,6258.19300699301,"N",1.95890410958904,NA,"dead = complete mortality or lost",817,61
"2102","NOAA_survey","Curacao","Blue Baai","BB1",NA,NA,12.135109,-68.986818,"3",2011,"field","BB1-t237",40425,26276.25,-430.902777777778,-6363.42013888889,"N",0.986301369863013,NA,"dead = complete mortality or lost",817,50
"2103","NOAA_survey","Curacao","Blue Baai","BB1",NA,NA,12.135109,-68.986818,"3",2011,"field","BB1-t238",2772,2356.2,-383.25,-447.125,"N",0.986301369863013,NA,"dead = complete mortality or lost",817,50
"2104","NOAA_survey","Curacao","Blue Baai","BB1",NA,NA,12.135109,-68.986818,"3",2011,"field","BB1-t239",1575,1496.25,1039.23611111111,987.274305555556,"N",0.986301369863013,NA,"dead = complete mortality or lost",817,50
"2105","NOAA_survey","Curacao","Blue Baai","BB1",NA,NA,12.135109,-68.986818,"3",2011,"field","BB1-t240",10125,9112.5,3421.875,1026.5625,"N",0.986301369863013,NA,"dead = complete mortality or lost",817,50
"2106","NOAA_survey","Curacao","Blue Baai","BB1",NA,NA,12.135109,-68.986818,"3",2011,"field","BB1-t241",17835,12484.5,716.819444444445,501.773611111111,"N",0.986301369863013,NA,"dead = complete mortality or lost",817,50
"2107","NOAA_survey","Curacao","Blue Baai","BB1",NA,NA,12.135109,-68.986818,"3",2011,"field","BB1-t242",594,594,565.75,565.75,"N",0.986301369863013,NA,"dead = complete mortality or lost",817,50
"2108","NOAA_survey","Curacao","Blue Baai","BB1",NA,NA,12.135109,-68.986818,"3",2011,"field","BB1-t243",1008,957.6,182.5,173.375,"N",0.986301369863013,NA,"dead = complete mortality or lost",817,50
"2109","NOAA_survey","Curacao","Blue Baai","BB1",NA,NA,12.135109,-68.986818,"3",2011,"field","BB1-t244",4182,3554.7,-523.166666666667,-816.383333333334,"Y",0.986301369863013,NA,"dead = complete mortality or lost",817,50
"2110","NOAA_survey","Curacao","Blue Baai","BB1",NA,NA,12.135109,-68.986818,"3",2011,"field","BB1-t245",13172,11196.2,1087.90277777778,-1963.85208333333,"N",0.986301369863013,NA,"dead = complete mortality or lost",817,50
"2111","NOAA_survey","Curacao","Blue Baai","BB1",NA,NA,12.135109,-68.986818,"3",2011,"field","BB1-t248",468,444.6,239.277777777778,191.625,"N",0.986301369863013,NA,"dead = complete mortality or lost",817,50
"2112","NOAA_survey","Curacao","Blue Baai","BB1",NA,NA,12.135109,-68.986818,"3",2015,"field","BB1-t396",2709,2167.2,651.785714285714,848.190476190475,"N",1.03561643835616,NA,"dead = complete mortality or lost",817,50
"2113","NOAA_survey","Curacao","Blue Baai","BB2",NA,NA,12.135202,-68.987383,"3",2011,"field","BB2-t249",2920,2482,80.8864265927978,68.7534626038781,"N",0.98904109589041,NA,"dead = complete mortality or lost",817,50
"2114","NOAA_survey","Curacao","Blue Baai","BB2",NA,NA,12.135202,-68.987383,"3",2011,"field","BB2-t251",12075,7245,1137.46537396122,682.479224376732,"N",0.98904109589041,NA,"dead = complete mortality or lost",817,50
"2115","NOAA_survey","Curacao","Blue Baai","BB2",NA,NA,12.135202,-68.987383,"3",2011,"field","BB2-t253",5890,5595.5,1825,566.71052631579,"N",0.98904109589041,NA,"dead = complete mortality or lost",817,50
"2116","NOAA_survey","Curacao","Blue Baai","BB2",NA,NA,12.135202,-68.987383,"3",2011,"field","BB2-t254",1085,976.5,318.490304709141,215.865650969529,"N",0.98904109589041,NA,"dead = complete mortality or lost",817,50
"2117","NOAA_survey","Curacao","Blue Baai","BB2",NA,NA,12.135202,-68.987383,"3",2011,"field","BB2-t260",3825,573.75,-1297.216066482,-451.599030470914,"N",0.98904109589041,NA,"dead = complete mortality or lost",817,50
"2118","NOAA_survey","Curacao","Blue Baai","BB2",NA,NA,12.135202,-68.987383,"3",2011,"field","BB2-t261",8925,1785,-2780.47091412742,-868.265235457064,"N",0.98904109589041,NA,"dead = complete mortality or lost",817,50
"2119","NOAA_survey","Curacao","Blue Baai","BB2",NA,NA,12.135202,-68.987383,"3",2015,"field","BB2-t391",5394,1078.8,-163.620689655172,-32.7241379310344,"N",1.03287671232877,NA,"dead = complete mortality or lost",817,50
"2120","NOAA_survey","Curacao","Blue Baai","BB2",NA,NA,12.135202,-68.987383,"3",2015,"field","BB2-t393",644,579.6,156.84350132626,141.159151193634,"N",1.03287671232877,NA,"dead = complete mortality or lost",817,50
"2121","NOAA_survey","Curacao","Blue Baai","BB3",NA,NA,12.135267,-68.987104,"2.7",2011,"field","BB3-t264",14790,11092.5,-343.767313019391,-6832.37534626039,"N",0.98904109589041,NA,"dead = complete mortality or lost",817,50
"2122","NOAA_survey","Curacao","Blue Baai","BB3",NA,NA,12.135267,-68.987104,"2.7",2011,"field","BB3-t265",10800,5400,2224.37673130194,-202.216066481995,"N",0.98904109589041,NA,"dead = complete mortality or lost",817,50
"2123","NOAA_survey","Curacao","Blue Baai","BB3",NA,NA,12.135267,-68.987104,"2.7",2011,"field","BB3-t266",3250,1137.5,2871.46814404432,389.26592797784,"N",0.98904109589041,NA,"dead = complete mortality or lost",817,50
"2124","NOAA_survey","Curacao","Blue Baai","BB3",NA,NA,12.135267,-68.987104,"2.7",2011,"field","BB3-t267",4410,2646,-733.03324099723,-1371.27770083103,"N",0.98904109589041,NA,"dead = complete mortality or lost",817,50
"2125","NOAA_survey","Curacao","Blue Baai","BB3",NA,NA,12.135267,-68.987104,"2.7",2011,"field","BB3-t269",6825,3412.5,-300.290858725762,179.871191135734,"N",0.98904109589041,NA,"dead = complete mortality or lost",817,50
"2126","NOAA_survey","Curacao","Blue Baai","BB3",NA,NA,12.135267,-68.987104,"2.7",2015,"field","BB3-t370",684,478.8,34.8541114058355,59.2519893899205,"N",1.03287671232877,NA,"dead = complete mortality or lost",817,50
"2127","NOAA_survey","Curacao","Blue Baai","BB3",NA,NA,12.135267,-68.987104,"2.7",2015,"field","BB3-t377",3248,2923.2,340.79575596817,-1261.71883289125,"N",1.03287671232877,NA,"dead = complete mortality or lost",817,50
"2128","NOAA_survey","Curacao","Blue Baai","BB3",NA,NA,12.135267,-68.987104,"2.7",2015,"field","BB3-t378",3430,2401,1326.3925729443,1160.83554376658,"N",1.03287671232877,NA,"dead = complete mortality or lost",817,50
"2129","NOAA_survey","Curacao","Blue Baai","BB3",NA,NA,12.135267,-68.987104,"2.7",2015,"field","BB3-t379",7200,360,-6523.52785145888,31.6591511936339,"N",1.03287671232877,NA,"dead = complete mortality or lost",817,50
"2130","NOAA_survey","Curacao","Boca Santa Marta","SM1",NA,NA,12.268331,-69.129461,"2.7",2011,"field","SM1-t342",630,189,-36.398891966759,-101.006925207756,"N",0.98904109589041,NA,"dead = complete mortality or lost",817,40
"2131","NOAA_survey","Curacao","Boca Santa Marta","SM1",NA,NA,12.268331,-69.129461,"2.7",2011,"field","SM1-t345",12375,10518.75,-126.385041551247,-107.42728531856,"N",0.98904109589041,NA,"dead = complete mortality or lost",817,40
"2132","NOAA_survey","Curacao","Boca Santa Marta","SM1",NA,NA,12.268331,-69.129461,"2.7",2011,"field","SM1-t352",1176,352.8,-51.5650969529086,98.2770083102493,"N",0.98904109589041,NA,"dead = complete mortality or lost",817,40
"2133","NOAA_survey","Curacao","Boca Santa Marta","SM1",NA,NA,12.268331,-69.129461,"2.7",2011,"field","SM1-t353",13200,11880,606.648199445984,545.983379501385,"N",0.98904109589041,NA,"dead = complete mortality or lost",817,40
"2134","NOAA_survey","Curacao","Boca Santa Marta","SM1",NA,NA,12.268331,-69.129461,"2.7",2011,"field","SM1-t355",3740,2618,490.373961218837,770.443213296399,"N",0.98904109589041,NA,"dead = complete mortality or lost",817,40
"2135","NOAA_survey","Curacao","Boca Santa Marta","SM2",NA,NA,12.267807,-69.128565,"2.4",2011,"field","SM2-t359",15035,10524.5,1981.71745152355,-2049.45983379501,"N",0.98904109589041,NA,"dead = complete mortality or lost",817,40
"2136","NOAA_survey","Curacao","Sea Aquarium Reef","SQ1",NA,NA,12.084208,-68.893882,"3.9",2011,"field","SQ1-t202",11590,10431,925.208913649025,-438.203342618384,"N",0.983561643835617,NA,"dead = complete mortality or lost",817,56
"2137","NOAA_survey","Curacao","Sea Aquarium Reef","SQ1",NA,NA,12.084208,-68.893882,"3.9",2011,"field","SQ1-t203",960,144,-869.289693593314,-55.6650417827298,"N",0.983561643835617,NA,"dead = complete mortality or lost",817,56
"2138","NOAA_survey","Curacao","Sea Aquarium Reef","SQ1",NA,NA,12.084208,-68.893882,"3.9",2011,"field","SQ1-t204",1550,310,0,-236.385793871866,"N",0.983561643835617,NA,"dead = complete mortality or lost",817,56
"2139","NOAA_survey","Curacao","Sea Aquarium Reef","SQ1",NA,NA,12.084208,-68.893882,"3.9",2011,"field","SQ1-t205",34400,18920,-10955.0835654596,-9628.27298050139,"N",0.983561643835617,NA,"dead = complete mortality or lost",817,56
"2140","NOAA_survey","Curacao","Sea Aquarium Reef","SQ1",NA,NA,12.084208,-68.893882,"3.9",2011,"field","SQ1-t209",9000,2250,0,457.520891364902,"N",0.983561643835617,NA,"dead = complete mortality or lost",817,56
"2141","NOAA_survey","Curacao","Sea Aquarium Reef","SQ1",NA,NA,12.084208,-68.893882,"3.9",2011,"field","SQ1-t210",10455,2091,3985.51532033426,797.103064066852,"N",0.983561643835617,NA,"dead = complete mortality or lost",817,56
"2142","NOAA_survey","Curacao","Sea Aquarium Reef","SQ1",NA,NA,12.084208,-68.893882,"3.9",2011,"field","SQ1-t211",700,420,416.852367688022,80.8286908077994,"N",0.983561643835617,NA,"dead = complete mortality or lost",817,56
"2143","NOAA_survey","Curacao","Sea Aquarium Reef","SQ2",NA,NA,12.083209,-68.895032,"4.5",2011,"field","SQ2-t214",1400,1190,670.865921787709,465.324022346369,"N",0.980821917808219,NA,"dead = complete mortality or lost",817,56
"2144","NOAA_survey","Curacao","Sea Aquarium Reef","SQ2",NA,NA,12.083209,-68.895032,"4.5",2011,"field","SQ2-t216",11449,11220.02,959.399441340782,-70.3695530726261,"N",0.980821917808219,NA,"dead = complete mortality or lost",817,56
"2145","NOAA_survey","Curacao","Sea Aquarium Reef","SQ2",NA,NA,12.083209,-68.895032,"4.5",2011,"field","SQ2-t218",18975,16128.75,1172.48603351955,996.61312849162,"N",0.980821917808219,NA,"dead = complete mortality or lost",817,56
"2146","NOAA_survey","Curacao","Sea Aquarium Reef","SQ2",NA,NA,12.083209,-68.895032,"4.5",2011,"field","SQ2-t223",7125,5343.75,611.731843575419,-1904.01536312849,"N",0.980821917808219,NA,"dead = complete mortality or lost",817,56
"2147","NOAA_survey","Curacao","Sea Aquarium Reef","SQ2",NA,NA,12.083209,-68.895032,"4.5",2015,"field","SQ2-t380",2430,364.5,-2264.92105263158,-287.869736842105,"N",1.04109589041096,NA,"dead = complete mortality or lost",817,56
"2148","NOAA_survey","Curacao","Sea Aquarium Reef","SQ2",NA,NA,12.083209,-68.895032,"4.5",2015,"field","SQ2-t383",3120,3120,384.210526315789,316.58947368421,"N",1.04109589041096,NA,"dead = complete mortality or lost",817,56
"2149","NOAA_survey","Curacao","Sea Aquarium Reef","SQ3",NA,NA,12.083075,-68.895931,"3.3",2011,"field","SQ3-t226",7150,1430,-3644.90223463687,-728.980446927374,"N",0.980821917808219,NA,"dead = complete mortality or lost",817,56
"2150","NOAA_survey","Curacao","Sea Aquarium Reef","SQ3",NA,NA,12.083075,-68.895931,"3.3",2011,"field","SQ3-t227",12125,6062.5,197.793296089385,-1157.0907821229,"N",0.980821917808219,NA,"dead = complete mortality or lost",817,56
"2151","NOAA_survey","Curacao","Sea Aquarium Reef","SQ3",NA,NA,12.083075,-68.895931,"3.3",2011,"field","SQ3-t228",39875,21931.25,-2803.77094972067,350.471368715084,"N",0.980821917808219,NA,"dead = complete mortality or lost",817,56
"2152","NOAA_survey","Curacao","Sea Aquarium Reef","SQ3",NA,NA,12.083075,-68.895931,"3.3",2011,"field","SQ3-t229",11658,4080.3,160.069832402235,56.0244413407824,"N",0.980821917808219,NA,"dead = complete mortality or lost",817,56
"2153","NOAA_survey","Curacao","Sea Aquarium Reef","SQ3",NA,NA,12.083075,-68.895931,"3.3",2011,"field","SQ3-t231",5340,4005,1070.53072625698,-1477.33240223464,"N",0.980821917808219,NA,"dead = complete mortality or lost",817,56
"2154","NOAA_survey","Curacao","Sea Aquarium Reef","SQ3",NA,NA,12.083075,-68.895931,"3.3",2011,"field","SQ3-t232",22015,15410.5,-1034.84636871508,-7147.57681564245,"N",0.980821917808219,NA,"dead = complete mortality or lost",817,56
"2155","NOAA_survey","Curacao","Sea Aquarium Reef","SQ3",NA,NA,12.083075,-68.895931,"3.3",2015,"field","SQ3-t371",19720,7888,3659.63060686016,-1933.82585751979,"N",1.03835616438356,NA,"dead = complete mortality or lost",817,56
"2156","NOAA_survey","Florida","Carysfort Reef","CF1",NA,NA,25.22194,-80.21055,"2.1",2009,"field","CF1-t024",5665,1133,-5331.26943005181,-1045.82901554404,"N",1.05753424657534,"storm","dead = complete mortality or lost",817,74
"2157","NOAA_survey","Florida","Carysfort Reef","CF1",NA,NA,25.22194,-80.21055,"2.1",2009,"field","CF1-t027",90,90,29.3134715025907,29.3134715025907,"N",1.05753424657534,"storm","dead = complete mortality or lost",817,74
"2158","NOAA_survey","Florida","Carysfort Reef","CF1",NA,NA,25.22194,-80.21055,"2.1",2009,"field","CF1-t033",25850,5170,0,-1222.18264248705,"N",1.05753424657534,"storm","dead = complete mortality or lost",817,74
"2159","NOAA_survey","Florida","Carysfort Reef","CF2",NA,NA,25.22179,-80.210586,"2.4",2009,"field","CF2-t038",39345,13770.75,-70.919689119171,-24.8218911917098,"N",1.05753424657534,"storm","dead = complete mortality or lost",817,74
"2160","NOAA_survey","Florida","Carysfort Reef","CF2",NA,NA,25.22179,-80.210586,"2.4",2009,"field","CF2-t040",6345,1903.5,-2259.02849740933,-864.747409326425,"N",1.05753424657534,"storm","dead = complete mortality or lost",817,74
"2161","NOAA_survey","Florida","Carysfort Reef","CF2",NA,NA,25.22179,-80.210586,"2.4",2009,"field","CF2-t042",1776,1509.6,287.461139896373,342.683937823834,"N",1.05753424657534,"storm","dead = complete mortality or lost",817,74
"2162","NOAA_survey","Florida","Carysfort Reef","CF2",NA,NA,25.22179,-80.210586,"2.4",2009,"field","CF2-t043",12635,10108,-1457.16321243523,-641.208549222798,"N",1.05753424657534,"storm","dead = complete mortality or lost",817,74
"2163","NOAA_survey","Florida","Carysfort Reef","CF2",NA,NA,25.22179,-80.210586,"2.4",2009,"field","CF2-t045",11180,8944,1342.74611398964,1074.19689119171,"N",1.05753424657534,"storm","dead = complete mortality or lost",817,74
"2164","NOAA_survey","Florida","Carysfort Reef","CF2",NA,NA,25.22179,-80.210586,"2.4",2009,"field","CF2-t046",3600,1440,-601.39896373057,-520.834196891192,"N",1.05753424657534,"storm","dead = complete mortality or lost",817,74
"2165","NOAA_survey","Florida","Carysfort Reef","CF2",NA,NA,25.22179,-80.210586,"2.4",2009,"field","CF2-t047",19890,11934,-1111.07512953368,218.196243523316,"N",1.05753424657534,"storm","dead = complete mortality or lost",817,74
"2166","NOAA_survey","Florida","Carysfort Reef","CF2",NA,NA,25.22179,-80.210586,"2.4",2009,"field","CF2-t048",11960,9568,-1380.56994818653,-1600.89378238342,"N",1.05753424657534,"storm","dead = complete mortality or lost",817,74
"2167","NOAA_survey","Florida","Carysfort Reef","CF2",NA,NA,25.22179,-80.210586,"2.4",2009,"field","CF2-t049",10875,4350,761.204663212435,856.709844559585,"N",1.05753424657534,"storm","dead = complete mortality or lost",817,74
"2168","NOAA_survey","Florida","Carysfort Reef","CF3",NA,NA,25.22289,-80.20956,"3.7",2009,"field","CF3-t088",38610,19305,3205.56994818653,-4354.4689119171,"N",1.05753424657534,"storm","dead = complete mortality or lost",817,74
"2169","NOAA_survey","Florida","Carysfort Reef","CF3",NA,NA,25.22289,-80.20956,"3.7",2009,"field","CF3-t090",55935,39154.5,4694.88341968912,6165.75777202073,"N",1.05753424657534,"storm","dead = complete mortality or lost",817,74
"2170","NOAA_survey","Florida","Carysfort Reef","CF3",NA,NA,25.22289,-80.20956,"3.7",2009,"field","CF3-t092",26325,13162.5,2529.4689119171,5378.07642487047,"N",1.05753424657534,"storm","dead = complete mortality or lost",817,74
"2171","NOAA_survey","Florida","Carysfort Reef","CF3",NA,NA,25.22289,-80.20956,"3.7",2009,"field","CF3-t095",28565,19995.5,2595.66062176166,1816.96243523316,"N",1.05753424657534,"storm","dead = complete mortality or lost",817,74
"2172","NOAA_survey","Florida","Carysfort Reef","CF4",NA,NA,25.222871,-80.209996,"4.6",2015,"field","CF4-t812",72,72,34.8541114058356,34.8541114058356,"N",1.03287671232877,NA,"dead = complete mortality or lost",817,74
"2173","NOAA_survey","Florida","Elbow Reef","EL1",NA,NA,25.142579,-80.258364,"3.4",2009,"field","EL1-t051",15800,4740,2299.59785522788,-1086.19302949062,"N",1.02191780821918,"storm","dead = complete mortality or lost",817,118
"2174","NOAA_survey","Florida","Elbow Reef","EL1",NA,NA,25.142579,-80.258364,"3.4",2009,"field","EL1-t052",46250,34687.5,2524.66487935657,1893.49865951742,"N",1.02191780821918,"storm","dead = complete mortality or lost",817,118
"2175","NOAA_survey","Florida","Elbow Reef","EL1",NA,NA,25.142579,-80.258364,"3.4",2009,"field","EL1-t054",20460,11253,-2979.69168900804,-786.756032171581,"N",1.02191780821918,"storm","dead = complete mortality or lost",817,118
"2176","NOAA_survey","Florida","Elbow Reef","EL1",NA,NA,25.142579,-80.258364,"3.4",2009,"field","EL1-t055",33867,28786.95,1152.7345844504,979.82439678284,"N",1.02191780821918,"storm","dead = complete mortality or lost",817,118
"2177","NOAA_survey","Florida","Elbow Reef","EL1",NA,NA,25.142579,-80.258364,"3.4",2009,"field","EL1-t056",5734,4300.5,368.914209115281,276.685656836461,"N",1.02191780821918,"storm","dead = complete mortality or lost",817,118
"2178","NOAA_survey","Florida","Elbow Reef","EL1",NA,NA,25.142579,-80.258364,"3.4",2009,"field","EL1-t059",54,54,64.5844504021447,64.5844504021447,"N",1.02191780821918,"storm","dead = complete mortality or lost",817,118
"2179","NOAA_survey","Florida","Elbow Reef","EL1",NA,NA,25.142579,-80.258364,"3.4",2009,"field","EL1-t060",910,864.5,1144.90616621984,1189.43029490617,"N",1.02191780821918,"storm","dead = complete mortality or lost",817,118
"2180","NOAA_survey","Florida","Elbow Reef","EL1",NA,NA,25.142579,-80.258364,"3.4",2009,"field","EL1-t061",1189,1070.1,-238.766756032171,-492.309651474531,"N",1.02191780821918,"storm","dead = complete mortality or lost",817,118
"2181","NOAA_survey","Florida","Elbow Reef","EL1",NA,NA,25.142579,-80.258364,"3.4",2009,"field","EL1-t062",352,334.4,144.825737265415,152.26273458445,"N",1.02191780821918,"storm","dead = complete mortality or lost",817,118
"2182","NOAA_survey","Florida","Elbow Reef","EL1",NA,NA,25.142579,-80.258364,"3.4",2016,"field","EL1-t232",5445,5172.75,1319.8324742268,287.531572164949,"N",1.06301369863014,NA,"dead = complete mortality or lost",817,118
"2183","NOAA_survey","Florida","Elbow Reef","EL1",NA,NA,25.142579,-80.258364,"3.4",2019,"field","EL1-t441",2016,1209.6,785.243243243244,748.545945945946,"N",1.01369863013699,NA,"dead = complete mortality or lost",817,118
"2184","NOAA_survey","Florida","Elbow Reef","EL1",NA,NA,25.142579,-80.258364,"3.4",2015,"field","EL1-t977",8640,5184,1197.04301075269,718.225806451613,"N",1.01917808219178,NA,"dead = complete mortality or lost",817,118
"2185","NOAA_survey","Florida","Elbow Reef","EL1",NA,NA,25.142579,-80.258364,"3.4",2015,"field","EL1-t978",3198,3166.02,574.97311827957,569.223387096774,"N",1.01917808219178,NA,"dead = complete mortality or lost",817,118
"2186","NOAA_survey","Florida","Elbow Reef","EL1",NA,NA,25.142579,-80.258364,"3.4",2015,"field","EL1-t979",15582,13244.7,3167.25806451613,1769.36693548387,"N",1.01917808219178,NA,"dead = complete mortality or lost",817,118
"2187","NOAA_survey","Florida","Elbow Reef","EL1",NA,NA,25.142579,-80.258364,"3.4",2022,"field","EL1-t987",10413,10308.87,1516.37687555163,1306.37462488967,"N",3.1041095890411,NA,"dead = complete mortality or lost",817,118
"2188","NOAA_survey","Florida","Elbow Reef","EL2",NA,NA,25.142899,-80.258221,"3.4",2009,"field","EL2-t064",143,114.4,-16.6353887399464,-25.6380697050938,"N",1.02191780821918,"storm","dead = complete mortality or lost",817,118
"2189","NOAA_survey","Florida","Elbow Reef","EL2",NA,NA,25.142899,-80.258221,"3.4",2009,"field","EL2-t065",9000,180,-440.348525469169,-92.4731903485254,"N",1.02191780821918,"storm","dead = complete mortality or lost",817,118
"2190","NOAA_survey","Florida","Elbow Reef","EL2",NA,NA,25.142899,-80.258221,"3.4",2009,"field","EL2-t066",9840,4428,1097.93565683646,494.071045576408,"N",1.02191780821918,"storm","dead = complete mortality or lost",817,118
"2191","NOAA_survey","Florida","Elbow Reef","EL2",NA,NA,25.142899,-80.258221,"3.4",2009,"field","EL2-t067",1800,360,362.064343163539,178.585790884718,"N",1.02191780821918,"storm","dead = complete mortality or lost",817,118
"2192","NOAA_survey","Florida","Elbow Reef","EL2",NA,NA,25.142899,-80.258221,"3.4",2009,"field","EL2-t068",42,42,37.1849865951742,37.1849865951742,"N",1.02191780821918,"storm","dead = complete mortality or lost",817,118
"2193","NOAA_survey","Florida","Elbow Reef","EL2",NA,NA,25.142899,-80.258221,"3.4",2009,"field","EL2-t069",10703,6421.8,-4308.56568364611,-2276.89544235925,"N",1.02191780821918,"storm","dead = complete mortality or lost",817,118
"2194","NOAA_survey","Florida","Elbow Reef","EL2",NA,NA,25.142899,-80.258221,"3.4",2009,"field","EL2-t070",420,415.8,-164.396782841823,-345.233243967828,"N",1.02191780821918,"storm","dead = complete mortality or lost",817,118
"2195","NOAA_survey","Florida","Elbow Reef","EL2",NA,NA,25.142899,-80.258221,"3.4",2009,"field","EL2-t071",48,48,-31.313672922252,-31.313672922252,"N",1.02191780821918,"storm","dead = complete mortality or lost",817,118
"2196","NOAA_survey","Florida","Elbow Reef","EL2",NA,NA,25.142899,-80.258221,"3.4",2009,"field","EL2-t072",5360,268,161.461126005362,548.723190348525,"N",1.02191780821918,"storm","dead = complete mortality or lost",817,118
"2197","NOAA_survey","Florida","Elbow Reef","EL2",NA,NA,25.142899,-80.258221,"3.4",2009,"field","EL2-t073",16092,12873.6,286.71581769437,-572.306300268096,"N",1.02191780821918,"storm","dead = complete mortality or lost",817,118
"2198","NOAA_survey","Florida","Elbow Reef","EL2",NA,NA,25.142899,-80.258221,"3.4",2016,"field","EL2-t246",45,18,56.4432989690722,76.9039948453609,"N",1.06301369863014,NA,"dead = complete mortality or lost",817,118
"2199","NOAA_survey","Florida","Elbow Reef","EL2",NA,NA,25.142899,-80.258221,"3.4",2016,"field","EL2-t247",756,529.2,-199.432989690722,-492.712371134021,"N",1.06301369863014,NA,"dead = complete mortality or lost",817,118
"2200","NOAA_survey","Florida","Elbow Reef","EL2",NA,NA,25.142899,-80.258221,"3.4",2019,"field","EL2-t437",56,53.2,121.340482573727,120.55764075067,"N",1.02191780821918,NA,"dead = complete mortality or lost",817,118
"2201","NOAA_survey","Florida","Elbow Reef","EL2",NA,NA,25.142899,-80.258221,"3.4",2022,"field","EL2-t486",9130,2282.5,-437.477638640429,-109.369409660107,"N",3.06301369863014,NA,"dead = complete mortality or lost",817,118
"2202","NOAA_survey","Florida","Elbow Reef","EL2",NA,NA,25.142899,-80.258221,"3.4",2023,"field","EL2-t768",760,722,346.120689655173,263.681034482759,"N",0.794520547945205,NA,"dead = complete mortality or lost",817,118
"2203","NOAA_survey","Florida","Elbow Reef","EL2",NA,NA,25.142899,-80.258221,"3.4",2010,"field","EL2-t913",24426,14655.6,4588.96946564885,4684.25954198473,"N",0.717808219178083,NA,"dead = complete mortality or lost",817,118
"2204","NOAA_survey","Florida","Elbow Reef","EL3",NA,NA,25.143881,-80.257827,"4",2009,"field","EL3-t076",8580,4719,636.361256544503,349.998691099477,"N",1.04657534246575,"storm","dead = complete mortality or lost",817,118
"2205","NOAA_survey","Florida","Elbow Reef","EL3",NA,NA,25.143881,-80.257827,"4",2009,"field","EL3-t077",1856,835.2,89.8167539267016,40.4175392670157,"N",1.04657534246575,"storm","dead = complete mortality or lost",817,118
"2206","NOAA_survey","Florida","Elbow Reef","EL3",NA,NA,25.143881,-80.257827,"4",2009,"field","EL3-t078",1080,594,104.149214659686,114.086387434555,"N",1.04657534246575,"storm","dead = complete mortality or lost",817,118
"2207","NOAA_survey","Florida","Elbow Reef","EL3",NA,NA,25.143881,-80.257827,"4",2009,"field","EL3-t079",836,250.8,-34.3979057591623,-48.5392670157068,"N",1.04657534246575,"storm","dead = complete mortality or lost",817,118
"2208","NOAA_survey","Florida","Elbow Reef","EL3",NA,NA,25.143881,-80.257827,"4",2009,"field","EL3-t083",6532,4572.4,594.319371727749,757.80497382199,"N",1.04657534246575,"storm","dead = complete mortality or lost",817,118
"2209","NOAA_survey","Florida","Elbow Reef","EL3",NA,NA,25.143881,-80.257827,"4",2009,"field","EL3-t086",16480,8240,2598.95287958115,3134.03141361257,"N",1.04657534246575,"storm","dead = complete mortality or lost",817,118
"2210","NOAA_survey","Florida","Elbow Reef","EL3",NA,NA,25.143881,-80.257827,"4",2010,"field","EL3-t911",5000,4000,1318.4693877551,1493.14795918367,"N",0.671232876712328,NA,"dead = complete mortality or lost",817,118
"2211","NOAA_survey","Florida","Elbow Reef","EL3",NA,NA,25.143881,-80.257827,"4",2015,"field","EL3-t933",8850,6195,-1414.74393530997,-3177.95956873315,"N",1.01643835616438,NA,"dead = complete mortality or lost",817,118
"2212","NOAA_survey","Florida","Elbow Reef","EL4",NA,NA,25.145086,-80.257301,"4.9",2009,"field","EL4-t153",25515,17860.5,2917.08,-733.211999999999,"N",1.02739726027397,"storm","dead = complete mortality or lost",817,118
"2213","NOAA_survey","Florida","Elbow Reef","EL4",NA,NA,25.145086,-80.257301,"4.9",2009,"field","EL4-t154",11250,6750,1314,788.4,"N",1.02739726027397,"storm","dead = complete mortality or lost",817,118
"2214","NOAA_survey","Florida","Elbow Reef","EL4",NA,NA,25.145086,-80.257301,"4.9",2009,"field","EL4-t158",2200,1760,1134.90666666667,907.925333333333,"N",1.02739726027397,"storm","dead = complete mortality or lost",817,118
"2215","NOAA_survey","Florida","Elbow Reef","EL4",NA,NA,25.145086,-80.257301,"4.9",2008,"field","EL4-t159",66,59.4,10.7881773399015,-106.802955665025,"N",0.556164383561644,NA,"dead = complete mortality or lost",817,118
"2216","NOAA_survey","Florida","Elbow Reef","EL4",NA,NA,25.145086,-80.257301,"4.9",2009,"field","EL4-t160",1836,1560.6,756.28,897.17,"N",1.02739726027397,"storm","dead = complete mortality or lost",817,118
"2217","NOAA_survey","Florida","Elbow Reef","EL4",NA,NA,25.145086,-80.257301,"4.9",2009,"field","EL4-t164",208,124.8,-25.3066666666667,-32.8986666666667,"N",1.02739726027397,"storm","dead = complete mortality or lost",817,118
"2218","NOAA_survey","Florida","Elbow Reef","EL4",NA,NA,25.145086,-80.257301,"4.9",2009,"field","EL4-t165",35,35,-10.7066666666667,-10.7066666666667,"N",1.02739726027397,"storm","dead = complete mortality or lost",817,118
"2219","NOAA_survey","Florida","Elbow Reef","EL4",NA,NA,25.145086,-80.257301,"4.9",2009,"field","EL4-t168",17940,17581.2,2117,2270.446,"N",1.02739726027397,"storm","dead = complete mortality or lost",817,118
"2220","NOAA_survey","Florida","Elbow Reef","EL4",NA,NA,25.145086,-80.257301,"4.9",2011,"field","EL4-t922",16,16,14.3137254901961,7.15686274509804,"N",1.11780821917808,NA,"dead = complete mortality or lost",817,118
"2221","NOAA_survey","Florida","Elbow Reef","EL4",NA,NA,25.145086,-80.257301,"4.9",2015,"field","EL4-t935",88,70.4,0,12.9516129032258,"N",1.01917808219178,NA,"dead = complete mortality or lost",817,118
"2222","NOAA_survey","Florida","Elbow Reef","EL5",NA,NA,25.145179,-80.257389,"4.9",2009,"field","EL5-t177",4514,3385.5,313.413333333333,-0.292000000000177,"N",1.02739726027397,"storm","dead = complete mortality or lost",817,118
"2223","NOAA_survey","Florida","Elbow Reef","EL5",NA,NA,25.145179,-80.257389,"4.9",2009,"field","EL5-t180",11466,8026.2,617.093333333333,-156.901333333333,"N",1.02739726027397,"storm","dead = complete mortality or lost",817,118
"2224","NOAA_survey","Florida","Elbow Reef","EL5",NA,NA,25.145179,-80.257389,"4.9",2009,"field","EL5-t183",130,110.5,36.9866666666667,55.9666666666667,"N",1.02739726027397,"storm","dead = complete mortality or lost",817,118
"2225","NOAA_survey","Florida","French Reef","FR1",NA,NA,25.033886,-80.349365,"6.4",2009,"field","FR1-t001",96,67.2,59.8974358974359,71.876923076923,"N",1.06849315068493,"storm","dead = complete mortality or lost",817,76
"2226","NOAA_survey","Florida","French Reef","FR1",NA,NA,25.033886,-80.349365,"6.4",2009,"field","FR1-t002",3168,1900.8,778.666666666666,654.379487179487,"N",1.06849315068493,"storm","dead = complete mortality or lost",817,76
"2227","NOAA_survey","Florida","French Reef","FR1",NA,NA,25.033886,-80.349365,"6.4",2009,"field","FR1-t003",63,61.74,25.2692307692308,-7.24384615384615,"N",1.06849315068493,"storm","dead = complete mortality or lost",817,76
"2228","NOAA_survey","Florida","French Reef","FR1",NA,NA,25.033886,-80.349365,"6.4",2009,"field","FR1-t004",5200,780,-267.666666666667,189.8,"N",1.06849315068493,"storm","dead = complete mortality or lost",817,76
"2229","NOAA_survey","Florida","French Reef","FR1",NA,NA,25.033886,-80.349365,"6.4",2009,"field","FR1-t005",12350,4940,608.333333333333,1460,"N",1.06849315068493,"storm","dead = complete mortality or lost",817,76
"2230","NOAA_survey","Florida","French Reef","FR1",NA,NA,25.033886,-80.349365,"6.4",2009,"field","FR1-t006",13184,5932.8,950.871794871794,-236.594871794872,"N",1.06849315068493,"storm","dead = complete mortality or lost",817,76
"2231","NOAA_survey","Florida","French Reef","FR1",NA,NA,25.033886,-80.349365,"6.4",2009,"field","FR1-t007",330,49.5,56.1538461538461,26.6730769230769,"N",1.06849315068493,"storm","dead = complete mortality or lost",817,76
"2232","NOAA_survey","Florida","French Reef","FR1",NA,NA,25.033886,-80.349365,"6.4",2009,"field","FR1-t008",6375,4143.75,457.653846153846,-666.125,"N",1.06849315068493,"storm","dead = complete mortality or lost",817,76
"2233","NOAA_survey","Florida","French Reef","FR1",NA,NA,25.033886,-80.349365,"6.4",2009,"field","FR1-t009",33540,23478,1460,2664.5,"N",1.06849315068493,"storm","dead = complete mortality or lost",817,76
"2234","NOAA_survey","Florida","French Reef","FR1",NA,NA,25.033886,-80.349365,"6.4",2009,"field","FR1-t010",3300,1320,580.25641025641,48.6666666666666,"N",1.06849315068493,"storm","dead = complete mortality or lost",817,76
"2235","NOAA_survey","Florida","French Reef","FR1",NA,NA,25.033886,-80.349365,"6.4",2009,"field","FR1-t011",130,117,102.948717948718,115.115384615385,"N",1.06849315068493,"storm","dead = complete mortality or lost",817,76
"2236","NOAA_survey","Florida","French Reef","FR1",NA,NA,25.033886,-80.349365,"6.4",2017,"field","FR1-t861",4968,3974.4,-4516.875,-3610.215,"N",1.0958904109589,NA,"dead = complete mortality or lost",817,76
"2237","NOAA_survey","Florida","French Reef","FR1",NA,NA,25.033886,-80.349365,"6.4",2022,"field","FR1-t924",3198,639.6,1196.76943699732,1135.3163538874,"N",3.06575342465753,NA,"dead = complete mortality or lost",817,76
"2238","NOAA_survey","Florida","French Reef","FR1",NA,NA,25.033886,-80.349365,"6.4",2022,"field","FR1-t925",8772,2193,1941.77390527256,1926.36170688114,"N",3.06575342465753,NA,"dead = complete mortality or lost",817,76
"2239","NOAA_survey","Florida","French Reef","FR1",NA,NA,25.033886,-80.349365,"6.4",2022,"field","FR1-t926",504,453.6,246.595174262735,119.187667560322,"N",3.06575342465753,NA,"dead = complete mortality or lost",817,76
"2240","NOAA_survey","Florida","French Reef","FR1",NA,NA,25.033886,-80.349365,"6.4",2022,"field","FR1-t928",221,221,-71.7605004468275,-71.7605004468275,"N",3.06575342465753,NA,"dead = complete mortality or lost",817,76
"2241","NOAA_survey","Florida","French Reef","FR1",NA,NA,25.033886,-80.349365,"6.4",2015,"field","FR1-t976",60,54,20.7162162162162,18.6445945945946,"N",1.01369863013699,NA,"dead = complete mortality or lost",817,76
"2242","NOAA_survey","Florida","French Reef","FR2",NA,NA,25.033681,-80.349545,"4.9",2016,"field","FR2-t236",48,9.6,-35.3225806451613,2.35483870967742,"N",1.01917808219178,NA,"dead = complete mortality or lost",817,76
"2243","NOAA_survey","Florida","French Reef","FR2",NA,NA,25.033681,-80.349545,"4.9",2012,"field","FR2-t250",6426,1606.5,-231.713483146067,-375.765449438202,"N",0.975342465753425,NA,"dead = complete mortality or lost",817,76
"2244","NOAA_survey","Florida","French Reef","FR2",NA,NA,25.033681,-80.349545,"4.9",2012,"field","FR2-t251",2400,2280,676.685393258427,768.345505617978,"N",0.975342465753425,NA,"dead = complete mortality or lost",817,76
"2245","NOAA_survey","Florida","French Reef","FR2",NA,NA,25.033681,-80.349545,"4.9",2012,"field","FR2-t255",448,201.6,94.3258426966292,153.176966292135,"N",0.975342465753425,NA,"dead = complete mortality or lost",817,76
"2246","NOAA_survey","Florida","French Reef","FR2",NA,NA,25.033681,-80.349545,"4.9",2012,"field","FR2-t256",50,50,55.3651685393258,55.3651685393258,"N",0.975342465753425,NA,"dead = complete mortality or lost",817,76
"2247","NOAA_survey","Florida","French Reef","FR2",NA,NA,25.033681,-80.349545,"4.9",2012,"field","FR2-t257",165,148.5,70.7443820224719,39.6783707865169,"N",0.975342465753425,NA,"dead = complete mortality or lost",817,76
"2248","NOAA_survey","Florida","French Reef","FR2",NA,NA,25.033681,-80.349545,"4.9",2012,"field","FR2-t258",1085,271.25,-839.705056179775,-250.834971910112,"N",0.975342465753425,NA,"dead = complete mortality or lost",817,76
"2249","NOAA_survey","Florida","French Reef","FR2",NA,NA,25.033681,-80.349545,"4.9",2012,"field","FR2-t259",440,374,-45.1123595505618,-38.3455056179776,"N",0.975342465753425,NA,"dead = complete mortality or lost",817,76
"2250","NOAA_survey","Florida","French Reef","FR2",NA,NA,25.033681,-80.349545,"4.9",2012,"field","FR2-t260",986,936.7,308.609550561798,293.179073033708,"N",0.975342465753425,NA,"dead = complete mortality or lost",817,76
"2251","NOAA_survey","Florida","French Reef","FR2",NA,NA,25.033681,-80.349545,"4.9",2012,"field","FR2-t261",5544,1663.2,-147.640449438202,-321.11797752809,"N",0.975342465753425,NA,"dead = complete mortality or lost",817,76
"2252","NOAA_survey","Florida","French Reef","FR2",NA,NA,25.033681,-80.349545,"4.9",2012,"field","FR2-t262",130,97.5,47.1629213483146,17.3272471910112,"N",0.975342465753425,NA,"dead = complete mortality or lost",817,76
"2253","NOAA_survey","Florida","French Reef","FR2",NA,NA,25.033681,-80.349545,"4.9",2022,"field","FR2-t983",64,12.8,41.751563896336,17.7444146559428,"N",3.06575342465753,NA,"dead = complete mortality or lost",817,76
"2254","NOAA_survey","Florida","French Reef","FR3",NA,NA,25.035184,-80.349037,"3.7",2019,"field","FR3-t444",525,105,26.5633423180593,168.234501347709,"N",1.01643835616438,NA,"dead = complete mortality or lost",817,76
"2255","NOAA_survey","Florida","French Reef","FR3",NA,NA,25.035184,-80.349037,"3.7",2019,"field","FR3-t446",2520,630,-581.232227488151,-145.308056872038,"N",0.578082191780823,NA,"dead = complete mortality or lost",817,76
"2256","NOAA_survey","Florida","French Reef","FR3",NA,NA,25.035184,-80.349037,"3.7",2015,"field","FR3-t818",180,135,-30,-22.5,"N",1,NA,"dead = complete mortality or lost",817,76
"2257","NOAA_survey","Florida","French Reef","FR3",NA,NA,25.035184,-80.349037,"3.7",2015,"field","FR3-t820",15229,2284.35,-789,-1562.35,"N",1,NA,"dead = complete mortality or lost",817,76
"2258","NOAA_survey","Florida","French Reef","FR3",NA,NA,25.035184,-80.349037,"3.7",2015,"field","FR3-t824",70,70,95,95,"N",1,NA,"dead = complete mortality or lost",817,76
"2259","NOAA_survey","Florida","French Reef","FR3",NA,NA,25.035184,-80.349037,"3.7",2015,"field","FR3-t825",2322,1973.7,-122,-1863.7,"N",1,NA,"dead = complete mortality or lost",817,76
"2260","NOAA_survey","Florida","French Reef","FR3",NA,NA,25.035184,-80.349037,"3.7",2017,"field","FR3-t862",5180,2331,-1563.73684210526,-703.681578947369,"N",1.04109589041096,NA,"dead = complete mortality or lost",817,76
"2261","NOAA_survey","Florida","French Reef","FR3",NA,NA,25.035184,-80.349037,"3.7",2017,"field","FR3-t866",475,475,-333.302631578947,-419.365789473684,"N",1.04109589041096,NA,"dead = complete mortality or lost",817,76
"2262","NOAA_survey","Florida","Grecian Rocks","GR1",NA,NA,25.109051,-80.305243,"3.7",2019,"field","GR1-t469",500,450,76.9025157232705,36.6721698113207,"N",0.871232876712329,NA,"dead = complete mortality or lost",817,54
"2263","NOAA_survey","Florida","Grecian Rocks","GR1",NA,NA,25.109051,-80.305243,"3.7",2015,"field","GR1-t833",8466,5926.2,-1141.54362416107,-14517.2013422819,"N",0.408219178082192,NA,"dead = complete mortality or lost",817,54
"2264","NOAA_survey","Florida","Grecian Rocks","GR2",NA,NA,25.112082,-80.303222,"2.1",2015,"field","GR2-t840",4717,1886.8,-922.322946175637,-1911.39022662889,"N",0.967123287671233,NA,"dead = complete mortality or lost",817,54
"2265","NOAA_survey","Florida","Grecian Rocks","GR2",NA,NA,25.112082,-80.303222,"2.1",2015,"field","GR2-t841",14859,8172.45,-1715.39660056657,-7767.8307365439,"N",0.967123287671233,NA,"dead = complete mortality or lost",817,54
"2266","NOAA_survey","Florida","Grecian Rocks","GR2",NA,NA,25.112082,-80.303222,"2.1",2015,"field","GR2-t844",2838,993.3,-2928.27195467422,-1020.86260623229,"N",0.967123287671233,NA,"dead = complete mortality or lost",817,54
"2267","NOAA_survey","Florida","Grecian Rocks","GR2",NA,NA,25.112082,-80.303222,"2.1",2015,"field","GR2-t846",12560,3140,-1768.13031161473,-3022.36543909348,"N",0.967123287671233,NA,"dead = complete mortality or lost",817,54
"2268","NOAA_survey","Florida","Grecian Rocks","GR2",NA,NA,25.112082,-80.303222,"2.1",2015,"field","GR2-t847",2880,2160,-1840.50991501416,-2005.94900849858,"N",0.967123287671233,NA,"dead = complete mortality or lost",817,54
"2269","NOAA_survey","Florida","Grecian Rocks","GR2",NA,NA,25.112082,-80.303222,"2.1",2015,"field","GR2-t850",8496,1699.2,-823.059490084985,-1756.96317280453,"N",0.967123287671233,NA,"dead = complete mortality or lost",817,54
"2270","NOAA_survey","Florida","Grecian Rocks","GR3",NA,NA,25.109261,-80.306191,"1.5",2017,"field","GR3-t397",2000,100,-1306.31578947368,431.779448621554,"N",1.09315068493151,NA,"dead = complete mortality or lost",817,54
"2271","NOAA_survey","Florida","Grecian Rocks","GR3",NA,NA,25.109261,-80.306191,"1.5",2017,"field","GR3-t398",2337,116.85,-399.761904761905,-19.9880952380952,"N",1.09315068493151,NA,"dead = complete mortality or lost",817,54
"2272","NOAA_survey","Florida","Grecian Rocks","GR3",NA,NA,25.109261,-80.306191,"1.5",2016,"field","GR3-t870",576,144,107.231638418079,-78.361581920904,"N",0.96986301369863,NA,"dead = complete mortality or lost",817,54
"2273","NOAA_survey","Florida","Grecian Rocks","GR3",NA,NA,25.109261,-80.306191,"1.5",2016,"field","GR3-t874",110,110,59.8022598870057,59.8022598870057,"N",0.96986301369863,NA,"dead = complete mortality or lost",817,54
"2274","NOAA_survey","Florida","Grecian Rocks","GR3",NA,NA,25.109261,-80.306191,"1.5",2016,"field","GR3-t876",54,54,45.3672316384181,45.3672316384181,"N",0.96986301369863,NA,"dead = complete mortality or lost",817,54
"2275","NOAA_survey","Florida","Grecian Rocks","GR3",NA,NA,25.109261,-80.306191,"1.5",2016,"field","GR3-t877",4770,477,-3402.54237288136,-188.686440677966,"N",0.96986301369863,NA,"dead = complete mortality or lost",817,54
"2276","NOAA_survey","Florida","Grecian Rocks","GR3",NA,NA,25.109261,-80.306191,"1.5",2016,"field","GR3-t881",525,78.75,-343.347457627119,116.76906779661,"N",0.96986301369863,NA,"dead = complete mortality or lost",817,54
"2277","NOAA_survey","Florida","Key Largo Dry Rocks","KL1",NA,NA,25.123581,-80.297359,"2.1",2009,"field","KL1-t104",9315,2328.75,-78.6303191489362,-19.6575797872341,"N",1.03013698630137,"storm","dead = complete mortality or lost",817,62
"2278","NOAA_survey","Florida","Key Largo Dry Rocks","KL1",NA,NA,25.123581,-80.297359,"2.1",2009,"field","KL1-t105",34540,6908,640.691489361703,-1580.37234042553,"N",1.03013698630137,"storm","dead = complete mortality or lost",817,62
"2279","NOAA_survey","Florida","Key Largo Dry Rocks","KL1",NA,NA,25.123581,-80.297359,"2.1",2009,"field","KL1-t106",4000,1000,-30.093085106383,-200.167553191489,"N",1.03013698630137,"storm","dead = complete mortality or lost",817,62
"2280","NOAA_survey","Florida","Key Largo Dry Rocks","KL1",NA,NA,25.123581,-80.297359,"2.1",2009,"field","KL1-t107",8775,877.5,218.41755319149,458.676861702128,"N",1.03013698630137,"storm","dead = complete mortality or lost",817,62
"2281","NOAA_survey","Florida","Key Largo Dry Rocks","KL1",NA,NA,25.123581,-80.297359,"2.1",2009,"field","KL1-t108",14580,5832,262.101063829787,104.840425531915,"N",1.03013698630137,"storm","dead = complete mortality or lost",817,62
"2282","NOAA_survey","Florida","Key Largo Dry Rocks","KL1",NA,NA,25.123581,-80.297359,"2.1",2009,"field","KL1-t109",126,119.7,-40.7712765957447,-63.1954787234043,"N",1.03013698630137,"storm","dead = complete mortality or lost",817,62
"2283","NOAA_survey","Florida","Key Largo Dry Rocks","KL1",NA,NA,25.123581,-80.297359,"2.1",2009,"field","KL1-t110",17500,5250,0,-849.401595744681,"N",1.03013698630137,"storm","dead = complete mortality or lost",817,62
"2284","NOAA_survey","Florida","Key Largo Dry Rocks","KL1",NA,NA,25.123581,-80.297359,"2.1",2010,"field","KL1-t904",414,331.2,-136.150793650794,-433.365079365079,"N",0.69041095890411,NA,"dead = complete mortality or lost",817,62
"2285","NOAA_survey","Florida","Key Largo Dry Rocks","KL3",NA,NA,25.122538,-80.298287,"3",2009,"field","KL3-t215",3700,1295,-351.928374655647,-291.597796143251,"N",0.994520547945205,"storm","dead = complete mortality or lost",817,62
"2286","NOAA_survey","Florida","Key Largo Dry Rocks","KL3",NA,NA,25.122538,-80.298287,"3",2009,"field","KL3-t216",4088,1839.6,-73.4022038567493,-1809.36432506887,"N",0.994520547945205,"storm","dead = complete mortality or lost",817,62
"2287","NOAA_survey","Florida","Key Largo Dry Rocks","KL3",NA,NA,25.122538,-80.298287,"3",2009,"field","KL3-t217",4060,812,541.969696969697,108.393939393939,"N",0.994520547945205,"storm","dead = complete mortality or lost",817,62
"2288","NOAA_survey","Florida","Key Largo Dry Rocks","KL3",NA,NA,25.122538,-80.298287,"3",2009,"field","KL3-t219",21000,3150,-8168.76033057851,-2520.00826446281,"N",0.994520547945205,"storm","dead = complete mortality or lost",817,62
"2289","NOAA_survey","Florida","Key Largo Dry Rocks","KL3",NA,NA,25.122538,-80.298287,"3",2009,"field","KL3-t220",4650,930,202.107438016529,-447.351239669422,"N",0.994520547945205,"storm","dead = complete mortality or lost",817,62
"2290","NOAA_survey","Florida","Key Largo Dry Rocks","KL3",NA,NA,25.122538,-80.298287,"3",2009,"field","KL3-t222",216,216,410.247933884298,397.699173553719,"N",0.994520547945205,"storm","dead = complete mortality or lost",817,62
"2291","NOAA_survey","Florida","Key Largo Dry Rocks","KL3",NA,NA,25.122538,-80.298287,"3",2009,"field","KL3-t223",1242,434.7,-27.1487603305785,-376.010330578512,"N",0.994520547945205,"storm","dead = complete mortality or lost",817,62
"2292","NOAA_survey","Florida","Key Largo Dry Rocks","KL3",NA,NA,25.122538,-80.298287,"3",2015,"field","KL3-t966",660,594,109.805013927577,59.7827298050139,"N",0.983561643835617,NA,"dead = complete mortality or lost",817,62
"2293","NOAA_survey","Florida","Key Largo Dry Rocks","KL3",NA,NA,25.122538,-80.298287,"3",2015,"field","KL3-t968",462,462,473.788300835654,285.08635097493,"N",0.983561643835617,NA,"dead = complete mortality or lost",817,62
"2294","NOAA_survey","Florida","Key Largo Dry Rocks","KL3",NA,NA,25.122538,-80.298287,"3",2015,"field","KL3-t969",650,617.5,1131.60167130919,1164.64484679666,"N",0.983561643835617,NA,"dead = complete mortality or lost",817,62
"2295","NOAA_survey","Florida","Key Largo Dry Rocks","KL4",NA,NA,25.124294,-80.298833,"1.8",2015,"field","KL4-t853",23517,16461.9,2205.29329608938,1543.70530726257,"N",0.980821917808219,NA,"dead = complete mortality or lost",817,62
"2296","NOAA_survey","Florida","Key Largo Dry Rocks","KL4",NA,NA,25.124294,-80.298833,"1.8",2015,"field","KL4-t858",234,234,-133.175675675676,-577.094594594594,"N",0.405479452054795,NA,"dead = complete mortality or lost",817,62
"2297","NOAA_survey","Florida","Molasses Reef","ML1",NA,NA,25.00958,-80.37481,"3.7",2009,"field","ML1-t013",11832,9465.6,1356.53543307087,1719.81102362205,"N",1.04383561643836,"storm","dead = complete mortality or lost",817,65
"2298","NOAA_survey","Florida","Molasses Reef","ML1",NA,NA,25.00958,-80.37481,"3.7",2009,"field","ML1-t014",9309,465.45,-2365.31496062992,-380.375984251969,"N",1.04383561643836,"storm","dead = complete mortality or lost",817,65
"2299","NOAA_survey","Florida","Molasses Reef","ML1",NA,NA,25.00958,-80.37481,"3.7",2009,"field","ML1-t015",868,781.2,586.299212598425,527.669291338583,"N",1.04383561643836,"storm","dead = complete mortality or lost",817,65
"2300","NOAA_survey","Florida","Molasses Reef","ML1",NA,NA,25.00958,-80.37481,"3.7",2009,"field","ML1-t016",7488,6739.2,490.498687664042,441.448818897638,"N",1.04383561643836,"storm","dead = complete mortality or lost",817,65
"2301","NOAA_survey","Florida","Molasses Reef","ML1",NA,NA,25.00958,-80.37481,"3.7",2009,"field","ML1-t017",1734,433.5,182.979002624672,45.744750656168,"N",1.04383561643836,"storm","dead = complete mortality or lost",817,65
"2302","NOAA_survey","Florida","Molasses Reef","ML1",NA,NA,25.00958,-80.37481,"3.7",2009,"field","ML1-t018",682,675.18,139.8687664042,138.470078740158,"N",1.04383561643836,"storm","dead = complete mortality or lost",817,65
"2303","NOAA_survey","Florida","Molasses Reef","ML1",NA,NA,25.00958,-80.37481,"3.7",2009,"field","ML1-t020",29725,7431.25,981.955380577428,-1227.44422572178,"N",1.04383561643836,"storm","dead = complete mortality or lost",817,65
"2304","NOAA_survey","Florida","Molasses Reef","ML1",NA,NA,25.00958,-80.37481,"3.7",2010,"field","ML1-t920",28,25.2,-5.12280701754386,-7.68421052631578,"N",0.780821917808219,NA,"dead = complete mortality or lost",817,65
"2305","NOAA_survey","Florida","Molasses Reef","ML2",NA,NA,25.009122,-80.374734,"5.5",2009,"field","ML2-t126",39690,13891.5,1042.1581769437,364.755361930295,"N",1.02191780821918,"storm","dead = complete mortality or lost",817,65
"2306","NOAA_survey","Florida","Molasses Reef","ML2",NA,NA,25.009122,-80.374734,"5.5",2009,"field","ML2-t127",3120,2808,579.302949061662,-749.962466487936,"N",1.02191780821918,"storm","dead = complete mortality or lost",817,65
"2307","NOAA_survey","Florida","Molasses Reef","ML2",NA,NA,25.009122,-80.374734,"5.5",2009,"field","ML2-t128",754,565.5,-100.790884718499,-139.29691689008,"N",1.02191780821918,"storm","dead = complete mortality or lost",817,65
"2308","NOAA_survey","Florida","Molasses Reef","ML2",NA,NA,25.009122,-80.374734,"5.5",2009,"field","ML2-t129",19110,3822,763.270777479893,152.654155495979,"N",1.02191780821918,"storm","dead = complete mortality or lost",817,65
"2309","NOAA_survey","Florida","Molasses Reef","ML2",NA,NA,25.009122,-80.374734,"5.5",2009,"field","ML2-t130",13695,2054.25,322.922252010724,-637.77144772118,"N",1.02191780821918,"storm","dead = complete mortality or lost",817,65
"2310","NOAA_survey","Florida","Molasses Reef","ML2",NA,NA,25.009122,-80.374734,"5.5",2009,"field","ML2-t131",13530,5412,1614.61126005362,2131.28686327078,"N",1.02191780821918,"storm","dead = complete mortality or lost",817,65
"2311","NOAA_survey","Florida","Molasses Reef","ML2",NA,NA,25.009122,-80.374734,"5.5",2009,"field","ML2-t132",16150,8075,1663.53887399464,-41.588471849866,"N",1.02191780821918,"storm","dead = complete mortality or lost",817,65
"2312","NOAA_survey","Florida","Molasses Reef","ML2",NA,NA,25.009122,-80.374734,"5.5",2009,"field","ML2-t137",63,63,36.2064343163539,26.4209115281501,"N",1.02191780821918,"storm","dead = complete mortality or lost",817,65
"2313","NOAA_survey","Florida","Molasses Reef","ML2",NA,NA,25.009122,-80.374734,"5.5",2009,"field","ML2-t141",120,48,-90.0268096514745,-19.5710455764075,"N",1.02191780821918,"storm","dead = complete mortality or lost",817,65
"2314","NOAA_survey","Florida","Molasses Reef","ML2",NA,NA,25.009122,-80.374734,"5.5",2015,"field","ML2-t952",1258,1006.4,292,233.6,"N",1.01369863013699,NA,"dead = complete mortality or lost",817,65
"2315","NOAA_survey","Florida","Molasses Reef","ML2",NA,NA,25.009122,-80.374734,"5.5",2015,"field","ML2-t954",40,38,0,-3.94594594594595,"N",1.01369863013699,NA,"dead = complete mortality or lost",817,65
"2316","NOAA_survey","Florida","Molasses Reef","ML3",NA,NA,25.010151,-80.373305,"4.3",2009,"field","ML3-t144",10680,8010,955.067024128686,716.300268096515,"N",1.02191780821918,"storm","dead = complete mortality or lost",817,65
"2317","NOAA_survey","Florida","Molasses Reef","ML3",NA,NA,25.010151,-80.373305,"4.3",2009,"field","ML3-t145",13320,11322,2247.7345844504,1146.47184986595,"N",1.02191780821918,"storm","dead = complete mortality or lost",817,65
"2318","NOAA_survey","Florida","Molasses Reef","ML3",NA,NA,25.010151,-80.373305,"4.3",2009,"field","ML3-t146",20790,16632,1663.53887399464,1330.83109919571,"N",1.02191780821918,"storm","dead = complete mortality or lost",817,65
"2319","NOAA_survey","Florida","Molasses Reef","ML3",NA,NA,25.010151,-80.373305,"4.3",2009,"field","ML3-t147",47000,16450,2152.81501340483,3160.72386058981,"N",1.02191780821918,"storm","dead = complete mortality or lost",817,65
"2320","NOAA_survey","Florida","Molasses Reef","ML3",NA,NA,25.010151,-80.373305,"4.3",2009,"field","ML3-t148",11160,5580,978.552278820375,1679.19571045576,"N",1.02191780821918,"storm","dead = complete mortality or lost",817,65
"2321","NOAA_survey","Florida","Molasses Reef","ML3",NA,NA,25.010151,-80.373305,"4.3",2009,"field","ML3-t150",2236,2236,600.83109919571,545.053619302949,"N",1.02191780821918,"storm","dead = complete mortality or lost",817,65
"2322","NOAA_survey","Florida","Molasses Reef","ML3",NA,NA,25.010151,-80.373305,"4.3",2009,"field","ML3-t184",37100,33390,1389.54423592493,-634.101876675603,"N",1.02191780821918,"storm","dead = complete mortality or lost",817,65
"2323","NOAA_survey","Florida","Molasses Reef","ML3",NA,NA,25.010151,-80.373305,"4.3",2009,"field","ML3-t185",306,183.6,35.2278820375335,104.802949061662,"N",1.02191780821918,"storm","dead = complete mortality or lost",817,65
"2324","NOAA_survey","Florida","Molasses Reef","ML3",NA,NA,25.010151,-80.373305,"4.3",2009,"field","ML3-t186",851,808.45,181.032171581769,171.980563002681,"N",1.02191780821918,"storm","dead = complete mortality or lost",817,65
"2325","NOAA_survey","Florida","Molasses Reef","ML3",NA,NA,25.010151,-80.373305,"4.3",2010,"field","ML3-t915",2950,2065,514.590163934426,-378.911885245901,"N",0.668493150684932,NA,"dead = complete mortality or lost",817,65
"2326","NOAA_survey","Florida","Molasses Reef","ML3",NA,NA,25.010151,-80.373305,"4.3",2015,"field","ML3-t955",10332,4649.4,496.077348066298,-2505.19060773481,"N",0.991780821917808,NA,"dead = complete mortality or lost",817,65
"2327","NOAA_survey","Florida","Molasses Reef","ML3",NA,NA,25.010151,-80.373305,"4.3",2015,"field","ML3-t956",300,297,20.1657458563536,19.9640883977901,"N",0.991780821917808,NA,"dead = complete mortality or lost",817,65
"2328","NOAA_survey","Florida","Sand Island","SI1",NA,NA,25.018314,-80.368583,"3.7",2022,"field","SI1-t238",176,176,121.236749116608,121.236749116608,"N",3.1013698630137,NA,"dead = complete mortality or lost",817,71
"2329","NOAA_survey","Florida","Sand Island","SI1",NA,NA,25.018314,-80.368583,"3.7",2014,"field","SI1-t302",14080,11264,3671.64420485175,3813.51212938005,"N",1.01643835616438,NA,"dead = complete mortality or lost",817,71
"2330","NOAA_survey","Florida","Sand Island","SI1",NA,NA,25.018314,-80.368583,"3.7",2014,"field","SI1-t305",84,83.16,83.6253369272237,81.1264150943396,"N",1.01643835616438,NA,"dead = complete mortality or lost",817,71
"2331","NOAA_survey","Florida","Sand Island","SI1",NA,NA,25.018314,-80.368583,"3.7",2016,"field","SI1-t307",6860,2401,256.745406824147,-593.005249343832,"N",1.04383561643836,NA,"dead = complete mortality or lost",817,71
"2332","NOAA_survey","Florida","Sand Island","SI1",NA,NA,25.018314,-80.368583,"3.7",2014,"field","SI1-t308",4234,1905.3,-230.215633423181,-103.597035040431,"N",1.01643835616438,NA,"dead = complete mortality or lost",817,71
"2333","NOAA_survey","Florida","Sand Island","SI1",NA,NA,25.018314,-80.368583,"3.7",2014,"field","SI1-t312",928,788.8,592.264150943396,653.95013477089,"N",1.01643835616438,NA,"dead = complete mortality or lost",817,71
"2334","NOAA_survey","Florida","Sand Island","SI1",NA,NA,25.018314,-80.368583,"3.7",2014,"field","SI1-t319",4675,93.5,0,-45.993935309973,"N",1.01643835616438,NA,"dead = complete mortality or lost",817,71
"2335","NOAA_survey","Florida","Sand Island","SI1",NA,NA,25.018314,-80.368583,"3.7",2016,"field","SI1-t332",29503,20652.1,-1282.31671554252,-2412.47873900293,"N",0.934246575342466,NA,"dead = complete mortality or lost",817,71
"2336","NOAA_survey","Florida","Sand Island","SI1",NA,NA,25.018314,-80.368583,"3.7",2023,"field","SI1-t756",99,19.8,-122.920962199313,-23.5807560137457,"N",0.797260273972603,NA,"dead = complete mortality or lost",817,71
"2337","NOAA_survey","Florida","Sand Island","SI1",NA,NA,25.018314,-80.368583,"3.7",2023,"field","SI1-t757",1290,1032,228.281786941581,-371.27147766323,"N",0.797260273972603,NA,"dead = complete mortality or lost",817,71
"2338","NOAA_survey","Florida","Sand Island","SI1",NA,NA,25.018314,-80.368583,"3.7",2023,"field","SI1-t758",1596,1197,158.041237113402,118.530927835051,"N",0.797260273972603,NA,"dead = complete mortality or lost",817,71
"2339","NOAA_survey","Florida","Sand Island","SI1",NA,NA,25.018314,-80.368583,"3.7",2015,"field","SI1-t958",374,355.3,10.0274725274725,9.52609890109884,"N",0.997260273972603,NA,"dead = complete mortality or lost",817,71
"2340","NOAA_survey","Florida","Sand Island","SI1",NA,NA,25.018314,-80.368583,"3.7",2015,"field","SI1-t959",1120,1120,717.967032967033,717.967032967033,"N",0.997260273972603,NA,"dead = complete mortality or lost",817,71
"2341","NOAA_survey","Florida","Sand Island","SI2",NA,NA,25.018249,-80.368447,"3.4",2022,"field","SI2-t287",13175,6587.5,-185.401943462898,-702.109098939929,"N",3.1013698630137,NA,"dead = complete mortality or lost",817,71
"2342","NOAA_survey","Florida","Sand Island","SI2",NA,NA,25.018249,-80.368447,"3.4",2016,"field","SI2-t313",16366,12274.5,304.645669291339,-4566.52362204724,"N",1.04383561643836,NA,"dead = complete mortality or lost",817,71
"2343","NOAA_survey","Florida","Sand Island","SI2",NA,NA,25.018249,-80.368447,"3.4",2014,"field","SI2-t323",8550,3420,574.723756906077,229.889502762431,"N",0.991780821917808,NA,"dead = complete mortality or lost",817,71
"2344","NOAA_survey","Florida","Sand Island","SI2",NA,NA,25.018249,-80.368447,"3.4",2014,"field","SI2-t324",15484,13935.6,2146.64364640884,1044.03107734807,"N",0.991780821917808,NA,"dead = complete mortality or lost",817,71
"2345","NOAA_survey","Florida","Sand Island","SI2",NA,NA,25.018249,-80.368447,"3.4",2014,"field","SI2-t326",20564,13366.6,1669.72375690608,2205.52762430939,"N",0.991780821917808,NA,"dead = complete mortality or lost",817,71
"2346","NOAA_survey","Florida","Sand Island","SI2",NA,NA,25.018249,-80.368447,"3.4",2014,"field","SI2-t330",1938,484.5,864.102209944752,356.933701657459,"N",0.991780821917808,NA,"dead = complete mortality or lost",817,71
"2347","NOAA_survey","Florida","Sand Island","SI2",NA,NA,25.018249,-80.368447,"3.4",2016,"field","SI2-t331",616,462,23.5483870967742,-118.91935483871,"N",0.934246575342466,NA,"dead = complete mortality or lost",817,71
"2348","NOAA_survey","Florida","Sand Island","SI2",NA,NA,25.018249,-80.368447,"3.4",2014,"field","SI2-t334",60450,33247.5,-16712.361878453,-4767.9385359116,"N",0.991780821917808,NA,"dead = complete mortality or lost",817,71
"2349","NOAA_survey","Florida","Sand Island","SI2",NA,NA,25.018249,-80.368447,"3.4",2019,"field","SI2-t435",6560,6494.4,1434.28184281843,1499.17073170732,"N",1.01095890410959,NA,"dead = complete mortality or lost",817,71
"2350","NOAA_survey","Florida","Sand Island","SI2",NA,NA,25.018249,-80.368447,"3.4",2015,"field","SI2-t960",8085,7276.5,90.2472527472528,81.2225274725275,"N",0.997260273972603,NA,"dead = complete mortality or lost",817,71
"2351","NOAA_survey","Florida","Sand Island","SI2",NA,NA,25.018249,-80.368447,"3.4",2015,"field","SI2-t961",2552,2526.48,399.093406593407,424.683516483516,"N",0.997260273972603,NA,"dead = complete mortality or lost",817,71
"2352","NOAA_survey","Florida","Sand Island","SI2",NA,NA,25.018249,-80.368447,"3.4",2015,"field","SI2-t962",20402,16321.6,3790.38461538462,4244.7293956044,"N",0.997260273972603,NA,"dead = complete mortality or lost",817,71
"2353","NOAA_survey","Florida","Sand Island","SI3",NA,NA,25.018128,-80.368348,"3.7",2014,"field","SI3-t338",1344,1209.6,942.433862433863,848.190476190476,"N",1.03561643835616,NA,"dead = complete mortality or lost",817,71
"2354","NOAA_survey","Florida","Sand Island","SI3",NA,NA,25.018128,-80.368348,"3.7",2014,"field","SI3-t340",322,3.22,-307.063492063492,-0.0193121693121693,"N",1.03561643835616,NA,"dead = complete mortality or lost",817,71
"2355","NOAA_survey","Florida","Sand Island","SI3",NA,NA,25.018128,-80.368348,"3.7",2014,"field","SI3-t341",13000,10400,546.534391534392,-1527.68915343915,"N",1.03561643835616,NA,"dead = complete mortality or lost",817,71
"2356","NOAA_survey","Florida","Sand Island","SI3",NA,NA,25.018128,-80.368348,"3.7",2014,"field","SI3-t345",35,31.5,12.5529100529101,15.9325396825397,"N",1.03561643835616,NA,"dead = complete mortality or lost",817,71
"2357","NOAA_survey","Florida","Sand Island","SI3",NA,NA,25.018128,-80.368348,"3.7",2014,"field","SI3-t346",493,493,417.142857142857,327.824074074074,"N",1.03561643835616,NA,"dead = complete mortality or lost",817,71
"2358","NOAA_survey","Florida","Sand Island","SI3",NA,NA,25.018128,-80.368348,"3.7",2023,"field","SI3-t761",288,14.4,30.1030927835051,1.50515463917526,"N",0.797260273972603,NA,"dead = complete mortality or lost",817,71
"2359","NOAA_survey","Florida","Sand Island","SI3",NA,NA,25.018128,-80.368348,"3.7",2023,"field","SI3-t762",72,72,30.1030927835051,-66.2268041237113,"N",0.797260273972603,NA,"dead = complete mortality or lost",817,71
"2360","NOAA_survey","Florida","Sand Island","SI3",NA,NA,25.018128,-80.368348,"3.7",2023,"field","SI3-t764",2961,2812.95,721.219931271477,-1310.67611683849,"N",0.797260273972603,NA,"dead = complete mortality or lost",817,71
"2361","NOAA_survey","Florida","Sand Island","SI3",NA,NA,25.018128,-80.368348,"3.7",2023,"field","SI3-t765",374,149.6,0,-93.8213058419243,"N",0.797260273972603,NA,"dead = complete mortality or lost",817,71
"2362","NOAA_survey","Florida","Sand Island","SI3",NA,NA,25.018128,-80.368348,"3.7",2023,"field","SI3-t766",882,176.4,-1095,-215.613402061856,"N",0.797260273972603,NA,"dead = complete mortality or lost",817,71
"2363","NOAA_survey","Florida","Sand Island","SI3",NA,NA,25.018128,-80.368348,"3.7",2015,"field","SI3-t964",3040,30.4,-1168.20054945055,63.5240384615385,"N",0.997260273972603,NA,"dead = complete mortality or lost",817,71
"2364","NOAA_survey","Florida","Turtle Rocks","TR1",NA,NA,25.28067,-80.20888,"2.4",2014,"field","TR1-t291",18260,16434,2801.40056022409,1447.73109243697,"N",0.978082191780822,NA,"dead = complete mortality or lost",817,61
"2365","NOAA_survey","Florida","Turtle Rocks","TR1",NA,NA,25.28067,-80.20888,"2.4",2014,"field","TR1-t293",247,222.3,33.7394957983193,30.3655462184874,"N",0.978082191780822,NA,"dead = complete mortality or lost",817,61
"2366","NOAA_survey","Florida","Turtle Rocks","TR1",NA,NA,25.28067,-80.20888,"2.4",2014,"field","TR1-t294",324,81,368.067226890756,196.915966386555,"N",0.978082191780822,NA,"dead = complete mortality or lost",817,61
"2367","NOAA_survey","Florida","Turtle Rocks","TR1",NA,NA,25.28067,-80.20888,"2.4",2015,"field","TR1-t941",12600,2520,-89.0243902439024,-17.8048780487805,"N",1.01095890410959,NA,"dead = complete mortality or lost",817,61
"2368","NOAA_survey","Florida","Turtle Rocks","TR2",NA,NA,25.28072,-80.20907,"2.4",2014,"field","TR2-t350",3648,2918.4,1507.42937853107,1996.26129943503,"N",0.96986301369863,NA,"dead = complete mortality or lost",817,61
"2369","NOAA_survey","Florida","Turtle Rocks","TR2",NA,NA,25.28072,-80.20907,"2.4",2014,"field","TR2-t351",1650,1320,320.66384180791,458.724576271187,"N",0.96986301369863,NA,"dead = complete mortality or lost",817,61
"2370","NOAA_survey","Florida","Turtle Rocks","TR2",NA,NA,25.28072,-80.20907,"2.4",2014,"field","TR2-t356",8694,7389.9,1976.56779661017,1133.04661016949,"N",0.96986301369863,NA,"dead = complete mortality or lost",817,61
"2371","NOAA_survey","Florida","Turtle Rocks","TR3",NA,NA,25.28078,-80.20882,"2.4",2014,"field","TR3-t364",41724,33379.2,3699.49152542373,2959.59322033898,"N",0.96986301369863,NA,"dead = complete mortality or lost",817,61
"2372","NOAA_survey","Navassa","LuLu Bay","LB1",NA,NA,18.396638,-75.018962,"5.5",2012,"field","LB1-t201",558,279,134.473684210526,83.531484962406,"N",2.91506849315068,NA,"dead = complete mortality or lost",817,24
"2373","NOAA_survey","Navassa","LuLu Bay","LB1",NA,NA,18.396638,-75.018962,"5.5",2012,"field","LB1-t202",414,269.1,74.0977443609023,91.3872180451128,"N",2.91506849315068,NA,"dead = complete mortality or lost",817,24
"2374","NOAA_survey","Navassa","LuLu Bay","LB1",NA,NA,18.396638,-75.018962,"5.5",2012,"field","LB1-t204",20250,19845,5960.40883458647,4808.63486842105,"N",2.91506849315068,NA,"dead = complete mortality or lost",817,24
"2375","NOAA_survey","Navassa","LuLu Bay","LB1",NA,NA,18.396638,-75.018962,"5.5",2012,"field","LB1-t205",2080,1352,245.277255639098,351.192434210526,"N",2.91506849315068,NA,"dead = complete mortality or lost",817,24
"2376","NOAA_survey","Navassa","LuLu Bay","LB1",NA,NA,18.396638,-75.018962,"5.5",2012,"field","LB1-t206",19000,16150,-461.395676691729,-89.3632518796993,"N",2.91506849315068,NA,"dead = complete mortality or lost",817,24
"2377","NOAA_survey","Navassa","LuLu Bay","LB1",NA,NA,18.396638,-75.018962,"5.5",2012,"field","LB1-t208",1500,1470,109.774436090226,120.065789473684,"N",2.91506849315068,NA,"dead = complete mortality or lost",817,24
"2378","NOAA_survey","Navassa","LuLu Bay","LB1",NA,NA,18.396638,-75.018962,"5.5",2012,"field","LB1-t210",4750,4702.5,264.144736842105,261.503289473684,"N",2.91506849315068,NA,"dead = complete mortality or lost",817,24
"2379","NOAA_survey","Navassa","LuLu Bay","LB1",NA,NA,18.396638,-75.018962,"5.5",2012,"field","LB1-t212",2700,1890,1698.07330827068,138.933270676692,"N",2.91506849315068,NA,"dead = complete mortality or lost",817,24
"2380","NOAA_survey","Navassa","LuLu Bay","LB1",NA,NA,18.396638,-75.018962,"5.5",2012,"field","LB1-t214",2100,1470,-116.635338345865,-81.6447368421053,"N",2.91506849315068,NA,"dead = complete mortality or lost",817,24
"2381","NOAA_survey","Navassa","LuLu Bay","LB1",NA,NA,18.396638,-75.018962,"5.5",2012,"field","LB1-t217",7150,7078.5,1775.25845864662,1799.78618421053,"N",2.91506849315068,NA,"dead = complete mortality or lost",817,24
"2382","NOAA_survey","Navassa","LuLu Bay","LB1",NA,NA,18.396638,-75.018962,"5.5",2012,"field","LB1-t222",4400,4400,-440.46992481203,-440.46992481203,"N",2.91506849315068,NA,"dead = complete mortality or lost",817,24
"2383","NOAA_survey","Navassa","LuLu Bay","LB1",NA,NA,18.396638,-75.018962,"5.5",2012,"field","LB1-t230",39375,31500,10865.9539473684,7474.09539473684,"N",2.91506849315068,NA,"dead = complete mortality or lost",817,24
"2384","NOAA_survey","Navassa","LuLu Bay","LB2",NA,NA,18.396387,-75.018835,"5.5",2012,"field","LB2-t233",17835,11592.75,-5325.91549295775,-3225.88028169014,"N",2.91780821917808,NA,"dead = complete mortality or lost",817,24
"2385","NOAA_survey","Navassa","LuLu Bay","LB2",NA,NA,18.396387,-75.018835,"5.5",2012,"field","LB2-t236",15200,11400,2587.55868544601,2720.36384976526,"N",2.91780821917808,NA,"dead = complete mortality or lost",817,24
"2386","NOAA_survey","Navassa","LuLu Bay","LB2",NA,NA,18.396387,-75.018835,"5.5",2012,"field","LB2-t238",5780,5780,1658.779342723,1112.82159624413,"N",2.91780821917808,NA,"dead = complete mortality or lost",817,24
"2387","NOAA_survey","Navassa","LuLu Bay","LB2",NA,NA,18.396387,-75.018835,"5.5",2012,"field","LB2-t239",16250,7312.5,1388.02816901408,1668.20422535211,"N",2.91780821917808,NA,"dead = complete mortality or lost",817,24
"2388","NOAA_survey","Navassa","LuLu Bay","LB2",NA,NA,18.396387,-75.018835,"5.5",2012,"field","LB2-t240",11625,11392.5,334.154929577465,-17.9929577464789,"N",2.91780821917808,NA,"dead = complete mortality or lost",817,24
"2389","NOAA_survey","Navassa","LuLu Bay","LB2",NA,NA,18.396387,-75.018835,"5.5",2012,"field","LB2-t242",18240,14592,1562.81690140845,1250.25352112676,"N",2.91780821917808,NA,"dead = complete mortality or lost",817,24
"2390","NOAA_survey","Navassa","LuLu Bay","LB2",NA,NA,18.396387,-75.018835,"5.5",2012,"field","LB2-t243",14070,12663,524.366197183099,739.253521126761,"N",2.91780821917808,NA,"dead = complete mortality or lost",817,24
"2391","NOAA_survey","Navassa","LuLu Bay","LB2",NA,NA,18.396387,-75.018835,"5.5",2012,"field","LB2-t244",6175,6113.25,1725.6103286385,1554.67723004695,"N",2.91780821917808,NA,"dead = complete mortality or lost",817,24
"2392","NOAA_survey","Navassa","LuLu Bay","LB2",NA,NA,18.396387,-75.018835,"5.5",2012,"field","LB2-t246",7650,7650,1358.89671361502,960.823943661972,"N",2.91780821917808,NA,"dead = complete mortality or lost",817,24
"2393","NOAA_survey","Navassa","LuLu Bay","LB2",NA,NA,18.396387,-75.018835,"5.5",2012,"field","LB2-t247",4725,3543.75,107.957746478873,167.334507042254,"N",2.91780821917808,NA,"dead = complete mortality or lost",817,24
"2394","NOAA_survey","Navassa","LuLu Bay","LB2",NA,NA,18.396387,-75.018835,"5.5",2012,"field","LB2-t254",1575,1181.25,-47.981220657277,-183.528169014085,"N",2.91780821917808,NA,"dead = complete mortality or lost",817,24
"2395","NOAA_survey","Navassa","Northwest Point","NW1",NA,NA,18.413855,-75.029866,"6.7",2012,"field","NW1-t301",61275,39828.75,-2455.92365692743,-2527.53039585297,"N",2.90684931506849,NA,"dead = complete mortality or lost",817,26
"2396","NOAA_survey","Navassa","Northwest Point","NW1",NA,NA,18.413855,-75.029866,"6.7",2012,"field","NW1-t303",336,16.8,-93.9161168708765,15.8934967012253,"N",2.90684931506849,NA,"dead = complete mortality or lost",817,26
"2397","NOAA_survey","Navassa","Northwest Point","NW1",NA,NA,18.413855,-75.029866,"6.7",2012,"field","NW1-t304",8600,7740,111.804901036758,407.657869934025,"N",2.90684931506849,NA,"dead = complete mortality or lost",817,26
"2398","NOAA_survey","Navassa","Northwest Point","NW1",NA,NA,18.413855,-75.029866,"6.7",2012,"field","NW1-t305",15960,15960,-30.9613572101791,-303.937323279925,"N",2.90684931506849,NA,"dead = complete mortality or lost",817,26
"2399","NOAA_survey","Navassa","Northwest Point","NW1",NA,NA,18.413855,-75.029866,"6.7",2012,"field","NW1-t306",32375,30756.25,1742.43638077286,2170.51154571159,"N",2.90684931506849,NA,"dead = complete mortality or lost",817,26
"2400","NOAA_survey","Navassa","Northwest Point","NW1",NA,NA,18.413855,-75.029866,"6.7",2012,"field","NW1-t307",3750,3712.5,84.6277097078228,83.7814326107446,"N",2.90684931506849,NA,"dead = complete mortality or lost",817,26
"2401","NOAA_survey","Navassa","Northwest Point","NW1",NA,NA,18.413855,-75.029866,"6.7",2012,"field","NW1-t309",220,44,27.177191328935,5.435438265787,"N",2.90684931506849,NA,"dead = complete mortality or lost",817,26
"2402","NOAA_survey","Navassa","Northwest Point","NW1",NA,NA,18.413855,-75.029866,"6.7",2012,"field","NW1-t310",204,102,38.1856738925542,46.1840245051838,"N",2.90684931506849,NA,"dead = complete mortality or lost",817,26
"2403","NOAA_survey","Navassa","Northwest Point","NW1",NA,NA,18.413855,-75.029866,"6.7",2012,"field","NW1-t312",24,24,-1.3760603204524,-2.75212064090481,"N",2.90684931506849,NA,"dead = complete mortality or lost",817,26
"2404","NOAA_survey","Navassa","Northwest Point","NW2",NA,NA,18.413941,-75.029636,"7",2012,"field","NW2-t313",40700,28490,1475.09398496241,1032.56578947368,"N",2.91506849315068,NA,"dead = complete mortality or lost",817,26
"2405","NOAA_survey","Navassa","Northwest Point","NW2",NA,NA,18.413941,-75.029636,"7",2012,"field","NW2-t315",216,129.6,24.0131578947368,-15.0253759398496,"N",2.91506849315068,NA,"dead = complete mortality or lost",817,26
"2406","NOAA_survey","Navassa","Northwest Point","NW2",NA,NA,18.413941,-75.029636,"7",2012,"field","NW2-t316",120,108,-40.8223684210526,-36.7058270676692,"N",2.91506849315068,NA,"dead = complete mortality or lost",817,26
"2407","NOAA_survey","Navassa","Northwest Point","NW2",NA,NA,18.413941,-75.029636,"7",2012,"field","NW2-t317",100,80,-3.08740601503759,-2.46992481203008,"N",2.91506849315068,NA,"dead = complete mortality or lost",817,26
"2408","NOAA_survey","Navassa","Northwest Point","NW3",NA,NA,18.413687,-75.029231,"5.5",2012,"field","NW3-t318",120,120,41.3988657844991,33.1190926275992,"N",2.8986301369863,NA,"dead = complete mortality or lost",817,26
"2409","NOAA_survey","Navassa","Northwest Point","NW3",NA,NA,18.413687,-75.029231,"5.5",2012,"field","NW3-t319",1575,1181.25,388.114366729679,477.380671077505,"N",2.8986301369863,NA,"dead = complete mortality or lost",817,26
"2410","NOAA_survey","Navassa","Northwest Point","NW3",NA,NA,18.413687,-75.029231,"5.5",2012,"field","NW3-t320",4275,3633.75,753.804347826087,752.165642722117,"N",2.8986301369863,NA,"dead = complete mortality or lost",817,26
"2411","NOAA_survey","Navassa","Northwest Point","NW3",NA,NA,18.413687,-75.029231,"5.5",2012,"field","NW3-t321",16875,16537.5,1471.38468809074,1223.16398865785,"N",2.8986301369863,NA,"dead = complete mortality or lost",817,26
"2412","NOAA_survey","Navassa","Northwest Point","NW3",NA,NA,18.413687,-75.029231,"5.5",2012,"field","NW3-t322",1575,1575,341.540642722117,341.540642722117,"N",2.8986301369863,NA,"dead = complete mortality or lost",817,26
"2413","NOAA_survey","Navassa","Northwest Point","NW3",NA,NA,18.413687,-75.029231,"5.5",2012,"field","NW3-t323",21420,18207,943.894139886579,385.630434782608,"N",2.8986301369863,NA,"dead = complete mortality or lost",817,26
"2414","NOAA_survey","Navassa","Northwest Point","NW3",NA,NA,18.413687,-75.029231,"5.5",2012,"field","NW3-t326",6272,5958.4,1226.78638941399,1301.06975425331,"N",2.8986301369863,NA,"dead = complete mortality or lost",817,26
"2415","NOAA_survey","Navassa","Northwest Point","NW3",NA,NA,18.413687,-75.029231,"5.5",2012,"field","NW3-t327",480,24,0,8.27977315689981,"N",2.8986301369863,NA,"dead = complete mortality or lost",817,26
"2416","NOAA_survey","Curacao","Blue Baai","BB1",NA,NA,12.135109,-68.986818,"3",2012,"field","BB1-t237",40000,20000,-2120.56555269923,-6372.01799485861,"N",1.06575342465753,NA,"dead = complete mortality or lost",817,50
"2417","NOAA_survey","Curacao","Blue Baai","BB1",NA,NA,12.135109,-68.986818,"3",2012,"field","BB1-t238",2394,1915.2,365.938303341902,292.750642673522,"N",1.06575342465753,NA,"dead = complete mortality or lost",817,50
"2418","NOAA_survey","Curacao","Blue Baai","BB1",NA,NA,12.135109,-68.986818,"3",2012,"field","BB1-t239",2600,2470,2664.78149100257,2531.54241645244,"N",1.06575342465753,NA,"dead = complete mortality or lost",817,50
"2419","NOAA_survey","Curacao","Blue Baai","BB1",NA,NA,12.135109,-68.986818,"3",2012,"field","BB1-t240",13500,10125,2345.75835475578,2509.96143958869,"N",1.06575342465753,NA,"dead = complete mortality or lost",817,50
"2420","NOAA_survey","Curacao","Blue Baai","BB1",NA,NA,12.135109,-68.986818,"3",2012,"field","BB1-t241",18542,12979.4,1602.62210796915,1121.83547557841,"N",1.06575342465753,NA,"dead = complete mortality or lost",817,50
"2421","NOAA_survey","Curacao","Blue Baai","BB1",NA,NA,12.135109,-68.986818,"3",2012,"field","BB1-t242",1152,1152,360.308483290489,288.246786632391,"N",1.06575342465753,NA,"dead = complete mortality or lost",817,50
"2422","NOAA_survey","Curacao","Blue Baai","BB1",NA,NA,12.135109,-68.986818,"3",2012,"field","BB1-t243",1188,1128.6,596.760925449872,566.922879177378,"N",1.06575342465753,NA,"dead = complete mortality or lost",817,50
"2423","NOAA_survey","Curacao","Blue Baai","BB1",NA,NA,12.135109,-68.986818,"3",2012,"field","BB1-t244",3666,2749.5,275.86118251928,392.679948586118,"Y",1.06575342465753,NA,"dead = complete mortality or lost",817,50
"2424","NOAA_survey","Curacao","Blue Baai","BB1",NA,NA,12.135109,-68.986818,"3",2012,"field","BB1-t245",14245,9259.25,896.07969151671,-130.658740359897,"N",1.06575342465753,NA,"dead = complete mortality or lost",817,50
"2425","NOAA_survey","Curacao","Blue Baai","BB1",NA,NA,12.135109,-68.986818,"3",2012,"field","BB1-t248",704,633.6,908.27763496144,974.334190231363,"N",1.06575342465753,NA,"dead = complete mortality or lost",817,50
"2426","NOAA_survey","Curacao","Blue Baai","BB2",NA,NA,12.135202,-68.987383,"3",2012,"field","BB2-t249",3000,2550,1024.44587628866,678.448453608248,"N",1.06301369863014,NA,"dead = complete mortality or lost",817,50
"2427","NOAA_survey","Curacao","Blue Baai","BB2",NA,NA,12.135202,-68.987383,"3",2012,"field","BB2-t251",13200,7920,-564.432989690722,-2709.27835051546,"N",1.06301369863014,NA,"dead = complete mortality or lost",817,50
"2428","NOAA_survey","Curacao","Blue Baai","BB2",NA,NA,12.135202,-68.987383,"3",2012,"field","BB2-t253",7695,6156,1980.21907216495,1584.17525773196,"N",1.06301369863014,NA,"dead = complete mortality or lost",817,50
"2429","NOAA_survey","Curacao","Blue Baai","BB2",NA,NA,12.135202,-68.987383,"3",2012,"field","BB2-t254",1400,1190,1275.61855670103,954.644329896908,"N",1.06301369863014,NA,"dead = complete mortality or lost",817,50
"2430","NOAA_survey","Curacao","Blue Baai","BB2",NA,NA,12.135202,-68.987383,"3",2012,"field","BB2-t260",2542,127.1,-2323.5824742268,-51.833762886598,"N",1.06301369863014,NA,"dead = complete mortality or lost",817,50
"2431","NOAA_survey","Curacao","Blue Baai","BB2",NA,NA,12.135202,-68.987383,"3",2012,"field","BB2-t261",6175,926.25,0,-290.447809278351,"N",1.06301369863014,NA,"dead = complete mortality or lost",817,50
"2432","NOAA_survey","Curacao","Blue Baai","BB3",NA,NA,12.135267,-68.987104,"2.7",2012,"field","BB3-t264",14450,4335,-239.884020618557,-1407.31958762887,"N",1.06301369863014,NA,"dead = complete mortality or lost",817,50
"2433","NOAA_survey","Curacao","Blue Baai","BB3",NA,NA,12.135267,-68.987104,"2.7",2012,"field","BB3-t265",13000,5200,657.564432989691,-381.321520618557,"N",1.06301369863014,NA,"dead = complete mortality or lost",817,50
"2434","NOAA_survey","Curacao","Blue Baai","BB3",NA,NA,12.135267,-68.987104,"2.7",2012,"field","BB3-t266",6090,1522.5,-197.551546391753,780.328608247423,"N",1.06301369863014,NA,"dead = complete mortality or lost",817,50
"2435","NOAA_survey","Curacao","Blue Baai","BB3",NA,NA,12.135267,-68.987104,"2.7",2012,"field","BB3-t267",3685,1289.75,51.7396907216495,53.2918814432989,"N",1.06301369863014,NA,"dead = complete mortality or lost",817,50
"2436","NOAA_survey","Curacao","Blue Baai","BB3",NA,NA,12.135267,-68.987104,"2.7",2012,"field","BB3-t269",6528,3590.4,1972.69329896907,1896.3537371134,"N",1.06301369863014,NA,"dead = complete mortality or lost",817,50
"2437","NOAA_survey","Curacao","Boca Santa Marta","SM2",NA,NA,12.267807,-69.128565,"2.4",2012,"field","SM2-t359",16995,8497.5,-2124.48717948718,-3129.40705128205,"N",1.06849315068493,NA,"dead = complete mortality or lost",817,40
"2438","NOAA_survey","Curacao","Sea Aquarium Reef","SQ1",NA,NA,12.084208,-68.893882,"3.9",2012,"field","SQ1-t202",12500,10000,1877.93893129771,-5915.69338422392,"N",1.07671232876712,NA,"dead = complete mortality or lost",817,56
"2439","NOAA_survey","Curacao","Sea Aquarium Reef","SQ1",NA,NA,12.084208,-68.893882,"3.9",2012,"field","SQ1-t203",105,89.25,-6.50127226463104,-14.6278625954198,"N",1.07671232876712,NA,"dead = complete mortality or lost",817,56
"2440","NOAA_survey","Curacao","Sea Aquarium Reef","SQ1",NA,NA,12.084208,-68.893882,"3.9",2012,"field","SQ1-t204",1550,77.5,-1400.55979643766,-32.970737913486,"N",1.07671232876712,NA,"dead = complete mortality or lost",817,56
"2441","NOAA_survey","Curacao","Sea Aquarium Reef","SQ1",NA,NA,12.084208,-68.893882,"3.9",2012,"field","SQ1-t205",23625,9450,11493.320610687,1253.81679389313,"N",1.07671232876712,NA,"dead = complete mortality or lost",817,56
"2442","NOAA_survey","Curacao","Sea Aquarium Reef","SQ1",NA,NA,12.084208,-68.893882,"3.9",2012,"field","SQ1-t209",9000,2700,-1571.45038167939,-1828.90076335878,"N",1.07671232876712,NA,"dead = complete mortality or lost",817,56
"2443","NOAA_survey","Curacao","Sea Aquarium Reef","SQ1",NA,NA,12.084208,-68.893882,"3.9",2012,"field","SQ1-t210",14375,2875,-11545.3307888041,-1857.69211195929,"N",1.07671232876712,NA,"dead = complete mortality or lost",817,56
"2444","NOAA_survey","Curacao","Sea Aquarium Reef","SQ1",NA,NA,12.084208,-68.893882,"3.9",2012,"field","SQ1-t211",1110,499.5,-283.269720101781,-351.765267175572,"N",1.07671232876712,NA,"dead = complete mortality or lost",817,56
"2445","NOAA_survey","Curacao","Sea Aquarium Reef","SQ2",NA,NA,12.083209,-68.895032,"4.5",2012,"field","SQ2-t214",2058,1646.4,419.005102040816,335.204081632653,"N",1.07397260273973,NA,"dead = complete mortality or lost",817,56
"2446","NOAA_survey","Curacao","Sea Aquarium Reef","SQ2",NA,NA,12.083209,-68.895032,"4.5",2012,"field","SQ2-t218",20125,17106.25,256.058673469388,-732.095025510204,"N",1.07397260273973,NA,"dead = complete mortality or lost",817,56
"2447","NOAA_survey","Curacao","Sea Aquarium Reef","SQ2",NA,NA,12.083209,-68.895032,"4.5",2012,"field","SQ2-t223",7725,3476.25,-414.349489795918,-186.457270408163,"N",1.07397260273973,NA,"dead = complete mortality or lost",817,56
"2448","NOAA_survey","Curacao","Sea Aquarium Reef","SQ3",NA,NA,12.083075,-68.895931,"3.3",2012,"field","SQ3-t226",3575,715,-3274.78371501272,-618.549618320611,"N",1.07671232876712,NA,"dead = complete mortality or lost",817,56
"2449","NOAA_survey","Curacao","Sea Aquarium Reef","SQ3",NA,NA,12.083075,-68.895931,"3.3",2012,"field","SQ3-t227",12319,4927.6,-2316.31043256997,-2295.27417302799,"N",1.07671232876712,NA,"dead = complete mortality or lost",817,56
"2450","NOAA_survey","Curacao","Sea Aquarium Reef","SQ3",NA,NA,12.083075,-68.895931,"3.3",2012,"field","SQ3-t228",37125,22275,3747.51908396947,2248.51145038168,"N",1.07671232876712,NA,"dead = complete mortality or lost",817,56
"2451","NOAA_survey","Curacao","Sea Aquarium Reef","SQ3",NA,NA,12.083075,-68.895931,"3.3",2012,"field","SQ3-t229",11815,4135.25,236.832061068702,82.8912213740458,"N",1.07671232876712,NA,"dead = complete mortality or lost",817,56
"2452","NOAA_survey","Curacao","Sea Aquarium Reef","SQ3",NA,NA,12.083075,-68.895931,"3.3",2012,"field","SQ3-t231",6390,2556,874.885496183206,-331.007633587786,"N",1.07671232876712,NA,"dead = complete mortality or lost",817,56
"2453","NOAA_survey","Curacao","Sea Aquarium Reef","SQ3",NA,NA,12.083075,-68.895931,"3.3",2012,"field","SQ3-t232",21000,8400,1671.75572519084,-2507.63358778626,"N",1.07671232876712,NA,"dead = complete mortality or lost",817,56
"2454","NOAA_survey","Florida","Carysfort Reef","CF1",NA,NA,25.22194,-80.21055,"2.1",2010,"field","CF1-t024",27,27,3.0586592178771,3.0586592178771,"N",0.980821917808218,NA,"dead = complete mortality or lost",817,74
"2455","NOAA_survey","Florida","Carysfort Reef","CF1",NA,NA,25.22194,-80.21055,"2.1",2010,"field","CF1-t027",121,121,75.4469273743017,75.4469273743017,"N",0.980821917808218,NA,"dead = complete mortality or lost",817,74
"2456","NOAA_survey","Florida","Carysfort Reef","CF1",NA,NA,25.22194,-80.21055,"2.1",2010,"field","CF1-t033",25850,3877.5,0,-1317.77234636872,"N",0.980821917808218,NA,"dead = complete mortality or lost",817,74
"2457","NOAA_survey","Florida","Carysfort Reef","CF2",NA,NA,25.22179,-80.210586,"2.4",2010,"field","CF2-t038",39270,13744.5,2268.50558659218,-1321.34078212291,"N",0.980821917808218,NA,"dead = complete mortality or lost",817,74
"2458","NOAA_survey","Florida","Carysfort Reef","CF2",NA,NA,25.22179,-80.210586,"2.4",2010,"field","CF2-t040",3956,989,462.877094972067,115.719273743017,"N",0.980821917808218,NA,"dead = complete mortality or lost",817,74
"2459","NOAA_survey","Florida","Carysfort Reef","CF2",NA,NA,25.22179,-80.210586,"2.4",2010,"field","CF2-t042",2080,1872,570.949720670391,513.854748603352,"N",0.980821917808218,NA,"dead = complete mortality or lost",817,74
"2460","NOAA_survey","Florida","Carysfort Reef","CF2",NA,NA,25.22179,-80.210586,"2.4",2010,"field","CF2-t043",11094,9429.9,3268.68715083799,1320.42318435754,"N",0.980821917808218,NA,"dead = complete mortality or lost",817,74
"2461","NOAA_survey","Florida","Carysfort Reef","CF2",NA,NA,25.22179,-80.210586,"2.4",2010,"field","CF2-t045",12600,10080,2446.92737430168,1957.54189944134,"N",0.980821917808218,NA,"dead = complete mortality or lost",817,74
"2462","NOAA_survey","Florida","Carysfort Reef","CF2",NA,NA,25.22179,-80.210586,"2.4",2010,"field","CF2-t046",2964,889.2,109.09217877095,-436.929469273743,"N",0.980821917808218,NA,"dead = complete mortality or lost",817,74
"2463","NOAA_survey","Florida","Carysfort Reef","CF2",NA,NA,25.22179,-80.210586,"2.4",2010,"field","CF2-t047",18715,12164.75,4368.78491620112,2839.71019553073,"N",0.980821917808218,NA,"dead = complete mortality or lost",817,74
"2464","NOAA_survey","Florida","Carysfort Reef","CF2",NA,NA,25.22179,-80.210586,"2.4",2010,"field","CF2-t048",10500,7875,1605.79608938548,588.791899441341,"N",0.980821917808218,NA,"dead = complete mortality or lost",817,74
"2465","NOAA_survey","Florida","Carysfort Reef","CF2",NA,NA,25.22179,-80.210586,"2.4",2010,"field","CF2-t049",11680,5256,-642.31843575419,-2542.25558659218,"N",0.980821917808218,NA,"dead = complete mortality or lost",817,74
"2466","NOAA_survey","Florida","Carysfort Reef","CF3",NA,NA,25.22289,-80.20956,"3.7",2010,"field","CF3-t088",42000,14700,3280,3412,"N",1,NA,"dead = complete mortality or lost",817,74
"2467","NOAA_survey","Florida","Carysfort Reef","CF3",NA,NA,25.22289,-80.20956,"3.7",2010,"field","CF3-t090",60900,45675,7180,-1423,"N",1,NA,"dead = complete mortality or lost",817,74
"2468","NOAA_survey","Florida","Carysfort Reef","CF3",NA,NA,25.22289,-80.20956,"3.7",2010,"field","CF3-t092",29000,18850,2775,-2962.5,"N",1,NA,"dead = complete mortality or lost",817,74
"2469","NOAA_survey","Florida","Carysfort Reef","CF3",NA,NA,25.22289,-80.20956,"3.7",2010,"field","CF3-t095",31310,21917,1870,-350,"N",1,NA,"dead = complete mortality or lost",817,74
"2470","NOAA_survey","Florida","Carysfort Reef","CF4",NA,NA,25.222871,-80.209996,"4.6",2016,"field","CF4-t812",108,108,154.785100286533,7.53008595988539,"N",0.956164383561644,NA,"dead = complete mortality or lost",817,74
"2471","NOAA_survey","Florida","Elbow Reef","EL1",NA,NA,25.142579,-80.258364,"3.4",2010,"field","EL1-t051",18150,3630,1943.05929919138,2368.56469002695,"N",1.01643835616438,NA,"dead = complete mortality or lost",817,118
"2472","NOAA_survey","Florida","Elbow Reef","EL1",NA,NA,25.142579,-80.258364,"3.4",2010,"field","EL1-t052",48830,36622.5,6011.1859838275,1805.8153638814,"N",1.01643835616438,NA,"dead = complete mortality or lost",817,118
"2473","NOAA_survey","Florida","Elbow Reef","EL1",NA,NA,25.142579,-80.258364,"3.4",2010,"field","EL1-t054",17415,10449,-6363.3962264151,-2202.54380053908,"N",1.01643835616438,NA,"dead = complete mortality or lost",817,118
"2474","NOAA_survey","Florida","Elbow Reef","EL1",NA,NA,25.142579,-80.258364,"3.4",2010,"field","EL1-t055",35045,29788.25,1340.95687331536,-4233.0653638814,"N",1.01643835616438,NA,"dead = complete mortality or lost",817,118
"2475","NOAA_survey","Florida","Elbow Reef","EL1",NA,NA,25.142579,-80.258364,"3.4",2010,"field","EL1-t056",6111,4583.25,777.22371967655,-96.0215633423175,"N",1.01643835616438,NA,"dead = complete mortality or lost",817,118
"2476","NOAA_survey","Florida","Elbow Reef","EL1",NA,NA,25.142579,-80.258364,"3.4",2010,"field","EL1-t059",120,120,132.816711590297,132.816711590297,"N",1.01643835616438,NA,"dead = complete mortality or lost",817,118
"2477","NOAA_survey","Florida","Elbow Reef","EL1",NA,NA,25.142579,-80.258364,"3.4",2010,"field","EL1-t060",2080,2080,1052.69541778976,1052.69541778976,"N",1.01643835616438,NA,"dead = complete mortality or lost",817,118
"2478","NOAA_survey","Florida","Elbow Reef","EL1",NA,NA,25.142579,-80.258364,"3.4",2010,"field","EL1-t061",945,567,266.617250673855,-198.929919137466,"N",1.01643835616438,NA,"dead = complete mortality or lost",817,118
"2479","NOAA_survey","Florida","Elbow Reef","EL1",NA,NA,25.142579,-80.258364,"3.4",2010,"field","EL1-t062",500,490,-78.7061994609165,-172.169811320755,"N",1.01643835616438,NA,"dead = complete mortality or lost",817,118
"2480","NOAA_survey","Florida","Elbow Reef","EL1",NA,NA,25.142579,-80.258364,"3.4",2022,"field","EL1-t208",8480,7208,1562.44483671668,1113.3627537511,"N",3.1041095890411,NA,"dead = complete mortality or lost",817,118
"2481","NOAA_survey","Florida","Elbow Reef","EL1",NA,NA,25.142579,-80.258364,"3.4",2017,"field","EL1-t232",6848,5478.4,1527.20963172804,791.367563739376,"N",0.967123287671233,NA,"dead = complete mortality or lost",817,118
"2482","NOAA_survey","Florida","Elbow Reef","EL1",NA,NA,25.142579,-80.258364,"3.4",2016,"field","EL1-t977",9860,5916,136.404639175258,-388.753221649485,"N",1.06301369863014,NA,"dead = complete mortality or lost",817,118
"2483","NOAA_survey","Florida","Elbow Reef","EL1",NA,NA,25.142579,-80.258364,"3.4",2016,"field","EL1-t978",3784,3746.16,464.716494845361,299.093041237114,"N",1.06301369863014,NA,"dead = complete mortality or lost",817,118
"2484","NOAA_survey","Florida","Elbow Reef","EL1",NA,NA,25.142579,-80.258364,"3.4",2016,"field","EL1-t979",18810,15048,1834.40721649485,1467.52577319588,"N",1.06301369863014,NA,"dead = complete mortality or lost",817,118
"2485","NOAA_survey","Florida","Elbow Reef","EL1",NA,NA,25.142579,-80.258364,"3.4",2023,"field","EL1-t987",15120,14364,1080.7328990228,-879.031758957656,"N",0.841095890410958,NA,"dead = complete mortality or lost",817,118
"2486","NOAA_survey","Florida","Elbow Reef","EL2",NA,NA,25.142899,-80.258221,"3.4",2010,"field","EL2-t064",126,88.2,-13.736559139785,-9.61559139784946,"N",1.01917808219178,NA,"dead = complete mortality or lost",817,118
"2487","NOAA_survey","Florida","Elbow Reef","EL2",NA,NA,25.142899,-80.258221,"3.4",2010,"field","EL2-t065",8550,85.5,-441.532258064516,-4.41532258064516,"N",1.01917808219178,NA,"dead = complete mortality or lost",817,118
"2488","NOAA_survey","Florida","Elbow Reef","EL2",NA,NA,25.142899,-80.258221,"3.4",2010,"field","EL2-t066",10962,4932.9,1418.79032258065,1855.90725806452,"N",1.01917808219178,NA,"dead = complete mortality or lost",817,118
"2489","NOAA_survey","Florida","Elbow Reef","EL2",NA,NA,25.142899,-80.258221,"3.4",2010,"field","EL2-t067",2170,542.5,631.881720430108,296.022849462366,"N",1.01917808219178,NA,"dead = complete mortality or lost",817,118
"2490","NOAA_survey","Florida","Elbow Reef","EL2",NA,NA,25.142899,-80.258221,"3.4",2010,"field","EL2-t068",80,80,61.8145161290323,5.69086021505376,"N",1.01917808219178,NA,"dead = complete mortality or lost",817,118
"2491","NOAA_survey","Florida","Elbow Reef","EL2",NA,NA,25.142899,-80.258221,"3.4",2010,"field","EL2-t069",6300,4095,618.145161290323,741.774193548387,"N",1.01917808219178,NA,"dead = complete mortality or lost",817,118
"2492","NOAA_survey","Florida","Elbow Reef","EL2",NA,NA,25.142899,-80.258221,"3.4",2010,"field","EL2-t070",252,63,32.3790322580645,22.0766129032258,"N",1.01917808219178,NA,"dead = complete mortality or lost",817,118
"2493","NOAA_survey","Florida","Elbow Reef","EL2",NA,NA,25.142899,-80.258221,"3.4",2010,"field","EL2-t071",16,16,-9.81182795698925,-9.81182795698925,"N",1.01917808219178,NA,"dead = complete mortality or lost",817,118
"2494","NOAA_survey","Florida","Elbow Reef","EL2",NA,NA,25.142899,-80.258221,"3.4",2010,"field","EL2-t072",5525,828.75,0,271.051747311828,"N",1.01917808219178,NA,"dead = complete mortality or lost",817,118
"2495","NOAA_survey","Florida","Elbow Reef","EL2",NA,NA,25.142899,-80.258221,"3.4",2010,"field","EL2-t073",16385,12288.75,1525.73924731183,264.183467741936,"N",1.01917808219178,NA,"dead = complete mortality or lost",817,118
"2496","NOAA_survey","Florida","Elbow Reef","EL2",NA,NA,25.142899,-80.258221,"3.4",2017,"field","EL2-t246",105,99.75,189.220963172804,179.759915014164,"N",0.967123287671233,NA,"dead = complete mortality or lost",817,118
"2497","NOAA_survey","Florida","Elbow Reef","EL2",NA,NA,25.142899,-80.258221,"3.4",2023,"field","EL2-t486",7790,1947.5,186.275862068965,46.5689655172414,"N",0.794520547945206,NA,"dead = complete mortality or lost",817,118
"2498","NOAA_survey","Florida","Elbow Reef","EL2",NA,NA,25.142899,-80.258221,"3.4",2024,"field","EL2-t768",1035,931.5,220.15873015873,269.115079365079,"N",0.863013698630137,NA,"dead = complete mortality or lost",817,118
"2499","NOAA_survey","Florida","Elbow Reef","EL2",NA,NA,25.142899,-80.258221,"3.4",2011,"field","EL2-t913",27720,18018,2010.52904564315,-993.33765560166,"N",1.32054794520548,NA,"dead = complete mortality or lost",817,118
"2500","NOAA_survey","Florida","Elbow Reef","EL3",NA,NA,25.143881,-80.257827,"4",2010,"field","EL3-t076",9246,5085.3,1703.68194842407,2074.38180515759,"N",0.956164383561644,NA,"dead = complete mortality or lost",817,118
"2501","NOAA_survey","Florida","Elbow Reef","EL3",NA,NA,25.143881,-80.257827,"4",2010,"field","EL3-t077",1950,877.5,486.318051575931,345.12893982808,"N",0.956164383561644,NA,"dead = complete mortality or lost",817,118
"2502","NOAA_survey","Florida","Elbow Reef","EL3",NA,NA,25.143881,-80.257827,"4",2010,"field","EL3-t078",1189,713.4,195.573065902579,117.343839541547,"N",0.956164383561644,NA,"dead = complete mortality or lost",817,118
"2503","NOAA_survey","Florida","Elbow Reef","EL3",NA,NA,25.143881,-80.257827,"4",2010,"field","EL3-t079",800,200,0,-41.8338108882521,"N",0.956164383561644,NA,"dead = complete mortality or lost",817,118
"2504","NOAA_survey","Florida","Elbow Reef","EL3",NA,NA,25.143881,-80.257827,"4",2010,"field","EL3-t083",7154,5365.5,204.985673352435,-999.305157593123,"N",0.956164383561644,NA,"dead = complete mortality or lost",817,118
"2505","NOAA_survey","Florida","Elbow Reef","EL3",NA,NA,25.143881,-80.257827,"4",2010,"field","EL3-t086",19200,11520,1531.11747851003,3079.80515759312,"N",0.956164383561644,NA,"dead = complete mortality or lost",817,118
"2506","NOAA_survey","Florida","Elbow Reef","EL3",NA,NA,25.143881,-80.257827,"4",2022,"field","EL3-t187",88,83.6,15.3443649373882,-9.66368515205724,"N",3.06301369863014,NA,"dead = complete mortality or lost",817,118
"2507","NOAA_survey","Florida","Elbow Reef","EL3",NA,NA,25.143881,-80.257827,"4",2011,"field","EL3-t911",5885,5002.25,1228.12625250501,490.62875751503,"N",1.36712328767123,NA,"dead = complete mortality or lost",817,118
"2508","NOAA_survey","Florida","Elbow Reef","EL3",NA,NA,25.143881,-80.257827,"4",2016,"field","EL3-t933",7412,2964.8,27.1087533156499,-709.474801061008,"N",1.03287671232877,NA,"dead = complete mortality or lost",817,118
"2509","NOAA_survey","Florida","Elbow Reef","EL4",NA,NA,25.145086,-80.257301,"4.9",2010,"field","EL4-t153",28512,17107.2,7142.10674157303,2466.51825842697,"N",0.975342465753425,NA,"dead = complete mortality or lost",817,118
"2510","NOAA_survey","Florida","Elbow Reef","EL4",NA,NA,25.145086,-80.257301,"4.9",2010,"field","EL4-t154",12600,7560,1742.97752808989,312.710674157304,"N",0.975342465753425,NA,"dead = complete mortality or lost",817,118
"2511","NOAA_survey","Florida","Elbow Reef","EL4",NA,NA,25.145086,-80.257301,"4.9",2010,"field","EL4-t158",3366,2692.8,1252.89325842697,1002.31460674157,"N",0.975342465753425,NA,"dead = complete mortality or lost",817,118
"2512","NOAA_survey","Florida","Elbow Reef","EL4",NA,NA,25.145086,-80.257301,"4.9",2010,"field","EL4-t160",2613,2482.35,1540.99719101124,1463.94733146067,"N",0.975342465753425,NA,"dead = complete mortality or lost",817,118
"2513","NOAA_survey","Florida","Elbow Reef","EL4",NA,NA,25.145086,-80.257301,"4.9",2010,"field","EL4-t165",24,24,0,0,"N",0.975342465753425,NA,"dead = complete mortality or lost",817,118
"2514","NOAA_survey","Florida","Elbow Reef","EL4",NA,NA,25.145086,-80.257301,"4.9",2010,"field","EL4-t168",20115,19913.85,3626.41853932584,195.162219101126,"N",0.975342465753425,NA,"dead = complete mortality or lost",817,118
"2515","NOAA_survey","Florida","Elbow Reef","EL4",NA,NA,25.145086,-80.257301,"4.9",2012,"field","EL4-t922",32,24,43.7239583333333,36.5,"N",1.05205479452055,NA,"dead = complete mortality or lost",817,118
"2516","NOAA_survey","Florida","Elbow Reef","EL4",NA,NA,25.145086,-80.257301,"4.9",2016,"field","EL4-t935",88,83.6,40.7712765957447,38.7327127659574,"N",1.03013698630137,NA,"dead = complete mortality or lost",817,118
"2517","NOAA_survey","Florida","Elbow Reef","EL5",NA,NA,25.145179,-80.257389,"4.9",2010,"field","EL5-t177",4836,3385.2,596.713483146067,-693.294943820224,"N",0.975342465753425,NA,"dead = complete mortality or lost",817,118
"2518","NOAA_survey","Florida","Elbow Reef","EL5",NA,NA,25.145179,-80.257389,"4.9",2010,"field","EL5-t180",12100,7865,1217.00842696629,1472.20084269663,"N",0.975342465753425,NA,"dead = complete mortality or lost",817,118
"2519","NOAA_survey","Florida","Elbow Reef","EL5",NA,NA,25.145179,-80.257389,"4.9",2010,"field","EL5-t183",168,168,104.578651685393,101.810393258427,"N",0.975342465753425,NA,"dead = complete mortality or lost",817,118
"2520","NOAA_survey","Florida","French Reef","FR1",NA,NA,25.033886,-80.349365,"6.4",2010,"field","FR1-t002",4000,2600,50.8356545961003,33.0431754874652,"N",0.983561643835616,NA,"dead = complete mortality or lost",817,76
"2521","NOAA_survey","Florida","French Reef","FR1",NA,NA,25.033886,-80.349365,"6.4",2010,"field","FR1-t003",90,54,30.5013927576602,54.9025069637883,"N",0.983561643835616,NA,"dead = complete mortality or lost",817,76
"2522","NOAA_survey","Florida","French Reef","FR1",NA,NA,25.033886,-80.349365,"6.4",2010,"field","FR1-t004",4914,982.8,36.6016713091922,7.32033426183837,"N",0.983561643835616,NA,"dead = complete mortality or lost",817,76
"2523","NOAA_survey","Florida","French Reef","FR1",NA,NA,25.033886,-80.349365,"6.4",2010,"field","FR1-t005",13000,6500,264.345403899722,1480.33426183844,"N",0.983561643835616,NA,"dead = complete mortality or lost",817,76
"2524","NOAA_survey","Florida","French Reef","FR1",NA,NA,25.033886,-80.349365,"6.4",2010,"field","FR1-t006",14200,5680,599.860724233984,-1263.77437325905,"N",0.983561643835616,NA,"dead = complete mortality or lost",817,76
"2525","NOAA_survey","Florida","French Reef","FR1",NA,NA,25.033886,-80.349365,"6.4",2010,"field","FR1-t007",390,78,191.142061281337,126.377437325905,"N",0.983561643835616,NA,"dead = complete mortality or lost",817,76
"2526","NOAA_survey","Florida","French Reef","FR1",NA,NA,25.033886,-80.349365,"6.4",2010,"field","FR1-t008",6864,3432,869.289693593315,-350.155988857939,"N",0.983561643835616,NA,"dead = complete mortality or lost",817,76
"2527","NOAA_survey","Florida","French Reef","FR1",NA,NA,25.033886,-80.349365,"6.4",2010,"field","FR1-t009",35100,26325,4956.47632311978,-6443.41922005571,"N",0.983561643835616,NA,"dead = complete mortality or lost",817,76
"2528","NOAA_survey","Florida","French Reef","FR1",NA,NA,25.033886,-80.349365,"6.4",2010,"field","FR1-t010",3920,1372,-569.359331476324,-540.891364902507,"N",0.983561643835616,NA,"dead = complete mortality or lost",817,76
"2529","NOAA_survey","Florida","French Reef","FR1",NA,NA,25.033886,-80.349365,"6.4",2010,"field","FR1-t011",240,240,-20.3342618384401,-232.827298050139,"N",0.983561643835616,NA,"dead = complete mortality or lost",817,76
"2530","NOAA_survey","Florida","French Reef","FR1",NA,NA,25.033886,-80.349365,"6.4",2022,"field","FR1-t199",8580,3003,434.477211796247,152.067024128686,"N",3.06575342465753,NA,"dead = complete mortality or lost",817,76
"2531","NOAA_survey","Florida","French Reef","FR1",NA,NA,25.033886,-80.349365,"6.4",2016,"field","FR1-t976",81,72.9,52.9838709677419,54.3084677419354,"N",1.01917808219178,NA,"dead = complete mortality or lost",817,76
"2532","NOAA_survey","Florida","French Reef","FR2",NA,NA,25.033681,-80.349545,"4.9",2017,"field","FR2-t236",12,12,8.34285714285715,8.34285714285715,"N",0.95890410958904,NA,"dead = complete mortality or lost",817,76
"2533","NOAA_survey","Florida","French Reef","FR2",NA,NA,25.033681,-80.349545,"4.9",2013,"field","FR2-t250",6200,1240,317.559681697613,63.5119363395227,"N",1.03287671232877,NA,"dead = complete mortality or lost",817,76
"2534","NOAA_survey","Florida","French Reef","FR2",NA,NA,25.033681,-80.349545,"4.9",2013,"field","FR2-t251",3060,3029.4,764.854111405836,757.205570291778,"N",1.03287671232877,NA,"dead = complete mortality or lost",817,76
"2535","NOAA_survey","Florida","French Reef","FR2",NA,NA,25.033681,-80.349545,"4.9",2013,"field","FR2-t255",540,351,-87.1352785145889,-78.42175066313,"N",1.03287671232877,NA,"dead = complete mortality or lost",817,76
"2536","NOAA_survey","Florida","French Reef","FR2",NA,NA,25.033681,-80.349545,"4.9",2013,"field","FR2-t256",104,104,100.689655172414,96.6620689655173,"N",1.03287671232877,NA,"dead = complete mortality or lost",817,76
"2537","NOAA_survey","Florida","French Reef","FR2",NA,NA,25.033681,-80.349545,"4.9",2013,"field","FR2-t257",234,187.2,-23.236074270557,-49.0862068965518,"N",1.03287671232877,NA,"dead = complete mortality or lost",817,76
"2538","NOAA_survey","Florida","French Reef","FR2",NA,NA,25.033681,-80.349545,"4.9",2013,"field","FR2-t258",266,26.6,-164.588859416446,57.896551724138,"N",1.03287671232877,NA,"dead = complete mortality or lost",817,76
"2539","NOAA_survey","Florida","French Reef","FR2",NA,NA,25.033681,-80.349545,"4.9",2013,"field","FR2-t259",396,336.6,-42.5994694960212,-104.368700265252,"N",1.03287671232877,NA,"dead = complete mortality or lost",817,76
"2540","NOAA_survey","Florida","French Reef","FR2",NA,NA,25.033681,-80.349545,"4.9",2013,"field","FR2-t260",1287,1222.65,-616.724137931035,-585.887931034483,"N",1.03287671232877,NA,"dead = complete mortality or lost",817,76
"2541","NOAA_survey","Florida","French Reef","FR2",NA,NA,25.033681,-80.349545,"4.9",2013,"field","FR2-t261",5400,1350,414.376657824934,-178.53050397878,"N",1.03287671232877,NA,"dead = complete mortality or lost",817,76
"2542","NOAA_survey","Florida","French Reef","FR2",NA,NA,25.033681,-80.349545,"4.9",2013,"field","FR2-t262",176,114.4,-7.74535809018568,11.2307692307692,"N",1.03287671232877,NA,"dead = complete mortality or lost",817,76
"2543","NOAA_survey","Florida","French Reef","FR3",NA,NA,25.035184,-80.349037,"3.7",2016,"field","FR3-t818",150,112.5,60.6590257879656,-30.6432664756447,"N",0.956164383561644,NA,"dead = complete mortality or lost",817,76
"2544","NOAA_survey","Florida","French Reef","FR3",NA,NA,25.035184,-80.349037,"3.7",2016,"field","FR3-t820",14440,722,-3053.86819484241,-152.69340974212,"N",0.956164383561644,NA,"dead = complete mortality or lost",817,76
"2545","NOAA_survey","Florida","French Reef","FR3",NA,NA,25.035184,-80.349037,"3.7",2016,"field","FR3-t824",165,165,-15.6876790830946,-23.5315186246418,"N",0.956164383561644,NA,"dead = complete mortality or lost",817,76
"2546","NOAA_survey","Florida","French Reef","FR3",NA,NA,25.035184,-80.349037,"3.7",2016,"field","FR3-t825",2200,110,-194.527220630372,-9.72636103151862,"N",0.956164383561644,NA,"dead = complete mortality or lost",817,76
"2547","NOAA_survey","Florida","French Reef","FR3",NA,NA,25.035184,-80.349037,"3.7",2018,"field","FR3-t862",3552,1598.4,-86.5185185185185,-194.666666666667,"N",1.10958904109589,NA,"dead = complete mortality or lost",817,76
"2548","NOAA_survey","Florida","French Reef","FR3",NA,NA,25.035184,-80.349037,"3.7",2018,"field","FR3-t866",128,38.4,155.012345679012,195.207407407407,"N",1.10958904109589,NA,"dead = complete mortality or lost",817,76
"2549","NOAA_survey","Florida","Grecian Rocks","GR2",NA,NA,25.112082,-80.303222,"2.1",2016,"field","GR2-t847",1100,220,-948.587570621469,-208.276836158192,"N",0.96986301369863,NA,"dead = complete mortality or lost",817,54
"2550","NOAA_survey","Florida","Grecian Rocks","GR3",NA,NA,25.109261,-80.306191,"1.5",2018,"field","GR3-t397",572,572,-75.8212560386474,-247.212560386474,"N",1.13424657534247,NA,"dead = complete mortality or lost",817,54
"2551","NOAA_survey","Florida","Grecian Rocks","GR3",NA,NA,25.109261,-80.306191,"1.5",2018,"field","GR3-t398",1900,95,88.1642512077295,4.40821256038647,"N",1.13424657534247,NA,"dead = complete mortality or lost",817,54
"2552","NOAA_survey","Florida","Grecian Rocks","GR3",NA,NA,25.109261,-80.306191,"1.5",2017,"field","GR3-t881",192,192,-1.82957393483709,-36.5914786967419,"N",1.09315068493151,NA,"dead = complete mortality or lost",817,54
"2553","NOAA_survey","Florida","Key Largo Dry Rocks","KL1",NA,NA,25.123581,-80.297359,"2.1",2010,"field","KL1-t104",9234,2308.5,519.972067039106,-1360.18575418994,"N",0.980821917808219,NA,"dead = complete mortality or lost",817,62
"2554","NOAA_survey","Florida","Key Largo Dry Rocks","KL1",NA,NA,25.123581,-80.297359,"2.1",2010,"field","KL1-t105",35200,5280,1274.44134078212,2049.30167597765,"N",0.980821917808219,NA,"dead = complete mortality or lost",817,62
"2555","NOAA_survey","Florida","Key Largo Dry Rocks","KL1",NA,NA,25.123581,-80.297359,"2.1",2010,"field","KL1-t106",3969,793.8,-33.645251396648,-6.72905027932963,"N",0.980821917808219,NA,"dead = complete mortality or lost",817,62
"2556","NOAA_survey","Florida","Key Largo Dry Rocks","KL1",NA,NA,25.123581,-80.297359,"2.1",2010,"field","KL1-t107",9000,1350,382.332402234637,535.265363128492,"N",0.980821917808219,NA,"dead = complete mortality or lost",817,62
"2557","NOAA_survey","Florida","Key Largo Dry Rocks","KL1",NA,NA,25.123581,-80.297359,"2.1",2010,"field","KL1-t108",14850,5940,-407.821229050279,-1636.38268156425,"N",0.980821917808219,NA,"dead = complete mortality or lost",817,62
"2558","NOAA_survey","Florida","Key Largo Dry Rocks","KL1",NA,NA,25.123581,-80.297359,"2.1",2010,"field","KL1-t109",84,54.6,15.2932960893855,30.1277932960894,"N",0.980821917808219,NA,"dead = complete mortality or lost",817,62
"2559","NOAA_survey","Florida","Key Largo Dry Rocks","KL1",NA,NA,25.123581,-80.297359,"2.1",2010,"field","KL1-t110",17500,4375,0,-892.108938547486,"N",0.980821917808219,NA,"dead = complete mortality or lost",817,62
"2560","NOAA_survey","Florida","Key Largo Dry Rocks","KL3",NA,NA,25.122538,-80.298287,"3",2010,"field","KL3-t215",3350,1005,700.279898218829,591.24427480916,"N",1.07671232876712,NA,"dead = complete mortality or lost",817,62
"2561","NOAA_survey","Florida","Key Largo Dry Rocks","KL3",NA,NA,25.122538,-80.298287,"3",2010,"field","KL3-t216",4015,40.15,-905.534351145038,103.881043256997,"N",1.07671232876712,NA,"dead = complete mortality or lost",817,62
"2562","NOAA_survey","Florida","Key Largo Dry Rocks","KL3",NA,NA,25.122538,-80.298287,"3",2010,"field","KL3-t217",4599,919.8,1510.15267175573,302.030534351145,"N",1.07671232876712,NA,"dead = complete mortality or lost",817,62
"2563","NOAA_survey","Florida","Key Largo Dry Rocks","KL3",NA,NA,25.122538,-80.298287,"3",2010,"field","KL3-t219",12876,643.8,-68.7277353689567,-360.133333333333,"N",1.07671232876712,NA,"dead = complete mortality or lost",817,62
"2564","NOAA_survey","Florida","Key Largo Dry Rocks","KL3",NA,NA,25.122538,-80.298287,"3",2010,"field","KL3-t220",4851,485.1,-256.335877862595,-408.047709923664,"N",1.07671232876712,NA,"dead = complete mortality or lost",817,62
"2565","NOAA_survey","Florida","Key Largo Dry Rocks","KL3",NA,NA,25.122538,-80.298287,"3",2010,"field","KL3-t222",624,611.52,691.921119592875,639.938804071247,"N",1.07671232876712,NA,"dead = complete mortality or lost",817,62
"2566","NOAA_survey","Florida","Key Largo Dry Rocks","KL3",NA,NA,25.122538,-80.298287,"3",2010,"field","KL3-t223",1215,60.75,-145.814249363868,-46.5955470737913,"N",1.07671232876712,NA,"dead = complete mortality or lost",817,62
"2567","NOAA_survey","Florida","Key Largo Dry Rocks","KL3",NA,NA,25.122538,-80.298287,"3",2016,"field","KL3-t968",928,742.4,-85.1666666666667,-686.976794871795,"N",1.06849315068493,NA,"dead = complete mortality or lost",817,62
"2568","NOAA_survey","Florida","Key Largo Dry Rocks","KL3",NA,NA,25.122538,-80.298287,"3",2016,"field","KL3-t969",1763,1763,955.551282051282,173.889743589744,"N",1.06849315068493,NA,"dead = complete mortality or lost",817,62
"2569","NOAA_survey","Florida","Key Largo Dry Rocks","KL4",NA,NA,25.124294,-80.298833,"1.8",2016,"field","KL4-t853",25680,17976,738.202247191011,-10310.2247191011,"N",0.975342465753425,NA,"dead = complete mortality or lost",817,62
"2570","NOAA_survey","Florida","Molasses Reef","ML1",NA,NA,25.00958,-80.37481,"3.7",2010,"field","ML1-t013",13248,11260.8,1634.07692307692,687.323076923078,"N",1.06849315068493,NA,"dead = complete mortality or lost",817,65
"2571","NOAA_survey","Florida","Molasses Reef","ML1",NA,NA,25.00958,-80.37481,"3.7",2010,"field","ML1-t015",1480,1332,-144.128205128205,-874.315384615384,"N",1.06849315068493,NA,"dead = complete mortality or lost",817,65
"2572","NOAA_survey","Florida","Molasses Reef","ML1",NA,NA,25.00958,-80.37481,"3.7",2010,"field","ML1-t016",8000,7200,655.128205128205,182.5,"N",1.06849315068493,NA,"dead = complete mortality or lost",817,65
"2573","NOAA_survey","Florida","Molasses Reef","ML1",NA,NA,25.00958,-80.37481,"3.7",2010,"field","ML1-t017",1925,481.25,-98.2692307692307,-280.067307692308,"N",1.06849315068493,NA,"dead = complete mortality or lost",817,65
"2574","NOAA_survey","Florida","Molasses Reef","ML1",NA,NA,25.00958,-80.37481,"3.7",2010,"field","ML1-t018",828,819.72,325.692307692307,322.435384615384,"N",1.06849315068493,NA,"dead = complete mortality or lost",817,65
"2575","NOAA_survey","Florida","Molasses Reef","ML1",NA,NA,25.00958,-80.37481,"3.7",2010,"field","ML1-t020",30750,6150,959.294871794871,3165.67307692307,"N",1.06849315068493,NA,"dead = complete mortality or lost",817,65
"2576","NOAA_survey","Florida","Molasses Reef","ML2",NA,NA,25.009122,-80.374734,"5.5",2010,"field","ML2-t126",40755,14264.25,1017.29691876751,2490.33263305322,"N",0.978082191780822,NA,"dead = complete mortality or lost",817,65
"2577","NOAA_survey","Florida","Molasses Reef","ML2",NA,NA,25.009122,-80.374734,"5.5",2010,"field","ML2-t127",3712,2041.6,445.770308123249,-1663.25490196078,"N",0.978082191780822,NA,"dead = complete mortality or lost",817,65
"2578","NOAA_survey","Florida","Molasses Reef","ML2",NA,NA,25.009122,-80.374734,"5.5",2010,"field","ML2-t128",651,423.15,264.803921568627,-386.112745098039,"N",0.978082191780822,NA,"dead = complete mortality or lost",817,65
"2579","NOAA_survey","Florida","Molasses Reef","ML2",NA,NA,25.009122,-80.374734,"5.5",2010,"field","ML2-t129",19890,3978,265.826330532213,1083.24229691877,"N",0.978082191780822,NA,"dead = complete mortality or lost",817,65
"2580","NOAA_survey","Florida","Molasses Reef","ML2",NA,NA,25.009122,-80.374734,"5.5",2010,"field","ML2-t130",14025,1402.5,1686.97478991597,168.697478991597,"N",0.978082191780822,NA,"dead = complete mortality or lost",817,65
"2581","NOAA_survey","Florida","Molasses Reef","ML2",NA,NA,25.009122,-80.374734,"5.5",2010,"field","ML2-t131",15180,7590,3159.24369747899,2513.59243697479,"N",0.978082191780822,NA,"dead = complete mortality or lost",817,65
"2582","NOAA_survey","Florida","Molasses Reef","ML2",NA,NA,25.009122,-80.374734,"5.5",2010,"field","ML2-t132",17850,8032.5,2361.76470588235,32.2058823529412,"N",0.978082191780822,NA,"dead = complete mortality or lost",817,65
"2583","NOAA_survey","Florida","Molasses Reef","ML2",NA,NA,25.009122,-80.374734,"5.5",2010,"field","ML2-t137",100,90,112.464985994398,111.953781512605,"N",0.978082191780822,NA,"dead = complete mortality or lost",817,65
"2584","NOAA_survey","Florida","Molasses Reef","ML2",NA,NA,25.009122,-80.374734,"5.5",2016,"field","ML2-t952",1554,1243.2,-32.5721784776903,-1045.37532808399,"N",1.04383561643836,NA,"dead = complete mortality or lost",817,65
"2585","NOAA_survey","Florida","Molasses Reef","ML2",NA,NA,25.009122,-80.374734,"5.5",2016,"field","ML2-t954",40,34,-36.4041994750656,-30.6561679790026,"N",1.04383561643836,NA,"dead = complete mortality or lost",817,65
"2586","NOAA_survey","Florida","Molasses Reef","ML3",NA,NA,25.010151,-80.373305,"4.3",2010,"field","ML3-t144",11656,8742,310.812324929972,233.109243697479,"N",0.978082191780822,NA,"dead = complete mortality or lost",817,65
"2587","NOAA_survey","Florida","Molasses Reef","ML3",NA,NA,25.010151,-80.373305,"4.3",2010,"field","ML3-t145",15617,12493.6,3714.41176470588,-1948.8137254902,"N",0.978082191780822,NA,"dead = complete mortality or lost",817,65
"2588","NOAA_survey","Florida","Molasses Reef","ML3",NA,NA,25.010151,-80.373305,"4.3",2010,"field","ML3-t146",22490,17992,2848.43137254902,-305.495798319331,"N",0.978082191780822,NA,"dead = complete mortality or lost",817,65
"2589","NOAA_survey","Florida","Molasses Reef","ML3",NA,NA,25.010151,-80.373305,"4.3",2010,"field","ML3-t147",49200,19680,1226.89075630252,490.756302521008,"N",0.978082191780822,NA,"dead = complete mortality or lost",817,65
"2590","NOAA_survey","Florida","Molasses Reef","ML3",NA,NA,25.010151,-80.373305,"4.3",2010,"field","ML3-t148",12160,7296,1370.02801120448,-1248.36134453782,"N",0.978082191780822,NA,"dead = complete mortality or lost",817,65
"2591","NOAA_survey","Florida","Molasses Reef","ML3",NA,NA,25.010151,-80.373305,"4.3",2010,"field","ML3-t150",2850,2793,881.316526610644,370.316526610644,"N",0.978082191780822,NA,"dead = complete mortality or lost",817,65
"2592","NOAA_survey","Florida","Molasses Reef","ML3",NA,NA,25.010151,-80.373305,"4.3",2010,"field","ML3-t184",38520,32742,1850.56022408964,-488.711484593837,"N",0.978082191780822,NA,"dead = complete mortality or lost",817,65
"2593","NOAA_survey","Florida","Molasses Reef","ML3",NA,NA,25.010151,-80.373305,"4.3",2010,"field","ML3-t185",342,290.7,101.218487394958,63.4915966386555,"N",0.978082191780822,NA,"dead = complete mortality or lost",817,65
"2594","NOAA_survey","Florida","Molasses Reef","ML3",NA,NA,25.010151,-80.373305,"4.3",2010,"field","ML3-t186",1036,984.2,372.156862745098,353.549019607843,"N",0.978082191780822,NA,"dead = complete mortality or lost",817,65
"2595","NOAA_survey","Florida","Molasses Reef","ML3",NA,NA,25.010151,-80.373305,"4.3",2011,"field","ML3-t915",3294,1811.7,-126.725571725572,-425.630977130977,"N",1.31780821917808,NA,"dead = complete mortality or lost",817,65
"2596","NOAA_survey","Florida","Molasses Reef","ML3",NA,NA,25.010151,-80.373305,"4.3",2016,"field","ML3-t955",10824,2164.8,1270.31496062992,254.062992125984,"N",1.04383561643836,NA,"dead = complete mortality or lost",817,65
"2597","NOAA_survey","Florida","Sand Island","SI1",NA,NA,25.018314,-80.368583,"3.7",2023,"field","SI1-t238",552,552,25.085910652921,-477.134020618557,"N",0.797260273972602,NA,"dead = complete mortality or lost",817,71
"2598","NOAA_survey","Florida","Sand Island","SI1",NA,NA,25.018314,-80.368583,"3.7",2015,"field","SI1-t302",17812,15140.2,3978.9010989011,2290.07417582418,"N",0.997260273972603,NA,"dead = complete mortality or lost",817,71
"2599","NOAA_survey","Florida","Sand Island","SI1",NA,NA,25.018314,-80.368583,"3.7",2015,"field","SI1-t305",169,165.62,-59.1620879120879,-138.499450549451,"N",0.997260273972603,NA,"dead = complete mortality or lost",817,71
"2600","NOAA_survey","Florida","Sand Island","SI1",NA,NA,25.018314,-80.368583,"3.7",2017,"field","SI1-t307",7128,1782,-25.7181571815718,-6.42953929539296,"N",1.01095890410959,NA,"dead = complete mortality or lost",817,71
"2601","NOAA_survey","Florida","Sand Island","SI1",NA,NA,25.018314,-80.368583,"3.7",2015,"field","SI1-t308",4000,1800,-1259.45054945055,-841.906593406594,"N",0.997260273972603,NA,"dead = complete mortality or lost",817,71
"2602","NOAA_survey","Florida","Sand Island","SI1",NA,NA,25.018314,-80.368583,"3.7",2015,"field","SI1-t312",1530,1453.5,872.39010989011,925.034340659341,"N",0.997260273972603,NA,"dead = complete mortality or lost",817,71
"2603","NOAA_survey","Florida","Sand Island","SI1",NA,NA,25.018314,-80.368583,"3.7",2017,"field","SI1-t332",28305,18398.25,-27158.8815789474,-17643.1875,"N",1.04109589041096,NA,"dead = complete mortality or lost",817,71
"2604","NOAA_survey","Florida","Sand Island","SI1",NA,NA,25.018314,-80.368583,"3.7",2016,"field","SI1-t958",384,364.8,-356.377952755906,-342.582677165354,"N",1.04383561643836,NA,"dead = complete mortality or lost",817,71
"2605","NOAA_survey","Florida","Sand Island","SI1",NA,NA,25.018314,-80.368583,"3.7",2016,"field","SI1-t959",1836,1836,333.385826771654,-1737.97480314961,"N",1.04383561643836,NA,"dead = complete mortality or lost",817,71
"2606","NOAA_survey","Florida","Sand Island","SI2",NA,NA,25.018249,-80.368447,"3.4",2023,"field","SI2-t287",12600,4410,-878.006872852234,-3292.52577319588,"N",0.797260273972602,NA,"dead = complete mortality or lost",817,71
"2607","NOAA_survey","Florida","Sand Island","SI2",NA,NA,25.018249,-80.368447,"3.4",2017,"field","SI2-t313",16684,7507.8,1004.9864498645,-423.162601626017,"N",1.01095890410959,NA,"dead = complete mortality or lost",817,71
"2608","NOAA_survey","Florida","Sand Island","SI2",NA,NA,25.018249,-80.368447,"3.4",2015,"field","SI2-t323",9120,3648,-3826.48351648352,-1264.66483516484,"N",0.997260273972603,NA,"dead = complete mortality or lost",817,71
"2609","NOAA_survey","Florida","Sand Island","SI2",NA,NA,25.018249,-80.368447,"3.4",2015,"field","SI2-t324",17613,14971.05,-65.1785714285714,-935.212225274723,"N",0.997260273972603,NA,"dead = complete mortality or lost",817,71
"2610","NOAA_survey","Florida","Sand Island","SI2",NA,NA,25.018249,-80.368447,"3.4",2015,"field","SI2-t326",22220,15554,936.565934065934,655.596153846155,"N",0.997260273972603,NA,"dead = complete mortality or lost",817,71
"2611","NOAA_survey","Florida","Sand Island","SI2",NA,NA,25.018249,-80.368447,"3.4",2015,"field","SI2-t330",2795,838.5,-2465.7554945055,-571.26510989011,"N",0.997260273972603,NA,"dead = complete mortality or lost",817,71
"2612","NOAA_survey","Florida","Sand Island","SI2",NA,NA,25.018249,-80.368447,"3.4",2015,"field","SI2-t334",43875,28518.75,4928.50274725275,-1688.87706043956,"N",0.997260273972603,NA,"dead = complete mortality or lost",817,71
"2613","NOAA_survey","Florida","Sand Island","SI2",NA,NA,25.018249,-80.368447,"3.4",2016,"field","SI2-t960",8175,7357.5,1652.55905511811,1487.3031496063,"N",1.04383561643836,NA,"dead = complete mortality or lost",817,71
"2614","NOAA_survey","Florida","Sand Island","SI2",NA,NA,25.018249,-80.368447,"3.4",2016,"field","SI2-t961",2950,2950,372.664041994751,-267.09186351706,"N",1.04383561643836,NA,"dead = complete mortality or lost",817,71
"2615","NOAA_survey","Florida","Sand Island","SI2",NA,NA,25.018249,-80.368447,"3.4",2016,"field","SI2-t962",24182,20554.7,-30.6561679790026,-4653.22309711286,"N",1.04383561643836,NA,"dead = complete mortality or lost",817,71
"2616","NOAA_survey","Florida","Sand Island","SI3",NA,NA,25.018128,-80.368348,"3.7",2015,"field","SI3-t338",2320,2088,382.708894878706,-188.599730458221,"N",1.01643835616438,NA,"dead = complete mortality or lost",817,71
"2617","NOAA_survey","Florida","Sand Island","SI3",NA,NA,25.018128,-80.368348,"3.7",2015,"field","SI3-t341",13566,8817.9,-519.460916442049,-2903.0781671159,"N",1.01643835616438,NA,"dead = complete mortality or lost",817,71
"2618","NOAA_survey","Florida","Sand Island","SI3",NA,NA,25.018128,-80.368348,"3.7",2015,"field","SI3-t345",48,48,5.90296495956873,5.90296495956873,"N",1.01643835616438,NA,"dead = complete mortality or lost",817,71
"2619","NOAA_survey","Florida","Sand Island","SI3",NA,NA,25.018128,-80.368348,"3.7",2016,"field","SI3-t964",1875,93.75,0,-71.8503937007874,"N",1.04383561643836,NA,"dead = complete mortality or lost",817,71
"2620","NOAA_survey","Florida","Turtle Rocks","TR1",NA,NA,25.28067,-80.20888,"2.4",2015,"field","TR1-t291",21000,17850,225.528455284553,-4007.87804878049,"N",1.01095890410959,NA,"dead = complete mortality or lost",817,61
"2621","NOAA_survey","Florida","Turtle Rocks","TR1",NA,NA,25.28067,-80.20888,"2.4",2015,"field","TR1-t293",280,252,-274.986449864499,-247.289972899729,"N",1.01095890410959,NA,"dead = complete mortality or lost",817,61
"2622","NOAA_survey","Florida","Turtle Rocks","TR2",NA,NA,25.28072,-80.20907,"2.4",2015,"field","TR2-t350",5110,4854.5,130.357142857143,-609.419642857143,"N",1.07397260273973,NA,"dead = complete mortality or lost",817,61
"2623","NOAA_survey","Florida","Turtle Rocks","TR2",NA,NA,25.28072,-80.20907,"2.4",2015,"field","TR2-t351",1961,1764.9,557.742346938776,-1285.78698979592,"N",1.07397260273973,NA,"dead = complete mortality or lost",817,61
"2624","NOAA_survey","Florida","Turtle Rocks","TR2",NA,NA,25.28072,-80.20907,"2.4",2015,"field","TR2-t356",10611,8488.8,3122.98469387755,1198.07525510204,"N",1.07397260273973,NA,"dead = complete mortality or lost",817,61
"2625","NOAA_survey","Florida","Turtle Rocks","TR3",NA,NA,25.28078,-80.20882,"2.4",2015,"field","TR3-t364",45312,36249.6,-6041.14247311828,-20200.1989247312,"N",1.01917808219178,NA,"dead = complete mortality or lost",817,61
"2626","NOAA_survey","Curacao","Blue Baai","BB1",NA,NA,12.135109,-68.986818,"3",2013,"field","BB1-t237",37740,13209,1453.81355932203,-3527.81779661017,"N",0.969863013698631,NA,"dead = complete mortality or lost",817,50
"2627","NOAA_survey","Curacao","Blue Baai","BB1",NA,NA,12.135109,-68.986818,"3",2013,"field","BB1-t238",2784,2227.2,996.016949152542,990.139830508474,"N",0.969863013698631,NA,"dead = complete mortality or lost",817,50
"2628","NOAA_survey","Curacao","Blue Baai","BB1",NA,NA,12.135109,-68.986818,"3",2013,"field","BB1-t239",5440,5168,3192.20338983051,3384.6429378531,"N",0.969863013698631,NA,"dead = complete mortality or lost",817,50
"2629","NOAA_survey","Curacao","Blue Baai","BB1",NA,NA,12.135109,-68.986818,"3",2013,"field","BB1-t240",16000,12800,4253.17796610169,4440.06002824858,"N",0.969863013698631,NA,"dead = complete mortality or lost",817,50
"2630","NOAA_survey","Curacao","Blue Baai","BB1",NA,NA,12.135109,-68.986818,"3",2013,"field","BB1-t241",20250,14175,6959.74576271186,4871.8220338983,"N",0.969863013698631,NA,"dead = complete mortality or lost",817,50
"2631","NOAA_survey","Curacao","Blue Baai","BB1",NA,NA,12.135109,-68.986818,"3",2013,"field","BB1-t242",1536,1459.2,968.177966101694,919.76906779661,"N",0.969863013698631,NA,"dead = complete mortality or lost",817,50
"2632","NOAA_survey","Curacao","Blue Baai","BB1",NA,NA,12.135109,-68.986818,"3",2013,"field","BB1-t243",1824,1732.8,250.550847457627,131.46186440678,"N",0.969863013698631,NA,"dead = complete mortality or lost",817,50
"2633","NOAA_survey","Curacao","Blue Baai","BB1",NA,NA,12.135109,-68.986818,"3",2013,"field","BB1-t244",3960,3168,1072.31638418079,857.853107344632,"N",0.969863013698631,NA,"dead = complete mortality or lost",817,50
"2634","NOAA_survey","Curacao","Blue Baai","BB1",NA,NA,12.135109,-68.986818,"3",2013,"field","BB1-t245",15200,9120,-1752.82485875706,-355.720338983051,"N",0.969863013698631,NA,"dead = complete mortality or lost",817,50
"2635","NOAA_survey","Curacao","Blue Baai","BB1",NA,NA,12.135109,-68.986818,"3",2013,"field","BB1-t248",1672,1672,1245.53672316384,1245.53672316384,"N",0.969863013698631,NA,"dead = complete mortality or lost",817,50
"2636","NOAA_survey","Curacao","Blue Baai","BB2",NA,NA,12.135202,-68.987383,"3",2013,"field","BB2-t249",4089,3271.2,1145.52259887006,648.338983050847,"N",0.969863013698631,NA,"dead = complete mortality or lost",817,50
"2637","NOAA_survey","Curacao","Blue Baai","BB2",NA,NA,12.135202,-68.987383,"3",2013,"field","BB2-t251",12600,5040,-541.313559322033,-839.036016949152,"N",0.969863013698631,NA,"dead = complete mortality or lost",817,50
"2638","NOAA_survey","Curacao","Blue Baai","BB2",NA,NA,12.135202,-68.987383,"3",2013,"field","BB2-t253",9800,7840,3993.34745762712,3194.67796610169,"N",0.969863013698631,NA,"dead = complete mortality or lost",817,50
"2639","NOAA_survey","Curacao","Blue Baai","BB2",NA,NA,12.135202,-68.987383,"3",2013,"field","BB2-t254",2756,2204.8,1612.5988700565,1512.79096045198,"N",0.969863013698631,NA,"dead = complete mortality or lost",817,50
"2640","NOAA_survey","Curacao","Blue Baai","BB2",NA,NA,12.135202,-68.987383,"3",2013,"field","BB2-t260",72,72,-61.864406779661,-61.864406779661,"N",0.969863013698631,NA,"dead = complete mortality or lost",817,50
"2641","NOAA_survey","Curacao","Blue Baai","BB2",NA,NA,12.135202,-68.987383,"3",2013,"field","BB2-t261",6175,617.5,1159.95762711864,492.337570621469,"N",0.969863013698631,NA,"dead = complete mortality or lost",817,50
"2642","NOAA_survey","Curacao","Blue Baai","BB3",NA,NA,12.135267,-68.987104,"2.7",2013,"field","BB3-t264",14195,2839,-3222.10451977401,-644.420903954802,"N",0.969863013698631,NA,"dead = complete mortality or lost",817,50
"2643","NOAA_survey","Curacao","Blue Baai","BB3",NA,NA,12.135267,-68.987104,"2.7",2013,"field","BB3-t265",13699,4794.65,-4329.47740112994,-1515.31709039548,"N",0.969863013698631,NA,"dead = complete mortality or lost",817,50
"2644","NOAA_survey","Curacao","Blue Baai","BB3",NA,NA,12.135267,-68.987104,"2.7",2013,"field","BB3-t266",5880,2352,2263.20621468926,1737.87429378531,"N",0.969863013698631,NA,"dead = complete mortality or lost",817,50
"2645","NOAA_survey","Curacao","Blue Baai","BB3",NA,NA,12.135267,-68.987104,"2.7",2013,"field","BB3-t267",3740,1346.4,-340.254237288135,-685.045197740112,"N",0.969863013698631,NA,"dead = complete mortality or lost",817,50
"2646","NOAA_survey","Curacao","Blue Baai","BB3",NA,NA,12.135267,-68.987104,"2.7",2013,"field","BB3-t269",8625,5606.25,2062.14689265537,792.637711864406,"N",0.969863013698631,NA,"dead = complete mortality or lost",817,50
"2647","NOAA_survey","Curacao","Boca Santa Marta","SM2",NA,NA,12.267807,-69.128565,"2.4",2013,"field","SM2-t359",14725,5153.75,-1751.79083094556,-2660.36891117478,"N",0.956164383561644,NA,"dead = complete mortality or lost",817,40
"2648","NOAA_survey","Curacao","Sea Aquarium Reef","SQ1",NA,NA,12.084208,-68.893882,"3.9",2013,"field","SQ1-t202",14522,3630.5,76.1285714285715,-1503.01785714286,"N",0.95890410958904,NA,"dead = complete mortality or lost",817,56
"2649","NOAA_survey","Curacao","Sea Aquarium Reef","SQ1",NA,NA,12.084208,-68.893882,"3.9",2013,"field","SQ1-t203",98,73.5,38.5857142857143,14.8607142857143,"N",0.95890410958904,NA,"dead = complete mortality or lost",817,56
"2650","NOAA_survey","Curacao","Sea Aquarium Reef","SQ1",NA,NA,12.084208,-68.893882,"3.9",2013,"field","SQ1-t205",36000,10800,834.285714285715,-3587.42857142857,"N",0.95890410958904,NA,"dead = complete mortality or lost",817,56
"2651","NOAA_survey","Curacao","Sea Aquarium Reef","SQ1",NA,NA,12.084208,-68.893882,"3.9",2013,"field","SQ1-t209",7308,730.8,12.5142857142857,-685.782857142858,"N",0.95890410958904,NA,"dead = complete mortality or lost",817,56
"2652","NOAA_survey","Curacao","Sea Aquarium Reef","SQ1",NA,NA,12.084208,-68.893882,"3.9",2013,"field","SQ1-t210",1944,874.8,-1024.08571428571,-260.192857142857,"N",0.95890410958904,NA,"dead = complete mortality or lost",817,56
"2653","NOAA_survey","Curacao","Sea Aquarium Reef","SQ2",NA,NA,12.083209,-68.895032,"4.5",2013,"field","SQ2-t214",2508,2006.4,-162.222222222222,-863.521367521368,"N",0.961643835616438,NA,"dead = complete mortality or lost",817,56
"2654","NOAA_survey","Curacao","Sea Aquarium Reef","SQ2",NA,NA,12.083209,-68.895032,"4.5",2013,"field","SQ2-t218",20400,16320,2641.31054131054,2113.04843304843,"N",0.961643835616438,NA,"dead = complete mortality or lost",817,56
"2655","NOAA_survey","Curacao","Sea Aquarium Reef","SQ2",NA,NA,12.083209,-68.895032,"4.5",2013,"field","SQ2-t223",7280,3276,-337.962962962963,-1960.18518518519,"N",0.961643835616438,NA,"dead = complete mortality or lost",817,56
"2656","NOAA_survey","Curacao","Sea Aquarium Reef","SQ3",NA,NA,12.083075,-68.895931,"3.3",2013,"field","SQ3-t227",9825,2456.25,-500.185185185185,-610.881054131054,"N",0.961643835616439,NA,"dead = complete mortality or lost",817,56
"2657","NOAA_survey","Curacao","Sea Aquarium Reef","SQ3",NA,NA,12.083075,-68.895931,"3.3",2013,"field","SQ3-t228",41160,24696,4367.52136752137,2620.51282051282,"N",0.961643835616439,NA,"dead = complete mortality or lost",817,56
"2658","NOAA_survey","Curacao","Sea Aquarium Reef","SQ3",NA,NA,12.083075,-68.895931,"3.3",2013,"field","SQ3-t229",12070,4224.5,2208.71794871795,35.0441595441593,"N",0.961643835616439,NA,"dead = complete mortality or lost",817,56
"2659","NOAA_survey","Curacao","Sea Aquarium Reef","SQ3",NA,NA,12.083075,-68.895931,"3.3",2013,"field","SQ3-t231",7332,2199.6,-661.367521367521,-1591.02564102564,"N",0.961643835616439,NA,"dead = complete mortality or lost",817,56
"2660","NOAA_survey","Curacao","Sea Aquarium Reef","SQ3",NA,NA,12.083075,-68.895931,"3.3",2013,"field","SQ3-t232",22800,5700,4292.64957264957,-326.94017094017,"N",0.961643835616439,NA,"dead = complete mortality or lost",817,56
"2661","NOAA_survey","Florida","Carysfort Reef","CF1",NA,NA,25.22194,-80.21055,"2.1",2011,"field","CF1-t024",30,30,35.6843575418994,35.6843575418994,"N",0.980821917808219,NA,"dead = complete mortality or lost",817,74
"2662","NOAA_survey","Florida","Carysfort Reef","CF1",NA,NA,25.22194,-80.21055,"2.1",2011,"field","CF1-t027",195,195,147.835195530726,130.502793296089,"N",0.980821917808219,NA,"dead = complete mortality or lost",817,74
"2663","NOAA_survey","Florida","Carysfort Reef","CF1",NA,NA,25.22194,-80.21055,"2.1",2011,"field","CF1-t033",25850,2585,-9532.82122905028,-2467.31843575419,"N",0.980821917808219,NA,"dead = complete mortality or lost",817,74
"2664","NOAA_survey","Florida","Carysfort Reef","CF2",NA,NA,25.22179,-80.210586,"2.4",2011,"field","CF2-t038",41495,12448.5,4032.33240223464,-3424.16899441341,"N",0.980821917808219,NA,"dead = complete mortality or lost",817,74
"2665","NOAA_survey","Florida","Carysfort Reef","CF2",NA,NA,25.22179,-80.210586,"2.4",2011,"field","CF2-t040",4410,1102.5,642.31843575419,160.579608938547,"N",0.980821917808219,NA,"dead = complete mortality or lost",817,74
"2666","NOAA_survey","Florida","Carysfort Reef","CF2",NA,NA,25.22179,-80.210586,"2.4",2011,"field","CF2-t042",2640,2376,244.692737430168,367.039106145251,"N",0.980821917808219,NA,"dead = complete mortality or lost",817,74
"2667","NOAA_survey","Florida","Carysfort Reef","CF2",NA,NA,25.22179,-80.210586,"2.4",2011,"field","CF2-t043",14300,10725,1893.31005586592,-227.309357541898,"N",0.980821917808219,NA,"dead = complete mortality or lost",817,74
"2668","NOAA_survey","Florida","Carysfort Reef","CF2",NA,NA,25.22179,-80.210586,"2.4",2011,"field","CF2-t045",15000,12000,-489.385474860335,-391.508379888268,"N",0.980821917808219,NA,"dead = complete mortality or lost",817,74
"2669","NOAA_survey","Florida","Carysfort Reef","CF2",NA,NA,25.22179,-80.210586,"2.4",2011,"field","CF2-t046",3071,460.65,-3126.96927374302,-465.578910614525,"N",0.980821917808219,NA,"dead = complete mortality or lost",817,74
"2670","NOAA_survey","Florida","Carysfort Reef","CF2",NA,NA,25.22179,-80.210586,"2.4",2011,"field","CF2-t047",23000,14950,-3267.66759776536,-2123.98393854749,"N",0.980821917808219,NA,"dead = complete mortality or lost",817,74
"2671","NOAA_survey","Florida","Carysfort Reef","CF2",NA,NA,25.22179,-80.210586,"2.4",2011,"field","CF2-t048",12075,8452.5,-1234.67877094972,-864.275139664805,"N",0.980821917808219,NA,"dead = complete mortality or lost",817,74
"2672","NOAA_survey","Florida","Carysfort Reef","CF2",NA,NA,25.22179,-80.210586,"2.4",2011,"field","CF2-t049",11050,2762.5,1539.5251396648,-2688.4594972067,"N",0.980821917808219,NA,"dead = complete mortality or lost",817,74
"2673","NOAA_survey","Florida","Carysfort Reef","CF3",NA,NA,25.22289,-80.20956,"3.7",2011,"field","CF3-t088",45280,18112,3053.10541310541,3728.19943019943,"N",0.961643835616439,NA,"dead = complete mortality or lost",817,74
"2674","NOAA_survey","Florida","Carysfort Reef","CF3",NA,NA,25.22289,-80.20956,"3.7",2011,"field","CF3-t090",68080,44252,3218.44729344729,2091.99074074074,"N",0.961643835616439,NA,"dead = complete mortality or lost",817,74
"2675","NOAA_survey","Florida","Carysfort Reef","CF3",NA,NA,25.22289,-80.20956,"3.7",2011,"field","CF3-t092",31775,15887.5,-2777.53561253561,-1388.76780626781,"N",0.961643835616439,NA,"dead = complete mortality or lost",817,74
"2676","NOAA_survey","Florida","Carysfort Reef","CF3",NA,NA,25.22289,-80.20956,"3.7",2011,"field","CF3-t095",33180,21567,3416.02564102564,-7259.44444444444,"N",0.961643835616439,NA,"dead = complete mortality or lost",817,74
"2677","NOAA_survey","Florida","Carysfort Reef","CF4",NA,NA,25.222871,-80.209996,"4.6",2017,"field","CF4-t812",256,115.2,-111.141868512111,3.0311418685121,"N",0.791780821917809,NA,"dead = complete mortality or lost",817,74
"2678","NOAA_survey","Florida","Elbow Reef","EL1",NA,NA,25.142579,-80.258364,"3.4",2011,"field","EL1-t051",20125,6037.5,1042.85714285714,1864.10714285714,"N",0.671232876712328,NA,"dead = complete mortality or lost",817,118
"2679","NOAA_survey","Florida","Elbow Reef","EL1",NA,NA,25.142579,-80.258364,"3.4",2011,"field","EL1-t052",54940,38458,1057.75510204082,740.428571428572,"N",0.671232876712328,NA,"dead = complete mortality or lost",817,118
"2680","NOAA_survey","Florida","Elbow Reef","EL1",NA,NA,25.142579,-80.258364,"3.4",2011,"field","EL1-t054",10947,8210.25,3222.42857142857,1440.26020408163,"N",0.671232876712328,NA,"dead = complete mortality or lost",817,118
"2681","NOAA_survey","Florida","Elbow Reef","EL1",NA,NA,25.142579,-80.258364,"3.4",2011,"field","EL1-t055",36408,25485.6,-178.775510204082,-2828.22857142857,"N",0.671232876712328,NA,"dead = complete mortality or lost",817,118
"2682","NOAA_survey","Florida","Elbow Reef","EL1",NA,NA,25.142579,-80.258364,"3.4",2011,"field","EL1-t056",6901,4485.65,877.489795918368,-545.488775510205,"N",0.671232876712328,NA,"dead = complete mortality or lost",817,118
"2683","NOAA_survey","Florida","Elbow Reef","EL1",NA,NA,25.142579,-80.258364,"3.4",2011,"field","EL1-t059",255,255,183.244897959184,155.087755102041,"N",0.671232876712328,NA,"dead = complete mortality or lost",817,118
"2684","NOAA_survey","Florida","Elbow Reef","EL1",NA,NA,25.142579,-80.258364,"3.4",2011,"field","EL1-t060",3150,3150,1731.14285714286,1666.90285714286,"N",0.671232876712328,NA,"dead = complete mortality or lost",817,118
"2685","NOAA_survey","Florida","Elbow Reef","EL1",NA,NA,25.142579,-80.258364,"3.4",2011,"field","EL1-t062",420,315,-327.755102040817,-350.102040816327,"N",0.671232876712328,NA,"dead = complete mortality or lost",817,118
"2686","NOAA_survey","Florida","Elbow Reef","EL1",NA,NA,25.142579,-80.258364,"3.4",2023,"field","EL1-t208",13330,10664,-1165.14657980456,-8273.72964169382,"N",0.841095890410958,NA,"dead = complete mortality or lost",817,118
"2687","NOAA_survey","Florida","Elbow Reef","EL1",NA,NA,25.142579,-80.258364,"3.4",2018,"field","EL1-t232",8325,6243.75,-3250.2380952381,-2174.61274509804,"N",0.978082191780822,NA,"dead = complete mortality or lost",817,118
"2688","NOAA_survey","Florida","Elbow Reef","EL1",NA,NA,25.142579,-80.258364,"3.4",2017,"field","EL1-t977",10005,5502.75,356.728045325779,731.292492917847,"N",0.967123287671233,NA,"dead = complete mortality or lost",817,118
"2689","NOAA_survey","Florida","Elbow Reef","EL1",NA,NA,25.142579,-80.258364,"3.4",2017,"field","EL1-t978",4278,4064.1,-1950.11331444759,-1852.60764872521,"N",0.967123287671233,NA,"dead = complete mortality or lost",817,118
"2690","NOAA_survey","Florida","Elbow Reef","EL1",NA,NA,25.142579,-80.258364,"3.4",2017,"field","EL1-t979",20760,16608,118.909348441926,1174.35906515581,"N",0.967123287671233,NA,"dead = complete mortality or lost",817,118
"2691","NOAA_survey","Florida","Elbow Reef","EL2",NA,NA,25.142899,-80.258221,"3.4",2010,"field","EL2-t064",112,78.4,-39.7278911564626,-194.666666666667,"N",0.402739726027397,NA,"dead = complete mortality or lost",817,118
"2692","NOAA_survey","Florida","Elbow Reef","EL2",NA,NA,25.142899,-80.258221,"3.4",2011,"field","EL2-t065",8100,81,0,780.307917888563,"N",0.934246575342466,NA,"dead = complete mortality or lost",817,118
"2693","NOAA_survey","Florida","Elbow Reef","EL2",NA,NA,25.142899,-80.258221,"3.4",2011,"field","EL2-t066",12408,6824.4,1778.97360703812,978.435483870968,"N",0.934246575342466,NA,"dead = complete mortality or lost",817,118
"2694","NOAA_survey","Florida","Elbow Reef","EL2",NA,NA,25.142899,-80.258221,"3.4",2011,"field","EL2-t067",2814,844.2,-1385.07331378299,235.269794721408,"N",0.934246575342466,NA,"dead = complete mortality or lost",817,118
"2695","NOAA_survey","Florida","Elbow Reef","EL2",NA,NA,25.142899,-80.258221,"3.4",2011,"field","EL2-t069",6930,4851,599.41348973607,419.589442815249,"N",0.934246575342466,NA,"dead = complete mortality or lost",817,118
"2696","NOAA_survey","Florida","Elbow Reef","EL2",NA,NA,25.142899,-80.258221,"3.4",2011,"field","EL2-t070",285,85.5,-16.0557184750733,9.63343108504399,"N",0.934246575342466,NA,"dead = complete mortality or lost",817,118
"2697","NOAA_survey","Florida","Elbow Reef","EL2",NA,NA,25.142899,-80.258221,"3.4",2011,"field","EL2-t072",5525,1105,-4098.48973607038,541.82697947214,"N",0.934246575342466,NA,"dead = complete mortality or lost",817,118
"2698","NOAA_survey","Florida","Elbow Reef","EL2",NA,NA,25.142899,-80.258221,"3.4",2011,"field","EL2-t073",17940,12558,627.243401759531,-1543.91788856305,"N",0.934246575342466,NA,"dead = complete mortality or lost",817,118
"2699","NOAA_survey","Florida","Elbow Reef","EL2",NA,NA,25.142899,-80.258221,"3.4",2024,"field","EL2-t486",7938,1984.5,813.428571428572,703.928571428572,"N",0.863013698630136,NA,"dead = complete mortality or lost",817,118
"2700","NOAA_survey","Florida","Elbow Reef","EL2",NA,NA,25.142899,-80.258221,"3.4",2012,"field","EL2-t913",30375,16706.25,2268.64640883978,2892.52417127072,"N",0.991780821917809,NA,"dead = complete mortality or lost",817,118
"2701","NOAA_survey","Florida","Elbow Reef","EL3",NA,NA,25.143881,-80.257827,"4",2011,"field","EL3-t076",10875,7068.75,728.983286908078,-1883.30849582173,"N",0.983561643835617,NA,"dead = complete mortality or lost",817,118
"2702","NOAA_survey","Florida","Elbow Reef","EL3",NA,NA,25.143881,-80.257827,"4",2011,"field","EL3-t077",2415,1207.5,216.559888579387,-158.912256267409,"N",0.983561643835617,NA,"dead = complete mortality or lost",817,118
"2703","NOAA_survey","Florida","Elbow Reef","EL3",NA,NA,25.143881,-80.257827,"4",2011,"field","EL3-t078",1376,825.6,467.688022284122,93.9442896935933,"N",0.983561643835617,NA,"dead = complete mortality or lost",817,118
"2704","NOAA_survey","Florida","Elbow Reef","EL3",NA,NA,25.143881,-80.257827,"4",2011,"field","EL3-t079",800,160,20.3342618384401,4.06685236768802,"N",0.983561643835617,NA,"dead = complete mortality or lost",817,118
"2705","NOAA_survey","Florida","Elbow Reef","EL3",NA,NA,25.143881,-80.257827,"4",2011,"field","EL3-t083",7350,4410,2551.94986072423,3536.12813370473,"N",0.983561643835617,NA,"dead = complete mortality or lost",817,118
"2706","NOAA_survey","Florida","Elbow Reef","EL3",NA,NA,25.143881,-80.257827,"4",2011,"field","EL3-t086",20664,14464.8,3879.77715877437,2715.84401114206,"N",0.983561643835617,NA,"dead = complete mortality or lost",817,118
"2707","NOAA_survey","Florida","Elbow Reef","EL3",NA,NA,25.143881,-80.257827,"4",2023,"field","EL3-t187",135,54,-119.021739130435,-61.2111801242237,"N",0.882191780821917,NA,"dead = complete mortality or lost",817,118
"2708","NOAA_survey","Florida","Elbow Reef","EL3",NA,NA,25.143881,-80.257827,"4",2022,"field","EL3-t422",1000,50,-65.2951699463327,-3.26475849731664,"N",3.06301369863014,NA,"dead = complete mortality or lost",817,118
"2709","NOAA_survey","Florida","Elbow Reef","EL3",NA,NA,25.143881,-80.257827,"4",2012,"field","EL3-t911",7564,5673,-496.077348066298,-1085.11878453039,"N",0.991780821917808,NA,"dead = complete mortality or lost",817,118
"2710","NOAA_survey","Florida","Elbow Reef","EL3",NA,NA,25.143881,-80.257827,"4",2017,"field","EL3-t933",7440,2232,2910,1908,"N",1,NA,"dead = complete mortality or lost",817,118
"2711","NOAA_survey","Florida","Elbow Reef","EL4",NA,NA,25.145086,-80.257301,"4.9",2011,"field","EL4-t153",35478,19512.9,4747.92,647.363999999999,"N",1.02739726027397,NA,"dead = complete mortality or lost",817,118
"2712","NOAA_survey","Florida","Elbow Reef","EL4",NA,NA,25.145086,-80.257301,"4.9",2011,"field","EL4-t154",14300,7865,2611.45333333334,609.793333333333,"N",1.02739726027397,NA,"dead = complete mortality or lost",817,118
"2713","NOAA_survey","Florida","Elbow Reef","EL4",NA,NA,25.145086,-80.257301,"4.9",2011,"field","EL4-t158",4588,3670.4,1207.90666666667,682.647333333334,"N",1.02739726027397,NA,"dead = complete mortality or lost",817,118
"2714","NOAA_survey","Florida","Elbow Reef","EL4",NA,NA,25.145086,-80.257301,"4.9",2011,"field","EL4-t160",4116,3910.2,1483.36,860.232000000001,"N",1.02739726027397,NA,"dead = complete mortality or lost",817,118
"2715","NOAA_survey","Florida","Elbow Reef","EL4",NA,NA,25.145086,-80.257301,"4.9",2011,"field","EL4-t165",24,24,-3.89333333333334,-3.89333333333334,"N",1.02739726027397,NA,"dead = complete mortality or lost",817,118
"2716","NOAA_survey","Florida","Elbow Reef","EL4",NA,NA,25.145086,-80.257301,"4.9",2011,"field","EL4-t168",23652,20104.2,-589.84,-501.364000000002,"N",1.02739726027397,NA,"dead = complete mortality or lost",817,118
"2717","NOAA_survey","Florida","Elbow Reef","EL4",NA,NA,25.145086,-80.257301,"4.9",2013,"field","EL4-t922",78,62.4,112.617079889807,-14.9820936639119,"N",0.994520547945205,NA,"dead = complete mortality or lost",817,118
"2718","NOAA_survey","Florida","Elbow Reef","EL4",NA,NA,25.145086,-80.257301,"4.9",2017,"field","EL4-t935",130,123.5,-34,-27.5,"N",1,NA,"dead = complete mortality or lost",817,118
"2719","NOAA_survey","Florida","Elbow Reef","EL5",NA,NA,25.145179,-80.257389,"4.9",2011,"field","EL5-t177",5418,2709,274.48,-972.360000000001,"N",1.02739726027397,NA,"dead = complete mortality or lost",817,118
"2720","NOAA_survey","Florida","Elbow Reef","EL5",NA,NA,25.145179,-80.257389,"4.9",2011,"field","EL5-t180",13287,9300.9,-84.6800000000001,-1344.076,"N",1.02739726027397,NA,"dead = complete mortality or lost",817,118
"2721","NOAA_survey","Florida","Elbow Reef","EL5",NA,NA,25.145179,-80.257389,"4.9",2011,"field","EL5-t183",270,267.3,87.6000000000001,72.708,"N",1.02739726027397,NA,"dead = complete mortality or lost",817,118
"2722","NOAA_survey","Florida","French Reef","FR1",NA,NA,25.033886,-80.349365,"6.4",2011,"field","FR1-t002",4050,2632.5,1018.31932773109,403.953781512605,"N",0.978082191780822,NA,"dead = complete mortality or lost",817,76
"2723","NOAA_survey","Florida","French Reef","FR1",NA,NA,25.033886,-80.349365,"6.4",2011,"field","FR1-t003",120,108,73.6134453781513,85.8823529411765,"N",0.978082191780822,NA,"dead = complete mortality or lost",817,76
"2724","NOAA_survey","Florida","French Reef","FR1",NA,NA,25.033886,-80.349365,"6.4",2011,"field","FR1-t004",4950,990,378.291316526611,75.6582633053221,"N",0.978082191780822,NA,"dead = complete mortality or lost",817,76
"2725","NOAA_survey","Florida","French Reef","FR1",NA,NA,25.033886,-80.349365,"6.4",2011,"field","FR1-t005",13260,7956,373.179271708683,223.90756302521,"N",0.978082191780822,NA,"dead = complete mortality or lost",817,76
"2726","NOAA_survey","Florida","French Reef","FR1",NA,NA,25.033886,-80.349365,"6.4",2011,"field","FR1-t006",14790,4437,1518.27731092437,455.483193277311,"N",0.978082191780822,NA,"dead = complete mortality or lost",817,76
"2727","NOAA_survey","Florida","French Reef","FR1",NA,NA,25.033886,-80.349365,"6.4",2011,"field","FR1-t007",578,202.3,-399.761904761905,-15.6428571428571,"N",0.978082191780822,NA,"dead = complete mortality or lost",817,76
"2728","NOAA_survey","Florida","French Reef","FR1",NA,NA,25.033886,-80.349365,"6.4",2011,"field","FR1-t008",7719,3087.6,1309.70588235294,63.7983193277307,"N",0.978082191780822,NA,"dead = complete mortality or lost",817,76
"2729","NOAA_survey","Florida","French Reef","FR1",NA,NA,25.033886,-80.349365,"6.4",2011,"field","FR1-t009",39975,19987.5,6287.81512605042,785.976890756302,"N",0.978082191780822,NA,"dead = complete mortality or lost",817,76
"2730","NOAA_survey","Florida","French Reef","FR1",NA,NA,25.033886,-80.349365,"6.4",2011,"field","FR1-t010",3360,840,0,0,"N",0.978082191780822,NA,"dead = complete mortality or lost",817,76
"2731","NOAA_survey","Florida","French Reef","FR1",NA,NA,25.033886,-80.349365,"6.4",2011,"field","FR1-t011",220,11,-159.495798319328,37.8291316526611,"N",0.978082191780822,NA,"dead = complete mortality or lost",817,76
"2732","NOAA_survey","Florida","French Reef","FR1",NA,NA,25.033886,-80.349365,"6.4",2017,"field","FR1-t976",135,128.25,88.6428571428572,49.7964285714286,"N",0.95890410958904,NA,"dead = complete mortality or lost",817,76
"2733","NOAA_survey","Florida","French Reef","FR2",NA,NA,25.033681,-80.349545,"4.9",2018,"field","FR2-t236",20,20,15.0412087912088,15.0412087912088,"N",0.997260273972604,NA,"dead = complete mortality or lost",817,76
"2734","NOAA_survey","Florida","French Reef","FR2",NA,NA,25.033681,-80.349545,"4.9",2014,"field","FR2-t250",6528,1305.6,100.350404312668,20.0700808625335,"N",1.01643835616438,NA,"dead = complete mortality or lost",817,76
"2735","NOAA_survey","Florida","French Reef","FR2",NA,NA,25.033681,-80.349545,"4.9",2014,"field","FR2-t251",3850,3811.5,1419.66307277628,1353.39245283019,"N",1.01643835616438,NA,"dead = complete mortality or lost",817,76
"2736","NOAA_survey","Florida","French Reef","FR2",NA,NA,25.033681,-80.349545,"4.9",2014,"field","FR2-t255",450,270,159.380053908356,-24.7924528301887,"N",1.01643835616438,NA,"dead = complete mortality or lost",817,76
"2737","NOAA_survey","Florida","French Reef","FR2",NA,NA,25.033681,-80.349545,"4.9",2014,"field","FR2-t256",208,203.84,383.692722371967,328.9525606469,"N",1.01643835616438,NA,"dead = complete mortality or lost",817,76
"2738","NOAA_survey","Florida","French Reef","FR2",NA,NA,25.033681,-80.349545,"4.9",2014,"field","FR2-t257",210,136.5,-1.96765498652291,-134.292452830189,"N",1.01643835616438,NA,"dead = complete mortality or lost",817,76
"2739","NOAA_survey","Florida","French Reef","FR2",NA,NA,25.033681,-80.349545,"4.9",2014,"field","FR2-t258",96,86.4,-70.8355795148248,-62.5714285714285,"N",1.01643835616438,NA,"dead = complete mortality or lost",817,76
"2740","NOAA_survey","Florida","French Reef","FR2",NA,NA,25.033681,-80.349545,"4.9",2014,"field","FR2-t259",352,228.8,138.719676549865,41.6650943396226,"N",1.01643835616438,NA,"dead = complete mortality or lost",817,76
"2741","NOAA_survey","Florida","French Reef","FR2",NA,NA,25.033681,-80.349545,"4.9",2014,"field","FR2-t260",650,617.5,364.016172506738,385.955525606469,"N",1.01643835616438,NA,"dead = complete mortality or lost",817,76
"2742","NOAA_survey","Florida","French Reef","FR2",NA,NA,25.033681,-80.349545,"4.9",2014,"field","FR2-t261",5828,1165.6,-103.301886792453,-583.704851752021,"N",1.01643835616438,NA,"dead = complete mortality or lost",817,76
"2743","NOAA_survey","Florida","French Reef","FR2",NA,NA,25.033681,-80.349545,"4.9",2014,"field","FR2-t262",168,126,85.5929919137466,-111.41846361186,"N",1.01643835616438,NA,"dead = complete mortality or lost",817,76
"2744","NOAA_survey","Florida","French Reef","FR3",NA,NA,25.035184,-80.349037,"3.7",2017,"field","FR3-t825",2014,100.7,-109.5,85.775,"N",1.04109589041096,NA,"dead = complete mortality or lost",817,76
"2745","NOAA_survey","Florida","French Reef","FR3",NA,NA,25.035184,-80.349037,"3.7",2019,"field","FR3-t862",3456,1382.4,268.014285714286,-473.613571428572,"N",0.95890410958904,NA,"dead = complete mortality or lost",817,76
"2746","NOAA_survey","Florida","French Reef","FR3",NA,NA,25.035184,-80.349037,"3.7",2019,"field","FR3-t866",300,255,191.885714285714,-225.549142857143,"N",0.95890410958904,NA,"dead = complete mortality or lost",817,76
"2747","NOAA_survey","Florida","Grecian Rocks","GR3",NA,NA,25.109261,-80.306191,"1.5",2019,"field","GR3-t398",2000,100,-2203.77358490566,-112.943396226415,"N",0.871232876712329,NA,"dead = complete mortality or lost",817,54
"2748","NOAA_survey","Florida","Grecian Rocks","GR3",NA,NA,25.109261,-80.306191,"1.5",2022,"field","GR3-t468",1748,262.2,45.1480836236934,36.8179442508711,"N",3.14520547945205,NA,"dead = complete mortality or lost",817,54
"2749","NOAA_survey","Florida","Grecian Rocks","GR3",NA,NA,25.109261,-80.306191,"1.5",2018,"field","GR3-t881",190,152,91.6908212560386,73.3526570048309,"N",1.13424657534247,NA,"dead = complete mortality or lost",817,54
"2750","NOAA_survey","Florida","Key Largo Dry Rocks","KL1",NA,NA,25.123581,-80.297359,"2.1",2011,"field","KL1-t104",9744,974.4,-564.090909090909,-56.409090909091,"N",0.964383561643836,NA,"dead = complete mortality or lost",817,62
"2751","NOAA_survey","Florida","Key Largo Dry Rocks","KL1",NA,NA,25.123581,-80.297359,"2.1",2011,"field","KL1-t105",36450,7290,335.965909090909,67.193181818182,"N",0.964383561643836,NA,"dead = complete mortality or lost",817,62
"2752","NOAA_survey","Florida","Key Largo Dry Rocks","KL1",NA,NA,25.123581,-80.297359,"2.1",2011,"field","KL1-t106",3936,787.2,61.1789772727272,-194.891335227273,"N",0.964383561643836,NA,"dead = complete mortality or lost",817,62
"2753","NOAA_survey","Florida","Key Largo Dry Rocks","KL1",NA,NA,25.123581,-80.297359,"2.1",2011,"field","KL1-t107",9375,1875,-2504.19034090909,-500.838068181818,"N",0.964383561643836,NA,"dead = complete mortality or lost",817,62
"2754","NOAA_survey","Florida","Key Largo Dry Rocks","KL1",NA,NA,25.123581,-80.297359,"2.1",2011,"field","KL1-t108",14450,4335,893.835227272727,268.150568181818,"N",0.964383561643836,NA,"dead = complete mortality or lost",817,62
"2755","NOAA_survey","Florida","Key Largo Dry Rocks","KL1",NA,NA,25.123581,-80.297359,"2.1",2011,"field","KL1-t109",99,84.15,-40.4403409090909,-37.4850852272727,"N",0.964383561643836,NA,"dead = complete mortality or lost",817,62
"2756","NOAA_survey","Florida","Key Largo Dry Rocks","KL1",NA,NA,25.123581,-80.297359,"2.1",2011,"field","KL1-t110",17500,3500,390.923295454545,1005.04616477273,"N",0.964383561643836,NA,"dead = complete mortality or lost",817,62
"2757","NOAA_survey","Florida","Key Largo Dry Rocks","KL3",NA,NA,25.122538,-80.298287,"3",2011,"field","KL3-t215",4104,1641.6,-3289.35820895523,-1729.50074626866,"N",0.917808219178082,NA,"dead = complete mortality or lost",817,62
"2758","NOAA_survey","Florida","Key Largo Dry Rocks","KL3",NA,NA,25.122538,-80.298287,"3",2011,"field","KL3-t216",3040,152,-1677.91044776119,-2.17910447761194,"N",0.917808219178082,NA,"dead = complete mortality or lost",817,62
"2759","NOAA_survey","Florida","Key Largo Dry Rocks","KL3",NA,NA,25.122538,-80.298287,"3",2011,"field","KL3-t217",6225,1245,653.731343283582,874.365671641791,"N",0.917808219178082,NA,"dead = complete mortality or lost",817,62
"2760","NOAA_survey","Florida","Key Largo Dry Rocks","KL3",NA,NA,25.122538,-80.298287,"3",2011,"field","KL3-t219",12802,256.04,351.925373134328,-135.965223880597,"N",0.917808219178082,NA,"dead = complete mortality or lost",817,62
"2761","NOAA_survey","Florida","Key Largo Dry Rocks","KL3",NA,NA,25.122538,-80.298287,"3",2011,"field","KL3-t220",4575,45.75,-16.3432835820896,-0.163432835820894,"N",0.917808219178082,NA,"dead = complete mortality or lost",817,62
"2762","NOAA_survey","Florida","Key Largo Dry Rocks","KL3",NA,NA,25.122538,-80.298287,"3",2011,"field","KL3-t222",1369,1300.55,1509.02985074627,1523.59716417911,"N",0.917808219178082,NA,"dead = complete mortality or lost",817,62
"2763","NOAA_survey","Florida","Key Largo Dry Rocks","KL3",NA,NA,25.122538,-80.298287,"3",2011,"field","KL3-t223",1058,10.58,514.268656716418,71.8232835820896,"N",0.917808219178082,NA,"dead = complete mortality or lost",817,62
"2764","NOAA_survey","Florida","Key Largo Dry Rocks","KL3",NA,NA,25.122538,-80.298287,"3",2017,"field","KL3-t969",2784,1948.8,-2579.81586402266,-1850.6947592068,"N",0.967123287671233,NA,"dead = complete mortality or lost",817,62
"2765","NOAA_survey","Florida","Key Largo Dry Rocks","KL4",NA,NA,25.124294,-80.298833,"1.8",2017,"field","KL4-t853",26400,7920,-1454.71014492754,-436.413043478261,"N",0.756164383561644,NA,"dead = complete mortality or lost",817,62
"2766","NOAA_survey","Florida","Molasses Reef","ML1",NA,NA,25.00958,-80.37481,"3.7",2011,"field","ML1-t013",14994,11995.2,2592.47767857143,2073.98214285714,"N",0.613698630136986,NA,"dead = complete mortality or lost",817,65
"2767","NOAA_survey","Florida","Molasses Reef","ML1",NA,NA,25.00958,-80.37481,"3.7",2011,"field","ML1-t015",1326,397.8,519.799107142858,155.939732142857,"N",0.613698630136986,NA,"dead = complete mortality or lost",817,65
"2768","NOAA_survey","Florida","Molasses Reef","ML1",NA,NA,25.00958,-80.37481,"3.7",2011,"field","ML1-t016",8700,7395,1280.75892857143,315.790178571429,"N",0.613698630136986,NA,"dead = complete mortality or lost",817,65
"2769","NOAA_survey","Florida","Molasses Reef","ML1",NA,NA,25.00958,-80.37481,"3.7",2011,"field","ML1-t017",1820,182,-1499.10714285714,-149.910714285714,"N",0.613698630136986,NA,"dead = complete mortality or lost",817,65
"2770","NOAA_survey","Florida","Molasses Reef","ML1",NA,NA,25.00958,-80.37481,"3.7",2011,"field","ML1-t018",1176,1164.24,977.678571428573,967.901785714287,"N",0.613698630136986,NA,"dead = complete mortality or lost",817,65
"2771","NOAA_survey","Florida","Molasses Reef","ML1",NA,NA,25.00958,-80.37481,"3.7",2011,"field","ML1-t020",31775,9532.5,2525.66964285715,757.700892857144,"N",0.613698630136986,NA,"dead = complete mortality or lost",817,65
"2772","NOAA_survey","Florida","Molasses Reef","ML2",NA,NA,25.009122,-80.374734,"5.5",2011,"field","ML2-t126",41750,16700,1123.87005649718,-1759.01129943503,"N",0.96986301369863,NA,"dead = complete mortality or lost",817,65
"2773","NOAA_survey","Florida","Molasses Reef","ML2",NA,NA,25.009122,-80.374734,"5.5",2011,"field","ML2-t127",4148,414.8,-188.686440677966,-223.27895480226,"N",0.96986301369863,NA,"dead = complete mortality or lost",817,65
"2774","NOAA_survey","Florida","Molasses Reef","ML2",NA,NA,25.009122,-80.374734,"5.5",2011,"field","ML2-t128",910,45.5,0,-37.5310734463277,"N",0.96986301369863,NA,"dead = complete mortality or lost",817,65
"2775","NOAA_survey","Florida","Molasses Reef","ML2",NA,NA,25.009122,-80.374734,"5.5",2011,"field","ML2-t129",20150,5037.5,-9253.88418079096,-1737.35875706215,"N",0.96986301369863,NA,"dead = complete mortality or lost",817,65
"2776","NOAA_survey","Florida","Molasses Reef","ML2",NA,NA,25.009122,-80.374734,"5.5",2011,"field","ML2-t130",15675,1567.5,-1116.65254237288,640.60593220339,"N",0.96986301369863,NA,"dead = complete mortality or lost",817,65
"2777","NOAA_survey","Florida","Molasses Reef","ML2",NA,NA,25.009122,-80.374734,"5.5",2011,"field","ML2-t131",18270,10048.5,1484.74576271186,816.610169491526,"N",0.96986301369863,NA,"dead = complete mortality or lost",817,65
"2778","NOAA_survey","Florida","Molasses Reef","ML2",NA,NA,25.009122,-80.374734,"5.5",2011,"field","ML2-t132",20160,8064,2598.30508474576,2208.5593220339,"N",0.96986301369863,NA,"dead = complete mortality or lost",817,65
"2779","NOAA_survey","Florida","Molasses Reef","ML2",NA,NA,25.009122,-80.374734,"5.5",2011,"field","ML2-t137",210,199.5,-51.5536723163842,-73.7217514124294,"N",0.96986301369863,NA,"dead = complete mortality or lost",817,65
"2780","NOAA_survey","Florida","Molasses Reef","ML2",NA,NA,25.009122,-80.374734,"5.5",2017,"field","ML2-t952",1520,152,36.9866666666667,79.5213333333333,"N",1.02739726027397,NA,"dead = complete mortality or lost",817,65
"2781","NOAA_survey","Florida","Molasses Reef","ML2",NA,NA,25.009122,-80.374734,"5.5",2017,"field","ML2-t954",2,2,17.52,17.52,"N",1.02739726027397,NA,"dead = complete mortality or lost",817,65
"2782","NOAA_survey","Florida","Molasses Reef","ML3",NA,NA,25.010151,-80.373305,"4.3",2011,"field","ML3-t144",11960,8970,849.604519774011,637.203389830509,"N",0.96986301369863,NA,"dead = complete mortality or lost",817,65
"2783","NOAA_survey","Florida","Molasses Reef","ML3",NA,NA,25.010151,-80.373305,"4.3",2011,"field","ML3-t145",19250,10587.5,2794.20903954802,-1859.54096045198,"N",0.96986301369863,NA,"dead = complete mortality or lost",817,65
"2784","NOAA_survey","Florida","Molasses Reef","ML3",NA,NA,25.010151,-80.373305,"4.3",2011,"field","ML3-t146",25276,17693.2,4227.4011299435,-69.7005649717499,"N",0.96986301369863,NA,"dead = complete mortality or lost",817,65
"2785","NOAA_survey","Florida","Molasses Reef","ML3",NA,NA,25.010151,-80.373305,"4.3",2011,"field","ML3-t147",50400,20160,-474.293785310735,2384.87288135593,"N",0.96986301369863,NA,"dead = complete mortality or lost",817,65
"2786","NOAA_survey","Florida","Molasses Reef","ML3",NA,NA,25.010151,-80.373305,"4.3",2011,"field","ML3-t148",13500,6075,593.898305084746,267.254237288135,"N",0.96986301369863,NA,"dead = complete mortality or lost",817,65
"2787","NOAA_survey","Florida","Molasses Reef","ML3",NA,NA,25.010151,-80.373305,"4.3",2011,"field","ML3-t150",3712,3155.2,647.514124293785,550.387005649718,"N",0.96986301369863,NA,"dead = complete mortality or lost",817,65
"2788","NOAA_survey","Florida","Molasses Reef","ML3",NA,NA,25.010151,-80.373305,"4.3",2011,"field","ML3-t184",40330,32264,1515.6779661017,-3097.34463276837,"N",0.96986301369863,NA,"dead = complete mortality or lost",817,65
"2789","NOAA_survey","Florida","Molasses Reef","ML3",NA,NA,25.010151,-80.373305,"4.3",2011,"field","ML3-t185",441,352.8,43.3050847457627,-15.156779661017,"N",0.96986301369863,NA,"dead = complete mortality or lost",817,65
"2790","NOAA_survey","Florida","Molasses Reef","ML3",NA,NA,25.010151,-80.373305,"4.3",2011,"field","ML3-t186",1400,1330,285.607344632768,184.871468926554,"N",0.96986301369863,NA,"dead = complete mortality or lost",817,65
"2791","NOAA_survey","Florida","Molasses Reef","ML3",NA,NA,25.010151,-80.373305,"4.3",2012,"field","ML3-t915",3127,1250.8,64.6457765667575,-450.33242506812,"N",1.00547945205479,NA,"dead = complete mortality or lost",817,65
"2792","NOAA_survey","Florida","Molasses Reef","ML3",NA,NA,25.010151,-80.373305,"4.3",2017,"field","ML3-t955",12150,2430,-3552.66666666667,-1124.2,"N",1.02739726027397,NA,"dead = complete mortality or lost",817,65
"2793","NOAA_survey","Florida","Sand Island","SI1",NA,NA,25.018314,-80.368583,"3.7",2018,"field","SI1-t307",7102,1775.5,-2607.7581120944,-399.992625368732,"N",0.928767123287671,NA,"dead = complete mortality or lost",817,71
"2794","NOAA_survey","Florida","Sand Island","SI1",NA,NA,25.018314,-80.368583,"3.7",2016,"field","SI1-t308",2744,960.4,-300.813648293963,-221.682414698163,"N",1.04383561643836,NA,"dead = complete mortality or lost",817,71
"2795","NOAA_survey","Florida","Sand Island","SI1",NA,NA,25.018314,-80.368583,"3.7",2016,"field","SI1-t312",2400,2376,-546.062992125984,-1925.5905511811,"N",1.04383561643836,NA,"dead = complete mortality or lost",817,71
"2796","NOAA_survey","Florida","Sand Island","SI1",NA,NA,25.018314,-80.368583,"3.7",2018,"field","SI1-t332",30,30,-6.06648199445983,-6.06648199445983,"N",0.989041095890411,NA,"dead = complete mortality or lost",817,71
"2797","NOAA_survey","Florida","Sand Island","SI1",NA,NA,25.018314,-80.368583,"3.7",2022,"field","SI1-t477",31515,22060.5,-101.568021201413,-2083.11174911661,"N",3.1013698630137,NA,"dead = complete mortality or lost",817,71
"2798","NOAA_survey","Florida","Sand Island","SI1",NA,NA,25.018314,-80.368583,"3.7",2017,"field","SI1-t959",2184,21.84,-676.585365853658,-6.76585365853658,"N",1.01095890410959,NA,"dead = complete mortality or lost",817,71
"2799","NOAA_survey","Florida","Sand Island","SI2",NA,NA,25.018249,-80.368447,"3.4",2018,"field","SI2-t313",17700,7080,-3940.70796460177,-1576.28318584071,"N",0.928767123287671,NA,"dead = complete mortality or lost",817,71
"2800","NOAA_survey","Florida","Sand Island","SI2",NA,NA,25.018249,-80.368447,"3.4",2016,"field","SI2-t323",5304,2386.8,1011.65354330709,150.59842519685,"N",1.04383561643836,NA,"dead = complete mortality or lost",817,71
"2801","NOAA_survey","Florida","Sand Island","SI2",NA,NA,25.018249,-80.368447,"3.4",2016,"field","SI2-t324",17548,14038.4,1429.343832021,-680.56692913386,"N",1.04383561643836,NA,"dead = complete mortality or lost",817,71
"2802","NOAA_survey","Florida","Sand Island","SI2",NA,NA,25.018249,-80.368447,"3.4",2016,"field","SI2-t326",23154,16207.8,1394.85564304462,-1381.25196850394,"N",1.04383561643836,NA,"dead = complete mortality or lost",817,71
"2803","NOAA_survey","Florida","Sand Island","SI2",NA,NA,25.018249,-80.368447,"3.4",2016,"field","SI2-t334",48790,26834.5,1101.70603674541,-4178.33989501313,"N",1.04383561643836,NA,"dead = complete mortality or lost",817,71
"2804","NOAA_survey","Florida","Sand Island","SI2",NA,NA,25.018249,-80.368447,"3.4",2022,"field","SI2-t479",4480,4256,644.231448763251,507.582155477032,"N",3.1013698630137,NA,"dead = complete mortality or lost",817,71
"2805","NOAA_survey","Florida","Sand Island","SI2",NA,NA,25.018249,-80.368447,"3.4",2017,"field","SI2-t960",9900,8910,1958.53658536585,2350.24390243902,"N",1.01095890410959,NA,"dead = complete mortality or lost",817,71
"2806","NOAA_survey","Florida","Sand Island","SI2",NA,NA,25.018249,-80.368447,"3.4",2017,"field","SI2-t961",3339,2671.2,554.918699186992,829.70731707317,"N",1.01095890410959,NA,"dead = complete mortality or lost",817,71
"2807","NOAA_survey","Florida","Sand Island","SI2",NA,NA,25.018249,-80.368447,"3.4",2017,"field","SI2-t962",24150,15697.5,1556.93766937669,2284.26693766938,"N",1.01095890410959,NA,"dead = complete mortality or lost",817,71
"2808","NOAA_survey","Florida","Sand Island","SI3",NA,NA,25.018128,-80.368348,"3.7",2016,"field","SI3-t341",13038,5867.1,-655.073313782991,-959.810850439882,"N",0.934246575342466,NA,"dead = complete mortality or lost",817,71
"2809","NOAA_survey","Florida","Sand Island","SI3",NA,NA,25.018128,-80.368348,"3.7",2017,"field","SI3-t964",1875,18.75,0,0,"N",1.01095890410959,NA,"dead = complete mortality or lost",817,71
"2810","NOAA_survey","Curacao","Blue Baai","BB1",NA,NA,12.135109,-68.986818,"3",2014,"field","BB1-t237",39150,9787.5,-3576,-2672.7,"N",0.999999999999999,NA,"dead = complete mortality or lost",817,50
"2811","NOAA_survey","Curacao","Blue Baai","BB1",NA,NA,12.135109,-68.986818,"3",2014,"field","BB1-t238",3750,3187.5,306,665.7,"N",0.999999999999999,NA,"dead = complete mortality or lost",817,50
"2812","NOAA_survey","Curacao","Blue Baai","BB1",NA,NA,12.135109,-68.986818,"3",2014,"field","BB1-t239",8536,8450.64,2832,2917.36,"N",0.999999999999999,NA,"dead = complete mortality or lost",817,50
"2813","NOAA_survey","Curacao","Blue Baai","BB1",NA,NA,12.135109,-68.986818,"3",2014,"field","BB1-t240",20125,17106.25,11650,8313.75000000001,"N",0.999999999999999,NA,"dead = complete mortality or lost",817,50
"2814","NOAA_survey","Curacao","Blue Baai","BB1",NA,NA,12.135109,-68.986818,"3",2014,"field","BB1-t241",27000,18900,1800,5580,"N",0.999999999999999,NA,"dead = complete mortality or lost",817,50
"2815","NOAA_survey","Curacao","Blue Baai","BB1",NA,NA,12.135109,-68.986818,"3",2014,"field","BB1-t242",2475,2351.25,501,594.99,"N",0.999999999999999,NA,"dead = complete mortality or lost",817,50
"2816","NOAA_survey","Curacao","Blue Baai","BB1",NA,NA,12.135109,-68.986818,"3",2014,"field","BB1-t243",2067,1860.3,-107,-292.3,"N",0.999999999999999,NA,"dead = complete mortality or lost",817,50
"2817","NOAA_survey","Curacao","Blue Baai","BB1",NA,NA,12.135109,-68.986818,"3",2014,"field","BB1-t244",5000,4000,3140,3326,"N",0.999999999999999,NA,"dead = complete mortality or lost",817,50
"2818","NOAA_survey","Curacao","Blue Baai","BB1",NA,NA,12.135109,-68.986818,"3",2014,"field","BB1-t245",13500,8775,7276.00000000001,1613,"N",0.999999999999999,NA,"dead = complete mortality or lost",817,50
"2819","NOAA_survey","Curacao","Blue Baai","BB1",NA,NA,12.135109,-68.986818,"3",2014,"field","BB1-t248",2880,2880,916.000000000001,726.2,"N",0.999999999999999,NA,"dead = complete mortality or lost",817,50
"2820","NOAA_survey","Curacao","Blue Baai","BB2",NA,NA,12.135202,-68.987383,"3",2014,"field","BB2-t249",5200,3900,2245.84699453552,2055.96721311475,"N",1.0027397260274,NA,"dead = complete mortality or lost",817,50
"2821","NOAA_survey","Curacao","Blue Baai","BB2",NA,NA,12.135202,-68.987383,"3",2014,"field","BB2-t251",12075,4226.25,-1510.8606557377,-1581.91598360656,"N",1.0027397260274,NA,"dead = complete mortality or lost",817,50
"2822","NOAA_survey","Curacao","Blue Baai","BB2",NA,NA,12.135202,-68.987383,"3",2014,"field","BB2-t253",13673,10938.4,4349.08469945355,6176.97677595628,"N",1.0027397260274,NA,"dead = complete mortality or lost",817,50
"2823","NOAA_survey","Curacao","Blue Baai","BB2",NA,NA,12.135202,-68.987383,"3",2014,"field","BB2-t254",4320,3672,981.311475409836,1363.06557377049,"N",1.0027397260274,NA,"dead = complete mortality or lost",817,50
"2824","NOAA_survey","Curacao","Blue Baai","BB2",NA,NA,12.135202,-68.987383,"3",2014,"field","BB2-t261",7300,1095,3251.09289617486,1540.77868852459,"N",1.0027397260274,NA,"dead = complete mortality or lost",817,50
"2825","NOAA_survey","Curacao","Blue Baai","BB3",NA,NA,12.135267,-68.987104,"2.7",2014,"field","BB3-t264",11070,2214,1020.20491803279,-1001.95491803279,"N",1.0027397260274,NA,"dead = complete mortality or lost",817,50
"2826","NOAA_survey","Curacao","Blue Baai","BB3",NA,NA,12.135267,-68.987104,"2.7",2014,"field","BB3-t265",9500,3325,-8995.35519125684,-2909.03005464481,"N",1.0027397260274,NA,"dead = complete mortality or lost",817,50
"2827","NOAA_survey","Curacao","Blue Baai","BB3",NA,NA,12.135267,-68.987104,"2.7",2014,"field","BB3-t266",8075,4037.5,2382.47267759563,4321.85928961749,"N",1.0027397260274,NA,"dead = complete mortality or lost",817,50
"2828","NOAA_survey","Curacao","Blue Baai","BB3",NA,NA,12.135267,-68.987104,"2.7",2014,"field","BB3-t267",3410,682,648.224043715848,-72.8005464480875,"N",1.0027397260274,NA,"dead = complete mortality or lost",817,50
"2829","NOAA_survey","Curacao","Blue Baai","BB3",NA,NA,12.135267,-68.987104,"2.7",2014,"field","BB3-t269",10625,6375,5420.15027322405,5654.50819672132,"N",1.0027397260274,NA,"dead = complete mortality or lost",817,50
"2830","NOAA_survey","Curacao","Sea Aquarium Reef","SQ1",NA,NA,12.084208,-68.893882,"3.9",2014,"field","SQ1-t202",14595,2189.25,-596.634615384615,-791.418269230769,"N",0.997260273972604,NA,"dead = complete mortality or lost",817,56
"2831","NOAA_survey","Curacao","Sea Aquarium Reef","SQ1",NA,NA,12.084208,-68.893882,"3.9",2014,"field","SQ1-t203",135,87.75,19.0521978021978,12.3839285714286,"N",0.997260273972604,NA,"dead = complete mortality or lost",817,56
"2832","NOAA_survey","Curacao","Sea Aquarium Reef","SQ1",NA,NA,12.084208,-68.893882,"3.9",2014,"field","SQ1-t205",36800,7360,-24898.2142857143,1021.79945054945,"N",0.997260273972604,NA,"dead = complete mortality or lost",817,56
"2833","NOAA_survey","Curacao","Sea Aquarium Reef","SQ1",NA,NA,12.084208,-68.893882,"3.9",2014,"field","SQ1-t209",7320,73.2,-3008.24175824176,143.192307692308,"N",0.997260273972604,NA,"dead = complete mortality or lost",817,56
"2834","NOAA_survey","Curacao","Sea Aquarium Reef","SQ1",NA,NA,12.084208,-68.893882,"3.9",2014,"field","SQ1-t210",962,625.3,298.818681318681,383.751373626373,"N",0.997260273972604,NA,"dead = complete mortality or lost",817,56
"2835","NOAA_survey","Curacao","Sea Aquarium Reef","SQ2",NA,NA,12.083209,-68.895032,"4.5",2014,"field","SQ2-t214",2352,1176,409.120879120879,66.1813186813186,"N",0.997260273972604,NA,"dead = complete mortality or lost",817,56
"2836","NOAA_survey","Curacao","Sea Aquarium Reef","SQ2",NA,NA,12.083209,-68.895032,"4.5",2014,"field","SQ2-t218",22940,18352,6186.95054945054,6409.05906593406,"N",0.997260273972604,NA,"dead = complete mortality or lost",817,56
"2837","NOAA_survey","Curacao","Sea Aquarium Reef","SQ2",NA,NA,12.083209,-68.895032,"4.5",2014,"field","SQ2-t223",6955,1391,-566.552197802197,-113.310439560439,"N",0.997260273972604,NA,"dead = complete mortality or lost",817,56
"2838","NOAA_survey","Curacao","Sea Aquarium Reef","SQ3",NA,NA,12.083075,-68.895931,"3.3",2014,"field","SQ3-t227",9344,1868.8,-643.526170798898,-128.70523415978,"N",0.994520547945205,NA,"dead = complete mortality or lost",817,56
"2839","NOAA_survey","Curacao","Sea Aquarium Reef","SQ3",NA,NA,12.083075,-68.895931,"3.3",2014,"field","SQ3-t228",45360,27216,-2750.06887052342,-1650.04132231405,"N",0.994520547945205,NA,"dead = complete mortality or lost",817,56
"2840","NOAA_survey","Curacao","Sea Aquarium Reef","SQ3",NA,NA,12.083075,-68.895931,"3.3",2014,"field","SQ3-t229",14194,4258.2,3183.4435261708,2700.59779614325,"N",0.994520547945205,NA,"dead = complete mortality or lost",817,56
"2841","NOAA_survey","Curacao","Sea Aquarium Reef","SQ3",NA,NA,12.083075,-68.895931,"3.3",2014,"field","SQ3-t232",26928,5385.6,-14461.2396694215,-4153.76033057851,"N",0.994520547945205,NA,"dead = complete mortality or lost",817,56
"2842","NOAA_survey","Florida","Carysfort Reef","CF1",NA,NA,25.22194,-80.21055,"2.1",2012,"field","CF1-t024",65,65,175,115,"N",1,NA,"dead = complete mortality or lost",817,74
"2843","NOAA_survey","Florida","Carysfort Reef","CF1",NA,NA,25.22194,-80.21055,"2.1",2012,"field","CF1-t033",16500,165,-16491,-156,"N",1,NA,"dead = complete mortality or lost",817,74
"2844","NOAA_survey","Florida","Carysfort Reef","CF2",NA,NA,25.22179,-80.210586,"2.4",2012,"field","CF2-t038",45450,9090,4230,3330,"N",1,NA,"dead = complete mortality or lost",817,74
"2845","NOAA_survey","Florida","Carysfort Reef","CF2",NA,NA,25.22179,-80.210586,"2.4",2012,"field","CF2-t040",5040,1260,-1525,-557,"N",1,NA,"dead = complete mortality or lost",817,74
"2846","NOAA_survey","Florida","Carysfort Reef","CF2",NA,NA,25.22179,-80.210586,"2.4",2012,"field","CF2-t042",2880,2736,45,-103.5,"N",1,NA,"dead = complete mortality or lost",817,74
"2847","NOAA_survey","Florida","Carysfort Reef","CF2",NA,NA,25.22179,-80.210586,"2.4",2012,"field","CF2-t043",16157,10502.05,-1163,-755.950000000001,"N",1,NA,"dead = complete mortality or lost",817,74
"2848","NOAA_survey","Florida","Carysfort Reef","CF2",NA,NA,25.22179,-80.210586,"2.4",2012,"field","CF2-t045",14520,11616,-30,-1473,"N",1,NA,"dead = complete mortality or lost",817,74
"2849","NOAA_survey","Florida","Carysfort Reef","CF2",NA,NA,25.22179,-80.210586,"2.4",2012,"field","CF2-t047",19795,12866.75,155,-2891.75,"N",1,NA,"dead = complete mortality or lost",817,74
"2850","NOAA_survey","Florida","Carysfort Reef","CF2",NA,NA,25.22179,-80.210586,"2.4",2012,"field","CF2-t048",10864,7604.8,1357,949.9,"N",1,NA,"dead = complete mortality or lost",817,74
"2851","NOAA_survey","Florida","Carysfort Reef","CF2",NA,NA,25.22179,-80.210586,"2.4",2012,"field","CF2-t049",12560,125.6,-12545,-110.6,"N",1,NA,"dead = complete mortality or lost",817,74
"2852","NOAA_survey","Florida","Carysfort Reef","CF3",NA,NA,25.22289,-80.20956,"3.7",2012,"field","CF3-t088",48216,21697.2,-5006,-6573.7,"N",1,NA,"dead = complete mortality or lost",817,74
"2853","NOAA_survey","Florida","Carysfort Reef","CF3",NA,NA,25.22289,-80.20956,"3.7",2012,"field","CF3-t090",71175,46263.75,-4633,-9665.64999999999,"N",1,NA,"dead = complete mortality or lost",817,74
"2854","NOAA_survey","Florida","Carysfort Reef","CF3",NA,NA,25.22289,-80.20956,"3.7",2012,"field","CF3-t092",29104,14552,-2604,-3952,"N",1,NA,"dead = complete mortality or lost",817,74
"2855","NOAA_survey","Florida","Carysfort Reef","CF3",NA,NA,25.22289,-80.20956,"3.7",2012,"field","CF3-t095",36465,14586,-1115,-2213.5,"N",1,NA,"dead = complete mortality or lost",817,74
"2856","NOAA_survey","Florida","Elbow Reef","EL1",NA,NA,25.142579,-80.258364,"3.4",2012,"field","EL1-t051",20825,7288.75,2183.76068376068,2606.86431623932,"N",1.28219178082192,NA,"dead = complete mortality or lost",817,118
"2857","NOAA_survey","Florida","Elbow Reef","EL1",NA,NA,25.142579,-80.258364,"3.4",2012,"field","EL1-t052",55650,38955,3100.16025641026,2170.11217948718,"N",1.28219178082192,NA,"dead = complete mortality or lost",817,118
"2858","NOAA_survey","Florida","Elbow Reef","EL1",NA,NA,25.142579,-80.258364,"3.4",2012,"field","EL1-t054",13110,9177,-1353.15170940171,-947.206196581198,"N",1.28219178082192,NA,"dead = complete mortality or lost",817,118
"2859","NOAA_survey","Florida","Elbow Reef","EL1",NA,NA,25.142579,-80.258364,"3.4",2012,"field","EL1-t055",36288,23587.2,1573.08760683761,1022.50694444444,"N",1.28219178082192,NA,"dead = complete mortality or lost",817,118
"2860","NOAA_survey","Florida","Elbow Reef","EL1",NA,NA,25.142579,-80.258364,"3.4",2012,"field","EL1-t056",7490,4119.5,391.517094017094,838.642094017094,"N",1.28219178082192,NA,"dead = complete mortality or lost",817,118
"2861","NOAA_survey","Florida","Elbow Reef","EL1",NA,NA,25.142579,-80.258364,"3.4",2012,"field","EL1-t059",378,359.1,173.141025641026,164.483974358974,"N",1.28219178082192,NA,"dead = complete mortality or lost",817,118
"2862","NOAA_survey","Florida","Elbow Reef","EL1",NA,NA,25.142579,-80.258364,"3.4",2012,"field","EL1-t060",4312,4268.88,2063.65384615385,1283.28696581197,"N",1.28219178082192,NA,"dead = complete mortality or lost",817,118
"2863","NOAA_survey","Florida","Elbow Reef","EL1",NA,NA,25.142579,-80.258364,"3.4",2019,"field","EL1-t232",5146,4116.8,672.783783783784,538.227027027028,"N",1.01369863013699,NA,"dead = complete mortality or lost",817,118
"2864","NOAA_survey","Florida","Elbow Reef","EL1",NA,NA,25.142579,-80.258364,"3.4",2022,"field","EL1-t441",2812,1968.4,1117.72146847566,1266.61991221069,"N",3.43287671232877,NA,"dead = complete mortality or lost",817,118
"2865","NOAA_survey","Florida","Elbow Reef","EL1",NA,NA,25.142579,-80.258364,"3.4",2018,"field","EL1-t977",10350,6210,-3603.99159663866,-2162.39495798319,"N",0.978082191780822,NA,"dead = complete mortality or lost",817,118
"2866","NOAA_survey","Florida","Elbow Reef","EL1",NA,NA,25.142579,-80.258364,"3.4",2018,"field","EL1-t979",20875,17743.75,-9457.28291316527,-9821.51610644258,"N",0.978082191780822,NA,"dead = complete mortality or lost",817,118
"2867","NOAA_survey","Florida","Elbow Reef","EL2",NA,NA,25.142899,-80.258221,"3.4",2012,"field","EL2-t065",8100,810,0,398.45013477089,"N",1.01643835616438,NA,"dead = complete mortality or lost",817,118
"2868","NOAA_survey","Florida","Elbow Reef","EL2",NA,NA,25.142899,-80.258221,"3.4",2012,"field","EL2-t066",14070,7738.5,2449.73045822103,2161.96091644205,"N",1.01643835616438,NA,"dead = complete mortality or lost",817,118
"2869","NOAA_survey","Florida","Elbow Reef","EL2",NA,NA,25.142899,-80.258221,"3.4",2012,"field","EL2-t067",1520,1064,-216.44204851752,-151.509433962264,"N",1.01643835616438,NA,"dead = complete mortality or lost",817,118
"2870","NOAA_survey","Florida","Elbow Reef","EL2",NA,NA,25.142899,-80.258221,"3.4",2012,"field","EL2-t070",270,94.5,-27.5471698113208,49.8800539083558,"N",1.01643835616438,NA,"dead = complete mortality or lost",817,118
"2871","NOAA_survey","Florida","Elbow Reef","EL2",NA,NA,25.142899,-80.258221,"3.4",2012,"field","EL2-t072",1696,1611.2,810.67385444744,646.177897574125,"N",1.01643835616438,NA,"dead = complete mortality or lost",817,118
"2872","NOAA_survey","Florida","Elbow Reef","EL2",NA,NA,25.142899,-80.258221,"3.4",2012,"field","EL2-t073",18526,11115.6,-5481.88679245284,-4563.58221024259,"N",1.01643835616438,NA,"dead = complete mortality or lost",817,118
"2873","NOAA_survey","Florida","Elbow Reef","EL2",NA,NA,25.142899,-80.258221,"3.4",2022,"field","EL2-t437",180,176.4,227.019386106624,225.279886914378,"N",3.39178082191781,NA,"dead = complete mortality or lost",817,118
"2874","NOAA_survey","Florida","Elbow Reef","EL2",NA,NA,25.142899,-80.258221,"3.4",2013,"field","EL2-t913",32625,19575,651.785714285714,391.071428571428,"N",0.69041095890411,NA,"dead = complete mortality or lost",817,118
"2875","NOAA_survey","Florida","Elbow Reef","EL3",NA,NA,25.143881,-80.257827,"4",2012,"field","EL3-t076",11592,5216.4,-4315.64738292011,-3410.08539944903,"N",0.994520547945206,NA,"dead = complete mortality or lost",817,118
"2876","NOAA_survey","Florida","Elbow Reef","EL3",NA,NA,25.143881,-80.257827,"4",2012,"field","EL3-t077",2628,1051.2,333.829201101928,133.531680440771,"N",0.994520547945206,NA,"dead = complete mortality or lost",817,118
"2877","NOAA_survey","Florida","Elbow Reef","EL3",NA,NA,25.143881,-80.257827,"4",2012,"field","EL3-t078",1836,918,898.92561983471,449.462809917355,"N",0.994520547945206,NA,"dead = complete mortality or lost",817,118
"2878","NOAA_survey","Florida","Elbow Reef","EL3",NA,NA,25.143881,-80.257827,"4",2012,"field","EL3-t079",820,164,-46.2534435261708,29.6625344352617,"N",0.994520547945206,NA,"dead = complete mortality or lost",817,118
"2879","NOAA_survey","Florida","Elbow Reef","EL3",NA,NA,25.143881,-80.257827,"4",2012,"field","EL3-t083",9860,7888,945.179063360881,-329.807162534436,"N",0.994520547945206,NA,"dead = complete mortality or lost",817,118
"2880","NOAA_survey","Florida","Elbow Reef","EL3",NA,NA,25.143881,-80.257827,"4",2012,"field","EL3-t086",24480,17136,289.586776859504,-1042.51239669421,"N",0.994520547945206,NA,"dead = complete mortality or lost",817,118
"2881","NOAA_survey","Florida","Elbow Reef","EL3",NA,NA,25.143881,-80.257827,"4",2013,"field","EL3-t911",7072,4596.8,-583.184357541899,-47.7150837988829,"N",0.980821917808219,NA,"dead = complete mortality or lost",817,118
"2882","NOAA_survey","Florida","Elbow Reef","EL3",NA,NA,25.143881,-80.257827,"4",2018,"field","EL3-t933",10350,4140,-8351.69491525424,-4245.44491525424,"N",0.96986301369863,NA,"dead = complete mortality or lost",817,118
"2883","NOAA_survey","Florida","Elbow Reef","EL4",NA,NA,25.145086,-80.257301,"4.9",2012,"field","EL4-t153",40356,20178,3723.63112391931,1861.81556195965,"N",0.950684931506849,NA,"dead = complete mortality or lost",817,118
"2884","NOAA_survey","Florida","Elbow Reef","EL4",NA,NA,25.145086,-80.257301,"4.9",2012,"field","EL4-t154",16983,8491.5,2319.38040345821,150.523054755044,"N",0.950684931506849,NA,"dead = complete mortality or lost",817,118
"2885","NOAA_survey","Florida","Elbow Reef","EL4",NA,NA,25.145086,-80.257301,"4.9",2012,"field","EL4-t158",5829,4371.75,1086.58501440922,814.938760806916,"N",0.950684931506849,NA,"dead = complete mortality or lost",817,118
"2886","NOAA_survey","Florida","Elbow Reef","EL4",NA,NA,25.145086,-80.257301,"4.9",2012,"field","EL4-t160",5640,4794,1577.80979827089,214.582132564842,"N",0.950684931506849,NA,"dead = complete mortality or lost",817,118
"2887","NOAA_survey","Florida","Elbow Reef","EL4",NA,NA,25.145086,-80.257301,"4.9",2012,"field","EL4-t165",20,20,-5.25936599423631,-5.25936599423631,"N",0.950684931506849,NA,"dead = complete mortality or lost",817,118
"2888","NOAA_survey","Florida","Elbow Reef","EL4",NA,NA,25.145086,-80.257301,"4.9",2012,"field","EL4-t168",23046,19589.1,852.017291066282,-530.459654178674,"N",0.950684931506849,NA,"dead = complete mortality or lost",817,118
"2889","NOAA_survey","Florida","Elbow Reef","EL5",NA,NA,25.145179,-80.257389,"4.9",2012,"field","EL5-t177",5700,1710,-2385.64841498559,-896.195965417867,"N",0.950684931506849,NA,"dead = complete mortality or lost",817,118
"2890","NOAA_survey","Florida","Elbow Reef","EL5",NA,NA,25.145179,-80.257389,"4.9",2012,"field","EL5-t180",13200,7920,2051.15273775216,-1159.69020172911,"N",0.950684931506849,NA,"dead = complete mortality or lost",817,118
"2891","NOAA_survey","Florida","Elbow Reef","EL5",NA,NA,25.145179,-80.257389,"4.9",2012,"field","EL5-t183",360,342,107.291066282421,101.9265129683,"N",0.950684931506849,NA,"dead = complete mortality or lost",817,118
"2892","NOAA_survey","Florida","French Reef","FR1",NA,NA,25.033886,-80.349365,"6.4",2012,"field","FR1-t002",5046,3027.6,89.450704225352,845.309154929577,"N",0.972602739726028,NA,"dead = complete mortality or lost",817,76
"2893","NOAA_survey","Florida","French Reef","FR1",NA,NA,25.033886,-80.349365,"6.4",2012,"field","FR1-t003",192,192,152.169014084507,152.169014084507,"N",0.972602739726028,NA,"dead = complete mortality or lost",817,76
"2894","NOAA_survey","Florida","French Reef","FR1",NA,NA,25.033886,-80.349365,"6.4",2012,"field","FR1-t004",5320,1064,-435.943661971831,-87.1887323943661,"N",0.972602739726028,NA,"dead = complete mortality or lost",817,76
"2895","NOAA_survey","Florida","French Reef","FR1",NA,NA,25.033886,-80.349365,"6.4",2012,"field","FR1-t005",13625,8175,2211.59154929577,1326.95492957746,"N",0.972602739726028,NA,"dead = complete mortality or lost",817,76
"2896","NOAA_survey","Florida","French Reef","FR1",NA,NA,25.033886,-80.349365,"6.4",2012,"field","FR1-t006",16275,4882.5,539.788732394366,1025.5985915493,"N",0.972602739726028,NA,"dead = complete mortality or lost",817,76
"2897","NOAA_survey","Florida","French Reef","FR1",NA,NA,25.033886,-80.349365,"6.4",2012,"field","FR1-t007",187,187,155.25352112676,155.25352112676,"N",0.972602739726028,NA,"dead = complete mortality or lost",817,76
"2898","NOAA_survey","Florida","French Reef","FR1",NA,NA,25.033886,-80.349365,"6.4",2012,"field","FR1-t008",9000,3150,-2261.97183098591,-442.112676056338,"N",0.972602739726028,NA,"dead = complete mortality or lost",817,76
"2899","NOAA_survey","Florida","French Reef","FR1",NA,NA,25.033886,-80.349365,"6.4",2012,"field","FR1-t009",46125,20756.25,8837.11267605633,3976.70070422535,"N",0.972602739726028,NA,"dead = complete mortality or lost",817,76
"2900","NOAA_survey","Florida","French Reef","FR1",NA,NA,25.033886,-80.349365,"6.4",2012,"field","FR1-t010",3360,840,633.352112676056,158.338028169014,"N",0.972602739726028,NA,"dead = complete mortality or lost",817,76
"2901","NOAA_survey","Florida","French Reef","FR2",NA,NA,25.033681,-80.349545,"4.9",2019,"field","FR2-t236",35,35,12.7897574123989,8.06738544474395,"N",1.01643835616438,NA,"dead = complete mortality or lost",817,76
"2902","NOAA_survey","Florida","French Reef","FR2",NA,NA,25.033681,-80.349545,"4.9",2015,"field","FR2-t250",6630,1326,-638.75,-1222.75,"N",0.986301369863014,NA,"dead = complete mortality or lost",817,76
"2903","NOAA_survey","Florida","French Reef","FR2",NA,NA,25.033681,-80.349545,"4.9",2015,"field","FR2-t251",5293,5187.14,137.888888888889,-305.221111111111,"N",0.986301369863014,NA,"dead = complete mortality or lost",817,76
"2904","NOAA_survey","Florida","French Reef","FR2",NA,NA,25.033681,-80.349545,"4.9",2015,"field","FR2-t255",612,244.8,-52.7222222222222,35.6888888888889,"N",0.986301369863014,NA,"dead = complete mortality or lost",817,76
"2905","NOAA_survey","Florida","French Reef","FR2",NA,NA,25.033681,-80.349545,"4.9",2015,"field","FR2-t256",598,538.2,588.055555555555,588.968055555555,"N",0.986301369863014,NA,"dead = complete mortality or lost",817,76
"2906","NOAA_survey","Florida","French Reef","FR2",NA,NA,25.033681,-80.349545,"4.9",2015,"field","FR2-t258",24,22.8,-15.2083333333333,-13.9916666666667,"N",0.986301369863014,NA,"dead = complete mortality or lost",817,76
"2907","NOAA_survey","Florida","French Reef","FR2",NA,NA,25.033681,-80.349545,"4.9",2015,"field","FR2-t259",493,271.15,17.2361111111111,-16.3743055555556,"N",0.986301369863014,NA,"dead = complete mortality or lost",817,76
"2908","NOAA_survey","Florida","French Reef","FR2",NA,NA,25.033681,-80.349545,"4.9",2015,"field","FR2-t260",1020,1009.8,352.833333333333,16.425,"N",0.986301369863014,NA,"dead = complete mortality or lost",817,76
"2909","NOAA_survey","Florida","French Reef","FR2",NA,NA,25.033681,-80.349545,"4.9",2015,"field","FR2-t261",5723,572.3,-5172.86111111111,-548.767361111111,"N",0.986301369863014,NA,"dead = complete mortality or lost",817,76
"2910","NOAA_survey","Florida","French Reef","FR3",NA,NA,25.035184,-80.349037,"3.7",2018,"field","FR3-t825",1900,190,-551.224489795919,-55.1224489795919,"N",0.671232876712328,NA,"dead = complete mortality or lost",817,76
"2911","NOAA_survey","Florida","Grecian Rocks","GR1",NA,NA,25.109051,-80.305243,"3.7",2022,"field","GR1-t469",567,481.95,-28.9329268292683,-17.0259146341463,"N",3.14520547945206,NA,"dead = complete mortality or lost",817,54
"2912","NOAA_survey","Florida","Grecian Rocks","GR3",NA,NA,25.109261,-80.306191,"1.5",2023,"field","GR3-t468",1890,378,0,-153.3,"N",0.616438356164384,NA,"dead = complete mortality or lost",817,54
"2913","NOAA_survey","Florida","Grecian Rocks","GR3",NA,NA,25.109261,-80.306191,"1.5",2019,"field","GR3-t881",294,235.2,-83.7893081761006,-168.496855345912,"N",0.871232876712329,NA,"dead = complete mortality or lost",817,54
"2914","NOAA_survey","Florida","Key Largo Dry Rocks","KL1",NA,NA,25.123581,-80.297359,"2.1",2012,"field","KL1-t104",9200,920,0,0,"N",1.00821917808219,NA,"dead = complete mortality or lost",817,62
"2915","NOAA_survey","Florida","Key Largo Dry Rocks","KL1",NA,NA,25.123581,-80.297359,"2.1",2012,"field","KL1-t105",36774,7354.8,-291.603260869565,-58.3206521739133,"N",1.00821917808219,NA,"dead = complete mortality or lost",817,62
"2916","NOAA_survey","Florida","Key Largo Dry Rocks","KL1",NA,NA,25.123581,-80.297359,"2.1",2012,"field","KL1-t106",3995,599.25,465.176630434783,69.7764945652174,"N",1.00821917808219,NA,"dead = complete mortality or lost",817,62
"2917","NOAA_survey","Florida","Key Largo Dry Rocks","KL1",NA,NA,25.123581,-80.297359,"2.1",2012,"field","KL1-t107",6960,1392,2808.91304347826,1533,"N",1.00821917808219,NA,"dead = complete mortality or lost",817,62
"2918","NOAA_survey","Florida","Key Largo Dry Rocks","KL1",NA,NA,25.123581,-80.297359,"2.1",2012,"field","KL1-t108",15312,4593.6,1416.35869565217,2085.26086956522,"N",1.00821917808219,NA,"dead = complete mortality or lost",817,62
"2919","NOAA_survey","Florida","Key Largo Dry Rocks","KL1",NA,NA,25.123581,-80.297359,"2.1",2012,"field","KL1-t109",60,48,82.3233695652174,51.6752717391305,"N",1.00821917808219,NA,"dead = complete mortality or lost",817,62
"2920","NOAA_survey","Florida","Key Largo Dry Rocks","KL1",NA,NA,25.123581,-80.297359,"2.1",2012,"field","KL1-t110",17877,4469.25,1145.58423913044,1230.23845108696,"N",1.00821917808219,NA,"dead = complete mortality or lost",817,62
"2921","NOAA_survey","Florida","Key Largo Dry Rocks","KL3",NA,NA,25.122538,-80.298287,"3",2012,"field","KL3-t215",1085,54.25,183.486486486486,9.17432432432432,"N",1.01369863013699,NA,"dead = complete mortality or lost",817,62
"2922","NOAA_survey","Florida","Key Largo Dry Rocks","KL3",NA,NA,25.122538,-80.298287,"3",2012,"field","KL3-t217",6825,2047.5,1080.2027027027,-1629.18243243243,"N",1.01369863013699,NA,"dead = complete mortality or lost",817,62
"2923","NOAA_survey","Florida","Key Largo Dry Rocks","KL3",NA,NA,25.122538,-80.298287,"3",2012,"field","KL3-t220",4560,45.6,-4427.35135135135,-20.1243243243243,"N",1.01369863013699,NA,"dead = complete mortality or lost",817,62
"2924","NOAA_survey","Florida","Key Largo Dry Rocks","KL3",NA,NA,25.122538,-80.298287,"3",2012,"field","KL3-t222",2754,2698.92,2180.13513513513,-2172.75621621622,"N",1.01369863013699,NA,"dead = complete mortality or lost",817,62
"2925","NOAA_survey","Florida","Key Largo Dry Rocks","KL3",NA,NA,25.122538,-80.298287,"3",2018,"field","KL3-t969",289,158.95,99.6472392638037,-156.804447852761,"N",0.893150684931507,NA,"dead = complete mortality or lost",817,62
"2926","NOAA_survey","Florida","Molasses Reef","ML1",NA,NA,25.00958,-80.37481,"3.7",2012,"field","ML1-t013",16585,13268,1770.25,-823.313043478261,"N",1.26027397260274,NA,"dead = complete mortality or lost",817,65
"2927","NOAA_survey","Florida","Molasses Reef","ML1",NA,NA,25.00958,-80.37481,"3.7",2012,"field","ML1-t015",1645,493.5,81.7282608695652,93.8684782608695,"N",1.26027397260274,NA,"dead = complete mortality or lost",817,65
"2928","NOAA_survey","Florida","Molasses Reef","ML1",NA,NA,25.00958,-80.37481,"3.7",2012,"field","ML1-t016",9486,7588.8,1699.63043478261,898.376086956521,"N",1.26027397260274,NA,"dead = complete mortality or lost",817,65
"2929","NOAA_survey","Florida","Molasses Reef","ML1",NA,NA,25.00958,-80.37481,"3.7",2012,"field","ML1-t017",900,90,-525.282608695652,107.992391304348,"N",1.26027397260274,NA,"dead = complete mortality or lost",817,65
"2930","NOAA_survey","Florida","Molasses Reef","ML1",NA,NA,25.00958,-80.37481,"3.7",2012,"field","ML1-t018",1776,1758.24,1109.28260869565,997.449782608695,"N",1.26027397260274,NA,"dead = complete mortality or lost",817,65
"2931","NOAA_survey","Florida","Molasses Reef","ML1",NA,NA,25.00958,-80.37481,"3.7",2012,"field","ML1-t020",33325,9997.5,-416.576086956522,-6631.49456521739,"N",1.26027397260274,NA,"dead = complete mortality or lost",817,65
"2932","NOAA_survey","Florida","Molasses Reef","ML2",NA,NA,25.009122,-80.374734,"5.5",2012,"field","ML2-t126",42840,14994,-7797.27520435967,-2729.04632152588,"N",1.00547945205479,NA,"dead = complete mortality or lost",817,65
"2933","NOAA_survey","Florida","Molasses Reef","ML2",NA,NA,25.009122,-80.374734,"5.5",2012,"field","ML2-t127",3965,198.25,2.98365122615804,-118.242098092643,"N",1.00547945205479,NA,"dead = complete mortality or lost",817,65
"2934","NOAA_survey","Florida","Molasses Reef","ML2",NA,NA,25.009122,-80.374734,"5.5",2012,"field","ML2-t128",910,9.1,-84.5367847411444,-0.845367847411444,"N",1.00547945205479,NA,"dead = complete mortality or lost",817,65
"2935","NOAA_survey","Florida","Molasses Reef","ML2",NA,NA,25.009122,-80.374734,"5.5",2012,"field","ML2-t129",11175,3352.5,1989.10081743869,-713.589918256131,"N",1.00547945205479,NA,"dead = complete mortality or lost",817,65
"2936","NOAA_survey","Florida","Molasses Reef","ML2",NA,NA,25.009122,-80.374734,"5.5",2012,"field","ML2-t130",14592,2188.8,-1831.96185286104,-908.820163487738,"N",1.00547945205479,NA,"dead = complete mortality or lost",817,65
"2937","NOAA_survey","Florida","Molasses Reef","ML2",NA,NA,25.009122,-80.374734,"5.5",2012,"field","ML2-t131",19710,10840.5,-173.051771117166,1847.77520435967,"N",1.00547945205479,NA,"dead = complete mortality or lost",817,65
"2938","NOAA_survey","Florida","Molasses Reef","ML2",NA,NA,25.009122,-80.374734,"5.5",2012,"field","ML2-t132",22680,10206,3336.7166212534,2796.17847411444,"N",1.00547945205479,NA,"dead = complete mortality or lost",817,65
"2939","NOAA_survey","Florida","Molasses Reef","ML2",NA,NA,25.009122,-80.374734,"5.5",2012,"field","ML2-t137",160,128,-15.9128065395095,-27.0517711171662,"N",1.00547945205479,NA,"dead = complete mortality or lost",817,65
"2940","NOAA_survey","Florida","Molasses Reef","ML3",NA,NA,25.010151,-80.373305,"4.3",2012,"field","ML3-t144",12784,9588,2323.26975476839,990.572207084468,"N",1.0054794520548,NA,"dead = complete mortality or lost",817,65
"2941","NOAA_survey","Florida","Molasses Reef","ML3",NA,NA,25.010151,-80.373305,"4.3",2012,"field","ML3-t145",21960,8784,3044.31880108991,2461.9598092643,"N",1.0054794520548,NA,"dead = complete mortality or lost",817,65
"2942","NOAA_survey","Florida","Molasses Reef","ML3",NA,NA,25.010151,-80.373305,"4.3",2012,"field","ML3-t146",29376,17625.6,4424.75476839237,972.819482288829,"N",1.0054794520548,NA,"dead = complete mortality or lost",817,65
"2943","NOAA_survey","Florida","Molasses Reef","ML3",NA,NA,25.010151,-80.373305,"4.3",2012,"field","ML3-t147",49940,22473,2406.81198910082,-1520.66757493188,"N",1.0054794520548,NA,"dead = complete mortality or lost",817,65
"2944","NOAA_survey","Florida","Molasses Reef","ML3",NA,NA,25.010151,-80.373305,"4.3",2012,"field","ML3-t148",14076,6334.2,710.108991825612,-415.92098092643,"N",1.0054794520548,NA,"dead = complete mortality or lost",817,65
"2945","NOAA_survey","Florida","Molasses Reef","ML3",NA,NA,25.010151,-80.373305,"4.3",2012,"field","ML3-t150",4340,3689,556.948228882833,960.735694822887,"N",1.0054794520548,NA,"dead = complete mortality or lost",817,65
"2946","NOAA_survey","Florida","Molasses Reef","ML3",NA,NA,25.010151,-80.373305,"4.3",2012,"field","ML3-t184",41800,29260,437.602179836512,2406.81198910082,"N",1.0054794520548,NA,"dead = complete mortality or lost",817,65
"2947","NOAA_survey","Florida","Molasses Reef","ML3",NA,NA,25.010151,-80.373305,"4.3",2012,"field","ML3-t185",483,338.1,190.953678474114,267.931880108992,"N",1.0054794520548,NA,"dead = complete mortality or lost",817,65
"2948","NOAA_survey","Florida","Molasses Reef","ML3",NA,NA,25.010151,-80.373305,"4.3",2012,"field","ML3-t186",1677,1509.3,569.877384196185,736.663487738419,"N",1.0054794520548,NA,"dead = complete mortality or lost",817,65
"2949","NOAA_survey","Florida","Molasses Reef","ML3",NA,NA,25.010151,-80.373305,"4.3",2013,"field","ML3-t915",3192,798,-1107.49049429658,-276.872623574145,"N",0.720547945205479,NA,"dead = complete mortality or lost",817,65
"2950","NOAA_survey","Florida","Sand Island","SI1",NA,NA,25.018314,-80.368583,"3.7",2019,"field","SI1-t307",4680,1404,-204.756097560976,-61.4268292682928,"N",1.01095890410959,NA,"dead = complete mortality or lost",817,71
"2951","NOAA_survey","Florida","Sand Island","SI1",NA,NA,25.018314,-80.368583,"3.7",2017,"field","SI1-t308",2430,729,199.810298102981,-70.2303523035231,"N",1.01095890410959,NA,"dead = complete mortality or lost",817,71
"2952","NOAA_survey","Florida","Sand Island","SI1",NA,NA,25.018314,-80.368583,"3.7",2019,"field","SI1-t332",24,24,5.77836411609499,5.77836411609499,"N",1.03835616438356,NA,"dead = complete mortality or lost",817,71
"2953","NOAA_survey","Florida","Sand Island","SI1",NA,NA,25.018314,-80.368583,"3.7",2023,"field","SI1-t477",31200,15600,3582.26804123711,-15295.381443299,"N",0.797260273972602,NA,"dead = complete mortality or lost",817,71
"2954","NOAA_survey","Florida","Sand Island","SI2",NA,NA,25.018249,-80.368447,"3.4",2019,"field","SI2-t313",14040,5616,1875.44715447155,1538.34146341463,"N",1.01095890410959,NA,"dead = complete mortality or lost",817,71
"2955","NOAA_survey","Florida","Sand Island","SI2",NA,NA,25.018249,-80.368447,"3.4",2017,"field","SI2-t323",6360,2544,955.528455284553,744.540650406505,"N",1.01095890410959,NA,"dead = complete mortality or lost",817,71
"2956","NOAA_survey","Florida","Sand Island","SI2",NA,NA,25.018249,-80.368447,"3.4",2017,"field","SI2-t324",19040,13328,1412.52032520325,3013.37669376694,"N",1.01095890410959,NA,"dead = complete mortality or lost",817,71
"2957","NOAA_survey","Florida","Sand Island","SI2",NA,NA,25.018249,-80.368447,"3.4",2017,"field","SI2-t326",24610,14766,2314.63414634146,-2609.89837398374,"N",1.01095890410959,NA,"dead = complete mortality or lost",817,71
"2958","NOAA_survey","Florida","Sand Island","SI2",NA,NA,25.018249,-80.368447,"3.4",2017,"field","SI2-t334",49940,22473,455.013550135502,204.756097560976,"N",1.01095890410959,NA,"dead = complete mortality or lost",817,71
"2959","NOAA_survey","Florida","Sand Island","SI2",NA,NA,25.018249,-80.368447,"3.4",2022,"field","SI2-t435",8010,8010,121.279809220986,-123.252782193959,"N",3.44657534246575,NA,"dead = complete mortality or lost",817,71
"2960","NOAA_survey","Florida","Sand Island","SI2",NA,NA,25.018249,-80.368447,"3.4",2023,"field","SI2-t479",6478,5830.2,-1171.51202749141,-3140.50515463918,"N",0.797260273972602,NA,"dead = complete mortality or lost",817,71
"2961","NOAA_survey","Florida","Sand Island","SI2",NA,NA,25.018249,-80.368447,"3.4",2018,"field","SI2-t960",11880,11286,-1889.60176991151,-2340.19911504425,"N",0.92876712328767,NA,"dead = complete mortality or lost",817,71
"2962","NOAA_survey","Florida","Sand Island","SI2",NA,NA,25.018249,-80.368447,"3.4",2018,"field","SI2-t961",3900,3510,-15.0737463126844,-13.5663716814158,"N",0.92876712328767,NA,"dead = complete mortality or lost",817,71
"2963","NOAA_survey","Florida","Sand Island","SI2",NA,NA,25.018249,-80.368447,"3.4",2018,"field","SI2-t962",25724,18006.8,-21365.9587020649,-14956.1710914454,"N",0.92876712328767,NA,"dead = complete mortality or lost",817,71
"2964","NOAA_survey","Florida","Sand Island","SI3",NA,NA,25.018128,-80.368348,"3.7",2017,"field","SI3-t341",12426,4970.4,-3192.78947368421,-3025.65789473684,"N",1.04109589041096,NA,"dead = complete mortality or lost",817,71
"2965","NOAA_survey","Curacao","Blue Baai","BB1",NA,NA,12.135109,-68.986818,"3",2015,"field","BB1-t237",35574,7114.8,-312.857142857143,1639.31349206349,"N",1.03561643835616,NA,"dead = complete mortality or lost",817,50
"2966","NOAA_survey","Curacao","Blue Baai","BB1",NA,NA,12.135109,-68.986818,"3",2015,"field","BB1-t238",4056,3853.2,294.510582010582,279.785052910053,"N",1.03561643835616,NA,"dead = complete mortality or lost",817,50
"2967","NOAA_survey","Curacao","Blue Baai","BB1",NA,NA,12.135109,-68.986818,"3",2015,"field","BB1-t239",11368,11368,4434.07407407407,4434.07407407407,"N",1.03561643835616,NA,"dead = complete mortality or lost",817,50
"2968","NOAA_survey","Curacao","Blue Baai","BB1",NA,NA,12.135109,-68.986818,"3",2015,"field","BB1-t240",31775,25420,-4417.65873015873,-3534.12698412698,"N",1.03561643835616,NA,"dead = complete mortality or lost",817,50
"2969","NOAA_survey","Curacao","Blue Baai","BB1",NA,NA,12.135109,-68.986818,"3",2015,"field","BB1-t241",28800,24480,2317.46031746032,1969.84126984127,"N",1.03561643835616,NA,"dead = complete mortality or lost",817,50
"2970","NOAA_survey","Curacao","Blue Baai","BB1",NA,NA,12.135109,-68.986818,"3",2015,"field","BB1-t242",2976,2946.24,2060.60846560846,2040.00238095238,"N",1.03561643835616,NA,"dead = complete mortality or lost",817,50
"2971","NOAA_survey","Curacao","Blue Baai","BB1",NA,NA,12.135109,-68.986818,"3",2015,"field","BB1-t243",1960,1568,108.148148148148,186.555555555556,"N",1.03561643835616,NA,"dead = complete mortality or lost",817,50
"2972","NOAA_survey","Curacao","Blue Baai","BB1",NA,NA,12.135109,-68.986818,"3",2015,"field","BB1-t244",8140,7326,1578.76984126984,1892.83399470899,"N",1.03561643835616,NA,"dead = complete mortality or lost",817,50
"2973","NOAA_survey","Curacao","Blue Baai","BB1",NA,NA,12.135109,-68.986818,"3",2015,"field","BB1-t245",20776,10388,-4611.74603174603,-760.89947089947,"N",1.03561643835616,NA,"dead = complete mortality or lost",817,50
"2974","NOAA_survey","Curacao","Blue Baai","BB1",NA,NA,12.135109,-68.986818,"3",2015,"field","BB1-t248",3796,3606.2,848.769841269841,806.331349206349,"N",1.03561643835616,NA,"dead = complete mortality or lost",817,50
"2975","NOAA_survey","Curacao","Blue Baai","BB2",NA,NA,12.135202,-68.987383,"3",2015,"field","BB2-t249",7452,5961.6,700.954907161804,560.763925729443,"N",1.03287671232877,NA,"dead = complete mortality or lost",817,50
"2976","NOAA_survey","Curacao","Blue Baai","BB2",NA,NA,12.135202,-68.987383,"3",2015,"field","BB2-t251",10560,2640,524.74801061008,1206.04907161804,"N",1.03287671232877,NA,"dead = complete mortality or lost",817,50
"2977","NOAA_survey","Curacao","Blue Baai","BB2",NA,NA,12.135202,-68.987383,"3",2015,"field","BB2-t253",18034,17132.3,5282.33421750663,5018.2175066313,"N",1.03287671232877,NA,"dead = complete mortality or lost",817,50
"2978","NOAA_survey","Curacao","Blue Baai","BB2",NA,NA,12.135202,-68.987383,"3",2015,"field","BB2-t254",5304,5038.8,790.02652519894,987.533156498674,"N",1.03287671232877,NA,"dead = complete mortality or lost",817,50
"2979","NOAA_survey","Curacao","Blue Baai","BB2",NA,NA,12.135202,-68.987383,"3",2015,"field","BB2-t261",10560,2640,-9604.24403183024,-2060.26525198939,"N",1.03287671232877,NA,"dead = complete mortality or lost",817,50
"2980","NOAA_survey","Curacao","Blue Baai","BB3",NA,NA,12.135267,-68.987104,"2.7",2015,"field","BB3-t264",12093,1209.3,-1010.76923076923,-101.076923076923,"N",1.03287671232877,NA,"dead = complete mortality or lost",817,50
"2981","NOAA_survey","Curacao","Blue Baai","BB3",NA,NA,12.135267,-68.987104,"2.7",2015,"field","BB3-t265",480,408,-29.0450928381963,-198.958885941644,"N",1.03287671232877,NA,"dead = complete mortality or lost",817,50
"2982","NOAA_survey","Curacao","Blue Baai","BB3",NA,NA,12.135267,-68.987104,"2.7",2015,"field","BB3-t266",10464,8371.2,-6030.72944297082,-5029.59350132626,"N",1.03287671232877,NA,"dead = complete mortality or lost",817,50
"2983","NOAA_survey","Curacao","Blue Baai","BB3",NA,NA,12.135267,-68.987104,"2.7",2015,"field","BB3-t267",4060,609,135.543766578249,20.3315649867374,"N",1.03287671232877,NA,"dead = complete mortality or lost",817,50
"2984","NOAA_survey","Curacao","Blue Baai","BB3",NA,NA,12.135267,-68.987104,"2.7",2015,"field","BB3-t269",16060,12045,2846.41909814323,5813.85941644562,"N",1.03287671232877,NA,"dead = complete mortality or lost",817,50
"2985","NOAA_survey","Curacao","Sea Aquarium Reef","SQ1",NA,NA,12.084208,-68.893882,"3.9",2015,"field","SQ1-t210",1260,1008,-1195.5905511811,-954.173228346457,"N",1.04383561643836,NA,"dead = complete mortality or lost",817,56
"2986","NOAA_survey","Curacao","Sea Aquarium Reef","SQ2",NA,NA,12.083209,-68.895032,"4.5",2015,"field","SQ2-t214",2760,1242,-461.052631578948,11.5263157894737,"N",1.04109589041096,NA,"dead = complete mortality or lost",817,56
"2987","NOAA_survey","Curacao","Sea Aquarium Reef","SQ2",NA,NA,12.083209,-68.895032,"4.5",2015,"field","SQ2-t218",29110,24743.5,-6379.81578947369,-4343.78815789474,"N",1.04109589041096,NA,"dead = complete mortality or lost",817,56
"2988","NOAA_survey","Curacao","Sea Aquarium Reef","SQ2",NA,NA,12.083209,-68.895032,"4.5",2015,"field","SQ2-t223",6390,1278,-1296.71052631579,-743.447368421054,"N",1.04109589041096,NA,"dead = complete mortality or lost",817,56
"2989","NOAA_survey","Curacao","Sea Aquarium Reef","SQ3",NA,NA,12.083075,-68.895931,"3.3",2015,"field","SQ3-t227",8704,1740.8,-8166.75461741425,-1482.34300791557,"N",1.03835616438356,NA,"dead = complete mortality or lost",817,56
"2990","NOAA_survey","Curacao","Sea Aquarium Reef","SQ3",NA,NA,12.083075,-68.895931,"3.3",2015,"field","SQ3-t228",42625,25575,-601.912928759895,-2383.57519788918,"N",1.03835616438356,NA,"dead = complete mortality or lost",817,56
"2991","NOAA_survey","Curacao","Sea Aquarium Reef","SQ3",NA,NA,12.083075,-68.895931,"3.3",2015,"field","SQ3-t229",17360,6944,-12250.1319261214,-5346.9129287599,"N",1.03835616438356,NA,"dead = complete mortality or lost",817,56
"2992","NOAA_survey","Florida","Carysfort Reef","CF1",NA,NA,25.22194,-80.21055,"2.1",2013,"field","CF1-t024",240,180,-65.4121863799283,-36.6308243727598,"N",0.764383561643836,NA,"dead = complete mortality or lost",817,74
"2993","NOAA_survey","Florida","Carysfort Reef","CF1",NA,NA,25.22194,-80.21055,"2.1",2013,"field","CF1-t033",9,9,9.15770609318996,9.15770609318996,"N",0.764383561643836,NA,"dead = complete mortality or lost",817,74
"2994","NOAA_survey","Florida","Carysfort Reef","CF2",NA,NA,25.22179,-80.210586,"2.4",2013,"field","CF2-t038",49680,12420,-15280.2867383512,-8791.39784946236,"N",0.764383561643836,NA,"dead = complete mortality or lost",817,74
"2995","NOAA_survey","Florida","Carysfort Reef","CF2",NA,NA,25.22179,-80.210586,"2.4",2013,"field","CF2-t040",3515,703,985.10752688172,476.200716845878,"N",0.764383561643836,NA,"dead = complete mortality or lost",817,74
"2996","NOAA_survey","Florida","Carysfort Reef","CF2",NA,NA,25.22179,-80.210586,"2.4",2013,"field","CF2-t042",2925,2632.5,32461.4516129032,21957.6935483871,"N",0.764383561643836,NA,"dead = complete mortality or lost",817,74
"2997","NOAA_survey","Florida","Carysfort Reef","CF2",NA,NA,25.22179,-80.210586,"2.4",2013,"field","CF2-t043",14994,9746.1,1719.03225806452,2184.1129032258,"N",0.764383561643836,NA,"dead = complete mortality or lost",817,74
"2998","NOAA_survey","Florida","Carysfort Reef","CF2",NA,NA,25.22179,-80.210586,"2.4",2013,"field","CF2-t045",14490,10143,2171.68458781362,2576.58602150538,"N",0.764383561643836,NA,"dead = complete mortality or lost",817,74
"2999","NOAA_survey","Florida","Carysfort Reef","CF2",NA,NA,25.22179,-80.210586,"2.4",2013,"field","CF2-t047",19950,9975,-5384.7311827957,-3728.10215053763,"N",0.764383561643836,NA,"dead = complete mortality or lost",817,74
"3000","NOAA_survey","Florida","Carysfort Reef","CF2",NA,NA,25.22179,-80.210586,"2.4",2013,"field","CF2-t048",12221,8554.7,1259.83870967742,881.887096774194,"N",0.764383561643836,NA,"dead = complete mortality or lost",817,74
"3001","NOAA_survey","Florida","Carysfort Reef","CF2",NA,NA,25.22179,-80.210586,"2.4",2013,"field","CF2-t049",15,15,3.9247311827957,3.9247311827957,"N",0.764383561643836,NA,"dead = complete mortality or lost",817,74
"3002","NOAA_survey","Florida","Carysfort Reef","CF3",NA,NA,25.22289,-80.20956,"3.7",2013,"field","CF3-t088",43210,15123.5,-758.781362007168,-5842.61648745519,"N",0.764383561643836,NA,"dead = complete mortality or lost",817,74
"3003","NOAA_survey","Florida","Carysfort Reef","CF3",NA,NA,25.22289,-80.20956,"3.7",2013,"field","CF3-t090",66542,36598.1,-17094.8207885305,-26891.7347670251,"N",0.764383561643836,NA,"dead = complete mortality or lost",817,74
"3004","NOAA_survey","Florida","Carysfort Reef","CF3",NA,NA,25.22289,-80.20956,"3.7",2013,"field","CF3-t092",26500,10600,-11198.5663082437,-5652.9211469534,"N",0.764383561643836,NA,"dead = complete mortality or lost",817,74
"3005","NOAA_survey","Florida","Carysfort Reef","CF3",NA,NA,25.22289,-80.20956,"3.7",2013,"field","CF3-t095",35350,12372.5,-46175.770609319,-16115.6003584229,"N",0.764383561643836,NA,"dead = complete mortality or lost",817,74
"3006","NOAA_survey","Florida","Elbow Reef","EL1",NA,NA,25.142579,-80.258364,"3.4",2013,"field","EL1-t051",23625,10631.25,1162.23684210526,-1155.99342105263,"N",0.728767123287671,NA,"dead = complete mortality or lost",817,118
"3007","NOAA_survey","Florida","Elbow Reef","EL1",NA,NA,25.142579,-80.258364,"3.4",2013,"field","EL1-t052",59625,41737.5,3396.14661654135,2377.30263157895,"N",0.728767123287671,NA,"dead = complete mortality or lost",817,118
"3008","NOAA_survey","Florida","Elbow Reef","EL1",NA,NA,25.142579,-80.258364,"3.4",2013,"field","EL1-t054",11375,7962.5,-679.229323308271,-1968.39285714286,"N",0.728767123287671,NA,"dead = complete mortality or lost",817,118
"3009","NOAA_survey","Florida","Elbow Reef","EL1",NA,NA,25.142579,-80.258364,"3.4",2013,"field","EL1-t055",38305,24898.25,871.334586466166,-2105.26785714286,"N",0.728767123287671,NA,"dead = complete mortality or lost",817,118
"3010","NOAA_survey","Florida","Elbow Reef","EL1",NA,NA,25.142579,-80.258364,"3.4",2013,"field","EL1-t056",7992,5194.8,197.593984962406,128.436090225564,"N",0.728767123287671,NA,"dead = complete mortality or lost",817,118
"3011","NOAA_survey","Florida","Elbow Reef","EL1",NA,NA,25.142579,-80.258364,"3.4",2013,"field","EL1-t059",600,570,-32.9323308270677,-149.842105263158,"N",0.728767123287671,NA,"dead = complete mortality or lost",817,118
"3012","NOAA_survey","Florida","Elbow Reef","EL1",NA,NA,25.142579,-80.258364,"3.4",2013,"field","EL1-t060",6958,5914.3,2524.81203007519,1542.46804511278,"N",0.728767123287671,NA,"dead = complete mortality or lost",817,118
"3013","NOAA_survey","Florida","Elbow Reef","EL1",NA,NA,25.142579,-80.258364,"3.4",2023,"field","EL1-t441",6649,6316.55,184.28338762215,-633.875407166124,"N",0.841095890410958,NA,"dead = complete mortality or lost",817,118
"3014","NOAA_survey","Florida","Elbow Reef","EL1",NA,NA,25.142579,-80.258364,"3.4",2019,"field","EL1-t977",6825,4095,769.45945945946,461.675675675676,"N",1.01369863013699,NA,"dead = complete mortality or lost",817,118
"3015","NOAA_survey","Florida","Elbow Reef","EL1",NA,NA,25.142579,-80.258364,"3.4",2019,"field","EL1-t979",11625,8137.5,1305.12162162162,274.933783783785,"N",1.01369863013699,NA,"dead = complete mortality or lost",817,118
"3016","NOAA_survey","Florida","Elbow Reef","EL2",NA,NA,25.142899,-80.258221,"3.4",2013,"field","EL2-t065",8100,1215,0,-555.733082706767,"N",0.728767123287671,NA,"dead = complete mortality or lost",817,118
"3017","NOAA_survey","Florida","Elbow Reef","EL2",NA,NA,25.142899,-80.258221,"3.4",2013,"field","EL2-t066",16560,9936,-3691.16541353383,-3166.30639097744,"N",0.728767123287671,NA,"dead = complete mortality or lost",817,118
"3018","NOAA_survey","Florida","Elbow Reef","EL2",NA,NA,25.142899,-80.258221,"3.4",2013,"field","EL2-t067",1300,910,-686.09022556391,-480.263157894737,"N",0.728767123287671,NA,"dead = complete mortality or lost",817,118
"3019","NOAA_survey","Florida","Elbow Reef","EL2",NA,NA,25.142899,-80.258221,"3.4",2013,"field","EL2-t070",242,145.2,-266.203007518797,-133.375939849624,"N",0.728767123287671,NA,"dead = complete mortality or lost",817,118
"3020","NOAA_survey","Florida","Elbow Reef","EL2",NA,NA,25.142899,-80.258221,"3.4",2013,"field","EL2-t072",2520,2268,1440.78947368421,1541.64473684211,"N",0.728767123287671,NA,"dead = complete mortality or lost",817,118
"3021","NOAA_survey","Florida","Elbow Reef","EL2",NA,NA,25.142899,-80.258221,"3.4",2013,"field","EL2-t073",12954,6477,-1100.48872180451,-550.244360902256,"N",0.728767123287671,NA,"dead = complete mortality or lost",817,118
"3022","NOAA_survey","Florida","Elbow Reef","EL2",NA,NA,25.142899,-80.258221,"3.4",2023,"field","EL2-t437",950,940.5,560.086206896551,484.254310344827,"N",0.794520547945206,NA,"dead = complete mortality or lost",817,118
"3023","NOAA_survey","Florida","Elbow Reef","EL2",NA,NA,25.142899,-80.258221,"3.4",2014,"field","EL2-t913",33075,19845,3144.06944444445,1886.44166666667,"N",0.986301369863013,NA,"dead = complete mortality or lost",817,118
"3024","NOAA_survey","Florida","Elbow Reef","EL3",NA,NA,25.143881,-80.257827,"4",2013,"field","EL3-t076",7300,1825,-2968.15303430079,-1148.25725593668,"N",1.03835616438356,NA,"dead = complete mortality or lost",817,118
"3025","NOAA_survey","Florida","Elbow Reef","EL3",NA,NA,25.143881,-80.257827,"4",2013,"field","EL3-t077",2960,1184,-1160.48812664908,-548.70382585752,"N",1.03835616438356,NA,"dead = complete mortality or lost",817,118
"3026","NOAA_survey","Florida","Elbow Reef","EL3",NA,NA,25.143881,-80.257827,"4",2013,"field","EL3-t078",2730,1365,-444.934036939314,-222.467018469657,"N",1.03835616438356,NA,"dead = complete mortality or lost",817,118
"3027","NOAA_survey","Florida","Elbow Reef","EL3",NA,NA,25.143881,-80.257827,"4",2013,"field","EL3-t079",774,193.5,-8.66754617414248,-39.0039577836412,"N",1.03835616438356,NA,"dead = complete mortality or lost",817,118
"3028","NOAA_survey","Florida","Elbow Reef","EL3",NA,NA,25.143881,-80.257827,"4",2013,"field","EL3-t083",10800,7560,-2460.62005277045,-2119.45580474934,"N",1.03835616438356,NA,"dead = complete mortality or lost",817,118
"3029","NOAA_survey","Florida","Elbow Reef","EL3",NA,NA,25.143881,-80.257827,"4",2013,"field","EL3-t086",24768,16099.2,-5339.20844327177,-3470.48548812665,"N",1.03835616438356,NA,"dead = complete mortality or lost",817,118
"3030","NOAA_survey","Florida","Elbow Reef","EL3",NA,NA,25.143881,-80.257827,"4",2014,"field","EL3-t911",6500,4550,934.055118110236,1167.56889763779,"N",0.695890410958905,NA,"dead = complete mortality or lost",817,118
"3031","NOAA_survey","Florida","Elbow Reef","EL3",NA,NA,25.143881,-80.257827,"4",2019,"field","EL3-t933",2250,22.5,-735.887096774194,-7.35887096774194,"N",1.01917808219178,NA,"dead = complete mortality or lost",817,118
"3032","NOAA_survey","Florida","Elbow Reef","EL4",NA,NA,25.145086,-80.257301,"4.9",2013,"field","EL4-t153",43896,21948,-21604.3403693931,-12869.1873350924,"N",1.03835616438356,NA,"dead = complete mortality or lost",817,118
"3033","NOAA_survey","Florida","Elbow Reef","EL4",NA,NA,25.145086,-80.257301,"4.9",2013,"field","EL4-t154",19188,8634.6,-1590.97625329815,-715.93931398417,"N",1.03835616438356,NA,"dead = complete mortality or lost",817,118
"3034","NOAA_survey","Florida","Elbow Reef","EL4",NA,NA,25.145086,-80.257301,"4.9",2013,"field","EL4-t158",6862,5146.5,10.5936675461741,7.94525065963061,"N",1.03835616438356,NA,"dead = complete mortality or lost",817,118
"3035","NOAA_survey","Florida","Elbow Reef","EL4",NA,NA,25.145086,-80.257301,"4.9",2013,"field","EL4-t165",15,15,4.81530343007916,4.81530343007916,"N",1.03835616438356,NA,"dead = complete mortality or lost",817,118
"3036","NOAA_survey","Florida","Elbow Reef","EL4",NA,NA,25.145086,-80.257301,"4.9",2013,"field","EL4-t168",23856,19084.8,2300.75197889182,1840.60158311346,"N",1.03835616438356,NA,"dead = complete mortality or lost",817,118
"3037","NOAA_survey","Florida","Elbow Reef","EL5",NA,NA,25.145179,-80.257389,"4.9",2013,"field","EL5-t177",3432,858,248.469656992085,-293.251978891821,"N",1.03835616438356,NA,"dead = complete mortality or lost",817,118
"3038","NOAA_survey","Florida","Elbow Reef","EL5",NA,NA,25.145179,-80.257389,"4.9",2013,"field","EL5-t180",15150,6817.5,2495.29023746702,-1439.96833773087,"N",1.03835616438356,NA,"dead = complete mortality or lost",817,118
"3039","NOAA_survey","Florida","Elbow Reef","EL5",NA,NA,25.145179,-80.257389,"4.9",2013,"field","EL5-t183",462,438.9,130.976253298153,124.427440633245,"N",1.03835616438356,NA,"dead = complete mortality or lost",817,118
"3040","NOAA_survey","Florida","French Reef","FR1",NA,NA,25.033886,-80.349365,"6.4",2013,"field","FR1-t002",5133,3849.75,468.708487084871,1089.74723247232,"N",0.742465753424657,NA,"dead = complete mortality or lost",817,76
"3041","NOAA_survey","Florida","French Reef","FR1",NA,NA,25.033886,-80.349365,"6.4",2013,"field","FR1-t003",340,340,45.7933579335794,45.7933579335794,"N",0.742465753424657,NA,"dead = complete mortality or lost",817,76
"3042","NOAA_survey","Florida","French Reef","FR1",NA,NA,25.033886,-80.349365,"6.4",2013,"field","FR1-t004",4896,979.2,91.5867158671587,18.3173431734318,"N",0.742465753424657,NA,"dead = complete mortality or lost",817,76
"3043","NOAA_survey","Florida","French Reef","FR1",NA,NA,25.033886,-80.349365,"6.4",2013,"field","FR1-t005",15776,9465.6,1831.73431734317,1099.0405904059,"N",0.742465753424657,NA,"dead = complete mortality or lost",817,76
"3044","NOAA_survey","Florida","French Reef","FR1",NA,NA,25.033886,-80.349365,"6.4",2013,"field","FR1-t006",16800,5880,315.166051660517,1257.43173431734,"N",0.742465753424657,NA,"dead = complete mortality or lost",817,76
"3045","NOAA_survey","Florida","French Reef","FR1",NA,NA,25.033886,-80.349365,"6.4",2013,"field","FR1-t007",338,338,70.0369003690037,-323.920664206642,"N",0.742465753424657,NA,"dead = complete mortality or lost",817,76
"3046","NOAA_survey","Florida","French Reef","FR1",NA,NA,25.033886,-80.349365,"6.4",2013,"field","FR1-t008",6800,2720,-2693.72693726937,-1400.73800738007,"N",0.742465753424657,NA,"dead = complete mortality or lost",817,76
"3047","NOAA_survey","Florida","French Reef","FR1",NA,NA,25.033886,-80.349365,"6.4",2013,"field","FR1-t009",54720,24624,-41009.298892989,-13550.5239852399,"N",0.742465753424657,NA,"dead = complete mortality or lost",817,76
"3048","NOAA_survey","Florida","French Reef","FR1",NA,NA,25.033886,-80.349365,"6.4",2013,"field","FR1-t010",3976,994,-243.782287822878,-60.9455719557196,"N",0.742465753424657,NA,"dead = complete mortality or lost",817,76
"3049","NOAA_survey","Florida","French Reef","FR2",NA,NA,25.033681,-80.349545,"4.9",2016,"field","FR2-t250",6000,120,0,-61.864406779661,"N",0.96986301369863,NA,"dead = complete mortality or lost",817,76
"3050","NOAA_survey","Florida","French Reef","FR2",NA,NA,25.033681,-80.349545,"4.9",2016,"field","FR2-t251",5429,4886.1,-1885.83333333333,-5000.8093220339,"N",0.96986301369863,NA,"dead = complete mortality or lost",817,76
"3051","NOAA_survey","Florida","French Reef","FR2",NA,NA,25.033681,-80.349545,"4.9",2016,"field","FR2-t255",560,280,-32.9943502824859,-16.4971751412429,"N",0.96986301369863,NA,"dead = complete mortality or lost",817,76
"3052","NOAA_survey","Florida","French Reef","FR2",NA,NA,25.033681,-80.349545,"4.9",2016,"field","FR2-t256",1178,1119.1,48.4604519774011,-206.575564971751,"N",0.96986301369863,NA,"dead = complete mortality or lost",817,76
"3053","NOAA_survey","Florida","French Reef","FR2",NA,NA,25.033681,-80.349545,"4.9",2016,"field","FR2-t258",9,9,11.3418079096045,11.3418079096045,"N",0.96986301369863,NA,"dead = complete mortality or lost",817,76
"3054","NOAA_survey","Florida","French Reef","FR2",NA,NA,25.033681,-80.349545,"4.9",2016,"field","FR2-t259",510,255,37.1186440677966,103.004237288136,"N",0.96986301369863,NA,"dead = complete mortality or lost",817,76
"3055","NOAA_survey","Florida","French Reef","FR2",NA,NA,25.033681,-80.349545,"4.9",2016,"field","FR2-t260",1368,1026,-1409.47740112994,-1056.85028248588,"N",0.96986301369863,NA,"dead = complete mortality or lost",817,76
"3056","NOAA_survey","Florida","French Reef","FR2",NA,NA,25.033681,-80.349545,"4.9",2016,"field","FR2-t261",621,31.05,4.12429378531074,0.206214689265536,"N",0.96986301369863,NA,"dead = complete mortality or lost",817,76
"3057","NOAA_survey","Florida","French Reef","FR3",NA,NA,25.035184,-80.349037,"3.7",2019,"field","FR3-t825",1530,153,-1165.83557951482,154.952830188679,"N",1.01643835616438,NA,"dead = complete mortality or lost",817,76
"3058","NOAA_survey","Florida","Key Largo Dry Rocks","KL1",NA,NA,25.123581,-80.297359,"2.1",2013,"field","KL1-t104",9200,920,0,-810.24128686327,"N",1.02191780821918,NA,"dead = complete mortality or lost",817,62
"3059","NOAA_survey","Florida","Key Largo Dry Rocks","KL1",NA,NA,25.123581,-80.297359,"2.1",2013,"field","KL1-t105",36480,7296,-33341.2332439678,-5136.61662198391,"N",1.02191780821918,NA,"dead = complete mortality or lost",817,62
"3060","NOAA_survey","Florida","Key Largo Dry Rocks","KL1",NA,NA,25.123581,-80.297359,"2.1",2013,"field","KL1-t106",4464,669.6,-2166.51474530831,-545.151474530831,"N",1.02191780821918,NA,"dead = complete mortality or lost",817,62
"3061","NOAA_survey","Florida","Key Largo Dry Rocks","KL1",NA,NA,25.123581,-80.297359,"2.1",2013,"field","KL1-t107",9792,2937.6,-3808.5254691689,-1719.90348525469,"N",1.02191780821918,NA,"dead = complete mortality or lost",817,62
"3062","NOAA_survey","Florida","Key Largo Dry Rocks","KL1",NA,NA,25.123581,-80.297359,"2.1",2013,"field","KL1-t108",16740,6696,-2025.60321715818,-5116.84986595174,"N",1.02191780821918,NA,"dead = complete mortality or lost",817,62
"3063","NOAA_survey","Florida","Key Largo Dry Rocks","KL1",NA,NA,25.123581,-80.297359,"2.1",2013,"field","KL1-t109",143,100.1,89.0482573726541,108.130026809651,"N",1.02191780821918,NA,"dead = complete mortality or lost",817,62
"3064","NOAA_survey","Florida","Key Largo Dry Rocks","KL1",NA,NA,25.123581,-80.297359,"2.1",2013,"field","KL1-t110",19032,5709.6,-2541.30026809651,-3978.89142091152,"N",1.02191780821918,NA,"dead = complete mortality or lost",817,62
"3065","NOAA_survey","Florida","Key Largo Dry Rocks","KL3",NA,NA,25.122538,-80.298287,"3",2013,"field","KL3-t215",1271,63.55,-169,-8.45,"N",1,NA,"dead = complete mortality or lost",817,62
"3066","NOAA_survey","Florida","Key Largo Dry Rocks","KL3",NA,NA,25.122538,-80.298287,"3",2013,"field","KL3-t217",7920,396,-7865,-341,"N",1,NA,"dead = complete mortality or lost",817,62
"3067","NOAA_survey","Florida","Key Largo Dry Rocks","KL3",NA,NA,25.122538,-80.298287,"3",2013,"field","KL3-t220",72,25.2,-12,25.8,"N",1,NA,"dead = complete mortality or lost",817,62
"3068","NOAA_survey","Florida","Molasses Reef","ML1",NA,NA,25.00958,-80.37481,"3.7",2013,"field","ML1-t013",18816,12230.4,3352.59259259259,2179.18518518518,"N",0.739726027397261,NA,"dead = complete mortality or lost",817,65
"3069","NOAA_survey","Florida","Molasses Reef","ML1",NA,NA,25.00958,-80.37481,"3.7",2013,"field","ML1-t015",1748,611.8,394.740740740741,276.048148148148,"N",0.739726027397261,NA,"dead = complete mortality or lost",817,65
"3070","NOAA_survey","Florida","Molasses Reef","ML1",NA,NA,25.00958,-80.37481,"3.7",2013,"field","ML1-t016",11628,8721,-443.407407407407,431.240740740741,"N",0.739726027397261,NA,"dead = complete mortality or lost",817,65
"3071","NOAA_survey","Florida","Molasses Reef","ML1",NA,NA,25.00958,-80.37481,"3.7",2013,"field","ML1-t017",238,226.1,310.925925925926,295.379629629629,"N",0.739726027397261,NA,"dead = complete mortality or lost",817,65
"3072","NOAA_survey","Florida","Molasses Reef","ML1",NA,NA,25.00958,-80.37481,"3.7",2013,"field","ML1-t018",3174,3015.3,1155.83333333333,1315.90611111111,"N",0.739726027397261,NA,"dead = complete mortality or lost",817,65
"3073","NOAA_survey","Florida","Molasses Reef","ML1",NA,NA,25.00958,-80.37481,"3.7",2013,"field","ML1-t020",32800,1640,0,0,"N",0.739726027397261,NA,"dead = complete mortality or lost",817,65
"3074","NOAA_survey","Florida","Molasses Reef","ML2",NA,NA,25.009122,-80.374734,"5.5",2013,"field","ML2-t126",35000,12250,-22379.5620437956,-5408.39416058394,"N",0.75068493150685,NA,"dead = complete mortality or lost",817,65
"3075","NOAA_survey","Florida","Molasses Reef","ML2",NA,NA,25.009122,-80.374734,"5.5",2013,"field","ML2-t128",825,8.25,-1059.03284671533,28.9735401459854,"N",0.75068493150685,NA,"dead = complete mortality or lost",817,65
"3076","NOAA_survey","Florida","Molasses Reef","ML2",NA,NA,25.009122,-80.374734,"5.5",2013,"field","ML2-t129",13175,2635,470.237226277372,94.0474452554749,"N",0.75068493150685,NA,"dead = complete mortality or lost",817,65
"3077","NOAA_survey","Florida","Molasses Reef","ML2",NA,NA,25.009122,-80.374734,"5.5",2013,"field","ML2-t130",12750,1275,-15036.9343065693,-43.0273722627736,"N",0.75068493150685,NA,"dead = complete mortality or lost",817,65
"3078","NOAA_survey","Florida","Molasses Reef","ML2",NA,NA,25.009122,-80.374734,"5.5",2013,"field","ML2-t131",19536,12698.4,2323.21167883211,1510.08759124088,"N",0.75068493150685,NA,"dead = complete mortality or lost",817,65
"3079","NOAA_survey","Florida","Molasses Reef","ML2",NA,NA,25.009122,-80.374734,"5.5",2013,"field","ML2-t132",26035,13017.5,1892.93795620438,946.468978102189,"N",0.75068493150685,NA,"dead = complete mortality or lost",817,65
"3080","NOAA_survey","Florida","Molasses Reef","ML2",NA,NA,25.009122,-80.374734,"5.5",2013,"field","ML2-t137",144,100.8,10.6569343065693,-12.7883211678832,"N",0.75068493150685,NA,"dead = complete mortality or lost",817,65
"3081","NOAA_survey","Florida","Molasses Reef","ML3",NA,NA,25.010151,-80.373305,"4.3",2013,"field","ML3-t144",15120,10584,1493.30291970803,1045.31204379562,"N",0.750684931506848,NA,"dead = complete mortality or lost",817,65
"3082","NOAA_survey","Florida","Molasses Reef","ML3",NA,NA,25.010151,-80.373305,"4.3",2013,"field","ML3-t145",25021,11259.45,178.503649635037,80.3266423357656,"N",0.750684931506848,NA,"dead = complete mortality or lost",817,65
"3083","NOAA_survey","Florida","Molasses Reef","ML3",NA,NA,25.010151,-80.373305,"4.3",2013,"field","ML3-t146",33825,18603.75,2385.82116788321,-1060.03193430657,"N",0.750684931506848,NA,"dead = complete mortality or lost",817,65
"3084","NOAA_survey","Florida","Molasses Reef","ML3",NA,NA,25.010151,-80.373305,"4.3",2013,"field","ML3-t147",52360,20944,-42201.4598540147,-14125.7664233577,"N",0.750684931506848,NA,"dead = complete mortality or lost",817,65
"3085","NOAA_survey","Florida","Molasses Reef","ML3",NA,NA,25.010151,-80.373305,"4.3",2013,"field","ML3-t148",14790,5916,-767.299270072994,-2200.39051094891,"N",0.750684931506848,NA,"dead = complete mortality or lost",817,65
"3086","NOAA_survey","Florida","Molasses Reef","ML3",NA,NA,25.010151,-80.373305,"4.3",2013,"field","ML3-t150",4900,4655,175.839416058394,-168.113138686131,"N",0.750684931506848,NA,"dead = complete mortality or lost",817,65
"3087","NOAA_survey","Florida","Molasses Reef","ML3",NA,NA,25.010151,-80.373305,"4.3",2013,"field","ML3-t184",42240,31680,1918.24817518248,-1470.65693430658,"N",0.750684931506848,NA,"dead = complete mortality or lost",817,65
"3088","NOAA_survey","Florida","Molasses Reef","ML3",NA,NA,25.010151,-80.373305,"4.3",2013,"field","ML3-t185",675,607.5,592.79197080292,667.790145985402,"N",0.750684931506848,NA,"dead = complete mortality or lost",817,65
"3089","NOAA_survey","Florida","Molasses Reef","ML3",NA,NA,25.010151,-80.373305,"4.3",2013,"field","ML3-t186",2250,2250,853.88686131387,815.375364963505,"N",0.750684931506848,NA,"dead = complete mortality or lost",817,65
"3090","NOAA_survey","Florida","Molasses Reef","ML3",NA,NA,25.010151,-80.373305,"4.3",2014,"field","ML3-t915",2394,598.5,1206.69398907104,661.088797814207,"N",1.0027397260274,NA,"dead = complete mortality or lost",817,65
"3091","NOAA_survey","Florida","Sand Island","SI1",NA,NA,25.018314,-80.368583,"3.7",2018,"field","SI1-t308",2632,658,-314.395280235988,-204.57227138643,"N",0.928767123287672,NA,"dead = complete mortality or lost",817,71
"3092","NOAA_survey","Florida","Sand Island","SI2",NA,NA,25.018249,-80.368447,"3.4",2018,"field","SI2-t323",7326,3296.7,-1669.95575221239,-440.58407079646,"N",0.928767123287672,NA,"dead = complete mortality or lost",817,71
"3093","NOAA_survey","Florida","Sand Island","SI2",NA,NA,25.018249,-80.368447,"3.4",2018,"field","SI2-t324",20468,16374.4,-3206.401179941,-2565.1209439528,"N",0.928767123287672,NA,"dead = complete mortality or lost",817,71
"3094","NOAA_survey","Florida","Sand Island","SI2",NA,NA,25.018249,-80.368447,"3.4",2018,"field","SI2-t326",26950,12127.5,-9577.21238938052,-7225.70796460176,"N",0.928767123287672,NA,"dead = complete mortality or lost",817,71
"3095","NOAA_survey","Florida","Sand Island","SI2",NA,NA,25.018249,-80.368447,"3.4",2018,"field","SI2-t334",50400,22680,8333.62831858406,3750.13274336283,"N",0.928767123287672,NA,"dead = complete mortality or lost",817,71
"3096","NOAA_survey","Florida","Sand Island","SI2",NA,NA,25.018249,-80.368447,"3.4",2023,"field","SI2-t435",8428,7585.2,1689.53608247423,-2157.63917525773,"N",0.797260273972602,NA,"dead = complete mortality or lost",817,71
"3097","NOAA_survey","Florida","Sand Island","SI2",NA,NA,25.018249,-80.368447,"3.4",2019,"field","SI2-t960",10125,9112.5,662.737127371273,1130.36246612466,"N",1.01095890410959,NA,"dead = complete mortality or lost",817,71
"3098","NOAA_survey","Florida","Sand Island","SI2",NA,NA,25.018249,-80.368447,"3.4",2019,"field","SI2-t961",3886,3497.4,-102.872628726287,-92.5853658536584,"N",1.01095890410959,NA,"dead = complete mortality or lost",817,71
"3099","NOAA_survey","Florida","Sand Island","SI2",NA,NA,25.018249,-80.368447,"3.4",2019,"field","SI2-t962",5880,4116,741.869918699187,1175.12195121951,"N",1.01095890410959,NA,"dead = complete mortality or lost",817,71
"3100","NOAA_survey","Florida","Carysfort Reef","CF1",NA,NA,25.22194,-80.21055,"2.1",2014,"field","CF1-t024",190,152,336.599423631124,376.57060518732,"N",0.950684931506849,NA,"dead = complete mortality or lost",817,74
"3101","NOAA_survey","Florida","Carysfort Reef","CF1",NA,NA,25.22194,-80.21055,"2.1",2014,"field","CF1-t033",16,16,8.4149855907781,8.4149855907781,"N",0.950684931506849,NA,"dead = complete mortality or lost",817,74
"3102","NOAA_survey","Florida","Carysfort Reef","CF2",NA,NA,25.22179,-80.210586,"2.4",2014,"field","CF2-t038",38000,5700,-30877.7377521614,1279.07780979827,"N",0.950684931506849,NA,"dead = complete mortality or lost",817,74
"3103","NOAA_survey","Florida","Carysfort Reef","CF2",NA,NA,25.22179,-80.210586,"2.4",2014,"field","CF2-t040",4268,1067,2337.26224783862,1608.31412103746,"N",0.950684931506849,NA,"dead = complete mortality or lost",817,74
"3104","NOAA_survey","Florida","Carysfort Reef","CF2",NA,NA,25.22179,-80.210586,"2.4",2014,"field","CF2-t042",27738,19416.6,1661.95965417867,1163.37175792507,"N",0.950684931506849,NA,"dead = complete mortality or lost",817,74
"3105","NOAA_survey","Florida","Carysfort Reef","CF2",NA,NA,25.22179,-80.210586,"2.4",2014,"field","CF2-t043",16308,11415.6,3337.59365994236,3360.89265129683,"N",0.950684931506849,NA,"dead = complete mortality or lost",817,74
"3106","NOAA_survey","Florida","Carysfort Reef","CF2",NA,NA,25.22179,-80.210586,"2.4",2014,"field","CF2-t045",16150,12112.5,1945.96541786744,2406.15994236311,"N",0.950684931506849,NA,"dead = complete mortality or lost",817,74
"3107","NOAA_survey","Florida","Carysfort Reef","CF2",NA,NA,25.22179,-80.210586,"2.4",2014,"field","CF2-t047",15834,7125.3,1047.66570605187,471.449567723343,"N",0.950684931506849,NA,"dead = complete mortality or lost",817,74
"3108","NOAA_survey","Florida","Carysfort Reef","CF2",NA,NA,25.22179,-80.210586,"2.4",2014,"field","CF2-t048",13184,9228.8,2162.65129682997,712.328530259367,"N",0.950684931506849,NA,"dead = complete mortality or lost",817,74
"3109","NOAA_survey","Florida","Carysfort Reef","CF2",NA,NA,25.22179,-80.210586,"2.4",2014,"field","CF2-t049",18,18,17.8818443804035,17.8818443804035,"N",0.950684931506849,NA,"dead = complete mortality or lost",817,74
"3110","NOAA_survey","Florida","Carysfort Reef","CF3",NA,NA,25.22289,-80.20956,"3.7",2014,"field","CF3-t088",42630,10657.5,2460.88050314466,615.220125786164,"N",1.30684931506849,NA,"dead = complete mortality or lost",817,74
"3111","NOAA_survey","Florida","Carysfort Reef","CF3",NA,NA,25.22289,-80.20956,"3.7",2014,"field","CF3-t090",53475,16042.5,-21746.1949685535,-6523.85849056604,"N",1.30684931506849,NA,"dead = complete mortality or lost",817,74
"3112","NOAA_survey","Florida","Carysfort Reef","CF3",NA,NA,25.22289,-80.20956,"3.7",2014,"field","CF3-t092",17940,6279,671.844863731657,1675.09748427673,"N",1.30684931506849,NA,"dead = complete mortality or lost",817,74
"3113","NOAA_survey","Florida","Carysfort Reef","CF3",NA,NA,25.22289,-80.20956,"3.7",2014,"field","CF3-t095",54,54,84.9371069182391,84.9371069182391,"N",1.30684931506849,NA,"dead = complete mortality or lost",817,74
"3114","NOAA_survey","Florida","Elbow Reef","EL1",NA,NA,25.142579,-80.258364,"3.4",2014,"field","EL1-t051",24472,9788.8,-7551.31147540983,-2177.83333333333,"N",1.0027397260274,NA,"dead = complete mortality or lost",817,118
"3115","NOAA_survey","Florida","Elbow Reef","EL1",NA,NA,25.142579,-80.258364,"3.4",2014,"field","EL1-t052",62100,43470,2899.05737704918,-4453.59836065574,"N",1.0027397260274,NA,"dead = complete mortality or lost",817,118
"3116","NOAA_survey","Florida","Elbow Reef","EL1",NA,NA,25.142579,-80.258364,"3.4",2014,"field","EL1-t054",10880,6528,207.431693989071,124.459016393443,"N",1.0027397260274,NA,"dead = complete mortality or lost",817,118
"3117","NOAA_survey","Florida","Elbow Reef","EL1",NA,NA,25.142579,-80.258364,"3.4",2014,"field","EL1-t055",38940,23364,1346.31147540983,807.786885245901,"N",1.0027397260274,NA,"dead = complete mortality or lost",817,118
"3118","NOAA_survey","Florida","Elbow Reef","EL1",NA,NA,25.142579,-80.258364,"3.4",2014,"field","EL1-t056",8136,5288.4,-654.207650273223,-425.234972677596,"N",1.0027397260274,NA,"dead = complete mortality or lost",817,118
"3119","NOAA_survey","Florida","Elbow Reef","EL1",NA,NA,25.142579,-80.258364,"3.4",2014,"field","EL1-t059",576,460.8,148.592896174863,82.7233606557376,"N",1.0027397260274,NA,"dead = complete mortality or lost",817,118
"3120","NOAA_survey","Florida","Elbow Reef","EL1",NA,NA,25.142579,-80.258364,"3.4",2014,"field","EL1-t060",8798,7038.4,2074.31693989071,32.211748633879,"N",1.0027397260274,NA,"dead = complete mortality or lost",817,118
"3121","NOAA_survey","Florida","Elbow Reef","EL2",NA,NA,25.142899,-80.258221,"3.4",2014,"field","EL2-t065",8100,810,0,-403.89344262295,"N",1.0027397260274,NA,"dead = complete mortality or lost",817,118
"3122","NOAA_survey","Florida","Elbow Reef","EL2",NA,NA,25.142899,-80.258221,"3.4",2014,"field","EL2-t066",13870,7628.5,2084.28961748634,1146.35928961748,"N",1.0027397260274,NA,"dead = complete mortality or lost",817,118
"3123","NOAA_survey","Florida","Elbow Reef","EL2",NA,NA,25.142899,-80.258221,"3.4",2014,"field","EL2-t067",800,560,63.8251366120218,-472.306010928961,"N",1.0027397260274,NA,"dead = complete mortality or lost",817,118
"3124","NOAA_survey","Florida","Elbow Reef","EL2",NA,NA,25.142899,-80.258221,"3.4",2014,"field","EL2-t070",48,48,127.650273224044,74.9945355191256,"N",1.0027397260274,NA,"dead = complete mortality or lost",817,118
"3125","NOAA_survey","Florida","Elbow Reef","EL2",NA,NA,25.142899,-80.258221,"3.4",2014,"field","EL2-t072",3570,3391.5,1226.63934426229,925.963114754097,"N",1.0027397260274,NA,"dead = complete mortality or lost",817,118
"3126","NOAA_survey","Florida","Elbow Reef","EL2",NA,NA,25.142899,-80.258221,"3.4",2014,"field","EL2-t073",12152,6076,5520.87431693988,3642.42076502732,"N",1.0027397260274,NA,"dead = complete mortality or lost",817,118
"3127","NOAA_survey","Florida","Elbow Reef","EL2",NA,NA,25.142899,-80.258221,"3.4",2024,"field","EL2-t437",1395,1325.25,-52.1428571428571,-988.107142857142,"N",0.863013698630137,NA,"dead = complete mortality or lost",817,118
"3128","NOAA_survey","Florida","Elbow Reef","EL2",NA,NA,25.142899,-80.258221,"3.4",2015,"field","EL2-t913",36176,21705.6,2982.79569892473,-3982.03225806451,"N",1.01917808219178,NA,"dead = complete mortality or lost",817,118
"3129","NOAA_survey","Florida","Elbow Reef","EL3",NA,NA,25.143881,-80.257827,"4",2014,"field","EL3-t076",4218,632.7,456.25,68.4375000000001,"N",0.712328767123287,NA,"dead = complete mortality or lost",817,118
"3130","NOAA_survey","Florida","Elbow Reef","EL3",NA,NA,25.143881,-80.257827,"4",2014,"field","EL3-t077",1755,614.25,-273.75,-205.3125,"N",0.712328767123287,NA,"dead = complete mortality or lost",817,118
"3131","NOAA_survey","Florida","Elbow Reef","EL3",NA,NA,25.143881,-80.257827,"4",2014,"field","EL3-t078",2268,1134,-533.461538461539,-134.207692307692,"N",0.712328767123287,NA,"dead = complete mortality or lost",817,118
"3132","NOAA_survey","Florida","Elbow Reef","EL3",NA,NA,25.143881,-80.257827,"4",2014,"field","EL3-t079",765,153,63.173076923077,-101.076923076923,"N",0.712328767123287,NA,"dead = complete mortality or lost",817,118
"3133","NOAA_survey","Florida","Elbow Reef","EL3",NA,NA,25.143881,-80.257827,"4",2014,"field","EL3-t083",8245,5359.25,1249.42307692308,1453.33173076923,"N",0.712328767123287,NA,"dead = complete mortality or lost",817,118
"3134","NOAA_survey","Florida","Elbow Reef","EL3",NA,NA,25.143881,-80.257827,"4",2014,"field","EL3-t086",19224,12495.6,3790.38461538462,4002.64615384616,"N",0.712328767123287,NA,"dead = complete mortality or lost",817,118
"3135","NOAA_survey","Florida","Elbow Reef","EL3",NA,NA,25.143881,-80.257827,"4",2015,"field","EL3-t911",7150,5362.5,970.053908355796,1127.76145552561,"N",1.01643835616438,NA,"dead = complete mortality or lost",817,118
"3136","NOAA_survey","Florida","Elbow Reef","EL4",NA,NA,25.145086,-80.257301,"4.9",2014,"field","EL4-t153",21463,8585.2,2952.37903225806,2381.52688172043,"N",1.01917808219178,NA,"dead = complete mortality or lost",817,118
"3137","NOAA_survey","Florida","Elbow Reef","EL4",NA,NA,25.145086,-80.257301,"4.9",2014,"field","EL4-t154",17536,7891.2,4120.96774193548,788.086021505375,"N",1.01917808219178,NA,"dead = complete mortality or lost",817,118
"3138","NOAA_survey","Florida","Elbow Reef","EL4",NA,NA,25.145086,-80.257301,"4.9",2014,"field","EL4-t158",6873,5154.75,-3774.61021505376,-2830.95766129032,"N",1.01917808219178,NA,"dead = complete mortality or lost",817,118
"3139","NOAA_survey","Florida","Elbow Reef","EL4",NA,NA,25.145086,-80.257301,"4.9",2014,"field","EL4-t168",26245,20996,4476.15591397849,558.194892473115,"N",1.01917808219178,NA,"dead = complete mortality or lost",817,118
"3140","NOAA_survey","Florida","Elbow Reef","EL5",NA,NA,25.145179,-80.257389,"4.9",2014,"field","EL5-t177",3690,553.5,-1420.75268817204,-213.112903225806,"N",1.01917808219178,NA,"dead = complete mortality or lost",817,118
"3141","NOAA_survey","Florida","Elbow Reef","EL5",NA,NA,25.145179,-80.257389,"4.9",2014,"field","EL5-t180",17741,5322.3,4606.65322580644,2482.68682795698,"N",1.01917808219178,NA,"dead = complete mortality or lost",817,118
"3142","NOAA_survey","Florida","Elbow Reef","EL5",NA,NA,25.145179,-80.257389,"4.9",2014,"field","EL5-t183",598,568.1,102.043010752688,96.9408602150536,"N",1.01917808219178,NA,"dead = complete mortality or lost",817,118
"3143","NOAA_survey","Florida","French Reef","FR1",NA,NA,25.033886,-80.349365,"6.4",2014,"field","FR1-t002",5481,4658.85,826.052631578948,383.755540166206,"N",0.98904109589041,NA,"dead = complete mortality or lost",817,76
"3144","NOAA_survey","Florida","French Reef","FR1",NA,NA,25.033886,-80.349365,"6.4",2014,"field","FR1-t003",374,374,120.318559556787,20.6260387811635,"N",0.98904109589041,NA,"dead = complete mortality or lost",817,76
"3145","NOAA_survey","Florida","French Reef","FR1",NA,NA,25.033886,-80.349365,"6.4",2014,"field","FR1-t004",4964,992.8,-89.9861495844876,228.453601108033,"N",0.98904109589041,NA,"dead = complete mortality or lost",817,76
"3146","NOAA_survey","Florida","French Reef","FR1",NA,NA,25.033886,-80.349365,"6.4",2014,"field","FR1-t005",17136,10281.6,1631.8836565097,1927.01800554017,"N",0.98904109589041,NA,"dead = complete mortality or lost",817,76
"3147","NOAA_survey","Florida","French Reef","FR1",NA,NA,25.033886,-80.349365,"6.4",2014,"field","FR1-t006",17034,6813.6,1037.36842105263,1327.95290858726,"N",0.98904109589041,NA,"dead = complete mortality or lost",817,76
"3148","NOAA_survey","Florida","French Reef","FR1",NA,NA,25.033886,-80.349365,"6.4",2014,"field","FR1-t007",390,97.5,-90.9972299168975,7.5831024930748,"N",0.98904109589041,NA,"dead = complete mortality or lost",817,76
"3149","NOAA_survey","Florida","French Reef","FR1",NA,NA,25.033886,-80.349365,"6.4",2014,"field","FR1-t008",4800,1680,835.152354570637,861.137119113574,"N",0.98904109589041,NA,"dead = complete mortality or lost",817,76
"3150","NOAA_survey","Florida","French Reef","FR1",NA,NA,25.033886,-80.349365,"6.4",2014,"field","FR1-t009",24272,14563.2,3028.18559556787,-2318.45775623269,"N",0.98904109589041,NA,"dead = complete mortality or lost",817,76
"3151","NOAA_survey","Florida","French Reef","FR1",NA,NA,25.033886,-80.349365,"6.4",2014,"field","FR1-t010",3795,948.75,-222.437673130194,125.121191135734,"N",0.98904109589041,NA,"dead = complete mortality or lost",817,76
"3152","NOAA_survey","Florida","French Reef","FR2",NA,NA,25.033681,-80.349545,"4.9",2017,"field","FR2-t251",3600,36,-2463.75,-24.6375,"N",1.0958904109589,NA,"dead = complete mortality or lost",817,76
"3153","NOAA_survey","Florida","French Reef","FR2",NA,NA,25.033681,-80.349545,"4.9",2017,"field","FR2-t255",528,264,-30.1125,-218.315625,"N",1.0958904109589,NA,"dead = complete mortality or lost",817,76
"3154","NOAA_survey","Florida","French Reef","FR2",NA,NA,25.033681,-80.349545,"4.9",2017,"field","FR2-t256",1225,918.75,-679.812500000001,-833.979375000001,"N",1.0958904109589,NA,"dead = complete mortality or lost",817,76
"3155","NOAA_survey","Florida","French Reef","FR2",NA,NA,25.033681,-80.349545,"4.9",2017,"field","FR2-t259",546,354.9,-151.475,-320.37875,"N",1.0958904109589,NA,"dead = complete mortality or lost",817,76
"3156","NOAA_survey","Florida","French Reef","FR2",NA,NA,25.033681,-80.349545,"4.9",2017,"field","FR2-t260",1,1,957.212500000001,8.66875000000001,"N",1.0958904109589,NA,"dead = complete mortality or lost",817,76
"3157","NOAA_survey","Florida","Key Largo Dry Rocks","KL1",NA,NA,25.123581,-80.297359,"2.1",2014,"field","KL1-t104",9200,92,-584,-5.84,"N",0.684931506849315,NA,"dead = complete mortality or lost",817,62
"3158","NOAA_survey","Florida","Key Largo Dry Rocks","KL1",NA,NA,25.123581,-80.297359,"2.1",2014,"field","KL1-t105",2408,2046.8,877.46,745.841,"N",0.684931506849315,NA,"dead = complete mortality or lost",817,62
"3159","NOAA_survey","Florida","Key Largo Dry Rocks","KL1",NA,NA,25.123581,-80.297359,"2.1",2014,"field","KL1-t106",2250,112.5,0,0,"N",0.684931506849315,NA,"dead = complete mortality or lost",817,62
"3160","NOAA_survey","Florida","Key Largo Dry Rocks","KL1",NA,NA,25.123581,-80.297359,"2.1",2014,"field","KL1-t107",5900,1180,846.8,1115.44,"N",0.684931506849315,NA,"dead = complete mortality or lost",817,62
"3161","NOAA_survey","Florida","Key Largo Dry Rocks","KL1",NA,NA,25.123581,-80.297359,"2.1",2014,"field","KL1-t108",14670,1467,-2803.2,650.43,"N",0.684931506849315,NA,"dead = complete mortality or lost",817,62
"3162","NOAA_survey","Florida","Key Largo Dry Rocks","KL1",NA,NA,25.123581,-80.297359,"2.1",2014,"field","KL1-t109",234,210.6,-43.8,-24.528,"N",0.684931506849315,NA,"dead = complete mortality or lost",817,62
"3163","NOAA_survey","Florida","Key Largo Dry Rocks","KL1",NA,NA,25.123581,-80.297359,"2.1",2014,"field","KL1-t110",16435,1643.5,-233.6,1164.715,"N",0.684931506849315,NA,"dead = complete mortality or lost",817,62
"3164","NOAA_survey","Florida","Key Largo Dry Rocks","KL3",NA,NA,25.122538,-80.298287,"3",2014,"field","KL3-t215",1102,55.1,-1017.34042553191,-1.06781914893617,"N",1.03013698630137,NA,"dead = complete mortality or lost",817,62
"3165","NOAA_survey","Florida","Key Largo Dry Rocks","KL3",NA,NA,25.122538,-80.298287,"3",2014,"field","KL3-t217",55,55,55.3324468085106,55.3324468085106,"N",1.03013698630137,NA,"dead = complete mortality or lost",817,62
"3166","NOAA_survey","Florida","Key Largo Dry Rocks","KL3",NA,NA,25.122538,-80.298287,"3",2014,"field","KL3-t220",60,51,291.223404255319,296.465425531915,"N",1.03013698630137,NA,"dead = complete mortality or lost",817,62
"3167","NOAA_survey","Florida","Molasses Reef","ML1",NA,NA,25.00958,-80.37481,"3.7",2014,"field","ML1-t013",21296,13842.4,2158.91483516484,2578.96565934066,"N",0.997260273972602,NA,"dead = complete mortality or lost",817,65
"3168","NOAA_survey","Florida","Molasses Reef","ML1",NA,NA,25.00958,-80.37481,"3.7",2014,"field","ML1-t015",2040,816,60.1648351648352,234.642857142857,"N",0.997260273972602,NA,"dead = complete mortality or lost",817,65
"3169","NOAA_survey","Florida","Molasses Reef","ML1",NA,NA,25.00958,-80.37481,"3.7",2014,"field","ML1-t016",11300,9040,1894.18956043956,1515.35164835165,"N",0.997260273972602,NA,"dead = complete mortality or lost",817,65
"3170","NOAA_survey","Florida","Molasses Reef","ML1",NA,NA,25.00958,-80.37481,"3.7",2014,"field","ML1-t017",468,444.6,276.758241758242,262.92032967033,"N",0.997260273972602,NA,"dead = complete mortality or lost",817,65
"3171","NOAA_survey","Florida","Molasses Reef","ML1",NA,NA,25.00958,-80.37481,"3.7",2014,"field","ML1-t018",4029,3988.71,1543.22802197802,1304.46387362637,"N",0.997260273972602,NA,"dead = complete mortality or lost",817,65
"3172","NOAA_survey","Florida","Molasses Reef","ML1",NA,NA,25.00958,-80.37481,"3.7",2014,"field","ML1-t020",32800,1640,-3208.79120879121,-160.439560439561,"N",0.997260273972602,NA,"dead = complete mortality or lost",817,65
"3173","NOAA_survey","Florida","Molasses Reef","ML2",NA,NA,25.009122,-80.374734,"5.5",2014,"field","ML2-t126",18200,8190,-1504.12087912088,-676.854395604396,"N",0.997260273972602,NA,"dead = complete mortality or lost",817,65
"3174","NOAA_survey","Florida","Molasses Reef","ML2",NA,NA,25.009122,-80.374734,"5.5",2014,"field","ML2-t128",30,30,26.0714285714286,14.8406593406594,"N",0.997260273972602,NA,"dead = complete mortality or lost",817,65
"3175","NOAA_survey","Florida","Molasses Reef","ML2",NA,NA,25.009122,-80.374734,"5.5",2014,"field","ML2-t129",13528,2705.6,-3710.16483516484,-1727.53296703297,"N",0.997260273972602,NA,"dead = complete mortality or lost",817,65
"3176","NOAA_survey","Florida","Molasses Reef","ML2",NA,NA,25.009122,-80.374734,"5.5",2014,"field","ML2-t130",1462,1242.7,253.695054945055,215.640796703297,"N",0.997260273972602,NA,"dead = complete mortality or lost",817,65
"3177","NOAA_survey","Florida","Molasses Reef","ML2",NA,NA,25.009122,-80.374734,"5.5",2014,"field","ML2-t131",21280,13832,2351.44230769231,1528.4375,"N",0.997260273972602,NA,"dead = complete mortality or lost",817,65
"3178","NOAA_survey","Florida","Molasses Reef","ML2",NA,NA,25.009122,-80.374734,"5.5",2014,"field","ML2-t132",27456,13728,-1134.10714285714,-1886.91964285714,"N",0.997260273972602,NA,"dead = complete mortality or lost",817,65
"3179","NOAA_survey","Florida","Molasses Reef","ML2",NA,NA,25.009122,-80.374734,"5.5",2014,"field","ML2-t137",152,91.2,-120.32967032967,-65.7802197802198,"N",0.997260273972602,NA,"dead = complete mortality or lost",817,65
"3180","NOAA_survey","Florida","Molasses Reef","ML3",NA,NA,25.010151,-80.373305,"4.3",2014,"field","ML3-t144",16241,11368.7,909.470954356846,1297.03734439834,"N",1.32054794520548,NA,"dead = complete mortality or lost",817,65
"3181","NOAA_survey","Florida","Molasses Reef","ML3",NA,NA,25.010151,-80.373305,"4.3",2014,"field","ML3-t145",25155,11319.75,2530.01037344398,-1019.38744813278,"N",1.32054794520548,NA,"dead = complete mortality or lost",817,65
"3182","NOAA_survey","Florida","Molasses Reef","ML3",NA,NA,25.010151,-80.373305,"4.3",2014,"field","ML3-t146",35616,17808,5456.82572614108,1107.04045643154,"N",1.32054794520548,NA,"dead = complete mortality or lost",817,65
"3183","NOAA_survey","Florida","Molasses Reef","ML3",NA,NA,25.010151,-80.373305,"4.3",2014,"field","ML3-t147",20680,10340,2632.24066390041,401.5,"N",1.32054794520548,NA,"dead = complete mortality or lost",817,65
"3184","NOAA_survey","Florida","Molasses Reef","ML3",NA,NA,25.010151,-80.373305,"4.3",2014,"field","ML3-t148",14214,4264.2,875.394190871369,-319.33713692946,"N",1.32054794520548,NA,"dead = complete mortality or lost",817,65
"3185","NOAA_survey","Florida","Molasses Reef","ML3",NA,NA,25.010151,-80.373305,"4.3",2014,"field","ML3-t150",5032,4528.8,1008.67219917012,907.804979253112,"N",1.32054794520548,NA,"dead = complete mortality or lost",817,65
"3186","NOAA_survey","Florida","Molasses Reef","ML3",NA,NA,25.010151,-80.373305,"4.3",2014,"field","ML3-t184",43680,30576,2453.52697095436,-1835.60165975103,"N",1.32054794520548,NA,"dead = complete mortality or lost",817,65
"3187","NOAA_survey","Florida","Molasses Reef","ML3",NA,NA,25.010151,-80.373305,"4.3",2014,"field","ML3-t185",1120,1108.8,331.680497925311,-603.688796680498,"N",1.32054794520548,NA,"dead = complete mortality or lost",817,65
"3188","NOAA_survey","Florida","Molasses Reef","ML3",NA,NA,25.010151,-80.373305,"4.3",2014,"field","ML3-t186",2891,2862.09,795.881742738589,519.261721991701,"N",1.32054794520548,NA,"dead = complete mortality or lost",817,65
"3189","NOAA_survey","Florida","Molasses Reef","ML3",NA,NA,25.010151,-80.373305,"4.3",2015,"field","ML3-t915",3604,1261.4,467.2,325.349473684211,"N",1.3013698630137,NA,"dead = complete mortality or lost",817,65
"3190","NOAA_survey","Florida","Sand Island","SI1",NA,NA,25.018314,-80.368583,"3.7",2019,"field","SI1-t308",2340,468,0,0,"N",1.01095890410959,NA,"dead = complete mortality or lost",817,71
"3191","NOAA_survey","Florida","Sand Island","SI2",NA,NA,25.018249,-80.368447,"3.4",2019,"field","SI2-t323",5775,2887.5,940.691056910569,1468.30894308943,"N",1.01095890410959,NA,"dead = complete mortality or lost",817,71
"3192","NOAA_survey","Florida","Sand Island","SI2",NA,NA,25.018249,-80.368447,"3.4",2019,"field","SI2-t324",17490,13992,-89.0243902439024,-71.2195121951219,"N",1.01095890410959,NA,"dead = complete mortality or lost",817,71
"3193","NOAA_survey","Florida","Sand Island","SI2",NA,NA,25.018249,-80.368447,"3.4",2019,"field","SI2-t326",18055,5416.5,-1478.79403794038,-443.638211382114,"N",1.01095890410959,NA,"dead = complete mortality or lost",817,71
"3194","NOAA_survey","Florida","Sand Island","SI2",NA,NA,25.018249,-80.368447,"3.4",2019,"field","SI2-t334",58140,26163,-1800.27100271003,1975.35230352303,"N",1.01095890410959,NA,"dead = complete mortality or lost",817,71
"3195","NOAA_survey","Florida","Carysfort Reef","CF1",NA,NA,25.22194,-80.21055,"2.1",2015,"field","CF1-t024",510,510,-440.229007633588,-451.931297709924,"N",1.07671232876712,NA,"dead = complete mortality or lost",817,74
"3196","NOAA_survey","Florida","Carysfort Reef","CF2",NA,NA,25.22179,-80.210586,"2.4",2015,"field","CF2-t042",29318,20522.6,-5751.76844783715,-16912.6882951654,"N",1.07671232876712,NA,"dead = complete mortality or lost",817,74
"3197","NOAA_survey","Florida","Carysfort Reef","CF2",NA,NA,25.22179,-80.210586,"2.4",2015,"field","CF2-t043",19481,14610.75,73.3715012722647,-12661.4599236641,"N",1.07671232876712,NA,"dead = complete mortality or lost",817,74
"3198","NOAA_survey","Florida","Carysfort Reef","CF3",NA,NA,25.22289,-80.20956,"3.7",2015,"field","CF3-t088",45846,11461.5,-13109.4676806084,-3277.36692015209,"N",0.72054794520548,NA,"dead = complete mortality or lost",817,74
"3199","NOAA_survey","Florida","Carysfort Reef","CF3",NA,NA,25.22289,-80.20956,"3.7",2015,"field","CF3-t090",25056,7516.8,-15324.4486692015,-6542.2433460076,"N",0.72054794520548,NA,"dead = complete mortality or lost",817,74
"3200","NOAA_survey","Florida","Carysfort Reef","CF3",NA,NA,25.22289,-80.20956,"3.7",2015,"field","CF3-t092",18818,8468.1,1043.65019011407,-2246.34600760456,"N",0.72054794520548,NA,"dead = complete mortality or lost",817,74
"3201","NOAA_survey","Florida","Carysfort Reef","CF3",NA,NA,25.22289,-80.20956,"3.7",2015,"field","CF3-t095",165,165,34.6958174904943,34.6958174904943,"N",0.72054794520548,NA,"dead = complete mortality or lost",817,74
"3202","NOAA_survey","Florida","Elbow Reef","EL1",NA,NA,25.142579,-80.258364,"3.4",2015,"field","EL1-t051",16900,7605,2373.49184782609,111.285326086957,"N",1.00821917808219,NA,"dead = complete mortality or lost",817,118
"3203","NOAA_survey","Florida","Elbow Reef","EL1",NA,NA,25.142579,-80.258364,"3.4",2015,"field","EL1-t052",65007,39004.2,-4023.92663043478,-2414.35597826087,"N",1.00821917808219,NA,"dead = complete mortality or lost",817,118
"3204","NOAA_survey","Florida","Elbow Reef","EL1",NA,NA,25.142579,-80.258364,"3.4",2015,"field","EL1-t054",11088,6652.8,2279.26630434783,1367.5597826087,"N",1.00821917808219,NA,"dead = complete mortality or lost",817,118
"3205","NOAA_survey","Florida","Elbow Reef","EL1",NA,NA,25.142579,-80.258364,"3.4",2015,"field","EL1-t055",40290,24174,-1475.86956521739,-2809.80570652174,"N",1.00821917808219,NA,"dead = complete mortality or lost",817,118
"3206","NOAA_survey","Florida","Elbow Reef","EL1",NA,NA,25.142579,-80.258364,"3.4",2015,"field","EL1-t056",7480,4862,1477.85326086957,960.604619565218,"N",1.00821917808219,NA,"dead = complete mortality or lost",817,118
"3207","NOAA_survey","Florida","Elbow Reef","EL1",NA,NA,25.142579,-80.258364,"3.4",2015,"field","EL1-t059",725,543.75,80.3396739130435,-523.328668478261,"N",1.00821917808219,NA,"dead = complete mortality or lost",817,118
"3208","NOAA_survey","Florida","Elbow Reef","EL1",NA,NA,25.142579,-80.258364,"3.4",2015,"field","EL1-t060",10878,7070.7,3029.10326086957,1277.99592391304,"N",1.00821917808219,NA,"dead = complete mortality or lost",817,118
"3209","NOAA_survey","Florida","Elbow Reef","EL1",NA,NA,25.142579,-80.258364,"3.4",2022,"field","EL1-t232",5828,4662.4,903.615323224262,722.892258579409,"N",3.43287671232877,NA,"dead = complete mortality or lost",817,118
"3210","NOAA_survey","Florida","Elbow Reef","EL2",NA,NA,25.142899,-80.258221,"3.4",2015,"field","EL2-t065",8100,405,-7954.6195652174,-338.220108695652,"N",1.00821917808219,NA,"dead = complete mortality or lost",817,118
"3211","NOAA_survey","Florida","Elbow Reef","EL2",NA,NA,25.142899,-80.258221,"3.4",2015,"field","EL2-t066",15960,8778,927.377717391305,-2003.53260869565,"N",1.00821917808219,NA,"dead = complete mortality or lost",817,118
"3212","NOAA_survey","Florida","Elbow Reef","EL2",NA,NA,25.142899,-80.258221,"3.4",2015,"field","EL2-t067",864,86.4,-329.29347826087,-59.3125,"N",1.00821917808219,NA,"dead = complete mortality or lost",817,118
"3213","NOAA_survey","Florida","Elbow Reef","EL2",NA,NA,25.142899,-80.258221,"3.4",2015,"field","EL2-t072",4800,4320,-488.98097826087,-1508.05502717391,"N",1.00821917808219,NA,"dead = complete mortality or lost",817,118
"3214","NOAA_survey","Florida","Elbow Reef","EL2",NA,NA,25.142899,-80.258221,"3.4",2015,"field","EL2-t073",17688,9728.4,-523.695652173913,-2841.04891304348,"N",1.00821917808219,NA,"dead = complete mortality or lost",817,118
"3215","NOAA_survey","Florida","Elbow Reef","EL2",NA,NA,25.142899,-80.258221,"3.4",2016,"field","EL2-t913",39216,17647.2,327.371134020619,-1713.61855670103,"N",1.06301369863014,NA,"dead = complete mortality or lost",817,118
"3216","NOAA_survey","Florida","Elbow Reef","EL3",NA,NA,25.143881,-80.257827,"4",2015,"field","EL3-t076",4543,681.45,651.644021739131,-160.133831521739,"N",1.00821917808219,NA,"dead = complete mortality or lost",817,118
"3217","NOAA_survey","Florida","Elbow Reef","EL3",NA,NA,25.143881,-80.257827,"4",2015,"field","EL3-t077",1560,468,341.195652173913,102.358695652174,"N",1.00821917808219,NA,"dead = complete mortality or lost",817,118
"3218","NOAA_survey","Florida","Elbow Reef","EL3",NA,NA,25.143881,-80.257827,"4",2015,"field","EL3-t079",810,81,-121.005434782609,-12.1005434782609,"N",1.00821917808219,NA,"dead = complete mortality or lost",817,118
"3219","NOAA_survey","Florida","Elbow Reef","EL3",NA,NA,25.143881,-80.257827,"4",2015,"field","EL3-t083",9135,6394.5,1381.64402173913,-2687.61005434783,"N",1.00821917808219,NA,"dead = complete mortality or lost",817,118
"3220","NOAA_survey","Florida","Elbow Reef","EL3",NA,NA,25.143881,-80.257827,"4",2015,"field","EL3-t086",21924,15346.8,1181.29076086957,-6051.06521739131,"N",1.00821917808219,NA,"dead = complete mortality or lost",817,118
"3221","NOAA_survey","Florida","Elbow Reef","EL3",NA,NA,25.143881,-80.257827,"4",2016,"field","EL3-t911",8136,6508.8,1026.2599469496,821.007957559681,"N",1.03287671232877,NA,"dead = complete mortality or lost",817,118
"3222","NOAA_survey","Florida","Elbow Reef","EL4",NA,NA,25.145086,-80.257301,"4.9",2015,"field","EL4-t153",24472,11012.4,1401.12903225806,-640.123655913978,"N",1.01917808219178,NA,"dead = complete mortality or lost",817,118
"3223","NOAA_survey","Florida","Elbow Reef","EL4",NA,NA,25.145086,-80.257301,"4.9",2015,"field","EL4-t154",21736,8694.4,725.094086021506,290.037634408603,"N",1.01917808219178,NA,"dead = complete mortality or lost",817,118
"3224","NOAA_survey","Florida","Elbow Reef","EL4",NA,NA,25.145086,-80.257301,"4.9",2015,"field","EL4-t158",3026,2269.5,280.618279569893,210.463709677419,"N",1.01917808219178,NA,"dead = complete mortality or lost",817,118
"3225","NOAA_survey","Florida","Elbow Reef","EL4",NA,NA,25.145086,-80.257301,"4.9",2015,"field","EL4-t168",30807,21564.9,3299.71774193548,2309.80241935484,"N",1.01917808219178,NA,"dead = complete mortality or lost",817,118
"3226","NOAA_survey","Florida","Elbow Reef","EL5",NA,NA,25.145179,-80.257389,"4.9",2015,"field","EL5-t177",2242,336.3,-276.693548387097,-41.5040322580645,"N",1.01917808219178,NA,"dead = complete mortality or lost",817,118
"3227","NOAA_survey","Florida","Elbow Reef","EL5",NA,NA,25.145179,-80.257389,"4.9",2015,"field","EL5-t180",22436,7852.6,-3428.25268817204,-270.610215053763,"N",1.01917808219178,NA,"dead = complete mortality or lost",817,118
"3228","NOAA_survey","Florida","Elbow Reef","EL5",NA,NA,25.145179,-80.257389,"4.9",2015,"field","EL5-t183",702,666.9,-170.725806451613,-291.70564516129,"N",1.01917808219178,NA,"dead = complete mortality or lost",817,118
"3229","NOAA_survey","Florida","French Reef","FR1",NA,NA,25.033886,-80.349365,"6.4",2015,"field","FR1-t002",6298,5038.4,1168.58090185676,-1244.96949602122,"N",1.03287671232877,NA,"dead = complete mortality or lost",817,76
"3230","NOAA_survey","Florida","French Reef","FR1",NA,NA,25.033886,-80.349365,"6.4",2015,"field","FR1-t003",493,394.4,504.416445623342,501.705570291778,"N",1.03287671232877,NA,"dead = complete mortality or lost",817,76
"3231","NOAA_survey","Florida","French Reef","FR1",NA,NA,25.033886,-80.349365,"6.4",2015,"field","FR1-t004",4875,1218.75,-607.042440318303,-357.399867374006,"N",1.03287671232877,NA,"dead = complete mortality or lost",817,76
"3232","NOAA_survey","Florida","French Reef","FR1",NA,NA,25.033886,-80.349365,"6.4",2015,"field","FR1-t005",18750,12187.5,1580.05305039788,40.3726790450918,"N",1.03287671232877,NA,"dead = complete mortality or lost",817,76
"3233","NOAA_survey","Florida","French Reef","FR1",NA,NA,25.033886,-80.349365,"6.4",2015,"field","FR1-t006",18060,8127,2221.94960212202,14.5225464190982,"N",1.03287671232877,NA,"dead = complete mortality or lost",817,76
"3234","NOAA_survey","Florida","French Reef","FR1",NA,NA,25.033886,-80.349365,"6.4",2015,"field","FR1-t007",300,105,7.74535809018568,47.4403183023873,"N",1.03287671232877,NA,"dead = complete mortality or lost",817,76
"3235","NOAA_survey","Florida","French Reef","FR1",NA,NA,25.033886,-80.349365,"6.4",2015,"field","FR1-t008",5626,2531.7,-4343.20954907162,-1402.5875331565,"N",1.03287671232877,NA,"dead = complete mortality or lost",817,76
"3236","NOAA_survey","Florida","French Reef","FR1",NA,NA,25.033886,-80.349365,"6.4",2015,"field","FR1-t009",27267,12270.15,-6988.24933687003,-6056.3375331565,"N",1.03287671232877,NA,"dead = complete mortality or lost",817,76
"3237","NOAA_survey","Florida","French Reef","FR1",NA,NA,25.033886,-80.349365,"6.4",2015,"field","FR1-t010",3575,1072.5,-314.655172413793,-94.396551724138,"N",1.03287671232877,NA,"dead = complete mortality or lost",817,76
"3238","NOAA_survey","Florida","French Reef","FR2",NA,NA,25.033681,-80.349545,"4.9",2018,"field","FR2-t255",495,24.75,-435.155844155844,3.83961038961039,"N",1.05479452054795,NA,"dead = complete mortality or lost",817,76
"3239","NOAA_survey","Florida","French Reef","FR2",NA,NA,25.033681,-80.349545,"4.9",2018,"field","FR2-t260",1050,10.5,-904.441558441558,-5.4038961038961,"N",1.05479452054795,NA,"dead = complete mortality or lost",817,76
"3240","NOAA_survey","Florida","Grecian Rocks","GR3",NA,NA,25.109261,-80.306191,"1.5",2022,"field","GR3-t881",221,88.4,-10.8101045296167,25.4037456445993,"N",3.14520547945206,NA,"dead = complete mortality or lost",817,54
"3241","NOAA_survey","Florida","Key Largo Dry Rocks","KL1",NA,NA,25.123581,-80.297359,"2.1",2015,"field","KL1-t105",3009,2557.65,-189.465648854962,-1203.10687022901,"N",1.07671232876712,NA,"dead = complete mortality or lost",817,62
"3242","NOAA_survey","Florida","Key Largo Dry Rocks","KL1",NA,NA,25.123581,-80.297359,"2.1",2015,"field","KL1-t106",2250,112.5,-2039.54198473283,-56.8396946564886,"N",1.07671232876712,NA,"dead = complete mortality or lost",817,62
"3243","NOAA_survey","Florida","Key Largo Dry Rocks","KL1",NA,NA,25.123581,-80.297359,"2.1",2015,"field","KL1-t107",6480,1944,-5999.7455470738,-1790.63613231552,"N",1.07671232876712,NA,"dead = complete mortality or lost",817,62
"3244","NOAA_survey","Florida","Key Largo Dry Rocks","KL1",NA,NA,25.123581,-80.297359,"2.1",2015,"field","KL1-t108",12750,1912.5,-11830.4580152672,-1765.09541984733,"N",1.07671232876712,NA,"dead = complete mortality or lost",817,62
"3245","NOAA_survey","Florida","Key Largo Dry Rocks","KL1",NA,NA,25.123581,-80.297359,"2.1",2015,"field","KL1-t110",16275,2441.25,-905.534351145039,-2125.21946564886,"N",1.07671232876712,NA,"dead = complete mortality or lost",817,62
"3246","NOAA_survey","Florida","Key Largo Dry Rocks","KL3",NA,NA,25.122538,-80.298287,"3",2015,"field","KL3-t215",54,54,42.8212290502793,-55.0558659217877,"N",0.980821917808219,NA,"dead = complete mortality or lost",817,62
"3247","NOAA_survey","Florida","Key Largo Dry Rocks","KL3",NA,NA,25.122538,-80.298287,"3",2015,"field","KL3-t217",112,112,87.68156424581,-114.189944134078,"N",0.980821917808219,NA,"dead = complete mortality or lost",817,62
"3248","NOAA_survey","Florida","Key Largo Dry Rocks","KL3",NA,NA,25.122538,-80.298287,"3",2015,"field","KL3-t220",360,356.4,238.575418994413,-363.368715083799,"N",0.980821917808219,NA,"dead = complete mortality or lost",817,62
"3249","NOAA_survey","Florida","Molasses Reef","ML1",NA,NA,25.00958,-80.37481,"3.7",2015,"field","ML1-t013",23449,16414.3,824.84251968504,577.389763779528,"N",1.04383561643836,NA,"dead = complete mortality or lost",817,65
"3250","NOAA_survey","Florida","Molasses Reef","ML1",NA,NA,25.00958,-80.37481,"3.7",2015,"field","ML1-t015",2100,1050,-362.125984251969,-675.968503937008,"N",1.04383561643836,NA,"dead = complete mortality or lost",817,65
"3251","NOAA_survey","Florida","Molasses Reef","ML1",NA,NA,25.00958,-80.37481,"3.7",2015,"field","ML1-t016",13189,10551.2,2464.94750656168,1216.95406824147,"N",1.04383561643836,NA,"dead = complete mortality or lost",817,65
"3252","NOAA_survey","Florida","Molasses Reef","ML1",NA,NA,25.00958,-80.37481,"3.7",2015,"field","ML1-t017",744,706.8,279.737532808399,116.876640419948,"N",1.04383561643836,NA,"dead = complete mortality or lost",817,65
"3253","NOAA_survey","Florida","Molasses Reef","ML1",NA,NA,25.00958,-80.37481,"3.7",2015,"field","ML1-t018",5568,5289.6,2215.86614173228,1727.57086614173,"N",1.04383561643836,NA,"dead = complete mortality or lost",817,65
"3254","NOAA_survey","Florida","Molasses Reef","ML1",NA,NA,25.00958,-80.37481,"3.7",2015,"field","ML1-t020",29600,1480,-766.404199475066,-866.036745406824,"N",1.04383561643836,NA,"dead = complete mortality or lost",817,65
"3255","NOAA_survey","Florida","Molasses Reef","ML2",NA,NA,25.009122,-80.374734,"5.5",2015,"field","ML2-t126",16700,7515,1437.00787401575,646.653543307087,"N",1.04383561643836,NA,"dead = complete mortality or lost",817,65
"3256","NOAA_survey","Florida","Molasses Reef","ML2",NA,NA,25.009122,-80.374734,"5.5",2015,"field","ML2-t129",9828,982.8,-6306.54855643045,-475.218503937008,"N",1.04383561643836,NA,"dead = complete mortality or lost",817,65
"3257","NOAA_survey","Florida","Molasses Reef","ML2",NA,NA,25.009122,-80.374734,"5.5",2015,"field","ML2-t131",23625,15356.25,635.157480314961,2739.65551181102,"N",1.04383561643836,NA,"dead = complete mortality or lost",817,65
"3258","NOAA_survey","Florida","Molasses Reef","ML2",NA,NA,25.009122,-80.374734,"5.5",2015,"field","ML2-t132",26325,11846.25,1307.67716535433,-6043.33661417323,"N",1.04383561643836,NA,"dead = complete mortality or lost",817,65
"3259","NOAA_survey","Florida","Molasses Reef","ML3",NA,NA,25.010151,-80.373305,"4.3",2015,"field","ML3-t144",17442,13081.5,1054.44444444444,-525.049603174603,"N",0.69041095890411,NA,"dead = complete mortality or lost",817,65
"3260","NOAA_survey","Florida","Molasses Reef","ML3",NA,NA,25.010151,-80.373305,"4.3",2015,"field","ML3-t145",28496,9973.6,-5628.53174603174,-5534.52976190476,"N",0.69041095890411,NA,"dead = complete mortality or lost",817,65
"3261","NOAA_survey","Florida","Molasses Reef","ML3",NA,NA,25.010151,-80.373305,"4.3",2015,"field","ML3-t146",42822,19269.9,2285.59523809524,-5402.43452380953,"N",0.69041095890411,NA,"dead = complete mortality or lost",817,65
"3262","NOAA_survey","Florida","Molasses Reef","ML3",NA,NA,25.010151,-80.373305,"4.3",2015,"field","ML3-t147",24156,10870.2,561.984126984127,-8634.56746031746,"N",0.69041095890411,NA,"dead = complete mortality or lost",817,65
"3263","NOAA_survey","Florida","Molasses Reef","ML3",NA,NA,25.010151,-80.373305,"4.3",2015,"field","ML3-t148",15370,3842.5,521.428571428571,130.357142857143,"N",0.69041095890411,NA,"dead = complete mortality or lost",817,65
"3264","NOAA_survey","Florida","Molasses Reef","ML3",NA,NA,25.010151,-80.373305,"4.3",2015,"field","ML3-t150",6364,5727.6,233.194444444444,-6878.29464285714,"N",0.69041095890411,NA,"dead = complete mortality or lost",817,65
"3265","NOAA_survey","Florida","Molasses Reef","ML3",NA,NA,25.010151,-80.373305,"4.3",2015,"field","ML3-t184",46920,28152,2798.33333333333,-5396.78571428571,"N",0.69041095890411,NA,"dead = complete mortality or lost",817,65
"3266","NOAA_survey","Florida","Molasses Reef","ML3",NA,NA,25.010151,-80.373305,"4.3",2015,"field","ML3-t186",3942,3547.8,292.579365079365,-4838.56746031746,"N",0.69041095890411,NA,"dead = complete mortality or lost",817,65
"3267","NOAA_survey","Florida","Molasses Reef","ML3",NA,NA,25.010151,-80.373305,"4.3",2016,"field","ML3-t915",4212,1684.8,1728.30223880597,3677.23880597015,"N",0.734246575342466,NA,"dead = complete mortality or lost",817,65
"3268","NOAA_survey","Florida","Sand Island","SI1",NA,NA,25.018314,-80.368583,"3.7",2022,"field","SI1-t332",30,30,48.3657243816254,48.3657243816254,"N",3.1013698630137,NA,"dead = complete mortality or lost",817,71
"3269","NOAA_survey","Florida","Sand Island","SI2",NA,NA,25.018249,-80.368447,"3.4",2022,"field","SI2-t313",15936,7171.2,-2738.08028616852,-1703.54610492846,"N",3.44657534246575,NA,"dead = complete mortality or lost",817,71
"3270","NOAA_survey","Florida","Carysfort Reef","CF1",NA,NA,25.22194,-80.21055,"2.1",2016,"field","CF1-t024",36,23.4,-29.5148247978436,-17.1185983827493,"N",1.01643835616438,NA,"dead = complete mortality or lost",817,74
"3271","NOAA_survey","Florida","Carysfort Reef","CF3",NA,NA,25.22289,-80.20956,"3.7",2016,"field","CF3-t088",36400,9100,626.698113207547,-3487.12735849056,"N",1.01643835616438,NA,"dead = complete mortality or lost",817,74
"3272","NOAA_survey","Florida","Carysfort Reef","CF3",NA,NA,25.22289,-80.20956,"3.7",2016,"field","CF3-t090",14014,2802.8,-13781.4555256065,-2751.56873315364,"N",1.01643835616438,NA,"dead = complete mortality or lost",817,74
"3273","NOAA_survey","Florida","Carysfort Reef","CF3",NA,NA,25.22289,-80.20956,"3.7",2016,"field","CF3-t092",19570,6849.5,1524.93261455526,-1544.11725067385,"N",1.01643835616438,NA,"dead = complete mortality or lost",817,74
"3274","NOAA_survey","Florida","Carysfort Reef","CF3",NA,NA,25.22289,-80.20956,"3.7",2016,"field","CF3-t095",190,190,264.649595687331,264.649595687331,"N",1.01643835616438,NA,"dead = complete mortality or lost",817,74
"3275","NOAA_survey","Florida","Elbow Reef","EL1",NA,NA,25.142579,-80.258364,"3.4",2016,"field","EL1-t051",19293,7717.2,-5477.83678756476,-3467.68911917098,"N",1.05753424657534,NA,"dead = complete mortality or lost",817,118
"3276","NOAA_survey","Florida","Elbow Reef","EL1",NA,NA,25.142579,-80.258364,"3.4",2016,"field","EL1-t052",60950,36570,-1159.30051813471,-695.580310880827,"N",1.05753424657534,NA,"dead = complete mortality or lost",817,118
"3277","NOAA_survey","Florida","Elbow Reef","EL1",NA,NA,25.142579,-80.258364,"3.4",2016,"field","EL1-t054",13386,8031.6,-147.512953367875,537.003886010363,"N",1.05753424657534,NA,"dead = complete mortality or lost",817,118
"3278","NOAA_survey","Florida","Elbow Reef","EL1",NA,NA,25.142579,-80.258364,"3.4",2016,"field","EL1-t055",38802,21341.1,-1893.0829015544,-2781.09196891192,"N",1.05753424657534,NA,"dead = complete mortality or lost",817,118
"3279","NOAA_survey","Florida","Elbow Reef","EL1",NA,NA,25.142579,-80.258364,"3.4",2016,"field","EL1-t056",8970,5830.5,151.295336787565,530.006476683937,"N",1.05753424657534,NA,"dead = complete mortality or lost",817,118
"3280","NOAA_survey","Florida","Elbow Reef","EL1",NA,NA,25.142579,-80.258364,"3.4",2016,"field","EL1-t060",13932,8359.2,1123.36787564767,674.020725388601,"N",1.05753424657534,NA,"dead = complete mortality or lost",817,118
"3281","NOAA_survey","Florida","Elbow Reef","EL1",NA,NA,25.142579,-80.258364,"3.4",2023,"field","EL1-t232",8930,7144,2111.53094462541,-6584.38599348535,"N",0.841095890410958,NA,"dead = complete mortality or lost",817,118
"3282","NOAA_survey","Florida","Elbow Reef","EL1",NA,NA,25.142579,-80.258364,"3.4",2022,"field","EL1-t977",7605,4563,766.121308858739,12.4531125299282,"N",3.43287671232877,NA,"dead = complete mortality or lost",817,118
"3283","NOAA_survey","Florida","Elbow Reef","EL1",NA,NA,25.142579,-80.258364,"3.4",2022,"field","EL1-t979",12948,8416.2,2100.86193136473,1365.56025538707,"N",3.43287671232877,NA,"dead = complete mortality or lost",817,118
"3284","NOAA_survey","Florida","Elbow Reef","EL2",NA,NA,25.142899,-80.258221,"3.4",2016,"field","EL2-t065",80,64,26.4766839378238,41.6062176165803,"N",1.05753424657534,NA,"dead = complete mortality or lost",817,118
"3285","NOAA_survey","Florida","Elbow Reef","EL2",NA,NA,25.142899,-80.258221,"3.4",2016,"field","EL2-t066",16895,6758,666.645077720206,-3061.83937823834,"N",1.05753424657534,NA,"dead = complete mortality or lost",817,118
"3286","NOAA_survey","Florida","Elbow Reef","EL2",NA,NA,25.142899,-80.258221,"3.4",2016,"field","EL2-t067",532,26.6,41.6062176165803,29.3134715025906,"N",1.05753424657534,NA,"dead = complete mortality or lost",817,118
"3287","NOAA_survey","Florida","Elbow Reef","EL2",NA,NA,25.142899,-80.258221,"3.4",2016,"field","EL2-t072",4307,2799.55,216.541450777202,-2432.78173575129,"N",1.05753424657534,NA,"dead = complete mortality or lost",817,118
"3288","NOAA_survey","Florida","Elbow Reef","EL2",NA,NA,25.142899,-80.258221,"3.4",2016,"field","EL2-t073",17160,6864,-6893.39378238341,-4623.96373056994,"N",1.05753424657534,NA,"dead = complete mortality or lost",817,118
"3289","NOAA_survey","Florida","Elbow Reef","EL2",NA,NA,25.142899,-80.258221,"3.4",2017,"field","EL2-t913",39564,15825.6,-3219.85835694051,-3172.39801699717,"N",0.967123287671233,NA,"dead = complete mortality or lost",817,118
"3290","NOAA_survey","Florida","Elbow Reef","EL3",NA,NA,25.143881,-80.257827,"4",2016,"field","EL3-t077",1904,571.2,128.60103626943,-347.222797927461,"N",1.05753424657534,NA,"dead = complete mortality or lost",817,118
"3291","NOAA_survey","Florida","Elbow Reef","EL3",NA,NA,25.143881,-80.257827,"4",2016,"field","EL3-t079",688,68.8,-15.1295336787565,-1.51295336787564,"N",1.05753424657534,NA,"dead = complete mortality or lost",817,118
"3292","NOAA_survey","Florida","Elbow Reef","EL3",NA,NA,25.143881,-80.257827,"4",2016,"field","EL3-t083",10528,3684.8,-503.056994818652,769.147668393782,"N",1.05753424657534,NA,"dead = complete mortality or lost",817,118
"3293","NOAA_survey","Florida","Elbow Reef","EL3",NA,NA,25.143881,-80.257827,"4",2016,"field","EL3-t086",23115,9246,434.974093264248,-2055.25259067357,"N",1.05753424657534,NA,"dead = complete mortality or lost",817,118
"3294","NOAA_survey","Florida","Elbow Reef","EL3",NA,NA,25.143881,-80.257827,"4",2017,"field","EL3-t911",9196,7356.8,1524,1755.2,"N",1,NA,"dead = complete mortality or lost",817,118
"3295","NOAA_survey","Florida","Elbow Reef","EL3",NA,NA,25.143881,-80.257827,"4",2022,"field","EL3-t933",1500,15,-429.515738498789,7.95399515738499,"N",3.39452054794521,NA,"dead = complete mortality or lost",817,118
"3296","NOAA_survey","Florida","Elbow Reef","EL4",NA,NA,25.145086,-80.257301,"4.9",2016,"field","EL4-t153",25900,10360,407.712765957447,-1114.41489361702,"N",1.03013698630137,NA,"dead = complete mortality or lost",817,118
"3297","NOAA_survey","Florida","Elbow Reef","EL4",NA,NA,25.145086,-80.257301,"4.9",2016,"field","EL4-t154",22475,8990,1224.10904255319,-662.436170212765,"N",1.03013698630137,NA,"dead = complete mortality or lost",817,118
"3298","NOAA_survey","Florida","Elbow Reef","EL4",NA,NA,25.145086,-80.257301,"4.9",2016,"field","EL4-t158",3312,2484,-1584.25531914894,-1432.81914893617,"N",1.03013698630137,NA,"dead = complete mortality or lost",817,118
"3299","NOAA_survey","Florida","Elbow Reef","EL4",NA,NA,25.145086,-80.257301,"4.9",2016,"field","EL4-t168",34170,23919,2597.71276595745,3606.80186170213,"N",1.03013698630137,NA,"dead = complete mortality or lost",817,118
"3300","NOAA_survey","Florida","Elbow Reef","EL5",NA,NA,25.145179,-80.257389,"4.9",2016,"field","EL5-t177",1960,294,-300.93085106383,-205.3125,"N",1.03013698630137,NA,"dead = complete mortality or lost",817,118
"3301","NOAA_survey","Florida","Elbow Reef","EL5",NA,NA,25.145179,-80.257389,"4.9",2016,"field","EL5-t180",18942,7576.8,2883.11170212766,1153.24468085106,"N",1.03013698630137,NA,"dead = complete mortality or lost",817,118
"3302","NOAA_survey","Florida","French Reef","FR1",NA,NA,25.033886,-80.349365,"6.4",2016,"field","FR1-t002",7505,3752.5,-7001.36363636364,-3466.55194805195,"N",1.05479452054795,NA,"dead = complete mortality or lost",817,76
"3303","NOAA_survey","Florida","French Reef","FR1",NA,NA,25.033886,-80.349365,"6.4",2016,"field","FR1-t003",1014,912.6,73.9480519480519,-658.137662337662,"N",1.05479452054795,NA,"dead = complete mortality or lost",817,76
"3304","NOAA_survey","Florida","French Reef","FR1",NA,NA,25.033886,-80.349365,"6.4",2016,"field","FR1-t004",4248,849.6,-1183.16883116883,-777.023376623377,"N",1.05479452054795,NA,"dead = complete mortality or lost",817,76
"3305","NOAA_survey","Florida","French Reef","FR1",NA,NA,25.033886,-80.349365,"6.4",2016,"field","FR1-t005",20382,12229.2,699.662337662338,-1582.48831168831,"N",1.05479452054795,NA,"dead = complete mortality or lost",817,76
"3306","NOAA_survey","Florida","French Reef","FR1",NA,NA,25.033886,-80.349365,"6.4",2016,"field","FR1-t006",20355,8142,1678.05194805195,671.220779220779,"N",1.05479452054795,NA,"dead = complete mortality or lost",817,76
"3307","NOAA_survey","Florida","French Reef","FR1",NA,NA,25.033886,-80.349365,"6.4",2016,"field","FR1-t007",308,154,39.8181818181818,-79.6363636363636,"N",1.05479452054795,NA,"dead = complete mortality or lost",817,76
"3308","NOAA_survey","Florida","French Reef","FR1",NA,NA,25.033886,-80.349365,"6.4",2016,"field","FR1-t008",1140,1083,590.636363636364,310.392207792208,"N",1.05479452054795,NA,"dead = complete mortality or lost",817,76
"3309","NOAA_survey","Florida","French Reef","FR1",NA,NA,25.033886,-80.349365,"6.4",2016,"field","FR1-t009",20049,6014.7,3878.48051948052,3452.14155844156,"N",1.05479452054795,NA,"dead = complete mortality or lost",817,76
"3310","NOAA_survey","Florida","French Reef","FR2",NA,NA,25.033681,-80.349545,"4.9",2019,"field","FR2-t255",36,28.8,12.5142857142857,19.0217142857143,"N",0.95890410958904,NA,"dead = complete mortality or lost",817,76
"3311","NOAA_survey","Florida","French Reef","FR2",NA,NA,25.033681,-80.349545,"4.9",2019,"field","FR2-t260",96,4.8,-79.2571428571429,15.8514285714286,"N",0.95890410958904,NA,"dead = complete mortality or lost",817,76
"3312","NOAA_survey","Florida","Grecian Rocks","GR3",NA,NA,25.109261,-80.306191,"1.5",2023,"field","GR3-t881",187,168.3,-206.022222222223,-180.553333333334,"N",0.616438356164382,NA,"dead = complete mortality or lost",817,54
"3313","NOAA_survey","Florida","Key Largo Dry Rocks","KL1",NA,NA,25.123581,-80.297359,"2.1",2016,"field","KL1-t110",15300,153,-443.918918918919,-4.43918918918919,"N",1.01369863013699,NA,"dead = complete mortality or lost",817,62
"3314","NOAA_survey","Florida","Molasses Reef","ML1",NA,NA,25.00958,-80.37481,"3.7",2016,"field","ML1-t013",24310,17017,3023.72654155496,775.991957104557,"N",1.02191780821918,NA,"dead = complete mortality or lost",817,65
"3315","NOAA_survey","Florida","Molasses Reef","ML1",NA,NA,25.00958,-80.37481,"3.7",2016,"field","ML1-t015",1722,344.4,-160.482573726541,-32.0965147453083,"N",1.02191780821918,NA,"dead = complete mortality or lost",817,65
"3316","NOAA_survey","Florida","Molasses Reef","ML1",NA,NA,25.00958,-80.37481,"3.7",2016,"field","ML1-t016",15762,11821.5,741.742627345844,1364.59115281501,"N",1.02191780821918,NA,"dead = complete mortality or lost",817,65
"3317","NOAA_survey","Florida","Molasses Reef","ML1",NA,NA,25.00958,-80.37481,"3.7",2016,"field","ML1-t017",1036,828.8,489.276139410187,241.11528150134,"N",1.02191780821918,NA,"dead = complete mortality or lost",817,65
"3318","NOAA_survey","Florida","Molasses Reef","ML1",NA,NA,25.00958,-80.37481,"3.7",2016,"field","ML1-t018",7881,7092.9,1412.0509383378,1727.04691689008,"N",1.02191780821918,NA,"dead = complete mortality or lost",817,65
"3319","NOAA_survey","Florida","Molasses Reef","ML1",NA,NA,25.00958,-80.37481,"3.7",2016,"field","ML1-t020",28800,576,-6776.47453083109,-349.587801608579,"N",1.02191780821918,NA,"dead = complete mortality or lost",817,65
"3320","NOAA_survey","Florida","Molasses Reef","ML2",NA,NA,25.009122,-80.374734,"5.5",2016,"field","ML2-t126",18200,8190,1354.3163538874,-1306.95442359249,"N",1.02191780821918,NA,"dead = complete mortality or lost",817,65
"3321","NOAA_survey","Florida","Molasses Reef","ML2",NA,NA,25.009122,-80.374734,"5.5",2016,"field","ML2-t131",24288,18216,1068.57908847185,-440.348525469169,"N",1.02191780821918,NA,"dead = complete mortality or lost",817,65
"3322","NOAA_survey","Florida","Molasses Reef","ML2",NA,NA,25.009122,-80.374734,"5.5",2016,"field","ML2-t132",27690,5538,240.723860589812,-1318.69705093834,"N",1.02191780821918,NA,"dead = complete mortality or lost",817,65
"3323","NOAA_survey","Florida","Molasses Reef","ML3",NA,NA,25.010151,-80.373305,"4.3",2016,"field","ML3-t144",18170,12719,1473.30729166667,-2717.5390625,"N",1.05205479452055,NA,"dead = complete mortality or lost",817,65
"3324","NOAA_survey","Florida","Molasses Reef","ML3",NA,NA,25.010151,-80.373305,"4.3",2016,"field","ML3-t145",24610,6152.5,5465.49479166667,2809.26432291667,"N",1.05205479452055,NA,"dead = complete mortality or lost",817,65
"3325","NOAA_survey","Florida","Molasses Reef","ML3",NA,NA,25.010151,-80.373305,"4.3",2016,"field","ML3-t146",44400,15540,-7360.83333333334,-834.177083333331,"N",1.05205479452055,NA,"dead = complete mortality or lost",817,65
"3326","NOAA_survey","Florida","Molasses Reef","ML3",NA,NA,25.010151,-80.373305,"4.3",2016,"field","ML3-t147",24544,4908.8,-1779.375,-355.875,"N",1.05205479452055,NA,"dead = complete mortality or lost",817,65
"3327","NOAA_survey","Florida","Molasses Reef","ML3",NA,NA,25.010151,-80.373305,"4.3",2016,"field","ML3-t148",15730,3932.5,-280.403645833334,-70.1009114583334,"N",1.05205479452055,NA,"dead = complete mortality or lost",817,65
"3328","NOAA_survey","Florida","Molasses Reef","ML3",NA,NA,25.010151,-80.373305,"4.3",2016,"field","ML3-t184",48852,24426,1794.58333333333,-6337.12239583334,"N",1.05205479452055,NA,"dead = complete mortality or lost",817,65
"3329","NOAA_survey","Florida","Molasses Reef","ML3",NA,NA,25.010151,-80.373305,"4.3",2016,"field","ML3-t186",4144,207.2,-3796.38020833334,-54.3697916666667,"N",1.05205479452055,NA,"dead = complete mortality or lost",817,65
"3330","NOAA_survey","Florida","Molasses Reef","ML3",NA,NA,25.010151,-80.373305,"4.3",2017,"field","ML3-t915",5481,4384.8,1410.36,1465.548,"N",1.02739726027397,NA,"dead = complete mortality or lost",817,65
"3331","NOAA_survey","Florida","Sand Island","SI1",NA,NA,25.018314,-80.368583,"3.7",2023,"field","SI1-t332",180,180,75.2577319587629,0,"N",0.797260273972602,NA,"dead = complete mortality or lost",817,71
"3332","NOAA_survey","Florida","Sand Island","SI2",NA,NA,25.018249,-80.368447,"3.4",2023,"field","SI2-t313",6499,1299.8,452.800687285224,-339.66323024055,"N",0.797260273972602,NA,"dead = complete mortality or lost",817,71
"3333","NOAA_survey","Florida","Sand Island","SI2",NA,NA,25.018249,-80.368447,"3.4",2022,"field","SI2-t960",10795,10255.25,591.601748807631,562.021661367249,"N",3.44657534246575,NA,"dead = complete mortality or lost",817,71
"3334","NOAA_survey","Florida","Sand Island","SI2",NA,NA,25.018249,-80.368447,"3.4",2022,"field","SI2-t961",3782,3403.8,1049.73767885533,944.763910969793,"N",3.44657534246575,NA,"dead = complete mortality or lost",817,71
"3335","NOAA_survey","Florida","Sand Island","SI2",NA,NA,25.018249,-80.368447,"3.4",2022,"field","SI2-t962",6630,5304,468.581081081081,614.087837837838,"N",3.44657534246575,NA,"dead = complete mortality or lost",817,71
"3336","NOAA_survey","Florida","Carysfort Reef","CF1",NA,NA,25.22194,-80.21055,"2.1",2017,"field","CF1-t024",6,6,27.037037037037,27.037037037037,"N",0.887671232876713,NA,"dead = complete mortality or lost",817,74
"3337","NOAA_survey","Florida","Carysfort Reef","CF3",NA,NA,25.22289,-80.20956,"3.7",2017,"field","CF3-t088",37037,5555.55,1256.09567901235,-1960.57947530864,"N",0.887671232876713,NA,"dead = complete mortality or lost",817,74
"3338","NOAA_survey","Florida","Carysfort Reef","CF3",NA,NA,25.22289,-80.20956,"3.7",2017,"field","CF3-t090",6,6,27.037037037037,27.037037037037,"N",0.887671232876713,NA,"dead = complete mortality or lost",817,74
"3339","NOAA_survey","Florida","Carysfort Reef","CF3",NA,NA,25.22289,-80.20956,"3.7",2017,"field","CF3-t092",21120,5280,2962.80864197531,2078.47222222222,"N",0.887671232876713,NA,"dead = complete mortality or lost",817,74
"3340","NOAA_survey","Florida","Carysfort Reef","CF3",NA,NA,25.22289,-80.20956,"3.7",2017,"field","CF3-t095",459,459,181.373456790123,181.373456790123,"N",0.887671232876713,NA,"dead = complete mortality or lost",817,74
"3341","NOAA_survey","Florida","Elbow Reef","EL1",NA,NA,25.142579,-80.258364,"3.4",2017,"field","EL1-t051",13500,4050,-4441.76923076923,811.423076923077,"N",0.890410958904109,NA,"dead = complete mortality or lost",817,118
"3342","NOAA_survey","Florida","Elbow Reef","EL1",NA,NA,25.142579,-80.258364,"3.4",2017,"field","EL1-t052",59724,35834.4,-12661.5692307692,-4876.2876923077,"N",0.890410958904109,NA,"dead = complete mortality or lost",817,118
"3343","NOAA_survey","Florida","Elbow Reef","EL1",NA,NA,25.142579,-80.258364,"3.4",2017,"field","EL1-t054",13230,8599.5,1201.69230769231,1584.1,"N",0.890410958904109,NA,"dead = complete mortality or lost",817,118
"3344","NOAA_survey","Florida","Elbow Reef","EL1",NA,NA,25.142579,-80.258364,"3.4",2017,"field","EL1-t055",36800,18400,5250.38461538462,7283.15384615385,"N",0.890410958904109,NA,"dead = complete mortality or lost",817,118
"3345","NOAA_survey","Florida","Elbow Reef","EL1",NA,NA,25.142579,-80.258364,"3.4",2017,"field","EL1-t056",9130,6391,2455.04615384615,2353.96923076923,"N",0.890410958904109,NA,"dead = complete mortality or lost",817,118
"3346","NOAA_survey","Florida","Elbow Reef","EL1",NA,NA,25.142579,-80.258364,"3.4",2017,"field","EL1-t060",15120,9072,5503.07692307693,4426.04615384616,"N",0.890410958904109,NA,"dead = complete mortality or lost",817,118
"3347","NOAA_survey","Florida","Elbow Reef","EL1",NA,NA,25.142579,-80.258364,"3.4",2023,"field","EL1-t977",10235,4605.75,457.736156351791,-3581.93403908794,"N",0.84109589041096,NA,"dead = complete mortality or lost",817,118
"3348","NOAA_survey","Florida","Elbow Reef","EL1",NA,NA,25.142579,-80.258364,"3.4",2023,"field","EL1-t979",20160,13104,863.15960912052,-10613.2964169381,"N",0.84109589041096,NA,"dead = complete mortality or lost",817,118
"3349","NOAA_survey","Florida","Elbow Reef","EL2",NA,NA,25.142899,-80.258221,"3.4",2017,"field","EL2-t065",108,108,-11.2307692307692,-11.2307692307692,"N",0.890410958904109,NA,"dead = complete mortality or lost",817,118
"3350","NOAA_survey","Florida","Elbow Reef","EL2",NA,NA,25.142899,-80.258221,"3.4",2017,"field","EL2-t066",17600,3520,-2077.69230769231,-3068.80769230769,"N",0.890410958904109,NA,"dead = complete mortality or lost",817,118
"3351","NOAA_survey","Florida","Elbow Reef","EL2",NA,NA,25.142899,-80.258221,"3.4",2017,"field","EL2-t067",576,57.6,-74.123076923077,-7.4123076923077,"N",0.890410958904109,NA,"dead = complete mortality or lost",817,118
"3352","NOAA_survey","Florida","Elbow Reef","EL2",NA,NA,25.142899,-80.258221,"3.4",2017,"field","EL2-t072",4536,226.8,-5054.96923076923,-219.336923076923,"N",0.890410958904109,NA,"dead = complete mortality or lost",817,118
"3353","NOAA_survey","Florida","Elbow Reef","EL2",NA,NA,25.142899,-80.258221,"3.4",2017,"field","EL2-t073",9870,1974,117.923076923077,-2104.92692307692,"N",0.890410958904109,NA,"dead = complete mortality or lost",817,118
"3354","NOAA_survey","Florida","Elbow Reef","EL2",NA,NA,25.142899,-80.258221,"3.4",2018,"field","EL2-t913",36450,12757.5,-13764.8305084746,-8390.36016949153,"N",0.96986301369863,NA,"dead = complete mortality or lost",817,118
"3355","NOAA_survey","Florida","Elbow Reef","EL3",NA,NA,25.143881,-80.257827,"4",2017,"field","EL3-t077",2040,204,-2003.56923076923,-157.230769230769,"N",0.890410958904109,NA,"dead = complete mortality or lost",817,118
"3356","NOAA_survey","Florida","Elbow Reef","EL3",NA,NA,25.143881,-80.257827,"4",2017,"field","EL3-t079",672,67.2,-506.507692307693,61.0392307692308,"N",0.890410958904109,NA,"dead = complete mortality or lost",817,118
"3357","NOAA_survey","Florida","Elbow Reef","EL3",NA,NA,25.143881,-80.257827,"4",2017,"field","EL3-t083",9996,4498.2,1999.07692307692,2222.12,"N",0.890410958904109,NA,"dead = complete mortality or lost",817,118
"3358","NOAA_survey","Florida","Elbow Reef","EL3",NA,NA,25.143881,-80.257827,"4",2017,"field","EL3-t086",23575,7072.5,-5151.55384615385,-479.216923076924,"N",0.890410958904109,NA,"dead = complete mortality or lost",817,118
"3359","NOAA_survey","Florida","Elbow Reef","EL3",NA,NA,25.143881,-80.257827,"4",2018,"field","EL3-t911",10720,9112,-2854.01129943503,-4065.72881355932,"N",0.96986301369863,NA,"dead = complete mortality or lost",817,118
"3360","NOAA_survey","Florida","Elbow Reef","EL4",NA,NA,25.145086,-80.257301,"4.9",2017,"field","EL4-t153",26320,9212,3172,1110.2,"N",1,NA,"dead = complete mortality or lost",817,118
"3361","NOAA_survey","Florida","Elbow Reef","EL4",NA,NA,25.145086,-80.257301,"4.9",2017,"field","EL4-t154",23736,8307.6,-2806,-982.100000000001,"N",1,NA,"dead = complete mortality or lost",817,118
"3362","NOAA_survey","Florida","Elbow Reef","EL4",NA,NA,25.145086,-80.257301,"4.9",2017,"field","EL4-t158",1680,1008,520,-568,"N",1,NA,"dead = complete mortality or lost",817,118
"3363","NOAA_survey","Florida","Elbow Reef","EL4",NA,NA,25.145086,-80.257301,"4.9",2017,"field","EL4-t168",36846,27634.5,3858,2893.5,"N",1,NA,"dead = complete mortality or lost",817,118
"3364","NOAA_survey","Florida","Elbow Reef","EL5",NA,NA,25.145179,-80.257389,"4.9",2017,"field","EL5-t180",21912,8764.8,-5322,-1299.3,"N",1,NA,"dead = complete mortality or lost",817,118
"3365","NOAA_survey","Florida","French Reef","FR1",NA,NA,25.033886,-80.349365,"6.4",2017,"field","FR1-t002",120,96,53.2522796352584,61.2401215805471,"N",0.901369863013699,NA,"dead = complete mortality or lost",817,76
"3366","NOAA_survey","Florida","French Reef","FR1",NA,NA,25.033886,-80.349365,"6.4",2017,"field","FR1-t003",1092,218.4,-479.270516717325,-95.854103343465,"N",0.901369863013699,NA,"dead = complete mortality or lost",817,76
"3367","NOAA_survey","Florida","French Reef","FR1",NA,NA,25.033886,-80.349365,"6.4",2017,"field","FR1-t004",3000,30,-3314.95440729483,-19.9696048632219,"N",0.901369863013699,NA,"dead = complete mortality or lost",817,76
"3368","NOAA_survey","Florida","French Reef","FR1",NA,NA,25.033886,-80.349365,"6.4",2017,"field","FR1-t005",21120,10560,-1359.04255319149,-1783.11930091185,"N",0.901369863013699,NA,"dead = complete mortality or lost",817,76
"3369","NOAA_survey","Florida","French Reef","FR1",NA,NA,25.033886,-80.349365,"6.4",2017,"field","FR1-t006",22125,8850,1108.31306990881,1726.03951367781,"N",0.901369863013699,NA,"dead = complete mortality or lost",817,76
"3370","NOAA_survey","Florida","French Reef","FR1",NA,NA,25.033886,-80.349365,"6.4",2017,"field","FR1-t007",350,70,46.5957446808511,31.063829787234,"N",0.901369863013699,NA,"dead = complete mortality or lost",817,76
"3371","NOAA_survey","Florida","French Reef","FR1",NA,NA,25.033886,-80.349365,"6.4",2017,"field","FR1-t008",1763,1410.4,234.088145896657,406.270516717325,"N",0.901369863013699,NA,"dead = complete mortality or lost",817,76
"3372","NOAA_survey","Florida","French Reef","FR1",NA,NA,25.033886,-80.349365,"6.4",2017,"field","FR1-t009",24140,9656,-1170.44072948328,-468.176291793313,"N",0.901369863013699,NA,"dead = complete mortality or lost",817,76
"3373","NOAA_survey","Florida","Key Largo Dry Rocks","KL1",NA,NA,25.123581,-80.297359,"2.1",2017,"field","KL1-t110",14850,148.5,0,0,"N",1.29041095890411,NA,"dead = complete mortality or lost",817,62
"3374","NOAA_survey","Florida","Molasses Reef","ML1",NA,NA,25.00958,-80.37481,"3.7",2017,"field","ML1-t013",27400,17810,987.386018237082,641.800911854103,"N",0.901369863013699,NA,"dead = complete mortality or lost",817,65
"3375","NOAA_survey","Florida","Molasses Reef","ML1",NA,NA,25.00958,-80.37481,"3.7",2017,"field","ML1-t015",1558,311.6,-11.0942249240122,169.519756838906,"N",0.901369863013699,NA,"dead = complete mortality or lost",817,65
"3376","NOAA_survey","Florida","Molasses Reef","ML1",NA,NA,25.00958,-80.37481,"3.7",2017,"field","ML1-t016",16520,13216,1162.67477203647,-44.3768996960486,"N",0.901369863013699,NA,"dead = complete mortality or lost",817,65
"3377","NOAA_survey","Florida","Molasses Reef","ML1",NA,NA,25.00958,-80.37481,"3.7",2017,"field","ML1-t017",1536,1075.2,532.522796352584,372.765957446808,"N",0.901369863013699,NA,"dead = complete mortality or lost",817,65
"3378","NOAA_survey","Florida","Molasses Reef","ML1",NA,NA,25.00958,-80.37481,"3.7",2017,"field","ML1-t018",9324,8857.8,1664.13373860182,1580.92705167173,"N",0.901369863013699,NA,"dead = complete mortality or lost",817,65
"3379","NOAA_survey","Florida","Molasses Reef","ML1",NA,NA,25.00958,-80.37481,"3.7",2017,"field","ML1-t020",21875,218.75,-1636.39817629179,-16.3639817629179,"N",0.901369863013699,NA,"dead = complete mortality or lost",817,65
"3380","NOAA_survey","Florida","Molasses Reef","ML2",NA,NA,25.009122,-80.374734,"5.5",2017,"field","ML2-t126",19584,6854.4,-647.90273556231,-3388.62006079027,"N",0.901369863013699,NA,"dead = complete mortality or lost",817,65
"3381","NOAA_survey","Florida","Molasses Reef","ML2",NA,NA,25.009122,-80.374734,"5.5",2017,"field","ML2-t131",25380,17766,3621.15501519757,2534.8085106383,"N",0.901369863013699,NA,"dead = complete mortality or lost",817,65
"3382","NOAA_survey","Florida","Molasses Reef","ML3",NA,NA,25.010151,-80.373305,"4.3",2017,"field","ML3-t144",19720,9860,2079.39393939394,-7322.1212121212,"N",0.904109589041097,NA,"dead = complete mortality or lost",817,65
"3383","NOAA_survey","Florida","Molasses Reef","ML3",NA,NA,25.010151,-80.373305,"4.3",2017,"field","ML3-t145",30360,9108,-20075,-7372.99999999999,"N",0.904109589041097,NA,"dead = complete mortality or lost",817,65
"3384","NOAA_survey","Florida","Molasses Reef","ML3",NA,NA,25.010151,-80.373305,"4.3",2017,"field","ML3-t146",36656,14662.4,-17897.1666666666,-8291.1962121212,"N",0.904109589041097,NA,"dead = complete mortality or lost",817,65
"3385","NOAA_survey","Florida","Molasses Reef","ML3",NA,NA,25.010151,-80.373305,"4.3",2017,"field","ML3-t147",22672,4534.4,-6919.51515151514,2247.51515151515,"N",0.904109589041097,NA,"dead = complete mortality or lost",817,65
"3386","NOAA_survey","Florida","Molasses Reef","ML3",NA,NA,25.010151,-80.373305,"4.3",2017,"field","ML3-t148",15435,3858.75,-3042.77272727272,-59.2295454545456,"N",0.904109589041097,NA,"dead = complete mortality or lost",817,65
"3387","NOAA_survey","Florida","Molasses Reef","ML3",NA,NA,25.010151,-80.373305,"4.3",2017,"field","ML3-t184",50740,17759,1566.18181818182,-5220.60606060606,"N",0.904109589041097,NA,"dead = complete mortality or lost",817,65
"3388","NOAA_survey","Florida","Molasses Reef","ML3",NA,NA,25.010151,-80.373305,"4.3",2017,"field","ML3-t186",150,150,46.4545454545454,35.8363636363636,"N",0.904109589041097,NA,"dead = complete mortality or lost",817,65
"3389","NOAA_survey","Florida","Sand Island","SI1",NA,NA,25.018314,-80.368583,"3.7",2022,"field","SI1-t308",2340,468,-98.6486486486487,-129.984101748808,"N",3.44657534246575,NA,"dead = complete mortality or lost",817,71
"3390","NOAA_survey","Florida","Sand Island","SI2",NA,NA,25.018249,-80.368447,"3.4",2022,"field","SI2-t323",6726,4371.9,915.691573926868,738.559220985691,"N",3.44657534246575,NA,"dead = complete mortality or lost",817,71
"3391","NOAA_survey","Florida","Sand Island","SI2",NA,NA,25.018249,-80.368447,"3.4",2022,"field","SI2-t324",17400,13920,-870.429252782194,-1531.95548489666,"N",3.44657534246575,NA,"dead = complete mortality or lost",817,71
"3392","NOAA_survey","Florida","Sand Island","SI2",NA,NA,25.018249,-80.368447,"3.4",2022,"field","SI2-t326",16560,4968,272.734499205088,-172.054848966614,"N",3.44657534246575,NA,"dead = complete mortality or lost",817,71
"3393","NOAA_survey","Florida","Sand Island","SI2",NA,NA,25.018249,-80.368447,"3.4",2022,"field","SI2-t334",56320,28160,-1732.15421303657,-2326.94753577107,"N",3.44657534246575,NA,"dead = complete mortality or lost",817,71
"3394","NOAA_survey","Florida","Sand Island","SI2",NA,NA,25.018249,-80.368447,"3.4",2023,"field","SI2-t960",12834,12192.3,3394.12371134021,-8470.63402061856,"N",0.797260273972602,NA,"dead = complete mortality or lost",817,71
"3395","NOAA_survey","Florida","Sand Island","SI2",NA,NA,25.018249,-80.368447,"3.4",2023,"field","SI2-t961",7400,6660,-62.7147766323024,-4665.9793814433,"N",0.797260273972602,NA,"dead = complete mortality or lost",817,71
"3396","NOAA_survey","Florida","Sand Island","SI2",NA,NA,25.018249,-80.368447,"3.4",2023,"field","SI2-t962",8245,7420.5,-1359.65635738832,-2121.89175257732,"N",0.797260273972602,NA,"dead = complete mortality or lost",817,71
"3397","NOAA_survey","Florida","Carysfort Reef","CF3",NA,NA,25.22289,-80.20956,"3.7",2018,"field","CF3-t088",38152,3815.2,1700.43650793651,1636.56150793651,"N",1.38082191780822,NA,"dead = complete mortality or lost",817,74
"3398","NOAA_survey","Florida","Carysfort Reef","CF3",NA,NA,25.22289,-80.20956,"3.7",2018,"field","CF3-t092",23750,7125,-3990.37698412699,-2518.06547619048,"N",1.38082191780822,NA,"dead = complete mortality or lost",817,74
"3399","NOAA_survey","Florida","Carysfort Reef","CF3",NA,NA,25.22289,-80.20956,"3.7",2018,"field","CF3-t095",620,620,133.978174603175,75.6795634920636,"N",1.38082191780822,NA,"dead = complete mortality or lost",817,74
"3400","NOAA_survey","Florida","Elbow Reef","EL1",NA,NA,25.142579,-80.258364,"3.4",2018,"field","EL1-t052",48450,31492.5,-5928.52882703778,-3853.54373757455,"N",1.37808219178082,NA,"dead = complete mortality or lost",817,118
"3401","NOAA_survey","Florida","Elbow Reef","EL1",NA,NA,25.142579,-80.258364,"3.4",2018,"field","EL1-t054",14300,10010,-4027.33598409543,-2819.1351888668,"N",1.37808219178082,NA,"dead = complete mortality or lost",817,118
"3402","NOAA_survey","Florida","Elbow Reef","EL1",NA,NA,25.142579,-80.258364,"3.4",2018,"field","EL1-t055",41475,24885,-4429.34393638171,-90.9234592445349,"N",1.37808219178082,NA,"dead = complete mortality or lost",817,118
"3403","NOAA_survey","Florida","Elbow Reef","EL1",NA,NA,25.142579,-80.258364,"3.4",2018,"field","EL1-t056",11316,8487,-3660.15904572565,-2745.11928429424,"N",1.37808219178082,NA,"dead = complete mortality or lost",817,118
"3404","NOAA_survey","Florida","Elbow Reef","EL2",NA,NA,25.142899,-80.258221,"3.4",2018,"field","EL2-t065",98,98,68.62,67.2184,"N",1.36986301369863,NA,"dead = complete mortality or lost",817,118
"3405","NOAA_survey","Florida","Elbow Reef","EL2",NA,NA,25.142899,-80.258221,"3.4",2017,"field","EL2-t067",510,51,-644.693486590038,-71.3218390804597,"N",0.715068493150685,NA,"dead = complete mortality or lost",817,118
"3406","NOAA_survey","Florida","Elbow Reef","EL2",NA,NA,25.142899,-80.258221,"3.4",2019,"field","EL2-t913",23100,4620,-1663.53887399464,-1379.75871313673,"N",1.02191780821918,NA,"dead = complete mortality or lost",817,118
"3407","NOAA_survey","Florida","Elbow Reef","EL3",NA,NA,25.143881,-80.257827,"4",2018,"field","EL3-t077",256,64,75.92,5.84,"N",1.36986301369863,NA,"dead = complete mortality or lost",817,118
"3408","NOAA_survey","Florida","Elbow Reef","EL3",NA,NA,25.143881,-80.257827,"4",2018,"field","EL3-t083",11776,6476.8,-8538.08,-4669.664,"N",1.36986301369863,NA,"dead = complete mortality or lost",817,118
"3409","NOAA_survey","Florida","Elbow Reef","EL3",NA,NA,25.143881,-80.257827,"4",2018,"field","EL3-t086",18988,6645.8,-2900.29,-2111.1965,"N",1.36986301369863,NA,"dead = complete mortality or lost",817,118
"3410","NOAA_survey","Florida","Elbow Reef","EL3",NA,NA,25.143881,-80.257827,"4",2019,"field","EL3-t911",7952,5168.8,145.215053763441,94.3897849462364,"N",1.01917808219178,NA,"dead = complete mortality or lost",817,118
"3411","NOAA_survey","Florida","Elbow Reef","EL4",NA,NA,25.145086,-80.257301,"4.9",2018,"field","EL4-t153",29492,10322.2,-22469.1525423729,-9055.09322033898,"N",0.96986301369863,NA,"dead = complete mortality or lost",817,118
"3412","NOAA_survey","Florida","Elbow Reef","EL4",NA,NA,25.145086,-80.257301,"4.9",2018,"field","EL4-t158",2200,440,-598.022598870057,-286.638418079096,"N",0.96986301369863,NA,"dead = complete mortality or lost",817,118
"3413","NOAA_survey","Florida","Elbow Reef","EL4",NA,NA,25.145086,-80.257301,"4.9",2018,"field","EL4-t168",40704,30528,-24052.8813559322,-17143.8644067797,"N",0.96986301369863,NA,"dead = complete mortality or lost",817,118
"3414","NOAA_survey","Florida","French Reef","FR1",NA,NA,25.033886,-80.349365,"6.4",2018,"field","FR1-t002",168,151.2,-71.5102040816326,-67.0408163265306,"N",1.34246575342466,NA,"dead = complete mortality or lost",817,76
"3415","NOAA_survey","Florida","French Reef","FR1",NA,NA,25.033886,-80.349365,"6.4",2018,"field","FR1-t006",23124,10405.8,-12271.4489795918,-7255.90204081632,"N",1.34246575342466,NA,"dead = complete mortality or lost",817,76
"3416","NOAA_survey","Florida","French Reef","FR1",NA,NA,25.033886,-80.349365,"6.4",2018,"field","FR1-t009",23085,9234,-14775.0510204082,-6273.1581632653,"N",1.34246575342466,NA,"dead = complete mortality or lost",817,76
"3417","NOAA_survey","Florida","Key Largo Dry Rocks","KL1",NA,NA,25.123581,-80.297359,"2.1",2018,"field","KL1-t110",14850,148.5,-5710.1226993865,-57.101226993865,"N",0.893150684931507,NA,"dead = complete mortality or lost",817,62
"3418","NOAA_survey","Florida","Molasses Reef","ML1",NA,NA,25.00958,-80.37481,"3.7",2018,"field","ML1-t013",28290,18388.5,-14958.282208589,-12801.8711656442,"N",1.33972602739726,NA,"dead = complete mortality or lost",817,65
"3419","NOAA_survey","Florida","Molasses Reef","ML1",NA,NA,25.00958,-80.37481,"3.7",2018,"field","ML1-t016",17568,13176,-5499.63190184049,-7550.79754601227,"N",1.33972602739726,NA,"dead = complete mortality or lost",817,65
"3420","NOAA_survey","Florida","Molasses Reef","ML1",NA,NA,25.00958,-80.37481,"3.7",2018,"field","ML1-t017",2016,1411.2,-1174.86707566462,-805.911042944785,"N",1.33972602739726,NA,"dead = complete mortality or lost",817,65
"3421","NOAA_survey","Florida","Molasses Reef","ML2",NA,NA,25.009122,-80.374734,"5.5",2018,"field","ML2-t126",19000,3800,-2985.68507157464,-2724.43762781186,"N",1.33972602739726,NA,"dead = complete mortality or lost",817,65
"3422","NOAA_survey","Florida","Molasses Reef","ML2",NA,NA,25.009122,-80.374734,"5.5",2018,"field","ML2-t131",28644,20050.8,-18136.5439672802,-13668.7648261759,"N",1.33972602739726,NA,"dead = complete mortality or lost",817,65
"3423","NOAA_survey","Florida","Molasses Reef","ML3",NA,NA,25.010151,-80.373305,"4.3",2018,"field","ML3-t145",12210,2442,-5317.93032786886,-1635.76844262295,"N",1.33698630136986,NA,"dead = complete mortality or lost",817,65
"3424","NOAA_survey","Florida","Molasses Reef","ML3",NA,NA,25.010151,-80.373305,"4.3",2018,"field","ML3-t146",20475,7166.25,-6563.26844262296,-4484.90010245902,"N",1.33698630136986,NA,"dead = complete mortality or lost",817,65
"3425","NOAA_survey","Florida","Molasses Reef","ML3",NA,NA,25.010151,-80.373305,"4.3",2018,"field","ML3-t148",12684,3805.2,-6428.63729508197,-1316.91700819672,"N",1.33698630136986,NA,"dead = complete mortality or lost",817,65
"3426","NOAA_survey","Florida","Sand Island","SI2",NA,NA,25.018249,-80.368447,"3.4",2023,"field","SI2-t323",9882,6917.4,2144.84536082474,47.4123711340209,"N",0.797260273972602,NA,"dead = complete mortality or lost",817,71
"3427","NOAA_survey","Florida","Sand Island","SI2",NA,NA,25.018249,-80.368447,"3.4",2023,"field","SI2-t324",14400,8640,-225.773195876289,-135.463917525773,"N",0.797260273972602,NA,"dead = complete mortality or lost",817,71
"3428","NOAA_survey","Florida","Sand Island","SI2",NA,NA,25.018249,-80.368447,"3.4",2023,"field","SI2-t326",17500,4375,-2985.2233676976,-746.305841924399,"N",0.797260273972602,NA,"dead = complete mortality or lost",817,71
"3429","NOAA_survey","Florida","Sand Island","SI2",NA,NA,25.018249,-80.368447,"3.4",2023,"field","SI2-t334",50350,20140,-1191.58075601375,-12869.0721649485,"N",0.797260273972602,NA,"dead = complete mortality or lost",817,71
"3430","NOAA_survey","Florida","Carysfort Reef","CF3",NA,NA,25.22289,-80.20956,"3.7",2019,"field","CF3-t088",40500,6075,-1731.0298102981,-2176.15176151761,"N",1.01095890410959,NA,"dead = complete mortality or lost",817,74
"3431","NOAA_survey","Florida","Carysfort Reef","CF3",NA,NA,25.22289,-80.20956,"3.7",2019,"field","CF3-t092",18240,3648,751.761517615176,1090.054200542,"N",1.01095890410959,NA,"dead = complete mortality or lost",817,74
"3432","NOAA_survey","Florida","Carysfort Reef","CF3",NA,NA,25.22289,-80.20956,"3.7",2019,"field","CF3-t095",805,724.5,767.588075880759,769.022357723577,"N",1.01095890410959,NA,"dead = complete mortality or lost",817,74
"3433","NOAA_survey","Florida","Elbow Reef","EL1",NA,NA,25.142579,-80.258364,"3.4",2019,"field","EL1-t052",40280,26182,808.918918918919,525.797297297298,"N",1.01369863013699,NA,"dead = complete mortality or lost",817,118
"3434","NOAA_survey","Florida","Elbow Reef","EL1",NA,NA,25.142579,-80.258364,"3.4",2019,"field","EL1-t054",8750,6125,2450.43243243243,2269.41216216216,"N",1.01369863013699,NA,"dead = complete mortality or lost",817,118
"3435","NOAA_survey","Florida","Elbow Reef","EL1",NA,NA,25.142579,-80.258364,"3.4",2019,"field","EL1-t055",35371,24759.7,482.391891891892,337.674324324327,"N",1.01369863013699,NA,"dead = complete mortality or lost",817,118
"3436","NOAA_survey","Florida","Elbow Reef","EL1",NA,NA,25.142579,-80.258364,"3.4",2019,"field","EL1-t056",6272,4704,505.081081081081,378.810810810811,"N",1.01369863013699,NA,"dead = complete mortality or lost",817,118
"3437","NOAA_survey","Florida","Elbow Reef","EL2",NA,NA,25.142899,-80.258221,"3.4",2019,"field","EL2-t065",192,190.08,86.1126005361931,87.9914209115283,"N",1.02191780821918,NA,"dead = complete mortality or lost",817,118
"3438","NOAA_survey","Florida","Elbow Reef","EL3",NA,NA,25.143881,-80.257827,"4",2019,"field","EL3-t077",360,72,-58.8709677419355,2.94354838709677,"N",1.01917808219178,NA,"dead = complete mortality or lost",817,118
"3439","NOAA_survey","Florida","Elbow Reef","EL3",NA,NA,25.143881,-80.257827,"4",2019,"field","EL3-t083",80,80,-37.2849462365591,-37.2849462365591,"N",1.01917808219178,NA,"dead = complete mortality or lost",817,118
"3440","NOAA_survey","Florida","Elbow Reef","EL3",NA,NA,25.143881,-80.257827,"4",2019,"field","EL3-t086",15015,3753.75,809.475806451613,1756.5625,"N",1.01917808219178,NA,"dead = complete mortality or lost",817,118
"3441","NOAA_survey","Florida","Elbow Reef","EL4",NA,NA,25.145086,-80.257301,"4.9",2019,"field","EL4-t153",7700,1540,-5718.33333333333,-500.795698924731,"N",1.01917808219178,NA,"dead = complete mortality or lost",817,118
"3442","NOAA_survey","Florida","Elbow Reef","EL4",NA,NA,25.145086,-80.257301,"4.9",2019,"field","EL4-t158",1620,162,126.572580645161,12.6572580645161,"N",1.01917808219178,NA,"dead = complete mortality or lost",817,118
"3443","NOAA_survey","Florida","Elbow Reef","EL4",NA,NA,25.145086,-80.257301,"4.9",2019,"field","EL4-t168",17376,13900.8,2184.11290322581,785.633064516128,"N",1.01917808219178,NA,"dead = complete mortality or lost",817,118
"3444","NOAA_survey","Florida","French Reef","FR1",NA,NA,25.033886,-80.349365,"6.4",2019,"field","FR1-t002",72,61.2,106.253369272237,99.1698113207547,"N",1.01643835616438,NA,"dead = complete mortality or lost",817,76
"3445","NOAA_survey","Florida","French Reef","FR1",NA,NA,25.033886,-80.349365,"6.4",2019,"field","FR1-t009",3250,812.5,-842.156334231805,-210.539083557951,"N",1.01643835616438,NA,"dead = complete mortality or lost",817,76
"3446","NOAA_survey","Florida","French Reef","FR2",NA,NA,25.033681,-80.349545,"4.9",2022,"field","FR2-t255",48,47.04,16.3092046470063,10.2291331546023,"N",3.06575342465753,NA,"dead = complete mortality or lost",817,76
"3447","NOAA_survey","Florida","French Reef","FR2",NA,NA,25.033681,-80.349545,"4.9",2022,"field","FR2-t260",20,20,91.331546023235,91.331546023235,"N",3.06575342465753,NA,"dead = complete mortality or lost",817,76
"3448","NOAA_survey","Florida","Key Largo Dry Rocks","KL1",NA,NA,25.123581,-80.297359,"2.1",2019,"field","KL1-t110",9750,97.5,2769.27860696517,143.911691542288,"N",1.1013698630137,NA,"dead = complete mortality or lost",817,62
"3449","NOAA_survey","Florida","Molasses Reef","ML2",NA,NA,25.009122,-80.374734,"5.5",2019,"field","ML2-t126",15000,150,-14705.9677419355,-135.403225806452,"N",1.01917808219178,NA,"dead = complete mortality or lost",817,65
"3450","NOAA_survey","Florida","Carysfort Reef","CF3",NA,NA,25.22289,-80.20956,"3.7",2019,"field","CF3-t088",38750,3875,-3456.43939393939,-345.643939393939,"N",0.361643835616439,NA,"dead = complete mortality or lost",817,74
"3451","NOAA_survey","Florida","Carysfort Reef","CF3",NA,NA,25.22289,-80.20956,"3.7",2019,"field","CF3-t092",19000,4750,-1271.96969696969,-317.992424242424,"N",0.361643835616439,NA,"dead = complete mortality or lost",817,74
"3452","NOAA_survey","Florida","Carysfort Reef","CF3",NA,NA,25.22289,-80.20956,"3.7",2019,"field","CF3-t095",1581,1501.95,705.113636363635,416.017045454545,"N",0.361643835616439,NA,"dead = complete mortality or lost",817,74
"3453","NOAA_survey","Florida","Elbow Reef","EL1",NA,NA,25.142579,-80.258364,"3.4",2019,"field","EL1-t052",41100,26715,-1824.99999999999,-1186.25,"N",0.328767123287673,NA,"dead = complete mortality or lost",817,118
"3454","NOAA_survey","Florida","Elbow Reef","EL1",NA,NA,25.142579,-80.258364,"3.4",2019,"field","EL1-t054",11234,8425.5,1088.91666666666,816.687499999997,"N",0.328767123287673,NA,"dead = complete mortality or lost",817,118
"3455","NOAA_survey","Florida","Elbow Reef","EL1",NA,NA,25.142579,-80.258364,"3.4",2019,"field","EL1-t055",35860,25102,6740.33333333331,4718.23333333331,"N",0.328767123287673,NA,"dead = complete mortality or lost",817,118
"3456","NOAA_survey","Florida","Elbow Reef","EL1",NA,NA,25.142579,-80.258364,"3.4",2019,"field","EL1-t056",6784,5088,3123.79166666665,3530.76666666665,"N",0.328767123287673,NA,"dead = complete mortality or lost",817,118
"3457","NOAA_survey","Florida","Elbow Reef","EL2",NA,NA,25.142899,-80.258221,"3.4",2019,"field","EL2-t065",280,280,170.333333333333,170.333333333333,"N",0.328767123287673,NA,"dead = complete mortality or lost",817,118
"3458","NOAA_survey","Florida","Elbow Reef","EL3",NA,NA,25.143881,-80.257827,"4",2019,"field","EL3-t077",300,75,-552.024793388429,-155.652892561983,"N",0.331506849315069,NA,"dead = complete mortality or lost",817,118
"3459","NOAA_survey","Florida","Elbow Reef","EL3",NA,NA,25.143881,-80.257827,"4",2019,"field","EL3-t083",42,42,-36.198347107438,-40.7231404958677,"N",0.331506849315069,NA,"dead = complete mortality or lost",817,118
"3460","NOAA_survey","Florida","Elbow Reef","EL3",NA,NA,25.143881,-80.257827,"4",2019,"field","EL3-t086",15840,5544,784.297520661156,2702.80991735537,"N",0.331506849315069,NA,"dead = complete mortality or lost",817,118
"3461","NOAA_survey","Florida","French Reef","FR1",NA,NA,25.033886,-80.349365,"6.4",2019,"field","FR1-t002",180,162,131.294964028777,87.9676258992809,"N",0.380821917808218,NA,"dead = complete mortality or lost",817,76
"3462","NOAA_survey","Florida","French Reef","FR1",NA,NA,25.033886,-80.349365,"6.4",2019,"field","FR1-t009",2394,598.5,99.7841726618708,24.9460431654677,"N",0.380821917808218,NA,"dead = complete mortality or lost",817,76
"3463","NOAA_survey","Florida","Key Largo Dry Rocks","KL1",NA,NA,25.123581,-80.297359,"2.1",2019,"field","KL1-t110",12800,256,0,0,"N",0.347945205479451,NA,"dead = complete mortality or lost",817,62
"3464","NOAA_survey","Florida","Molasses Reef","ML2",NA,NA,25.009122,-80.374734,"5.5",2019,"field","ML2-t126",12,12,10.8148148148148,10.8148148148148,"N",0.36986301369863,NA,"dead = complete mortality or lost",817,65
"3465","NOAA_survey","Florida","Elbow Reef","EL2",NA,NA,25.142899,-80.258221,"3.4",2022,"field","EL2-t913",21400,3210,302.20113085622,375.908723747981,"N",3.39178082191781,NA,"dead = complete mortality or lost",817,118
"3466","NOAA_survey","Florida","Elbow Reef","EL3",NA,NA,25.143881,-80.257827,"4",2022,"field","EL3-t911",8100,5265,832.223567393059,380.02421307506,"N",3.39452054794521,NA,"dead = complete mortality or lost",817,118
"3467","NOAA_survey","Florida","Elbow Reef","EL2",NA,NA,25.142899,-80.258221,"3.4",2023,"field","EL2-t913",22425,4485,-4071.63793103449,1600.96551724138,"N",0.794520547945204,NA,"dead = complete mortality or lost",817,118
"3468","NOAA_survey","Florida","Elbow Reef","EL3",NA,NA,25.143881,-80.257827,"4",2023,"field","EL3-t911",10925,6555,-1433.92857142857,-7430.35714285716,"N",0.882191780821916,NA,"dead = complete mortality or lost",817,118
"3469","NOAA_survey","Florida","Carysfort Reef","CF3",NA,NA,25.22289,-80.20956,"3.7",2023,"field","CF3-t088",37500,3750,-7433.06734992679,938.28513909224,"N",3.74246575342466,NA,"dead = complete mortality or lost",817,74
"3470","NOAA_survey","Florida","Carysfort Reef","CF3",NA,NA,25.22289,-80.20956,"3.7",2023,"field","CF3-t092",18540,4635,-352.708638360176,-318.239385065886,"N",3.74246575342466,NA,"dead = complete mortality or lost",817,74
"3471","NOAA_survey","Florida","Carysfort Reef","CF3",NA,NA,25.22289,-80.20956,"3.7",2023,"field","CF3-t095",1836,1652.4,973.956808199122,71.0627745241581,"N",3.74246575342466,NA,"dead = complete mortality or lost",817,74
"3472","NOAA_survey","Florida","Elbow Reef","EL1",NA,NA,25.142579,-80.258364,"3.4",2022,"field","EL1-t052",40500,26325,4694.09973521624,3051.16482789056,"N",3.1041095890411,NA,"dead = complete mortality or lost",817,118
"3473","NOAA_survey","Florida","Elbow Reef","EL1",NA,NA,25.142579,-80.258364,"3.4",2022,"field","EL1-t054",11592,8694,3030.82082965578,2949.63812886143,"N",3.1041095890411,NA,"dead = complete mortality or lost",817,118
"3474","NOAA_survey","Florida","Elbow Reef","EL1",NA,NA,25.142579,-80.258364,"3.4",2022,"field","EL1-t055",38076,26653.2,877.546337157988,1271.47572815534,"N",3.1041095890411,NA,"dead = complete mortality or lost",817,118
"3475","NOAA_survey","Florida","Elbow Reef","EL1",NA,NA,25.142579,-80.258364,"3.4",2022,"field","EL1-t056",7811,6248.8,828.901147396293,997.645189761695,"N",3.1041095890411,NA,"dead = complete mortality or lost",817,118
"3476","NOAA_survey","Florida","Elbow Reef","EL2",NA,NA,25.142899,-80.258221,"3.4",2023,"field","EL2-t065",336,336,-1.55539772727273,-18.6647727272727,"N",3.85753424657534,NA,"dead = complete mortality or lost",817,118
"3477","NOAA_survey","Florida","Elbow Reef","EL2",NA,NA,25.142899,-80.258221,"3.4",2024,"field","EL2-t913",19190,5757,1517.93650793651,1643.07936507936,"N",0.863013698630137,NA,"dead = complete mortality or lost",817,118
"3478","NOAA_survey","Florida","Elbow Reef","EL3",NA,NA,25.143881,-80.257827,"4",2022,"field","EL3-t077",117,23.4,-26.7710196779964,1.50178890876565,"N",3.06301369863013,NA,"dead = complete mortality or lost",817,118
"3479","NOAA_survey","Florida","Elbow Reef","EL3",NA,NA,25.143881,-80.257827,"4",2022,"field","EL3-t083",30,28.5,22.5268336314848,23.0165474060823,"N",3.06301369863013,NA,"dead = complete mortality or lost",817,118
"3480","NOAA_survey","Florida","Elbow Reef","EL3",NA,NA,25.143881,-80.257827,"4",2022,"field","EL3-t086",16100,6440,1012.07513416816,1031.66368515206,"N",3.06301369863013,NA,"dead = complete mortality or lost",817,118
"3481","NOAA_survey","Florida","Elbow Reef","EL4",NA,NA,25.145086,-80.257301,"4.9",2023,"field","EL4-t153",1872,1029.6,789.859064702114,4.77001921844968,"N",4.27671232876712,NA,"dead = complete mortality or lost",817,118
"3482","NOAA_survey","Florida","Elbow Reef","EL4",NA,NA,25.145086,-80.257301,"4.9",2023,"field","EL4-t158",1749,174.9,-240.605381165919,127.457719410634,"N",4.27671232876712,NA,"dead = complete mortality or lost",817,118
"3483","NOAA_survey","Florida","Elbow Reef","EL4",NA,NA,25.145086,-80.257301,"4.9",2023,"field","EL4-t168",19602,14701.5,2838.16143497758,-1953.25272261371,"N",4.27671232876712,NA,"dead = complete mortality or lost",817,118
"3484","NOAA_survey","Florida","French Reef","FR1",NA,NA,25.033886,-80.349365,"6.4",2023,"field","FR1-t002",230,195.5,102.809239940388,-36.6359910581222,"N",3.67671232876712,NA,"dead = complete mortality or lost",817,76
"3485","NOAA_survey","Florida","French Reef","FR1",NA,NA,25.033886,-80.349365,"6.4",2023,"field","FR1-t009",2432,608,818.12220566319,870.342771982116,"N",3.67671232876712,NA,"dead = complete mortality or lost",817,76
"3486","pausch_et_al_2018","Florida","French Reef",NA,"Sm","Snapper Ledge",25.03331,-80.35008,"19",2015,"field","FR1-313-S",108,108,-18,-18,"Y",1,NA,"dead = complete mortality or missing; treatment_2 = genet",557,28
"3487","pausch_et_al_2018","Florida","French Reef",NA,"Lg","Snapper Ledge",25.03331,-80.35008,"19",2015,"field","FR1-309-L",114.75,114.75,147.75,147.75,"Y",1,NA,"dead = complete mortality or missing; treatment_2 = genet",557,31
"3488","pausch_et_al_2018","Florida","French Reef",NA,"Lg","Snapper Ledge",25.03331,-80.35008,"20",2015,"field","FR1-308-L",108,108,132,132,"Y",1,NA,"dead = complete mortality or missing; treatment_2 = genet",557,31
"3489","pausch_et_al_2018","Florida","French Reef",NA,"Lg","Snapper Ledge",25.03331,-80.35008,"21",2015,"field","FR1-306-L",103.5,103.5,100.5,100.5,"Y",1,NA,"dead = complete mortality or missing; treatment_2 = genet",557,31
"3490","pausch_et_al_2018","Florida","French Reef",NA,"Lg","Snapper Ledge",25.03331,-80.35008,"20",2015,"field","FR1-313-L",214.5,214.5,213,213,"Y",1,NA,"dead = complete mortality or missing; treatment_2 = genet",557,31
"3491","pausch_et_al_2018","Florida","French Reef",NA,"Lg","Snapper Ledge",25.03331,-80.35008,"20",2015,"field","FR1-311-L",126,119.7,28,34.3,"Y",1,NA,"dead = complete mortality or missing; treatment_2 = genet",557,31
"3492","pausch_et_al_2018","Florida","French Reef",NA,"Lg","Snapper Ledge",25.03331,-80.35008,"21",2015,"field","FR1-314-L",154,154,26,26,"Y",1,NA,"dead = complete mortality or missing; treatment_2 = genet",557,31
"3493","pausch_et_al_2018","Florida","French Reef",NA,"Sm","Snapper Ledge",25.03331,-80.35008,"20",2015,"field","FR1-308-S",63.75,63.75,68.25,68.25,"Y",1,NA,"dead = complete mortality or missing; treatment_2 = genet",557,28
"3494","pausch_et_al_2018","Florida","French Reef",NA,"Sm","Snapper Ledge",25.03331,-80.35008,"19",2015,"field","FR1-307-S",70,70,66,66,"Y",1,NA,"dead = complete mortality or missing; treatment_2 = genet",557,28
"3495","pausch_et_al_2018","Florida","French Reef",NA,"Sm","Snapper Ledge",25.03331,-80.35008,"21",2015,"field","FR1-312-S",87.5,87.5,44.5,43.18,"Y",1,NA,"dead = complete mortality or missing; treatment_2 = genet",557,28
"3496","pausch_et_al_2018","Florida","French Reef",NA,"Sm","Snapper Ledge",25.03331,-80.35008,"19",2015,"field","FR1-311-S",24,20.4,35.5,33.15,"Y",1,NA,"dead = complete mortality or missing; treatment_2 = genet",557,28
"3497","pausch_et_al_2018","Florida","French Reef",NA,"Sm","Snapper Ledge",25.03331,-80.35008,"19",2015,"field","FR1-310-S",25.5,25.5,130.5,130.5,"Y",1,NA,"dead = complete mortality or missing; treatment_2 = genet",557,28
"3498","pausch_et_al_2018","Florida","French Reef",NA,"Lg","Snapper Ledge",25.03331,-80.35008,"19",2015,"field","FR1-310-L",97.5,97.5,130.5,119.1,"Y",1,NA,"dead = complete mortality or missing; treatment_2 = genet",557,31
"3499","pausch_et_al_2018","Florida","French Reef",NA,"Lg","Snapper Ledge",25.03331,-80.35008,"19",2015,"field","FR1-307-L",139.5,139.5,205.5,205.5,"Y",1,NA,"dead = complete mortality or missing; treatment_2 = genet",557,31
"3500","pausch_et_al_2018","Florida","French Reef",NA,"Sm","Snapper Ledge",25.03331,-80.35008,"21",2015,"field","FR1-314-S",94.5,94.5,97.5,97.5,"Y",1,NA,"dead = complete mortality or missing; treatment_2 = genet",557,28
"3501","pausch_et_al_2018","Florida","French Reef",NA,"Sm","Snapper Ledge",25.03331,-80.35008,"21",2015,"field","FR1-306-S",32,32,56,56,"Y",1,NA,"dead = complete mortality or missing; treatment_2 = genet",557,28
"3502","pausch_et_al_2018","Florida","French Reef",NA,"Lg","Snapper Ledge",25.03331,-80.35008,"20",2015,"field","FR1-305-L",116.25,116.25,23.25,23.25,"Y",1,NA,"dead = complete mortality or missing; treatment_2 = genet",557,31
"3503","pausch_et_al_2018","Florida","French Reef",NA,"Lg","Snapper Ledge",25.03331,-80.35008,"20",2015,"field","FR1-303-L",93.5,93.5,98.5,-55.1,"Y",1,NA,"dead = complete mortality or missing; treatment_2 = genet",557,31
"3504","pausch_et_al_2018","Florida","French Reef",NA,"Sm","Snapper Ledge",25.03331,-80.35008,"20",2015,"field","FR1-305-S",56,56,69,69,"Y",1,NA,"dead = complete mortality or missing; treatment_2 = genet",557,28
"3505","pausch_et_al_2018","Florida","French Reef",NA,"Lg","Snapper Ledge",25.03331,-80.35008,"20",2015,"field","FR1-304-L",201.25,161,106.75,143.92,"Y",1,NA,"dead = complete mortality or missing; treatment_2 = genet",557,31
"3506","pausch_et_al_2018","Florida","French Reef",NA,"Sm","Snapper Ledge",25.03331,-80.35008,"20",2015,"field","FR1-303-S",52.25,52.25,79.75,79.75,"Y",1,NA,"dead = complete mortality or missing; treatment_2 = genet",557,28
"3507","pausch_et_al_2018","Florida","French Reef",NA,"Sm","Snapper Ledge",25.03331,-80.35008,"21",2015,"field","FR1-302-S",63.75,63.75,-0.75,-1.38,"Y",1,NA,"dead = complete mortality or missing; treatment_2 = genet",557,28
"3508","pausch_et_al_2018","Florida","Pickles Reef",NA,"Sm","Snapper Ledge",24.98609,-80.41514,"15",2015,"field","PI1-207-S",73.5,73.5,-24.4291338582677,-65.8149606299213,"Y",1.04383561643836,NA,"dead = complete mortality or missing; treatment_2 = genet",557,17
"3509","pausch_et_al_2018","Florida","Pickles Reef",NA,"Sm","Snapper Ledge",24.98609,-80.41514,"16",2015,"field","PI1-208-S",96,95.04,28.740157480315,-89.8417322834646,"Y",1.04383561643836,NA,"dead = complete mortality or missing; treatment_2 = genet",557,17
"3510","pausch_et_al_2018","Florida","French Reef",NA,"Lg","Snapper Ledge",25.03333,-80.35012,"20",2015,"field","FR2-320-L",103.5,103.5,52.3565573770492,52.3565573770492,"Y",1.0027397260274,NA,"dead = complete mortality or missing; treatment_2 = genet",557,31
"3511","pausch_et_al_2018","Florida","Pickles Reef",NA,"Lg","Snapper Ledge",24.98609,-80.41514,"N/A",2015,"field","PI1-208-L",140,140,-22.0341207349081,-44.4514435695538,"Y",1.04383561643836,NA,"dead = complete mortality or missing; treatment_2 = genet",557,20
"3512","pausch_et_al_2018","Florida","French Reef",NA,"Lg","Snapper Ledge",25.03333,-80.35012,"20",2015,"field","FR2-321-L",90,90,74.7950819672131,74.7950819672131,"Y",1.0027397260274,NA,"dead = complete mortality or missing; treatment_2 = genet",557,31
"3513","pausch_et_al_2018","Florida","French Reef",NA,"Lg","Snapper Ledge",25.03333,-80.35012,"21",2015,"field","FR2-328-L",132.25,132.25,187.237021857923,187.237021857923,"Y",1.0027397260274,NA,"dead = complete mortality or missing; treatment_2 = genet",557,31
"3514","pausch_et_al_2018","Florida","Pickles Reef",NA,"Lg","Snapper Ledge",24.98609,-80.41514,"15",2015,"field","PI1-207-L",88,88,22.992125984252,-82.158530183727,"Y",1.04383561643836,NA,"dead = complete mortality or missing; treatment_2 = genet",557,20
"3515","pausch_et_al_2018","Florida","French Reef",NA,"Sm","Snapper Ledge",25.03333,-80.35012,"20",2015,"field","FR2-321-S",57.5,57.5,104.214480874317,104.214480874317,"Y",1.0027397260274,NA,"dead = complete mortality or missing; treatment_2 = genet",557,28
"3516","pausch_et_al_2018","Florida","French Reef",NA,"Sm","Snapper Ledge",25.03333,-80.35012,"21",2015,"field","FR2-327-S",57.5,57.5,86.2636612021858,86.2636612021858,"Y",1.0027397260274,NA,"dead = complete mortality or missing; treatment_2 = genet",557,28
"3517","pausch_et_al_2018","Florida","French Reef",NA,"Sm","Snapper Ledge",25.03333,-80.35012,"21",2015,"field","FR2-328-S",44,44,98.7295081967213,98.7295081967213,"Y",1.0027397260274,NA,"dead = complete mortality or missing; treatment_2 = genet",557,28
"3518","pausch_et_al_2018","Florida","French Reef",NA,"Sm","Snapper Ledge",25.03333,-80.35012,"20",2015,"field","FR2-325-S",36,36,71.8032786885246,71.8032786885246,"Y",1.0027397260274,NA,"dead = complete mortality or missing; treatment_2 = genet",557,28
"3519","pausch_et_al_2018","Florida","Pickles Reef",NA,"Sm","Snapper Ledge",24.98609,-80.41514,"14",2015,"field","PI1-214-S",57.5,57.5,2.39501312335958,-52.2112860892388,"Y",1.04383561643836,NA,"dead = complete mortality or missing; treatment_2 = genet",557,17
"3520","pausch_et_al_2018","Florida","Pickles Reef",NA,"Lg","Snapper Ledge",24.98609,-80.41514,"16",2015,"field","PI1-210-L",203,203,-71.8503937007874,-182.212598425197,"Y",1.04383561643836,NA,"dead = complete mortality or missing; treatment_2 = genet",557,20
"3521","pausch_et_al_2018","Florida","Pickles Reef",NA,"Lg","Snapper Ledge",24.98609,-80.41514,"14",2015,"field","PI1-214-L",126,124.74,40.2362204724409,41.4433070866142,"Y",1.04383561643836,NA,"dead = complete mortality or missing; treatment_2 = genet",557,20
"3522","pausch_et_al_2018","Florida","Pickles Reef",NA,"Sm","Snapper Ledge",24.98609,-80.41514,"15",2015,"field","PI1-210-S",51,51,8.62204724409449,-44.259842519685,"Y",1.04383561643836,NA,"dead = complete mortality or missing; treatment_2 = genet",557,17
"3523","pausch_et_al_2018","Florida","Pickles Reef",NA,"Lg","Snapper Ledge",24.98609,-80.41514,"15",2015,"field","PI1-211-L",108,108,-40.2362204724409,-102.2,"Y",1.04383561643836,NA,"dead = complete mortality or missing; treatment_2 = genet",557,20
"3524","pausch_et_al_2018","Florida","Pickles Reef",NA,"Sm","Snapper Ledge",24.98609,-80.41514,"15",2015,"field","PI1-213-S",93.5,93.5,44.5472440944882,-22.5131233595801,"Y",1.04383561643836,NA,"dead = complete mortality or missing; treatment_2 = genet",557,17
"3525","pausch_et_al_2018","Florida","Pickles Reef",NA,"Sm","Snapper Ledge",24.98609,-80.41514,"15",2015,"field","PI1-212-S",61.75,61.75,65.3838582677165,-46.7027559055118,"Y",1.04383561643836,NA,"dead = complete mortality or missing; treatment_2 = genet",557,17
"3526","pausch_et_al_2018","Florida","French Reef",NA,"Lg","Snapper Ledge",25.03333,-80.35012,"20",2015,"field","FR2-319-L",98,98,62.827868852459,46.7718579234973,"Y",1.0027397260274,NA,"dead = complete mortality or missing; treatment_2 = genet",557,31
"3527","pausch_et_al_2018","Florida","Pickles Reef",NA,"Sm","Snapper Ledge",24.98609,-80.41514,"17",2015,"field","PI1-202-S",71.25,71.25,16.0465879265092,-17.6751968503937,"Y",1.04383561643836,NA,"dead = complete mortality or missing; treatment_2 = genet",557,17
"3528","pausch_et_al_2018","Florida","French Reef",NA,"Sm","Snapper Ledge",25.03333,-80.35012,"20",2015,"field","FR2-323-S",40.5,40.5,63.3265027322404,63.3265027322404,"Y",1.0027397260274,NA,"dead = complete mortality or missing; treatment_2 = genet",557,28
"3529","pausch_et_al_2018","Florida","French Reef",NA,"Lg","Snapper Ledge",25.03333,-80.35012,"21",2015,"field","FR2-326-L",102,102,77.7868852459016,77.7868852459016,"Y",1.0027397260274,NA,"dead = complete mortality or missing; treatment_2 = genet",557,31
"3530","pausch_et_al_2018","Florida","French Reef",NA,"Lg","Snapper Ledge",25.03333,-80.35012,"20",2015,"field","FR2-325-L",113.75,96.6875,221.642759562842,238.658640710382,"Y",1.0027397260274,NA,"dead = complete mortality or missing; treatment_2 = genet",557,31
"3531","pausch_et_al_2018","Florida","French Reef",NA,"Lg","Snapper Ledge",25.03333,-80.35012,"20",2015,"field","FR2-323-L",105,105,154.57650273224,154.57650273224,"Y",1.0027397260274,NA,"dead = complete mortality or missing; treatment_2 = genet",557,31
"3532","pausch_et_al_2018","Florida","French Reef",NA,"Lg","Snapper Ledge",25.03333,-80.35012,"20",2015,"field","FR2-322-L",231,231,90.7513661202186,90.7513661202186,"Y",1.0027397260274,NA,"dead = complete mortality or missing; treatment_2 = genet",557,31
"3533","pausch_et_al_2018","Florida","French Reef",NA,"Sm","Snapper Ledge",25.03333,-80.35012,"20",2015,"field","FR2-324-S",61.75,61.75,78.0362021857923,78.0362021857923,"Y",1.0027397260274,NA,"dead = complete mortality or missing; treatment_2 = genet",557,28
"3534","pausch_et_al_2018","Florida","French Reef",NA,"Lg","Snapper Ledge",25.03333,-80.35012,"20",2015,"field","FR2-324-L",117,117,58.8387978142076,58.8387978142076,"Y",1.0027397260274,NA,"dead = complete mortality or missing; treatment_2 = genet",557,31
"3535","pausch_et_al_2018","Florida","French Reef",NA,"Sm","Snapper Ledge",25.03342,-80.35006,"21",2015,"field","FR3-330-S",59.5,56.525,-11.4373297002725,-8.47854223433242,"Y",1.00547945205479,NA,"dead = complete mortality or missing; treatment_2 = genet",557,28
"3536","pausch_et_al_2018","Florida","Pickles Reef",NA,"Sm","Snapper Ledge",24.98588,-80.41554,"14",2015,"field","PI2-224-S",64,64,7.64397905759162,0.76439790575916,"Y",1.04657534246575,NA,"dead = complete mortality or missing; treatment_2 = genet",557,17
"3537","pausch_et_al_2018","Florida","French Reef",NA,"Lg","Snapper Ledge",25.03342,-80.35006,"24",2015,"field","FR3-194-L",133,133,46.7438692098093,46.7438692098093,"Y",1.00547945205479,NA,"dead = complete mortality or missing; treatment_2 = genet",557,31
"3538","pausch_et_al_2018","Florida","French Reef",NA,"Sm","Snapper Ledge",25.03342,-80.35006,"23",2015,"field","FR3-193-S",72,72,83.5422343324251,83.5422343324251,"Y",1.00547945205479,NA,"dead = complete mortality or missing; treatment_2 = genet",557,28
"3539","pausch_et_al_2018","Florida","French Reef",NA,"Lg","Snapper Ledge",25.03342,-80.35006,"21",2015,"field","FR3-337-L",114.75,114.75,112.632833787466,112.632833787466,"Y",1.00547945205479,NA,"dead = complete mortality or missing; treatment_2 = genet",557,31
"3540","pausch_et_al_2018","Florida","French Reef",NA,"Lg","Snapper Ledge",25.03342,-80.35006,"23",2015,"field","FR3-193-L",132,132,23.8692098092643,23.8692098092643,"Y",1.00547945205479,NA,"dead = complete mortality or missing; treatment_2 = genet",557,31
"3541","pausch_et_al_2018","Florida","Pickles Reef",NA,"Sm","Snapper Ledge",24.98588,-80.41554,"14",2015,"field","PI2-218-S",80,80,5.25523560209424,-2.9142670157068,"Y",1.04657534246575,NA,"dead = complete mortality or missing; treatment_2 = genet",557,17
"3542","pausch_et_al_2018","Florida","Pickles Reef",NA,"Lg","Snapper Ledge",24.98588,-80.41554,"16",2015,"field","PI2-216-L",130,130,-28.6649214659686,-38.2198952879581,"Y",1.04657534246575,NA,"dead = complete mortality or missing; treatment_2 = genet",557,20
"3543","pausch_et_al_2018","Florida","French Reef",NA,"Lg","Snapper Ledge",25.03342,-80.35006,"20",2015,"field","FR3-330-L",148.5,148.5,154.652588555858,154.652588555858,"Y",1.00547945205479,NA,"dead = complete mortality or missing; treatment_2 = genet",557,31
"3544","pausch_et_al_2018","Florida","French Reef",NA,"Lg","Snapper Ledge",25.03342,-80.35006,"20",2015,"field","FR3-329-L",189.75,187.8525,-91.25,-167.335592643052,"Y",1.00547945205479,NA,"dead = complete mortality or missing; treatment_2 = genet",557,31
"3545","pausch_et_al_2018","Florida","French Reef",NA,"Sm","Snapper Ledge",25.03342,-80.35006,"21",2015,"field","FR3-337-S",72,71.28,5.96730245231608,6.683378746594,"Y",1.00547945205479,NA,"dead = complete mortality or missing; treatment_2 = genet",557,28
"3546","pausch_et_al_2018","Florida","French Reef",NA,"Sm","Snapper Ledge",25.03342,-80.35006,"22",2015,"field","FR3-339-S",52,52,57.6839237057221,57.6839237057221,"Y",1.00547945205479,NA,"dead = complete mortality or missing; treatment_2 = genet",557,28
"3547","pausch_et_al_2018","Florida","Pickles Reef",NA,"Lg","Snapper Ledge",24.98588,-80.41554,"13",2015,"field","PI2-223-L",93.5,93.5,63.5405759162304,32.9646596858639,"Y",1.04657534246575,NA,"dead = complete mortality or missing; treatment_2 = genet",557,20
"3548","pausch_et_al_2018","Florida","French Reef",NA,"Sm","Snapper Ledge",25.03342,-80.35006,"21",2015,"field","FR3-329-S",80,80,54.700272479564,54.700272479564,"Y",1.00547945205479,NA,"dead = complete mortality or missing; treatment_2 = genet",557,28
"3549","pausch_et_al_2018","Florida","French Reef",NA,"Lg","Snapper Ledge",25.03342,-80.35006,"21",2015,"field","FR3-333-L",85,85,84.5367847411444,NA,"Y",1.00547945205479,NA,"dead = complete mortality or missing; treatment_2 = genet",557,31
"3550","pausch_et_al_2018","Florida","Pickles Reef",NA,"Lg","Snapper Ledge",24.98588,-80.41554,"13",2015,"field","PI2-227-L",91,91,-12.4214659685864,-83.2238219895288,"Y",1.04657534246575,NA,"dead = complete mortality or missing; treatment_2 = genet",557,20
"3551","pausch_et_al_2018","Florida","French Reef",NA,"Sm","Snapper Ledge",25.03342,-80.35006,"21",2015,"field","FR3-332-S",109.25,109.25,86.2772479564033,86.2772479564033,"Y",1.00547945205479,NA,"dead = complete mortality or missing; treatment_2 = genet",557,28
"3552","pausch_et_al_2018","Florida","French Reef",NA,"Lg","Snapper Ledge",25.03342,-80.35006,"21",2015,"field","FR3-334-L",130,130,168.07901907357,168.07901907357,"Y",1.00547945205479,NA,"dead = complete mortality or missing; treatment_2 = genet",557,31
"3553","pausch_et_al_2018","Florida","Pickles Reef",NA,"Lg","Snapper Ledge",24.98588,-80.41554,"15",2015,"field","PI2-221-L",132,132,-31.5314136125654,-45.7205497382199,"Y",1.04657534246575,NA,"dead = complete mortality or missing; treatment_2 = genet",557,20
"3554","pausch_et_al_2018","Florida","French Reef",NA,"Lg","Snapper Ledge",25.03342,-80.35006,"22",2015,"field","FR3-339-L",121.5,121.5,70.1158038147139,70.1158038147139,"Y",1.00547945205479,NA,"dead = complete mortality or missing; treatment_2 = genet",557,31
"3555","pausch_et_al_2018","Florida","Pickles Reef",NA,"Sm","Snapper Ledge",24.98588,-80.41554,"16",2015,"field","PI2-216-S",88,88,64.9738219895288,64.9738219895288,"Y",1.04657534246575,NA,"dead = complete mortality or missing; treatment_2 = genet",557,17
"3556","pausch_et_al_2018","Florida","French Reef",NA,"Lg","Snapper Ledge",25.03342,-80.35006,"21",2015,"field","FR3-335-L",114,114,95.4768392370572,95.4768392370572,"Y",1.00547945205479,NA,"dead = complete mortality or missing; treatment_2 = genet",557,31
"3557","pausch_et_al_2018","Florida","French Reef",NA,"Lg","Snapper Ledge",25.03342,-80.35006,"23",2015,"field","FR3-192-L",118.75,118.75,90.7527247956403,90.7527247956403,"Y",1.00547945205479,NA,"dead = complete mortality or missing; treatment_2 = genet",557,31
"3558","pausch_et_al_2018","Florida","French Reef",NA,"Sm","Snapper Ledge",25.03342,-80.35006,"21",2015,"field","FR3-335-S",56.25,56.25,39.533378746594,39.533378746594,"Y",1.00547945205479,NA,"dead = complete mortality or missing; treatment_2 = genet",557,28
"3559","pausch_et_al_2018","Florida","Pickles Reef",NA,"Sm","Snapper Ledge",24.98588,-80.41554,"13",2015,"field","PI2-227-S",45,38.25,-4.77748691099476,-2.14986910994764,"Y",1.04657534246575,NA,"dead = complete mortality or missing; treatment_2 = genet",557,17
"3560","pausch_et_al_2018","Florida","French Reef",NA,"Lg","Snapper Ledge",25.03342,-80.35006,"21",2015,"field","FR3-336-L",97.5,97.5,135.756130790191,135.756130790191,"Y",1.00547945205479,NA,"dead = complete mortality or missing; treatment_2 = genet",557,31
"3561","pausch_et_al_2018","Florida","French Reef",NA,"Sm","Snapper Ledge",25.03342,-80.35006,"23",2015,"field","FR3-192-S",48,48,41.7711171662125,41.7711171662125,"Y",1.00547945205479,NA,"dead = complete mortality or missing; treatment_2 = genet",557,28
"3562","pausch_et_al_2018","Florida","French Reef",NA,"Sm","Snapper Ledge",25.03342,-80.35006,"23",2015,"field","FR3-194-S",25.5,25.5,84.0395095367847,84.0395095367847,"Y",1.00547945205479,NA,"dead = complete mortality or missing; treatment_2 = genet",557,28
"3563","pausch_et_al_2018","Florida","French Reef",NA,"Sm","Snapper Ledge",25.03342,-80.35006,"21",2015,"field","FR3-333-S",42.75,42.75,96.7200272479564,96.7200272479564,"Y",1.00547945205479,NA,"dead = complete mortality or missing; treatment_2 = genet",557,28
"3564","pausch_et_al_2018","Florida","French Reef",NA,"Sm","Snapper Ledge",25.03342,-80.35006,"21",2015,"field","FR3-336-S",72,72,-1.98910081743869,-1.98910081743869,"Y",1.00547945205479,NA,"dead = complete mortality or missing; treatment_2 = genet",557,28
"3565","pausch_et_al_2018","Florida","Pickles Reef",NA,"Lg","Snapper Ledge",24.98588,-80.41554,"15",2015,"field","PI2-218-L",112.5,112.5,310.05890052356,268.303664921466,"Y",1.04657534246575,NA,"dead = complete mortality or missing; treatment_2 = genet",557,20
"3566","pausch_et_al_2018","Florida","Pickles Reef",NA,"Lg","Snapper Ledge",24.98577,-80.41569,"14",2015,"field","PI3-234-L",112,112,50.509138381201,11.1977806788512,"Y",1.04931506849315,NA,"dead = complete mortality or missing; treatment_2 = genet",557,20
"3567","pausch_et_al_2018","Florida","Molasses Reef",NA,"Sm","Snapper Ledge",25.01006,-80.37362,"14",2015,"field","ML1-114-S",58.5,58.5,81.4817232375979,-14.5809399477807,"Y",1.04931506849315,NA,"dead = complete mortality or missing; treatment_2 = genet",557,20
"3568","pausch_et_al_2018","Florida","Pickles Reef",NA,"Sm","Snapper Ledge",24.98577,-80.41569,"15",2015,"field","PI3-233-S",66.5,63.175,35.2610966057441,-55.2741514360313,"Y",1.04931506849315,NA,"dead = complete mortality or missing; treatment_2 = genet",557,17
"3569","pausch_et_al_2018","Florida","Molasses Reef",NA,"Sm","Snapper Ledge",25.01006,-80.37362,"16",2015,"field","ML1-113-S",44,44,43.8381201044386,43.8381201044386,"Y",1.04931506849315,NA,"dead = complete mortality or missing; treatment_2 = genet",557,20
"3570","pausch_et_al_2018","Florida","Pickles Reef",NA,"Sm","Snapper Ledge",24.98577,-80.41569,"13",2015,"field","PI3-238-S",45,45,30.4960835509138,23.1579634464752,"Y",1.04931506849315,NA,"dead = complete mortality or missing; treatment_2 = genet",557,17
"3571","pausch_et_al_2018","Florida","Pickles Reef",NA,"Lg","Snapper Ledge",24.98577,-80.41569,"14",2015,"field","PI3-238-L",91,90.09,41.9321148825065,-83.2828981723238,"Y",1.04931506849315,NA,"dead = complete mortality or missing; treatment_2 = genet",557,20
"3572","pausch_et_al_2018","Florida","Pickles Reef",NA,"Lg","Snapper Ledge",24.98577,-80.41569,"13",2015,"field","PI3-163-L",91,91,24.7780678851175,-84.4932114882507,"Y",1.04931506849315,NA,"dead = complete mortality or missing; treatment_2 = genet",557,20
"3573","pausch_et_al_2018","Florida","Pickles Reef",NA,"Sm","Snapper Ledge",24.98577,-80.41569,"13",2015,"field","PI3-236-S",110,104.5,184.882506527415,190.124020887728,"Y",1.04931506849315,NA,"dead = complete mortality or missing; treatment_2 = genet",557,17
"3574","pausch_et_al_2018","Florida","Pickles Reef",NA,"Lg","Snapper Ledge",24.98577,-80.41569,"14",2015,"field","PI3-235-L",176,176,146.762402088773,115.313315926893,"Y",1.04931506849315,NA,"dead = complete mortality or missing; treatment_2 = genet",557,20
"3575","pausch_et_al_2018","Florida","Pickles Reef",NA,"Lg","Snapper Ledge",24.98577,-80.41569,"14",2015,"field","PI3-239-L",73.5,73.5,10.0065274151436,-68.4446475195822,"Y",1.04931506849315,NA,"dead = complete mortality or missing; treatment_2 = genet",557,20
"3576","pausch_et_al_2018","Florida","Pickles Reef",NA,"Lg","Snapper Ledge",24.98577,-80.41569,"15",2015,"field","PI3-230-L",84,84,-8.57702349869452,-76.4784595300261,"Y",1.04931506849315,NA,"dead = complete mortality or missing; treatment_2 = genet",557,20
"3577","pausch_et_al_2018","Florida","Molasses Reef",NA,"Lg","Snapper Ledge",25.01006,-80.37362,"15",2015,"field","ML1-112-L",180,180,39.0731070496084,-139.948433420366,"Y",1.04931506849315,NA,"dead = complete mortality or missing; treatment_2 = genet",557,15
"3578","pausch_et_al_2018","Florida","Molasses Reef",NA,"Lg","Snapper Ledge",25.01006,-80.37362,"14",2015,"field","ML1-114-L",108,97.2,102.924281984334,-51.4621409921671,"Y",1.04931506849315,NA,"dead = complete mortality or missing; treatment_2 = genet",557,15
"3579","pausch_et_al_2018","Florida","Pickles Reef",NA,"Sm","Snapper Ledge",24.98577,-80.41569,"14",2015,"field","PI3-235-S",77,77,155.339425587467,132.467362924282,"Y",1.04931506849315,NA,"dead = complete mortality or missing; treatment_2 = genet",557,17
"3580","pausch_et_al_2018","Florida","Pickles Reef",NA,"Lg","Snapper Ledge",24.98577,-80.41569,"13",2015,"field","PI3-164-L",186,186,283.041775456919,283.041775456919,"Y",1.04931506849315,NA,"dead = complete mortality or missing; treatment_2 = genet",557,20
"3581","pausch_et_al_2018","Florida","Molasses Reef",NA,"Lg","Snapper Ledge",25.01006,-80.37362,"17",2015,"field","ML1-109-L",144,144,-40.0261096605744,-40.0261096605744,"Y",1.04931506849315,NA,"dead = complete mortality or missing; treatment_2 = genet",557,15
"3582","pausch_et_al_2018","Florida","Molasses Reef",NA,"Sm","Snapper Ledge",25.01006,-80.37362,"17",2015,"field","ML1-111-S",60.5,60.5,28.1135770234987,27.2558746736292,"Y",1.04931506849315,NA,"dead = complete mortality or missing; treatment_2 = genet",557,20
"3583","pausch_et_al_2018","Florida","Molasses Reef",NA,"Sm","Snapper Ledge",25.01006,-80.37362,"17",2015,"field","ML1-109-S",57,57,44.7911227154047,44.7911227154047,"Y",1.04931506849315,NA,"dead = complete mortality or missing; treatment_2 = genet",557,20
"3584","pausch_et_al_2018","Florida","Molasses Reef",NA,"Lg","Snapper Ledge",25.01006,-80.37362,"16",2015,"field","ML1-110-L",208,208,-69.5691906005222,-185.359007832898,"Y",1.04931506849315,NA,"dead = complete mortality or missing; treatment_2 = genet",557,15
"3585","pausch_et_al_2018","Florida","Molasses Reef",NA,"Sm","Snapper Ledge",25.01006,-80.37362,"15",2015,"field","ML1-108-S",57.75,57.75,18.3453002610966,18.3453002610966,"Y",1.04931506849315,NA,"dead = complete mortality or missing; treatment_2 = genet",557,20
"3586","pausch_et_al_2018","Florida","Pickles Reef",NA,"Sm","Snapper Ledge",24.98577,-80.41569,"14",2015,"field","PI3-239-S",45,45,17.154046997389,11.1501305483029,"Y",1.04931506849315,NA,"dead = complete mortality or missing; treatment_2 = genet",557,17
"3587","pausch_et_al_2018","Florida","Pickles Reef",NA,"Lg","Snapper Ledge",24.98577,-80.41569,"15",2015,"field","PI3-233-L",104,104,221.096605744125,157.054830287206,"Y",1.04931506849315,NA,"dead = complete mortality or missing; treatment_2 = genet",557,20
"3588","pausch_et_al_2018","Florida","Pickles Reef",NA,"Sm","Snapper Ledge",24.98577,-80.41569,"13",2015,"field","PI3-237-S",82.5,82.5,162.486945169713,162.486945169713,"Y",1.04931506849315,NA,"dead = complete mortality or missing; treatment_2 = genet",557,17
"3589","pausch_et_al_2018","Florida","Molasses Reef",NA,"Sm","Snapper Ledge",25.01006,-80.37362,"16",2015,"field","ML1-110-S",70,70,186.788511749347,186.788511749347,"Y",1.04931506849315,NA,"dead = complete mortality or missing; treatment_2 = genet",557,20
"3590","pausch_et_al_2018","Florida","Molasses Reef",NA,"Lg","Snapper Ledge",25.01006,-80.37362,"16",2015,"field","ML1-107-L",120,120,165.822454308094,165.822454308094,"Y",1.04931506849315,NA,"dead = complete mortality or missing; treatment_2 = genet",557,15
"3591","pausch_et_al_2018","Florida","Pickles Reef",NA,"Lg","Snapper Ledge",24.98577,-80.41569,"14",2015,"field","PI3-232-L",130,117,70.5221932114882,-101.780678851175,"Y",1.04931506849315,NA,"dead = complete mortality or missing; treatment_2 = genet",557,20
"3592","pausch_et_al_2018","Florida","Molasses Reef",NA,"Sm","Snapper Ledge",25.01006,-80.37362,"17",2015,"field","ML1-103-S",81.25,81.25,6.43276762402089,6.43276762402089,"Y",1.04931506849315,NA,"dead = complete mortality or missing; treatment_2 = genet",557,20
"3593","pausch_et_al_2018","Florida","Molasses Reef",NA,"Lg","Snapper Ledge",25.01006,-80.37362,"16",2015,"field","ML1-113-L",100,95,33.355091383812,38.1201044386423,"Y",1.04931506849315,NA,"dead = complete mortality or missing; treatment_2 = genet",557,15
"3594","pausch_et_al_2018","Florida","Molasses Reef",NA,"Lg","Snapper Ledge",25.01006,-80.37362,"16",2015,"field","ML1-104-L",126,126,53.3681462140992,36.023498694517,"Y",1.04931506849315,NA,"dead = complete mortality or missing; treatment_2 = genet",557,15
"3595","pausch_et_al_2018","Florida","Pickles Reef",NA,"Lg","Snapper Ledge",24.98577,-80.41569,"14",2015,"field","PI3-236-L",140,140,206.801566579634,206.801566579634,"Y",1.04931506849315,NA,"dead = complete mortality or missing; treatment_2 = genet",557,20
"3596","pausch_et_al_2018","Florida","Molasses Reef",NA,"Sm","Snapper Ledge",25.01,-80.37381,"16",2015,"field","ML2-118-S",72,72,119.765625,119.765625,"Y",1.05205479452055,NA,"dead = complete mortality or missing; treatment_2 = genet",557,20
"3597","pausch_et_al_2018","Florida","Molasses Reef",NA,"Lg","Snapper Ledge",25.01,-80.37381,"17",2015,"field","ML2-116-L",112.5,112.5,-32.79296875,-103.2265625,"Y",1.05205479452055,NA,"dead = complete mortality or missing; treatment_2 = genet",557,15
"3598","pausch_et_al_2018","Florida","Molasses Reef",NA,"Sm","Snapper Ledge",25.01,-80.37381,"17",2015,"field","ML2-123-S",61.75,61.75,176.083984375,176.083984375,"Y",1.05205479452055,NA,"dead = complete mortality or missing; treatment_2 = genet",557,20
"3599","pausch_et_al_2018","Florida","Molasses Reef",NA,"Sm","Snapper Ledge",25.01,-80.37381,"15",2015,"field","ML2-127-S",87.75,87.75,182.737630208333,182.737630208333,"Y",1.05205479452055,NA,"dead = complete mortality or missing; treatment_2 = genet",557,20
"3600","pausch_et_al_2018","Florida","Molasses Reef",NA,"Lg","Snapper Ledge",25.01,-80.37381,"16",2015,"field","ML2-126-L",109.25,109.25,90.0618489583333,90.0618489583333,"Y",1.05205479452055,NA,"dead = complete mortality or missing; treatment_2 = genet",557,15
"3601","pausch_et_al_2018","Florida","Molasses Reef",NA,"Sm","Snapper Ledge",25.01,-80.37381,"14",2015,"field","ML2-128-S",60.5,60.5,168.717447916667,168.717447916667,"Y",1.05205479452055,NA,"dead = complete mortality or missing; treatment_2 = genet",557,20
"3602","pausch_et_al_2018","Florida","Molasses Reef",NA,"Sm","Snapper Ledge",25.01,-80.37381,"16",2015,"field","ML2-125-S",63.25,63.25,14.0201822916667,-52.7063802083333,"Y",1.05205479452055,NA,"dead = complete mortality or missing; treatment_2 = genet",557,20
"3603","pausch_et_al_2018","Florida","Molasses Reef",NA,"Sm","Snapper Ledge",25.01,-80.37381,"18",2015,"field","ML2-116-S",45,44.1,40.8723958333333,24.9986979166667,"Y",1.05205479452055,NA,"dead = complete mortality or missing; treatment_2 = genet",557,20
"3604","pausch_et_al_2018","Florida","Molasses Reef",NA,"Sm","Snapper Ledge",25.01,-80.37381,"17",2015,"field","ML2-119-S",47.25,47.25,74.853515625,73.655859375,"Y",1.05205479452055,NA,"dead = complete mortality or missing; treatment_2 = genet",557,20
"3605","pausch_et_al_2018","Florida","Molasses Reef",NA,"Lg","Snapper Ledge",25.01,-80.37381,"16",2015,"field","ML2-124-L",119,119,15.2083333333333,-87.4479166666667,"Y",1.05205479452055,NA,"dead = complete mortality or missing; treatment_2 = genet",557,15
"3606","pausch_et_al_2018","Florida","Molasses Reef",NA,"Sm","Snapper Ledge",25.01,-80.37381,"17",2015,"field","ML2-117-S",49.5,49.5,43.2486979166667,34.21875,"Y",1.05205479452055,NA,"dead = complete mortality or missing; treatment_2 = genet",557,20
"3607","pausch_et_al_2018","Florida","Molasses Reef",NA,"Sm","Snapper Ledge",25.01,-80.37381,"17",2015,"field","ML2-121-S",59.5,59.5,-28.0403645833333,-33.7434895833333,"Y",1.05205479452055,NA,"dead = complete mortality or missing; treatment_2 = genet",557,20
"3608","pausch_et_al_2018","Florida","Molasses Reef",NA,"Sm","Snapper Ledge",25.00984,-80.37395,"16",2015,"field","ML3-138-S",60,60,265.454545454545,265.454545454545,"Y",1.05479452054795,NA,"dead = complete mortality or missing; treatment_2 = genet",557,20
"3609","pausch_et_al_2018","Florida","Molasses Reef",NA,"Lg","Snapper Ledge",25.00984,-80.37395,"17",2015,"field","ML3-139-L",78.75,78.75,46.6915584415584,46.6915584415584,"Y",1.05479452054795,NA,"dead = complete mortality or missing; treatment_2 = genet",557,15
"3610","pausch_et_al_2018","Florida","Molasses Reef",NA,"Lg","Snapper Ledge",25.00984,-80.37395,"18",2015,"field","ML3-134-L",133,133,145.051948051948,145.051948051948,"Y",1.05479452054795,NA,"dead = complete mortality or missing; treatment_2 = genet",557,15
"3611","pausch_et_al_2018","Florida","Molasses Reef",NA,"Sm","Snapper Ledge",25.00984,-80.37395,"17",2015,"field","ML3-136-S",86.25,86.25,111.633116883117,92.2928571428571,"Y",1.05479452054795,NA,"dead = complete mortality or missing; treatment_2 = genet",557,20
"3612","pausch_et_al_2018","Florida","Molasses Reef",NA,"Lg","Snapper Ledge",25.00984,-80.37395,"16",2015,"field","ML3-138-L",110.5,110.5,31.7597402597403,31.7597402597403,"Y",1.05479452054795,NA,"dead = complete mortality or missing; treatment_2 = genet",557,15
"3613","pausch_et_al_2018","Florida","Molasses Reef",NA,"Sm","Snapper Ledge",25.00984,-80.37395,"18",2015,"field","ML3-134-S",42.75,42.75,172.782467532468,87.4577922077922,"Y",1.05479452054795,NA,"dead = complete mortality or missing; treatment_2 = genet",557,20
"3614","pausch_et_al_2018","Florida","Molasses Reef",NA,"Lg","Snapper Ledge",25.00984,-80.37395,"17",2015,"field","ML3-136-L",154,154,-22.7532467532468,-109.025974025974,"Y",1.05479452054795,NA,"dead = complete mortality or missing; treatment_2 = genet",557,15
"3615","pausch_et_al_2018","Florida","Molasses Reef",NA,"Sm","Snapper Ledge",25.00984,-80.37395,"18",2015,"field","ML3-135-S",61.75,61.75,127.275974025974,127.275974025974,"Y",1.05479452054795,NA,"dead = complete mortality or missing; treatment_2 = genet",557,20
"3616","pausch_et_al_2018","Florida","Molasses Reef",NA,"Lg","Snapper Ledge",25.00984,-80.37395,"18",2015,"field","ML3-135-L",138.75,138.75,-40.5292207792208,-126.991558441558,"Y",1.05479452054795,NA,"dead = complete mortality or missing; treatment_2 = genet",557,15
"3617","pausch_et_al_2018","Florida","French Reef",NA,"Offshore","Conch Reef 2",25.0342,-80.34897,"21",2016,"field","FR6-279-Y",135,135,49.7727272727273,49.7727272727273,"Y",1.05479452054795,NA,"dead = complete mortality or missing; treatment_2 = genet",557,27
"3618","pausch_et_al_2018","Florida","French Reef",NA,"Offshore","Snapper Ledge",25.0342,-80.34897,"21",2016,"field","FR6-278-B",45,45,47.4025974025974,47.4025974025974,"Y",1.05479452054795,NA,"dead = complete mortality or missing; treatment_2 = genet",557,22
"3619","pausch_et_al_2018","Florida","French Reef",NA,"Offshore","Conch Reef 1",25.0342,-80.34897,"21",2016,"field","FR6-278-W",45.5,45.5,45.5064935064935,45.5064935064935,"Y",1.05479452054795,NA,"dead = complete mortality or missing; treatment_2 = genet",557,28
"3620","pausch_et_al_2018","Florida","French Reef",NA,"Offshore","Conch Reef 2",25.0342,-80.34897,"19",2016,"field","FR6-277-Y",98,98,39.3441558441558,39.3441558441558,"Y",1.05479452054795,NA,"dead = complete mortality or missing; treatment_2 = genet",557,27
"3621","pausch_et_al_2018","Florida","French Reef",NA,"Offshore","Conch Reef 1",25.0342,-80.34897,"20",2016,"field","FR6-277-W",28,28,50.0097402597403,50.0097402597403,"Y",1.05479452054795,NA,"dead = complete mortality or missing; treatment_2 = genet",557,28
"3622","pausch_et_al_2018","Florida","French Reef",NA,"Offshore","Horseshoe Reef",25.0342,-80.34897,"21",2016,"field","FR6-278-P",56,56,30.3376623376623,26.1662337662338,"Y",1.05479452054795,NA,"dead = complete mortality or missing; treatment_2 = genet",557,23
"3623","pausch_et_al_2018","Florida","French Reef",NA,"Offshore","Snapper Ledge",25.0342,-80.34897,"20",2016,"field","FR6-279-B",40.5,40.5,63.9935064935065,63.9935064935065,"Y",1.05479452054795,NA,"dead = complete mortality or missing; treatment_2 = genet",557,22
"3624","pausch_et_al_2018","Florida","French Reef",NA,"Offshore","Snapper Ledge",25.0342,-80.34897,"21",2016,"field","FR6-280-B",48,48,102.38961038961,100.910649350649,"Y",1.05479452054795,NA,"dead = complete mortality or missing; treatment_2 = genet",557,22
"3625","pausch_et_al_2018","Florida","French Reef",NA,"Offshore","Horseshoe Reef",25.0342,-80.34897,"21",2016,"field","FR6-280-P",66.5,66.5,27.9675324675325,27.9675324675325,"Y",1.05479452054795,NA,"dead = complete mortality or missing; treatment_2 = genet",557,23
"3626","pausch_et_al_2018","Florida","French Reef",NA,"Offshore","Horseshoe Reef",25.0342,-80.34897,"19",2016,"field","FR6-277-P",35,35,90.0649350649351,90.0649350649351,"Y",1.05479452054795,NA,"dead = complete mortality or missing; treatment_2 = genet",557,23
"3627","pausch_et_al_2018","Florida","French Reef",NA,"Offshore","Conch Reef 1",25.0342,-80.34897,"19",2016,"field","FR6-274-W",32.5,32.5,43.8474025974026,43.8474025974026,"Y",1.05479452054795,NA,"dead = complete mortality or missing; treatment_2 = genet",557,28
"3628","pausch_et_al_2018","Florida","French Reef",NA,"Offshore","Conch Reef 1",25.0342,-80.34897,"21",2016,"field","FR6-280-W",30,30,75.8441558441558,75.8441558441558,"Y",1.05479452054795,NA,"dead = complete mortality or missing; treatment_2 = genet",557,28
"3629","pausch_et_al_2018","Florida","French Reef",NA,"Offshore","Conch Reef 2",25.0342,-80.34897,"21",2016,"field","FR6-280-Y",35,35,23.7012987012987,23.7012987012987,"Y",1.05479452054795,NA,"dead = complete mortality or missing; treatment_2 = genet",557,27
"3630","pausch_et_al_2018","Florida","French Reef",NA,"Offshore","Conch Reef 2",25.0342,-80.34897,"20",2016,"field","FR6-278-Y",78,78,125.142857142857,125.142857142857,"Y",1.05479452054795,NA,"dead = complete mortality or missing; treatment_2 = genet",557,27
"3631","pausch_et_al_2018","Florida","French Reef",NA,"Offshore","Conch Reef 2",25.0342,-80.34897,"19",2016,"field","FR6-274-Y",105,105,113.529220779221,113.529220779221,"Y",1.05479452054795,NA,"dead = complete mortality or missing; treatment_2 = genet",557,27
"3632","pausch_et_al_2018","Florida","French Reef",NA,"Offshore","Conch Reef 2",25.0342,-80.34897,"20",2016,"field","FR6-271-Y",27,27,88.8798701298701,88.8798701298701,"Y",1.05479452054795,NA,"dead = complete mortality or missing; treatment_2 = genet",557,27
"3633","pausch_et_al_2018","Florida","French Reef",NA,"Offshore","Horseshoe Reef",25.0342,-80.34897,"20",2016,"field","FR6-272-P",32,32,73.948051948052,73.948051948052,"Y",1.05479452054795,NA,"dead = complete mortality or missing; treatment_2 = genet",557,23
"3634","pausch_et_al_2018","Florida","Molasses Reef",NA,"Offshore","Conch Reef 1",25.0106,-80.37275,"19",2016,"field","ML5-207-W",71.5,71.5,37.8860759493671,37.8860759493671,"Y",1.08219178082192,NA,"dead = complete mortality or missing; treatment_2 = genet",557,13
"3635","pausch_et_al_2018","Florida","French Reef",NA,"Offshore","Conch Reef 1",25.0342,-80.34897,"20",2016,"field","FR6-271-W",35,35,85.3246753246753,85.3246753246753,"Y",1.05479452054795,NA,"dead = complete mortality or missing; treatment_2 = genet",557,28
"3636","pausch_et_al_2018","Florida","French Reef",NA,"Offshore","Conch Reef 1",25.0342,-80.34897,"20",2016,"field","FR6-272-W",28,28,71.5779220779221,71.5779220779221,"Y",1.05479452054795,NA,"dead = complete mortality or missing; treatment_2 = genet",557,28
"3637","pausch_et_al_2018","Florida","French Reef",NA,"Offshore","Horseshoe Reef",25.0342,-80.34897,"20",2016,"field","FR6-273-P",61.75,61.75,60.9123376623377,60.9123376623377,"Y",1.05479452054795,NA,"dead = complete mortality or missing; treatment_2 = genet",557,23
"3638","pausch_et_al_2018","Florida","French Reef",NA,"Offshore","Horseshoe Reef",25.0342,-80.34897,"19",2016,"field","FR6-274-P",40,40,102.863636363636,102.863636363636,"Y",1.05479452054795,NA,"dead = complete mortality or missing; treatment_2 = genet",557,23
"3639","pausch_et_al_2018","Florida","French Reef",NA,"Offshore","Snapper Ledge",25.0342,-80.34897,"19",2016,"field","FR6-277-B",36,36,58.3051948051948,58.3051948051948,"Y",1.05479452054795,NA,"dead = complete mortality or missing; treatment_2 = genet",557,22
"3640","pausch_et_al_2018","Florida","French Reef",NA,"Offshore","Conch Reef 1",25.0342,-80.34897,"20",2016,"field","FR6-275-W",42,42,46.4545454545455,46.4545454545455,"Y",1.05479452054795,NA,"dead = complete mortality or missing; treatment_2 = genet",557,28
"3641","pausch_et_al_2018","Florida","French Reef",NA,"Offshore","Conch Reef 2",25.0342,-80.34897,"20",2016,"field","FR6-275-Y",35,35,71.1038961038961,71.1038961038961,"Y",1.05479452054795,NA,"dead = complete mortality or missing; treatment_2 = genet",557,27
"3642","pausch_et_al_2018","Florida","French Reef",NA,"Offshore","Snapper Ledge",25.0342,-80.34897,"19",2016,"field","FR6-276-B",62.5,62.5,123.246753246753,123.246753246753,"Y",1.05479452054795,NA,"dead = complete mortality or missing; treatment_2 = genet",557,22
"3643","pausch_et_al_2018","Florida","French Reef",NA,"Offshore","Snapper Ledge",25.0342,-80.34897,"20",2016,"field","FR6-271-B",36,36,70.6298701298701,70.6298701298701,"Y",1.05479452054795,NA,"dead = complete mortality or missing; treatment_2 = genet",557,22
"3644","pausch_et_al_2018","Florida","French Reef",NA,"Offshore","Horseshoe Reef",25.0342,-80.34897,"20",2016,"field","FR6-276-P",36,36,70.6298701298701,70.6298701298701,"Y",1.05479452054795,NA,"dead = complete mortality or missing; treatment_2 = genet",557,23
"3645","pausch_et_al_2018","Florida","French Reef",NA,"Offshore","Conch Reef 1",25.0342,-80.34897,"20",2016,"field","FR6-276-W",34,34,52.3798701298701,52.3798701298701,"Y",1.05479452054795,NA,"dead = complete mortality or missing; treatment_2 = genet",557,28
"3646","pausch_et_al_2018","Florida","French Reef",NA,"Offshore","Conch Reef 2",25.0342,-80.34897,"19",2016,"field","FR6-276-Y",24,24,72.051948051948,72.051948051948,"Y",1.05479452054795,NA,"dead = complete mortality or missing; treatment_2 = genet",557,27
"3647","pausch_et_al_2018","Florida","French Reef",NA,"Offshore","Snapper Ledge",25.0342,-80.34897,"19",2016,"field","FR6-274-B",48,48,78.2142857142857,76.9770779220779,"Y",1.05479452054795,NA,"dead = complete mortality or missing; treatment_2 = genet",557,22
"3648","pausch_et_al_2018","Florida","Molasses Reef",NA,"Offshore","Conch Reef 1",25.0106,-80.37275,"20",2016,"field","ML5-212-W",80,80,73.4620253164557,73.4620253164557,"Y",1.08219178082192,NA,"dead = complete mortality or missing; treatment_2 = genet",557,13
"3649","pausch_et_al_2018","Florida","Molasses Reef",NA,"Offshore","Conch Reef 2",25.0106,-80.37275,"20",2016,"field","ML5-207-Y",52.5,52.5,38.1170886075949,-22.5237341772152,"Y",1.08219178082192,NA,"dead = complete mortality or missing; treatment_2 = genet",557,10
"3650","pausch_et_al_2018","Florida","Molasses Reef",NA,"Offshore","Conch Reef 1",25.0106,-80.37275,"19",2016,"field","ML5-209-W",67.5,67.5,27.7215189873418,18.7120253164557,"Y",1.08219178082192,NA,"dead = complete mortality or missing; treatment_2 = genet",557,13
"3651","pausch_et_al_2018","Florida","Molasses Reef",NA,"Offshore","Conch Reef 1",25.0106,-80.37275,"19",2016,"field","ML5-210-W",60,60,13.8607594936709,10.3955696202532,"Y",1.08219178082192,NA,"dead = complete mortality or missing; treatment_2 = genet",557,13
"3652","pausch_et_al_2018","Florida","Molasses Reef",NA,"Offshore","Conch Reef 2",25.0106,-80.37275,"20",2016,"field","ML5-210-Y",99,99,24.9493670886076,-44.9088607594937,"Y",1.08219178082192,NA,"dead = complete mortality or missing; treatment_2 = genet",557,10
"3653","pausch_et_al_2018","Florida","Molasses Reef",NA,"Offshore","Conch Reef 1",25.0106,-80.37275,"20",2016,"field","ML5-206-W",85.5,85.5,38.8101265822785,-73.1155063291139,"Y",1.08219178082192,NA,"dead = complete mortality or missing; treatment_2 = genet",557,13
"3654","pausch_et_al_2018","Florida","Molasses Reef",NA,"Offshore","Snapper Ledge",25.0106,-80.37275,"19",2016,"field","ML5-212-B",31.5,31.5,9.70253164556962,-9.70253164556962,"Y",1.08219178082192,NA,"dead = complete mortality or missing; treatment_2 = genet",557,4
"3655","pausch_et_al_2018","Florida","Molasses Reef",NA,"Offshore","Horseshoe Reef",25.0106,-80.37275,"19",2016,"field","ML4-203-P",54,54,46.2025316455696,46.2025316455696,"Y",1.08219178082192,NA,"dead = complete mortality or missing; treatment_2 = genet",557,3
"3656","pausch_et_al_2018","Florida","Molasses Reef",NA,"Offshore","Horseshoe Reef",25.0106,-80.37275,"19",2016,"field","ML5-215-P",45,45,45.0474683544304,45.0474683544304,"Y",1.08219178082192,NA,"dead = complete mortality or missing; treatment_2 = genet",557,3
"3657","pausch_et_al_2018","Florida","French Reef",NA,"Offshore","Conch Reef 2",25.03438,-80.34888,"20",2016,"field","FR5-270-Y",26,26,93.8571428571429,93.8571428571429,"Y",1.05479452054795,NA,"dead = complete mortality or missing; treatment_2 = genet",557,27
"3658","pausch_et_al_2018","Florida","French Reef",NA,"Offshore","Horseshoe Reef",25.03438,-80.34888,"21",2016,"field","FR4-257-P",36,36,1.42207792207792,-9.24350649350649,"Y",1.05479452054795,NA,"dead = complete mortality or missing; treatment_2 = genet",557,23
"3659","pausch_et_al_2018","Florida","Molasses Reef",NA,"Offshore","Conch Reef 1",25.0106,-80.37275,"19",2016,"field","ML5-216-W",126,126,-71.1518987341772,-109.638607594937,"Y",1.08219178082192,NA,"dead = complete mortality or missing; treatment_2 = genet",557,13
"3660","pausch_et_al_2018","Florida","Molasses Reef",NA,"Offshore","Conch Reef 2",25.0106,-80.37275,"19",2016,"field","ML5-216-Y",54,54,66.5316455696203,66.5316455696203,"Y",1.08219178082192,NA,"dead = complete mortality or missing; treatment_2 = genet",557,10
"3661","pausch_et_al_2018","Florida","Molasses Reef",NA,"Offshore","Conch Reef 2",25.0106,-80.37275,"19",2016,"field","ML5-211-Y",55.25,55.25,104.186708860759,104.186708860759,"Y",1.08219178082192,NA,"dead = complete mortality or missing; treatment_2 = genet",557,10
"3662","pausch_et_al_2018","Florida","Molasses Reef",NA,"Offshore","Conch Reef 1",25.0106,-80.37275,"17",2016,"field","ML4-198-W",65,65,45.2784810126582,45.2784810126582,"Y",1.08219178082192,NA,"dead = complete mortality or missing; treatment_2 = genet",557,13
"3663","pausch_et_al_2018","Florida","Molasses Reef",NA,"Offshore","Conch Reef 2",25.0106,-80.37275,"18",2016,"field","ML4-193-Y",101.5,101.5,-91.9430379746835,-91.9430379746835,"Y",1.08219178082192,NA,"dead = complete mortality or missing; treatment_2 = genet",557,10
"3664","pausch_et_al_2018","Florida","Molasses Reef",NA,"Offshore","Conch Reef 2",25.0106,-80.37275,"17",2016,"field","ML4-194-Y",132,132,-73.4620253164557,-119.549050632911,"Y",1.08219178082192,NA,"dead = complete mortality or missing; treatment_2 = genet",557,10
"3665","pausch_et_al_2018","Florida","Molasses Reef",NA,"Offshore","Snapper Ledge",25.0106,-80.37275,"17",2016,"field","ML4-195-B",51,51,52.6708860759494,-32.1569620253165,"Y",1.08219178082192,NA,"dead = complete mortality or missing; treatment_2 = genet",557,4
"3666","pausch_et_al_2018","Florida","Molasses Reef",NA,"Offshore","Conch Reef 1",25.0106,-80.37275,"17",2016,"field","ML4-195-W",60,60,58.6772151898734,58.6772151898734,"Y",1.08219178082192,NA,"dead = complete mortality or missing; treatment_2 = genet",557,13
"3667","pausch_et_al_2018","Florida","Molasses Reef",NA,"Offshore","Conch Reef 2",25.0106,-80.37275,"17",2016,"field","ML4-196-Y",87,87,63.7594936708861,49.3443037974684,"Y",1.08219178082192,NA,"dead = complete mortality or missing; treatment_2 = genet",557,10
"3668","pausch_et_al_2018","Florida","Molasses Reef",NA,"Offshore","Conch Reef 1",25.0106,-80.37275,"19",2016,"field","ML4-205-W",48,48,22.1772151898734,22.1772151898734,"Y",1.08219178082192,NA,"dead = complete mortality or missing; treatment_2 = genet",557,13
"3669","pausch_et_al_2018","Florida","Molasses Reef",NA,"Offshore","Horseshoe Reef",25.0106,-80.37275,"17",2016,"field","ML4-198-P",50,50,63.7594936708861,58.2613924050633,"Y",1.08219178082192,NA,"dead = complete mortality or missing; treatment_2 = genet",557,3
"3670","pausch_et_al_2018","Florida","Molasses Reef",NA,"Offshore","Conch Reef 1",25.0106,-80.37275,"19",2016,"field","ML4-203-W",148.5,148.5,-76.2341772151899,-91.4810126582278,"Y",1.08219178082192,NA,"dead = complete mortality or missing; treatment_2 = genet",557,13
"3671","pausch_et_al_2018","Florida","Molasses Reef",NA,"Offshore","Conch Reef 2",25.0106,-80.37275,"17",2016,"field","ML4-198-Y",51,51,63.7594936708861,63.7594936708861,"Y",1.08219178082192,NA,"dead = complete mortality or missing; treatment_2 = genet",557,10
"3672","pausch_et_al_2018","Florida","Molasses Reef",NA,"Offshore","Snapper Ledge",25.0106,-80.37275,"19",2016,"field","ML4-200-B",37.5,37.5,98.1803797468354,98.1803797468354,"Y",1.08219178082192,NA,"dead = complete mortality or missing; treatment_2 = genet",557,4
"3673","pausch_et_al_2018","Florida","Molasses Reef",NA,"Offshore","Conch Reef 1",25.0106,-80.37275,"18",2016,"field","ML4-200-W",73.5,73.5,9.70253164556962,-1.94050632911393,"Y",1.08219178082192,NA,"dead = complete mortality or missing; treatment_2 = genet",557,13
"3674","pausch_et_al_2018","Florida","Molasses Reef",NA,"Offshore","Conch Reef 1",25.0106,-80.37275,"19",2016,"field","ML4-201-W",96,96,-22.1772151898734,-68.7493670886076,"Y",1.08219178082192,NA,"dead = complete mortality or missing; treatment_2 = genet",557,13
"3675","pausch_et_al_2018","Florida","Molasses Reef",NA,"Offshore","Conch Reef 2",25.0106,-80.37275,"19",2016,"field","ML4-201-Y",100,100,62.8354430379747,0.739240506329111,"Y",1.08219178082192,NA,"dead = complete mortality or missing; treatment_2 = genet",557,10
"3676","pausch_et_al_2018","Florida","Molasses Reef",NA,"Offshore","Conch Reef 1",25.0106,-80.37275,"19",2016,"field","ML4-202-W",72,72,-24.4873417721519,-58.1227848101266,"Y",1.08219178082192,NA,"dead = complete mortality or missing; treatment_2 = genet",557,13
"3677","pausch_et_al_2018","Florida","Molasses Reef",NA,"Offshore","Snapper Ledge",25.0106,-80.37275,"17",2016,"field","ML4-198-B",42.25,42.25,34.8829113924051,34.8829113924051,"Y",1.08219178082192,NA,"dead = complete mortality or missing; treatment_2 = genet",557,4
"3678","pausch_et_al_2018","Florida","French Reef",NA,"Offshore","Conch Reef 1",25.03438,-80.34888,"21",2016,"field","FR4-258-W",28,28,44.3214285714286,44.3214285714286,"Y",1.05479452054795,NA,"dead = complete mortality or missing; treatment_2 = genet",557,28
"3679","pausch_et_al_2018","Florida","French Reef",NA,"Offshore","Snapper Ledge",25.03438,-80.34888,"21",2016,"field","FR4-256-B",44,44,82.7175324675325,82.7175324675325,"Y",1.05479452054795,NA,"dead = complete mortality or missing; treatment_2 = genet",557,22
"3680","pausch_et_al_2018","Florida","French Reef",NA,"Offshore","Horseshoe Reef",25.03438,-80.34888,"22",2016,"field","FR4-256-P",45.5,45.5,94.3311688311688,94.3311688311688,"Y",1.05479452054795,NA,"dead = complete mortality or missing; treatment_2 = genet",557,23
"3681","pausch_et_al_2018","Florida","French Reef",NA,"Offshore","Conch Reef 1",25.03438,-80.34888,"22",2016,"field","FR4-256-W",25.5,25.5,80.1103896103896,80.1103896103896,"Y",1.05479452054795,NA,"dead = complete mortality or missing; treatment_2 = genet",557,28
"3682","pausch_et_al_2018","Florida","French Reef",NA,"Offshore","Conch Reef 2",25.03438,-80.34888,"21",2016,"field","FR4-256-Y",84,84,71.5779220779221,71.5779220779221,"Y",1.05479452054795,NA,"dead = complete mortality or missing; treatment_2 = genet",557,27
"3683","pausch_et_al_2018","Florida","French Reef",NA,"Offshore","Snapper Ledge",25.03438,-80.34888,"21",2016,"field","FR4-257-B",42,42,89.5909090909091,89.5909090909091,"Y",1.05479452054795,NA,"dead = complete mortality or missing; treatment_2 = genet",557,22
"3684","pausch_et_al_2018","Florida","French Reef",NA,"Offshore","Conch Reef 1",25.03438,-80.34888,"21",2016,"field","FR4-257-W",36,36,41.7142857142857,41.7142857142857,"Y",1.05479452054795,NA,"dead = complete mortality or missing; treatment_2 = genet",557,28
"3685","pausch_et_al_2018","Florida","French Reef",NA,"Offshore","Horseshoe Reef",25.03438,-80.34888,"21",2016,"field","FR4-260-P",42,42,97.6493506493507,97.6493506493507,"Y",1.05479452054795,NA,"dead = complete mortality or missing; treatment_2 = genet",557,23
"3686","pausch_et_al_2018","Florida","French Reef",NA,"Offshore","Horseshoe Reef",25.03438,-80.34888,"21",2016,"field","FR4-258-P",66.5,66.5,105.944805194805,105.944805194805,"Y",1.05479452054795,NA,"dead = complete mortality or missing; treatment_2 = genet",557,23
"3687","pausch_et_al_2018","Florida","French Reef",NA,"Offshore","Snapper Ledge",25.03438,-80.34888,"21",2016,"field","FR4-255-B",88,88,36.5,36.5,"Y",1.05479452054795,NA,"dead = complete mortality or missing; treatment_2 = genet",557,22
"3688","pausch_et_al_2018","Florida","French Reef",NA,"Offshore","Conch Reef 2",25.03438,-80.34888,"21",2016,"field","FR4-258-Y",39,39,88.1688311688312,88.1688311688312,"Y",1.05479452054795,NA,"dead = complete mortality or missing; treatment_2 = genet",557,27
"3689","pausch_et_al_2018","Florida","French Reef",NA,"Offshore","Snapper Ledge",25.03438,-80.34888,"21",2016,"field","FR4-259-B",49.5,49.5,38.3961038961039,38.3961038961039,"Y",1.05479452054795,NA,"dead = complete mortality or missing; treatment_2 = genet",557,22
"3690","pausch_et_al_2018","Florida","French Reef",NA,"Offshore","Horseshoe Reef",25.03438,-80.34888,"21",2016,"field","FR4-259-P",59.5,59.5,123.483766233766,123.483766233766,"Y",1.05479452054795,NA,"dead = complete mortality or missing; treatment_2 = genet",557,23
"3691","pausch_et_al_2018","Florida","French Reef",NA,"Offshore","Conch Reef 1",25.03438,-80.34888,"20",2016,"field","FR4-259-W",21,21,51.1948051948052,51.1948051948052,"Y",1.05479452054795,NA,"dead = complete mortality or missing; treatment_2 = genet",557,28
"3692","pausch_et_al_2018","Florida","French Reef",NA,"Offshore","Conch Reef 2",25.03438,-80.34888,"20",2016,"field","FR4-259-Y",36,36,136.519480519481,136.519480519481,"Y",1.05479452054795,NA,"dead = complete mortality or missing; treatment_2 = genet",557,27
"3693","pausch_et_al_2018","Florida","French Reef",NA,"Offshore","Conch Reef 2",25.03438,-80.34888,"21",2016,"field","FR4-257-Y",35.75,35.75,102.38961038961,102.38961038961,"Y",1.05479452054795,NA,"dead = complete mortality or missing; treatment_2 = genet",557,27
"3694","pausch_et_al_2018","Florida","French Reef",NA,"Offshore","Snapper Ledge",25.03438,-80.34888,"20",2016,"field","FR4-258-B",68,68,107.366883116883,107.366883116883,"Y",1.05479452054795,NA,"dead = complete mortality or missing; treatment_2 = genet",557,22
"3695","pausch_et_al_2018","Florida","French Reef",NA,"Offshore","Conch Reef 2",25.03438,-80.34888,"22",2016,"field","FR4-252-Y",28,28,74.1850649350649,74.1850649350649,"Y",1.05479452054795,NA,"dead = complete mortality or missing; treatment_2 = genet",557,27
"3696","pausch_et_al_2018","Florida","Molasses Reef",NA,"Offshore","Conch Reef 2",25.0106,-80.37275,"17",2016,"field","ML4-195-Y",71.5,71.5,258.73417721519,258.73417721519,"Y",1.08219178082192,NA,"dead = complete mortality or missing; treatment_2 = genet",557,10
"3697","pausch_et_al_2018","Florida","French Reef",NA,"Offshore","Snapper Ledge",25.03438,-80.34888,"22",2016,"field","FR4-251-B",50,50,146,146,"Y",1.05479452054795,NA,"dead = complete mortality or missing; treatment_2 = genet",557,22
"3698","pausch_et_al_2018","Florida","French Reef",NA,"Offshore","Horseshoe Reef",25.03438,-80.34888,"22",2016,"field","FR4-251-P",45,45,55.461038961039,55.461038961039,"Y",1.05479452054795,NA,"dead = complete mortality or missing; treatment_2 = genet",557,23
"3699","pausch_et_al_2018","Florida","French Reef",NA,"Offshore","Conch Reef 1",25.03438,-80.34888,"22",2016,"field","FR4-251-W",40.5,40.5,48.8246753246753,48.8246753246753,"Y",1.05479452054795,NA,"dead = complete mortality or missing; treatment_2 = genet",557,28
"3700","pausch_et_al_2018","Florida","French Reef",NA,"Offshore","Conch Reef 2",25.03438,-80.34888,"22",2016,"field","FR4-251-Y",162,162,76.7922077922078,76.7922077922078,"Y",1.05479452054795,NA,"dead = complete mortality or missing; treatment_2 = genet",557,27
"3701","pausch_et_al_2018","Florida","French Reef",NA,"Offshore","Conch Reef 1",25.03438,-80.34888,"21",2016,"field","FR4-255-W",57,57,34.6038961038961,34.6038961038961,"Y",1.05479452054795,NA,"dead = complete mortality or missing; treatment_2 = genet",557,28
"3702","pausch_et_al_2018","Florida","French Reef",NA,"Offshore","Conch Reef 1",25.03438,-80.34888,"22",2016,"field","FR4-252-W",32,32,46.4545454545455,46.4545454545455,"Y",1.05479452054795,NA,"dead = complete mortality or missing; treatment_2 = genet",557,28
"3703","pausch_et_al_2018","Florida","French Reef",NA,"Offshore","Horseshoe Reef",25.03438,-80.34888,"21",2016,"field","FR4-255-P",37.5,37.5,89.8279220779221,89.8279220779221,"Y",1.05479452054795,NA,"dead = complete mortality or missing; treatment_2 = genet",557,23
"3704","pausch_et_al_2018","Florida","French Reef",NA,"Offshore","Horseshoe Reef",25.03438,-80.34888,"22",2016,"field","FR4-253-P",52,52,34.1298701298701,34.1298701298701,"Y",1.05479452054795,NA,"dead = complete mortality or missing; treatment_2 = genet",557,23
"3705","pausch_et_al_2018","Florida","French Reef",NA,"Offshore","Conch Reef 1",25.03438,-80.34888,"22",2016,"field","FR4-253-W",20,20,79.6363636363636,79.6363636363636,"Y",1.05479452054795,NA,"dead = complete mortality or missing; treatment_2 = genet",557,28
"3706","pausch_et_al_2018","Florida","French Reef",NA,"Offshore","Conch Reef 2",25.03438,-80.34888,"22",2016,"field","FR4-253-Y",93.5,93.5,41.9512987012987,41.9512987012987,"Y",1.05479452054795,NA,"dead = complete mortality or missing; treatment_2 = genet",557,27
"3707","pausch_et_al_2018","Florida","French Reef",NA,"Offshore","Horseshoe Reef",25.03438,-80.34888,"22",2016,"field","FR4-254-P",35,35,139.363636363636,139.363636363636,"Y",1.05479452054795,NA,"dead = complete mortality or missing; treatment_2 = genet",557,23
"3708","pausch_et_al_2018","Florida","French Reef",NA,"Offshore","Conch Reef 1",25.03438,-80.34888,"22",2016,"field","FR4-254-W",35.75,35.75,51.4318181818182,51.4318181818182,"Y",1.05479452054795,NA,"dead = complete mortality or missing; treatment_2 = genet",557,28
"3709","pausch_et_al_2018","Florida","French Reef",NA,"Offshore","Conch Reef 2",25.03438,-80.34888,"22",2016,"field","FR4-254-Y",46.75,46.75,41.0032467532468,41.0032467532468,"Y",1.05479452054795,NA,"dead = complete mortality or missing; treatment_2 = genet",557,27
"3710","pausch_et_al_2018","Florida","French Reef",NA,"Offshore","Conch Reef 1",25.03438,-80.34888,"21",2016,"field","FR4-260-W",26.25,26.25,54.75,54.75,"Y",1.05479452054795,NA,"dead = complete mortality or missing; treatment_2 = genet",557,28
"3711","pausch_et_al_2018","Florida","French Reef",NA,"Offshore","Snapper Ledge",25.03438,-80.34888,"23",2016,"field","FR4-252-B",68.75,68.75,114.951298701299,114.951298701299,"Y",1.05479452054795,NA,"dead = complete mortality or missing; treatment_2 = genet",557,22
"3712","pausch_et_al_2018","Florida","French Reef",NA,"Offshore","Conch Reef 1",25.03438,-80.34888,"20",2016,"field","FR5-268-W",27,27,41.9512987012987,41.9512987012987,"Y",1.05479452054795,NA,"dead = complete mortality or missing; treatment_2 = genet",557,28
"3713","pausch_et_al_2018","Florida","French Reef",NA,"Offshore","Snapper Ledge",25.03438,-80.34888,"21",2016,"field","FR5-266-B",48.75,48.75,139.600649350649,139.600649350649,"Y",1.05479452054795,NA,"dead = complete mortality or missing; treatment_2 = genet",557,22
"3714","pausch_et_al_2018","Florida","French Reef",NA,"Offshore","Conch Reef 1",25.03438,-80.34888,"21",2016,"field","FR5-266-W",41.25,41.25,17.775974025974,17.775974025974,"Y",1.05479452054795,NA,"dead = complete mortality or missing; treatment_2 = genet",557,28
"3715","pausch_et_al_2018","Florida","French Reef",NA,"Offshore","Conch Reef 2",25.03438,-80.34888,"21",2016,"field","FR5-266-Y",48,48,22.7532467532468,12.5142857142857,"Y",1.05479452054795,NA,"dead = complete mortality or missing; treatment_2 = genet",557,27
"3716","pausch_et_al_2018","Florida","French Reef",NA,"Offshore","Horseshoe Reef",25.03438,-80.34888,"20",2016,"field","FR5-267-P",63,63,46.9285714285714,46.9285714285714,"Y",1.05479452054795,NA,"dead = complete mortality or missing; treatment_2 = genet",557,23
"3717","pausch_et_al_2018","Florida","French Reef",NA,"Offshore","Conch Reef 1",25.03438,-80.34888,"21",2016,"field","FR5-267-W",26.25,26.25,28.2045454545455,28.2045454545455,"Y",1.05479452054795,NA,"dead = complete mortality or missing; treatment_2 = genet",557,28
"3718","pausch_et_al_2018","Florida","French Reef",NA,"Offshore","Conch Reef 2",25.03438,-80.34888,"20",2016,"field","FR5-267-Y",28,28,58.7792207792208,58.7792207792208,"Y",1.05479452054795,NA,"dead = complete mortality or missing; treatment_2 = genet",557,27
"3719","pausch_et_al_2018","Florida","French Reef",NA,"Offshore","Snapper Ledge",25.03438,-80.34888,"21",2016,"field","FR4-260-B",37.5,37.5,71.1038961038961,71.1038961038961,"Y",1.05479452054795,NA,"dead = complete mortality or missing; treatment_2 = genet",557,22
"3720","pausch_et_al_2018","Florida","French Reef",NA,"Offshore","Horseshoe Reef",25.03438,-80.34888,"21",2016,"field","FR5-268-P",50,50,4.74025974025974,4.74025974025974,"Y",1.05479452054795,NA,"dead = complete mortality or missing; treatment_2 = genet",557,23
"3721","pausch_et_al_2018","Florida","French Reef",NA,"Offshore","Horseshoe Reef",25.03438,-80.34888,"20",2016,"field","FR5-265-P",36,36,74.8961038961039,74.8961038961039,"Y",1.05479452054795,NA,"dead = complete mortality or missing; treatment_2 = genet",557,23
"3722","pausch_et_al_2018","Florida","French Reef",NA,"Offshore","Conch Reef 2",25.03438,-80.34888,"20",2016,"field","FR5-268-Y",81,81,83.4285714285714,83.4285714285714,"Y",1.05479452054795,NA,"dead = complete mortality or missing; treatment_2 = genet",557,27
"3723","pausch_et_al_2018","Florida","French Reef",NA,"Offshore","Horseshoe Reef",25.03438,-80.34888,"20",2016,"field","FR5-269-P",52.25,52.25,45.0324675324675,44.0867857142857,"Y",1.05479452054795,NA,"dead = complete mortality or missing; treatment_2 = genet",557,23
"3724","pausch_et_al_2018","Florida","French Reef",NA,"Offshore","Conch Reef 1",25.03438,-80.34888,"20",2016,"field","FR5-269-W",35,35,61.6233766233766,61.6233766233766,"Y",1.05479452054795,NA,"dead = complete mortality or missing; treatment_2 = genet",557,28
"3725","pausch_et_al_2018","Florida","French Reef",NA,"Offshore","Conch Reef 2",25.03438,-80.34888,"20",2016,"field","FR5-269-Y",92,92,90.0649350649351,90.0649350649351,"Y",1.05479452054795,NA,"dead = complete mortality or missing; treatment_2 = genet",557,27
"3726","pausch_et_al_2018","Florida","French Reef",NA,"Offshore","Snapper Ledge",25.03438,-80.34888,"20",2016,"field","FR5-270-B",55.25,55.25,37.211038961039,37.211038961039,"Y",1.05479452054795,NA,"dead = complete mortality or missing; treatment_2 = genet",557,22
"3727","pausch_et_al_2018","Florida","French Reef",NA,"Offshore","Horseshoe Reef",25.03438,-80.34888,"20",2016,"field","FR5-270-P",40,40,61.6233766233766,61.6233766233766,"Y",1.05479452054795,NA,"dead = complete mortality or missing; treatment_2 = genet",557,23
"3728","pausch_et_al_2018","Florida","French Reef",NA,"Offshore","Snapper Ledge",25.03438,-80.34888,"20",2016,"field","FR5-268-B",63,63,131.068181818182,131.068181818182,"Y",1.05479452054795,NA,"dead = complete mortality or missing; treatment_2 = genet",557,22
"3729","pausch_et_al_2018","Florida","French Reef",NA,"Offshore","Horseshoe Reef",25.03438,-80.34888,"20",2016,"field","FR5-263-P",88,88,64.4675324675325,57.0727272727273,"Y",1.05479452054795,NA,"dead = complete mortality or missing; treatment_2 = genet",557,23
"3730","pausch_et_al_2018","Florida","French Reef",NA,"Offshore","Conch Reef 2",25.03438,-80.34888,"21",2016,"field","FR4-260-Y",37.5,37.5,84.3766233766234,84.3766233766234,"Y",1.05479452054795,NA,"dead = complete mortality or missing; treatment_2 = genet",557,27
"3731","pausch_et_al_2018","Florida","French Reef",NA,"Offshore","Snapper Ledge",25.03438,-80.34888,"21",2016,"field","FR5-261-B",28,28,72.525974025974,72.525974025974,"Y",1.05479452054795,NA,"dead = complete mortality or missing; treatment_2 = genet",557,22
"3732","pausch_et_al_2018","Florida","French Reef",NA,"Offshore","Conch Reef 1",25.03438,-80.34888,"21",2016,"field","FR5-261-W",24.5,24.5,45.0324675324675,45.0324675324675,"Y",1.05479452054795,NA,"dead = complete mortality or missing; treatment_2 = genet",557,28
"3733","pausch_et_al_2018","Florida","French Reef",NA,"Offshore","Conch Reef 2",25.03438,-80.34888,"21",2016,"field","FR5-261-Y",97.5,97.5,146.474025974026,146.474025974026,"Y",1.05479452054795,NA,"dead = complete mortality or missing; treatment_2 = genet",557,27
"3734","pausch_et_al_2018","Florida","French Reef",NA,"Offshore","Snapper Ledge",25.03438,-80.34888,"21",2016,"field","FR5-262-B",56,56,32.2337662337662,32.2337662337662,"Y",1.05479452054795,NA,"dead = complete mortality or missing; treatment_2 = genet",557,22
"3735","pausch_et_al_2018","Florida","French Reef",NA,"Offshore","Conch Reef 1",25.03438,-80.34888,"21",2016,"field","FR5-262-W",33.75,33.75,43.8474025974026,43.8474025974026,"Y",1.05479452054795,NA,"dead = complete mortality or missing; treatment_2 = genet",557,28
"3736","pausch_et_al_2018","Florida","French Reef",NA,"Offshore","Conch Reef 2",25.03438,-80.34888,"20",2016,"field","FR5-265-Y",42.5,42.5,130.357142857143,130.357142857143,"Y",1.05479452054795,NA,"dead = complete mortality or missing; treatment_2 = genet",557,27
"3737","pausch_et_al_2018","Florida","French Reef",NA,"Offshore","Snapper Ledge",25.03438,-80.34888,"21",2016,"field","FR5-263-B",47.25,47.25,111.633116883117,111.633116883117,"Y",1.05479452054795,NA,"dead = complete mortality or missing; treatment_2 = genet",557,22
"3738","pausch_et_al_2018","Florida","French Reef",NA,"Offshore","Conch Reef 1",25.03438,-80.34888,"21",2016,"field","FR5-265-W",34.5,34.5,44.0844155844156,40.2448051948052,"Y",1.05479452054795,NA,"dead = complete mortality or missing; treatment_2 = genet",557,28
"3739","pausch_et_al_2018","Florida","French Reef",NA,"Offshore","Conch Reef 1",25.03438,-80.34888,"21",2016,"field","FR5-263-W",57.5,57.5,55.461038961039,55.461038961039,"Y",1.05479452054795,NA,"dead = complete mortality or missing; treatment_2 = genet",557,28
"3740","pausch_et_al_2018","Florida","French Reef",NA,"Offshore","Conch Reef 2",25.03438,-80.34888,"21",2016,"field","FR5-263-Y",29.25,29.25,137.230519480519,137.230519480519,"Y",1.05479452054795,NA,"dead = complete mortality or missing; treatment_2 = genet",557,27
"3741","pausch_et_al_2018","Florida","French Reef",NA,"Offshore","Snapper Ledge",25.03438,-80.34888,"21",2016,"field","FR5-264-B",40,40,80.5844155844156,80.5844155844156,"Y",1.05479452054795,NA,"dead = complete mortality or missing; treatment_2 = genet",557,22
"3742","pausch_et_al_2018","Florida","French Reef",NA,"Offshore","Horseshoe Reef",25.03438,-80.34888,"21",2016,"field","FR5-264-P",51,51,97.6493506493507,97.6493506493507,"Y",1.05479452054795,NA,"dead = complete mortality or missing; treatment_2 = genet",557,23
"3743","pausch_et_al_2018","Florida","French Reef",NA,"Offshore","Conch Reef 1",25.03438,-80.34888,"21",2016,"field","FR5-264-W",35,35,64.9415584415584,64.9415584415584,"Y",1.05479452054795,NA,"dead = complete mortality or missing; treatment_2 = genet",557,28
"3744","pausch_et_al_2018","Florida","French Reef",NA,"Offshore","Conch Reef 2",25.03438,-80.34888,"20",2016,"field","FR5-264-Y",104.5,104.5,189.136363636364,189.136363636364,"Y",1.05479452054795,NA,"dead = complete mortality or missing; treatment_2 = genet",557,27
"3745","pausch_et_al_2018","Florida","French Reef",NA,"Offshore","Conch Reef 1",25.03438,-80.34888,"20",2016,"field","FR5-270-W",22.5,22.5,43.1363636363636,43.1363636363636,"Y",1.05479452054795,NA,"dead = complete mortality or missing; treatment_2 = genet",557,28
"3746","pausch_et_al_2018","Florida","French Reef",NA,"Offshore","Conch Reef 2",25.03438,-80.34888,"21",2016,"field","FR5-262-Y",48.75,48.75,62.8084415584416,62.8084415584416,"Y",1.05479452054795,NA,"dead = complete mortality or missing; treatment_2 = genet",557,27
"3747","pausch_et_al_2018","Florida","Pickles Reef",NA,"Offshore","Snapper Ledge",24.98575,-80.41558,"15",2016,"field","PI5-113-B",45,45,176.1125,176.1125,"Y",1.0958904109589,NA,"dead = complete mortality or missing; treatment_2 = genet",557,20
"3748","pausch_et_al_2018","Florida","Pickles Reef",NA,"Offshore","Snapper Ledge",24.98607,-80.41506,"17",2016,"field","PI4-101-B",42,42,6.159375,-29.428125,"Y",1.0958904109589,NA,"dead = complete mortality or missing; treatment_2 = genet",557,20
"3749","pausch_et_al_2018","Florida","Pickles Reef",NA,"Offshore","Horseshoe Reef",24.98607,-80.41506,"16",2016,"field","PI4-109-P",36,36,-5.475,-32.57625,"Y",1.0958904109589,NA,"dead = complete mortality or missing; treatment_2 = genet",557,25
"3750","pausch_et_al_2018","Florida","Pickles Reef",NA,"Offshore","Conch Reef 1",24.98607,-80.41506,"16",2016,"field","PI4-109-W",44,44,0,-38.1425,"Y",1.0958904109589,NA,"dead = complete mortality or missing; treatment_2 = genet",557,29
"3751","pausch_et_al_2018","Florida","Pickles Reef",NA,"Offshore","Conch Reef 2",24.98607,-80.41506,"16",2016,"field","PI4-110-Y",57.75,57.75,23.953125,-51.930375,"Y",1.0958904109589,NA,"dead = complete mortality or missing; treatment_2 = genet",557,27
"3752","pausch_et_al_2018","Florida","Pickles Reef",NA,"Offshore","Snapper Ledge",24.98575,-80.41558,"16",2016,"field","PI5-111-B",63.75,63.75,107.903125,107.903125,"Y",1.0958904109589,NA,"dead = complete mortality or missing; treatment_2 = genet",557,20
"3753","pausch_et_al_2018","Florida","Pickles Reef",NA,"Offshore","Horseshoe Reef",24.98575,-80.41558,"16",2016,"field","PI5-111-P",45,45,46.5375,46.5375,"Y",1.0958904109589,NA,"dead = complete mortality or missing; treatment_2 = genet",557,25
"3754","pausch_et_al_2018","Florida","Pickles Reef",NA,"Offshore","Conch Reef 1",24.98575,-80.41558,"16",2016,"field","PI5-111-W",47.25,47.25,48.134375,48.134375,"Y",1.0958904109589,NA,"dead = complete mortality or missing; treatment_2 = genet",557,29
"3755","pausch_et_al_2018","Florida","Pickles Reef",NA,"Offshore","Conch Reef 2",24.98575,-80.41558,"16",2016,"field","PI5-111-Y",60,60,70.71875,58.171875,"Y",1.0958904109589,NA,"dead = complete mortality or missing; treatment_2 = genet",557,27
"3756","pausch_et_al_2018","Florida","Pickles Reef",NA,"Offshore","Conch Reef 2",24.98607,-80.41506,"15",2016,"field","PI4-108-Y",85,85,82.58125,74.5740625,"Y",1.0958904109589,NA,"dead = complete mortality or missing; treatment_2 = genet",557,27
"3757","pausch_et_al_2018","Florida","Pickles Reef",NA,"Offshore","Conch Reef 2",24.98575,-80.41558,"15",2016,"field","PI5-112-Y",56,56,-9.58125,-46.948125,"Y",1.0958904109589,NA,"dead = complete mortality or missing; treatment_2 = genet",557,27
"3758","pausch_et_al_2018","Florida","Pickles Reef",NA,"Offshore","Conch Reef 1",24.98607,-80.41506,"15",2016,"field","PI4-108-W",55.25,55.25,-9.353125,-9.353125,"Y",1.0958904109589,NA,"dead = complete mortality or missing; treatment_2 = genet",557,29
"3759","pausch_et_al_2018","Florida","Pickles Reef",NA,"Offshore","Horseshoe Reef",24.98575,-80.41558,"16",2016,"field","PI5-113-P",40,40,78.93125,78.93125,"Y",1.0958904109589,NA,"dead = complete mortality or missing; treatment_2 = genet",557,25
"3760","pausch_et_al_2018","Florida","Pickles Reef",NA,"Offshore","Conch Reef 1",24.98575,-80.41558,"15",2016,"field","PI5-113-W",52.5,52.5,20.53125,20.53125,"Y",1.0958904109589,NA,"dead = complete mortality or missing; treatment_2 = genet",557,29
"3761","pausch_et_al_2018","Florida","Pickles Reef",NA,"Offshore","Conch Reef 2",24.98575,-80.41558,"16",2016,"field","PI5-113-Y",93.5,93.5,116.34375,116.34375,"Y",1.0958904109589,NA,"dead = complete mortality or missing; treatment_2 = genet",557,27
"3762","pausch_et_al_2018","Florida","Pickles Reef",NA,"Offshore","Horseshoe Reef",24.98575,-80.41558,"15",2016,"field","PI5-114-P",68.25,68.25,10.721875,-54.978125,"Y",1.0958904109589,NA,"dead = complete mortality or missing; treatment_2 = genet",557,25
"3763","pausch_et_al_2018","Florida","Pickles Reef",NA,"Offshore","Conch Reef 2",24.98575,-80.41558,"16",2016,"field","PI5-114-Y",69,69,35.5875,34.602,"Y",1.0958904109589,NA,"dead = complete mortality or missing; treatment_2 = genet",557,27
"3764","pausch_et_al_2018","Florida","Pickles Reef",NA,"Offshore","Snapper Ledge",24.98575,-80.41558,"15",2016,"field","PI5-115-B",51,51,-38.325,-38.325,"Y",1.0958904109589,NA,"dead = complete mortality or missing; treatment_2 = genet",557,20
"3765","pausch_et_al_2018","Florida","Pickles Reef",NA,"Offshore","Horseshoe Reef",24.98575,-80.41558,"15",2016,"field","PI5-115-P",36,36,21.9,10.95,"Y",1.0958904109589,NA,"dead = complete mortality or missing; treatment_2 = genet",557,25
"3766","pausch_et_al_2018","Florida","Pickles Reef",NA,"Offshore","Conch Reef 1",24.98575,-80.41558,"15",2016,"field","PI5-115-W",71.5,71.5,5.01875,-58.2175,"Y",1.0958904109589,NA,"dead = complete mortality or missing; treatment_2 = genet",557,29
"3767","pausch_et_al_2018","Florida","Pickles Reef",NA,"Offshore","Conch Reef 2",24.98575,-80.41558,"15",2016,"field","PI5-115-Y",70,70,67.525,-4.745,"Y",1.0958904109589,NA,"dead = complete mortality or missing; treatment_2 = genet",557,27
"3768","pausch_et_al_2018","Florida","Pickles Reef",NA,"Offshore","Snapper Ledge",24.98575,-80.41558,"15",2016,"field","PI5-116-B",49,49,45.625,45.625,"Y",1.0958904109589,NA,"dead = complete mortality or missing; treatment_2 = genet",557,20
"3769","pausch_et_al_2018","Florida","Pickles Reef",NA,"Offshore","Horseshoe Reef",24.98575,-80.41558,"15",2016,"field","PI5-116-P",68,68,129.575,129.575,"Y",1.0958904109589,NA,"dead = complete mortality or missing; treatment_2 = genet",557,25
"3770","pausch_et_al_2018","Florida","Pickles Reef",NA,"Offshore","Conch Reef 1",24.98575,-80.41558,"15",2016,"field","PI5-112-W",46.75,46.75,37.640625,37.640625,"Y",1.0958904109589,NA,"dead = complete mortality or missing; treatment_2 = genet",557,29
"3771","pausch_et_al_2018","Florida","Pickles Reef",NA,"Offshore","Horseshoe Reef",24.98607,-80.41506,"17",2016,"field","PI4-105-P",52,52,38.78125,38.78125,"Y",1.0958904109589,NA,"dead = complete mortality or missing; treatment_2 = genet",557,25
"3772","pausch_et_al_2018","Florida","Pickles Reef",NA,"Offshore","Horseshoe Reef",24.98607,-80.41506,"17",2016,"field","PI4-101-P",52.5,52.5,130.94375,130.94375,"Y",1.0958904109589,NA,"dead = complete mortality or missing; treatment_2 = genet",557,25
"3773","pausch_et_al_2018","Florida","Pickles Reef",NA,"Offshore","Conch Reef 1",24.98607,-80.41506,"17",2016,"field","PI4-101-W",57.75,57.75,47.678125,47.678125,"Y",1.0958904109589,NA,"dead = complete mortality or missing; treatment_2 = genet",557,29
"3774","pausch_et_al_2018","Florida","Pickles Reef",NA,"Offshore","Conch Reef 2",24.98607,-80.41506,"17",2016,"field","PI4-101-Y",71.25,71.25,33.534375,33.534375,"Y",1.0958904109589,NA,"dead = complete mortality or missing; treatment_2 = genet",557,27
"3775","pausch_et_al_2018","Florida","Pickles Reef",NA,"Offshore","Snapper Ledge",24.98607,-80.41506,"17",2016,"field","PI4-102-B",36,36,98.321875,98.321875,"Y",1.0958904109589,NA,"dead = complete mortality or missing; treatment_2 = genet",557,20
"3776","pausch_et_al_2018","Florida","Pickles Reef",NA,"Offshore","Conch Reef 1",24.98607,-80.41506,"17",2016,"field","PI4-102-W",38.5,38.5,21.215625,18.39828125,"Y",1.0958904109589,NA,"dead = complete mortality or missing; treatment_2 = genet",557,29
"3777","pausch_et_al_2018","Florida","Pickles Reef",NA,"Offshore","Snapper Ledge",24.98607,-80.41506,"17",2016,"field","PI4-103-B",60,60,-3.65,-49.64,"Y",1.0958904109589,NA,"dead = complete mortality or missing; treatment_2 = genet",557,20
"3778","pausch_et_al_2018","Florida","Pickles Reef",NA,"Offshore","Horseshoe Reef",24.98607,-80.41506,"17",2016,"field","PI4-103-P",4.75,4.75,36.728125,24.409375,"Y",1.0958904109589,NA,"dead = complete mortality or missing; treatment_2 = genet",557,25
"3779","pausch_et_al_2018","Florida","Pickles Reef",NA,"Offshore","Conch Reef 1",24.98607,-80.41506,"17",2016,"field","PI4-103-W",47.5,47.5,5.93125,-8.85125,"Y",1.0958904109589,NA,"dead = complete mortality or missing; treatment_2 = genet",557,29
"3780","pausch_et_al_2018","Florida","Pickles Reef",NA,"Offshore","Horseshoe Reef",24.98607,-80.41506,"17",2016,"field","PI4-104-P",60,60,80.75625,80.75625,"Y",1.0958904109589,NA,"dead = complete mortality or missing; treatment_2 = genet",557,25
"3781","pausch_et_al_2018","Florida","Pickles Reef",NA,"Offshore","Conch Reef 1",24.98607,-80.41506,"17",2016,"field","PI4-104-W",77,77,11.8625,11.04125,"Y",1.0958904109589,NA,"dead = complete mortality or missing; treatment_2 = genet",557,29
"3782","pausch_et_al_2018","Florida","Pickles Reef",NA,"Offshore","Snapper Ledge",24.98607,-80.41506,"16",2016,"field","PI4-109-B",55,55,32.85,-49.357125,"Y",1.0958904109589,NA,"dead = complete mortality or missing; treatment_2 = genet",557,20
"3783","pausch_et_al_2018","Florida","Pickles Reef",NA,"Offshore","Snapper Ledge",24.98607,-80.41506,"16",2016,"field","PI4-105-B",45,45,22.8125,22.17375,"Y",1.0958904109589,NA,"dead = complete mortality or missing; treatment_2 = genet",557,20
"3784","pausch_et_al_2018","Florida","Pickles Reef",NA,"Offshore","Snapper Ledge",24.98575,-80.41558,"15",2016,"field","PI5-117-B",38,38,73.9125,73.9125,"Y",1.0958904109589,NA,"dead = complete mortality or missing; treatment_2 = genet",557,20
"3785","pausch_et_al_2018","Florida","Pickles Reef",NA,"Offshore","Conch Reef 1",24.98607,-80.41506,"16",2016,"field","PI4-105-W",55,55,77.5625,77.5625,"Y",1.0958904109589,NA,"dead = complete mortality or missing; treatment_2 = genet",557,29
"3786","pausch_et_al_2018","Florida","Pickles Reef",NA,"Offshore","Conch Reef 2",24.98607,-80.41506,"17",2016,"field","PI4-105-Y",82.5,82.5,109.5,109.5,"Y",1.0958904109589,NA,"dead = complete mortality or missing; treatment_2 = genet",557,27
"3787","pausch_et_al_2018","Florida","Pickles Reef",NA,"Offshore","Snapper Ledge",24.98607,-80.41506,"16",2016,"field","PI4-106-B",52,52,62.05,62.05,"Y",1.0958904109589,NA,"dead = complete mortality or missing; treatment_2 = genet",557,20
"3788","pausch_et_al_2018","Florida","Pickles Reef",NA,"Offshore","Horseshoe Reef",24.98607,-80.41506,"16",2016,"field","PI4-106-P",60,60,9.125,9.125,"Y",1.0958904109589,NA,"dead = complete mortality or missing; treatment_2 = genet",557,25
"3789","pausch_et_al_2018","Florida","Pickles Reef",NA,"Offshore","Conch Reef 1",24.98607,-80.41506,"16",2016,"field","PI4-106-W",36,36,49.275,49.275,"Y",1.0958904109589,NA,"dead = complete mortality or missing; treatment_2 = genet",557,29
"3790","pausch_et_al_2018","Florida","Pickles Reef",NA,"Offshore","Conch Reef 2",24.98607,-80.41506,"16",2016,"field","PI4-106-Y",81,81,61.59375,61.59375,"Y",1.0958904109589,NA,"dead = complete mortality or missing; treatment_2 = genet",557,27
"3791","pausch_et_al_2018","Florida","Pickles Reef",NA,"Offshore","Conch Reef 1",24.98607,-80.41506,"16",2016,"field","PI4-107-W",16.25,16.25,75.509375,75.509375,"Y",1.0958904109589,NA,"dead = complete mortality or missing; treatment_2 = genet",557,29
"3792","pausch_et_al_2018","Florida","Pickles Reef",NA,"Offshore","Conch Reef 2",24.98607,-80.41506,"16",2016,"field","PI4-107-Y",76.5,76.5,109.04375,46.44625,"Y",1.0958904109589,NA,"dead = complete mortality or missing; treatment_2 = genet",557,27
"3793","pausch_et_al_2018","Florida","Pickles Reef",NA,"Offshore","Snapper Ledge",24.98607,-80.41506,"15",2016,"field","PI4-108-B",44,44,96.725,96.725,"Y",1.0958904109589,NA,"dead = complete mortality or missing; treatment_2 = genet",557,20
"3794","pausch_et_al_2018","Florida","Pickles Reef",NA,"Offshore","Horseshoe Reef",24.98607,-80.41506,"15",2016,"field","PI4-108-P",45,45,136.875,136.875,"Y",1.0958904109589,NA,"dead = complete mortality or missing; treatment_2 = genet",557,25
"3795","pausch_et_al_2018","Florida","Pickles Reef",NA,"Offshore","Conch Reef 2",24.98607,-80.41506,"17",2016,"field","PI4-104-Y",80,80,110.86875,92.481875,"Y",1.0958904109589,NA,"dead = complete mortality or missing; treatment_2 = genet",557,27
"3796","pausch_et_al_2018","Florida","Pickles Reef",NA,"Offshore","Horseshoe Reef",24.98573,-80.41569,"13",2016,"field","PI6-128-P",36,36,121.134375,121.134375,"Y",1.0958904109589,NA,"dead = complete mortality or missing; treatment_2 = genet",557,25
"3797","pausch_et_al_2018","Florida","Pickles Reef",NA,"Offshore","Conch Reef 2",24.98573,-80.41569,"14",2016,"field","PI6-124-Y",66.5,66.5,164.25,164.25,"Y",1.0958904109589,NA,"dead = complete mortality or missing; treatment_2 = genet",557,27
"3798","pausch_et_al_2018","Florida","Pickles Reef",NA,"Offshore","Horseshoe Reef",24.98573,-80.41569,"14",2016,"field","PI6-125-P",45,45,83.49375,83.49375,"Y",1.0958904109589,NA,"dead = complete mortality or missing; treatment_2 = genet",557,25
"3799","pausch_et_al_2018","Florida","Pickles Reef",NA,"Offshore","Conch Reef 1",24.98573,-80.41569,"14",2016,"field","PI6-125-W",48,48,77.5625,77.5625,"Y",1.0958904109589,NA,"dead = complete mortality or missing; treatment_2 = genet",557,29
"3800","pausch_et_al_2018","Florida","Pickles Reef",NA,"Offshore","Conch Reef 2",24.98573,-80.41569,"14",2016,"field","PI6-125-Y",58.5,58.5,148.28125,148.28125,"Y",1.0958904109589,NA,"dead = complete mortality or missing; treatment_2 = genet",557,27
"3801","pausch_et_al_2018","Florida","Pickles Reef",NA,"Offshore","Snapper Ledge",24.98573,-80.41569,"14",2016,"field","PI6-126-B",41.25,41.25,76.421875,76.421875,"Y",1.0958904109589,NA,"dead = complete mortality or missing; treatment_2 = genet",557,20
"3802","pausch_et_al_2018","Florida","Pickles Reef",NA,"Offshore","Horseshoe Reef",24.98573,-80.41569,"14",2016,"field","PI6-126-P",42,42,146.45625,146.45625,"Y",1.0958904109589,NA,"dead = complete mortality or missing; treatment_2 = genet",557,25
"3803","pausch_et_al_2018","Florida","Pickles Reef",NA,"Offshore","Conch Reef 1",24.98573,-80.41569,"14",2016,"field","PI6-126-W",42,42,47.221875,42.94453125,"Y",1.0958904109589,NA,"dead = complete mortality or missing; treatment_2 = genet",557,29
"3804","pausch_et_al_2018","Florida","Pickles Reef",NA,"Offshore","Conch Reef 2",24.98573,-80.41569,"14",2016,"field","PI6-126-Y",41.25,41.25,8.896875,6.57,"Y",1.0958904109589,NA,"dead = complete mortality or missing; treatment_2 = genet",557,27
"3805","pausch_et_al_2018","Florida","Pickles Reef",NA,"Offshore","Snapper Ledge",24.98573,-80.41569,"13",2016,"field","PI6-127-B",44,44,-14.6,-15.8775,"Y",1.0958904109589,NA,"dead = complete mortality or missing; treatment_2 = genet",557,20
"3806","pausch_et_al_2018","Florida","Pickles Reef",NA,"Offshore","Horseshoe Reef",24.98573,-80.41569,"14",2016,"field","PI6-127-P",48,48,21.9,21.9,"Y",1.0958904109589,NA,"dead = complete mortality or missing; treatment_2 = genet",557,25
"3807","pausch_et_al_2018","Florida","Pickles Reef",NA,"Offshore","Conch Reef 1",24.98575,-80.41558,"15",2016,"field","PI5-116-W",47.25,47.25,32.165625,32.165625,"Y",1.0958904109589,NA,"dead = complete mortality or missing; treatment_2 = genet",557,29
"3808","pausch_et_al_2018","Florida","Pickles Reef",NA,"Offshore","Conch Reef 2",24.98573,-80.41569,"14",2016,"field","PI6-127-Y",44,44,69.35,69.35,"Y",1.0958904109589,NA,"dead = complete mortality or missing; treatment_2 = genet",557,27
"3809","pausch_et_al_2018","Florida","Pickles Reef",NA,"Offshore","Conch Reef 1",24.98573,-80.41569,"13",2016,"field","PI6-128-W",66.5,66.5,92.61875,84.95375,"Y",1.0958904109589,NA,"dead = complete mortality or missing; treatment_2 = genet",557,29
"3810","pausch_et_al_2018","Florida","Pickles Reef",NA,"Offshore","Conch Reef 2",24.98573,-80.41569,"14",2016,"field","PI6-128-Y",40,40,58.85625,54.0884375,"Y",1.0958904109589,NA,"dead = complete mortality or missing; treatment_2 = genet",557,27
"3811","pausch_et_al_2018","Florida","Pickles Reef",NA,"Offshore","Snapper Ledge",24.98573,-80.41569,"14",2016,"field","PI6-129-B",40,40,-12.775,-31.755,"Y",1.0958904109589,NA,"dead = complete mortality or missing; treatment_2 = genet",557,20
"3812","pausch_et_al_2018","Florida","Pickles Reef",NA,"Offshore","Horseshoe Reef",24.98573,-80.41569,"14",2016,"field","PI6-129-P",48.75,48.75,19.390625,-18.934375,"Y",1.0958904109589,NA,"dead = complete mortality or missing; treatment_2 = genet",557,25
"3813","pausch_et_al_2018","Florida","Pickles Reef",NA,"Offshore","Conch Reef 1",24.98573,-80.41569,"14",2016,"field","PI6-129-W",33.25,33.25,11.634375,5.338125,"Y",1.0958904109589,NA,"dead = complete mortality or missing; treatment_2 = genet",557,29
"3814","pausch_et_al_2018","Florida","Pickles Reef",NA,"Offshore","Conch Reef 2",24.98573,-80.41569,"14",2016,"field","PI6-129-Y",68.25,68.25,38.325,38.325,"Y",1.0958904109589,NA,"dead = complete mortality or missing; treatment_2 = genet",557,27
"3815","pausch_et_al_2018","Florida","Pickles Reef",NA,"Offshore","Snapper Ledge",24.98573,-80.41569,"13",2016,"field","PI6-130-B",49.5,49.5,5.01875,-2.509375,"Y",1.0958904109589,NA,"dead = complete mortality or missing; treatment_2 = genet",557,20
"3816","pausch_et_al_2018","Florida","Pickles Reef",NA,"Offshore","Horseshoe Reef",24.98573,-80.41569,"13",2016,"field","PI6-130-P",56,56,-3.65,-41.61,"Y",1.0958904109589,NA,"dead = complete mortality or missing; treatment_2 = genet",557,25
"3817","pausch_et_al_2018","Florida","Pickles Reef",NA,"Offshore","Conch Reef 1",24.98573,-80.41569,"13",2016,"field","PI6-130-W",51,51,12.775,-43.571875,"Y",1.0958904109589,NA,"dead = complete mortality or missing; treatment_2 = genet",557,29
"3818","pausch_et_al_2018","Florida","Pickles Reef",NA,"Offshore","Conch Reef 2",24.98573,-80.41569,"13",2016,"field","PI6-130-Y",73.5,73.5,-26.00625,-65.015625,"Y",1.0958904109589,NA,"dead = complete mortality or missing; treatment_2 = genet",557,27
"3819","pausch_et_al_2018","Florida","Pickles Reef",NA,"Offshore","Conch Reef 1",24.98573,-80.41569,"13",2016,"field","PI6-127-W",42,42,56.11875,56.11875,"Y",1.0958904109589,NA,"dead = complete mortality or missing; treatment_2 = genet",557,29
"3820","pausch_et_al_2018","Florida","Pickles Reef",NA,"Offshore","Horseshoe Reef",24.98575,-80.41558,"14",2016,"field","PI5-120-P",54,54,93.075,93.075,"Y",1.0958904109589,NA,"dead = complete mortality or missing; treatment_2 = genet",557,25
"3821","pausch_et_al_2018","Florida","Pickles Reef",NA,"Offshore","Horseshoe Reef",24.98575,-80.41558,"15",2016,"field","PI5-117-P",65,65,13.6875,-8.2125,"Y",1.0958904109589,NA,"dead = complete mortality or missing; treatment_2 = genet",557,25
"3822","pausch_et_al_2018","Florida","Pickles Reef",NA,"Offshore","Conch Reef 1",24.98575,-80.41558,"15",2016,"field","PI5-117-W",50,50,39.69375,39.69375,"Y",1.0958904109589,NA,"dead = complete mortality or missing; treatment_2 = genet",557,29
"3823","pausch_et_al_2018","Florida","Pickles Reef",NA,"Offshore","Conch Reef 2",24.98575,-80.41558,"15",2016,"field","PI5-117-Y",91,91,185.2375,185.2375,"Y",1.0958904109589,NA,"dead = complete mortality or missing; treatment_2 = genet",557,27
"3824","pausch_et_al_2018","Florida","Pickles Reef",NA,"Offshore","Snapper Ledge",24.98575,-80.41558,"15",2016,"field","PI5-118-B",30,30,30.1125,18.615,"Y",1.0958904109589,NA,"dead = complete mortality or missing; treatment_2 = genet",557,20
"3825","pausch_et_al_2018","Florida","Pickles Reef",NA,"Offshore","Horseshoe Reef",24.98575,-80.41558,"15",2016,"field","PI5-118-P",54,54,41.746875,37.19578125,"Y",1.0958904109589,NA,"dead = complete mortality or missing; treatment_2 = genet",557,25
"3826","pausch_et_al_2018","Florida","Pickles Reef",NA,"Offshore","Conch Reef 1",24.98575,-80.41558,"15",2016,"field","PI5-118-W",61.75,61.75,82.58125,82.58125,"Y",1.0958904109589,NA,"dead = complete mortality or missing; treatment_2 = genet",557,29
"3827","pausch_et_al_2018","Florida","Pickles Reef",NA,"Offshore","Conch Reef 2",24.98575,-80.41558,"15",2016,"field","PI5-118-Y",88,88,205.76875,205.76875,"Y",1.0958904109589,NA,"dead = complete mortality or missing; treatment_2 = genet",557,27
"3828","pausch_et_al_2018","Florida","Pickles Reef",NA,"Offshore","Snapper Ledge",24.98575,-80.41558,"14",2016,"field","PI5-119-B",33.75,33.75,93.759375,93.759375,"Y",1.0958904109589,NA,"dead = complete mortality or missing; treatment_2 = genet",557,20
"3829","pausch_et_al_2018","Florida","Pickles Reef",NA,"Offshore","Horseshoe Reef",24.98575,-80.41558,"15",2016,"field","PI5-119-P",45,45,91.25,91.25,"Y",1.0958904109589,NA,"dead = complete mortality or missing; treatment_2 = genet",557,25
"3830","pausch_et_al_2018","Florida","Pickles Reef",NA,"Offshore","Conch Reef 1",24.98575,-80.41558,"14",2016,"field","PI5-119-W",72.5,72.5,46.5375,46.5375,"Y",1.0958904109589,NA,"dead = complete mortality or missing; treatment_2 = genet",557,29
"3831","pausch_et_al_2018","Florida","Pickles Reef",NA,"Offshore","Conch Reef 1",24.98573,-80.41569,"14",2016,"field","PI6-124-W",63.25,63.25,86.003125,78.8171875,"Y",1.0958904109589,NA,"dead = complete mortality or missing; treatment_2 = genet",557,29
"3832","pausch_et_al_2018","Florida","Pickles Reef",NA,"Offshore","Snapper Ledge",24.98575,-80.41558,"14",2016,"field","PI5-120-B",49,49,103.56875,103.56875,"Y",1.0958904109589,NA,"dead = complete mortality or missing; treatment_2 = genet",557,20
"3833","pausch_et_al_2018","Florida","Pickles Reef",NA,"Offshore","Horseshoe Reef",24.98573,-80.41569,"14",2016,"field","PI6-124-P",29.75,29.75,81.440625,81.440625,"Y",1.0958904109589,NA,"dead = complete mortality or missing; treatment_2 = genet",557,25
"3834","pausch_et_al_2018","Florida","Pickles Reef",NA,"Offshore","Conch Reef 1",24.98575,-80.41558,"14",2016,"field","PI5-120-W",42.5,42.5,69.80625,69.80625,"Y",1.0958904109589,NA,"dead = complete mortality or missing; treatment_2 = genet",557,29
"3835","pausch_et_al_2018","Florida","Pickles Reef",NA,"Offshore","Conch Reef 2",24.98575,-80.41558,"14",2016,"field","PI5-120-Y",112,112,84.8625,84.8625,"Y",1.0958904109589,NA,"dead = complete mortality or missing; treatment_2 = genet",557,27
"3836","pausch_et_al_2018","Florida","Pickles Reef",NA,"Offshore","Snapper Ledge",24.98573,-80.41569,"15",2016,"field","PI6-121-B",31.5,31.5,16.88125,-21.9,"Y",1.0958904109589,NA,"dead = complete mortality or missing; treatment_2 = genet",557,20
"3837","pausch_et_al_2018","Florida","Pickles Reef",NA,"Offshore","Conch Reef 1",24.98573,-80.41569,"15",2016,"field","PI6-121-W",40,40,67.525,67.525,"Y",1.0958904109589,NA,"dead = complete mortality or missing; treatment_2 = genet",557,29
"3838","pausch_et_al_2018","Florida","Pickles Reef",NA,"Offshore","Conch Reef 2",24.98573,-80.41569,"15",2016,"field","PI6-121-Y",45,45,13.6875,2.7375,"Y",1.0958904109589,NA,"dead = complete mortality or missing; treatment_2 = genet",557,27
"3839","pausch_et_al_2018","Florida","Pickles Reef",NA,"Offshore","Horseshoe Reef",24.98573,-80.41569,"14",2016,"field","PI6-122-P",52.25,52.25,34.446875,30.340625,"Y",1.0958904109589,NA,"dead = complete mortality or missing; treatment_2 = genet",557,25
"3840","pausch_et_al_2018","Florida","Pickles Reef",NA,"Offshore","Conch Reef 1",24.98573,-80.41569,"14",2016,"field","PI6-122-W",60,60,52.0125,46.674375,"Y",1.0958904109589,NA,"dead = complete mortality or missing; treatment_2 = genet",557,29
"3841","pausch_et_al_2018","Florida","Pickles Reef",NA,"Offshore","Conch Reef 2",24.98573,-80.41569,"14",2016,"field","PI6-122-Y",44,44,78.475,78.475,"Y",1.0958904109589,NA,"dead = complete mortality or missing; treatment_2 = genet",557,27
"3842","pausch_et_al_2018","Florida","Pickles Reef",NA,"Offshore","Horseshoe Reef",24.98573,-80.41569,"14",2016,"field","PI6-123-P",67.5,67.5,85.31875,83.849625,"Y",1.0958904109589,NA,"dead = complete mortality or missing; treatment_2 = genet",557,25
"3843","pausch_et_al_2018","Florida","Pickles Reef",NA,"Offshore","Conch Reef 1",24.98573,-80.41569,"14",2016,"field","PI6-123-W",38,38,42.8875,42.8875,"Y",1.0958904109589,NA,"dead = complete mortality or missing; treatment_2 = genet",557,29
"3844","pausch_et_al_2018","Florida","Pickles Reef",NA,"Offshore","Conch Reef 2",24.98573,-80.41569,"14",2016,"field","PI6-123-Y",45,45,39.2375,35.2225,"Y",1.0958904109589,NA,"dead = complete mortality or missing; treatment_2 = genet",557,27
"3845","pausch_et_al_2018","Florida","Pickles Reef",NA,"Offshore","Conch Reef 2",24.98575,-80.41558,"15",2016,"field","PI5-116-Y",38,38,140.525,140.525,"Y",1.0958904109589,NA,"dead = complete mortality or missing; treatment_2 = genet",557,27
"3846","pausch_et_al_2018","Florida","Pickles Reef",NA,"Offshore","Conch Reef 2",24.98575,-80.41558,"15",2016,"field","PI5-119-Y",51.75,51.75,178.165625,178.165625,"Y",1.0958904109589,NA,"dead = complete mortality or missing; treatment_2 = genet",557,27
"3847","pausch_et_al_2018","Florida","Pickles Reef",NA,"Offshore","Conch Reef 1",24.98575,-80.41558,"15",2016,"field","PI5-114-W",60,60,28.2875,24.135625,"Y",1.0958904109589,NA,"dead = complete mortality or missing; treatment_2 = genet",557,29
"3848","pausch_et_al_2018","Florida","North Dry Rocks",NA,"Nearshore","Conch Reef 1",25.12965,-80.29367,"16",2016,"field","ND2-171-W",75,75,32.0175438596491,32.0175438596491,"Y",1.09315068493151,NA,"dead = complete mortality or missing; treatment_2 = genet",557,28
"3849","pausch_et_al_2018","Florida","North Dry Rocks",NA,"Nearshore","Conch Reef 2",25.12965,-80.29367,"15",2016,"field","ND2-171-Y",36,36,59.6898496240601,31.9031954887218,"Y",1.09315068493151,NA,"dead = complete mortality or missing; treatment_2 = genet",557,28
"3850","pausch_et_al_2018","Florida","North Dry Rocks",NA,"Nearshore","Snapper Ledge",25.12965,-80.29367,"13",2016,"field","ND2-172-B",42.75,42.75,74.3264411027569,74.3264411027569,"Y",1.09315068493151,NA,"dead = complete mortality or missing; treatment_2 = genet",557,6
"3851","pausch_et_al_2018","Florida","North Dry Rocks",NA,"Nearshore","Horseshoe Reef",25.12965,-80.29367,"14",2016,"field","ND2-172-P",49.5,49.5,55.8020050125313,54.7911654135338,"Y",1.09315068493151,NA,"dead = complete mortality or missing; treatment_2 = genet",557,27
"3852","pausch_et_al_2018","Florida","North Dry Rocks",NA,"Nearshore","Conch Reef 1",25.12965,-80.29367,"14",2016,"field","ND2-172-W",71.5,71.5,88.2769423558897,88.2769423558897,"Y",1.09315068493151,NA,"dead = complete mortality or missing; treatment_2 = genet",557,28
"3853","pausch_et_al_2018","Florida","North Dry Rocks",NA,"Nearshore","Conch Reef 2",25.12965,-80.29367,"14",2016,"field","ND2-172-Y",52.25,52.25,93.0795739348371,91.6708020050125,"Y",1.09315068493151,NA,"dead = complete mortality or missing; treatment_2 = genet",557,28
"3854","pausch_et_al_2018","Florida","North Dry Rocks",NA,"Nearshore","Horseshoe Reef",25.12965,-80.29367,"13",2016,"field","ND2-173-P",76.5,76.5,114.348370927318,114.348370927318,"Y",1.09315068493151,NA,"dead = complete mortality or missing; treatment_2 = genet",557,27
"3855","pausch_et_al_2018","Florida","North Dry Rocks",NA,"Nearshore","Conch Reef 1",25.12965,-80.29367,"13",2016,"field","ND2-173-W",70,70,54.8872180451128,54.8872180451128,"Y",1.09315068493151,NA,"dead = complete mortality or missing; treatment_2 = genet",557,28
"3856","pausch_et_al_2018","Florida","Horseshoe",NA,"Nearshore","Conch Reef 1",25.14023,-80.2941,"10",2016,"field","HS1-239-W",33.75,33.75,12.96834625323,-0.471576227390181,"Y",1.06027397260274,NA,"dead = complete mortality or missing; treatment_2 = genet",557,22
"3857","pausch_et_al_2018","Florida","North Dry Rocks",NA,"Nearshore","Horseshoe Reef",25.12965,-80.29367,"14",2016,"field","ND2-174-P",41.25,41.25,96.7387218045113,96.7387218045113,"Y",1.09315068493151,NA,"dead = complete mortality or missing; treatment_2 = genet",557,27
"3858","pausch_et_al_2018","Florida","North Dry Rocks",NA,"Nearshore","Conch Reef 2",25.12983,-80.29369,"14",2016,"field","ND1-162-Y",78,78,53.0576441102757,46.8370927318296,"Y",1.09315068493151,NA,"dead = complete mortality or missing; treatment_2 = genet",557,28
"3859","pausch_et_al_2018","Florida","AAA",NA,"Nearshore","Conch Reef 2",25.16864,-80.26669,"11",2016,"field","AA3-159-Y",45,45,53.38125,53.38125,"Y",1.0958904109589,NA,"dead = complete mortality or missing; treatment_2 = genet",557,26
"3860","pausch_et_al_2018","Florida","North Dry Rocks",NA,"Nearshore","Conch Reef 2",25.12983,-80.29369,"12",2016,"field","ND1-170-Y",52.25,52.25,3.43045112781955,3.43045112781955,"Y",1.09315068493151,NA,"dead = complete mortality or missing; treatment_2 = genet",557,28
"3861","pausch_et_al_2018","Florida","AAA",NA,"Nearshore","Conch Reef 1",25.16864,-80.26669,"11",2016,"field","AA3-159-W",50,50,25.55,25.55,"Y",1.0958904109589,NA,"dead = complete mortality or missing; treatment_2 = genet",557,17
"3862","pausch_et_al_2018","Florida","AAA",NA,"Nearshore","Conch Reef 2",25.16864,-80.26669,"11",2016,"field","AA3-158-Y",55.25,55.25,75.509375,75.509375,"Y",1.0958904109589,NA,"dead = complete mortality or missing; treatment_2 = genet",557,26
"3863","pausch_et_al_2018","Florida","AAA",NA,"Nearshore","Conch Reef 1",25.16864,-80.26669,"11",2016,"field","AA3-158-W",40,40,6.84375,-34.3328125,"Y",1.0958904109589,NA,"dead = complete mortality or missing; treatment_2 = genet",557,17
"3864","pausch_et_al_2018","Florida","AAA",NA,"Nearshore","Conch Reef 2",25.16864,-80.26669,"12",2016,"field","AA3-157-Y",44,44,93.9875,93.9875,"Y",1.0958904109589,NA,"dead = complete mortality or missing; treatment_2 = genet",557,26
"3865","pausch_et_al_2018","Florida","AAA",NA,"Nearshore","Conch Reef 1",25.16864,-80.26669,"13",2016,"field","AA3-157-W",47.25,47.25,46.08125,41.62140625,"Y",1.0958904109589,NA,"dead = complete mortality or missing; treatment_2 = genet",557,17
"3866","pausch_et_al_2018","Florida","AAA",NA,"Nearshore","Horseshoe Reef",25.16864,-80.26669,"13",2016,"field","AA3-157-P",33.25,33.25,44.940625,44.940625,"Y",1.0958904109589,NA,"dead = complete mortality or missing; treatment_2 = genet",557,8
"3867","pausch_et_al_2018","Florida","AAA",NA,"Nearshore","Conch Reef 2",25.16864,-80.26669,"13",2016,"field","AA3-156-Y",48.75,48.75,52.46875,42.7734375,"Y",1.0958904109589,NA,"dead = complete mortality or missing; treatment_2 = genet",557,26
"3868","pausch_et_al_2018","Florida","AAA",NA,"Nearshore","Conch Reef 1",25.16864,-80.26669,"12",2016,"field","AA3-156-W",51,51,52.0125,52.0125,"Y",1.0958904109589,NA,"dead = complete mortality or missing; treatment_2 = genet",557,17
"3869","pausch_et_al_2018","Florida","AAA",NA,"Nearshore","Conch Reef 2",25.16864,-80.26669,"14",2016,"field","AA3-155-Y",32.5,32.5,75.28125,75.28125,"Y",1.0958904109589,NA,"dead = complete mortality or missing; treatment_2 = genet",557,26
"3870","pausch_et_al_2018","Florida","AAA",NA,"Nearshore","Conch Reef 1",25.16864,-80.26669,"13",2016,"field","AA3-155-W",44,44,36.5,36.5,"Y",1.0958904109589,NA,"dead = complete mortality or missing; treatment_2 = genet",557,17
"3871","pausch_et_al_2018","Florida","AAA",NA,"Nearshore","Conch Reef 1",25.16864,-80.26669,"11",2016,"field","AA3-160-W",42.75,42.75,80.071875,80.071875,"Y",1.0958904109589,NA,"dead = complete mortality or missing; treatment_2 = genet",557,17
"3872","pausch_et_al_2018","Florida","North Dry Rocks",NA,"Nearshore","Conch Reef 1",25.12983,-80.29369,"13",2016,"field","ND1-166-W",55,55,11.4348370927318,11.4348370927318,"Y",1.09315068493151,NA,"dead = complete mortality or missing; treatment_2 = genet",557,28
"3873","pausch_et_al_2018","Florida","North Dry Rocks",NA,"Nearshore","Snapper Ledge",25.12983,-80.29369,"13",2016,"field","ND1-163-B",57.5,57.5,98.3395989974937,98.3395989974937,"Y",1.09315068493151,NA,"dead = complete mortality or missing; treatment_2 = genet",557,6
"3874","pausch_et_al_2018","Florida","North Dry Rocks",NA,"Nearshore","Horseshoe Reef",25.12983,-80.29369,"13",2016,"field","ND1-163-P",57,57,227.781954887218,227.781954887218,"Y",1.09315068493151,NA,"dead = complete mortality or missing; treatment_2 = genet",557,27
"3875","pausch_et_al_2018","Florida","North Dry Rocks",NA,"Nearshore","Conch Reef 1",25.12983,-80.29369,"13",2016,"field","ND1-163-W",60,60,15.5513784461153,8.50751879699248,"Y",1.09315068493151,NA,"dead = complete mortality or missing; treatment_2 = genet",557,28
"3876","pausch_et_al_2018","Florida","North Dry Rocks",NA,"Nearshore","Conch Reef 2",25.12983,-80.29369,"13",2016,"field","ND1-163-Y",104,104,103.370927318296,103.370927318296,"Y",1.09315068493151,NA,"dead = complete mortality or missing; treatment_2 = genet",557,28
"3877","pausch_et_al_2018","Florida","North Dry Rocks",NA,"Nearshore","Snapper Ledge",25.12983,-80.29369,"13",2016,"field","ND1-164-B",47.5,47.5,45.7393483709273,45.7393483709273,"Y",1.09315068493151,NA,"dead = complete mortality or missing; treatment_2 = genet",557,6
"3878","pausch_et_al_2018","Florida","North Dry Rocks",NA,"Nearshore","Conch Reef 1",25.12983,-80.29369,"13",2016,"field","ND1-164-W",57.75,57.75,73.4116541353383,73.4116541353383,"Y",1.09315068493151,NA,"dead = complete mortality or missing; treatment_2 = genet",557,28
"3879","pausch_et_al_2018","Florida","North Dry Rocks",NA,"Nearshore","Conch Reef 2",25.12983,-80.29369,"13",2016,"field","ND1-164-Y",66,66,153.684210526316,153.684210526316,"Y",1.09315068493151,NA,"dead = complete mortality or missing; treatment_2 = genet",557,28
"3880","pausch_et_al_2018","Florida","North Dry Rocks",NA,"Nearshore","Snapper Ledge",25.12983,-80.29369,"13",2016,"field","ND1-165-B",47.25,47.25,74.0977443609023,74.0977443609023,"Y",1.09315068493151,NA,"dead = complete mortality or missing; treatment_2 = genet",557,6
"3881","pausch_et_al_2018","Florida","North Dry Rocks",NA,"Nearshore","Horseshoe Reef",25.12983,-80.29369,"13",2016,"field","ND1-165-P",74.75,74.75,35.9053884711779,35.9053884711779,"Y",1.09315068493151,NA,"dead = complete mortality or missing; treatment_2 = genet",557,27
"3882","pausch_et_al_2018","Florida","North Dry Rocks",NA,"Nearshore","Conch Reef 1",25.12983,-80.29369,"13",2016,"field","ND1-165-W",33.25,33.25,19.8966165413534,19.8966165413534,"Y",1.09315068493151,NA,"dead = complete mortality or missing; treatment_2 = genet",557,28
"3883","pausch_et_al_2018","Florida","North Dry Rocks",NA,"Nearshore","Horseshoe Reef",25.12965,-80.29367,"15",2016,"field","ND2-171-P",63,63,103.370927318296,103.370927318296,"Y",1.09315068493151,NA,"dead = complete mortality or missing; treatment_2 = genet",557,27
"3884","pausch_et_al_2018","Florida","North Dry Rocks",NA,"Nearshore","Horseshoe Reef",25.12983,-80.29369,"13",2016,"field","ND1-166-P",51,51,100.62656641604,100.62656641604,"Y",1.09315068493151,NA,"dead = complete mortality or missing; treatment_2 = genet",557,27
"3885","pausch_et_al_2018","Florida","North Dry Rocks",NA,"Nearshore","Conch Reef 2",25.12983,-80.29369,"12",2016,"field","ND1-166-Y",66,66,71.3533834586466,71.3533834586466,"Y",1.09315068493151,NA,"dead = complete mortality or missing; treatment_2 = genet",557,28
"3886","pausch_et_al_2018","Florida","North Dry Rocks",NA,"Nearshore","Horseshoe Reef",25.12983,-80.29369,"13",2016,"field","ND1-167-P",46.75,46.75,59.6898496240601,59.6898496240601,"Y",1.09315068493151,NA,"dead = complete mortality or missing; treatment_2 = genet",557,27
"3887","pausch_et_al_2018","Florida","North Dry Rocks",NA,"Nearshore","Conch Reef 1",25.12983,-80.29369,"13",2016,"field","ND1-167-W",71.25,71.25,52.1428571428571,5.21428571428572,"Y",1.09315068493151,NA,"dead = complete mortality or missing; treatment_2 = genet",557,28
"3888","pausch_et_al_2018","Florida","North Dry Rocks",NA,"Nearshore","Conch Reef 2",25.12983,-80.29369,"13",2016,"field","ND1-167-Y",70,70,1.82957393483709,-37.6892230576441,"Y",1.09315068493151,NA,"dead = complete mortality or missing; treatment_2 = genet",557,28
"3889","pausch_et_al_2018","Florida","North Dry Rocks",NA,"Nearshore","Conch Reef 1",25.12983,-80.29369,"12",2016,"field","ND1-168-W",60,60,9.14786967418546,9.14786967418546,"Y",1.09315068493151,NA,"dead = complete mortality or missing; treatment_2 = genet",557,28
"3890","pausch_et_al_2018","Florida","North Dry Rocks",NA,"Nearshore","Conch Reef 2",25.12983,-80.29369,"12",2016,"field","ND1-168-Y",78,78,53.0576441102757,53.0576441102757,"Y",1.09315068493151,NA,"dead = complete mortality or missing; treatment_2 = genet",557,28
"3891","pausch_et_al_2018","Florida","North Dry Rocks",NA,"Nearshore","Horseshoe Reef",25.12983,-80.29369,"14",2016,"field","ND1-169-P",63,63,68.3803258145363,68.3803258145363,"Y",1.09315068493151,NA,"dead = complete mortality or missing; treatment_2 = genet",557,27
"3892","pausch_et_al_2018","Florida","North Dry Rocks",NA,"Nearshore","Conch Reef 2",25.12983,-80.29369,"13",2016,"field","ND1-169-Y",80.5,80.5,43.452380952381,43.452380952381,"Y",1.09315068493151,NA,"dead = complete mortality or missing; treatment_2 = genet",557,28
"3893","pausch_et_al_2018","Florida","North Dry Rocks",NA,"Nearshore","Horseshoe Reef",25.12983,-80.29369,"13",2016,"field","ND1-170-P",38.5,38.5,27.2149122807018,27.2149122807018,"Y",1.09315068493151,NA,"dead = complete mortality or missing; treatment_2 = genet",557,27
"3894","pausch_et_al_2018","Florida","North Dry Rocks",NA,"Nearshore","Conch Reef 1",25.12983,-80.29369,"13",2016,"field","ND1-170-W",69,69,103.370927318296,103.370927318296,"Y",1.09315068493151,NA,"dead = complete mortality or missing; treatment_2 = genet",557,28
"3895","pausch_et_al_2018","Florida","AAA",NA,"Nearshore","Conch Reef 2",25.16864,-80.26669,"14",2016,"field","AA3-153-Y",71.5,71.5,68.89375,67.552375,"Y",1.0958904109589,NA,"dead = complete mortality or missing; treatment_2 = genet",557,26
"3896","pausch_et_al_2018","Florida","North Dry Rocks",NA,"Nearshore","Conch Reef 2",25.12983,-80.29369,"13",2016,"field","ND1-165-Y",38.5,38.5,86.4473684210526,86.4473684210526,"Y",1.09315068493151,NA,"dead = complete mortality or missing; treatment_2 = genet",557,28
"3897","pausch_et_al_2018","Florida","AAA",NA,"Nearshore","Conch Reef 1",25.1685,-80.26681,"15",2016,"field","AA1-131-W",44,44,32.85,32.85,"Y",1.0958904109589,NA,"dead = complete mortality or missing; treatment_2 = genet",557,17
"3898","pausch_et_al_2018","Florida","AAA",NA,"Nearshore","Horseshoe Reef",25.16864,-80.26669,"13",2016,"field","AA3-155-P",32,32,7.75625,-12.5696875,"Y",1.0958904109589,NA,"dead = complete mortality or missing; treatment_2 = genet",557,8
"3899","pausch_et_al_2018","Florida","AAA",NA,"Nearshore","Conch Reef 1",25.1685,-80.26681,"14",2016,"field","AA1-136-W",49.5,49.5,20.53125,13.96125,"Y",1.0958904109589,NA,"dead = complete mortality or missing; treatment_2 = genet",557,17
"3900","pausch_et_al_2018","Florida","AAA",NA,"Nearshore","Horseshoe Reef",25.1685,-80.26681,"14",2016,"field","AA1-136-P",78,78,27.375,-31.755,"Y",1.0958904109589,NA,"dead = complete mortality or missing; treatment_2 = genet",557,8
"3901","pausch_et_al_2018","Florida","AAA",NA,"Nearshore","Conch Reef 2",25.1685,-80.26681,"14",2016,"field","AA1-135-Y",76,76,14.6,14.6,"Y",1.0958904109589,NA,"dead = complete mortality or missing; treatment_2 = genet",557,26
"3902","pausch_et_al_2018","Florida","AAA",NA,"Nearshore","Conch Reef 2",25.1685,-80.26681,"14",2016,"field","AA1-134-Y",49,49,45.625,45.625,"Y",1.0958904109589,NA,"dead = complete mortality or missing; treatment_2 = genet",557,26
"3903","pausch_et_al_2018","Florida","AAA",NA,"Nearshore","Conch Reef 1",25.1685,-80.26681,"14",2016,"field","AA1-134-W",65,65,28.2875,28.2875,"Y",1.0958904109589,NA,"dead = complete mortality or missing; treatment_2 = genet",557,17
"3904","pausch_et_al_2018","Florida","AAA",NA,"Nearshore","Horseshoe Reef",25.1685,-80.26681,"14",2016,"field","AA1-134-P",52.5,52.5,34.21875,34.21875,"Y",1.0958904109589,NA,"dead = complete mortality or missing; treatment_2 = genet",557,8
"3905","pausch_et_al_2018","Florida","AAA",NA,"Nearshore","Conch Reef 2",25.1685,-80.26681,"14",2016,"field","AA1-133-Y",57.75,57.75,30.340625,30.340625,"Y",1.0958904109589,NA,"dead = complete mortality or missing; treatment_2 = genet",557,26
"3906","pausch_et_al_2018","Florida","AAA",NA,"Nearshore","Conch Reef 1",25.1685,-80.26681,"14",2016,"field","AA1-133-W",52.5,52.5,-10.265625,-40.378125,"Y",1.0958904109589,NA,"dead = complete mortality or missing; treatment_2 = genet",557,17
"3907","pausch_et_al_2018","Florida","AAA",NA,"Nearshore","Conch Reef 2",25.1685,-80.26681,"14",2016,"field","AA1-132-Y",36,36,58.171875,58.171875,"Y",1.0958904109589,NA,"dead = complete mortality or missing; treatment_2 = genet",557,26
"3908","pausch_et_al_2018","Florida","AAA",NA,"Nearshore","Conch Reef 1",25.1685,-80.26681,"14",2016,"field","AA1-137-W",44,44,10.265625,10.265625,"Y",1.0958904109589,NA,"dead = complete mortality or missing; treatment_2 = genet",557,17
"3909","pausch_et_al_2018","Florida","AAA",NA,"Nearshore","Conch Reef 2",25.1685,-80.26681,"14",2016,"field","AA1-137-Y",40,40,32.85,32.85,"Y",1.0958904109589,NA,"dead = complete mortality or missing; treatment_2 = genet",557,26
"3910","pausch_et_al_2018","Florida","AAA",NA,"Nearshore","Horseshoe Reef",25.1685,-80.26681,"15",2016,"field","AA1-131-P",47.25,47.25,27.146875,13.094375,"Y",1.0958904109589,NA,"dead = complete mortality or missing; treatment_2 = genet",557,8
"3911","pausch_et_al_2018","Florida","North Dry Rocks",NA,"Nearshore","Conch Reef 1",25.12965,-80.29367,"14",2016,"field","ND2-174-W",91,91,44.8245614035088,44.8245614035088,"Y",1.09315068493151,NA,"dead = complete mortality or missing; treatment_2 = genet",557,28
"3912","pausch_et_al_2018","Florida","North Dry Rocks",NA,"Nearshore","Conch Reef 2",25.12965,-80.29367,"13",2016,"field","ND2-174-Y",60,60,75.9273182957393,75.9273182957393,"Y",1.09315068493151,NA,"dead = complete mortality or missing; treatment_2 = genet",557,28
"3913","pausch_et_al_2018","Florida","North Dry Rocks",NA,"Nearshore","Horseshoe Reef",25.12965,-80.29367,"13",2016,"field","ND2-175-P",36,36,54.8872180451128,54.8872180451128,"Y",1.09315068493151,NA,"dead = complete mortality or missing; treatment_2 = genet",557,27
"3914","pausch_et_al_2018","Florida","North Dry Rocks",NA,"Nearshore","Conch Reef 1",25.12965,-80.29367,"13",2016,"field","ND2-175-W",60,60,26.7575187969925,10.4285714285714,"Y",1.09315068493151,NA,"dead = complete mortality or missing; treatment_2 = genet",557,28
"3915","pausch_et_al_2018","Florida","North Dry Rocks",NA,"Nearshore","Horseshoe Reef",25.12965,-80.29367,"12",2016,"field","ND2-176-P",45,45,79.5864661654135,79.5864661654135,"Y",1.09315068493151,NA,"dead = complete mortality or missing; treatment_2 = genet",557,27
"3916","pausch_et_al_2018","Florida","North Dry Rocks",NA,"Nearshore","Conch Reef 1",25.12965,-80.29367,"13",2016,"field","ND2-176-W",32,32,31.1027568922306,31.1027568922306,"Y",1.09315068493151,NA,"dead = complete mortality or missing; treatment_2 = genet",557,28
"3917","pausch_et_al_2018","Florida","North Dry Rocks",NA,"Nearshore","Conch Reef 2",25.12965,-80.29367,"13",2016,"field","ND2-176-Y",96,96,49.3984962406015,49.3984962406015,"Y",1.09315068493151,NA,"dead = complete mortality or missing; treatment_2 = genet",557,28
"3918","pausch_et_al_2018","Florida","North Dry Rocks",NA,"Nearshore","Horseshoe Reef",25.12965,-80.29367,"13",2016,"field","ND2-177-P",57.75,57.75,67.9229323308271,67.9229323308271,"Y",1.09315068493151,NA,"dead = complete mortality or missing; treatment_2 = genet",557,27
"3919","pausch_et_al_2018","Florida","North Dry Rocks",NA,"Nearshore","Conch Reef 2",25.12965,-80.29367,"13",2016,"field","ND2-177-Y",89.25,89.25,77.5281954887218,77.5281954887218,"Y",1.09315068493151,NA,"dead = complete mortality or missing; treatment_2 = genet",557,28
"3920","pausch_et_al_2018","Florida","North Dry Rocks",NA,"Nearshore","Conch Reef 1",25.12965,-80.29367,"13",2016,"field","ND2-177-W",75,75,52.1428571428571,52.1428571428571,"Y",1.09315068493151,NA,"dead = complete mortality or missing; treatment_2 = genet",557,28
"3921","pausch_et_al_2018","Florida","AAA",NA,"Nearshore","Conch Reef 1",25.1685,-80.26681,"14",2016,"field","AA1-132-W",57.75,57.75,26.00625,25.21921875,"Y",1.0958904109589,NA,"dead = complete mortality or missing; treatment_2 = genet",557,17
"3922","pausch_et_al_2018","Florida","AAA",NA,"Nearshore","Conch Reef 2",25.1686,-80.26677,"13",2016,"field","AA2-144-Y",35,35,80.75625,80.75625,"Y",1.0958904109589,NA,"dead = complete mortality or missing; treatment_2 = genet",557,26
"3923","pausch_et_al_2018","Florida","North Dry Rocks",NA,"Nearshore","Conch Reef 2",25.12965,-80.29367,"13",2016,"field","ND2-173-Y",40,40,96.0526315789474,96.0526315789474,"Y",1.09315068493151,NA,"dead = complete mortality or missing; treatment_2 = genet",557,28
"3924","pausch_et_al_2018","Florida","AAA",NA,"Nearshore","Horseshoe Reef",25.16864,-80.26669,"14",2016,"field","AA3-153-P",47.5,47.5,49.73125,40.42375,"Y",1.0958904109589,NA,"dead = complete mortality or missing; treatment_2 = genet",557,8
"3925","pausch_et_al_2018","Florida","AAA",NA,"Nearshore","Conch Reef 2",25.16864,-80.26669,"14",2016,"field","AA3-152-Y",54,54,32.85,8.21249999999999,"Y",1.0958904109589,NA,"dead = complete mortality or missing; treatment_2 = genet",557,26
"3926","pausch_et_al_2018","Florida","AAA",NA,"Nearshore","Conch Reef 2",25.16864,-80.26669,"15",2016,"field","AA3-151-Y",30,30,59.3125,59.3125,"Y",1.0958904109589,NA,"dead = complete mortality or missing; treatment_2 = genet",557,26
"3927","pausch_et_al_2018","Florida","AAA",NA,"Nearshore","Conch Reef 1",25.16864,-80.26669,"15",2016,"field","AA3-151-W",35,35,66.6125,56.7575,"Y",1.0958904109589,NA,"dead = complete mortality or missing; treatment_2 = genet",557,17
"3928","pausch_et_al_2018","Florida","AAA",NA,"Nearshore","Horseshoe Reef",25.16864,-80.26669,"15",2016,"field","AA3-151-P",45,45,19.1625,-38.05125,"Y",1.0958904109589,NA,"dead = complete mortality or missing; treatment_2 = genet",557,8
"3929","pausch_et_al_2018","Florida","AAA",NA,"Nearshore","Conch Reef 2",25.1686,-80.26677,"11",2016,"field","AA2-150-Y",52,52,78.475,78.475,"Y",1.0958904109589,NA,"dead = complete mortality or missing; treatment_2 = genet",557,26
"3930","pausch_et_al_2018","Florida","AAA",NA,"Nearshore","Conch Reef 2",25.1686,-80.26677,"11",2016,"field","AA2-148-Y",16.25,16.25,51.1,44.5071875,"Y",1.0958904109589,NA,"dead = complete mortality or missing; treatment_2 = genet",557,26
"3931","pausch_et_al_2018","Florida","AAA",NA,"Nearshore","Conch Reef 2",25.1686,-80.26677,"12",2016,"field","AA2-147-Y",52,52,65.24375,65.24375,"Y",1.0958904109589,NA,"dead = complete mortality or missing; treatment_2 = genet",557,26
"3932","pausch_et_al_2018","Florida","AAA",NA,"Nearshore","Conch Reef 2",25.1686,-80.26677,"12",2016,"field","AA2-146-Y",90,90,36.5,36.5,"Y",1.0958904109589,NA,"dead = complete mortality or missing; treatment_2 = genet",557,26
"3933","pausch_et_al_2018","Florida","AAA",NA,"Nearshore","Conch Reef 2",25.1685,-80.26681,"14",2016,"field","AA1-136-Y",55,55,26.4625,26.4625,"Y",1.0958904109589,NA,"dead = complete mortality or missing; treatment_2 = genet",557,26
"3934","pausch_et_al_2018","Florida","AAA",NA,"Nearshore","Horseshoe Reef",25.1686,-80.26677,"12",2016,"field","AA2-146-P",47.5,47.5,33.7625,-24.0671875,"Y",1.0958904109589,NA,"dead = complete mortality or missing; treatment_2 = genet",557,8
"3935","pausch_et_al_2018","Florida","AAA",NA,"Nearshore","Conch Reef 2",25.16864,-80.26669,"13",2016,"field","AA3-154-Y",45,45,59.3125,44.25625,"Y",1.0958904109589,NA,"dead = complete mortality or missing; treatment_2 = genet",557,26
"3936","pausch_et_al_2018","Florida","AAA",NA,"Nearshore","Conch Reef 2",25.1686,-80.26677,"13",2016,"field","AA2-143-Y",35,35,37.4125,37.4125,"Y",1.0958904109589,NA,"dead = complete mortality or missing; treatment_2 = genet",557,26
"3937","pausch_et_al_2018","Florida","AAA",NA,"Nearshore","Conch Reef 1",25.1686,-80.26677,"14",2016,"field","AA2-143-W",44,44,10.265625,10.265625,"Y",1.0958904109589,NA,"dead = complete mortality or missing; treatment_2 = genet",557,17
"3938","pausch_et_al_2018","Florida","AAA",NA,"Nearshore","Conch Reef 2",25.1686,-80.26677,"13",2016,"field","AA2-142-Y",36,36,-1.825,-3.37625,"Y",1.0958904109589,NA,"dead = complete mortality or missing; treatment_2 = genet",557,26
"3939","pausch_et_al_2018","Florida","AAA",NA,"Nearshore","Conch Reef 2",25.1686,-80.26677,"14",2016,"field","AA2-141-Y",48,48,11.40625,-2.3953125,"Y",1.0958904109589,NA,"dead = complete mortality or missing; treatment_2 = genet",557,26
"3940","pausch_et_al_2018","Florida","AAA",NA,"Nearshore","Conch Reef 1",25.1686,-80.26677,"14",2016,"field","AA2-141-W",38.25,38.25,30.796875,30.796875,"Y",1.0958904109589,NA,"dead = complete mortality or missing; treatment_2 = genet",557,17
"3941","pausch_et_al_2018","Florida","AAA",NA,"Nearshore","Conch Reef 1",25.1685,-80.26681,"13",2016,"field","AA1-140-W",40.25,40.25,4.790625,-30.5003125,"Y",1.0958904109589,NA,"dead = complete mortality or missing; treatment_2 = genet",557,17
"3942","pausch_et_al_2018","Florida","AAA",NA,"Nearshore","Conch Reef 2",25.1685,-80.26681,"13",2016,"field","AA1-139-Y",52.5,52.5,1.36875,-33.12375,"Y",1.0958904109589,NA,"dead = complete mortality or missing; treatment_2 = genet",557,26
"3943","pausch_et_al_2018","Florida","AAA",NA,"Nearshore","Conch Reef 2",25.1685,-80.26681,"14",2016,"field","AA1-138-Y",45,45,49.275,49.275,"Y",1.0958904109589,NA,"dead = complete mortality or missing; treatment_2 = genet",557,26
"3944","pausch_et_al_2018","Florida","AAA",NA,"Nearshore","Conch Reef 1",25.1685,-80.26681,"13",2016,"field","AA1-138-W",36,36,21.9,-2.7375,"Y",1.0958904109589,NA,"dead = complete mortality or missing; treatment_2 = genet",557,17
"3945","pausch_et_al_2018","Florida","Horseshoe",NA,"Nearshore","Conch Reef 2",25.14023,-80.2941,"10",2016,"field","HS1-239-Y",44,44,12.2609819121447,-30.7467700258398,"Y",1.06027397260274,NA,"dead = complete mortality or missing; treatment_2 = genet",557,25
"3946","pausch_et_al_2018","Florida","Horseshoe",NA,"Nearshore","Conch Reef 1",25.14023,-80.2941,"11",2016,"field","HS1-227-W",27,27,67.906976744186,67.906976744186,"Y",1.06027397260274,NA,"dead = complete mortality or missing; treatment_2 = genet",557,22
"3947","pausch_et_al_2018","Florida","Horseshoe",NA,"Nearshore","Conch Reef 1",25.14023,-80.2941,"12",2016,"field","HS1-226-W",27,27,31.1240310077519,31.1240310077519,"Y",1.06027397260274,NA,"dead = complete mortality or missing; treatment_2 = genet",557,22
"3948","pausch_et_al_2018","Florida","Horseshoe",NA,"Nearshore","Conch Reef 2",25.14023,-80.2941,"11",2016,"field","HS1-225-Y",24.5,24.5,61.0691214470284,61.0691214470284,"Y",1.06027397260274,NA,"dead = complete mortality or missing; treatment_2 = genet",557,25
"3949","pausch_et_al_2018","Florida","Horseshoe",NA,"Nearshore","Conch Reef 2",25.14023,-80.2941,"12",2016,"field","HS1-224-Y",28,28,73.8016795865633,73.8016795865633,"Y",1.06027397260274,NA,"dead = complete mortality or missing; treatment_2 = genet",557,25
"3950","pausch_et_al_2018","Florida","Horseshoe",NA,"Nearshore","Conch Reef 2",25.14023,-80.2941,"13",2016,"field","HS1-223-Y",24.75,24.75,56.8249354005168,56.8249354005168,"Y",1.06027397260274,NA,"dead = complete mortality or missing; treatment_2 = genet",557,25
"3951","pausch_et_al_2018","Florida","Horseshoe",NA,"Nearshore","Conch Reef 1",25.14023,-80.2941,"13",2016,"field","HS1-223-W",24.75,24.75,40.3197674418605,40.3197674418605,"Y",1.06027397260274,NA,"dead = complete mortality or missing; treatment_2 = genet",557,22
"3952","pausch_et_al_2018","Florida","Horseshoe",NA,"Nearshore","Conch Reef 2",25.14023,-80.2941,"14",2016,"field","HS1-222-Y",37.5,37.5,40.0839793281654,36.3113695090439,"Y",1.06027397260274,NA,"dead = complete mortality or missing; treatment_2 = genet",557,25
"3953","pausch_et_al_2018","Florida","Horseshoe",NA,"Nearshore","Conch Reef 1",25.14023,-80.2941,"14",2016,"field","HS1-222-W",35,35,19.8062015503876,-27.7286821705426,"Y",1.06027397260274,NA,"dead = complete mortality or missing; treatment_2 = genet",557,22
"3954","pausch_et_al_2018","Florida","Horseshoe",NA,"Nearshore","Horseshoe Reef",25.14023,-80.2941,"15",2016,"field","HS1-222-P",42,42,9.9031007751938,-37.1366279069767,"Y",1.06027397260274,NA,"dead = complete mortality or missing; treatment_2 = genet",557,8
"3955","pausch_et_al_2018","Florida","Horseshoe",NA,"Nearshore","Conch Reef 2",25.14023,-80.2941,"12",2016,"field","HS2-246-Y",42.5,42.5,58.0038759689922,58.0038759689922,"Y",1.06027397260274,NA,"dead = complete mortality or missing; treatment_2 = genet",557,25
"3956","pausch_et_al_2018","Florida","Horseshoe",NA,"Nearshore","Conch Reef 1",25.14023,-80.2941,"13",2016,"field","HS1-221-W",38.25,38.25,36.547157622739,36.547157622739,"Y",1.06027397260274,NA,"dead = complete mortality or missing; treatment_2 = genet",557,22
"3957","pausch_et_al_2018","Florida","Horseshoe",NA,"Nearshore","Conch Reef 2",25.14023,-80.2941,"10",2016,"field","HS1-228-Y",40.5,40.5,21.2209302325581,21.2209302325581,"Y",1.06027397260274,NA,"dead = complete mortality or missing; treatment_2 = genet",557,25
"3958","pausch_et_al_2018","Florida","Horseshoe",NA,"Nearshore","Horseshoe Reef",25.14023,-80.2941,"10",2016,"field","HS2-242-P",35,35,47.6291989664083,47.6291989664083,"Y",1.06027397260274,NA,"dead = complete mortality or missing; treatment_2 = genet",557,8
"3959","pausch_et_al_2018","Florida","Horseshoe",NA,"Nearshore","Conch Reef 1",25.14023,-80.2941,"11",2016,"field","HS2-242-W",32,32,35.8397932816537,35.8397932816537,"Y",1.06027397260274,NA,"dead = complete mortality or missing; treatment_2 = genet",557,22
"3960","pausch_et_al_2018","Florida","Horseshoe",NA,"Nearshore","Conch Reef 2",25.14023,-80.2941,"10",2016,"field","HS2-242-Y",28,28,62.7196382428941,62.7196382428941,"Y",1.06027397260274,NA,"dead = complete mortality or missing; treatment_2 = genet",557,25
"3961","pausch_et_al_2018","Florida","Horseshoe",NA,"Nearshore","Conch Reef 1",25.14023,-80.2941,"11",2016,"field","HS2-243-W",30,30,31.1240310077519,31.1240310077519,"Y",1.06027397260274,NA,"dead = complete mortality or missing; treatment_2 = genet",557,22
"3962","pausch_et_al_2018","Florida","Horseshoe",NA,"Nearshore","Conch Reef 2",25.14023,-80.2941,"11",2016,"field","HS2-243-Y",28,28,56.5891472868217,56.5891472868217,"Y",1.06027397260274,NA,"dead = complete mortality or missing; treatment_2 = genet",557,25
"3963","pausch_et_al_2018","Florida","Horseshoe",NA,"Nearshore","Conch Reef 1",25.14023,-80.2941,"10",2016,"field","HS2-244-W",27.5,27.5,41.9702842377261,41.9702842377261,"Y",1.06027397260274,NA,"dead = complete mortality or missing; treatment_2 = genet",557,22
"3964","pausch_et_al_2018","Florida","Horseshoe",NA,"Nearshore","Conch Reef 2",25.14023,-80.2941,"11",2016,"field","HS2-244-Y",41.25,41.25,60.1259689922481,60.1259689922481,"Y",1.06027397260274,NA,"dead = complete mortality or missing; treatment_2 = genet",557,25
"3965","pausch_et_al_2018","Florida","Horseshoe",NA,"Nearshore","Conch Reef 1",25.14023,-80.2941,"11",2016,"field","HS2-245-W",30,30,23.8145994832041,23.8145994832041,"Y",1.06027397260274,NA,"dead = complete mortality or missing; treatment_2 = genet",557,22
"3966","pausch_et_al_2018","Florida","Horseshoe",NA,"Nearshore","Conch Reef 2",25.14023,-80.2941,"10",2016,"field","HS2-245-Y",40,40,0.471576227390181,0.471576227390181,"Y",1.06027397260274,NA,"dead = complete mortality or missing; treatment_2 = genet",557,25
"3967","pausch_et_al_2018","Florida","Horseshoe",NA,"Nearshore","Conch Reef 1",25.14023,-80.2941,"12",2016,"field","HS2-246-W",30.25,30.25,35.1324289405685,35.1324289405685,"Y",1.06027397260274,NA,"dead = complete mortality or missing; treatment_2 = genet",557,22
"3968","pausch_et_al_2018","Florida","Horseshoe",NA,"Nearshore","Conch Reef 2",25.14023,-80.2941,"13",2016,"field","HS1-221-Y",35,35,28.2945736434109,28.2945736434109,"Y",1.06027397260274,NA,"dead = complete mortality or missing; treatment_2 = genet",557,25
"3969","pausch_et_al_2018","Florida","AAA",NA,"Nearshore","Conch Reef 2",25.16864,-80.26669,"11",2016,"field","AA3-160-Y",63.75,63.75,62.278125,62.278125,"Y",1.0958904109589,NA,"dead = complete mortality or missing; treatment_2 = genet",557,26
"3970","pausch_et_al_2018","Florida","Horseshoe",NA,"Nearshore","Horseshoe Reef",25.14023,-80.2941,"11",2016,"field","HS1-239-P",46.75,46.75,-13.4399224806202,-22.6356589147287,"Y",1.06027397260274,NA,"dead = complete mortality or missing; treatment_2 = genet",557,8
"3971","pausch_et_al_2018","Florida","Horseshoe",NA,"Nearshore","Conch Reef 2",25.14023,-80.2941,"10",2016,"field","HS1-237-Y",44,44,30.6524547803618,30.6524547803618,"Y",1.06027397260274,NA,"dead = complete mortality or missing; treatment_2 = genet",557,25
"3972","pausch_et_al_2018","Florida","Horseshoe",NA,"Nearshore","Conch Reef 1",25.14023,-80.2941,"10",2016,"field","HS1-237-W",28,28,13.2041343669251,13.2041343669251,"Y",1.06027397260274,NA,"dead = complete mortality or missing; treatment_2 = genet",557,22
"3973","pausch_et_al_2018","Florida","Horseshoe",NA,"Nearshore","Horseshoe Reef",25.14023,-80.2941,"9",2016,"field","HS1-237-P",52.5,52.5,-9.9031007751938,-37.6317829457364,"Y",1.06027397260274,NA,"dead = complete mortality or missing; treatment_2 = genet",557,8
"3974","pausch_et_al_2018","Florida","Horseshoe",NA,"Nearshore","Conch Reef 2",25.14023,-80.2941,"10",2016,"field","HS1-236-Y",37.5,37.5,70.7364341085271,70.7364341085271,"Y",1.06027397260274,NA,"dead = complete mortality or missing; treatment_2 = genet",557,25
"3975","pausch_et_al_2018","Florida","Horseshoe",NA,"Nearshore","Conch Reef 1",25.14023,-80.2941,"10",2016,"field","HS1-236-W",48,48,44.328165374677,44.328165374677,"Y",1.06027397260274,NA,"dead = complete mortality or missing; treatment_2 = genet",557,22
"3976","pausch_et_al_2018","Florida","Horseshoe",NA,"Nearshore","Conch Reef 2",25.14023,-80.2941,"11",2016,"field","HS1-235-Y",30,30,56.5891472868217,56.5891472868217,"Y",1.06027397260274,NA,"dead = complete mortality or missing; treatment_2 = genet",557,25
"3977","pausch_et_al_2018","Florida","Horseshoe",NA,"Nearshore","Conch Reef 1",25.14023,-80.2941,"10",2016,"field","HS1-235-W",45,45,40.5555555555556,40.5555555555556,"Y",1.06027397260274,NA,"dead = complete mortality or missing; treatment_2 = genet",557,22
"3978","pausch_et_al_2018","Florida","Horseshoe",NA,"Nearshore","Horseshoe Reef",25.14023,-80.2941,"10",2016,"field","HS1-235-P",69,69,24.0503875968992,24.0503875968992,"Y",1.06027397260274,NA,"dead = complete mortality or missing; treatment_2 = genet",557,8
"3979","pausch_et_al_2018","Florida","Horseshoe",NA,"Nearshore","Conch Reef 2",25.14023,-80.2941,"11",2016,"field","HS1-234-Y",45.5,45.5,28.766149870801,28.766149870801,"Y",1.06027397260274,NA,"dead = complete mortality or missing; treatment_2 = genet",557,25
"3980","pausch_et_al_2018","Florida","Horseshoe",NA,"Nearshore","Horseshoe Reef",25.14023,-80.2941,"11",2016,"field","HS1-228-P",48,48,-15.562015503876,-27.4457364341085,"Y",1.06027397260274,NA,"dead = complete mortality or missing; treatment_2 = genet",557,8
"3981","pausch_et_al_2018","Florida","Horseshoe",NA,"Nearshore","Horseshoe Reef",25.14023,-80.2941,"11",2016,"field","HS1-234-P",40,40,51.4018087855297,51.4018087855297,"Y",1.06027397260274,NA,"dead = complete mortality or missing; treatment_2 = genet",557,8
"3982","pausch_et_al_2018","Florida","Horseshoe",NA,"Nearshore","Conch Reef 1",25.14023,-80.2941,"10",2016,"field","HS1-228-W",30,30,35.3682170542636,35.3682170542636,"Y",1.06027397260274,NA,"dead = complete mortality or missing; treatment_2 = genet",557,22
"3983","pausch_et_al_2018","Florida","Horseshoe",NA,"Nearshore","Conch Reef 1",25.14023,-80.2941,"12",2016,"field","HS1-233-W",38.5,38.5,31.5956072351421,31.5956072351421,"Y",1.06027397260274,NA,"dead = complete mortality or missing; treatment_2 = genet",557,22
"3984","pausch_et_al_2018","Florida","North Dry Rocks",NA,"Nearshore","Conch Reef 1",25.12983,-80.29369,"15",2016,"field","ND1-162-W",77,77,59.2324561403509,59.2324561403509,"Y",1.09315068493151,NA,"dead = complete mortality or missing; treatment_2 = genet",557,28
"3985","pausch_et_al_2018","Florida","Horseshoe",NA,"Nearshore","Conch Reef 1",25.14023,-80.2941,"13",2016,"field","HS1-232-W",31.5,31.5,82.5258397932817,82.5258397932817,"Y",1.06027397260274,NA,"dead = complete mortality or missing; treatment_2 = genet",557,22
"3986","pausch_et_al_2018","Florida","Horseshoe",NA,"Nearshore","Conch Reef 2",25.14023,-80.2941,"12",2016,"field","HS1-231-Y",44,44,88.1847545219638,88.1847545219638,"Y",1.06027397260274,NA,"dead = complete mortality or missing; treatment_2 = genet",557,25
"3987","pausch_et_al_2018","Florida","Horseshoe",NA,"Nearshore","Conch Reef 1",25.14023,-80.2941,"13",2016,"field","HS1-231-W",35.75,35.75,11.5536175710594,11.5536175710594,"Y",1.06027397260274,NA,"dead = complete mortality or missing; treatment_2 = genet",557,22
"3988","pausch_et_al_2018","Florida","Horseshoe",NA,"Nearshore","Conch Reef 2",25.14023,-80.2941,"12",2016,"field","HS1-230-Y",32,32,50.4586563307494,50.4586563307494,"Y",1.06027397260274,NA,"dead = complete mortality or missing; treatment_2 = genet",557,25
"3989","pausch_et_al_2018","Florida","Horseshoe",NA,"Nearshore","Conch Reef 1",25.14023,-80.2941,"12",2016,"field","HS1-230-W",35,35,38.6692506459948,38.6692506459948,"Y",1.06027397260274,NA,"dead = complete mortality or missing; treatment_2 = genet",557,22
"3990","pausch_et_al_2018","Florida","Horseshoe",NA,"Nearshore","Conch Reef 2",25.14023,-80.2941,"11",2016,"field","HS1-229-Y",37.5,37.5,58.7112403100775,58.7112403100775,"Y",1.06027397260274,NA,"dead = complete mortality or missing; treatment_2 = genet",557,25
"3991","pausch_et_al_2018","Florida","Horseshoe",NA,"Nearshore","Conch Reef 1",25.14023,-80.2941,"11",2016,"field","HS1-229-W",30,30,39.140826873385,39.140826873385,"Y",1.06027397260274,NA,"dead = complete mortality or missing; treatment_2 = genet",557,22
"3992","pausch_et_al_2018","Florida","Horseshoe",NA,"Nearshore","Horseshoe Reef",25.14023,-80.2941,"10",2016,"field","HS1-229-P",35,35,33.0103359173127,33.0103359173127,"Y",1.06027397260274,NA,"dead = complete mortality or missing; treatment_2 = genet",557,8
"3993","pausch_et_al_2018","Florida","Horseshoe",NA,"Nearshore","Conch Reef 2",25.14023,-80.2941,"13",2016,"field","HS1-232-Y",45,45,63.6627906976744,63.6627906976744,"Y",1.06027397260274,NA,"dead = complete mortality or missing; treatment_2 = genet",557,25
"3994","pausch_et_al_2018","Florida","Horseshoe",NA,"Nearshore","Conch Reef 1",25.14023,-80.2941,"11",2016,"field","HS1-234-W",33,33,53.7596899224806,53.7596899224806,"Y",1.06027397260274,NA,"dead = complete mortality or missing; treatment_2 = genet",557,22
"3995","pausch_et_al_2018","Florida","North Dry Rocks",NA,"Nearshore","Conch Reef 2",25.12965,-80.29367,"13",2016,"field","ND2-179-Y",61.75,61.75,133.787593984962,133.787593984962,"Y",1.09315068493151,NA,"dead = complete mortality or missing; treatment_2 = genet",557,28
"3996","pausch_et_al_2018","Florida","North Dry Rocks",NA,"Nearshore","Horseshoe Reef",25.13002,-80.29386,"12",2016,"field","ND3-184-P",66,66,137.218045112782,137.218045112782,"Y",1.09315068493151,NA,"dead = complete mortality or missing; treatment_2 = genet",557,27
"3997","pausch_et_al_2018","Florida","North Dry Rocks",NA,"Nearshore","Conch Reef 2",25.13002,-80.29386,"11",2016,"field","ND3-183-Y",71.25,71.25,113.204887218045,113.204887218045,"Y",1.09315068493151,NA,"dead = complete mortality or missing; treatment_2 = genet",557,28
"3998","pausch_et_al_2018","Florida","North Dry Rocks",NA,"Nearshore","Conch Reef 1",25.13002,-80.29386,"11",2016,"field","ND3-183-W",38.5,38.5,38.8784461152882,38.8784461152882,"Y",1.09315068493151,NA,"dead = complete mortality or missing; treatment_2 = genet",557,28
"3999","pausch_et_al_2018","Florida","North Dry Rocks",NA,"Nearshore","Horseshoe Reef",25.13002,-80.29386,"12",2016,"field","ND3-183-P",38.5,38.5,71.8107769423559,71.8107769423559,"Y",1.09315068493151,NA,"dead = complete mortality or missing; treatment_2 = genet",557,27
"4000","pausch_et_al_2018","Florida","North Dry Rocks",NA,"Nearshore","Conch Reef 2",25.13002,-80.29386,"12",2016,"field","ND3-182-Y",54,54,152.769423558897,152.769423558897,"Y",1.09315068493151,NA,"dead = complete mortality or missing; treatment_2 = genet",557,28
"4001","pausch_et_al_2018","Florida","North Dry Rocks",NA,"Nearshore","Conch Reef 1",25.13002,-80.29386,"12",2016,"field","ND3-182-W",112.5,112.5,31.5601503759398,30.2154135338346,"Y",1.09315068493151,NA,"dead = complete mortality or missing; treatment_2 = genet",557,28
"4002","pausch_et_al_2018","Florida","North Dry Rocks",NA,"Nearshore","Conch Reef 2",25.13002,-80.29386,"13",2016,"field","ND3-181-Y",48,48,39.3358395989975,39.3358395989975,"Y",1.09315068493151,NA,"dead = complete mortality or missing; treatment_2 = genet",557,28
"4003","pausch_et_al_2018","Florida","North Dry Rocks",NA,"Nearshore","Conch Reef 1",25.13002,-80.29386,"13",2016,"field","ND3-181-W",72,72,45.281954887218,44.1704887218045,"Y",1.09315068493151,NA,"dead = complete mortality or missing; treatment_2 = genet",557,28
"4004","pausch_et_al_2018","Florida","North Dry Rocks",NA,"Nearshore","Horseshoe Reef",25.13002,-80.29386,"12",2016,"field","ND3-181-P",58.5,58.5,50.7706766917293,50.7706766917293,"Y",1.09315068493151,NA,"dead = complete mortality or missing; treatment_2 = genet",557,27
"4005","pausch_et_al_2018","Florida","North Dry Rocks",NA,"Nearshore","Snapper Ledge",25.13002,-80.29386,"12",2016,"field","ND3-181-B",73.5,73.5,-65.4072681704261,-65.4072681704261,"Y",1.09315068493151,NA,"dead = complete mortality or missing; treatment_2 = genet",557,6
"4006","pausch_et_al_2018","Florida","North Dry Rocks",NA,"Nearshore","Conch Reef 1",25.13002,-80.29386,"12",2016,"field","ND3-184-W",40.5,40.5,76.156015037594,76.156015037594,"Y",1.09315068493151,NA,"dead = complete mortality or missing; treatment_2 = genet",557,28
"4007","pausch_et_al_2018","Florida","North Dry Rocks",NA,"Nearshore","Horseshoe Reef",25.12965,-80.29367,"13",2016,"field","ND2-180-P",38.25,38.25,22.640977443609,22.640977443609,"Y",1.09315068493151,NA,"dead = complete mortality or missing; treatment_2 = genet",557,27
"4008","pausch_et_al_2018","Florida","North Dry Rocks",NA,"Nearshore","Horseshoe Reef",25.12965,-80.29367,"13",2016,"field","ND2-179-P",46.75,46.75,128.298872180451,128.298872180451,"Y",1.09315068493151,NA,"dead = complete mortality or missing; treatment_2 = genet",557,27
"4009","pausch_et_al_2018","Florida","North Dry Rocks",NA,"Nearshore","Conch Reef 1",25.12965,-80.29367,"13",2016,"field","ND2-179-W",35,35,50.31328320802,50.31328320802,"Y",1.09315068493151,NA,"dead = complete mortality or missing; treatment_2 = genet",557,28
"4010","pausch_et_al_2018","Florida","North Dry Rocks",NA,"Nearshore","Conch Reef 2",25.12965,-80.29367,"13",2016,"field","ND2-178-Y",52.5,52.5,82.7882205513784,82.7882205513784,"Y",1.09315068493151,NA,"dead = complete mortality or missing; treatment_2 = genet",557,28
"4011","pausch_et_al_2018","Florida","North Dry Rocks",NA,"Nearshore","Horseshoe Reef",25.12965,-80.29367,"13",2016,"field","ND2-178-P",40,40,38.8784461152882,38.8784461152882,"Y",1.09315068493151,NA,"dead = complete mortality or missing; treatment_2 = genet",557,27
"4012","pausch_et_al_2018","Florida","North Dry Rocks",NA,"Nearshore","Snapper Ledge",25.12965,-80.29367,"13",2016,"field","ND2-178-B",38,38,35.6766917293233,28.6328320802005,"Y",1.09315068493151,NA,"dead = complete mortality or missing; treatment_2 = genet",557,6
"4013","pausch_et_al_2018","Florida","North Dry Rocks",NA,"Nearshore","Horseshoe Reef",25.12983,-80.29369,"15",2016,"field","ND1-161-P",66,66,112.061403508772,112.061403508772,"Y",1.09315068493151,NA,"dead = complete mortality or missing; treatment_2 = genet",557,27
"4014","pausch_et_al_2018","Florida","North Dry Rocks",NA,"Nearshore","Conch Reef 1",25.12983,-80.29369,"15",2016,"field","ND1-161-W",60,60,32.0175438596491,32.0175438596491,"Y",1.09315068493151,NA,"dead = complete mortality or missing; treatment_2 = genet",557,28
"4015","pausch_et_al_2018","Florida","Horseshoe",NA,"Nearshore","Conch Reef 1",25.14023,-80.2941,"11",2016,"field","HS2-247-W",38.5,38.5,24.0503875968992,24.0503875968992,"Y",1.06027397260274,NA,"dead = complete mortality or missing; treatment_2 = genet",557,22
"4016","pausch_et_al_2018","Florida","Horseshoe",NA,"Nearshore","Conch Reef 2",25.14023,-80.2941,"11",2016,"field","HS1-233-Y",39,39,47.3934108527132,47.3934108527132,"Y",1.06027397260274,NA,"dead = complete mortality or missing; treatment_2 = genet",557,25
"4017","pausch_et_al_2018","Florida","North Dry Rocks",NA,"Nearshore","Horseshoe Reef",25.12983,-80.29369,"14",2016,"field","ND1-162-P",42.75,42.75,70.6672932330827,70.6672932330827,"Y",1.09315068493151,NA,"dead = complete mortality or missing; treatment_2 = genet",557,27
"4018","pausch_et_al_2018","Florida","North Dry Rocks",NA,"Nearshore","Conch Reef 2",25.12983,-80.29369,"15",2016,"field","ND1-161-Y",57.75,57.75,77.5281954887218,77.5281954887218,"Y",1.09315068493151,NA,"dead = complete mortality or missing; treatment_2 = genet",557,28
"4019","pausch_et_al_2018","Florida","North Dry Rocks",NA,"Nearshore","Conch Reef 2",25.12965,-80.29367,"13",2016,"field","ND2-180-Y",76,76,84.1604010025063,84.1604010025063,"Y",1.09315068493151,NA,"dead = complete mortality or missing; treatment_2 = genet",557,28
"4020","pausch_et_al_2018","Florida","North Dry Rocks",NA,"Nearshore","Horseshoe Reef",25.13002,-80.29386,"12",2016,"field","ND3-190-P",52.5,52.5,127.612781954887,127.612781954887,"Y",1.09315068493151,NA,"dead = complete mortality or missing; treatment_2 = genet",557,27
"4021","pausch_et_al_2018","Florida","Horseshoe",NA,"Nearshore","Conch Reef 2",25.14023,-80.2941,"11",2016,"field","HS2-248-Y",40,40,41.4987080103359,41.4987080103359,"Y",1.06027397260274,NA,"dead = complete mortality or missing; treatment_2 = genet",557,25
"4022","pausch_et_al_2018","Florida","Horseshoe",NA,"Nearshore","Conch Reef 2",25.14023,-80.2941,"11",2016,"field","HS2-249-Y",22.5,22.5,35.3682170542636,35.3682170542636,"Y",1.06027397260274,NA,"dead = complete mortality or missing; treatment_2 = genet",557,25
"4023","pausch_et_al_2018","Florida","North Dry Rocks",NA,"Nearshore","Conch Reef 1",25.12965,-80.29367,"12",2016,"field","ND2-178-W",81,81,42.5375939849624,42.5375939849624,"Y",1.09315068493151,NA,"dead = complete mortality or missing; treatment_2 = genet",557,28
"4024","pausch_et_al_2018","Florida","North Dry Rocks",NA,"Nearshore","Conch Reef 2",25.13002,-80.29386,"11",2016,"field","ND3-184-Y",82.5,82.5,41.8515037593985,41.8515037593985,"Y",1.09315068493151,NA,"dead = complete mortality or missing; treatment_2 = genet",557,28
"4025","pausch_et_al_2018","Florida","Horseshoe",NA,"Nearshore","Conch Reef 2",25.14023,-80.2941,"13",2016,"field","HS2-250-Y",30,30,43.8565891472868,43.8565891472868,"Y",1.06027397260274,NA,"dead = complete mortality or missing; treatment_2 = genet",557,25
"4026","pausch_et_al_2018","Florida","Horseshoe",NA,"Nearshore","Conch Reef 2",25.14023,-80.2941,"11",2016,"field","HS2-247-Y",35.75,35.75,42.4418604651163,42.4418604651163,"Y",1.06027397260274,NA,"dead = complete mortality or missing; treatment_2 = genet",557,25
"4027","pausch_et_al_2018","Florida","North Dry Rocks",NA,"Nearshore","Conch Reef 1",25.13002,-80.29386,"12",2016,"field","ND3-190-W",42.5,42.5,18.7531328320802,-12.9442355889724,"Y",1.09315068493151,NA,"dead = complete mortality or missing; treatment_2 = genet",557,28
"4028","pausch_et_al_2018","Florida","North Dry Rocks",NA,"Nearshore","Conch Reef 2",25.13002,-80.29386,"12",2016,"field","ND3-189-Y",42.5,42.5,100.397869674185,100.397869674185,"Y",1.09315068493151,NA,"dead = complete mortality or missing; treatment_2 = genet",557,28
"4029","pausch_et_al_2018","Florida","North Dry Rocks",NA,"Nearshore","Conch Reef 1",25.13002,-80.29386,"12",2016,"field","ND3-189-W",35,35,66.7794486215539,66.7794486215539,"Y",1.09315068493151,NA,"dead = complete mortality or missing; treatment_2 = genet",557,28
"4030","pausch_et_al_2018","Florida","North Dry Rocks",NA,"Nearshore","Horseshoe Reef",25.13002,-80.29386,"12",2016,"field","ND3-189-P",59.5,59.5,86.4473684210526,86.4473684210526,"Y",1.09315068493151,NA,"dead = complete mortality or missing; treatment_2 = genet",557,27
"4031","pausch_et_al_2018","Florida","North Dry Rocks",NA,"Nearshore","Conch Reef 2",25.13002,-80.29386,"12",2016,"field","ND3-188-Y",57.75,57.75,158.486842105263,158.486842105263,"Y",1.09315068493151,NA,"dead = complete mortality or missing; treatment_2 = genet",557,28
"4032","pausch_et_al_2018","Florida","North Dry Rocks",NA,"Nearshore","Conch Reef 1",25.13002,-80.29386,"13",2016,"field","ND3-187-W",47.5,47.5,132.18671679198,132.18671679198,"Y",1.09315068493151,NA,"dead = complete mortality or missing; treatment_2 = genet",557,28
"4033","pausch_et_al_2018","Florida","North Dry Rocks",NA,"Nearshore","Conch Reef 2",25.13002,-80.29386,"12",2016,"field","ND3-186-Y",90,90,-2.28696741854637,-26.3001253132832,"Y",1.09315068493151,NA,"dead = complete mortality or missing; treatment_2 = genet",557,28
"4034","pausch_et_al_2018","Florida","North Dry Rocks",NA,"Nearshore","Conch Reef 2",25.13002,-80.29386,"13",2016,"field","ND3-190-Y",58.5,58.5,151.397243107769,151.397243107769,"Y",1.09315068493151,NA,"dead = complete mortality or missing; treatment_2 = genet",557,28
"4035","pausch_et_al_2018","Florida","North Dry Rocks",NA,"Nearshore","Conch Reef 1",25.13002,-80.29386,"12",2016,"field","ND3-188-W",40,40,73.1829573934837,73.1829573934837,"Y",1.09315068493151,NA,"dead = complete mortality or missing; treatment_2 = genet",557,28
"4036","pausch_et_al_2018","Florida","North Dry Rocks",NA,"Nearshore","Conch Reef 1",25.13002,-80.29386,"12",2016,"field","ND3-186-W",47.25,47.25,39.1071428571429,38.2838345864662,"Y",1.09315068493151,NA,"dead = complete mortality or missing; treatment_2 = genet",557,28
"4037","pausch_et_al_2018","Florida","North Dry Rocks",NA,"Nearshore","Horseshoe Reef",25.13002,-80.29386,"13",2016,"field","ND3-187-P",68.25,68.25,28.8157894736842,28.8157894736842,"Y",1.09315068493151,NA,"dead = complete mortality or missing; treatment_2 = genet",557,27
"4038","pausch_et_al_2018","Florida","North Dry Rocks",NA,"Nearshore","Horseshoe Reef",25.13002,-80.29386,"12",2016,"field","ND3-186-P",55,55,75.4699248120301,75.4699248120301,"Y",1.09315068493151,NA,"dead = complete mortality or missing; treatment_2 = genet",557,27
"4039","pausch_et_al_2018","Florida","North Dry Rocks",NA,"Nearshore","Conch Reef 2",25.13002,-80.29386,"13",2016,"field","ND3-187-Y",70,70,101.083959899749,101.083959899749,"Y",1.09315068493151,NA,"dead = complete mortality or missing; treatment_2 = genet",557,28
"4040","pausch_et_al_2018","Florida","North Dry Rocks",NA,"Nearshore","Conch Reef 1",25.13002,-80.29386,"11",2016,"field","ND3-185-W",45,45,49.3984962406015,49.3984962406015,"Y",1.09315068493151,NA,"dead = complete mortality or missing; treatment_2 = genet",557,28
"4041","pausch_et_al_2018","Florida","North Dry Rocks",NA,"Nearshore","Horseshoe Reef",25.13002,-80.29386,"11",2016,"field","ND3-185-P",32,32,105.200501253133,105.200501253133,"Y",1.09315068493151,NA,"dead = complete mortality or missing; treatment_2 = genet",557,27
"4042","pausch_et_al_2018","Florida","North Dry Rocks",NA,"Nearshore","Horseshoe Reef",25.13002,-80.29386,"12",2016,"field","ND3-188-P",38.25,38.25,99.4830827067669,98.1383458646616,"Y",1.09315068493151,NA,"dead = complete mortality or missing; treatment_2 = genet",557,27
"4043","USGS_USVI_exp","USVI","SFR",NA,"BI4",NA,17.78408,-64.61416,NA,2020,"field","180",13.5,13.5,46.15,46.15,"Y",1,NA,"initial sizes from photos; time_interval_yr approximate; treatment_1 = genet",16,2
"4044","USGS_USVI_exp","USVI","SFR",NA,"BI5",NA,17.78408,-64.61416,NA,2020,"field","166",23.75,23.75,82.35,82.35,"Y",1,NA,"initial sizes from photos; time_interval_yr approximate; treatment_1 = genet",16,1
"4045","USGS_USVI_exp","USVI","NWR",NA,"BI5",NA,17.79081,-64.62122,NA,2020,"field","184",24.75,24.75,91,91,"Y",1,NA,"initial sizes from photos; time_interval_yr approximate; treatment_1 = genet",16,2
"4046","USGS_USVI_exp","USVI","SFR",NA,"BI1",NA,17.78408,-64.61416,NA,2020,"field","164",24,24,67.55,67.55,"Y",1,NA,"initial sizes from photos; time_interval_yr approximate; treatment_1 = genet",16,2
"4047","USGS_USVI_exp","USVI","SFR",NA,"BI3",NA,17.78408,-64.61416,NA,2020,"field","187",19,19,54.2,54.2,"Y",1,NA,"initial sizes from photos; time_interval_yr approximate; treatment_1 = genet",16,1
"4048","USGS_USVI_exp","USVI","NER",NA,"BI4",NA,17.78967,-64.61143,NA,2020,"field","174",16.25,16.25,32,32,"Y",1,NA,"initial sizes from photos; time_interval_yr approximate; treatment_1 = genet",16,1
"4049","USGS_USVI_exp","USVI","SFR",NA,"BI4",NA,17.78408,-64.61416,NA,2020,"field","171",18,18,34.35,34.35,"Y",1,NA,"initial sizes from photos; time_interval_yr approximate; treatment_1 = genet",16,2
"4050","USGS_USVI_exp","USVI","NER",NA,"BI1",NA,17.78967,-64.61143,NA,2020,"field","182",42.25,42.25,70.4,70.4,"Y",1,NA,"initial sizes from photos; time_interval_yr approximate; treatment_1 = genet",16,1
"4051","USGS_USVI_exp","USVI","NWR",NA,"BI4",NA,17.79081,-64.62122,NA,2020,"field","178",17.5,17.5,36.3,36.3,"Y",1,NA,"initial sizes from photos; time_interval_yr approximate; treatment_1 = genet",16,1
"4052","USGS_USVI_exp","USVI","NWR",NA,"BI1",NA,17.79081,-64.62122,NA,2020,"field","175",21,21,47.55,47.55,"Y",1,NA,"initial sizes from photos; time_interval_yr approximate; treatment_1 = genet",16,2
"4053","USGS_USVI_exp","USVI","NER",NA,"BI5",NA,17.78967,-64.61143,NA,2020,"field","183",14,14,37.15,37.15,"Y",1,NA,"initial sizes from photos; time_interval_yr approximate; treatment_1 = genet",16,1
"4054","USGS_USVI_exp","USVI","NWR",NA,"BI5",NA,17.79081,-64.62122,NA,2020,"field","117",24,24,78.6,78.6,"Y",1,NA,"initial sizes from photos; time_interval_yr approximate; treatment_1 = genet",16,2
"4055","USGS_USVI_exp","USVI","SFR",NA,"BI1",NA,17.78408,-64.61416,NA,2020,"field","163",23,23,62.95,62.95,"Y",1,NA,"initial sizes from photos; time_interval_yr approximate; treatment_1 = genet",16,2
"4056","USGS_USVI_exp","USVI","NWR",NA,"BI1",NA,17.79081,-64.62122,NA,2020,"field","186",25.875,25.875,69.3,69.3,"Y",1,NA,"initial sizes from photos; time_interval_yr approximate; treatment_1 = genet",16,2
"4057","USGS_USVI_exp","USVI","SFR",NA,"BI2",NA,17.78408,-64.61416,NA,2020,"field","116",27.3125,27.3125,42.25,42.25,"Y",1,NA,"initial sizes from photos; time_interval_yr approximate; treatment_1 = genet",16,1
"4058","USGS_USVI_exp","USVI","NER",NA,"BI3",NA,17.78967,-64.61143,NA,2020,"field","170",17,17,9.8,9.8,"Y",1,NA,"initial sizes from photos; time_interval_yr approximate; treatment_1 = genet",16,1
"4059","USGS_USVI_exp","USVI","SFR",NA,"BI5",NA,17.78408,-64.61416,NA,2021,"field","166",188.45,188.45,255.2,255.2,"Y",1.08333333333333,NA,"initial sizes from photos; time_interval_yr approximate; treatment_1 = genet",16,1
"4060","USGS_USVI_exp","USVI","NER",NA,"BI1",NA,17.78967,-64.61143,NA,2021,"field","182",183.05,183.05,268,268,"Y",1.08333333333333,NA,"initial sizes from photos; time_interval_yr approximate; treatment_1 = genet",16,1
"4061","USGS_USVI_exp","USVI","SFR",NA,"BI4",NA,17.78408,-64.61416,NA,2021,"field","171",86.7,86.7,126.1,126.1,"Y",1.08333333333333,NA,"initial sizes from photos; time_interval_yr approximate; treatment_1 = genet",16,2
"4062","USGS_USVI_exp","USVI","SFR",NA,"BI2",NA,17.78408,-64.61416,NA,2021,"field","116",111.8125,111.8125,150.65,150.65,"Y",1.08333333333333,NA,"initial sizes from photos; time_interval_yr approximate; treatment_1 = genet",16,1
"4063","USGS_USVI_exp","USVI","NER",NA,"BI3",NA,17.78967,-64.61143,NA,2021,"field","170",36.6,36.6,43.15,43.15,"Y",1.08333333333333,NA,"initial sizes from photos; time_interval_yr approximate; treatment_1 = genet",16,1
"4064","USGS_USVI_exp","USVI","NWR",NA,"BI1",NA,17.79081,-64.62122,NA,2021,"field","186",164.475,164.475,141.15,141.15,"Y",1.08333333333333,NA,"initial sizes from photos; time_interval_yr approximate; treatment_1 = genet",16,2
"4065","USGS_USVI_exp","USVI","NWR",NA,"BI5",NA,17.79081,-64.62122,NA,2021,"field","184",206.75,206.75,316.8,316.8,"Y",1.08333333333333,NA,"initial sizes from photos; time_interval_yr approximate; treatment_1 = genet",16,2
"4066","USGS_USVI_exp","USVI","NER",NA,"BI4",NA,17.78967,-64.61143,NA,2021,"field","174",80.25,80.25,3.95,3.95,"Y",1.08333333333333,NA,"initial sizes from photos; time_interval_yr approximate; treatment_1 = genet",16,1
"4067","USGS_USVI_exp","USVI","SFR",NA,"BI1",NA,17.78408,-64.61416,NA,2021,"field","163",148.9,148.9,93.1,93.1,"Y",1.08333333333333,NA,"initial sizes from photos; time_interval_yr approximate; treatment_1 = genet",16,2
"4068","USGS_USVI_exp","USVI","SFR",NA,"BI1",NA,17.78408,-64.61416,NA,2021,"field","164",159.1,159.1,199.95,199.95,"Y",1.08333333333333,NA,"initial sizes from photos; time_interval_yr approximate; treatment_1 = genet",16,2
"4069","USGS_USVI_exp","USVI","NER",NA,"BI5",NA,17.78967,-64.61143,NA,2021,"field","183",88.3,88.3,145.45,145.45,"Y",1.08333333333333,NA,"initial sizes from photos; time_interval_yr approximate; treatment_1 = genet",16,1
"4070","USGS_USVI_exp","USVI","NWR",NA,"BI4",NA,17.79081,-64.62122,NA,2021,"field","178",90.1,90.1,177.95,177.95,"Y",1.08333333333333,NA,"initial sizes from photos; time_interval_yr approximate; treatment_1 = genet",16,1
"4071","USGS_USVI_exp","USVI","NWR",NA,"BI5",NA,17.79081,-64.62122,NA,2021,"field","117",181.2,181.2,157.2,157.2,"Y",1.08333333333333,NA,"initial sizes from photos; time_interval_yr approximate; treatment_1 = genet",16,2
"4072","USGS_USVI_exp","USVI","SFR",NA,"BI3",NA,17.78408,-64.61416,NA,2021,"field","187",127.4,127.4,80.2,80.2,"Y",1.08333333333333,NA,"initial sizes from photos; time_interval_yr approximate; treatment_1 = genet",16,1
"4073","kuffner_et_al_2020","Florida","PLW",NA,"DT1",NA,24.7028,-82.79883,NA,2019,"field","540",38.5,38.5,74.2775,NA,"Y",1,NA,"initial sizes from photos; time_interval_yr approximate; treatment_1 = genet",43,2
"4074","kuffner_et_al_2020","Florida","PLW",NA,"CN2",NA,24.7028,-82.79883,NA,2019,"field","541",15,15,55.845,NA,"Y",1,NA,"initial sizes from photos; time_interval_yr approximate; treatment_1 = genet",43,2
"4075","kuffner_et_al_2020","Florida","PLW",NA,"SN1",NA,24.7028,-82.79883,NA,2019,"field","542",22,22,67.16,NA,"Y",1,NA,"initial sizes from photos; time_interval_yr approximate; treatment_1 = genet",43,2
"4076","kuffner_et_al_2020","Florida","PLW",NA,"DT1",NA,24.7028,-82.79883,NA,2019,"field","543",12,12,56.0275,NA,"Y",1,NA,"initial sizes from photos; time_interval_yr approximate; treatment_1 = genet",43,2
"4077","kuffner_et_al_2020","Florida","PLW",NA,"CF4",NA,24.7028,-82.79883,NA,2019,"field","544",28,28,48.3625,NA,"Y",1,NA,"initial sizes from photos; time_interval_yr approximate; treatment_1 = genet",43,2
"4078","kuffner_et_al_2020","Florida","PLW",NA,"HS1",NA,24.7028,-82.79883,NA,2019,"field","545",20.25,20.25,98.3675,NA,"Y",1,NA,"initial sizes from photos; time_interval_yr approximate; treatment_1 = genet",43,2
"4079","kuffner_et_al_2020","Florida","PLW",NA,"HS1",NA,24.7028,-82.79883,NA,2019,"field","546",18,18,52.0125,NA,"Y",1,NA,"initial sizes from photos; time_interval_yr approximate; treatment_1 = genet",43,2
"4080","kuffner_et_al_2020","Florida","PLW",NA,"CF4",NA,24.7028,-82.79883,NA,2019,"field","547",19.25,19.25,52.925,NA,"Y",1,NA,"initial sizes from photos; time_interval_yr approximate; treatment_1 = genet",43,2
"4081","kuffner_et_al_2020","Florida","PLW",NA,"CN2",NA,24.7028,-82.79883,NA,2019,"field","548",27.5,27.5,80.8475,NA,"Y",1,NA,"initial sizes from photos; time_interval_yr approximate; treatment_1 = genet",43,2
"4082","kuffner_et_al_2020","Florida","PLW",NA,"SN1",NA,24.7028,-82.79883,NA,2019,"field","549",40,30,24.82,NA,"Y",1,NA,"initial sizes from photos; time_interval_yr approximate; treatment_1 = genet",43,2
"4083","kuffner_et_al_2020","Florida","PLW",NA,"ML2",NA,24.7028,-82.79883,NA,2019,"field","555",9,9,51.465,NA,"Y",1,NA,"initial sizes from photos; time_interval_yr approximate; treatment_1 = genet",43,2
"4084","kuffner_et_al_2020","Florida","PLW",NA,"ML2",NA,24.7028,-82.79883,NA,2019,"field","558",18,18,57.1225,NA,"Y",1,NA,"initial sizes from photos; time_interval_yr approximate; treatment_1 = genet",43,2
"4085","kuffner_et_al_2020","Florida","PLS",NA,"SN1",NA,24.69355,-82.7728,NA,2019,"field","520",19,19,43.8,NA,"Y",1,NA,"initial sizes from photos; time_interval_yr approximate; treatment_1 = genet",43,2
"4086","kuffner_et_al_2020","Florida","PLS",NA,"HS1",NA,24.69355,-82.7728,NA,2019,"field","521",25,25,58.9475,NA,"Y",1,NA,"initial sizes from photos; time_interval_yr approximate; treatment_1 = genet",43,2
"4087","kuffner_et_al_2020","Florida","PLS",NA,"SN1",NA,24.69355,-82.7728,NA,2019,"field","522",30,30,68.985,NA,"Y",1,NA,"initial sizes from photos; time_interval_yr approximate; treatment_1 = genet",43,2
"4088","kuffner_et_al_2020","Florida","PLS",NA,"CF4",NA,24.69355,-82.7728,NA,2019,"field","523",28,28,39.785,NA,"Y",1,NA,"initial sizes from photos; time_interval_yr approximate; treatment_1 = genet",43,2
"4089","kuffner_et_al_2020","Florida","PLS",NA,"CN2",NA,24.69355,-82.7728,NA,2019,"field","524",10,10,55.115,NA,"Y",1,NA,"initial sizes from photos; time_interval_yr approximate; treatment_1 = genet",43,2
"4090","kuffner_et_al_2020","Florida","PLS",NA,"DT1",NA,24.69355,-82.7728,NA,2019,"field","525",12.5,12.5,52.925,NA,"Y",1,NA,"initial sizes from photos; time_interval_yr approximate; treatment_1 = genet",43,2
"4091","kuffner_et_al_2020","Florida","PLS",NA,"DT1",NA,24.69355,-82.7728,NA,2019,"field","526",8,8,45.4425,NA,"Y",1,NA,"initial sizes from photos; time_interval_yr approximate; treatment_1 = genet",43,2
"4092","kuffner_et_al_2020","Florida","PLS",NA,"CF4",NA,24.69355,-82.7728,NA,2019,"field","527",27,27,40.3325,NA,"Y",1,NA,"initial sizes from photos; time_interval_yr approximate; treatment_1 = genet",43,2
"4093","kuffner_et_al_2020","Florida","PLS",NA,"CN2",NA,24.69355,-82.7728,NA,2019,"field","528",20,20,93.2575,NA,"Y",1,NA,"initial sizes from photos; time_interval_yr approximate; treatment_1 = genet",43,2
"4094","kuffner_et_al_2020","Florida","PLS",NA,"HS1",NA,24.69355,-82.7728,NA,2019,"field","529",16.5,16.5,60.59,NA,"Y",1,NA,"initial sizes from photos; time_interval_yr approximate; treatment_1 = genet",43,2
"4095","kuffner_et_al_2020","Florida","PLS",NA,"ML2",NA,24.69355,-82.7728,NA,2019,"field","550",22.5,22.5,47.9975,NA,"Y",1,NA,"initial sizes from photos; time_interval_yr approximate; treatment_1 = genet",43,2
"4096","kuffner_et_al_2020","Florida","PLS",NA,"ML2",NA,24.69355,-82.7728,NA,2019,"field","551",12,12,57.1225,NA,"Y",1,NA,"initial sizes from photos; time_interval_yr approximate; treatment_1 = genet",43,2
"4097","kuffner_et_al_2020","Florida","SMK",NA,"HS1",NA,24.62687,-81.10893,NA,2019,"field","530",12,12,7.1175,NA,"Y",1,NA,"initial sizes from photos; time_interval_yr approximate; treatment_1 = genet",43,1
"4098","kuffner_et_al_2020","Florida","SMK",NA,"CN2",NA,24.62687,-81.10893,NA,2019,"field","534",11.375,11.375,4.5625,NA,"Y",1,NA,"initial sizes from photos; time_interval_yr approximate; treatment_1 = genet",43,1
"4099","kuffner_et_al_2020","Florida","SMK",NA,"CF4",NA,24.62687,-81.10893,NA,2019,"field","535",15.75,15.75,8.5775,NA,"Y",1,NA,"initial sizes from photos; time_interval_yr approximate; treatment_1 = genet",43,1
"4100","kuffner_et_al_2020","Florida","SMK",NA,"SN1",NA,24.62687,-81.10893,NA,2019,"field","536",11.875,11.875,22.0825,NA,"Y",1,NA,"initial sizes from photos; time_interval_yr approximate; treatment_1 = genet",43,1
"4101","kuffner_et_al_2020","Florida","CRK",NA,"CN2",NA,24.90908,-80.52665,NA,2019,"field","500",18,18,13.14,NA,"Y",1,NA,"initial sizes from photos; time_interval_yr approximate; treatment_1 = genet",43,2
"4102","kuffner_et_al_2020","Florida","CRK",NA,"HS1",NA,24.90908,-80.52665,NA,2019,"field","501",15,15,6.935,NA,"Y",1,NA,"initial sizes from photos; time_interval_yr approximate; treatment_1 = genet",43,2
"4103","kuffner_et_al_2020","Florida","CRK",NA,"CN2",NA,24.90908,-80.52665,NA,2019,"field","502",14,14,11.68,NA,"Y",1,NA,"initial sizes from photos; time_interval_yr approximate; treatment_1 = genet",43,2
"4104","kuffner_et_al_2020","Florida","CRK",NA,"CF4",NA,24.90908,-80.52665,NA,2019,"field","503",13.5,13.5,0.9125,NA,"Y",1,NA,"initial sizes from photos; time_interval_yr approximate; treatment_1 = genet",43,1
"4105","kuffner_et_al_2020","Florida","CRK",NA,"HS1",NA,24.90908,-80.52665,NA,2019,"field","504",18,18,-0.9125,NA,"Y",1,NA,"initial sizes from photos; time_interval_yr approximate; treatment_1 = genet",43,2
"4106","kuffner_et_al_2020","Florida","CRK",NA,"SN1",NA,24.90908,-80.52665,NA,2019,"field","505",15,15,5.2925,NA,"Y",1,NA,"initial sizes from photos; time_interval_yr approximate; treatment_1 = genet",43,2
"4107","kuffner_et_al_2020","Florida","CRK",NA,"SN1",NA,24.90908,-80.52665,NA,2019,"field","506",15,15,15.5125,NA,"Y",1,NA,"initial sizes from photos; time_interval_yr approximate; treatment_1 = genet",43,2
"4108","kuffner_et_al_2020","Florida","CRK",NA,"ML2",NA,24.90908,-80.52665,NA,2019,"field","508",20,20,25.0025,NA,"Y",1,NA,"initial sizes from photos; time_interval_yr approximate; treatment_1 = genet",43,2
"4109","kuffner_et_al_2020","Florida","CRK",NA,"ML2",NA,24.90908,-80.52665,NA,2019,"field","509",12,12,24.82,NA,"Y",1,NA,"initial sizes from photos; time_interval_yr approximate; treatment_1 = genet",43,2
"4110","kuffner_et_al_2020","Florida","FWY",NA,"HS1",NA,25.59047,-80.0956,NA,2019,"field","510",13.5,13.5,22.0825,NA,"Y",1,NA,"initial sizes from photos; time_interval_yr approximate; treatment_1 = genet",43,2
"4111","kuffner_et_al_2020","Florida","FWY",NA,"CF4",NA,25.59047,-80.0956,NA,2019,"field","511",18,18,-3.65,NA,"Y",1,NA,"initial sizes from photos; time_interval_yr approximate; treatment_1 = genet",43,1
"4112","kuffner_et_al_2020","Florida","FWY",NA,"CN2",NA,25.59047,-80.0956,NA,2019,"field","512",12,12,9.3075,NA,"Y",1,NA,"initial sizes from photos; time_interval_yr approximate; treatment_1 = genet",43,1
"4113","kuffner_et_al_2020","Florida","FWY",NA,"HS1",NA,25.59047,-80.0956,NA,2019,"field","515",18,18,13.505,NA,"Y",1,NA,"initial sizes from photos; time_interval_yr approximate; treatment_1 = genet",43,2
"4114","kuffner_et_al_2020","Florida","FWY",NA,"SN1",NA,25.59047,-80.0956,NA,2019,"field","516",22.5,22.5,18.25,NA,"Y",1,NA,"initial sizes from photos; time_interval_yr approximate; treatment_1 = genet",43,1
"4115","kuffner_et_al_2020","Florida","FWY",NA,"ML2",NA,25.59047,-80.0956,NA,2019,"field","519",15,15,2.555,NA,"Y",1,NA,"initial sizes from photos; time_interval_yr approximate; treatment_1 = genet",43,1
"4116","mendoza_quiroz_et_al_2023","Mexico","Puerto Morelos Nursery",NA,NA,NA,20.88,-86.85,"5",2016,"nursery_in","AP1210",3.61241008186075,NA,4.17256227809865,NA,"N",1.08219178082192,NA,"size estimated from diameter",52,17
"4117","mendoza_quiroz_et_al_2023","Mexico","Puerto Morelos Nursery",NA,NA,NA,20.88,-86.85,"5",2016,"nursery_in","AP1203",15.7930986223499,NA,4.05531672648266,NA,"N",1.08219178082192,NA,"size estimated from diameter",52,17
"4118","mendoza_quiroz_et_al_2023","Mexico","Puerto Morelos Nursery",NA,NA,NA,20.88,-86.85,"5",2016,"nursery_in","AP1231",14.449640327443,NA,3.88979359478948,NA,"N",1.08219178082192,NA,"size estimated from diameter",52,17
"4119","mendoza_quiroz_et_al_2023","Mexico","Puerto Morelos Nursery",NA,NA,NA,20.88,-86.85,"5",2016,"nursery_in","AP1264",13.1658912900875,NA,16.083330962853,NA,"N",1.08219178082192,NA,"size estimated from diameter",52,17
"4120","mendoza_quiroz_et_al_2023","Mexico","Puerto Morelos Nursery",NA,NA,NA,20.88,-86.85,"5",2016,"nursery_in","AP1270",9.6728997233296,NA,15.0695017812323,NA,"N",1.08219178082192,NA,"size estimated from diameter",52,17
"4121","mendoza_quiroz_et_al_2023","Mexico","Puerto Morelos Nursery",NA,NA,NA,20.88,-86.85,"5",2016,"nursery_in","AP1277",15.7930986223499,NA,41.2704341688303,NA,"N",1.08219178082192,NA,"size estimated from diameter",52,17
"4122","mendoza_quiroz_et_al_2023","Mexico","Puerto Morelos Nursery",NA,NA,NA,20.88,-86.85,"5",2016,"nursery_in","AP1278",17.1962661748082,NA,25.0008896828225,NA,"N",1.08219178082192,NA,"size estimated from diameter",52,17
"4123","mendoza_quiroz_et_al_2023","Mexico","Puerto Morelos Nursery",NA,NA,NA,20.88,-86.85,"5",2016,"nursery_in","AP1289",11.9418515102835,NA,26.7319857684469,NA,"N",1.08219178082192,NA,"size estimated from diameter",52,17
"4124","mendoza_quiroz_et_al_2023","Mexico","Puerto Morelos Nursery",NA,NA,NA,20.88,-86.85,"5",2016,"nursery_in","AP1294",15.7930986223499,NA,20.173131675105,NA,"N",1.08219178082192,NA,"size estimated from diameter",52,17
"4125","mendoza_quiroz_et_al_2023","Mexico","Puerto Morelos Nursery",NA,NA,NA,20.88,-86.85,"5",2016,"nursery_in","AP1295",3.94827465558747,NA,1.75868327423993,NA,"N",1.08219178082192,NA,"size estimated from diameter",52,17
"4126","mendoza_quiroz_et_al_2023","Mexico","Puerto Morelos Nursery",NA,NA,NA,20.88,-86.85,"5",2016,"nursery_in","AP1241",10.7775209880308,NA,7.97959430704155,NA,"N",1.08219178082192,NA,"size estimated from diameter",52,17
"4127","mendoza_quiroz_et_al_2023","Mexico","Puerto Morelos Nursery",NA,NA,NA,20.88,-86.85,"5",2016,"nursery_in","AP1293",2.98546287757087,NA,5.6898576519527,NA,"N",1.08219178082192,NA,"size estimated from diameter",52,17
"4128","mendoza_quiroz_et_al_2023","Mexico","Puerto Morelos Nursery",NA,NA,NA,20.88,-86.85,"5",2016,"nursery_in","AP1252",7.17257456336401,NA,9.26239857766361,NA,"N",1.08219178082192,NA,"size estimated from diameter",52,17
"4129","mendoza_quiroz_et_al_2023","Mexico","Puerto Morelos Nursery",NA,NA,NA,20.88,-86.85,"5",2016,"nursery_in","AP1276",10.7775209880308,NA,20.0834733121046,NA,"N",1.08219178082192,NA,"size estimated from diameter",52,17
"4130","mendoza_quiroz_et_al_2023","Mexico","Puerto Morelos Nursery",NA,NA,NA,20.88,-86.85,"5",2016,"nursery_in","AP1243",10.2177466984863,NA,6.44850533887973,NA,"N",1.08219178082192,NA,"size estimated from diameter",52,17
"4131","mendoza_quiroz_et_al_2023","Mexico","Puerto Morelos Nursery",NA,NA,NA,20.88,-86.85,"5",2016,"nursery_in","AP1290",9.14298006256078,NA,18.0627117460171,NA,"N",1.08219178082192,NA,"size estimated from diameter",52,17
"4132","mendoza_quiroz_et_al_2023","Mexico","Puerto Morelos Nursery",NA,NA,NA,20.88,-86.85,"5",2016,"nursery_in","AP1236",4.66478574620448,NA,3.20011387940128,NA,"N",1.08219178082192,NA,"size estimated from diameter",52,17
"4133","mendoza_quiroz_et_al_2023","Mexico","Cuevones Reef",NA,"2011","Xcaret",21.15,-86.74,"10",2016,"field","AP1126",203.198067104667,NA,110.462126470122,NA,"N",1,NA,"size estimated from diameter; treatment_1 = cohort; treatment_2 = initial nursery",52,5
"4134","mendoza_quiroz_et_al_2023","Mexico","Cuevones Reef",NA,"2011","UNAM",21.15,-86.74,"10",2016,"field","AP1123",150.497183658347,NA,163.163009916442,NA,"N",1,NA,"size estimated from diameter; treatment_1 = cohort; treatment_2 = initial nursery",52,4
"4135","mendoza_quiroz_et_al_2023","Mexico","Cuevones Reef",NA,"2011","UNAM",21.15,-86.74,"10",2016,"field","AP1128",156.923392502319,NA,129.800462259587,NA,"N",1,NA,"size estimated from diameter; treatment_1 = cohort; treatment_2 = initial nursery",52,4
"4136","mendoza_quiroz_et_al_2023","Mexico","Cuevones Reef",NA,"2011","UNAM",21.15,-86.74,"10",2016,"field","AP1119",258.212684281104,NA,49.3571650234403,NA,"N",1,NA,"size estimated from diameter; treatment_1 = cohort; treatment_2 = initial nursery",52,4
"4137","mendoza_quiroz_et_al_2023","Mexico","Cuevones Reef",NA,"2011","UNAM",21.15,-86.74,"10",2016,"field","AP1117",156.923392502319,NA,367.211933941216,NA,"N",1,NA,"size estimated from diameter; treatment_1 = cohort; treatment_2 = initial nursery",52,4
"4138","mendoza_quiroz_et_al_2023","Mexico","Cuevones Reef",NA,"2011","Xcaret",21.15,-86.74,"10",2016,"field","AP1108",61.8065452229108,NA,14.3302218123402,NA,"N",1,NA,"size estimated from diameter; treatment_1 = cohort; treatment_2 = initial nursery",52,5
"4139","mendoza_quiroz_et_al_2023","Mexico","Cuevones Reef",NA,"2011","Xcaret",21.15,-86.74,"10",2016,"field","AP1111",103.923962768242,NA,137.898530314998,NA,"N",1,NA,"size estimated from diameter; treatment_1 = cohort; treatment_2 = initial nursery",52,5
"4140","mendoza_quiroz_et_al_2023","Mexico","Cuevones Reef",NA,"2011","Xcaret",21.15,-86.74,"10",2016,"field","AP1191",27.772268418603,NA,88.847375236509,NA,"N",1,NA,"size estimated from diameter; treatment_1 = cohort; treatment_2 = initial nursery",52,5
"4141","mendoza_quiroz_et_al_2023","Mexico","Cuevones Reef",NA,"2011","Xcaret",21.15,-86.74,"10",2016,"field","AP1120",124.202719364142,NA,99.1770767929042,NA,"N",1,NA,"size estimated from diameter; treatment_1 = cohort; treatment_2 = initial nursery",52,5
"4142","mendoza_quiroz_et_al_2023","Mexico","Cuevones Reef",NA,"2012","Xcaret",21.15,-86.74,"10",2016,"field","AP1207",13.1658912900875,NA,139.458434668529,NA,"N",1,NA,"size estimated from diameter; treatment_1 = cohort; treatment_2 = initial nursery",52,4
"4143","mendoza_quiroz_et_al_2023","Mexico","Cuevones Reef",NA,"2012","UNAM",21.15,-86.74,"10",2016,"field","AP1226",13.1658912900875,NA,47.2897319807225,NA,"N",1,NA,"size estimated from diameter; treatment_1 = cohort; treatment_2 = initial nursery",52,6
"4144","mendoza_quiroz_et_al_2023","Mexico","Cuevones Reef",NA,"2012","Xcaret",21.15,-86.74,"10",2016,"field","AP1286",3.94827465558747,NA,32.6236455946556,NA,"N",1,NA,"size estimated from diameter; treatment_1 = cohort; treatment_2 = initial nursery",52,4
"4145","mendoza_quiroz_et_al_2023","Mexico","Cuevones Reef",NA,"2012","Xcaret",21.15,-86.74,"10",2016,"field","AP1238",10.7775209880308,NA,86.2201679042466,NA,"N",1,NA,"size estimated from diameter; treatment_1 = cohort; treatment_2 = initial nursery",52,4
"4146","mendoza_quiroz_et_al_2023","Mexico","Cuevones Reef",NA,"2012","Xcaret",21.15,-86.74,"10",2016,"field","AP1297",8.6279877161798,NA,34.4820962359435,NA,"N",1,NA,"size estimated from diameter; treatment_1 = cohort; treatment_2 = initial nursery",52,4
"4147","mendoza_quiroz_et_al_2023","Mexico","Cuevones Reef",NA,"2012","UNAM",21.15,-86.74,"10",2016,"field","AP1206",18.6591429848179,NA,76.6442957244381,NA,"N",1,NA,"size estimated from diameter; treatment_1 = cohort; treatment_2 = initial nursery",52,6
"4148","mendoza_quiroz_et_al_2023","Mexico","Cuevones Reef",NA,"2012","UNAM",21.15,-86.74,"10",2016,"field","AP1280",43.1100839521233,NA,57.3208872493606,NA,"N",1,NA,"size estimated from diameter; treatment_1 = cohort; treatment_2 = initial nursery",52,6
"4149","mendoza_quiroz_et_al_2023","Mexico","Cuevones Reef",NA,"2012","UNAM",21.15,-86.74,"10",2016,"field","AP1221",35.5344719002872,NA,193.040029663732,NA,"N",1,NA,"size estimated from diameter; treatment_1 = cohort; treatment_2 = initial nursery",52,6
"4150","mendoza_quiroz_et_al_2023","Mexico","Cuevones Reef",NA,"2012","UNAM",21.15,-86.74,"10",2016,"field","AP1248",20.1817290523791,NA,62.1050915106679,NA,"N",1,NA,"size estimated from diameter; treatment_1 = cohort; treatment_2 = initial nursery",52,6
"4151","mendoza_quiroz_et_al_2023","Mexico","Cuevones Reef",NA,"2012","UNAM",21.15,-86.74,"10",2016,"field","AP1265",20.9654130577414,NA,49.2601374799193,NA,"N",1,NA,"size estimated from diameter; treatment_1 = cohort; treatment_2 = initial nursery",52,6
"4152","mendoza_quiroz_et_al_2023","Mexico","Picudas Reef",NA,"2011",NA,20.88,-86.85,"4",2021,"field","14",580,NA,428,NA,"N",1,NA,"treatment_1 = cohort; time_interval_yr is approximate",52,2
"4153","mendoza_quiroz_et_al_2023","Mexico","Picudas Reef",NA,"2011",NA,20.88,-86.85,"4",2021,"field","120",168,NA,121,NA,"N",1,NA,"treatment_1 = cohort; time_interval_yr is approximate",52,2
"4154","mendoza_quiroz_et_al_2023","Mexico","Picudas Reef",NA,"2012",NA,20.88,-86.85,"4",2021,"field","33",472.5,NA,-22.5,NA,"N",1,NA,"treatment_1 = cohort; time_interval_yr is approximate",52,14
"4155","mendoza_quiroz_et_al_2023","Mexico","Picudas Reef",NA,"2012",NA,20.88,-86.85,"4",2021,"field","87",336,NA,-66,NA,"N",1,NA,"treatment_1 = cohort; time_interval_yr is approximate",52,14
"4156","mendoza_quiroz_et_al_2023","Mexico","Picudas Reef",NA,"2012",NA,20.88,-86.85,"4",2021,"field","49",616,NA,134,NA,"N",1,NA,"treatment_1 = cohort; time_interval_yr is approximate",52,14
"4157","mendoza_quiroz_et_al_2023","Mexico","Picudas Reef",NA,"2012",NA,20.88,-86.85,"4",2021,"field","28/324",48.75,NA,451.25,NA,"N",1,NA,"treatment_1 = cohort; time_interval_yr is approximate",52,14
"4158","mendoza_quiroz_et_al_2023","Mexico","Picudas Reef",NA,"2012",NA,20.88,-86.85,"4",2021,"field","284/235",357,NA,-307,NA,"N",1,NA,"treatment_1 = cohort; time_interval_yr is approximate",52,14
"4159","mendoza_quiroz_et_al_2023","Mexico","Picudas Reef",NA,"2012",NA,20.88,-86.85,"4",2021,"field","101/234",74.4,NA,75.6,NA,"N",1,NA,"treatment_1 = cohort; time_interval_yr is approximate",52,14
"4160","mendoza_quiroz_et_al_2023","Mexico","Picudas Reef",NA,"2012",NA,20.88,-86.85,"4",2021,"field","285/399/190",329,NA,7,NA,"N",1,NA,"treatment_1 = cohort; time_interval_yr is approximate",52,14
"4161","mendoza_quiroz_et_al_2023","Mexico","Picudas Reef",NA,"2012",NA,20.88,-86.85,"4",2021,"field","39/90",108,NA,42,NA,"N",1,NA,"treatment_1 = cohort; time_interval_yr is approximate",52,14
"4162","mendoza_quiroz_et_al_2023","Mexico","Picudas Reef",NA,"2012",NA,20.88,-86.85,"4",2021,"field","60/393/443",740,NA,529,NA,"N",1,NA,"treatment_1 = cohort; time_interval_yr is approximate",52,14
"4163","mendoza_quiroz_et_al_2023","Mexico","Picudas Reef",NA,"2012",NA,20.88,-86.85,"4",2021,"field","125",221,NA,-41,NA,"N",1,NA,"treatment_1 = cohort; time_interval_yr is approximate",52,14
"4164","mendoza_quiroz_et_al_2023","Mexico","Picudas Reef",NA,"2012",NA,20.88,-86.85,"4",2021,"field","46/442",945,NA,-205,NA,"N",1,NA,"treatment_1 = cohort; time_interval_yr is approximate",52,14
"4165","mendoza_quiroz_et_al_2023","Mexico","Picudas Reef",NA,"2012",NA,20.88,-86.85,"4",2021,"field","115/231",1230,NA,-1206,NA,"N",1,NA,"treatment_1 = cohort; time_interval_yr is approximate",52,14
"4166","mendoza_quiroz_et_al_2023","Mexico","Picudas Reef",NA,"2012",NA,20.88,-86.85,"4",2021,"field","112",1672,NA,-322,NA,"N",1,NA,"treatment_1 = cohort; time_interval_yr is approximate",52,14
"4167","mendoza_quiroz_et_al_2023","Mexico","Picudas Reef",NA,"2012",NA,20.88,-86.85,"4",2021,"field","36/441",1034,NA,-494,NA,"N",1,NA,"treatment_1 = cohort; time_interval_yr is approximate",52,14
"4168","fundemar_fragments","Dominican Republic","Sombrero Reef",NA,NA,NA,18.37072,-68.84651,NA,2021,"nursery_in","1.1.1.1",13.6,13.6,87.7790750670241,87.7790750670241,"Y",1.02191780821918,NA,NA,177,177
"4169","fundemar_fragments","Dominican Republic","Sombrero Reef",NA,NA,NA,18.37072,-68.84651,NA,2021,"nursery_in","1.1.1.2",19.122,19.122,84.9647587131367,84.9647587131367,"Y",1.02191780821918,NA,NA,177,177
"4170","fundemar_fragments","Dominican Republic","Sombrero Reef",NA,NA,NA,18.37072,-68.84651,NA,2021,"nursery_in","1.1.1.3",12.704,12.704,186.716581769437,186.716581769437,"Y",1.02191780821918,NA,NA,177,177
"4171","fundemar_fragments","Dominican Republic","Sombrero Reef",NA,NA,NA,18.37072,-68.84651,NA,2021,"nursery_in","1.1.1.4",18.562,18.562,106.179772117962,106.179772117962,"Y",1.02191780821918,NA,NA,177,177
"4172","fundemar_fragments","Dominican Republic","Sombrero Reef",NA,NA,NA,18.37072,-68.84651,NA,2021,"nursery_in","1.1.1.5",17.771,17.771,87.1635656836461,87.1635656836461,"Y",1.02191780821918,NA,NA,177,177
"4173","fundemar_fragments","Dominican Republic","Sombrero Reef",NA,NA,NA,18.37072,-68.84651,NA,2021,"nursery_in","1.1.1.6",15.467,15.467,22.8286461126005,22.8286461126005,"Y",1.02191780821918,NA,NA,177,177
"4174","fundemar_fragments","Dominican Republic","Sombrero Reef",NA,NA,NA,18.37072,-68.84651,NA,2021,"nursery_in","1.1.1.7",10.516,10.516,57.6553217158177,57.6553217158177,"Y",1.02191780821918,NA,NA,177,177
"4175","fundemar_fragments","Dominican Republic","Sombrero Reef",NA,NA,NA,18.37072,-68.84651,NA,2021,"nursery_in","1.2.2.1",16.514,16.514,33.1073592493298,33.1073592493298,"Y",1.02191780821918,NA,NA,177,177
"4176","fundemar_fragments","Dominican Republic","Sombrero Reef",NA,NA,NA,18.37072,-68.84651,NA,2021,"nursery_in","1.2.2.3",23.199,23.199,49.4305898123324,10.0477747989276,"Y",1.02191780821918,NA,NA,177,177
"4177","fundemar_fragments","Dominican Republic","Sombrero Reef",NA,NA,NA,18.37072,-68.84651,NA,2021,"nursery_in","1.2.2.4",18.965,18.965,47.3394235924933,47.3394235924933,"Y",1.02191780821918,NA,NA,177,177
"4178","fundemar_fragments","Dominican Republic","Sombrero Reef",NA,NA,NA,18.37072,-68.84651,NA,2021,"nursery_in","1.2.2.5",17.156,17.156,44.7687667560322,44.7687667560322,"Y",1.02191780821918,NA,NA,177,177
"4179","fundemar_fragments","Dominican Republic","Sombrero Reef",NA,NA,NA,18.37072,-68.84651,NA,2021,"nursery_in","1.2.2.6",10.205,10.205,92.410563002681,92.410563002681,"Y",1.02191780821918,NA,NA,177,177
"4180","fundemar_fragments","Dominican Republic","Sombrero Reef",NA,NA,NA,18.37072,-68.84651,NA,2021,"nursery_in","1.2.2.7",13.407,13.407,63.9630697050939,63.9630697050939,"Y",1.02191780821918,NA,NA,177,177
"4181","fundemar_fragments","Dominican Republic","Sombrero Reef",NA,NA,NA,18.37072,-68.84651,NA,2021,"nursery_in","1.3.3.5",20.744,20.744,71.6955898123324,-0.99029490616622,"Y",1.02191780821918,NA,NA,177,177
"4182","fundemar_fragments","Dominican Republic","Sombrero Reef",NA,NA,NA,18.37072,-68.84651,NA,2021,"nursery_in","1.3.3.7",24.487,24.487,78.4671715817694,-7.34892761394102,"Y",1.02191780821918,NA,NA,177,177
"4183","fundemar_fragments","Dominican Republic","Sombrero Reef",NA,NA,NA,18.37072,-68.84651,NA,2021,"nursery_in","1.4.4.2",20.645,20.645,17.5982841823056,17.5982841823056,"Y",1.02191780821918,NA,NA,177,177
"4184","fundemar_fragments","Dominican Republic","Sombrero Reef",NA,NA,NA,18.37072,-68.84651,NA,2021,"nursery_in","1.4.4.5",20.605,20.605,39.583418230563,39.583418230563,"Y",1.02191780821918,NA,NA,177,177
"4185","fundemar_fragments","Dominican Republic","Sombrero Reef",NA,NA,NA,18.37072,-68.84651,NA,2021,"nursery_in","1.4.4.6",29.377,29.377,18.2754423592493,-28.737144772118,"Y",1.02191780821918,NA,NA,177,177
"4186","fundemar_fragments","Dominican Republic","Sombrero Reef",NA,NA,NA,18.37072,-68.84651,NA,2021,"nursery_in","1.4.4.7",14.826,14.826,52.0247319034853,52.0247319034853,"Y",1.02191780821918,NA,NA,177,177
"4187","fundemar_fragments","Dominican Republic","Sombrero Reef",NA,NA,NA,18.37072,-68.84651,NA,2021,"nursery_in","1.5.5.1",16.896,16.896,133.825831099196,133.825831099196,"Y",1.02191780821918,NA,NA,177,177
"4188","fundemar_fragments","Dominican Republic","Sombrero Reef",NA,NA,NA,18.37072,-68.84651,NA,2021,"nursery_in","1.5.5.2",31.939,31.939,114.256742627346,114.256742627346,"Y",1.02191780821918,NA,NA,177,177
"4189","fundemar_fragments","Dominican Republic","Sombrero Reef",NA,NA,NA,18.37072,-68.84651,NA,2021,"nursery_in","1.5.5.3",13.606,13.606,127.757828418231,127.757828418231,"Y",1.02191780821918,NA,NA,177,177
"4190","fundemar_fragments","Dominican Republic","Sombrero Reef",NA,NA,NA,18.37072,-68.84651,NA,2021,"nursery_in","1.5.5.4",16.497,16.497,63.8847855227882,63.8847855227882,"Y",1.02191780821918,NA,NA,177,177
"4191","fundemar_fragments","Dominican Republic","Sombrero Reef",NA,NA,NA,18.37072,-68.84651,NA,2021,"nursery_in","1.5.5.5",24.831,24.831,156.562493297587,156.562493297587,"Y",1.02191780821918,NA,NA,177,177
"4192","fundemar_fragments","Dominican Republic","Sombrero Reef",NA,NA,NA,18.37072,-68.84651,NA,2021,"nursery_in","1.5.5.6",21.232,21.232,79.5954423592493,41.550308310992,"Y",1.02191780821918,NA,NA,177,177
"4193","fundemar_fragments","Dominican Republic","Sombrero Reef",NA,NA,NA,18.37072,-68.84651,NA,2021,"nursery_in","1.6.6.1",28.323,28.323,91.8459383378016,91.8459383378016,"Y",1.02191780821918,NA,NA,177,177
"4194","fundemar_fragments","Dominican Republic","Sombrero Reef",NA,NA,NA,18.37072,-68.84651,NA,2021,"nursery_in","1.6.6.2",24.264,24.264,88.079490616622,88.079490616622,"Y",1.02191780821918,NA,NA,177,177
"4195","fundemar_fragments","Dominican Republic","Sombrero Reef",NA,NA,NA,18.37072,-68.84651,NA,2021,"nursery_in","1.6.6.3",27.113,27.113,49.0783109919571,49.0783109919571,"Y",1.02191780821918,NA,NA,177,177
"4196","fundemar_fragments","Dominican Republic","Sombrero Reef",NA,NA,NA,18.37072,-68.84651,NA,2021,"nursery_in","1.6.6.4",18.068,18.068,187.624678284182,187.624678284182,"Y",1.02191780821918,NA,NA,177,177
"4197","fundemar_fragments","Dominican Republic","Sombrero Reef",NA,NA,NA,18.37072,-68.84651,NA,2021,"nursery_in","1.6.6.5",34.529,34.529,93.4625067024129,93.4625067024129,"Y",1.02191780821918,NA,NA,177,177
"4198","fundemar_fragments","Dominican Republic","Sombrero Reef",NA,NA,NA,18.37072,-68.84651,NA,2021,"nursery_in","1.6.6.6",33.23,33.23,74.5324128686327,74.5324128686327,"Y",1.02191780821918,NA,NA,177,177
"4199","fundemar_fragments","Dominican Republic","Sombrero Reef",NA,NA,NA,18.37072,-68.84651,NA,2021,"nursery_in","1.6.6.7",8.82,8.82,95.0575469168901,95.0575469168901,"Y",1.02191780821918,NA,NA,177,177
"4200","fundemar_fragments","Dominican Republic","Sombrero Reef",NA,NA,NA,18.37072,-68.84651,NA,2021,"nursery_in","1.7.7.2",35.795,33.561,118.521273458445,120.70735924933,"Y",1.02191780821918,NA,NA,177,177
"4201","fundemar_fragments","Dominican Republic","Sombrero Reef",NA,NA,NA,18.37072,-68.84651,NA,2021,"nursery_in","1.7.7.3",15.467,15.467,90.1960991957105,90.1960991957105,"Y",1.02191780821918,NA,NA,177,177
"4202","fundemar_fragments","Dominican Republic","Sombrero Reef",NA,NA,NA,18.37072,-68.84651,NA,2021,"nursery_in","1.7.7.4",37.93,37.93,58.6769302949062,58.6769302949062,"Y",1.02191780821918,NA,NA,177,177
"4203","fundemar_fragments","Dominican Republic","Sombrero Reef",NA,NA,NA,18.37072,-68.84651,NA,2021,"nursery_in","1.7.7.5",14.563,14.563,87.6019571045576,87.6019571045576,"Y",1.02191780821918,NA,NA,177,177
"4204","fundemar_fragments","Dominican Republic","Sombrero Reef",NA,NA,NA,18.37072,-68.84651,NA,2021,"nursery_in","1.7.7.6",10.916,10.916,145.507788203753,145.507788203753,"Y",1.02191780821918,NA,NA,177,177
"4205","fundemar_fragments","Dominican Republic","Sombrero Reef",NA,NA,NA,18.37072,-68.84651,NA,2021,"nursery_in","1.7.7.7",24.598,24.598,80.251072386059,80.251072386059,"Y",1.02191780821918,NA,NA,177,177
"4206","fundemar_fragments","Dominican Republic","Sombrero Reef",NA,NA,NA,18.37072,-68.84651,NA,2021,"nursery_in","2.8.1.1",9.65,9.65,80.6806748466258,80.6806748466258,"Y",0.446575342465753,NA,NA,177,177
"4207","fundemar_fragments","Dominican Republic","Sombrero Reef",NA,NA,NA,18.37072,-68.84651,NA,2021,"nursery_in","2.8.1.2",15.546,15.546,59.8868711656442,59.8868711656442,"Y",0.446575342465753,NA,NA,177,177
"4208","fundemar_fragments","Dominican Republic","Sombrero Reef",NA,NA,NA,18.37072,-68.84651,NA,2021,"nursery_in","2.8.1.3",28.135,28.135,104.815460122699,104.815460122699,"Y",0.446575342465753,NA,NA,177,177
"4209","fundemar_fragments","Dominican Republic","Sombrero Reef",NA,NA,NA,18.37072,-68.84651,NA,2021,"nursery_in","2.8.1.4",26.953,26.953,170.918527607362,170.918527607362,"Y",0.446575342465753,NA,NA,177,177
"4210","fundemar_fragments","Dominican Republic","Sombrero Reef",NA,NA,NA,18.37072,-68.84651,NA,2021,"nursery_in","2.8.1.5",44.435,44.435,147.283098159509,147.283098159509,"Y",0.446575342465753,NA,NA,177,177
"4211","fundemar_fragments","Dominican Republic","Sombrero Reef",NA,NA,NA,18.37072,-68.84651,NA,2021,"nursery_in","2.8.1.6",41.292,41.292,132.889110429448,132.889110429448,"Y",0.446575342465753,NA,NA,177,177
"4212","fundemar_fragments","Dominican Republic","Sombrero Reef",NA,NA,NA,18.37072,-68.84651,NA,2021,"nursery_in","2.8.1.7",23.442,23.442,119.193773006135,119.193773006135,"Y",0.446575342465753,NA,NA,177,177
"4213","fundemar_fragments","Dominican Republic","Sombrero Reef",NA,NA,NA,18.37072,-68.84651,NA,2021,"nursery_in","2.9.2.1",21.209,21.209,65.5566871165644,65.5566871165644,"Y",0.446575342465753,NA,NA,177,177
"4214","fundemar_fragments","Dominican Republic","Sombrero Reef",NA,NA,NA,18.37072,-68.84651,NA,2021,"nursery_in","2.9.2.2",18.745,18.745,182.571656441718,182.571656441718,"Y",0.446575342465753,NA,NA,177,177
"4215","fundemar_fragments","Dominican Republic","Sombrero Reef",NA,NA,NA,18.37072,-68.84651,NA,2021,"nursery_in","2.9.2.3",20.357,20.357,273.633558282209,273.633558282209,"Y",0.446575342465753,NA,NA,177,177
"4216","fundemar_fragments","Dominican Republic","Sombrero Reef",NA,NA,NA,18.37072,-68.84651,NA,2021,"nursery_in","2.9.2.4",21.726,21.726,180.84518404908,180.84518404908,"Y",0.446575342465753,NA,NA,177,177
"4217","fundemar_fragments","Dominican Republic","Sombrero Reef",NA,NA,NA,18.37072,-68.84651,NA,2021,"nursery_in","2.9.2.5",22.079,22.079,100.798220858896,100.798220858896,"Y",0.446575342465753,NA,NA,177,177
"4218","fundemar_fragments","Dominican Republic","Sombrero Reef",NA,NA,NA,18.37072,-68.84651,NA,2021,"nursery_in","2.9.2.6",10.193,10.193,113.962852760736,113.962852760736,"Y",0.446575342465753,NA,NA,177,177
"4219","fundemar_fragments","Dominican Republic","Sombrero Reef",NA,NA,NA,18.37072,-68.84651,NA,2021,"nursery_in","2.9.2.7",9.011,9.011,76.8896012269939,76.8896012269939,"Y",0.446575342465753,NA,NA,177,177
"4220","fundemar_fragments","Dominican Republic","Sombrero Reef",NA,NA,NA,18.37072,-68.84651,NA,2021,"nursery_in","2.10.3.1",25.093,25.093,86.6012883435583,86.6012883435583,"Y",0.446575342465753,NA,NA,177,177
"4221","fundemar_fragments","Dominican Republic","Sombrero Reef",NA,NA,NA,18.37072,-68.84651,NA,2021,"nursery_in","2.10.3.2",10.456,10.456,110.071012269939,110.071012269939,"Y",0.446575342465753,NA,NA,177,177
"4222","fundemar_fragments","Dominican Republic","Sombrero Reef",NA,NA,NA,18.37072,-68.84651,NA,2021,"nursery_in","2.10.3.4",5.922,5.922,87.0715337423313,87.0715337423313,"Y",0.446575342465753,NA,NA,177,177
"4223","fundemar_fragments","Dominican Republic","Sombrero Reef",NA,NA,NA,18.37072,-68.84651,NA,2021,"nursery_in","2.10.3.5",13.223,13.223,131.019325153374,131.019325153374,"Y",0.446575342465753,NA,NA,177,177
"4224","fundemar_fragments","Dominican Republic","Sombrero Reef",NA,NA,NA,18.37072,-68.84651,NA,2021,"nursery_in","2.10.3.6",11.077,11.077,70.2882515337423,70.2882515337423,"Y",0.446575342465753,NA,NA,177,177
"4225","fundemar_fragments","Dominican Republic","Sombrero Reef",NA,NA,NA,18.37072,-68.84651,NA,2021,"nursery_in","2.10.3.7",16.259,16.259,59.915981595092,59.915981595092,"Y",0.446575342465753,NA,NA,177,177
"4226","fundemar_fragments","Dominican Republic","Sombrero Reef",NA,NA,NA,18.37072,-68.84651,NA,2021,"nursery_in","2.11.4.1",33.039,33.039,98.0618404907976,98.0618404907976,"Y",0.446575342465753,NA,NA,177,177
"4227","fundemar_fragments","Dominican Republic","Sombrero Reef",NA,NA,NA,18.37072,-68.84651,NA,2021,"nursery_in","2.11.4.2",16.439,16.439,77.1336809815951,77.1336809815951,"Y",0.446575342465753,NA,NA,177,177
"4228","fundemar_fragments","Dominican Republic","Sombrero Reef",NA,NA,NA,18.37072,-68.84651,NA,2021,"nursery_in","2.11.4.3",31.415,31.415,96.2099693251534,96.2099693251534,"Y",0.446575342465753,NA,NA,177,177
"4229","fundemar_fragments","Dominican Republic","Sombrero Reef",NA,NA,NA,18.37072,-68.84651,NA,2021,"nursery_in","2.11.4.4",20.322,20.322,71.0025766871166,71.0025766871166,"Y",0.446575342465753,NA,NA,177,177
"4230","fundemar_fragments","Dominican Republic","Sombrero Reef",NA,NA,NA,18.37072,-68.84651,NA,2021,"nursery_in","2.11.4.5",14.315,14.315,117.577024539877,117.577024539877,"Y",0.446575342465753,NA,NA,177,177
"4231","fundemar_fragments","Dominican Republic","Sombrero Reef",NA,NA,NA,18.37072,-68.84651,NA,2021,"nursery_in","2.11.4.6",12.37,12.37,65.328282208589,65.328282208589,"Y",0.446575342465753,NA,NA,177,177
"4232","fundemar_fragments","Dominican Republic","Sombrero Reef",NA,NA,NA,18.37072,-68.84651,NA,2021,"nursery_in","2.11.4.7",26.166,26.166,83.7036809815951,83.7036809815951,"Y",0.446575342465753,NA,NA,177,177
"4233","fundemar_fragments","Dominican Republic","Sombrero Reef",NA,NA,NA,18.37072,-68.84651,NA,2021,"nursery_in","2.12.5.1",23.452,23.452,60.8161656441718,60.8161656441718,"Y",0.446575342465753,NA,NA,177,177
"4234","fundemar_fragments","Dominican Republic","Sombrero Reef",NA,NA,NA,18.37072,-68.84651,NA,2021,"nursery_in","2.12.5.2",18.22,18.22,49.9714110429448,49.9714110429448,"Y",0.446575342465753,NA,NA,177,177
"4235","fundemar_fragments","Dominican Republic","Sombrero Reef",NA,NA,NA,18.37072,-68.84651,NA,2021,"nursery_in","2.12.5.3",11.961,11.961,68.353527607362,68.353527607362,"Y",0.446575342465753,NA,NA,177,177
"4236","fundemar_fragments","Dominican Republic","Sombrero Reef",NA,NA,NA,18.37072,-68.84651,NA,2021,"nursery_in","2.12.5.4",14.355,14.355,60.3929447852761,60.3929447852761,"Y",0.446575342465753,NA,NA,177,177
"4237","fundemar_fragments","Dominican Republic","Sombrero Reef",NA,NA,NA,18.37072,-68.84651,NA,2021,"nursery_in","2.12.5.5",17.164,17.164,175.081319018405,175.081319018405,"Y",0.446575342465753,NA,NA,177,177
"4238","fundemar_fragments","Dominican Republic","Sombrero Reef",NA,NA,NA,18.37072,-68.84651,NA,2021,"nursery_in","2.12.5.6",14.751,14.751,69.3253680981595,69.3253680981595,"Y",0.446575342465753,NA,NA,177,177
"4239","fundemar_fragments","Dominican Republic","Sombrero Reef",NA,NA,NA,18.37072,-68.84651,NA,2021,"nursery_in","2.12.5.7",23.794,23.794,26.224018404908,26.224018404908,"Y",0.446575342465753,NA,NA,177,177
"4240","fundemar_fragments","Dominican Republic","Sombrero Reef",NA,NA,NA,18.37072,-68.84651,NA,2021,"nursery_in","2.13.6.1",24.019,24.019,93.811717791411,93.811717791411,"Y",0.446575342465753,NA,NA,177,177
"4241","fundemar_fragments","Dominican Republic","Sombrero Reef",NA,NA,NA,18.37072,-68.84651,NA,2021,"nursery_in","2.13.6.2",28.216,28.216,46.466963190184,46.466963190184,"Y",0.446575342465753,NA,NA,177,177
"4242","fundemar_fragments","Dominican Republic","Sombrero Reef",NA,NA,NA,18.37072,-68.84651,NA,2021,"nursery_in","2.13.6.3",14.321,14.321,110.769662576687,110.769662576687,"Y",0.446575342465753,NA,NA,177,177
"4243","fundemar_fragments","Dominican Republic","Sombrero Reef",NA,NA,NA,18.37072,-68.84651,NA,2021,"nursery_in","2.13.6.4",18.105,18.105,92.1860122699387,92.1860122699387,"Y",0.446575342465753,NA,NA,177,177
"4244","fundemar_fragments","Dominican Republic","Sombrero Reef",NA,NA,NA,18.37072,-68.84651,NA,2021,"nursery_in","2.13.6.5",21.623,21.623,115.61990797546,115.61990797546,"Y",0.446575342465753,NA,NA,177,177
"4245","fundemar_fragments","Dominican Republic","Sombrero Reef",NA,NA,NA,18.37072,-68.84651,NA,2021,"nursery_in","2.13.6.6",15.983,15.983,75.5572392638037,75.5572392638037,"Y",0.446575342465753,NA,NA,177,177
"4246","fundemar_fragments","Dominican Republic","Sombrero Reef",NA,NA,NA,18.37072,-68.84651,NA,2021,"nursery_in","2.13.6.7",20.654,20.654,67.7332515337423,67.7332515337423,"Y",0.446575342465753,NA,NA,177,177
"4247","fundemar_fragments","Dominican Republic","Sombrero Reef",NA,NA,NA,18.37072,-68.84651,NA,2021,"nursery_in","2.14.7.1",19.735,19.735,27.0525460122699,27.0525460122699,"Y",0.446575342465753,NA,NA,177,177
"4248","fundemar_fragments","Dominican Republic","Sombrero Reef",NA,NA,NA,18.37072,-68.84651,NA,2021,"nursery_in","2.14.7.2",39.38,39.38,119.348282208589,119.348282208589,"Y",0.446575342465753,NA,NA,177,177
"4249","fundemar_fragments","Dominican Republic","Sombrero Reef",NA,NA,NA,18.37072,-68.84651,NA,2021,"nursery_in","2.14.7.3",12.614,12.614,69.2604294478528,69.2604294478528,"Y",0.446575342465753,NA,NA,177,177
"4250","fundemar_fragments","Dominican Republic","Sombrero Reef",NA,NA,NA,18.37072,-68.84651,NA,2021,"nursery_in","2.14.7.4",20.639,20.639,145.37972392638,145.37972392638,"Y",0.446575342465753,NA,NA,177,177
"4251","fundemar_fragments","Dominican Republic","Sombrero Reef",NA,NA,NA,18.37072,-68.84651,NA,2021,"nursery_in","2.14.7.5",12.468,12.468,48.3569018404908,48.3569018404908,"Y",0.446575342465753,NA,NA,177,177
"4252","fundemar_fragments","Dominican Republic","Sombrero Reef",NA,NA,NA,18.37072,-68.84651,NA,2021,"nursery_in","2.14.7.6",30.7,30.7,72.2162576687117,72.2162576687117,"Y",0.446575342465753,NA,NA,177,177
"4253","fundemar_fragments","Dominican Republic","Sombrero Reef",NA,NA,NA,18.37072,-68.84651,NA,2021,"nursery_in","2.14.7.7",7.189,7.189,21.3827300613497,21.3827300613497,"Y",0.446575342465753,NA,NA,177,177
"4254","fundemar_fragments","Dominican Republic","Sombrero Reef",NA,NA,NA,18.37072,-68.84651,NA,2021,"nursery_in","3.15.1.1",25.654,25.654,46.7372635135135,46.7372635135135,"Y",0.405479452054795,NA,NA,177,177
"4255","fundemar_fragments","Dominican Republic","Sombrero Reef",NA,NA,NA,18.37072,-68.84651,NA,2021,"nursery_in","3.15.1.2",15.751,15.751,47.4993243243243,47.4993243243243,"Y",0.405479452054795,NA,NA,177,177
"4256","fundemar_fragments","Dominican Republic","Sombrero Reef",NA,NA,NA,18.37072,-68.84651,NA,2021,"nursery_in","3.15.1.3",27.174,27.174,61.5962162162162,61.5962162162162,"Y",0.405479452054795,NA,NA,177,177
"4257","fundemar_fragments","Dominican Republic","Sombrero Reef",NA,NA,NA,18.37072,-68.84651,NA,2021,"nursery_in","3.15.1.5",37.743,37.743,79.3455743243243,79.3455743243243,"Y",0.405479452054795,NA,NA,177,177
"4258","fundemar_fragments","Dominican Republic","Sombrero Reef",NA,NA,NA,18.37072,-68.84651,NA,2021,"nursery_in","3.15.1.6",29.782,29.782,163.552060810811,163.552060810811,"Y",0.405479452054795,NA,NA,177,177
"4259","fundemar_fragments","Dominican Republic","Sombrero Reef",NA,NA,NA,18.37072,-68.84651,NA,2021,"nursery_in","3.15.1.7",38.785,38.785,171.53027027027,171.53027027027,"Y",0.405479452054795,NA,NA,177,177
"4260","fundemar_fragments","Dominican Republic","Sombrero Reef",NA,NA,NA,18.37072,-68.84651,NA,2021,"nursery_in","3.16.2.1",48.848,48.848,49.7287837837838,49.7287837837838,"Y",0.405479452054795,NA,NA,177,177
"4261","fundemar_fragments","Dominican Republic","Sombrero Reef",NA,NA,NA,18.37072,-68.84651,NA,2021,"nursery_in","3.16.2.2",40.679,40.679,57.8056418918919,57.8056418918919,"Y",0.405479452054795,NA,NA,177,177
"4262","fundemar_fragments","Dominican Republic","Sombrero Reef",NA,NA,NA,18.37072,-68.84651,NA,2021,"nursery_in","3.16.2.3",31.452,31.452,106.698378378378,106.698378378378,"Y",0.405479452054795,NA,NA,177,177
"4263","fundemar_fragments","Dominican Republic","Sombrero Reef",NA,NA,NA,18.37072,-68.84651,NA,2021,"nursery_in","3.16.2.4",24.446,24.446,88.2782094594595,88.2782094594595,"Y",0.405479452054795,NA,NA,177,177
"4264","fundemar_fragments","Dominican Republic","Sombrero Reef",NA,NA,NA,18.37072,-68.84651,NA,2021,"nursery_in","3.16.2.5",31.085,31.085,59.3766216216216,59.3766216216216,"Y",0.405479452054795,NA,NA,177,177
"4265","fundemar_fragments","Dominican Republic","Sombrero Reef",NA,NA,NA,18.37072,-68.84651,NA,2021,"nursery_in","3.16.2.6",39.717,39.717,190.036756756757,190.036756756757,"Y",0.405479452054795,NA,NA,177,177
"4266","fundemar_fragments","Dominican Republic","Sombrero Reef",NA,NA,NA,18.37072,-68.84651,NA,2021,"nursery_in","3.16.2.7",36.693,36.693,51.465,51.465,"Y",0.405479452054795,NA,NA,177,177
"4267","fundemar_fragments","Dominican Republic","Sombrero Reef",NA,NA,NA,18.37072,-68.84651,NA,2021,"nursery_in","3.17.3.1",26.247,26.247,44.8678716216216,44.8678716216216,"Y",0.405479452054795,NA,NA,177,177
"4268","fundemar_fragments","Dominican Republic","Sombrero Reef",NA,NA,NA,18.37072,-68.84651,NA,2021,"nursery_in","3.17.3.2",28.113,28.113,43.0330067567568,43.0330067567568,"Y",0.405479452054795,NA,NA,177,177
"4269","fundemar_fragments","Dominican Republic","Sombrero Reef",NA,NA,NA,18.37072,-68.84651,NA,2021,"nursery_in","3.17.3.3",41.895,41.895,58.1410472972973,58.1410472972973,"Y",0.405479452054795,NA,NA,177,177
"4270","fundemar_fragments","Dominican Republic","Sombrero Reef",NA,NA,NA,18.37072,-68.84651,NA,2021,"nursery_in","3.17.3.4",25.749,25.749,24.4130743243243,24.4130743243243,"Y",0.405479452054795,NA,NA,177,177
"4271","fundemar_fragments","Dominican Republic","Sombrero Reef",NA,NA,NA,18.37072,-68.84651,NA,2021,"nursery_in","3.17.3.5",51.538,51.538,0.582027027027037,0.582027027027037,"Y",0.405479452054795,NA,NA,177,177
"4272","fundemar_fragments","Dominican Republic","Sombrero Reef",NA,NA,NA,18.37072,-68.84651,NA,2021,"nursery_in","3.17.3.6",31.915,31.915,26.1912162162162,26.1912162162162,"Y",0.405479452054795,NA,NA,177,177
"4273","fundemar_fragments","Dominican Republic","Sombrero Reef",NA,NA,NA,18.37072,-68.84651,NA,2021,"nursery_in","3.17.3.7",31.328,31.328,15.5568918918919,15.5568918918919,"Y",0.405479452054795,NA,NA,177,177
"4274","fundemar_fragments","Dominican Republic","Sombrero Reef",NA,NA,NA,18.37072,-68.84651,NA,2021,"nursery_in","3.18.4.1",32.545,32.545,40.0957432432432,-75.577195945946,"Y",0.405479452054795,NA,NA,177,177
"4275","fundemar_fragments","Dominican Republic","Sombrero Reef",NA,NA,NA,18.37072,-68.84651,NA,2021,"nursery_in","3.18.4.2",21.179,21.179,0.579560810810818,-3.28499999999999,"Y",0.405479452054795,NA,NA,177,177
"4276","fundemar_fragments","Dominican Republic","Sombrero Reef",NA,NA,NA,18.37072,-68.84651,NA,2021,"nursery_in","3.18.4.3",32.145,32.145,43.5311824324324,26.7781756756757,"Y",0.405479452054795,NA,NA,177,177
"4277","fundemar_fragments","Dominican Republic","Sombrero Reef",NA,NA,NA,18.37072,-68.84651,NA,2021,"nursery_in","3.18.4.5",28.727,28.727,74.0752702702703,74.0752702702703,"Y",0.405479452054795,NA,NA,177,177
"4278","fundemar_fragments","Dominican Republic","Sombrero Reef",NA,NA,NA,18.37072,-68.84651,NA,2021,"nursery_in","3.18.4.6",26.457,26.457,82.0608783783784,82.0608783783784,"Y",0.405479452054795,NA,NA,177,177
"4279","fundemar_fragments","Dominican Republic","Sombrero Reef",NA,NA,NA,18.37072,-68.84651,NA,2021,"nursery_in","3.19.5.1",36.789,36.789,48.1109459459459,48.1109459459459,"Y",0.405479452054795,NA,NA,177,177
"4280","fundemar_fragments","Dominican Republic","Sombrero Reef",NA,NA,NA,18.37072,-68.84651,NA,2021,"nursery_in","3.19.5.2",22.139,22.139,9.9906418918919,9.9906418918919,"Y",0.405479452054795,NA,NA,177,177
"4281","fundemar_fragments","Dominican Republic","Sombrero Reef",NA,NA,NA,18.37072,-68.84651,NA,2021,"nursery_in","3.19.5.3",26.174,26.174,43.3067567567568,43.3067567567568,"Y",0.405479452054795,NA,NA,177,177
"4282","fundemar_fragments","Dominican Republic","Sombrero Reef",NA,NA,NA,18.37072,-68.84651,NA,2021,"nursery_in","3.19.5.4",17.725,17.725,70.5337837837838,70.5337837837838,"Y",0.405479452054795,NA,NA,177,177
"4283","fundemar_fragments","Dominican Republic","Sombrero Reef",NA,NA,NA,18.37072,-68.84651,NA,2021,"nursery_in","3.19.5.5",23.099,23.099,85.1954391891892,85.1954391891892,"Y",0.405479452054795,NA,NA,177,177
"4284","fundemar_fragments","Dominican Republic","Sombrero Reef",NA,NA,NA,18.37072,-68.84651,NA,2021,"nursery_in","3.19.5.6",15.711,15.711,78.0680743243243,78.0680743243243,"Y",0.405479452054795,NA,NA,177,177
"4285","fundemar_fragments","Dominican Republic","Sombrero Reef",NA,NA,NA,18.37072,-68.84651,NA,2021,"nursery_in","3.19.5.7",39.083,39.083,81.8438513513514,81.8438513513514,"Y",0.405479452054795,NA,NA,177,177
"4286","fundemar_fragments","Dominican Republic","Sombrero Reef",NA,NA,NA,18.37072,-68.84651,NA,2021,"nursery_in","3.20.6.1",27.315,27.315,43.4892567567567,43.4892567567567,"Y",0.405479452054795,NA,NA,177,177
"4287","fundemar_fragments","Dominican Republic","Sombrero Reef",NA,NA,NA,18.37072,-68.84651,NA,2021,"nursery_in","3.20.6.2",20.309,20.309,9.52452702702702,9.52452702702702,"Y",0.405479452054795,NA,NA,177,177
"4288","fundemar_fragments","Dominican Republic","Sombrero Reef",NA,NA,NA,18.37072,-68.84651,NA,2021,"nursery_in","3.20.6.3",37.08,37.08,60.3557094594595,60.3557094594595,"Y",0.405479452054795,NA,NA,177,177
"4289","fundemar_fragments","Dominican Republic","Sombrero Reef",NA,NA,NA,18.37072,-68.84651,NA,2021,"nursery_in","3.20.6.4",17.211,17.211,26.9927364864865,26.9927364864865,"Y",0.405479452054795,NA,NA,177,177
"4290","fundemar_fragments","Dominican Republic","Sombrero Reef",NA,NA,NA,18.37072,-68.84651,NA,2021,"nursery_in","3.20.6.5",19.247,19.247,16.1660472972973,16.1660472972973,"Y",0.405479452054795,NA,NA,177,177
"4291","fundemar_fragments","Dominican Republic","Sombrero Reef",NA,NA,NA,18.37072,-68.84651,NA,2021,"nursery_in","3.20.6.6",40.284,40.284,-10.1262837837838,-10.1262837837838,"Y",0.405479452054795,NA,NA,177,177
"4292","fundemar_fragments","Dominican Republic","Sombrero Reef",NA,NA,NA,18.37072,-68.84651,NA,2021,"nursery_in","3.20.6.7",35.11,35.11,30.9781418918919,30.9781418918919,"Y",0.405479452054795,NA,NA,177,177
"4293","fundemar_fragments","Dominican Republic","Sombrero Reef",NA,NA,NA,18.37072,-68.84651,NA,2021,"nursery_in","3.21.7.1",32.039,32.039,-13.1942567567568,-13.1942567567568,"Y",0.405479452054795,NA,NA,177,177
"4294","fundemar_fragments","Dominican Republic","Sombrero Reef",NA,NA,NA,18.37072,-68.84651,NA,2021,"nursery_in","3.21.7.2",24.44,24.44,6.78702702702702,6.78702702702702,"Y",0.405479452054795,NA,NA,177,177
"4295","fundemar_fragments","Dominican Republic","Sombrero Reef",NA,NA,NA,18.37072,-68.84651,NA,2021,"nursery_in","3.21.7.3",12.341,12.341,46.9394932432432,46.9394932432432,"Y",0.405479452054795,NA,NA,177,177
"4296","fundemar_fragments","Dominican Republic","Sombrero Reef",NA,NA,NA,18.37072,-68.84651,NA,2021,"nursery_in","3.21.7.5",28.106,28.106,87.7430405405405,87.7430405405405,"Y",0.405479452054795,NA,NA,177,177
"4297","fundemar_fragments","Dominican Republic","Sombrero Reef",NA,NA,NA,18.37072,-68.84651,NA,2021,"nursery_in","3.21.7.6",25.814,25.814,121.660912162162,121.660912162162,"Y",0.405479452054795,NA,NA,177,177
"4298","fundemar_fragments","Dominican Republic","Sombrero Reef",NA,NA,NA,18.37072,-68.84651,NA,2021,"nursery_in","3.21.7.7",34.468,34.468,10.2471283783784,10.2471283783784,"Y",0.405479452054795,NA,NA,177,177
"4299","fundemar_fragments","Dominican Republic","Sombrero Reef",NA,NA,NA,18.37072,-68.84651,NA,2021,"nursery_in","6.36.1.1",34.074,34.074,9.4125,9.4125,"Y",0.4,NA,NA,177,177
"4300","fundemar_fragments","Dominican Republic","Sombrero Reef",NA,NA,NA,18.37072,-68.84651,NA,2021,"nursery_in","6.36.1.2",25.807,25.807,68.685,68.685,"Y",0.4,NA,NA,177,177
"4301","fundemar_fragments","Dominican Republic","Sombrero Reef",NA,NA,NA,18.37072,-68.84651,NA,2021,"nursery_in","6.36.1.3",36.608,36.608,110.02,110.02,"Y",0.4,NA,NA,177,177
"4302","fundemar_fragments","Dominican Republic","Sombrero Reef",NA,NA,NA,18.37072,-68.84651,NA,2021,"nursery_in","6.36.1.4",39.909,39.909,129.7275,129.7275,"Y",0.4,NA,NA,177,177
"4303","fundemar_fragments","Dominican Republic","Sombrero Reef",NA,NA,NA,18.37072,-68.84651,NA,2021,"nursery_in","6.36.1.5",20.338,20.338,67.1325,67.1325,"Y",0.4,NA,NA,177,177
"4304","fundemar_fragments","Dominican Republic","Sombrero Reef",NA,NA,NA,18.37072,-68.84651,NA,2021,"nursery_in","6.36.1.6",33.372,33.372,103.4125,103.4125,"Y",0.4,NA,NA,177,177
"4305","fundemar_fragments","Dominican Republic","Sombrero Reef",NA,NA,NA,18.37072,-68.84651,NA,2021,"nursery_in","6.36.1.7",35.112,35.112,63.22,63.22,"Y",0.4,NA,NA,177,177
"4306","fundemar_fragments","Dominican Republic","Sombrero Reef",NA,NA,NA,18.37072,-68.84651,NA,2021,"nursery_in","6.37.2.1",28.466,28.466,9.945,9.945,"Y",0.4,NA,NA,177,177
"4307","fundemar_fragments","Dominican Republic","Sombrero Reef",NA,NA,NA,18.37072,-68.84651,NA,2021,"nursery_in","6.37.2.2",24.699,24.699,10.555,10.555,"Y",0.4,NA,NA,177,177
"4308","fundemar_fragments","Dominican Republic","Sombrero Reef",NA,NA,NA,18.37072,-68.84651,NA,2021,"nursery_in","6.37.2.3",35.064,35.064,136.9875,136.9875,"Y",0.4,NA,NA,177,177
"4309","fundemar_fragments","Dominican Republic","Sombrero Reef",NA,NA,NA,18.37072,-68.84651,NA,2021,"nursery_in","6.37.2.4",19.201,19.201,79.11,79.11,"Y",0.4,NA,NA,177,177
"4310","fundemar_fragments","Dominican Republic","Sombrero Reef",NA,NA,NA,18.37072,-68.84651,NA,2021,"nursery_in","6.37.2.5",15.422,15.422,14.4125,14.4125,"Y",0.4,NA,NA,177,177
"4311","fundemar_fragments","Dominican Republic","Sombrero Reef",NA,NA,NA,18.37072,-68.84651,NA,2021,"nursery_in","6.37.2.6",21.129,21.129,48.7475,48.7475,"Y",0.4,NA,NA,177,177
"4312","fundemar_fragments","Dominican Republic","Sombrero Reef",NA,NA,NA,18.37072,-68.84651,NA,2021,"nursery_in","6.37.2.7",39.848,39.848,46.9,46.9,"Y",0.4,NA,NA,177,177
"4313","fundemar_fragments","Dominican Republic","Sombrero Reef",NA,NA,NA,18.37072,-68.84651,NA,2021,"nursery_in","6.38.3.1",37.961,37.961,51.82,51.82,"Y",0.4,NA,NA,177,177
"4314","fundemar_fragments","Dominican Republic","Sombrero Reef",NA,NA,NA,18.37072,-68.84651,NA,2021,"nursery_in","6.38.3.3",33.491,33.491,68.13,68.13,"Y",0.4,NA,NA,177,177
"4315","fundemar_fragments","Dominican Republic","Sombrero Reef",NA,NA,NA,18.37072,-68.84651,NA,2021,"nursery_in","6.38.3.5",40.79,40.79,145.5275,145.5275,"Y",0.4,NA,NA,177,177
"4316","fundemar_fragments","Dominican Republic","Sombrero Reef",NA,NA,NA,18.37072,-68.84651,NA,2021,"nursery_in","6.38.3.6",23.691,23.691,47.9025,47.9025,"Y",0.4,NA,NA,177,177
"4317","fundemar_fragments","Dominican Republic","Sombrero Reef",NA,NA,NA,18.37072,-68.84651,NA,2021,"nursery_in","6.38.3.7",26.462,26.462,81.5775,81.5775,"Y",0.4,NA,NA,177,177
"4318","fundemar_fragments","Dominican Republic","Sombrero Reef",NA,NA,NA,18.37072,-68.84651,NA,2021,"nursery_in","6.39.4.1",50.99,50.99,125.6075,125.6075,"Y",0.4,NA,NA,177,177
"4319","fundemar_fragments","Dominican Republic","Sombrero Reef",NA,NA,NA,18.37072,-68.84651,NA,2021,"nursery_in","6.39.4.2",35.069,35.069,127.28,127.28,"Y",0.4,NA,NA,177,177
"4320","fundemar_fragments","Dominican Republic","Sombrero Reef",NA,NA,NA,18.37072,-68.84651,NA,2021,"nursery_in","6.39.4.3",38.214,38.214,57.65,57.65,"Y",0.4,NA,NA,177,177
"4321","fundemar_fragments","Dominican Republic","Sombrero Reef",NA,NA,NA,18.37072,-68.84651,NA,2021,"nursery_in","6.39.4.4",33.056,33.056,57.11,57.11,"Y",0.4,NA,NA,177,177
"4322","fundemar_fragments","Dominican Republic","Sombrero Reef",NA,NA,NA,18.37072,-68.84651,NA,2021,"nursery_in","6.39.4.5",40.278,40.278,78.495,78.495,"Y",0.4,NA,NA,177,177
"4323","fundemar_fragments","Dominican Republic","Sombrero Reef",NA,NA,NA,18.37072,-68.84651,NA,2021,"nursery_in","6.39.4.6",30.067,30.067,77.665,77.665,"Y",0.4,NA,NA,177,177
"4324","fundemar_fragments","Dominican Republic","Sombrero Reef",NA,NA,NA,18.37072,-68.84651,NA,2021,"nursery_in","6.39.4.7",34.468,34.468,80.8125,80.8125,"Y",0.4,NA,NA,177,177
"4325","fundemar_fragments","Dominican Republic","Sombrero Reef",NA,NA,NA,18.37072,-68.84651,NA,2021,"nursery_in","6.40.5.1",53.103,53.103,48.055,48.055,"Y",0.4,NA,NA,177,177
"4326","fundemar_fragments","Dominican Republic","Sombrero Reef",NA,NA,NA,18.37072,-68.84651,NA,2021,"nursery_in","6.40.5.2",27.01,27.01,59.4875,59.4875,"Y",0.4,NA,NA,177,177
"4327","fundemar_fragments","Dominican Republic","Sombrero Reef",NA,NA,NA,18.37072,-68.84651,NA,2021,"nursery_in","6.40.5.3",28.187,28.187,54.585,54.585,"Y",0.4,NA,NA,177,177
"4328","fundemar_fragments","Dominican Republic","Sombrero Reef",NA,NA,NA,18.37072,-68.84651,NA,2021,"nursery_in","6.40.5.4",48.303,48.303,22.865,22.865,"Y",0.4,NA,NA,177,177
"4329","fundemar_fragments","Dominican Republic","Sombrero Reef",NA,NA,NA,18.37072,-68.84651,NA,2021,"nursery_in","6.40.5.5",39.06,39.06,83.565,83.565,"Y",0.4,NA,NA,177,177
"4330","fundemar_fragments","Dominican Republic","Sombrero Reef",NA,NA,NA,18.37072,-68.84651,NA,2021,"nursery_in","6.40.5.6",28.709,28.709,68.5275,68.5275,"Y",0.4,NA,NA,177,177
"4331","fundemar_fragments","Dominican Republic","Sombrero Reef",NA,NA,NA,18.37072,-68.84651,NA,2021,"nursery_in","6.40.5.7",38.501,38.501,55.5175,55.5175,"Y",0.4,NA,NA,177,177
"4332","fundemar_fragments","Dominican Republic","Sombrero Reef",NA,NA,NA,18.37072,-68.84651,NA,2021,"nursery_in","6.41.6.1",20.389,20.389,39.9775,39.9775,"Y",0.4,NA,NA,177,177
"4333","fundemar_fragments","Dominican Republic","Sombrero Reef",NA,NA,NA,18.37072,-68.84651,NA,2021,"nursery_in","6.41.6.3",13.655,13.655,80.475,80.475,"Y",0.4,NA,NA,177,177
"4334","fundemar_fragments","Dominican Republic","Sombrero Reef",NA,NA,NA,18.37072,-68.84651,NA,2021,"nursery_in","6.41.6.4",20.671,20.671,67.9425,67.9425,"Y",0.4,NA,NA,177,177
"4335","fundemar_fragments","Dominican Republic","Sombrero Reef",NA,NA,NA,18.37072,-68.84651,NA,2021,"nursery_in","6.41.6.5",28.72,28.72,187.085,187.085,"Y",0.4,NA,NA,177,177
"4336","fundemar_fragments","Dominican Republic","Sombrero Reef",NA,NA,NA,18.37072,-68.84651,NA,2021,"nursery_in","6.41.6.6",32.135,32.135,90.44,90.44,"Y",0.4,NA,NA,177,177
"4337","fundemar_fragments","Dominican Republic","Sombrero Reef",NA,NA,NA,18.37072,-68.84651,NA,2021,"nursery_in","6.41.6.7",30.954,30.954,94.2575,94.2575,"Y",0.4,NA,NA,177,177
"4338","fundemar_fragments","Dominican Republic","Sombrero Reef",NA,NA,NA,18.37072,-68.84651,NA,2021,"nursery_in","6.42.7.1",34.161,34.161,44.2025,44.2025,"Y",0.4,NA,NA,177,177
"4339","fundemar_fragments","Dominican Republic","Sombrero Reef",NA,NA,NA,18.37072,-68.84651,NA,2021,"nursery_in","6.42.7.2",45.646,45.646,84.3575,84.3575,"Y",0.4,NA,NA,177,177
"4340","fundemar_fragments","Dominican Republic","Sombrero Reef",NA,NA,NA,18.37072,-68.84651,NA,2021,"nursery_in","6.42.7.3",38.339,38.339,160.3825,160.3825,"Y",0.4,NA,NA,177,177
"4341","fundemar_fragments","Dominican Republic","Sombrero Reef",NA,NA,NA,18.37072,-68.84651,NA,2021,"nursery_in","6.42.7.4",37.669,37.669,187.2775,187.2775,"Y",0.4,NA,NA,177,177
"4342","fundemar_fragments","Dominican Republic","Sombrero Reef",NA,NA,NA,18.37072,-68.84651,NA,2021,"nursery_in","6.42.7.5",37.228,37.228,158.3625,158.3625,"Y",0.4,NA,NA,177,177
"4343","fundemar_fragments","Dominican Republic","Sombrero Reef",NA,NA,NA,18.37072,-68.84651,NA,2021,"nursery_in","6.42.7.6",54.406,54.406,71.86,71.86,"Y",0.4,NA,NA,177,177
"4344","fundemar_fragments","Dominican Republic","Sombrero Reef",NA,NA,NA,18.37072,-68.84651,NA,2021,"nursery_in","6.42.7.7",25.287,25.287,62.665,62.665,"Y",0.4,NA,NA,177,177
